t_wall,t_rel,cmd_pulse,cmd_steer_deg,drive_pulse_cmd,brake_level,ego_x_m,ego_y_m,ego_heading_deg,ego_pulse,ego_wp_idx,ego_wp_total,ego_fix_ok,cte_m,heading_err_deg,target_idx,target_dist_m,goal_dist_m,gps_course_deg,fuse_corr_deg,gyro_z_dps,brake_latched,head_init_deg,head_sigma_deg,head_resid_m,head_dist_m,ref_pulse,out_pulse,meas_pulse,cte_integral,cte_i_term_deg,goal_phase,encoder_sum,speed_kmh,steer_measured_deg,throttle_raw,control_state,vehicle_mode,estop,board_status,drive_state,drive_cmd,drive_event,fix_lat,fix_lon,fix_alt_m,fix_status,fix_cov_xx,imu_quat_x,imu_quat_y,imu_quat_z,imu_quat_w,imu_gyro_x,imu_gyro_y,imu_gyro_z,imu_acc_x,imu_acc_y,imu_acc_z
1786689695.522387,0.037,,,0,,,,,,,,,,,,,,,,,,,,,,,,,,,,0,,0,0,,False,False,"A:0,B:0,ESTOP:0,MODE:0",,,,36.96790447833333,127.872692985,121.82,2,0.000225,,,,,,,,,,
1786689695.572587,0.087,,,0,,,,,,,,,,,,,,,,,,,,,,,,,,,,0,,0,0,,False,False,"A:0,B:0,ESTOP:0,MODE:0",,,,36.96790447833333,127.872692985,121.82,2,0.000225,,,,,,,,,,
1786689695.622367,0.136,,,0,,,,,,,,,,,,,,,,,,,,,,,,,,,,0,,0,0,,False,False,"A:0,B:0,ESTOP:0,MODE:0",,,,36.96790447833333,127.872692985,121.82,2,0.000225,,,,,,,,,,
1786689695.672465,0.187,0.0,0.0,0,0,,,,,,,,,,,,,,,,,,,,,,,,,,,0,,0,0,False,False,False,"A:0,B:0,ESTOP:0,MODE:0",,,,36.96790447833333,127.872692985,121.82,2,0.000225,,,,,,,,,,
1786689695.722392,0.237,0.0,0.0,0,0,,,,,,,,,,,,,,,,,,,,,,,,,,,0,,0,0,False,False,False,"A:1,B:0,ESTOP:0,MODE:0",,,,36.967904383333334,127.87269329833333,121.85300000000001,2,0.00026244000000000007,,,,,,,,,,
1786689695.772388,0.287,0.0,0.0,0,0,,,,,,,,,,,,,,,,,,,,,,,,,,,0,,0,0,False,False,False,"A:1,B:0,ESTOP:0,MODE:0",,,,36.967904383333334,127.87269329833333,121.85300000000001,2,0.00026244000000000007,,,,,,,,,,
1786689695.822409,0.337,0.0,0.0,0,0,,,,,,,,,,,,,,,,,,,,,,,,,,,0,,0,0,False,False,False,"A:1,B:0,ESTOP:0,MODE:0",,,,36.967904383333334,127.87269329833333,121.85300000000001,2,0.00026244000000000007,,,,,,,,,,
1786689695.872367,0.386,0.0,0.0,0,0,,,,,,,,,,,,,,,,,,,,,,,,,,,0,,0,0,False,False,False,"A:1,B:0,ESTOP:0,MODE:0",,,,36.967904383333334,127.87269329833333,121.85300000000001,2,0.00026244000000000007,,,,,,,,,,
1786689695.922379,0.436,0.0,0.0,0,0,,,,,,,,,,,,,,,,,,,,,,,,,,,0,,0,0,False,False,False,"A:1,B:0,ESTOP:0,MODE:0",,,,36.96790435166667,127.87269354333333,121.87799999999999,2,0.00026244000000000007,,,,,,,,,,
1786689695.972369,0.486,0.0,0.0,0,0,,,,,,,,,,,,,,,,,,,,,,,,,,,0,,0,0,False,False,False,"A:1,B:0,ESTOP:0,MODE:0",,,,36.96790435166667,127.87269354333333,121.87799999999999,2,0.00026244000000000007,,,,,,,,,,
1786689696.022335,0.536,0.0,0.0,0,0,,,,,,,,,,,,,,,,,,,,,,,,,,,0,,0,0,False,False,False,"A:1,B:0,ESTOP:0,MODE:0",,,,36.96790435166667,127.87269354333333,121.87799999999999,2,0.00026244000000000007,,,,,,,,,,
1786689696.072343,0.586,0.0,0.0,0,0,,,,,,,,,,,,,,,,,,,,,,,,,,,0,,0,0,False,False,False,"A:1,B:0,ESTOP:0,MODE:0",,,,36.96790435166667,127.87269354333333,121.87799999999999,2,0.00026244000000000007,,,,,,,,,,
1786689696.122344,0.636,0.0,0.0,0,0,,,,,,,,,,,,,,,,,,,,,,,,,,,0,,0,0,False,False,False,"A:1,B:0,ESTOP:0,MODE:0",,,,36.96790439666667,127.87269359666666,121.89599999999999,2,0.00026244000000000007,,,,,,,,,,
1786689696.172370,0.686,0.0,0.0,0,0,,,,,,,,,,,,,,,,,,,,,,,,,,,0,,0,0,False,False,False,"A:1,B:0,ESTOP:0,MODE:0",,,,36.96790439666667,127.87269359666666,121.89599999999999,2,0.00026244000000000007,,,,,,,,,,
1786689696.222365,0.736,0.0,0.0,0,0,,,,,,,,,,,,,,,,,,,,,,,,,,,0,,0,0,False,False,False,"A:1,B:0,ESTOP:0,MODE:0",,,,36.96790439666667,127.87269359666666,121.89599999999999,2,0.00026244000000000007,,,,,,,,,,
1786689696.272332,0.786,0.0,0.0,0,0,,,,,,,,,,,,,,,,,,,,,,,,,,,0,,0,0,False,False,False,"A:1,B:0,ESTOP:0,MODE:0",,,,36.96790439666667,127.87269359666666,121.89599999999999,2,0.00026244000000000007,,,,,,,,,,
1786689696.322371,0.836,0.0,0.0,0,0,,,,,,,,,,,,,,,,,,,,,,,,,,,0,,0,0,False,False,False,"A:1,B:0,ESTOP:0,MODE:0",,,,36.96790436333333,127.872693745,121.924,2,0.00026244000000000007,,,,,,,,,,
1786689696.372372,0.886,0.0,0.0,0,0,,,,,,,,,,,,,,,,,,,,,,,,,,,0,,0,0,False,False,False,"A:1,B:0,ESTOP:0,MODE:0",,,,36.96790436333333,127.872693745,121.924,2,0.00026244000000000007,,,,,,,,,,
1786689696.422340,0.936,0.0,0.0,0,0,,,,,,,,,,,,,,,,,,,,,,,,,,,0,,0,0,False,False,False,"A:1,B:0,ESTOP:0,MODE:0",,,,36.96790436333333,127.872693745,121.924,2,0.00026244000000000007,,,,,,,,,,
1786689696.472364,0.986,0.0,0.0,0,0,,,,,,,,,,,,,,,,,,,,,,,,,,,0,,0,0,False,False,False,"A:1,B:0,ESTOP:0,MODE:0",,,,36.96790436333333,127.872693745,121.924,2,0.00026244000000000007,,,,,,,,,,
1786689696.522337,1.036,0.0,0.0,0,0,,,,,,,,,,,,,,,,,,,,,,,,,,,0,,0,0,False,False,False,"A:1,B:0,ESTOP:0,MODE:0",,,,36.967904346666664,127.872693875,121.93299999999999,2,0.00026244000000000007,,,,,,,,,,
1786689696.572340,1.086,0.0,0.0,0,0,,,,,,,,,,,,,,,,,,,,,,,,,,,0,,0,0,False,False,False,"A:1,B:0,ESTOP:0,MODE:0",,,,36.967904346666664,127.872693875,121.93299999999999,2,0.00026244000000000007,,,,,,,,,,
1786689696.622372,1.136,0.0,0.0,0,0,,,,,,,,,,,,,,,,,,,,,,,,,,,0,,0,0,False,False,False,"A:1,B:0,ESTOP:0,MODE:0",,,,36.967904346666664,127.872693875,121.93299999999999,2,0.00026244000000000007,,,,,,,,,,
1786689696.672341,1.186,0.0,0.0,0,0,,,,,,,,,,,,,,,,,,,,,,,,,,,0,,0,0,False,False,False,"A:1,B:0,ESTOP:0,MODE:0",,,,36.967904346666664,127.872693875,121.93299999999999,2,0.00026244000000000007,,,,,,,,,,
1786689696.722340,1.236,0.0,0.0,0,0,,,,,,,,,,,,,,,,,,,,,,,,,,,0,,0,0,False,False,False,"A:1,B:0,ESTOP:0,MODE:0",,,,36.967904348333334,127.87269401166667,121.94999999999999,2,0.00026244000000000007,,,,,,,,,,
1786689696.772347,1.286,0.0,0.0,0,0,,,,,,,,,,,,,,,,,,,,,,,,,,,0,,0,0,False,False,False,"A:1,B:0,ESTOP:0,MODE:0",,,,36.967904348333334,127.87269401166667,121.94999999999999,2,0.00026244000000000007,,,,,,,,,,
1786689696.822392,1.337,0.0,0.0,0,0,,,,,,,,,,,,,,,,,,,,,,,,,,,0,,0,0,False,False,False,"A:1,B:0,ESTOP:0,MODE:0",,,,36.967904348333334,127.87269401166667,121.94999999999999,2,0.00026244000000000007,,,,,,,,,,
1786689696.872374,1.386,0.0,0.0,0,0,,,,,,,,,,,,,,,,,,,,,,,,,,,0,,0,0,False,False,False,"A:1,B:0,ESTOP:0,MODE:0",,,,36.967904348333334,127.87269401166667,121.94999999999999,2,0.00026244000000000007,,,,,,,,,,
1786689696.922373,1.436,0.0,0.0,0,0,,,,,,,,,,,,,,,,,,,,,,,,,,,0,,0,0,False,False,False,"A:1,B:0,ESTOP:0,MODE:0",,,,36.967904426666664,127.87269406666667,121.959,2,0.00026244000000000007,,,,,,,,,,
1786689696.972373,1.486,0.0,0.0,0,0,,,,,,,,,,,,,,,,,,,,,,,,,,,0,,0,0,False,False,False,"A:1,B:0,ESTOP:0,MODE:0",,,,36.967904426666664,127.87269406666667,121.959,2,0.00026244000000000007,,,,,,,,,,
1786689697.022431,1.537,0.0,0.0,0,0,,,,,,,,,,,,,,,,,,,,,,,,,,,0,,0,0,False,False,False,"A:1,B:0,ESTOP:0,MODE:0",,,,36.967904426666664,127.87269406666667,121.959,2,0.00026244000000000007,,,,,,,,,,
1786689697.072438,1.587,0.0,0.0,0,0,,,,,,,,,,,,,,,,,,,,,,,,,,,0,,0,0,False,False,False,"A:1,B:0,ESTOP:0,MODE:0",,,,36.967904426666664,127.87269406666667,121.959,2,0.00026244000000000007,,,,,,,,,,
1786689697.122377,1.636,0.0,0.0,0,0,,,,,,,,,,,,,,,,,,,,,,,,,,,0,,0,0,False,False,False,"A:1,B:0,ESTOP:0,MODE:0",,,,36.967904338333334,127.872694165,121.96199999999999,2,0.00026244000000000007,,,,,,,,,,
1786689697.172324,1.686,0.0,0.0,0,0,,,,,,,,,,,,,,,,,,,,,,,,,,,0,,0,0,False,False,False,"A:1,B:0,ESTOP:0,MODE:0",,,,36.967904338333334,127.872694165,121.96199999999999,2,0.00026244000000000007,,,,,,,,,,
1786689697.222481,1.737,0.0,0.0,0,0,,,,,,,,,,,,,,,,,,,,,,,,,,,0,,0,0,False,False,False,"A:1,B:0,ESTOP:0,MODE:0",,,,36.967904338333334,127.872694165,121.96199999999999,2,0.00026244000000000007,,,,,,,,,,
1786689697.272787,1.787,0.0,0.0,0,0,,,,,,,,,,,,,,,,,,,,,,,,,,,0,,0,0,False,False,False,"A:1,B:0,ESTOP:0,MODE:0",,,,36.967904338333334,127.872694165,121.96199999999999,2,0.00026244000000000007,,,,,,,,,,
1786689697.322408,1.837,0.0,0.0,0,0,,,,,,,,,,,,,,,,,,,,,,,,,,,0,,0,0,False,False,False,"A:1,B:0,ESTOP:0,MODE:0",,,,36.96790433333334,127.87269408833333,121.965,2,0.00026244000000000007,,,,,,,,,,
1786689697.372458,1.887,0.0,0.0,0,0,,,,,,,,,,,,,,,,,,,,,,,,,,,0,,0,0,False,False,False,"A:1,B:0,ESTOP:0,MODE:0",,,,36.96790433333334,127.87269408833333,121.965,2,0.00026244000000000007,,,,,,,,,,
1786689697.422364,1.936,0.0,0.0,0,0,,,,,,,,,,,,,,,,,,,,,,,,,,,0,,0,0,False,False,False,"A:1,B:0,ESTOP:0,MODE:0",,,,36.96790433333334,127.87269408833333,121.965,2,0.00026244000000000007,,,,,,,,,,
1786689697.472357,1.986,0.0,0.0,0,0,,,,,,,,,,,,,,,,,,,,,,,,,,,0,,0,0,False,False,False,"A:1,B:0,ESTOP:0,MODE:0",,,,36.96790433333334,127.87269408833333,121.965,2,0.00026244000000000007,,,,,,,,,,
1786689697.522413,2.037,0.0,0.0,0,0,,,,,,,,,,,,,,,,,,,,,,,,,,,0,,0,0,False,False,False,"A:1,B:0,ESTOP:0,MODE:0",,,,36.96790436,127.872694105,121.957,2,0.00026244000000000007,,,,,,,,,,
1786689697.572404,2.087,0.0,0.0,0,0,,,,,,,,,,,,,,,,,,,,,,,,,,,0,,0,0,False,False,False,"A:1,B:0,ESTOP:0,MODE:0",,,,36.96790436,127.872694105,121.957,2,0.00026244000000000007,,,,,,,,,,
1786689697.622363,2.136,0.0,0.0,0,0,,,,,,,,,,,,,,,,,,,,,,,,,,,0,,0,0,False,False,False,"A:1,B:0,ESTOP:0,MODE:0",,,,36.96790436,127.872694105,121.957,2,0.00026244000000000007,,,,,,,,,,
1786689697.672364,2.186,0.0,0.0,0,0,,,,,,,,,,,,,,,,,,,,,,,,,,,0,,0,0,False,False,False,"A:1,B:0,ESTOP:0,MODE:0",,,,36.96790436,127.872694105,121.957,2,0.00026244000000000007,,,,,,,,,,
1786689697.722330,2.236,0.0,0.0,0,0,,,,,,,,,,,,,,,,,,,,,,,,,,,0,,0,0,False,False,False,"A:1,B:0,ESTOP:0,MODE:0",,,,36.96790433166667,127.87269404333334,121.945,2,0.00026244000000000007,,,,,,,,,,
1786689697.772345,2.286,0.0,0.0,0,0,,,,,,,,,,,,,,,,,,,,,,,,,,,0,,0,0,False,False,False,"A:1,B:0,ESTOP:0,MODE:0",,,,36.96790433166667,127.87269404333334,121.945,2,0.00026244000000000007,,,,,,,,,,
1786689697.822383,2.337,0.0,0.0,0,0,,,,,,,,,,,,,,,,,,,,,,,,,,,0,,0,0,False,False,False,"A:1,B:0,ESTOP:0,MODE:0",,,,36.96790433166667,127.87269404333334,121.945,2,0.00026244000000000007,,,,,,,,,,
1786689697.872391,2.387,0.0,0.0,0,0,,,,,,,,,,,,,,,,,,,,,,,,,,,0,,0,0,False,False,False,"A:1,B:0,ESTOP:0,MODE:0",,,,36.96790433166667,127.87269404333334,121.945,2,0.00026244000000000007,,,,,,,,,,
1786689697.922336,2.436,0.0,0.0,0,0,,,,,,,,,,,,,,,,,,,,,,,,,,,0,,0,0,False,False,False,"A:1,B:0,ESTOP:0,MODE:0",,,,36.96790429833333,127.87269403666667,121.934,2,0.00026244000000000007,,,,,,,,,,
1786689697.972334,2.486,0.0,0.0,0,0,,,,,,,,,,,,,,,,,,,,,,,,,,,0,,0,0,False,False,False,"A:1,B:0,ESTOP:0,MODE:0",,,,36.96790429833333,127.87269403666667,121.934,2,0.00026244000000000007,,,,,,,,,,
1786689698.022380,2.536,0.0,0.0,0,0,,,,,,,,,,,,,,,,,,,,,,,,,,,0,,0,0,False,False,False,"A:1,B:0,ESTOP:0,MODE:0",,,,36.96790429833333,127.87269403666667,121.934,2,0.00026244000000000007,,,,,,,,,,
1786689698.072351,2.586,0.0,0.0,0,0,,,,,,,,,,,,,,,,,,,,,,,,,,,0,,0,0,False,False,False,"A:1,B:0,ESTOP:0,MODE:0",,,,36.96790429833333,127.87269403666667,121.934,2,0.00026244000000000007,,,,,,,,,,
1786689698.122346,2.636,0.0,0.0,0,0,,,,,,,,,,,,,,,,,,,,,,,,,,,0,,0,0,False,False,False,"A:1,B:0,ESTOP:0,MODE:0",,,,36.967904335,127.87269395166666,121.928,2,0.00026244000000000007,,,,,,,,,,
1786689698.172361,2.686,0.0,0.0,0,0,,,,,,,,,,,,,,,,,,,,,,,,,,,0,,0,0,False,False,False,"A:1,B:0,ESTOP:0,MODE:0",,,,36.967904335,127.87269395166666,121.928,2,0.00026244000000000007,,,,,,,,,,
1786689698.222341,2.736,0.0,0.0,0,0,,,,,,,,,,,,,,,,,,,,,,,,,,,0,,0,0,False,False,False,"A:1,B:0,ESTOP:0,MODE:0",,,,36.967904335,127.87269395166666,121.928,2,0.00026244000000000007,,,,,,,,,,
1786689698.272335,2.786,0.0,0.0,0,0,,,,,,,,,,,,,,,,,,,,,,,,,,,0,,0,0,False,False,False,"A:1,B:0,ESTOP:0,MODE:0",,,,36.967904436666664,127.87269377666667,121.92699999999999,2,0.00026244000000000007,,,,,,,,,,
1786689698.322343,2.836,0.0,0.0,0,0,,,,,,,,,,,,,,,,,,,,,,,,,,,0,,0,0,False,False,False,"A:1,B:0,ESTOP:0,MODE:0",,,,36.967904436666664,127.87269377666667,121.92699999999999,2,0.00026244000000000007,,,,,,,,,,
1786689698.372450,2.887,0.0,0.0,0,0,,,,,,,,,,,,,,,,,,,,,,,,,,,0,,0,0,False,False,False,"A:1,B:0,ESTOP:0,MODE:0",,,,36.967904436666664,127.87269377666667,121.92699999999999,2,0.00026244000000000007,,,,,,,,,,
1786689698.422475,2.937,0.0,0.0,0,0,,,,,,,,,,,,,,,,,,,,,,,,,,,0,,0,0,False,False,False,"A:1,B:0,ESTOP:0,MODE:0",,,,36.967904436666664,127.87269377666667,121.92699999999999,2,0.00026244000000000007,,,,,,,,,,
1786689698.472419,2.987,0.0,0.0,0,0,,,,,,,,,,,,,,,,,,,,,,,,,,,0,,0,0,False,False,False,"A:1,B:0,ESTOP:0,MODE:0",,,,36.967904436666664,127.87269377666667,121.92699999999999,2,0.00026244000000000007,,,,,,,,,,
1786689698.522401,3.037,0.0,0.0,0,0,,,,,,,,,,,,,,,,,,,,,,,,,,,0,0.0,0,0,False,False,False,"A:1,B:0,ESTOP:0,MODE:0",,,,36.96790437333333,127.87269382666666,121.91900000000001,2,0.00026244000000000007,-0.013477540632969241,-0.0009366191959048634,-0.03350218677674368,0.9993473280717493,-0.035412730522964946,-0.02598795256219557,0.00020943951023931956,0.37265269999999995,-0.20593965,9.7085835
1786689698.572363,3.086,0.0,0.0,0,0,,,,,,,,,,,,,,,,,,,,,,,,,,,0,0.0,0,0,False,False,False,"A:1,B:0,ESTOP:0,MODE:0",,,,36.96790437333333,127.87269382666666,121.91900000000001,2,0.00026244000000000007,-0.013511572115322416,-0.0009089331439505117,-0.03352803094651083,0.9993460273600742,0.013334315485236678,0.0014311699866353504,-0.003665191429188092,0.0196133,-0.1372931,9.8851032
1786689698.622344,3.136,0.0,0.0,0,0,,,,,,,,,,,,,,,,,,,,,,,,,,,0,0.0,0,0,False,False,False,"A:1,B:0,ESTOP:0,MODE:0",,,,36.96790437333333,127.87269382666666,121.91900000000001,2,0.00026244000000000007,-0.013529006064461205,-0.0009084660321651398,-0.0335193258667909,0.9993460839357966,0.018605209826259555,0.015603243512829306,0.004677482395344803,-0.16671305,-0.29419949999999995,9.7674234
1786689698.672338,3.186,0.0,0.0,0,0,,,,,,,,,,,,,,,,,,,,,,,,,,,0,0.0,0,0,False,False,False,"A:1,B:0,ESTOP:0,MODE:0",,,,36.96790437333333,127.87269382666666,121.91900000000001,2,0.00026244000000000007,-0.013530475314110862,-0.0009519527081781986,-0.03352863310698014,0.9993457113460752,0.008447393579652554,-0.006021385919380436,0.008848819307611252,0.00980665,-0.25497289999999995,9.67916355
1786689698.722337,3.236,0.0,0.0,0,0,,,,,,,,,,,,,,,,,,,,,,,,,,,0,0.0,0,0,False,False,False,"A:1,B:0,ESTOP:0,MODE:0",,,,36.967904391666664,127.87269381666667,121.911,2,0.00026244000000000007,-0.013478734199913482,-0.0009711501693076506,-0.03352881680644335,0.9993463859119502,-0.004380776422505767,-0.001239183768915974,-0.003193952531149623,0.0588399,-0.22555294999999997,9.7674234
1786689698.772339,3.286,0.0,0.0,0,0,,,,,,,,,,,,,,,,,,,,,,,,,,,0,0.0,0,0,False,False,False,"A:1,B:0,ESTOP:0,MODE:0",,,,36.967904391666664,127.87269381666667,121.911,2,0.00026244000000000007,-0.013488013782578719,-0.000988652595836829,-0.03350289617684677,0.9993471128682012,-0.009896016858807848,0.005532693728822024,-0.005864306286700947,0.04903325,-0.2745862,9.757616749999999
1786689698.822355,3.336,0.0,0.0,0,0,,,,,,,,,,,,,,,,,,,,,,,,,,,0,0.0,0,0,False,False,False,"A:1,B:0,ESTOP:0,MODE:0",,,,36.967904391666664,127.87269381666667,121.911,2,0.00026244000000000007,-0.013488606620178874,-0.0010059768055482375,-0.0335118508462272,0.9993467873340931,0.0032812189937493396,0.005672320068981571,0.0026354471705114374,0.0392266,-0.2745862,9.77723005
1786689698.872350,3.386,0.0,0.0,0,0,,,,,,,,,,,,,,,,,,,,,,,,,,,0,0.0,0,0,False,False,False,"A:1,B:0,ESTOP:0,MODE:0",,,,36.967904391666664,127.87269381666667,121.911,2,0.00026244000000000007,-0.013445001877831991,-0.0010074390349294143,-0.03351180692030766,0.9993473749342778,-0.0009773843811168245,0.0030892327760299633,-0.0014311699866353504,-0.0980665,-0.35303939999999995,9.8654899
1786689698.922372,3.436,0.0,0.0,0,0,,,,,,,,,,,,,,,,,,,,,,,,,,,0,0.0,0,0,False,False,False,"A:1,B:0,ESTOP:0,MODE:0",,,,36.96790448,127.87269367,121.90299999999999,2,0.00026244000000000007,-0.013400194671258782,-0.0009744851473114869,-0.03347641467346573,0.9993491956378813,0.00799360797413403,-0.0032114058236695662,0.0013788101090755204,-0.02941995,-0.34323275000000003,9.7870367
1786689698.972357,3.486,0.0,0.0,0,0,,,,,,,,,,,,,,,,,,,,,,,,,,,0,0.0,0,0,False,False,False,"A:1,B:0,ESTOP:0,MODE:0",,,,36.96790448,127.87269367,121.90299999999999,2,0.00026244000000000007,-0.01360067522037523,-0.0009691902453529606,-0.03337195808820994,0.9993499860995531,0.05637413483941684,0.37639770648509707,-0.031258846903218444,-1.8436502,-0.36284605,11.169774349999999
1786689699.022357,3.536,0.0,0.0,0,0,,,,,,,,,,,,,,,,,,,,,,,,,,,0,0.0,0,0,False,False,False,"A:1,B:0,ESTOP:0,MODE:0",,,,36.96790448,127.87269367,121.90299999999999,2,0.00026244000000000007,-0.013183941350811846,-0.0007712719274427236,-0.03354323422445918,0.9993500088896959,0.03665191429188092,-0.1225919266600817,0.017086773377024488,1.67693715,0.18632634999999997,8.492558899999999
1786689699.072372,3.586,0.0,0.0,0,0,,,,,,,,,,,,,,,,,,,,,,,,,,,0,0.0,0,0,False,False,False,"A:1,B:0,ESTOP:0,MODE:0",,,,36.96790448,127.87269367,121.90299999999999,2,0.00026244000000000007,-0.013425095629178629,-0.00015214063635125385,-0.03352654403808473,0.9993476444688488,0.06888814557621618,0.14472270157536982,0.0045204027626653135,-0.46091255,-0.28439285,10.26756255
1786689699.122343,3.636,0.0,0.0,0,0,,,,,,,,,,,,,,,,,,,,,,,,,,,0,0.0,0,0,False,False,False,"A:1,B:0,ESTOP:0,MODE:0",,,,36.967904428333334,127.87269361666667,121.905,2,0.00026244000000000007,-0.01339016024303165,0.00010849362681759011,-0.033514320670122305,0.9993485288665906,-0.008482300164692442,-0.05656612105713622,0.001117010721276371,-0.17651969999999997,-0.5883989999999999,9.8851032
1786689699.172356,3.686,0.0,0.0,0,0,,,,,,,,,,,,,,,,,,,,,,,,,,,0,0.0,0,0,False,False,False,"A:1,B:0,ESTOP:0,MODE:0",,,,36.967904428333334,127.87269361666667,121.905,2,0.00026244000000000007,-0.013355273576167469,0.00010767339654867619,-0.03354048732088427,0.9993481179170866,-0.0029146998508305304,0.029635690698863716,-0.0026354471705114374,0.21574629999999997,-0.10787314999999999,9.738003449999999
1786689699.222359,3.736,0.0,0.0,0,0,,,,,,,,,,,,,,,,,,,,,,,,,,,0,0.0,0,0,False,False,False,"A:1,B:0,ESTOP:0,MODE:0",,,,36.967904428333334,127.87269361666667,121.905,2,0.00026244000000000007,-0.013375934423113788,1.2094794443851561e-05,-0.03352432486460014,0.9993483896391675,0.014957471689591405,0.008080874436733746,0.0024260076602721182,-0.0588399,-0.35303939999999995,9.9439431
1786689699.272382,3.787,0.0,0.0,0,0,,,,,,,,,,,,,,,,,,,,,,,,,,,0,0.0,0,0,False,False,False,"A:1,B:0,ESTOP:0,MODE:0",,,,36.967904428333334,127.87269361666667,121.905,2,0.00026244000000000007,-0.013306166796095437,9.638236812359237e-06,-0.03351560465798825,0.9993496135370786,0.009546951008408983,0.011623892818282236,0.010786134777324957,0.1372931,-0.16671305,9.845876599999999
1786689699.322383,3.837,0.0,0.0,0,0,,,,,,,,,,,,,,,,,,,,,,,,,,,0,0.0,0,0,False,False,False,"A:1,B:0,ESTOP:0,MODE:0",,,,36.96790443333333,127.87269355833334,121.90199999999999,2,0.00026244000000000007,-0.013398881203623522,0.00010878609443458671,-0.03351431972206067,0.9993484119773465,0.005916666164260778,0.00476474885794452,-0.004310963252425994,-0.25497289999999995,-0.35303939999999995,9.81645665
1786689699.372370,3.886,0.0,0.0,0,0,,,,,,,,,,,,,,,,,,,,,,,,,,,0,0.0,0,0,False,False,False,"A:1,B:0,ESTOP:0,MODE:0",,,,36.96790443333333,127.87269355833334,121.90199999999999,2,0.00026244000000000007,-0.013362587712407338,-0.0001104672192526733,-0.0335346742541553,0.9993482149227514,0.01494001839707146,0.0048520153205442364,0.006702064327658226,0.3334261,-0.21574629999999997,9.8654899
1786689699.422378,3.936,0.0,0.0,0,0,,,,,,,,,,,,,,,,,,,,,,,,,,,0,0.0,0,0,False,False,False,"A:1,B:0,ESTOP:0,MODE:0",,,,36.96790443333333,127.87269355833334,121.90199999999999,2,0.00026244000000000007,-0.01333817847803571,-0.00016378734693251628,-0.03352664667513057,0.9993488030369148,0.00312413936106985,0.012252211349000192,-0.0019024088846738192,-0.34323275000000003,-0.21574629999999997,9.77723005
1786689699.472362,3.986,0.0,0.0,0,0,,,,,,,,,,,,,,,,,,,,,,,,,,,0,0.0,0,0,False,False,False,"A:1,B:0,ESTOP:0,MODE:0",,,,36.96790443333333,127.87269355833334,121.90199999999999,2,0.00026244000000000007,-0.013444582685778745,-0.00021271950603621184,-0.03351864436584177,0.9993476364242292,-0.0010122909661567112,0.004153883619746504,0.002408554367752175,0.06864655,-0.37265269999999995,9.79684335
1786689699.522354,4.036,0.0,0.0,0,0,,,,,,,,,,,,,,,,,,,,,,,,,,,0,0.0,0,0,False,False,False,"A:1,B:0,ESTOP:0,MODE:0",,,,36.96790446666667,127.87269358,121.904,2,0.00026244000000000007,-0.013420185494553762,-0.00026533722539138994,-0.033562943746287696,0.9993464649582406,-3.490658503988659e-05,0.007487462491055674,0.005899212871740834,-0.00980665,-0.20593965,9.77723005
1786689699.572366,4.086,0.0,0.0,0,0,,,,,,,,,,,,,,,,,,,,,,,,,,,0,0.0,0,0,False,False,False,"A:1,B:0,ESTOP:0,MODE:0",,,,36.96790446666667,127.87269358,121.904,2,0.00026244000000000007,-0.013400400062933504,-0.00019627234324387489,-0.03355328574572787,0.9993470707271755,-0.0015533430342749533,-0.006021385919380436,-0.0006806784082777885,-0.0784532,-0.24516625,9.7674234
1786689699.622338,4.136,0.0,0.0,0,0,,,,,,,,,,,,,,,,,,,,,,,,,,,0,0.0,0,0,False,False,False,"A:1,B:0,ESTOP:0,MODE:0",,,,36.96790446666667,127.87269358,121.904,2,0.00026244000000000007,-0.013382958164139043,-0.00019685795852507647,-0.033553282315018786,0.9993473044560683,0.012304571226560023,-0.0031066860685499066,-0.0034557519189487725,0.24516625,-0.30400615,9.826263299999999
1786689699.672357,4.186,0.0,0.0,0,0,,,,,,,,,,,,,,,,,,,,,,,,,,,0,0.0,0,0,False,False,False,"A:1,B:0,ESTOP:0,MODE:0",,,,36.96790446666667,127.87269358,121.904,2,0.00026244000000000007,-0.013367276543401386,-0.00024953601551496325,-0.03357141827520228,0.9993468934882324,0.0026005405854715507,0.009546951008408983,-0.003438298626428829,-0.1372931,-0.2353596,9.80665
1786689699.722362,4.236,0.0,0.0,0,0,,,,,,,,,,,,,,,,,,,,,,,,,,,0,0.0,0,0,False,False,False,"A:1,B:0,ESTOP:0,MODE:0",,,,36.967904518333334,127.8726936,121.91399999999999,2,0.00026244000000000007,-0.013394320181582911,-0.00027470307791663186,-0.03358049513985164,0.9993462198213664,0.002408554367752175,0.00012217304763960306,-0.00710349005561692,0.08825984999999999,-0.2745862,9.845876599999999
1786689699.772344,4.286,0.0,0.0,0,0,,,,,,,,,,,,,,,,,,,,,,,,,,,0,0.0,0,0,False,False,False,"A:1,B:0,ESTOP:0,MODE:0",,,,36.967904518333334,127.8726936,121.91399999999999,2,0.00026244000000000007,-0.013414096028526699,-0.0003442357240396778,-0.03355526994385842,0.9993467803462913,-0.00466002910282486,0.0005061454830783556,0.009197885158010117,0.0980665,-0.2745862,9.81645665
1786689699.822369,4.336,0.0,0.0,0,0,,,,,,,,,,,,,,,,,,,,,,,,,,,0,0.0,0,0,False,False,False,"A:1,B:0,ESTOP:0,MODE:0",,,,36.967904518333334,127.8726936,121.91399999999999,2,0.00026244000000000007,-0.013405670803349637,-0.00035313251553936275,-0.03356410440180557,0.9993465936217741,0.003892084231947355,-0.00809832772925369,0.006719517620178169,-0.00980665,-0.24516625,9.71839015
1786689699.872329,4.386,0.0,0.0,0,0,,,,,,,,,,,,,,,,,,,,,,,,,,,0,0.0,0,0,False,False,False,"A:1,B:0,ESTOP:0,MODE:0",,,,36.967904518333334,127.8726936,121.91399999999999,2,0.00026244000000000007,-0.013406545632062323,-0.0003794123611349347,-0.0335557329942517,0.9993468533815945,0.0020943951023931952,-0.004118977034706617,0.01064650843716541,-0.0196133,-0.26477955,9.855683249999998
1786689699.922348,4.436,0.0,0.0,0,0,,,,,,,,,,,,,,,,,,,,,,,,,,,0,0.0,0,0,False,False,False,"A:1,B:0,ESTOP:0,MODE:0",,,,36.967904536666666,127.87269357333334,121.91300000000001,2,0.00026244000000000007,-0.013417900254652013,-0.00045760809851011676,-0.03355678546473312,0.9993466329041482,0.00778416846389471,-0.004572762640225144,-0.004590215932745087,0.04903325,-0.3138128,9.79684335
1786689699.972345,4.486,0.0,0.0,0,0,,,,,,,,,,,,,,,,,,,,,,,,,,,0,0.0,0,0,False,False,False,"A:1,B:0,ESTOP:0,MODE:0",,,,36.967904536666666,127.87269357333334,121.91300000000001,2,0.00026244000000000007,-0.013408305193381922,-0.00043162106894101846,-0.03356515294573754,0.9993464922452188,-0.014294246573833559,0.003298672286269283,0.0026354471705114374,-0.0196133,-0.196133,9.7870367
1786689700.022367,4.536,0.0,0.0,0,0,,,,,,,,,,,,,,,,,,,,,,,,,,,0,0.0,0,0,False,False,False,"A:1,B:0,ESTOP:0,MODE:0",,,,36.967904536666666,127.87269357333334,121.91300000000001,2,0.00026244000000000007,-0.013443786087641706,-0.00044753935873746714,-0.03359156438778834,0.9993451211298994,-0.002897246558310587,-1.7453292519943296e-05,-0.0022514747350726853,0.1176798,-0.28439285,9.81645665
1786689700.072402,4.587,0.0,0.0,0,0,,,,,,,,,,,,,,,,,,,,,,,,,,,0,0.0,0,0,False,False,False,"A:1,B:0,ESTOP:0,MODE:0",,,,36.967904536666666,127.87269357333334,121.91300000000001,2,0.00026244000000000007,-0.013470233857624239,-0.0004556159688429826,-0.03357425125075333,0.9993453431456321,-0.009843656981248018,-0.0027576202181510408,-0.0026878070480712674,0.02941995,-0.24516625,9.80665
1786689700.122380,4.636,0.0,0.0,0,0,,,,,,,,,,,,,,,,,,,,,,,,,,,0,0.0,0,0,False,False,False,"A:1,B:0,ESTOP:0,MODE:0",,,,36.96790457666667,127.87269353,121.9,2,0.00026244000000000007,-0.013496697516622124,-0.0004632223724722274,-0.033591822267739546,0.9993443921181081,0.005009094953223725,0.003543018381548489,0.0006283185307179586,0.0392266,-0.30400615,9.836069949999999
1786689700.172434,4.687,0.0,0.0,0,0,,,,,,,,,,,,,,,,,,,,,,,,,,,0,0.0,0,0,False,False,False,"A:1,B:0,ESTOP:0,MODE:0",,,,36.96790457666667,127.87269353,121.9,2,0.00026244000000000007,-0.013515612827158269,-0.0005060048431322615,-0.03360985913559859,0.9993435092789117,0.0053058009260627615,0.002670353755551324,0.010716321607245184,-0.0196133,-0.2745862,9.826263299999999
1786689700.222344,4.736,0.0,0.0,0,0,,,,,,,,,,,,,,,,,,,,,,,,,,,0,0.0,0,0,False,False,False,"A:1,B:0,ESTOP:0,MODE:0",,,,36.96790457666667,127.87269353,121.9,2,0.00026244000000000007,-0.013552557862344716,-0.0005656415452937168,-0.03362814234756265,0.999342361889699,8.726646259971648e-05,-0.004153883619746504,0.0020245819323134223,-0.0588399,-0.2353596,9.757616749999999
1786689700.272519,4.787,0.0,0.0,0,0,,,,,,,,,,,,,,,,,,,,,,,,,,,0,0.0,0,0,False,False,False,"A:1,B:0,ESTOP:0,MODE:0",,,,36.96790457666667,127.87269353,121.9,2,0.00026244000000000007,-0.013580501411064224,-0.0006166125868672812,-0.03366374807798209,0.9993407536149439,-0.0016755160819145565,0.0027925268031909274,0.007906341511534314,0.0196133,-0.21574629999999997,9.875296549999998
1786689700.322356,4.836,0.0,0.0,0,0,,,,,,,,,,,,,,,,,,,,,,,,,,,0,0.0,0,0,False,False,False,"A:1,B:0,ESTOP:0,MODE:0",,,,36.967904605,127.872693385,121.904,2,0.00026244000000000007,-0.013581675474314592,-0.0006514961936595592,-0.03366421958486596,0.999340699643401,0.00153588974175501,0.0019373154697137059,-0.004136430327226561,0.00980665,-0.24516625,9.7870367
1786689700.372458,4.887,0.0,0.0,0,0,,,,,,,,,,,,,,,,,,,,,,,,,,,0,0.0,0,0,False,False,False,"A:1,B:0,ESTOP:0,MODE:0",,,,36.967904605,127.872693385,121.904,2,0.00026244000000000007,-0.013573852862064317,-0.000677597314626354,-0.0336907299419577,0.9993398951789809,0.0010297442586766543,0.0057246799465414016,-0.00015707963267948965,-0.02941995,-0.26477955,9.875296549999998
1786689700.422406,4.937,0.0,0.0,0,0,,,,,,,,,,,,,,,,,,,,,,,,,,,0,0.0,0,0,False,False,False,"A:1,B:0,ESTOP:0,MODE:0",,,,36.967904605,127.872693385,121.904,2,0.00026244000000000007,-0.013565120142287243,-0.0006781280777961773,-0.03367328224880812,0.9993406014569945,0.006544984694978736,-0.001413716694115407,0.007173303225696694,0.00980665,-0.29419949999999995,9.826263299999999
1786689700.472393,4.987,0.0,0.0,0,0,,,,,,,,,,,,,,,,,,,,,,,,,,,0,0.0,0,0,False,False,False,"A:1,B:0,ESTOP:0,MODE:0",,,,36.967904605,127.872693385,121.904,2,0.00026244000000000007,-0.013573582462394922,-0.000668402612807532,-0.03372549567622489,0.9993387323818068,0.008237954069413234,0.00010471975511965978,0.007976154681614086,0.0588399,-0.30400615,9.757616749999999
1786689700.522332,5.036,0.0,0.0,0,0,,,,,,,,,,,,,,,,,,,,,,,,,,,0,0.0,0,0,False,False,False,"A:1,B:0,ESTOP:0,MODE:0",,,,36.96790453,127.87269356166667,121.892,2,0.00026244000000000007,-0.013530860202174387,-0.0006960368334327385,-0.033725818694993207,0.999339281979983,0.0021991148575128553,0.006230825429619756,-0.005148721293383272,0.0588399,-0.26477955,9.7870367
1786689700.572443,5.087,0.0,0.0,0,0,,,,,,,,,,,,,,,,,,,,,,,,,,,0,0.0,0,0,False,False,False,"A:1,B:0,ESTOP:0,MODE:0",,,,36.96790453,127.87269356166667,121.892,2,0.00026244000000000007,-0.013539575010052186,-0.000695860675224778,-0.03371710388711542,0.999339458138191,-0.004241150082346221,-0.0006457718232379018,-0.0017453292519943296,-0.02941995,-0.26477955,9.7674234
1786689700.622334,5.136,0.0,0.0,0,0,,,,,,,,,,,,,,,,,,,,,,,,,,,0,0.0,0,0,False,False,False,"A:1,B:0,ESTOP:0,MODE:0",,,,36.96790453,127.87269356166667,121.892,2,0.00026244000000000007,-0.013557022838757048,-0.0006951538933255739,-0.03372583690563724,0.9993389274004233,0.006265732014659643,0.003909537524467298,-0.014224433403753785,0.1176798,-0.25497289999999995,9.7870367
1786689700.672450,5.187,0.0,0.0,0,0,,,,,,,,,,,,,,,,,,,,,,,,,,,0,0.0,0,0,False,False,False,"A:1,B:0,ESTOP:0,MODE:0",,,,36.96790453,127.87269356166667,121.892,2,0.00026244000000000007,-0.013566313143925137,-0.0007126565161441117,-0.03369991573734069,0.9993396634516551,-0.014556045961632708,-0.0032637657012293962,0.0016929693744344998,0.04903325,-0.29419949999999995,9.81645665
1786689700.722362,5.236,0.0,0.0,0,0,,,,,,,,,,,,,,,,,,,,,,,,,,,0,0.0,0,0,False,False,False,"A:1,B:0,ESTOP:0,MODE:0",,,,36.96790453333333,127.87269330166667,121.87100000000001,2,0.00026244000000000007,-0.013591618277514272,-0.0006851371474935671,-0.03373446408724848,0.9993381732088661,-0.0007853981633974482,-0.01137954672300303,0.003612831551628262,0.0392266,-0.2353596,9.7674234
1786689700.772468,5.287,0.0,0.0,0,0,,,,,,,,,,,,,,,,,,,,,,,,,,,0,0.0,0,0,False,False,False,"A:1,B:0,ESTOP:0,MODE:0",,,,36.96790453333333,127.87269330166667,121.87100000000001,2,0.00026244000000000007,-0.013566056171628033,-0.0007032253069992456,-0.033752123292053515,0.9993379117032406,0.009407324668249437,-0.008569566627292158,-1.7453292519943296e-05,0.0196133,-0.18632634999999997,9.81645665
1786689700.822373,5.336,0.0,0.0,0,0,,,,,,,,,,,,,,,,,,,,,,,,,,,0,0.0,0,0,False,False,False,"A:1,B:0,ESTOP:0,MODE:0",,,,36.96790453333333,127.87269330166667,121.87100000000001,2,0.00026244000000000007,-0.013539599291923235,-0.000695388054474439,-0.033751987394345914,0.9993382805804046,0.0048520153205442364,-0.0014311699866353504,0.008587019919812101,0.0392266,-0.28439285,9.845876599999999
1786689700.872401,5.387,0.0,0.0,0,0,,,,,,,,,,,,,,,,,,,,,,,,,,,0,0.0,0,0,False,False,False,"A:1,B:0,ESTOP:0,MODE:0",,,,36.96790453333333,127.87269330166667,121.87100000000001,2,0.00026244000000000007,-0.013566056171628033,-0.0007032253069992456,-0.033752123292053515,0.9993379117032406,-0.0064053583548191895,0.0011519173063162576,-0.010681415022205296,0.0196133,-0.2745862,9.80665
1786689700.922328,5.436,0.0,0.0,0,0,,,,,,,,,,,,,,,,,,,,,,,,,,,0,0.0,0,0,False,False,False,"A:1,B:0,ESTOP:0,MODE:0",,,,36.96790443166667,127.872693345,121.85499999999999,2,0.00026244000000000007,-0.013540187830311985,-0.0007128298160312028,-0.033752222343266435,0.9993382523820771,-0.008028514559173916,-0.003979350694547071,-0.00013962634015954637,0.02941995,-0.30400615,9.845876599999999
1786689700.972415,5.487,0.0,0.0,0,0,,,,,,,,,,,,,,,,,,,,,,,,,,,0,0.0,0,0,False,False,False,"A:1,B:0,ESTOP:0,MODE:0",,,,36.96790443166667,127.872693345,121.85499999999999,2,0.00026244000000000007,-0.013497472723306507,-0.0007403474035128639,-0.03376126334552139,0.9993385048186225,-0.0013439035240356337,0.005550147021341968,-0.002495820830351891,0.0196133,-0.30400615,9.669356899999999
1786689701.022351,5.536,0.0,0.0,0,0,,,,,,,,,,,,,,,,,,,,,,,,,,,0,0.0,0,0,False,False,False,"A:1,B:0,ESTOP:0,MODE:0",,,,36.96790443166667,127.872693345,121.85499999999999,2,0.00026244000000000007,-0.013498944419467297,-0.000783951818331524,-0.033761848731046935,0.9993384319085145,0.0038222710618675817,-0.00301941960595019,0.00942477796076938,-0.0588399,-0.2745862,9.79684335
1786689701.072352,5.586,0.0,0.0,0,0,,,,,,,,,,,,,,,,,,,,,,,,,,,0,0.0,0,0,False,False,False,"A:1,B:0,ESTOP:0,MODE:0",,,,36.96790443166667,127.872693345,121.85499999999999,2,0.00026244000000000007,-0.013489340530967786,-0.0007580837942312152,-0.03376149089320131,0.9993385936376463,0.0008203047484373349,-0.0012740903539558606,-0.006335545184739416,0.04903325,-0.2745862,9.7674234
1786689701.122563,5.637,0.0,0.0,0,0,,,,,,,,,,,,,,,,,,,,,,,,,,,0,0.0,0,0,False,False,False,"A:1,B:0,ESTOP:0,MODE:0",,,,36.96790446,127.87269315666667,121.846,2,0.00026244000000000007,-0.013454457025154245,-0.0007592622921220614,-0.0337614644105162,0.9993390638956267,0.0016929693744344998,-0.00466002910282486,0.0030019663134302466,0.14709974999999997,-0.28439285,9.77723005
1786689701.172418,5.687,0.0,0.0,0,0,,,,,,,,,,,,,,,,,,,,,,,,,,,0,0.0,0,0,False,False,False,"A:1,B:0,ESTOP:0,MODE:0",,,,36.96790446,127.87269315666667,121.846,2,0.00026244000000000007,-0.013454771466164172,-0.0007676309353564297,-0.03378774373065974,0.9993381651078537,-0.005375614096142535,0.0055152404363020815,-0.005916666164260778,0.0196133,-0.22555294999999997,9.747810099999999
1786689701.222407,5.737,0.0,0.0,0,0,,,,,,,,,,,,,,,,,,,,,,,,,,,0,0.0,0,0,False,False,False,"A:1,B:0,ESTOP:0,MODE:0",,,,36.96790446,127.87269315666667,121.846,2,0.00026244000000000007,-0.013445179831157875,-0.0007415284821768681,-0.033804828901495235,0.9993377361121507,-0.005288347633542819,-0.0026878070480712674,0.002722713633111154,0.0392266,-0.28439285,9.7870367
1786689701.272403,5.787,0.0,0.0,0,0,,,,,,,,,,,,,,,,,,,,,,,,,,,0,0.0,0,0,False,False,False,"A:1,B:0,ESTOP:0,MODE:0",,,,36.96790446,127.87269315666667,121.846,2,0.00026244000000000007,-0.01341902370407035,-0.0007422963872290024,-0.033813530345438964,0.9993377927230017,-0.0038746309394274117,0.0027576202181510408,0.0012740903539558606,-0.0196133,-0.2353596,9.757616749999999
1786689701.322381,5.836,0.0,0.0,0,0,,,,,,,,,,,,,,,,,,,,,,,,,,,0,0.0,0,0,False,False,False,"A:1,B:0,ESTOP:0,MODE:0",,,,36.96790446333333,127.87269308833334,121.82900000000001,2,0.00026244000000000007,-0.013410912326495574,-0.0007596821249375381,-0.03383991909767352,0.9993369953069401,-0.0034557519189487725,0.0028623399732707008,0.008552113334772215,-0.0196133,-0.17651969999999997,9.80665
1786689701.372353,5.886,0.0,0.0,0,0,,,,,,,,,,,,,,,,,,,,,,,,,,,0,0.0,0,0,False,False,False,"A:1,B:0,ESTOP:0,MODE:0",,,,36.96790446333333,127.87269308833334,121.82900000000001,2,0.00026244000000000007,-0.013420538820346734,-0.0007851980740785784,-0.033866437456746876,0.9993359480253597,0.009913470151327791,1.7453292519943296e-05,0.00022689280275926284,-0.0196133,-0.28439285,9.7870367
1786689701.422333,5.936,0.0,0.0,0,0,,,,,,,,,,,,,,,,,,,,,,,,,,,0,0.0,0,0,False,False,False,"A:1,B:0,ESTOP:0,MODE:0",,,,36.96790446333333,127.87269308833334,121.82900000000001,2,0.00026244000000000007,-0.01342925282107079,-0.0007850197259977085,-0.03385772345602282,0.9993361263734405,0.0045029494701453706,0.002234021442552742,-0.00022689280275926284,0.0980665,-0.28439285,9.7870367
1786689701.472347,5.986,0.0,0.0,0,0,,,,,,,,,,,,,,,,,,,,,,,,,,,0,0.0,0,0,False,False,False,"A:1,B:0,ESTOP:0,MODE:0",,,,36.96790446333333,127.87269308833334,121.82900000000001,2,0.00026244000000000007,-0.01344788236422424,-0.0008191948843227158,-0.03386692443097332,0.9993355366488507,-0.0012915436464758037,-0.005358160803622592,0.0025830872929516074,-0.0,-0.28439285,9.757616749999999
1786689701.522343,6.036,0.0,0.0,0,0,,,,,,,,,,,,,,,,,,,,,,,,,,,0,0.0,0,0,False,False,False,"A:1,B:0,ESTOP:0,MODE:0",,,,36.967904395,127.872693115,121.82900000000001,2,0.00026244000000000007,-0.01347463539311465,-0.0008357499594372582,-0.03386717952168492,0.9993351539269866,-0.0069638637154573755,0.0015882496193148398,-0.007120943348136864,-0.00980665,-0.26477955,9.77723005
1786689701.572363,6.086,0.0,0.0,0,0,,,,,,,,,,,,,,,,,,,,,,,,,,,0,0.0,0,0,False,False,False,"A:1,B:0,ESTOP:0,MODE:0",,,,36.967904395,127.872693115,121.82900000000001,2,0.00026244000000000007,-0.013457474195027084,-0.0008452967871076132,-0.03384983990402481,0.9993359646285647,-0.005811946409141118,-0.0010297442586766543,0.005672320068981571,-0.02941995,-0.30400615,9.7870367
1786689701.622332,6.136,0.0,0.0,0,0,,,,,,,,,,,,,,,,,,,,,,,,,,,0,0.0,0,0,False,False,False,"A:1,B:0,ESTOP:0,MODE:0",,,,36.967904395,127.872693115,121.82900000000001,2,0.00026244000000000007,-0.013465885356520749,-0.0008365155548828137,-0.03383228882483794,0.9993364530558085,0.00153588974175501,0.006841690667817772,-0.0010995574287564276,-0.0,-0.26477955,9.79684335
1786689701.672367,6.186,0.0,0.0,0,0,,,,,,,,,,,,,,,,,,,,,,,,,,,0,0.0,0,0,False,False,False,"A:1,B:0,ESTOP:0,MODE:0",,,,36.967904395,127.872693115,121.82900000000001,2,0.00026244000000000007,-0.013465007603485317,-0.0008102354523967368,-0.03384065941875719,0.9993362031162752,-0.0008377580409572782,-0.004118977034706617,0.0026529004630313807,-0.04903325,-0.32361945,9.7674234
1786689701.722368,6.236,0.0,0.0,0,0,,,,,,,,,,,,,,,,,,,,,,,,,,,0,0.0,0,0,False,False,False,"A:1,B:0,ESTOP:0,MODE:0",,,,36.96790446666667,127.87269310833334,121.832,2,0.00026244000000000007,-0.013473145331986824,-0.0007923808363302484,-0.03384915366749031,0.999335820074247,-0.00022689280275926284,-0.00017453292519943296,-0.004694935687864747,0.0588399,-0.22555294999999997,9.7870367
1786689701.772412,6.287,0.0,0.0,0,0,,,,,,,,,,,,,,,,,,,,,,,,,,,0,0.0,0,0,False,False,False,"A:1,B:0,ESTOP:0,MODE:0",,,,36.96790446666667,127.87269310833334,121.832,2,0.00026244000000000007,-0.013482175252743282,-0.0008005709975332582,-0.0338667191872665,0.9993350966357696,-0.004921828490624009,-0.0025830872929516074,0.0041887902047863905,0.04903325,-0.30400615,9.836069949999999
1786689701.822343,6.336,0.0,0.0,0,0,,,,,,,,,,,,,,,,,,,,,,,,,,,0,0.0,0,0,False,False,False,"A:1,B:0,ESTOP:0,MODE:0",,,,36.96790446666667,127.87269310833334,121.832,2,0.00026244000000000007,-0.013472266722184668,-0.0007661006880842916,-0.03385752398968848,0.9993355688598249,-0.0030019663134302466,-0.004223696789826277,0.0040666171571467884,0.00980665,-0.2745862,9.855683249999998
1786689701.872329,6.386,0.0,0.0,0,0,,,,,,,,,,,,,,,,,,,,,,,,,,,0,0.0,0,0,False,False,False,"A:1,B:0,ESTOP:0,MODE:0",,,,36.96790448,127.8726932,121.834,2,0.00026244000000000007,-0.013471964935528389,-0.0007574973954538281,-0.033848686292874346,0.9993358788689207,0.0011344640137963143,0.001780235837034216,0.005462880558742251,0.04903325,-0.28439285,9.875296549999998
1786689701.922335,6.436,0.0,0.0,0,0,,,,,,,,,,,,,,,,,,,,,,,,,,,0,0.0,0,0,False,False,False,"A:1,B:0,ESTOP:0,MODE:0",,,,36.96790448,127.8726932,121.834,2,0.00026244000000000007,-0.013455703629542222,-0.0007929716153900429,-0.03384913983268027,0.9993360550727861,-0.005044001538263612,-0.0025830872929516074,0.0012915436464758037,0.06864655,-0.28439285,9.81645665
1786689701.972341,6.486,0.0,0.0,0,0,,,,,,,,,,,,,,,,,,,,,,,,,,,0,0.0,0,0,False,False,False,"A:1,B:0,ESTOP:0,MODE:0",,,,36.96790448,127.8726932,121.834,2,0.00026244000000000007,-0.013455435899026227,-0.0007837810703820256,-0.03388390653397826,0.999334887717825,0.005235987755982988,0.001780235837034216,0.0021642082724729686,0.0392266,-0.30400615,9.747810099999999
1786689702.022394,6.537,0.0,0.0,0,0,,,,,,,,,,,,,,,,,,,,,,,,,,,0,0.0,0,0,False,False,False,"A:1,B:0,ESTOP:0,MODE:0",,,,36.96790448,127.8726932,121.834,2,0.00026244000000000007,-0.01346385457581999,-0.0007748820209086025,-0.03387507576426729,0.9993350806510196,0.012322024519079966,0.0005235987755982988,-0.0054105206811824215,0.08825984999999999,-0.26477955,9.7870367
1786689702.072421,6.587,0.0,0.0,0,0,,,,,,,,,,,,,,,,,,,,,,,,,,,0,0.0,0,0,False,False,False,"A:1,B:0,ESTOP:0,MODE:0",,,,36.96790448,127.8726932,121.834,2,0.00026244000000000007,-0.013463868098011905,-0.0007746470321982353,-0.03389251744659497,0.9993344892672057,0.003682644721708035,-0.0003141592653589793,0.004049163864626845,-0.0,-0.2353596,9.757616749999999
1786689702.122380,6.636,0.0,0.0,0,0,,,,,,,,,,,,,,,,,,,,,,,,,,,0,0.0,0,0,False,False,False,"A:1,B:0,ESTOP:0,MODE:0",,,,36.967904346666664,127.872693275,121.839,2,0.00026244000000000007,-0.013515897631524908,-0.0007641515808155825,-0.03389244073573788,0.9993337976094625,0.002181661564992912,0.001954768762233649,0.00481710873550435,0.0392266,-0.29419949999999995,9.81645665
1786689702.172374,6.686,0.0,0.0,0,0,,,,,,,,,,,,,,,,,,,,,,,,,,,0,0.0,0,0,False,False,False,"A:1,B:0,ESTOP:0,MODE:0",,,,36.967904346666664,127.872693275,121.839,2,0.00026244000000000007,-0.013499637877254837,-0.0007996264922355784,-0.03389289566858538,0.9993339742037466,0.0003839724354387525,-0.004310963252425994,0.0019373154697137059,0.0980665,-0.32361945,9.7870367
1786689702.222341,6.736,0.0,0.0,0,0,,,,,,,,,,,,,,,,,,,,,,,,,,,0,0.0,0,0,False,False,False,"A:1,B:0,ESTOP:0,MODE:0",,,,36.967904346666664,127.872693275,121.839,2,0.00026244000000000007,-0.013482196207022715,-0.0008002180347362099,-0.03389288170730812,0.9993342096646679,0.0027401669256310974,-0.0023387411976724015,-0.0024434609527920616,0.08825984999999999,-0.30400615,9.747810099999999
1786689702.272488,6.787,0.0,0.0,0,0,,,,,,,,,,,,,,,,,,,,,,,,,,,0,0.0,0,0,False,False,False,"A:1,B:0,ESTOP:0,MODE:0",,,,36.967904346666664,127.872693275,121.839,2,0.00026244000000000007,-0.013482491682934592,-0.0008089388808409361,-0.033892998617390625,0.99933419469196,-0.002408554367752175,-0.0060911990894602095,-0.004241150082346221,0.04903325,-0.2745862,9.81645665
1786689702.322508,6.837,0.0,0.0,0,0,,,,,,,,,,,,,,,,,,,,,,,,,,,0,0.0,0,0,False,False,False,"A:1,B:0,ESTOP:0,MODE:0",,,,36.967904315,127.87269330833334,121.84,2,0.00026244000000000007,-0.013527004089295063,-0.0008332684057840711,-0.03391954821786534,0.9993326723733333,-0.00767944870877505,0.0009424777960769379,-0.001832595714594046,0.0588399,-0.26477955,9.80665
1786689702.372373,6.886,0.0,0.0,0,0,,,,,,,,,,,,,,,,,,,,,,,,,,,0,0.0,0,0,False,False,False,"A:1,B:0,ESTOP:0,MODE:0",,,,36.967904315,127.87269330833334,121.84,2,0.00026244000000000007,-0.013520057448103084,-0.0008858894128556873,-0.03392024412882402,0.9993326974960788,0.0020420352248333657,-0.0033859387488689996,-0.003159045946109736,0.0,-0.2745862,9.79684335
1786689702.422348,6.936,0.0,0.0,0,0,,,,,,,,,,,,,,,,,,,,,,,,,,,0,0.0,0,0,False,False,False,"A:1,B:0,ESTOP:0,MODE:0",,,,36.967904315,127.87269330833334,121.84,2,0.00026244000000000007,-0.013493887235524745,-0.0008868951988810338,-0.033911500097344754,0.9993333470796063,-0.004904375198104067,-0.004206243497306334,-0.004607669225265031,0.02941995,-0.25497289999999995,9.77723005
1786689702.472391,6.987,0.0,0.0,0,0,,,,,,,,,,,,,,,,,,,,,,,,,,,0,0.0,0,0,False,False,False,"A:1,B:0,ESTOP:0,MODE:0",,,,36.967904315,127.87269330833334,121.84,2,0.00026244000000000007,-0.01348487078751755,-0.0008784702921445691,-0.03391137546985383,0.9993334804576159,0.0051836278784231585,0.0022514747350726853,-0.0035081117965086025,-0.0392266,-0.22555294999999997,9.7870367
1786689702.522343,7.036,0.0,0.0,0,0,,,,,,,,,,,,,,,,,,,,,,,,,,,0,0.0,0,0,False,False,False,"A:1,B:0,ESTOP:0,MODE:0",,,,36.96790433333334,127.87269329833333,121.846,2,0.00026244000000000007,-0.013484863120904597,-0.0008785879698083421,-0.033902654638782996,0.9993337763521422,-0.0036477381366681488,-0.002286381320112572,-0.0037524578917878084,0.0,-0.26477955,9.7674234
1786689702.572338,7.086,0.0,0.0,0,0,,,,,,,,,,,,,,,,,,,,,,,,,,,0,0.0,0,0,False,False,False,"A:1,B:0,ESTOP:0,MODE:0",,,,36.96790433333334,127.87269329833333,121.846,2,0.00026244000000000007,-0.013503183517202812,-0.0009042766167817491,-0.03389430024571035,0.9993337894465266,0.0027576202181510408,0.0028448866807507574,-0.0022165681500327986,-0.0196133,-0.24516625,9.845876599999999
1786689702.622367,7.136,0.0,0.0,0,0,,,,,,,,,,,,,,,,,,,,,,,,,,,0,0.0,0,0,False,False,False,"A:1,B:0,ESTOP:0,MODE:0",,,,36.96790433333334,127.87269329833333,121.846,2,0.00026244000000000007,-0.013539240497808724,-0.0009380949904957126,-0.033886080288616935,0.9993335491752515,0.002356194490192345,0.002181661564992912,0.002007128639793479,0.00980665,-0.30400615,9.738003449999999
1786689702.672349,7.186,0.0,0.0,0,0,,,,,,,,,,,,,,,,,,,,,,,,,,,0,0.0,0,0,False,False,False,"A:1,B:0,ESTOP:0,MODE:0",,,,36.96790433333334,127.87269329833333,121.846,2,0.00026244000000000007,-0.013504956281649614,-0.000956601675407872,-0.03389500239488907,0.9993336929583211,0.008918632477691025,-0.004590215932745087,-0.0035953782591083188,0.0392266,-0.21574629999999997,9.8851032
1786689702.722390,7.237,0.0,0.0,0,0,,,,,,,,,,,,,,,,,,,,,,,,,,,0,0.0,0,0,False,False,False,"A:1,B:0,ESTOP:0,MODE:0",,,,36.967904345,127.87269324833333,121.846,2,0.00026244000000000007,-0.013522980360058568,-0.0009735697877192556,-0.03388653258848624,0.9993337200721186,-0.0026878070480712674,0.0015707963267948964,0.0014835298641951802,0.08825984999999999,-0.25497289999999995,9.81645665
1786689702.772370,7.286,0.0,0.0,0,0,,,,,,,,,,,,,,,,,,,,,,,,,,,0,0.0,-1,0,False,True,False,"A:1,B:1,ESTOP:0,MODE:1",,,,36.967904345,127.87269324833333,121.846,2,0.00026244000000000007,-0.013505851225710389,-0.0009826463429977637,-0.03390407426454505,0.9993333478560085,-0.0032114058236695662,-6.981317007977319e-05,-0.008307767239493008,0.02941995,-0.25497289999999995,9.7870367
1786689702.822357,7.336,0.0,0.0,0,0,,,,,,,,,,,,,,,,,,,,,,,,,,,0,0.0,-1,0,False,True,False,"A:1,B:1,ESTOP:0,MODE:1",,,,36.967904345,127.87269324833333,121.846,2,0.00026244000000000007,-0.013505538694258324,-0.0009741612191366958,-0.03388651559132674,0.9993339559404434,-0.0033161255787892262,0.0010821041362364843,0.00012217304763960306,0.0,-0.2745862,9.826263299999999
1786689702.872437,7.387,0.0,0.0,0,0,,,,,,,,,,,,,,,,,,,,,,,,,,,0,0.0,-1,0,False,True,False,"A:1,B:1,ESTOP:0,MODE:1",,,,36.967904345,127.87269324833333,121.846,2,0.00026244000000000007,-0.013497425926878184,-0.0009916630528960441,-0.03390418261988367,0.9993334491042596,-0.0026354471705114374,-0.0008028514559173916,0.004345869837465881,0.04903325,-0.2745862,9.79684335
1786689702.922373,7.436,0.0,0.0,0,0,,,,,,,,,,,,,,,,,,,,,,,,,,,0,0.0,-1,0,False,True,False,"A:1,B:1,ESTOP:0,MODE:1",,,,36.96790419166667,127.87269339166667,121.85400000000001,2,0.00026244000000000007,-0.013525075070821768,-0.0010342616035223012,-0.03391351515634665,0.9993327154341562,0.0008377580409572782,-0.013700834628155488,0.00013962634015954637,0.0,-0.29419949999999995,9.826263299999999
1786689702.972382,7.487,0.0,0.0,0,0,,,,,,,,,,,,,,,,,,,,,,,,,,,0,0.0,-1,0,False,True,False,"A:1,B:1,ESTOP:0,MODE:1",,,,36.96790419166667,127.87269339166667,121.85400000000001,2,0.00026244000000000007,-0.013499217306092243,-0.0010437524920943729,-0.0339223258087659,0.9993327561551169,-0.0035779249665883754,0.0007330382858376184,-0.0015707963267948964,0.0392266,-0.2353596,9.7674234
1786689703.022350,7.536,0.0,0.0,0,0,,,,,,,,,,,,,,,,,,,,,,,,,,,0,0.0,-1,0,False,True,False,"A:1,B:1,ESTOP:0,MODE:1",,,,36.96790419166667,127.87269339166667,121.85400000000001,2,0.00026244000000000007,-0.013489026819392512,-0.0010003266231306226,-0.0339304532973943,0.9993326622507374,0.008726646259971648,0.001186823891356144,0.004241150082346221,0.02941995,-0.29419949999999995,9.7085835
1786689703.072428,7.587,0.0,0.0,0,0,,,,,,,,,,,,,,,,,,,,,,,,,,,0,0.0,-1,0,False,True,False,"A:1,B:1,ESTOP:0,MODE:1",,,,36.96790419166667,127.87269339166667,121.85400000000001,2,0.00026244000000000007,-0.01346316891683731,-0.0010098182689609937,-0.03393926454337722,0.9993327021928358,-8.726646259971648e-05,-0.005323254218582705,0.003246312408709453,0.04903325,-0.2353596,9.77723005
1786689703.122339,7.636,0.0,0.0,0,0,,,,,,,,,,,,,,,,,,,,,,,,,,,0,0.0,-1,0,False,True,False,"A:1,B:1,ESTOP:0,MODE:1",,,,36.967904215,127.87269338833333,121.858,2,0.00026244000000000007,-0.013480018893824918,-0.0009917842515403579,-0.0339390486125139,0.9993325004391171,-0.005270894341022875,0.000767944870877505,-0.00010471975511965978,0.08825984999999999,-0.24516625,9.79684335
1786689703.172427,7.687,0.0,0.0,0,0,,,,,,,,,,,,,,,,,,,,,,,,,,,0,0.0,-1,0,False,True,False,"A:1,B:1,ESTOP:0,MODE:1",,,,36.967904215,127.87269338833333,121.858,2,0.00026244000000000007,-0.01353293546787618,-0.0010074488588541033,-0.0339393349592838,0.9993317598510221,-0.004049163864626845,-0.008360127117052838,-0.004607669225265031,0.04903325,-0.2353596,9.79684335
1786689703.222359,7.736,0.0,0.0,0,0,,,,,,,,,,,,,,,,,,,,,,,,,,,0,0.0,-1,0,False,True,False,"A:1,B:1,ESTOP:0,MODE:1",,,,36.967904215,127.87269338833333,121.858,2,0.00026244000000000007,-0.013506781817837177,-0.0010082195193515762,-0.033948029389264466,0.9993318175855865,0.005497787143782138,0.004345869837465881,-0.0013962634015954637,-0.0,-0.3138128,9.826263299999999
1786689703.272422,7.787,0.0,0.0,0,0,,,,,,,,,,,,,,,,,,,,,,,,,,,0,0.0,-1,0,False,True,False,"A:1,B:1,ESTOP:0,MODE:1",,,,36.967904215,127.87269338833333,121.858,2,0.00026244000000000007,-0.0135149194576804,-0.0009903636749579777,-0.033956524840699984,0.999331436787909,-0.007033676885537149,-0.006475171524898963,-0.006265732014659643,0.0588399,-0.22555294999999997,9.79684335
1786689703.322411,7.837,0.0,0.0,0,0,,,,,,,,,,,,,,,,,,,,,,,,,,,0,0.0,-1,0,False,True,False,"A:1,B:1,ESTOP:0,MODE:1",,,,36.96790421,127.87269340166667,121.856,2,0.00026244000000000007,-0.013532073653927213,-0.0009809321105636094,-0.03396514569398947,0.999330920983037,0.0037175513067479217,0.0062482787221397,-0.002408554367752175,-0.0392266,-0.2745862,9.80665
1786689703.372427,7.887,0.0,0.0,0,0,,,,,,,,,,,,,,,,,,,,,,,,,,,0,0.0,-1,0,False,True,False,"A:1,B:1,ESTOP:0,MODE:1",,,,36.96790421,127.87269340166667,121.856,2,0.00026244000000000007,-0.013532082213659483,-0.000980814020906318,-0.03397386650014014,0.9993306245431738,-0.006283185307179586,-0.0006981317007977319,-0.004886921905584123,0.0588399,-0.32361945,9.836069949999999
1786689703.422429,7.937,0.0,0.0,0,0,,,,,,,,,,,,,,,,,,,,,,,,,,,0,0.0,-1,0,False,True,False,"A:1,B:1,ESTOP:0,MODE:1",,,,36.96790421,127.87269340166667,121.856,2,0.00026244000000000007,-0.013567557699753378,-0.0009970697330438424,-0.03397413579273696,0.9993301182928231,-0.005131268000863329,-0.0065275314024587925,0.0018675022996339325,0.00980665,-0.37265269999999995,9.836069949999999
1786689703.472377,7.986,0.0,0.0,0,0,,,,,,,,,,,,,,,,,,,,,,,,,,,0,0.0,-1,0,False,True,False,"A:1,B:1,ESTOP:0,MODE:1",,,,36.96790421,127.87269340166667,121.856,2,0.00026244000000000007,-0.013585304205667018,-0.0010050790282872635,-0.033982991673182965,0.9993295680618717,-0.00476474885794452,-0.0021118483949131386,0.003159045946109736,0.00980665,-0.2353596,9.77723005
1786689703.522361,8.036,0.0,0.0,0,0,,,,,,,,,,,,,,,,,,,,,,,,,,,0,0.0,-1,0,False,True,False,"A:1,B:1,ESTOP:0,MODE:1",,,,36.96790425166667,127.87269341333334,121.858,2,0.00026244000000000007,-0.013594338898223727,-0.001013266011225505,-0.03400055978650135,0.9993288393597551,-0.006108652381980153,0.004171336912266448,-0.0007853981633974482,0.0392266,-0.24516625,9.81645665
1786689703.572348,8.086,0.0,0.0,0,0,,,,,,,,,,,,,,,,,,,,,,,,,,,0,0.0,-1,0,False,True,False,"A:1,B:1,ESTOP:0,MODE:1",,,,36.96790425166667,127.87269341333334,121.858,2,0.00026244000000000007,-0.013620196140032424,-0.0010037739388909423,-0.033991747526555795,0.9993287966405638,0.0022165681500327986,0.0038746309394274117,0.003141592653589793,0.0588399,-0.28439285,9.7870367
1786689703.622679,8.137,0.0,0.0,0,0,,,,,,,,,,,,,,,,,,,,,,,,,,,0,0.0,-1,0,False,True,False,"A:1,B:1,ESTOP:0,MODE:1",,,,36.96790425166667,127.87269341333334,121.858,2,0.00026244000000000007,-0.013636757377392368,-0.0009768992714160657,-0.03400013139014481,0.9993283122085037,-0.004328416544945937,0.002007128639793479,0.0010471975511965976,-0.0196133,-0.25497289999999995,9.7281968
1786689703.672322,8.186,0.0,0.0,0,0,,,,,,,,,,,,,,,,,,,,,,,,,,,0,0.0,-1,0,False,True,False,"A:1,B:1,ESTOP:0,MODE:1",,,,36.9679043,127.87269332666666,121.851,2,0.00026244000000000007,-0.013619594956628244,-0.0009864511907440884,-0.033982790752154664,0.9993291267044911,-0.0006108652381980154,0.0011344640137963143,0.0003665191429188092,0.0392266,-0.196133,9.757616749999999
1786689703.722358,8.236,0.0,0.0,0,0,,,,,,,,,,,,,,,,,,,,,,,,,,,0,0.0,-1,0,False,True,False,"A:1,B:1,ESTOP:0,MODE:1",,,,36.9679043,127.87269332666666,121.851,2,0.00026244000000000007,-0.013636723268866894,-0.00097737528345187,-0.03396524823072495,0.9993294984281554,0.0036477381366681488,-0.009093165402890457,0.002617993877991494,-0.0196133,-0.29419949999999995,9.80665
1786689703.772349,8.286,0.0,0.0,0,0,,,,,,,,,,,,,,,,,,,,,,,,,,,0,0.0,-1,0,False,True,False,"A:1,B:1,ESTOP:0,MODE:1",,,,36.9679043,127.87269332666666,121.851,2,0.00026244000000000007,-0.013636731797556008,-0.0009772562805545433,-0.033973969024461474,0.9993292019873974,-0.0015009831567151233,0.010733774899765127,0.004171336912266448,-0.0196133,-0.26477955,9.7870367
1786689703.822340,8.336,0.0,0.0,0,0,,,,,,,,,,,,,,,,,,,,,,,,,,,0,0.0,-1,0,False,True,False,"A:1,B:1,ESTOP:0,MODE:1",,,,36.9679043,127.87269332666666,121.851,2,0.00026244000000000007,-0.01364577452653119,-0.0009853233594802893,-0.034000258137906914,0.9993281765376197,0.007557275661135447,0.0003316125578789226,-0.0057246799465414016,0.0392266,-0.24516625,9.845876599999999
1786689703.872338,8.386,0.0,0.0,0,0,,,,,,,,,,,,,,,,,,,,,,,,,,,0,0.0,-1,0,False,True,False,"A:1,B:1,ESTOP:0,MODE:1",,,,36.9679043,127.87269332666666,121.851,2,0.00026244000000000007,-0.013662623361020625,-0.0009672883564926331,-0.03400003857485806,0.9993279714153099,-0.004241150082346221,-0.0008028514559173916,-0.003159045946109736,0.00980665,-0.26477955,9.757616749999999
1786689703.922373,8.436,0.0,0.0,0,0,,,,,,,,,,,,,,,,,,,,,,,,,,,0,0.0,-1,0,False,True,False,"A:1,B:1,ESTOP:0,MODE:1",,,,36.967904276666665,127.87269336166666,121.85,2,0.00026244000000000007,-0.013680352775159405,-0.0009755351185259495,-0.03399145320227898,0.9993280129108644,-0.0016755160819145565,-0.0015882496193148398,-0.0010995574287564276,0.0,-0.3334261,9.747810099999999
1786689703.972563,8.487,0.0,0.0,0,0,,,,,,,,,,,,,,,,,,,,,,,,,,,0,0.0,-1,0,False,True,False,"A:1,B:1,ESTOP:0,MODE:1",,,,36.967904276666665,127.87269336166666,121.85,2,0.00026244000000000007,-0.013689657468674761,-0.0009927995371418453,-0.033982978138846605,0.9993281567254494,-0.0020245819323134223,0.00307177948351002,-0.0010471975511965976,-0.0,-0.26477955,9.836069949999999
1786689704.022391,8.537,0.0,0.0,0,0,,,,,,,,,,,,,,,,,,,,,,,,,,,0,0.0,-1,0,False,True,False,"A:1,B:1,ESTOP:0,MODE:1",,,,36.967904276666665,127.87269336166666,121.85,2,0.00026244000000000007,-0.01372425296002434,-0.0009827727491525788,-0.03399161464474795,0.9993273983896648,0.0040666171571467884,-0.002181661564992912,-0.0016231562043547264,0.04903325,-0.29419949999999995,9.77723005
1786689704.072400,8.587,0.0,0.0,0,0,,,,,,,,,,,,,,,,,,,,,,,,,,,0,0.0,-1,0,False,True,False,"A:1,B:1,ESTOP:0,MODE:1",,,,36.967904276666665,127.87269336166666,121.85,2,0.00026244000000000007,-0.013732677448780886,-0.0009737553288617683,-0.033991504234583574,0.9993272952394112,-0.003525565089028546,-0.00471238898038469,0.0035081117965086025,-0.0588399,-0.3138128,9.747810099999999
1786689704.122324,8.636,0.0,0.0,0,0,,,,,,,,,,,,,,,,,,,,,,,,,,,0,0.0,-1,0,False,True,False,"A:1,B:1,ESTOP:0,MODE:1",,,,36.967904268333335,127.872693375,121.85400000000001,2,0.00026244000000000007,-0.013732109902324303,-0.0009559542482578799,-0.034017428573082265,0.9993264380883661,-0.0016929693744344998,-0.002408554367752175,-0.000890117918517108,-0.00980665,-0.28439285,9.7870367
1786689704.172447,8.687,0.0,0.0,0,0,,,,,,,,,,,,,,,,,,,,,,,,,,,0,0.0,-1,0,False,True,False,"A:1,B:1,ESTOP:0,MODE:1",,,,36.967904268333335,127.872693375,121.85400000000001,2,0.00026244000000000007,-0.01372367722995683,-0.0009650916488830763,-0.034008818372814546,0.999326838203739,0.004345869837465881,-0.0008377580409572782,0.0004188790204786391,0.0,-0.20593965,9.81645665
1786689704.222409,8.737,0.0,0.0,0,0,,,,,,,,,,,,,,,,,,,,,,,,,,,0,0.0,-1,0,False,True,False,"A:1,B:1,ESTOP:0,MODE:1",,,,36.967904268333335,127.872693375,121.85400000000001,2,0.00026244000000000007,-0.013715252898585238,-0.0009741092162075793,-0.034008928784779215,0.9993269413520653,-0.0005061454830783556,-0.0009424777960769379,-0.005235987755982988,-0.00980665,-0.25497289999999995,9.826263299999999
1786689704.272382,8.787,0.0,0.0,0,0,,,,,,,,,,,,,,,,,,,,,,,,,,,0,0.0,-1,0,False,True,False,"A:1,B:1,ESTOP:0,MODE:1",,,,36.967904268333335,127.872693375,121.85400000000001,2,0.00026244000000000007,-0.013698683198094794,-0.001001104230189993,-0.033991826257937424,0.9993277238306805,-0.0034557519189487725,-0.009808750396208134,0.0004188790204786391,0.08825984999999999,-0.26477955,9.81645665
1786689704.322363,8.836,0.0,0.0,0,0,,,,,,,,,,,,,,,,,,,,,,,,,,,0,0.0,-1,0,False,True,False,"A:1,B:1,ESTOP:0,MODE:1",,,,36.96790433666666,127.87269329333333,121.85,2,0.00026244000000000007,-0.01367191109524756,-0.0009847911645990937,-0.033974121569190545,0.9993287087325008,-0.001186823891356144,0.0003665191429188092,0.01007054978400728,0.0392266,-0.2353596,9.757616749999999
1786689704.372343,8.886,0.0,0.0,0,0,,,,,,,,,,,,,,,,,,,,,,,,,,,0,0.0,-1,0,False,True,False,"A:1,B:1,ESTOP:0,MODE:1",,,,36.96790433666666,127.87269329333333,121.85,2,0.00026244000000000007,-0.013662589587963613,-0.00096776527142745,-0.033965155427334186,0.999329157631722,0.0006108652381980154,0.002670353755551324,0.002286381320112572,0.02941995,-0.28439285,9.79684335
1786689704.422398,8.937,0.0,0.0,0,0,,,,,,,,,,,,,,,,,,,,,,,,,,,0,0.0,-1,0,False,True,False,"A:1,B:1,ESTOP:0,MODE:1",,,,36.96790433666666,127.87269329333333,121.85,2,0.00026244000000000007,-0.013680614698108013,-0.000984733456340822,-0.0339566885824533,0.9993291821927428,-0.0003316125578789226,-0.0022165681500327986,-0.0002617993877991494,0.04903325,-0.20593965,9.836069949999999
1786689704.472450,8.987,0.0,0.0,0,0,,,,,,,,,,,,,,,,,,,,,,,,,,,0,0.0,-1,0,False,True,False,"A:1,B:1,ESTOP:0,MODE:1",,,,36.96790433666666,127.87269329333333,121.85,2,0.00026244000000000007,-0.013680884667688808,-0.000993812425341196,-0.03393064472100164,0.999330054126458,-0.0003141592653589793,-0.01017526953912694,0.0007155849933176752,0.0392266,-0.21574629999999997,9.757616749999999
1786689704.522336,9.036,0.0,0.0,0,0,,,,,,,,,,,,,,,,,,,,,,,,,,,0,0.0,-1,0,False,True,False,"A:1,B:1,ESTOP:0,MODE:1",,,,36.967904241666666,127.87269329666667,121.85,2,0.00026244000000000007,-0.013689927454204803,-0.001001878734022506,-0.03395693437731258,0.9993290292656347,0.004363323129985824,-0.00466002910282486,0.005427973973702365,0.04903325,-0.21574629999999997,9.79684335
1786689704.572350,9.086,0.0,0.0,0,0,,,,,,,,,,,,,,,,,,,,,,,,,,,0,0.0,-1,0,False,True,False,"A:1,B:1,ESTOP:0,MODE:1",,,,36.967904241666666,127.87269329666667,121.85,2,0.00026244000000000007,-0.01368090201090406,-0.0009935736487078051,-0.033948086315591465,0.9993294617727837,0.0028448866807507574,-0.0020943951023931952,-0.0004537856055185257,0.0588399,-0.21574629999999997,9.80665
1786689704.622342,9.136,0.0,0.0,0,0,,,,,,,,,,,,,,,,,,,,,,,,,,,0,0.0,-1,0,False,True,False,"A:1,B:1,ESTOP:0,MODE:1",,,,36.967904241666666,127.87269329666667,121.85,2,0.00026244000000000007,-0.013681476173624545,-0.0010112540484787022,-0.033930881767235584,0.9993300204824519,0.0019896753472735357,-0.0027925268031909274,-0.0016755160819145565,0.0196133,-0.25497289999999995,9.826263299999999
1786689704.672373,9.186,0.0,0.0,0,0,,,,,,,,,,,,,,,,,,,,,,,,,,,0,0.0,-1,0,False,True,False,"A:1,B:1,ESTOP:0,MODE:1",,,,36.967904241666666,127.87269329666667,121.85,2,0.00026244000000000007,-0.013681171671903754,-0.0010026526277319022,-0.03392204244438587,0.9993303334062232,0.0037524578917878084,0.0029146998508305304,0.0029845130209103037,0.0,-0.25497289999999995,9.836069949999999
1786689704.722359,9.236,0.0,0.0,0,0,,,,,,,,,,,,,,,,,,,,,,,,,,,0,0.0,-1,0,False,True,False,"A:1,B:1,ESTOP:0,MODE:1",,,,36.96790424833333,127.872693275,121.84200000000001,2,0.00026244000000000007,-0.013654435112175492,-0.0009858607550318654,-0.033939221194598336,0.9993301325112953,0.005532693728822024,0.0013788101090755204,-0.003682644721708035,0.04903325,-0.26477955,9.757616749999999
1786689704.772353,9.286,0.0,0.0,0,0,,,,,,,,,,,,,,,,,,,,,,,,,,,0,0.0,-1,0,False,True,False,"A:1,B:1,ESTOP:0,MODE:1",,,,36.96790424833333,127.872693275,121.84200000000001,2,0.00026244000000000007,-0.013646314730017428,-0.0010034794704398468,-0.03394816983234841,0.9993299219418359,-0.0016580627893946131,-0.001117010721276371,0.002722713633111154,-0.0,-0.29419949999999995,9.747810099999999
1786689704.822343,9.336,0.0,0.0,0,0,,,,,,,,,,,,,,,,,,,,,,,,,,,0,0.0,-1,0,False,True,False,"A:1,B:1,ESTOP:0,MODE:1",,,,36.96790424833333,127.872693275,121.84200000000001,2,0.00026244000000000007,-0.013637298024344352,-0.0009950549124639189,-0.033948042930446475,0.9993300577634544,0.0008552113334772215,0.008325220532012952,-0.005689773361501515,0.00980665,-0.25497289999999995,9.826263299999999
1786689704.872367,9.386,0.0,0.0,0,0,,,,,,,,,,,,,,,,,,,,,,,,,,,0,0.0,-1,0,False,True,False,"A:1,B:1,ESTOP:0,MODE:1",,,,36.96790424833333,127.872693275,121.84200000000001,2,0.00026244000000000007,-0.013637593930772136,-0.0010037757240709338,-0.0339481610740454,0.9993300409903457,-0.0023387411976724015,0.0018500490071139892,-0.0029670597283903604,0.04903325,-0.30400615,9.80665
1786689704.922336,9.436,0.0,0.0,0,0,,,,,,,,,,,,,,,,,,,,,,,,,,,0,0.0,-1,0,False,True,False,"A:1,B:1,ESTOP:0,MODE:1",,,,36.967904348333334,127.87269331166667,121.846,2,0.00026244000000000007,-0.01366319030658854,-0.0009850876447025196,-0.03397411297397277,0.999328828004381,0.003979350694547071,-0.006911503837897545,-0.005497787143782138,-0.0,-0.21574629999999997,9.826263299999999
1786689704.972366,9.486,0.0,0.0,0,0,,,,,,,,,,,,,,,,,,,,,,,,,,,0,0.0,-1,0,False,True,False,"A:1,B:1,ESTOP:0,MODE:1",,,,36.967904348333334,127.87269331166667,121.846,2,0.00026244000000000007,-0.01365477432705614,-0.0009939857662530683,-0.033982943462901524,0.9993286339758163,-0.0019896753472735357,-0.0008726646259971648,0.005497787143782138,0.0392266,-0.21574629999999997,9.7674234
1786689705.022353,9.536,0.0,0.0,0,0,,,,,,,,,,,,,,,,,,,,,,,,,,,0,0.0,-1,0,False,True,False,"A:1,B:1,ESTOP:0,MODE:1",,,,36.967904348333334,127.87269331166667,121.846,2,0.00026244000000000007,-0.013628011004593868,-0.0009775527593270518,-0.03397396049499797,0.9993293209522801,-0.0075223690760955605,0.000767944870877505,0.003944444109507185,0.00980665,-0.26477955,9.81645665
1786689705.072448,9.587,0.0,0.0,0,0,,,,,,,,,,,,,,,,,,,,,,,,,,,0,0.0,-1,0,False,True,False,"A:1,B:1,ESTOP:0,MODE:1",,,,36.967904348333334,127.87269331166667,121.846,2,0.00026244000000000007,-0.01365477432705614,-0.0009939857662530683,-0.033982943462901524,0.9993286339758163,-0.001117010721276371,0.0025132741228718345,-0.004241150082346221,0.04903325,-0.28439285,9.80665
1786689705.122341,9.636,0.0,0.0,0,0,,,,,,,,,,,,,,,,,,,,,,,,,,,0,0.0,-1,0,False,True,False,"A:1,B:1,ESTOP:0,MODE:1",,,,36.96790433166667,127.87269328333333,121.845,2,0.00026244000000000007,-0.013637332750004947,-0.0009945788803545925,-0.03398292610940129,0.9993288721443804,-0.0004188790204786391,0.002530727415391778,0.002286381320112572,0.00980665,-0.28439285,9.77723005
1786689705.172364,9.686,0.0,0.0,0,0,,,,,,,,,,,,,,,,,,,,,,,,,,,0,0.0,-1,0,False,True,False,"A:1,B:1,ESTOP:0,MODE:1",,,,36.96790433166667,127.87269328333333,121.845,2,0.00026244000000000007,-0.013654791673300738,-0.0009937474453310638,-0.03400038503269708,0.9993280407093569,0.008028514559173916,0.0026005405854715507,0.0025132741228718345,0.02941995,-0.2353596,9.77723005
1786689705.222337,9.736,0.0,0.0,0,0,,,,,,,,,,,,,,,,,,,,,,,,,,,0,0.0,-1,0,False,True,False,"A:1,B:1,ESTOP:0,MODE:1",,,,36.96790433166667,127.87269328333333,121.845,2,0.00026244000000000007,-0.013628908170908961,-0.0010035962395950324,-0.033983035495679256,0.9993289743398598,0.003735004599267865,3.490658503988659e-05,-0.003612831551628262,0.04903325,-0.24516625,9.81645665
1786689705.272362,9.786,0.0,0.0,0,0,,,,,,,,,,,,,,,,,,,,,,,,,,,0,0.0,-1,0,False,True,False,"A:1,B:1,ESTOP:0,MODE:1",,,,36.96790433166667,127.87269328333333,121.845,2,0.00026244000000000007,-0.013629195546207125,-0.0010124359790287724,-0.03397443276839809,0.9993292540100169,0.005148721293383272,0.005445427266222308,0.005969026041820607,0.0588399,-0.25497289999999995,9.79684335
1786689705.322363,9.836,0.0,0.0,0,0,,,,,,,,,,,,,,,,,,,,,,,,,,,0,0.0,-1,0,False,True,False,"A:1,B:1,ESTOP:0,MODE:1",,,,36.967904426666664,127.87269318666667,121.84200000000001,2,0.00026244000000000007,-0.013638194651795239,-0.0010210983313935049,-0.03395711815166452,0.9993297109221116,-0.015236724369910496,0.006003932626860493,-0.0004886921905584122,0.06864655,-0.26477955,9.81645665
1786689705.372372,9.886,0.0,0.0,0,0,,,,,,,,,,,,,,,,,,,,,,,,,,,0,0.0,-1,0,False,True,False,"A:1,B:1,ESTOP:0,MODE:1",,,,36.967904426666664,127.87269318666667,121.84200000000001,2,0.00026244000000000007,-0.013638499617558726,-0.0010297001218641565,-0.033965957082801965,0.9993293975488212,0.006911503837897545,-0.008447393579652554,-0.0010995574287564276,-0.0588399,-0.37265269999999995,9.757616749999999
1786689705.422329,9.936,0.0,0.0,0,0,,,,,,,,,,,,,,,,,,,,,,,,,,,0,0.0,-1,0,False,True,False,"A:1,B:1,ESTOP:0,MODE:1",,,,36.967904426666664,127.87269318666667,121.84200000000001,2,0.00026244000000000007,-0.013647229393911312,-0.0010292846184284535,-0.03397468685915455,0.9993289820453856,0.0030892327760299633,-0.003665191429188092,-0.0027576202181510408,0.02941995,-0.24516625,9.738003449999999
1786689705.472384,9.987,0.0,0.0,0,0,,,,,,,,,,,,,,,,,,,,,,,,,,,0,0.0,-1,0,False,True,False,"A:1,B:1,ESTOP:0,MODE:1",,,,36.96790441,127.87269315333333,121.84,2,0.00026244000000000007,-0.01366495804936368,-0.0010375316978701193,-0.03396610238991789,0.999329023063937,-0.0043982297150257105,-0.0023911010752322315,0.007260569688296411,0.02941995,-0.26477955,9.79684335
1786689705.522366,10.036,0.0,0.0,0,0,,,,,,,,,,,,,,,,,,,,,,,,,,,0,0.0,-1,0,False,True,False,"A:1,B:1,ESTOP:0,MODE:1",,,,36.96790441,127.87269315333333,121.84,2,0.00026244000000000007,-0.01366497615562661,-0.001037293199201998,-0.033983543966506866,0.9993284300914097,0.0010995574287564276,-0.007225663103256524,-0.004241150082346221,0.0196133,-0.35303939999999995,9.80665
1786689705.572497,10.087,0.0,0.0,0,0,,,,,,,,,,,,,,,,,,,,,,,,,,,0,0.0,-1,0,False,True,False,"A:1,B:1,ESTOP:0,MODE:1",,,,36.96790441,127.87269315333333,121.84,2,0.00026244000000000007,-0.013674280147640081,-0.0010545575608721118,-0.03397506909802972,0.999328572918126,-0.00047123889803846896,-0.015079644737231007,0.0060911990894602095,0.0784532,-0.21574629999999997,9.81645665
1786689705.622422,10.137,0.0,0.0,0,0,,,,,,,,,,,,,,,,,,,,,,,,,,,0,0.0,-1,0,False,True,False,"A:1,B:1,ESTOP:0,MODE:1",,,,36.96790441,127.87269315333333,121.84,2,0.00026244000000000007,-0.013675159093524032,-0.001080839296484768,-0.03396670359086188,0.9993288171854909,0.0027576202181510408,-0.006352998477259359,-0.0052010811709431014,0.02941995,-0.2353596,9.81645665
1786689705.672438,10.187,0.0,0.0,0,0,,,,,,,,,,,,,,,,,,,,,,,,,,,0,0.0,-1,0,False,True,False,"A:1,B:1,ESTOP:0,MODE:1",,,,36.96790441,127.87269315333333,121.84,2,0.00026244000000000007,-0.013658319197078017,-0.0010987545429408173,-0.03397564204775598,0.9993287240956339,0.002007128639793479,-0.00301941960595019,0.0070685834705770355,-0.0196133,-0.28439285,9.836069949999999
1786689705.722372,10.236,0.0,0.0,0,0,,,,,,,,,,,,,,,,,,,,,,,,,,,0,0.0,-1,0,False,True,False,"A:1,B:1,ESTOP:0,MODE:1",,,,36.96790447666667,127.87269311333333,121.83699999999999,2,0.00026244000000000007,-0.013659237005428192,-0.0011245593475848702,-0.034002159184724615,0.9993277809515155,-0.00153588974175501,0.0016231562043547264,-0.0016755160819145565,0.1372931,-0.38245935,9.81645665
1786689705.772398,10.287,0.0,0.0,0,0,,,,,,,,,,,,,,,,,,,,,,,,,,,0,0.0,-1,0,False,True,False,"A:1,B:1,ESTOP:0,MODE:1",,,,36.96790447666667,127.87269311333333,121.83699999999999,2,0.00026244000000000007,-0.013668570402320602,-0.0011414656448386967,-0.03401984721104866,0.9993270321746907,-0.0018151424220741027,-0.012758356832078549,0.002234021442552742,0.0784532,-0.25497289999999995,9.80665
1786689705.822362,10.336,0.0,0.0,0,0,,,,,,,,,,,,,,,,,,,,,,,,,,,0,0.0,-1,0,False,True,False,"A:1,B:1,ESTOP:0,MODE:1",,,,36.96790447666667,127.87269311333333,121.83699999999999,2,0.00026244000000000007,-0.013667977404952774,-0.0011240240716901798,-0.034019610549884984,0.9993270681121262,0.002007128639793479,0.008063421144213804,0.0031764992386296795,0.00980665,-0.22555294999999997,9.6889702
1786689705.872449,10.387,0.0,0.0,0,0,,,,,,,,,,,,,,,,,,,,,,,,,,,0,0.0,-1,0,False,True,False,"A:1,B:1,ESTOP:0,MODE:1",,,,36.96790443,127.872693125,121.839,2,0.00026244000000000007,-0.013651435392593963,-0.0011506610603139343,-0.03402866623215765,0.9993269555882631,0.001239183768915974,0.0008726646259971648,-0.004276056667386108,0.08825984999999999,-0.24516625,9.7870367
1786689705.922561,10.437,0.0,0.0,0,0,,,,,,,,,,,,,,,,,,,,,,,,,,,0,0.0,-1,0,False,True,False,"A:1,B:1,ESTOP:0,MODE:1",,,,36.96790443,127.872693125,121.839,2,0.00026244000000000007,-0.013660166203213985,-0.0011502448967427095,-0.034037397042777674,0.9993265394246919,0.0026529004630313807,0.0019373154697137059,-0.0028099800957108708,0.0196133,-0.24516625,9.7674234
1786689705.972369,10.486,0.0,0.0,0,0,,,,,,,,,,,,,,,,,,,,,,,,,,,0,0.0,-1,0,False,True,False,"A:1,B:1,ESTOP:0,MODE:1",,,,36.96790443,127.872693125,121.839,2,0.00026244000000000007,-0.013677291175307846,-0.0011411687656228077,-0.034019857170920174,0.9993269128558603,-0.002548180707911721,-0.0005585053606381855,-0.0005235987755982988,-0.04903325,-0.2353596,9.826263299999999
1786689706.022350,10.536,0.0,0.0,0,0,,,,,,,,,,,,,,,,,,,,,,,,,,,0,0.0,-1,0,False,True,False,"A:1,B:1,ESTOP:0,MODE:1",,,,36.96790443,127.872693125,121.839,2,0.00026244000000000007,-0.013668264018573005,-0.0011328641364557828,-0.034011008106801965,0.9993273470215481,0.0020420352248333657,0.0022689280275926286,-0.0054105206811824215,0.00980665,-0.2353596,9.71839015
1786689706.072353,10.586,0.0,0.0,0,0,,,,,,,,,,,,,,,,,,,,,,,,,,,0,0.0,-1,0,False,True,False,"A:1,B:1,ESTOP:0,MODE:1",,,,36.96790443,127.872693125,121.839,2,0.00026244000000000007,-0.013693843221952424,-0.0011144126563815602,-0.03401952140233046,0.999326727805176,-0.0033859387488689996,-0.005777039824101231,-0.0010122909661567112,0.00980665,-0.30400615,9.855683249999998
1786689706.122344,10.636,0.0,0.0,0,0,,,,,,,,,,,,,,,,,,,,,,,,,,,0,0.0,-1,0,False,True,False,"A:1,B:1,ESTOP:0,MODE:1",,,,36.967904485,127.87269321833334,121.844,2,0.00026244000000000007,-0.013719976373171437,-0.001113881215535315,-0.033993388251111444,0.9993272592460222,0.0013264502315156904,-0.002827433388230814,0.0020594885173533086,-0.00980665,-0.21574629999999997,9.80665
1786689706.172616,10.687,0.0,0.0,0,0,,,,,,,,,,,,,,,,,,,,,,,,,,,0,0.0,-1,0,False,True,False,"A:1,B:1,ESTOP:0,MODE:1",,,,36.967904485,127.87269321833334,121.844,2,0.00026244000000000007,-0.013729299558323926,-0.001130906330870249,-0.034002356475829124,0.9993268069748751,-0.001832595714594046,-0.003298672286269283,0.004782202150464463,-0.02941995,-0.24516625,9.836069949999999
1786689706.222375,10.736,0.0,0.0,0,0,,,,,,,,,,,,,,,,,,,,,,,,,,,0,0.0,-1,0,False,True,False,"A:1,B:1,ESTOP:0,MODE:1",,,,36.967904485,127.87269321833334,121.844,2,0.00026244000000000007,-0.013737417922059653,-0.0011132879188168008,-0.033993407686828646,0.999327019635055,-0.001780235837034216,0.0026005405854715507,0.004694935687864747,0.0392266,-0.26477955,9.757616749999999
1786689706.272319,10.786,0.0,0.0,0,0,,,,,,,,,,,,,,,,,,,,,,,,,,,0,0.26802870631217957,-1,0,False,True,False,"A:1,B:1,ESTOP:0,MODE:1",,,,36.967904435,127.87269318,121.84100000000001,2,0.00026244000000000007,-0.013854681973264298,-0.0012223179003556133,-0.03402997570491026,0.9993240287713957,-0.025132741228718343,0.015550883635269477,-0.0004537856055185257,1.5102240999999998,-0.45110589999999995,10.149882749999998
1786689706.322352,10.836,0.0,0.0,0,0,,,,,,,,,,,,,,,,,,,,,,,,,,,0,0.3449365794658661,-1,0,True,True,False,"A:1,B:1,ESTOP:0,MODE:1",,,,36.967904435,127.87269318,121.84100000000001,2,0.00026244000000000007,-0.013771497437763906,-0.0010848573702570703,-0.03407157558927259,0.999323919797616,0.006894050545377602,0.025429447201557383,-0.00445058959258554,0.4903325,-0.25497289999999995,9.845876599999999
1786689706.372374,10.886,0.0,0.0,0,0,,,,,,,,,,,,,,,,,,,,,,,,,,,0,0.4091489017009735,-1,0,True,True,False,"A:1,B:1,ESTOP:0,MODE:1",,,,36.967904435,127.87269318,121.84100000000001,2,0.00026244000000000007,-0.013740294918329916,-0.0009373764872232563,-0.03407824408367049,0.9993242711457839,0.010454522219446033,0.0210835773640915,0.005759586531581287,0.38245935,-0.48052585,9.8654899
1786689706.422395,10.937,0.0,0.0,0,0,,,,,,,,,,,,,,,,,,,,,,,,,,,0,0.41767334938049316,-1,0,True,True,False,"A:1,B:1,ESTOP:0,MODE:1",,,,36.967904435,127.87269318,121.84100000000001,2,0.00026244000000000007,-0.013650094435679268,-0.0008535000147773327,-0.0340508166224724,0.9993265173840654,-0.011344640137963142,-0.014381513036433275,-0.0004363323129985824,0.10787314999999999,-0.17651969999999997,9.659550249999999
1786689706.472367,10.986,0.0,0.0,0,0,,,,,,,,,,,,,,,,,,,,,,,,,,,0,0.43024346232414246,-1,0,True,True,False,"A:1,B:1,ESTOP:0,MODE:1",,,,36.967904428333334,127.87269320166666,121.845,2,0.00026244000000000007,-0.013633687299969052,-0.0011426531608327512,-0.03401980734565498,0.9993275086889809,-0.011693705988362009,0.0027925268031909274,0.00471238898038469,0.1372931,-0.14709974999999997,9.8654899
1786689706.522368,11.036,0.0,0.0,0,0,,,,,,,,,,,,,,,,,,,,,,,,,,,0,0.48552781343460083,-1,0,True,True,False,"A:1,B:1,ESTOP:0,MODE:1",,,,36.967904428333334,127.87269320166666,121.845,2,0.00026244000000000007,-0.013773883148971136,-0.0011545032399539353,-0.034081250296845805,0.9993234789813914,-0.006178465552059927,-0.010768681484805013,-0.0033684854563490563,0.34323275000000003,-0.45110589999999995,9.79684335
1786689706.572395,11.087,0.0,0.0,0,0,,,,,,,,,,,,,,,,,,,,,,,,,,,0,0.48124322295188904,-1,0,True,True,False,"A:1,B:1,ESTOP:0,MODE:1",,,,36.967904428333334,127.87269320166666,121.845,2,0.00026244000000000007,-0.013767337015857887,-0.0012147646698631985,-0.03416056084540575,0.9993207897672378,-0.005026548245743669,0.0038746309394274117,0.002129301687433082,0.0196133,-0.34323275000000003,9.7870367
1786689706.622353,11.136,0.0,0.0,0,0,,,,,,,,,,,,,,,,,,,,,,,,,,,0,0.476240873336792,-1,0,True,True,False,"A:1,B:1,ESTOP:0,MODE:1",,,,36.967904428333334,127.87269320166666,121.845,2,0.00026244000000000007,-0.01379270519385765,-0.001198715822107913,-0.03399465981915998,0.9993261166744282,0.0029845130209103037,0.008063421144213804,0.00853466004225227,0.0392266,-0.196133,9.8654899
1786689706.672353,11.186,0.0,0.0,0,0,,,,,,,,,,,,,,,,,,,,,,,,,,,0,0.45281776785850525,-1,0,True,True,False,"A:1,B:1,ESTOP:0,MODE:1",,,,36.967904428333334,127.87269320166666,121.845,2,0.00026244000000000007,-0.013800373362829943,-0.0011741837351666284,-0.03385477934116496,0.9993307885296857,0.003560471674068432,-8.726646259971648e-05,-0.004345869837465881,-0.0784532,-0.2745862,9.71839015
1786689706.722340,11.236,0.0,0.0,0,0,,,,,,,,,,,,,,,,,,,,,,,,,,,0,0.44348764419555664,-1,0,True,True,False,"A:1,B:1,ESTOP:0,MODE:1",,,,36.967904415,127.87269320333333,121.84800000000001,2,0.00026244000000000007,-0.013730299597117291,-0.0011557506751724365,-0.03409864137997774,0.999323484047778,-0.013055062804917585,-0.0005410520681182421,-0.006126105674500096,0.02941995,-0.0196133,9.845876599999999
1786689706.772347,11.286,0.0,0.0,0,0,,,,,,,,,,,,,,,,,,,,,,,,,,,0,0.45465901494026184,-1,0,True,True,False,"A:1,B:1,ESTOP:0,MODE:1",,,,36.967904415,127.87269320333333,121.84800000000001,2,0.00026244000000000007,-0.01381871639933003,-0.0011874168017334194,-0.034116662005789146,0.9993216131416336,0.0006981317007977319,0.007976154681614086,0.006352998477259359,0.0980665,-0.46091255,9.7870367
1786689706.822338,11.336,0.0,0.0,0,0,,,,,,,,,,,,,,,,,,,,,,,,,,,0,0.43830937147140503,-1,0,True,True,False,"A:1,B:1,ESTOP:0,MODE:1",,,,36.967904415,127.87269320333333,121.84800000000001,2,0.00026244000000000007,-0.013955823368620548,-0.0011258707583418118,-0.03381075519869394,0.9993301757887797,0.0048520153205442364,0.00307177948351002,0.003298672286269283,-0.08825984999999999,-0.5197524499999999,9.7870367
1786689706.872332,11.386,0.0,0.0,0,0,,,,,,,,,,,,,,,,,,,,,,,,,,,0,0.4315381646156311,-1,0,True,True,False,"A:1,B:1,ESTOP:0,MODE:1",,,,36.96790430833333,127.87269327666667,121.852,2,0.00026244000000000007,-0.01385091812260651,-0.0011202070919059293,-0.03384540041319722,0.9993304689011051,-0.0006457718232379018,0.001780235837034216,-0.009180431865490174,0.0588399,-0.0588399,9.77723005
1786689706.922334,11.436,0.0,0.0,0,0,,,,,,,,,,,,,,,,,,,,,,,,,,,0,0.43990832567214966,-1,0,True,True,False,"A:1,B:1,ESTOP:0,MODE:1",,,,36.96790430833333,127.87269327666667,121.852,2,0.00026244000000000007,-0.013688712299043275,-0.001219000573279499,-0.03404709564333006,0.9993257369203749,-0.006265732014659643,0.00047123889803846896,0.003682644721708035,0.12748644999999997,-0.0588399,9.7870367
1786689706.972485,11.487,0.0,0.0,0,0,,,,,,,,,,,,,,,,,,,,,,,,,,,0,0.40385404229164124,-1,0,True,True,False,"A:1,B:1,ESTOP:0,MODE:1",,,,36.96790430833333,127.87269327666667,121.852,2,0.00026244000000000007,-0.013859943747918728,-0.0011285115995970756,-0.0338542509978411,0.9993300346283249,0.0024434609527920616,-0.0013439035240356337,0.0058468529941810045,-0.18632634999999997,-0.5295591,9.757616749999999
1786689707.022335,11.536,0.0,0.0,0,0,,,,,,,,,,,,,,,,,,,,,,,,,,,0,0.39994674921035767,-1,0,True,True,False,"A:1,B:1,ESTOP:0,MODE:1",,,,36.96790430833333,127.87269327666667,121.852,2,0.00026244000000000007,-0.014000525049390835,-0.001160256142983513,-0.0337415227341959,0.9993318511623662,-0.002129301687433082,-0.002827433388230814,-0.007976154681614086,-0.0,-0.40207265,9.81645665
1786689707.072444,11.587,0.0,0.0,0,0,,,,,,,,,,,,,,,,,,,,,,,,,,,0,0.40402138233184814,-1,0,True,True,False,"A:1,B:1,ESTOP:0,MODE:1",,,,36.96790430833333,127.87269327666667,121.852,2,0.00026244000000000007,-0.013845231291557918,-0.0012067440426778958,-0.03391635543214434,0.9993280413225174,-0.00466002910282486,0.006981317007977318,-0.0005235987755982988,0.14709974999999997,0.0980665,9.875296549999998
1786689707.122365,11.636,0.0,0.0,0,0,,,,,,,,,,,,,,,,,,,,,,,,,,,0,0.0,-1,0,True,True,False,"A:1,B:1,ESTOP:0,MODE:1",,,,36.96790427,127.87269334833333,121.85900000000001,2,0.00026244000000000007,-0.01385028004134061,-0.0011033697923714665,-0.03380155648784822,0.9993319804233608,-0.0026005405854715507,-0.0065100781099388496,0.016161748873467493,-0.1372931,-0.22555294999999997,9.738003449999999
1786689707.172396,11.687,0.0,0.0,0,0,,,,,,,,,,,,,,,,,,,,,,,,,,,0,0.0,-1,0,True,True,False,"A:1,B:1,ESTOP:0,MODE:1",,,,36.96790427,127.87269334833333,121.85900000000001,2,0.00026244000000000007,-0.01399026569699493,-0.0011178010608619505,-0.0336798610850167,0.9993341232759991,0.001117010721276371,-0.0020594885173533086,-0.010297442586766544,0.1176798,-0.63743225,9.845876599999999
1786689707.222351,11.736,0.0,0.0,0,0,,,,,,,,,,,,,,,,,,,,,,,,,,,0,0.0,-1,0,True,True,False,"A:1,B:1,ESTOP:0,MODE:1",,,,36.96790427,127.87269334833333,121.85900000000001,2,0.00026244000000000007,-0.013894777736032824,-0.0011279361377427087,-0.0338106863600796,0.9993310264369838,0.0061959188445798695,0.008447393579652554,-0.0004363323129985824,0.17651969999999997,-0.1569064,9.845876599999999
1786689707.272407,11.787,0.0,0.0,0,0,,,,,,,,,,,,,,,,,,,,,,,,,,,0,0.0,-1,0,True,True,False,"A:1,B:1,ESTOP:0,MODE:1",,,,36.967904233333336,127.872693375,121.87,2,0.00026244000000000007,-0.01376244460729678,-0.001089358251052317,-0.03376633837745481,0.9993343998930543,0.011257373675363426,0.007976154681614086,0.010925761117484502,0.0196133,-0.0196133,9.77723005
1786689707.322330,11.836,0.0,0.0,0,0,,,,,,,,,,,,,,,,,,,,,,,,,,,0,0.0,-1,0,True,True,False,"A:1,B:1,ESTOP:0,MODE:1",,,,36.967904233333336,127.872693375,121.87,2,0.00026244000000000007,-0.013813738389740616,-0.001063356487635619,-0.033626502792958056,0.9993384352733539,-0.0012217304763960308,-0.00153588974175501,-0.0019024088846738192,-0.1372931,-0.34323275000000003,9.738003449999999
1786689707.372379,11.886,0.0,0.0,0,0,,,,,,,,,,,,,,,,,,,,,,,,,,,0,0.0,-1,0,True,True,False,"A:1,B:1,ESTOP:0,MODE:1",,,,36.967904233333336,127.872693375,121.87,2,0.00026244000000000007,-0.013888876200373166,-0.001216893858152556,-0.03370722887727489,0.9993344990585704,0.003735004599267865,0.00947713783832921,-0.008499753457212385,0.29419949999999995,-0.29419949999999995,9.914523149999999
1786689707.422338,11.936,0.0,0.0,0,0,,,,,,,,,,,,,,,,,,,,,,,,,,,0,0.0,-1,0,True,True,False,"A:1,B:1,ESTOP:0,MODE:1",,,,36.967904233333336,127.872693375,121.87,2,0.00026244000000000007,-0.013804246841422186,-0.001036041702969257,-0.0337307850829636,0.9993350807033734,-0.0051836278784231585,0.009791297103688189,0.007819075048934596,-0.18632634999999997,-0.25497289999999995,9.855683249999998
1786689707.472321,11.986,0.0,0.0,0,0,,,,,,,,,,,,,,,,,,,,,,,,,,,0,0.0,-1,0,True,True,False,"A:1,B:1,ESTOP:0,MODE:1",,,,36.967904096666665,127.87269341333334,121.87299999999999,2,0.00026244000000000007,-0.013798113531908195,-0.0011155462378217816,-0.033679526379823965,0.9993368086498078,-0.0015707963267948964,-0.0012566370614359172,-0.0013439035240356337,0.22555294999999997,-0.2745862,9.7870367
1786689707.522342,12.036,0.0,0.0,0,0,,,,,,,,,,,,,,,,,,,,,,,,,,,0,0.0,-1,0,True,True,False,"A:1,B:1,ESTOP:0,MODE:1",,,,36.967904096666665,127.87269341333334,121.87299999999999,2,0.00026244000000000007,-0.013882967477499335,-0.0013057292138712621,-0.033612490124923414,0.9993376600493152,-0.0009599310885968813,0.009826203688728075,0.012426744274199627,0.06864655,-0.34323275000000003,9.9047165
1786689707.572401,12.087,0.0,0.0,0,0,,,,,,,,,,,,,,,,,,,,,,,,,,,0,0.0,-1,0,True,True,False,"A:1,B:1,ESTOP:0,MODE:1",,,,36.967904096666665,127.87269341333334,121.87299999999999,2,0.00026244000000000007,-0.013844014347970892,-0.001184447678543296,-0.033636929558251094,0.9993375292263987,0.0004363323129985824,-0.008045967851693859,-0.0029670597283903604,0.06864655,-0.35303939999999995,9.669356899999999
1786689707.622389,12.137,0.0,0.0,0,0,,,,,,,,,,,,,,,,,,,,,,,,,,,0,0.0,-1,0,True,True,False,"A:1,B:1,ESTOP:0,MODE:1",,,,36.967904096666665,127.87269341333334,121.87299999999999,2,0.00026244000000000007,-0.013829797102756614,-0.0012809644340130225,-0.033638225337389444,0.999337563408064,0.0021467549799530253,0.0069638637154573755,0.0046251225177849735,0.22555294999999997,-0.196133,9.845876599999999
1786689707.672428,12.187,0.0,0.0,0,0,,,,,,,,,,,,,,,,,,,,,,,,,,,0,0.0,-1,0,True,True,False,"A:1,B:1,ESTOP:0,MODE:1",,,,36.967904096666665,127.87269341333334,121.87299999999999,2,0.00026244000000000007,-0.013845362089777881,-0.0012293811347291268,-0.03354159908503334,0.9993406604864266,0.0054105206811824215,-0.004049163864626845,0.00747000919853573,0.0196133,-0.3138128,9.836069949999999
1786689707.722380,12.236,0.0,0.0,0,0,,,,,,,,,,,,,,,,,,,,,,,,,,,0,0.0,-1,0,True,True,False,"A:1,B:1,ESTOP:0,MODE:1",,,,36.96790401333333,127.87269334166666,121.87,2,0.00026244000000000007,-0.01387410976828311,-0.0013074754386765955,-0.0335078281371716,0.9993412955740619,0.005689773361501515,0.0031066860685499066,-0.006684611035138282,0.1569064,-0.30400615,9.67916355
1786689707.772405,12.287,0.0,0.0,0,0,,,,,,,,,,,,,,,,,,,,,,,,,,,0,0.0,-1,0,True,True,False,"A:1,B:1,ESTOP:0,MODE:1",,,,36.96790401333333,127.87269334166666,121.87,2,0.00026244000000000007,-0.013812232286077083,-0.0012828774166306024,-0.03354227327771624,0.999341029062738,0.003560471674068432,-0.010786134777324957,0.0020943951023931952,0.0,-0.18632634999999997,9.757616749999999
1786689707.822351,12.336,0.0,0.0,0,0,,,,,,,,,,,,,,,,,,,,,,,,,,,0,0.0,-1,0,True,True,False,"A:1,B:1,ESTOP:0,MODE:1",,,,36.96790401333333,127.87269334166666,121.87,2,0.00026244000000000007,-0.01374246508724453,-0.0012852191059316053,-0.033542183634236555,0.9993419909031256,-0.00034906585039886593,0.00013962634015954637,0.0006108652381980154,0.25497289999999995,-0.20593965,9.7870367
1786689707.872365,12.386,0.0,0.0,0,0,,,,,,,,,,,,,,,,,,,,,,,,,,,0,0.0,-1,0,True,True,False,"A:1,B:1,ESTOP:0,MODE:1",,,,36.96790387833333,127.87269324,121.85400000000001,2,0.00026244000000000007,-0.013776664584903963,-0.001267688454739006,-0.033463501848175085,0.9993441802116797,-0.004380776422505767,-0.0034557519189487725,0.005166174585903215,-0.04903325,-0.6276256,9.738003449999999
1786689707.922359,12.436,0.0,0.0,0,0,,,,,,,,,,,,,,,,,,,,,,,,,,,0,0.0,-1,0,True,True,False,"A:1,B:1,ESTOP:0,MODE:1",,,,36.96790387833333,127.87269324,121.85400000000001,2,0.00026244000000000007,-0.013673425577371548,-0.0013152747768354432,-0.03342907663288112,0.9993466887525643,-0.011362093430483085,-0.003351032163829113,-0.007958701389094143,0.46091255,-0.08825984999999999,9.894909849999998
1786689707.972425,12.487,0.0,0.0,0,0,,,,,,,,,,,,,,,,,,,,,,,,,,,0,0.0,-1,0,True,True,False,"A:1,B:1,ESTOP:0,MODE:1",,,,36.96790387833333,127.87269324,121.85400000000001,2,0.00026244000000000007,-0.013594074384296056,-0.0012916187501036736,-0.03343734135440054,0.9993475256715193,0.01783726495538205,0.010681415022205296,-0.0008203047484373349,0.40207265,0.10787314999999999,9.7870367
1786689708.022358,12.536,0.0,0.0,0,0,,,,,,,,,,,,,,,,,,,,,,,,,,,0,0.0,-1,0,True,True,False,"A:1,B:1,ESTOP:0,MODE:1",,,,36.96790387833333,127.87269324,121.85400000000001,2,0.00026244000000000007,-0.013659721766325112,-0.0011676677751722056,-0.033400892286259386,0.9993480019231114,-0.0030019663134302466,0.0205599785884932,0.004694935687864747,0.6864655000000001,-0.61781895,10.0223963
1786689708.072349,12.586,0.0,0.0,0,0,,,,,,,,,,,,,,,,,,,,,,,,,,,0,0.0,-1,0,True,True,False,"A:1,B:1,ESTOP:0,MODE:1",,,,36.96790387833333,127.87269324,121.85400000000001,2,0.00026244000000000007,-0.013538085854706072,-0.001190608134154024,-0.033296331928176055,0.9993531192545457,-0.01572541656046891,-0.013107422682477415,0.0030892327760299633,0.46091255,-0.4903325,9.69877685
1786689708.122394,12.637,0.0,0.0,0,0,,,,,,,,,,,,,,,,,,,,,,,,,,,0,0.0,-1,0,True,True,False,"A:1,B:1,ESTOP:0,MODE:1",,,,36.96790372,127.87269318333334,121.84100000000001,2,0.00026244000000000007,-0.013495213081486284,-0.0012197550077288905,-0.033183257071565,0.9993574249845392,0.001186823891356144,-0.0067369709126981125,-0.0007155849933176752,0.3334261,-0.8041453,9.875296549999998
1786689708.172380,12.686,0.0,0.0,0,0,,,,,,,,,,,,,,,,,,,,,,,,,,,0,0.0,-1,0,True,True,False,"A:1,B:1,ESTOP:0,MODE:1",,,,36.96790372,127.87269318333334,121.84100000000001,2,0.00026244000000000007,-0.01342283201756526,-0.0011436992272093579,-0.03317340493395692,0.999358816810956,-0.014678219009272311,-0.00767944870877505,0.009948376736367677,0.06864655,-0.6080123,9.79684335
1786689708.222403,12.737,0.0,0.0,0,0,,,,,,,,,,,,,,,,,,,,,,,,,,,0,0.0,-1,0,True,True,False,"A:1,B:1,ESTOP:0,MODE:1",,,,36.96790372,127.87269318333334,121.84100000000001,2,0.00026244000000000007,-0.01343392951298052,-0.0012124748318020654,-0.03322667142603005,0.9993568170321195,-0.008970992355250854,-0.011309733552923256,0.005829399701661061,0.48052585,-0.7453053999999999,9.8654899
1786689708.272431,12.787,0.0,0.0,0,0,,,,,,,,,,,,,,,,,,,,,,,,,,,0,0.0,-1,0,True,True,False,"A:1,B:1,ESTOP:0,MODE:1",,,,36.96790372,127.87269318333334,121.84100000000001,2,0.00026244000000000007,-0.013424267252819184,-0.0011874216908634345,-0.03316526493762425,0.9993590167102461,-0.021868975527488947,-0.010576695267085637,0.009773843811168246,0.5687857,-0.9512450499999999,9.9439431
1786689708.322340,12.836,0.0,0.0,0,0,,,,,,,,,,,,,,,,,,,,,,,,,,,0,0.0,-1,0,True,True,False,"A:1,B:1,ESTOP:0,MODE:1",,,,36.967903553333336,127.87269293,121.833,2,0.00026244000000000007,-0.013439348245609236,-0.0011176607422278373,-0.03312074942902642,0.9993603707924676,-0.02326523892908441,-0.005759586531581287,-0.0037524578917878084,0.77472535,-0.8433718999999998,9.826263299999999
1786689708.372382,12.887,0.0,0.0,0,0,,,,,,,,,,,,,,,,,,,,,,,,,,,0,0.0,-1,0,True,True,False,"A:1,B:1,ESTOP:0,MODE:1",,,,36.967903553333336,127.87269293,121.833,2,0.00026244000000000007,-0.01351665482547708,-0.0010805290366448046,-0.03309420565686985,0.9993602483845706,0.0034557519189487725,0.010838494654884786,-0.0214850030920502,0.81395195,-0.61781895,10.1400761
1786689708.422378,12.936,0.0,0.0,0,0,,,,,,,,,,,,,,,,,,,,,,,,,,,0,0.0,-1,0,True,True,False,"A:1,B:1,ESTOP:0,MODE:1",,,,36.967903553333336,127.87269293,121.833,2,0.00026244000000000007,-0.013349773123665334,-0.0010514813666333382,-0.03306740025171393,0.9993634098690402,0.016824973989225337,-0.003438298626428829,-0.01111774733520388,0.1372931,0.1372931,9.845876599999999
1786689708.472336,12.986,0.0,0.0,0,0,,,,,,,,,,,,,,,,,,,,,,,,,,,0,0.0,-1,0,True,True,False,"A:1,B:1,ESTOP:0,MODE:1",,,,36.967903553333336,127.87269293,121.833,2,0.00026244000000000007,-0.013197373452192865,-0.0011965589924119353,-0.03304289931356258,0.9993660812662668,0.00614355896702004,-0.023631758072003222,0.0007504915783575617,0.61781895,0.6962721499999999,9.738003449999999
1786689708.522362,13.036,0.0,0.0,0,0,,,,,,,,,,,,,,,,,,,,,,,,,,,0,0.0,-1,0,True,True,False,"A:1,B:1,ESTOP:0,MODE:1",,,,36.96790330333333,127.87269296666666,121.84,2,0.00026244000000000007,-0.013251496550139524,-0.0012581895525139318,-0.032869342008160524,0.9993710127646199,-0.011938052083641215,-0.0033859387488689996,0.02324778563656447,-0.28439285,-1.7161637499999998,9.77723005
1786689708.572426,13.087,0.0,0.0,0,0,,,,,,,,,,,,,,,,,,,,,,,,,,,0,0.0,-1,0,True,True,False,"A:1,B:1,ESTOP:0,MODE:1",,,,36.96790330333333,127.87269296666666,121.84,2,0.00026244000000000007,-0.01305115165707649,-0.0012739635917271954,-0.03283431698935506,0.9993747805928633,0.018011797880581482,-0.030630528372500482,-0.014172073526193957,-0.5099457999999999,-0.5295591,9.836069949999999
1786689708.622392,13.137,0.0,0.0,0,0,,,,,,,,,,,,,,,,,,,,,,,,,,,0,0.0,-2,0,True,True,False,"A:1,B:1,ESTOP:0,MODE:1",,,,36.96790330333333,127.87269296666666,121.84,2,0.00026244000000000007,-0.01258493300389505,-0.0016996216998628176,-0.03283880940802922,0.9993799794592785,0.01741838593490341,-0.008691739674931762,-0.01096066770252439,1.1375714,1.2160246,9.855683249999998
1786689708.672398,13.187,0.0,0.0,0,0,,,,,,,,,,,,,,,,,,,,,,,,,,,0,0.0,-2,0,True,True,False,"A:1,B:1,ESTOP:0,MODE:1",,,,36.96790330333333,127.87269296666666,121.84,2,0.00026244000000000007,-0.012600759837574287,-0.0013851268672444436,-0.03280877018991131,0.9993812520123153,0.028344147052387914,0.016807520696705394,-0.01265363707695889,-1.7946169499999998,-0.8041453,9.924329799999999
1786689708.722430,13.237,0.0,0.0,0,0,,,,,,,,,,,,,,,,,,,,,,,,,,,0,0.47224876284599304,-2,0,True,True,False,"A:1,B:1,ESTOP:0,MODE:1",,,,36.967903013333334,127.87269296,121.84100000000001,2,0.00026244000000000007,-0.012613145525646331,-0.0017594805022956388,-0.03286577941629947,0.9993786336177446,-0.05778785153353225,-0.04605923896013035,0.03412118687648914,2.6477955,0.4216859499999999,10.071429549999998
1786689708.772425,13.287,0.0,0.0,0,0,,,,,,,,,,,,,,,,,,,,,,,,,,,0,0.24942804872989655,-2,0,True,True,False,"A:1,B:1,ESTOP:0,MODE:1",,,,36.967903013333334,127.87269296,121.84100000000001,2,0.00026244000000000007,-0.01259823418167711,-0.001567020471494346,-0.032933140729434006,0.9993769244804688,0.029304078140984794,0.055309483995700306,-0.03775147172063734,-1.4023509499999998,-0.0588399,10.0420096
1786689708.822387,13.337,0.0,0.0,0,0,,,,,,,,,,,,,,,,,,,,,,,,,,,0,0.6662465333938599,-2,0,True,True,False,"A:1,B:1,ESTOP:0,MODE:1",,,,36.967903013333334,127.87269296,121.84100000000001,2,0.00026244000000000007,-0.012660747205113003,-0.0013474642799664732,-0.0328694654784938,0.9993785509302171,-0.02623229865747477,-0.02473131550075965,0.010943214410004447,2.73605535,-0.5197524499999999,10.130269449999998
1786689708.872339,13.386,0.0,0.0,0,0,,,,,,,,,,,,,,,,,,,,,,,,,,,0,0.3818153738975525,-2,0,True,True,False,"A:1,B:1,ESTOP:0,MODE:1",,,,36.96790278333334,127.87269280666666,121.83600000000001,2,0.00026244000000000007,-0.012521334673203093,-0.0010901293252370957,-0.03286603767796568,0.9993807339364745,-0.026371924997634317,0.00773180858633488,-0.0018675022996339325,-1.4023509499999998,-0.8727918499999999,9.60071035
1786689708.922408,13.437,0.0,0.0,0,0,,,,,,,,,,,,,,,,,,,,,,,,,,,0,0.4735870957374573,-2,0,True,True,False,"A:1,B:1,ESTOP:0,MODE:1",,,,36.96790278333334,127.87269280666666,121.83600000000001,2,0.00026244000000000007,-0.01253421252882858,-0.0014826949925239438,-0.03286219230138547,0.9993801936445349,-0.02998475654926258,-0.011152653920243767,0.010314895879286487,0.53936575,0.28439285,9.79684335
1786689708.972454,13.487,0.0,0.0,0,0,,,,,,,,,,,,,,,,,,,,,,,,,,,0,0.4141433537006378,-2,0,True,True,False,"A:1,B:1,ESTOP:0,MODE:1",,,,36.96790278333334,127.87269280666666,121.83600000000001,2,0.00026244000000000007,-0.01241805573637217,-0.0016703982180687892,-0.03282065593967353,0.9993827125807265,0.02183406894244906,0.01895427567665842,0.016702800941585733,-0.21574629999999997,-0.30400615,9.561483749999999
1786689709.022379,13.536,0.0,0.0,0,0,,,,,,,,,,,,,,,,,,,,,,,,,,,0,0.4365801513195038,-2,0,True,True,False,"A:1,B:1,ESTOP:0,MODE:1",,,,36.96790278333334,127.87269280666666,121.83600000000001,2,0.00026244000000000007,-0.012507449820876659,-0.0017380682226444072,-0.03276061622656161,0.9993834523556449,0.0065100781099388496,-0.022305307840487534,0.011030480872604163,0.18632634999999997,-0.08825984999999999,9.5516771
1786689709.072355,13.586,0.0,0.0,0,0,,,,,,,,,,,,,,,,,,,,,,,,,,,0,0.2652392089366913,-2,0,True,True,False,"A:1,B:1,ESTOP:0,MODE:1",,,,36.967902368333334,127.87269242166667,121.822,2,0.00026244000000000007,-0.012321289594040446,-0.001658041642303167,-0.03266329948580489,0.9993890861858323,0.045186574334133194,-0.030787608005179972,0.009232791743050004,-1.0983448,-0.10787314999999999,9.384964049999999
1786689709.122361,13.636,0.0,0.0,0,0,,,,,,,,,,,,,,,,,,,,,,,,,,,0,0.34585779905319214,-2,0,True,True,False,"A:1,B:1,ESTOP:0,MODE:1",,,,36.967902368333334,127.87269242166667,121.822,2,0.00026244000000000007,-0.012115346628508826,-0.0017698559796406614,-0.032638041599734116,0.9993922374255348,0.07346090821644133,-0.007696902001294993,0.008447393579652554,-1.6867437999999997,0.48052585,8.933858149999999
1786689709.172346,13.686,0.0,0.0,0,0,,,,,,,,,,,,,,,,,,,,,,,,,,,0,0.6367850303649902,-2,0,True,True,False,"A:1,B:1,ESTOP:0,MODE:1",,,,36.967902368333334,127.87269242166667,121.822,2,0.00026244000000000007,-0.012068501859961948,-0.0019472559511732987,-0.03253537283838579,0.999395821970146,-0.03139847324337799,-0.03731513940763877,0.029897490086662867,-1.06892485,0.93163175,9.1594111
1786689709.222371,13.736,0.0,0.0,0,0,,,,,,,,,,,,,,,,,,,,,,,,,,,0,0.5597591400146484,-2,0,True,True,False,"A:1,B:1,ESTOP:0,MODE:1",,,,36.967902368333334,127.87269242166667,121.822,2,0.00026244000000000007,-0.012543981221547483,-0.002362946799658176,-0.032271198313032594,0.9993976359672743,-0.09691813336324512,-0.07305948248848264,-0.0073129295658562405,1.6082906,-0.18632634999999997,10.4538889
1786689709.272392,13.787,0.0,0.0,0,0,,,,,,,,,,,,,,,,,,,,,,,,,,,0,0.4863736629486084,-2,0,True,True,False,"A:1,B:1,ESTOP:0,MODE:1",,,,36.967901925,127.87269251666666,121.816,2,0.00026244000000000007,-0.012529581968972976,-0.002189128208621003,-0.032242856316296684,0.9993991272309257,0.14027211198278428,0.11224212419575533,-0.022898719786165606,-0.44129925,-0.8629851999999999,9.9439431
1786689709.322335,13.836,0.0,0.0,0,0,,,,,,,,,,,,,,,,,,,,,,,,,,,0,0.6052928566932678,-2,0,True,True,False,"A:1,B:1,ESTOP:0,MODE:1",,,,36.967901925,127.87269251666666,121.816,2,0.00026244000000000007,-0.012523051183620793,-0.002519902772778278,-0.032342845345717526,0.9993951989248353,-0.15276866942706366,-0.03443534614184812,0.0053058009260627615,1.34351105,0.53936575,10.306789149999998
1786689709.372412,13.887,0.0,0.0,0,0,,,,,,,,,,,,,,,,,,,,,,,,,,,0,0.6890119314193726,-2,0,True,True,False,"A:1,B:1,ESTOP:0,MODE:1",,,,36.967901925,127.87269251666666,121.816,2,0.00026244000000000007,-0.012353988374598009,-0.0027211919815589088,-0.03203948909202252,0.9994065465185638,0.14809118703171886,0.009337511498169663,-0.01884955592153876,-0.8727918499999999,0.1372931,8.8063717
1786689709.422344,13.936,0.0,0.0,0,0,,,,,,,,,,,,,,,,,,,,,,,,,,,0,0.4894196093082428,-2,0,True,True,False,"A:1,B:1,ESTOP:0,MODE:1",,,,36.967901925,127.87269251666666,121.816,2,0.00026244000000000007,-0.012947398409529918,-0.0032905758990376464,-0.031778124675460595,0.9994056672726989,-0.023317598806644243,0.01583013631558857,-0.017976891295541596,0.46091255,-1.4023509499999998,11.444360549999999
1786689709.472324,13.986,0.0,0.0,0,0,,,,,,,,,,,,,,,,,,,,,,,,,,,0,0.47510308027267456,-2,0,True,True,False,"A:1,B:1,ESTOP:0,MODE:1",,,,36.96790147,127.87269231,121.81700000000001,2,0.00026244000000000007,-0.012713651341232219,-0.0036493090220111922,-0.03161596159453382,0.9994125657533471,-0.2645919146023404,-0.10136872295583066,0.019460421159736774,0.7551120499999999,-0.35303939999999995,10.885381500000001
1786689709.522339,14.036,0.0,0.0,0,0,,,,,,,,,,,,,,,,,,,,,,,,,,,0,0.5403479933738708,-2,0,True,True,False,"A:1,B:1,ESTOP:0,MODE:1",,,,36.96790147,127.87269231,121.81700000000001,2,0.00026244000000000007,-0.012592716673542895,-0.003996225717242507,-0.031410360041157076,0.9994192528408093,-0.15550883635269477,-0.09927432785343746,0.018727382873899155,0.8531785499999999,-0.0392266,10.306789149999998
1786689709.572414,14.087,0.0,0.0,0,0,,,,,,,,,,,,,,,,,,,,,,,,,,,0,0.44237440824508667,-2,0,True,True,False,"A:1,B:1,ESTOP:0,MODE:1",,,,36.96790147,127.87269231,121.81700000000001,2,0.00026244000000000007,-0.012726864456498793,-0.0041348804972215466,-0.031159694493841872,0.9994248361549908,-0.049811696851918164,-0.056182148621697466,-0.009494591130849153,-0.18632634999999997,-0.77472535,10.3165958
1786689709.622334,14.136,0.0,0.0,0,0,,,,,,,,,,,,,,,,,,,,,,,,,,,0,0.31633463501930237,-2,0,True,True,False,"A:1,B:1,ESTOP:0,MODE:1",,,,36.96790147,127.87269231,121.81700000000001,2,0.00026244000000000007,-0.01274751512944902,-0.004267720138858608,-0.03096079986399867,0.999430195808903,0.017243853009703977,-0.01556833692778942,0.013596114873035827,0.0588399,-0.99047165,10.100849499999999
1786689709.672343,14.186,0.0,0.0,0,0,,,,,,,,,,,,,,,,,,,,,,,,,,,0,0.4315527379512787,-2,0,True,True,False,"A:1,B:1,ESTOP:0,MODE:1",,,,36.96790147,127.87269231,121.81700000000001,2,0.00026244000000000007,-0.012521075589399041,-0.004311817134287368,-0.030785823320604633,0.9994382742228544,0.025237460983838004,-0.015184364492350668,0.0021642082724729686,0.44129925,0.3138128,9.71839015
1786689709.722370,14.236,0.0,0.0,0,0,,,,,,,,,,,,,,,,,,,,,,,,,,,0,0.555991530418396,-2,0,True,True,False,"A:1,B:1,ESTOP:0,MODE:1",,,,36.967900711666665,127.87269232666667,121.82400000000001,2,0.00026244000000000007,-0.01261225331183853,-0.004199331302198622,-0.030479575976963384,0.9994469931573543,-0.003979350694547071,0.017348572764823635,0.019984019935335072,0.16671305,0.43149259999999995,9.6889702
1786689709.772344,14.286,0.0,0.0,0,0,,,,,,,,,,,,,,,,,,,,,,,,,,,0,0.4415855407714844,-2,0,True,True,False,"A:1,B:1,ESTOP:0,MODE:1",,,,36.967900711666665,127.87269232666667,121.82400000000001,2,0.00026244000000000007,-0.012271931943283899,-0.004526635599711603,-0.030263825021032843,0.9994563573021202,-0.02368411794956305,-0.014154620233674014,0.008237954069413234,-0.5197524499999999,-0.8433718999999998,9.502643849999998
1786689709.822415,14.337,0.0,0.0,0,0,,,,,,,,,,,,,,,,,,,,,,,,,,,0,0.506759762763977,-2,0,True,True,False,"A:1,B:1,ESTOP:0,MODE:1",,,,36.967900711666665,127.87269232666667,121.82400000000001,2,0.00026244000000000007,-0.012067476770497722,-0.005015051321214805,-0.03009403825342348,0.9994616421485321,0.009913470151327791,-0.02944370448114434,0.005044001538263612,0.17651969999999997,0.08825984999999999,9.894909849999998
1786689709.872356,14.386,0.0,0.0,0,0,,,,,,,,,,,,,,,,,,,,,,,,,,,0,0.71079421043396,-2,0,True,True,False,"A:1,B:1,ESTOP:0,MODE:1",,,,36.96790003833333,127.87269220166667,121.833,2,0.00026244000000000007,-0.012016529082038513,-0.005134732110257984,-0.029702611909020238,0.9994733575242307,0.037576938795437914,0.02378883770468271,0.03803072440095644,0.35303939999999995,0.8727918499999999,9.69877685
1786689709.922335,14.436,0.0,0.0,0,0,,,,,,,,,,,,,,,,,,,,,,,,,,,0,0.7075695991516113,-2,0,True,True,False,"A:1,B:1,ESTOP:0,MODE:1",,,,36.96790003833333,127.87269220166667,121.833,2,0.00026244000000000007,-0.012233178817976614,-0.0051409241338951995,-0.029381118814939905,0.9994801999500738,-0.02241002759560719,0.0072082098107365804,0.019896753472735354,0.22555294999999997,-0.2745862,9.01231135
1786689709.972373,14.486,0.0,0.0,0,0,,,,,,,,,,,,,,,,,,,,,,,,,,,0,0.5920968055725098,-2,0,True,True,False,"A:1,B:1,ESTOP:0,MODE:1",,,,36.96790003833333,127.87269220166667,121.833,2,0.00026244000000000007,-0.012576641812498339,-0.005272343811563423,-0.029236301601734592,0.9994794991094641,-0.06995279641993273,-0.0948935514309317,0.011990411961201045,-0.44129925,-0.97085835,10.483308849999998
1786689710.022322,14.536,0.0,0.0,0,0,,,,,,,,,,,,,,,,,,,,,,,,,,,0,0.6830804944038391,-2,0,True,True,False,"A:1,B:1,ESTOP:0,MODE:1",,,,36.96790003833333,127.87269220166667,121.833,2,0.00026244000000000007,-0.012624502908248425,-0.005466039915033132,-0.028994671501436566,0.9994848940121558,0.027104963283471936,-0.031241393610698498,0.02546435378659727,0.7649187,0.2745862,9.610517
1786689710.072380,14.586,0.0,0.0,0,0,,,,,,,,,,,,,,,,,,,,,,,,,,,0,0.8034367561340332,-2,0,True,True,False,"A:1,B:1,ESTOP:0,MODE:1",,,,36.96790003833333,127.87269220166667,121.833,2,0.00026244000000000007,-0.01263353662984153,-0.00585422605793968,-0.02865050040022195,0.9994925065333417,-0.07878416243502404,-0.05642649471697667,-0.008639379797371931,0.6864655000000001,0.34323275000000003,10.208722649999999
1786689710.122342,14.636,0.0,0.0,0,0,,,,,,,,,,,,,,,,,,,,,,,,,,,0,0.7220515012741089,-2,0,True,True,False,"A:1,B:1,ESTOP:0,MODE:1",,,,36.967899491666664,127.87269200833333,121.84899999999999,2,0.00026244000000000007,-0.01270855336792073,-0.006109274613629291,-0.028331310413202356,0.9994991277061032,0.032724923474893676,0.01007054978400728,0.016859880574265223,0.6962721499999999,-0.8433718999999998,9.9439431
1786689710.172380,14.686,0.0,0.0,0,0,,,,,,,,,,,,,,,,,,,,,,,,,,,0,0.8611794710159302,-2,0,True,True,False,"A:1,B:1,ESTOP:0,MODE:1",,,,36.967899491666664,127.87269200833333,121.84899999999999,2,0.00026244000000000007,-0.012499049937778946,-0.006161655960838801,-0.028103779263636008,0.9995078715735929,-0.010105456369047167,-0.01895427567665842,0.0273318560862312,0.32361945,0.4903325,9.747810099999999
1786689710.222341,14.736,0.0,0.0,0,0,,,,,,,,,,,,,,,,,,,,,,,,,,,0,0.7775746583938599,-2,0,True,True,False,"A:1,B:1,ESTOP:0,MODE:1",,,,36.967899491666664,127.87269200833333,121.84899999999999,2,0.00026244000000000007,-0.01256158638978237,-0.0060178817540659894,-0.027587776042233052,0.9995223390498131,-0.0015707963267948964,0.0065100781099388496,0.011484266478122689,0.36284605,-0.81395195,10.0223963
1786689710.272338,14.786,0.0,0.0,0,0,,,,,,,,,,,,,,,,,,,,,,,,,,,0,0.8207023739814758,-2,0,True,True,False,"A:1,B:1,ESTOP:0,MODE:1",,,,36.96789879833333,127.87269191333333,121.882,2,0.00026244000000000007,-0.012668348210029946,-0.005871997523261588,-0.027150503511971888,0.9995338327229162,0.02939134460358451,0.0322885911618951,0.011187560505283653,0.5099457999999999,-0.1372931,9.7870367
1786689710.322359,14.836,0.0,0.0,0,0,,,,,,,,,,,,,,,,,,,,,,,,,,,0,0.8266605138778687,-2,0,True,True,False,"A:1,B:1,ESTOP:0,MODE:1",,,,36.96789879833333,127.87269191333333,121.882,2,0.00026244000000000007,-0.012566262429501441,-0.005721763877151833,-0.026816557163076016,0.9995450078553775,-0.04447098934081552,-0.017819811662862103,-0.017243853009703977,-0.2745862,-0.0980665,9.9831697
1786689710.372462,14.887,0.0,0.0,0,0,,,,,,,,,,,,,,,,,,,,,,,,,,,0,0.9125933051109314,-2,0,True,True,False,"A:1,B:1,ESTOP:0,MODE:1",,,,36.96789879833333,127.87269191333333,121.882,2,0.00026244000000000007,-0.012814581588116812,-0.0059277986956176735,-0.026567611726822985,0.9995473023866748,0.03483677186980682,0.025830872929516076,0.018814649336498873,0.55897905,0.1176798,9.561483749999999
1786689710.422363,14.936,0.0,0.0,0,0,,,,,,,,,,,,,,,,,,,,,,,,,,,0,0.8964297771453857,-2,0,True,True,False,"A:1,B:1,ESTOP:0,MODE:1",,,,36.96789879833333,127.87269191333333,121.882,2,0.00026244000000000007,-0.013044786617049857,-0.006117199174841611,-0.02630099216849421,0.9995502344691456,0.0035779249665883754,-0.07384488065188008,0.014660765716752368,0.21574629999999997,-0.392266,10.0420096
1786689710.472352,14.986,0.0,0.0,0,0,,,,,,,,,,,,,,,,,,,,,,,,,,,0,0.8311178684234619,-2,0,True,True,False,"A:1,B:1,ESTOP:0,MODE:1",,,,36.96789799333333,127.87269239833333,121.89699999999999,2,0.00026244000000000007,-0.013087492732653546,-0.006117993207692899,-0.02615297258996261,0.9995535552024175,-0.016091935703387718,0.029216811678385076,-0.010157816246606997,-0.4707192,-0.4903325,9.79684335
1786689710.522353,15.036,0.0,0.0,0,0,,,,,,,,,,,,,,,,,,,,,,,,,,,0,0.8931145071983337,-2,0,True,True,False,"A:1,B:1,ESTOP:0,MODE:1",,,,36.96789799333333,127.87269239833333,121.89699999999999,2,0.00026244000000000007,-0.013340736617092955,-0.006166039449655077,-0.02598074613127545,0.9995544034891153,-0.008255407361933179,-0.01668534764906579,-0.01473057888683214,-0.4903325,0.12748644999999997,9.80665
1786689710.572438,15.087,0.0,0.0,0,0,,,,,,,,,,,,,,,,,,,,,,,,,,,0,1.0247445106506348,-2,0,True,True,False,"A:1,B:1,ESTOP:0,MODE:1",,,,36.96789799333333,127.87269239833333,121.89699999999999,2,0.00026244000000000007,-0.013628281815084943,-0.006269772231118359,-0.025504160041558237,0.9995621530007591,-0.0016406094968746698,-0.015865042900628457,0.05012585611727714,0.5687857,0.4118793,9.738003449999999
1786689710.622368,15.136,0.0,0.0,0,0,,,,,,,,,,,,,,,,,,,,,,,,,,,0,0.9396143555641174,-2,0,True,True,False,"A:1,B:1,ESTOP:0,MODE:1",,,,36.96789799333333,127.87269239833333,121.89699999999999,2,0.00026244000000000007,-0.014276732164300188,-0.0065781621653438534,-0.024753696369123078,0.9995699861526959,-0.032637657012293965,-0.022514747350726852,0.03466223894460738,-0.16671305,-0.77472535,10.26756255
1786689710.672437,15.187,0.0,0.0,0,0,,,,,,,,,,,,,,,,,,,,,,,,,,,0,1.1247996091842651,-2,0,True,True,False,"A:1,B:1,ESTOP:0,MODE:1",,,,36.96789799333333,127.87269239833333,121.89699999999999,2,0.00026244000000000007,-0.014353573442122146,-0.006579850703139635,-0.024501248518215304,0.9995750943852166,-0.09395107363485476,0.02256710722828668,-0.03647738136668149,0.0784532,0.7158854499999999,10.130269449999998
1786689710.722346,15.236,0.0,0.0,0,0,,,,,,,,,,,,,,,,,,,,,,,,,,,0,1.1484363079071045,-2,0,True,True,False,"A:1,B:1,ESTOP:0,MODE:1",,,,36.96789707666667,127.872692335,121.91900000000001,2,0.00026244000000000007,-0.014224461629451152,-0.006340958583925138,-0.024331312214823965,0.999582634993973,0.07766715171374766,0.05382595413150512,0.030909781052819576,0.12748644999999997,-0.16671305,9.36535075
1786689710.772364,15.286,0.0,0.0,0,0,,,,,,,,,,,,,,,,,,,,,,,,,,,0,1.265701413154602,-2,0,True,True,False,"A:1,B:1,ESTOP:0,MODE:1",,,,36.96789707666667,127.872692335,121.91900000000001,2,0.00026244000000000007,-0.014218054796098912,-0.0061531462645876885,-0.02404078255492682,0.9995909295721969,-0.04642575810304917,-0.03155555287605748,0.006457718232379019,-1.0493115499999999,0.21574629999999997,9.845876599999999
1786689710.822352,15.336,0.0,0.0,0,0,,,,,,,,,,,,,,,,,,,,,,,,,,,0,1.2675130367279053,-2,0,True,True,False,"A:1,B:1,ESTOP:0,MODE:1",,,,36.96789707666667,127.872692335,121.91900000000001,2,0.00026244000000000007,-0.014521037521625537,-0.00649924446251748,-0.0237509800520155,0.9995913116055385,0.02796017461694916,0.011972958668681102,0.00958185759344887,0.16671305,-0.30400615,9.52225715
1786689710.872422,15.387,0.0,0.0,0,0,,,,,,,,,,,,,,,,,,,,,,,,,,,0,1.3634766340255737,-2,0,True,True,False,"A:1,B:1,ESTOP:0,MODE:1",,,,36.96789638166667,127.872692395,121.947,2,0.00026244000000000007,-0.014595132622942077,-0.006754122808764996,-0.023510797357240654,0.9995942208398514,-0.04853760649796231,-0.0346273323595675,0.0205599785884932,0.02941995,0.17651969999999997,10.326402449999998
1786689710.922348,15.436,0.0,0.0,0,0,,,,,,,,,,,,,,,,,,,,,,,,,,,0,1.378554344177246,-2,0,True,True,False,"A:1,B:1,ESTOP:0,MODE:1",,,,36.96789638166667,127.872692395,121.947,2,0.00026244000000000007,-0.014809584175179066,-0.0071044562939679284,-0.02308982994659873,0.9995984507142669,-0.0021991148575128553,0.0045204027626653135,0.01832595714594046,0.4216859499999999,-0.18632634999999997,9.492837199999999
1786689710.972423,15.487,0.0,0.0,0,0,,,,,,,,,,,,,,,,,,,,,,,,,,,0,1.300675392150879,-2,0,True,True,False,"A:1,B:1,ESTOP:0,MODE:1",,,,36.96789638166667,127.872692395,121.947,2,0.00026244000000000007,-0.015236072510218947,-0.007133197910115714,-0.022849138627719576,0.9995973671664056,-0.002286381320112572,-0.03277728335245351,0.0073129295658562405,-0.24516625,-0.8825985,10.24794925
1786689711.022435,15.537,0.0,0.0,0,0,,,,,,,,,,,,,,,,,,,,,,,,,,,0,1.3726773262023926,-2,0,True,True,False,"A:1,B:1,ESTOP:0,MODE:1",,,,36.96789638166667,127.872692395,121.947,2,0.00026244000000000007,-0.014975567388642388,-0.007282802410787696,-0.022578894771285753,0.999606365866755,0.010890854532444616,0.026406831582674203,0.006702064327658226,0.44129925,0.14709974999999997,9.610517
1786689711.072420,15.587,0.0,0.0,0,0,,,,,,,,,,,,,,,,,,,,,,,,,,,0,1.4002515077590942,-2,0,True,True,False,"A:1,B:1,ESTOP:0,MODE:1",,,,36.96789638166667,127.872692395,121.947,2,0.00026244000000000007,-0.01462079361542625,-0.007567427557282232,-0.022161431281771466,0.9996188460597188,0.023387411976724018,0.0020594885173533086,0.034644785652087444,0.77472535,-0.06864655,9.79684335
1786689711.122403,15.637,0.0,0.0,0,0,,,,,,,,,,,,,,,,,,,,,,,,,,,0,1.4621609449386597,-2,0,True,True,False,"A:1,B:1,ESTOP:0,MODE:1",,,,36.967895588333334,127.872692215,121.94900000000001,2,0.00026244000000000007,-0.014773060563806282,-0.007436835023096425,-0.021907753957373946,0.9996231792445394,-0.03803072440095644,-0.02567379329683659,0.01942551457469689,-0.26477955,-0.0588399,10.1400761
1786689711.172370,15.686,0.0,0.0,0,0,,,,,,,,,,,,,,,,,,,,,,,,,,,0,1.493187427520752,-2,0,True,True,False,"A:1,B:1,ESTOP:0,MODE:1",,,,36.967895588333334,127.872692215,121.94900000000001,2,0.00026244000000000007,-0.014943641944021466,-0.00735893504443098,-0.021611309566674636,0.9996276731559977,-0.06511823439190843,0.012723450247038663,0.011501719770642632,0.5687857,-0.08825984999999999,9.71839015
1786689711.222425,15.737,0.0,0.0,0,0,,,,,,,,,,,,,,,,,,,,,,,,,,,0,1.3974602222442627,-2,0,True,True,False,"A:1,B:1,ESTOP:0,MODE:1",,,,36.967895588333334,127.872692215,121.94900000000001,2,0.00026244000000000007,-0.015397343377873511,-0.007868294610623043,-0.021343186370135055,0.9996226688868126,-0.00312413936106985,0.005462880558742251,0.023893557459802373,0.81395195,-0.7943386499999999,9.46341725
1786689711.272391,15.787,0.0,-3.0,0,0,,,,,,,,,,,,,,,,,,,,,,,,,,,0,1.4010034799575806,-2,0,True,True,False,"A:1,B:1,ESTOP:0,MODE:1",,,,36.967895588333334,127.872692215,121.94900000000001,2,0.00026244000000000007,-0.01595517667824032,-0.007902774541238129,-0.021173792728623176,0.9996172512482976,-0.018011797880581482,-0.0004537856055185257,0.012217304763960306,0.8531785499999999,-0.30400615,9.836069949999999
1786689711.322400,15.837,0.0,-4.0,0,0,,,,,,,,,,,,,,,,,,,,,,,,,,,0,1.353524088859558,-2,0,True,True,False,"A:1,B:1,ESTOP:0,MODE:1",,,,36.967894941666664,127.87269201666666,121.988,2,0.00030976,-0.016065858498325085,-0.007869545124179202,-0.02092116415499733,0.9996210598725149,-0.043476151667178754,-0.0005585053606381855,0.025132741228718343,0.57859235,-0.6080123,9.473223899999999
1786689711.372388,15.887,0.0,-4.0,0,0,,,,,,,,,,,,,,,,,,,,,,,,,,,0,1.1936994791030884,-2,0,True,True,False,"A:1,B:1,ESTOP:0,MODE:1",,,,36.967894941666664,127.87269201666666,121.988,2,0.00030976,-0.016410079961048936,-0.007753850868175549,-0.02061676982090975,0.9996226967584007,-0.015585790220309363,0.030106929596902185,0.01408480706359424,0.00980665,-1.2356379,9.6889702
1786689711.422443,15.937,0.0,-5.0,0,0,,,,,,,,,,,,,,,,,,,,,,,,,,,0,1.3860459327697754,-3,0,True,True,False,"A:1,B:1,ESTOP:0,MODE:1",,,,36.967894941666664,127.87269201666666,121.988,2,0.00030976,-0.016528975467628253,-0.00768543967156465,-0.020381055118773764,0.999626099888999,-0.015219271077390554,-0.03235840433197487,-0.008011061266653973,-0.04903325,0.7060787999999999,10.0420096
1786689711.472404,15.987,0.0,-7.0,0,0,,,,,,,,,,,,,,,,,,,,,,,,,,,0,1.5040498971939087,-3,0,True,True,False,"A:1,B:1,ESTOP:0,MODE:1",,,,36.967894941666664,127.87269201666666,121.988,2,0.00030976,-0.01735479002190294,-0.007638645392452657,-0.020098956481216807,0.9996181742586667,0.014433872913993104,0.0049741883681838385,-0.006649704450098395,0.5982056499999999,0.2745862,10.110656149999999
1786689711.522409,16.037,0.0,-7.0,0,0,,,,,,,,,,,,,,,,,,,,,,,,,,,0,1.420297622680664,-4,0,True,True,False,"A:1,B:1,ESTOP:0,MODE:1",,,,36.96789403333333,127.87269213333333,122.00399999999999,2,0.00030976,-0.017376759702489943,-0.00747449831854591,-0.01997420050239601,0.9996215340874854,-0.01153662635568252,0.03214896482173555,0.02659881780039358,0.16671305,-0.81395195,9.228057649999998
1786689711.572384,16.087,0.0,-7.0,0,0,,,,,,,,,,,,,,,,,,,,,,,,,,,0,1.4743952751159668,-5,0,True,True,False,"A:1,B:1,ESTOP:0,MODE:1",,,,36.96789403333333,127.87269213333333,122.00399999999999,2,0.00030976,-0.017506408118475838,-0.007529418438302531,-0.019679485414523606,0.9996247052702278,-0.004171336912266448,-0.021415189921970425,-0.018884462506578648,0.14709974999999997,-0.08825984999999999,10.2969825
1786689711.622390,16.137,0.0,-7.0,0,0,,,,,,,,,,,,,,,,,,,,,,,,,,,0,1.4634145498275757,-7,0,True,True,False,"A:1,B:1,ESTOP:0,MODE:1",,,,36.96789403333333,127.87269213333333,122.00399999999999,2,0.00030976,-0.017649992223366124,-0.007601273136506003,-0.01890527836536221,0.9996365783979433,-0.015271630954950384,0.029722957161463434,0.055169857655540756,0.57859235,-0.45110589999999995,9.80665
1786689711.672421,16.187,0.0,-7.0,0,0,,,,,,,,,,,,,,,,,,,,,,,,,,,0,1.4705395698547363,-8,0,True,True,False,"A:1,B:1,ESTOP:0,MODE:1",,,,36.96789403333333,127.87269213333333,122.00399999999999,2,0.00030976,-0.01752808550691265,-0.007514034332225242,-0.018030253495719604,0.9996555484092492,-0.003787364476827695,0.029792770331543206,0.06250024051391694,0.1569064,-0.32361945,9.6301303
1786689711.722476,16.237,0.0,-8.0,0,0,,,,,,,,,,,,,,,,,,,,,,,,,,,0,1.4155349731445312,-8,0,True,True,False,"A:1,B:1,ESTOP:0,MODE:1",,,,36.96789326333333,127.87269226666666,122.02699999999999,2,0.00030976,-0.017172338212184335,-0.007481474629468222,-0.017241606449081362,0.9996758801455351,-0.000593411945678072,0.028745572780346607,0.02150245638457014,0.32361945,-0.67665885,9.71839015
1786689711.772411,16.287,0.0,-8.0,0,0,,,,,,,,,,,,,,,,,,,,,,,,,,,0,1.4815802574157715,-8,0,True,True,False,"A:1,B:1,ESTOP:0,MODE:1",,,,36.96789326333333,127.87269226666666,122.02699999999999,2,0.00030976,-0.016678309719027826,-0.00646513114899332,-0.016400944682432732,0.9997054791675728,-0.009878563566287904,-0.010559241974565694,0.04169591583014453,-0.14709974999999997,0.02941995,9.7085835
1786689711.822485,16.337,0.0,-8.0,0,0,,,,,,,,,,,,,,,,,,,,,,,,,,,0,1.3800292015075684,-8,0,True,True,False,"A:1,B:1,ESTOP:0,MODE:1",,,,36.96789326333333,127.87269226666666,122.02699999999999,2,0.00030976,-0.01677651549639917,-0.006434875217992853,-0.015502313844399223,0.9997183699293505,-0.035046211380046134,-0.0017453292519943296,0.050649454892875444,0.45110589999999995,-0.93163175,9.62032365
1786689711.872400,16.387,0.0,-8.0,0,0,,,,,,,,,,,,,,,,,,,,,,,,,,,0,1.3054628372192383,-8,0,True,True,False,"A:1,B:1,ESTOP:0,MODE:1",,,,36.96789326333333,127.87269226666666,122.02699999999999,2,0.00030976,-0.016826113294261296,-0.006065629691331513,-0.01457154776245982,0.9997338446024835,-0.003979350694547071,0.05345943498858632,0.0805818515645782,-0.1372931,-0.7551120499999999,9.63993695
1786689711.922393,16.437,0.0,-9.0,0,0,,,,,,,,,,,,,,,,,,,,,,,,,,,0,1.347135066986084,-8,0,True,True,False,"A:1,B:1,ESTOP:0,MODE:1",,,,36.967892115,127.872692105,122.072,2,0.00030976,-0.01720666181027188,-0.004995985864003285,-0.01350860233394057,0.9997482125903387,0.030700341542580254,-0.025446900494077326,0.03436553297176835,-0.0196133,-0.1372931,9.855683249999998
1786689711.972349,16.486,0.0,-10.0,0,0,,,,,,,,,,,,,,,,,,,,,,,,,,,0,1.4927337169647217,-8,0,True,True,False,"A:1,B:1,ESTOP:0,MODE:1",,,,36.967892115,127.872692105,122.072,2,0.00030976,-0.01674685309250414,-0.004995382240998453,-0.0123455292510988,0.9997710622813978,0.0013962634015954637,0.019128808601857852,0.0385368698840348,0.29419949999999995,0.45110589999999995,9.845876599999999
1786689712.022403,16.537,0.0,-10.0,0,0,,,,,,,,,,,,,,,,,,,,,,,,,,,0,1.5537861585617065,-8,0,True,True,False,"A:1,B:1,ESTOP:0,MODE:1",,,,36.967892115,127.872692105,122.072,2,0.00030976,-0.016864165548909304,-0.004306497479684187,-0.011182676837566609,0.9997859779665561,-1.7453292519943296e-05,0.0051836278784231585,0.015655603390389135,0.32361945,-0.02941995,9.826263299999999
1786689712.072420,16.587,0.0,-11.0,0,0,,,,,,,,,,,,,,,,,,,,,,,,,,,0,1.7075185775756836,-8,0,True,True,False,"A:1,B:1,ESTOP:0,MODE:1",,,,36.967892115,127.872692105,122.072,2,0.00030976,-0.016865613328624712,-0.00397198028376831,-0.010313100463607896,0.9997966865410699,0.016563174601426187,-0.0077492618788548235,0.012950343049797926,-1.1179581,0.45110589999999995,9.63993695
1786689712.122369,16.636,0.0,-11.0,0,0,,,,,,,,,,,,,,,,,,,,,,,,,,,0,1.6919225454330444,-10,0,True,True,False,"A:1,B:1,ESTOP:0,MODE:1",,,,36.967891161666664,127.872691955,122.094,2,0.00026244000000000007,-0.016948186242121847,-0.003864019461117924,-0.009421446097917301,0.9998045132375282,0.002495820830351891,0.018622663118779494,0.032498030672134415,-0.77472535,-0.6080123,10.2381426
1786689712.172419,16.687,0.0,-9.0,0,0,,,,,,,,,,,,,,,,,,,,,,,,,,,0,1.8068643808364868,-11,0,True,True,False,"A:1,B:1,ESTOP:0,MODE:1",,,,36.967891161666664,127.872691955,122.094,2,0.00026244000000000007,-0.016594458441497466,-0.0038243369253325417,-0.008328457729304191,0.9998203014481983,-0.0038222710618675817,-0.04120722363958612,0.05742133239061344,0.26477955,0.3138128,9.79684335
1786689712.222339,16.736,0.0,-6.0,0,0,,,,,,,,,,,,,,,,,,,,,,,,,,,0,1.9480947256088257,-12,0,True,True,False,"A:1,B:1,ESTOP:0,MODE:1",,,,36.967891161666664,127.872691955,122.094,2,0.00026244000000000007,-0.01647947371417777,-0.004513992449458782,-0.006785837508545979,0.9998309873311477,0.036320301734002,0.07099999397112931,0.023177972466484696,-0.30400615,0.32361945,10.0223963
1786689712.272394,16.787,0.0,-4.0,0,0,,,,,,,,,,,,,,,,,,,,,,,,,,,0,1.9827152490615845,-11,0,True,True,False,"A:1,B:1,ESTOP:0,MODE:1",,,,36.967891161666664,127.872691955,122.094,2,0.00026244000000000007,-0.017002694637878346,-0.0040817538028450374,-0.005305996588938598,0.9998330330915969,0.011588986233242348,-0.018901915799098588,0.032882003107573166,-0.6472389,-0.36284605,10.032202949999999
1786689712.322368,16.836,0.0,-4.0,0,0,,,,,,,,,,,,,,,,,,,,,,,,,,,0,1.9779285192489624,-11,0,True,True,False,"A:1,B:1,ESTOP:0,MODE:1",,,,36.967890188333335,127.87269239666666,122.12199999999999,2,0.00026244000000000007,-0.017032386148603203,-0.004076651074036927,-0.004057988904032745,0.9998383926736162,0.051399946471233,-0.002617993877991494,0.013229595730117017,0.5295591,-0.28439285,9.5320638
1786689712.372370,16.886,0.0,-1.0,0,0,,,,,,,,,,,,,,,,,,,,,,,,,,,0,1.9020167589187622,-11,0,True,True,False,"A:1,B:1,ESTOP:0,MODE:1",,,,36.967890188333335,127.87269239666666,122.12199999999999,2,0.00026244000000000007,-0.017052291786188455,-0.003785207299874626,-0.0027177812845464817,0.999843740399181,0.03246312408709453,0.04345869837465881,0.07688175355035022,0.40207265,-0.7256921,9.414383999999998
1786689712.422342,16.936,0.0,0.0,0,0,,,,,,,,,,,,,,,,,,,,,,,,,,,0,2.1734602451324463,-10,0,True,True,False,"A:1,B:1,ESTOP:0,MODE:1",,,,36.967890188333335,127.87269239666666,122.12199999999999,2,0.00026244000000000007,-0.0171077806877191,-0.0037049752017211915,-0.001276549482755715,0.999845971847721,0.0037699111843077517,-0.022130774915288098,0.04951499087907913,-1.12776475,0.8629851999999999,9.77723005
1786689712.472383,16.987,0.0,2.0,0,0,,,,,,,,,,,,,,,,,,,,,,,,,,,0,1.909655213356018,-8,0,True,True,False,"A:1,B:1,ESTOP:0,MODE:1",,,,36.967890188333335,127.87269239666666,122.12199999999999,2,0.00026244000000000007,-0.017607859308397356,-0.003915528909986486,0.00030634005603987315,0.9998372557970128,-0.022095868330248212,-0.013142329267517301,0.09393362034233481,0.392266,-1.8240368999999999,9.394770699999999
1786689712.522424,17.037,0.0,6.0,0,0,,,,,,,,,,,,,,,,,,,,,,,,,,,0,1.9853553771972656,-7,0,True,True,False,"A:1,B:1,ESTOP:0,MODE:1",,,,36.96788932,127.87269213666667,122.144,2,0.00026244000000000007,-0.017796259941849097,-0.0036456728847633086,0.0013228386778705305,0.9998341123902161,-0.034400439556808236,-0.019408061282176946,0.04290019301402062,-0.29419949999999995,-0.0784532,9.7085835
1786689712.572392,17.087,0.0,9.0,0,0,,,,,,,,,,,,,,,,,,,,,,,,,,,0,1.8642758131027222,-7,0,True,True,False,"A:1,B:1,ESTOP:0,MODE:1",,,,36.96788932,127.87269213666667,122.144,2,0.00026244000000000007,-0.01816865904294379,-0.003487522672405829,0.002197157701900802,0.9998264396945221,0.03420845333908886,0.05157447939643244,0.07012732934513216,0.21574629999999997,-1.0787315,9.79684335
1786689712.622385,17.137,0.0,11.0,0,0,,,,,,,,,,,,,,,,,,,,,,,,,,,0,1.9159955978393555,-3,0,True,True,False,"A:1,B:1,ESTOP:0,MODE:1",,,,36.96788932,127.87269213666667,122.144,2,0.00026244000000000007,-0.01826468502670576,-0.0024584115564508465,0.0031844543541066747,0.9998250930757644,0.016318828506146982,0.009913470151327791,0.0182212373908208,-0.4118793,-0.28439285,9.77723005
1786689712.672379,17.186,0.0,13.0,0,0,,,,,,,,,,,,,,,,,,,,,,,,,,,0,1.951606035232544,-1,0,True,True,False,"A:1,B:1,ESTOP:0,MODE:1",,,,36.96788932,127.87269213666667,122.144,2,0.00026244000000000007,-0.01861381923280476,-0.0018007353775691675,0.0043654334375070655,0.9998155960358746,0.016004669240788003,-0.01741838593490341,0.004572762640225144,-0.00980665,-0.2353596,9.934136449999999
1786689712.722348,17.236,0.0,14.0,0,0,,,,,,,,,,,,,,,,,,,,,,,,,,,0,1.8586581945419312,-1,0,True,True,False,"A:1,B:1,ESTOP:0,MODE:1",,,,36.96788808666667,127.872691925,122.11599999999999,2,0.00026244000000000007,-0.01823636136594364,-0.0020957782616849094,0.004840731549982114,0.9998197888398037,0.029373891311064566,-0.003735004599267865,0.06723008278682158,0.0196133,-0.980665,9.483030549999999
1786689712.772434,17.287,0.0,16.0,0,0,,,,,,,,,,,,,,,,,,,,,,,,,,,0,1.9321070909500122,2,0,True,True,False,"A:1,B:1,ESTOP:0,MODE:1",,,,36.96788808666667,127.872691925,122.11599999999999,2,0.00026244000000000007,-0.01772951588315469,-0.0024018633981453116,0.004522109630882514,0.9998297084220151,0.00012217304763960306,-0.03269001688985379,-0.05450663253978292,0.5982056499999999,0.24516625,10.1793027
1786689712.822391,17.337,0.0,16.0,0,0,,,,,,,,,,,,,,,,,,,,,,,,,,,0,1.9246642589569092,4,0,True,True,False,"A:1,B:1,ESTOP:0,MODE:1",,,,36.96788808666667,127.872691925,122.11599999999999,2,0.00026244000000000007,-0.01738263874090052,-0.0021900485772373113,0.003976751063246608,0.9998386034798886,-0.0356745299107641,-0.014451326206513048,0.021537362969610025,-0.4216859499999999,-0.61781895,9.4339973
1786689712.872397,17.387,0.0,17.0,0,0,,,,,,,,,,,,,,,,,,,,,,,,,,,0,1.8161633014678955,7,0,True,True,False,"A:1,B:1,ESTOP:0,MODE:1",,,,36.96788808666667,127.872691925,122.11599999999999,2,0.00026244000000000007,-0.01743529318110048,-0.002663959357879134,0.0031130343366421688,0.999839598580416,0.007382742735936014,-0.03368485456349056,-0.054279739737023644,0.0392266,-1.08853815,10.189109349999999
1786689712.922347,17.436,0.0,17.0,0,0,,,,,,,,,,,,,,,,,,,,,,,,,,,0,1.8602635860443115,9,0,True,True,False,"A:1,B:1,ESTOP:0,MODE:1",,,,36.967887133333335,127.87269191333333,122.132,2,0.00026244000000000007,-0.01724504975835885,-0.0030305703316157776,0.0021384123280216113,0.9998444134439178,0.0003316125578789226,0.007661995416255106,-0.07471754527787725,0.61781895,0.08825984999999999,10.5519554
1786689712.972386,17.487,0.0,17.0,0,0,,,,,,,,,,,,,,,,,,,,,,,,,,,0,1.8424280881881714,11,0,True,True,False,"A:1,B:1,ESTOP:0,MODE:1",,,,36.967887133333335,127.87269191333333,122.132,2,0.00026244000000000007,-0.017162084435379026,-0.0028323668478368483,0.0007717990229549834,0.9998484109514504,-0.02556907354171693,0.0049741883681838385,0.014172073526193957,-1.0296982499999998,-1.01008495,8.99269805
1786689713.022322,17.536,0.0,17.0,0,0,,,,,,,,,,,,,,,,,,,,,,,,,,,0,1.9341505765914917,13,0,True,True,False,"A:1,B:1,ESTOP:0,MODE:1",,,,36.967887133333335,127.87269191333333,122.132,2,0.00026244000000000007,-0.017219111757223703,-0.0028389122837753486,-0.0008780351156437063,0.9998473242558952,-0.014468779499032991,0.0027576202181510408,-0.08442157591896572,-0.0784532,0.0980665,9.924329799999999
1786689713.072485,17.587,0.0,17.0,0,0,,,,,,,,,,,,,,,,,,,,,,,,,,,0,1.7595188617706299,14,0,True,True,False,"A:1,B:1,ESTOP:0,MODE:1",,,,36.967887133333335,127.87269191333333,122.132,2,0.00026244000000000007,-0.01773892334719157,-0.002824644843918896,-0.0026423012886174456,0.9998351715277316,-0.04975933697435834,-0.01869247628885927,-0.10063568466999304,0.48052585,-1.30428445,10.1596894
1786689713.122388,17.637,0.0,17.0,0,0,,,,,,,,,,,,,,,,,,,,,,,,,,,0,1.7617398500442505,16,0,True,True,False,"A:1,B:1,ESTOP:0,MODE:1",,,,36.96788644833333,127.87269155166666,122.13999999999999,2,0.00026244000000000007,-0.01806660898861064,-0.002585910341259592,-0.00469872215827248,0.9998224005879439,-0.013700834628155488,0.038624136346634516,-0.04857251308300219,-0.14709974999999997,-0.5197524499999999,9.36535075
1786689713.172353,17.686,0.0,17.0,0,0,,,,,,,,,,,,,,,,,,,,,,,,,,,0,1.7550904750823975,17,0,True,True,False,"A:1,B:1,ESTOP:0,MODE:1",,,,36.96788644833333,127.87269155166666,122.13999999999999,2,0.00026244000000000007,-0.017962820681798157,-0.0018672852793401734,-0.006832609718831031,0.9998135655027236,-0.03199188518905606,-0.03913028182971287,-0.1150870108765061,-0.22555294999999997,-0.65704555,9.9047165
1786689713.222352,17.736,0.0,17.0,0,0,,,,,,,,,,,,,,,,,,,,,,,,,,,0,1.7913918495178223,17,0,True,True,False,"A:1,B:1,ESTOP:0,MODE:1",,,,36.96788644833333,127.87269155166666,122.13999999999999,2,0.00026244000000000007,-0.018374517413198906,-0.0025775325995150687,-0.00888001399617315,0.9997884170097981,0.01583013631558857,0.030647981665020425,-0.05736897251305361,0.4903325,0.0980665,9.894909849999998
1786689713.272364,17.786,0.0,9.0,0,0,,,,,,,,,,,,,,,,,,,,,,,,,,,0,1.7733858823776245,17,0,True,True,False,"A:1,B:1,ESTOP:0,MODE:1",,,,36.96788541666667,127.87269114166666,122.102,2,0.00026244000000000007,-0.018461417782807153,-0.0020721118679594927,-0.010686302931310687,0.9997703162904547,-0.017697638615222503,0.0018849555921538759,-0.07853981633974483,-0.3334261,-0.81395195,9.7674234
1786689713.322337,17.836,0.0,8.0,0,0,,,,,,,,,,,,,,,,,,,,,,,,,,,0,2.0717756748199463,17,0,True,True,False,"A:1,B:1,ESTOP:0,MODE:1",,,,36.96788541666667,127.87269114166666,122.102,2,0.00026244000000000007,-0.018438632506373075,-0.0020129131373688683,-0.012491750750398718,0.9997499293199208,-0.029740410453983374,-0.02982767691658309,-0.06675884388878311,-0.43149259999999995,1.26505785,9.7085835
1786689713.372385,17.887,0.0,6.0,0,0,,,,,,,,,,,,,,,,,,,,,,,,,,,0,1.8751481771469116,17,0,True,True,False,"A:1,B:1,ESTOP:0,MODE:1",,,,36.96788541666667,127.87269114166666,122.102,2,0.00026244000000000007,-0.019182052268226533,-0.002467066226473553,-0.014273748687005516,0.9997110695363103,0.04075343803406759,0.012967796342317869,-0.06373942428283291,1.0296982499999998,-1.12776475,9.99297635
1786689713.422416,17.937,0.0,6.0,0,0,,,,,,,,,,,,,,,,,,,,,,,,,,,0,2.114171028137207,18,0,True,True,False,"A:1,B:1,ESTOP:0,MODE:1",,,,36.96788541666667,127.87269114166666,122.102,2,0.00026244000000000007,-0.019360811572806134,-0.0018807053252373066,-0.016025841223011858,0.999682346716104,0.018133970928221083,0.03612831551628262,-0.05537929716578008,-1.569064,0.02941995,10.3362091
1786689713.472407,17.987,0.0,6.0,0,0,,,,,,,,,,,,,,,,,,,,,,,,,,,0,2.029205560684204,17,0,True,True,False,"A:1,B:1,ESTOP:0,MODE:1",,,,36.96788541666667,127.87269114166666,122.102,2,0.00026244000000000007,-0.019373651633497635,-0.0018791149331930566,-0.01790213446978103,0.9996502609067222,0.08456120225912526,-0.016091935703387718,-0.0821526478913731,0.40207265,-0.7453053999999999,9.022118
1786689713.522321,18.036,0.0,2.0,0,0,,,,,,,,,,,,,,,,,,,,,,,,,,,0,2.0086021423339844,16,0,True,True,False,"A:1,B:1,ESTOP:0,MODE:1",,,,36.967884651666665,127.87269074,122.06299999999999,2,0.00026244000000000007,-0.019155775244646674,-0.0016922300914788608,-0.01966087280662018,0.9996217498196885,-0.016772614111665505,-0.07841764329210524,-0.04206243497306335,1.0395048999999998,0.12748644999999997,9.483030549999999
1786689713.572339,18.086,0.0,0.0,0,0,,,,,,,,,,,,,,,,,,,,,,,,,,,0,2.1286401748657227,13,0,True,True,False,"A:1,B:1,ESTOP:0,MODE:1",,,,36.967884651666665,127.87269074,122.06299999999999,2,0.00026244000000000007,-0.019283404243720843,-0.0010066546314875192,-0.020677704078625285,0.9995997046424447,-0.08693485004183756,-0.021415189921970425,-0.05951572749300664,-0.48052585,-0.00980665,10.365629049999999
1786689713.622336,18.136,0.0,-1.0,0,0,,,,,,,,,,,,,,,,,,,,,,,,,,,0,2.190683603286743,11,0,True,True,False,"A:1,B:1,ESTOP:0,MODE:1",,,,36.967884651666665,127.87269074,122.06299999999999,2,0.00026244000000000007,-0.01944091023459202,-0.0009565399281655812,-0.02174156407266759,0.9995741295333179,0.03860668305411457,0.040090212918309755,-0.04714134309636684,0.196133,0.08825984999999999,9.492837199999999
1786689713.672440,18.187,0.0,-2.0,0,0,,,,,,,,,,,,,,,,,,,,,,,,,,,0,2.3516125679016113,9,0,True,True,False,"A:1,B:1,ESTOP:0,MODE:1",,,,36.967884651666665,127.87269074,122.06299999999999,2,0.00026244000000000007,-0.019628200309653995,-0.0006743939422721313,-0.023010318773643186,0.9995422973418134,0.01984439359517553,0.013072516097437528,-0.05129522671611335,-1.2552512,-0.2745862,10.100849499999999
1786689713.722510,18.237,0.0,-2.0,0,0,,,,,,,,,,,,,,,,,,,,,,,,,,,0,2.3959193229675293,7,0,True,True,False,"A:1,B:1,ESTOP:0,MODE:1",,,,36.96788371833333,127.872690585,122.024,2,0.00026244000000000007,-0.019756156923719122,-0.0008710293284307376,-0.023956731452410687,0.999517388838049,0.08082619765985741,0.08321729873508962,-0.035430183815484885,-0.3334261,-0.43149259999999995,9.826263299999999
1786689713.772403,18.287,0.0,-2.0,0,0,,,,,,,,,,,,,,,,,,,,,,,,,,,0,2.477429151535034,4,0,True,True,False,"A:1,B:1,ESTOP:0,MODE:1",,,,36.96788371833333,127.872690585,122.024,2,0.00026244000000000007,-0.019949322580009518,-0.0008915706287380622,-0.0244460438631839,0.9995016861265679,0.016388641676226754,0.034854225162326766,-0.022636920398366452,-0.02941995,0.0588399,10.002782999999999
1786689713.822352,18.336,0.0,-2.0,0,0,,,,,,,,,,,,,,,,,,,,,,,,,,,0,2.5677669048309326,2,0,True,True,False,"A:1,B:1,ESTOP:0,MODE:1",,,,36.96788371833333,127.872690585,122.024,2,0.00026244000000000007,-0.020346963119104375,0.0014061677141732009,-0.024469665064272127,0.9994925008602276,0.0067369709126981125,0.029199358385865133,0.019285888234537342,-0.61781895,-0.3138128,9.7674234
1786689713.872323,18.386,0.0,-2.0,0,0,,,,,,,,,,,,,,,,,,,,,,,,,,,0,2.532717704772949,0,0,True,True,False,"A:1,B:1,ESTOP:0,MODE:1",,,,36.96788307333333,127.87269034166667,121.994,2,0.00026244000000000007,-0.020696467913278397,0.0013889039331874654,-0.02448716000618225,0.9994849204248208,-0.002530727415391778,-0.004049163864626845,-0.030264009229581675,0.25497289999999995,-0.5197524499999999,10.012589649999999
1786689713.922410,18.437,0.0,-2.0,0,0,,,,,,,,,,,,,,,,,,,,,,,,,,,0,2.567046642303467,0,0,True,True,False,"A:1,B:1,ESTOP:0,MODE:1",,,,36.96788307333333,127.87269034166667,121.994,2,0.00026244000000000007,-0.020663292193861097,0.00166935508839226,-0.024577354694381884,0.9994829639596297,0.023579398194443393,-0.017819811662862103,-0.010105456369047167,-0.7551120499999999,-0.8727918499999999,9.8654899
1786689713.972415,18.487,0.0,-2.0,0,0,,,,,,,,,,,,,,,,,,,,,,,,,,,0,2.542595386505127,-2,0,True,True,False,"A:1,B:1,ESTOP:0,MODE:1",,,,36.96788307333333,127.87269034166667,121.994,2,0.00026244000000000007,-0.02074352444278918,0.001601327481020221,-0.024569953363465992,0.999481595296135,-0.01858775653373961,0.04466297555853489,0.001239183768915974,-0.25497289999999995,-0.9218251,10.1793027
1786689714.022339,18.536,0.0,-2.0,0,0,,,,,,,,,,,,,,,,,,,,,,,,,,,0,2.6022791862487793,-3,0,True,True,False,"A:1,B:1,ESTOP:0,MODE:1",,,,36.96788307333333,127.87269034166667,121.994,2,0.00026244000000000007,-0.020643415383093826,0.0014205287786322447,-0.02439056667637641,0.9994883349777101,-0.005602506898901798,-0.01001818990644745,-0.0011519173063162576,1.9221034,1.53964405,10.002782999999999
1786689714.072350,18.586,0.0,-2.0,0,0,,,,,,,,,,,,,,,,,,,,,,,,,,,0,2.6773202419281006,-3,0,True,True,False,"A:1,B:1,ESTOP:0,MODE:1",,,,36.96788307333333,127.87269034166667,121.994,2,0.00026244000000000007,-0.02068664387146619,0.0018087068967608138,-0.024111957468787772,0.9994935741923107,0.09466665862817245,0.017296212887263806,0.008011061266653973,-2.53992235,-2.04958985,9.875296549999998
1786689714.122335,18.636,0.0,-2.0,0,0,,,,,,,,,,,,,,,,,,,,,,,,,,,0,2.5259897708892822,-3,0,True,True,False,"A:1,B:1,ESTOP:0,MODE:1",,,,36.96788261333333,127.87268989833333,121.96700000000001,2,0.00026244000000000007,-0.02075987146928748,0.0013051975678918825,-0.024165988256214164,0.9994915353355865,-0.06749188217462072,0.04996877648459765,0.010157816246606997,2.1672696499999997,0.3138128,10.2185293
1786689714.172392,18.687,0.0,-2.0,0,0,,,,,,,,,,,,,,,,,,,,,,,,,,,0,2.5395336151123047,-3,0,True,True,False,"A:1,B:1,ESTOP:0,MODE:1",,,,36.96788261333333,127.87268989833333,121.96700000000001,2,0.00026244000000000007,-0.02067153334288304,0.0017183579881215646,-0.02398296451889043,0.9994971497547976,0.06819001387541845,0.004014257279586958,-0.01577777643802874,-0.6080123,-0.8727918499999999,10.130269449999998
1786689714.222403,18.737,0.0,-2.0,0,0,,,,,,,,,,,,,,,,,,,,,,,,,,,0,2.611224412918091,-3,0,True,True,False,"A:1,B:1,ESTOP:0,MODE:1",,,,36.96788261333333,127.87268989833333,121.96700000000001,2,0.00026244000000000007,-0.0206011606531132,0.0017486962487686761,-0.023842806665313906,0.9995019033556138,-0.04181808887778413,0.00019198621771937625,0.023527038316883565,0.5197524499999999,0.4707192,9.77723005
1786689714.272408,18.787,0.0,-2.0,0,0,,,,,,,,,,,,,,,,,,,,,,,,,,,0,2.4701242446899414,-3,0,True,True,False,"A:1,B:1,ESTOP:0,MODE:1",,,,36.96788261333333,127.87268989833333,121.96700000000001,2,0.00026244000000000007,-0.02082867619504775,0.0024524829274993423,-0.023836500401621993,0.9994958593331218,0.016126842288427607,0.04293509959906051,0.04579743957233121,0.8531785499999999,-0.81395195,10.0812362
1786689714.322369,18.836,0.0,-2.0,0,0,,,,,,,,,,,,,,,,,,,,,,,,,,,0,2.6616227626800537,-3,0,True,True,False,"A:1,B:1,ESTOP:0,MODE:1",,,,36.967882134999996,127.87268975833334,121.971,2,0.00026244000000000007,-0.020699760942463268,0.002722489424481872,-0.023953283594984564,0.9994950465876641,0.08447393579652555,0.005811946409141118,-0.03914773512223281,-1.34351105,-0.1176798,9.46341725
1786689714.372369,18.886,0.0,-2.0,0,0,,,,,,,,,,,,,,,,,,,,,,,,,,,0,2.762343168258667,-3,0,True,True,False,"A:1,B:1,ESTOP:0,MODE:1",,,,36.967882134999996,127.87268975833334,121.971,2,0.00026244000000000007,-0.020796876223826494,0.002694448006217952,-0.023752957759093217,0.9994978873849445,-0.011397000015522973,-0.018884462506578648,0.01630137521362704,-0.8041453,-0.37265269999999995,9.26728425
1786689714.422362,18.936,0.0,-2.0,0,0,,,,,,,,,,,,,,,,,,,,,,,,,,,0,2.6599225997924805,-3,0,True,True,False,"A:1,B:1,ESTOP:0,MODE:1",,,,36.967882134999996,127.87268975833334,121.971,2,0.00026244000000000007,-0.02089405067951913,0.0026658207883867996,-0.02352646966367247,0.9995012942817483,-0.057875117996131965,-0.07688175355035022,0.03363249468593073,-0.04903325,-1.2552512,9.4536106
1786689714.472372,18.986,0.0,-2.0,0,0,,,,,,,,,,,,,,,,,,,,,,,,,,,0,2.492974042892456,-3,0,True,True,False,"A:1,B:1,ESTOP:0,MODE:1",,,,36.96788164,127.8726896,121.963,2,0.00026244000000000007,-0.02094503954730812,0.0023601056059242486,-0.02346300017924924,0.9995024876619764,-0.03745476574779831,-0.04445353604829558,-0.009180431865490174,2.06920315,0.0196133,10.4735022
1786689714.522382,19.037,0.0,-2.0,0,0,,,,,,,,,,,,,,,,,,,,,,,,,,,0,2.450298309326172,-3,0,True,True,False,"A:1,B:1,ESTOP:0,MODE:1",,,,36.96788164,127.8726896,121.963,2,0.00026244000000000007,-0.020899146355835577,0.002087756240397836,-0.02343390934834352,0.999504736781238,0.07550294344127469,0.10887363873940628,0.011868238913561441,0.6472389,-0.32361945,10.306789149999998
1786689714.572376,19.086,0.0,-2.0,0,0,,,,,,,,,,,,,,,,,,,,,,,,,,,0,2.610416889190674,-3,0,True,True,False,"A:1,B:1,ESTOP:0,MODE:1",,,,36.96788164,127.8726896,121.963,2,0.00026244000000000007,-0.020723284246579564,0.002151274828360636,-0.02332815283518427,0.9995107377071777,0.12630947796682962,0.09309586230137754,0.01213003830136059,-1.6082906,-0.5197524499999999,9.44380395
1786689714.622368,19.136,0.0,-2.0,0,0,,,,,,,,,,,,,,,,,,,,,,,,,,,0,2.8766391277313232,-3,0,True,True,False,"A:1,B:1,ESTOP:0,MODE:1",,,,36.96788164,127.8726896,121.963,2,0.00026244000000000007,-0.020508613531273152,0.0020053741164398403,-0.02327043836754628,0.9995168142376897,-0.03886848244191372,-0.08960520379738889,0.006161012259539983,-1.9122967499999999,-0.1569064,9.07115125
1786689714.672368,19.186,0.0,-2.0,0,0,,,,,,,,,,,,,,,,,,,,,,,,,,,0,2.8004956245422363,-3,0,True,True,False,"A:1,B:1,ESTOP:0,MODE:1",,,,36.96788164,127.8726896,121.963,2,0.00026244000000000007,-0.021270162378922906,0.0015399567468297284,-0.023130882446586214,0.999504962970587,-0.11789699097221695,-0.1243198026195561,-0.014189526818713898,0.53936575,-0.55897905,9.855683249999998
1786689714.722339,19.236,0.0,-2.0,0,0,,,,,,,,,,,,,,,,,,,,,,,,,,,0,2.4491124153137207,-3,0,True,True,False,"A:1,B:1,ESTOP:0,MODE:1",,,,36.96788128666667,127.872689485,121.976,2,0.00026244000000000007,-0.021388309014023967,0.0013402881832382863,-0.02305650799165822,0.99950444786621,-0.05904448859496817,-0.0676489618073002,-0.0009599310885968813,1.99074995,-1.34351105,9.79684335
1786689714.772391,19.287,0.0,-2.0,0,0,,,,,,,,,,,,,,,,,,,,,,,,,,,0,2.383087158203125,-3,0,True,True,False,"A:1,B:1,ESTOP:0,MODE:1",,,,36.96788128666667,127.872689485,121.976,2,0.00026244000000000007,-0.021321542494847193,0.001208029674321032,-0.02306811934456791,0.9995057750507753,0.006475171524898963,0.012758356832078549,-0.014503686084072877,1.1767979999999998,-0.0784532,10.306789149999998
1786689714.822388,19.337,0.0,-2.0,0,0,,,,,,,,,,,,,,,,,,,,,,,,,,,0,2.7208731174468994,-3,0,True,True,False,"A:1,B:1,ESTOP:0,MODE:1",,,,36.96788128666667,127.872689485,121.976,2,0.00026244000000000007,-0.022112100000048592,0.0009881395853496382,-0.022958990772094845,0.9994913523170046,0.08005825278897989,-0.0038222710618675817,0.010000736613927507,-1.4219642499999998,0.7943386499999999,9.9831697
1786689714.872377,19.386,0.0,-2.0,0,0,,,,,,,,,,,,,,,,,,,,,,,,,,,0,2.780122756958008,-3,0,True,True,False,"A:1,B:1,ESTOP:0,MODE:1",,,,36.96788128666667,127.872689485,121.976,2,0.00026244000000000007,-0.022127597490165084,0.0006954866782526052,-0.022738579956812482,0.9994962944949528,-0.04000294645571003,0.04310963252425994,0.011431906600562858,0.9610517,0.55897905,9.502643849999998
1786689714.922364,19.436,0.0,-2.0,0,0,,,,,,,,,,,,,,,,,,,,,,,,,,,0,2.9290812015533447,-3,0,True,True,False,"A:1,B:1,ESTOP:0,MODE:1",,,,36.967880845,127.87268948833334,121.977,2,0.00026244000000000007,-0.02209378036199418,0.00064838241311882,-0.022617456785344252,0.9994998224702821,0.02403318379996192,-0.12231267397976262,0.029670597283903602,-2.22610955,-1.0493115499999999,9.404577349999999
1786689714.972345,19.486,0.0,-2.0,0,0,,,,,,,,,,,,,,,,,,,,,,,,,,,0,2.7773282527923584,-3,0,True,True,False,"A:1,B:1,ESTOP:0,MODE:1",,,,36.967880845,127.87268948833334,121.977,2,0.00026244000000000007,-0.0222677990057217,0.0002854094227854962,-0.022608063944696777,0.9994963427214602,-0.014241886696273728,0.056007615696498037,-0.017575465567582896,0.73549875,-1.0198915999999998,10.208722649999999
1786689715.022510,19.537,0.0,-2.0,0,0,,,,,,,,,,,,,,,,,,,,,,,,,,,0,2.8221282958984375,-3,0,True,True,False,"A:1,B:1,ESTOP:0,MODE:1",,,,36.967880845,127.87268948833334,121.977,2,0.00026244000000000007,-0.02223846929059815,0.00042476180462633795,-0.022622411558293705,0.9994966215832386,0.01075122819228507,0.02171189589480946,-0.008813912722571364,-1.12776475,-1.1964112999999998,10.326402449999998
1786689715.072390,19.587,0.0,-2.0,0,0,,,,,,,,,,,,,,,,,,,,,,,,,,,0,2.8255984783172607,-3,0,True,True,False,"A:1,B:1,ESTOP:0,MODE:1",,,,36.967880845,127.87268948833334,121.977,2,0.00026244000000000007,-0.021970266663409586,0.0003215461065770956,-0.022572300116787278,0.9995037244844454,0.04480260189869444,0.06984807666481306,-0.007592182246175334,0.04903325,-0.44129925,9.7870367
1786689715.122343,19.636,0.0,-2.0,0,0,,,,,,,,,,,,,,,,,,,,,,,,,,,0,2.9333152770996094,-3,0,True,True,False,"A:1,B:1,ESTOP:0,MODE:1",,,,36.967880465,127.87268929666666,121.971,2,0.00026244000000000007,-0.021783040217475156,0.0008839888996816543,-0.022533826384832666,0.9995083513362795,-0.012217304763960306,0.019757127132575807,0.003351032163829113,-0.10787314999999999,0.20593965,10.198916
1786689715.172395,19.687,0.0,-2.0,0,0,,,,,,,,,,,,,,,,,,,,,,,,,,,0,2.8719124794006348,-3,0,True,True,False,"A:1,B:1,ESTOP:0,MODE:1",,,,36.967880465,127.87268929666666,121.971,2,0.00026244000000000007,-0.02185522275730322,0.0011652549064611107,-0.02254509084846079,0.9995062332461295,0.0017453292519943296,-0.02022836603061428,0.01541125729510993,0.9218251,-0.14709974999999997,9.924329799999999
1786689715.222336,19.736,0.0,-2.0,0,0,,,,,,,,,,,,,,,,,,,,,,,,,,,0,3.031261444091797,-3,0,True,True,False,"A:1,B:1,ESTOP:0,MODE:1",,,,36.967880465,127.87268929666666,121.971,2,0.00026244000000000007,-0.021961958545226704,0.001457948588949597,-0.02264328999154526,0.9995012897345998,0.02012364627549462,0.006370451769779303,-0.01980948701013564,-0.26477955,0.4216859499999999,10.208722649999999
1786689715.272377,19.786,0.0,-2.0,0,0,,,,,,,,,,,,,,,,,,,,,,,,,,,0,2.9256319999694824,-3,0,True,True,False,"A:1,B:1,ESTOP:0,MODE:1",,,,36.967880465,127.87268929666666,121.971,2,0.00026244000000000007,-0.021819721604957865,0.0011910157739966525,-0.022562004137794217,0.9995065968765762,-0.008290313946973065,0.022008601867648494,0.03488913174736665,0.5099457999999999,-0.83356525,9.747810099999999
1786689715.322377,19.836,0.0,-2.0,0,0,,,,,,,,,,,,,,,,,,,,,,,,,,,0,2.770327091217041,-3,0,True,True,False,"A:1,B:1,ESTOP:0,MODE:1",,,,36.96788004,127.87268931833333,121.977,2,0.00026244000000000007,-0.021813843162954778,0.001066992916564982,-0.022486181779334685,0.9995085739510016,-0.053407075111026485,-0.01858775653373961,0.03892084231947355,0.2745862,-1.3729310000000001,9.738003449999999
1786689715.372379,19.886,0.0,-2.0,0,0,,,,,,,,,,,,,,,,,,,,,,,,,,,0,2.7868492603302,-3,0,True,True,False,"A:1,B:1,ESTOP:0,MODE:1",,,,36.96788004,127.87268931833333,121.977,2,0.00026244000000000007,-0.021584739639114035,0.0007761159011223163,-0.022597321909223988,0.9995113094414444,0.027628562059070237,0.01520181778487061,-0.007452555906015787,-0.48052585,-0.784532,9.826263299999999
1786689715.422417,19.937,0.0,-2.0,0,0,,,,,,,,,,,,,,,,,,,,,,,,,,,0,2.9903292655944824,-3,0,True,True,False,"A:1,B:1,ESTOP:0,MODE:1",,,,36.96788004,127.87268931833333,121.977,2,0.00026244000000000007,-0.020942353125693373,0.0010085087324055286,-0.02271480415773925,0.9995221050220805,0.016266468628587154,0.0064053583548191895,-0.02476622208579954,-1.7553903499999999,-0.6080123,9.77723005
1786689715.472360,19.986,0.0,-2.0,0,0,,,,,,,,,,,,,,,,,,,,,,,,,,,0,2.947247266769409,-3,0,True,True,False,"A:1,B:1,ESTOP:0,MODE:1",,,,36.96788004,127.87268931833333,121.977,2,0.00026244000000000007,-0.021219498462215235,-5.024935531358144e-05,-0.022719681831502327,0.9995166563982262,-0.06061528492176306,-0.03921754829231258,-0.04028219913602912,1.5494507,0.57859235,11.159967699999997
1786689715.522361,20.036,0.0,-2.0,0,0,,,,,,,,,,,,,,,,,,,,,,,,,,,0,3.0455243587493896,-3,0,True,True,False,"A:1,B:1,ESTOP:0,MODE:1",,,,36.967879763333336,127.87268946666667,121.989,2,0.00026244000000000007,-0.021106141366214574,0.00032931747479136977,-0.02262435195074886,0.999521165881663,0.09506808435613114,0.08454374896660533,0.019512781037296607,-1.7455836999999998,-1.3827376499999997,9.571290399999999
1786689715.572421,20.087,0.0,-2.0,0,0,,,,,,,,,,,,,,,,,,,,,,,,,,,0,3.359147548675537,-3,0,True,True,False,"A:1,B:1,ESTOP:0,MODE:1",,,,36.967879763333336,127.87268946666667,121.989,2,0.00026244000000000007,-0.0205529907384424,0.0004772930936750841,-0.022787029818130872,0.9995289380678659,-0.005497787143782138,-0.16388641676226756,-0.03223623128433527,-1.1179581,0.9218251,8.433719
1786689715.622344,20.136,0.0,-2.0,0,0,,,,,,,,,,,,,,,,,,,,,,,,,,,0,3.319746494293213,-3,0,True,True,False,"A:1,B:1,ESTOP:0,MODE:1",,,,36.967879763333336,127.87268946666667,121.989,2,0.00026244000000000007,-0.02083547674385671,0.00033628328435789286,-0.022833598358400785,0.9995220841024055,-0.030333822399661446,-0.0018151424220741027,-0.03731513940763877,1.16699135,0.30400615,10.885381500000001
1786689715.672432,20.187,0.0,-2.0,0,0,,,,,,,,,,,,,,,,,,,,,,,,,,,0,3.327685594558716,-3,0,True,True,False,"A:1,B:1,ESTOP:0,MODE:1",,,,36.967879763333336,127.87268946666667,121.989,2,0.00026244000000000007,-0.020785392131884437,0.0010040337540182477,-0.022671349749881643,0.9995263724838196,-0.011449359893082803,-0.06358234465015342,0.005916666164260778,-0.7158854499999999,-1.08853815,9.483030549999999
1786689715.722356,20.236,0.0,-2.0,0,0,,,,,,,,,,,,,,,,,,,,,,,,,,,0,3.352304458618164,-3,0,True,True,False,"A:1,B:1,ESTOP:0,MODE:1",,,,36.96787938833333,127.87268940166666,122.001,2,0.00026244000000000007,-0.020688886143461274,0.0010273028562288603,-0.022636013601831085,0.9995291519146414,0.04452334921837535,0.040125119503349634,-0.011397000015522973,1.6671305,1.2062179499999999,9.9831697
1786689715.772395,20.287,0.0,-2.0,0,0,,,,,,,,,,,,,,,,,,,,,,,,,,,0,3.430833101272583,-3,0,True,True,False,"A:1,B:1,ESTOP:0,MODE:1",,,,36.96787938833333,127.87268940166666,122.001,2,0.00026244000000000007,-0.020604394206647572,0.001288100432103268,-0.022674303765260678,0.9995297272644845,-0.008587019919812101,-0.00027925268031909274,0.027052603405912107,0.0196133,0.10787314999999999,9.875296549999998
1786689715.822354,20.336,0.0,-2.0,0,0,,,,,,,,,,,,,,,,,,,,,,,,,,,0,3.5701215267181396,-3,0,True,True,False,"A:1,B:1,ESTOP:0,MODE:1",,,,36.96787938833333,127.87268940166666,122.001,2,0.00026244000000000007,-0.019398148722050472,0.0009890052875880613,-0.02262004549740981,0.9995554347990877,0.03166027263117714,0.025342180738957665,-0.012461650859239512,-0.7158854499999999,0.0,9.77723005
1786689715.872431,20.387,0.0,-2.0,0,0,,,,,,,,,,,,,,,,,,,,,,,,,,,0,3.6495110988616943,-3,0,True,True,False,"A:1,B:1,ESTOP:0,MODE:1",,,,36.96787938833333,127.87268940166666,122.001,2,0.00026244000000000007,-0.019380583872189976,0.0009958111141406,-0.02254138841235376,0.9995575456858106,0.007173303225696694,-0.008639379797371931,-0.008936085770210968,0.1372931,0.22555294999999997,9.855683249999998
1786689715.922377,20.436,0.0,-2.0,0,0,,,,,,,,,,,,,,,,,,,,,,,,,,,0,3.6173455715179443,-3,0,True,True,False,"A:1,B:1,ESTOP:0,MODE:1",,,,36.96787922666667,127.87268925166667,122.00399999999999,2,0.00026244000000000007,-0.01933364236837874,0.0011427775125132573,-0.022521113570996256,0.999558754539147,-0.013281955607676848,-0.005864306286700947,0.020996310901491785,-0.7453053999999999,-1.24544455,9.4339973
1786689715.972352,20.486,0.0,-2.0,0,0,,,,,,,,,,,,,,,,,,,,,,,,,,,0,3.618558406829834,-3,0,True,True,False,"A:1,B:1,ESTOP:0,MODE:1",,,,36.96787922666667,127.87268925166667,122.00399999999999,2,0.00026244000000000007,-0.019753054342047077,0.0015030399600953123,-0.02260093957942828,0.9995482755951137,-0.012758356832078549,-0.0016580627893946131,0.02633701841259443,-0.32361945,-0.7060787999999999,9.7085835
1786689716.022403,20.537,0.0,-2.0,0,0,,,,,,,,,,,,,,,,,,,,,,,,,,,0,3.637639045715332,-3,0,True,True,False,"A:1,B:1,ESTOP:0,MODE:1",,,,36.96787922666667,127.87268925166667,122.00399999999999,2,0.00026244000000000007,-0.01956495189201722,0.0017167955099242555,-0.022588211465805308,0.9995519185982367,-0.00932005820564972,-0.007696902001294993,0.01764527873766267,-0.9120184499999999,-1.1375714,9.5124505
1786689716.072419,20.587,0.0,-2.0,0,0,,,,,,,,,,,,,,,,,,,,,,,,,,,0,3.8228495121002197,-3,0,True,True,False,"A:1,B:1,ESTOP:0,MODE:1",,,,36.96787922666667,127.87268925166667,122.00399999999999,2,0.00026244000000000007,-0.019261340085817546,0.002791942255736159,-0.022559022389246414,0.9995560496267233,0.0072954762733362976,0.03467969223712733,0.01726130630222392,-1.30428445,-0.25497289999999995,9.5320638
1786689716.122369,20.636,0.0,-2.0,0,0,,,,,,,,,,,,,,,,,,,,,,,,,,,0,3.789109945297241,-3,0,True,True,False,"A:1,B:1,ESTOP:0,MODE:1",,,,36.967879006666664,127.87268918666666,122.007,2,0.00026244000000000007,-0.01923645328532568,0.002738343628798428,-0.02252521704912971,0.9995574395381498,0.026616271092913524,0.03783873818323707,0.0060911990894602095,-0.4216859499999999,-1.1571847,9.60071035
1786689716.172451,20.687,0.0,-2.0,0,0,,,,,,,,,,,,,,,,,,,,,,,,,,,0,4.02730655670166,-3,0,True,True,False,"A:1,B:1,ESTOP:0,MODE:1",,,,36.967879006666664,127.87268918666666,122.007,2,0.00026244000000000007,-0.018891890232930832,0.002915340279533427,-0.02260117082239298,0.9995617961646686,0.02087413785385218,-0.032323497746934986,-0.03284709652253328,-1.1866046499999998,0.25497289999999995,9.502643849999998
1786689716.222340,20.736,0.0,-2.0,0,0,,,,,,,,,,,,,,,,,,,,,,,,,,,0,3.9422051906585693,-3,0,True,True,False,"A:1,B:1,ESTOP:0,MODE:1",,,,36.967879006666664,127.87268918666666,122.007,2,0.00026244000000000007,-0.01890381070592341,0.0027684046174118685,-0.022665025528229257,0.9995605426858712,-0.022741640153486113,-0.024591689160600103,0.018483036778619948,0.5295591,-0.5099457999999999,10.032202949999999
1786689716.272342,20.786,0.0,-2.0,0,0,,,,,,,,,,,,,,,,,,,,,,,,,,,0,3.8294193744659424,-3,0,True,True,False,"A:1,B:1,ESTOP:0,MODE:1",,,,36.967878731666666,127.87268936833334,122.01400000000001,2,0.00026244000000000007,-0.018560413896599903,0.002509311779230277,-0.022766663888384477,0.9995653522435514,-0.03478441199224699,-0.01213003830136059,-0.002949606435870417,1.14737805,-0.0392266,9.7870367
1786689716.322337,20.836,0.0,-2.0,0,0,,,,,,,,,,,,,,,,,,,,,,,,,,,0,3.8632185459136963,-3,0,True,True,False,"A:1,B:1,ESTOP:0,MODE:1",,,,36.967878731666666,127.87268936833334,122.01400000000001,2,0.00026244000000000007,-0.017938710966049164,0.002585095908304756,-0.02291493013322878,0.9995731218400236,0.03040363556974122,-0.02113593724165133,-0.0070685834705770355,0.0196133,-0.06864655,9.306510849999999
1786689716.372393,20.887,0.0,-2.0,0,0,,,,,,,,,,,,,,,,,,,,,,,,,,,0,3.822538375854492,-3,0,True,True,False,"A:1,B:1,ESTOP:0,MODE:1",,,,36.967878731666666,127.87268936833334,122.01400000000001,2,0.00026244000000000007,-0.017307209241251318,0.0031102128552482483,-0.022819869271165836,0.9995849341855455,-0.02965314399138366,0.005009094953223725,-0.03118903373313867,-0.1372931,-0.83356525,9.69877685
1786689716.422374,20.936,0.0,-2.0,0,0,,,,,,,,,,,,,,,,,,,,,,,,,,,0,3.391206741333008,-3,0,True,True,False,"A:1,B:1,ESTOP:0,MODE:1",,,,36.967878731666666,127.87268936833334,122.01400000000001,2,0.00026244000000000007,-0.01730505687619017,0.0028523650609824707,-0.02255389009783524,0.9995917772078386,-0.010105456369047167,-0.06269222673163632,0.003298672286269283,3.1185147,-0.65704555,9.71839015
1786689716.472374,20.986,0.0,-2.0,0,0,,,,,,,,,,,,,,,,,,,,,,,,,,,0,3.6758084297180176,-3,0,True,True,False,"A:1,B:1,ESTOP:0,MODE:1",,,,36.967878731666666,127.87268936833334,122.01400000000001,2,0.00026244000000000007,-0.01688900417578511,0.003889397018014268,-0.02248483015983451,0.9995969520469087,-0.026354471705114377,-0.1350884841043611,0.03239331091701476,-1.67693715,0.25497289999999995,9.69877685
1786689716.522404,21.037,0.0,-2.0,0,0,,,,,,,,,,,,,,,,,,,,,,,,,,,0,4.120076656341553,-3,0,True,True,False,"A:1,B:1,ESTOP:0,MODE:1",,,,36.967878408333334,127.87268928166667,122.00299999999999,2,0.00026244000000000007,-0.01580648874369077,0.005412205018098385,-0.02261244409052639,0.9996046920271485,0.10170033551370958,0.1535540675904611,0.02691297706575256,-2.9518016499999997,0.2353596,9.845876599999999
1786689716.572361,21.086,0.0,-2.0,0,0,,,,,,,,,,,,,,,,,,,,,,,,,,,0,4.290236473083496,-3,0,True,True,False,"A:1,B:1,ESTOP:0,MODE:1",,,,36.967878408333334,127.87268928166667,122.00299999999999,2,0.00026244000000000007,-0.01564182503152437,0.005340171675355583,-0.022710404381379255,0.9996054488692001,0.10718066936497178,0.20284216566678098,0.008080874436733746,-0.3138128,0.784532,9.4536106
1786689716.622362,21.136,0.0,-2.0,0,0,,,,,,,,,,,,,,,,,,,,,,,,,,,0,4.403395175933838,-3,0,True,True,False,"A:1,B:1,ESTOP:0,MODE:1",,,,36.967878408333334,127.87268928166667,122.00299999999999,2,0.00026244000000000007,-0.015610425304166902,0.005207032763676499,-0.02261670780293679,0.9996087664480428,-0.0470017167562073,-0.013142329267517301,0.01673770752662562,-1.4219642499999998,-0.9218251,9.384964049999999
1786689716.672405,21.187,0.0,-2.0,0,0,,,,,,,,,,,,,,,,,,,,,,,,,,,0,4.1886115074157715,-3,0,True,True,False,"A:1,B:1,ESTOP:0,MODE:1",,,,36.967878408333334,127.87268928166667,122.00299999999999,2,0.00026244000000000007,-0.015647488403697833,0.004736025401550781,-0.022589148311680227,0.9996111526731807,0.030037116426822413,0.006021385919380436,0.0003141592653589793,2.1966896,0.34323275000000003,9.99297635
1786689716.722387,21.237,0.0,-2.0,0,0,,,,,,,,,,,,,,,,,,,,,,,,,,,0,4.122584819793701,-3,0,True,True,False,"A:1,B:1,ESTOP:0,MODE:1",,,,36.96787799166667,127.872689025,122.00399999999999,2,0.00026244000000000007,-0.0156339312678828,0.004577521540022676,-0.022521930893025035,0.9996136199144704,0.010821041362364843,0.051731559029111925,0.001186823891356144,0.17651969999999997,-0.6668522,11.13054775
1786689716.772387,21.287,0.0,-2.0,0,0,,,,,,,,,,,,,,,,,,,,,,,,,,,0,4.0590596199035645,-3,0,True,True,False,"A:1,B:1,ESTOP:0,MODE:1",,,,36.96787799166667,127.872689025,122.00399999999999,2,0.00026244000000000007,-0.015342223031733547,0.0043770521360760204,-0.02240414219593269,0.9996216844484253,-0.1547059848967774,-0.04468042885105484,0.0033684854563490563,0.45110589999999995,-0.34323275000000003,10.071429549999998
1786689716.822347,21.336,0.0,-2.0,0,0,,,,,,,,,,,,,,,,,,,,,,,,,,,0,4.040643215179443,-3,0,True,True,False,"A:1,B:1,ESTOP:0,MODE:1",,,,36.96787799166667,127.872689025,122.00399999999999,2,0.00026244000000000007,-0.01507680124344104,0.004144578397201473,-0.022434955847670413,0.9996260227156395,-0.023282692221604357,-0.011850785621041499,0.005358160803622592,0.99047165,0.4707192,10.6892485
1786689716.872350,21.386,0.0,-2.0,0,0,,,,,,,,,,,,,,,,,,,,,,,,,,,0,4.001220703125,-3,0,True,True,False,"A:1,B:1,ESTOP:0,MODE:1",,,,36.96787799166667,127.872689025,122.00399999999999,2,0.00026244000000000007,-0.01484901227933894,0.0034065895455815402,-0.02246440701864404,0.9996315583250143,0.07798131097910664,0.04557054676957195,0.01223475805648025,0.21574629999999997,-0.40207265,9.60071035
1786689716.922336,21.436,0.0,-2.0,0,0,,,,,,,,,,,,,,,,,,,,,,,,,,,0,4.043929100036621,-3,0,True,True,False,"A:1,B:1,ESTOP:0,MODE:1",,,,36.96787735,127.87268891833334,121.994,2,0.00026244000000000007,-0.014765235054697469,0.003232351107192769,-0.02261560276450427,0.9996299686642541,-0.09073966781118518,-0.058398716771730266,-0.022602013813326566,0.00980665,0.0196133,9.67916355
1786689716.972447,21.487,0.0,-2.0,0,0,,,,,,,,,,,,,,,,,,,,,,,,,,,0,3.8693883419036865,-3,0,True,True,False,"A:1,B:1,ESTOP:0,MODE:1",,,,36.96787735,127.87268891833334,121.994,2,0.00026244000000000007,-0.01469053134294322,0.0030723996649668866,-0.022539672947786495,0.9996332886576794,0.052586770362589144,0.05262167694762904,0.0038571776469074684,1.2356379,-0.53936575,9.4536106
1786689717.022384,21.537,0.0,-2.0,0,0,,,,,,,,,,,,,,,,,,,,,,,,,,,0,3.8225677013397217,-3,0,True,True,False,"A:1,B:1,ESTOP:0,MODE:1",,,,36.96787735,127.87268891833334,121.994,2,0.00026244000000000007,-0.014674925557251896,0.003000938188806743,-0.022453524943086764,0.9996356737069292,0.03549999698556466,-0.0518013721991917,0.01907644872429802,0.7453053999999999,-0.06864655,9.836069949999999
1786689717.072378,21.586,0.0,-2.0,0,0,,,,,,,,,,,,,,,,,,,,,,,,,,,0,3.82283878326416,-3,0,True,True,False,"A:1,B:1,ESTOP:0,MODE:1",,,,36.96787735,127.87268891833334,121.994,2,0.00026244000000000007,-0.014817999610968836,0.0036079330632448627,-0.02254872705902387,0.999629413640154,0.008080874436733746,0.026878070480712675,-0.013037609512397642,-0.6472389,-0.8041453,10.208722649999999
1786689717.122358,21.636,0.0,-2.0,0,0,,,,,,,,,,,,,,,,,,,,,,,,,,,0,3.6892640590667725,-3,0,True,True,False,"A:1,B:1,ESTOP:0,MODE:1",,,,36.967876605,127.872688755,121.987,2,0.00026244000000000007,-0.016008675850629733,0.004203212283591008,-0.02260497597056419,0.9996074581381327,0.01059414855960558,0.025603980126756815,-0.014172073526193957,-0.44129925,-1.65732385,9.67916355
1786689717.172352,21.686,0.0,-2.0,0,0,,,,,,,,,,,,,,,,,,,,,,,,,,,0,3.6650230884552,-3,0,True,True,False,"A:1,B:1,ESTOP:0,MODE:1",,,,36.967876605,127.872688755,121.987,2,0.00026244000000000007,-0.015652309708905743,0.004102583298457703,-0.022826078682116193,0.999608495433614,0.032864549815053226,-0.03166027263117714,-0.025534166956677044,0.04903325,-0.44129925,9.60071035
1786689717.222344,21.736,0.0,-2.0,0,0,,,,,,,,,,,,,,,,,,,,,,,,,,,0,3.7246930599212646,-3,0,True,True,False,"A:1,B:1,ESTOP:0,MODE:1",,,,36.967876605,127.872688755,121.987,2,0.00026244000000000007,-0.015372214049019511,0.0037638554019333195,-0.022788793392229518,0.9996150255590752,0.01806415775814131,0.02422517001768129,0.05157447939643244,0.1176798,0.24516625,9.6301303
1786689717.272459,21.787,0.0,-2.0,0,0,,,,,,,,,,,,,,,,,,,,,,,,,,,0,3.700742483139038,-3,0,True,True,False,"A:1,B:1,ESTOP:0,MODE:1",,,,36.967876605,127.872688755,121.987,2,0.00026244000000000007,-0.01574456445689048,0.002781275895176496,-0.022497808386408663,0.9996190383402399,0.013788101090755204,-0.009232791743050004,-0.023963370629882144,0.38245935,-0.18632634999999997,9.845876599999999
1786689717.322406,21.837,0.0,-2.0,0,0,,,,,,,,,,,,,,,,,,,,,,,,,,,0,3.733093738555908,-3,0,True,True,False,"A:1,B:1,ESTOP:0,MODE:1",,,,36.967875645,127.87268854333334,121.99000000000001,2,0.00026244000000000007,-0.015681753086196654,0.0028582745552838723,-0.022488014476673823,0.9996200288567688,0.01780235837034216,0.007504915783575617,-0.010367255756846317,0.0588399,-0.0588399,10.110656149999999
1786689717.372370,21.886,0.0,-2.0,0,0,,,,,,,,,,,,,,,,,,,,,,,,,,,0,3.7679104804992676,-3,0,True,True,False,"A:1,B:1,ESTOP:0,MODE:1",,,,36.967875645,127.87268854333334,121.99000000000001,2,0.00026244000000000007,-0.015571809381811784,0.002691610726108305,-0.022595618386581404,0.9996197837247938,0.00466002910282486,0.010559241974565694,-0.045116761164053415,0.4118793,0.22555294999999997,10.0616229
1786689717.422351,21.936,0.0,-2.0,0,0,,,,,,,,,,,,,,,,,,,,,,,,,,,0,3.870941638946533,-3,0,True,True,False,"A:1,B:1,ESTOP:0,MODE:1",,,,36.967875645,127.87268854333334,121.99000000000001,2,0.00026244000000000007,-0.015542798679880546,0.002844105484826665,-0.022340252773205494,0.9996255526842125,-0.005044001538263612,-0.008203047484373348,0.013055062804917585,-0.7943386499999999,-0.21574629999999997,9.8654899
1786689717.472347,21.986,0.0,-2.0,0,0,,,,,,,,,,,,,,,,,,,,,,,,,,,0,3.6791462898254395,-3,0,True,True,False,"A:1,B:1,ESTOP:0,MODE:1",,,,36.967875645,127.87268854333334,121.99000000000001,2,0.00026244000000000007,-0.015674780952971867,0.0024251046677331864,-0.022154597145537826,0.999628728045941,-0.029513517651224112,0.00047123889803846896,0.03642502148912166,0.9120184499999999,-0.97085835,9.69877685
1786689717.522439,22.037,0.0,-2.0,0,0,,,,,,,,,,,,,,,,,,,,,,,,,,,0,3.8750319480895996,-3,0,True,True,False,"A:1,B:1,ESTOP:0,MODE:1",,,,36.96787472166667,127.87268861166666,122.0,2,0.00026244000000000007,-0.015699160088045113,0.002481998118754778,-0.022406684636379414,0.9996225870504698,-0.015917402778188285,-0.04326671215693943,-0.010629055144645466,-0.36284605,0.7551120499999999,10.24794925
1786689717.572504,22.087,0.0,-2.0,0,0,,,,,,,,,,,,,,,,,,,,,,,,,,,0,3.9262497425079346,-3,0,True,True,False,"A:1,B:1,ESTOP:0,MODE:1",,,,36.96787472166667,127.87268861166666,122.0,2,0.00026244000000000007,-0.017020732964212415,0.002290215673964352,-0.02273003263088607,0.999594115217835,-0.002495820830351891,-0.015655603390389135,-0.04675737066092808,0.29419949999999995,0.18632634999999997,10.228335949999998
1786689717.622378,22.136,0.0,-2.0,0,0,,,,,,,,,,,,,,,,,,,,,,,,,,,0,4.0791497230529785,-3,0,True,True,False,"A:1,B:1,ESTOP:0,MODE:1",,,,36.96787472166667,127.87268861166666,122.0,2,0.00026244000000000007,-0.016925355431351333,0.0014882121694058468,-0.0229271139065357,0.9995927495815372,-0.012915436464758038,0.0007155849933176752,-0.03551745027808461,0.0588399,0.7158854499999999,9.757616749999999
1786689717.672372,22.186,0.0,-2.0,0,0,,,,,,,,,,,,,,,,,,,,,,,,,,,0,3.8897578716278076,-3,0,True,True,False,"A:1,B:1,ESTOP:0,MODE:1",,,,36.96787472166667,127.87268861166666,122.0,2,0.00026244000000000007,-0.01931793921068305,0.0014430332318047594,-0.022716003134437834,0.999554259698462,-0.015376350710070043,0.025935592684635737,0.05405284693426438,-0.02941995,-1.6867437999999997,9.4536106
1786689717.722327,22.236,0.0,-2.0,0,0,,,,,,,,,,,,,,,,,,,,,,,,,,,0,3.888127088546753,-3,0,True,True,False,"A:1,B:1,ESTOP:0,MODE:1",,,,36.967873651666665,127.87268832,121.97999999999999,2,0.00026244000000000007,-0.01950787039018179,0.0015406204378478822,-0.022574284582594653,0.9995536359581162,-0.06541494036474747,0.008970992355250854,0.052778756580308527,0.6962721499999999,0.04903325,9.7870367
1786689717.772407,22.287,0.0,-2.0,0,0,,,,,,,,,,,,,,,,,,,,,,,,,,,0,4.169193267822266,-3,0,True,True,False,"A:1,B:1,ESTOP:0,MODE:1",,,,36.967873651666665,127.87268832,121.97999999999999,2,0.00026244000000000007,-0.019916060958868647,0.0016220937928702202,-0.022694374094833828,0.9995427378116722,0.01111774733520388,-0.0368439005096003,-0.0724835238353245,-0.7551120499999999,0.9120184499999999,10.09104285
1786689717.822454,22.337,0.0,-2.0,0,0,,,,,,,,,,,,,,,,,,,,,,,,,,,0,3.957674264907837,-3,0,True,True,False,"A:1,B:1,ESTOP:0,MODE:1",,,,36.967873651666665,127.87268832,121.97999999999999,2,0.00026244000000000007,-0.02114039949948428,-2.8080230584969727e-05,-0.022614455529197854,0.9995207197060103,-0.053791047546465236,-0.0057421332390613445,0.06030112565640409,1.4808041499999998,-0.93163175,9.6889702
1786689717.872408,22.387,0.0,-2.0,0,0,,,,,,,,,,,,,,,,,,,,,,,,,,,0,3.880744218826294,-3,0,True,True,False,"A:1,B:1,ESTOP:0,MODE:1",,,,36.967873651666665,127.87268832,121.97999999999999,2,0.00026244000000000007,-0.022636433574517594,-0.00019691925930979948,-0.02253178786777758,0.9994898056675283,-0.006544984694978736,0.00778416846389471,0.031206487025658612,-0.93163175,-1.5886772999999998,9.5516771
1786689717.922381,22.437,0.0,-2.0,0,0,,,,,,,,,,,,,,,,,,,,,,,,,,,0,4.027678489685059,-3,0,True,True,False,"A:1,B:1,ESTOP:0,MODE:1",,,,36.967872523333334,127.87268792166667,121.97200000000001,2,0.00026244000000000007,-0.02268781117668656,-0.0005483875710130451,-0.022382701246239717,0.9994918594866116,-0.016388641676226754,-0.004223696789826277,-0.008936085770210968,0.12748644999999997,0.55897905,10.002782999999999
1786689717.972371,22.486,0.0,-2.0,0,0,,,,,,,,,,,,,,,,,,,,,,,,,,,0,3.9654476642608643,-3,0,True,True,False,"A:1,B:1,ESTOP:0,MODE:1",,,,36.967872523333334,127.87268792166667,121.97200000000001,2,0.00026244000000000007,-0.023160800210084972,-0.0010309209487848123,-0.022202353138506332,0.9994846522337094,-0.006265732014659643,-0.0017976891295541594,0.017697638615222503,0.7649187,-0.4707192,10.34601575
1786689718.022334,22.536,0.0,-2.0,0,0,,,,,,,,,,,,,,,,,,,,,,,,,,,0,4.044092655181885,-3,0,True,True,False,"A:1,B:1,ESTOP:0,MODE:1",,,,36.967872523333334,127.87268792166667,121.97200000000001,2,0.00026244000000000007,-0.02295707735008982,-0.0013125705030943868,-0.021920493313770648,0.9994952434759744,-0.013055062804917585,-0.019757127132575807,0.008290313946973065,0.26477955,0.16671305,9.60071035
1786689718.072327,22.586,0.0,-2.0,0,0,,,,,,,,,,,,,,,,,,,,,,,,,,,0,3.900367259979248,-3,0,True,True,False,"A:1,B:1,ESTOP:0,MODE:1",,,,36.967872523333334,127.87268792166667,121.97200000000001,2,0.00026244000000000007,-0.023710410115690164,-0.0018576285976160604,-0.02180381748759242,0.9994793440642518,0.012548917321839229,-0.021345376751890653,-0.017296212887263806,0.9512450499999999,-0.9218251,10.032202949999999
1786689718.122332,22.636,0.0,-2.0,0,0,,,,,,,,,,,,,,,,,,,,,,,,,,,0,4.085230350494385,-3,0,True,True,False,"A:1,B:1,ESTOP:0,MODE:1",,,,36.96787147333333,127.87268784666666,121.957,2,0.00026244000000000007,-0.0238962154079525,-0.00275756476138689,-0.021973966269010766,0.9994691148465628,0.023335052099164186,0.009896016858807848,0.0005759586531581288,0.5197524499999999,0.8924051499999999,10.032202949999999
1786689718.172335,22.686,0.0,-2.0,0,0,,,,,,,,,,,,,,,,,,,,,,,,,,,0,4.099747180938721,-3,0,True,True,False,"A:1,B:1,ESTOP:0,MODE:1",,,,36.96787147333333,127.87268784666666,121.957,2,0.00026244000000000007,-0.023322857886973268,-0.0033166812297628937,-0.021749384456652542,0.9994858719368478,-0.008656833089891874,-0.009721483933608416,0.018901915799098588,0.5197524499999999,-0.196133,9.953749749999998
1786689718.222372,22.736,0.0,-2.0,0,0,,,,,,,,,,,,,,,,,,,,,,,,,,,0,4.157190799713135,-3,0,True,True,False,"A:1,B:1,ESTOP:0,MODE:1",,,,36.96787147333333,127.87268784666666,121.957,2,0.00026244000000000007,-0.02274808116444824,-0.0030330671998363614,-0.02133064959166442,0.9995090438283661,-0.016249015336067207,-0.015917402778188285,0.016929693744344994,0.28439285,-0.04903325,10.24794925
1786689718.272338,22.786,0.0,-2.0,0,0,,,,,,,,,,,,,,,,,,,,,,,,,,,0,4.135775566101074,-3,0,True,True,False,"A:1,B:1,ESTOP:0,MODE:1",,,,36.96787147333333,127.87268784666666,121.957,2,0.00026244000000000007,-0.022787118878433918,-0.003633557412793515,-0.02137923769593547,0.9995051138785077,-0.009826203688728075,0.030979594222899347,0.007155849933176751,1.0296982499999998,-0.20593965,9.973363049999998
1786689718.322332,22.836,0.0,-2.0,0,0,,,,,,,,,,,,,,,,,,,,,,,,,,,0,4.030318260192871,-3,0,True,True,False,"A:1,B:1,ESTOP:0,MODE:1",,,,36.96787020833333,127.87268740666667,121.934,2,0.00026244000000000007,-0.023152289508476448,-0.003964056584790776,-0.0214755748650513,0.9994934003934812,0.02179916235740918,-0.017453292519943295,0.022584560520806624,0.7943386499999999,-0.8237586,9.60071035
1786689718.372428,22.887,0.0,-2.0,0,0,,,,,,,,,,,,,,,,,,,,,,,,,,,0,3.9131226539611816,-3,0,True,True,False,"A:1,B:1,ESTOP:0,MODE:1",,,,36.96787020833333,127.87268740666667,121.934,2,0.00026244000000000007,-0.02365505783529762,-0.0038244181688631682,-0.021387285065707508,0.9994840649565137,0.017208946424664088,-0.0033859387488689996,0.006597344572538566,0.14709974999999997,-1.1571847,9.404577349999999
1786689718.422357,22.936,0.0,-2.0,0,0,,,,,,,,,,,,,,,,,,,,,,,,,,,0,3.9364876747131348,-3,0,True,True,False,"A:1,B:1,ESTOP:0,MODE:1",,,,36.96787020833333,127.87268740666667,121.934,2,0.00026244000000000007,-0.02321960930513577,-0.003908391110566435,-0.02117788839325357,0.9994984098365772,0.014241886696273728,-0.020472712125893487,0.006230825429619756,0.5687857,-0.1569064,9.6889702
1786689718.472392,22.987,0.0,-2.0,0,0,,,,,,,,,,,,,,,,,,,,,,,,,,,0,4.0317301750183105,-3,0,True,True,False,"A:1,B:1,ESTOP:0,MODE:1",,,,36.96787020833333,127.87268740666667,121.934,2,0.00026244000000000007,-0.02261406219340341,-0.004166147107533872,-0.021154808291174255,0.9995117415496204,0.02548180707911721,-0.0079412480965742,-0.013316862192716735,-0.4707192,-0.12748644999999997,9.826263299999999
1786689718.522364,23.036,0.0,-2.0,0,0,,,,,,,,,,,,,,,,,,,,,,,,,,,0,3.8909902572631836,-3,0,True,True,False,"A:1,B:1,ESTOP:0,MODE:1",,,,36.967869023333336,127.872687315,121.941,2,0.00026244000000000007,-0.02242678593266979,-0.004416981516309165,-0.021046046945702994,0.9995171801699928,0.017592918860102842,0.00973893722612836,0.008290313946973065,0.7158854499999999,-1.06892485,9.6889702
1786689718.572345,23.086,0.0,-2.0,0,0,,,,,,,,,,,,,,,,,,,,,,,,,,,0,3.9569268226623535,-3,0,True,True,False,"A:1,B:1,ESTOP:0,MODE:1",,,,36.967869023333336,127.872687315,121.941,2,0.00026244000000000007,-0.021995315642038275,-0.004292370062986499,-0.020770714015362506,0.999533070532607,0.024713862208239706,-0.013910274138394808,-0.0032114058236695662,-0.4903325,-0.3138128,9.934136449999999
1786689718.622376,23.136,0.0,-2.0,0,0,,,,,,,,,,,,,,,,,,,,,,,,,,,0,3.982795476913452,-3,0,True,True,False,"A:1,B:1,ESTOP:0,MODE:1",,,,36.967869023333336,127.872687315,121.941,2,0.00026244000000000007,-0.020239659177903067,-0.004691033226726395,-0.02055221054058342,0.9995728873101368,0.011641346110802179,-0.020490165418413427,-0.00153588974175501,0.0588399,-0.29419949999999995,9.826263299999999
1786689718.672406,23.187,0.0,-2.0,0,0,,,,,,,,,,,,,,,,,,,,,,,,,,,0,4.026796340942383,-3,0,True,True,False,"A:1,B:1,ESTOP:0,MODE:1",,,,36.967869023333336,127.872687315,121.941,2,0.00026244000000000007,-0.01974713317734593,-0.005031418372783584,-0.020181090659973568,0.9995886449636212,0.015899949485668342,0.014346606451393388,0.011257373675363426,0.0,-0.18632634999999997,9.52225715
1786689718.722378,23.236,0.0,-2.0,0,0,,,,,,,,,,,,,,,,,,,,,,,,,,,0,4.059874534606934,-3,0,True,True,False,"A:1,B:1,ESTOP:0,MODE:1",,,,36.96786769,127.87268679166667,121.90899999999999,2,0.00026244000000000007,-0.01940928100262729,-0.0048469635935310725,-0.01968707014413043,0.999606025404021,0.008080874436733746,0.029897490086662867,0.016632987771505958,-0.196133,-0.3334261,9.571290399999999
1786689718.772366,23.286,0.0,-2.0,0,0,,,,,,,,,,,,,,,,,,,,,,,,,,,0,4.061927795410156,-3,0,True,True,False,"A:1,B:1,ESTOP:0,MODE:1",,,,36.96786769,127.87268679166667,121.90899999999999,2,0.00026244000000000007,-0.019446648478217466,-0.004608133134602469,-0.019359817938681776,0.9996128202566029,0.009896016858807848,-0.018186330805780915,0.0205599785884932,-0.5099457999999999,-0.67665885,9.69877685
1786689718.822381,23.336,0.0,-2.0,0,0,,,,,,,,,,,,,,,,,,,,,,,,,,,0,4.241553783416748,-3,0,True,True,False,"A:1,B:1,ESTOP:0,MODE:1",,,,36.96786769,127.87268679166667,121.90899999999999,2,0.00026244000000000007,-0.019263633148524934,-0.00522350977362373,-0.01886445566462572,0.9996228087113866,0.03478441199224699,-0.012967796342317869,0.018011797880581482,-0.24516625,0.53936575,9.71839015
1786689718.872383,23.387,0.0,-7.0,0,0,,,,,,,,,,,,,,,,,,,,,,,,,,,0,4.204827785491943,-3,0,True,True,False,"A:1,B:1,ESTOP:0,MODE:1",,,,36.96786769,127.87268679166667,121.90899999999999,2,0.00026244000000000007,-0.01898596490335801,-0.005585561710508903,-0.017997039626812688,0.9996421565749103,-0.009407324668249437,-0.04885176576332128,0.04113741046950635,-0.0588399,-0.7158854499999999,9.757616749999999
1786689718.922360,23.436,0.0,-9.0,0,0,,,,,,,,,,,,,,,,,,,,,,,,,,,0,4.335620403289795,-3,0,True,True,False,"A:1,B:1,ESTOP:0,MODE:1",,,,36.967866273333335,127.87268667,121.88,2,0.00026244000000000007,-0.01802793566743682,-0.006325257728107956,-0.01762051614179038,0.9996621939741148,0.02066469834361286,0.03366740127097062,0.011239920382843483,0.392266,0.55897905,9.4536106
1786689718.972411,23.487,0.0,-10.0,0,0,,,,,,,,,,,,,,,,,,,,,,,,,,,0,4.48786735534668,-4,0,True,True,False,"A:1,B:1,ESTOP:0,MODE:1",,,,36.967866273333335,127.87268667,121.88,2,0.00026244000000000007,-0.017982370901374063,-0.005724561324986466,-0.01757470284638095,0.9996674414795469,0.005340707511102648,0.014014993893514467,0.00937241808320955,-0.22555294999999997,0.35303939999999995,10.5715687
1786689719.022357,23.536,0.0,-12.0,0,0,,,,,,,,,,,,,,,,,,,,,,,,,,,0,4.67887020111084,-5,0,True,True,False,"A:1,B:1,ESTOP:0,MODE:1",,,,36.967866273333335,127.87268667,121.88,2,0.00026244000000000007,-0.017633445735344942,-0.005859138780397051,-0.017217155379388817,0.9996790993338276,-0.006108652381980153,-0.023020892833805207,0.024748768793279592,-0.28439285,0.61781895,9.414383999999998
1786689719.072331,23.586,0.0,-12.0,0,0,,,,,,,,,,,,,,,,,,,,,,,,,,,0,4.660577774047852,-7,0,True,True,False,"A:1,B:1,ESTOP:0,MODE:1",,,,36.967866273333335,127.87268667,121.88,2,0.00026244000000000007,-0.018017017266085296,-0.00616470490747806,-0.016361026933132926,0.9996848004745951,-0.019408061282176946,-0.03637266161156183,0.03459242577452761,0.20593965,-0.4216859499999999,8.8848249
1786689719.122343,23.636,0.0,-13.0,0,0,,,,,,,,,,,,,,,,,,,,,,,,,,,0,4.805914402008057,-7,0,True,True,False,"A:1,B:1,ESTOP:0,MODE:1",,,,36.967865275,127.87268618833333,121.86599999999999,2,0.00026244000000000007,-0.018136743649351365,-0.006561263507594339,-0.015077363095227928,0.9997002958252419,-0.0006108652381980154,-0.06757914863722043,0.05468116546498235,-0.10787314999999999,0.36284605,10.4735022
1786689719.172400,23.687,0.0,-13.0,0,0,,,,,,,,,,,,,,,,,,,,,,,,,,,0,4.761168479919434,-8,0,True,True,False,"A:1,B:1,ESTOP:0,MODE:1",,,,36.967865275,127.87268618833333,121.86599999999999,2,0.00026244000000000007,-0.01857735426635708,-0.006956116012355985,-0.01366516039955743,0.9997098367775218,0.014660765716752368,-0.020490165418413427,0.051050880620834134,0.5982056499999999,-0.4707192,9.934136449999999
1786689719.222425,23.737,0.0,-13.0,0,0,,,,,,,,,,,,,,,,,,,,,,,,,,,0,4.967851638793945,-10,0,True,True,False,"A:1,B:1,ESTOP:0,MODE:1",,,,36.967865275,127.87268618833333,121.86599999999999,2,0.00026244000000000007,-0.018380536727377904,-0.007466486552212917,-0.012154543016117389,0.9997293006270489,0.03366740127097062,0.041713369122664476,0.07138396640656808,-0.73549875,0.5099457999999999,9.09076455
1786689719.272425,23.787,0.0,-13.0,0,0,,,,,,,,,,,,,,,,,,,,,,,,,,,0,5.034249305725098,-11,0,True,True,False,"A:1,B:1,ESTOP:0,MODE:1",,,,36.967865275,127.87268618833333,121.86599999999999,2,0.00026244000000000007,-0.01849605319072614,-0.007502842213413109,-0.01010529436965342,0.9997497118783226,-0.0015707963267948964,-0.059201568227647654,0.08234463410909247,-0.73549875,-0.392266,9.5516771
1786689719.322367,23.836,0.0,-13.0,0,0,,,,,,,,,,,,,,,,,,,,,,,,,,,0,5.092267036437988,-13,0,True,True,False,"A:1,B:1,ESTOP:0,MODE:1",,,,36.96786388333334,127.872686005,121.85499999999999,2,0.00026244000000000007,-0.018658310737002855,-0.007913858085945965,-0.008098194257888535,0.9997618004006746,-0.010786134777324957,-0.00783652834145454,0.08574802615048141,0.50013915,0.0980665,10.404855649999998
1786689719.372327,23.886,0.0,-13.0,0,0,,,,,,,,,,,,,,,,,,,,,,,,,,,0,4.9784111976623535,-14,0,True,True,False,"A:1,B:1,ESTOP:0,MODE:1",,,,36.96786388333334,127.872686005,121.85499999999999,2,0.00026244000000000007,-0.01852187264031687,-0.008195843131694225,-0.006121233105092854,0.9997761243871198,-0.006789330790257942,-0.02933898472602468,0.0929213293761781,0.65704555,-0.8727918499999999,10.071429549999998
1786689719.422446,23.937,0.0,-13.0,0,0,,,,,,,,,,,,,,,,,,,,,,,,,,,0,5.1315507888793945,-14,0,True,True,False,"A:1,B:1,ESTOP:0,MODE:1",,,,36.96786388333334,127.872686005,121.85499999999999,2,0.00026244000000000007,-0.018256980394750766,-0.008005766284796795,-0.003706900843868869,0.9997944034946349,-0.04604178566761041,-0.027942721324429216,0.10855947947404729,0.12748644999999997,0.55897905,9.218250999999999
1786689719.472368,23.986,0.0,-13.0,0,0,,,,,,,,,,,,,,,,,,,,,,,,,,,0,5.270445346832275,-14,0,True,True,False,"A:1,B:1,ESTOP:0,MODE:1",,,,36.96786388333334,127.872686005,121.85499999999999,2,0.00026244000000000007,-0.018698244663783635,-0.00755506147102351,-0.001118766217275737,0.9997960017197576,-0.015969762655748117,0.0210835773640915,0.10170033551370958,-0.45110589999999995,0.16671305,10.277369199999999
1786689719.522342,24.036,0.0,-13.0,0,0,,,,,,,,,,,,,,,,,,,,,,,,,,,0,5.33591890335083,-14,0,True,True,False,"A:1,B:1,ESTOP:0,MODE:1",,,,36.96786256,127.87268588333333,121.82900000000001,2,0.00026244000000000007,-0.018951074446241882,-0.008007512746384206,0.0011224138115229593,0.9997877158198061,-0.02694788365079245,-0.044261549830576195,0.09923942126839758,0.9218251,0.3138128,9.8851032
1786689719.572345,24.086,0.0,-13.0,0,0,,,,,,,,,,,,,,,,,,,,,,,,,,,0,5.401096343994141,-14,0,True,True,False,"A:1,B:1,ESTOP:0,MODE:1",,,,36.96786256,127.87268588333333,121.82900000000001,2,0.00026244000000000007,-0.019401385943916803,-0.008421401274494717,0.003528247285555894,0.999770082416513,-0.021781709064889233,0.007557275661135447,0.09777334469672234,0.6080123,0.1569064,9.6889702
1786689719.622355,24.136,0.0,-13.0,0,0,,,,,,,,,,,,,,,,,,,,,,,,,,,0,5.368456840515137,-14,0,True,True,False,"A:1,B:1,ESTOP:0,MODE:1",,,,36.96786256,127.87268588333333,121.82900000000001,2,0.00026244000000000007,-0.0204840031479448,-0.007898642237961183,0.005930049683458221,0.9997413923493332,1.7453292519943296e-05,-0.023439771854283847,0.07096508738608943,-0.28439285,-0.784532,9.757616749999999
1786689719.672341,24.186,0.0,-13.0,0,0,,,,,,,,,,,,,,,,,,,,,,,,,,,0,5.320110321044922,-14,0,True,True,False,"A:1,B:1,ESTOP:0,MODE:1",,,,36.96786256,127.87268588333333,121.82900000000001,2,0.00026244000000000007,-0.020706731681199027,-0.008408578892345524,0.008143171498835425,0.9997170678857267,-0.004380776422505767,-0.048485246620402475,0.06700318998406231,0.5295591,-0.57859235,9.757616749999999
1786689719.722353,24.236,0.0,-13.0,0,0,,,,,,,,,,,,,,,,,,,,,,,,,,,0,5.476902961730957,-14,0,True,True,False,"A:1,B:1,ESTOP:0,MODE:1",,,,36.967861301666666,127.87268574833334,121.81,2,0.00026244000000000007,-0.02087979470421172,-0.0083210527490948,0.01056105805127944,0.99969158159259,-0.02007128639793479,0.019460421159736774,0.0971101195809645,0.44129925,0.5883989999999999,9.934136449999999
1786689719.772350,24.286,0.0,-13.0,0,0,,,,,,,,,,,,,,,,,,,,,,,,,,,0,5.6823225021362305,-14,0,True,True,False,"A:1,B:1,ESTOP:0,MODE:1",,,,36.967861301666666,127.87268574833334,121.81,2,0.00026244000000000007,-0.021613178472702346,-0.007985424962904891,0.013233016925235331,0.9996469330556291,-0.020734511513692634,-0.055082591192941045,0.09609782861480778,-1.4121575999999998,0.196133,9.7674234
1786689719.822364,24.336,0.0,-13.0,0,0,,,,,,,,,,,,,,,,,,,,,,,,,,,0,5.678278923034668,-14,0,True,True,False,"A:1,B:1,ESTOP:0,MODE:1",,,,36.967861301666666,127.87268574833334,121.81,2,0.00026244000000000007,-0.022114298790478226,-0.008270710548179027,0.015552887415643408,0.9996002505147096,-0.027087509990951997,-0.03598868917612307,0.09772098481916251,0.40207265,-0.38245935,9.6889702
1786689719.872321,24.386,0.0,-13.0,0,0,,,,,,,,,,,,,,,,,,,,,,,,,,,0,5.688859462738037,-14,0,True,True,False,"A:1,B:1,ESTOP:0,MODE:1",,,,36.967859715,127.87268563833334,121.749,2,0.00026244000000000007,-0.022475683467964188,-0.008056559235615176,0.01779772989150663,0.9995564898076745,-0.02256710722828668,0.0027401669256310974,0.10702358973229228,0.22555294999999997,-0.40207265,10.34601575
1786689719.922324,24.436,0.0,-13.0,0,0,,,,,,,,,,,,,,,,,,,,,,,,,,,0,5.691898345947266,-14,0,True,True,False,"A:1,B:1,ESTOP:0,MODE:1",,,,36.967859715,127.87268563833334,121.749,2,0.00026244000000000007,-0.02230585034469189,-0.007686329384776288,0.0204952197360425,0.9995115383771016,-0.002530727415391778,-0.03354522822333101,0.13224359742361036,-1.3827376499999997,-1.0296982499999998,9.404577349999999
1786689719.972356,24.486,0.0,-13.0,0,0,,,,,,,,,,,,,,,,,,,,,,,,,,,0,5.7151923179626465,-14,0,True,True,False,"A:1,B:1,ESTOP:0,MODE:1",,,,36.967859715,127.87268563833334,121.749,2,0.00026244000000000007,-0.02211476063348123,-0.00797539221948708,0.023064244082786546,0.9994575384307023,-0.01117010721276371,0.011641346110802179,0.1185602160879748,0.7551120499999999,-0.0392266,9.1594111
1786689720.022391,24.537,0.0,-13.0,0,0,,,,,,,,,,,,,,,,,,,,,,,,,,,0,5.686810493469238,-14,0,True,True,False,"A:1,B:1,ESTOP:0,MODE:1",,,,36.967859715,127.87268563833334,121.749,2,0.00026244000000000007,-0.02171669387065793,-0.007754174636429605,0.02574212360613317,0.9994026220974619,-0.01350884841043611,0.014311699866353502,0.09374163412461545,-0.1569064,-0.7649187,10.2577559
1786689720.072373,24.586,0.0,-13.0,0,0,,,,,,,,,,,,,,,,,,,,,,,,,,,0,5.6521406173706055,-14,0,True,True,False,"A:1,B:1,ESTOP:0,MODE:1",,,,36.967859715,127.87268563833334,121.749,2,0.00026244000000000007,-0.02214763193018819,-0.00762072822471198,0.028254859872283367,0.9993263079669261,0.027611108766550294,0.019233528356977513,0.08826130027335326,-0.06864655,-0.7551120499999999,9.7870367
1786689720.122357,24.636,0.0,-13.0,0,0,,,,,,,,,,,,,,,,,,,,,,,,,,,0,5.820279121398926,-14,0,True,True,False,"A:1,B:1,ESTOP:0,MODE:1",,,,36.96785853833333,127.87268579333333,121.757,2,0.00026244000000000007,-0.022271707860904356,-0.007334483121658086,0.030511460440051232,0.9992593392949158,0.0028797932657906437,-0.001832595714594046,0.09423032631517385,-1.2062179499999999,-0.00980665,9.44380395
1786689720.172345,24.686,0.0,-13.0,0,0,,,,,,,,,,,,,,,,,,,,,,,,,,,0,6.028416156768799,-14,0,True,True,False,"A:1,B:1,ESTOP:0,MODE:1",,,,36.96785853833333,127.87268579333333,121.757,2,0.00026244000000000007,-0.022507407499609892,-0.007324245963708743,0.0331970931762543,0.9991685168345512,-0.010716321607245184,-0.005166174585903215,0.1278279144160647,-0.21574629999999997,0.65704555,9.62032365
1786689720.222369,24.736,0.0,-13.0,0,0,,,,,,,,,,,,,,,,,,,,,,,,,,,0,6.080211639404297,-14,0,True,True,False,"A:1,B:1,ESTOP:0,MODE:1",,,,36.96785853833333,127.87268579333333,121.757,2,0.00026244000000000007,-0.0229032944013479,-0.007195586516676051,0.03611980309748626,0.9990590685562315,-0.01595230936322817,-0.0020943951023931952,0.09512044423369097,-0.44129925,-0.43149259999999995,10.130269449999998
1786689720.272354,24.786,0.0,-13.0,0,0,,,,,,,,,,,,,,,,,,,,,,,,,,,0,6.109669208526611,-14,0,True,True,False,"A:1,B:1,ESTOP:0,MODE:1",,,,36.96785853833333,127.87268579333333,121.757,2,0.00026244000000000007,-0.022022701680071328,-0.007202505652333627,0.03864595826321113,0.9989842913844826,-0.016563174601426187,-0.001064650843716541,0.11196287151543624,0.17651969999999997,-0.2353596,9.375157399999999
1786689720.322353,24.836,0.0,-13.0,0,0,,,,,,,,,,,,,,,,,,,,,,,,,,,0,6.147362232208252,-15,0,True,True,False,"A:1,B:1,ESTOP:0,MODE:1",,,,36.96785725666667,127.87268614666667,121.76599999999999,2,0.00026244000000000007,-0.022164559527642798,-0.0072395135016689975,0.040824566679589926,0.9988942268832214,0.000767944870877505,0.004782202150464463,0.056112335451617694,-0.29419949999999995,-0.4118793,9.6301303
1786689720.372377,24.886,0.0,-13.0,0,0,,,,,,,,,,,,,,,,,,,,,,,,,,,0,6.228895664215088,-15,0,True,True,False,"A:1,B:1,ESTOP:0,MODE:1",,,,36.96785725666667,127.87268614666667,121.76599999999999,2,0.00026244000000000007,-0.022748416376360967,-0.007341679265962479,0.043077155522752555,0.9987857467795543,-0.027558748888990462,-0.01153662635568252,0.11081095420911999,-0.20593965,-0.12748644999999997,9.738003449999999
1786689720.422389,24.937,0.0,-13.0,0,0,,,,,,,,,,,,,,,,,,,,,,,,,,,0,6.188490867614746,-15,0,True,True,False,"A:1,B:1,ESTOP:0,MODE:1",,,,36.96785725666667,127.87268614666667,121.76599999999999,2,0.00026244000000000007,-0.023560926288602877,-0.0075590244654998185,0.04557807424890005,0.9986542860516421,-0.04073598474154765,-0.0924326371856197,0.10014699247943464,-1.1179581,-1.3140911,9.404577349999999
1786689720.472379,24.986,0.0,-13.0,0,0,,,,,,,,,,,,,,,,,,,,,,,,,,,0,6.155585765838623,-15,0,True,True,False,"A:1,B:1,ESTOP:0,MODE:1",,,,36.96785725666667,127.87268614666667,121.76599999999999,2,0.00026244000000000007,-0.02381899941849307,-0.007987681855522262,0.04835585470263244,0.9985141779270111,0.015585790220309363,0.021362830044410593,0.11630874135290212,0.0196133,-0.77472535,9.99297635
1786689720.522360,25.036,0.0,-13.0,0,0,,,,,,,,,,,,,,,,,,,,,,,,,,,0,6.247781753540039,-15,0,True,True,False,"A:1,B:1,ESTOP:0,MODE:1",,,,36.96785591166667,127.87268619833333,121.74099999999999,2,0.00026244000000000007,-0.02358557372581678,-0.008145395420599274,0.050663776518230674,0.9984040038954055,0.042010075095503516,0.0007853981633974482,0.049933869899557774,0.196133,0.10787314999999999,9.79684335
1786689720.572418,25.087,0.0,-13.0,0,0,,,,,,,,,,,,,,,,,,,,,,,,,,,0,6.175751209259033,-15,0,True,True,False,"A:1,B:1,ESTOP:0,MODE:1",,,,36.96785591166667,127.87268619833333,121.74099999999999,2,0.00026244000000000007,-0.022228908546904538,-0.006251549782520712,0.05307063131408661,0.9983237460073031,-0.010297442586766544,-0.011763519158441782,0.1155757030670645,-0.7256921,-1.32389775,9.63993695
1786689720.622368,25.136,0.0,-13.0,0,0,,,,,,,,,,,,,,,,,,,,,,,,,,,0,6.219241619110107,-15,0,True,True,False,"A:1,B:1,ESTOP:0,MODE:1",,,,36.96785591166667,127.87268619833333,121.74099999999999,2,0.00026244000000000007,-0.022302204974502342,-0.006420374905800099,0.05571589337473362,0.9981769029910478,-0.006771877497737999,-0.009389871375729494,0.1306902543893354,0.50013915,0.0196133,9.5516771
1786689720.672390,25.187,0.0,-13.0,0,0,,,,,,,,,,,,,,,,,,,,,,,,,,,0,6.318245887756348,-15,0,True,True,False,"A:1,B:1,ESTOP:0,MODE:1",,,,36.96785591166667,127.87268619833333,121.74099999999999,2,0.00026244000000000007,-0.021312107588119397,-0.006839263899620691,0.05823005555085155,0.9980522427057656,0.0025132741228718345,-0.020909044438892067,0.0651007810993885,-0.3334261,-0.0784532,10.16949605
1786689720.722369,25.236,0.0,-13.0,0,0,,,,,,,,,,,,,,,,,,,,,,,,,,,0,6.379323482513428,-15,0,True,True,False,"A:1,B:1,ESTOP:0,MODE:1",,,,36.967854706666664,127.87268600166666,121.732,2,0.00026244000000000007,-0.021440967135029503,-0.007112005405085855,0.06035787318721997,0.9979211549274563,0.045727626402251434,-0.005358160803622592,0.05729915934297384,0.04903325,-0.0980665,9.71839015
1786689720.772366,25.286,0.0,-13.0,0,0,,,,,,,,,,,,,,,,,,,,,,,,,,,0,6.398548603057861,-15,0,True,True,False,"A:1,B:1,ESTOP:0,MODE:1",,,,36.967854706666664,127.87268600166666,121.732,2,0.00026244000000000007,-0.02123565268881381,-0.00739239437144378,0.06256555969191334,0.997787527633401,-0.032969269570172884,-0.008936085770210968,0.09236282401553991,0.67665885,-0.0588399,9.6889702
1786689720.822380,25.336,0.0,-13.0,0,0,,,,,,,,,,,,,,,,,,,,,,,,,,,0,6.482080459594727,-15,0,True,True,False,"A:1,B:1,ESTOP:0,MODE:1",,,,36.967854706666664,127.87268600166666,121.732,2,0.00026244000000000007,-0.021340021303853943,-0.0071941298412346606,0.06479929406179183,0.9976441747816063,-0.01832595714594046,-0.019931660057775243,0.12402309664671705,-0.0196133,0.00980665,9.6301303
1786689720.872388,25.387,0.0,-13.0,0,0,,,,,,,,,,,,,,,,,,,,,,,,,,,0,6.386041641235352,-15,0,True,True,False,"A:1,B:1,ESTOP:0,MODE:1",,,,36.967854706666664,127.87268600166666,121.732,2,0.00026244000000000007,-0.020687746746004303,-0.007600716838937583,0.0669975523432149,0.9975096862778454,-0.033946653951289714,-0.010140362954087054,0.1034805713507438,0.30400615,-0.93163175,9.581097049999999
1786689720.922349,25.436,0.0,-13.0,0,0,,,,,,,,,,,,,,,,,,,,,,,,,,,0,6.6060309410095215,-15,0,True,True,False,"A:1,B:1,ESTOP:0,MODE:1",,,,36.96785359166667,127.872686355,121.74099999999999,2,0.00026244000000000007,-0.020391441479201713,-0.007672152509453519,0.0688526000889468,0.9973889144417355,0.0049741883681838385,-0.016877333866785166,0.07812093731926618,-0.38245935,0.6864655000000001,9.875296549999998
1786689720.972422,25.487,0.0,-13.0,0,0,,,,,,,,,,,,,,,,,,,,,,,,,,,0,6.654827117919922,-15,0,True,True,False,"A:1,B:1,ESTOP:0,MODE:1",,,,36.96785359166667,127.872686355,121.74099999999999,2,0.00026244000000000007,-0.02024132093691458,-0.00872957338842344,0.07096367264264529,0.9972352985330255,0.011274826967883369,0.007696902001294993,0.06798057436517914,1.22583125,0.3334261,9.894909849999998
1786689721.022335,25.536,0.0,-13.0,0,0,,,,,,,,,,,,,,,,,,,,,,,,,,,0,6.87551212310791,-15,0,True,True,False,"A:1,B:1,ESTOP:0,MODE:1",,,,36.96785359166667,127.872686355,121.74099999999999,2,0.00026244000000000007,-0.02002884755922182,-0.008649589827080506,0.07332600706532616,0.9970693689754634,0.013281955607676848,0.03166027263117714,0.0795346540133816,-0.0392266,0.8237586,9.99297635
1786689721.072375,25.586,0.0,-13.0,0,0,,,,,,,,,,,,,,,,,,,,,,,,,,,0,6.688324451446533,-15,0,True,True,False,"A:1,B:1,ESTOP:0,MODE:1",,,,36.96785359166667,127.872686355,121.74099999999999,2,0.00026244000000000007,-0.02033720334449982,-0.00850535610819334,0.07579011617734831,0.9968800907668992,-0.00932005820564972,0.0056199601914217415,0.13594369543783832,0.4118793,-1.4317708999999998,9.757616749999999
1786689721.122377,25.636,0.0,-13.0,0,0,,,,,,,,,,,,,,,,,,,,,,,,,,,0,6.7082295417785645,-15,0,True,True,False,"A:1,B:1,ESTOP:0,MODE:1",,,,36.96785247166667,127.87268670666667,121.74199999999999,2,0.00026244000000000007,-0.020278023239432334,-0.008291467821537807,0.07790982365830958,0.9967196760937334,-0.013334315485236678,0.004747295565424576,0.05930628798276732,1.01008495,0.0392266,9.502643849999998
1786689721.172373,25.686,0.0,-13.0,0,0,,,,,,,,,,,,,,,,,,,,,,,,,,,0,6.691449165344238,-15,0,True,True,False,"A:1,B:1,ESTOP:0,MODE:1",,,,36.96785247166667,127.87268670666667,121.74199999999999,2,0.00026244000000000007,-0.020387012118153858,-0.007853369657947418,0.07998081643747396,0.996556954380383,0.005131268000863329,0.00757472895365539,0.09475392509077216,-0.67665885,-0.81395195,9.5124505
1786689721.222361,25.736,0.0,-14.0,0,0,,,,,,,,,,,,,,,,,,,,,,,,,,,0,6.707884311676025,-15,0,True,True,False,"A:1,B:1,ESTOP:0,MODE:1",,,,36.96785247166667,127.87268670666667,121.74199999999999,2,0.00026244000000000007,-0.020713576573332376,-0.008286769299700753,0.08222226745766764,0.9963642787325497,0.006806784082777886,-0.013596114873035827,0.06466444878638991,1.2552512,0.0588399,10.110656149999999
1786689721.272332,25.786,0.0,-14.0,0,0,,,,,,,,,,,,,,,,,,,,,,,,,,,0,6.5487165451049805,-15,0,True,True,False,"A:1,B:1,ESTOP:0,MODE:1",,,,36.96785247166667,127.87268670666667,121.74199999999999,2,0.00026244000000000007,-0.020786806375646696,-0.007862045674897278,0.08458840233773673,0.9961681078555249,-0.03024655593706173,-0.031415926535897934,0.13636257445831695,0.0196133,-1.4023509499999998,9.7085835
1786689721.322354,25.836,0.0,-14.0,0,0,,,,,,,,,,,,,,,,,,,,,,,,,,,0,6.540266990661621,-15,0,True,True,False,"A:1,B:1,ESTOP:0,MODE:1",,,,36.967851153333335,127.87268694666666,121.732,2,0.00026244000000000007,-0.021323538077613707,-0.006775092212567085,0.08686231163477229,0.9959690475445648,0.022183134792847926,0.014294246573833559,0.07093018080104956,0.2353596,-0.45110589999999995,9.8654899
1786689721.372353,25.886,0.0,-14.0,0,0,,,,,,,,,,,,,,,,,,,,,,,,,,,0,6.619077205657959,-15,0,True,True,False,"A:1,B:1,ESTOP:0,MODE:1",,,,36.967851153333335,127.87268694666666,121.732,2,0.00026244000000000007,-0.02074417371417129,-0.006292348561325282,0.08877988658882878,0.9958153530367836,-0.01647590813882647,0.020525072003453316,0.08206538142877337,0.28439285,0.0980665,9.7281968
1786689721.422333,25.936,0.0,-14.0,0,0,,,,,,,,,,,,,,,,,,,,,,,,,,,0,6.799111366271973,-15,0,True,True,False,"A:1,B:1,ESTOP:0,MODE:1",,,,36.967851153333335,127.87268694666666,121.732,2,0.00026244000000000007,-0.02030790374363794,-0.005596476772805691,0.09089176815342977,0.9956379638077356,0.04422664324553631,0.0785747229247847,0.07304202919596268,-0.5491724,0.4216859499999999,9.8654899
1786689721.472333,25.986,0.0,-14.0,0,0,,,,,,,,,,,,,,,,,,,,,,,,,,,0,6.791846752166748,-15,0,True,True,False,"A:1,B:1,ESTOP:0,MODE:1",,,,36.967851153333335,127.87268694666666,121.732,2,0.00026244000000000007,-0.020012889379171638,-0.005565340187750266,0.09324013584789659,0.9954269377078145,-0.01748819910498318,0.07213445798492564,0.10257300013970674,0.0392266,-0.46091255,9.571290399999999
1786689721.522350,26.036,0.0,-13.0,0,0,,,,,,,,,,,,,,,,,,,,,,,,,,,0,6.874736785888672,-15,0,True,True,False,"A:1,B:1,ESTOP:0,MODE:1",,,,36.967849898333334,127.87268707,121.731,2,0.00026244000000000007,-0.02007398098769838,-0.0049395122322239155,0.09534727838651716,0.9952293871316789,0.020193459445574394,0.012636183784438945,0.06454227573875031,-0.45110589999999995,-0.08825984999999999,9.473223899999999
1786689721.572322,26.086,0.0,-12.0,0,0,,,,,,,,,,,,,,,,,,,,,,,,,,,0,6.963808059692383,-15,0,True,True,False,"A:1,B:1,ESTOP:0,MODE:1",,,,36.967849898333334,127.87268707,121.731,2,0.00026244000000000007,-0.020184167071813478,-0.004737500732522076,0.09735808994434247,0.9950334455729696,-0.03282964323001334,0.012147491593880533,0.10025171223455429,0.83356525,0.34323275000000003,10.1400761
1786689721.622359,26.136,0.0,-11.0,0,0,,,,,,,,,,,,,,,,,,,,,,,,,,,0,6.936576843261719,-15,0,True,True,False,"A:1,B:1,ESTOP:0,MODE:1",,,,36.967849898333334,127.87268707,121.731,2,0.00026244000000000007,-0.02063057627198086,-0.003810105460789224,0.09954825086328617,0.9948115440469738,-0.003420845333908886,-0.00010471975511965978,0.0627271333166762,-0.46091255,-0.73549875,9.67916355
1786689721.672354,26.186,0.0,-8.0,0,0,,,,,,,,,,,,,,,,,,,,,,,,,,,0,6.798089981079102,-15,0,True,True,False,"A:1,B:1,ESTOP:0,MODE:1",,,,36.967849898333334,127.87268707,121.731,2,0.00026244000000000007,-0.020905131963195146,-0.0031473427164156213,0.10173304600690158,0.994587078662087,0.004049163864626845,0.019460421159736774,0.09656906751284626,0.08825984999999999,-1.2160246,9.659550249999999
1786689721.722370,26.236,0.0,-7.0,0,0,,,,,,,,,,,,,,,,,,,,,,,,,,,0,6.9480085372924805,-15,0,True,True,False,"A:1,B:1,ESTOP:0,MODE:1",,,,36.967848563333334,127.87268727,121.701,2,0.00026244000000000007,-0.019894782059363816,-0.002555414582618393,0.10360407801678552,0.9944163426459831,0.015428710587629874,0.03022910264454179,0.08922123136195013,0.02941995,0.4707192,9.855683249999998
1786689721.772323,26.286,0.0,-5.0,0,0,,,,,,,,,,,,,,,,,,,,,,,,,,,0,7.023881435394287,-14,0,True,True,False,"A:1,B:1,ESTOP:0,MODE:1",,,,36.967848563333334,127.87268727,121.701,2,0.00026244000000000007,-0.019889449930095966,-0.0021013497882668595,0.10591348835734947,0.9941741935367882,0.029269171555944908,0.0835314580004486,0.09189158511750145,-0.0196133,0.04903325,9.2770909
1786689721.822315,26.336,0.0,-2.0,0,0,,,,,,,,,,,,,,,,,,,,,,,,,,,0,7.068873882293701,-14,0,True,True,False,"A:1,B:1,ESTOP:0,MODE:1",,,,36.967848563333334,127.87268727,121.701,2,0.00026244000000000007,-0.019902241114962766,-0.0006996939252069405,0.10860536106476419,0.9938854495237393,0.019861846887695468,0.020367992370773826,0.08306021910241015,0.18632634999999997,-0.08825984999999999,10.1793027
1786689721.872341,26.386,0.0,0.0,0,0,,,,,,,,,,,,,,,,,,,,,,,,,,,0,6.856420993804932,-13,0,True,True,False,"A:1,B:1,ESTOP:0,MODE:1",,,,36.967848563333334,127.87268727,121.701,2,0.00026244000000000007,-0.02006874526624458,-0.0024655708091316057,0.11034018882689238,0.9936881850729983,0.007696902001294993,0.02155481626212997,0.06035348553396392,1.2944778,-1.26505785,9.6889702
1786689721.922416,26.437,0.0,2.0,0,0,,,,,,,,,,,,,,,,,,,,,,,,,,,0,7.114373683929443,-11,0,True,True,False,"A:1,B:1,ESTOP:0,MODE:1",,,,36.967847381666665,127.87268787666666,121.73599999999999,2,0.00026244000000000007,-0.02041859477760199,-0.002710282138672845,0.11136734742543021,0.9935658253409586,0.051714105736591985,0.041800635585264194,0.0226543736908864,1.2944778,1.3337044,10.7284751
1786689721.972467,26.487,0.0,2.0,0,0,,,,,,,,,,,,,,,,,,,,,,,,,,,0,7.176158905029297,-9,0,True,True,False,"A:1,B:1,ESTOP:0,MODE:1",,,,36.967847381666665,127.87268787666666,121.73599999999999,2,0.00026244000000000007,-0.019782249755691726,-0.0021227505781522926,0.11277577664773782,0.9934212503898263,-0.0065275314024587925,-0.02403318379996192,0.060946897479641986,-0.00980665,-0.02941995,9.2574776
1786689722.022347,26.536,0.0,4.0,0,0,,,,,,,,,,,,,,,,,,,,,,,,,,,0,7.106931209564209,-7,0,True,True,False,"A:1,B:1,ESTOP:0,MODE:1",,,,36.967847381666665,127.87268787666666,121.73599999999999,2,0.00026244000000000007,-0.01990513048573439,-0.0022011835950520456,0.11378886915862631,0.9933030926291972,-0.03246312408709453,-0.01001818990644745,0.04174827570770436,1.3533177,-0.5197524499999999,9.63993695
1786689722.072356,26.586,0.0,6.0,0,0,,,,,,,,,,,,,,,,,,,,,,,,,,,0,7.3109130859375,-6,0,True,True,False,"A:1,B:1,ESTOP:0,MODE:1",,,,36.967847381666665,127.87268787666666,121.73599999999999,2,0.00026244000000000007,-0.019823019106588895,-0.002381108921954176,0.11402807481855723,0.9932768880765198,0.006161012259539983,-0.04876449930072157,-0.011990411961201045,0.21574629999999997,0.7649187,10.561762049999999
1786689722.122353,26.636,0.0,6.0,0,0,,,,,,,,,,,,,,,,,,,,,,,,,,,0,7.0850934982299805,-3,0,True,True,False,"A:1,B:1,ESTOP:0,MODE:1",,,,36.967846048333335,127.87268800333334,121.71199999999999,2,0.000225,-0.020268603745222102,-0.0028606088165503843,0.11392282057737972,0.9932787079018215,-0.04944517770899936,0.027139869868511822,-0.002356194490192345,-0.0784532,-1.67693715,9.4536106
1786689722.172344,26.686,0.0,8.0,0,0,,,,,,,,,,,,,,,,,,,,,,,,,,,0,7.050073146820068,-1,0,True,True,False,"A:1,B:1,ESTOP:0,MODE:1",,,,36.967846048333335,127.87268800333334,121.71199999999999,2,0.000225,-0.026062310718793724,-0.003957869604803642,0.11299938199902716,0.9932453024787111,0.009337511498169663,-0.010663961729685353,-0.0347495054072071,0.0588399,-0.7060787999999999,9.590903699999998
1786689722.222373,26.736,0.0,8.0,0,0,,,,,,,,,,,,,,,,,,,,,,,,,,,0,7.084578037261963,1,0,True,True,False,"A:1,B:1,ESTOP:0,MODE:1",,,,36.967846048333335,127.87268800333334,121.71199999999999,2,0.000225,-0.025528739310141765,-0.003869350204982524,0.11227360421390273,0.9933418089434501,0.01918116847941768,0.025918139392115794,-0.03457497248200767,-0.9512450499999999,-0.5295591,10.130269449999998
1786689722.272323,26.786,0.0,8.0,0,0,,,,,,,,,,,,,,,,,,,,,,,,,,,0,7.07627534866333,2,0,True,True,False,"A:1,B:1,ESTOP:0,MODE:1",,,,36.967844883333335,127.87268794333333,121.696,2,0.000225,-0.025781605811347263,-0.0033439060452679623,0.11158447571227607,0.9934148337296786,0.054262286444503705,0.03412118687648914,-0.047176249681406726,-0.1176798,-0.6080123,10.0616229
1786689722.322336,26.836,0.0,8.0,0,0,,,,,,,,,,,,,,,,,,,,,,,,,,,0,7.369968891143799,4,0,True,True,False,"A:1,B:1,ESTOP:0,MODE:1",,,,36.967844883333335,127.87268794333333,121.696,2,0.000225,-0.02196104410206041,-0.0028161433121050568,0.11033217509677244,0.9936481233400525,0.009145525280450288,0.030421088862261164,-0.07419394650227895,-1.3337044,0.93163175,9.649743599999999
1786689722.372365,26.886,0.0,8.0,0,0,,,,,,,,,,,,,,,,,,,,,,,,,,,0,7.28729248046875,5,0,True,True,False,"A:1,B:1,ESTOP:0,MODE:1",,,,36.967844883333335,127.87268794333333,121.696,2,0.000225,-0.02213682386007528,-0.0029807883960833326,0.10859315230013201,0.9938352998376773,-0.037629298672997746,-0.06536258048718764,-0.07061602153569058,1.1375714,-0.6276256,9.375157399999999
1786689722.422338,26.936,0.0,8.0,0,0,,,,,,,,,,,,,,,,,,,,,,,,,,,0,7.17063045501709,7,0,True,True,False,"A:1,B:1,ESTOP:0,MODE:1",,,,36.967844883333335,127.87268794333333,121.696,2,0.000225,-0.02162286796713546,-0.002466092228276921,0.10651329489175948,0.9940730797991154,0.01007054978400728,0.02125811028929093,-0.0747000919853573,-1.4415775499999999,-1.4709975,9.77723005
1786689722.472371,26.986,0.0,8.0,0,0,,,,,,,,,,,,,,,,,,,,,,,,,,,0,7.331432342529297,8,0,True,True,False,"A:1,B:1,ESTOP:0,MODE:1",,,,36.967844883333335,127.87268794333333,121.696,2,0.000225,-0.02133854192202237,-0.0023368221117777426,0.10438952852265253,0.9943047984526063,-0.014259339988793671,-0.019774580425095754,-0.10560987303817689,0.67665885,0.6668522,9.953749749999998
1786689722.522362,27.036,0.0,8.0,0,0,,,,,,,,,,,,,,,,,,,,,,,,,,,0,7.241623878479004,8,0,True,True,False,"A:1,B:1,ESTOP:0,MODE:1",,,,36.967843775,127.87268792833333,121.68299999999999,2,0.000225,-0.021075134802058307,-0.002086142980603355,0.10217230368404577,0.994541254579434,0.04834562028024293,-0.022671826983406338,-0.10286970611254578,-0.35303939999999995,-1.01008495,9.12999115
1786689722.572349,27.086,0.0,8.0,0,0,,,,,,,,,,,,,,,,,,,,,,,,,,,0,7.053048133850098,8,0,True,True,False,"A:1,B:1,ESTOP:0,MODE:1",,,,36.967843775,127.87268792833333,121.68299999999999,2,0.000225,-0.020733019300435498,-0.001561590745678593,0.09976036207571815,0.9947942367663537,0.00952949771588904,-0.0027576202181510408,-0.09939650090107707,1.0395048999999998,-1.24544455,10.34601575
1786689722.622375,27.136,0.0,8.0,0,0,,,,,,,,,,,,,,,,,,,,,,,,,,,0,7.606056213378906,8,0,True,True,False,"A:1,B:1,ESTOP:0,MODE:1",,,,36.967843775,127.87268792833333,121.68299999999999,2,0.000225,-0.019378217580877866,2.2791755545844292e-05,0.09700192046621661,0.9950955288763939,0.006946410422937432,-0.01864011641129944,-0.1000946326018748,-2.3437893499999998,2.1378497,10.365629049999999
1786689722.672331,27.186,0.0,8.0,0,0,,,,,,,,,,,,,,,,,,,,,,,,,,,0,7.523229598999023,8,0,True,True,False,"A:1,B:1,ESTOP:0,MODE:1",,,,36.967843775,127.87268792833333,121.68299999999999,2,0.000225,-0.019887836715511885,-0.0005715202699879767,0.09529715384022916,0.99525001873163,-0.07141887299160796,-0.0020420352248333657,-0.017976891295541596,-0.24516625,-0.9218251,9.1005712
1786689722.722345,27.236,0.0,8.0,0,0,,,,,,,,,,,,,,,,,,,,,,,,,,,0,7.631720066070557,8,0,True,True,False,"A:1,B:1,ESTOP:0,MODE:1",,,,36.96784212166666,127.87268766833333,121.67599999999999,2,0.000225,-0.02035194282182415,-0.0013917451704847784,0.09379534256305326,0.9953824868773998,0.005462880558742251,0.01017526953912694,-0.07307693578100258,0.34323275000000003,0.35303939999999995,9.502643849999998
1786689722.772388,27.287,0.0,8.0,0,0,,,,,,,,,,,,,,,,,,,,,,,,,,,0,7.629754066467285,8,0,True,True,False,"A:1,B:1,ESTOP:0,MODE:1",,,,36.96784212166666,127.87268766833333,121.67599999999999,2,0.000225,-0.02056087797286311,-0.0006369713479342453,0.09195972616817248,0.9955502264213302,0.08951793733478916,0.1596801732649612,-0.07559020990387443,-0.5197524499999999,-0.61781895,10.6892485
1786689722.822341,27.336,0.0,8.0,0,0,,,,,,,,,,,,,,,,,,,,,,,,,,,0,7.742115497589111,8,0,True,True,False,"A:1,B:1,ESTOP:0,MODE:1",,,,36.96784212166666,127.87268766833333,121.67599999999999,2,0.000225,-0.01987840962634079,8.432974475622453e-05,0.08972171767438292,0.9957684746449749,0.02256710722828668,-0.01869247628885927,-0.0744557458900781,-0.24516625,0.2353596,8.7279185
1786689722.872320,27.386,0.0,8.0,0,0,,,,,,,,,,,,,,,,,,,,,,,,,,,0,7.871909141540527,8,0,True,True,False,"A:1,B:1,ESTOP:0,MODE:1",,,,36.967841201666666,127.872687485,121.655,2,0.000225,-0.019689069186740096,-3.824043460701871e-05,0.08791939494461007,0.995932989254198,0.011519173063162575,-0.03335324200561164,-0.0644201026911107,-1.0002783,0.04903325,9.3359308
1786689722.922360,27.436,0.0,8.0,0,0,,,,,,,,,,,,,,,,,,,,,,,,,,,0,7.8186516761779785,8,0,True,True,False,"A:1,B:1,ESTOP:0,MODE:1",,,,36.967841201666666,127.872687485,121.655,2,0.000225,-0.020083609483083735,9.96581410570962e-05,0.0863054771452739,0.9960662645191395,-0.0183434104384604,-0.0007155849933176752,-0.06218608124855796,-0.1569064,-0.784532,10.483308849999998
1786689722.972342,27.486,0.0,8.0,0,0,,,,,,,,,,,,,,,,,,,,,,,,,,,0,7.8084282875061035,8,0,True,True,False,"A:1,B:1,ESTOP:0,MODE:1",,,,36.967841201666666,127.872687485,121.655,2,0.000225,-0.02021691278531022,0.0002634771204902051,0.08456967589863618,0.9962124155699114,-0.0043982297150257105,0.04071853144902771,-0.06513568768442839,-0.6080123,-0.6668522,9.36535075
1786689723.022338,27.536,0.0,8.0,0,0,,,,,,,,,,,,,,,,,,,,,,,,,,,0,7.910916328430176,8,0,True,True,False,"A:1,B:1,ESTOP:0,MODE:1",,,,36.967841201666666,127.872687485,121.655,2,0.000225,-0.02053829852907795,0.0015439583386079297,0.08273454158229882,0.9963587657642935,0.026179938779914945,-0.00788888821901437,-0.07295476273336297,-1.9417167,-0.57859235,9.659550249999999
1786689723.072487,27.587,0.0,8.0,0,0,,,,,,,,,,,,,,,,,,,,,,,,,,,0,7.893978595733643,8,0,True,True,False,"A:1,B:1,ESTOP:0,MODE:1",,,,36.967841201666666,127.872687485,121.655,2,0.000225,-0.020167136847151875,0.0016815252685210978,0.08090925248432855,0.9965160068591908,0.03258529713473413,0.03569198320328404,-0.08236208740161241,0.37265269999999995,-0.3138128,9.973363049999998
1786689723.122330,27.636,0.0,8.0,0,0,,,,,,,,,,,,,,,,,,,,,,,,,,,0,8.264647483825684,8,0,True,True,False,"A:1,B:1,ESTOP:0,MODE:1",,,,36.96783996333333,127.872687195,121.63,2,0.000225,-0.01934184767537281,0.0015204436791640653,0.07865890643413967,0.9967127758878715,0.045553093477052,0.06305874587455512,-0.12779300783102482,-1.5004174499999998,1.2062179499999999,10.208722649999999
1786689723.172338,27.686,0.0,8.0,0,0,,,,,,,,,,,,,,,,,,,,,,,,,,,0,8.764387130737305,8,0,True,True,False,"A:1,B:1,ESTOP:0,MODE:1",,,,36.96783996333333,127.872687195,121.63,2,0.000225,-0.019080929509271212,0.0007208946555074124,0.07621547225836396,0.9969085214945214,-0.03506366467256608,-0.06571164633758651,-0.0786096295098246,-0.8237586,2.3241760499999997,9.3555441
1786689723.222334,27.736,0.0,8.0,0,0,,,,,,,,,,,,,,,,,,,,,,,,,,,0,8.486613273620605,8,0,True,True,False,"A:1,B:1,ESTOP:0,MODE:1",,,,36.96783996333333,127.872687195,121.63,2,0.000225,-0.02078671250766886,-0.0016941903241366237,0.07454189929397706,0.9969997730952178,-0.12334241823843928,-0.060266219071364195,-0.08581783932056118,2.2947561,-1.0591182,9.208444349999999
1786689723.272352,27.786,0.0,8.0,0,0,,,,,,,,,,,,,,,,,,,,,,,,,,,0,8.31855583190918,8,0,True,True,False,"A:1,B:1,ESTOP:0,MODE:1",,,,36.96783996333333,127.872687195,121.63,2,0.000225,-0.021780949079425977,-0.002827820459302564,0.07216646681630494,0.997150738231638,0.16512560053118353,0.047560222116845484,-0.11611675513518274,-1.1179581,-2.0103632499999997,10.6107953
1786689723.322369,27.836,0.0,8.0,0,0,,,,,,,,,,,,,,,,,,,,,,,,,,,0,8.3946533203125,8,0,True,True,False,"A:1,B:1,ESTOP:0,MODE:1",,,,36.967838478333334,127.87268716666667,121.625,2,0.000225,-0.020441198395012683,-0.0028972910197485723,0.06964185916662498,0.9973583982524731,0.03166027263117714,-0.03546509040052478,-0.09302604913129776,0.16671305,0.1569064,9.1005712
1786689723.372567,27.887,0.0,8.0,0,0,,,,,,,,,,,,,,,,,,,,,,,,,,,0,8.244598388671875,8,0,True,True,False,"A:1,B:1,ESTOP:0,MODE:1",,,,36.967838478333334,127.87268716666667,121.625,2,0.000225,-0.020314931501276345,-0.0036644246166171518,0.06696146364554874,0.9975419980816714,0.05895722213236845,-0.06480407512654945,-0.11377801393751034,-0.1372931,-1.3729310000000001,8.77695175
1786689723.422334,27.936,0.0,8.0,0,0,,,,,,,,,,,,,,,,,,,,,,,,,,,0,9.15732192993164,8,0,True,True,False,"A:1,B:1,ESTOP:0,MODE:1",,,,36.967838478333334,127.87268716666667,121.625,2,0.000225,-0.019642646216938252,-0.0037543934579345947,0.06408705256688929,0.9977439153774118,-0.09663888068292603,-0.1284387796542627,-0.03740240587023848,-3.95207995,3.1969678999999998,10.591182
1786689723.472342,27.986,0.0,8.0,0,0,,,,,,,,,,,,,,,,,,,,,,,,,,,0,9.075309753417969,8,0,True,True,False,"A:1,B:1,ESTOP:0,MODE:1",,,,36.96783696166667,127.87268698666666,121.60300000000001,2,0.000225,-0.02093567623970967,-0.005779623145145981,0.06246341892868491,0.9978109113015481,-0.08691739674931762,0.0022165681500327986,-0.05927138139772743,0.43149259999999995,-0.6864655000000001,8.5513988
1786689723.522342,28.036,0.0,8.0,0,0,,,,,,,,,,,,,,,,,,,,,,,,,,,0,8.560933113098145,8,0,True,True,False,"A:1,B:1,ESTOP:0,MODE:1",,,,36.96783696166667,127.87268698666666,121.60300000000001,2,0.000225,-0.022303764534299626,-0.0073864613687947955,0.06089537367365305,0.9978675942935474,-0.023945917337362205,0.017453292519943295,-0.05895722213236845,2.1378497,-2.6085689,9.561483749999999
1786689723.572352,28.086,0.0,8.0,0,0,,,,,,,,,,,,,,,,,,,,,,,,,,,0,8.872254371643066,8,0,True,True,False,"A:1,B:1,ESTOP:0,MODE:1",,,,36.96783696166667,127.87268698666666,121.60300000000001,2,0.000225,-0.020943502763973453,-0.00682651161200239,0.05864191012443692,0.9980360187929813,0.09908234163571808,-0.044575709095935175,-0.08428194957880616,-2.1182364,0.2745862,10.581375349999998
1786689723.622449,28.137,0.0,8.0,0,0,,,,,,,,,,,,,,,,,,,,,,,,,,,0,8.868551254272461,8,0,True,True,False,"A:1,B:1,ESTOP:0,MODE:1",,,,36.96783696166667,127.87268698666666,121.60300000000001,2,0.000225,-0.01979076087675876,-0.008559662607427606,0.05648595299415905,0.9981705240460207,-0.0013788101090755204,-0.05176646561415182,-0.06211626807847819,2.9125750499999996,1.1375714,9.1005712
1786689723.672402,28.187,0.0,8.0,0,0,,,,,,,,,,,,,,,,,,,,,,,,,,,0,8.99449348449707,8,0,True,True,False,"A:1,B:1,ESTOP:0,MODE:1",,,,36.96783696166667,127.87268698666666,121.60300000000001,2,0.000225,-0.018308194241453715,-0.010707579259582801,0.055251985032670876,0.9982471517214394,-0.010105456369047167,-0.008028514559173916,-0.04073598474154765,-2.24572285,-0.8727918499999999,9.198637699999999
1786689723.722348,28.236,0.0,8.0,0,0,,,,,,,,,,,,,,,,,,,,,,,,,,,0,8.887740135192871,8,0,True,True,False,"A:1,B:1,ESTOP:0,MODE:1",,,,36.9678354,127.872687175,121.61599999999999,2,0.000225,-0.018216342932946574,-0.011366002709349227,0.05381940740279319,0.998319813596511,-0.020612338466053034,-0.0641408500107916,-0.0771959128157092,0.1176798,-1.1375714,10.34601575
1786689723.772388,28.287,0.0,8.0,0,0,,,,,,,,,,,,,,,,,,,,,,,,,,,0,8.894953727722168,8,0,True,True,False,"A:1,B:1,ESTOP:0,MODE:1",,,,36.9678354,127.872687175,121.61599999999999,2,0.000225,-0.017528093200733976,-0.012195220922825847,0.051963089574200226,0.9984206928230671,0.026092672317315227,-0.010122909661567111,-0.07037167544041137,1.14737805,0.26477955,9.12999115
1786689723.822345,28.336,0.0,8.0,0,0,,,,,,,,,,,,,,,,,,,,,,,,,,,0,9.250126838684082,8,0,True,True,False,"A:1,B:1,ESTOP:0,MODE:1",,,,36.9678354,127.872687175,121.61599999999999,2,0.000225,-0.017072157869742248,-0.012142213272116235,0.05081013453330166,0.9984885769558071,0.012950343049797926,0.03282964323001334,-0.02506292805863857,-1.4121575999999998,0.9610517,10.385242349999999
1786689723.872323,28.386,0.0,8.0,0,0,,,,,,,,,,,,,,,,,,,,,,,,,,,0,9.066950798034668,8,0,True,True,False,"A:1,B:1,ESTOP:0,MODE:1",,,,36.967833963333334,127.87268700666667,121.625,2,0.000225,-0.017261289698051144,-0.012930237794245616,0.04986918917028944,0.9985228694426795,-0.014224433403753785,-0.08264134008193151,-0.04448844263333546,0.22555294999999997,-1.5200307499999999,9.296704199999999
1786689723.922457,28.437,0.0,7.0,0,0,,,,,,,,,,,,,,,,,,,,,,,,,,,0,9.30085277557373,8,0,True,True,False,"A:1,B:1,ESTOP:0,MODE:1",,,,36.967833963333334,127.87268700666667,121.625,2,0.000225,-0.016733826026293763,-0.013025408391274834,0.048322397758900584,0.9986066611422102,0.01054178868204575,0.06150540284028017,-0.04537856055185257,-0.3138128,0.8237586,9.610517
1786689723.972346,28.486,0.0,6.0,0,0,,,,,,,,,,,,,,,,,,,,,,,,,,,0,9.235201835632324,8,0,True,True,False,"A:1,B:1,ESTOP:0,MODE:1",,,,36.967833963333334,127.87268700666667,121.625,2,0.000225,-0.016449395252793826,-0.012311580778051888,0.0472406056916008,0.9986722022507953,-0.010559241974565694,-0.04054399852382828,-0.042184608020702945,0.2353596,-0.7551120499999999,9.8654899
1786689724.022358,28.536,0.0,6.0,0,0,,,,,,,,,,,,,,,,,,,,,,,,,,,0,9.27537727355957,8,0,True,True,False,"A:1,B:1,ESTOP:0,MODE:1",,,,36.967833963333334,127.87268700666667,121.625,2,0.000225,-0.017037737159332045,-0.01232877566298515,0.0461352337195086,0.9987138013529139,0.0008726646259971648,-0.014852751934471744,-0.03895574890451344,0.97085835,0.392266,9.571290399999999
1786689724.072373,28.586,0.0,4.0,0,0,,,,,,,,,,,,,,,,,,,,,,,,,,,0,9.425722122192383,8,0,True,True,False,"A:1,B:1,ESTOP:0,MODE:1",,,,36.967833963333334,127.87268700666667,121.625,2,0.000225,-0.01768123354588086,-0.012596805236416708,0.045303262001427286,0.9987373573318272,-0.01773254520026239,-0.029356438018544623,-0.022392574303087248,-2.12804305,-0.8825985,10.130269449999998
1786689724.122374,28.636,0.0,4.0,0,0,,,,,,,,,,,,,,,,,,,,,,,,,,,0,9.249792098999023,7,0,True,True,False,"A:1,B:1,ESTOP:0,MODE:1",,,,36.967832341666664,127.87268682833333,121.61699999999999,2,0.000225,-0.01731921873220762,-0.01457586419248909,0.044049372526814054,0.9987728678861586,0.02579596634447619,-0.0735307213865211,-0.06686356364390277,0.38245935,-1.4415775499999999,9.4339973
1786689724.172467,28.687,0.0,2.0,0,0,,,,,,,,,,,,,,,,,,,,,,,,,,,0,9.321747779846191,6,0,True,True,False,"A:1,B:1,ESTOP:0,MODE:1",,,,36.967832341666664,127.87268682833333,121.61699999999999,2,0.000225,-0.016277027279162987,-0.015870024643127544,0.04273263446232674,0.9988278743871184,-0.03745476574779831,-0.0393048147549123,-0.035395277230445006,1.36312435,0.8531785499999999,9.9635564
1786689724.222472,28.737,0.0,1.0,0,0,,,,,,,,,,,,,,,,,,,,,,,,,,,0,9.692532539367676,5,0,True,True,False,"A:1,B:1,ESTOP:0,MODE:1",,,,36.967832341666664,127.87268682833333,121.61699999999999,2,0.000225,-0.017044844235824974,-0.016737961065368522,0.04203329353024014,0.9988305743114552,-0.09412560656005418,-0.07742280561846845,-0.03399901382884954,0.26477955,1.97113665,11.56204035
1786689724.272403,28.787,0.0,0.0,0,0,,,,,,,,,,,,,,,,,,,,,,,,,,,0,9.76682186126709,4,0,True,True,False,"A:1,B:1,ESTOP:0,MODE:1",,,,36.967832341666664,127.87268682833333,121.61699999999999,2,0.000225,-0.01933544429715394,-0.016680794546850328,0.040873509842995356,0.9988379487585721,-0.12747884856566583,0.04867723283812185,-0.06876597252857658,1.8142302499999998,0.9414384,10.6500219
1786689724.322402,28.837,0.0,-1.0,0,0,,,,,,,,,,,,,,,,,,,,,,,,,,,0,9.265533447265625,3,0,True,True,False,"A:1,B:1,ESTOP:0,MODE:1",,,,36.96783084166667,127.87268679666667,121.63,2,0.000225,-0.02052134719599509,-0.014553924028617339,0.039184690470188244,0.9989152204453521,0.05227261109723017,0.15421729270621895,-0.056862827029975256,-0.40207265,-4.05014645,9.375157399999999
1786689724.372356,28.886,0.0,-1.0,0,0,,,,,,,,,,,,,,,,,,,,,,,,,,,0,9.090662002563477,2,0,True,True,False,"A:1,B:1,ESTOP:0,MODE:1",,,,36.96783084166667,127.87268679666667,121.63,2,0.000225,-0.020485970659844914,-0.012201672413102934,0.03829513154424817,0.9989819453305729,0.039409534510031964,-0.07113962031128887,0.016074482410867775,0.50013915,-1.34351105,8.85540495
1786689724.422369,28.936,0.0,-1.0,0,0,,,,,,,,,,,,,,,,,,,,,,,,,,,0,9.093945503234863,1,0,True,True,False,"A:1,B:1,ESTOP:0,MODE:1",,,,36.96783084166667,127.87268679666667,121.63,2,0.000225,-0.018450065531757154,-0.013013196253202769,0.038712096208484224,0.998995308003143,0.05080653452555493,0.0003141592653589793,0.05605997557405787,2.0201699,0.77472535,9.492837199999999
1786689724.472412,28.987,0.0,-1.0,0,0,,,,,,,,,,,,,,,,,,,,,,,,,,,0,9.546721458435059,-1,0,True,True,False,"A:1,B:1,ESTOP:0,MODE:1",,,,36.96783084166667,127.87268679666667,121.63,2,0.000225,-0.016518101122743323,-0.013326883423535982,0.040011896542671004,0.9989737707510508,0.027192229746071654,-0.06202900161587847,0.04743804906920587,-1.34351105,1.57887065,10.87557485
1786689724.522437,29.037,0.0,-1.0,0,0,,,,,,,,,,,,,,,,,,,,,,,,,,,0,9.745416641235352,-1,0,True,True,False,"A:1,B:1,ESTOP:0,MODE:1",,,,36.967829226666666,127.87268685166667,121.64699999999999,2,0.000225,-0.014265583603858985,-0.01391144979499065,0.04019679481067509,0.9989930842483302,-0.03981096023799066,-0.08206538142877337,-0.014329153158873445,-0.20593965,0.7551120499999999,9.09076455
1786689724.572402,29.087,0.0,-1.0,0,0,,,,,,,,,,,,,,,,,,,,,,,,,,,0,9.545716285705566,-2,0,True,True,False,"A:1,B:1,ESTOP:0,MODE:1",,,,36.967829226666666,127.87268685166667,121.64699999999999,2,0.000225,-0.01590737684489989,-0.016801938089597637,0.03932183153634978,0.9989586797275324,0.05337216852598659,0.02988003679414292,-0.055082591192941045,0.93163175,-1.24544455,9.914523149999999
1786689724.622327,29.136,0.0,-1.0,0,0,,,,,,,,,,,,,,,,,,,,,,,,,,,0,9.80949592590332,-2,0,True,True,False,"A:1,B:1,ESTOP:0,MODE:1",,,,36.967829226666666,127.87268685166667,121.64699999999999,2,0.000225,-0.015844811403154052,-0.017245992920842616,0.03886161739181067,0.9989701158560578,0.004101523742186674,-0.05543165704333991,0.005881759579220891,-1.14737805,0.48052585,10.6696352
1786689724.672359,29.186,0.0,-1.0,0,0,,,,,,,,,,,,,,,,,,,,,,,,,,,0,9.656792640686035,-2,0,True,True,False,"A:1,B:1,ESTOP:0,MODE:1",,,,36.967829226666666,127.87268685166667,121.64699999999999,2,0.000225,-0.016041891459021632,-0.018927137939527855,0.039699578546148466,0.9989035812485073,0.018256143975860686,0.015533430342749533,0.037943457938356726,3.1087080499999997,0.30400615,9.81645665
1786689724.722346,29.236,0.0,-1.0,0,0,,,,,,,,,,,,,,,,,,,,,,,,,,,0,9.805704116821289,-2,0,True,True,False,"A:1,B:1,ESTOP:0,MODE:1",,,,36.967827875,127.87268690666667,121.672,2,0.000225,-0.01721090581596282,-0.015727840799066018,0.04083829670995272,0.9988937146997287,-0.0044156830075456534,-0.06923721142661506,0.032969269570172884,-2.2555295,-0.8629851999999999,9.5516771
1786689724.772385,29.287,0.0,-1.0,0,0,,,,,,,,,,,,,,,,,,,,,,,,,,,0,9.912025451660156,-2,0,True,True,False,"A:1,B:1,ESTOP:0,MODE:1",,,,36.967827875,127.87268690666667,121.672,2,0.000225,-0.016291096431246058,-0.017078275563522167,0.041324299640613786,0.9988669755978805,-0.010157816246606997,-0.08887216551155125,0.01075122819228507,0.1176798,0.2745862,9.326124149999998
1786689724.822357,29.336,0.0,0.0,0,0,,,,,,,,,,,,,,,,,,,,,,,,,,,0,9.997530937194824,-3,0,True,True,False,"A:1,B:1,ESTOP:0,MODE:1",,,,36.967827875,127.87268690666667,121.672,2,0.000225,-0.01648912946539202,-0.018127931294215444,0.04144098046727656,0.9988403935836678,0.021903882112528833,0.07012732934513216,0.0024609142453120045,1.2552512,0.7256921,10.6304086
1786689724.872342,29.386,0.0,2.0,0,0,,,,,,,,,,,,,,,,,,,,,,,,,,,0,9.81462287902832,-3,0,True,True,False,"A:1,B:1,ESTOP:0,MODE:1",,,,36.967827875,127.87268690666667,121.672,2,0.000225,-0.01664762085162869,-0.01795706523134902,0.041781391203938055,0.9988266695865309,-0.006771877497737999,0.011623892818282236,0.02726204291615143,-0.392266,-1.9417167,9.875296549999998
1786689724.922330,29.436,0.0,3.0,0,0,,,,,,,,,,,,,,,,,,,,,,,,,,,0,9.864441871643066,-3,0,True,True,False,"A:1,B:1,ESTOP:0,MODE:1",,,,36.96782658666667,127.87268718666667,121.714,2,0.000225,-0.017380066842213073,-0.017619357492466,0.04216766649453707,0.9988039744717271,-0.0021118483949131386,-0.05913175505756788,0.014817845349431858,0.3138128,0.00980665,9.12999115
1786689724.972389,29.487,0.0,5.0,0,0,,,,,,,,,,,,,,,,,,,,,,,,,,,0,9.70924186706543,-2,0,True,True,False,"A:1,B:1,ESTOP:0,MODE:1",,,,36.96782658666667,127.87268718666667,121.714,2,0.000225,-0.0177494700343165,-0.018460898404965096,0.0424235648652184,0.9987714416660648,0.04768239516448509,0.01223475805648025,0.011728612573401895,0.29419949999999995,-1.3827376499999997,9.5516771
1786689725.022495,29.537,0.0,6.0,0,0,,,,,,,,,,,,,,,,,,,,,,,,,,,0,9.765530586242676,-2,0,True,True,False,"A:1,B:1,ESTOP:0,MODE:1",,,,36.96782658666667,127.87268718666667,121.714,2,0.000225,-0.01500036564494003,-0.018790911898471603,0.04256234712333738,0.998804453968791,0.03651228795172137,-0.07787659122398698,0.005113814708343385,-1.08853815,-0.83356525,9.375157399999999
1786689725.072426,29.587,0.0,6.0,0,0,,,,,,,,,,,,,,,,,,,,,,,,,,,0,9.823108673095703,-1,0,True,True,False,"A:1,B:1,ESTOP:0,MODE:1",,,,36.96782658666667,127.87268718666667,121.714,2,0.000225,-0.014192691058100157,-0.020693362586552324,0.04301581396440972,0.9987592262474326,0.031503192998497645,-0.0428129265514209,0.027541295596470523,1.8436502,0.99047165,10.2577559
1786689725.122374,29.636,0.0,6.0,0,0,,,,,,,,,,,,,,,,,,,,,,,,,,,0,9.585349082946777,0,0,True,True,False,"A:1,B:1,ESTOP:0,MODE:1",,,,36.96782519333333,127.872687365,121.74699999999999,2,0.000225,-0.015495671982417176,-0.020967334647604488,0.04402181463128656,0.9986903097878527,-0.008482300164692442,0.04061381169390805,0.04197516851046362,1.1767979999999998,-1.4415775499999999,10.816734949999999
1786689725.172374,29.686,0.0,8.0,0,0,,,,,,,,,,,,,,,,,,,,,,,,,,,0,10.077062606811523,2,0,True,True,False,"A:1,B:1,ESTOP:0,MODE:1",,,,36.96782519333333,127.872687365,121.74699999999999,2,0.000225,-0.014618149778016043,-0.019655202676978616,0.04415805410277665,0.9987242106621079,0.03300417615521277,-0.02256710722828668,-0.04283037984394085,-2.8831550999999997,0.9022117999999999,9.1397978
1786689725.222337,29.736,0.0,9.0,0,0,,,,,,,,,,,,,,,,,,,,,,,,,,,0,10.03728199005127,2,0,True,True,False,"A:1,B:1,ESTOP:0,MODE:1",,,,36.96782519333333,127.872687365,121.74699999999999,2,0.000225,-0.014314356938029923,-0.019868536942777768,0.04356762122246431,0.9987503205537507,-0.02075196480621258,0.0066322511575784525,-0.021642082724729686,0.1176798,-0.65704555,8.5317855
1786689725.272370,29.786,0.0,10.0,0,0,,,,,,,,,,,,,,,,,,,,,,,,,,,0,10.161903381347656,4,0,True,True,False,"A:1,B:1,ESTOP:0,MODE:1",,,,36.96782396,127.872687285,121.74699999999999,2,0.000225,-0.01431233345346927,-0.020065969301026342,0.042771301189758235,0.9987808216929587,-0.02506292805863857,-0.0711919801888487,-0.03146828641345776,-0.6472389,-0.14709974999999997,9.60071035
1786689725.322363,29.836,0.0,10.0,0,0,,,,,,,,,,,,,,,,,,,,,,,,,,,0,10.315488815307617,5,0,True,True,False,"A:1,B:1,ESTOP:0,MODE:1",,,,36.96782396,127.872687285,121.74699999999999,2,0.000225,-0.014363744019370621,-0.020757942870947708,0.04218342521454712,0.9987909437428241,0.0013264502315156904,-0.02694788365079245,-0.013561208287995941,0.0980665,0.5295591,10.326402449999998
1786689725.372599,29.887,0.0,10.0,0,0,,,,,,,,,,,,,,,,,,,,,,,,,,,0,10.230533599853516,7,0,True,True,False,"A:1,B:1,ESTOP:0,MODE:1",,,,36.96782396,127.872687285,121.74699999999999,2,0.000225,-0.014440353803173739,-0.021596087647660914,0.04138328185241823,0.9988055412158449,-0.011711159280881952,0.006894050545377602,-0.04410447019789671,0.1569064,-1.0395048999999998,9.7870367
1786689725.422359,29.936,0.0,10.0,0,0,,,,,,,,,,,,,,,,,,,,,,,,,,,0,10.341815948486328,8,0,True,True,False,"A:1,B:1,ESTOP:0,MODE:1",,,,36.96782396,127.872687285,121.74699999999999,2,0.000225,-0.013358994043995157,-0.02175529024273217,0.039791195837117786,0.998881827524377,0.009093165402890457,-0.0036302848441482054,-0.07370525431172054,0.36284605,0.4707192,9.62032365
1786689725.472393,29.987,0.0,10.0,0,0,,,,,,,,,,,,,,,,,,,,,,,,,,,0,10.040773391723633,9,0,True,True,False,"A:1,B:1,ESTOP:0,MODE:1",,,,36.96782396,127.872687285,121.74699999999999,2,0.000225,-0.012736713601525557,-0.02230952611560947,0.03807907724017245,0.998944465447237,-0.08787732783791449,-0.021275563581810878,-0.04604178566761041,2.53992235,-0.8237586,9.7085835
1786689725.522379,30.036,0.0,10.0,0,0,,,,,,,,,,,,,,,,,,,,,,,,,,,0,9.920316696166992,9,0,True,True,False,"A:1,B:1,ESTOP:0,MODE:1",,,,36.96782259,127.87268728333333,121.77099999999999,2,0.000225,-0.013431391201237116,-0.022074170867182913,0.03623749091117605,0.9990090955358655,-0.03190461872645634,-0.024207716725161352,-0.09503317777109124,1.2944778,-0.5099457999999999,10.1596894
1786689725.572498,30.087,0.0,10.0,0,0,,,,,,,,,,,,,,,,,,,,,,,,,,,0,9.858901977539062,9,0,True,True,False,"A:1,B:1,ESTOP:0,MODE:1",,,,36.96782259,127.87268728333333,121.77099999999999,2,0.000225,-0.013155418440105402,-0.02232740526177786,0.03446147103459849,0.9990699820103062,0.013962634015954637,-0.04673991736840814,-0.06307619916707506,1.30428445,-0.0784532,9.581097049999999
1786689725.622441,30.137,0.0,10.0,0,0,,,,,,,,,,,,,,,,,,,,,,,,,,,0,9.805672645568848,9,0,True,True,False,"A:1,B:1,ESTOP:0,MODE:1",,,,36.96782259,127.87268728333333,121.77099999999999,2,0.000225,-0.012118239549054692,-0.023876528080079392,0.03282318643706979,0.999102446253231,0.0026878070480712674,-0.0010122909661567112,-0.05878268920716902,0.9610517,-0.2745862,9.9047165
1786689725.672446,30.187,0.0,10.0,0,0,,,,,,,,,,,,,,,,,,,,,,,,,,,0,9.912155151367188,9,0,True,True,False,"A:1,B:1,ESTOP:0,MODE:1",,,,36.96782259,127.87268728333333,121.77099999999999,2,0.000225,-0.012338917652346402,-0.023983211672536205,0.03108203343284665,0.9991528731213849,-0.0023387411976724015,-0.016982053621904827,-0.07271041663808378,0.67665885,0.57859235,10.1204628
1786689725.722364,30.236,0.0,10.0,0,0,,,,,,,,,,,,,,,,,,,,,,,,,,,0,9.914399147033691,9,0,True,True,False,"A:1,B:1,ESTOP:0,MODE:1",,,,36.96782141833334,127.87268709666667,121.81299999999999,2,0.000225,-0.011535095473576009,-0.024869651469924186,0.02926719145741451,0.9991956132371554,-0.016231562043547264,0.018517943363659837,-0.07564256978143423,-0.4118793,-0.7943386499999999,9.669356899999999
1786689725.772345,30.286,0.0,10.0,0,0,,,,,,,,,,,,,,,,,,,,,,,,,,,0,9.708715438842773,9,0,True,True,False,"A:1,B:1,ESTOP:0,MODE:1",,,,36.96782141833334,127.87268709666667,121.81299999999999,2,0.000225,-0.013261425478384336,-0.02769224676932896,0.027106984869095598,0.9991608906649891,-0.027628562059070237,-0.0014660765716752368,-0.09616764178488756,1.4219642499999998,-1.0493115499999999,9.80665
1786689725.822332,30.336,0.0,10.0,0,0,,,,,,,,,,,,,,,,,,,,,,,,,,,0,9.782475471496582,9,0,True,True,False,"A:1,B:1,ESTOP:0,MODE:1",,,,36.96782141833334,127.87268709666667,121.81299999999999,2,0.000225,-0.01282436746435243,-0.02758645786330308,0.0246977992715089,0.9992319758959077,0.04054399852382828,-0.0032637657012293962,-0.08018042583661951,-0.34323275000000003,-0.38245935,10.1204628
1786689725.872340,30.386,0.0,10.0,0,0,,,,,,,,,,,,,,,,,,,,,,,,,,,0,9.73343563079834,9,0,True,True,False,"A:1,B:1,ESTOP:0,MODE:1",,,,36.96782141833334,127.87268709666667,121.81299999999999,2,0.000225,-0.012615260324726207,-0.027965648312868543,0.022763203477706866,0.9992700407241341,-0.011641346110802179,0.03274237676741362,-0.08183848862601412,1.4121575999999998,0.0784532,8.87501825
1786689725.922341,30.436,0.0,10.0,0,0,,,,,,,,,,,,,,,,,,,,,,,,,,,0,9.513782501220703,10,0,True,True,False,"A:1,B:1,ESTOP:0,MODE:1",,,,36.967820153333335,127.87268700666667,121.814,2,0.000225,-0.013935657803551502,-0.02949433370783937,0.0201751742224555,0.9992641512962459,0.030455995447301053,0.013229595730117017,-0.12632693125934957,1.6082906,-1.0395048999999998,9.71839015
1786689725.972341,30.486,0.0,10.0,0,0,,,,,,,,,,,,,,,,,,,,,,,,,,,0,9.716906547546387,10,0,True,True,False,"A:1,B:1,ESTOP:0,MODE:1",,,,36.967820153333335,127.87268700666667,121.814,2,0.000225,-0.013805439178366727,-0.029297688548262712,0.01700107520913147,0.9993307854442166,-0.017976891295541596,-0.04431390970813603,-0.07862708280234454,0.8924051499999999,1.2552512,10.502922149999998
1786689726.022335,30.536,0.0,10.0,0,0,,,,,,,,,,,,,,,,,,,,,,,,,,,0,9.426486015319824,10,0,True,True,False,"A:1,B:1,ESTOP:0,MODE:1",,,,36.967820153333335,127.87268700666667,121.814,2,0.000225,-0.014402719156827271,-0.029659861721287185,0.014842727946896563,0.9993460600365913,-0.018500490071139894,0.01673770752662562,-0.08838347332099285,1.7946169499999998,-1.3827376499999997,9.0613446
1786689726.072331,30.586,0.0,10.0,0,0,,,,,,,,,,,,,,,,,,,,,,,,,,,0,9.565901756286621,10,0,True,True,False,"A:1,B:1,ESTOP:0,MODE:1",,,,36.967820153333335,127.87268700666667,121.814,2,0.000225,-0.014144945571937441,-0.02912165925113525,0.012906328893851371,0.9993924535194928,0.02944370448114434,0.0029146998508305304,-0.09555677654668954,-0.5982056499999999,-0.1372931,10.012589649999999
1786689726.122334,30.636,0.0,9.0,0,0,,,,,,,,,,,,,,,,,,,,,,,,,,,0,9.487079620361328,10,0,True,True,False,"A:1,B:1,ESTOP:0,MODE:1",,,,36.967818763333334,127.87268653166667,121.82900000000001,2,0.000225,-0.013896628185949497,-0.029415701134876526,0.011122361604721616,0.9994087718867284,0.011623892818282236,-0.007225663103256524,-0.07175048554948689,1.3827376499999997,-0.24516625,9.67916355
1786689726.172464,30.687,0.0,9.0,0,0,,,,,,,,,,,,,,,,,,,,,,,,,,,0,9.66922378540039,10,0,True,True,False,"A:1,B:1,ESTOP:0,MODE:1",,,,36.967818763333334,127.87268653166667,121.82900000000001,2,0.000225,-0.0129100799944074,-0.028474721963375832,0.009438491006389917,0.9994665751945728,-0.04059635840138811,-0.05133013330115323,-0.06007423285364483,-0.0980665,0.55897905,9.07115125
1786689726.222382,30.737,0.0,9.0,0,0,,,,,,,,,,,,,,,,,,,,,,,,,,,0,9.51661491394043,10,0,True,True,False,"A:1,B:1,ESTOP:0,MODE:1",,,,36.967818763333334,127.87268653166667,121.82900000000001,2,0.000225,-0.01307934811692126,-0.029140637945988035,0.00756788188262925,0.9994610953092411,0.015481070465189704,0.014329153158873445,-0.09054768159346581,1.96133,-0.37265269999999995,10.0420096
1786689726.272338,30.786,0.0,9.0,0,0,,,,,,,,,,,,,,,,,,,,,,,,,,,0,9.720704078674316,10,0,True,True,False,"A:1,B:1,ESTOP:0,MODE:1",,,,36.967818763333334,127.87268653166667,121.82900000000001,2,0.000225,-0.012769116136770257,-0.029165510710942474,0.005641581443353952,0.9994771109019324,0.0005061454830783556,-0.043319072034499265,-0.07831292353698557,-1.0787315,-0.0392266,10.395049
1786689726.322329,30.836,0.0,9.0,0,0,,,,,,,,,,,,,,,,,,,,,,,,,,,0,9.43875503540039,10,0,True,True,False,"A:1,B:1,ESTOP:0,MODE:1",,,,36.967817575,127.872686175,121.827,2,0.000225,-0.013277579258461509,-0.02937812375022295,0.003706304770936537,0.9994733088176477,0.034417892849328176,0.055257124118140474,-0.07754497866610806,2.0005566,-1.1866046499999998,9.7674234
1786689726.372464,30.887,0.0,9.0,0,0,,,,,,,,,,,,,,,,,,,,,,,,,,,0,9.690160751342773,10,0,True,True,False,"A:1,B:1,ESTOP:0,MODE:1",,,,36.967817575,127.872686175,121.827,2,0.000225,-0.012411551157711743,-0.028217334629162087,0.0018549886653741376,0.999523033472134,0.002722713633111154,0.0029146998508305304,-0.06220353454107791,-1.1375714,0.3138128,9.473223899999999
1786689726.422367,30.936,0.0,9.0,0,0,,,,,,,,,,,,,,,,,,,,,,,,,,,0,9.548789978027344,10,0,True,True,False,"A:1,B:1,ESTOP:0,MODE:1",,,,36.967817575,127.872686175,121.827,2,0.000225,-0.011654667571329316,-0.027851919469065047,0.0005905411027476915,0.999543941288674,-0.04434881629317591,0.020804324683772406,-0.05366887449882564,2.2555295,-0.0196133,10.52253545
1786689726.472340,30.986,0.0,9.0,0,0,,,,,,,,,,,,,,,,,,,,,,,,,,,0,9.5826997756958,10,0,True,True,False,"A:1,B:1,ESTOP:0,MODE:1",,,,36.967817575,127.872686175,121.827,2,0.000225,-0.01174181790733077,-0.026551178763260033,-0.0009744594536485634,0.9995780184894452,-0.000296705972839036,0.03159045946109736,-0.06031857894892403,-0.16671305,-0.46091255,9.610517
1786689726.522338,31.036,0.0,9.0,0,0,,,,,,,,,,,,,,,,,,,,,,,,,,,0,9.474072456359863,10,0,True,True,False,"A:1,B:1,ESTOP:0,MODE:1",,,,36.967816166666665,127.87268598666667,121.834,2,0.000225,-0.012138211176242747,-0.025586125266456355,-0.0028391146514659704,0.9995948946704789,-0.027314402793711258,0.011972958668681102,-0.06743952229706089,0.55897905,-0.9022117999999999,9.24767095
1786689726.572459,31.087,0.0,9.0,0,0,,,,,,,,,,,,,,,,,,,,,,,,,,,0,9.309120178222656,10,0,True,True,False,"A:1,B:1,ESTOP:0,MODE:1",,,,36.967816166666665,127.87268598666667,121.834,2,0.000225,-0.01265951100360378,-0.024943689839873946,-0.004562121176093208,0.999598287397841,-0.00445058959258554,0.05995205980600522,-0.06805038753525891,1.3533177,-0.77472535,10.198916
1786689726.622364,31.136,0.0,9.0,0,0,,,,,,,,,,,,,,,,,,,,,,,,,,,0,9.383166313171387,10,0,True,True,False,"A:1,B:1,ESTOP:0,MODE:1",,,,36.967816166666665,127.87268598666667,121.834,2,0.000225,-0.012350053634952524,-0.023364280353015205,-0.006113663062905288,0.9996320371530479,0.014119713648634126,0.0494626310015193,-0.06976081020221335,-0.57859235,-0.48052585,9.659550249999999
1786689726.672397,31.187,0.0,9.0,0,0,,,,,,,,,,,,,,,,,,,,,,,,,,,0,9.095406532287598,10,0,True,True,False,"A:1,B:1,ESTOP:0,MODE:1",,,,36.967816166666665,127.87268598666667,121.834,2,0.000225,-0.012406092316591509,-0.02174564641178396,-0.007874572920223533,0.9996555440935093,-0.06485643500410929,-0.01153662635568252,-0.039339721339952186,1.2160246,-1.6475172,9.855683249999998
1786689726.722385,31.237,0.0,9.0,0,0,,,,,,,,,,,,,,,,,,,,,,,,,,,0,9.365541458129883,10,0,True,True,False,"A:1,B:1,ESTOP:0,MODE:1",,,,36.96781475,127.872685655,121.83000000000001,2,0.000225,-0.01155773242816326,-0.022480089511068536,-0.009076276224564476,0.9996392777430211,0.06199409503083859,-0.04818854064756344,-0.04406956361285682,-1.08853815,0.5883989999999999,8.2571993
1786689726.772375,31.286,0.0,8.0,0,0,,,,,,,,,,,,,,,,,,,,,,,,,,,0,9.239209175109863,10,0,True,True,False,"A:1,B:1,ESTOP:0,MODE:1",,,,36.96781475,127.872685655,121.83000000000001,2,0.000225,-0.011697678913518849,-0.022045014918152105,-0.008865310533941064,0.9996492324282711,-0.10054841820739333,0.1245990552998752,0.024678955623199817,2.0103632499999997,0.1176798,9.571290399999999
1786689726.822322,31.336,0.0,8.0,0,0,,,,,,,,,,,,,,,,,,,,,,,,,,,0,9.315473556518555,10,0,True,True,False,"A:1,B:1,ESTOP:0,MODE:1",,,,36.96781475,127.872685655,121.83000000000001,2,0.000225,-0.01275339943345947,-0.020325515370539643,-0.009574142369420882,0.9996662243097456,0.06609561877302526,-0.05791002458117186,-0.0943699526553334,-2.71644205,-2.2555295,10.326402449999998
1786689726.872328,31.386,0.0,8.0,0,0,,,,,,,,,,,,,,,,,,,,,,,,,,,0,9.238075256347656,10,0,True,True,False,"A:1,B:1,ESTOP:0,MODE:1",,,,36.96781475,127.872685655,121.83000000000001,2,0.000225,-0.011263895275688135,-0.020353990976944767,-0.012203956944440566,0.9996548920249563,0.0580496509213314,0.11168361883511715,-0.08152432936065514,1.4808041499999998,0.17651969999999997,9.26728425
1786689726.922334,31.436,0.0,8.0,0,0,,,,,,,,,,,,,,,,,,,,,,,,,,,0,9.818533897399902,9,0,True,True,False,"A:1,B:1,ESTOP:0,MODE:1",,,,36.96781317333333,127.872685225,121.84200000000001,2,0.000225,-0.010065508287675695,-0.01895219531343586,-0.014242014352672038,0.9996682774115074,0.04482005519121438,0.006213372137099813,-0.05099852074327431,-2.55953565,1.5200307499999999,9.836069949999999
1786689726.972326,31.486,0.0,8.0,0,0,,,,,,,,,,,,,,,,,,,,,,,,,,,0,9.89712142944336,8,0,True,True,False,"A:1,B:1,ESTOP:0,MODE:1",,,,36.96781317333333,127.872685225,121.84200000000001,2,0.000225,-0.009554071755371981,-0.02018888232032872,-0.015280807145466955,0.9996337457671846,0.014835298641951801,0.046321038347929507,-0.04141666314982544,-0.24516625,-0.12748644999999997,9.1397978
1786689727.022354,31.536,0.0,6.0,0,0,,,,,,,,,,,,,,,,,,,,,,,,,,,0,9.753622055053711,8,0,True,True,False,"A:1,B:1,ESTOP:0,MODE:1",,,,36.96781317333333,127.872685225,121.84200000000001,2,0.000225,-0.009661017822424692,-0.02057843487911527,-0.0163764239272147,0.9996074256886636,0.0008028514559173916,0.03651228795172137,-0.05361651462126581,1.53964405,-0.28439285,10.7677017
1786689727.072359,31.586,0.0,5.0,0,0,,,,,,,,,,,,,,,,,,,,,,,,,,,0,9.852760314941406,8,0,True,True,False,"A:1,B:1,ESTOP:0,MODE:1",,,,36.96781317333333,127.872685225,121.84200000000001,2,0.000225,-0.009062291177321621,-0.020303298743586308,-0.018018635879417037,0.9995904059662591,0.004276056667386108,0.0035081117965086025,-0.07847000316966507,0.8727918499999999,0.97085835,10.051816249999998
1786689727.122344,31.636,0.0,4.0,0,0,,,,,,,,,,,,,,,,,,,,,,,,,,,0,9.97130012512207,8,0,True,True,False,"A:1,B:1,ESTOP:0,MODE:1",,,,36.967811895,127.87268487666667,121.857,2,0.000225,-0.009031587790875954,-0.020000567066677577,-0.019785778796091367,0.9995633700253422,-0.010559241974565694,0.010663961729685353,-0.060929444187122046,0.10787314999999999,0.5099457999999999,8.91424485
1786689727.172351,31.686,0.0,4.0,0,0,,,,,,,,,,,,,,,,,,,,,,,,,,,0,10.017826080322266,7,0,True,True,False,"A:1,B:1,ESTOP:0,MODE:1",,,,36.967811895,127.87268487666667,121.857,2,0.000225,-0.010588573182175865,-0.0180627418681258,-0.02110699423624679,0.9995579594343101,-0.010978120995044333,0.019565140914856435,-0.05005604294719737,-0.21574629999999997,-0.38245935,10.463695549999999
1786689727.222379,31.736,0.0,4.0,0,0,,,,,,,,,,,,,,,,,,,,,,,,,,,0,9.942065238952637,6,0,True,True,False,"A:1,B:1,ESTOP:0,MODE:1",,,,36.967811895,127.87268487666667,121.857,2,0.000225,-0.010789446977980103,-0.019031836980203436,-0.022349534746250333,0.9995108180063357,-0.01085594794740473,-0.05398303376418461,-0.042481313993541985,0.50013915,-0.6276256,9.4339973
1786689727.272514,31.787,0.0,3.0,0,0,,,,,,,,,,,,,,,,,,,,,,,,,,,0,10.065202713012695,5,0,True,True,False,"A:1,B:1,ESTOP:0,MODE:1",,,,36.967811895,127.87268487666667,121.857,2,0.000225,-0.010341066585539006,-0.020208756701443023,-0.02348504279484514,0.9994664182749612,0.02464404903815993,-0.011449359893082803,-0.04483750848373433,0.57859235,0.8825985,9.8851032
1786689727.322353,31.836,0.0,2.0,0,0,,,,,,,,,,,,,,,,,,,,,,,,,,,0,10.311274528503418,4,0,True,True,False,"A:1,B:1,ESTOP:0,MODE:1",,,,36.96781025,127.87268452166667,121.862,2,0.000225,-0.008997824028561828,-0.020608357189772636,-0.024306369782048493,0.9994516172205176,0.03316125578789226,0.011728612573401895,-0.02204350845268838,-0.7060787999999999,0.6864655000000001,9.924329799999999
1786689727.372372,31.886,0.0,1.0,0,0,,,,,,,,,,,,,,,,,,,,,,,,,,,0,10.26198673248291,3,0,True,True,False,"A:1,B:1,ESTOP:0,MODE:1",,,,36.96781025,127.87268452166667,121.862,2,0.000225,-0.009266372781962847,-0.020877345353234385,-0.0247412515494833,0.999432909833488,-0.0037175513067479217,-0.020804324683772406,0.0038222710618675817,0.48052585,-0.46091255,9.757616749999999
1786689727.422364,31.936,0.0,1.0,0,0,,,,,,,,,,,,,,,,,,,,,,,,,,,0,10.195724487304688,2,0,True,True,False,"A:1,B:1,ESTOP:0,MODE:1",,,,36.96781025,127.87268452166667,121.862,2,0.000225,-0.009837904711471971,-0.020326772598461263,-0.02518466601968859,0.9994277215207188,-0.003892084231947355,0.030368728984701335,-0.019687313962496036,0.4707192,-0.61781895,10.0223963
1786689727.472382,31.987,0.0,1.0,0,0,,,,,,,,,,,,,,,,,,,,,,,,,,,0,10.321972846984863,1,0,True,True,False,"A:1,B:1,ESTOP:0,MODE:1",,,,36.96781025,127.87268452166667,121.862,2,0.000225,-0.009899853302995585,-0.01960481902800919,-0.025685584260533734,0.9994287842245955,0.002548180707911721,-0.002373647782712288,-0.032480577379614475,0.5295591,0.9120184499999999,9.5320638
1786689727.522380,32.036,0.0,1.0,0,0,,,,,,,,,,,,,,,,,,,,,,,,,,,0,10.18698501586914,0,0,True,True,False,"A:1,B:1,ESTOP:0,MODE:1",,,,36.967808608333335,127.87268455833333,121.86500000000001,2,0.000225,-0.010365912269409638,-0.01939202269201762,-0.025701662782429458,0.9994277972164639,0.004345869837465881,-0.010506882097005864,0.0047298422729046335,-0.17651969999999997,-1.6867437999999997,9.62032365
1786689727.572350,32.086,0.0,3.0,0,0,,,,,,,,,,,,,,,,,,,,,,,,,,,0,10.041945457458496,0,0,True,True,False,"A:1,B:1,ESTOP:0,MODE:1",,,,36.967808608333335,127.87268455833333,121.86500000000001,2,0.000225,-0.011089365112677597,-0.019355958234904394,-0.02571552584991547,0.999420374313266,-0.006021385919380436,-0.02145009650701031,-0.006318091892219472,1.4808041499999998,-0.28439285,10.0420096
1786689727.622338,32.136,0.0,6.0,0,0,,,,,,,,,,,,,,,,,,,,,,,,,,,0,10.121489524841309,0,0,True,True,False,"A:1,B:1,ESTOP:0,MODE:1",,,,36.967808608333335,127.87268455833333,121.86500000000001,2,0.000225,-0.010991080828926343,-0.019138561845298836,-0.025877197958852783,0.9994214737629485,0.0006632251157578452,0.039950586578150205,0.00947713783832921,0.0392266,0.08825984999999999,10.071429549999998
1786689727.672333,32.186,0.0,6.0,0,0,,,,,,,,,,,,,,,,,,,,,,,,,,,0,10.042108535766602,0,0,True,True,False,"A:1,B:1,ESTOP:0,MODE:1",,,,36.967808608333335,127.87268455833333,121.86500000000001,2,0.000225,-0.01089982417686151,-0.019164928441801014,-0.0260849376774076,0.9994165674918041,-0.045012041408933764,-0.00736528944341607,-0.0030543261909900766,1.5494507,0.2745862,9.394770699999999
1786689727.722383,32.237,0.0,8.0,0,0,,,,,,,,,,,,,,,,,,,,,,,,,,,0,9.835747718811035,1,0,True,True,False,"A:1,B:1,ESTOP:0,MODE:1",,,,36.96780725666667,127.8726843,121.86599999999999,2,0.000225,-0.011644116141384293,-0.01946646752982608,-0.026276837003343254,0.9993973179062948,-0.016179202165987436,-0.02069960492865275,-0.02295107966372543,1.6671305,-0.63743225,10.1793027
1786689727.772437,32.287,0.0,10.0,0,0,,,,,,,,,,,,,,,,,,,,,,,,,,,0,9.944404602050781,1,0,True,True,False,"A:1,B:1,ESTOP:0,MODE:1",,,,36.96780725666667,127.8726843,121.86599999999999,2,0.000225,-0.01151150540964546,-0.01881164448813455,-0.026607723462402165,0.9994026397438642,0.017296212887263806,0.04876449930072157,-0.022375121010567305,-0.7256921,-0.3334261,9.502643849999998
1786689727.822366,32.336,0.0,10.0,0,0,,,,,,,,,,,,,,,,,,,,,,,,,,,0,9.870074272155762,2,0,True,True,False,"A:1,B:1,ESTOP:0,MODE:1",,,,36.96780725666667,127.8726843,121.86599999999999,2,0.000225,-0.011607039764085043,-0.018928284311828417,-0.02688102109397584,0.9993920188724096,-0.004310963252425994,-0.032812189937493394,0.0006283185307179586,0.38245935,-0.7256921,9.34573745
1786689727.872342,32.386,0.0,10.0,0,0,,,,,,,,,,,,,,,,,,,,,,,,,,,0,9.75037956237793,2,0,True,True,False,"A:1,B:1,ESTOP:0,MODE:1",,,,36.96780725666667,127.8726843,121.86599999999999,2,0.000225,-0.011097401955293055,-0.019655811616710085,-0.02705255034378327,0.9993791353932839,-0.036966073557239895,0.03743731245527837,0.014451326206513048,0.8825985,-0.65704555,9.8654899
1786689727.922342,32.436,0.0,10.0,0,0,,,,,,,,,,,,,,,,,,,,,,,,,,,0,9.874183654785156,5,0,True,True,False,"A:1,B:1,ESTOP:0,MODE:1",,,,36.96780599666667,127.87268377333334,121.863,2,0.000225,-0.011277013771341023,-0.019559547945716793,-0.027438822195534368,0.9993684826334489,0.03659955441432109,-0.05096361415823442,-0.035273104182805395,-1.5298374,-1.0296982499999998,9.757616749999999
1786689727.972360,32.486,0.0,10.0,0,0,,,,,,,,,,,,,,,,,,,,,,,,,,,0,9.491910934448242,6,0,True,True,False,"A:1,B:1,ESTOP:0,MODE:1",,,,36.96780599666667,127.87268377333334,121.863,2,0.000225,-0.01133958215918216,-0.02050321706801958,-0.02880921962086302,0.9993102925674057,-0.02588323280707591,0.0021991148575128553,-0.07541567697867498,2.8537351499999994,-0.784532,9.18883105
1786689728.022346,32.536,0.0,10.0,0,0,,,,,,,,,,,,,,,,,,,,,,,,,,,0,9.811938285827637,8,0,True,True,False,"A:1,B:1,ESTOP:0,MODE:1",,,,36.96780599666667,127.87268377333334,121.863,2,0.000225,-0.011309786237995827,-0.01995147424990181,-0.030686392509920293,0.9992659169236353,-0.01944296786721683,-0.02001892652037496,-0.08318239215004974,-0.9218251,0.97085835,10.198916
1786689728.072327,32.586,0.0,10.0,0,0,,,,,,,,,,,,,,,,,,,,,,,,,,,0,9.743690490722656,9,0,True,True,False,"A:1,B:1,ESTOP:0,MODE:1",,,,36.96780599666667,127.87268377333334,121.863,2,0.000225,-0.011932663818086777,-0.020567080523075702,-0.03246606612712299,0.9991899525531626,-0.04316199240181977,-0.03677408733952053,-0.0700226095900125,0.1569064,-0.9512450499999999,9.404577349999999
1786689728.122341,32.636,0.0,10.0,0,0,,,,,,,,,,,,,,,,,,,,,,,,,,,0,9.717381477355957,10,0,True,True,False,"A:1,B:1,ESTOP:0,MODE:1",,,,36.96780450833333,127.87268340666667,121.863,2,0.000225,-0.012694715359007173,-0.021225700347746526,-0.034458894861461184,0.9991000442456341,-0.015638150097869192,0.010506882097005864,-0.10185741514638907,0.14709974999999997,-0.6864655000000001,9.5516771
1786689728.172356,32.686,0.0,10.0,0,0,,,,,,,,,,,,,,,,,,,,,,,,,,,0,9.758060455322266,10,0,True,True,False,"A:1,B:1,ESTOP:0,MODE:1",,,,36.96780450833333,127.87268340666667,121.863,2,0.000225,-0.0129566924317247,-0.020333021605045187,-0.03675597207913518,0.9990333782562805,0.008115781021773632,-0.010681415022205296,-0.09180431865490173,0.00980665,-0.28439285,9.414383999999998
1786689728.222326,32.736,0.0,9.0,0,0,,,,,,,,,,,,,,,,,,,,,,,,,,,0,9.775765419006348,10,0,True,True,False,"A:1,B:1,ESTOP:0,MODE:1",,,,36.96780450833333,127.87268340666667,121.863,2,0.000225,-0.012002965568244135,-0.02222854384588294,-0.039011456640157295,0.9989193795831935,-0.04059635840138811,0.010088003076527224,-0.07888888219014369,1.67693715,1.1571847,9.5320638
1786689728.272368,32.786,0.0,9.0,0,0,,,,,,,,,,,,,,,,,,,,,,,,,,,0,9.46716594696045,10,0,True,True,False,"A:1,B:1,ESTOP:0,MODE:1",,,,36.96780450833333,127.87268340666667,121.863,2,0.000225,-0.012415423814326882,-0.022798875851610317,-0.04116978202584262,0.9988148564971179,0.1041263431739817,-0.02483603525587931,-0.11458086539342774,0.6864655000000001,-2.4810824499999997,11.0030613
1786689728.322435,32.837,0.0,8.0,0,0,,,,,,,,,,,,,,,,,,,,,,,,,,,0,9.549694061279297,10,0,True,True,False,"A:1,B:1,ESTOP:0,MODE:1",,,,36.96780305,127.87268288833333,121.87199999999999,2,0.000225,-0.01164674438090894,-0.02237854112577885,-0.04340476998078473,0.9987389950258889,-0.054087753519304275,0.05312782243070739,-0.08689994345679768,0.6962721499999999,0.6864655000000001,9.953749749999998
1786689728.372355,32.886,0.0,6.0,0,0,,,,,,,,,,,,,,,,,,,,,,,,,,,0,9.407655715942383,10,0,True,True,False,"A:1,B:1,ESTOP:0,MODE:1",,,,36.96780305,127.87268288833333,121.87199999999999,2,0.000225,-0.011776523848986338,-0.021325071343780894,-0.045811636924587514,0.9986530171889066,0.06344271830999387,0.0559901624039781,-0.10040879186723378,-0.32361945,-1.9809433,7.7472535
1786689728.422369,32.936,0.0,5.0,0,0,,,,,,,,,,,,,,,,,,,,,,,,,,,0,9.595479965209961,10,0,True,True,False,"A:1,B:1,ESTOP:0,MODE:1",,,,36.96780305,127.87268288833333,121.87199999999999,2,0.000225,-0.011024582935975937,-0.021841837643850802,-0.04822106775098425,0.9985369904637396,-0.07436847942747839,-0.12805480721882395,-0.07520623746843566,-0.34323275000000003,0.53936575,9.296704199999999
1786689728.472362,32.986,0.0,4.0,0,0,,,,,,,,,,,,,,,,,,,,,,,,,,,0,9.3084135055542,10,0,True,True,False,"A:1,B:1,ESTOP:0,MODE:1",,,,36.96780305,127.87268288833333,121.87199999999999,2,0.000225,-0.011472440064966437,-0.022899580010263994,-0.050277691170166165,0.9984068039255876,0.11801916401985656,0.1291543646475804,-0.0538957673015849,1.36312435,-1.7357770499999998,11.748366699999998
1786689728.522349,33.036,0.0,4.0,0,0,,,,,,,,,,,,,,,,,,,,,,,,,,,0,9.417839050292969,10,0,True,True,False,"A:1,B:1,ESTOP:0,MODE:1",,,,36.967801703333336,127.8726822,121.88499999999999,2,0.000225,-0.00991158413971126,-0.02177735952415289,-0.05168845335370539,0.9983765877172295,0.04773475504204491,0.07080800775340995,-0.10075785771763264,-0.65704555,-0.4707192,9.414383999999998
1786689728.572323,33.086,0.0,3.0,0,0,,,,,,,,,,,,,,,,,,,,,,,,,,,0,9.495223999023438,9,0,True,True,False,"A:1,B:1,ESTOP:0,MODE:1",,,,36.967801703333336,127.8726822,121.88499999999999,2,0.000225,-0.008774696822573166,-0.02139559328890896,-0.05329847188571434,0.9983108264354019,0.05907939518000805,0.07600908892435305,-0.06998770300497262,1.7946169499999998,2.06920315,9.14960445
1786689728.622384,33.137,0.0,3.0,0,0,,,,,,,,,,,,,,,,,,,,,,,,,,,0,9.478876113891602,8,0,True,True,False,"A:1,B:1,ESTOP:0,MODE:1",,,,36.967801703333336,127.8726822,121.88499999999999,2,0.000225,-0.009045390770634544,-0.02089637444484444,-0.054938679813924744,0.9982300656167248,-0.03832743037379548,-0.04162610266006476,-0.057630771900852765,0.77472535,0.0588399,10.404855649999998
1786689728.672378,33.186,0.0,3.0,0,0,,,,,,,,,,,,,,,,,,,,,,,,,,,0,9.460911750793457,6,0,True,True,False,"A:1,B:1,ESTOP:0,MODE:1",,,,36.967801703333336,127.8726822,121.88499999999999,2,0.000225,-0.009191635473622216,-0.020403635161718198,-0.05653245871692048,0.9981499319345402,-0.03459242577452761,0.045884706034930924,-0.05895722213236845,0.44129925,-0.24516625,9.492837199999999
1786689728.722363,33.236,0.0,3.0,0,0,,,,,,,,,,,,,,,,,,,,,,,,,,,0,9.311722755432129,5,0,True,True,False,"A:1,B:1,ESTOP:0,MODE:1",,,,36.96780032833333,127.87268162166667,121.89699999999999,2,0.000225,-0.011199965034808981,-0.020355358741723166,-0.05787995611903889,0.9980531703438315,0.01541125729510993,-0.04131194339470578,-0.041870448755343966,0.48052585,-1.36312435,9.9439431
1786689728.772356,33.286,0.0,2.0,0,0,,,,,,,,,,,,,,,,,,,,,,,,,,,0,9.502108573913574,4,0,True,True,False,"A:1,B:1,ESTOP:0,MODE:1",,,,36.96780032833333,127.87268162166667,121.89699999999999,2,0.000225,-0.010513872379258656,-0.020021415281748545,-0.05857730187598799,0.9980267036120015,0.04258603374866164,0.010297442586766544,-0.02981022362406315,-0.4707192,0.38245935,10.189109349999999
1786689728.822346,33.336,0.0,1.0,0,0,,,,,,,,,,,,,,,,,,,,,,,,,,,0,9.563691139221191,2,0,True,True,False,"A:1,B:1,ESTOP:0,MODE:1",,,,36.96780032833333,127.87268162166667,121.89699999999999,2,0.000225,-0.010215963128408813,-0.019477434593129644,-0.05880265319943825,0.9980273100550585,0.014241886696273728,0.054646258879942455,0.007051130178057092,0.6276256,0.6080123,9.826263299999999
1786689728.872360,33.386,0.0,1.0,0,0,,,,,,,,,,,,,,,,,,,,,,,,,,,0,9.920702934265137,2,0,True,True,False,"A:1,B:1,ESTOP:0,MODE:1",,,,36.967798505,127.872681495,121.90799999999999,2,9.0,-0.010001069571628792,-0.01814268712338779,-0.058954979814179354,0.9980456562034004,-0.0028099800957108708,0.05260422365510909,-0.020682151636132805,-1.57887065,0.6668522,9.07115125
1786689728.922333,33.436,0.0,1.0,0,0,,,,,,,,,,,,,,,,,,,,,,,,,,,0,9.806852340698242,2,0,True,True,False,"A:1,B:1,ESTOP:0,MODE:1",,,,36.967798505,127.872681495,121.90799999999999,2,9.0,-0.011012494412533649,-0.017919883848109486,-0.059546749148567155,0.9980039014931364,-0.03466223894460738,0.006544984694978736,-0.05567600313861911,0.9218251,-0.5197524499999999,9.953749749999998
1786689728.972403,33.487,0.0,1.0,0,0,,,,,,,,,,,,,,,,,,,,,,,,,,,0,9.85939884185791,2,0,True,True,False,"A:1,B:1,ESTOP:0,MODE:1",,,,36.967798505,127.872681495,121.90799999999999,2,9.0,-0.011784790243411582,-0.017689171601343086,-0.060473259397049894,0.9979434837829615,0.01679006740418545,0.09063494805606552,-0.052778756580308527,0.06864655,-0.0980665,9.9439431
1786689729.022363,33.536,0.0,1.0,0,0,,,,,,,,,,,,,,,,,,,,,,,,,,,0,9.69631576538086,2,0,True,True,False,"A:1,B:1,ESTOP:0,MODE:1",,,,36.967798505,127.872681495,121.90799999999999,2,9.0,-0.011839609666383722,-0.017250776349190245,-0.061097385606203036,0.9979124930726063,-0.04183554217030407,-0.0627620399017161,-0.009232791743050004,0.8041453,-1.0395048999999998,9.316317499999998
1786689729.072333,33.586,0.0,1.0,0,0,,,,,,,,,,,,,,,,,,,,,,,,,,,0,9.80782699584961,2,0,True,True,False,"A:1,B:1,ESTOP:0,MODE:1",,,,36.967798505,127.872681495,121.90799999999999,2,9.0,-0.01194441006461121,-0.016044622544434117,-0.061288898447404275,0.9979196220551628,0.00027925268031909274,-0.01350884841043611,-0.004782202150464463,-0.12748644999999997,0.18632634999999997,10.2577559
1786689729.122372,33.636,0.0,1.0,0,0,,,,,,,,,,,,,,,,,,,,,,,,,,,0,9.699974060058594,2,0,True,True,False,"A:1,B:1,ESTOP:0,MODE:1",,,,36.9677969,127.87268148,121.911,2,9.0,-0.011711886136057921,-0.015777678988717254,-0.06142202737058995,0.9979184491342724,0.01864011641129944,0.019216075064457567,-0.018133970928221083,1.3140911,0.02941995,9.4536106
1786689729.172367,33.686,0.0,1.0,0,0,,,,,,,,,,,,,,,,,,,,,,,,,,,0,9.82266616821289,2,0,True,True,False,"A:1,B:1,ESTOP:0,MODE:1",,,,36.9677969,127.87268148,121.911,2,9.0,-0.010460668627422145,-0.015203146109539777,-0.06188489899059198,0.9979126705464578,-0.013753194505715317,-0.04132939668722572,-0.02054252529597326,-0.4903325,-0.0392266,9.44380395
1786689729.222373,33.736,0.0,1.0,0,0,,,,,,,,,,,,,,,,,,,,,,,,,,,0,9.790027618408203,2,0,True,True,False,"A:1,B:1,ESTOP:0,MODE:1",,,,36.9677969,127.87268148,121.911,2,9.0,-0.010932565766532305,-0.015893639618865484,-0.06248115466723282,0.9978596978217305,-0.008464846872172497,-0.008656833089891874,-0.031939525311496235,0.20593965,-0.6080123,9.953749749999998
1786689729.272355,33.786,0.0,1.0,0,0,,,,,,,,,,,,,,,,,,,,,,,,,,,0,9.829854965209961,2,0,True,True,False,"A:1,B:1,ESTOP:0,MODE:1",,,,36.9677969,127.87268148,121.911,2,9.0,-0.01061022449078794,-0.015768743796835235,-0.06301471349382937,0.9978316069050004,0.0033161255787892262,0.015341444125030157,-0.0205599785884932,-0.16671305,-0.392266,9.502643849999998
1786689729.322317,33.836,0.0,1.0,0,0,,,,,,,,,,,,,,,,,,,,,,,,,,,0,9.805075645446777,2,0,True,True,False,"A:1,B:1,ESTOP:0,MODE:1",,,,36.96779585666667,127.8726804,121.941,2,9.0,-0.010727963505846514,-0.01574942392732467,-0.06333860854852795,0.9978101458254024,-0.023945917337362205,-0.009337511498169663,-0.0043982297150257105,0.2745862,-0.43149259999999995,9.473223899999999
1786689729.372324,33.886,0.0,1.0,0,0,,,,,,,,,,,,,,,,,,,,,,,,,,,0,9.92033863067627,2,0,True,True,False,"A:1,B:1,ESTOP:0,MODE:1",,,,36.96779585666667,127.8726804,121.941,2,9.0,-0.010124912762946189,-0.015802082861381406,-0.0636687086832409,0.9977946060454492,-0.040020399748229976,-0.03447025272688801,-0.026668630970473357,0.24516625,0.7453053999999999,9.669356899999999
1786689729.422345,33.936,0.0,1.0,0,0,,,,,,,,,,,,,,,,,,,,,,,,,,,0,9.773211479187012,2,0,True,True,False,"A:1,B:1,ESTOP:0,MODE:1",,,,36.96779585666667,127.8726804,121.941,2,9.0,-0.010606452603435615,-0.016053598770900148,-0.0643313508744261,0.9977430843781105,0.03361504139341079,0.03513347784264585,-0.03298672286269283,0.6080123,-1.12776475,10.071429549999998
1786689729.472360,33.986,0.0,1.0,0,0,,,,,,,,,,,,,,,,,,,,,,,,,,,0,9.992196083068848,2,0,True,True,False,"A:1,B:1,ESTOP:0,MODE:1",,,,36.96779585666667,127.8726804,121.941,2,9.0,-0.010094740446746079,-0.01562401879541678,-0.06519041769753241,0.9976994515847017,-0.008080874436733746,3.490658503988659e-05,-0.030560715202420707,-1.08853815,0.0392266,9.71839015
1786689729.522353,34.036,0.0,1.0,0,0,,,,,,,,,,,,,,,,,,,,,,,,,,,0,9.902238845825195,2,0,True,True,False,"A:1,B:1,ESTOP:0,MODE:1",,,,36.967793916666665,127.87268029666667,121.959,2,9.0,-0.010309230467989063,-0.01554312326682969,-0.06580263518397238,0.997658330436385,-0.005811946409141118,0.011728612573401895,-0.02717477645355171,0.7649187,-0.38245935,9.316317499999998
1786689729.572344,34.086,0.0,1.0,0,0,,,,,,,,,,,,,,,,,,,,,,,,,,,0,10.041184425354004,2,0,True,True,False,"A:1,B:1,ESTOP:0,MODE:1",,,,36.967793916666665,127.87268029666667,121.959,2,9.0,-0.010077744324917051,-0.015379792672958475,-0.06620690561620562,0.9976364802348525,0.007086036763096978,0.01345648853287628,-0.0006108652381980154,0.24516625,0.9512450499999999,10.110656149999999
1786689729.622378,34.136,0.0,1.0,0,0,,,,,,,,,,,,,,,,,,,,,,,,,,,0,9.98745346069336,2,0,True,True,False,"A:1,B:1,ESTOP:0,MODE:1",,,,36.967793916666665,127.87268029666667,121.959,2,9.0,-0.010261652180823,-0.015592847224811189,-0.06643765066307779,0.9976159582646591,0.014433872913993104,0.009826203688728075,-0.015376350710070043,0.5982056499999999,-0.30400615,9.826263299999999
1786689729.672343,34.186,0.0,1.0,0,0,,,,,,,,,,,,,,,,,,,,,,,,,,,0,9.967185974121094,2,0,True,True,False,"A:1,B:1,ESTOP:0,MODE:1",,,,36.967793916666665,127.87268029666667,121.959,2,9.0,-0.010042933823692573,-0.01532247380408589,-0.06699804775032339,0.9975848950712823,-0.030962140930379408,0.011693705988362009,-0.0051836278784231585,0.34323275000000003,-0.29419949999999995,9.610517
1786689729.722339,34.236,0.0,1.0,0,0,,,,,,,,,,,,,,,,,,,,,,,,,,,0,9.905696868896484,2,0,True,True,False,"A:1,B:1,ESTOP:0,MODE:1",,,,36.96779226333334,127.87268049166667,121.97300000000001,2,9.0,-0.010111245819153966,-0.013448706789491506,-0.06769085233961848,0.997564455813864,0.014521139376592822,0.03209660494417572,-0.03581415625092364,0.55897905,-0.37265269999999995,9.953749749999998
1786689729.772335,34.286,0.0,1.0,0,0,,,,,,,,,,,,,,,,,,,,,,,,,,,0,9.931818962097168,2,0,True,True,False,"A:1,B:1,ESTOP:0,MODE:1",,,,36.96779226333334,127.87268049166667,121.97300000000001,2,9.0,-0.010507311567321492,-0.013617207373757337,-0.0682982705100253,0.9975166737014007,0.0025132741228718345,0.0018849555921538759,-0.03549999698556466,0.34323275000000003,0.1372931,9.571290399999999
1786689729.822373,34.336,0.0,1.0,0,0,,,,,,,,,,,,,,,,,,,,,,,,,,,0,9.656065940856934,2,0,True,True,False,"A:1,B:1,ESTOP:0,MODE:1",,,,36.96779226333334,127.87268049166667,121.97300000000001,2,9.0,-0.01072897552549414,-0.013693791752716176,-0.06875461217835281,0.9974819158540223,0.039636427312791225,0.036564647829281205,-0.008569566627292158,1.22583125,-1.4808041499999998,10.365629049999999
1786689729.872373,34.386,0.0,1.0,0,0,,,,,,,,,,,,,,,,,,,,,,,,,,,0,9.706636428833008,2,0,True,True,False,"A:1,B:1,ESTOP:0,MODE:1",,,,36.96779226333334,127.87268049166667,121.97300000000001,2,9.0,-0.009913562364447232,-0.01379730864366928,-0.06931815225532963,0.9974499232158697,0.00958185759344887,-0.02504547476611863,-0.027314402793711258,0.44129925,0.45110589999999995,9.99297635
1786689729.922339,34.436,0.0,1.0,0,0,,,,,,,,,,,,,,,,,,,,,,,,,,,0,9.754703521728516,2,0,True,True,False,"A:1,B:1,ESTOP:0,MODE:1",,,,36.96779111166666,127.87268004333333,121.97999999999999,2,9.0,-0.009024055535227189,-0.01494706019486242,-0.0699823790039857,0.9973954172955533,0.01546361717266976,-0.001064650843716541,-0.04359832471481836,0.5883989999999999,0.6276256,9.286897549999999
1786689729.972340,34.486,0.0,1.0,0,0,,,,,,,,,,,,,,,,,,,,,,,,,,,0,9.763601303100586,2,0,True,True,False,"A:1,B:1,ESTOP:0,MODE:1",,,,36.96779111166666,127.87268004333333,121.97999999999999,2,9.0,-0.009104219350523426,-0.01519872061623406,-0.07062033544615447,0.9973459180761306,-0.020158552860534508,0.002530727415391778,-0.017400932642383467,0.4707192,0.0980665,10.09104285
1786689730.022328,34.536,0.0,1.0,0,0,,,,,,,,,,,,,,,,,,,,,,,,,,,0,9.818108558654785,2,0,True,True,False,"A:1,B:1,ESTOP:0,MODE:1",,,,36.96779111166666,127.87268004333333,121.97999999999999,2,9.0,-0.009827788296919906,-0.015500020194486574,-0.07132975121264402,0.9972839267445874,0.008412486994612669,-0.004049163864626845,-0.03890338902695361,0.30400615,0.2745862,9.9831697
1786689730.072336,34.586,0.0,0.0,0,0,,,,,,,,,,,,,,,,,,,,,,,,,,,0,9.670353889465332,2,0,True,True,False,"A:1,B:1,ESTOP:0,MODE:1",,,,36.96779111166666,127.87268004333333,121.97999999999999,2,9.0,-0.00910486095486046,-0.01597410065269786,-0.07210395428660756,0.9972276316827393,0.003909537524467298,-0.0021642082724729686,-0.030473448739820993,0.43149259999999995,-1.2944778,10.012589649999999
1786689730.122346,34.636,0.0,-1.0,0,0,,,,,,,,,,,,,,,,,,,,,,,,,,,0,9.499249458312988,2,0,True,True,False,"A:1,B:1,ESTOP:0,MODE:1",,,,36.96778974833333,127.87267972166667,121.99099999999999,1,0.0056250000000000015,-0.009233495227065463,-0.016369985210482864,-0.07284781522420165,0.9971659651066923,-0.0291469985083053,-0.035430183815484885,-0.030752701420140086,1.4219642499999998,-0.35303939999999995,10.0420096
1786689730.172373,34.686,0.0,-2.0,0,0,,,,,,,,,,,,,,,,,,,,,,,,,,,0,9.54344367980957,2,0,True,True,False,"A:1,B:1,ESTOP:0,MODE:1",,,,36.96778974833333,127.87267972166667,121.99099999999999,1,0.0056250000000000015,-0.009215675536074684,-0.015631632547295077,-0.07343497355333227,0.997134909652421,-0.0010297442586766543,-0.00476474885794452,-0.020210912738094333,0.0588399,-0.06864655,9.63993695
1786689730.222342,34.736,0.0,-2.0,0,0,,,,,,,,,,,,,,,,,,,,,,,,,,,0,9.644552230834961,0,0,True,True,False,"A:1,B:1,ESTOP:0,MODE:1",,,,36.96778974833333,127.87267972166667,121.99099999999999,1,0.0056250000000000015,-0.008184635264772947,-0.015224146404845297,-0.07372970337662271,0.9971284611081069,-0.021013764194011728,0.012932889757277981,0.006789330790257942,0.0392266,0.43149259999999995,9.610517
1786689730.272321,34.786,0.0,-2.0,0,0,,,,,,,,,,,,,,,,,,,,,,,,,,,0,9.467623710632324,-1,0,True,True,False,"A:1,B:1,ESTOP:0,MODE:1",,,,36.96778834333333,127.87267935666667,122.00200000000001,1,0.0056250000000000015,-0.008400314541503836,-0.015504529524736663,-0.07389104376533534,0.9971104040832638,-0.052935836212988016,-0.012688543661998775,-0.02956587752878394,1.1767979999999998,-0.63743225,9.80665
1786689730.322359,34.836,0.0,-2.0,0,0,,,,,,,,,,,,,,,,,,,,,,,,,,,0,9.462947845458984,-3,0,True,True,False,"A:1,B:1,ESTOP:0,MODE:1",,,,36.96778834333333,127.87267935666667,122.00200000000001,1,0.0056250000000000015,-0.008410266206980457,-0.015494155731186935,-0.07401294586438335,0.9971014403785512,0.011414453308042916,0.012636183784438945,0.007155849933176751,-0.18632634999999997,-0.7649187,9.77723005
1786689730.372336,34.886,0.0,-2.0,0,0,,,,,,,,,,,,,,,,,,,,,,,,,,,0,9.32913589477539,-3,0,True,True,False,"A:1,B:1,ESTOP:0,MODE:1",,,,36.96778834333333,127.87267935666667,122.00200000000001,1,0.0056250000000000015,-0.008088966274247227,-0.015072396374106735,-0.07391890098537311,0.9971175394953549,-0.003193952531149623,0.014172073526193957,0.0038746309394274117,1.2846711499999999,-0.14709974999999997,10.149882749999998
1786689730.422321,34.936,0.0,-2.0,0,0,,,,,,,,,,,,,,,,,,,,,,,,,,,0,9.482789993286133,-3,0,True,True,False,"A:1,B:1,ESTOP:0,MODE:1",,,,36.96778834333333,127.87267935666667,122.00200000000001,1,0.0056250000000000015,-0.007807663267857997,-0.014667347541039533,-0.07349515935397122,0.9971571445173225,0.01207767842380076,-0.006265732014659643,0.02179916235740918,-0.55897905,0.20593965,9.394770699999999
1786689730.472315,34.986,0.0,-2.0,0,0,,,,,,,,,,,,,,,,,,,,,,,,,,,0,9.50792407989502,-3,0,True,True,False,"A:1,B:1,ESTOP:0,MODE:1",,,,36.96778689333333,127.872679115,122.012,1,0.0056250000000000015,-0.007632229319655871,-0.015365997224473796,-0.072990876762755,0.9971850215051938,-0.02546435378659727,-0.014364059743913332,0.026022859147235455,0.6864655000000001,0.5099457999999999,10.1204628
1786689730.522391,35.037,0.0,-2.0,0,0,,,,,,,,,,,,,,,,,,,,,,,,,,,0,9.461187362670898,-3,0,True,True,False,"A:1,B:1,ESTOP:0,MODE:1",,,,36.96778689333333,127.872679115,122.012,1,0.0056250000000000015,-0.008239886313353862,-0.015612513622246936,-0.07267970303350145,0.9971990846660961,0.02895501229058593,0.009215338450530061,-0.0019198621771937625,0.21574629999999997,-0.63743225,9.60071035
1786689730.572336,35.086,0.0,-2.0,0,0,,,,,,,,,,,,,,,,,,,,,,,,,,,0,9.467376708984375,-3,0,True,True,False,"A:1,B:1,ESTOP:0,MODE:1",,,,36.96778689333333,127.872679115,122.012,1,0.0056250000000000015,-0.007931997247589678,-0.015468732312739106,-0.07267413849716668,0.9972042274950481,-0.008918632477691025,0.006370451769779303,-0.001954768762233649,0.16671305,-0.2353596,9.561483749999999
1786689730.622338,35.136,0.0,-2.0,0,0,,,,,,,,,,,,,,,,,,,,,,,,,,,0,9.427518844604492,-3,0,True,True,False,"A:1,B:1,ESTOP:0,MODE:1",,,,36.96778689333333,127.872679115,122.012,1,0.0056250000000000015,-0.008705643389870989,-0.015299278597148764,-0.0725985171976691,0.9972058960657397,0.035203291012725624,0.01556833692778942,0.018779742751458987,1.0493115499999999,0.34323275000000003,10.24794925
1786689730.672334,35.186,0.0,-2.0,0,0,,,,,,,,,,,,,,,,,,,,,,,,,,,0,9.411893844604492,-3,0,True,True,False,"A:1,B:1,ESTOP:0,MODE:1",,,,36.96778526,127.872678655,122.023,2,9.0,-0.008005766204130817,-0.015397035000459915,-0.07214424261331813,0.9972432237315179,0.0021991148575128553,0.04904375198104066,0.026022859147235455,0.44129925,-0.10787314999999999,9.63993695
1786689730.722326,35.236,0.0,-2.0,0,0,,,,,,,,,,,,,,,,,,,,,,,,,,,0,9.491512298583984,-3,0,True,True,False,"A:1,B:1,ESTOP:0,MODE:1",,,,36.96778526,127.872678655,122.023,2,9.0,-0.007874443179653088,-0.0153746129193584,-0.07168962313820851,0.9972773999026009,-0.009616764178488757,-0.014451326206513048,0.026145032194875056,0.37265269999999995,0.5982056499999999,9.894909849999998
1786689730.772342,35.286,0.0,-2.0,0,0,,,,,,,,,,,,,,,,,,,,,,,,,,,0,9.428926467895508,-3,0,True,True,False,"A:1,B:1,ESTOP:0,MODE:1",,,,36.96778526,127.872678655,122.023,2,9.0,-0.007924898336556678,-0.015748209887340534,-0.07153547912680067,0.9972822394376623,-0.0056199601914217415,-0.0472460628514865,0.016249015336067207,0.37265269999999995,-0.5883989999999999,9.81645665
1786689730.822344,35.336,0.0,-2.0,0,0,,,,,,,,,,,,,,,,,,,,,,,,,,,0,9.249922752380371,-3,0,True,True,False,"A:1,B:1,ESTOP:0,MODE:1",,,,36.96778526,127.872678655,122.023,2,9.0,-0.007994805849279935,-0.01588357727735425,-0.07147631021494998,0.9972837771318467,-0.0055152404363020815,0.015323990832510213,0.010088003076527224,1.5984839499999999,-0.22555294999999997,10.032202949999999
1786689730.872369,35.386,0.0,-2.0,0,0,,,,,,,,,,,,,,,,,,,,,,,,,,,0,9.348679542541504,-3,0,True,True,False,"A:1,B:1,ESTOP:0,MODE:1",,,,36.96778526,127.872678655,122.023,2,9.0,-0.007533210793502243,-0.014596709828397527,-0.07131550157894476,0.9973185479233151,0.003543018381548489,0.007400196028455957,0.02007128639793479,-0.784532,-0.4903325,9.4536106
1786689730.922337,35.436,0.0,-3.0,0,0,,,,,,,,,,,,,,,,,,,,,,,,,,,0,9.158286094665527,-3,0,True,True,False,"A:1,B:1,ESTOP:0,MODE:1",,,,36.967783585,127.87267814333333,122.03399999999999,1,0.0056250000000000015,-0.007999920089590724,-0.014705421475776474,-0.0710184452075544,0.9973345137405409,-0.01403244718603441,0.008185594191853406,0.02075196480621258,1.6475172,-0.24516625,10.1400761
1786689730.972358,35.486,0.0,-3.0,0,0,,,,,,,,,,,,,,,,,,,,,,,,,,,0,9.249890327453613,-3,0,True,True,False,"A:1,B:1,ESTOP:0,MODE:1",,,,36.967783585,127.87267814333333,122.03399999999999,1,0.0056250000000000015,-0.0079469395036561,-0.014659420980611201,-0.07062584168562235,0.9973634934241556,0.007086036763096978,0.00486946861306418,0.018465583486100008,-0.16671305,0.10787314999999999,10.002782999999999
1786689731.022342,35.536,0.0,-3.0,0,0,,,,,,,,,,,,,,,,,,,,,,,,,,,0,9.205147743225098,-3,0,True,True,False,"A:1,B:1,ESTOP:0,MODE:1",,,,36.967783585,127.87267814333333,122.03399999999999,1,0.0056250000000000015,-0.007377175196991909,-0.01570772182956517,-0.07029960660707005,0.9973749596174596,0.012426744274199627,0.05803219762881146,0.018552849948699723,0.8237586,0.06864655,9.610517
1786689731.072325,35.586,0.0,-3.0,0,0,,,,,,,,,,,,,,,,,,,,,,,,,,,0,9.147320747375488,-3,0,True,True,False,"A:1,B:1,ESTOP:0,MODE:1",,,,36.967783585,127.87267814333333,122.03399999999999,1,0.0056250000000000015,-0.007568994045835733,-0.015616664101293639,-0.07011956145683398,0.9973876263682956,0.004241150082346221,-0.01101302758008422,0.0024609142453120045,0.65704555,-0.21574629999999997,9.5516771
1786689731.122419,35.637,0.0,-3.0,0,0,,,,,,,,,,,,,,,,,,,,,,,,,,,0,9.132107734680176,-3,0,True,True,False,"A:1,B:1,ESTOP:0,MODE:1",,,,36.967782023333335,127.87267780166667,122.04499999999999,1,0.0056250000000000015,-0.008041894313546929,-0.015663288447305024,-0.06996199356086706,0.9973942594520259,-0.02246238747316702,-0.0385368698840348,0.00027925268031909274,0.8924051499999999,0.3334261,10.100849499999999
1786689731.172385,35.687,0.0,-3.0,0,0,,,,,,,,,,,,,,,,,,,,,,,,,,,0,9.151501655578613,-3,0,True,True,False,"A:1,B:1,ESTOP:0,MODE:1",,,,36.967782023333335,127.87267780166667,122.04499999999999,1,0.0056250000000000015,-0.008388026094282153,-0.01579841876276967,-0.06969845855328832,0.997407727991985,0.003996803987067015,0.016982053621904827,0.006475171524898963,-0.6276256,-0.97085835,9.36535075
1786689731.222330,35.736,0.0,-3.0,0,0,,,,,,,,,,,,,,,,,,,,,,,,,,,0,9.121477127075195,-3,0,True,True,False,"A:1,B:1,ESTOP:0,MODE:1",,,,36.967782023333335,127.87267780166667,122.04499999999999,1,0.0056250000000000015,-0.00847092630921049,-0.016170583368695517,-0.06944931822998993,0.9974184416975503,-0.019460421159736774,0.01111774733520388,0.017278759594743863,0.50013915,-0.20593965,9.894909849999998
1786689731.272370,35.786,0.0,-3.0,0,0,,,,,,,,,,,,,,,,,,,,,,,,,,,0,9.137846946716309,-3,0,True,True,False,"A:1,B:1,ESTOP:0,MODE:1",,,,36.967782023333335,127.87267780166667,122.04499999999999,1,0.0056250000000000015,-0.00851345713737999,-0.01648486764953034,-0.06912962500768671,0.9974351433213309,0.0030543261909900766,-0.034033920413889425,0.006649704450098395,0.20593965,-0.16671305,10.1596894
1786689731.322331,35.836,0.0,-3.0,0,0,,,,,,,,,,,,,,,,,,,,,,,,,,,0,9.189835548400879,-3,0,True,True,False,"A:1,B:1,ESTOP:0,MODE:1",,,,36.967780553333334,127.87267747666667,122.05600000000001,1,0.0056250000000000015,-0.00830703524203482,-0.016352556811274246,-0.06883832754312622,0.9974592080442622,0.06908013179393557,0.10140362954087054,0.02494075501099897,0.21574629999999997,0.16671305,9.7674234
1786689731.372375,35.886,0.0,-3.0,0,0,,,,,,,,,,,,,,,,,,,,,,,,,,,0,9.100720405578613,-3,0,True,True,False,"A:1,B:1,ESTOP:0,MODE:1",,,,36.967780553333334,127.87267747666667,122.05600000000001,1,0.0056250000000000015,-0.007969789174154385,-0.016455856312235825,-0.06864170145231033,0.9974738112227723,-0.0006283185307179586,-0.03553490357060455,0.011519173063162575,0.9610517,-0.17651969999999997,9.7870367
1786689731.422444,35.937,0.0,-3.0,0,0,,,,,,,,,,,,,,,,,,,,,,,,,,,0,9.335487365722656,-3,0,True,True,False,"A:1,B:1,ESTOP:0,MODE:1",,,,36.967780553333334,127.87267747666667,122.05600000000001,1,0.0056250000000000015,-0.007787342073744652,-0.016295589378343966,-0.0683246443085809,0.997499651152994,0.022375121010567305,0.054489179247262966,0.011938052083641215,-0.6080123,0.784532,10.032202949999999
1786689731.472329,35.986,0.0,-3.0,0,0,,,,,,,,,,,,,,,,,,,,,,,,,,,0,9.22300910949707,-3,0,True,True,False,"A:1,B:1,ESTOP:0,MODE:1",,,,36.967780553333334,127.87267747666667,122.05600000000001,1,0.0056250000000000015,-0.008268227305308526,-0.016301565603509722,-0.06778439662986308,0.9975325412985924,-0.00445058959258554,-0.011850785621041499,0.028675759610266836,0.8041453,-0.5295591,9.69877685
1786689731.522336,36.036,0.0,-3.0,0,0,,,,,,,,,,,,,,,,,,,,,,,,,,,0,9.298218727111816,-3,0,True,True,False,"A:1,B:1,ESTOP:0,MODE:1",,,,36.967779048333334,127.87267712833334,122.06700000000001,1,0.0056250000000000015,-0.00783676269895744,-0.015966230732815924,-0.0673840546063054,0.9975685709821661,0.026720990848033185,0.022322761133007473,0.016720254234105676,-0.46091255,-0.3334261,9.4339973
1786689731.572382,36.087,0.0,-3.0,0,0,,,,,,,,,,,,,,,,,,,,,,,,,,,0,9.295306205749512,-3,0,True,True,False,"A:1,B:1,ESTOP:0,MODE:1",,,,36.967779048333334,127.87267712833334,122.06700000000001,1,0.0056250000000000015,-0.007611021303986338,-0.01670010575603893,-0.06714849959180079,0.9975741866272491,0.00471238898038469,-0.03750712562535814,0.008220500776893291,0.29419949999999995,-0.20593965,10.0223963
1786689731.622338,36.136,0.0,-3.0,0,0,,,,,,,,,,,,,,,,,,,,,,,,,,,0,9.364349365234375,-3,0,True,True,False,"A:1,B:1,ESTOP:0,MODE:1",,,,36.967779048333334,127.87267712833334,122.06700000000001,1,0.0056250000000000015,-0.007471532972866244,-0.016509971309398543,-0.0668929543750558,0.9975955742170146,0.004345869837465881,0.04923573819876004,0.01668534764906579,0.12748644999999997,0.21574629999999997,9.99297635
1786689731.672343,36.186,0.0,-3.0,0,0,,,,,,,,,,,,,,,,,,,,,,,,,,,0,9.283973693847656,-3,0,True,True,False,"A:1,B:1,ESTOP:0,MODE:1",,,,36.967779048333334,127.87267712833334,122.06700000000001,1,0.0056250000000000015,-0.007282668728477142,-0.016375808879558716,-0.06659332821421726,0.9976192280911016,-0.026982790235832336,-0.03937462792499207,0.015742869852988853,0.5099457999999999,-0.5491724,9.4339973
1786689731.722345,36.236,0.0,-3.0,0,0,,,,,,,,,,,,,,,,,,,,,,,,,,,0,9.324860572814941,-3,0,True,True,False,"A:1,B:1,ESTOP:0,MODE:1",,,,36.96777681333333,127.872677535,122.078,2,9.0,-0.007437594825793726,-0.01664639975883351,-0.06642294182412652,0.9976249657850915,-0.02345722514680379,-0.017523105690023067,0.022130774915288098,0.10787314999999999,-0.0196133,9.63993695
1786689731.772341,36.286,0.0,-3.0,0,0,,,,,,,,,,,,,,,,,,,,,,,,,,,0,9.31872844696045,-3,0,True,True,False,"A:1,B:1,ESTOP:0,MODE:1",,,,36.96777681333333,127.872677535,122.078,2,9.0,-0.007557493672594528,-0.016892512128499095,-0.06634766399570684,0.997624936940577,0.01001818990644745,-0.03321361566545209,-0.004206243497306334,0.46091255,-0.06864655,10.3362091
1786689731.822321,36.336,0.0,-3.0,0,0,,,,,,,,,,,,,,,,,,,,,,,,,,,0,9.318717002868652,-3,0,True,True,False,"A:1,B:1,ESTOP:0,MODE:1",,,,36.96777681333333,127.872677535,122.078,2,9.0,-0.007436689750716495,-0.016962858453233923,-0.06617179392932125,0.9976363319200151,0.0029321531433504737,0.03214896482173555,0.013892820845874863,-0.12748644999999997,-0.61781895,9.316317499999998
1786689731.872327,36.386,0.0,-3.0,0,0,,,,,,,,,,,,,,,,,,,,,,,,,,,0,9.45199203491211,-3,0,True,True,False,"A:1,B:1,ESTOP:0,MODE:1",,,,36.967775378333336,127.87267728833334,122.089,2,9.0,-0.0064329931281133885,-0.01640131942626686,-0.06587424236752212,0.9976723898720441,0.012985249634837812,0.005497787143782138,-0.0009075712110370514,-0.57859235,-0.00980665,9.62032365
1786689731.922381,36.436,0.0,-3.0,0,0,,,,,,,,,,,,,,,,,,,,,,,,,,,0,9.411852836608887,-3,0,True,True,False,"A:1,B:1,ESTOP:0,MODE:1",,,,36.967775378333336,127.87267728833334,122.089,2,9.0,-0.006655170006027643,-0.016572803959905853,-0.06542589777458548,0.9976976008698664,0.01748819910498318,-0.014713125594312197,0.02314306588144481,0.10787314999999999,-0.7158854499999999,9.914523149999999
1786689731.972363,36.486,0.0,-3.0,0,0,,,,,,,,,,,,,,,,,,,,,,,,,,,0,9.524425506591797,-3,0,True,True,False,"A:1,B:1,ESTOP:0,MODE:1",,,,36.967775378333336,127.87267728833334,122.089,2,9.0,-0.006790110496355093,-0.01605006110535216,-0.06507813758346029,0.9977279819402832,0.0037000980142279784,0.04345869837465881,0.009459684545809267,-0.02941995,0.45110589999999995,9.571290399999999
1786689732.022352,36.536,0.0,-3.0,0,0,,,,,,,,,,,,,,,,,,,,,,,,,,,0,9.504918098449707,-3,0,True,True,False,"A:1,B:1,ESTOP:0,MODE:1",,,,36.967775378333336,127.87267728833334,122.089,2,9.0,-0.007188618078985693,-0.015893767909618262,-0.06494474251450288,0.9977363841874639,-0.015289084247470327,-0.030595621787460597,-0.0026005405854715507,0.00980665,-0.6472389,9.757616749999999
1786689732.072373,36.586,0.0,-3.0,0,0,,,,,,,,,,,,,,,,,,,,,,,,,,,0,9.564399719238281,-3,0,True,True,False,"A:1,B:1,ESTOP:0,MODE:1",,,,36.967775378333336,127.87267728833334,122.089,2,9.0,-0.00802496088072697,-0.01599713666842044,-0.06489787447294068,0.9977314054945695,0.02183406894244906,0.009128071987930343,-0.00022689280275926284,0.18632634999999997,0.22555294999999997,9.81645665
1786689732.122332,36.636,0.0,-3.0,0,0,,,,,,,,,,,,,,,,,,,,,,,,,,,0,9.669942855834961,-3,0,True,True,False,"A:1,B:1,ESTOP:0,MODE:1",,,,36.96777393333333,127.87267703833334,122.1,1,0.0056250000000000015,-0.00798635943610661,-0.015992298327631906,-0.06469700601954671,0.9977448380569371,0.030333822399661446,0.01101302758008422,0.0072954762733362976,-0.6472389,-0.392266,10.002782999999999
1786689732.172337,36.686,0.0,-3.0,0,0,,,,,,,,,,,,,,,,,,,,,,,,,,,0,9.686370849609375,-3,0,True,True,False,"A:1,B:1,ESTOP:0,MODE:1",,,,36.96777393333333,127.87267703833334,122.1,1,0.0056250000000000015,-0.007777345369673512,-0.0156756597519951,-0.06438743970291767,0.9977715390803866,-0.002129301687433082,-0.003682644721708035,-0.009546951008408983,0.0980665,-0.24516625,9.69877685
1786689732.222361,36.736,0.0,-3.0,0,0,,,,,,,,,,,,,,,,,,,,,,,,,,,0,9.918732643127441,-3,0,True,True,False,"A:1,B:1,ESTOP:0,MODE:1",,,,36.96777393333333,127.87267703833334,122.1,1,0.0056250000000000015,-0.007356253217724916,-0.014909068487787681,-0.06408137997625973,0.9978061845647987,0.0063006385996995295,-0.0077492618788548235,-0.01329940890019679,-0.784532,0.6080123,9.63993695
1786689732.272354,36.786,0.0,-3.0,0,0,,,,,,,,,,,,,,,,,,,,,,,,,,,0,10.104425430297852,-3,0,True,True,False,"A:1,B:1,ESTOP:0,MODE:1",,,,36.96777257833333,127.872676865,122.11099999999999,1,0.0056250000000000015,-0.007320311103451877,-0.015087741813013134,-0.0638465581079294,0.9978188162738281,-0.026616271092913524,-0.025324727446437722,0.015533430342749533,-0.18632634999999997,0.8924051499999999,10.1596894
1786689732.322390,36.837,0.0,-3.0,0,0,,,,,,,,,,,,,,,,,,,,,,,,,,,0,10.182873725891113,-3,0,True,True,False,"A:1,B:1,ESTOP:0,MODE:1",,,,36.96777257833333,127.872676865,122.11099999999999,1,0.0056250000000000015,-0.007355222776321083,-0.014981426176517402,-0.06371603727720862,0.9978285043840539,0.023579398194443393,0.004101523742186674,0.008848819307611252,-0.5197524499999999,-0.4118793,9.414383999999998
1786689732.372337,36.886,0.0,-3.0,0,0,,,,,,,,,,,,,,,,,,,,,,,,,,,0,10.203614234924316,-3,0,True,True,False,"A:1,B:1,ESTOP:0,MODE:1",,,,36.96777257833333,127.872676865,122.11099999999999,1,0.0056250000000000015,-0.007358003306977734,-0.014379089323816638,-0.0635392492751511,0.9978486184683039,-0.028309240467348028,0.033178709080412205,0.056112335451617694,-0.45110589999999995,-0.8433718999999998,9.296704199999999
1786689732.422338,36.936,0.0,-3.0,0,0,,,,,,,,,,,,,,,,,,,,,,,,,,,0,10.259669303894043,-3,0,True,True,False,"A:1,B:1,ESTOP:0,MODE:1",,,,36.96777257833333,127.872676865,122.11099999999999,1,0.0056250000000000015,-0.0073621511519576174,-0.014168988599917118,-0.06353834794945928,0.9978516507138346,-0.025865779514555962,0.018727382873899155,0.022130774915288098,-0.32361945,-0.40207265,9.8851032
1786689732.472389,36.987,0.0,-3.0,0,0,,,,,,,,,,,,,,,,,,,,,,,,,,,0,10.330166816711426,-3,0,True,True,False,"A:1,B:1,ESTOP:0,MODE:1",,,,36.96777158,127.87267655,122.12199999999999,1,0.0056250000000000015,-0.007282693116403132,-0.01386764420856069,-0.06359677098670964,0.997852745421458,0.022794000031045945,0.042044981680543395,-0.024015730507441973,-0.12748644999999997,0.0,9.7870367
1786689732.522368,37.036,0.0,-3.0,0,0,,,,,,,,,,,,,,,,,,,,,,,,,,,0,10.463932037353516,-3,0,True,True,False,"A:1,B:1,ESTOP:0,MODE:1",,,,36.96777158,127.87267655,122.12199999999999,1,0.0056250000000000015,-0.006590030538800741,-0.012916200473798892,-0.06338291283182151,0.9978839359483507,0.01551597705022959,0.009302604913129777,-0.01579522973054868,-0.196133,0.5295591,9.875296549999998
1786689732.572353,37.086,0.0,-3.0,0,0,,,,,,,,,,,,,,,,,,,,,,,,,,,0,10.503910064697266,-3,0,True,True,False,"A:1,B:1,ESTOP:0,MODE:1",,,,36.96777158,127.87267655,122.12199999999999,1,0.0056250000000000015,-0.0074163431879328764,-0.011938836310377444,-0.06310162440463796,0.9979081355709897,-0.026302111827554545,0.004921828490624009,0.029426251188624394,0.22555294999999997,0.22555294999999997,9.914523149999999
1786689732.622350,37.136,0.0,-3.0,0,0,,,,,,,,,,,,,,,,,,,,,,,,,,,0,10.563440322875977,-3,0,True,True,False,"A:1,B:1,ESTOP:0,MODE:1",,,,36.96777158,127.87267655,122.12199999999999,1,0.0056250000000000015,-0.007488875347939891,-0.011612460273511458,-0.0628482990629365,0.9979274316388517,-0.017400932642383467,0.018709929581379212,0.0029670597283903604,-0.61781895,-0.6962721499999999,9.7870367
1786689732.672487,37.187,0.0,-3.0,0,0,,,,,,,,,,,,,,,,,,,,,,,,,,,0,10.743690490722656,-3,0,True,True,False,"A:1,B:1,ESTOP:0,MODE:1",,,,36.96777058833333,127.87267646166667,122.13300000000001,1,0.0056250000000000015,-0.007370157010082258,-0.011112777101669634,-0.06285300595677082,0.9979337085262394,0.015114551322270894,-0.0013439035240356337,0.006021385919380436,-0.4707192,0.63743225,9.80665
1786689732.722338,37.236,0.0,-3.0,0,0,,,,,,,,,,,,,,,,,,,,,,,,,,,0,10.668699264526367,-3,0,True,True,False,"A:1,B:1,ESTOP:0,MODE:1",,,,36.96777058833333,127.87267646166667,122.13300000000001,1,0.0056250000000000015,-0.006987148221643648,-0.010193683501491647,-0.06267864463180438,0.9979572416108418,-0.015062191444711064,0.010733774899765127,0.011135200627723822,-0.25497289999999995,-1.4415775499999999,9.659550249999999
1786689732.772404,37.287,0.0,-3.0,0,0,,,,,,,,,,,,,,,,,,,,,,,,,,,0,10.791543006896973,-3,0,True,True,False,"A:1,B:1,ESTOP:0,MODE:1",,,,36.96777058833333,127.87267646166667,122.13300000000001,1,0.0056250000000000015,-0.006683821955547977,-0.0098465782190618,-0.06249964126577454,0.9979740308560598,-0.022671826983406338,-0.013945180723434694,0.011292280260403312,-0.6276256,-0.0980665,10.051816249999998
1786689732.822349,37.336,0.0,-3.0,0,0,,,,,,,,,,,,,,,,,,,,,,,,,,,0,10.73889446258545,-3,0,True,True,False,"A:1,B:1,ESTOP:0,MODE:1",,,,36.96777058833333,127.87267646166667,122.13300000000001,1,0.0056250000000000015,-0.006775945212175984,-0.009937573831263332,-0.06240522839979055,0.9979784159295227,0.09386380717225505,0.04134684997974567,-0.0029321531433504737,0.44129925,-0.28439285,10.198916
1786689732.872334,37.386,0.0,-3.0,0,0,,,,,,,,,,,,,,,,,,,,,,,,,,,0,10.813955307006836,-3,0,True,True,False,"A:1,B:1,ESTOP:0,MODE:1",,,,36.967769868333335,127.87267642833334,122.144,1,0.0056250000000000015,-0.0066129632421151946,-0.009711859400059614,-0.062376366735452944,0.9979835356242287,0.0541401133968641,0.03499385150248631,-0.0064053583548191895,-0.6668522,-0.6276256,10.0616229
1786689732.922342,37.436,0.0,-3.0,0,0,,,,,,,,,,,,,,,,,,,,,,,,,,,0,10.703866958618164,-3,0,True,True,False,"A:1,B:1,ESTOP:0,MODE:1",,,,36.967769868333335,127.87267642833334,122.144,1,0.0056250000000000015,-0.006628618039696267,-0.009693815283853732,-0.06230676992995476,0.9979879547314296,-0.05633922825437696,0.017941984710501707,0.008726646259971648,0.4118793,-0.9022117999999999,10.326402449999998
1786689732.972332,37.486,0.0,-3.0,0,0,,,,,,,,,,,,,,,,,,,,,,,,,,,0,10.777593612670898,-3,0,True,True,False,"A:1,B:1,ESTOP:0,MODE:1",,,,36.967769868333335,127.87267642833334,122.144,1,0.0056250000000000015,-0.006465046328220414,-0.009608365691398595,-0.06221765418748385,0.9979954138131704,-0.01869247628885927,-0.0524471440224296,-0.00471238898038469,-0.3334261,-0.1176798,8.8848249
1786689733.022352,37.536,0.0,-3.0,0,0,,,,,,,,,,,,,,,,,,,,,,,,,,,0,10.901599884033203,-3,0,True,True,False,"A:1,B:1,ESTOP:0,MODE:1",,,,36.967769868333335,127.87267642833334,122.144,1,0.0056250000000000015,-0.006648365902805044,-0.009335123265739521,-0.06213977687888068,0.9980016547250206,0.005340707511102648,-0.021432643214490368,-0.013700834628155488,-0.1569064,0.61781895,10.24794925
1786689733.072348,37.586,0.0,-3.0,0,0,,,,,,,,,,,,,,,,,,,,,,,,,,,0,10.85078239440918,-2,0,True,True,False,"A:1,B:1,ESTOP:0,MODE:1",,,,36.967769868333335,127.87267642833334,122.144,1,0.0056250000000000015,-0.006744079941808702,-0.009478169939003533,-0.062080446152966755,0.9980033566505648,-0.04902629868852072,-0.04174827570770436,0.037419859162758425,0.784532,0.2745862,9.826263299999999
1786689733.122316,37.636,0.0,-3.0,0,0,,,,,,,,,,,,,,,,,,,,,,,,,,,0,10.743688583374023,-3,0,True,True,False,"A:1,B:1,ESTOP:0,MODE:1",,,,36.967769256666664,127.87267640333333,122.154,1,0.005776000000000002,-0.007421550038518804,-0.009549802505323035,-0.06207008441622495,0.9979985102632659,-0.10136872295583066,-0.1260651318715504,-0.022514747350726852,1.16699135,0.28439285,9.79684335
1786689733.172334,37.686,0.0,-3.0,0,0,,,,,,,,,,,,,,,,,,,,,,,,,,,0,10.74337100982666,-3,0,True,True,False,"A:1,B:1,ESTOP:0,MODE:1",,,,36.967769256666664,127.87267640333333,122.154,1,0.005776000000000002,-0.007556595254449103,-0.009611285474028125,-0.06208048369934279,0.9979962598143106,-0.045884706034930924,-0.07560766319639435,0.022636920398366452,0.4216859499999999,0.196133,9.875296549999998
1786689733.222342,37.736,0.0,-3.0,0,0,,,,,,,,,,,,,,,,,,,,,,,,,,,0,11.391955375671387,-3,0,True,True,False,"A:1,B:1,ESTOP:0,MODE:1",,,,36.967769256666664,127.87267640333333,122.154,1,0.005776000000000002,-0.007330958111420957,-0.00921434625767088,-0.06208475196865815,0.9980014210657231,0.026162485487395002,-0.0804247719318987,-0.004276056667386108,-3.6971070499999996,0.65704555,9.0417313
1786689733.272334,37.786,0.0,-3.0,0,0,,,,,,,,,,,,,,,,,,,,,,,,,,,0,11.7057466506958,-3,0,True,True,False,"A:1,B:1,ESTOP:0,MODE:1",,,,36.967768838333335,127.87267631333333,122.166,1,0.005776000000000002,-0.007505378920074306,-0.009352306017584,-0.06206108516901243,0.9980003133101032,-0.006702064327658226,-0.031101767270538955,0.008587019919812101,-1.9024900999999999,-0.0980665,9.60071035
1786689733.322383,37.837,0.0,-3.0,0,0,,,,,,,,,,,,,,,,,,,,,,,,,,,0,11.74398136138916,-3,0,True,True,False,"A:1,B:1,ESTOP:0,MODE:1",,,,36.967768838333335,127.87267631333333,122.166,1,0.005776000000000002,-0.007944964449985614,-0.009656427969550208,-0.06217172766437412,0.9979871277817087,-0.02118829711921116,-0.08670795723907829,-0.0057246799465414016,0.0588399,0.08825984999999999,9.473223899999999
1786689733.372334,37.886,0.0,-3.0,0,0,,,,,,,,,,,,,,,,,,,,,,,,,,,0,12.199786186218262,-3,0,True,True,False,"A:1,B:1,ESTOP:0,MODE:1",,,,36.967768838333335,127.87267631333333,122.166,1,0.005776000000000002,-0.007835571191861027,-0.009286538133620854,-0.06227291302920644,0.9979851944475163,0.03359758810089084,0.015184364492350668,-0.004014257279586958,-2.8635417999999997,-0.22555294999999997,9.590903699999998
1786689733.422334,37.936,0.0,-3.0,0,0,,,,,,,,,,,,,,,,,,,,,,,,,,,0,12.194337844848633,-3,0,True,True,False,"A:1,B:1,ESTOP:0,MODE:1",,,,36.967768838333335,127.87267631333333,122.166,1,0.005776000000000002,-0.007986999863590992,-0.009888901942203581,-0.06230419569564058,0.9979762545523193,0.00788888821901437,-0.009215338450530061,-0.008726646259971648,0.3138128,0.02941995,9.71839015
1786689733.472332,37.986,0.0,-3.0,0,0,,,,,,,,,,,,,,,,,,,,,,,,,,,0,12.366600036621094,-3,0,True,True,False,"A:1,B:1,ESTOP:0,MODE:1",,,,36.967768803333335,127.87267624666667,122.17699999999999,1,0.005776000000000002,-0.0078028017541274496,-0.009743216668015956,-0.06227531642790893,0.9979809472016737,-0.0018675022996339325,0.004485496177625427,-0.007592182246175334,-0.8629851999999999,0.00980665,9.757616749999999
1786689733.522336,38.036,0.0,-3.0,0,0,,,,,,,,,,,,,,,,,,,,,,,,,,,0,12.309576988220215,-3,0,True,True,False,"A:1,B:1,ESTOP:0,MODE:1",,,,36.967768803333335,127.87267624666667,122.17699999999999,1,0.005776000000000002,-0.007721365467343989,-0.009537534780067934,-0.06240391634607768,0.9979755343545804,0.013247049022636962,0.020367992370773826,-0.011397000015522973,0.5295591,-0.1569064,9.8654899
1786689733.572330,38.086,0.0,-3.0,0,0,,,,,,,,,,,,,,,,,,,,,,,,,,,0,12.41529369354248,-3,0,True,True,False,"A:1,B:1,ESTOP:0,MODE:1",,,,36.967768803333335,127.87267624666667,122.17699999999999,1,0.005776000000000002,-0.007538312817615148,-0.008831378647391853,-0.0624938339556033,0.9979778060200436,-0.0062482787221397,-0.013404128655316452,0.003141592653589793,-0.44129925,0.0196133,9.80665
1786689733.622391,38.137,0.0,-3.0,0,0,,,,,,,,,,,,,,,,,,,,,,,,,,,0,12.42448902130127,-3,0,True,True,False,"A:1,B:1,ESTOP:0,MODE:1",,,,36.967768803333335,127.87267624666667,122.17699999999999,1,0.005776000000000002,-0.0076159058408613225,-0.008799612132656757,-0.06259015697507705,0.9979714610420346,0.007923794804054257,0.02579596634447619,-0.0006457718232379018,0.1569064,-0.02941995,9.836069949999999
1786689733.672322,38.186,0.0,-3.0,0,0,,,,,,,,,,,,,,,,,,,,,,,,,,,0,12.415251731872559,-3,0,True,True,False,"A:1,B:1,ESTOP:0,MODE:1",,,,36.967768803333335,127.87267624666667,122.17699999999999,1,0.005776000000000002,-0.007672052058591792,-0.008130043655854754,-0.06280436425373434,0.9979632527493426,0.002286381320112572,-0.012164944886400476,-0.041870448755343966,0.22555294999999997,-0.08825984999999999,9.7085835
1786689733.722356,38.236,0.0,-3.0,0,0,,,,,,,,,,,,,,,,,,,,,,,,,,,0,12.455695152282715,-3,0,True,True,False,"A:1,B:1,ESTOP:0,MODE:1",,,,36.967768963333334,127.87267610833334,122.189,1,0.006724000000000001,-0.007661736743021331,-0.007955263014738546,-0.0628815923148436,0.9979598774141157,-0.026302111827554545,-0.022375121010567305,0.024696408915719763,-0.22555294999999997,-0.30400615,10.012589649999999
1786689733.772332,38.286,0.0,-3.0,0,0,,,,,,,,,,,,,,,,,,,,,,,,,,,0,12.616554260253906,-3,0,True,True,False,"A:1,B:1,ESTOP:0,MODE:1",,,,36.967768963333334,127.87267610833334,122.189,1,0.006724000000000001,-0.007561698753427468,-0.0077423015699803555,-0.06297527188753162,0.9979564081707444,-0.001239183768915974,-0.0032812189937493396,-0.013543754995475998,-0.5295591,0.4903325,9.747810099999999
1786689733.822356,38.336,0.0,-3.0,0,0,,,,,,,,,,,,,,,,,,,,,,,,,,,0,0.0,-3,0,True,True,False,"A:1,B:1,ESTOP:0,MODE:1",,,,36.967768963333334,127.87267610833334,122.189,1,0.006724000000000001,-0.0075435782446844684,-0.007716352496196894,-0.06309688919238578,0.9979490642841771,-0.01101302758008422,-0.011362093430483085,-0.004136430327226561,-0.6864655000000001,0.1176798,9.6301303
1786689733.872363,38.386,0.0,-3.0,0,0,,,,,,,,,,,,,,,,,,,,,,,,,,,0,0.23459665477275848,-3,0,True,True,False,"A:1,B:1,ESTOP:0,MODE:1",,,,36.96776899666666,127.87267633666667,122.19999999999999,1,0.006724000000000001,-0.007453860323810718,-0.007388976487235087,-0.06320742400228327,0.9979452212139401,-0.04021238596594935,-0.10103711039795173,0.014172073526193957,-1.08853815,0.0784532,9.218250999999999
1786689733.922506,38.437,0.0,-3.0,0,0,,,,,,,,,,,,,,,,,,,,,,,,,,,0,0.5403979420661926,-3,0,True,True,False,"A:1,B:1,ESTOP:0,MODE:1",,,,36.96776899666666,127.87267633666667,122.19999999999999,1,0.006724000000000001,-0.007504795830398569,-0.007489937909156493,-0.06331293146480924,0.9979373986272854,0.041870448755343966,-0.011135200627723822,0.022270401255447644,-1.5004174499999998,-0.5982056499999999,9.46341725
1786689733.972353,38.486,0.0,-3.0,0,0,,,,,,,,,,,,,,,,,,,,,,,,,,,0,0.7962852716445923,-3,0,True,True,False,"A:1,B:1,ESTOP:0,MODE:1",,,,36.96776899666666,127.87267633666667,122.19999999999999,1,0.006724000000000001,-0.007371668045873506,-0.007435913661294757,-0.06349444214058791,0.9979272626376627,0.006475171524898963,-0.03883357585687383,-0.03937462792499207,-1.2160246,0.3334261,9.590903699999998
1786689734.022358,38.536,0.0,-3.0,0,0,,,,,,,,,,,,,,,,,,,,,,,,,,,0,0.8239495754241943,-3,0,True,True,False,"A:1,B:1,ESTOP:0,MODE:1",,,,36.96776899666666,127.87267633666667,122.19999999999999,1,0.006724000000000001,-0.007396315364378406,-0.007669523931786305,-0.06362663593982008,0.997916892391682,-0.004206243497306334,0.0461988653002899,0.013561208287995941,0.04903325,-0.26477955,9.581097049999999
1786689734.072339,38.586,0.0,-3.0,0,0,,,,,,,,,,,,,,,,,,,,,,,,,,,0,0.9042067527770996,-3,0,True,True,False,"A:1,B:1,ESTOP:0,MODE:1",,,,36.96776899666666,127.87267633666667,122.19999999999999,1,0.006724000000000001,-0.007725709145619096,-0.008425530230879696,-0.06379937316687968,0.9978972711867886,-0.003665191429188092,0.020106192982974676,-0.01398008730847458,-0.20593965,-0.7551120499999999,9.845876599999999
1786689734.122379,38.636,0.0,-3.0,0,0,,,,,,,,,,,,,,,,,,,,,,,,,,,0,0.8509435057640076,-3,0,True,True,False,"A:1,B:1,ESTOP:0,MODE:1",,,,36.967769245,127.87267657166667,122.21000000000001,1,0.006724000000000001,-0.007257399774230898,-0.008603180126287264,-0.06393556032533344,0.9978905549037514,0.020193459445574394,-0.015219271077390554,-0.017558012275062956,0.53936575,0.7551120499999999,9.69877685
1786689734.172333,38.686,0.0,-3.0,0,0,,,,,,,,,,,,,,,,,,,,,,,,,,,0,0.8588006496429443,-3,0,True,True,False,"A:1,B:1,ESTOP:0,MODE:1",,,,36.967769245,127.87267657166667,122.21000000000001,1,0.006724000000000001,-0.006394158997236104,-0.008902860363341788,-0.06400760096222498,0.9978892127020562,0.0027401669256310974,-0.006702064327658226,0.007260569688296411,0.34323275000000003,0.63743225,9.738003449999999
1786689734.222385,38.737,0.0,-3.0,0,0,,,,,,,,,,,,,,,,,,,,,,,,,,,0,0.9210350513458252,-3,0,True,True,False,"A:1,B:1,ESTOP:0,MODE:1",,,,36.967769245,127.87267657166667,122.21000000000001,1,0.006724000000000001,-0.0066730901468596455,-0.008997470842497138,-0.06420220706360015,0.997874036136071,-0.011135200627723822,-0.027715828521669955,0.0226543736908864,-0.12748644999999997,-0.17651969999999997,9.7085835
1786689734.272363,38.786,0.0,-3.0,0,0,,,,,,,,,,,,,,,,,,,,,,,,,,,0,0.9181116223335266,-3,0,True,True,False,"A:1,B:1,ESTOP:0,MODE:1",,,,36.967769355,127.872676555,122.22,1,0.007056000000000001,-0.006702151868389816,-0.009020978787087307,-0.06434191517429243,0.9978646306256977,-0.03153809958353753,0.004747295565424576,0.011222467090323538,0.1176798,-0.8825985,9.63993695
1786689734.322349,38.836,0.0,-3.0,0,0,,,,,,,,,,,,,,,,,,,,,,,,,,,0,0.9313202500343323,-3,0,True,True,False,"A:1,B:1,ESTOP:0,MODE:1",,,,36.967769355,127.872676555,122.22,1,0.007056000000000001,-0.006410424073783596,-0.009240804502799089,-0.06435761218126448,0.9978635236091461,0.014119713648634126,0.0015184364492350666,-0.0016755160819145565,0.14709974999999997,-1.0198915999999998,9.7281968
1786689734.372334,38.886,0.0,-3.0,0,0,,,,,,,,,,,,,,,,,,,,,,,,,,,0,0.9309815168380737,-3,0,True,True,False,"A:1,B:1,ESTOP:0,MODE:1",,,,36.967769355,127.872676555,122.22,1,0.007056000000000001,-0.007051112845020712,-0.009400034921719837,-0.06445164738546928,0.997851645436543,0.016772614111665505,0.005864306286700947,-0.012740903539558606,0.26477955,-0.36284605,9.8654899
1786689734.422335,38.936,0.0,-3.0,0,0,,,,,,,,,,,,,,,,,,,,,,,,,,,0,0.8508385419845581,-3,0,True,True,False,"A:1,B:1,ESTOP:0,MODE:1",,,,36.967769355,127.872676555,122.22,1,0.007056000000000001,-0.00716126938269206,-0.009452929028059609,-0.0646358555533893,0.9978384461076353,0.011798425743481668,0.02106612407157156,-0.02918190509334519,0.67665885,0.06864655,9.8851032
1786689734.472326,38.986,0.0,-3.0,0,0,,,,,,,,,,,,,,,,,,,,,,,,,,,0,0.7568422555923462,-3,0,True,True,False,"A:1,B:1,ESTOP:0,MODE:1",,,,36.967769536666665,127.872676825,122.231,1,0.005929000000000002,-0.007072502178058044,-0.00979807818491319,-0.06488926570172512,0.9978193025661083,0.014259339988793671,0.004694935687864747,-0.019128808601857852,0.77472535,0.40207265,9.894909849999998
1786689734.522351,39.036,0.0,-3.0,0,0,,,,,,,,,,,,,,,,,,,,,,,,,,,0,0.662108302116394,-3,0,True,True,False,"A:1,B:1,ESTOP:0,MODE:1",,,,36.967769536666665,127.872676825,122.231,1,0.005929000000000002,-0.007353749916231348,-0.010582469249139324,-0.0651661915310125,0.9977912112201148,-0.008988445647770798,-0.0025656340004316645,-0.016091935703387718,0.8041453,-0.06864655,9.836069949999999
1786689734.572349,39.086,0.0,-3.0,0,0,,,,,,,,,,,,,,,,,,,,,,,,,,,0,0.0,-3,0,True,True,False,"A:1,B:1,ESTOP:0,MODE:1",,,,36.967769536666665,127.872676825,122.231,1,0.005929000000000002,-0.007739367549122325,-0.01205185167006625,-0.06528290754940932,0.9977639986706063,-0.005986479334340551,-0.012671090369478832,-0.003996803987067015,0.5491724,-0.5491724,9.6301303
1786689734.622341,39.136,0.0,-3.0,0,0,,,,,,,,,,,,,,,,,,,,,,,,,,,0,0.0,-3,0,True,True,False,"A:1,B:1,ESTOP:0,MODE:1",,,,36.967769536666665,127.872676825,122.231,1,0.005929000000000002,-0.007870663945959621,-0.012332195570025605,-0.06523381980571874,0.9977627565483829,-0.003682644721708035,-0.020682151636132805,-0.004310963252425994,0.35303939999999995,-0.16671305,9.80665
1786689734.672318,39.186,0.0,-3.0,0,0,,,,,,,,,,,,,,,,,,,,,,,,,,,0,0.0,-3,0,True,True,False,"A:1,B:1,ESTOP:0,MODE:1",,,,36.96776958833333,127.87267722333333,122.24199999999999,1,0.006241000000000003,-0.00780665798275841,-0.012414774126175917,-0.06527697552967131,0.9977594128547399,0.02139773662945048,0.006318091892219472,-0.0007155849933176752,0.0392266,-0.17651969999999997,9.7085835
1786689734.722402,39.237,0.0,-3.0,0,0,,,,,,,,,,,,,,,,,,,,,,,,,,,0,0.0,-3,0,True,True,False,"A:1,B:1,ESTOP:0,MODE:1",,,,36.96776958833333,127.87267722333333,122.24199999999999,1,0.006241000000000003,-0.007674838744245571,-0.012912127761106371,-0.0654171328943165,0.9977449436257837,-0.015707963267948967,-0.015812683023068628,-0.0008726646259971648,0.43149259999999995,-0.1372931,9.7674234
1786689734.772335,39.286,0.0,-3.0,0,0,,,,,,,,,,,,,,,,,,,,,,,,,,,0,0.0,-3,0,True,True,False,"A:1,B:1,ESTOP:0,MODE:1",,,,36.96776958833333,127.87267722333333,122.24199999999999,1,0.006241000000000003,-0.007831617212441754,-0.013313137227805208,-0.06537776644468092,0.9977410354414096,-0.0009250245035569946,0.01007054978400728,0.002181661564992912,0.5491724,-0.3334261,9.836069949999999
1786689734.822339,39.336,0.0,-3.0,0,0,,,,,,,,,,,,,,,,,,,,,,,,,,,0,0.0,-3,0,True,True,False,"A:1,B:1,ESTOP:0,MODE:1",,,,36.96776958833333,127.87267722333333,122.24199999999999,1,0.006241000000000003,-0.007962535849782192,-0.01358462286077321,-0.06534616174043936,0.9977384102009724,0.0027401669256310974,0.004118977034706617,0.008464846872172497,0.5295591,-0.17651969999999997,9.7281968
1786689734.872322,39.386,0.0,-3.0,0,0,,,,,,,,,,,,,,,,,,,,,,,,,,,0,0.0,-3,0,True,True,False,"A:1,B:1,ESTOP:0,MODE:1",,,,36.96776969166667,127.87267723333333,122.25200000000001,1,0.006241000000000003,-0.007804865688653188,-0.01409265013008652,-0.06545097803686062,0.9977257392479716,-0.002617993877991494,-0.001064650843716541,0.0007330382858376184,0.5099457999999999,0.06864655,9.8851032
1786689734.922326,39.436,0.0,-3.0,0,0,,,,,,,,,,,,,,,,,,,,,,,,,,,0,0.0,-3,0,True,True,False,"A:1,B:1,ESTOP:0,MODE:1",,,,36.96776969166667,127.87267723333333,122.25200000000001,1,0.006241000000000003,-0.007631527493560103,-0.01436582343975835,-0.06552812424613337,0.9977181204317159,-0.010245082709206713,0.002495820830351891,0.0032288591161895096,0.37265269999999995,-0.0784532,9.7674234
1786689734.972353,39.486,0.0,-3.0,0,0,,,,,,,,,,,,,,,,,,,,,,,,,,,0,0.0,-3,0,True,True,False,"A:1,B:1,ESTOP:0,MODE:1",,,,36.96776969166667,127.87267723333333,122.25200000000001,1,0.006241000000000003,-0.007718883144833241,-0.014500053525255801,-0.06552135040611269,0.997715951527147,0.0011693705988362008,-0.006492624817418906,0.012688543661998775,0.4118793,-0.26477955,9.7870367
1786689735.022348,39.536,0.0,-3.0,0,0,,,,,,,,,,,,,,,,,,,,,,,,,,,0,0.0,-3,0,True,True,False,"A:1,B:1,ESTOP:0,MODE:1",,,,36.96776969166667,127.87267723333333,122.25200000000001,1,0.006241000000000003,-0.007908920951489153,-0.014723425363566012,-0.06556010302542993,0.9977086461518921,0.0,0.002670353755551324,-0.0013439035240356337,0.3138128,-0.17651969999999997,9.826263299999999
1786689735.072340,39.586,0.0,-3.0,0,0,,,,,,,,,,,,,,,,,,,,,,,,,,,0,0.0,-3,0,True,True,False,"A:1,B:1,ESTOP:0,MODE:1",,,,36.96776969166667,127.87267723333333,122.25200000000001,1,0.006241000000000003,-0.007587992918019408,-0.015128281314497768,-0.06570510504180292,0.9976955430587985,-0.0037699111843077517,0.004049163864626845,-0.008325220532012952,0.4216859499999999,0.0588399,9.738003449999999
1786689735.122338,39.636,0.0,-3.0,0,0,,,,,,,,,,,,,,,,,,,,,,,,,,,0,0.0,-3,0,True,True,False,"A:1,B:1,ESTOP:0,MODE:1",,,,36.96776952,127.87267758833333,122.26400000000001,1,0.005929000000000002,-0.007526123275549527,-0.015105780961817477,-0.06575627644815887,0.997692981311209,0.0004886921905584122,0.006771877497737999,0.001832595714594046,0.21574629999999997,-0.17651969999999997,9.80665
1786689735.172340,39.686,0.0,-3.0,0,0,,,,,,,,,,,,,,,,,,,,,,,,,,,0,0.0,-3,0,True,True,False,"A:1,B:1,ESTOP:0,MODE:1",,,,36.96776952,127.87267758833333,122.26400000000001,1,0.005929000000000002,-0.007973373024602564,-0.01487567068373812,-0.0656924095939283,0.9976971720246895,0.0048345620280242935,-0.004328416544945937,0.0064053583548191895,0.24516625,-0.30400615,9.80665
1786689735.222334,39.736,0.0,-3.0,0,0,,,,,,,,,,,,,,,,,,,,,,,,,,,0,0.0,-3,0,True,True,False,"A:1,B:1,ESTOP:0,MODE:1",,,,36.96776952,127.87267758833333,122.26400000000001,1,0.005929000000000002,-0.008013272290896677,-0.014829690523424635,-0.06564055729136356,0.9977009496761294,0.005881759579220891,0.002617993877991494,-0.0063006385996995295,0.2745862,-0.10787314999999999,9.757616749999999
1786689735.272316,39.786,0.0,-3.0,0,0,,,,,,,,,,,,,,,,,,,,,,,,,,,0,0.0,-3,0,True,True,False,"A:1,B:1,ESTOP:0,MODE:1",,,,36.967769391666664,127.87267770166666,122.273,1,0.005929000000000002,-0.007794174588628529,-0.0146686232411875,-0.06572350335470838,0.9976996058140314,0.004904375198104067,0.004485496177625427,-0.0016057029118347831,0.22555294999999997,0.06864655,9.80665
1786689735.322325,39.836,0.0,-3.0,0,0,,,,,,,,,,,,,,,,,,,,,,,,,,,0,0.0,-3,0,True,True,False,"A:1,B:1,ESTOP:0,MODE:1",,,,36.967769391666664,127.87267770166666,122.273,1,0.005929000000000002,-0.007722367335059923,-0.014620297543575326,-0.06580924428101897,0.9976952216532066,-0.0035779249665883754,-0.011082840750163993,0.0009599310885968813,0.37265269999999995,-0.16671305,9.71839015
1786689735.372373,39.886,0.0,-3.0,0,0,,,,,,,,,,,,,,,,,,,,,,,,,,,0,0.0,-3,0,True,True,False,"A:1,B:1,ESTOP:0,MODE:1",,,,36.967769391666664,127.87267770166666,122.273,1,0.005929000000000002,-0.007939776645912028,-0.014588041579613669,-0.06587327393125855,0.9976897617853266,0.006021385919380436,-0.0033161255787892262,-0.0029845130209103037,0.30400615,-0.3138128,9.845876599999999
1786689735.422337,39.936,0.0,-3.0,0,0,,,,,,,,,,,,,,,,,,,,,,,,,,,0,0.0,-3,0,True,True,False,"A:1,B:1,ESTOP:0,MODE:1",,,,36.967769391666664,127.87267770166666,122.273,1,0.005929000000000002,-0.007965640006777602,-0.014568417238404581,-0.0659344966835954,0.997685798207798,-0.002234021442552742,0.0028448866807507574,0.0006457718232379018,0.24516625,-0.10787314999999999,9.77723005
1786689735.472326,39.986,0.0,-3.0,0,0,,,,,,,,,,,,,,,,,,,,,,,,,,,0,0.0,-3,0,True,True,False,"A:1,B:1,ESTOP:0,MODE:1",,,,36.9677694,127.87267760833333,122.28399999999999,1,0.005929000000000002,-0.007712321251751909,-0.01455851214396173,-0.06599160285131692,0.9976841575259067,-0.003735004599267865,0.007120943348136864,0.0011519173063162576,0.34323275000000003,0.0196133,9.79684335
1786689735.522313,40.036,0.0,-3.0,0,0,,,,,,,,,,,,,,,,,,,,,,,,,,,0,0.0,-3,0,True,True,False,"A:1,B:1,ESTOP:0,MODE:1",,,,36.9677694,127.87267760833333,122.28399999999999,1,0.005929000000000002,-0.007691648637573289,-0.014498315292784014,-0.06604323820489258,0.9976817769621328,-0.0037699111843077517,-0.005602506898901798,0.0011344640137963143,0.20593965,-0.10787314999999999,9.836069949999999
1786689735.572338,40.086,0.0,-3.0,0,0,,,,,,,,,,,,,,,,,,,,,,,,,,,0,0.0,-3,0,True,True,False,"A:1,B:1,ESTOP:0,MODE:1",,,,36.9677694,127.87267760833333,122.28399999999999,1,0.005929000000000002,-0.007901487242059614,-0.014484000264072911,-0.06610721796505833,0.9976761077467146,0.0009075712110370514,-0.002548180707911721,-0.009250245035569947,0.3334261,-0.30400615,9.738003449999999
1786689735.622329,40.136,1.0,-3.0,1,0,,,,,,,,,,,,,,,,,,,,,,,,,,,0,0.0,-3,0,True,True,False,"A:1,B:1,ESTOP:0,MODE:1",,,,36.9677694,127.87267760833333,122.28399999999999,1,0.005929000000000002,-0.007907948221269936,-0.014439545892033336,-0.06615061720538501,0.997673824309683,0.0008552113334772215,-0.009651670763528642,0.003961897402027128,0.30400615,-0.0196133,9.757616749999999
1786689735.672355,40.186,1.0,-3.0,1,0,,,,,,,,,,,,,,,,,,,,,,,,,,,0,0.0,-3,0,True,True,False,"A:1,B:1,ESTOP:0,MODE:1",,,,36.96776929833333,127.87267791666666,122.29499999999999,1,0.005929000000000002,-0.007778306920412084,-0.014456707705323082,-0.06617489620132198,0.9976729848284551,0.00153588974175501,-0.001710422666954443,-0.011344640137963142,0.3334261,-0.0980665,9.7870367
1786689735.722327,40.236,2.0,-3.0,2,0,,,,,,,,,,,,,,,,,,,,,,,,,,,0,0.0,-3,0,True,True,False,"A:1,B:1,ESTOP:0,MODE:1",,,,36.96776929833333,127.87267791666666,122.29499999999999,1,0.005929000000000002,-0.007781297895157994,-0.014482148078684136,-0.06626211122897699,0.9976668038005337,-0.0029146998508305304,0.00047123889803846896,0.0007853981633974482,0.30400615,-0.12748644999999997,9.79684335
1786689735.772347,40.286,2.0,-3.0,2,0,,,,,,,,,,,,,,,,,,,,,,,,,,,0,0.0,-3,0,True,True,False,"A:1,B:1,ESTOP:0,MODE:1",,,,36.96776929833333,127.87267791666666,122.29499999999999,1,0.005929000000000002,-0.007925844520731622,-0.014542201315955627,-0.06630807847739281,0.9976617383152245,-0.003612831551628262,-0.0036302848441482054,0.0004537856055185257,0.34323275000000003,-0.1372931,9.80665
1786689735.822468,40.337,2.0,-3.0,2,0,,,,,,,,,,,,,,,,,,,,,,,,,,,0,0.0,-3,0,True,True,False,"A:1,B:1,ESTOP:0,MODE:1",,,,36.96776929833333,127.87267791666666,122.29499999999999,1,0.005929000000000002,-0.007936339664741018,-0.014558689114398391,-0.06635184023080071,0.9976585048913191,-0.0002443460952792061,-0.0029670597283903604,-0.00767944870877505,0.34323275000000003,-0.1372931,9.79684335
1786689735.872334,40.386,2.0,-3.0,2,0,,,,,,,,,,,,,,,,,,,,,,,,,,,0,0.0,-3,0,True,True,False,"A:1,B:1,ESTOP:0,MODE:1",,,,36.96776934166667,127.87267767166666,122.305,1,0.005929000000000002,-0.007859655588375015,-0.01459906862991771,-0.06630737008676556,0.9976614784992692,-0.0024434609527920616,0.011344640137963142,0.005061454830783556,0.21574629999999997,-0.1176798,9.69877685
1786689735.922338,40.436,2.0,-3.0,2,0,,,,,,,,,,,,,,,,,,,,,,,,,,,0,0.0,-3,0,True,True,False,"A:1,B:1,ESTOP:0,MODE:1",,,,36.96776934166667,127.87267767166666,122.305,1,0.005929000000000002,-0.007890130151421636,-0.01464908887290335,-0.06636900394633491,0.9976564064629458,-0.002373647782712288,0.0076270888312152205,-0.003961897402027128,0.36284605,-0.12748644999999997,9.7674234
1786689735.972354,40.486,2.0,-3.0,2,0,,,,,,,,,,,,,,,,,,,,,,,,,,,0,0.0,-3,0,True,True,False,"A:1,B:1,ESTOP:0,MODE:1",,,,36.96776934166667,127.87267767166666,122.305,1,0.005929000000000002,-0.007944223459703453,-0.01465362688359691,-0.06645688432002646,0.9976500604216156,-0.003420845333908886,-0.003473205211468716,-0.0008377580409572782,0.34323275000000003,-0.1372931,9.80665
1786689736.022332,40.536,2.0,-3.0,2,0,,,,,,,,,,,,,,,,,,,,,,,,,,,0,0.0,-3,0,True,True,False,"A:1,B:1,ESTOP:0,MODE:1",,,,36.96776934166667,127.87267767166666,122.305,1,0.005929000000000002,-0.007963432039270172,-0.014669532051973267,-0.06650077453467708,0.9976467488875108,0.0013788101090755204,0.00481710873550435,-0.0016755160819145565,0.37265269999999995,-0.1372931,9.747810099999999
1786689736.072364,40.586,2.0,-3.0,2,0,,,,,,,,,,,,,,,,,,,,,,,,,,,0,0.0,-3,0,True,True,False,"A:1,B:1,ESTOP:0,MODE:1",,,,36.967769325,127.87267768666666,122.31800000000001,1,0.005929000000000002,-0.007948114633845904,-0.014827776990772092,-0.0665274382971972,0.9976427539239143,-0.005445427266222308,-0.0004537856055185257,0.001832595714594046,0.38245935,-0.0980665,9.845876599999999
1786689736.122352,40.636,2.0,-3.0,2,0,,,,,,,,,,,,,,,,,,,,,,,,,,,0,0.0,-3,0,True,True,False,"A:1,B:1,ESTOP:0,MODE:1",,,,36.967769325,127.87267768666666,122.31800000000001,1,0.005929000000000002,-0.007928245529396652,-0.014907320966013065,-0.06659716054585638,0.9976370747479625,0.002670353755551324,0.002670353755551324,-0.011222467090323538,0.43149259999999995,-0.1569064,9.826263299999999
1786689736.172346,40.686,2.0,-3.0,2,0,,,,,,,,,,,,,,,,,,,,,,,,,,,0,0.0,-3,0,True,True,False,"A:1,B:1,ESTOP:0,MODE:1",,,,36.967769325,127.87267768666666,122.31800000000001,1,0.005929000000000002,-0.007903298379953152,-0.014908443792868998,-0.06667512429370132,0.997632048391997,0.005096361415823442,0.012479104151759455,0.0016580627893946131,0.28439285,-0.17651969999999997,9.77723005
1786689736.222326,40.736,2.0,-3.0,2,0,,,,,,,,,,,,,,,,,,,,,,,,,,,0,0.0,-3,0,True,True,False,"A:1,B:1,ESTOP:0,MODE:1",,,,36.967769325,127.87267768666666,122.31800000000001,1,0.005929000000000002,-0.00794998915948841,-0.014948926277800789,-0.06669344386753333,0.9976298470979069,0.0022514747350726853,0.0056199601914217415,-0.007871434926494426,0.38245935,-0.18632634999999997,9.747810099999999
1786689736.272339,40.786,2.0,-3.0,2,0,,,,,,,,,,,,,,,,,,,,,,,,,,,0,0.0,-3,0,True,True,False,"A:1,B:1,ESTOP:0,MODE:1",,,,36.967769345,127.872677605,122.327,1,0.0056250000000000015,-0.007916717476136072,-0.014968459230961155,-0.06671914210741971,0.9976281004909113,-0.0010297442586766543,0.0034557519189487725,-0.007452555906015787,0.3334261,-0.08825984999999999,9.77723005
1786689736.322333,40.836,2.0,-3.0,2,0,,,,,,,,,,,,,,,,,,,,,,,,,,,0,0.0,-3,0,True,True,False,"A:1,B:1,ESTOP:0,MODE:1",,,,36.967769345,127.872677605,122.327,1,0.0056250000000000015,-0.00788132626455258,-0.014944050982031082,-0.0667968205136204,0.997623548642387,-0.007452555906015787,0.0037000980142279784,-0.003735004599267865,0.30400615,-0.12748644999999997,9.836069949999999
1786689736.372337,40.886,2.0,-3.0,2,0,,,,,,,,,,,,,,,,,,,,,,,,,,,0,0.0,-3,0,True,True,False,"A:1,B:1,ESTOP:0,MODE:1",,,,36.967769345,127.872677605,122.327,1,0.0056250000000000015,-0.007934023061807698,-0.014931293596164274,-0.06686719870546369,0.9976186072276739,0.004206243497306334,-0.00017453292519943296,-0.007452555906015787,0.30400615,-0.22555294999999997,9.875296549999998
1786689736.422334,40.936,2.0,-3.0,2,0,,,,,,,,,,,,,,,,,,,,,,,,,,,0,0.0,-3,0,True,True,False,"A:1,B:1,ESTOP:0,MODE:1",,,,36.967769345,127.872677605,122.327,1,0.0056250000000000015,-0.007976327573701796,-0.01490197956702552,-0.0669025186245827,0.9976163401854985,0.006213372137099813,0.0005061454830783556,0.000767944870877505,0.34323275000000003,-0.12748644999999997,9.747810099999999
1786689736.472320,40.986,3.0,-3.0,3,0,,,,,,,,,,,,,,,,,,,,,,,,,,,0,0.0,-3,0,True,True,False,"A:1,B:1,ESTOP:0,MODE:1",,,,36.96776922,127.87267785166667,122.33699999999999,1,0.005929000000000002,-0.00789759060692937,-0.014889408585866178,-0.0669534811038783,0.9976137353418111,0.0014660765716752368,-0.0064053583548191895,0.007243116395776467,0.3334261,0.00980665,9.80665
1786689736.522327,41.036,3.0,-3.0,3,0,,,,,,,,,,,,,,,,,,,,,,,,,,,0,0.0,-3,0,True,True,False,"A:1,B:1,ESTOP:0,MODE:1",,,,36.96776922,127.87267785166667,122.33699999999999,1,0.005929000000000002,-0.007872772606715664,-0.014890474446483214,-0.06704014926181694,0.997608095200312,-0.007609635538695277,-0.004031710572106902,-0.00614355896702004,0.30400615,-0.08825984999999999,9.81645665
1786689736.572341,41.086,3.0,-3.0,3,0,,,,,,,,,,,,,,,,,,,,,,,,,,,0,0.0,-3,0,True,True,False,"A:1,B:1,ESTOP:0,MODE:1",,,,36.96776922,127.87267785166667,122.33699999999999,1,0.005929000000000002,-0.00785484366082489,-0.01487389000097131,-0.06708331702020212,0.9976055820838565,0.0048520153205442364,0.0035953782591083188,-0.0065100781099388496,0.28439285,-0.18632634999999997,9.77723005
1786689736.622335,41.136,3.0,-3.0,3,0,,,,,,,,,,,,,,,,,,,,,,,,,,,0,0.0,-3,0,True,True,False,"A:1,B:1,ESTOP:0,MODE:1",,,,36.96776922,127.87267785166667,122.33699999999999,1,0.005929000000000002,-0.007883815564280174,-0.014906682052136683,-0.06711873252378137,0.9976024819670138,-0.008464846872172497,0.005759586531581287,0.005864306286700947,0.3138128,-0.1569064,9.8654899
1786689736.672325,41.186,4.0,-3.0,3,0,,,,,,,,,,,,,,,,,,,,,,,,,,,0,0.0,-3,0,True,True,False,"A:1,B:1,ESTOP:0,MODE:1",,,,36.967769278333336,127.87267762166667,122.34800000000001,1,0.005929000000000002,-0.007879588853782813,-0.014968002400152445,-0.06714507438540966,0.9975998245636484,0.0029321531433504737,-0.008203047484373348,0.002286381320112572,0.37265269999999995,-0.0980665,9.79684335
1786689736.722360,41.236,4.0,-3.0,4,0,,,,,,,,,,,,,,,,,,,,,,,,,,,0,0.0,-3,0,True,True,False,"A:1,B:1,ESTOP:0,MODE:1",,,,36.967769278333336,127.87267762166667,122.34800000000001,1,0.005929000000000002,-0.007870428872527578,-0.015082006541145792,-0.06718899777336573,0.9975952225257828,0.009407324668249437,-0.006702064327658226,0.0026354471705114374,0.36284605,-0.16671305,9.77723005
1786689736.772322,41.286,4.0,-3.0,4,0,,,,,,,,,,,,,,,,,,,,,,,,,,,0,0.0,-3,0,True,True,False,"A:1,B:1,ESTOP:0,MODE:1",,,,36.967769278333336,127.87267762166667,122.34800000000001,1,0.005929000000000002,-0.007949239245762834,-0.01520769432050284,-0.0672169326097205,0.9975908076959249,0.004694935687864747,0.0004188790204786391,-0.0066322511575784525,0.43149259999999995,-0.08825984999999999,9.8851032
1786689736.822316,41.336,4.0,-3.0,4,0,,,,,,,,,,,,,,,,,,,,,,,,,,,0,0.0,-3,0,True,True,False,"A:1,B:1,ESTOP:0,MODE:1",,,,36.967769278333336,127.87267762166667,122.34800000000001,1,0.005929000000000002,-0.007982505884672728,-0.015310333811725965,-0.06722665033826596,0.9975883172745514,-0.0019722220547535923,0.005026548245743669,0.0056374134839416844,0.5197524499999999,-0.16671305,9.7870367
1786689736.872349,41.386,4.0,-3.0,4,0,,,,,,,,,,,,,,,,,,,,,,,,,,,0,0.0,-3,0,True,True,False,"A:1,B:1,ESTOP:0,MODE:1",,,,36.967769221666664,127.87267783666667,122.358,1,0.006561000000000003,-0.00796237099955761,-0.015399081555593656,-0.06723546390100316,0.997586518217506,-0.0035779249665883754,0.0037524578917878084,0.0019198621771937625,0.3138128,-0.0784532,9.7674234
1786689736.922322,41.436,4.0,-3.0,4,0,,,,,,,,,,,,,,,,,,,,,,,,,,,0,0.0,-3,0,True,True,False,"A:1,B:1,ESTOP:0,MODE:1",,,,36.967769221666664,127.87267783666667,122.358,1,0.006561000000000003,-0.007985000655296719,-0.015467275015996769,-0.06727096280306233,0.9975828891534092,-0.007609635538695277,-0.0009250245035569946,-0.004031710572106902,0.46091255,-0.12748644999999997,9.77723005
1786689736.972336,41.486,4.0,-3.0,4,0,,,,,,,,,,,,,,,,,,,,,,,,,,,0,0.0,-3,0,True,True,False,"A:1,B:1,ESTOP:0,MODE:1",,,,36.967769221666664,127.87267783666667,122.358,1,0.006561000000000003,-0.008010216690664146,-0.01544796269361175,-0.06728867642059565,0.9975817915854068,0.0010821041362364843,-0.0014660765716752368,0.007504915783575617,0.2745862,-0.16671305,9.826263299999999
1786689737.022340,41.536,4.0,-3.0,4,0,,,,,,,,,,,,,,,,,,,,,,,,,,,0,0.0,-3,0,True,True,False,"A:1,B:1,ESTOP:0,MODE:1",,,,36.967769221666664,127.87267783666667,122.358,1,0.006561000000000003,-0.008050501445167576,-0.015392652102354654,-0.06730645193294471,0.9975811231253003,0.0035081117965086025,-0.005707226654021458,0.0057421332390613445,0.29419949999999995,-0.196133,9.894909849999998
1786689737.072331,41.586,4.0,-3.0,4,0,,,,,,,,,,,,,,,,,,,,,,,,,,,0,0.0,-3,0,True,True,False,"A:1,B:1,ESTOP:0,MODE:1",,,,36.96776915666667,127.87267793,122.36599999999999,1,0.006724000000000001,-0.00801054408622113,-0.015316580550319656,-0.06731415821676126,0.9975820956930096,0.004956735075663896,0.003141592653589793,0.003560471674068432,0.24516625,-0.06864655,9.81645665
1786689737.122325,41.636,4.0,-3.0,4,0,,,,,,,,,,,,,,,,,,,,,,,,,,,0,0.0,-3,0,True,True,False,"A:1,B:1,ESTOP:0,MODE:1",,,,36.96776915666667,127.87267793,122.36599999999999,1,0.006724000000000001,-0.007969866734024245,-0.015231873419195319,-0.06731311284729112,0.9975837890098211,0.005288347633542819,0.005864306286700947,0.005166174585903215,0.21574629999999997,-0.14709974999999997,9.79684335
1786689737.172319,41.686,4.0,-3.0,4,0,,,,,,,,,,,,,,,,,,,,,,,,,,,0,0.0,-3,0,True,True,False,"A:1,B:1,ESTOP:0,MODE:1",,,,36.96776915666667,127.87267793,122.36599999999999,1,0.006724000000000001,-0.007975324098177437,-0.015178912656986824,-0.06733034978361233,0.9975833894036614,-0.006771877497737999,0.0037524578917878084,0.0006981317007977319,0.26477955,-0.14709974999999997,9.826263299999999
1786689737.222347,41.736,4.0,-3.0,4,0,,,,,,,,,,,,,,,,,,,,,,,,,,,0,0.0,-3,0,True,True,False,"A:1,B:1,ESTOP:0,MODE:1",,,,36.96776915666667,127.87267793,122.36599999999999,1,0.006724000000000001,-0.007974681980940666,-0.015161222924978285,-0.06736506957595839,0.9975813195763784,-0.0007853981633974482,0.00307177948351002,-0.006126105674500096,0.2353596,-0.1176798,9.7870367
1786689737.272365,41.786,4.0,-3.0,4,0,,,,,,,,,,,,,,,,,,,,,,,,,,,0,0.0,-3,0,True,True,False,"A:1,B:1,ESTOP:0,MODE:1",,,,36.967769175,127.87267786666666,122.37700000000001,1,0.006724000000000001,-0.007955000664912141,-0.01511852322370471,-0.06740807730124816,0.9975792195783273,-0.007173303225696694,0.0010995574287564276,-0.0012566370614359172,0.2745862,-0.1569064,9.757616749999999
1786689737.322330,41.836,4.0,-3.0,4,0,,,,,,,,,,,,,,,,,,,,,,,,,,,0,0.0,-3,0,True,True,False,"A:1,B:1,ESTOP:0,MODE:1",,,,36.967769175,127.87267786666666,122.37700000000001,1,0.006724000000000001,-0.007938513216856654,-0.015119214806326055,-0.0674687519523978,0.9975752386970778,0.011885692206081384,0.0019373154697137059,-0.008761552845011534,0.392266,-0.1372931,9.836069949999999
1786689737.372365,41.886,5.0,-3.0,4,0,,,,,,,,,,,,,,,,,,,,,,,,,,,0,0.0,-3,0,True,True,False,"A:1,B:1,ESTOP:0,MODE:1",,,,36.967769175,127.87267786666666,122.37700000000001,1,0.006724000000000001,-0.00793255206835658,-0.015154418357731765,-0.0674949397284895,0.9975729804545476,0.0012740903539558606,-0.00466002910282486,0.0073129295658562405,0.24516625,-0.1569064,9.826263299999999
1786689737.422345,41.936,5.0,-3.0,5,0,,,,,,,,,,,,,,,,,,,,,,,,,,,0,0.0,-3,0,True,True,False,"A:1,B:1,ESTOP:0,MODE:1",,,,36.967769175,127.87267786666666,122.37700000000001,1,0.006724000000000001,-0.00794373857090459,-0.01518858239394536,-0.06750398093458328,0.9975717600956648,0.006352998477259359,0.0026005405854715507,0.0074176493209759005,0.38245935,-0.1372931,9.7085835
1786689737.472347,41.986,5.0,-3.0,5,0,,,,,,,,,,,,,,,,,,,,,,,,,,,0,0.0,-3,0,True,True,False,"A:1,B:1,ESTOP:0,MODE:1",,,,36.96776914833333,127.872678015,122.388,1,0.006561000000000003,-0.007948702436003801,-0.015258088294430323,-0.06752179856574386,0.9975694540179297,-0.012514010736799343,0.007696902001294993,-0.00015707963267948965,0.35303939999999995,-0.12748644999999997,9.79684335
1786689737.522335,42.036,5.0,-3.0,5,0,,,,,,,,,,,,,,,,,,,,,,,,,,,0,0.0,-3,0,True,True,False,"A:1,B:1,ESTOP:0,MODE:1",,,,36.96776914833333,127.872678015,122.388,1,0.006561000000000003,-0.007925389312084835,-0.015303452979293626,-0.06751294655222247,0.9975695437306611,-0.0032637657012293962,0.006230825429619756,0.0030543261909900766,0.4216859499999999,-0.10787314999999999,9.7674234
1786689737.572319,42.086,6.0,-3.0,5,0,,,,,,,,,,,,,,,,,,,,,,,,,,,0,0.0,-3,0,True,True,False,"A:1,B:1,ESTOP:0,MODE:1",,,,36.96776914833333,127.872678015,122.388,1,0.006561000000000003,-0.007954843673016848,-0.015345005037925985,-0.06753971735156851,0.9975668588433529,0.0014835298641951802,-0.0006632251157578452,-0.0002443460952792061,0.29419949999999995,-0.17651969999999997,9.79684335
1786689737.622324,42.136,6.0,-3.0,6,0,,,,,,,,,,,,,,,,,,,,,,,,,,,0,0.0,-3,0,True,True,False,"A:1,B:1,ESTOP:0,MODE:1",,,,36.96776914833333,127.872678015,122.388,1,0.006561000000000003,-0.00797455346640891,-0.015369664507715748,-0.06757495948655103,0.9975639351742437,-0.006579891280018622,-0.003420845333908886,-0.0024609142453120045,0.3138128,-0.12748644999999997,9.7870367
1786689737.672325,42.186,6.0,-3.0,6,0,,,,,,,,,,,,,,,,,,,,,,,,,,,0,0.0,-3,0,True,True,False,"A:1,B:1,ESTOP:0,MODE:1",,,,36.96776911833334,127.87267785,122.39599999999999,1,0.006561000000000003,-0.008003155180356016,-0.015402647607095588,-0.06758427168210723,0.9975625665466051,0.005829399701661061,-0.0004188790204786391,0.0018151424220741027,0.29419949999999995,-0.10787314999999999,9.826263299999999
1786689737.722346,42.236,6.0,-3.0,6,0,,,,,,,,,,,,,,,,,,,,,,,,,,,0,0.0,-3,0,True,True,False,"A:1,B:1,ESTOP:0,MODE:1",,,,36.96776911833334,127.87267785,122.39599999999999,1,0.006561000000000003,-0.007986735786260054,-0.01541232359193757,-0.06761016989843217,0.9975607937661157,0.003490658503988659,0.011938052083641215,-0.007976154681614086,0.34323275000000003,-0.08825984999999999,9.757616749999999
1786689737.772346,42.286,6.0,-3.0,6,0,,,,,,,,,,,,,,,,,,,,,,,,,,,0,0.0,-3,0,True,True,False,"A:1,B:1,ESTOP:0,MODE:1",,,,36.96776911833334,127.87267785,122.39599999999999,1,0.006561000000000003,-0.007994802326592061,-0.015394043537755425,-0.06764502375142378,0.997558648562071,0.0003141592653589793,0.004607669225265031,-0.0021991148575128553,0.3138128,-0.12748644999999997,9.8851032
1786689737.822360,42.336,6.0,-3.0,6,0,,,,,,,,,,,,,,,,,,,,,,,,,,,0,0.0,-3,0,True,True,False,"A:1,B:1,ESTOP:0,MODE:1",,,,36.96776911833334,127.87267785,122.39599999999999,1,0.006561000000000003,-0.00802118699281242,-0.01539213259612101,-0.06766283741229583,0.9975572581294203,-0.001954768762233649,0.006894050545377602,0.0015533430342749533,0.392266,-0.20593965,9.7674234
1786689737.872346,42.386,7.0,-3.0,6,0,,,,,,,,,,,,,,,,,,,,,,,,,,,0,0.0,-3,0,True,True,False,"A:1,B:1,ESTOP:0,MODE:1",,,,36.9677691,127.87267813,122.40899999999999,1,0.006561000000000003,-0.008014062181361232,-0.015409924181104078,-0.06768892138542326,0.997555271133266,0.0038571776469074684,0.002827433388230814,0.008325220532012952,0.3138128,-0.1372931,9.757616749999999
1786689737.922333,42.436,7.0,-3.0,7,0,,,,,,,,,,,,,,,,,,,,,,,,,,,0,0.0,-3,0,True,True,False,"A:1,B:1,ESTOP:0,MODE:1",,,,36.9677691,127.87267813,122.40899999999999,1,0.006561000000000003,-0.007999730275705188,-0.015454562965674119,-0.0676976127027113,0.9975541058175289,0.010873401239924673,-0.00809832772925369,-0.003735004599267865,0.34323275000000003,-0.12748644999999997,9.757616749999999
1786689737.972325,42.486,7.0,-3.0,7,0,,,,,,,,,,,,,,,,,,,,,,,,,,,0,0.0,-3,0,True,True,False,"A:1,B:1,ESTOP:0,MODE:1",,,,36.9677691,127.87267813,122.40899999999999,1,0.006561000000000003,-0.007976780861769487,-0.015490739363370526,-0.06774964275126279,0.9975501961646519,-0.005881759579220891,0.0059515727493006645,-0.005811946409141118,0.37265269999999995,-0.10787314999999999,9.80665
1786689738.022330,42.536,7.0,-3.0,7,0,,,,,,,,,,,,,,,,,,,,,,,,,,,0,0.0,-3,0,True,True,False,"A:1,B:1,ESTOP:0,MODE:1",,,,36.9677691,127.87267813,122.40899999999999,1,0.006561000000000003,-0.007954200880294714,-0.015544745415548593,-0.06774954007265976,0.9975495433301871,0.006719517620178169,0.005270894341022875,0.0029845130209103037,0.32361945,-0.12748644999999997,9.747810099999999
1786689738.072341,42.586,7.0,-3.0,7,0,,,,,,,,,,,,,,,,,,,,,,,,,,,0,0.0,-3,0,True,True,False,"A:1,B:1,ESTOP:0,MODE:1",,,,36.96776909166667,127.87267799833333,122.416,1,0.006561000000000003,-0.007913983659402336,-0.015582039692521723,-0.06780999873908786,0.9975451733995129,-0.0052010811709431014,0.007173303225696694,-0.0033161255787892262,0.34323275000000003,-0.06864655,9.79684335
1786689738.122364,42.636,7.0,-3.0,7,0,,,,,,,,,,,,,,,,,,,,,,,,,,,0,0.0,-3,0,True,True,False,"A:1,B:1,ESTOP:0,MODE:1",,,,36.96776909166667,127.87267799833333,122.416,1,0.006561000000000003,-0.007903461790015871,-0.01554753414562745,-0.06784448366828935,0.9975434504368758,-0.0009773843811168245,0.0002443460952792061,0.0038222710618675817,0.32361945,-0.1176798,9.826263299999999
1786689738.172343,42.686,7.0,-3.0,7,0,,,,,,,,,,,,,,,,,,,,,,,,,,,0,0.0,-3,0,True,True,False,"A:1,B:1,ESTOP:0,MODE:1",,,,36.96776909166667,127.87267799833333,122.416,1,0.006561000000000003,-0.007886594119022549,-0.015548442968283107,-0.06787903310104798,0.9975412194088678,-0.0043982297150257105,-0.009721483933608416,-0.003403392041388943,0.2745862,-0.1569064,9.77723005
1786689738.222328,42.736,7.0,-3.0,7,0,,,,,,,,,,,,,,,,,,,,,,,,,,,0,0.0,-3,0,True,True,False,"A:1,B:1,ESTOP:0,MODE:1",,,,36.96776909166667,127.87267799833333,122.416,1,0.006561000000000003,-0.007887591853010663,-0.015556941795087514,-0.06790519847931378,0.9975392982114688,0.003612831551628262,0.002356194490192345,-0.0007504915783575617,0.37265269999999995,-0.12748644999999997,9.79684335
1786689738.272331,42.786,7.0,-3.0,7,0,,,,,,,,,,,,,,,,,,,,,,,,,,,0,0.0,-3,0,True,True,False,"A:1,B:1,ESTOP:0,MODE:1",,,,36.96776899166667,127.872678105,122.424,1,0.006561000000000003,-0.007885229131783786,-0.015522120577249915,-0.06790499911438212,0.9975398729021313,-0.0006632251157578452,0.003944444109507185,0.0004363323129985824,0.25497289999999995,-0.12748644999999997,9.79684335
1786689738.322329,42.836,7.0,-3.0,7,0,,,,,,,,,,,,,,,,,,,,,,,,,,,0,0.0,-3,0,True,True,False,"A:1,B:1,ESTOP:0,MODE:1",,,,36.96776899166667,127.872678105,122.424,1,0.006561000000000003,-0.00784210967933387,-0.01552487817637479,-0.06793043728797638,0.9975384379377319,-0.0002443460952792061,-0.0035953782591083188,0.004153883619746504,0.36284605,-0.1176798,9.845876599999999
1786689738.372345,42.886,7.0,-3.0,7,0,,,,,,,,,,,,,,,,,,,,,,,,,,,0,0.0,-3,0,True,True,False,"A:1,B:1,ESTOP:0,MODE:1",,,,36.96776899166667,127.872678105,122.424,1,0.006561000000000003,-0.007798990361774747,-0.015527638014308795,-0.06795587530359821,0.9975370004259267,-0.000767944870877505,-0.0037524578917878084,0.00034906585039886593,0.392266,-0.08825984999999999,9.845876599999999
1786689738.422318,42.936,7.0,-3.0,7,0,,,,,,,,,,,,,,,,,,,,,,,,,,,0,0.0,-3,0,True,True,False,"A:1,B:1,ESTOP:0,MODE:1",,,,36.96776899166667,127.872678105,122.424,1,0.006561000000000003,-0.007796896157147974,-0.015492680804898408,-0.06797308922939226,0.9975363875029348,-0.005934119456780721,0.0038048177693476384,0.0006457718232379018,0.3138128,-0.14709974999999997,9.81645665
1786689738.472320,42.986,7.0,-3.0,7,0,,,,,,,,,,,,,,,,,,,,,,,,,,,0,0.0,-3,0,True,True,False,"A:1,B:1,ESTOP:0,MODE:1",,,,36.967769051666664,127.87267808,122.435,1,0.006561000000000003,-0.007815624392871104,-0.015508836789868625,-0.06798216325692268,0.9975353715411218,0.0037000980142279784,0.0024260076602721182,0.0017278759594743863,0.32361945,-0.1569064,9.8851032
1786689738.522321,43.036,7.0,-3.0,7,0,,,,,,,,,,,,,,,,,,,,,,,,,,,0,0.0,-3,0,True,True,False,"A:1,B:1,ESTOP:0,MODE:1",,,,36.967769051666664,127.87267808,122.435,1,0.006561000000000003,-0.007834032256500048,-0.01551615045053437,-0.06800859870342475,0.9975333114819761,-0.007155849933176751,8.726646259971648e-05,0.005358160803622592,0.34323275000000003,-0.16671305,9.757616749999999
1786689738.572386,43.087,7.0,-3.0,7,0,,,,,,,,,,,,,,,,,,,,,,,,,,,0,0.0,-3,0,True,True,False,"A:1,B:1,ESTOP:0,MODE:1",,,,36.967769051666664,127.87267808,122.435,1,0.006561000000000003,-0.007824820208251706,-0.01549899202886532,-0.0680518902190635,0.9975306981102937,-0.00022689280275926284,0.0026529004630313807,-0.0031066860685499066,0.30400615,-0.12748644999999997,9.7674234
1786689738.622343,43.136,7.0,-3.0,7,0,,,,,,,,,,,,,,,,,,,,,,,,,,,0,0.0,-3,0,True,True,False,"A:1,B:1,ESTOP:0,MODE:1",,,,36.967769051666664,127.87267808,122.435,1,0.006561000000000003,-0.007818162035452107,-0.015525565115734993,-0.0680693128315949,0.9975291483565074,0.002356194490192345,-0.0026529004630313807,0.009913470151327791,0.35303939999999995,-0.1372931,9.836069949999999
1786689738.672342,43.186,7.0,-3.0,7,0,,,,,,,,,,,,,,,,,,,,,,,,,,,0,0.0,-3,0,True,True,False,"A:1,B:1,ESTOP:0,MODE:1",,,,36.96776905,127.87267820833333,122.441,1,0.006561000000000003,-0.007850749003540446,-0.01548829967744604,-0.0680783616815141,0.9975288542112183,-0.0019896753472735357,0.006719517620178169,-0.0019198621771937625,0.32361945,-0.17651969999999997,9.77723005
1786689738.722322,43.236,7.0,-3.0,7,0,,,,,,,,,,,,,,,,,,,,,,,,,,,0,0.0,-3,0,True,True,False,"A:1,B:1,ESTOP:0,MODE:1",,,,36.96776905,127.87267820833333,122.441,1,0.006561000000000003,-0.007834336788981336,-0.015497987979831368,-0.06810425595902286,0.9975270652247595,0.004276056667386108,-0.005567600313861911,0.0062482787221397,0.29419949999999995,-0.1372931,9.81645665
1786689738.772333,43.286,7.0,-3.0,7,0,,,,,,,,,,,,,,,,,,,,,,,,,,,0,0.0,-3,0,True,True,False,"A:1,B:1,ESTOP:0,MODE:1",,,,36.96776905,127.87267820833333,122.441,1,0.006561000000000003,-0.007843904922318826,-0.015505961951096893,-0.06812185077538399,0.9975256647056641,-0.011274826967883369,-0.0008203047484373349,0.003944444109507185,0.3138128,-0.20593965,9.80665
1786689738.822316,43.336,7.0,-3.0,7,0,,,,,,,,,,,,,,,,,,,,,,,,,,,0,0.0,-3,0,True,True,False,"A:1,B:1,ESTOP:0,MODE:1",,,,36.96776905,127.87267820833333,122.441,1,0.006561000000000003,-0.007853151210275326,-0.01550509335796793,-0.0681568062583794,0.9975232177030703,-0.006981317007977318,-0.0006806784082777885,-0.006161012259539983,0.26477955,-0.0392266,9.747810099999999
1786689738.872396,43.387,7.0,-3.0,7,0,,,,,,,,,,,,,,,,,,,,,,,,,,,0,0.0,-3,0,True,True,False,"A:1,B:1,ESTOP:0,MODE:1",,,,36.967768973333335,127.87267843333333,122.452,1,0.006561000000000003,-0.007862397446541446,-0.015504224137039807,-0.06819176164835299,0.9975207693996128,0.0014311699866353504,0.003909537524467298,0.000890117918517108,0.28439285,-0.17651969999999997,9.836069949999999
1786689738.922358,43.436,7.0,-3.0,7,0,,,,,,,,,,,,,,,,,,,,,,,,,,,0,0.0,-3,0,True,True,False,"A:1,B:1,ESTOP:0,MODE:1",,,,36.967768973333335,127.87267843333333,122.452,1,0.006561000000000003,-0.007887596359583096,-0.015484890933607685,-0.06820947788577897,0.9975196595070155,-0.0033684854563490563,0.004310963252425994,0.005829399701661061,0.30400615,-0.1372931,9.757616749999999
1786689738.972324,43.486,7.0,-3.0,7,0,,,,,,,,,,,,,,,,,,,,,,,,,,,0,0.0,-3,0,True,True,False,"A:1,B:1,ESTOP:0,MODE:1",,,,36.967768973333335,127.87267843333333,122.452,1,0.006561000000000003,-0.007904871239714999,-0.015483769434883709,-0.06820104313512082,0.9975201168949188,-0.001413716694115407,-0.000593411945678072,-0.005602506898901798,0.25497289999999995,-0.1569064,9.836069949999999
1786689739.022328,43.536,7.0,-3.0,7,0,,,,,,,,,,,,,,,,,,,,,,,,,,,0,0.0,-3,0,True,True,False,"A:1,B:1,ESTOP:0,MODE:1",,,,36.967768973333335,127.87267843333333,122.452,1,0.006561000000000003,-0.007938316090447834,-0.01545506553544959,-0.06822754769523809,0.997518483950266,-0.0034557519189487725,0.0028623399732707008,0.0018675022996339325,0.2745862,-0.14709974999999997,9.81645665
1786689739.072368,43.586,7.0,-3.0,7,0,,,,,,,,,,,,,,,,,,,,,,,,,,,0,0.0,-3,0,True,True,False,"A:1,B:1,ESTOP:0,MODE:1",,,,36.96776894833334,127.872678295,122.46000000000001,1,0.006561000000000003,-0.007930474492055636,-0.015464227643133318,-0.06824487301080083,0.9975172191724171,0.0021467549799530253,-0.0009948376736367678,-0.0012566370614359172,0.29419949999999995,-0.12748644999999997,9.7674234
1786689739.122360,43.636,8.0,-3.0,8,0,,,,,,,,,,,,,,,,,,,,,,,,,,,0,0.0,-3,0,True,True,False,"A:1,B:1,ESTOP:0,MODE:1",,,,36.96776894833334,127.872678295,122.46000000000001,1,0.006561000000000003,-0.007930474492055636,-0.015464227643133318,-0.06824487301080083,0.9975172191724171,0.0037699111843077517,-0.0005061454830783556,0.0010297442586766543,0.3334261,-0.1372931,9.757616749999999
1786689739.172334,43.686,3.0,-3.0,3,0,,,,,,,,,,,,,,,,,,,,,,,,,,,0,0.0,-3,0,True,True,False,"A:1,B:1,ESTOP:0,MODE:1",,,,36.96776894833334,127.872678295,122.46000000000001,1,0.006561000000000003,-0.00793220218030717,-0.015481360984490343,-0.0682797932959491,0.9975145499981948,-0.0007853981633974482,-0.0014486232791552935,0.001186823891356144,0.26477955,-0.1569064,9.71839015
1786689739.222329,43.736,0.0,-3.0,0,0,,,,,,,,,,,,,,,,,,,,,,,,,,,0,0.0,-3,0,True,True,False,"A:1,B:1,ESTOP:0,MODE:1",,,,36.96776894833334,127.872678295,122.46000000000001,1,0.006561000000000003,-0.007923632328647262,-0.015481887691356725,-0.06828836314760904,0.9975140232913284,-0.006771877497737999,0.004049163864626845,0.0020245819323134223,0.30400615,-0.1176798,9.79684335
1786689739.272327,43.786,0.0,-3.0,0,0,,,,,,,,,,,,,,,,,,,,,,,,,,,0,0.0,-3,0,True,True,False,"A:1,B:1,ESTOP:0,MODE:1",,,,36.96776896833333,127.87267842833333,122.469,1,0.006561000000000003,-0.00791730346236404,-0.015517303940888783,-0.06828842817910391,0.9975135187861457,-0.007609635538695277,0.012252211349000192,-0.0019373154697137059,0.28439285,-0.08825984999999999,9.7674234
1786689739.322344,43.836,0.0,-3.0,0,0,,,,,,,,,,,,,,,,,,,,,,,,,,,0,0.0,-3,0,True,True,False,"A:1,B:1,ESTOP:0,MODE:1",,,,36.96776896833333,127.87267842833333,122.469,1,0.006561000000000003,-0.007902541107719388,-0.015553178179757014,-0.06830576666598566,0.9975118900207264,0.0032288591161895096,0.001186823891356144,0.003926990816987242,0.35303939999999995,-0.1176798,9.757616749999999
1786689739.372373,43.886,0.0,-3.0,0,0,,,,,,,,,,,,,,,,,,,,,,,,,,,0,0.0,-3,0,True,True,False,"A:1,B:1,ESTOP:0,MODE:1",,,,36.96776896833333,127.87267842833333,122.469,1,0.006561000000000003,-0.007893700441427723,-0.015553843145551671,-0.06829692599969397,0.997512554986521,0.008255407361933179,0.0024260076602721182,0.0006108652381980154,0.37265269999999995,-0.06864655,9.845876599999999
1786689739.422417,43.937,0.0,-3.0,0,0,,,,,,,,,,,,,,,,,,,,,,,,,,,0,0.0,-3,0,True,True,False,"A:1,B:1,ESTOP:0,MODE:1",,,,36.96776896833333,127.87267842833333,122.469,1,0.006561000000000003,-0.007906106130893507,-0.015605408541464257,-0.06830606566705832,0.9975110255546996,-0.005794493116621174,-0.010454522219446033,0.0009948376736367678,0.2745862,-0.08825984999999999,9.855683249999998
1786689739.472333,43.986,0.0,-3.0,0,0,,,,,,,,,,,,,,,,,,,,,,,,,,,0,0.0,-3,0,True,True,False,"A:1,B:1,ESTOP:0,MODE:1",,,,36.96776882,127.87267860333333,122.47800000000001,1,0.007056000000000001,-0.0079078398015657,-0.015622542626368382,-0.06834098494420858,0.9975083518489534,-0.006003932626860493,-0.004031710572106902,0.007120943348136864,0.36284605,-0.00980665,9.7870367
1786689739.522331,44.036,0.0,-3.0,0,0,,,,,,,,,,,,,,,,,,,,,,,,,,,0,0.0,-3,0,True,True,False,"A:1,B:1,ESTOP:0,MODE:1",,,,36.96776882,127.87267860333333,122.47800000000001,1,0.007056000000000001,-0.00792477434680223,-0.015752867399935994,-0.06829834438515339,0.9975090883167327,-0.009948376736367677,0.010786134777324957,0.001832595714594046,0.5982056499999999,-0.1372931,9.80665
1786689739.572319,44.086,0.0,-3.0,0,0,,,,,,,,,,,,,,,,,,,,,,,,,,,0,0.0,-3,0,True,True,False,"A:1,B:1,ESTOP:0,MODE:1",,,,36.96776882,127.87267860333333,122.47800000000001,1,0.007056000000000001,-0.0079137844852687,-0.015709592902765968,-0.06834148270859033,0.9975069034583879,-6.981317007977319e-05,-0.0050789081233034985,-0.007923794804054257,0.16671305,-0.0392266,9.7870367
1786689739.622317,44.136,0.0,-3.0,0,0,,,,,,,,,,,,,,,,,,,,,,,,,,,0,0.0,-3,0,True,True,False,"A:1,B:1,ESTOP:0,MODE:1",,,,36.96776882,127.87267860333333,122.47800000000001,1,0.007056000000000001,-0.007889315061725891,-0.015710555992218555,-0.06844552973439752,0.9974999481692466,0.0005235987755982988,0.012758356832078549,-0.005044001538263612,0.43149259999999995,-0.1569064,9.81645665
1786689739.672348,44.186,0.0,-3.0,0,0,,,,,,,,,,,,,,,,,,,,,,,,,,,0,0.0,-3,0,True,True,False,"A:1,B:1,ESTOP:0,MODE:1",,,,36.967768885,127.872678415,122.487,1,0.007056000000000001,-0.007965051424436171,-0.01567948243940638,-0.06839438377187532,0.9975033433802135,-0.0016057029118347831,-0.010454522219446033,-0.0018151424220741027,0.5687857,-0.2353596,9.845876599999999
1786689739.722326,44.236,0.0,-3.0,0,0,,,,,,,,,,,,,,,,,,,,,,,,,,,0,0.0,-3,0,True,True,False,"A:1,B:1,ESTOP:0,MODE:1",,,,36.967768885,127.872678415,122.487,1,0.007056000000000001,-0.007920111513667793,-0.015674176415721712,-0.06834142045088669,0.9975074146481594,0.003682644721708035,-5.235987755982989e-05,0.002076941809873252,0.24516625,-0.0980665,9.79684335
1786689739.772361,44.286,0.0,-3.0,0,0,,,,,,,,,,,,,,,,,,,,,,,,,,,0,0.0,-3,0,True,True,False,"A:1,B:1,ESTOP:0,MODE:1",,,,36.967768885,127.872678415,122.487,1,0.007056000000000001,-0.007868059780287217,-0.01565965812491315,-0.06842754961053472,0.9975021499711179,-0.00012217304763960306,0.0048345620280242935,-0.010471975511965976,0.34323275000000003,-0.00980665,9.7674234
1786689739.822350,44.336,0.0,-3.0,0,0,,,,,,,,,,,,,,,,,,,,,,,,,,,0,0.0,-3,0,True,True,False,"A:1,B:1,ESTOP:0,MODE:1",,,,36.967768885,127.872678415,122.487,1,0.007056000000000001,-0.00789426190733038,-0.01564881727483986,-0.06847143411048268,0.9974991016826485,-0.0010471975511965976,0.0060911990894602095,-0.010978120995044333,0.32361945,-0.17651969999999997,9.894909849999998
1786689739.872354,44.386,0.0,-3.0,0,0,,,,,,,,,,,,,,,,,,,,,,,,,,,0,0.0,-3,0,True,True,False,"A:1,B:1,ESTOP:0,MODE:1",,,,36.96776879833333,127.872678695,122.49699999999999,1,0.007056000000000001,-0.007937152085038814,-0.015655158011008138,-0.06839382327810749,0.9975039862485927,-0.0024609142453120045,0.008255407361933179,-0.001239183768915974,0.28439285,-0.22555294999999997,9.836069949999999
1786689739.922321,44.436,0.0,-3.0,0,0,,,,,,,,,,,,,,,,,,,,,,,,,,,0,0.0,-3,0,True,True,False,"A:1,B:1,ESTOP:0,MODE:1",,,,36.96776879833333,127.872678695,122.49699999999999,1,0.007056000000000001,-0.007942882343040936,-0.015611036167050561,-0.06839370943780052,0.9975046399286639,0.0010122909661567112,-0.0024434609527920616,0.003909537524467298,0.36284605,-0.08825984999999999,9.836069949999999
1786689739.972345,44.486,0.0,-3.0,0,0,,,,,,,,,,,,,,,,,,,,,,,,,,,0,0.0,-3,0,True,True,False,"A:1,B:1,ESTOP:0,MODE:1",,,,36.96776879833333,127.872678695,122.49699999999999,1,0.007056000000000001,-0.007838373789229202,-0.015609219644892439,-0.0684268445566715,0.9975032226025311,0.0017976891295541594,-0.002181661564992912,-0.004084070449666731,0.25497289999999995,-0.0588399,9.7870367
1786689740.022331,44.536,0.0,-3.0,0,0,,,,,,,,,,,,,,,,,,,,,,,,,,,0,0.0,-3,0,True,True,False,"A:1,B:1,ESTOP:0,MODE:1",,,,36.96776879833333,127.872678695,122.49699999999999,1,0.007056000000000001,-0.007864165368884903,-0.015598585988913522,-0.06844461346262247,0.9975019668683112,-0.0028797932657906437,-0.004747295565424576,0.0019024088846738192,0.3334261,-0.18632634999999997,9.80665
1786689740.072352,44.586,0.0,-3.0,0,0,,,,,,,,,,,,,,,,,,,,,,,,,,,0,0.0,-3,0,True,True,False,"A:1,B:1,ESTOP:0,MODE:1",,,,36.96776882166667,127.87267859333333,122.507,1,0.007056000000000001,-0.007906550120274714,-0.01558717053911708,-0.0684104247866536,0.9975041555604116,0.0013962634015954637,0.006457718232379019,-0.005445427266222308,0.32361945,-0.2353596,9.7281968
1786689740.122321,44.636,0.0,-3.0,0,0,,,,,,,,,,,,,,,,,,,,,,,,,,,0,0.0,-3,0,True,True,False,"A:1,B:1,ESTOP:0,MODE:1",,,,36.96776882166667,127.87267859333333,122.507,1,0.007056000000000001,-0.007847027940409434,-0.015599643616299754,-0.06846175089109795,0.9975009092409252,-0.008848819307611252,0.0038746309394274117,-0.005218534463463045,0.29419949999999995,-0.0,9.7674234
1786689740.172349,44.686,0.0,-3.0,0,0,,,,,,,,,,,,,,,,,,,,,,,,,,,0,0.0,-3,0,True,True,False,"A:1,B:1,ESTOP:0,MODE:1",,,,36.96776882166667,127.87267859333333,122.507,1,0.007056000000000001,-0.007796721952177051,-0.015629275110016338,-0.06846978525184524,0.9975002884179544,-0.0051836278784231585,0.007330382858376184,-0.0038571776469074684,0.57859235,-0.0392266,9.757616749999999
1786689740.222317,44.736,0.0,-3.0,0,0,,,,,,,,,,,,,,,,,,,,,,,,,,,0,0.0,-3,0,True,True,False,"A:1,B:1,ESTOP:0,MODE:1",,,,36.96776882166667,127.87267859333333,122.507,1,0.007056000000000001,-0.00785930603245838,-0.015651275955222702,-0.06846218299518511,0.9974999741198971,-0.0030019663134302466,-0.0014311699866353504,0.007086036763096978,0.392266,-0.196133,9.81645665
1786689740.272325,44.786,0.0,-3.0,0,0,,,,,,,,,,,,,,,,,,,,,,,,,,,0,0.0,-3,0,True,True,False,"A:1,B:1,ESTOP:0,MODE:1",,,,36.96776876166667,127.87267860166666,122.518,1,0.007056000000000001,-0.007886562623682383,-0.015657913288708372,-0.06849746152354887,0.9974972329015535,0.007696902001294993,-0.003979350694547071,0.001186823891356144,0.3138128,-0.18632634999999997,9.7870367
1786689740.322336,44.836,0.0,-3.0,0,0,,,,,,,,,,,,,,,,,,,,,,,,,,,0,0.0,-3,0,True,True,False,"A:1,B:1,ESTOP:0,MODE:1",,,,36.96776876166667,127.87267860166666,122.518,1,0.007056000000000001,-0.007895813967484844,-0.015657039928632904,-0.06853241733985654,0.9974947724153846,-0.0045553093477052,-0.008883725892651137,0.007661995416255106,0.36284605,-0.04903325,9.826263299999999
1786689740.372365,44.886,0.0,-3.0,0,0,,,,,,,,,,,,,,,,,,,,,,,,,,,0,0.0,-3,0,True,True,False,"A:1,B:1,ESTOP:0,MODE:1",,,,36.96776876166667,127.87267860166666,122.518,1,0.007056000000000001,-0.007858387811169227,-0.015633728880623473,-0.06847949401145474,0.99749906825131,-0.009546951008408983,-0.0064228116473391324,0.004904375198104067,0.3138128,-0.0784532,9.80665
1786689740.422321,44.936,0.0,-3.0,0,0,,,,,,,,,,,,,,,,,,,,,,,,,,,0,0.0,-3,0,True,True,False,"A:1,B:1,ESTOP:0,MODE:1",,,,36.96776876166667,127.87267860166666,122.518,1,0.007056000000000001,-0.007882255618387037,-0.015597047489242441,-0.06848840986176029,0.9974988420397249,0.003735004599267865,-0.002495820830351891,-0.001117010721276371,0.18632634999999997,-0.2353596,9.77723005
1786689740.472346,44.986,0.0,-3.0,0,0,,,,,,,,,,,,,,,,,,,,,,,,,,,0,0.0,-3,0,True,True,False,"A:1,B:1,ESTOP:0,MODE:1",,,,36.96776881666667,127.872678665,122.525,1,0.007056000000000001,-0.007909374346591311,-0.015603752348215504,-0.0685149823880618,0.9974966976879998,-0.0032288591161895096,-0.004241150082346221,-0.0024260076602721182,0.3138128,-0.17651969999999997,9.81645665
1786689740.522411,45.037,0.0,-3.0,0,0,,,,,,,,,,,,,,,,,,,,,,,,,,,0,0.0,-3,0,True,True,False,"A:1,B:1,ESTOP:0,MODE:1",,,,36.96776881666667,127.872678665,122.525,1,0.007056000000000001,-0.007855409334723002,-0.01559020410617943,-0.0684792473398445,0.9974997898565593,-0.008587019919812101,-0.0009773843811168245,0.00916297857297023,0.2745862,-0.14709974999999997,9.81645665
1786689740.572385,45.087,0.0,-3.0,0,0,,,,,,,,,,,,,,,,,,,,,,,,,,,0,0.0,-3,0,True,True,False,"A:1,B:1,ESTOP:0,MODE:1",,,,36.96776881666667,127.872678665,122.525,1,0.007056000000000001,-0.007805512700204755,-0.01561963207148437,-0.06851339686475942,0.99749737619479,-0.0005585053606381855,0.0016057029118347831,-0.0017976891295541594,0.3334261,-0.0784532,9.79684335
1786689740.622332,45.136,0.0,-3.0,0,0,,,,,,,,,,,,,,,,,,,,,,,,,,,0,0.0,-3,0,True,True,False,"A:1,B:1,ESTOP:0,MODE:1",,,,36.96776881666667,127.872678665,122.525,1,0.007056000000000001,-0.007822871185972037,-0.015609458288732884,-0.06854843962842473,0.9974949919287055,-0.005061454830783556,0.0009599310885968813,-0.002722713633111154,0.28439285,-0.17651969999999997,9.836069949999999
1786689740.672359,45.186,0.0,-3.0,0,0,,,,,,,,,,,,,,,,,,,,,,,,,,,0,0.0,-3,0,True,True,False,"A:1,B:1,ESTOP:0,MODE:1",,,,36.967768676666665,127.87267879166667,122.531,1,0.007056000000000001,-0.007805137605945742,-0.01560181354231011,-0.0685655278742016,0.9974940759866574,-0.0018675022996339325,-0.00019198621771937625,-0.0012217304763960308,0.32361945,-0.06864655,9.836069949999999
1786689740.722351,45.236,0.0,-3.0,0,0,,,,,,,,,,,,,,,,,,,,,,,,,,,0,0.0,-3,0,True,True,False,"A:1,B:1,ESTOP:0,MODE:1",,,,36.967768676666665,127.87267879166667,122.531,1,0.007056000000000001,-0.007760148715703895,-0.015587530884438289,-0.0685473404757587,0.9974959002855788,0.002373647782712288,0.0023911010752322315,0.0017453292519943296,0.3334261,-0.14709974999999997,9.79684335
1786689740.772378,45.286,0.0,-3.0,0,0,,,,,,,,,,,,,,,,,,,,,,,,,,,0,0.0,-3,0,True,True,False,"A:1,B:1,ESTOP:0,MODE:1",,,,36.967768676666665,127.87267879166667,122.531,1,0.007056000000000001,-0.007813978529584686,-0.015601147005376194,-0.06857436879784051,0.9974934094497234,-0.003159045946109736,-0.012548917321839229,0.0051836278784231585,0.30400615,-0.18632634999999997,9.7674234
1786689740.822346,45.336,0.0,-3.0,0,0,,,,,,,,,,,,,,,,,,,,,,,,,,,0,0.0,-3,0,True,True,False,"A:1,B:1,ESTOP:0,MODE:1",,,,36.967768676666665,127.87267879166667,122.531,1,0.007056000000000001,-0.00781452310758869,-0.015600874236565447,-0.06860918784457924,0.9974910151449802,0.0005235987755982988,-0.0007330382858376184,-0.005044001538263612,0.2745862,-0.14709974999999997,9.7281968
1786689740.872370,45.386,0.0,-3.0,0,0,,,,,,,,,,,,,,,,,,,,,,,,,,,0,0.0,-3,0,True,True,False,"A:1,B:1,ESTOP:0,MODE:1",,,,36.96776871,127.87267864333333,122.53999999999999,1,0.007056000000000001,-0.007780300944574432,-0.01561197402138424,-0.06860869186651233,0.9974911431109219,0.0021118483949131386,-0.007016223593017205,-0.001954768762233649,0.28439285,-0.12748644999999997,9.826263299999999
1786689740.922328,45.436,0.0,-3.0,0,0,,,,,,,,,,,,,,,,,,,,,,,,,,,0,0.0,-3,0,True,True,False,"A:1,B:1,ESTOP:0,MODE:1",,,,36.96776871,127.87267864333333,122.53999999999999,1,0.007056000000000001,-0.007824285248406327,-0.015617753546521269,-0.06860071726291189,0.9974912570672114,-0.0040666171571467884,0.0012217304763960308,0.006457718232379019,0.3334261,-0.1176798,9.894909849999998
1786689740.972349,45.486,0.0,-3.0,0,0,,,,,,,,,,,,,,,,,,,,,,,,,,,0,0.0,-3,0,True,True,False,"A:1,B:1,ESTOP:0,MODE:1",,,,36.96776871,127.87267864333333,122.53999999999999,1,0.007056000000000001,-0.007833859484941965,-0.01562572304961806,-0.0686183121270162,0.9974898468984965,0.0003141592653589793,6.981317007977319e-05,0.0034557519189487725,0.34323275000000003,-0.1569064,9.7674234
1786689741.022334,45.536,0.0,-3.0,0,0,,,,,,,,,,,,,,,,,,,,,,,,,,,0,0.0,-3,0,True,True,False,"A:1,B:1,ESTOP:0,MODE:1",,,,36.96776871,127.87267864333333,122.53999999999999,1,0.007056000000000001,-0.007826348572146643,-0.01564373159750246,-0.06861827375874431,0.9974896262298183,0.0003316125578789226,-0.0005235987755982988,-0.004607669225265031,0.4216859499999999,-0.1176798,9.845876599999999
1786689741.072340,45.586,0.0,-3.0,0,0,,,,,,,,,,,,,,,,,,,,,,,,,,,0,0.0,-3,0,True,True,False,"A:1,B:1,ESTOP:0,MODE:1",,,,36.96776860666667,127.87267893333333,122.55099999999999,1,0.007056000000000001,-0.007790796229355633,-0.015637489934216882,-0.06860897421154466,0.9974906420915985,-0.002129301687433082,-0.0037524578917878084,0.007487462491055674,0.4118793,-0.16671305,9.738003449999999
1786689741.122350,45.636,0.0,-3.0,0,0,,,,,,,,,,,,,,,,,,,,,,,,,,,0,0.0,-3,0,True,True,False,"A:1,B:1,ESTOP:0,MODE:1",,,,36.96776860666667,127.87267893333333,122.55099999999999,1,0.007056000000000001,-0.007808069271439875,-0.0156363606181927,-0.06860054237737542,0.9974911046552746,-0.0006283185307179586,0.00012217304763960306,0.00017453292519943296,0.32361945,-0.0980665,9.9047165
1786689741.172357,45.686,0.0,-3.0,0,0,,,,,,,,,,,,,,,,,,,,,,,,,,,0,0.0,-3,0,True,True,False,"A:1,B:1,ESTOP:0,MODE:1",,,,36.96776860666667,127.87267893333333,122.55099999999999,1,0.007056000000000001,-0.0077840187079123045,-0.01566413535985558,-0.06861768832081863,0.9974896775233768,0.0003141592653589793,-0.003141592653589793,-0.0005061454830783556,0.3334261,-0.1176798,9.757616749999999
1786689741.222348,45.736,0.0,-3.0,0,0,,,,,,,,,,,,,,,,,,,,,,,,,,,0,0.0,-3,0,True,True,False,"A:1,B:1,ESTOP:0,MODE:1",,,,36.96776860666667,127.87267893333333,122.55099999999999,1,0.007056000000000001,-0.007765551937364546,-0.01564785545349756,-0.0686260227501944,0.9974895036161056,-0.007871434926494426,0.0030892327760299633,-0.010471975511965976,0.38245935,-0.1176798,9.8654899
1786689741.272341,45.786,0.0,-3.0,0,0,,,,,,,,,,,,,,,,,,,,,,,,,,,0,0.0,-3,0,True,True,False,"A:1,B:1,ESTOP:0,MODE:1",,,,36.967768643333336,127.87267855166667,122.559,1,0.007056000000000001,-0.007747084868451285,-0.01563157585772345,-0.0686343577476598,0.9974893289899455,-0.0013788101090755204,-0.0015707963267948964,-6.981317007977319e-05,0.37265269999999995,-0.06864655,9.836069949999999
1786689741.322348,45.836,0.0,-3.0,0,0,,,,,,,,,,,,,,,,,,,,,,,,,,,0,0.0,-3,0,True,True,False,"A:1,B:1,ESTOP:0,MODE:1",,,,36.967768643333336,127.87267855166667,122.559,1,0.007056000000000001,-0.007741962597411603,-0.015684403975748412,-0.06863451068160038,0.9974885289719192,0.001710422666954443,0.0021467549799530253,-0.006126105674500096,0.30400615,-0.0980665,9.845876599999999
1786689741.372337,45.886,0.0,-3.0,0,0,,,,,,,,,,,,,,,,,,,,,,,,,,,0,0.0,-3,0,True,True,False,"A:1,B:1,ESTOP:0,MODE:1",,,,36.967768643333336,127.87267855166667,122.559,1,0.007056000000000001,-0.0077679399265170625,-0.015682674911746887,-0.06862621654443325,0.997488924860676,-0.00767944870877505,-0.0043982297150257105,-0.009704030641088473,0.30400615,-0.0588399,9.80665
1786689741.422541,45.937,0.0,-3.0,0,0,,,,,,,,,,,,,,,,,,,,,,,,,,,0,0.0,-3,0,True,True,False,"A:1,B:1,ESTOP:0,MODE:1",,,,36.967768643333336,127.87267855166667,122.559,1,0.007056000000000001,-0.0077503438326931694,-0.015674964901018124,-0.06865200871367808,0.9974874081137083,0.004276056667386108,-0.006108652381980153,-0.0037175513067479217,0.2745862,-0.14709974999999997,9.826263299999999
1786689741.472330,45.986,0.0,-3.0,0,0,,,,,,,,,,,,,,,,,,,,,,,,,,,0,0.0,-3,0,True,True,False,"A:1,B:1,ESTOP:0,MODE:1",,,,36.96776852833333,127.872678745,122.566,1,0.007056000000000001,-0.007768213639646653,-0.015682539333230466,-0.068643625999971,0.997487726955318,0.0009250245035569946,-0.0003316125578789226,0.005532693728822024,0.26477955,-0.1569064,9.7281968
1786689741.522348,46.036,0.0,-3.0,0,0,,,,,,,,,,,,,,,,,,,,,,,,,,,0,0.0,-3,0,True,True,False,"A:1,B:1,ESTOP:0,MODE:1",,,,36.96776852833333,127.872678745,122.566,1,0.007056000000000001,-0.007827628444454792,-0.015652094936264387,-0.06866184637209226,0.9974864866301785,-0.004084070449666731,-0.0012042771838760874,0.004921828490624009,0.34323275000000003,-0.08825984999999999,9.81645665
1786689741.572333,46.086,0.0,-3.0,0,0,,,,,,,,,,,,,,,,,,,,,,,,,,,0,0.0,-3,0,True,True,False,"A:1,B:1,ESTOP:0,MODE:1",,,,36.96776852833333,127.872678745,122.566,1,0.007056000000000001,-0.007835547868134117,-0.01563388093381999,-0.06868799895381608,0.9974849095381212,-0.004049163864626845,-0.013124875974997358,-0.004084070449666731,0.2353596,-0.17651969999999997,9.7870367
1786689741.622331,46.136,0.0,-3.0,0,0,,,,,,,,,,,,,,,,,,,,,,,,,,,0,0.0,-3,0,True,True,False,"A:1,B:1,ESTOP:0,MODE:1",,,,36.96776852833333,127.872678745,122.566,1,0.007056000000000001,-0.007818274912543825,-0.015635011536452918,-0.06869643077718893,0.9974844466908352,0.0008377580409572782,5.235987755982989e-05,-0.0021991148575128553,0.2745862,-0.17651969999999997,9.81645665
1786689741.672348,46.186,0.0,-3.0,0,0,,,,,,,,,,,,,,,,,,,,,,,,,,,0,0.0,-3,0,True,True,False,"A:1,B:1,ESTOP:0,MODE:1",,,,36.96776852666667,127.87267859,122.58000000000001,1,0.007056000000000001,-0.0078116363645542985,-0.015661589156507786,-0.0687138501827207,0.9974828819360597,0.009093165402890457,0.0028099800957108708,-0.00603883921190038,0.37265269999999995,-0.12748644999999997,9.69877685
1786689741.722402,46.237,0.0,-3.0,0,0,,,,,,,,,,,,,,,,,,,,,,,,,,,0,0.0,-3,0,True,True,False,"A:1,B:1,ESTOP:0,MODE:1",,,,36.96776852666667,127.87267859,122.58000000000001,1,0.007056000000000001,-0.007828396264767171,-0.01564270699684738,-0.06874884425723511,0.9974806355729554,0.0021467549799530253,-0.0063006385996995295,0.002722713633111154,0.34323275000000003,-0.10787314999999999,9.855683249999998
1786689741.772353,46.286,0.0,-3.0,0,0,,,,,,,,,,,,,,,,,,,,,,,,,,,0,0.0,-3,0,True,True,False,"A:1,B:1,ESTOP:0,MODE:1",,,,36.96776852666667,127.87267859,122.58000000000001,1,0.007056000000000001,-0.007855791128766268,-0.01564926918138801,-0.06879282617972113,0.9974772849474,-0.0024260076602721182,0.0007330382858376184,-0.0003316125578789226,0.3334261,-0.14709974999999997,9.826263299999999
1786689741.822346,46.336,0.0,-3.0,0,0,,,,,,,,,,,,,,,,,,,,,,,,,,,0,0.0,-3,0,True,True,False,"A:1,B:1,ESTOP:0,MODE:1",,,,36.96776852666667,127.87267859,122.58000000000001,1,0.007056000000000001,-0.007857534850175225,-0.015666404433620378,-0.06882774302177522,0.9974745935154083,-0.0022165681500327986,0.005044001538263612,-0.009808750396208134,0.25497289999999995,-0.14709974999999997,9.81645665
1786689741.872324,46.386,0.0,-3.0,0,0,,,,,,,,,,,,,,,,,,,,,,,,,,,0,0.0,-3,0,True,True,False,"A:1,B:1,ESTOP:0,MODE:1",,,,36.967768541666665,127.87267833666667,122.59100000000001,1,0.007056000000000001,-0.007848231509156098,-0.015658300328253705,-0.06882755720341885,0.997474806830939,-0.0016929693744344998,0.0065275314024587925,-0.004223696789826277,0.4216859499999999,-0.14709974999999997,9.7085835
1786689741.922351,46.436,0.0,-3.0,0,0,,,,,,,,,,,,,,,,,,,,,,,,,,,0,0.0,-3,0,True,True,False,"A:1,B:1,ESTOP:0,MODE:1",,,,36.967768541666665,127.87267833666667,122.59100000000001,1,0.007056000000000001,-0.007828563691929774,-0.015624614300960182,-0.06883579267047915,0.9974749213217815,-0.004363323129985824,0.0009250245035569946,-0.0007330382858376184,0.34323275000000003,-0.10787314999999999,9.7674234
1786689741.972345,46.486,0.0,-3.0,0,0,,,,,,,,,,,,,,,,,,,,,,,,,,,0,0.0,-3,0,True,True,False,"A:1,B:1,ESTOP:0,MODE:1",,,,36.967768541666665,127.87267833666667,122.59100000000001,1,0.007056000000000001,-0.00783560797868338,-0.015597830989315449,-0.0688444864653154,0.9974746851922409,-0.0043982297150257105,0.001117010721276371,-0.0071907565182166375,0.2745862,-0.12748644999999997,9.79684335
1786689742.022347,46.536,3.0,-3.0,0,0,,,,,,,,,,,,,,,,,,,,,,,,,,,0,0.0,-3,0,True,True,False,"A:1,B:1,ESTOP:0,MODE:1",,,,36.967768541666665,127.87267833666667,122.59100000000001,1,0.007056000000000001,-0.007828563691929774,-0.015624614300960182,-0.06883579267047915,0.9974749213217815,0.0072954762733362976,-0.005864306286700947,0.01494001839707146,0.26477955,-0.1176798,9.845876599999999
1786689742.072331,46.586,5.0,-3.0,3,0,,,,,,,,,,,,,,,,,,,,,,,,,,,0,0.0,-3,0,True,True,False,"A:1,B:1,ESTOP:0,MODE:1",,,,36.967768541666665,127.87267812666667,122.60400000000001,1,0.007056000000000001,-0.007837131956884923,-0.015624081987225792,-0.068827224405524,0.9974754536355159,0.0065275314024587925,-0.006614797865058509,0.011554079648202462,0.38245935,-0.1569064,9.7674234
1786689742.122332,46.636,7.0,-3.0,5,0,,,,,,,,,,,,,,,,,,,,,,,,,,,0,0.0,-3,0,True,True,False,"A:1,B:1,ESTOP:0,MODE:1",,,,36.967768541666665,127.87267812666667,122.60400000000001,1,0.007056000000000001,-0.007839526899064923,-0.015658900961402128,-0.06882742055635009,0.9974748752816982,-0.005061454830783556,-0.004084070449666731,0.009337511498169663,0.30400615,-0.12748644999999997,9.80665
1786689742.172328,46.686,8.0,-3.0,7,0,,,,,,,,,,,,,,,,,,,,,,,,,,,0,0.0,-3,0,True,True,False,"A:1,B:1,ESTOP:0,MODE:1",,,,36.967768541666665,127.87267812666667,122.60400000000001,1,0.007056000000000001,-0.007842520563356764,-0.015702424652286467,-0.06882766562694875,0.9974741506302796,-0.0056199601914217415,0.005864306286700947,0.0017976891295541594,0.2353596,-0.06864655,9.77723005
1786689742.222348,46.736,9.0,-3.0,8,0,,,,,,,,,,,,,,,,,,,,,,,,,,,0,0.0,-3,0,True,True,False,"A:1,B:1,ESTOP:0,MODE:1",,,,36.967768541666665,127.87267812666667,122.60400000000001,1,0.007056000000000001,-0.007809361070280006,-0.01573100953691424,-0.06881855892962983,0.9974745887316994,0.003298672286269283,0.0026878070480712674,0.002129301687433082,0.4216859499999999,-0.12748644999999997,9.826263299999999
1786689742.272402,46.787,10.0,-3.0,9,0,,,,,,,,,,,,,,,,,,,,,,,,,,,0,0.0,-3,0,True,True,False,"A:1,B:1,ESTOP:0,MODE:1",,,,36.967768498333335,127.87267798833334,122.61099999999999,1,0.007056000000000001,-0.007828566250626903,-0.015755922631718804,-0.0688189799573756,0.9974740159272869,-0.001308996938995747,0.002530727415391778,0.0012915436464758037,0.34323275000000003,-0.1372931,9.81645665
1786689742.322365,46.836,10.0,-3.0,10,0,,,,,,,,,,,,,,,,,,,,,,,,,,,0,0.0,-3,0,True,True,False,"A:1,B:1,ESTOP:0,MODE:1",,,,36.967768498333335,127.87267798833334,122.61099999999999,1,0.007056000000000001,-0.007828566250626903,-0.015755922631718804,-0.0688189799573756,0.9974740159272869,0.0013264502315156904,0.0010995574287564276,0.006387905062299246,0.2745862,-0.0980665,9.79684335
1786689742.372338,46.886,10.0,-3.0,10,0,,,,,,,,,,,,,,,,,,,,,,,,,,,0,0.0,-3,0,True,True,False,"A:1,B:1,ESTOP:0,MODE:1",,,,36.967768498333335,127.87267798833334,122.61099999999999,1,0.007056000000000001,-0.007827643628398934,-0.01573837654540051,-0.06883629150944917,0.9974731056375246,0.00778416846389471,0.003543018381548489,-0.001762782544514273,0.34323275000000003,-0.1176798,9.747810099999999
1786689742.422333,46.936,10.0,-3.0,10,0,,,,,,,,,,,,,,,,,,,,,,,,,,,0,0.0,-3,0,True,True,False,"A:1,B:1,ESTOP:0,MODE:1",,,,36.967768498333335,127.87267798833334,122.61099999999999,1,0.007056000000000001,-0.007837683323900686,-0.015755116887554432,-0.06884523123441355,0.9974721455500669,0.0025656340004316645,-0.006283185307179586,0.012007865253720986,0.37265269999999995,-0.1569064,9.8851032
1786689742.472374,46.986,10.0,-3.0,10,0,,,,,,,,,,,,,,,,,,,,,,,,,,,0,0.0,-3,0,True,True,False,"A:1,B:1,ESTOP:0,MODE:1",,,,36.96776842166667,127.872678225,122.618,1,0.007056000000000001,-0.007820735456713137,-0.01576509142873732,-0.06883630039266808,0.9974727373404297,-0.004956735075663896,0.005009094953223725,-0.0012740903539558606,0.29419949999999995,-0.08825984999999999,9.875296549999998
1786689742.522387,47.037,10.0,-3.0,10,0,,,,,,,,,,,,,,,,,,,,,,,,,,,0,0.0,-3,0,True,True,False,"A:1,B:1,ESTOP:0,MODE:1",,,,36.96776842166667,127.872678225,122.618,1,0.007056000000000001,-0.007813503945852673,-0.015782965213375837,-0.06885366929067499,0.9974713125651143,-0.0024260076602721182,0.003420845333908886,0.014748032179352085,0.34323275000000003,-0.10787314999999999,9.80665
1786689742.572354,47.086,11.0,-3.0,10,0,,,,,,,,,,,,,,,,,,,,,,,,,,,0,0.0,-3,0,True,True,False,"A:1,B:1,ESTOP:0,MODE:1",,,,36.96776842166667,127.872678225,122.618,1,0.007056000000000001,-0.0077962325286095304,-0.01578409889984067,-0.0688620983933454,0.9974708478873682,0.004694935687864747,0.006806784082777886,0.0037000980142279784,0.35303939999999995,-0.1372931,9.71839015
1786689742.622317,47.136,11.0,-3.0,11,0,,,,,,,,,,,,,,,,,,,,,,,,,,,0,0.0,-3,0,True,True,False,"A:1,B:1,ESTOP:0,MODE:1",,,,36.96776842166667,127.872678225,122.618,1,0.007056000000000001,-0.007796094786065042,-0.015784166934203092,-0.06885339381547928,0.9974714487845606,-0.00022689280275926284,-0.009965830028887622,0.004014257279586958,0.24516625,-0.1176798,9.80665
1786689742.672319,47.186,11.0,-3.0,11,0,,,,,,,,,,,,,,,,,,,,,,,,,,,0,0.0,-3,0,True,True,False,"A:1,B:1,ESTOP:0,MODE:1",,,,36.96776839,127.87267799166666,122.626,1,0.007056000000000001,-0.0077884026372411165,-0.015793268609417942,-0.06887941820150704,0.9974695680566965,0.0003665191429188092,-0.0004014257279586958,0.0032812189937493396,0.28439285,-0.0784532,9.77723005
1786689742.722347,47.236,11.0,-3.0,11,0,,,,,,,,,,,,,,,,,,,,,,,,,,,0,0.0,-3,0,True,True,False,"A:1,B:1,ESTOP:0,MODE:1",,,,36.96776839,127.87267799166666,122.626,1,0.007056000000000001,-0.0077968315657864695,-0.015792803605286773,-0.06886214688369854,0.9974707020751976,0.00017453292519943296,-0.005550147021341968,0.006702064327658226,0.3334261,-0.12748644999999997,9.80665
1786689742.772347,47.286,10.0,-3.0,11,0,,,,,,,,,,,,,,,,,,,,,,,,,,,0,0.0,-3,0,True,True,False,"A:1,B:1,ESTOP:0,MODE:1",,,,36.96776839,127.87267799166666,122.626,1,0.007056000000000001,-0.007787527953068636,-0.01578469983441305,-0.06886196064847569,0.9974709158843508,0.004276056667386108,0.011501719770642632,-0.0057421332390613445,0.2745862,-0.16671305,9.757616749999999
1786689742.822348,47.336,10.0,-3.0,10,0,,,,,,,,,,,,,,,,,,,,,,,,,,,0,0.0,-3,0,True,True,False,"A:1,B:1,ESTOP:0,MODE:1",,,,36.96776839,127.87267799166666,122.626,1,0.007056000000000001,-0.007795495824257304,-0.015775462222327702,-0.06885334531861022,0.9974715945203464,-0.004677482395344803,0.007696902001294993,-0.007976154681614086,0.3138128,-0.1569064,9.836069949999999
1786689742.872320,47.386,8.0,-3.0,10,0,,,,,,,,,,,,,,,,,,,,,,,,,,,0,0.0,-3,0,True,True,False,"A:1,B:1,ESTOP:0,MODE:1",,,,36.96776838833333,127.87267796333333,122.638,1,0.007056000000000001,-0.007777762896227999,-0.015767823478410378,-0.06887043078212557,0.9974706742110108,0.0023212879051524586,-0.0037699111843077517,0.0018675022996339325,0.29419949999999995,-0.1372931,9.79684335
1786689742.922338,47.436,5.0,-3.0,8,0,,,,,,,,,,,,,,,,,,,,,,,,,,,0,0.0,-3,0,True,True,False,"A:1,B:1,ESTOP:0,MODE:1",,,,36.96776838833333,127.87267796333333,122.638,1,0.007056000000000001,-0.00773419109358524,-0.01576185383147019,-0.06890451301224504,0.9974687535649768,-0.00017453292519943296,-0.005986479334340551,0.003159045946109736,0.40207265,-0.17651969999999997,9.875296549999998
1786689742.972337,47.486,2.0,-3.0,5,0,,,,,,,,,,,,,,,,,,,,,,,,,,,0,0.0,-3,0,True,True,False,"A:1,B:1,ESTOP:0,MODE:1",,,,36.96776838833333,127.87267796333333,122.638,1,0.007056000000000001,-0.007740447156975552,-0.015717458897409872,-0.06893922846814021,0.9974670068437531,-0.002286381320112572,-0.009128071987930343,-0.0020420352248333657,0.26477955,-0.1569064,9.826263299999999
1786689743.022322,47.536,0.0,-3.0,2,0,,,,,,,,,,,,,,,,,,,,,,,,,,,0,0.0,-3,0,True,True,False,"A:1,B:1,ESTOP:0,MODE:1",,,,36.96776838833333,127.87267796333333,122.638,1,0.007056000000000001,-0.007748774243334909,-0.01569904224145632,-0.06899149649576787,0.9974636183749767,0.011047934165124106,-0.005026548245743669,0.004153883619746504,0.34323275000000003,-0.08825984999999999,9.845876599999999
1786689743.072331,47.586,0.0,-3.0,0,0,,,,,,,,,,,,,,,,,,,,,,,,,,,0,0.0,-3,0,True,True,False,"A:1,B:1,ESTOP:0,MODE:1",,,,36.96776841333333,127.87267793333334,122.642,1,0.007744000000000002,-0.00775835308302092,-0.01570700941069609,-0.06900909072317493,0.9974622013943044,0.001832595714594046,0.0031764992386296795,-0.0009773843811168245,0.3138128,-0.0392266,9.7674234
1786689743.122347,47.636,0.0,-3.0,0,0,,,,,,,,,,,,,,,,,,,,,,,,,,,0,0.0,-3,0,True,True,False,"A:1,B:1,ESTOP:0,MODE:1",,,,36.96776841333333,127.87267793333334,122.642,1,0.007744000000000002,-0.007768258257287598,-0.015723816448062013,-0.06900932436107271,0.9974618433359663,0.0057246799465414016,0.0062482787221397,-0.002670353755551324,0.34323275000000003,-0.08825984999999999,9.80665
1786689743.172343,47.686,0.0,-3.0,0,0,,,,,,,,,,,,,,,,,,,,,,,,,,,0,0.0,-3,0,True,True,False,"A:1,B:1,ESTOP:0,MODE:1",,,,36.96776841333333,127.87267793333334,122.642,1,0.007744000000000002,-0.007771584922309172,-0.01577617982911252,-0.06899220495936917,0.9974621748580944,-0.004886921905584123,0.0048520153205442364,-0.004886921905584123,0.392266,-0.12748644999999997,9.7870367
1786689743.222325,47.736,0.0,-3.0,0,0,,,,,,,,,,,,,,,,,,,,,,,,,,,0,0.0,-3,0,True,True,False,"A:1,B:1,ESTOP:0,MODE:1",,,,36.96776841333333,127.87267793333334,122.642,1,0.007744000000000002,-0.007791394630603642,-0.01580979419268995,-0.06899267386584931,0.9974614556613883,-0.003193952531149623,0.008028514559173916,0.008918632477691025,0.3138128,-0.10787314999999999,9.7281968
1786689743.272374,47.786,0.0,-3.0,0,0,,,,,,,,,,,,,,,,,,,,,,,,,,,0,0.0,-3,0,True,True,False,"A:1,B:1,ESTOP:0,MODE:1",,,,36.96776841166667,127.87267779666666,122.649,1,0.007744000000000002,-0.007768005316539529,-0.01585525910404952,-0.0689750916606279,0.9974621324053127,0.0009773843811168245,0.0005410520681182421,0.011082840750163993,0.38245935,-0.0588399,9.81645665
1786689743.322355,47.836,0.0,-3.0,0,0,,,,,,,,,,,,,,,,,,,,,,,,,,,0,0.0,-3,0,True,True,False,"A:1,B:1,ESTOP:0,MODE:1",,,,36.96776841166667,127.87267779666666,122.649,1,0.007744000000000002,-0.007763823057561766,-0.015925633536681482,-0.06895792857392455,0.9974622305304494,-0.003141592653589793,-0.003490658503988659,-0.0003316125578789226,0.40207265,-0.14709974999999997,9.845876599999999
1786689743.372336,47.886,0.0,-3.0,0,0,,,,,,,,,,,,,,,,,,,,,,,,,,,0,0.0,-3,0,True,True,False,"A:1,B:1,ESTOP:0,MODE:1",,,,36.96776841166667,127.87267779666666,122.649,1,0.007744000000000002,-0.007747013928532059,-0.015935541708675525,-0.06895769846927784,0.997462218887243,-0.008482300164692442,-0.004991641660703782,0.006492624817418906,0.32361945,-0.1372931,9.8654899
1786689743.422329,47.936,0.0,-3.0,0,0,,,,,,,,,,,,,,,,,,,,,,,,,,,0,0.0,-3,0,True,True,False,"A:1,B:1,ESTOP:0,MODE:1",,,,36.96776841166667,127.87267779666666,122.649,1,0.007744000000000002,-0.007748492101579675,-0.01595281573380619,-0.06897520315896215,0.9974607209757659,0.006562437987498679,-0.003351032163829113,0.0029321531433504737,0.37265269999999995,-0.12748644999999997,9.7674234
1786689743.472329,47.986,0.0,-3.0,0,0,,,,,,,,,,,,,,,,,,,,,,,,,,,0,0.0,-3,0,True,True,False,"A:1,B:1,ESTOP:0,MODE:1",,,,36.967768385,127.87267809333333,122.65299999999999,1,0.007744000000000002,-0.007748813541708915,-0.015961655595953746,-0.06895784201955969,0.9974617774447989,0.004747295565424576,0.0018500490071139892,0.007539822368615503,0.34323275000000003,-0.1176798,9.855683249999998
1786689743.522335,48.036,0.0,-3.0,0,0,,,,,,,,,,,,,,,,,,,,,,,,,,,0,0.0,-3,0,True,True,False,"A:1,B:1,ESTOP:0,MODE:1",,,,36.967768385,127.87267809333333,122.65299999999999,1,0.007744000000000002,-0.007756778957515419,-0.015952416888465108,-0.06894922888844174,0.9974624587478519,-0.0016929693744344998,0.0023387411976724015,0.0022165681500327986,0.2353596,-0.17651969999999997,9.826263299999999
1786689743.572346,48.086,0.0,-3.0,0,0,,,,,,,,,,,,,,,,,,,,,,,,,,,0,0.0,-3,0,True,True,False,"A:1,B:1,ESTOP:0,MODE:1",,,,36.967768385,127.87267809333333,122.65299999999999,1,0.007744000000000002,-0.007764605405771707,-0.015943246079194017,-0.06893191107765578,0.9974637414174677,-0.0023387411976724015,-0.002286381320112572,0.0004188790204786391,0.2745862,-0.196133,9.826263299999999
1786689743.622391,48.137,0.0,-3.0,0,0,,,,,,,,,,,,,,,,,,,,,,,,,,,0,0.0,-3,0,True,True,False,"A:1,B:1,ESTOP:0,MODE:1",,,,36.967768385,127.87267809333333,122.65299999999999,1,0.007744000000000002,-0.007719006027618058,-0.01592027456511437,-0.06891366339647267,0.9974657231208472,0.010157816246606997,0.0016057029118347831,-0.0009075712110370514,0.26477955,-0.0784532,9.7674234
1786689743.672341,48.186,0.0,-3.0,0,0,,,,,,,,,,,,,,,,,,,,,,,,,,,0,0.0,-3,0,True,True,False,"A:1,B:1,ESTOP:0,MODE:1",,,,36.967768338333336,127.87267808,122.65700000000001,1,0.007744000000000002,-0.007717573391735296,-0.01591197401676137,-0.06886138846159132,0.997469476887877,0.009197885158010117,0.0028623399732707008,0.0027925268031909274,0.30400615,-0.22555294999999997,9.845876599999999
1786689743.722354,48.236,0.0,-3.0,0,0,,,,,,,,,,,,,,,,,,,,,,,,,,,0,0.0,-3,0,True,True,False,"A:1,B:1,ESTOP:0,MODE:1",,,,36.967768338333336,127.87267808,122.65700000000001,1,0.007744000000000002,-0.007697307522567309,-0.01586958521520074,-0.06886957769742512,0.9974697433956475,0.0005585053606381855,0.0016231562043547264,0.0013264502315156904,0.3334261,-0.0784532,9.875296549999998
1786689743.772325,48.286,0.0,-3.0,0,0,,,,,,,,,,,,,,,,,,,,,,,,,,,0,0.0,-3,0,True,True,False,"A:1,B:1,ESTOP:0,MODE:1",,,,36.967768338333336,127.87267808,122.65700000000001,1,0.007744000000000002,-0.007661567710677954,-0.015854446094411247,-0.06888633836426862,0.9974691019304895,0.00153588974175501,-0.002181661564992912,0.0002617993877991494,0.28439285,-0.0588399,9.80665
1786689743.822349,48.336,0.0,-3.0,0,0,,,,,,,,,,,,,,,,,,,,,,,,,,,0,0.0,-3,0,True,True,False,"A:1,B:1,ESTOP:0,MODE:1",,,,36.967768338333336,127.87267808,122.65700000000001,1,0.007744000000000002,-0.007659872815356559,-0.015950598217040497,-0.06891283207582137,0.9974657519635753,0.0010122909661567112,-0.0076270888312152205,0.0021467549799530253,0.38245935,-0.0196133,9.826263299999999
1786689743.872323,48.386,0.0,-3.0,0,0,,,,,,,,,,,,,,,,,,,,,,,,,,,0,0.0,-3,0,True,True,False,"A:1,B:1,ESTOP:0,MODE:1",,,,36.96776827833333,127.87267820166667,122.66900000000001,1,0.007056000000000001,-0.00767231399935326,-0.016002157821265472,-0.06892195874667276,0.9974641999317472,-0.007225663103256524,-0.006230825429619756,0.0003839724354387525,0.37265269999999995,-0.06864655,9.7870367
1786689743.922348,48.436,0.0,-3.0,0,0,,,,,,,,,,,,,,,,,,,,,,,,,,,0,0.0,-3,0,True,True,False,"A:1,B:1,ESTOP:0,MODE:1",,,,36.96776827833333,127.87267820166667,122.66900000000001,1,0.007056000000000001,-0.007812004880682551,-0.01599232983212615,-0.06895030589732865,0.997461314178625,0.0061959188445798695,0.004921828490624009,0.005061454830783556,0.34323275000000003,-0.29419949999999995,9.836069949999999
1786689743.972322,48.486,0.0,-3.0,0,0,,,,,,,,,,,,,,,,,,,,,,,,,,,0,0.0,-3,0,True,True,False,"A:1,B:1,ESTOP:0,MODE:1",,,,36.96776827833333,127.87267820166667,122.66900000000001,1,0.007056000000000001,-0.007678062865586163,-0.0159670057914244,-0.06888709134343693,0.9974671276402695,-0.008080874436733746,-0.0017976891295541594,0.005148721293383272,0.36284605,0.0392266,9.77723005
1786689744.022343,48.536,0.0,-3.0,0,0,,,,,,,,,,,,,,,,,,,,,,,,,,,0,0.0,-3,0,True,True,False,"A:1,B:1,ESTOP:0,MODE:1",,,,36.96776827833333,127.87267820166667,122.66900000000001,1,0.007056000000000001,-0.007651711919775652,-0.015977914583461008,-0.06883449296500622,0.9974707866040543,-0.0010297442586766543,-0.0033859387488689996,0.002356194490192345,0.3138128,0.0588399,9.855683249999998
1786689744.072335,48.586,0.0,-3.0,0,0,,,,,,,,,,,,,,,,,,,,,,,,,,,0,0.0,-3,0,True,True,False,"A:1,B:1,ESTOP:0,MODE:1",,,,36.96776826,127.87267822333334,122.67699999999999,1,0.007056000000000001,-0.0077552052032736725,-0.01594418602283098,-0.06888824930926053,0.997466815904885,0.003525565089028546,-0.003159045946109736,-0.0029670597283903604,0.32361945,-0.32361945,9.80665
1786689744.122382,48.637,0.0,-3.0,0,0,,,,,,,,,,,,,,,,,,,,,,,,,,,0,0.0,-3,0,True,True,False,"A:1,B:1,ESTOP:0,MODE:1",,,,36.96776826,127.87267822333334,122.67699999999999,1,0.007056000000000001,-0.0077893807038191265,-0.01592410012725701,-0.0689235274473321,0.9974644334248739,0.0054105206811824215,0.003141592653589793,-0.002827433388230814,0.3138128,-0.18632634999999997,9.79684335
1786689744.172376,48.686,0.0,-3.0,0,0,,,,,,,,,,,,,,,,,,,,,,,,,,,0,0.0,-3,0,True,True,False,"A:1,B:1,ESTOP:0,MODE:1",,,,36.96776826,127.87267822333334,122.67699999999999,1,0.007056000000000001,-0.007738802236749933,-0.01584957603409505,-0.06881794675143231,0.9974733039457231,0.007347836150896127,0.003246312408709453,0.0014486232791552935,0.28439285,-0.12748644999999997,9.79684335
1786689744.222341,48.736,0.0,-3.0,0,0,,,,,,,,,,,,,,,,,,,,,,,,,,,0,0.0,-3,0,True,True,False,"A:1,B:1,ESTOP:0,MODE:1",,,,36.96776826,127.87267822333334,122.67699999999999,1,0.007056000000000001,-0.0077201031287738135,-0.01584240927143335,-0.06877409927091224,0.9974765868658934,-0.00710349005561692,-0.0026354471705114374,-0.004590215932745087,0.32361945,-0.17651969999999997,9.79684335
1786689744.272342,48.786,0.0,-3.0,0,0,,,,,,,,,,,,,,,,,,,,,,,,,,,0,0.0,-3,0,True,True,False,"A:1,B:1,ESTOP:0,MODE:1",,,,36.96776824,127.87267810166666,122.68700000000001,1,0.007056000000000001,-0.0077471384378692025,-0.01583116041113835,-0.06887021653570807,0.9974699240981585,0.0009075712110370514,-0.004782202150464463,-0.0019024088846738192,0.3334261,-0.0784532,9.826263299999999
1786689744.322325,48.836,0.0,-3.0,0,0,,,,,,,,,,,,,,,,,,,,,,,,,,,0,0.0,-3,0,True,True,False,"A:1,B:1,ESTOP:0,MODE:1",,,,36.96776824,127.87267810166666,122.68700000000001,1,0.007056000000000001,-0.007791075643862106,-0.015827951401522173,-0.06889702090390072,0.9974677817379919,-0.0010297442586766543,0.004345869837465881,-0.0005235987755982988,0.25497289999999995,-0.1569064,9.77723005
1786689744.372343,48.886,0.0,-3.0,0,0,,,,,,,,,,,,,,,,,,,,,,,,,,,0,0.0,-3,0,True,True,False,"A:1,B:1,ESTOP:0,MODE:1",,,,36.96776824,127.87267810166666,122.68700000000001,1,0.007056000000000001,-0.007753678785054757,-0.015813623683081368,-0.06880932639175454,0.9974743537419001,0.0023387411976724015,-0.0043982297150257105,0.0018151424220741027,0.25497289999999995,-0.10787314999999999,9.81645665
1786689744.422406,48.937,0.0,-3.0,0,0,,,,,,,,,,,,,,,,,,,,,,,,,,,0,0.0,-3,0,True,True,False,"A:1,B:1,ESTOP:0,MODE:1",,,,36.96776824,127.87267810166666,122.68700000000001,1,0.007056000000000001,-0.007692285894587891,-0.015809055109450226,-0.0688170172967313,0.9974743709212,0.0010821041362364843,0.00153588974175501,0.0013788101090755204,0.25497289999999995,-0.00980665,9.845876599999999
1786689744.472378,48.986,0.0,-3.0,0,0,,,,,,,,,,,,,,,,,,,,,,,,,,,0,0.0,-3,0,True,True,False,"A:1,B:1,ESTOP:0,MODE:1",,,,36.967768158333335,127.87267800666666,122.696,1,0.007056000000000001,-0.007666172073989517,-0.015810856729332187,-0.06881660339305319,0.9974745719629446,0.004694935687864747,-0.005707226654021458,0.009773843811168246,0.2745862,-0.1569064,9.757616749999999
1786689744.522339,49.036,0.0,-3.0,0,0,,,,,,,,,,,,,,,,,,,,,,,,,,,0,0.0,-3,0,True,True,False,"A:1,B:1,ESTOP:0,MODE:1",,,,36.967768158333335,127.87267800666666,122.696,1,0.007056000000000001,-0.0077163756080006075,-0.015790248059347187,-0.06876510779744346,0.9974780626977751,-0.0026354471705114374,-0.004468042885105484,0.002495820830351891,0.32361945,-0.21574629999999997,9.8654899
1786689744.572365,49.086,0.0,-3.0,0,0,,,,,,,,,,,,,,,,,,,,,,,,,,,0,0.0,-3,0,True,True,False,"A:1,B:1,ESTOP:0,MODE:1",,,,36.967768158333335,127.87267800666666,122.696,1,0.007056000000000001,-0.007708131306403067,-0.01579962018136264,-0.06875631310349288,0.9974785842925664,-0.0006981317007977319,0.005462880558742251,0.006230825429619756,0.3138128,-0.08825984999999999,9.7281968
1786689744.622326,49.136,0.0,-3.0,0,0,,,,,,,,,,,,,,,,,,,,,,,,,,,0,0.0,-3,0,True,True,False,"A:1,B:1,ESTOP:0,MODE:1",,,,36.967768158333335,127.87267800666666,122.696,1,0.007056000000000001,-0.007693621348579597,-0.015826397437735056,-0.06882581704166406,0.9974734784660869,0.0013962634015954637,-0.0014835298641951802,-0.0061959188445798695,0.36284605,-0.12748644999999997,9.8654899
1786689744.672344,49.186,0.0,-3.0,0,0,,,,,,,,,,,,,,,,,,,,,,,,,,,0,0.0,-3,0,True,True,False,"A:1,B:1,ESTOP:0,MODE:1",,,,36.96776781,127.87267933833333,122.707,2,11.289599999999998,-0.007686114244545529,-0.01584440750844446,-0.06882577389634448,0.9974732533988545,-0.0011344640137963143,-0.0008203047484373349,0.0024260076602721182,0.32361945,-0.06864655,9.80665
1786689744.722410,49.237,0.0,-3.0,0,0,,,,,,,,,,,,,,,,,,,,,,,,,,,0,0.0,-3,0,True,True,False,"A:1,B:1,ESTOP:0,MODE:1",,,,36.96776781,127.87267933833333,122.707,2,11.289599999999998,-0.00773673007409711,-0.015823596882418352,-0.06880039372363564,0.9974749433509275,0.0021467549799530253,0.0038571776469074684,-0.0009424777960769379,0.35303939999999995,-0.18632634999999997,9.836069949999999
1786689744.772338,49.286,0.0,-3.0,0,0,,,,,,,,,,,,,,,,,,,,,,,,,,,0,0.0,-3,0,True,True,False,"A:1,B:1,ESTOP:0,MODE:1",,,,36.96776781,127.87267933833333,122.707,2,11.289599999999998,-0.007730142719099435,-0.01585915115242,-0.06878303786161591,0.9974756267301946,-0.000767944870877505,-0.001361356816555577,6.981317007977319e-05,0.392266,-0.0980665,9.77723005
1786689744.822340,49.336,0.0,-3.0,0,0,,,,,,,,,,,,,,,,,,,,,,,,,,,0,0.0,-3,0,True,True,False,"A:1,B:1,ESTOP:0,MODE:1",,,,36.96776781,127.87267933833333,122.707,2,11.289599999999998,-0.007678651877786166,-0.01587139034252784,-0.06879095939710296,0.9974752834928599,-0.007225663103256524,0.003438298626428829,-0.003665191429188092,0.28439285,-0.1176798,9.79684335
1786689744.872325,49.386,0.0,-3.0,0,0,,,,,,,,,,,,,,,,,,,,,,,,,,,0,0.0,-3,0,True,True,False,"A:1,B:1,ESTOP:0,MODE:1",,,,36.967767726666665,127.87267964666667,122.71799999999999,2,11.289599999999998,-0.0076959226106952374,-0.015870256871572026,-0.0687825317792433,0.997475749601983,0.0037175513067479217,0.006544984694978736,-0.003926990816987242,0.32361945,-0.2353596,9.81645665
1786689744.922336,49.436,0.0,-3.0,0,0,,,,,,,,,,,,,,,,,,,,,,,,,,,0,0.0,-3,0,True,True,False,"A:1,B:1,ESTOP:0,MODE:1",,,,36.967767726666665,127.87267964666667,122.71799999999999,2,11.289599999999998,-0.007704167278234164,-0.01586088465176664,-0.06879132726252944,0.9974752284834305,-0.0030543261909900766,0.008464846872172497,-0.004694935687864747,0.30400615,-0.1372931,9.845876599999999
1786689744.972387,49.487,0.0,-3.0,0,0,,,,,,,,,,,,,,,,,,,,,,,,,,,0,0.0,-3,0,True,True,False,"A:1,B:1,ESTOP:0,MODE:1",,,,36.967767726666665,127.87267964666667,122.71799999999999,2,11.289599999999998,-0.007660505764738769,-0.015863953075689146,-0.06878193051637999,0.9974761639651748,0.002495820830351891,-0.004572762640225144,0.008464846872172497,0.30400615,-0.08825984999999999,9.81645665
1786689745.022385,49.537,0.0,-3.0,0,0,,,,,,,,,,,,,,,,,,,,,,,,,,,0,0.0,-3,0,True,True,False,"A:1,B:1,ESTOP:0,MODE:1",,,,36.967767726666665,127.87267964666667,122.71799999999999,2,11.289599999999998,-0.007652260992685222,-0.015873324839761404,-0.06877313461961787,0.9974766846472268,0.008936085770210968,0.003420845333908886,0.0009948376736367678,0.3138128,-0.12748644999999997,9.79684335
1786689745.072337,49.586,0.0,-3.0,0,0,,,,,,,,,,,,,,,,,,,,,,,,,,,0,0.0,-3,0,True,True,False,"A:1,B:1,ESTOP:0,MODE:1",,,,36.96776766,127.87267984333333,122.72399999999999,2,11.289599999999998,-0.007658434230049757,-0.01583797248722279,-0.06876437949008837,0.9974778028236925,-0.0056199601914217415,-0.0032288591161895096,-0.0009948376736367678,0.3334261,-0.1176798,9.77723005
1786689745.122322,49.636,0.0,-3.0,0,0,,,,,,,,,,,,,,,,,,,,,,,,,,,0,0.0,-3,0,True,True,False,"A:1,B:1,ESTOP:0,MODE:1",,,,36.96776766,127.87267984333333,122.72399999999999,2,11.289599999999998,-0.007675383409357557,-0.01582800057627429,-0.06877331311789205,0.9974772149227596,0.002286381320112572,-0.005340707511102648,-0.0013962634015954637,0.29419949999999995,-0.1569064,9.80665
1786689745.172331,49.686,0.0,-3.0,0,0,,,,,,,,,,,,,,,,,,,,,,,,,,,0,0.0,-3,0,True,True,False,"A:1,B:1,ESTOP:0,MODE:1",,,,36.96776766,127.87267984333333,122.72399999999999,2,11.289599999999998,-0.007642083024491718,-0.015856648867586014,-0.0687554926340911,0.9974782441168228,-0.008307767239493008,-0.0018675022996339325,-0.0015533430342749533,0.40207265,-0.02941995,9.8654899
1786689745.222333,49.736,0.0,-3.0,0,0,,,,,,,,,,,,,,,,,,,,,,,,,,,0,0.0,-3,0,True,True,False,"A:1,B:1,ESTOP:0,MODE:1",,,,36.96776766,127.87267984333333,122.72399999999999,2,11.289599999999998,-0.007592386490581659,-0.015895001690931214,-0.06876355347516509,0.9974774575408163,-0.006562437987498679,0.000593411945678072,-0.0026005405854715507,0.40207265,-0.0196133,9.79684335
1786689745.272344,49.786,0.0,-3.0,0,0,,,,,,,,,,,,,,,,,,,,,,,,,,,0,0.0,-3,0,True,True,False,"A:1,B:1,ESTOP:0,MODE:1",,,,36.96776755,127.87267995333333,122.731,2,11.289599999999998,-0.007619514916983302,-0.01590170674525432,-0.06879013029944184,0.9974753113177307,0.0006806784082777885,0.010873401239924673,-0.005375614096142535,0.35303939999999995,-0.20593965,9.826263299999999
1786689745.322347,49.836,0.0,-3.0,0,0,,,,,,,,,,,,,,,,,,,,,,,,,,,0,0.0,-3,0,True,True,False,"A:1,B:1,ESTOP:0,MODE:1",,,,36.96776755,127.87267995333333,122.731,2,11.289599999999998,-0.007560517009088966,-0.015931957117562495,-0.06879800231926514,0.9974747346182948,0.0006457718232379018,-0.0016231562043547264,0.006178465552059927,0.38245935,-0.1569064,9.836069949999999
1786689745.372319,49.886,0.0,-3.0,0,0,,,,,,,,,,,,,,,,,,,,,,,,,,,0,0.0,-3,0,True,True,False,"A:1,B:1,ESTOP:0,MODE:1",,,,36.96776755,127.87267995333333,122.731,2,11.289599999999998,-0.007535140839219208,-0.015942397220382782,-0.06880633587082338,0.997474185013042,0.006981317007977318,-0.0016929693744344998,0.005532693728822024,0.28439285,-0.0980665,9.81645665
1786689745.422341,49.936,0.0,-3.0,0,0,,,,,,,,,,,,,,,,,,,,,,,,,,,0,0.0,-3,0,True,True,False,"A:1,B:1,ESTOP:0,MODE:1",,,,36.96776755,127.87267995333333,122.731,2,11.289599999999998,-0.007529248978518451,-0.01597761947386391,-0.06883249442225627,0.997471861155681,0.0005759586531581288,0.006440264939859076,-0.003193952531149623,0.32361945,-0.0392266,9.9047165
1786689745.472334,49.986,0.0,-3.0,0,0,,,,,,,,,,,,,,,,,,,,,,,,,,,0,0.0,-3,0,True,True,False,"A:1,B:1,ESTOP:0,MODE:1",,,,36.967767476666666,127.87267995833334,122.74199999999999,2,11.289599999999998,-0.007530586237664901,-0.01599496317673178,-0.06884129091294014,0.9974709660382762,0.0013439035240356337,0.005026548245743669,-0.006667157742618339,0.3334261,-0.08825984999999999,9.757616749999999
1786689745.522370,50.036,0.0,-3.0,0,0,,,,,,,,,,,,,,,,,,,,,,,,,,,0,0.0,-3,0,True,True,False,"A:1,B:1,ESTOP:0,MODE:1",,,,36.967767476666666,127.87267995833334,122.74199999999999,2,11.289599999999998,-0.007521881661103061,-0.015995563929716607,-0.06884115132793328,0.9974710317170575,-0.0009773843811168245,0.0008552113334772215,0.0019024088846738192,0.34323275000000003,-0.10787314999999999,9.80665
1786689745.572375,50.086,0.0,-3.0,0,0,,,,,,,,,,,,,,,,,,,,,,,,,,,0,0.0,-3,0,True,True,False,"A:1,B:1,ESTOP:0,MODE:1",,,,36.967767476666666,127.87267995833334,122.74199999999999,2,11.289599999999998,-0.007514134895127592,-0.016022672248746987,-0.06878892157069832,0.9974742583244578,-0.0004363323129985824,0.001954768762233649,-0.004537856055185257,0.2745862,-0.10787314999999999,9.7674234
1786689745.622324,50.136,0.0,-3.0,0,0,,,,,,,,,,,,,,,,,,,,,,,,,,,0,0.0,-3,0,True,True,False,"A:1,B:1,ESTOP:0,MODE:1",,,,36.967767476666666,127.87267995833334,122.74199999999999,2,11.289599999999998,-0.0075512446486887,-0.01606412418764413,-0.06874618817971698,0.9974762574763867,-0.003473205211468716,-0.004799655442984407,-0.0005061454830783556,0.36284605,-0.16671305,9.826263299999999
1786689745.672338,50.186,0.0,-3.0,0,0,,,,,,,,,,,,,,,,,,,,,,,,,,,0,0.0,-3,0,True,True,False,"A:1,B:1,ESTOP:0,MODE:1",,,,36.96776740666667,127.87268008833334,122.749,2,11.289599999999998,-0.007588631818152786,-0.016105446885003403,-0.06872086683850762,0.9974770522216174,-0.0015184364492350666,-0.0006806784082777885,0.0019024088846738192,0.4707192,-0.02941995,9.7281968
1786689745.722326,50.236,0.0,-3.0,0,0,,,,,,,,,,,,,,,,,,,,,,,,,,,0,0.0,-3,0,True,True,False,"A:1,B:1,ESTOP:0,MODE:1",,,,36.96776740666667,127.87268008833334,122.749,2,11.289599999999998,-0.007608782097803612,-0.01615687441443765,-0.06866919905221877,0.9974796253285934,0.0016057029118347831,0.0067369709126981125,0.0015707963267948964,0.48052585,-0.14709974999999997,9.80665
1786689745.772340,50.286,0.0,-3.0,0,0,,,,,,,,,,,,,,,,,,,,,,,,,,,0,0.0,-3,0,True,True,False,"A:1,B:1,ESTOP:0,MODE:1",,,,36.96776740666667,127.87268008833334,122.749,2,11.289599999999998,-0.007586000497352399,-0.016220002833756027,-0.06861687174234324,0.9974823752913242,0.008325220532012952,0.005881759579220891,-0.0076445421237351634,0.48052585,-0.12748644999999997,9.77723005
1786689745.822333,50.336,0.0,-3.0,0,0,,,,,,,,,,,,,,,,,,,,,,,,,,,0,0.0,-3,0,True,True,False,"A:1,B:1,ESTOP:0,MODE:1",,,,36.96776740666667,127.87268008833334,122.749,2,11.289599999999998,-0.007563296887878334,-0.016265125227330684,-0.0686427909987064,0.9974800296173519,0.002897246558310587,0.006457718232379019,-0.004101523742186674,0.4118793,-0.1176798,9.836069949999999
1786689745.872360,50.386,0.0,-3.0,0,0,,,,,,,,,,,,,,,,,,,,,,,,,,,0,0.0,-3,0,True,True,False,"A:1,B:1,ESTOP:0,MODE:1",,,,36.96776740666667,127.87268001,122.75999999999999,2,11.289599999999998,-0.007548502867214066,-0.016283074165981182,-0.06872964500915879,0.9974738680772965,-0.001762782544514273,-0.0015009831567151233,-0.004677482395344803,0.4216859499999999,-0.08825984999999999,9.79684335
1786689745.922340,50.436,0.0,-3.0,0,0,,,,,,,,,,,,,,,,,,,,,,,,,,,0,0.0,-3,0,True,True,False,"A:1,B:1,ESTOP:0,MODE:1",,,,36.96776740666667,127.87268001,122.75999999999999,2,11.289599999999998,-0.007567421151057347,-0.016308120867002507,-0.06871265780071227,0.9974744858836602,0.0013962634015954637,0.0041887902047863905,0.0058468529941810045,0.392266,-0.21574629999999997,9.914523149999999
1786689745.972335,50.486,0.0,-3.0,0,0,,,,,,,,,,,,,,,,,,,,,,,,,,,0,0.0,-3,0,True,True,False,"A:1,B:1,ESTOP:0,MODE:1",,,,36.96776740666667,127.87268001,122.75999999999999,2,11.289599999999998,-0.0075756383243116175,-0.016334693355323233,-0.06857366380512682,0.9974835538139505,0.005393067388662479,0.0016406094968746698,0.0048520153205442364,0.4118793,-0.17651969999999997,9.826263299999999
1786689746.022336,50.536,0.0,-3.0,0,0,,,,,,,,,,,,,,,,,,,,,,,,,,,0,0.0,-3,0,True,True,False,"A:1,B:1,ESTOP:0,MODE:1",,,,36.96776740666667,127.87268001,122.75999999999999,2,11.289599999999998,-0.007556751067279166,-0.016318612446525004,-0.06855587757679855,0.9974851828728095,0.0002443460952792061,0.0041887902047863905,-0.00783652834145454,0.2745862,-0.16671305,9.7674234
1786689746.072355,50.586,1.0,-3.0,0,0,,,,,,,,,,,,,,,,,,,,,,,,,,,0,0.0,-3,0,True,True,False,"A:1,B:1,ESTOP:0,MODE:1",,,,36.967767261666665,127.87268002166667,122.77199999999999,2,11.289599999999998,-0.007501316586674199,-0.016347213172889778,-0.06878133705096406,0.9974696118400944,0.0020245819323134223,-0.001361356816555577,-0.007138396640656807,0.3138128,-0.06864655,9.757616749999999
1786689746.122328,50.636,3.0,-3.0,1,0,,,,,,,,,,,,,,,,,,,,,,,,,,,0,0.0,-3,0,True,True,False,"A:1,B:1,ESTOP:0,MODE:1",,,,36.967767261666665,127.87268002166667,122.77199999999999,2,11.289599999999998,-0.007585428111870933,-0.016315626337284284,-0.06871298850215504,0.9974742035905911,0.0005759586531581288,-0.003560471674068432,0.008848819307611252,0.21574629999999997,-0.20593965,9.845876599999999
1786689746.172365,50.686,3.0,-3.0,3,0,,,,,,,,,,,,,,,,,,,,,,,,,,,0,0.0,-3,0,True,True,False,"A:1,B:1,ESTOP:0,MODE:1",,,,36.967767261666665,127.87268002166667,122.77199999999999,2,11.289599999999998,-0.007710809334649172,-0.016141853394919692,-0.06855768238056296,0.9974867558895143,0.0017976891295541594,0.0016406094968746698,0.0007504915783575617,0.08825984999999999,-0.25497289999999995,9.79684335
1786689746.222338,50.736,3.0,-3.0,3,0,,,,,,,,,,,,,,,,,,,,,,,,,,,0,0.0,-3,0,True,True,False,"A:1,B:1,ESTOP:0,MODE:1",,,,36.967767261666665,127.87268002166667,122.77199999999999,2,11.289599999999998,-0.007554551778944253,-0.016116484519550795,-0.06872905528690842,0.9974765684633998,0.0005235987755982988,-0.0005759586531581288,-0.00874409955249159,0.3138128,-0.00980665,9.845876599999999
1786689746.272343,50.786,3.0,-3.0,3,0,,,,,,,,,,,,,,,,,,,,,,,,,,,0,0.0,-3,0,True,True,False,"A:1,B:1,ESTOP:0,MODE:1",,,,36.967767185,127.87268009,122.77600000000001,2,12.3904,-0.0074625108679682835,-0.015903677084505078,-0.06880499537733571,0.997475441601377,-0.005026548245743669,0.009512044423369097,-0.003525565089028546,0.08825984999999999,-0.1569064,9.79684335
1786689746.322358,50.836,3.0,-3.0,3,0,,,,,,,,,,,,,,,,,,,,,,,,,,,0,0.0,-3,0,True,True,False,"A:1,B:1,ESTOP:0,MODE:1",,,,36.967767185,127.87268009,122.77600000000001,2,12.3904,-0.007611411274598365,-0.015833663247227348,-0.06858084287837685,0.9974908668838395,0.0028623399732707008,0.0019024088846738192,0.016388641676226754,0.25497289999999995,-0.40207265,9.855683249999998
1786689746.372342,50.886,3.0,-3.0,3,0,,,,,,,,,,,,,,,,,,,,,,,,,,,0,0.0,-3,0,True,True,False,"A:1,B:1,ESTOP:0,MODE:1",,,,36.967767185,127.87268009,122.77600000000001,2,12.3904,-0.007636732753008899,-0.015700962631957978,-0.06854586751882753,0.9974951749915287,0.009494591130849153,-0.0015533430342749533,-0.002827433388230814,0.0588399,-0.08825984999999999,9.7870367
1786689746.422348,50.936,3.0,-3.0,3,0,,,,,,,,,,,,,,,,,,,,,,,,,,,0,0.0,-3,0,True,True,False,"A:1,B:1,ESTOP:0,MODE:1",,,,36.967767185,127.87268009,122.77600000000001,2,12.3904,-0.007469437375900477,-0.01564131975518422,-0.0687256960272785,0.9974850050638203,0.010925761117484502,-0.0010122909661567112,-0.005567600313861911,0.1176798,0.06864655,9.757616749999999
1786689746.472319,50.986,3.0,-3.0,3,0,,,,,,,,,,,,,,,,,,,,,,,,,,,0,0.0,-3,0,True,True,False,"A:1,B:1,ESTOP:0,MODE:1",,,,36.96776711,127.87268012833333,122.787,2,11.833599999999999,-0.007450286638051714,-0.01562536966818344,-0.06869051271243469,0.9974878217377123,0.001710422666954443,0.004694935687864747,-0.00022689280275926284,0.28439285,-0.22555294999999997,9.7281968
1786689746.522348,51.036,3.0,-3.0,3,0,,,,,,,,,,,,,,,,,,,,,,,,,,,0,0.0,-3,0,True,True,False,"A:1,B:1,ESTOP:0,MODE:1",,,,36.96776711,127.87268012833333,122.787,2,11.833599999999999,-0.007647070096723735,-0.015586268653500145,-0.06858904811188445,0.9974939263110839,-0.0009599310885968813,-0.003543018381548489,0.005358160803622592,0.30400615,-0.37265269999999995,9.81645665
1786689746.572324,51.086,3.0,-3.0,3,0,,,,,,,,,,,,,,,,,,,,,,,,,,,0,0.0,-3,0,True,True,False,"A:1,B:1,ESTOP:0,MODE:1",,,,36.96776711,127.87268012833333,122.787,2,11.833599999999999,-0.0075637205706478965,-0.0156174448667251,-0.06870969433377441,0.9974857710521605,0.0032114058236695662,-0.008569566627292158,-0.006161012259539983,0.38245935,-0.0392266,9.80665
1786689746.622322,51.136,3.0,-3.0,3,0,,,,,,,,,,,,,,,,,,,,,,,,,,,0,0.0,-3,0,True,True,False,"A:1,B:1,ESTOP:0,MODE:1",,,,36.96776711,127.87268012833333,122.787,2,11.833599999999999,-0.007390610493665211,-0.015610995281955134,-0.06884615194601283,0.9974777606869559,0.0005410520681182421,-0.0012217304763960308,-0.0064228116473391324,0.2745862,-0.0196133,9.826263299999999
1786689746.672325,51.186,3.0,-3.0,3,0,,,,,,,,,,,,,,,,,,,,,,,,,,,0,0.0,-3,0,True,True,False,"A:1,B:1,ESTOP:0,MODE:1",,,,36.967766938333334,127.87268028833333,122.792,2,11.833599999999999,-0.007530863358323183,-0.01562789097705069,-0.06879624236258025,0.9974798906030522,0.00012217304763960306,-0.00015707963267948965,0.0005061454830783556,0.43149259999999995,-0.28439285,9.836069949999999
1786689746.722366,51.236,3.0,-3.0,3,0,,,,,,,,,,,,,,,,,,,,,,,,,,,0,0.0,-3,0,True,True,False,"A:1,B:1,ESTOP:0,MODE:1",,,,36.967766938333334,127.87268028833333,122.792,2,11.833599999999999,-0.007674378387430713,-0.01568819109091768,-0.06876398596154304,0.997480074393139,0.004084070449666731,-0.004328416544945937,-0.004782202150464463,0.46091255,-0.26477955,9.80665
1786689746.772350,51.286,3.0,-3.0,3,0,,,,,,,,,,,,,,,,,,,,,,,,,,,0,0.0,-3,0,True,True,False,"A:1,B:1,ESTOP:0,MODE:1",,,,36.967766938333334,127.87268028833333,122.792,2,11.833599999999999,-0.00755131666243249,-0.015679182498976263,-0.06876197572617482,0.9974812938331529,-0.0006457718232379018,-0.0027925268031909274,0.005026548245743669,0.24516625,0.0784532,9.7674234
1786689746.822373,51.336,3.0,-3.0,3,0,,,,,,,,,,,,,,,,,,,,,,,,,,,0,0.0,-3,0,True,True,False,"A:1,B:1,ESTOP:0,MODE:1",,,,36.967766938333334,127.87268028833333,122.792,2,11.833599999999999,-0.007493698852486231,-0.015735742436214596,-0.06874388436586233,0.997482084676102,-0.004258603374866164,0.0016929693744344998,0.002007128639793479,0.35303939999999995,-0.0392266,9.80665
1786689746.872334,51.386,0.0,-3.0,3,0,,,,,,,,,,,,,,,,,,,,,,,,,,,0,0.0,-3,0,True,True,False,"A:1,B:1,ESTOP:0,MODE:1",,,,36.96776691833333,127.87268033833334,122.78999999999999,2,11.833599999999999,-0.007627581953389318,-0.01577910560410135,-0.06872881681047129,0.9974814231652195,-0.0002617993877991494,-0.0016929693744344998,0.0022514747350726853,0.4118793,-0.392266,9.8654899
1786689746.922367,51.436,0.0,-3.0,0,0,,,,,,,,,,,,,,,,,,,,,,,,,,,0,0.0,-3,0,True,True,False,"A:1,B:1,ESTOP:0,MODE:1",,,,36.96776691833333,127.87268033833334,122.78999999999999,2,11.833599999999999,-0.007703707174946726,-0.015852112681418215,-0.06879998424639311,0.9974747744113605,0.010873401239924673,0.0009075712110370514,-0.0030543261909900766,0.43149259999999995,-0.16671305,9.8654899
1786689746.972321,51.486,0.0,-3.0,0,0,,,,,,,,,,,,,,,,,,,,,,,,,,,0,0.0,-3,0,True,True,False,"A:1,B:1,ESTOP:0,MODE:1",,,,36.96776691833333,127.87268033833334,122.78999999999999,2,11.833599999999999,-0.0076592634938515885,-0.015837571470834033,-0.06881660721142828,0.9974742009618826,0.001186823891356144,0.0013439035240356337,0.006667157742618339,0.4216859499999999,-0.04903325,9.836069949999999
1786689747.022314,51.536,0.0,-3.0,0,0,,,,,,,,,,,,,,,,,,,,,,,,,,,0,0.0,-3,0,True,True,False,"A:1,B:1,ESTOP:0,MODE:1",,,,36.96776691833333,127.87268033833334,122.78999999999999,2,11.833599999999999,-0.007635267330641877,-0.01587432526958851,-0.06879897142582134,0.9974750172414214,-0.003892084231947355,-0.0003665191429188092,0.004328416544945937,0.4118793,-0.12748644999999997,9.77723005
1786689747.072377,51.586,0.0,-3.0,0,0,,,,,,,,,,,,,,,,,,,,,,,,,,,0,0.0,-3,0,True,True,False,"A:1,B:1,ESTOP:0,MODE:1",,,,36.96776681,127.872680375,122.80099999999999,2,11.833599999999999,-0.0077059184075252505,-0.015878025157368882,-0.06882624090509466,0.9974725338080606,-0.0005235987755982988,0.009512044423369097,-0.001762782544514273,0.29419949999999995,-0.21574629999999997,9.8654899
1786689747.122342,51.636,0.0,-3.0,0,0,,,,,,,,,,,,,,,,,,,,,,,,,,,0,0.0,-3,0,True,True,False,"A:1,B:1,ESTOP:0,MODE:1",,,,36.96776681,127.872680375,122.80099999999999,2,11.833599999999999,-0.007749396448542929,-0.01586604681763854,-0.0688617039678597,0.9974699399679705,0.0012042771838760874,-0.0020420352248333657,0.00799360797413403,0.29419949999999995,-0.1372931,9.81645665
1786689747.172328,51.686,0.0,-3.0,0,0,,,,,,,,,,,,,,,,,,,,,,,,,,,0,0.0,-3,0,True,True,False,"A:1,B:1,ESTOP:0,MODE:1",,,,36.96776681,127.872680375,122.80099999999999,2,11.833599999999999,-0.007681323256913543,-0.015906075242317467,-0.06880855813245974,0.9974734965757941,0.00301941960595019,0.0033335788713091696,-0.0003141592653589793,0.3138128,-0.04903325,9.7870367
1786689747.222360,51.736,0.0,-3.0,0,0,,,,,,,,,,,,,,,,,,,,,,,,,,,0,0.0,-3,0,True,True,False,"A:1,B:1,ESTOP:0,MODE:1",,,,36.96776681,127.872680375,122.80099999999999,2,11.833599999999999,-0.007689151811917837,-0.015896904249440322,-0.06879124028036113,0.9974747769444534,-0.0033859387488689996,-0.0029321531433504737,-0.0012042771838760874,0.28439285,-0.1569064,9.845876599999999
1786689747.272341,51.786,0.0,-3.0,0,0,,,,,,,,,,,,,,,,,,,,,,,,,,,0,0.0,-3,0,True,True,False,"A:1,B:1,ESTOP:0,MODE:1",,,,36.967766766666664,127.87268026166667,122.80799999999999,2,11.833599999999999,-0.007723787697476269,-0.01588559603187497,-0.06881786118766692,0.9974728532265283,-0.004031710572106902,-0.0036302848441482054,-0.00809832772925369,0.34323275000000003,-0.24516625,9.8654899
1786689747.322335,51.836,0.0,-3.0,0,0,,,,,,,,,,,,,,,,,,,,,,,,,,,0,0.0,-3,0,True,True,False,"A:1,B:1,ESTOP:0,MODE:1",,,,36.967766766666664,127.87268026166667,122.80799999999999,2,11.833599999999999,-0.00769587791453706,-0.015861283496564405,-0.06881730266617828,0.9974734943860502,-0.00017453292519943296,-0.00012217304763960306,0.0036302848441482054,0.4118793,-0.0980665,9.7674234
1786689747.372334,51.886,0.0,-3.0,0,0,,,,,,,,,,,,,,,,,,,,,,,,,,,0,0.0,-3,0,True,True,False,"A:1,B:1,ESTOP:0,MODE:1",,,,36.967766766666664,127.87268026166667,122.80799999999999,2,11.833599999999999,-0.00766096561857322,-0.015872724680338988,-0.06877327313789001,0.9974766178306709,0.00809832772925369,-0.0049741883681838385,0.0023387411976724015,0.34323275000000003,-0.06864655,9.836069949999999
1786689747.422344,51.936,0.0,-3.0,0,0,,,,,,,,,,,,,,,,,,,,,,,,,,,0,0.0,-3,0,True,True,False,"A:1,B:1,ESTOP:0,MODE:1",,,,36.967766766666664,127.87268026166667,122.80799999999999,2,11.833599999999999,-0.007678191862934386,-0.015862618594807018,-0.06879961661457559,0.9974748294842929,0.0038571776469074684,0.0032637657012293962,-0.0020420352248333657,0.4118793,-0.1372931,9.7674234
1786689747.472322,51.986,0.0,-3.0,0,0,,,,,,,,,,,,,,,,,,,,,,,,,,,0,0.0,-3,0,True,True,False,"A:1,B:1,ESTOP:0,MODE:1",,,,36.96776675666667,127.87268018833333,122.821,2,11.289599999999998,-0.007687128021770569,-0.015852910989903164,-0.06885193513411086,0.9974713050029115,-0.00019198621771937625,0.004101523742186674,0.003543018381548489,0.3138128,-0.0980665,9.77723005
1786689747.522366,52.036,0.0,-3.0,0,0,,,,,,,,,,,,,,,,,,,,,,,,,,,0,0.0,-3,0,True,True,False,"A:1,B:1,ESTOP:0,MODE:1",,,,36.96776675666667,127.87268018833333,122.821,2,11.289599999999998,-0.007668705050903361,-0.01584560874239588,-0.06882549734878267,0.9974733873949307,0.0045029494701453706,0.012636183784438945,0.0009948376736367678,0.4216859499999999,-0.10787314999999999,9.836069949999999
1786689747.572321,52.086,0.0,-3.0,0,0,,,,,,,,,,,,,,,,,,,,,,,,,,,0,0.0,-3,0,True,True,False,"A:1,B:1,ESTOP:0,MODE:1",,,,36.96776675666667,127.87268018833333,122.821,2,11.289599999999998,-0.00763614306501969,-0.015882896735257546,-0.0688164276448487,0.9974736699264743,-0.004258603374866164,0.002827433388230814,-0.0010122909661567112,0.38245935,-0.18632634999999997,9.81645665
1786689747.622331,52.136,0.0,-3.0,0,0,,,,,,,,,,,,,,,,,,,,,,,,,,,0,0.0,-3,0,True,True,False,"A:1,B:1,ESTOP:0,MODE:1",,,,36.96776675666667,127.87268018833333,122.821,2,11.289599999999998,-0.007611642934915391,-0.015901908528888196,-0.06884221912258223,0.9974717745697111,-0.003612831551628262,0.0020420352248333657,-0.010297442586766544,0.34323275000000003,-0.06864655,9.81645665
1786689747.672326,52.186,0.0,-3.0,0,0,,,,,,,,,,,,,,,,,,,,,,,,,,,0,0.0,-3,0,True,True,False,"A:1,B:1,ESTOP:0,MODE:1",,,,36.967766743333335,127.87268007666667,122.83099999999999,2,11.289599999999998,-0.007585945537892751,-0.0159035122143809,-0.06886791651960486,0.9974701708842185,0.005340707511102648,-0.01420698011123384,-3.490658503988659e-05,0.32361945,-0.1372931,9.747810099999999
1786689747.722327,52.236,0.0,-3.0,0,0,,,,,,,,,,,,,,,,,,,,,,,,,,,0,0.0,-3,0,True,True,False,"A:1,B:1,ESTOP:0,MODE:1",,,,36.967766743333335,127.87268007666667,122.83099999999999,2,11.289599999999998,-0.007612059243298644,-0.01590170925109267,-0.06886833284898032,0.9974699719428012,0.0017278759594743863,-0.0096342174710087,0.007120943348136864,0.36284605,-0.12748644999999997,9.845876599999999
1786689747.772320,52.286,0.0,-3.0,0,0,,,,,,,,,,,,,,,,,,,,,,,,,,,0,0.0,-3,0,True,True,False,"A:1,B:1,ESTOP:0,MODE:1",,,,36.967766743333335,127.87268007666667,122.83099999999999,2,11.289599999999998,-0.007585485107381295,-0.015894741321829768,-0.06887657455527896,0.9974697163781611,0.005829399701661061,-0.0019722220547535923,-0.0036477381366681488,0.36284605,-0.10787314999999999,9.79684335
1786689747.822328,52.336,0.0,-3.0,0,0,,,,,,,,,,,,,,,,,,,,,,,,,,,0,0.0,-3,0,True,True,False,"A:1,B:1,ESTOP:0,MODE:1",,,,36.967766743333335,127.87268007666667,122.83099999999999,2,11.289599999999998,-0.007569413279033668,-0.015913286772001146,-0.06888509444354513,0.997468954429273,-0.005166174585903215,-0.0016580627893946131,-0.0007330382858376184,0.35303939999999995,-0.08825984999999999,9.845876599999999
1786689747.872322,52.386,0.0,-3.0,0,0,,,,,,,,,,,,,,,,,,,,,,,,,,,0,0.0,-3,0,True,True,False,"A:1,B:1,ESTOP:0,MODE:1",,,,36.967766698333335,127.872680055,122.838,1,0.007056000000000001,-0.0076042315092974795,-0.015910882218899528,-0.06888564988007578,0.9974686895992119,-0.007033676885537149,0.002897246558310587,-0.0036302848441482054,0.37265269999999995,-0.21574629999999997,9.7870367
1786689747.922344,52.436,0.0,-3.0,0,0,,,,,,,,,,,,,,,,,,,,,,,,,,,0,0.0,-3,0,True,True,False,"A:1,B:1,ESTOP:0,MODE:1",,,,36.967766698333335,127.872680055,122.838,1,0.007056000000000001,-0.007630484008529548,-0.015909012203421523,-0.06889477095443759,0.997467888996755,-5.235987755982989e-05,-0.0014660765716752368,0.007435102613495843,0.34323275000000003,-0.12748644999999997,9.836069949999999
1786689747.972358,52.486,0.0,-3.0,0,0,,,,,,,,,,,,,,,,,,,,,,,,,,,0,0.0,-3,0,True,True,False,"A:1,B:1,ESTOP:0,MODE:1",,,,36.967766698333335,127.872680055,122.838,1,0.007056000000000001,-0.007577796121931286,-0.015903848694425942,-0.06890259597034767,0.9974678324994678,0.013613568165555772,0.0016057029118347831,-0.000890117918517108,0.37265269999999995,-0.0784532,9.855683249999998
1786689748.022344,52.536,0.0,-3.0,0,0,,,,,,,,,,,,,,,,,,,,,,,,,,,0,0.0,-3,0,True,True,False,"A:1,B:1,ESTOP:0,MODE:1",,,,36.967766698333335,127.872680055,122.838,1,0.007056000000000001,-0.007535150597388338,-0.015915428289034073,-0.06891935712519046,0.9974668129122402,0.002129301687433082,0.007853981633974483,-0.006021385919380436,0.32361945,-0.12748644999999997,9.8654899
1786689748.072330,52.586,0.0,-3.0,0,0,,,,,,,,,,,,,,,,,,,,,,,,,,,0,0.0,-3,0,True,True,False,"A:1,B:1,ESTOP:0,MODE:1",,,,36.967766743333335,127.87267994833333,122.84899999999999,1,0.007056000000000001,-0.0075612642149001374,-0.01591362397902986,-0.06891977376651037,0.9974666153006322,-0.004380776422505767,-0.0022689280275926286,0.002548180707911721,0.29419949999999995,-0.196133,9.80665
1786689748.122322,52.636,0.0,-3.0,0,0,,,,,,,,,,,,,,,,,,,,,,,,,,,0,0.0,-3,0,True,True,False,"A:1,B:1,ESTOP:0,MODE:1",,,,36.967766743333335,127.87267994833333,122.84899999999999,1,0.007056000000000001,-0.0075876555397169105,-0.015911687230970438,-0.06893759942325023,0.9974652139692061,-0.0008377580409572782,0.0003316125578789226,0.0033161255787892262,0.3138128,-0.0784532,9.7870367
1786689748.172346,52.686,0.0,-3.0,0,0,,,,,,,,,,,,,,,,,,,,,,,,,,,0,0.0,-3,0,True,True,False,"A:1,B:1,ESTOP:0,MODE:1",,,,36.967766743333335,127.87267994833333,122.84899999999999,1,0.007056000000000001,-0.007571724016236408,-0.01593016757403446,-0.06895482345434328,0.9974638495097782,-0.0051836278784231585,0.010367255756846317,-0.0005585053606381855,0.36284605,-0.08825984999999999,9.80665
1786689748.222318,52.736,0.0,-3.0,0,0,,,,,,,,,,,,,,,,,,,,,,,,,,,0,0.0,-3,0,True,True,False,"A:1,B:1,ESTOP:0,MODE:1",,,,36.967766743333335,127.87267994833333,122.84899999999999,1,0.007056000000000001,-0.0075715849990108195,-0.01593023364918495,-0.068946118937546,0.9974644512161499,-0.008936085770210968,0.0016231562043547264,-0.010524335389525807,0.3138128,-0.14709974999999997,9.845876599999999
1786689748.272340,52.786,0.0,-3.0,0,0,,,,,,,,,,,,,,,,,,,,,,,,,,,0,0.0,-3,0,True,True,False,"A:1,B:1,ESTOP:0,MODE:1",,,,36.96776673666667,127.87268011333333,122.857,1,0.007744000000000002,-0.0075820889800684976,-0.015955745913901056,-0.06894639720822117,0.9974639444165567,0.0028797932657906437,-0.003839724354387525,0.0037524578917878084,0.38245935,-0.06864655,9.79684335
1786689748.322399,52.837,0.0,-3.0,0,0,,,,,,,,,,,,,,,,,,,,,,,,,,,0,0.0,-3,0,True,True,False,"A:1,B:1,ESTOP:0,MODE:1",,,,36.96776673666667,127.87268011333333,122.857,1,0.007744000000000002,-0.007617367554394828,-0.015962110336099924,-0.06893829632473497,0.9974641337135899,0.0037175513067479217,0.001186823891356144,0.00034906585039886593,0.3138128,-0.08825984999999999,9.7870367
1786689748.372354,52.886,0.0,-3.0,0,0,,,,,,,,,,,,,,,,,,,,,,,,,,,0,0.0,-3,0,True,True,False,"A:1,B:1,ESTOP:0,MODE:1",,,,36.96776673666667,127.87268011333333,122.857,1,0.007744000000000002,-0.007625472333649282,-0.015952804090023646,-0.068938388828611,0.9974642142749129,0.0022689280275926286,-0.003787364476827695,0.01001818990644745,0.29419949999999995,-0.0980665,9.757616749999999
1786689748.422328,52.936,0.0,-3.0,0,0,,,,,,,,,,,,,,,,,,,,,,,,,,,0,0.0,-3,0,True,True,False,"A:1,B:1,ESTOP:0,MODE:1",,,,36.96776673666667,127.87268011333333,122.857,1,0.007744000000000002,-0.007598159295323092,-0.015937199590581926,-0.06893787802319727,0.9974647074549512,-0.002670353755551324,0.003979350694547071,-0.004171336912266448,0.29419949999999995,-0.12748644999999997,9.8654899
1786689748.472335,52.986,0.0,-3.0,0,0,,,,,,,,,,,,,,,,,,,,,,,,,,,0,0.0,-3,0,True,True,False,"A:1,B:1,ESTOP:0,MODE:1",,,,36.96776668333333,127.872679985,122.87,1,0.007744000000000002,-0.007625654196821706,-0.015961708379996345,-0.06891232204596412,0.9974658716637356,-0.005585053606381855,-0.005253441048502932,-0.004468042885105484,0.38245935,-0.1372931,9.7674234
1786689748.522341,53.036,0.0,-3.0,0,0,,,,,,,,,,,,,,,,,,,,,,,,,,,0,0.0,-3,0,True,True,False,"A:1,B:1,ESTOP:0,MODE:1",,,,36.96776668333333,127.872679985,122.87,1,0.007744000000000002,-0.007625654196821706,-0.015961708379996345,-0.06891232204596412,0.9974658716637356,0.00486946861306418,-0.004991641660703782,-0.0012740903539558606,0.3138128,-0.17651969999999997,9.738003449999999
1786689748.572335,53.086,0.0,-3.0,0,0,,,,,,,,,,,,,,,,,,,,,,,,,,,0,0.0,-3,0,True,True,False,"A:1,B:1,ESTOP:0,MODE:1",,,,36.96776668333333,127.872679985,122.87,1,0.007744000000000002,-0.0076121217063238635,-0.01601500621591772,-0.06892973222761659,0.9974639177404169,-0.0005235987755982988,0.003961897402027128,0.0008552113334772215,0.32361945,-0.1176798,9.747810099999999
1786689748.622354,53.136,0.0,-3.0,0,0,,,,,,,,,,,,,,,,,,,,,,,,,,,0,0.0,-3,0,True,True,False,"A:1,B:1,ESTOP:0,MODE:1",,,,36.96776668333333,127.872679985,122.87,1,0.007744000000000002,-0.007598941085686043,-0.015954807832635635,-0.06891185758064776,0.9974662180175249,0.017575465567582896,0.020176006153054447,-0.004921828490624009,0.00980665,-0.08825984999999999,9.9047165
1786689748.672353,53.186,0.0,-3.0,0,0,,,,,,,,,,,,,,,,,,,,,,,,,,,0,0.0,-3,0,True,True,False,"A:1,B:1,ESTOP:0,MODE:1",,,,36.96776662833334,127.87267984333333,122.87899999999999,1,0.007744000000000002,-0.007622643993419909,-0.01578688052539294,-0.06892893206143018,0.9974675293094494,-0.008237954069413234,0.03373721444105039,-0.013386675362796507,0.9414384,0.02941995,9.9635564
1786689748.722346,53.236,0.0,-3.0,0,0,,,,,,,,,,,,,,,,,,,,,,,,,,,0,0.0,-3,0,True,True,False,"A:1,B:1,ESTOP:0,MODE:1",,,,36.96776662833334,127.87267984333333,122.87899999999999,1,0.007744000000000002,-0.007670571488471328,-0.015450754532116898,-0.0689978588762262,0.9974676596200625,0.0045029494701453706,0.02125811028929093,-0.006597344572538566,0.392266,-0.20593965,9.80665
1786689748.772352,53.286,0.0,-3.0,0,0,,,,,,,,,,,,,,,,,,,,,,,,,,,0,0.0,-3,0,True,True,False,"A:1,B:1,ESTOP:0,MODE:1",,,,36.96776662833334,127.87267984333333,122.87899999999999,1,0.007744000000000002,-0.007704064573335331,-0.01541298953778258,-0.06906784207808199,0.9974631423432324,-0.008133234314293577,0.008220500776893291,-0.0002617993877991494,0.53936575,-0.57859235,9.738003449999999
1786689748.822341,53.336,0.0,-3.0,0,0,,,,,,,,,,,,,,,,,,,,,,,,,,,0,0.0,-3,0,True,True,False,"A:1,B:1,ESTOP:0,MODE:1",,,,36.96776662833334,127.87267984333333,122.87899999999999,1,0.007744000000000002,-0.007678201441435504,-0.015536997236416777,-0.06910279031417296,0.997458997307807,0.009302604913129777,0.005881759579220891,0.0030892327760299633,0.7649187,0.30400615,9.9635564
1786689748.872337,53.386,0.0,-3.0,0,0,,,,,,,,,,,,,,,,,,,,,,,,,,,0,0.0,-3,0,True,True,False,"A:1,B:1,ESTOP:0,MODE:1",,,,36.96776650666666,127.87267991833333,122.88999999999999,1,0.008100000000000001,-0.00775733319428748,-0.015462887332721378,-0.06890355373960264,0.9974733195324584,0.0048520153205442364,0.00301941960595019,0.001832595714594046,0.21574629999999997,-0.3334261,9.7674234
1786689748.922340,53.436,0.0,-3.0,0,0,,,,,,,,,,,,,,,,,,,,,,,,,,,0,0.0,-3,0,True,True,False,"A:1,B:1,ESTOP:0,MODE:1",,,,36.96776650666666,127.87267991833333,122.88999999999999,1,0.008100000000000001,-0.007763927017468174,-0.015558639233797507,-0.06890408723940272,0.9974717424289095,-0.0010471975511965976,0.0016929693744344998,-0.011466813185602746,0.3138128,-0.1569064,9.757616749999999
1786689748.972352,53.486,0.0,-3.0,0,0,,,,,,,,,,,,,,,,,,,,,,,,,,,0,0.0,-3,0,True,True,False,"A:1,B:1,ESTOP:0,MODE:1",,,,36.96776650666666,127.87267991833333,122.88999999999999,1,0.008100000000000001,-0.007718625646682483,-0.015517515971167111,-0.06898150889575475,0.9974673833999164,-0.005777039824101231,0.013229595730117017,0.011047934165124106,0.5295591,0.196133,9.8654899
1786689749.022339,53.536,0.0,-3.0,0,0,,,,,,,,,,,,,,,,,,,,,,,,,,,0,0.0,-3,0,True,True,False,"A:1,B:1,ESTOP:0,MODE:1",,,,36.96776650666666,127.87267991833333,122.88999999999999,1,0.008100000000000001,-0.007749422190316037,-0.015481100961805397,-0.06887740188476225,0.9974749046859934,0.00799360797413403,0.03359758810089084,0.0007330382858376184,0.46091255,-0.3138128,9.81645665
1786689749.072329,53.586,0.0,-3.0,0,0,,,,,,,,,,,,,,,,,,,,,,,,,,,0,0.0,-3,0,True,True,False,"A:1,B:1,ESTOP:0,MODE:1",,,,36.967766383333334,127.87267995333333,122.89599999999999,1,0.008100000000000001,-0.007719024083173086,-0.015449028366063891,-0.06875493849457806,0.9974840864005574,0.0012566370614359172,0.008813912722571364,0.000296705972839036,0.24516625,0.17651969999999997,9.845876599999999
1786689749.122392,53.637,0.0,-3.0,0,0,,,,,,,,,,,,,,,,,,,,,,,,,,,0,0.0,-3,0,True,True,False,"A:1,B:1,ESTOP:0,MODE:1",,,,36.967766383333334,127.87267995333333,122.89599999999999,1,0.008100000000000001,-0.007742281804003702,-0.015403636700529154,-0.06876380513000425,0.9974839969407572,0.017819811662862103,0.032724923474893676,-0.004276056667386108,0.4216859499999999,-0.43149259999999995,9.8654899
1786689749.172353,53.686,0.0,-3.0,0,0,,,,,,,,,,,,,,,,,,,,,,,,,,,0,0.0,-3,0,True,True,False,"A:1,B:1,ESTOP:0,MODE:1",,,,36.967766383333334,127.87267995333333,122.89599999999999,1,0.008100000000000001,-0.0076916485009059475,-0.0152931387282146,-0.06880603030549867,0.9974831771236933,0.039112828537192924,0.013753194505715317,-0.01621410875102732,0.784532,-0.1176798,9.649743599999999
1786689749.222319,53.736,0.0,-3.0,0,0,,,,,,,,,,,,,,,,,,,,,,,,,,,0,0.0,-3,0,True,True,False,"A:1,B:1,ESTOP:0,MODE:1",,,,36.967766383333334,127.87267995333333,122.89599999999999,1,0.008100000000000001,-0.0077263917220212405,-0.015317795420865275,-0.06868484356938033,0.9974908823033181,-0.006649704450098395,0.023108159296404925,0.014748032179352085,0.50013915,-0.18632634999999997,10.16949605
1786689749.272319,53.786,0.0,-3.0,0,0,,,,,,,,,,,,,,,,,,,,,,,,,,,0,0.2999303936958313,-3,0,True,True,False,"A:1,B:1,ESTOP:0,MODE:1",,,,36.96776619166667,127.872679865,122.917,1,0.008100000000000001,-0.007723718144712729,-0.015319143697303549,-0.06851074752258605,0.9975028548772674,-0.034417892849328176,0.02790781473938933,0.008203047484373348,2.0201699,-0.40207265,10.032202949999999
1786689749.322332,53.836,0.0,-3.0,0,0,,,,,,,,,,,,,,,,,,,,,,,,,,,0,0.40959274768829346,-3,0,True,True,False,"A:1,B:1,ESTOP:0,MODE:1",,,,36.96776619166667,127.872679865,122.917,1,0.008100000000000001,-0.007658311358553417,-0.01514026016681341,-0.06846541030020228,0.9975092031563626,0.018046704465621368,0.0013788101090755204,-0.001064650843716541,0.9218251,-0.45110589999999995,10.1204628
1786689749.372317,53.886,0.0,-3.0,0,0,,,,,,,,,,,,,,,,,,,,,,,,,,,0,0.5159833431243896,-3,0,True,True,False,"A:1,B:1,ESTOP:0,MODE:1",,,,36.96776619166667,127.872679865,122.917,1,0.008100000000000001,-0.007653047914254575,-0.015193154606378606,-0.06845686180818908,0.9975090260153556,-0.023893557459802373,0.0029146998508305304,0.0009250245035569946,0.9610517,-0.20593965,10.24794925
1786689749.422319,53.936,0.0,-3.0,0,0,,,,,,,,,,,,,,,,,,,,,,,,,,,0,0.47319474816322327,-3,0,True,True,False,"A:1,B:1,ESTOP:0,MODE:1",,,,36.96776619166667,127.872679865,122.917,1,0.008100000000000001,-0.007565596505671397,-0.015217330957245874,-0.06835117099991463,0.9975165722989225,0.0256388867117967,-0.029094638630745476,0.0072082098107365804,0.16671305,0.1372931,9.845876599999999
1786689749.472330,53.986,0.0,-3.0,0,0,,,,,,,,,,,,,,,,,,,,,,,,,,,0,0.7175518870353699,-3,0,True,True,False,"A:1,B:1,ESTOP:0,MODE:1",,,,36.96776603833333,127.87267982333333,122.92500000000001,1,0.008100000000000001,-0.007729000992620022,-0.015084744110496828,-0.06819645114243456,0.9975279229627382,-0.024923301718479025,0.014346606451393388,-0.0035081117965086025,1.7259703999999998,-0.14709974999999997,9.9831697
1786689749.522317,54.036,0.0,-3.0,0,0,,,,,,,,,,,,,,,,,,,,,,,,,,,0,0.48835352063179016,-3,0,True,True,False,"A:1,B:1,ESTOP:0,MODE:1",,,,36.96776603833333,127.87267982333333,122.92500000000001,1,0.008100000000000001,-0.007631744649879231,-0.014820504831265437,-0.06815894740770166,0.997535195869509,0.01595230936322817,0.0027576202181510408,-0.0021991148575128553,-0.99047165,-0.36284605,9.54187045
1786689749.572326,54.086,0.0,-3.0,0,0,,,,,,,,,,,,,,,,,,,,,,,,,,,0,0.711087703704834,-3,0,True,True,False,"A:1,B:1,ESTOP:0,MODE:1",,,,36.96776603833333,127.87267982333333,122.92500000000001,1,0.008100000000000001,-0.007645657085424355,-0.014898324015756574,-0.06815080783184095,0.9975344862515386,0.01382300767579509,-0.02748893571891069,0.00874409955249159,1.6671305,0.40207265,9.669356899999999
1786689749.622314,54.136,0.0,-3.0,0,0,,,,,,,,,,,,,,,,,,,,,,,,,,,0,0.5931535363197327,-3,0,True,True,False,"A:1,B:1,ESTOP:0,MODE:1",,,,36.96776603833333,127.87267982333333,122.92500000000001,1,0.008100000000000001,-0.007692849409515989,-0.01485230363776912,-0.06801206044105113,0.9975442791070365,0.010506882097005864,0.03914773512223281,0.006457718232379019,-0.37265269999999995,-0.7453053999999999,10.0223963
1786689749.672324,54.186,0.0,-3.0,0,0,,,,,,,,,,,,,,,,,,,,,,,,,,,0,0.5623344779014587,-3,0,True,True,False,"A:1,B:1,ESTOP:0,MODE:1",,,,36.96776555833333,127.87267979666666,122.923,1,0.008100000000000001,-0.007598516122322792,-0.015034394503964172,-0.06789829640397498,0.9975500242494487,-0.011449359893082803,-0.05431464632206354,0.009494591130849153,0.24516625,0.29419949999999995,9.67916355
1786689749.722346,54.236,0.0,-3.0,0,0,,,,,,,,,,,,,,,,,,,,,,,,,,,0,0.6472799777984619,-3,0,True,True,False,"A:1,B:1,ESTOP:0,MODE:1",,,,36.96776555833333,127.87267979666666,122.923,1,0.008100000000000001,-0.007662139472818904,-0.015091920045225886,-0.06780379580838594,0.9975550966448031,0.006771877497737999,0.03384193419617005,0.013543754995475998,0.8041453,-0.37265269999999995,9.7674234
1786689749.772317,54.286,0.0,-3.0,0,0,,,,,,,,,,,,,,,,,,,,,,,,,,,0,0.3727194368839264,-3,0,True,True,False,"A:1,B:1,ESTOP:0,MODE:1",,,,36.96776555833333,127.87267979666666,122.923,1,0.008100000000000001,-0.007507725719348766,-0.015015186400833535,-0.06776626284263167,0.9975599790750503,0.01731366617978375,-0.014119713648634126,-0.0019722220547535923,-1.3140911,-0.46091255,9.80665
1786689749.822319,54.336,0.0,-3.0,0,0,,,,,,,,,,,,,,,,,,,,,,,,,,,0,0.6645679473876953,-3,0,True,True,False,"A:1,B:1,ESTOP:0,MODE:1",,,,36.96776555833333,127.87267979666666,122.923,1,0.008100000000000001,-0.007642101840469049,-0.015076426232243896,-0.06770767700631275,0.997562013173082,0.003926990816987242,0.03666936758440086,-0.003193952531149623,2.1672696499999997,0.4118793,9.934136449999999
1786689749.872319,54.386,0.0,-3.0,0,0,,,,,,,,,,,,,,,,,,,,,,,,,,,0,0.3565495014190674,-3,0,True,True,False,"A:1,B:1,ESTOP:0,MODE:1",,,,36.96776525,127.87267957,122.934,1,0.008100000000000001,-0.00752244911817671,-0.014639666132441928,-0.06752981854932,0.9975814836601024,-0.003665191429188092,0.004782202150464463,0.008936085770210968,-1.5494507,-0.6668522,9.42419065
1786689749.922317,54.436,0.0,-3.0,0,0,,,,,,,,,,,,,,,,,,,,,,,,,,,0,0.6147971749305725,-3,0,True,True,False,"A:1,B:1,ESTOP:0,MODE:1",,,,36.96776525,127.87267957,122.934,1,0.008100000000000001,-0.00761833772965601,-0.014633117185797436,-0.06753992907706007,0.9975801676015462,0.019617500792416268,-0.008796459430051421,-0.018081611050661254,1.9809433,0.5883989999999999,9.669356899999999
1786689749.972324,54.486,0.0,-3.0,0,0,,,,,,,,,,,,,,,,,,,,,,,,,,,0,0.3951363265514374,-3,0,True,True,False,"A:1,B:1,ESTOP:0,MODE:1",,,,36.96776525,127.87267957,122.934,1,0.008100000000000001,-0.007556389254410839,-0.014533570699168724,-0.06735576599239845,0.9975945454400527,0.05550147021341968,0.04284783313646079,0.040805797911627424,-0.93163175,-0.4903325,9.836069949999999
1786689750.022369,54.536,0.0,-3.0,0,0,,,,,,,,,,,,,,,,,,,,,,,,,,,0,0.5884197354316711,-3,0,True,True,False,"A:1,B:1,ESTOP:0,MODE:1",,,,36.96776525,127.87267957,122.934,1,0.008100000000000001,-0.007710146588600092,-0.014506520853790478,-0.06723606914722648,0.997601837156453,-0.005340707511102648,-0.041172317054546236,0.011239920382843483,1.2552512,-0.81395195,9.8654899
1786689750.072317,54.586,0.0,-3.0,0,0,,,,,,,,,,,,,,,,,,,,,,,,,,,0,0.5693090558052063,-3,0,True,True,False,"A:1,B:1,ESTOP:0,MODE:1",,,,36.96776492833333,127.87267956333334,122.953,1,0.008100000000000001,-0.007631098268923201,-0.014380960043122868,-0.06719079028187526,0.9976073135401249,-0.03438298626428829,-0.004468042885105484,0.029845130209103034,0.22555294999999997,-0.12748644999999997,9.67916355
1786689750.122318,54.636,0.0,-3.0,0,0,,,,,,,,,,,,,,,,,,,,,,,,,,,0,0.4249367117881775,-3,0,True,True,False,"A:1,B:1,ESTOP:0,MODE:1",,,,36.96776492833333,127.87267956333334,122.953,1,0.008100000000000001,-0.007499844101954663,-0.014372081609935585,-0.0672236341991279,0.9976062242256237,-0.003926990816987242,-0.02234021442552742,-0.052708943410228755,-0.34323275000000003,0.34323275000000003,9.81645665
1786689750.172323,54.686,0.0,-3.0,0,0,,,,,,,,,,,,,,,,,,,,,,,,,,,0,0.40793532133102417,-3,0,True,True,False,"A:1,B:1,ESTOP:0,MODE:1",,,,36.96776492833333,127.87267956333334,122.953,1,0.008100000000000001,-0.007589146541803096,-0.014192779174231021,-0.06698039484817582,0.9976244767346385,0.015533430342749533,0.015742869852988853,-0.052883476335428184,0.36284605,0.45110589999999995,10.2381426
1786689750.222314,54.736,0.0,-3.0,0,0,,,,,,,,,,,,,,,,,,,,,,,,,,,0,0.4780207574367523,-3,0,True,True,False,"A:1,B:1,ESTOP:0,MODE:1",,,,36.96776492833333,127.87267956333334,122.953,1,0.008100000000000001,-0.0074375781066596345,-0.014168540709935128,-0.06689103772889854,0.9976319581677451,-0.002181661564992912,0.01694714703686494,0.0020943951023931952,0.65704555,0.6472389,9.973363049999998
1786689750.272327,54.786,0.0,-3.0,0,0,,,,,,,,,,,,,,,,,,,,,,,,,,,0,0.870430588722229,-3,0,True,True,False,"A:1,B:1,ESTOP:0,MODE:1",,,,36.96776459,127.87267971166666,122.953,1,0.0073960000000000015,-0.007588678471580363,-0.014079877191397928,-0.06686670142852287,0.9976337069573176,0.0019373154697137059,-0.08093091741497706,-0.04207988826558329,2.52030905,-0.0,9.610517
1786689750.322342,54.836,0.0,-3.0,0,0,,,,,,,,,,,,,,,,,,,,,,,,,,,0,0.24280790984630585,-3,0,True,True,False,"A:1,B:1,ESTOP:0,MODE:1",,,,36.96776459,127.87267971166666,122.953,1,0.0073960000000000015,-0.0072336882690629215,-0.013369739283342789,-0.06675399178556521,0.9976536615510486,0.0014486232791552935,-0.11665780720330099,0.057491145560693215,-4.18743955,0.43149259999999995,9.3359308
1786689750.372333,54.886,0.0,-3.0,0,0,,,,,,,,,,,,,,,,,,,,,,,,,,,0,0.6822860240936279,-3,0,True,True,False,"A:1,B:1,ESTOP:0,MODE:1",,,,36.96776459,127.87267971166666,122.953,1,0.0073960000000000015,-0.007324111999674771,-0.013294064631428376,-0.06670265457394318,0.9976574467730799,0.11079350091660004,0.2256710722828668,0.0015184364492350666,-3.3146477,0.36284605,9.69877685
1786689750.422338,54.936,0.0,-3.0,0,0,,,,,,,,,,,,,,,,,,,,,,,,,,,0,0.6026347279548645,-3,0,True,True,False,"A:1,B:1,ESTOP:0,MODE:1",,,,36.96776459,127.87267971166666,122.953,1,0.0073960000000000015,-0.007444535233609018,-0.013698286126149569,-0.06651468005538629,0.9976636372994113,0.016772614111665505,0.1816887751326097,0.011711159280881952,0.8041453,-0.14709974999999997,9.44380395
1786689750.472320,54.986,0.0,-3.0,0,0,,,,,,,,,,,,,,,,,,,,,,,,,,,0,0.6441370844841003,-3,0,True,True,False,"A:1,B:1,ESTOP:0,MODE:1",,,,36.967764165,127.87267950833333,122.95599999999999,1,0.0073960000000000015,-0.007403928708900097,-0.013780773429708572,-0.06634909590242088,0.9976738292629931,0.007871434926494426,0.006492624817418906,0.03131120678077827,0.40207265,0.392266,9.610517
1786689750.522336,55.036,0.0,-3.0,0,0,,,,,,,,,,,,,,,,,,,,,,,,,,,0,0.7189760804176331,-3,0,True,True,False,"A:1,B:1,ESTOP:0,MODE:1",,,,36.967764165,127.87267950833333,122.95599999999999,1,0.0073960000000000015,-0.007435821915068377,-0.013648904075979651,-0.06613130816989904,0.9976898646622155,-0.01869247628885927,-0.05735151922053367,0.015603243512829306,-0.6864655000000001,-1.0395048999999998,9.5516771
1786689750.572367,55.086,0.0,-3.0,0,0,,,,,,,,,,,,,,,,,,,,,,,,,,,0,0.6745538115501404,-3,0,True,True,False,"A:1,B:1,ESTOP:0,MODE:1",,,,36.967764165,127.87267950833333,122.95599999999999,1,0.0073960000000000015,-0.007676698429461987,-0.013747445326314998,-0.06601328975517902,0.9976945031541077,0.0027401669256310974,-0.0064053583548191895,0.026738444140553128,0.67665885,0.0980665,9.6301303
1786689750.622337,55.136,0.0,-3.0,0,0,,,,,,,,,,,,,,,,,,,,,,,,,,,0,0.6565916538238525,-3,0,True,True,False,"A:1,B:1,ESTOP:0,MODE:1",,,,36.967764165,127.87267950833333,122.95599999999999,1,0.0073960000000000015,-0.0077543359419174574,-0.013602513605395838,-0.06599625329295919,0.9976970163576749,0.001780235837034216,0.04253367387110181,0.010105456369047167,0.22555294999999997,-0.6668522,10.0420096
1786689750.672388,55.187,0.0,-3.0,0,0,,,,,,,,,,,,,,,,,,,,,,,,,,,0,0.6565916538238525,-3,0,True,True,False,"A:1,B:1,ESTOP:0,MODE:1",,,,36.9677636,127.87267919833333,122.95500000000001,1,0.0073960000000000015,-0.007362499841785345,-0.01350634525622151,-0.06593811156440592,0.9977051356373883,-0.09042550854582622,-0.07552039673379464,0.027401669256310976,-0.5883989999999999,0.1569064,8.5317855
1786689750.722317,55.236,0.0,-3.0,0,0,,,,,,,,,,,,,,,,,,,,,,,,,,,0,0.7326185703277588,-3,0,True,True,False,"A:1,B:1,ESTOP:0,MODE:1",,,,36.9677636,127.87267919833333,122.95500000000001,1,0.0073960000000000015,-0.0078033394531555,-0.013741051859334852,-0.06572777089328115,0.9977124593391515,0.15227997723650524,0.07874925584998414,-0.004136430327226561,0.77472535,-0.5687857,10.787315
1786689750.772329,55.286,0.0,-3.0,0,0,,,,,,,,,,,,,,,,,,,,,,,,,,,0,0.59661465883255,-3,0,True,True,False,"A:1,B:1,ESTOP:0,MODE:1",,,,36.9677636,127.87267919833333,122.95500000000001,1,0.0073960000000000015,-0.00805559875456461,-0.013760721130613267,-0.06554862125848798,0.9977219693550814,-0.10838494654884787,-0.015132004614790837,0.011606439525762293,1.06892485,-0.48052585,11.395327299999998
1786689750.822408,55.337,0.0,-3.0,0,0,,,,,,,,,,,,,,,,,,,,,,,,,,,0,0.4921826422214508,-3,0,True,True,False,"A:1,B:1,ESTOP:0,MODE:1",,,,36.9677636,127.87267919833333,122.95500000000001,1,0.0073960000000000015,-0.007850294850626242,-0.01359148803938559,-0.06541427537800414,0.9977347427550091,-0.18868754543310698,-0.0522027979271504,0.012618730491919002,0.9512450499999999,-0.04903325,10.44408225
1786689750.872320,55.386,0.0,-3.0,0,0,,,,,,,,,,,,,,,,,,,,,,,,,,,0,0.4332962930202484,-3,0,True,True,False,"A:1,B:1,ESTOP:0,MODE:1",,,,36.96776292,127.872679185,122.97800000000001,1,0.0073960000000000015,-0.00796310559491464,-0.013489387284140298,-0.06520637975345822,0.9977488428554705,-0.09199630487262112,-0.00481710873550435,0.002495820830351891,0.5883989999999999,-0.5491724,10.502922149999998
1786689750.922323,55.436,0.0,-3.0,0,0,,,,,,,,,,,,,,,,,,,,,,,,,,,0,0.39164504408836365,-3,0,True,True,False,"A:1,B:1,ESTOP:0,MODE:1",,,,36.96776292,127.872679185,122.97800000000001,1,0.0073960000000000015,-0.007730340073875556,-0.013602755865491842,-0.06491643248473739,0.9977680410138725,0.01815142422074103,0.004956735075663896,0.006806784082777886,0.5491724,-0.2353596,10.09104285
1786689750.972322,55.486,0.0,-3.0,0,0,,,,,,,,,,,,,,,,,,,,,,,,,,,0,0.2693185806274414,-3,0,True,True,False,"A:1,B:1,ESTOP:0,MODE:1",,,,36.96776292,127.872679185,122.97800000000001,1,0.0073960000000000015,-0.007934452098187524,-0.013835965531988709,-0.0646854364962754,0.997778234295069,0.014433872913993104,-0.025918139392115794,0.018552849948699723,1.1179581,0.2353596,9.855683249999998
1786689751.022316,55.536,0.0,-3.0,0,0,,,,,,,,,,,,,,,,,,,,,,,,,,,0,0.2630603611469269,-3,0,True,True,False,"A:1,B:1,ESTOP:0,MODE:1",,,,36.96776292,127.872679185,122.97800000000001,1,0.0073960000000000015,-0.007878869652141489,-0.013832226729258146,-0.06448439097631246,0.997791739912257,-0.01614429558094755,0.03553490357060455,0.003490658503988659,0.4216859499999999,-0.00980665,9.669356899999999
1786689751.072318,55.586,0.0,-3.0,0,0,,,,,,,,,,,,,,,,,,,,,,,,,,,0,0.21325236558914185,-3,0,True,True,False,"A:1,B:1,ESTOP:0,MODE:1",,,,36.967762308333334,127.872679065,122.989,1,0.0073960000000000015,-0.007947040481887631,-0.013977632520736628,-0.06432069900828492,0.9977997384324073,0.030630528372500482,0.008813912722571364,0.0091106186954104,1.08853815,0.20593965,9.924329799999999
1786689751.122315,55.636,0.0,-3.0,0,0,,,,,,,,,,,,,,,,,,,,,,,,,,,0,0.1765640825033188,-3,0,True,True,False,"A:1,B:1,ESTOP:0,MODE:1",,,,36.967762308333334,127.872679065,122.989,1,0.0073960000000000015,-0.0079487283450381,-0.014197894546572753,-0.06406938499834366,0.9978127837495744,-0.056618480934696055,-0.0028448866807507574,-0.010768681484805013,0.08825984999999999,-0.5982056499999999,10.09104285
1786689751.172317,55.686,0.0,-3.0,0,0,,,,,,,,,,,,,,,,,,,,,,,,,,,0,0.26595547795295715,-3,0,True,True,False,"A:1,B:1,ESTOP:0,MODE:1",,,,36.967762308333334,127.872679065,122.989,1,0.0073960000000000015,-0.007713909331085189,-0.014406868679080757,-0.06384063343997926,0.9978262931290585,0.007609635538695277,0.03960152072775134,-0.00747000919853573,1.0493115499999999,0.7453053999999999,9.46341725
1786689751.222317,55.736,0.0,-3.0,0,0,,,,,,,,,,,,,,,,,,,,,,,,,,,0,0.3534965217113495,-3,0,True,True,False,"A:1,B:1,ESTOP:0,MODE:1",,,,36.967762308333334,127.872679065,122.989,1,0.0073960000000000015,-0.007897552165100992,-0.014466830351931468,-0.06359116731158831,0.9978399184885908,0.026371924997634317,-0.033719761148530446,0.015219271077390554,1.34351105,0.10787314999999999,9.473223899999999
1786689751.272319,55.786,0.0,-3.0,0,0,,,,,,,,,,,,,,,,,,,,,,,,,,,0,0.47857019305229187,-3,0,True,True,False,"A:1,B:1,ESTOP:0,MODE:1",,,,36.96776148833333,127.87267898666667,122.993,1,0.0073960000000000015,-0.007920402500946278,-0.014493985721740505,-0.06325209627023536,0.9978608940726866,0.028379053637427796,0.0005061454830783556,0.011431906600562858,0.8433718999999998,0.37265269999999995,9.826263299999999
1786689751.322320,55.836,0.0,-3.0,0,0,,,,,,,,,,,,,,,,,,,,,,,,,,,0,0.49365362524986267,-3,0,True,True,False,"A:1,B:1,ESTOP:0,MODE:1",,,,36.96776148833333,127.87267898666667,122.993,1,0.0073960000000000015,-0.008275448429577437,-0.014666517179718671,-0.06289263794104566,0.9978782121681599,-0.048712139423161736,-0.016406094968746697,0.022375121010567305,0.5883989999999999,-0.21574629999999997,9.69877685
1786689751.372326,55.886,0.0,-3.0,0,0,,,,,,,,,,,,,,,,,,,,,,,,,,,0,0.5214091539382935,-3,0,True,True,False,"A:1,B:1,ESTOP:0,MODE:1",,,,36.96776148833333,127.87267898666667,122.993,1,0.0073960000000000015,-0.008289030622415745,-0.014807470789995376,-0.06263241076281789,0.9978923849304502,0.007400196028455957,0.009773843811168246,-0.01684242728174528,0.196133,0.1569064,10.0223963
1786689751.422328,55.936,0.0,-3.0,0,0,,,,,,,,,,,,,,,,,,,,,,,,,,,0,0.6325911283493042,-3,0,True,True,False,"A:1,B:1,ESTOP:0,MODE:1",,,,36.96776148833333,127.87267898666667,122.993,1,0.0073960000000000015,-0.008234684000829145,-0.014847955738100735,-0.06234448112671684,0.9979102634319611,0.0199142067652553,0.008674286382411817,0.036023595761162965,0.7256921,0.35303939999999995,9.914523149999999
1786689751.472364,55.986,0.0,-3.0,0,0,,,,,,,,,,,,,,,,,,,,,,,,,,,0,0.5636608004570007,-3,0,True,True,False,"A:1,B:1,ESTOP:0,MODE:1",,,,36.96776085,127.87267888833334,123.00800000000001,1,0.008100000000000001,-0.008343338386665445,-0.014834431992955949,-0.06207614620964223,0.9979262900654392,-0.011850785621041499,0.010506882097005864,-0.020193459445574394,0.196133,-0.50013915,9.77723005
1786689751.522356,56.036,0.0,-3.0,0,0,,,,,,,,,,,,,,,,,,,,,,,,,,,0,0.5495550036430359,-3,0,True,True,False,"A:1,B:1,ESTOP:0,MODE:1",,,,36.96776085,127.87267888833334,123.00800000000001,1,0.008100000000000001,-0.008325967508630787,-0.014731704895924284,-0.061927296211213005,0.9979372049983273,0.0006806784082777885,0.000296705972839036,-0.01137954672300303,-0.3334261,0.12748644999999997,9.8851032
1786689751.572376,56.086,0.0,-3.0,0,0,,,,,,,,,,,,,,,,,,,,,,,,,,,0,0.5609682202339172,-3,0,True,True,False,"A:1,B:1,ESTOP:0,MODE:1",,,,36.96776085,127.87267888833334,123.00800000000001,1,0.008100000000000001,-0.008606348238628814,-0.01498852848297108,-0.06151507573383631,0.9979564971687749,-0.0056374134839416844,0.02464404903815993,0.033562681515850956,0.9512450499999999,-0.38245935,9.9439431
1786689751.622383,56.137,0.0,-3.0,0,0,,,,,,,,,,,,,,,,,,,,,,,,,,,0,0.4573441445827484,-3,0,True,True,False,"A:1,B:1,ESTOP:0,MODE:1",,,,36.96776085,127.87267888833334,123.00800000000001,1,0.008100000000000001,-0.008842237473780839,-0.014784296586525669,-0.06118659166509278,0.9979776753070723,0.007906341511534314,-0.005585053606381855,0.015254177662430441,-0.50013915,-0.37265269999999995,9.7281968
1786689751.672359,56.186,0.0,-3.0,0,0,,,,,,,,,,,,,,,,,,,,,,,,,,,0,0.5802469253540039,-3,0,True,True,False,"A:1,B:1,ESTOP:0,MODE:1",,,,36.96776021666667,127.87267873,122.96100000000001,2,11.833599999999999,-0.008900014702346358,-0.014931245222245553,-0.06095326335728092,0.9979892521167295,0.01733111947230369,-0.010000736613927507,-0.008621926504851989,0.9022117999999999,0.35303939999999995,9.62032365
1786689751.722343,56.236,0.0,-3.0,0,0,,,,,,,,,,,,,,,,,,,,,,,,,,,0,0.5730171203613281,-3,0,True,True,False,"A:1,B:1,ESTOP:0,MODE:1",,,,36.96776021666667,127.87267873,122.96100000000001,2,11.833599999999999,-0.008797946513576599,-0.014922749744519232,-0.06060334084196331,0.9980115944997832,-0.024085543677521744,0.033335788713091695,0.022200588085367873,-0.1176798,-0.00980665,9.924329799999999
1786689751.772259,56.286,0.0,-3.0,0,0,,,,,,,,,,,,,,,,,,,,,,,,,,,0,0.6052412390708923,-3,0,True,True,False,"A:1,B:1,ESTOP:0,MODE:1",,,,36.96776021666667,127.87267873,122.96100000000001,2,11.833599999999999,-0.008963666156413828,-0.014890191396292421,-0.060144159852629886,0.998038383492759,0.02998475654926258,0.014713125594312197,0.009843656981248018,0.28439285,0.04903325,9.9831697
1786689751.822354,56.336,0.0,-3.0,0,0,,,,,,,,,,,,,,,,,,,,,,,,,,,0,0.5441700220108032,-3,0,True,True,False,"A:1,B:1,ESTOP:0,MODE:1",,,,36.96776021666667,127.87267873,122.96100000000001,2,11.833599999999999,-0.0089331286794562,-0.014772814941445707,-0.05975109822555173,0.9980640106784447,-0.003735004599267865,0.01583013631558857,0.021415189921970425,-0.06864655,-0.4118793,9.738003449999999
1786689751.872396,56.387,0.0,-3.0,0,0,,,,,,,,,,,,,,,,,,,,,,,,,,,0,0.6131817698478699,-3,0,True,True,False,"A:1,B:1,ESTOP:0,MODE:1",,,,36.96775942,127.872678275,122.96199999999999,1,0.0073960000000000015,-0.008528646890242454,-0.014641360576239631,-0.05952648973812653,0.9980829072587883,0.035273104182805395,0.01494001839707146,-0.021746802479849347,0.43149259999999995,0.22555294999999997,9.9047165
1786689751.922328,56.436,0.0,-3.0,0,0,,,,,,,,,,,,,,,,,,,,,,,,,,,0,0.6416714787483215,-3,0,True,True,False,"A:1,B:1,ESTOP:0,MODE:1",,,,36.96775942,127.872678275,122.96199999999999,1,0.0073960000000000015,-0.008083542403665305,-0.015186124515044442,-0.059174400564983944,0.9980994080161537,-0.023352505391684132,0.008115781021773632,0.04337143191205909,0.99047165,-0.1372931,9.80665
1786689751.972329,56.486,0.0,-3.0,0,0,,,,,,,,,,,,,,,,,,,,,,,,,,,0,0.7120279669761658,-3,0,True,True,False,"A:1,B:1,ESTOP:0,MODE:1",,,,36.96775942,127.872678275,122.96199999999999,1,0.0073960000000000015,-0.008074285301419461,-0.01497959446968012,-0.058798685888201536,0.9981248079294573,0.013805554383275147,0.015812683023068628,-0.0058468529941810045,0.8727918499999999,0.06864655,9.8851032
1786689752.022333,56.536,0.0,-3.0,0,0,,,,,,,,,,,,,,,,,,,,,,,,,,,0,0.0,-3,0,True,True,False,"A:1,B:1,ESTOP:0,MODE:1",,,,36.96775942,127.872678275,122.96199999999999,1,0.0073960000000000015,-0.007989907796694468,-0.014690310344518849,-0.058386537605082785,0.9981539802965634,0.005462880558742251,0.01853539665617978,0.021694442602289518,0.38245935,-0.40207265,9.54187045
1786689752.072395,56.587,0.0,-3.0,0,0,,,,,,,,,,,,,,,,,,,,,,,,,,,0,0.0,-3,0,True,True,False,"A:1,B:1,ESTOP:0,MODE:1",,,,36.967758535,127.87267803666667,122.97,1,0.0073960000000000015,-0.007990340978889197,-0.014631407008250783,-0.058063991654365495,0.9981736568619519,0.010821041362364843,-0.012199851471440364,-0.029373891311064566,0.7060787999999999,-0.1372931,9.80665
1786689752.122344,56.636,0.0,-3.0,0,0,,,,,,,,,,,,,,,,,,,,,,,,,,,0,0.0,-3,0,True,True,False,"A:1,B:1,ESTOP:0,MODE:1",,,,36.967758535,127.87267803666667,122.97,1,0.0073960000000000015,-0.007898916314754926,-0.014823217696054701,-0.057645594268358726,0.9981958048397296,-0.008482300164692442,-0.0079412480965742,-0.030455995447301053,1.1964112999999998,0.16671305,9.99297635
1786689752.172488,56.687,0.0,-3.0,0,0,,,,,,,,,,,,,,,,,,,,,,,,,,,0,0.016191599890589714,-3,0,True,True,False,"A:1,B:1,ESTOP:0,MODE:1",,,,36.967758535,127.87267803666667,122.97,1,0.0073960000000000015,-0.007756531596006079,-0.014756156484830517,-0.05715536254731601,0.9982261049459086,0.02530727415391778,-0.011780972450961725,0.005881759579220891,0.26477955,-0.1372931,9.3555441
1786689752.222434,56.737,0.0,-3.0,0,0,,,,,,,,,,,,,,,,,,,,,,,,,,,0,0.04508122801780701,-3,0,True,True,False,"A:1,B:1,ESTOP:0,MODE:1",,,,36.967758535,127.87267803666667,122.97,1,0.0073960000000000015,-0.007942746734459844,-0.014968317873534611,-0.056549629471597446,0.9982559800176376,-0.01403244718603441,0.0014486232791552935,0.046705010783368264,0.7158854499999999,-0.1372931,9.855683249999998
1786689752.272455,56.787,0.0,-3.0,0,0,,,,,,,,,,,,,,,,,,,,,,,,,,,0,0.2550465762615204,-3,0,True,True,False,"A:1,B:1,ESTOP:0,MODE:1",,,,36.967757391666666,127.87267822166666,122.969,1,0.0073960000000000015,-0.0075448168234182895,-0.015317130859840466,-0.05610977790580369,0.9982785954154706,-0.0037000980142279784,0.008761552845011534,0.01213003830136059,0.99047165,1.01008495,9.9831697
1786689752.322359,56.836,0.0,-3.0,0,0,,,,,,,,,,,,,,,,,,,,,,,,,,,0,0.1497964859008789,-3,0,True,True,False,"A:1,B:1,ESTOP:0,MODE:1",,,,36.967757391666666,127.87267822166666,122.969,1,0.0073960000000000015,-0.007942373036639822,-0.015255481430239685,-0.05549725072651849,0.9983106952039914,-0.011501719770642632,0.0033684854563490563,0.0360759556387228,0.196133,-0.77472535,9.894909849999998
1786689752.372358,56.886,0.0,-3.0,0,0,,,,,,,,,,,,,,,,,,,,,,,,,,,0,0.2783270478248596,-3,0,True,True,False,"A:1,B:1,ESTOP:0,MODE:1",,,,36.967757391666666,127.87267822166666,122.969,1,0.0073960000000000015,-0.007894056439506084,-0.015480322676027619,-0.05497507289406394,0.9983365088200814,-0.009005898940290741,-0.03159045946109736,0.030124382889422128,1.0493115499999999,0.1372931,9.659550249999999
1786689752.422327,56.936,0.0,-3.0,0,0,,,,,,,,,,,,,,,,,,,,,,,,,,,0,0.2506106495857239,-3,0,True,True,False,"A:1,B:1,ESTOP:0,MODE:1",,,,36.967757391666666,127.87267822166666,122.969,1,0.0073960000000000015,-0.008036755062215848,-0.015564552393056088,-0.054324498523224914,0.998369673085613,0.004171336912266448,3.490658503988659e-05,0.035273104182805395,0.37265269999999995,-0.50013915,9.7281968
1786689752.472407,56.987,0.0,-3.0,0,0,,,,,,,,,,,,,,,,,,,,,,,,,,,0,0.23631618916988373,-3,0,True,True,False,"A:1,B:1,ESTOP:0,MODE:1",,,,36.96775629166667,127.87267810166666,122.971,1,0.0073960000000000015,-0.007880191759886334,-0.015734039145594444,-0.05380026607390067,0.9983966516171665,0.0037175513067479217,-0.0033161255787892262,0.04516912104161325,0.17651969999999997,0.1372931,9.747810099999999
1786689752.522454,57.037,0.0,-3.0,0,0,,,,,,,,,,,,,,,,,,,,,,,,,,,0,0.24523793160915375,-3,0,True,True,False,"A:1,B:1,ESTOP:0,MODE:1",,,,36.96775629166667,127.87267810166666,122.971,1,0.0073960000000000015,-0.007694120685501405,-0.016149049367522553,-0.053355141548769885,0.9984153632540481,-0.0029670597283903604,-0.011711159280881952,0.01658062789394613,0.196133,0.18632634999999997,9.8654899
1786689752.572314,57.086,0.0,-3.0,0,0,,,,,,,,,,,,,,,,,,,,,,,,,,,0,0.24523793160915375,-3,0,True,True,False,"A:1,B:1,ESTOP:0,MODE:1",,,,36.96775629166667,127.87267810166666,122.971,1,0.0073960000000000015,-0.008072521783464882,-0.016395418274833796,-0.05274423150632704,0.99844081982582,-0.0183434104384604,0.038641589639154456,0.037576938795437914,0.30400615,-0.7943386499999999,9.67916355
1786689752.622327,57.136,0.0,-3.0,0,0,,,,,,,,,,,,,,,,,,,,,,,,,,,0,0.11463765054941177,-3,0,True,True,False,"A:1,B:1,ESTOP:0,MODE:1",,,,36.96775629166667,127.87267810166666,122.971,1,0.0073960000000000015,-0.008483476702387608,-0.016080970384747772,-0.05218302135880259,0.9984720152795429,0.004118977034706617,-0.007871434926494426,0.0222529479629277,0.196133,-0.5295591,9.52225715
1786689752.672378,57.186,0.0,-3.0,0,0,,,,,,,,,,,,,,,,,,,,,,,,,,,0,0.1636243313550949,-3,0,True,True,False,"A:1,B:1,ESTOP:0,MODE:1",,,,36.96775516833333,127.87267764333333,122.98500000000001,1,0.0073960000000000015,-0.008500580926998529,-0.01625029037441629,-0.05163548101187579,0.9984975940318149,-0.004886921905584123,0.03152064629101759,0.02064724505109292,0.65704555,-0.2745862,9.757616749999999
1786689752.722390,57.237,0.0,-3.0,0,0,,,,,,,,,,,,,,,,,,,,,,,,,,,0,0.1187153160572052,-3,0,True,True,False,"A:1,B:1,ESTOP:0,MODE:1",,,,36.96775516833333,127.87267764333333,122.98500000000001,1,0.0073960000000000015,-0.008518418901778518,-0.01611427603389181,-0.05102513738449856,0.9985310220530008,0.006021385919380436,0.02035053907825388,0.03255039054969425,0.1372931,0.1569064,9.757616749999999
1786689752.772319,57.286,0.0,-3.0,0,0,,,,,,,,,,,,,,,,,,,,,,,,,,,0,0.09468480199575424,-3,0,True,True,False,"A:1,B:1,ESTOP:0,MODE:1",,,,36.96775516833333,127.87267764333333,122.98500000000001,1,0.0073960000000000015,-0.008589359713564235,-0.015854259913414877,-0.0502928898437707,0.9985717253024298,0.010733774899765127,0.026563911215353696,0.03389429407372988,0.26477955,-0.37265269999999995,9.60071035
1786689752.822381,57.337,0.0,-3.0,0,0,,,,,,,,,,,,,,,,,,,,,,,,,,,0,0.14973396062850952,-3,0,True,True,False,"A:1,B:1,ESTOP:0,MODE:1",,,,36.96775516833333,127.87267764333333,122.98500000000001,1,0.0073960000000000015,-0.00831534928458474,-0.015654647475911835,-0.04962511940434667,0.9986106020380439,-0.0016231562043547264,-0.01853539665617978,0.01382300767579509,0.53936575,0.4118793,9.79684335
1786689752.872431,57.387,0.0,-3.0,0,0,,,,,,,,,,,,,,,,,,,,,,,,,,,0,0.12200802564620972,-3,0,True,True,False,"A:1,B:1,ESTOP:0,MODE:1",,,,36.96775384833333,127.87267734666666,122.977,1,0.0073960000000000015,-0.00836622615178392,-0.015648088046860503,-0.04900727608404471,0.9986407915217949,0.03488913174736665,0.028152160834668535,0.021676989309769572,-0.392266,0.02941995,9.99297635
1786689752.922329,57.436,0.0,-3.0,0,0,,,,,,,,,,,,,,,,,,,,,,,,,,,0,0.161745086312294,-3,0,True,True,False,"A:1,B:1,ESTOP:0,MODE:1",,,,36.96775384833333,127.87267734666666,122.977,1,0.0073960000000000015,-0.00828014810873699,-0.015351554718953305,-0.048341922147303346,0.9986785406115987,-0.0018151424220741027,0.015638150097869192,0.03560471674068432,0.2353596,0.04903325,9.659550249999999
1786689752.972439,57.487,0.0,-3.0,0,0,,,,,,,,,,,,,,,,,,,,,,,,,,,0,0.2213124781847,-3,0,True,True,False,"A:1,B:1,ESTOP:0,MODE:1",,,,36.96775384833333,127.87267734666666,122.977,1,0.0073960000000000015,-0.008302032424351999,-0.015687978159195343,-0.04761235725637935,0.9987081791170994,0.0017278759594743863,-0.013264502315156905,0.02410299697004169,-0.36284605,-0.2745862,9.502643849999998
1786689753.022341,57.536,0.0,-3.0,0,0,,,,,,,,,,,,,,,,,,,,,,,,,,,0,0.24907511472702026,-3,0,True,True,False,"A:1,B:1,ESTOP:0,MODE:1",,,,36.96775384833333,127.87267734666666,122.977,1,0.0073960000000000015,-0.008063305293283463,-0.01607171697392957,-0.04686138105261565,0.9987395526297628,-0.02871066619530672,-0.0029670597283903604,0.04316199240181977,0.35303939999999995,0.04903325,9.8851032
1786689753.072390,57.587,0.0,-3.0,0,0,,,,,,,,,,,,,,,,,,,,,,,,,,,0,0.20951364934444427,-3,0,True,True,False,"A:1,B:1,ESTOP:0,MODE:1",,,,36.967752595,127.87267679333333,122.975,1,0.0073960000000000015,-0.008352312624563329,-0.016141942690145208,-0.04618685462871671,0.9987674659396528,0.0014835298641951802,-0.022636920398366452,0.027401669256310976,0.46091255,-0.43149259999999995,10.051816249999998
1786689753.122305,57.636,0.0,-3.0,0,0,,,,,,,,,,,,,,,,,,,,,,,,,,,0,0.160338893532753,-3,0,True,True,False,"A:1,B:1,ESTOP:0,MODE:1",,,,36.967752595,127.87267679333333,122.975,1,0.0073960000000000015,-0.008498918296784369,-0.016140104946457904,-0.04555312114646188,0.9987953637026543,-0.015254177662430441,-0.001954768762233649,0.015917402778188285,0.6472389,-0.26477955,9.7281968
1786689753.172332,57.686,0.0,-3.0,0,0,,,,,,,,,,,,,,,,,,,,,,,,,,,0,0.24829699099063873,-3,0,True,True,False,"A:1,B:1,ESTOP:0,MODE:1",,,,36.967752595,127.87267679333333,122.975,1,0.0073960000000000015,-0.00862935046581419,-0.015991123721847602,-0.04486586812372829,0.9988277489888608,0.03715805977495928,0.01494001839707146,0.02145009650701031,-0.08825984999999999,-0.00980665,10.1204628
1786689753.222326,57.736,0.0,-3.0,0,0,,,,,,,,,,,,,,,,,,,,,,,,,,,0,0.24313238263130188,-3,0,True,True,False,"A:1,B:1,ESTOP:0,MODE:1",,,,36.967752595,127.87267679333333,122.975,1,0.0073960000000000015,-0.008660058946659265,-0.015933670512521578,-0.044229817511955795,0.9988567688942683,0.0048520153205442364,-0.013631021458075715,0.017558012275062956,0.93163175,0.34323275000000003,9.5124505
1786689753.272327,57.786,0.0,-3.0,0,0,,,,,,,,,,,,,,,,,,,,,,,,,,,0,0.41571107506752014,-3,0,True,True,False,"A:1,B:1,ESTOP:0,MODE:1",,,,36.96775131,127.87267666666666,122.99699999999999,1,0.0073960000000000015,-0.008688352162782418,-0.015614295585450973,-0.04360068865355417,0.998889226220306,-0.00905825881785057,0.0054105206811824215,0.03488913174736665,-0.4707192,0.40207265,9.99297635
1786689753.322383,57.837,0.0,-3.0,0,0,,,,,,,,,,,,,,,,,,,,,,,,,,,0,0.41571107506752014,-3,0,True,True,False,"A:1,B:1,ESTOP:0,MODE:1",,,,36.96775131,127.87267666666666,122.99699999999999,1,0.0073960000000000015,-0.009081839388777073,-0.015636893332204544,-0.04303189816220194,0.9989100377415334,1.7453292519943296e-05,0.0006457718232379018,0.018430676901060122,1.7357770499999998,-0.8433718999999998,9.953749749999998
1786689753.372522,57.887,0.0,-3.0,0,0,,,,,,,,,,,,,,,,,,,,,,,,,,,0,0.22490426898002625,-3,0,True,True,False,"A:1,B:1,ESTOP:0,MODE:1",,,,36.96775131,127.87267666666666,122.99699999999999,1,0.0073960000000000015,-0.008778812375594181,-0.015461567060308188,-0.04256395255987774,0.9989355246159755,0.0022165681500327986,0.029548424236264,0.008691739674931762,0.0392266,-0.08825984999999999,9.934136449999999
1786689753.422343,57.936,0.0,-3.0,0,0,,,,,,,,,,,,,,,,,,,,,,,,,,,0,0.3168202340602875,-3,0,True,True,False,"A:1,B:1,ESTOP:0,MODE:1",,,,36.96775131,127.87267666666666,122.99699999999999,1,0.0073960000000000015,-0.00850262661847649,-0.014700338879351535,-0.04201421298110434,0.9989726779471987,0.02199114857512855,0.05251695719250937,0.024661502330679878,-0.29419949999999995,0.02941995,9.8654899
1786689753.472331,57.986,0.0,-3.0,0,0,,,,,,,,,,,,,,,,,,,,,,,,,,,0,0.33264556527137756,-3,0,True,True,False,"A:1,B:1,ESTOP:0,MODE:1",,,,36.96775014333333,127.87267566333334,122.99799999999999,1,0.0073960000000000015,-0.008592431480254088,-0.01480699612779236,-0.04131025120912115,0.9989996927586954,-0.00937241808320955,0.01213003830136059,0.03413864016900908,0.5295591,0.06864655,9.9047165
1786689753.522319,58.036,0.0,-3.0,0,0,,,,,,,,,,,,,,,,,,,,,,,,,,,0,0.44920238852500916,-3,0,True,True,False,"A:1,B:1,ESTOP:0,MODE:1",,,,36.96775014333333,127.87267566333334,122.99799999999999,1,0.0073960000000000015,-0.008751297406350026,-0.014884492126664732,-0.04064200834415458,0.9990245711921156,0.00047123889803846896,0.006928957130417489,0.010245082709206713,-0.4216859499999999,0.0392266,9.7085835
1786689753.572452,58.087,0.0,-3.0,0,0,,,,,,,,,,,,,,,,,,,,,,,,,,,0,0.4456288814544678,-3,0,True,True,False,"A:1,B:1,ESTOP:0,MODE:1",,,,36.96775014333333,127.87267566333334,122.99799999999999,1,0.0073960000000000015,-0.008907057593490385,-0.014585022132053933,-0.040188973129464386,0.9990459388302586,-0.029269171555944908,-0.04174827570770436,0.024172810140121466,-0.0980665,-0.8433718999999998,9.855683249999998
1786689753.622317,58.136,0.0,-3.0,0,0,,,,,,,,,,,,,,,,,,,,,,,,,,,0,0.35450974106788635,-3,0,True,True,False,"A:1,B:1,ESTOP:0,MODE:1",,,,36.96775014333333,127.87267566333334,122.99799999999999,1,0.0073960000000000015,-0.009102851482449447,-0.014615643235828008,-0.03977369392732808,0.9990603456944263,-0.012304571226560023,-0.03717551306747922,0.0061959188445798695,0.9120184499999999,-0.21574629999999997,9.77723005
1786689753.672329,58.186,0.0,-3.0,0,0,,,,,,,,,,,,,,,,,,,,,,,,,,,0,0.3569536507129669,-3,0,True,True,False,"A:1,B:1,ESTOP:0,MODE:1",,,,36.967748793333335,127.87267559166666,123.00399999999999,1,0.0073960000000000015,-0.009135047683468414,-0.014749897625620862,-0.03924341492766964,0.9990790488288048,-0.017243853009703977,0.007487462491055674,0.029670597283903602,0.48052585,0.00980665,10.002782999999999
1786689753.722315,58.236,0.0,-3.0,0,0,,,,,,,,,,,,,,,,,,,,,,,,,,,0,0.425030380487442,-3,0,True,True,False,"A:1,B:1,ESTOP:0,MODE:1",,,,36.967748793333335,127.87267559166666,123.00399999999999,1,0.0073960000000000015,-0.00917662381429393,-0.014718816950418084,-0.03860744123574309,0.9991039042482917,0.025499260371637154,0.014311699866353502,0.04399975044277705,-0.0196133,-0.0588399,9.9047165
1786689753.772318,58.286,0.0,-3.0,0,0,,,,,,,,,,,,,,,,,,,,,,,,,,,0,0.4864863455295563,-3,0,True,True,False,"A:1,B:1,ESTOP:0,MODE:1",,,,36.967748793333335,127.87267559166666,123.00399999999999,1,0.0073960000000000015,-0.00897959074212538,-0.014600595913166174,-0.03799339013299573,0.9991309683196125,-0.01101302758008422,0.022165681500327987,0.01911135530933791,0.17651969999999997,0.18632634999999997,9.3359308
1786689753.822322,58.336,0.0,-3.0,0,0,,,,,,,,,,,,,,,,,,,,,,,,,,,0,0.3969496786594391,-3,0,True,True,False,"A:1,B:1,ESTOP:0,MODE:1",,,,36.967748793333335,127.87267559166666,123.00399999999999,1,0.0073960000000000015,-0.009226827013734215,-0.014412299393233833,-0.03748129443393111,0.9991507913508427,-0.010314895879286487,-0.0015882496193148398,0.020996310901491785,0.44129925,-0.99047165,9.79684335
1786689753.872322,58.386,0.0,-3.0,0,0,,,,,,,,,,,,,,,,,,,,,,,,,,,0,0.46426472067832947,-3,0,True,True,False,"A:1,B:1,ESTOP:0,MODE:1",,,,36.967747716666665,127.87267501,122.99099999999999,1,0.0073960000000000015,-0.009334965523843804,-0.01442035192527809,-0.037099352446168236,0.9991639254482193,-0.009843656981248018,-0.005969026041820607,0.015533430342749533,0.00980665,-0.0588399,10.0812362
1786689753.922313,58.436,0.0,-3.0,0,0,,,,,,,,,,,,,,,,,,,,,,,,,,,0,0.5027992725372314,-3,0,True,True,False,"A:1,B:1,ESTOP:0,MODE:1",,,,36.967747716666665,127.87267501,122.99099999999999,1,0.0073960000000000015,-0.009475507615564318,-0.01438418884959879,-0.03665650825181317,0.9991794684987033,0.03530801076784529,0.025656340004316644,0.0009599310885968813,0.18632634999999997,-0.0196133,9.69877685
1786689753.972331,58.486,0.0,-3.0,0,0,,,,,,,,,,,,,,,,,,,,,,,,,,,0,0.6628324389457703,-3,0,True,True,False,"A:1,B:1,ESTOP:0,MODE:1",,,,36.967747716666665,127.87267501,122.99099999999999,1,0.0073960000000000015,-0.009518547782631531,-0.014081417476126522,-0.03616650337762877,0.9992012284637207,-0.01509709802975095,0.012112585008840646,0.026389378290154263,-0.5099457999999999,0.10787314999999999,9.649743599999999
1786689754.022316,58.536,0.0,-3.0,0,0,,,,,,,,,,,,,,,,,,,,,,,,,,,0,0.6449074745178223,-3,0,True,True,False,"A:1,B:1,ESTOP:0,MODE:1",,,,36.967747716666665,127.87267501,122.99099999999999,1,0.0073960000000000015,-0.009726081652054413,-0.013991423852891706,-0.03564563042868012,0.999219211397383,0.0056374134839416844,-0.018500490071139894,0.034330626386728465,0.46091255,-0.16671305,9.79684335
1786689754.072318,58.586,0.0,-3.0,0,0,,,,,,,,,,,,,,,,,,,,,,,,,,,0,0.6538041830062866,-3,0,True,True,False,"A:1,B:1,ESTOP:0,MODE:1",,,,36.96774636333333,127.872674945,122.99000000000001,1,0.0073960000000000015,-0.00970600041290772,-0.013123719509727983,-0.03513248541860145,0.9992493532700065,-0.020507618710933373,-0.013386675362796507,0.011047934165124106,0.35303939999999995,-0.02941995,9.99297635
1786689754.122319,58.636,0.0,-3.0,0,0,,,,,,,,,,,,,,,,,,,,,,,,,,,0,0.5871985554695129,-3,0,True,True,False,"A:1,B:1,ESTOP:0,MODE:1",,,,36.96774636333333,127.872674945,122.99000000000001,1,0.0073960000000000015,-0.009894450723645644,-0.012928969740946657,-0.03471482919836338,0.9992646407333963,-0.022078415037728265,-0.02028072590817411,0.027611108766550294,0.5982056499999999,-0.4707192,9.659550249999999
1786689754.172332,58.686,0.0,-3.0,0,0,,,,,,,,,,,,,,,,,,,,,,,,,,,0,0.4121045172214508,-3,0,True,True,False,"A:1,B:1,ESTOP:0,MODE:1",,,,36.96774636333333,127.872674945,122.99000000000001,1,0.0073960000000000015,-0.009994810507661815,-0.01320861226781172,-0.03432619125619925,0.9992734104932031,-0.013194689145077132,0.01499237827463129,0.025185101106278175,1.3729310000000001,-0.3138128,10.0223963
1786689754.222316,58.736,0.0,-3.0,0,0,,,,,,,,,,,,,,,,,,,,,,,,,,,0,0.43350476026535034,-3,0,True,True,False,"A:1,B:1,ESTOP:0,MODE:1",,,,36.96774636333333,127.872674945,122.99000000000001,1,0.0073960000000000015,-0.010035353413166768,-0.013063737009925717,-0.033811026001706344,0.99929247219116,0.027593655474030348,0.028728119487826664,0.02129301687433082,0.7060787999999999,0.4118793,10.208722649999999
1786689754.272315,58.786,0.0,-3.0,0,0,,,,,,,,,,,,,,,,,,,,,,,,,,,0,0.5439397692680359,-3,0,True,True,False,"A:1,B:1,ESTOP:0,MODE:1",,,,36.967745003333334,127.87267461166667,123.00299999999999,1,0.0073960000000000015,-0.010045049663009351,-0.012780422346258109,-0.03327677347974062,0.9993139717469666,0.024661502330679878,0.05721189288037412,0.016179202165987436,-0.61781895,-0.3334261,9.67916355
1786689754.322317,58.836,0.0,-3.0,0,0,,,,,,,,,,,,,,,,,,,,,,,,,,,0,0.5503796935081482,-3,0,True,True,False,"A:1,B:1,ESTOP:0,MODE:1",,,,36.967745003333334,127.87267461166667,123.00299999999999,1,0.0073960000000000015,-0.010155692559755866,-0.012886171610154177,-0.032799556890137034,0.9993272724976918,-0.005689773361501515,0.011414453308042916,0.030543261909900768,0.36284605,-0.06864655,9.67916355
1786689754.372316,58.886,0.0,-3.0,0,0,,,,,,,,,,,,,,,,,,,,,,,,,,,0,0.7689456343650818,-3,0,True,True,False,"A:1,B:1,ESTOP:0,MODE:1",,,,36.967745003333334,127.87267461166667,123.00299999999999,1,0.0073960000000000015,-0.010282480800867964,-0.012406504949621736,-0.03232600549995203,0.9993474764024431,0.0016057029118347831,-0.001117010721276371,0.01556833692778942,-1.0983448,-0.21574629999999997,9.7281968
1786689754.422341,58.936,0.0,-3.0,0,0,,,,,,,,,,,,,,,,,,,,,,,,,,,0,0.7719711065292358,-3,0,True,True,False,"A:1,B:1,ESTOP:0,MODE:1",,,,36.967745003333334,127.87267461166667,123.00299999999999,1,0.0073960000000000015,-0.010459716409382645,-0.01239660742855183,-0.0318747023911578,0.999360256266164,-0.0062482787221397,-0.011763519158441782,0.01630137521362704,0.196133,-0.4216859499999999,9.659550249999999
1786689754.472317,58.986,0.0,-3.0,0,0,,,,,,,,,,,,,,,,,,,,,,,,,,,0,0.8400008082389832,-3,0,True,True,False,"A:1,B:1,ESTOP:0,MODE:1",,,,36.96774368,127.87267396833333,123.00999999999999,1,0.0073960000000000015,-0.010592098637460086,-0.012326640683207116,-0.031474578080046674,0.9993724092202089,-0.027785641691749727,-0.017016960206944712,0.002286381320112572,-0.1569064,-0.4118793,9.9831697
1786689754.522315,59.036,0.0,10.0,0,0,,,,,,,,,,,,,,,,,,,,,,,,,,,0,0.8086763620376587,-3,0,True,True,False,"A:1,B:1,ESTOP:0,MODE:1",,,,36.96774368,127.87267396833333,123.00999999999999,1,0.0073960000000000015,-0.010489757575111681,-0.012254558330112537,-0.031149946944254443,0.9993845464041954,0.0013439035240356337,-0.0004886921905584122,0.01706932008450454,0.4707192,-0.25497289999999995,9.63993695
1786689754.572318,59.086,0.0,13.0,0,0,,,,,,,,,,,,,,,,,,,,,,,,,,,0,0.773367166519165,-3,0,True,True,False,"A:1,B:1,ESTOP:0,MODE:1",,,,36.96774368,127.87267396833333,123.00999999999999,1,0.0073960000000000015,-0.01050476042771262,-0.012021658715857322,-0.030825283293872754,0.9993972841867885,-0.01947787445225672,-0.021153390534171274,0.029967303256742638,0.40207265,-0.57859235,9.54187045
1786689754.622314,59.136,0.0,14.0,0,0,,,,,,,,,,,,,,,,,,,,,,,,,,,0,0.7609443664550781,-3,0,True,True,False,"A:1,B:1,ESTOP:0,MODE:1",,,,36.96774368,127.87267396833333,123.00999999999999,1,0.0073960000000000015,-0.010448573249524914,-0.011756468490825385,-0.03045583084765504,0.9994123549031465,0.005986479334340551,-0.006492624817418906,0.04653047785816882,0.28439285,-0.6962721499999999,9.561483749999999
1786689754.672319,59.186,0.0,16.0,0,0,,,,,,,,,,,,,,,,,,,,,,,,,,,0,0.6506998538970947,-1,0,True,True,False,"A:1,B:1,ESTOP:0,MODE:1",,,,36.967742335,127.872674085,123.024,1,0.008100000000000001,-0.010569638211161017,-0.011689629446830592,-0.029802561972973544,0.9994315597435014,-0.06579891280018622,0.008779006137531478,0.03728023282259888,0.9022117999999999,-0.16671305,9.05153795
1786689754.722317,59.236,0.0,18.0,0,0,,,,,,,,,,,,,,,,,,,,,,,,,,,0,0.8341792821884155,1,0,True,True,False,"A:1,B:1,ESTOP:0,MODE:1",,,,36.967742335,127.872674085,123.024,1,0.008100000000000001,-0.01042936938007447,-0.010578906883451786,-0.02954621368544481,0.9994530185258031,0.0008028514559173916,-0.03885102914939378,-0.035342917352885174,-0.7551120499999999,-0.28439285,9.52225715
1786689754.772401,59.287,0.0,20.0,0,0,,,,,,,,,,,,,,,,,,,,,,,,,,,0,0.8200356960296631,5,0,True,True,False,"A:1,B:1,ESTOP:0,MODE:1",,,,36.967742335,127.872674085,123.024,1,0.008100000000000001,-0.010440605853410523,-0.010738429708543773,-0.030140917320538082,0.9994334419959564,-0.008639379797371931,0.03396410724380965,-0.01579522973054868,0.37265269999999995,-0.0588399,9.826263299999999
1786689754.822317,59.336,0.0,25.0,0,0,,,,,,,,,,,,,,,,,,,,,,,,,,,0,0.8311970829963684,7,0,True,True,False,"A:1,B:1,ESTOP:0,MODE:1",,,,36.967742335,127.872674085,123.024,1,0.008100000000000001,-0.010451643525416892,-0.010646808316639104,-0.031396051430642134,0.9993956656774388,-0.03022910264454179,-0.01916371518689774,-0.07653268769995135,0.34323275000000003,0.43149259999999995,10.385242349999999
1786689754.872320,59.386,0.0,29.0,0,0,,,,,,,,,,,,,,,,,,,,,,,,,,,0,0.9436435699462891,10,0,True,True,False,"A:1,B:1,ESTOP:0,MODE:1",,,,36.96774104333333,127.872674095,123.02099999999999,1,0.008100000000000001,-0.010526738111395473,-0.010477902568708296,-0.033174354751172926,0.9993392134452335,0.047106436511326955,0.05592034923389832,-0.07103490055616922,-0.36284605,-0.2353596,10.2381426
1786689754.922315,59.436,0.0,30.0,0,0,,,,,,,,,,,,,,,,,,,,,,,,,,,0,0.8649903535842896,13,0,True,True,False,"A:1,B:1,ESTOP:0,MODE:1",,,,36.96774104333333,127.872674095,123.02099999999999,1,0.008100000000000001,-0.010776500901964683,-0.010745192188694816,-0.03522021782529251,0.9992637009966273,-0.000890117918517108,-0.028728119487826664,-0.05948082090796675,0.61781895,-1.0198915999999998,9.9831697
1786689754.972342,59.486,0.0,30.0,0,0,,,,,,,,,,,,,,,,,,,,,,,,,,,0,1.064133644104004,16,0,True,True,False,"A:1,B:1,ESTOP:0,MODE:1",,,,36.96774104333333,127.872674095,123.02099999999999,1,0.008100000000000001,-0.010798209465596183,-0.010342711406966009,-0.03773659452203988,0.9991758486007198,-0.015585790220309363,0.015254177662430441,-0.10742501546025099,-0.83356525,-0.50013915,10.0812362
1786689755.022325,59.536,0.0,30.0,0,0,,,,,,,,,,,,,,,,,,,,,,,,,,,0,1.0038362741470337,18,0,True,True,False,"A:1,B:1,ESTOP:0,MODE:1",,,,36.96774104333333,127.872674095,123.02099999999999,1,0.008100000000000001,-0.010797368279276031,-0.010353944399601482,-0.04085804281631225,0.9990529680706783,-0.033178709080412205,-0.006876597252857658,-0.1529432023522631,0.61781895,-0.2745862,10.287175849999999
1786689755.072317,59.586,0.0,30.0,0,0,,,,,,,,,,,,,,,,,,,,,,,,,,,0,1.0686684846878052,22,0,True,True,False,"A:1,B:1,ESTOP:0,MODE:1",,,,36.967739646666665,127.87267385333334,123.03299999999999,1,0.009025,-0.01051404239959884,-0.010126232349439974,-0.04466250724932088,0.9988954774034313,0.012007865253720986,0.031119220563058894,-0.15781267096532728,-0.04903325,-0.77472535,9.77723005
1786689755.122331,59.636,0.0,30.0,0,0,,,,,,,,,,,,,,,,,,,,,,,,,,,0,0.928471028804779,24,0,True,True,False,"A:1,B:1,ESTOP:0,MODE:1",,,,36.967739646666665,127.87267385333334,123.03299999999999,1,0.009025,-0.010624566741194786,-0.010043645415227571,-0.04886406617976963,0.998698426355381,-0.07653268769995135,-0.0428129265514209,-0.13514084398192094,1.2160246,-0.9022117999999999,9.7674234
1786689755.172322,59.686,0.0,30.0,0,0,,,,,,,,,,,,,,,,,,,,,,,,,,,0,1.2059588432312012,26,0,True,True,False,"A:1,B:1,ESTOP:0,MODE:1",,,,36.967739646666665,127.87267385333334,123.03299999999999,1,0.009025,-0.01117117312332963,-0.010388328765364859,-0.053369630230318134,0.9984582966181363,-0.024329889772800952,0.03178244567881674,-0.12999212268853766,-1.01008495,-1.1964112999999998,9.6889702
1786689755.222315,59.736,0.0,29.0,0,0,,,,,,,,,,,,,,,,,,,,,,,,,,,0,1.2349058389663696,28,0,True,True,False,"A:1,B:1,ESTOP:0,MODE:1",,,,36.967739646666665,127.87267385333334,123.03299999999999,1,0.009025,-0.010920724761489031,-0.010495257997647636,-0.05783713416077381,0.9982111265871141,0.008360127117052838,0.00905825881785057,-0.14716616252816186,-0.0588399,0.2353596,9.8851032
1786689755.272320,59.786,0.0,23.0,0,0,,,,,,,,,,,,,,,,,,,,,,,,,,,0,1.3822648525238037,29,0,True,True,False,"A:1,B:1,ESTOP:0,MODE:1",,,,36.96773853,127.87267379166667,123.03200000000001,1,0.009025,-0.010907232007138295,-0.01015116860289721,-0.06245876721780473,0.9979363148335519,-0.0494626310015193,0.012967796342317869,-0.1389980216288284,-0.45110589999999995,-0.6080123,9.67916355
1786689755.322315,59.836,0.0,18.0,0,0,,,,,,,,,,,,,,,,,,,,,,,,,,,0,1.4650661945343018,30,0,True,True,False,"A:1,B:1,ESTOP:0,MODE:1",,,,36.96773853,127.87267379166667,123.03200000000001,1,0.009025,-0.011243020583563539,-0.009413759159882792,-0.0673316468412715,0.9976228871473827,0.000593411945678072,0.002827433388230814,-0.19444713196468827,-0.18632634999999997,-0.34323275000000003,9.914523149999999
1786689755.372320,59.886,0.0,17.0,0,0,,,,,,,,,,,,,,,,,,,,,,,,,,,0,1.4751842021942139,30,0,True,True,False,"A:1,B:1,ESTOP:0,MODE:1",,,,36.96773853,127.87267379166667,123.03200000000001,1,0.009025,-0.01175411834710643,-0.009141589831479845,-0.07218261387251104,0.9972802726875566,0.04337143191205909,0.023823744289722597,-0.21223203704251048,0.6276256,-1.1866046499999998,9.492837199999999
1786689755.422320,59.936,0.0,16.0,0,0,,,,,,,,,,,,,,,,,,,,,,,,,,,0,1.518756628036499,31,0,True,True,False,"A:1,B:1,ESTOP:0,MODE:1",,,,36.96773853,127.87267379166667,123.03200000000001,1,0.009025,-0.011124666811204643,-0.008638101789970275,-0.07696646237891758,0.9969341947464138,0.004380776422505767,0.02633701841259443,-0.1719847444915212,-0.24516625,0.2353596,10.130269449999998
1786689755.472316,59.986,0.0,16.0,0,0,,,,,,,,,,,,,,,,,,,,,,,,,,,0,1.524040699005127,30,0,True,True,False,"A:1,B:1,ESTOP:0,MODE:1",,,,36.96773726833333,127.87267354166667,123.01400000000001,1,0.006889000000000001,-0.011304197314521602,-0.009108343079939246,-0.08166081998351263,0.9965544459230679,0.0017453292519943296,0.0658338193852261,-0.17163567864112236,0.5295591,-0.81395195,9.71839015
1786689755.522316,60.036,0.0,16.0,0,0,,,,,,,,,,,,,,,,,,,,,,,,,,,0,1.455748438835144,28,0,True,True,False,"A:1,B:1,ESTOP:0,MODE:1",,,,36.96773726833333,127.87267354166667,123.01400000000001,1,0.006889000000000001,-0.010203834098954217,-0.009350278523578436,-0.08597328972455201,0.9962013087298925,-0.052778756580308527,0.03223623128433527,-0.12615239833415012,0.73549875,-0.25497289999999995,9.34573745
1786689755.572316,60.086,0.0,15.0,0,0,,,,,,,,,,,,,,,,,,,,,,,,,,,0,1.624578833580017,24,0,True,True,False,"A:1,B:1,ESTOP:0,MODE:1",,,,36.96773726833333,127.87267354166667,123.01400000000001,1,0.006889000000000001,-0.010363290311210645,-0.008874004509329075,-0.08943933278537833,0.9958988201663863,0.005916666164260778,0.017453292519943295,-0.10929251775988491,0.0980665,-1.57887065,9.492837199999999
1786689755.622316,60.136,0.0,15.0,0,0,,,,,,,,,,,,,,,,,,,,,,,,,,,0,1.5187170505523682,22,0,True,True,False,"A:1,B:1,ESTOP:0,MODE:1",,,,36.96773726833333,127.87267354166667,123.01400000000001,1,0.006889000000000001,-0.010343349660946095,-0.008367525849069834,-0.09309344533991591,0.995568485873122,0.015009831567151233,-0.0038048177693476384,-0.1219461548368438,1.2062179499999999,-0.37265269999999995,9.483030549999999
1786689755.672325,60.186,0.0,13.0,0,0,,,,,,,,,,,,,,,,,,,,,,,,,,,0,1.4514743089675903,19,0,True,True,False,"A:1,B:1,ESTOP:0,MODE:1",,,,36.967736085,127.87267444333334,123.025,1,0.006889000000000001,-0.009860892410380356,-0.008768246198970533,-0.0964015244311552,0.9952550561272295,0.0038048177693476384,0.05431464632206354,-0.12650146418454902,0.10787314999999999,0.5197524499999999,10.463695549999999
1786689755.722346,60.236,0.0,12.0,0,0,,,,,,,,,,,,,,,,,,,,,,,,,,,0,1.5235353708267212,18,0,True,True,False,"A:1,B:1,ESTOP:0,MODE:1",,,,36.967736085,127.87267444333334,123.025,1,0.006889000000000001,-0.00993251346231989,-0.00857606910556243,-0.09940544477775173,0.994960478493269,0.04476769531365455,0.025324727446437722,-0.12725195576290657,0.04903325,-0.55897905,9.67916355
1786689755.772319,60.286,0.0,12.0,0,0,,,,,,,,,,,,,,,,,,,,,,,,,,,0,1.5757687091827393,16,0,True,True,False,"A:1,B:1,ESTOP:0,MODE:1",,,,36.967736085,127.87267444333334,123.025,1,0.006889000000000001,-0.01005242082835055,-0.008097995252908167,-0.10238077703847148,0.9946615242389606,0.0015707963267948964,0.0021467549799530253,-0.12733922222550628,-0.16671305,-0.16671305,9.71839015
1786689755.822335,60.336,0.0,12.0,0,0,,,,,,,,,,,,,,,,,,,,,,,,,,,0,1.570265769958496,16,0,True,True,False,"A:1,B:1,ESTOP:0,MODE:1",,,,36.967736085,127.87267444333334,123.025,1,0.006889000000000001,-0.009895392409390486,-0.008174267406016024,-0.10541746008021532,0.9943452225820141,0.011728612573401895,0.01642354826126664,-0.11013027580084218,0.38245935,-0.29419949999999995,9.6301303
1786689755.872323,60.386,0.0,12.0,0,0,,,,,,,,,,,,,,,,,,,,,,,,,,,0,1.5559717416763306,14,0,True,True,False,"A:1,B:1,ESTOP:0,MODE:1",,,,36.96773457166667,127.872675115,123.01599999999999,1,0.007569000000000001,-0.00978072815259298,-0.007697214685137663,-0.10809400563263627,0.9940627627012228,0.014486232791552934,0.028902652413026097,-0.09976302004399588,0.45110589999999995,-0.29419949999999995,9.924329799999999
1786689755.922325,60.436,0.0,12.0,0,0,,,,,,,,,,,,,,,,,,,,,,,,,,,0,1.6277300119400024,13,0,True,True,False,"A:1,B:1,ESTOP:0,MODE:1",,,,36.96773457166667,127.872675115,123.01599999999999,1,0.007569000000000001,-0.009577751347566329,-0.0074270796418293835,-0.11037164143883746,0.9938164850379646,-0.010367255756846317,0.04307472593922005,-0.10369001086098312,-0.29419949999999995,-0.20593965,9.9047165
1786689755.972331,60.486,0.0,12.0,0,0,,,,,,,,,,,,,,,,,,,,,,,,,,,0,1.6644713878631592,12,0,True,True,False,"A:1,B:1,ESTOP:0,MODE:1",,,,36.96773457166667,127.872675115,123.01599999999999,1,0.007569000000000001,-0.00951866593706184,-0.007055093791079491,-0.11248451769211287,0.9935828369743261,-0.008272860654453122,0.03466223894460738,-0.09712757287348445,-0.21574629999999997,0.00980665,10.2969825
1786689756.022316,60.536,0.0,12.0,0,0,,,,,,,,,,,,,,,,,,,,,,,,,,,0,1.496870994567871,11,0,True,True,False,"A:1,B:1,ESTOP:0,MODE:1",,,,36.96773457166667,127.872675115,123.01599999999999,1,0.007569000000000001,-0.009899962816017602,-0.006335037795314079,-0.11445897821280501,0.9933584450433056,0.010821041362364843,0.006876597252857658,-0.08894197868163103,0.8924051499999999,0.45110589999999995,10.2185293
1786689756.072320,60.586,0.0,10.0,0,0,,,,,,,,,,,,,,,,,,,,,,,,,,,0,1.3820563554763794,11,0,True,True,False,"A:1,B:1,ESTOP:0,MODE:1",,,,36.96773316833333,127.872675995,123.01400000000001,1,0.007569000000000001,-0.009862164937284193,-0.005961175704664679,-0.11641489003165362,0.9931338154880669,-0.008237954069413234,0.044418629463255685,-0.07576474282907385,0.6472389,0.2745862,10.0223963
1786689756.122338,60.636,0.0,8.0,0,0,,,,,,,,,,,,,,,,,,,,,,,,,,,0,1.4334497451782227,11,0,True,True,False,"A:1,B:1,ESTOP:0,MODE:1",,,,36.96773316833333,127.872675995,123.01400000000001,1,0.007569000000000001,-0.009906919227535178,-0.004961835253986371,-0.11841806884156773,0.9929020062997985,0.004694935687864747,0.025830872929516076,-0.08920377806943018,0.5295591,-0.980665,9.79684335
1786689756.172319,60.686,0.0,8.0,0,0,,,,,,,,,,,,,,,,,,,,,,,,,,,0,1.5792698860168457,11,0,True,True,False,"A:1,B:1,ESTOP:0,MODE:1",,,,36.96773316833333,127.872675995,123.01400000000001,1,0.007569000000000001,-0.010562249007529305,-0.004667132465759564,-0.12072409869788166,0.9926189343167066,0.015289084247470327,0.009913470151327791,-0.08520697408236316,-0.1569064,-0.99047165,9.62032365
1786689756.222316,60.736,0.0,8.0,0,0,,,,,,,,,,,,,,,,,,,,,,,,,,,0,1.45938241481781,10,0,True,True,False,"A:1,B:1,ESTOP:0,MODE:1",,,,36.96773316833333,127.872675995,123.01400000000001,1,0.007569000000000001,-0.01090113871511502,-0.004744411789646904,-0.12285749745648995,0.9923531080468346,-0.014870205226991687,0.019669860669976093,-0.05646140130201656,1.01008495,-0.02941995,9.855683249999998
1786689756.272316,60.786,0.0,8.0,0,0,,,,,,,,,,,,,,,,,,,,,,,,,,,0,1.489835262298584,9,0,True,True,False,"A:1,B:1,ESTOP:0,MODE:1",,,,36.967731906666664,127.872676055,123.019,1,0.006889000000000001,-0.010554883289158497,-0.00469849724246755,-0.12469089883407244,0.9921283678589005,-0.01811651763570114,0.002286381320112572,-0.07229153761760514,0.10787314999999999,-0.35303939999999995,9.571290399999999
1786689756.322318,60.836,0.0,8.0,0,0,,,,,,,,,,,,,,,,,,,,,,,,,,,0,1.351068139076233,8,0,True,True,False,"A:1,B:1,ESTOP:0,MODE:1",,,,36.967731906666664,127.872676055,123.019,1,0.006889000000000001,-0.010911228744095695,-0.004653917181077426,-0.12636349638242025,0.9919130773027319,0.016388641676226754,0.0214850030920502,-0.06147049625524028,0.16671305,0.8041453,10.100849499999999
1786689756.372374,60.886,0.0,8.0,0,0,,,,,,,,,,,,,,,,,,,,,,,,,,,0,1.4096786975860596,7,0,True,True,False,"A:1,B:1,ESTOP:0,MODE:1",,,,36.967731906666664,127.872676055,123.019,1,0.006889000000000001,-0.01111684641123345,-0.004067820946225125,-0.12771838871016375,0.9917398256316512,-0.027209683038591597,-0.03476695869972705,-0.05201081170943102,-0.17651969999999997,-0.3334261,9.934136449999999
1786689756.422315,60.936,0.0,8.0,0,0,,,,,,,,,,,,,,,,,,,,,,,,,,,0,1.3860830068588257,7,0,True,True,False,"A:1,B:1,ESTOP:0,MODE:1",,,,36.967731906666664,127.872676055,123.019,1,0.006889000000000001,-0.011372711248648215,-0.004009877573351658,-0.12919911031979833,0.9915453455154101,0.018099064343181197,0.030438542154781107,-0.06300638599699529,0.6962721499999999,-0.4903325,9.473223899999999
1786689756.472322,60.986,0.0,6.0,0,0,,,,,,,,,,,,,,,,,,,,,,,,,,,0,1.4636998176574707,7,0,True,True,False,"A:1,B:1,ESTOP:0,MODE:1",,,,36.967730535,127.87267578833334,123.02199999999999,1,0.006889000000000001,-0.011580065817869509,-0.003445709049136006,-0.13079551528054234,0.9913357465295498,-0.0054105206811824215,0.00773180858633488,-0.06220353454107791,0.16671305,-0.7649187,9.757616749999999
1786689756.522316,61.036,0.0,6.0,0,0,,,,,,,,,,,,,,,,,,,,,,,,,,,0,1.4540711641311646,7,0,True,True,False,"A:1,B:1,ESTOP:0,MODE:1",,,,36.967730535,127.87267578833334,123.02199999999999,1,0.006889000000000001,-0.011399373110766655,-0.003284524714119662,-0.132402185874396,0.991125081594531,0.01457349925415265,0.03682644721708035,-0.050352748920036404,-0.02941995,-0.00980665,9.8654899
1786689756.572404,61.087,0.0,6.0,0,0,,,,,,,,,,,,,,,,,,,,,,,,,,,0,1.4851348400115967,7,0,True,True,False,"A:1,B:1,ESTOP:0,MODE:1",,,,36.967730535,127.87267578833334,123.02199999999999,1,0.006889000000000001,-0.011455344463747274,-0.00305770104539667,-0.1339138454429636,0.9909220491775386,-0.03447025272688801,-0.052185344634630454,-0.06138322979264057,0.0784532,-0.37265269999999995,9.5320638
1786689756.622581,61.137,0.0,6.0,0,0,,,,,,,,,,,,,,,,,,,,,,,,,,,0,1.4851348400115967,6,0,True,True,False,"A:1,B:1,ESTOP:0,MODE:1",,,,36.967730535,127.87267578833334,123.02199999999999,1,0.006889000000000001,-0.01206546857251636,-0.003805036619494581,-0.13525585608981688,0.9907299327051043,0.018133970928221083,0.04635594493296939,-0.056862827029975256,0.7943386499999999,-0.67665885,9.7674234
1786689756.672396,61.187,0.0,4.0,0,0,,,,,,,,,,,,,,,,,,,,,,,,,,,0,1.52120041847229,6,0,True,True,False,"A:1,B:1,ESTOP:0,MODE:1",,,,36.96772929833333,127.87267548333334,123.02600000000001,1,0.006889000000000001,-0.01180147442240407,-0.003427562466201779,-0.13675514455479285,0.9905286504966907,-0.011711159280881952,-0.011868238913561441,-0.07464773210779747,0.29419949999999995,-0.5197524499999999,9.9635564
1786689756.722316,61.236,0.0,3.0,0,0,,,,,,,,,,,,,,,,,,,,,,,,,,,0,1.4417093992233276,6,0,True,True,False,"A:1,B:1,ESTOP:0,MODE:1",,,,36.96772929833333,127.87267548333334,123.02600000000001,1,0.006889000000000001,-0.01164090066275796,-0.0036082162467592953,-0.138329304796541,0.9903113013804206,-0.006771877497737999,0.018517943363659837,-0.03614576880880257,0.12748644999999997,0.32361945,9.6889702
1786689756.772316,61.286,0.0,3.0,0,0,,,,,,,,,,,,,,,,,,,,,,,,,,,0,1.4463741779327393,5,0,True,True,False,"A:1,B:1,ESTOP:0,MODE:1",,,,36.96772929833333,127.87267548333334,123.02600000000001,1,0.006889000000000001,-0.01203647344665078,-0.003850887221136445,-0.1399929414293072,0.9900718510919038,-0.006754424205218055,0.0038571776469074684,-0.0599869663910451,0.37265269999999995,-0.37265269999999995,9.738003449999999
1786689756.822315,61.336,0.0,2.0,0,0,,,,,,,,,,,,,,,,,,,,,,,,,,,0,1.4463831186294556,5,0,True,True,False,"A:1,B:1,ESTOP:0,MODE:1",,,,36.96772929833333,127.87267548333334,123.02600000000001,1,0.006889000000000001,-0.01211502745793948,-0.003602148623292982,-0.14146831282199757,0.9898620949921695,0.015079644737231007,0.022287854547967587,-0.052324970974790004,0.32361945,-0.3138128,9.855683249999998
1786689756.872315,61.386,0.0,1.0,0,0,,,,,,,,,,,,,,,,,,,,,,,,,,,0,1.2842741012573242,3,0,True,True,False,"A:1,B:1,ESTOP:0,MODE:1",,,,36.967727885,127.87267558166667,123.03,1,0.006889000000000001,-0.011846745942733383,-0.003653201484200248,-0.14266817817260471,0.9896929320079001,-0.01598721594826806,0.0015533430342749533,-0.02757620218151041,0.73549875,0.50013915,9.836069949999999
1786689756.922319,61.436,0.0,-1.0,0,0,,,,,,,,,,,,,,,,,,,,,,,,,,,0,1.2243072986602783,2,0,True,True,False,"A:1,B:1,ESTOP:0,MODE:1",,,,36.967727885,127.87267558166667,123.03,1,0.006889000000000001,-0.011606383247710206,-0.003484593494792615,-0.14349450900090538,0.9895769173554283,0.0061959188445798695,0.005148721293383272,-0.026406831582674203,-0.10787314999999999,0.3138128,9.6889702
1786689756.972398,61.487,0.0,-3.0,0,0,,,,,,,,,,,,,,,,,,,,,,,,,,,0,1.292664885520935,1,0,True,True,False,"A:1,B:1,ESTOP:0,MODE:1",,,,36.967727885,127.87267558166667,123.03,1,0.006889000000000001,-0.01192707312505618,-0.003421195263328495,-0.14419498752371918,0.9894714982871786,0.019792033717615697,0.01647590813882647,-0.02949606435870417,0.0588399,-0.5982056499999999,9.67916355
1786689757.022321,61.536,0.0,-5.0,0,0,,,,,,,,,,,,,,,,,,,,,,,,,,,0,1.2571955919265747,0,0,True,True,False,"A:1,B:1,ESTOP:0,MODE:1",,,,36.967727885,127.87267558166667,123.03,1,0.006889000000000001,-0.011509833928354411,-0.003189698365795037,-0.14509743977572054,0.9893452797268547,0.03754203221039803,0.04221951460574283,-0.039252454877352475,0.17651969999999997,0.0,10.2381426
1786689757.072314,61.586,0.0,-6.0,0,0,,,,,,,,,,,,,,,,,,,,,,,,,,,0,1.1551514863967896,-2,0,True,True,False,"A:1,B:1,ESTOP:0,MODE:1",,,,36.967726578333334,127.872674815,123.04499999999999,1,0.006889000000000001,-0.011253937506837735,-0.003055227854107829,-0.145500816191664,0.9892894050584549,-0.03633775502652194,0.012985249634837812,-0.013613568165555772,0.65704555,0.1569064,9.894909849999998
1786689757.122314,61.636,0.0,-6.0,0,0,,,,,,,,,,,,,,,,,,,,,,,,,,,0,1.1868391036987305,-3,0,True,True,False,"A:1,B:1,ESTOP:0,MODE:1",,,,36.967726578333334,127.872674815,123.04499999999999,1,0.006889000000000001,-0.010925067101123185,-0.002806837269130208,-0.14520353560382773,0.989337504505681,0.03183480555637657,0.03652974124424132,0.031171580440618726,-0.7649187,0.18632634999999997,9.07115125
1786689757.172315,61.686,0.0,-6.0,0,0,,,,,,,,,,,,,,,,,,,,,,,,,,,0,1.3072019815444946,-5,0,True,True,False,"A:1,B:1,ESTOP:0,MODE:1",,,,36.967726578333334,127.872674815,123.04499999999999,1,0.006889000000000001,-0.010889502166616157,-0.0023435310989589637,-0.14447378685569925,0.9894459315779339,0.018465583486100008,-0.0032288591161895096,0.040805797911627424,-0.10787314999999999,-0.8433718999999998,9.7281968
1786689757.222317,61.736,0.0,-7.0,0,0,,,,,,,,,,,,,,,,,,,,,,,,,,,0,1.1756831407546997,-6,0,True,True,False,"A:1,B:1,ESTOP:0,MODE:1",,,,36.967726578333334,127.872674815,123.04499999999999,1,0.006889000000000001,-0.010380529890290502,-0.002256960053764227,-0.1438148222534082,0.9895475974558945,0.04452334921837535,0.02768092193663007,0.0041887902047863905,0.1372931,0.73549875,9.757616749999999
1786689757.272315,61.786,0.0,-8.0,0,0,,,,,,,,,,,,,,,,,,,,,,,,,,,0,1.1920291185379028,-7,0,True,True,False,"A:1,B:1,ESTOP:0,MODE:1",,,,36.967725181666665,127.87267456,123.04599999999999,1,0.006889000000000001,-0.009742491970063384,-0.00122211505412907,-0.14277598242315112,0.989706324688345,-0.02527236756887789,-0.019774580425095754,0.06197664173831865,0.5883989999999999,-0.6668522,10.1596894
1786689757.322326,61.836,0.0,-8.0,0,0,,,,,,,,,,,,,,,,,,,,,,,,,,,0,0.9494185447692871,-8,0,True,True,False,"A:1,B:1,ESTOP:0,MODE:1",,,,36.967725181666665,127.87267456,123.04599999999999,1,0.006889000000000001,-0.009811028083974865,-0.0007424783419899773,-0.14122558475643274,0.9899285462416217,0.010000736613927507,-0.0200363798128949,0.08628907821859966,1.0395048999999998,0.8237586,9.738003449999999
1786689757.372316,61.886,0.0,-8.0,0,0,,,,,,,,,,,,,,,,,,,,,,,,,,,0,0.8261805772781372,-9,0,True,True,False,"A:1,B:1,ESTOP:0,MODE:1",,,,36.967725181666665,127.87267456,123.04599999999999,1,0.006889000000000001,-0.009850609251334113,-0.001239450223614581,-0.1394069449134789,0.9901854033313211,-0.0012042771838760874,0.021031217486531674,0.05044001538263613,1.08853815,0.0588399,9.9831697
1786689757.422317,61.936,0.0,-8.0,0,0,,,,,,,,,,,,,,,,,,,,,,,,,,,0,0.825353741645813,-9,0,True,True,False,"A:1,B:1,ESTOP:0,MODE:1",,,,36.967725181666665,127.87267456,123.04599999999999,1,0.006889000000000001,-0.009819277516995701,-0.001171412488795516,-0.1377987185286426,0.9904108858214802,0.01980948701013564,-0.05803219762881146,0.04651302456564888,-0.53936575,0.18632634999999997,9.914523149999999
1786689757.472320,61.986,0.0,-8.0,0,0,,,,,,,,,,,,,,,,,,,,,,,,,,,0,0.8246439695358276,-9,0,True,True,False,"A:1,B:1,ESTOP:0,MODE:1",,,,36.96772359,127.872674115,123.05199999999999,1,0.007225000000000001,-0.009814544561890744,-0.0012918384116509785,-0.13635613053244783,0.9906104236958033,0.03337069529813158,0.04551818689201212,0.05291838292046807,1.0493115499999999,-0.6668522,9.836069949999999
1786689757.522349,62.036,0.0,-8.0,0,0,,,,,,,,,,,,,,,,,,,,,,,,,,,0,0.8268927335739136,-9,0,True,True,False,"A:1,B:1,ESTOP:0,MODE:1",,,,36.96772359,127.872674115,123.05199999999999,1,0.007225000000000001,-0.009519046173323295,0.0002036217247270058,-0.1348722535144629,0.9908172493099189,0.007766715171374766,-0.008552113334772215,0.06443755598363066,-0.5687857,0.1176798,9.9831697
1786689757.572316,62.086,0.0,-8.0,0,0,,,,,,,,,,,,,,,,,,,,,,,,,,,0,0.9019193649291992,-9,0,True,True,False,"A:1,B:1,ESTOP:0,MODE:1",,,,36.96772359,127.872674115,123.05199999999999,1,0.007225000000000001,-0.009298180688038489,0.000458445084441798,-0.13333035389330916,0.9910279261426904,-0.011152653920243767,-0.020786871391252466,0.07897614865274342,-0.67665885,-0.16671305,9.60071035
1786689757.622314,62.136,0.0,-8.0,0,0,,,,,,,,,,,,,,,,,,,,,,,,,,,0,0.8444188237190247,-9,0,True,True,False,"A:1,B:1,ESTOP:0,MODE:1",,,,36.96772359,127.872674115,123.05199999999999,1,0.007225000000000001,-0.009319424355432666,-0.00010810387968745766,-0.13176981000108343,0.9912365276842419,-0.005131268000863329,0.012758356832078549,0.05897467542488839,0.16671305,0.17651969999999997,9.63993695
1786689757.672316,62.186,0.0,-8.0,0,0,,,,,,,,,,,,,,,,,,,,,,,,,,,0,0.9196543097496033,-9,0,True,True,False,"A:1,B:1,ESTOP:0,MODE:1",,,,36.967722025,127.87267364166667,123.066,1,0.007225000000000001,-0.00933733951743872,0.0006113664919040793,-0.13033579508059845,0.9914257515530132,0.012060225131280817,-0.042167154728183,0.061802108813119205,-0.2745862,-0.4216859499999999,9.561483749999999
1786689757.722315,62.236,0.0,-8.0,0,0,,,,,,,,,,,,,,,,,,,,,,,,,,,0,0.925260066986084,-9,0,True,True,False,"A:1,B:1,ESTOP:0,MODE:1",,,,36.967722025,127.87267364166667,123.066,1,0.007225000000000001,-0.009422034625901774,0.0004949189234894059,-0.1289610368286613,0.9916047757543548,-0.006126105674500096,-0.020315632493213994,0.04120722363958612,-0.12748644999999997,-0.02941995,9.649743599999999
1786689757.772328,62.286,0.0,-8.0,0,0,,,,,,,,,,,,,,,,,,,,,,,,,,,0,0.9369406700134277,-9,0,True,True,False,"A:1,B:1,ESTOP:0,MODE:1",,,,36.967722025,127.87267364166667,123.066,1,0.007225000000000001,-0.009744956061787189,0.0011913526621040145,-0.12751780741487215,0.9917876916469028,-0.007243116395776467,0.02071705822117269,0.05160938598147232,-0.38245935,0.20593965,9.924329799999999
1786689757.822349,62.336,0.0,-8.0,0,0,,,,,,,,,,,,,,,,,,,,,,,,,,,0,0.9258933663368225,-9,0,True,True,False,"A:1,B:1,ESTOP:0,MODE:1",,,,36.967722025,127.87267364166667,123.066,1,0.007225000000000001,-0.009724923643093446,0.0012791647458067054,-0.12599337247657016,0.9919825904166207,-0.00952949771588904,-0.012793263417118436,0.06319837221471468,0.16671305,-0.21574629999999997,9.590903699999998
1786689757.872350,62.386,0.0,-8.0,0,0,,,,,,,,,,,,,,,,,,,,,,,,,,,0,0.9285485744476318,-9,0,True,True,False,"A:1,B:1,ESTOP:0,MODE:1",,,,36.967720345000004,127.87267390166667,123.082,1,0.007056000000000001,-0.009677324803277591,0.0008878670619199536,-0.12439536951233503,0.9921851405461695,-0.010402162341886203,0.00153588974175501,0.04131194339470578,0.48052585,-0.65704555,10.110656149999999
1786689757.922314,62.436,0.0,-8.0,0,0,,,,,,,,,,,,,,,,,,,,,,,,,,,0,0.8667587041854858,-9,0,True,True,False,"A:1,B:1,ESTOP:0,MODE:1",,,,36.967720345000004,127.87267390166667,123.082,1,0.007056000000000001,-0.009791702298764299,0.0013803530898728587,-0.12296165223318486,0.9923621563076279,-0.00012217304763960306,-0.00958185759344887,0.05653121447209633,0.17651969999999997,0.16671305,10.385242349999999
1786689757.972315,62.486,0.0,-8.0,0,0,,,,,,,,,,,,,,,,,,,,,,,,,,,0,0.8248602151870728,-9,0,True,True,False,"A:1,B:1,ESTOP:0,MODE:1",,,,36.967720345000004,127.87267390166667,123.082,1,0.007056000000000001,-0.009657711051015578,0.0014717390373032032,-0.12143632729295842,0.9925511478080405,0.045099307871533476,0.0460766922526503,0.06571164633758651,0.26477955,-0.0588399,9.5124505
1786689758.022358,62.536,0.0,-8.0,0,0,,,,,,,,,,,,,,,,,,,,,,,,,,,0,0.9985124468803406,-9,0,True,True,False,"A:1,B:1,ESTOP:0,MODE:1",,,,36.967720345000004,127.87267390166667,123.082,1,0.007056000000000001,-0.009366358896594871,0.0021416055538178522,-0.11984455098646789,0.9927461752359078,0.0004014257279586958,-0.02441715623540067,0.07253588371288433,-1.0002783,-0.45110589999999995,9.659550249999999
1786689758.072351,62.586,0.0,-8.0,0,0,,,,,,,,,,,,,,,,,,,,,,,,,,,0,1.0460923910140991,-9,0,True,True,False,"A:1,B:1,ESTOP:0,MODE:1",,,,36.967718875,127.872673985,123.05199999999999,1,0.007056000000000001,-0.009377808893587624,0.0020583071521321247,-0.11836365657237476,0.992923896819308,0.03975860036043083,0.052028265001950964,0.046251225177849735,-0.22555294999999997,-0.26477955,9.590903699999998
1786689758.122314,62.636,0.0,-8.0,0,0,,,,,,,,,,,,,,,,,,,,,,,,,,,0,0.9639583230018616,-9,0,True,True,False,"A:1,B:1,ESTOP:0,MODE:1",,,,36.967718875,127.872673985,123.05199999999999,1,0.007056000000000001,-0.00920253076096228,0.002066841592792592,-0.11683843949445218,0.9931061477253704,-0.01509709802975095,-0.001361356816555577,0.06473426195646968,0.57859235,-0.10787314999999999,9.44380395
1786689758.172314,62.686,0.0,-8.0,0,0,,,,,,,,,,,,,,,,,,,,,,,,,,,0,0.981937050819397,-9,0,True,True,False,"A:1,B:1,ESTOP:0,MODE:1",,,,36.967718875,127.872673985,123.05199999999999,1,0.007056000000000001,-0.009003363643773311,0.002055328655796873,-0.11528716448325925,0.9932892754744834,0.0020420352248333657,-0.008133234314293577,0.03899065548955332,-0.2745862,0.0588399,10.0812362
1786689758.222314,62.736,0.0,-8.0,0,0,,,,,,,,,,,,,,,,,,,,,,,,,,,0,0.9536677002906799,-9,0,True,True,False,"A:1,B:1,ESTOP:0,MODE:1",,,,36.967718875,127.872673985,123.05199999999999,1,0.007056000000000001,-0.0090972357509143,0.00170941960460193,-0.113773162957663,0.9934636307268208,0.005131268000863329,0.024748768793279592,0.07738789903342858,0.6962721499999999,-0.7060787999999999,10.09104285
1786689758.272318,62.786,0.0,-7.0,0,0,,,,,,,,,,,,,,,,,,,,,,,,,,,0,0.9239624738693237,-9,0,True,True,False,"A:1,B:1,ESTOP:0,MODE:1",,,,36.96771711833333,127.87267379333333,123.04400000000001,1,0.007056000000000001,-0.008787407379165193,0.0017398915695766306,-0.11232502842223725,0.9936311399301163,0.04040437218366873,0.036878807094640184,0.05775294494849237,0.02941995,0.08825984999999999,9.79684335
1786689758.322316,62.836,0.0,-6.0,0,0,,,,,,,,,,,,,,,,,,,,,,,,,,,0,0.955294668674469,-9,0,True,True,False,"A:1,B:1,ESTOP:0,MODE:1",,,,36.96771711833333,127.87267379333333,123.04400000000001,1,0.007056000000000001,-0.00869341271129991,0.001883531567555179,-0.11091886576406103,0.9937896568700437,0.045413467136892455,-0.0016406094968746698,0.056182148621697466,0.04903325,-0.4216859499999999,9.394770699999999
1786689758.372323,62.886,0.0,-6.0,0,0,,,,,,,,,,,,,,,,,,,,,,,,,,,0,0.8705253601074219,-9,0,True,True,False,"A:1,B:1,ESTOP:0,MODE:1",,,,36.96771711833333,127.87267379333333,123.04400000000001,1,0.007056000000000001,-0.008357615568402341,0.0016760733683741976,-0.10953316851515872,0.9939465911381278,0.028501226685067403,-0.009128071987930343,0.059096848472528,0.5099457999999999,0.04903325,9.34573745
1786689758.422323,62.936,0.0,-4.0,0,0,,,,,,,,,,,,,,,,,,,,,,,,,,,0,0.9324682354927063,-9,0,True,True,False,"A:1,B:1,ESTOP:0,MODE:1",,,,36.96771711833333,127.87267379333333,123.04400000000001,1,0.007056000000000001,-0.008402743865009754,0.0017559361507252114,-0.1080403126821911,0.9941094514284168,0.0019373154697137059,-0.0022165681500327986,0.05377359425394529,-0.392266,-0.20593965,9.7085835
1786689758.472318,62.986,0.0,-2.0,0,0,,,,,,,,,,,,,,,,,,,,,,,,,,,0,0.8324221968650818,-9,0,True,True,False,"A:1,B:1,ESTOP:0,MODE:1",,,,36.96771536333333,127.87267325,123.05199999999999,1,0.007056000000000001,-0.008432045858382729,0.0015776295891124946,-0.10634121617660365,0.9942926920326844,-0.04244640740850209,0.013194689145077132,0.06815510729037856,1.01008495,-0.30400615,9.8851032
1786689758.522328,63.036,0.0,-2.0,0,0,,,,,,,,,,,,,,,,,,,,,,,,,,,0,0.8622190952301025,-8,0,True,True,False,"A:1,B:1,ESTOP:0,MODE:1",,,,36.96771536333333,127.87267325,123.05199999999999,1,0.007056000000000001,-0.00873759545716538,0.0014368994747030466,-0.10461530167969543,0.9944733422269262,-0.0030019663134302466,0.023579398194443393,0.07431611954991856,0.7060787999999999,-0.7943386499999999,9.669356899999999
1786689758.572330,63.086,0.0,2.0,0,0,,,,,,,,,,,,,,,,,,,,,,,,,,,0,0.7413862347602844,-8,0,True,True,False,"A:1,B:1,ESTOP:0,MODE:1",,,,36.96771536333333,127.87267325,123.05199999999999,1,0.007056000000000001,-0.008315687859181718,0.001705237402927458,-0.10321578974284955,0.9946227637896631,-0.029967303256742638,-0.04258603374866164,0.052639130240148976,-0.48052585,1.01008495,10.277369199999999
1786689758.622342,63.136,0.0,3.0,0,0,,,,,,,,,,,,,,,,,,,,,,,,,,,0,0.6708605289459229,-8,0,True,True,False,"A:1,B:1,ESTOP:0,MODE:1",,,,36.96771536333333,127.87267325,123.05199999999999,1,0.007056000000000001,-0.008392083138041274,0.0013139721695614559,-0.10168256272743997,0.9947806305185691,0.020629791758572973,0.0408756110817072,0.055309483995700306,0.26477955,0.18632634999999997,9.483030549999999
1786689758.672322,63.186,0.0,3.0,0,0,,,,,,,,,,,,,,,,,,,,,,,,,,,0,0.8349295258522034,-7,0,True,True,False,"A:1,B:1,ESTOP:0,MODE:1",,,,36.96771345166667,127.87267282,123.03299999999999,1,0.007056000000000001,-0.008532369241459167,0.001667943634611179,-0.10039441818859315,0.9949097333103809,-0.008377580409572781,-0.01595230936322817,0.043353978619539144,-1.1964112999999998,-0.0980665,10.287175849999999
1786689758.722289,63.236,0.0,5.0,0,0,,,,,,,,,,,,,,,,,,,,,,,,,,,0,0.8349295258522034,-4,0,True,True,False,"A:1,B:1,ESTOP:0,MODE:1",,,,36.96771345166667,127.87267282,123.03299999999999,1,0.007056000000000001,-0.008524655844804257,0.0022752269181335622,-0.09972041598934905,0.9949763777196472,0.018552849948699723,-0.004206243497306334,0.01457349925415265,1.5984839499999999,-0.61781895,9.3555441
1786689758.772314,63.286,0.0,6.0,0,0,,,,,,,,,,,,,,,,,,,,,,,,,,,0,0.793438196182251,-3,0,True,True,False,"A:1,B:1,ESTOP:0,MODE:1",,,,36.96771345166667,127.87267282,123.03299999999999,1,0.007056000000000001,-0.0082859180292593,0.002908453303532799,-0.09964567717652227,0.994984232780513,0.010576695267085637,0.007976154681614086,0.01207767842380076,-1.14737805,0.10787314999999999,9.6301303
1786689758.822314,63.336,0.0,6.0,0,0,,,,,,,,,,,,,,,,,,,,,,,,,,,0,0.6961647868156433,-1,0,True,True,False,"A:1,B:1,ESTOP:0,MODE:1",,,,36.96771345166667,127.87267282,123.03299999999999,1,0.007056000000000001,-0.008302083836133659,0.0028321915825276346,-0.09976789483332901,0.9949720705905987,-0.0037699111843077517,-0.023335052099164186,-0.01572541656046891,0.50013915,0.10787314999999999,9.6889702
1786689758.872316,63.386,0.0,6.0,0,0,,,,,,,,,,,,,,,,,,,,,,,,,,,0,0.6948583126068115,0,0,True,True,False,"A:1,B:1,ESTOP:0,MODE:1",,,,36.96771167,127.87267255333333,123.041,1,0.007056000000000001,-0.00877609754581215,0.001427006202563376,-0.10012722914082794,0.9949349133233513,0.034557519189487726,0.08580038602804124,-0.0321315115292156,-0.17651969999999997,0.1372931,9.77723005
1786689758.922347,63.436,0.0,6.0,0,0,,,,,,,,,,,,,,,,,,,,,,,,,,,0,0.6704162359237671,2,0,True,True,False,"A:1,B:1,ESTOP:0,MODE:1",,,,36.96771167,127.87267255333333,123.041,1,0.007056000000000001,-0.008807660273778007,0.0014564753328726169,-0.10109940915448323,0.9948362746043797,0.02204350845268838,-0.044383722878215806,-0.04466297555853489,0.6472389,-0.65704555,9.9047165
1786689758.972315,63.486,0.0,6.0,0,0,,,,,,,,,,,,,,,,,,,,,,,,,,,0,0.7029532790184021,3,0,True,True,False,"A:1,B:1,ESTOP:0,MODE:1",,,,36.96771167,127.87267255333333,123.041,1,0.007056000000000001,-0.008711364312223557,0.0013620992533626983,-0.10243728042943656,0.9947003872501834,0.028379053637427796,0.056618480934696055,-0.05911430176504794,-0.65704555,0.40207265,9.46341725
1786689759.022317,63.536,0.0,6.0,0,0,,,,,,,,,,,,,,,,,,,,,,,,,,,0,0.710228443145752,5,0,True,True,False,"A:1,B:1,ESTOP:0,MODE:1",,,,36.96771167,127.87267255333333,123.041,1,0.007056000000000001,-0.008894187510895421,0.001536217288094069,-0.10407619893510554,0.9945283697714133,0.01064650843716541,0.004572762640225144,-0.08536405371504266,0.43149259999999995,-0.7158854499999999,9.738003449999999
1786689759.072316,63.586,0.0,6.0,0,0,,,,,,,,,,,,,,,,,,,,,,,,,,,0,0.6936059594154358,6,0,True,True,False,"A:1,B:1,ESTOP:0,MODE:1",,,,36.96770986666667,127.872672205,123.049,1,0.007056000000000001,-0.008608804978233728,0.001567755187039932,-0.10606350558262001,0.9943208553601025,-0.012548917321839229,-0.029775317039023263,-0.07529350393103537,-0.26477955,0.37265269999999995,9.7085835
1786689759.122331,63.636,0.0,6.0,0,0,,,,,,,,,,,,,,,,,,,,,,,,,,,0,0.650710940361023,6,0,True,True,False,"A:1,B:1,ESTOP:0,MODE:1",,,,36.96770986666667,127.872672205,123.049,1,0.007056000000000001,-0.008923489751514954,0.0014072530982212443,-0.10787825566563604,0.9941230672929342,-0.008779006137531478,0.01726130630222392,-0.08803440747059398,0.6962721499999999,-0.57859235,10.385242349999999
1786689759.172316,63.686,0.0,6.0,0,0,,,,,,,,,,,,,,,,,,,,,,,,,,,0,0.7236984968185425,6,0,True,True,False,"A:1,B:1,ESTOP:0,MODE:1",,,,36.96770986666667,127.872672205,123.049,1,0.007056000000000001,-0.008595658229125686,0.002063636112513143,-0.10968566779968195,0.9939270145966155,-0.015934856070708228,0.02452187599052033,-0.07431611954991856,-0.38245935,-0.3138128,9.914523149999999
1786689759.222316,63.736,0.0,6.0,0,0,,,,,,,,,,,,,,,,,,,,,,,,,,,0,0.7624773979187012,6,0,True,True,False,"A:1,B:1,ESTOP:0,MODE:1",,,,36.96770986666667,127.872672205,123.049,1,0.007056000000000001,-0.0084731046408832,0.002198155754136312,-0.11154938109798442,0.9937203380155213,0.03914773512223281,0.0456752665246916,-0.08733627576979625,-0.5687857,0.25497289999999995,10.0223963
1786689759.272317,63.786,0.0,6.0,0,0,,,,,,,,,,,,,,,,,,,,,,,,,,,0,0.690092146396637,6,0,True,True,False,"A:1,B:1,ESTOP:0,MODE:1",,,,36.96770797166667,127.87267236333334,123.03399999999999,1,0.007056000000000001,-0.008348188850715069,0.0025785340460618734,-0.11347990172701859,0.9935018725745371,0.022671826983406338,0.01815142422074103,-0.07546803685623481,0.7943386499999999,-0.48052585,9.934136449999999
1786689759.322321,63.836,0.0,6.0,0,0,,,,,,,,,,,,,,,,,,,,,,,,,,,0,0.901717483997345,6,0,True,True,False,"A:1,B:1,ESTOP:0,MODE:1",,,,36.96770797166667,127.87267236333334,123.03399999999999,1,0.007056000000000001,-0.008058767390841754,0.0033787387329857776,-0.11540662130933271,0.9932798961776478,0.01579522973054868,0.03368485456349056,-0.07281513639320342,-1.5200307499999999,-0.0588399,9.7085835
1786689759.372315,63.886,0.0,6.0,0,0,,,,,,,,,,,,,,,,,,,,,,,,,,,0,0.9283396005630493,6,0,True,True,False,"A:1,B:1,ESTOP:0,MODE:1",,,,36.96770797166667,127.87267236333334,123.03399999999999,1,0.007056000000000001,-0.007940712642528373,0.0034497921630670943,-0.1171311386145054,0.9930787181203864,0.0404741853537485,0.0033161255787892262,-0.06211626807847819,0.00980665,-0.4216859499999999,9.36535075
1786689759.422351,63.936,0.0,6.0,0,0,,,,,,,,,,,,,,,,,,,,,,,,,,,0,1.0141332149505615,6,0,True,True,False,"A:1,B:1,ESTOP:0,MODE:1",,,,36.96770797166667,127.87267236333334,123.03399999999999,1,0.007056000000000001,-0.007853160615530784,0.003558772440175534,-0.11879424782108235,0.9928814580259262,0.0341037335839692,0.06770132168486004,-0.07138396640656808,-0.4216859499999999,-0.37265269999999995,10.1204628
1786689759.472321,63.986,0.0,6.0,0,0,,,,,,,,,,,,,,,,,,,,,,,,,,,0,0.9465609788894653,6,0,True,True,False,"A:1,B:1,ESTOP:0,MODE:1",,,,36.96770654833333,127.872671205,123.043,1,0.007056000000000001,-0.007596323857139296,0.003753295837855242,-0.12056069906690313,0.9926697973015549,0.020490165418413427,-0.009704030641088473,-0.07297221602588291,-0.02941995,0.6962721499999999,9.36535075
1786689759.522762,64.037,0.0,6.0,0,0,,,,,,,,,,,,,,,,,,,,,,,,,,,0,0.9465609788894653,6,0,True,True,False,"A:1,B:1,ESTOP:0,MODE:1",,,,36.96770654833333,127.872671205,123.043,1,0.007056000000000001,-0.007583081905123511,0.004249161377194588,-0.12227151937807648,0.9924586223341442,-0.013753194505715317,0.018046704465621368,-0.06478662183402951,-0.0588399,-0.40207265,9.316317499999998
1786689759.572439,64.087,0.0,6.0,0,0,,,,,,,,,,,,,,,,,,,,,,,,,,,0,0.9774884581565857,6,0,True,True,False,"A:1,B:1,ESTOP:0,MODE:1",,,,36.96770654833333,127.872671205,123.043,1,0.007056000000000001,-0.00744441089978899,0.004684296418794383,-0.12382701332389902,0.9922648380773648,-0.04506440128649359,-0.02864085302522695,-0.06396631708559218,0.40207265,0.7256921,10.3362091
1786689759.622275,64.136,0.0,6.0,0,0,,,,,,,,,,,,,,,,,,,,,,,,,,,0,0.8443009853363037,6,0,True,True,False,"A:1,B:1,ESTOP:0,MODE:1",,,,36.96770654833333,127.872671205,123.043,1,0.007056000000000001,-0.0075882287652626525,0.005031522446510566,-0.1253559336419182,0.9920700542133298,0.013002702927357754,0.04183554217030407,-0.06710790973918197,-0.29419949999999995,-0.22555294999999997,9.8654899
1786689759.672498,64.187,0.0,6.0,0,0,,,,,,,,,,,,,,,,,,,,,,,,,,,0,0.8952767848968506,6,0,True,True,False,"A:1,B:1,ESTOP:0,MODE:1",,,,36.96770463,127.872671,123.037,1,0.007225000000000001,-0.007303151808599912,0.0060304453768709404,-0.12714859279536345,0.991838461168136,-0.02844886680750757,-0.011693705988362009,-0.06761405522226033,0.40207265,-0.0784532,9.610517
1786689759.722582,64.237,0.0,6.0,0,0,,,,,,,,,,,,,,,,,,,,,,,,,,,0,0.8171483278274536,6,0,True,True,False,"A:1,B:1,ESTOP:0,MODE:1",,,,36.96770463,127.872671,123.037,1,0.007225000000000001,-0.0071126311928901825,0.006345238641899952,-0.12886028115506248,0.9916169504222533,0.02946115777366428,0.013369222070276564,-0.07644542123735164,-0.9512450499999999,-0.20593965,9.46341725
1786689759.772467,64.287,0.0,5.0,0,0,,,,,,,,,,,,,,,,,,,,,,,,,,,0,0.9742613434791565,6,0,True,True,False,"A:1,B:1,ESTOP:0,MODE:1",,,,36.96770463,127.872671,123.037,1,0.007225000000000001,-0.006942289431891069,0.006635169987991905,-0.1304938970240144,0.9914026033737053,-0.005777039824101231,0.03344050846821135,-0.06045820528908358,0.3138128,0.6668522,10.012589649999999
1786689759.822395,64.337,0.0,5.0,0,0,,,,,,,,,,,,,,,,,,,,,,,,,,,0,0.8721616864204407,6,0,True,True,False,"A:1,B:1,ESTOP:0,MODE:1",,,,36.96770463,127.872671,123.037,1,0.007225000000000001,-0.006773556199453147,0.007039070476317477,-0.13209154483311306,0.9911893836229502,0.012252211349000192,-0.01064650843716541,-0.0794997474283417,-0.81395195,-0.0392266,9.42419065
1786689759.872273,64.386,0.0,5.0,0,0,,,,,,,,,,,,,,,,,,,,,,,,,,,0,1.0040204524993896,6,0,True,True,False,"A:1,B:1,ESTOP:0,MODE:1",,,,36.967702845,127.87267027666667,123.031,1,0.007569000000000001,-0.006970720799045928,0.007193846103434119,-0.1338446562977835,0.9909516969107576,-0.01754055898254301,0.0373674992851986,-0.07822565707438585,0.0784532,-0.0196133,9.69877685
1786689759.922282,64.436,0.0,5.0,0,0,,,,,,,,,,,,,,,,,,,,,,,,,,,0,0.9761210680007935,6,0,True,True,False,"A:1,B:1,ESTOP:0,MODE:1",,,,36.967702845,127.87267027666667,123.031,1,0.007569000000000001,-0.006966454650041422,0.007393627058320657,-0.135762346374991,0.9906893499454247,0.008028514559173916,-0.023544491609403504,-0.07946484084330183,-0.0784532,-0.1569064,9.669356899999999
1786689759.972290,64.486,0.0,4.0,0,0,,,,,,,,,,,,,,,,,,,,,,,,,,,0,0.9051480293273926,6,0,True,True,False,"A:1,B:1,ESTOP:0,MODE:1",,,,36.967702845,127.87267027666667,123.031,1,0.007569000000000001,-0.006881381178415197,0.007282675700488671,-0.1376743483303173,0.9904268691021771,0.0029146998508305304,0.014835298641951801,-0.06723008278682158,0.3138128,0.18632634999999997,9.7870367
1786689760.022519,64.537,0.0,3.0,0,0,,,,,,,,,,,,,,,,,,,,,,,,,,,0,0.9051480293273926,6,0,True,True,False,"A:1,B:1,ESTOP:0,MODE:1",,,,36.967702845,127.87267027666667,123.031,1,0.007569000000000001,-0.0066742599565020886,0.007920024647903466,-0.13947576397218941,0.9901713178677636,0.007452555906015787,-0.01579522973054868,-0.05262167694762904,-0.5883989999999999,0.8727918499999999,9.8654899
1786689760.072379,64.586,0.0,3.0,0,0,,,,,,,,,,,,,,,,,,,,,,,,,,,0,0.9969746470451355,6,0,True,True,False,"A:1,B:1,ESTOP:0,MODE:1",,,,36.96770144833334,127.8726695,123.03299999999999,1,0.007056000000000001,-0.0066687386857860135,0.008241696438129584,-0.14124385046759133,0.9899180658363858,-0.00799360797413403,0.004991641660703782,-0.06258750697651666,-0.5687857,-0.17651969999999997,8.89463155
1786689760.122334,64.636,0.0,3.0,0,0,,,,,,,,,,,,,,,,,,,,,,,,,,,0,1.073675513267517,6,0,True,True,False,"A:1,B:1,ESTOP:0,MODE:1",,,,36.96770144833334,127.8726695,123.03299999999999,1,0.007056000000000001,-0.00659772933168816,0.008457428348100484,-0.1430561240329263,0.9896564491024542,0.00815068760681352,0.03324852225049198,-0.07290240285580314,0.16671305,1.0002783,10.26756255
1786689760.172385,64.687,0.0,3.0,0,0,,,,,,,,,,,,,,,,,,,,,,,,,,,0,1.073675513267517,6,0,True,True,False,"A:1,B:1,ESTOP:0,MODE:1",,,,36.96770144833334,127.8726695,123.03299999999999,1,0.007056000000000001,-0.006686724285613226,0.008545502226062528,-0.14473850820790496,0.9894104438259091,0.01387536755335492,-0.04951499087907913,-0.08250171374177197,-0.0588399,-0.1176798,9.855683249999998
1786689760.222452,64.737,0.0,3.0,0,0,,,,,,,,,,,,,,,,,,,,,,,,,,,0,1.2014458179473877,5,0,True,True,False,"A:1,B:1,ESTOP:0,MODE:1",,,,36.96770144833334,127.8726695,123.03299999999999,1,0.007056000000000001,-0.006399090012997471,0.008552064340574695,-0.14646714321573356,0.9891578689980391,0.018779742751458987,0.01090830782496456,-0.05520476424058064,-0.5883989999999999,0.6864655000000001,9.01231135
1786689760.272289,64.786,0.0,2.0,0,0,,,,,,,,,,,,,,,,,,,,,,,,,,,0,1.2014458179473877,4,0,True,True,False,"A:1,B:1,ESTOP:0,MODE:1",,,,36.967699491666664,127.87266937333334,123.01599999999999,1,0.007056000000000001,-0.006405409866390536,0.008900485217228723,-0.14803450190766554,0.9889214014937137,0.013753194505715317,-0.02125811028929093,-0.05044001538263613,-0.14709974999999997,0.1372931,10.100849499999999
1786689760.322391,64.837,0.0,2.0,0,0,,,,,,,,,,,,,,,,,,,,,,,,,,,0,1.342699408531189,2,0,True,True,False,"A:1,B:1,ESTOP:0,MODE:1",,,,36.967699491666664,127.87266937333334,123.01599999999999,1,0.007056000000000001,-0.006076284589432718,0.009327141484371616,-0.14912872395756763,0.9887551298921824,-0.023841197582242544,0.005759586531581287,-0.04667010419832837,-0.46091255,0.63743225,9.81645665
1786689760.372401,64.887,0.0,2.0,0,0,,,,,,,,,,,,,,,,,,,,,,,,,,,0,1.2530319690704346,2,0,True,True,False,"A:1,B:1,ESTOP:0,MODE:1",,,,36.967699491666664,127.87266937333334,123.01599999999999,1,0.007056000000000001,-0.00619397253454142,0.009553994098875708,-0.1499192785884866,0.9886326748638787,0.0030892327760299633,0.015184364492350668,-0.03447025272688801,0.04903325,-1.0395048999999998,9.1397978
1786689760.422282,64.936,0.0,2.0,0,0,,,,,,,,,,,,,,,,,,,,,,,,,,,0,1.2530319690704346,2,0,True,True,False,"A:1,B:1,ESTOP:0,MODE:1",,,,36.967699491666664,127.87266937333334,123.01599999999999,1,0.007056000000000001,-0.0059055271162401606,0.009367057552528353,-0.15084651531081977,0.988495175405965,0.013613568165555772,-0.0187448361664191,-0.031817352263856624,-0.6864655000000001,-0.1569064,10.149882749999998
1786689760.472379,64.986,0.0,2.0,0,0,,,,,,,,,,,,,,,,,,,,,,,,,,,0,1.2564144134521484,2,0,True,True,False,"A:1,B:1,ESTOP:0,MODE:1",,,,36.96769738,127.87266848,123.03999999999999,1,0.007056000000000001,-0.006409735948575228,0.008215692786659451,-0.1518200629539275,0.9883532193309083,0.02275909344600606,0.03420845333908886,-0.04473278872861467,0.57859235,0.1569064,9.924329799999999
1786689760.522536,65.037,0.0,2.0,0,0,,,,,,,,,,,,,,,,,,,,,,,,,,,0,1.2564144134521484,2,0,True,True,False,"A:1,B:1,ESTOP:0,MODE:1",,,,36.96769738,127.87266848,123.03999999999999,1,0.007056000000000001,-0.006087121423403483,0.008597537438929874,-0.15283630380240149,0.9881953721520778,-0.04363323129985824,-0.016510814723866358,-0.0438601241026175,-0.67665885,0.29419949999999995,9.473223899999999
1786689760.572329,65.086,0.0,1.0,0,0,,,,,,,,,,,,,,,,,,,,,,,,,,,0,1.3846354484558105,2,0,True,True,False,"A:1,B:1,ESTOP:0,MODE:1",,,,36.96769738,127.87266848,123.03999999999999,1,0.007056000000000001,-0.006087121423403483,0.008597537438929874,-0.15283630380240149,0.9881953721520778,-0.04363323129985824,-0.016510814723866358,-0.0438601241026175,-0.67665885,0.29419949999999995,9.473223899999999
1786689760.622336,65.136,0.0,1.0,0,0,,,,,,,,,,,,,,,,,,,,,,,,,,,0,1.3799948692321777,2,0,True,True,False,"A:1,B:1,ESTOP:0,MODE:1",,,,36.96769738,127.87266848,123.03999999999999,1,0.007056000000000001,-0.006265563901023763,0.008535755758866864,-0.15384450773961633,0.9880383347932319,-0.0006632251157578452,-0.023736477827122883,-0.039723693775390936,-0.196133,-0.45110589999999995,10.277369199999999
1786689760.672387,65.187,0.0,1.0,0,0,,,,,,,,,,,,,,,,,,,,,,,,,,,0,1.470764398574829,2,0,True,True,False,"A:1,B:1,ESTOP:0,MODE:1",,,,36.96769543166667,127.87266783833333,123.041,1,0.007056000000000001,-0.0063773879299496815,0.007996215413364392,-0.15491806192816515,0.9878743764015115,0.0033859387488689996,0.01673770752662562,-0.04522148091917308,-0.5491724,0.0588399,9.8851032
1786689760.722443,65.237,0.0,1.0,0,0,,,,,,,,,,,,,,,,,,,,,,,,,,,0,1.7530173063278198,2,0,True,True,False,"A:1,B:1,ESTOP:0,MODE:1",,,,36.96769543166667,127.87266783833333,123.041,1,0.007056000000000001,-0.006323353462614345,0.008341284294868582,-0.1560874018074478,0.9876877852713881,0.012566370614359171,-0.003193952531149623,-0.04921828490624009,-1.5200307499999999,0.5099457999999999,9.71839015
1786689760.772522,65.287,0.0,1.0,0,0,,,,,,,,,,,,,,,,,,,,,,,,,,,0,1.6716265678405762,2,0,True,True,False,"A:1,B:1,ESTOP:0,MODE:1",,,,36.96769543166667,127.87266783833333,123.041,1,0.007056000000000001,-0.006680451928549037,0.007548953534016845,-0.15711844676258824,0.9875283178468773,0.010489428804485921,-0.029251718263424962,-0.02822197400474831,0.4707192,-0.0,9.80665
1786689760.822427,65.337,0.0,1.0,0,0,,,,,,,,,,,,,,,,,,,,,,,,,,,0,1.8940757513046265,2,0,True,True,False,"A:1,B:1,ESTOP:0,MODE:1",,,,36.96769543166667,127.87266783833333,123.041,1,0.007056000000000001,-0.006852595946683784,0.007707238902936234,-0.15799479339942835,0.9873860874328524,0.03166027263117714,0.08400269689848708,-0.03590142271352336,-1.0983448,0.5982056499999999,9.6889702
1786689760.872441,65.387,0.0,1.0,0,0,,,,,,,,,,,,,,,,,,,,,,,,,,,0,1.893982172012329,2,0,True,True,False,"A:1,B:1,ESTOP:0,MODE:1",,,,36.967693651666664,127.87266616333334,123.029,1,0.0073960000000000015,-0.006905783750256726,0.007517236299599292,-0.15857366669998516,0.9872943803843576,-0.00747000919853573,-0.007086036763096978,-0.008709192967451705,-0.35303939999999995,-0.83356525,9.3359308
1786689760.922390,65.437,0.0,1.0,0,0,,,,,,,,,,,,,,,,,,,,,,,,,,,0,1.8473957777023315,2,0,True,True,False,"A:1,B:1,ESTOP:0,MODE:1",,,,36.967693651666664,127.87266616333334,123.029,1,0.0073960000000000015,-0.007064423396729575,0.007220949372073507,-0.15920463803659107,0.9871939196732705,-0.008779006137531478,0.025324727446437722,-0.04014257279586958,0.14709974999999997,-0.3138128,10.277369199999999
1786689760.972456,65.487,0.0,1.0,0,0,,,,,,,,,,,,,,,,,,,,,,,,,,,0,1.9091181755065918,2,0,True,True,False,"A:1,B:1,ESTOP:0,MODE:1",,,,36.967693651666664,127.87266616333334,123.029,1,0.0073960000000000015,-0.00722173650838664,0.007367538550796798,-0.1599431065673321,0.9870723218483521,-0.02145009650701031,-0.03207915165165578,-0.027628562059070237,-0.34323275000000003,0.0980665,10.032202949999999
1786689761.022403,65.537,0.0,1.0,0,0,,,,,,,,,,,,,,,,,,,,,,,,,,,0,1.8699191808700562,2,0,True,True,False,"A:1,B:1,ESTOP:0,MODE:1",,,,36.967693651666664,127.87266616333334,123.029,1,0.0073960000000000015,-0.007316688507847167,0.007240055514127582,-0.16080522112533807,0.9869324842785664,-0.006492624817418906,0.014451326206513048,-0.04235914094590238,0.0588399,-0.46091255,9.42419065
1786689761.072445,65.587,0.0,1.0,0,0,,,,,,,,,,,,,,,,,,,,,,,,,,,0,1.832587480545044,2,0,True,True,False,"A:1,B:1,ESTOP:0,MODE:1",,,,36.967691675,127.87266536,123.04599999999999,1,0.0073960000000000015,-0.007194063330968368,0.007314490584792216,-0.16151137384744305,0.986817521023105,-0.015062191444711064,-0.00015707963267948965,-0.013840460968315035,0.10787314999999999,-0.2745862,9.757616749999999
1786689761.122444,65.637,0.0,1.0,0,0,,,,,,,,,,,,,,,,,,,,,,,,,,,0,1.9578763246536255,2,0,True,True,False,"A:1,B:1,ESTOP:0,MODE:1",,,,36.967691675,127.87266536,123.04599999999999,1,0.0073960000000000015,-0.00747398244168274,0.007471725328494301,-0.16211092217183778,0.9867159478896008,0.003420845333908886,-0.0005235987755982988,-0.02476622208579954,-0.7453053999999999,0.0392266,10.1400761
1786689761.172459,65.687,0.0,1.0,0,0,,,,,,,,,,,,,,,,,,,,,,,,,,,0,1.980851411819458,2,0,True,True,False,"A:1,B:1,ESTOP:0,MODE:1",,,,36.967691675,127.87266536,123.04599999999999,1,0.0073960000000000015,-0.007528074745434403,0.007335538591882438,-0.16270618039459625,0.9866185771743786,-0.004118977034706617,-0.024068090385001805,-0.02822197400474831,-0.3334261,-0.6080123,9.375157399999999
1786689761.222394,65.737,0.0,1.0,0,0,,,,,,,,,,,,,,,,,,,,,,,,,,,0,2.1110846996307373,2,0,True,True,False,"A:1,B:1,ESTOP:0,MODE:1",,,,36.967691675,127.87266536,123.04599999999999,1,0.0073960000000000015,-0.007893138077314775,0.006817624842506892,-0.16332099018704685,0.9865178521076656,-0.009337511498169663,-0.058573249696929695,-0.017191493132144145,-0.8629851999999999,-0.40207265,9.659550249999999
1786689761.272440,65.787,0.0,1.0,0,0,,,,,,,,,,,,,,,,,,,,,,,,,,,0,2.032721757888794,2,0,True,True,False,"A:1,B:1,ESTOP:0,MODE:1",,,,36.96769045,127.87266509,123.02099999999999,1,0.0073960000000000015,-0.008107676851676522,0.006680907752490653,-0.16382069667863217,0.9864341895876274,-0.0020943951023931952,-0.08075638448977762,-0.014346606451393388,0.50013915,0.24516625,9.9635564
1786689761.322459,65.837,0.0,1.0,0,0,,,,,,,,,,,,,,,,,,,,,,,,,,,0,2.0957400798797607,2,0,True,True,False,"A:1,B:1,ESTOP:0,MODE:1",,,,36.96769045,127.87266509,123.02099999999999,1,0.0073960000000000015,-0.007951445720259225,0.006855200059181617,-0.1644307994258532,0.9863327496049602,-0.018238690683340743,-0.018483036778619948,-0.019547687622336492,-0.46091255,-0.32361945,9.404577349999999
1786689761.372354,65.886,0.0,1.0,0,0,,,,,,,,,,,,,,,,,,,,,,,,,,,0,2.091233015060425,2,0,True,True,False,"A:1,B:1,ESTOP:0,MODE:1",,,,36.96769045,127.87266509,123.02099999999999,1,0.0073960000000000015,-0.008835713124124085,0.006415774440779767,-0.16501664563209587,0.9862303355080114,-0.03747221904031825,-0.04220206131322289,-0.02975786374650332,-0.02941995,-0.21574629999999997,9.6301303
1786689761.422344,65.936,0.0,1.0,0,0,,,,,,,,,,,,,,,,,,,,,,,,,,,0,2.1721861362457275,2,0,True,True,False,"A:1,B:1,ESTOP:0,MODE:1",,,,36.96769045,127.87266509,123.02099999999999,1,0.0073960000000000015,-0.008308762926222903,0.006217809119734838,-0.16557206212535686,0.9861430908098192,-0.05721189288037412,-0.04913101844364037,-0.03490658503988659,-0.5491724,-0.34323275000000003,10.0812362
1786689761.472337,65.986,0.0,1.0,0,0,,,,,,,,,,,,,,,,,,,,,,,,,,,0,2.062703847885132,2,0,True,True,False,"A:1,B:1,ESTOP:0,MODE:1",,,,36.96768859666667,127.87266492666667,123.017,1,0.0073960000000000015,-0.008627893611055312,0.005674638894317315,-0.16608433156584154,0.9860574794268249,0.009651670763528642,-0.023108159296404925,-0.02234021442552742,0.7060787999999999,0.25497289999999995,10.071429549999998
1786689761.522330,66.036,0.0,1.0,0,0,,,,,,,,,,,,,,,,,,,,,,,,,,,0,2.133627414703369,2,0,True,True,False,"A:1,B:1,ESTOP:0,MODE:1",,,,36.96768859666667,127.87266492666667,123.017,1,0.0073960000000000015,-0.009181538058788135,0.005949136850220554,-0.16649210484473903,0.9859820922075515,0.011519173063162575,0.034540065896967787,-0.030909781052819576,-0.61781895,-0.9610517,9.9047165
1786689761.572358,66.086,0.0,1.0,0,0,,,,,,,,,,,,,,,,,,,,,,,,,,,0,2.1843183040618896,2,0,True,True,False,"A:1,B:1,ESTOP:0,MODE:1",,,,36.96768859666667,127.87266492666667,123.017,1,0.0073960000000000015,-0.008741530835685763,0.005606076957498351,-0.16706559064550056,0.9858910923434016,-0.017174039839624202,-0.027349309378751144,-0.0072082098107365804,-0.00980665,1.0983448,9.69877685
1786689761.622375,66.136,0.0,1.0,0,0,,,,,,,,,,,,,,,,,,,,,,,,,,,0,2.1494479179382324,2,0,True,True,False,"A:1,B:1,ESTOP:0,MODE:1",,,,36.96768859666667,127.87266492666667,123.017,1,0.0073960000000000015,-0.010639324082771776,0.005207962194043001,-0.167579830625698,0.985787341306587,-0.018727382873899155,-0.05969026041820607,-0.034191000046568915,-0.10787314999999999,-1.3925442999999997,9.63993695
1786689761.672382,66.187,0.0,1.0,0,0,,,,,,,,,,,,,,,,,,,,,,,,,,,0,2.141162157058716,2,0,True,True,False,"A:1,B:1,ESTOP:0,MODE:1",,,,36.96768661833333,127.87266394,123.00899999999999,1,0.0073960000000000015,-0.010469645611498867,0.0049463525985320575,-0.1681255768559505,0.9856975755897924,-0.05059709501531561,0.0007330382858376184,-0.025778513051956248,0.1372931,0.2745862,9.924329799999999
1786689761.722357,66.236,0.0,1.0,0,0,,,,,,,,,,,,,,,,,,,,,,,,,,,0,2.2097697257995605,2,0,True,True,False,"A:1,B:1,ESTOP:0,MODE:1",,,,36.96768661833333,127.87266394,123.00899999999999,1,0.0073960000000000015,-0.010033126125736013,0.005727752674755707,-0.16865946529752102,0.9856066730674039,0.008342673824532895,-0.007801621756414653,-0.021659536017249632,-0.34323275000000003,0.1176798,9.836069949999999
1786689761.772344,66.286,0.0,1.0,0,0,,,,,,,,,,,,,,,,,,,,,,,,,,,0,2.1850576400756836,2,0,True,True,False,"A:1,B:1,ESTOP:0,MODE:1",,,,36.96768661833333,127.87266394,123.00899999999999,1,0.0073960000000000015,-0.009985529206458102,0.004396163162812631,-0.16908823148546354,0.9855405283036467,0.0013962634015954637,-0.004537856055185257,-0.013439035240356337,0.0980665,-0.35303939999999995,9.7870367
1786689761.822366,66.336,0.0,1.0,0,0,,,,,,,,,,,,,,,,,,,,,,,,,,,0,2.198531150817871,2,0,True,True,False,"A:1,B:1,ESTOP:0,MODE:1",,,,36.96768661833333,127.87266394,123.00899999999999,1,0.0073960000000000015,-0.010152700718576893,0.004756639712943168,-0.16946204263005613,0.9854729388239991,-0.004118977034706617,0.06550220682734718,-0.020298179200694055,-0.14709974999999997,-0.46091255,9.875296549999998
1786689761.872340,66.386,0.0,1.0,0,0,,,,,,,,,,,,,,,,,,,,,,,,,,,0,2.1532163619995117,2,0,True,True,False,"A:1,B:1,ESTOP:0,MODE:1",,,,36.96768474666667,127.87266269666667,123.03399999999999,1,0.0073960000000000015,-0.010759600432341714,0.0045660068118441,-0.1699787526420452,0.9853784076336283,0.015079644737231007,0.02912954521578536,-0.03975860036043083,0.28439285,-0.0784532,9.9439431
1786689761.922381,66.437,0.0,1.0,0,0,,,,,,,,,,,,,,,,,,,,,,,,,,,0,2.1193039417266846,2,0,True,True,False,"A:1,B:1,ESTOP:0,MODE:1",,,,36.96768474666667,127.87266269666667,123.03399999999999,1,0.0073960000000000015,-0.010909558413596306,0.004352994064526739,-0.17074636986716607,0.9852450000660138,-0.014154620233674014,-0.008395033702092726,-0.020298179200694055,0.36284605,0.43149259999999995,9.80665
1786689761.972483,66.487,0.0,1.0,0,0,,,,,,,,,,,,,,,,,,,,,,,,,,,0,2.0783169269561768,2,0,True,True,False,"A:1,B:1,ESTOP:0,MODE:1",,,,36.96768474666667,127.87266269666667,123.03399999999999,1,0.0073960000000000015,-0.011962337763118678,0.0037909411424328584,-0.17139633784719915,0.985122239426694,-0.008133234314293577,0.006213372137099813,-0.023823744289722597,0.1372931,-0.6472389,9.7085835
1786689762.022413,66.537,0.0,1.0,0,0,,,,,,,,,,,,,,,,,,,,,,,,,,,0,2.0877573490142822,2,0,True,True,False,"A:1,B:1,ESTOP:0,MODE:1",,,,36.96768474666667,127.87266269666667,123.03399999999999,1,0.0073960000000000015,-0.01222257249490791,0.0030557331534415747,-0.17200737140796088,0.9850150939949222,-0.057334065928013725,-0.003438298626428829,-0.017435839227423353,-0.0392266,-0.29419949999999995,9.669356899999999
1786689762.072423,66.587,0.0,0.0,0,0,,,,,,,,,,,,,,,,,,,,,,,,,,,0,2.077014684677124,2,0,True,True,False,"A:1,B:1,ESTOP:0,MODE:1",,,,36.96768474666667,127.87266269666667,123.03399999999999,1,0.0073960000000000015,-0.013188359817529485,0.002950257850507494,-0.172678623892027,0.9848855040027215,-0.006754424205218055,-0.01853539665617978,-0.04874704600820163,-0.0392266,-0.8825985,10.1596894
1786689762.122417,66.637,0.0,-1.0,0,0,,,,,,,,,,,,,,,,,,,,,,,,,,,0,2.1076583862304688,2,0,True,True,False,"A:1,B:1,ESTOP:0,MODE:1",,,,36.96768291666667,127.87266215333334,123.035,1,0.006561000000000003,-0.013080395534110036,0.0027049115759047873,-0.17361033633772385,0.9847238383540535,0.015289084247470327,0.011676252695842066,-0.03363249468593073,-0.20593965,-0.6864655000000001,9.659550249999999
1786689762.172485,66.687,0.0,-2.0,0,0,,,,,,,,,,,,,,,,,,,,,,,,,,,0,2.2016942501068115,1,0,True,True,False,"A:1,B:1,ESTOP:0,MODE:1",,,,36.96768291666667,127.87266215333334,123.035,1,0.006561000000000003,-0.014650719410621566,0.0031923563700667103,-0.17461674051866358,0.9845223000075698,0.03192207201897629,0.008168140899333463,-0.048712139423161736,-0.5099457999999999,-0.4118793,9.483030549999999
1786689762.222412,66.737,0.0,-11.0,0,0,,,,,,,,,,,,,,,,,,,,,,,,,,,0,2.276817798614502,0,0,True,True,False,"A:1,B:1,ESTOP:0,MODE:1",,,,36.96768291666667,127.87266215333334,123.035,1,0.006561000000000003,-0.01479896228295606,0.00315323354947118,-0.17553669053915308,0.9843566010893063,-0.018779742751458987,-0.004590215932745087,-0.0318871654339364,-0.38245935,-0.3138128,10.198916
1786689762.272380,66.786,0.0,-30.0,0,0,,,,,,,,,,,,,,,,,,,,,,,,,,,0,2.325106143951416,-1,0,True,True,False,"A:1,B:1,ESTOP:0,MODE:1",,,,36.967681265,127.87266119833333,123.00399999999999,1,0.006561000000000003,-0.015147567453885603,0.0032342794584408812,-0.17616245788728593,0.9842392387360529,0.021467549799530253,0.0209614043164519,-0.017924531417981764,0.0,1.1179581,9.826263299999999
1786689762.322412,66.837,0.0,-38.0,0,0,,,,,,,,,,,,,,,,,,,,,,,,,,,0,2.4739773273468018,-3,0,True,True,False,"A:1,B:1,ESTOP:0,MODE:1",,,,36.967681265,127.87266119833333,123.00399999999999,1,0.006561000000000003,-0.015312038549214854,0.0032061035650131084,-0.17643773705045104,0.9841874756975492,0.02988003679414292,0.0024260076602721182,-0.019984019935335072,-0.9022117999999999,-0.7943386499999999,9.8654899
1786689762.372378,66.886,0.0,-40.0,0,0,,,,,,,,,,,,,,,,,,,,,,,,,,,0,3.272887945175171,-5,0,True,True,False,"A:1,B:1,ESTOP:0,MODE:1",,,,36.967681265,127.87266119833333,123.00399999999999,1,0.006561000000000003,-0.014893433029154728,0.0034631158552964076,-0.17669166708379322,0.9841474723151652,-0.19882790838719402,-0.04654793115068877,-0.013700834628155488,-4.48163905,-0.6864655000000001,7.85512665
1786689762.422366,66.936,0.0,-40.0,0,0,,,,,,,,,,,,,,,,,,,,,,,,,,,0,3.60038161277771,-8,0,True,True,False,"A:1,B:1,ESTOP:0,MODE:1",,,,36.967681265,127.87266119833333,123.00399999999999,1,0.006561000000000003,-0.015257676829896814,0.003510634200889528,-0.17613225622619663,0.9842419961889106,-0.04728096943652639,-0.04251622057858186,0.052080624879510796,-1.77500365,0.08825984999999999,9.306510849999999
1786689762.472536,66.987,0.0,-40.0,0,0,,,,,,,,,,,,,,,,,,,,,,,,,,,0,3.606201410293579,-10,0,True,True,False,"A:1,B:1,ESTOP:0,MODE:1",,,,36.967679618333335,127.87266034833333,123.013,1,0.0073960000000000015,-0.014323901703845917,0.003586085973589146,-0.17459384184445015,0.9845298147935204,-0.06705554986162214,-0.05223770451219028,0.06553711341238708,-0.0588399,-0.6668522,9.561483749999999
1786689762.522342,67.036,0.0,-40.0,0,0,,,,,,,,,,,,,,,,,,,,,,,,,,,0,4.0212178230285645,-15,0,True,True,False,"A:1,B:1,ESTOP:0,MODE:1",,,,36.967679618333335,127.87266034833333,123.013,1,0.0073960000000000015,-0.0141332899960771,0.0041313223217598685,-0.1724370397688095,0.9849104779651451,0.020682151636132805,-0.009616764178488757,0.09494591130849153,-2.2947561,0.0196133,10.198916
1786689762.572366,67.086,0.0,-40.0,0,0,,,,,,,,,,,,,,,,,,,,,,,,,,,0,3.9766504764556885,-18,0,True,True,False,"A:1,B:1,ESTOP:0,MODE:1",,,,36.967679618333335,127.87266034833333,123.013,1,0.0073960000000000015,-0.013637735411844638,0.004003400459183185,-0.16961067307691013,0.9854086484986812,0.08719664942963672,0.0063006385996995295,0.13507103081184116,0.21574629999999997,-0.6080123,9.7281968
1786689762.622331,67.136,0.0,-40.0,0,0,,,,,,,,,,,,,,,,,,,,,,,,,,,0,4.3546295166015625,-21,0,True,True,False,"A:1,B:1,ESTOP:0,MODE:1",,,,36.967679618333335,127.87266034833333,123.013,1,0.0073960000000000015,-0.011308688219567181,0.0050522620851432,-0.1658243589615331,0.9860775173350076,0.014189526818713898,-0.0857829327355213,0.17753489151286322,-2.0005566,0.93163175,8.845598299999999
1786689762.672335,67.186,0.0,-40.0,0,0,,,,,,,,,,,,,,,,,,,,,,,,,,,0,4.416348457336426,-23,0,True,True,False,"A:1,B:1,ESTOP:0,MODE:1",,,,36.967678365,127.87266041166667,122.95400000000001,2,10.497600000000002,-0.011997701258938466,0.004604946711644742,-0.16128250679514602,0.9868246058100487,-0.03640756819660171,0.03412118687648914,0.20525072003453315,-0.36284605,-0.196133,9.4339973
1786689762.722353,67.236,0.0,-40.0,0,0,,,,,,,,,,,,,,,,,,,,,,,,,,,0,4.423392295837402,-28,0,True,True,False,"A:1,B:1,ESTOP:0,MODE:1",,,,36.967678365,127.87266041166667,122.95400000000001,2,10.497600000000002,-0.012450423766852682,0.004620972769418251,-0.15628358063467104,0.9876229422115995,0.052953289505507956,0.025167647813758232,0.18608700484763543,-0.1569064,-0.8924051499999999,9.934136449999999
1786689762.772373,67.286,0.0,-40.0,0,0,,,,,,,,,,,,,,,,,,,,,,,,,,,0,4.551986217498779,-30,0,True,True,False,"A:1,B:1,ESTOP:0,MODE:1",,,,36.967678365,127.87266041166667,122.95400000000001,2,10.497600000000002,-0.012237664143689144,0.005071550000219254,-0.1507932317015015,0.9884765653417984,0.022322761133007473,-0.00968657734856853,0.24076817031261777,-0.784532,-0.4707192,9.9439431
1786689762.822338,67.336,0.0,-40.0,0,0,,,,,,,,,,,,,,,,,,,,,,,,,,,0,4.309342384338379,-34,0,True,True,False,"A:1,B:1,ESTOP:0,MODE:1",,,,36.967678365,127.87266041166667,122.95400000000001,2,10.497600000000002,-0.012100650016519,0.004942789040751987,-0.14452891933444692,0.9894142381134876,-0.04132939668722572,-0.005689773361501515,0.2789210677612138,1.3140911,-0.37265269999999995,10.071429549999998
1786689762.872358,67.386,0.0,-40.0,0,0,,,,,,,,,,,,,,,,,,,,,,,,,,,0,4.6157965660095215,-36,0,True,True,False,"A:1,B:1,ESTOP:0,MODE:1",,,,36.967676786666665,127.87266064333333,122.922,2,10.497600000000002,-0.011025810336910231,0.0057420959726808985,-0.1374806135378729,0.990426443882384,0.009005898940290741,-0.03022910264454179,0.3173881244751688,-1.8338435499999999,-0.6472389,9.757616749999999
1786689762.922552,67.437,0.0,-40.0,0,0,,,,,,,,,,,,,,,,,,,,,,,,,,,0,4.658524513244629,-38,0,True,True,False,"A:1,B:1,ESTOP:0,MODE:1",,,,36.967676786666665,127.87266064333333,122.922,2,10.497600000000002,-0.009047169432235963,0.00624642783407711,-0.12991591956320422,0.9914640612289611,0.014451326206513048,-0.035430183815484885,0.2892883235180601,-0.12748644999999997,0.93163175,9.738003449999999
1786689762.972440,67.487,0.0,-40.0,0,0,,,,,,,,,,,,,,,,,,,,,,,,,,,0,4.932435035705566,-39,0,True,True,False,"A:1,B:1,ESTOP:0,MODE:1",,,,36.967676786666665,127.87266064333333,122.922,2,10.497600000000002,-0.007704493963450108,0.0072692507200336634,-0.12203454315900623,0.9924693290186398,-0.0003141592653589793,-0.03113667385557884,0.352434335855215,-1.7455836999999998,-0.7551120499999999,9.01231135
1786689763.022468,67.537,0.0,-40.0,0,0,,,,,,,,,,,,,,,,,,,,,,,,,,,0,5.277721881866455,-40,0,True,True,False,"A:1,B:1,ESTOP:0,MODE:1",,,,36.967676786666665,127.87266064333333,122.922,2,10.497600000000002,-0.0066161507057387,0.007329465471787637,-0.11396460314694086,0.9934357426201742,-0.00010471975511965978,-0.003909537524467298,0.34505159311927897,-1.85345685,0.9414384,9.67916355
1786689763.072390,67.587,0.0,-40.0,0,0,,,,,,,,,,,,,,,,,,,,,,,,,,,0,5.366638660430908,-40,0,True,True,False,"A:1,B:1,ESTOP:0,MODE:1",,,,36.967675405,127.87266095166666,122.898,2,10.497600000000002,-0.005911194520680233,0.006877459452822713,-0.10579370985690977,0.9943467449966965,0.0108035880698449,-0.00942477796076938,0.287787340361345,-0.35303939999999995,0.9218251,9.7674234
1786689763.122511,67.637,0.0,-39.0,0,0,,,,,,,,,,,,,,,,,,,,,,,,,,,0,5.411526203155518,-40,0,True,True,False,"A:1,B:1,ESTOP:0,MODE:1",,,,36.967675405,127.87266095166666,122.898,2,10.497600000000002,-0.005945143172703239,0.006974745458930618,-0.09750229317253307,0.9951931023799032,0.061016710649721764,0.024294983187761066,0.2575582377168032,-0.35303939999999995,-0.0784532,10.463695549999999
1786689763.172451,67.687,0.0,-38.0,0,0,,,,,,,,,,,,,,,,,,,,,,,,,,,0,5.450851917266846,-40,0,True,True,False,"A:1,B:1,ESTOP:0,MODE:1",,,,36.967675405,127.87266095166666,122.898,2,10.497600000000002,-0.005542695099319783,0.00696381225628794,-0.08940762712548857,0.9959553504357938,0.007173303225696694,-0.013683381335635543,0.2883109391369433,-0.12748644999999997,0.5687857,10.0616229
1786689763.222399,67.737,0.0,-30.0,0,0,,,,,,,,,,,,,,,,,,,,,,,,,,,0,5.267854690551758,-40,0,True,True,False,"A:1,B:1,ESTOP:0,MODE:1",,,,36.967675405,127.87266095166666,122.898,2,10.497600000000002,-0.005584749795696172,0.006979259202313442,-0.08140844421575442,0.9966407405485072,-0.013247049022636962,0.033039082740252655,0.3500083281949428,0.63743225,-1.1375714,9.7281968
1786689763.272432,67.787,0.0,-26.0,0,0,,,,,,,,,,,,,,,,,,,,,,,,,,,0,5.411990165710449,-40,0,True,True,False,"A:1,B:1,ESTOP:0,MODE:1",,,,36.96767406,127.87266101166666,122.87299999999999,2,10.497600000000002,-0.005007587923399357,0.007878878328211951,-0.07385476680265587,0.9972253109302852,0.022305307840487534,0.04396484385773716,0.35585518118912385,-0.8531785499999999,0.26477955,10.09104285
1786689763.322391,67.837,0.0,-7.0,0,0,,,,,,,,,,,,,,,,,,,,,,,,,,,0,5.535017967224121,-40,0,True,True,False,"A:1,B:1,ESTOP:0,MODE:1",,,,36.96767406,127.87266101166666,122.87299999999999,2,10.497600000000002,-0.0045970900679518905,0.008088538144772247,-0.06614426343203492,0.9977666955399047,0.015969762655748117,-0.016388641676226754,0.25028021473598683,-0.6668522,0.43149259999999995,9.46341725
1786689763.372439,67.887,0.0,-1.0,0,0,,,,,,,,,,,,,,,,,,,,,,,,,,,0,5.527977466583252,-40,0,True,True,False,"A:1,B:1,ESTOP:0,MODE:1",,,,36.96767406,127.87266101166666,122.87299999999999,2,10.497600000000002,-0.004576455968396365,0.008151861261594203,-0.05824493978826526,0.9982585487727127,-0.05143485305627289,-0.02028072590817411,0.36278413831954137,-0.02941995,0.06864655,9.5320638
1786689763.422453,67.937,0.0,8.0,0,0,,,,,,,,,,,,,,,,,,,,,,,,,,,0,5.349176406860352,-38,0,True,True,False,"A:1,B:1,ESTOP:0,MODE:1",,,,36.96767406,127.87266101166666,122.87299999999999,2,10.497600000000002,-0.004815221863389602,0.008005815393511065,-0.05109938885101215,0.9986498750900359,0.011815879036001611,-0.0021118483949131386,0.21605430810437803,0.67665885,-0.7551120499999999,9.924329799999999
1786689763.472356,67.986,0.0,12.0,0,0,,,,,,,,,,,,,,,,,,,,,,,,,,,0,5.267664909362793,-35,0,True,True,False,"A:1,B:1,ESTOP:0,MODE:1",,,,36.96767261666667,127.87266123,122.88999999999999,2,10.497600000000002,-0.004902066070676063,0.008284015554147667,-0.04505695557706649,0.9989380439189728,-0.039426987802551904,0.031956978604016174,0.22123793598280123,0.37265269999999995,-0.02941995,10.44408225
1786689763.522357,68.036,0.0,18.0,0,0,,,,,,,,,,,,,,,,,,,,,,,,,,,0,5.311359882354736,-32,0,True,True,False,"A:1,B:1,ESTOP:0,MODE:1",,,,36.96767261666667,127.87266123,122.88999999999999,2,10.497600000000002,-0.005192216112217006,0.008600899436251662,-0.039996214311547554,0.9991493223044673,-0.015707963267948967,0.04014257279586958,0.2494948165725894,-0.63743225,-0.67665885,9.590903699999998
1786689763.572482,68.087,0.0,19.0,0,0,,,,,,,,,,,,,,,,,,,,,,,,,,,0,5.310886859893799,-30,0,True,True,False,"A:1,B:1,ESTOP:0,MODE:1",,,,36.96767261666667,127.87266123,122.88999999999999,2,10.497600000000002,-0.005370552127080218,0.008735847028396354,-0.03484051029359478,0.9993402728745742,0.0007330382858376184,-0.009791297103688189,0.20106192982974674,-0.24516625,-0.37265269999999995,9.36535075
1786689763.622450,68.137,0.0,19.0,0,0,,,,,,,,,,,,,,,,,,,,,,,,,,,0,5.403792858123779,-27,0,True,True,False,"A:1,B:1,ESTOP:0,MODE:1",,,,36.96767261666667,127.87266123,122.88999999999999,2,10.497600000000002,-0.00550825216352176,0.008781381808863016,-0.029815602698371056,0.9995016639942943,0.06698573669154237,-0.007086036763096978,0.1640784029799869,-0.8727918499999999,-0.5295591,9.5124505
1786689763.672328,68.186,0.0,18.0,0,0,,,,,,,,,,,,,,,,,,,,,,,,,,,0,5.479437828063965,-25,0,True,True,False,"A:1,B:1,ESTOP:0,MODE:1",,,,36.967671366666664,127.87266151,122.86500000000001,2,10.497600000000002,-0.005750650881988448,0.009320907139935705,-0.025413910731078564,0.9996170185855555,0.011292280260403312,-0.029216811678385076,0.10445795573186063,-0.6276256,-0.16671305,9.54187045
1786689763.722472,68.237,0.0,18.0,0,0,,,,,,,,,,,,,,,,,,,,,,,,,,,0,5.50076150894165,-21,0,True,True,False,"A:1,B:1,ESTOP:0,MODE:1",,,,36.967671366666664,127.87266151,122.86500000000001,2,10.497600000000002,-0.005798922835126117,0.009388247671803393,-0.021897565482191496,0.9996993197584753,0.016057029118347832,0.02336995868420407,0.07721336610822914,-0.0196133,0.57859235,10.42446895
1786689763.772483,68.287,0.0,16.0,0,0,,,,,,,,,,,,,,,,,,,,,,,,,,,0,5.651794910430908,-19,0,True,True,False,"A:1,B:1,ESTOP:0,MODE:1",,,,36.967671366666664,127.87266151,122.86500000000001,2,10.497600000000002,-0.006376154056207059,0.010461789764800654,-0.018639494442706857,0.9997512014802928,0.057630771900852765,-0.030141836181942074,0.05386086071654501,-0.784532,0.5982056499999999,9.9439431
1786689763.822388,68.337,0.0,16.0,0,0,,,,,,,,,,,,,,,,,,,,,,,,,,,0,5.514322280883789,-15,0,True,True,False,"A:1,B:1,ESTOP:0,MODE:1",,,,36.967671366666664,127.87266151,122.86500000000001,2,10.497600000000002,-0.007326858936083534,0.009818467631167472,-0.01544162676308748,0.9998057166241929,0.03701843343479973,0.029722957161463434,0.05963790054064624,0.5295591,-0.45110589999999995,9.855683249999998
1786689763.872373,68.386,0.0,14.0,0,0,,,,,,,,,,,,,,,,,,,,,,,,,,,0,5.462096691131592,-13,0,True,True,False,"A:1,B:1,ESTOP:0,MODE:1",,,,36.967670395,127.87266166666667,122.82900000000001,2,11.289599999999998,-0.007769295309248996,0.009858059470725522,-0.012959169474627863,0.999837245075616,0.0620813614934383,0.01387536755335492,0.0417657290002243,-0.00980665,-0.48052585,10.1793027
1786689763.922398,68.437,0.0,13.0,0,0,,,,,,,,,,,,,,,,,,,,,,,,,,,0,5.433150291442871,-9,0,True,True,False,"A:1,B:1,ESTOP:0,MODE:1",,,,36.967670395,127.87266166666667,122.82900000000001,2,11.289599999999998,-0.007060315574541528,0.010952013920028963,-0.011029762951165341,0.9998542642127024,0.01473057888683214,-0.02345722514680379,0.03860668305411457,-0.0196133,-0.1569064,9.42419065
1786689763.972364,68.486,0.0,12.0,0,0,,,,,,,,,,,,,,,,,,,,,,,,,,,0,5.55867862701416,-7,0,True,True,False,"A:1,B:1,ESTOP:0,MODE:1",,,,36.967670395,127.87266166666667,122.82900000000001,2,11.289599999999998,-0.006722559577709574,0.01089243096392244,-0.009245260062925498,0.9998753358828235,-0.03022910264454179,-0.012409290981679682,0.06328563867731439,-1.3140911,-0.97085835,9.649743599999999
1786689764.022357,68.536,0.0,11.0,0,0,,,,,,,,,,,,,,,,,,,,,,,,,,,0,5.433324813842773,-3,0,True,True,False,"A:1,B:1,ESTOP:0,MODE:1",,,,36.967670395,127.87266166666667,122.82900000000001,2,11.289599999999998,-0.007264252767374906,0.010416528124906997,-0.007925495596629032,0.9998879502689801,-0.03612831551628262,0.012479104151759455,0.05930628798276732,0.5687857,-0.14709974999999997,10.149882749999998
1786689764.072332,68.586,0.0,13.0,0,0,,,,,,,,,,,,,,,,,,,,,,,,,,,0,5.515148162841797,0,0,True,True,False,"A:1,B:1,ESTOP:0,MODE:1",,,,36.967670395,127.87266166666667,122.82900000000001,2,11.289599999999998,-0.007393425407762196,0.010447239883754879,-0.007225904819125277,0.9998919835357698,0.0008377580409572782,-0.01583013631558857,0.020263272615654165,-0.20593965,0.9414384,10.326402449999998
1786689764.122325,68.636,0.0,14.0,0,0,,,,,,,,,,,,,,,,,,,,,,,,,,,0,5.592962265014648,4,0,True,True,False,"A:1,B:1,ESTOP:0,MODE:1",,,,36.967669238333336,127.87266165166666,122.81700000000001,2,11.289599999999998,-0.007431508519089817,0.010245568946959086,-0.007061272660075644,0.999894964196992,0.013892820845874863,-0.034540065896967787,-0.04260348704118158,-0.73549875,-0.32361945,9.590903699999998
1786689764.172337,68.686,0.0,14.0,0,0,,,,,,,,,,,,,,,,,,,,,,,,,,,0,5.505862712860107,6,0,True,True,False,"A:1,B:1,ESTOP:0,MODE:1",,,,36.967669238333336,127.87266165166666,122.81700000000001,2,11.289599999999998,-0.008007754763339116,0.010032470398216328,-0.007179308873735481,0.9998918356129599,-0.035028758087526195,-0.0013439035240356337,0.02949606435870417,0.02941995,-0.8825985,10.1204628
1786689764.222425,68.737,0.0,14.0,0,0,,,,,,,,,,,,,,,,,,,,,,,,,,,0,5.601892948150635,9,0,True,True,False,"A:1,B:1,ESTOP:0,MODE:1",,,,36.967669238333336,127.87266165166666,122.81700000000001,2,11.289599999999998,-0.008050630384435003,0.010170479580388195,-0.0080153728407533,0.999883744489199,0.0307177948351002,0.004939281783143952,-0.085259333959923,-0.7256921,-0.04903325,10.42446895
1786689764.272367,68.786,0.0,14.0,0,0,,,,,,,,,,,,,,,,,,,,,,,,,,,0,5.5213775634765625,10,0,True,True,False,"A:1,B:1,ESTOP:0,MODE:1",,,,36.96766817666666,127.87266168666666,122.81,2,11.289599999999998,-0.008048544216918509,0.010101156202520414,-0.00915025743178876,0.9998747223368998,0.05476843192758206,0.027768188399229784,-0.05963790054064624,0.20593965,-0.392266,9.953749749999998
1786689764.322405,68.837,0.0,14.0,0,0,,,,,,,,,,,,,,,,,,,,,,,,,,,0,5.406009674072266,12,0,True,True,False,"A:1,B:1,ESTOP:0,MODE:1",,,,36.96766817666666,127.87266168666666,122.81,2,11.289599999999998,-0.007972366312234573,0.010138472846463804,-0.010616543379158893,0.999860461139655,-0.019739673840055868,-0.013124875974997358,-0.08339183166028906,0.4707192,-0.2745862,9.610517
1786689764.372452,68.887,0.0,14.0,0,0,,,,,,,,,,,,,,,,,,,,,,,,,,,0,5.468932628631592,13,0,True,True,False,"A:1,B:1,ESTOP:0,MODE:1",,,,36.96766817666666,127.87266168666666,122.81,2,11.289599999999998,-0.0081386381915221,0.010300906350221906,-0.012105474778104579,0.9998405429753027,-0.0045204027626653135,-0.03488913174736665,-0.08168140899333462,-0.26477955,0.53936575,9.826263299999999
1786689764.422431,68.937,0.0,14.0,0,0,,,,,,,,,,,,,,,,,,,,,,,,,,,0,5.448009967803955,14,0,True,True,False,"A:1,B:1,ESTOP:0,MODE:1",,,,36.96766817666666,127.87266168666666,122.81,2,11.289599999999998,-0.008518888251012591,0.009901955336783725,-0.013876313706850522,0.9998183973809365,0.00307177948351002,0.014590952546672595,-0.06592108584782583,-0.4903325,-1.2748645,9.296704199999999
1786689764.472357,68.986,0.0,14.0,0,0,,,,,,,,,,,,,,,,,,,,,,,,,,,0,5.537740230560303,14,0,True,True,False,"A:1,B:1,ESTOP:0,MODE:1",,,,36.96766707166667,127.87266169,122.785,2,11.289599999999998,-0.009071219049236284,0.010120599109077819,-0.015927878866221525,0.9997807705359496,0.009337511498169663,-0.022794000031045945,-0.12995721610349778,-0.5687857,0.20593965,10.1400761
1786689764.522408,69.037,0.0,14.0,0,0,,,,,,,,,,,,,,,,,,,,,,,,,,,0,5.656818389892578,14,0,True,True,False,"A:1,B:1,ESTOP:0,MODE:1",,,,36.96766707166667,127.87266169,122.785,2,11.289599999999998,-0.009202405770328926,0.009941186589923781,-0.01797857014754943,0.9997465976699655,0.017243853009703977,-0.011955505376161158,-0.09285151620609834,-0.67665885,0.35303939999999995,9.924329799999999
1786689764.572424,69.087,0.0,14.0,0,0,,,,,,,,,,,,,,,,,,,,,,,,,,,0,5.7756476402282715,14,0,True,True,False,"A:1,B:1,ESTOP:0,MODE:1",,,,36.96766707166667,127.87266169,122.785,2,11.289599999999998,-0.008756070580306785,0.008615388025611213,-0.01995820952846325,0.999725350378582,-0.0013264502315156904,0.0205599785884932,-0.07257079029792422,-0.9120184499999999,-0.36284605,9.659550249999999
1786689764.622380,69.136,0.0,14.0,0,0,,,,,,,,,,,,,,,,,,,,,,,,,,,0,5.737190246582031,14,0,True,True,False,"A:1,B:1,ESTOP:0,MODE:1",,,,36.96766707166667,127.87266169,122.785,2,11.289599999999998,-0.008882142217230545,0.0084871640180986,-0.02190384461777502,0.9996845988548205,0.025865779514555962,-0.007452555906015787,-0.13048081487909607,0.1176798,-0.0784532,9.894909849999998
1786689764.672510,69.187,0.0,14.0,0,0,,,,,,,,,,,,,,,,,,,,,,,,,,,0,5.769367218017578,14,0,True,True,False,"A:1,B:1,ESTOP:0,MODE:1",,,,36.96766707166667,127.87266169,122.785,2,11.289599999999998,-0.00912389699008769,0.007934271969692165,-0.023826452352819116,0.9996429872711079,0.04098033083682685,0.022619467105846513,-0.11349876125719126,0.04903325,0.784532,9.855683249999998
1786689764.722428,69.237,0.0,14.0,0,0,,,,,,,,,,,,,,,,,,,,,,,,,,,0,5.780038833618164,14,0,True,True,False,"A:1,B:1,ESTOP:0,MODE:1",,,,36.96766606166667,127.872661365,122.804,2,11.289599999999998,-0.009279383711482531,0.00812135768008011,-0.02567280540130642,0.9995943395448944,0.009704030641088473,-0.008569566627292158,-0.10203194807158851,-0.29419949999999995,-0.4118793,9.875296549999998
1786689764.772463,69.287,0.0,14.0,0,0,,,,,,,,,,,,,,,,,,,,,,,,,,,0,5.61393404006958,14,0,True,True,False,"A:1,B:1,ESTOP:0,MODE:1",,,,36.96766606166667,127.872661365,122.804,2,11.289599999999998,-0.009311084995101452,0.007992564658850508,-0.027645266233061704,0.9995424762666623,0.017627825445142728,-0.013613568165555772,-0.11002555604572253,0.73549875,-0.50013915,9.4536106
1786689764.822417,69.337,0.0,14.0,0,0,,,,,,,,,,,,,,,,,,,,,,,,,,,0,5.663061618804932,14,0,True,True,False,"A:1,B:1,ESTOP:0,MODE:1",,,,36.96766606166667,127.872661365,122.804,2,11.289599999999998,-0.009313528497717596,0.008561763847667138,-0.02964575328559174,0.9994804068609192,0.03562217003320427,-0.015760323145508796,-0.13196434474329125,-0.48052585,-0.30400615,9.62032365
1786689764.872426,69.387,0.0,14.0,0,0,,,,,,,,,,,,,,,,,,,,,,,,,,,0,5.609044551849365,14,0,True,True,False,"A:1,B:1,ESTOP:0,MODE:1",,,,36.96766504,127.87266089666667,122.78200000000001,2,11.289599999999998,-0.009864411309319927,0.008563420546211462,-0.0316385468682221,0.9994140100929829,0.01637118838370681,-0.0019722220547535923,-0.10608111193621536,0.21574629999999997,-0.08825984999999999,9.77723005
1786689764.922413,69.437,0.0,14.0,0,0,,,,,,,,,,,,,,,,,,,,,,,,,,,0,5.653529644012451,14,0,True,True,False,"A:1,B:1,ESTOP:0,MODE:1",,,,36.96766504,127.87266089666667,122.78200000000001,2,11.289599999999998,-0.00996663324591077,0.00891080109672373,-0.03369223282661919,0.9993428327119341,-0.0012042771838760874,-0.0028623399732707008,-0.06366961111275314,-0.50013915,-0.45110589999999995,9.316317499999998
1786689764.972472,69.487,0.0,14.0,0,0,,,,,,,,,,,,,,,,,,,,,,,,,,,0,5.733048439025879,14,0,True,True,False,"A:1,B:1,ESTOP:0,MODE:1",,,,36.96766504,127.87266089666667,122.78200000000001,2,11.289599999999998,-0.011254087661501672,0.009502908498377908,-0.03581938832095652,0.9992497243738879,-0.005497787143782138,-0.013369222070276564,-0.0321315115292156,-0.8041453,-0.7649187,9.26728425
1786689765.022367,69.536,0.0,14.0,0,0,,,,,,,,,,,,,,,,,,,,,,,,,,,0,5.751577854156494,14,0,True,True,False,"A:1,B:1,ESTOP:0,MODE:1",,,,36.96766504,127.87266089666667,122.78200000000001,2,11.289599999999998,-0.011527300700873431,0.00964153358171781,-0.037838268443341906,0.9991708700767621,-0.06824237375297829,0.01213003830136059,-0.014398966328953218,-0.392266,-0.61781895,9.63993695
1786689765.072455,69.587,0.0,14.0,0,0,,,,,,,,,,,,,,,,,,,,,,,,,,,0,5.816965103149414,14,0,True,True,False,"A:1,B:1,ESTOP:0,MODE:1",,,,36.96766504,127.87266089666667,122.78200000000001,2,11.289599999999998,-0.011861698529653934,0.009992916346392204,-0.03981870982056329,0.9990865388339047,-0.051696652444072046,0.005340707511102648,-0.058555796404409756,-0.57859235,-0.3334261,9.80665
1786689765.122386,69.637,0.0,14.0,0,0,,,,,,,,,,,,,,,,,,,,,,,,,,,0,5.856691837310791,14,0,True,True,False,"A:1,B:1,ESTOP:0,MODE:1",,,,36.967663898333335,127.87266085166667,122.78,2,11.289599999999998,-0.012212641900461715,0.010119789141125187,-0.04183646174520759,0.9989985744305103,-0.02855358656262723,0.0044156830075456534,-0.1080009741134091,-0.45110589999999995,-0.4118793,9.826263299999999
1786689765.172432,69.687,0.0,14.0,0,0,,,,,,,,,,,,,,,,,,,,,,,,,,,0,5.948628902435303,14,0,True,True,False,"A:1,B:1,ESTOP:0,MODE:1",,,,36.967663898333335,127.87266085166667,122.78,2,11.289599999999998,-0.012690745490520383,0.01034014543294309,-0.04378168791055698,0.9989069977605638,-0.023753931119642826,-0.011309733552923256,-0.08688249016427772,-0.81395195,-0.67665885,9.54187045
1786689765.222442,69.737,0.0,14.0,0,0,,,,,,,,,,,,,,,,,,,,,,,,,,,0,5.953974723815918,14,0,True,True,False,"A:1,B:1,ESTOP:0,MODE:1",,,,36.967663898333335,127.87266085166667,122.78,2,11.289599999999998,-0.013158746530632578,0.01001948464511292,-0.04566475712617139,0.9988198973157256,-0.05653121447209633,-0.0009075712110370514,-0.045186574334133194,-0.35303939999999995,-0.9120184499999999,9.404577349999999
1786689765.272359,69.786,0.0,14.0,0,0,,,,,,,,,,,,,,,,,,,,,,,,,,,0,5.962094306945801,14,0,True,True,False,"A:1,B:1,ESTOP:0,MODE:1",,,,36.967662823333335,127.87266042166667,122.75899999999999,2,11.289599999999998,-0.013457850187445084,0.010139000788799464,-0.047612756666411106,0.99872374174942,-0.05799729104377157,-0.0017453292519943296,-0.05886995566976874,-0.1372931,0.0784532,9.9439431
1786689765.322399,69.837,0.0,14.0,0,0,,,,,,,,,,,,,,,,,,,,,,,,,,,0,6.047982215881348,14,0,True,True,False,"A:1,B:1,ESTOP:0,MODE:1",,,,36.967662823333335,127.87266042166667,122.75899999999999,2,11.289599999999998,-0.014360688793630344,0.00986319327718409,-0.04966560038650037,0.9986139475162551,-0.037786378305677236,-0.023631758072003222,-0.09218829109034049,-0.5982056499999999,-0.0392266,9.5320638
1786689765.372431,69.887,0.0,14.0,0,0,,,,,,,,,,,,,,,,,,,,,,,,,,,0,6.092620372772217,14,0,True,True,False,"A:1,B:1,ESTOP:0,MODE:1",,,,36.967662823333335,127.87266042166667,122.75899999999999,2,11.289599999999998,-0.015562365826230848,0.009762427970196547,-0.05162612108387517,0.9984974969381999,-0.07058111495065068,-0.00486946861306418,-0.07206464481484585,-0.392266,-0.21574629999999997,9.77723005
1786689765.422383,69.937,0.0,14.0,0,0,,,,,,,,,,,,,,,,,,,,,,,,,,,0,6.3122358322143555,14,0,True,True,False,"A:1,B:1,ESTOP:0,MODE:1",,,,36.967662823333335,127.87266042166667,122.75899999999999,2,11.289599999999998,-0.01751245153553464,0.011389095647126854,-0.053338243958461394,0.9983579690035954,-0.06309365245959501,-0.04040437218366873,-0.08930849782454985,-1.4415775499999999,-0.29419949999999995,9.9439431
1786689765.472460,69.987,0.0,14.0,0,0,,,,,,,,,,,,,,,,,,,,,,,,,,,0,6.1660637855529785,14,0,True,True,False,"A:1,B:1,ESTOP:0,MODE:1",,,,36.967662823333335,127.87266042166667,122.75899999999999,2,11.289599999999998,-0.020774749137639124,0.011132597671258734,-0.055227595701225825,0.9981955658789613,-0.08747590210995579,-0.026703537555513242,-0.08077383778229758,0.5687857,-0.7943386499999999,9.590903699999998
1786689765.522598,70.037,0.0,0.0,0,0,,,,,,,,,,,,,,,,,,,,,,,,,,,0,6.387941360473633,14,0,True,True,False,"A:1,B:1,ESTOP:0,MODE:1",,,,36.96766168166667,127.87266012,122.757,2,11.289599999999998,-0.022106655331106517,0.010742520223926137,-0.05711463701746171,0.9980650340973146,-0.03255039054969425,-0.014887658519511631,-0.06513568768442839,-1.55925735,-1.0983448,10.306789149999998
1786689765.572454,70.087,0.0,0.0,0,0,,,,,,,,,,,,,,,,,,,,,,,,,,,0,6.140366554260254,14,0,True,True,False,"A:1,B:1,ESTOP:0,MODE:1",,,,36.96766168166667,127.87266012,122.757,2,11.289599999999998,-0.022808797482821785,0.009842173230166042,-0.05875942252575243,0.9979630357122127,-0.0079412480965742,-0.03715805977495928,-0.08470082859928481,1.2748645,-0.36284605,9.934136449999999
1786689765.622394,70.137,0.0,-1.0,0,0,,,,,,,,,,,,,,,,,,,,,,,,,,,0,6.065678119659424,15,0,True,True,False,"A:1,B:1,ESTOP:0,MODE:1",,,,36.96766168166667,127.87266012,122.757,2,11.289599999999998,-0.023364077077664563,0.008133309332593599,-0.06015629669046263,0.997882352359284,-0.10623819156889483,0.04768239516448509,-0.020577431881013145,0.16671305,-1.2356379,9.9439431
1786689765.672464,70.187,0.0,-1.0,0,0,,,,,,,,,,,,,,,,,,,,,,,,,,,0,6.263423919677734,13,0,True,True,False,"A:1,B:1,ESTOP:0,MODE:1",,,,36.96766168166667,127.87266012,122.757,2,11.289599999999998,-0.024937058012230933,0.00917968758985619,-0.062130940712877385,0.9977141988964475,-0.018465583486100008,0.012932889757277981,-0.08745844881743585,-1.22583125,-0.32361945,10.5323421
1786689765.722399,70.237,0.0,-1.0,0,0,,,,,,,,,,,,,,,,,,,,,,,,,,,0,6.171503067016602,12,0,True,True,False,"A:1,B:1,ESTOP:0,MODE:1",,,,36.967660535,127.87265984666666,122.74699999999999,2,10.240000000000002,-0.02464479975675723,0.008272460068952357,-0.06468303616752319,0.9975671932664525,0.020804324683772406,0.03424335992412875,-0.07845254987714512,0.45110589999999995,-0.20593965,9.237864299999998
1786689765.772521,70.287,0.0,-2.0,0,0,,,,,,,,,,,,,,,,,,,,,,,,,,,0,5.825700759887695,8,0,True,True,False,"A:1,B:1,ESTOP:0,MODE:1",,,,36.967660535,127.87265984666666,122.74699999999999,2,10.240000000000002,-0.024751623873611052,0.007980493629238564,-0.0660051891429457,0.9974803175217327,-0.01942551457469689,0.0733736417538416,-0.07086036763096977,1.97113665,0.26477955,10.208722649999999
1786689765.822438,70.337,0.0,-4.0,0,0,,,,,,,,,,,,,,,,,,,,,,,,,,,0,5.59421968460083,6,0,True,True,False,"A:1,B:1,ESTOP:0,MODE:1",,,,36.967660535,127.87265984666666,122.74699999999999,2,10.240000000000002,-0.025020373353492883,0.007712164902520008,-0.06644605617100649,0.9974464522214149,-0.022183134792847926,-0.11030480872604163,-0.03206169835913583,0.980665,-1.7259703999999998,10.012589649999999
1786689765.872473,70.387,0.0,-8.0,0,0,,,,,,,,,,,,,,,,,,,,,,,,,,,0,5.281004905700684,2,0,True,True,False,"A:1,B:1,ESTOP:0,MODE:1",,,,36.967660535,127.87265984666666,122.74699999999999,2,10.240000000000002,-0.024356728078237994,0.007248355826745931,-0.06716736847854585,0.9974180446266245,0.02234021442552742,0.03783873818323707,-0.0009773843811168245,1.9024900999999999,0.6080123,9.99297635
1786689765.922505,70.437,0.0,-13.0,0,0,,,,,,,,,,,,,,,,,,,,,,,,,,,0,5.25290060043335,0,0,True,True,False,"A:1,B:1,ESTOP:0,MODE:1",,,,36.967659301666664,127.87265939,122.733,2,10.240000000000002,-0.024576831862278,0.0076131376263505425,-0.06716544530399468,0.9974100573125437,-0.06888814557621618,-0.09299114254625789,0.023020892833805207,-0.0588399,-1.0787315,10.44408225
1786689765.972469,70.487,0.0,-15.0,0,0,,,,,,,,,,,,,,,,,,,,,,,,,,,0,5.129334926605225,-2,0,True,True,False,"A:1,B:1,ESTOP:0,MODE:1",,,,36.967659301666664,127.87265939,122.733,2,10.240000000000002,-0.02447654069575965,0.007028873613521553,-0.06716362414679203,0.9974169346280232,0.028431413514987628,-0.01111774733520388,-0.021572269554649914,0.7256921,0.0196133,9.610517
1786689766.022402,70.537,0.0,-15.0,0,0,,,,,,,,,,,,,,,,,,,,,,,,,,,0,5.007125377655029,-3,0,True,True,False,"A:1,B:1,ESTOP:0,MODE:1",,,,36.967659301666664,127.87265939,122.733,2,10.240000000000002,-0.024603557250887496,0.006854900068752246,-0.06686259694131075,0.997435245239466,0.02659881780039358,-0.03399901382884954,0.019896753472735354,0.43149259999999995,-1.3827376499999997,9.7870367
1786689766.072480,70.587,0.0,-15.0,0,0,,,,,,,,,,,,,,,,,,,,,,,,,,,0,5.088624477386475,-7,0,True,True,False,"A:1,B:1,ESTOP:0,MODE:1",,,,36.967659301666664,127.87265939,122.733,2,10.240000000000002,-0.02444422499315565,0.006421835298640422,-0.06606446183434037,0.9974952264439265,-0.0025132741228718345,-0.023177972466484696,0.0432143522793796,-0.44129925,-0.02941995,9.826263299999999
1786689766.122406,70.637,0.0,-14.0,0,0,,,,,,,,,,,,,,,,,,,,,,,,,,,0,5.106574058532715,-9,0,True,True,False,"A:1,B:1,ESTOP:0,MODE:1",,,,36.96765812333334,127.87265909,122.73400000000001,2,11.559999999999999,-0.023544794969038878,0.005442489602373055,-0.06455971855731399,0.9976212030007153,0.04754276882432554,0.02001892652037496,0.09023352232810683,-0.1176798,-0.2745862,9.3359308
1786689766.172502,70.687,0.0,-13.0,0,0,,,,,,,,,,,,,,,,,,,,,,,,,,,0,5.17185640335083,-12,0,True,True,False,"A:1,B:1,ESTOP:0,MODE:1",,,,36.96765812333334,127.87265909,122.73400000000001,2,11.559999999999999,-0.023728719559126,0.005848927328594451,-0.06242345686380357,0.997750494838445,-0.015044738152191121,-0.031799898971336685,0.11534881026430524,-0.5491724,-1.0395048999999998,9.80665
1786689766.222386,70.737,0.0,-13.0,0,0,,,,,,,,,,,,,,,,,,,,,,,,,,,0,5.000098705291748,-14,0,True,True,False,"A:1,B:1,ESTOP:0,MODE:1",,,,36.96765812333334,127.87265909,122.73400000000001,2,11.559999999999999,-0.024266297195539157,0.0053694271706367334,-0.06005460885887083,0.9978856447645117,0.008395033702092726,0.02113593724165133,0.08937831099462962,0.980665,-0.21574629999999997,9.63993695
1786689766.272482,70.787,0.0,-13.0,0,0,,,,,,,,,,,,,,,,,,,,,,,,,,,0,5.0170578956604,-15,0,True,True,False,"A:1,B:1,ESTOP:0,MODE:1",,,,36.96765812333334,127.87265909,122.73400000000001,2,11.559999999999999,-0.02428397477689358,0.005244066060470147,-0.05740861985256625,0.9980416016914385,0.03324852225049198,0.031014500807939233,0.07890633548266364,-0.06864655,-0.1372931,10.404855649999998
1786689766.322438,70.837,0.0,-13.0,0,0,,,,,,,,,,,,,,,,,,,,,,,,,,,0,4.802435874938965,-16,0,True,True,False,"A:1,B:1,ESTOP:0,MODE:1",,,,36.967656706666666,127.87265900833333,122.73400000000001,2,11.559999999999999,-0.024155868465367297,0.004440056586237029,-0.05450938154273245,0.998211153634352,0.0064228116473391324,0.004991641660703782,0.13594369543783832,1.34351105,0.08825984999999999,9.924329799999999
1786689766.372496,70.887,0.0,-13.0,0,0,,,,,,,,,,,,,,,,,,,,,,,,,,,0,4.685883045196533,-16,0,True,True,False,"A:1,B:1,ESTOP:0,MODE:1",,,,36.967656706666666,127.87265900833333,122.73400000000001,2,11.559999999999999,-0.02499276767467517,0.0036476176420980532,-0.0514324369981473,0.9983570307630073,-0.04789183467472441,-0.00047123889803846896,0.12660618393966866,0.34323275000000003,-1.65732385,10.0812362
1786689766.422423,70.937,0.0,-13.0,0,0,,,,,,,,,,,,,,,,,,,,,,,,,,,0,4.594693660736084,-16,0,True,True,False,"A:1,B:1,ESTOP:0,MODE:1",,,,36.967656706666666,127.87265900833333,122.73400000000001,2,11.559999999999999,-0.02417200616261623,0.0027017990789931544,-0.04878978830284617,0.9985128797152166,0.054646258879942455,-0.10082767088771243,0.09597565556716818,0.26477955,-1.6279039,10.051816249999998
1786689766.472431,70.987,0.0,-13.0,0,0,,,,,,,,,,,,,,,,,,,,,,,,,,,0,4.548407077789307,-16,0,True,True,False,"A:1,B:1,ESTOP:0,MODE:1",,,,36.967656706666666,127.87265900833333,122.73400000000001,2,11.559999999999999,-0.022302376632885184,0.001845584900233489,-0.04703333924919125,0.9986426101523865,0.06063273821428301,-0.029304078140984794,0.0676838683923401,0.4216859499999999,0.22555294999999997,9.81645665
1786689766.522490,71.037,0.0,-13.0,0,0,,,,,,,,,,,,,,,,,,,,,,,,,,,0,4.6558403968811035,-16,0,True,True,False,"A:1,B:1,ESTOP:0,MODE:1",,,,36.9676555,127.872658965,122.725,2,11.0224,-0.020612985324862408,0.002353486176172929,-0.04502747345267856,0.9987702901935379,0.06927211801165493,0.024137903555081577,0.12280136617032102,-0.45110589999999995,0.2353596,10.277369199999999
1786689766.572510,71.087,0.0,-13.0,0,0,,,,,,,,,,,,,,,,,,,,,,,,,,,0,4.674282550811768,-15,0,True,True,False,"A:1,B:1,ESTOP:0,MODE:1",,,,36.9676555,127.872658965,122.725,2,11.0224,-0.01901603911397166,0.0020045578616608517,-0.04242926067414034,0.9989164779113621,0.05862560957448953,-0.033946653951289714,0.09265952998837895,-0.0196133,-0.0392266,8.8652116
1786689766.622420,71.137,0.0,-13.0,0,0,,,,,,,,,,,,,,,,,,,,,,,,,,,0,4.928403854370117,-15,0,True,True,False,"A:1,B:1,ESTOP:0,MODE:1",,,,36.9676555,127.872658965,122.725,2,11.0224,-0.01812403853592379,0.0021192145642842694,-0.039777152877589816,0.9990419441974053,0.021537362969610025,-0.0010995574287564276,0.10194468160898879,-1.3729310000000001,-0.0196133,9.52225715
1786689766.672357,71.186,0.0,-13.0,0,0,,,,,,,,,,,,,,,,,,,,,,,,,,,0,4.946150779724121,-16,0,True,True,False,"A:1,B:1,ESTOP:0,MODE:1",,,,36.9676543,127.872658835,122.72399999999999,2,11.0224,-0.01672738455370605,0.0031321729629547037,-0.03736357983183717,0.9991568180224126,0.02527236756887789,-0.04459316238845512,0.09265952998837895,0.08825984999999999,0.392266,9.8654899
1786689766.722393,71.237,0.0,-13.0,0,0,,,,,,,,,,,,,,,,,,,,,,,,,,,0,4.972348213195801,-16,0,True,True,False,"A:1,B:1,ESTOP:0,MODE:1",,,,36.9676543,127.872658835,122.72399999999999,2,11.0224,-0.014962297376923615,0.001599813048953409,-0.03510617267922615,0.999270297214537,0.0374896723328382,-0.019582594207376378,0.06990043654237289,0.1372931,0.5687857,9.62032365
1786689766.772464,71.287,0.0,-13.0,0,0,,,,,,,,,,,,,,,,,,,,,,,,,,,0,5.081193923950195,-16,0,True,True,False,"A:1,B:1,ESTOP:0,MODE:1",,,,36.9676543,127.872658835,122.72399999999999,2,11.0224,-0.014923093885232696,0.0012702334168458538,-0.033017756923339345,0.9993425416260985,0.022130774915288098,0.011763519158441782,0.09416051314509408,-0.7256921,-0.5687857,9.973363049999998
1786689766.822358,71.336,0.0,-12.0,0,0,,,,,,,,,,,,,,,,,,,,,,,,,,,0,5.021029472351074,-16,0,True,True,False,"A:1,B:1,ESTOP:0,MODE:1",,,,36.9676543,127.872658835,122.72399999999999,2,11.0224,-0.01413857909631038,0.00015718427946887224,-0.030862107648461902,0.9994236369957108,0.017627825445142728,-0.03312634920285237,0.0929213293761781,0.57859235,0.28439285,9.3359308
1786689766.872481,71.387,0.0,-10.0,0,0,,,,,,,,,,,,,,,,,,,,,,,,,,,0,5.054832935333252,-16,0,True,True,False,"A:1,B:1,ESTOP:0,MODE:1",,,,36.9676543,127.872658835,122.72399999999999,2,11.0224,-0.014345721101728673,-9.121689422930218e-05,-0.028318397568564642,0.9994960031559398,0.0165282680163863,0.009407324668249437,0.08192575508861383,-0.08825984999999999,-0.0784532,10.149882749999998
1786689766.922397,71.437,0.0,-8.0,0,0,,,,,,,,,,,,,,,,,,,,,,,,,,,0,4.972784519195557,-16,0,True,True,False,"A:1,B:1,ESTOP:0,MODE:1",,,,36.967653096666666,127.87265881666667,122.714,2,11.0224,-0.01383120002633626,-0.00048619949074665673,-0.026064010793862048,0.9995644695852409,-0.027122416575991883,-0.0890466984367507,0.1036027443983834,0.5491724,-0.21574629999999997,9.80665
1786689766.972454,71.487,0.0,-6.0,0,0,,,,,,,,,,,,,,,,,,,,,,,,,,,0,4.803693771362305,-15,0,True,True,False,"A:1,B:1,ESTOP:0,MODE:1",,,,36.967653096666666,127.87265881666667,122.714,2,11.0224,-0.01251156760101791,-0.0004969228908300372,-0.02376847954726559,0.9996390714271911,0.009773843811168246,0.008360127117052838,0.08918632477691024,0.83356525,-0.784532,9.492837199999999
1786689767.022398,71.537,0.0,-4.0,0,0,,,,,,,,,,,,,,,,,,,,,,,,,,,0,4.837929725646973,-14,0,True,True,False,"A:1,B:1,ESTOP:0,MODE:1",,,,36.967653096666666,127.87265881666667,122.714,2,11.0224,-0.012001766687738176,0.0008070293726056965,-0.02141412305070407,0.9996983253131588,0.02066469834361286,-0.057700585070932536,0.08609709200088027,0.04903325,0.35303939999999995,9.875296549999998
1786689767.072444,71.587,0.0,-3.0,0,0,,,,,,,,,,,,,,,,,,,,,,,,,,,0,5.04116153717041,-13,0,True,True,False,"A:1,B:1,ESTOP:0,MODE:1",,,,36.967653096666666,127.87265881666667,122.714,2,11.0224,-0.011770308755836829,0.00019971577499788257,-0.0191876958609084,0.9997465940291823,0.013247049022636962,-0.008813912722571364,0.0835314580004486,-1.0591182,0.10787314999999999,9.571290399999999
1786689767.122430,71.637,0.0,-3.0,0,0,,,,,,,,,,,,,,,,,,,,,,,,,,,0,5.186480522155762,-11,0,True,True,False,"A:1,B:1,ESTOP:0,MODE:1",,,,36.96765201666667,127.87265880166666,122.69800000000001,2,11.0224,-0.012070324295937736,8.37945475711869e-06,-0.017322686645673446,0.999777091020069,-0.015236724369910496,-0.00958185759344887,0.05995205980600522,-0.9512450499999999,-0.50013915,9.69877685
1786689767.172542,71.687,0.0,-3.0,0,0,,,,,,,,,,,,,,,,,,,,,,,,,,,0,5.273955821990967,-10,0,True,True,False,"A:1,B:1,ESTOP:0,MODE:1",,,,36.96765201666667,127.87265880166666,122.69800000000001,2,11.0224,-0.012083487355414783,-0.00028784816093227776,-0.01590391411608003,0.9998004660893873,-0.03389429407372988,-0.007452555906015787,0.03499385150248631,-0.196133,0.50013915,9.502643849999998
1786689767.222413,71.737,0.0,-3.0,0,0,,,,,,,,,,,,,,,,,,,,,,,,,,,0,5.269542694091797,-8,0,True,True,False,"A:1,B:1,ESTOP:0,MODE:1",,,,36.96765201666667,127.87265880166666,122.69800000000001,2,11.0224,-0.012147705826544819,-0.0011601843083824317,-0.01442231543259011,0.9998215260900742,-0.03022910264454179,-0.012810716709638379,0.06270968002415626,-0.0,-0.392266,9.24767095
1786689767.272506,71.787,0.0,-3.0,0,0,,,,,,,,,,,,,,,,,,,,,,,,,,,0,5.411130428314209,-7,0,True,True,False,"A:1,B:1,ESTOP:0,MODE:1",,,,36.96765201666667,127.87265880166666,122.69800000000001,2,11.0224,-0.013058067570157315,-0.0021672329376911043,-0.013162542126510546,0.9998257535478344,-0.024923301718479025,-0.05651376117957639,0.041887902047863905,-0.7649187,-0.196133,9.7085835
1786689767.322423,71.837,0.0,-3.0,0,0,,,,,,,,,,,,,,,,,,,,,,,,,,,0,5.273863792419434,-5,0,True,True,False,"A:1,B:1,ESTOP:0,MODE:1",,,,36.96765081833333,127.87265882166666,122.685,2,9.4864,-0.014144467884413817,-0.0033311402546377096,-0.012553104481904085,0.9998156115508183,-0.06731734924942129,-0.08220500776893293,0.01614429558094755,0.8433718999999998,-0.46091255,10.012589649999999
1786689767.372466,71.887,0.0,-3.0,0,0,,,,,,,,,,,,,,,,,,,,,,,,,,,0,5.2798848152160645,-4,0,True,True,False,"A:1,B:1,ESTOP:0,MODE:1",,,,36.96765081833333,127.87265882166666,122.685,2,9.4864,-0.013844144938638019,-0.004461342400307656,-0.012515169776645524,0.9998158863512657,-0.02787290815434944,-0.009564404300928926,0.003979350694547071,0.48052585,0.6472389,9.9635564
1786689767.422404,71.937,0.0,-3.0,0,0,,,,,,,,,,,,,,,,,,,,,,,,,,,0,5.4286603927612305,-4,0,True,True,False,"A:1,B:1,ESTOP:0,MODE:1",,,,36.96765081833333,127.87265882166666,122.685,2,9.4864,-0.01366956785933994,-0.00584158670346496,-0.0125853157640086,0.9998102963094774,-0.04939281783143953,-0.06707300315414208,-0.026494098045273924,-0.67665885,-0.0784532,9.757616749999999
1786689767.472341,71.986,0.0,-3.0,0,0,,,,,,,,,,,,,,,,,,,,,,,,,,,0,5.34796667098999,-3,0,True,True,False,"A:1,B:1,ESTOP:0,MODE:1",,,,36.967649388333335,127.87265872166667,122.684,2,9.4864,-0.014706416773134445,-0.00703943473482803,-0.012748497960619816,0.9997857987909494,-0.049113565151120434,-0.023527038316883565,-0.04820599394008338,0.3334261,-1.0296982499999998,9.9831697
1786689767.522409,72.037,0.0,-3.0,0,0,,,,,,,,,,,,,,,,,,,,,,,,,,,0,5.171648025512695,-4,0,True,True,False,"A:1,B:1,ESTOP:0,MODE:1",,,,36.967649388333335,127.87265872166667,122.684,2,9.4864,-0.01479532773416915,-0.007751153136991431,-0.012942715539827138,0.9997767270829725,0.015899949485668342,0.002775073510670984,0.01017526953912694,1.4317708999999998,0.08825984999999999,10.110656149999999
1786689767.572433,72.087,0.0,-3.0,0,0,,,,,,,,,,,,,,,,,,,,,,,,,,,0,5.066514015197754,-4,0,True,True,False,"A:1,B:1,ESTOP:0,MODE:1",,,,36.967649388333335,127.87265872166667,122.684,2,9.4864,-0.014978913446275232,-0.007810638323996253,-0.012892690278738576,0.9997741768111024,-0.003438298626428829,-0.04005530633326986,0.00986111027376796,0.17651969999999997,-1.7259703999999998,9.228057649999998
1786689767.622409,72.137,0.0,-3.0,0,0,,,,,,,,,,,,,,,,,,,,,,,,,,,0,5.115765571594238,-4,0,True,True,False,"A:1,B:1,ESTOP:0,MODE:1",,,,36.967649388333335,127.87265872166667,122.684,2,9.4864,-0.014870642811489584,-0.008132968515164695,-0.013027407172849299,0.9997714766224616,-0.008482300164692442,-0.018465583486100008,0.018395770316020233,0.0392266,0.06864655,9.924329799999999
1786689767.672437,72.187,0.0,-3.0,0,0,,,,,,,,,,,,,,,,,,,,,,,,,,,0,5.119971752166748,-4,0,True,True,False,"A:1,B:1,ESTOP:0,MODE:1",,,,36.967649388333335,127.87265872166667,122.684,2,9.4864,-0.014934333845418495,-0.008279188797890021,-0.01311733338767026,0.9997681512582001,0.03921754829231258,0.0013264502315156904,-0.013334315485236678,0.17651969999999997,-0.30400615,10.463695549999999
1786689767.722610,72.237,0.0,-3.0,0,0,,,,,,,,,,,,,,,,,,,,,,,,,,,0,5.067454814910889,-4,0,True,True,False,"A:1,B:1,ESTOP:0,MODE:1",,,,36.96764788666667,127.87265853,122.678,2,9.4864,-0.014560189920584372,-0.008380463278068058,-0.013089428121298938,0.9997731920671702,-0.00747000919853573,-0.009616764178488757,-0.012269664641520135,0.2745862,-0.8237586,9.473223899999999
1786689767.772504,72.287,0.0,-3.0,0,0,,,,,,,,,,,,,,,,,,,,,,,,,,,0,5.10666036605835,-4,0,True,True,False,"A:1,B:1,ESTOP:0,MODE:1",,,,36.96764788666667,127.87265853,122.678,2,9.4864,-0.014444844617743521,-0.00819797282165836,-0.01313821845326567,0.9997757383140775,-0.016824973989225337,0.034033920413889425,0.004537856055185257,0.1372931,0.196133,9.590903699999998
1786689767.822371,72.336,0.0,-3.0,0,0,,,,,,,,,,,,,,,,,,,,,,,,,,,0,5.210731029510498,-4,0,True,True,False,"A:1,B:1,ESTOP:0,MODE:1",,,,36.96764788666667,127.87265853,122.678,2,9.4864,-0.013385442156604865,-0.0071895143652390804,-0.013220861575880967,0.999797154247128,-0.0192684349420174,-0.05801474433629151,0.0004363323129985824,-0.40207265,-0.12748644999999997,10.002782999999999
1786689767.872319,72.386,0.0,-3.0,0,0,,,,,,,,,,,,,,,,,,,,,,,,,,,0,5.154793739318848,-4,0,True,True,False,"A:1,B:1,ESTOP:0,MODE:1",,,,36.96764639166667,127.87265828,122.672,2,9.4864,-0.013290211177061273,-0.008506845551554341,-0.01335941553428116,0.9997862420948859,-0.006492624817418906,0.030997047515419294,-0.02171189589480946,0.40207265,-0.57859235,9.9047165
1786689767.922422,72.437,0.0,-3.0,0,0,,,,,,,,,,,,,,,,,,,,,,,,,,,0,5.159034729003906,-4,0,True,True,False,"A:1,B:1,ESTOP:0,MODE:1",,,,36.96764639166667,127.87265828,122.672,2,9.4864,-0.015265275362308407,-0.0078467329905853,-0.013724494904657353,0.9997584900310171,0.02064724505109292,0.009232791743050004,-0.0007155849933176752,-0.0784532,-0.8924051499999999,9.62032365
1786689767.972376,72.486,0.0,-4.0,0,0,,,,,,,,,,,,,,,,,,,,,,,,,,,0,5.19887638092041,-3,0,True,True,False,"A:1,B:1,ESTOP:0,MODE:1",,,,36.96764639166667,127.87265828,122.672,2,9.4864,-0.015487836155775644,-0.007466841295221297,-0.013825237170764204,0.999756588390122,-0.007173303225696694,0.030368728984701335,0.0010995574287564276,-0.17651969999999997,-0.61781895,9.826263299999999
1786689768.022374,72.536,0.0,-9.0,0,0,,,,,,,,,,,,,,,,,,,,,,,,,,,0,5.085076808929443,-4,0,True,True,False,"A:1,B:1,ESTOP:0,MODE:1",,,,36.96764639166667,127.87265828,122.672,2,9.4864,-0.014807860208162408,-0.00708946505312739,-0.013413145639292585,0.9997752518868304,0.06766641509982015,0.06433283622851099,0.01815142422074103,0.8727918499999999,-0.22555294999999997,10.228335949999998
1786689768.072522,72.587,0.0,-14.0,0,0,,,,,,,,,,,,,,,,,,,,,,,,,,,0,5.439134120941162,-4,0,True,True,False,"A:1,B:1,ESTOP:0,MODE:1",,,,36.96764639166667,127.87265828,122.672,2,9.4864,-0.013428628503110813,-0.005926756265198961,-0.012968946145417045,0.9998081575645278,0.036250488563922226,0.032882003107573166,0.02530727415391778,-1.8632635,0.0196133,9.52225715
1786689768.122353,72.636,0.0,-15.0,0,0,,,,,,,,,,,,,,,,,,,,,,,,,,,0,5.715689182281494,-4,0,True,True,False,"A:1,B:1,ESTOP:0,MODE:1",,,,36.967644985,127.87265796333334,122.66300000000001,2,9.4864,-0.012093011647254879,-0.0045394049806270894,-0.012918141575739481,0.9998331233210621,0.026686084262993296,-0.014625859131712481,0.00486946861306418,-1.0591182,1.0296982499999998,9.845876599999999
1786689768.172345,72.686,0.0,-20.0,0,0,,,,,,,,,,,,,,,,,,,,,,,,,,,0,5.678354263305664,-3,0,True,True,False,"A:1,B:1,ESTOP:0,MODE:1",,,,36.967644985,127.87265796333334,122.66300000000001,2,9.4864,-0.01162099815233303,-0.0045656807682468385,-0.012680619944416202,0.9998416418807987,0.013247049022636962,0.05352924815866609,0.01694714703686494,0.2745862,-0.37265269999999995,9.71839015
1786689768.222319,72.736,0.0,-26.0,0,0,,,,,,,,,,,,,,,,,,,,,,,,,,,0,5.7687458992004395,-4,0,True,True,False,"A:1,B:1,ESTOP:0,MODE:1",,,,36.967644985,127.87265796333334,122.66300000000001,2,9.4864,-0.01112621364890762,-0.0034757716697856778,-0.012360912062102212,0.9998556566995715,0.02378883770468271,0.06206390820091836,-0.007906341511534314,-0.392266,-0.0784532,10.0223963
1786689768.272524,72.787,0.0,-26.0,0,0,,,,,,,,,,,,,,,,,,,,,,,,,,,0,5.842350482940674,-6,0,True,True,False,"A:1,B:1,ESTOP:0,MODE:1",,,,36.967644985,127.87265796333334,122.66300000000001,2,9.4864,-0.010182667695929631,-0.002730415935767032,-0.012131849111257026,0.9998708298298103,-0.01668534764906579,-0.01806415775814131,-0.004084070449666731,-0.30400615,-0.02941995,9.52225715
1786689768.322449,72.837,0.0,-32.0,0,0,,,,,,,,,,,,,,,,,,,,,,,,,,,0,5.835953235626221,-10,0,True,True,False,"A:1,B:1,ESTOP:0,MODE:1",,,,36.96764346166667,127.87265797666667,122.65199999999999,2,9.4864,-0.00974847558256375,-0.0022685063246538732,-0.01170728638348005,0.9998813732380488,0.08752826198751562,0.07093018080104956,0.020472712125893487,0.1569064,-0.0392266,9.747810099999999
1786689768.372519,72.887,0.0,-40.0,0,0,,,,,,,,,,,,,,,,,,,,,,,,,,,0,6.046172618865967,-12,0,True,True,False,"A:1,B:1,ESTOP:0,MODE:1",,,,36.96764346166667,127.87265797666667,122.65199999999999,2,9.4864,-0.008865205622817039,-0.0015580660962286263,-0.010311437160150079,0.9999063230238108,0.0974766387238833,0.032166418114255496,0.04228932777582261,-0.8237586,0.81395195,9.296704199999999
1786689768.422450,72.937,0.0,-40.0,0,0,,,,,,,,,,,,,,,,,,,,,,,,,,,0,6.034130096435547,-16,0,True,True,False,"A:1,B:1,ESTOP:0,MODE:1",,,,36.96764346166667,127.87265797666667,122.65199999999999,2,9.4864,-0.0075934296241447555,-0.0011943522155843415,-0.008212242377879514,0.9999367342109476,0.0033684854563490563,-0.011414453308042916,0.07955210730590154,0.2353596,0.1569064,9.561483749999999
1786689768.472431,72.987,0.0,-40.0,0,0,,,,,,,,,,,,,,,,,,,,,,,,,,,0,5.9836039543151855,-19,0,True,True,False,"A:1,B:1,ESTOP:0,MODE:1",,,,36.96764346166667,127.87265797666667,122.65199999999999,2,9.4864,-0.0073361357355851385,-0.0010237294756111877,-0.0055839491866607575,0.9999569753753963,0.009023352232810684,0.07831292353698557,0.09168214560726214,0.4216859499999999,0.0392266,10.051816249999998
1786689768.522392,73.037,0.0,-40.0,0,0,,,,,,,,,,,,,,,,,,,,,,,,,,,0,6.2004265785217285,-22,0,True,True,False,"A:1,B:1,ESTOP:0,MODE:1",,,,36.96764221666667,127.87265791666667,122.644,2,9.4864,-0.006947517888572641,-0.00046279750061867855,-0.0024729125142090827,0.9999727008860584,0.0687310659435367,0.023596851486963336,0.11358602771979097,-0.63743225,1.2944778,10.198916
1786689768.572625,73.087,0.0,-40.0,0,0,,,,,,,,,,,,,,,,,,,,,,,,,,,0,6.1639404296875,-25,0,True,True,False,"A:1,B:1,ESTOP:0,MODE:1",,,,36.96764221666667,127.87265791666667,122.644,2,9.4864,-0.00652687765619004,-0.0005224938319523237,0.0011659844470924515,0.9999778834296916,0.007609635538695277,-0.013264502315156905,0.2058790385652511,0.3138128,0.00980665,9.62032365
1786689768.622431,73.137,0.0,-40.0,0,0,,,,,,,,,,,,,,,,,,,,,,,,,,,0,5.955810546875,-29,0,True,True,False,"A:1,B:1,ESTOP:0,MODE:1",,,,36.96764221666667,127.87265791666667,122.644,2,9.4864,-0.00623805917881164,-0.00027896760090693047,0.00554848574604622,0.9999651109417194,-0.013473941825396225,0.07068583470577035,0.15687019316925033,1.6082906,0.392266,10.149882749999998
1786689768.672458,73.187,0.0,-40.0,0,0,,,,,,,,,,,,,,,,,,,,,,,,,,,0,6.204094886779785,-31,0,True,True,False,"A:1,B:1,ESTOP:0,MODE:1",,,,36.96764221666667,127.87265791666667,122.644,2,9.4864,-0.0058026648593730076,-7.979153991392262e-05,0.010742012764633371,0.9999254631599319,0.023527038316883565,-0.008290313946973065,0.22549653935766736,-1.5004174499999998,0.00980665,9.6301303
1786689768.722451,73.237,0.0,-40.0,0,0,,,,,,,,,,,,,,,,,,,,,,,,,,,0,6.226402282714844,-35,0,True,True,False,"A:1,B:1,ESTOP:0,MODE:1",,,,36.96764073666667,127.87265809666667,122.65100000000001,2,10.758399999999998,-0.005482448185463079,8.35478697878156e-05,0.016598025946198816,0.9998472089856213,-0.014154620233674014,0.03131120678077827,0.3071430417659621,-0.43149259999999995,-0.6472389,9.669356899999999
1786689768.772442,73.287,0.0,-40.0,0,0,,,,,,,,,,,,,,,,,,,,,,,,,,,0,6.105505466461182,-37,0,True,True,False,"A:1,B:1,ESTOP:0,MODE:1",,,,36.96764073666667,127.87265809666667,122.65100000000001,2,10.758399999999998,-0.004514445405663665,0.000456196361206408,0.022689614289797544,0.9997322606933017,-0.015446163880149816,-0.004101523742186674,0.26511551337793865,0.65704555,-0.28439285,9.1201845
1786689768.822390,73.337,0.0,-40.0,0,0,,,,,,,,,,,,,,,,,,,,,,,,,,,0,6.181707382202148,-39,0,True,True,False,"A:1,B:1,ESTOP:0,MODE:1",,,,36.96764073666667,127.87265809666667,122.65100000000001,2,10.758399999999998,-0.004442552186271009,0.0005605923399924831,0.029049676961468124,0.9995679395292422,-0.007976154681614086,-0.013648474750595658,0.23701571242082994,-0.5687857,-0.2353596,9.7281968
1786689768.872433,73.387,0.0,-40.0,0,0,,,,,,,,,,,,,,,,,,,,,,,,,,,0,6.236032485961914,-40,0,True,True,False,"A:1,B:1,ESTOP:0,MODE:1",,,,36.96764073666667,127.87265809666667,122.65100000000001,2,10.758399999999998,-0.0046494907521797465,0.001081625934099511,0.035916490013193095,0.9993433934670386,-0.013177235852557189,-0.02525491427635795,0.21870720856740944,0.04903325,0.61781895,10.149882749999998
1786689768.922439,73.437,0.0,-40.0,0,0,,,,,,,,,,,,,,,,,,,,,,,,,,,0,6.285881996154785,-40,0,True,True,False,"A:1,B:1,ESTOP:0,MODE:1",,,,36.96763951,127.87265871833333,122.63999999999999,2,9.2416,-0.005082735432160075,0.0011959379447515368,0.04306791926722366,0.9990585017219717,-0.041852995462824026,-0.0209614043164519,0.3685786314361625,-0.7060787999999999,-0.7060787999999999,9.26728425
1786689768.972437,73.487,0.0,-40.0,0,0,,,,,,,,,,,,,,,,,,,,,,,,,,,0,6.382798194885254,-40,0,True,True,False,"A:1,B:1,ESTOP:0,MODE:1",,,,36.96763951,127.87265871833333,122.63999999999999,2,9.2416,-0.005828860087317037,0.0008865820726130095,0.050206664766674326,0.9987214472390777,0.012793263417118436,-0.003525565089028546,0.22420499571119157,-0.26477955,0.5099457999999999,10.1204628
1786689769.022377,73.536,0.0,-40.0,0,0,,,,,,,,,,,,,,,,,,,,,,,,,,,0,6.3751397132873535,-40,0,True,True,False,"A:1,B:1,ESTOP:0,MODE:1",,,,36.96763951,127.87265871833333,122.63999999999999,2,9.2416,-0.005775973745084872,0.0010312032920057898,0.05745753610879936,0.9983307098809355,0.0056199601914217415,0.0662701516982247,0.342573225581447,0.4118793,0.4707192,9.649743599999999
1786689769.072472,73.587,0.0,-40.0,0,0,,,,,,,,,,,,,,,,,,,,,,,,,,,0,6.424539089202881,-40,0,True,True,False,"A:1,B:1,ESTOP:0,MODE:1",,,,36.96763951,127.87265871833333,122.63999999999999,2,9.2416,-0.005520660731113134,0.002215308925405248,0.06429236456418504,0.9979133762858392,-0.008779006137531478,-0.021903882112528833,0.19790288388363703,-0.04903325,0.36284605,9.875296549999998
1786689769.122432,73.637,0.0,-40.0,0,0,,,,,,,,,,,,,,,,,,,,,,,,,,,0,6.545716762542725,-40,0,True,True,False,"A:1,B:1,ESTOP:0,MODE:1",,,,36.967638228333335,127.87265943333334,122.63399999999999,2,9.2416,-0.005572743963996635,0.002332839166585773,0.07102334504759471,0.9974563583658109,-0.01403244718603441,0.022497294058206906,0.30098202950642217,-0.5982056499999999,0.28439285,9.9831697
1786689769.172448,73.687,0.0,-40.0,0,0,,,,,,,,,,,,,,,,,,,,,,,,,,,0,6.601039409637451,-40,0,True,True,False,"A:1,B:1,ESTOP:0,MODE:1",,,,36.967638228333335,127.87265943333334,122.63399999999999,2,9.2416,-0.005846240937648074,0.0025625998906018523,0.07798720667650547,0.996933924662761,0.012950343049797926,-0.015184364492350668,0.29740410453983374,-0.55897905,-0.28439285,9.99297635
1786689769.222371,73.736,0.0,-40.0,0,0,,,,,,,,,,,,,,,,,,,,,,,,,,,0,6.685573577880859,-40,0,True,True,False,"A:1,B:1,ESTOP:0,MODE:1",,,,36.967638228333335,127.87265943333334,122.63399999999999,2,9.2416,-0.005827134101389102,0.002910028010615267,0.08498178705435214,0.9963612156814368,-0.014189526818713898,-0.01350884841043611,0.28166123468684495,-0.0196133,0.7256921,9.99297635
1786689769.272433,73.787,0.0,-40.0,0,0,,,,,,,,,,,,,,,,,,,,,,,,,,,0,6.608702659606934,-40,0,True,True,False,"A:1,B:1,ESTOP:0,MODE:1",,,,36.967638228333335,127.87265943333334,122.63399999999999,2,9.2416,-0.0062233368319323966,0.0028609005710443763,0.09192810032630815,0.9957420899494985,0.018884462506578648,0.005480333851262195,0.27106708612723934,0.196133,-0.48052585,9.659550249999999
1786689769.322366,73.836,0.0,-40.0,0,0,,,,,,,,,,,,,,,,,,,,,,,,,,,0,6.774381637573242,-40,0,True,True,False,"A:1,B:1,ESTOP:0,MODE:1",,,,36.96763712,127.87266041166667,122.636,2,9.2416,-0.004990767194141601,0.003460199105828856,0.09866739310295156,0.9951019368905024,-0.004468042885105484,0.0042935099599060505,0.2638239697314628,-0.63743225,0.6668522,9.483030549999999
1786689769.372513,73.887,0.0,-40.0,0,0,,,,,,,,,,,,,,,,,,,,,,,,,,,0,6.873617172241211,-40,0,True,True,False,"A:1,B:1,ESTOP:0,MODE:1",,,,36.96763712,127.87266041166667,122.636,2,9.2416,-0.004757393762029979,0.0029879708511963373,0.10550535159570175,0.9944028660555303,0.011484266478122689,-0.017941984710501707,0.28101546286360696,-0.14709974999999997,0.6668522,9.581097049999999
1786689769.422418,73.937,0.0,-40.0,0,0,,,,,,,,,,,,,,,,,,,,,,,,,,,0,6.741512775421143,-40,0,True,True,False,"A:1,B:1,ESTOP:0,MODE:1",,,,36.96763712,127.87266041166667,122.636,2,9.2416,-0.005081955019690706,0.002612968727943977,0.11243596427848782,0.9936425413922109,0.00895353906273091,-0.016510814723866358,0.273004401596953,0.35303939999999995,-0.73549875,9.69877685
1786689769.472520,73.987,0.0,-40.0,0,0,,,,,,,,,,,,,,,,,,,,,,,,,,,0,6.834212779998779,-40,0,True,True,False,"A:1,B:1,ESTOP:0,MODE:1",,,,36.96763712,127.87266041166667,122.636,2,9.2416,-0.005044844290006913,0.0026382883482784507,0.11905825422809414,0.9928709488553079,0.04682718383100786,0.0038746309394274117,0.265324952888178,-0.53936575,0.14709974999999997,9.9439431
1786689769.522441,74.037,0.0,-40.0,0,0,,,,,,,,,,,,,,,,,,,,,,,,,,,0,6.828634738922119,-40,0,True,True,False,"A:1,B:1,ESTOP:0,MODE:1",,,,36.96763605333334,127.87266127166667,122.63,2,9.2416,-0.005000206236631536,0.0027455041356230572,0.12544177585598504,0.9920845835989637,0.032009338481576007,-0.016022122533307946,0.27174776453551713,-0.20593965,-0.29419949999999995,9.757616749999999
1786689769.572455,74.087,0.0,-40.0,0,0,,,,,,,,,,,,,,,,,,,,,,,,,,,0,6.966003894805908,-40,0,True,True,False,"A:1,B:1,ESTOP:0,MODE:1",,,,36.96763605333334,127.87266127166667,122.63,2,9.2416,-0.004522085586844186,0.0028227866689609065,0.13192233934473285,0.9912457207974115,0.031485739705977706,-0.010053096491487338,0.2783451091080557,-0.6668522,0.392266,9.845876599999999
1786689769.622384,74.137,0.0,-40.0,0,0,,,,,,,,,,,,,,,,,,,,,,,,,,,0,6.951659679412842,-40,0,True,True,False,"A:1,B:1,ESTOP:0,MODE:1",,,,36.96763605333334,127.87266127166667,122.63,2,9.2416,-0.005126024364629306,0.002815914992627536,0.13864252109602893,0.9903252222583774,0.010611601852125523,-0.010088003076527224,0.2691646772425655,-0.29419949999999995,-0.45110589999999995,9.875296549999998
1786689769.672543,74.187,0.0,-40.0,0,0,,,,,,,,,,,,,,,,,,,,,,,,,,,0,6.968881130218506,-40,0,True,True,False,"A:1,B:1,ESTOP:0,MODE:1",,,,36.96763605333334,127.87266127166667,122.63,2,9.2416,-0.005214404692119881,0.0025948723937191985,0.14527610806663002,0.9893740086771938,-0.0576831317784126,-0.013351768777756621,0.26656413665709394,-0.392266,-0.30400615,9.7870367
1786689769.722435,74.237,0.0,-40.0,0,0,,,,,,,,,,,,,,,,,,,,,,,,,,,0,6.929408550262451,-40,0,True,True,False,"A:1,B:1,ESTOP:0,MODE:1",,,,36.967635171666664,127.87266226666667,122.637,2,9.2416,-0.005249676258106208,0.0024523442525939644,0.15166177575344214,0.988415465622713,-0.04169591583014453,0.013404128655316452,0.24537583953788278,0.7060787999999999,0.37265269999999995,9.914523149999999
1786689769.772437,74.287,0.0,-40.0,0,0,,,,,,,,,,,,,,,,,,,,,,,,,,,0,7.02661657333374,-40,0,True,True,False,"A:1,B:1,ESTOP:0,MODE:1",,,,36.967635171666664,127.87266226666667,122.637,2,9.2416,-0.004475843514124346,0.00295118941559395,0.15806652977977054,0.9874139099026565,-0.005707226654021458,-0.03173008580125691,0.2734756404949915,-0.38245935,0.37265269999999995,9.473223899999999
1786689769.822433,74.337,0.0,-40.0,0,0,,,,,,,,,,,,,,,,,,,,,,,,,,,0,6.966508865356445,-40,0,True,True,False,"A:1,B:1,ESTOP:0,MODE:1",,,,36.967635171666664,127.87266226666667,122.637,2,9.2416,-0.00474751902372444,0.002791288590522205,0.16451757166408137,0.9863587777197896,0.03584906283596353,-0.008587019919812101,0.2733883740323918,-0.18632634999999997,-0.65704555,9.571290399999999
1786689769.872433,74.387,0.0,-40.0,0,0,,,,,,,,,,,,,,,,,,,,,,,,,,,0,6.929775238037109,-40,0,True,True,False,"A:1,B:1,ESTOP:0,MODE:1",,,,36.967635171666664,127.87266226666667,122.637,2,9.2416,-0.004860314213226971,0.0025938226311640724,0.17082332517420304,0.9852862736313418,-0.033807027611130164,-0.0012042771838760874,0.2519382775253815,-0.3334261,-0.6276256,10.189109349999999
1786689769.922394,74.437,0.0,-40.0,0,0,,,,,,,,,,,,,,,,,,,,,,,,,,,0,6.905614376068115,-40,0,True,True,False,"A:1,B:1,ESTOP:0,MODE:1",,,,36.96763415833333,127.872663155,122.637,2,9.2416,-0.004850225078745141,0.002514493985294834,0.1770705327389708,0.9841830008043323,-0.011990411961201045,0.009896016858807848,0.27724555167929926,0.0980665,-0.1176798,9.09076455
1786689769.972456,74.487,0.0,-40.0,0,0,,,,,,,,,,,,,,,,,,,,,,,,,,,0,6.948284149169922,-40,0,True,True,False,"A:1,B:1,ESTOP:0,MODE:1",,,,36.96763415833333,127.872663155,122.637,2,9.2416,-0.005414812917657377,0.002523680521238474,0.18325267743206894,0.9830476931724481,0.02473131550075965,-0.05996951309852516,0.262235720112148,-0.50013915,-0.17651969999999997,9.845876599999999
1786689770.022433,74.537,0.0,-40.0,0,0,,,,,,,,,,,,,,,,,,,,,,,,,,,0,6.882933616638184,-40,0,True,True,False,"A:1,B:1,ESTOP:0,MODE:1",,,,36.96763415833333,127.872663155,122.637,2,9.2416,-0.00553671819806899,0.0022554751564440095,0.18949370862674236,0.9818637339133658,-0.04173082241518442,0.008726646259971648,0.25914648733611806,0.14709974999999997,-0.40207265,9.845876599999999
1786689770.072439,74.587,0.0,-40.0,0,0,,,,,,,,,,,,,,,,,,,,,,,,,,,0,6.821680545806885,-40,0,True,True,False,"A:1,B:1,ESTOP:0,MODE:1",,,,36.96763415833333,127.872663155,122.637,2,9.2416,-0.005424273769254569,0.001943334317668462,0.19565774753698553,0.9806553148454147,0.03077015471266003,-0.03522074430524556,0.2565459467506465,0.21574629999999997,-0.3138128,9.80665
1786689770.122434,74.637,0.0,-38.0,0,0,,,,,,,,,,,,,,,,,,,,,,,,,,,0,6.819494247436523,-40,0,True,True,False,"A:1,B:1,ESTOP:0,MODE:1",,,,36.96763331,127.872664115,122.64099999999999,2,9.2416,-0.004995945630304571,0.0018491055054318246,0.20168589018940675,0.9794357676920907,-0.016458454846306526,0.0009424777960769379,0.23883085484290403,-0.6472389,-0.63743225,9.228057649999998
1786689770.172424,74.687,0.0,-36.0,0,0,,,,,,,,,,,,,,,,,,,,,,,,,,,0,6.797231674194336,-40,0,True,True,False,"A:1,B:1,ESTOP:0,MODE:1",,,,36.96763331,127.872664115,122.64099999999999,2,9.2416,-0.004943621455752954,0.00152012638626927,0.20759565031252558,0.9782010508039702,0.04804891430740389,-0.0357967029584037,0.22415263583363174,-0.21574629999999997,-0.4118793,10.002782999999999
1786689770.222417,74.737,0.0,-31.0,0,0,,,,,,,,,,,,,,,,,,,,,,,,,,,0,6.871591567993164,-40,0,True,True,False,"A:1,B:1,ESTOP:0,MODE:1",,,,36.96763331,127.872664115,122.64099999999999,2,9.2416,-0.0028862853303211105,0.0007799427547565433,0.21373210887959415,0.9768877349420314,-0.050021136362157485,0.020891591146372127,0.256703026383326,-0.17651969999999997,0.36284605,9.875296549999998
1786689770.272351,74.786,0.0,-29.0,0,0,,,,,,,,,,,,,,,,,,,,,,,,,,,0,6.883439540863037,-40,0,True,True,False,"A:1,B:1,ESTOP:0,MODE:1",,,,36.967632523333336,127.87266509,122.64699999999999,2,9.2416,-0.0028463140410669653,0.0006012422590919355,0.22011230112502897,0.9754702004149436,0.01603957582582789,-0.07037167544041137,0.24839525914383298,-0.6080123,-0.48052585,9.77723005
1786689770.322395,74.837,0.0,-27.0,0,0,,,,,,,,,,,,,,,,,,,,,,,,,,,0,6.960568904876709,-40,0,True,True,False,"A:1,B:1,ESTOP:0,MODE:1",,,,36.967632523333336,127.87266509,122.64699999999999,2,9.2416,-0.0023653048766010603,7.756071227430449e-05,0.22632053876750138,0.9740500054151042,0.0035779249665883754,-0.01673770752662562,0.2511005194844242,0.00980665,0.53936575,9.3555441
1786689770.372428,74.887,0.0,-24.0,0,0,,,,,,,,,,,,,,,,,,,,,,,,,,,0,7.039361476898193,-38,0,True,True,False,"A:1,B:1,ESTOP:0,MODE:1",,,,36.967632523333336,127.87266509,122.64699999999999,2,9.2416,-0.002602109256448394,-0.0004876482201051177,0.23257078186213345,0.9725758698686015,-0.04054399852382828,-0.016161748873467493,0.26090926988063234,0.0980665,0.5883989999999999,10.326402449999998
1786689770.422418,74.937,0.0,-24.0,0,0,,,,,,,,,,,,,,,,,,,,,,,,,,,0,7.112959384918213,-36,0,True,True,False,"A:1,B:1,ESTOP:0,MODE:1",,,,36.967632523333336,127.87266509,122.64699999999999,2,9.2416,-0.0032125212454373196,-0.00045766291500404623,0.238846765590294,0.971051848676969,-0.012514010736799343,-0.010419615634406148,0.2524793295934997,-1.0002783,-0.34323275000000003,9.6889702
1786689770.472451,74.987,0.0,-24.0,0,0,,,,,,,,,,,,,,,,,,,,,,,,,,,0,7.0810699462890625,-34,0,True,True,False,"A:1,B:1,ESTOP:0,MODE:1",,,,36.967632523333336,127.87266509,122.64699999999999,2,9.2416,-0.003433810395180353,-0.0005520839794952955,0.24483314145149154,0.9695589909832425,-0.03204424506661589,-0.019669860669976093,0.25117033265450395,-0.32361945,-0.55897905,9.54187045
1786689770.522419,75.037,0.0,-24.0,0,0,,,,,,,,,,,,,,,,,,,,,,,,,,,0,7.264153957366943,-31,0,True,True,False,"A:1,B:1,ESTOP:0,MODE:1",,,,36.96763179,127.87266613333334,122.64599999999999,2,9.2416,-0.003702718331519756,-0.00014945690119026647,0.2511835711925195,0.9679323742403518,0.036180675393842454,0.02452187599052033,0.2758318349851838,-1.6671305,-0.12748644999999997,9.44380395
1786689770.572435,75.087,0.0,-24.0,0,0,,,,,,,,,,,,,,,,,,,,,,,,,,,0,7.131349563598633,-30,0,True,True,False,"A:1,B:1,ESTOP:0,MODE:1",,,,36.96763179,127.87266613333334,122.64599999999999,2,9.2416,-0.004174257481224256,-0.0011113861794239757,0.2572821875558343,0.9663266613116525,-0.028501226685067403,-0.03295181627765294,0.23755676448894822,0.0392266,-1.0296982499999998,9.5516771
1786689770.622421,75.137,0.0,-24.0,0,0,,,,,,,,,,,,,,,,,,,,,,,,,,,0,7.1705780029296875,-28,0,True,True,False,"A:1,B:1,ESTOP:0,MODE:1",,,,36.96763179,127.87266613333334,122.64599999999999,2,9.2416,-0.0032497597106668653,-0.0033799865871741042,0.26245483750140725,0.9649328852436335,0.048712139423161736,0.012374384396639796,0.2059488517353309,1.1767979999999998,1.12776475,9.590903699999998
1786689770.672425,75.187,0.0,-24.0,0,0,,,,,,,,,,,,,,,,,,,,,,,,,,,0,7.246963977813721,-27,0,True,True,False,"A:1,B:1,ESTOP:0,MODE:1",,,,36.96763179,127.87266613333334,122.64599999999999,2,9.2416,-0.0037758394857883067,-0.003365363334057304,0.2672083703911252,0.9636254999525108,-0.025848326222036023,-0.04654793115068877,0.1832595714594046,-1.6475172,-0.9218251,10.2969825
1786689770.722478,75.237,0.0,-24.0,0,0,,,,,,,,,,,,,,,,,,,,,,,,,,,0,7.093042850494385,-26,0,True,True,False,"A:1,B:1,ESTOP:0,MODE:1",,,,36.967631088333334,127.87266704833333,122.638,2,9.2416,-0.0036815165101445947,-0.003956390584308395,0.27113002633643857,0.9625275592046869,-0.0009424777960769379,0.03022910264454179,0.177290545417584,0.5295591,-0.81395195,9.36535075
1786689770.772486,75.287,0.0,-24.0,0,0,,,,,,,,,,,,,,,,,,,,,,,,,,,0,7.123208045959473,-25,0,True,True,False,"A:1,B:1,ESTOP:0,MODE:1",,,,36.967631088333334,127.87266704833333,122.638,2,9.2416,-0.0029098677204978107,-0.00432723053839428,0.275092210608401,0.9614037046986558,0.03907792195215304,0.015376350710070043,0.17041394816472633,-0.196133,-0.0784532,9.571290399999999
1786689770.822431,75.337,0.0,-24.0,0,0,,,,,,,,,,,,,,,,,,,,,,,,,,,0,7.0654120445251465,-25,0,True,True,False,"A:1,B:1,ESTOP:0,MODE:1",,,,36.967631088333334,127.87266704833333,122.638,2,9.2416,-0.003276546859683308,-0.004733486983208846,0.2792222984696438,0.960209230521653,0.02410299697004169,-0.009302604913129777,0.1573065254822489,0.0,-0.5687857,9.8654899
1786689770.872436,75.387,0.0,-24.0,0,0,,,,,,,,,,,,,,,,,,,,,,,,,,,0,7.084107398986816,-25,0,True,True,False,"A:1,B:1,ESTOP:0,MODE:1",,,,36.967631088333334,127.87266704833333,122.638,2,9.2416,-0.0031828117479845834,-0.005033050805496557,0.2828971672075278,0.9591317588813969,-0.003351032163829113,0.0009250245035569946,0.14175564184697945,0.8237586,0.63743225,9.8654899
1786689770.922395,75.437,0.0,-24.0,0,0,,,,,,,,,,,,,,,,,,,,,,,,,,,0,6.983598709106445,-25,0,True,True,False,"A:1,B:1,ESTOP:0,MODE:1",,,,36.967630361666664,127.872668085,122.632,2,9.2416,-0.0045253459435870644,-0.004268454754187273,0.2865710206735532,0.9580388048759927,-0.012636183784438945,-0.025097834643678457,0.16320573835398977,0.14709974999999997,-0.7453053999999999,9.855683249999998
1786689770.972452,75.487,0.0,-24.0,0,0,,,,,,,,,,,,,,,,,,,,,,,,,,,0,6.9294352531433105,-25,0,True,True,False,"A:1,B:1,ESTOP:0,MODE:1",,,,36.967630361666664,127.872668085,122.632,2,9.2416,-0.004435132438652142,-0.004681667768202957,0.29004439039108854,0.9569914645334208,0.015446163880149816,-0.02588323280707591,0.15107570005262919,0.65704555,-0.0392266,9.5320638
1786689771.022419,75.537,0.0,-24.0,0,0,,,,,,,,,,,,,,,,,,,,,,,,,,,0,6.876016139984131,-25,0,True,True,False,"A:1,B:1,ESTOP:0,MODE:1",,,,36.967630361666664,127.872668085,122.632,2,9.2416,-0.004821756408889005,-0.004749415788742028,0.2936319658544051,0.9558945874641598,-0.043563418129778465,-0.010192722831646885,0.15875514876140423,0.38245935,-0.25497289999999995,9.757616749999999
1786689771.072493,75.587,0.0,-24.0,0,0,,,,,,,,,,,,,,,,,,,,,,,,,,,0,6.930444240570068,-25,0,True,True,False,"A:1,B:1,ESTOP:0,MODE:1",,,,36.967630361666664,127.872668085,122.632,2,9.2416,-0.005774937073309394,-0.004083858263753821,0.29737841583421526,0.9547334968458022,-0.023108159296404925,-0.05644394800949662,0.15184364492350666,-0.10787314999999999,0.12748644999999997,9.7674234
1786689771.122431,75.637,0.0,-24.0,0,0,,,,,,,,,,,,,,,,,,,,,,,,,,,0,6.827334880828857,-25,0,True,True,False,"A:1,B:1,ESTOP:0,MODE:1",,,,36.967629638333335,127.87266905166666,122.62700000000001,2,9.2416,-0.006285477453766263,-0.004813814945932755,0.3012514327269673,0.9535118741991596,0.017523105690023067,0.016074482410867775,0.19734437852299885,0.20593965,-0.7453053999999999,9.63993695
1786689771.172442,75.687,0.0,-24.0,0,0,,,,,,,,,,,,,,,,,,,,,,,,,,,0,6.775516510009766,-25,0,True,True,False,"A:1,B:1,ESTOP:0,MODE:1",,,,36.967629638333335,127.87266905166666,122.62700000000001,2,9.2416,-0.007246461883270509,-0.004466819765622717,0.3051862209288939,0.9522546439196273,0.016458454846306526,-0.028623399732707003,0.15639895427121187,-0.67665885,-1.0395048999999998,9.561483749999999
1786689771.222430,75.737,0.0,-24.0,0,0,,,,,,,,,,,,,,,,,,,,,,,,,,,0,6.801600933074951,-25,0,True,True,False,"A:1,B:1,ESTOP:0,MODE:1",,,,36.967629638333335,127.87266905166666,122.62700000000001,2,9.2416,-0.006501932485432205,-0.005066532407968503,0.3089193915457897,0.9510525036244282,-0.0273318560862312,-0.025516713664157097,0.11302752235915278,0.28439285,0.18632634999999997,9.81645665
1786689771.272432,75.787,0.0,-24.0,0,0,,,,,,,,,,,,,,,,,,,,,,,,,,,0,6.770428657531738,-25,0,True,True,False,"A:1,B:1,ESTOP:0,MODE:1",,,,36.967629638333335,127.87266905166666,122.62700000000001,2,9.2416,-0.0071843417374425735,-0.0057473965491644284,0.312809317551422,0.9497713848709699,-0.009913470151327791,-0.022008601867648494,0.18973474298430357,-0.5687857,-0.8531785499999999,10.032202949999999
1786689771.322538,75.837,0.0,-24.0,0,0,,,,,,,,,,,,,,,,,,,,,,,,,,,0,6.823294639587402,-25,0,True,True,False,"A:1,B:1,ESTOP:0,MODE:1",,,,36.96762905666667,127.87267002166666,122.62799999999999,2,9.2416,-0.007103789251551,-0.005590723904155857,0.316546993760336,0.948533753076711,-0.0244695161129605,-0.02076941809873252,0.12219050093212301,-0.14709974999999997,0.0392266,9.757616749999999
1786689771.372413,75.887,0.0,-24.0,0,0,,,,,,,,,,,,,,,,,,,,,,,,,,,0,6.940582275390625,-25,0,True,True,False,"A:1,B:1,ESTOP:0,MODE:1",,,,36.96762905666667,127.87267002166666,122.62799999999999,2,9.2416,-0.007171442288457808,-0.006337234197211626,0.3200051910159008,0.9473674512041829,-0.023020892833805207,-0.013613568165555772,0.15308282869242265,-0.0,0.5687857,10.012589649999999
1786689771.422430,75.937,0.0,-24.0,0,0,,,,,,,,,,,,,,,,,,,,,,,,,,,0,6.964807987213135,-25,0,True,True,False,"A:1,B:1,ESTOP:0,MODE:1",,,,36.96762905666667,127.87267002166666,122.62799999999999,2,9.2416,-0.0076259162234672394,-0.006610579819896033,0.3235454053166291,0.946158821939898,0.011815879036001611,0.021938788697568722,0.15723671231216915,-0.43149259999999995,-0.38245935,9.80665
1786689771.472434,75.987,0.0,-24.0,0,0,,,,,,,,,,,,,,,,,,,,,,,,,,,0,6.891679763793945,-25,0,True,True,False,"A:1,B:1,ESTOP:0,MODE:1",,,,36.96762905666667,127.87267002166666,122.62799999999999,2,9.2416,-0.00743787920484948,-0.005483622822130923,0.32709030363797453,0.9449479039077743,-0.015132004614790837,-0.028082347664588763,0.15330972149518193,-0.10787314999999999,-0.784532,9.394770699999999
1786689771.522383,76.037,0.0,-24.0,0,0,,,,,,,,,,,,,,,,,,,,,,,,,,,0,6.97893762588501,-25,0,True,True,False,"A:1,B:1,ESTOP:0,MODE:1",,,,36.96762837333333,127.87267100166666,122.618,2,9.2416,-0.0073917970145807345,-0.005557892041609296,0.33061696321485745,0.9437197119947929,0.04070107815650776,0.03621558197888234,0.17343336777067653,-0.9512450499999999,-0.30400615,9.36535075
1786689771.572435,76.087,0.0,-24.0,0,0,,,,,,,,,,,,,,,,,,,,,,,,,,,0,6.894052505493164,-25,0,True,True,False,"A:1,B:1,ESTOP:0,MODE:1",,,,36.96762837333333,127.87267100166666,122.618,2,9.2416,-0.0080767526072373,-0.005605008283840809,0.33421178516896594,0.9424467266660925,0.00466002910282486,-0.008656833089891874,0.1171814059788993,0.44129925,-0.4903325,9.77723005
1786689771.622524,76.137,0.0,-24.0,0,0,,,,,,,,,,,,,,,,,,,,,,,,,,,0,6.823842525482178,-25,0,True,True,False,"A:1,B:1,ESTOP:0,MODE:1",,,,36.96762837333333,127.87267100166666,122.618,2,9.2416,-0.0074606436780623574,-0.0061553505724160585,0.3378564521158353,0.9411479523533693,0.010192722831646885,0.035098571257605966,0.16683602319813795,0.38245935,-0.44129925,9.8851032
1786689771.672443,76.187,0.0,-24.0,0,0,,,,,,,,,,,,,,,,,,,,,,,,,,,0,6.799632549285889,-25,0,True,True,False,"A:1,B:1,ESTOP:0,MODE:1",,,,36.96762837333333,127.87267100166666,122.618,2,9.2416,-0.007579385532031928,-0.006328543945538702,0.34146570198452186,0.9398423680674881,0.005113814708343385,-0.006021385919380436,0.09948376736367678,0.4216859499999999,-0.10787314999999999,9.9439431
1786689771.722432,76.237,0.0,-24.0,0,0,,,,,,,,,,,,,,,,,,,,,,,,,,,0,6.677984237670898,-25,0,True,True,False,"A:1,B:1,ESTOP:0,MODE:1",,,,36.96762759,127.87267207666666,122.62,2,9.2416,-0.008003108643186204,-0.006579222186091172,0.34516644429744753,0.9384843045136814,0.012915436464758038,0.013805554383275147,0.1914800722362979,-0.2353596,-1.22583125,9.316317499999998
1786689771.772423,76.287,0.0,-24.0,0,0,,,,,,,,,,,,,,,,,,,,,,,,,,,0,6.645486354827881,-25,0,True,True,False,"A:1,B:1,ESTOP:0,MODE:1",,,,36.96762759,127.87267207666666,122.62,2,9.2416,-0.007573725099757553,-0.006869561895194807,0.3487981144009143,0.9371421040577829,0.005585053606381855,-0.00937241808320955,0.18268361280624648,0.24516625,-0.28439285,9.296704199999999
1786689771.822454,76.337,0.0,-24.0,0,0,,,,,,,,,,,,,,,,,,,,,,,,,,,0,6.750524997711182,-25,0,True,True,False,"A:1,B:1,ESTOP:0,MODE:1",,,,36.96762759,127.87267207666666,122.62,2,9.2416,-0.007117713496028167,-0.006871178463971108,0.3527629569706734,0.9356604198374598,0.001413716694115407,-0.01864011641129944,0.1451241273033285,-0.3138128,0.2353596,9.875296549999998
1786689771.872472,76.387,0.0,-24.0,0,0,,,,,,,,,,,,,,,,,,,,,,,,,,,0,6.80355978012085,-25,0,True,True,False,"A:1,B:1,ESTOP:0,MODE:1",,,,36.96762759,127.87267207666666,122.62,2,9.2416,-0.007163239022391136,-0.007658863020613443,0.35675941197461997,0.9341374373139442,-0.00778416846389471,-0.00445058959258554,0.14091788380602216,-0.26477955,-0.0784532,9.7085835
1786689771.922472,76.437,0.0,-24.0,0,0,,,,,,,,,,,,,,,,,,,,,,,,,,,0,6.862470626831055,-25,0,True,True,False,"A:1,B:1,ESTOP:0,MODE:1",,,,36.96762694666667,127.87267316166667,122.62100000000001,2,9.2416,-0.006423129865283445,-0.008601946112263814,0.36053816244142434,0.9326826809527324,-0.017016960206944712,-0.015847589608108514,0.22286109218715594,-0.34323275000000003,-0.0980665,9.7281968
1786689771.972468,76.487,0.0,-24.0,0,0,,,,,,,,,,,,,,,,,,,,,,,,,,,0,6.882938861846924,-25,0,True,True,False,"A:1,B:1,ESTOP:0,MODE:1",,,,36.96762694666667,127.87267316166667,122.62100000000001,2,9.2416,-0.006529218507706989,-0.00884232743277113,0.36430836882202133,0.9312135066446838,-0.008290313946973065,0.005777039824101231,0.21991148575128552,-0.48052585,-0.46091255,9.67916355
1786689772.022428,76.537,0.0,-24.0,0,0,,,,,,,,,,,,,,,,,,,,,,,,,,,0,6.897696495056152,-25,0,True,True,False,"A:1,B:1,ESTOP:0,MODE:1",,,,36.96762694666667,127.87267316166667,122.62100000000001,2,9.2416,-0.006176319332988933,-0.008696755172095689,0.36812829442656836,0.9297138153063873,-0.007923794804054257,-0.05044001538263613,0.11627383476786224,0.4707192,0.16671305,9.590903699999998
1786689772.072435,76.587,0.0,-24.0,0,0,,,,,,,,,,,,,,,,,,,,,,,,,,,0,6.98049783706665,-25,0,True,True,False,"A:1,B:1,ESTOP:0,MODE:1",,,,36.96762694666667,127.87267316166667,122.62100000000001,2,9.2416,-0.006497304453047011,-0.008535841408472234,0.37193128749231946,0.9281982772180735,-0.010192722831646885,-0.029356438018544623,0.12016591899980958,-0.14709974999999997,0.18632634999999997,10.110656149999999
1786689772.122417,76.637,0.0,-24.0,0,0,,,,,,,,,,,,,,,,,,,,,,,,,,,0,6.870063304901123,-25,0,True,True,False,"A:1,B:1,ESTOP:0,MODE:1",,,,36.96762621166667,127.87267436333333,122.62,2,9.2416,-0.006753309780967805,-0.008867767515887524,0.37564098733743795,0.9266982271151926,-0.03536037064540511,-0.0012740903539558606,0.2205921641595633,0.7943386499999999,-0.48052585,9.77723005
1786689772.172506,76.687,0.0,-24.0,0,0,,,,,,,,,,,,,,,,,,,,,,,,,,,0,6.876230716705322,-25,0,True,True,False,"A:1,B:1,ESTOP:0,MODE:1",,,,36.96762621166667,127.87267436333333,122.62,2,9.2416,-0.00792522503629794,-0.009840128625785982,0.3791454250247103,0.9252508359140151,-0.009826203688728075,-0.0033859387488689996,0.1512153263927887,0.30400615,-0.06864655,9.7870367
1786689772.222545,76.737,0.0,-24.0,0,0,,,,,,,,,,,,,,,,,,,,,,,,,,,0,6.884004592895508,-25,0,True,True,False,"A:1,B:1,ESTOP:0,MODE:1",,,,36.96762621166667,127.87267436333333,122.62,2,9.2416,-0.008136751655301491,-0.009907355806326117,0.3826695016039065,0.9237963466671887,0.0153588974175501,-0.014695672301792254,0.0780860307342263,0.6864655000000001,0.14709974999999997,10.24794925
1786689772.272434,76.787,0.0,-24.0,0,0,,,,,,,,,,,,,,,,,,,,,,,,,,,0,6.926898956298828,-25,0,True,True,False,"A:1,B:1,ESTOP:0,MODE:1",,,,36.96762621166667,127.87267436333333,122.62,2,9.2416,-0.00830065991055149,-0.009816185477262925,0.3863034064735802,0.9222821800808217,-0.009599310885968814,-0.006754424205218055,0.17469000483211244,-0.26477955,-0.18632634999999997,10.0616229
1786689772.322443,76.837,0.0,-24.0,0,0,,,,,,,,,,,,,,,,,,,,,,,,,,,0,6.763613224029541,-25,0,True,True,False,"A:1,B:1,ESTOP:0,MODE:1",,,,36.96762567,127.87267558166667,122.624,2,9.2416,-0.008403582904040346,-0.010117781390772476,0.3899655803710593,0.9207354975344256,0.01710422666954443,0.01603957582582789,0.22602013813326566,0.1372931,-1.2748645,9.4339973
1786689772.372368,76.886,0.0,-24.0,0,0,,,,,,,,,,,,,,,,,,,,,,,,,,,0,6.763967514038086,-25,0,True,True,False,"A:1,B:1,ESTOP:0,MODE:1",,,,36.96762567,127.87267558166667,122.624,2,9.2416,-0.008313952330257442,-0.010269640967802415,0.39342414949010146,0.9192621232646502,0.00476474885794452,-0.0055152404363020815,0.12803735392630403,0.3334261,-0.10787314999999999,9.649743599999999
1786689772.422434,76.937,0.0,-24.0,0,0,,,,,,,,,,,,,,,,,,,,,,,,,,,0,6.957766056060791,-25,0,True,True,False,"A:1,B:1,ESTOP:0,MODE:1",,,,36.96762567,127.87267558166667,122.624,2,9.2416,-0.008435857429875338,-0.010170976340399124,0.3969043331983532,0.9177648597751369,0.006457718232379019,-0.021310470166850764,0.07403686686959945,-0.32361945,0.7453053999999999,10.110656149999999
1786689772.472349,76.986,0.0,-23.0,0,0,,,,,,,,,,,,,,,,,,,,,,,,,,,0,7.015658378601074,-25,0,True,True,False,"A:1,B:1,ESTOP:0,MODE:1",,,,36.96762567,127.87267558166667,122.624,2,9.2416,-0.009315548071820591,-0.009996101715603545,0.4004731675841527,0.9162066036433748,0.012723450247038663,-0.004956735075663896,0.11808897718993634,-0.32361945,-0.12748644999999997,9.8851032
1786689772.522417,77.037,0.0,-21.0,0,0,,,,,,,,,,,,,,,,,,,,,,,,,,,0,6.8408122062683105,-25,0,True,True,False,"A:1,B:1,ESTOP:0,MODE:1",,,,36.967624953333335,127.87267683833333,122.62100000000001,2,9.2416,-0.009435190971640547,-0.010083394229979545,0.40404263242053545,0.9146359130926445,-0.0016929693744344998,-0.005969026041820607,0.2290919176167757,0.26477955,-1.2748645,9.54187045
1786689772.572359,77.086,0.0,-20.0,0,0,,,,,,,,,,,,,,,,,,,,,,,,,,,0,6.944216728210449,-25,0,True,True,False,"A:1,B:1,ESTOP:0,MODE:1",,,,36.967624953333335,127.87267683833333,122.62100000000001,2,9.2416,-0.009237590572501793,-0.009406674821186376,0.4074442164959401,0.9131349253167533,-0.0025830872929516074,-0.02796017461694916,0.16795303391941432,-0.4903325,0.0980665,9.36535075
1786689772.622519,77.137,0.0,-20.0,0,0,,,,,,,,,,,,,,,,,,,,,,,,,,,0,7.002061367034912,-25,0,True,True,False,"A:1,B:1,ESTOP:0,MODE:1",,,,36.967624953333335,127.87267683833333,122.62100000000001,2,9.2416,-0.008262895266162178,-0.009783717764152745,0.41087360832554815,0.9116023702306153,0.019547687622336492,-0.029286624848464848,0.07572983624403397,0.36284605,0.2745862,9.836069949999999
1786689772.672354,77.186,0.0,-18.0,0,0,,,,,,,,,,,,,,,,,,,,,,,,,,,0,7.09358024597168,-25,0,True,True,False,"A:1,B:1,ESTOP:0,MODE:1",,,,36.967624953333335,127.87267683833333,122.62100000000001,2,9.2416,-0.00778449237424211,-0.009057728850992096,0.41432035565483916,0.9100527468870061,-0.027401669256310976,-0.03429571980168858,0.10840239984136782,0.36284605,0.48052585,10.1204628
1786689772.722382,77.237,0.0,-17.0,0,0,,,,,,,,,,,,,,,,,,,,,,,,,,,0,6.991729736328125,-24,0,True,True,False,"A:1,B:1,ESTOP:0,MODE:1",,,,36.96762435666667,127.87267781333334,122.62299999999999,2,9.2416,-0.008224131667215341,-0.009832463006202552,0.41768769375223114,0.908500234902278,-0.03377212102609028,-0.0005585053606381855,0.1884955592153876,0.7551120499999999,-0.5491724,9.9047165
1786689772.772408,77.287,0.0,-15.0,0,0,,,,,,,,,,,,,,,,,,,,,,,,,,,0,6.7604522705078125,-23,0,True,True,False,"A:1,B:1,ESTOP:0,MODE:1",,,,36.96762435666667,127.87267781333334,122.62299999999999,2,9.2416,-0.009230178040610508,-0.009920358381279033,0.420836054584304,0.9070355039715052,-0.0393048147549123,0.003490658503988659,0.22008601867648495,-0.4118793,-1.9417167,9.67916355
1786689772.822387,77.337,0.0,-14.0,0,0,,,,,,,,,,,,,,,,,,,,,,,,,,,0,6.792059898376465,-22,0,True,True,False,"A:1,B:1,ESTOP:0,MODE:1",,,,36.96762435666667,127.87267781333334,122.62299999999999,2,9.2416,-0.00920750442289221,-0.009703791878513144,0.4237507316548872,0.9056800625537854,0.0026529004630313807,0.004782202150464463,0.14206980111233844,0.3334261,0.0784532,9.4339973
1786689772.872356,77.386,0.0,-12.0,0,0,,,,,,,,,,,,,,,,,,,,,,,,,,,0,6.918413162231445,-21,0,True,True,False,"A:1,B:1,ESTOP:0,MODE:1",,,,36.96762435666667,127.87267781333334,122.62299999999999,2,9.2416,-0.00933848639361811,-0.009491681054922051,0.4266762431892403,0.9043064105492916,0.02726204291615143,0.0136659280431156,0.07700392659798982,-0.16671305,0.40207265,9.77723005
1786689772.922383,77.437,0.0,-8.0,0,0,,,,,,,,,,,,,,,,,,,,,,,,,,,0,7.018857955932617,-20,0,True,True,False,"A:1,B:1,ESTOP:0,MODE:1",,,,36.96762359666667,127.87267886833334,122.62899999999999,2,10.758399999999998,-0.009475821080444298,-0.009331161522161697,0.4295964686802935,0.9029230378813691,0.023719024534602937,-0.017208946424664088,0.05982988675836562,0.5099457999999999,0.5687857,9.81645665
1786689772.972356,77.486,0.0,-6.0,0,0,,,,,,,,,,,,,,,,,,,,,,,,,,,0,7.021093368530273,-19,0,True,True,False,"A:1,B:1,ESTOP:0,MODE:1",,,,36.96762359666667,127.87267886833334,122.62899999999999,2,10.758399999999998,-0.009734452336508843,-0.009507697622743935,0.43236485529726815,0.9015960714352048,0.004747295565424576,-0.01054178868204575,0.06007423285364483,0.196133,-0.196133,9.855683249999998
1786689773.022357,77.536,0.0,-2.0,0,0,,,,,,,,,,,,,,,,,,,,,,,,,,,0,7.0955939292907715,-18,0,True,True,False,"A:1,B:1,ESTOP:0,MODE:1",,,,36.96762359666667,127.87267886833334,122.62899999999999,2,10.758399999999998,-0.009659858211116396,-0.00947339329393177,0.43491346000997017,0.9003706038409937,0.024364796357840838,-0.016615534478986015,0.08306021910241015,0.14709974999999997,0.21574629999999997,10.189109349999999
1786689773.072299,77.586,0.0,0.0,0,0,,,,,,,,,,,,,,,,,,,,,,,,,,,0,7.122653961181641,-16,0,True,True,False,"A:1,B:1,ESTOP:0,MODE:1",,,,36.96762359666667,127.87267886833334,122.62899999999999,2,10.758399999999998,-0.009652118795029453,-0.009840133437663687,0.4374675222063454,0.8991285644396669,0.0091106186954104,0.0054105206811824215,0.09733701238372376,0.02941995,-0.1176798,9.659550249999999
1786689773.122570,77.637,0.0,3.0,0,0,,,,,,,,,,,,,,,,,,,,,,,,,,,0,7.126347064971924,-15,0,True,True,False,"A:1,B:1,ESTOP:0,MODE:1",,,,36.967623063333335,127.87267988333333,122.63,2,10.758399999999998,-0.009941319697667053,-0.00985602074878449,0.4399132589776899,0.8979311519227384,-0.0009773843811168245,-0.005777039824101231,0.07073819458333018,0.2353596,-0.18632634999999997,10.0223963
1786689773.172434,77.687,0.0,3.0,0,0,,,,,,,,,,,,,,,,,,,,,,,,,,,0,7.064283847808838,-12,0,True,True,False,"A:1,B:1,ESTOP:0,MODE:1",,,,36.967623063333335,127.87267988333333,122.63,2,10.758399999999998,-0.010130273957432092,-0.010061165620703066,0.4419849261434751,0.896908844620147,-0.016318828506146982,0.005602506898901798,0.08998917623282762,-0.00980665,-0.67665885,9.54187045
1786689773.222394,77.737,0.0,3.0,0,0,,,,,,,,,,,,,,,,,,,,,,,,,,,0,7.18441915512085,-10,0,True,True,False,"A:1,B:1,ESTOP:0,MODE:1",,,,36.967623063333335,127.87267988333333,122.63,2,10.758399999999998,-0.010211569415458668,-0.010190710947852726,0.4438133629541432,0.8960031094386806,0.02665117767795341,0.008080874436733746,0.08229227423153264,-0.6080123,0.16671305,9.669356899999999
1786689773.272452,77.787,0.0,3.0,0,0,,,,,,,,,,,,,,,,,,,,,,,,,,,0,7.086212635040283,-7,0,True,True,False,"A:1,B:1,ESTOP:0,MODE:1",,,,36.967623063333335,127.87267988333333,122.63,2,10.758399999999998,-0.0104024237329292,-0.010358746216517289,0.4452404608593641,0.8952906890898864,0.008988445647770798,-0.012967796342317869,0.07374016089676041,-0.4118793,-1.08853815,9.659550249999999
1786689773.322438,77.837,0.0,3.0,0,0,,,,,,,,,,,,,,,,,,,,,,,,,,,0,7.092577934265137,-4,0,True,True,False,"A:1,B:1,ESTOP:0,MODE:1",,,,36.96762226333333,127.87268108666666,122.636,2,10.758399999999998,-0.010559050877343455,-0.010600225959330165,0.4462200402650119,0.8947981992159305,-0.021170843826691217,0.007155849933176751,0.012426744274199627,0.38245935,-0.1176798,9.855683249999998
1786689773.372440,77.887,0.0,3.0,0,0,,,,,,,,,,,,,,,,,,,,,,,,,,,0,7.259991645812988,-2,0,True,True,False,"A:1,B:1,ESTOP:0,MODE:1",,,,36.96762226333333,127.87268108666666,122.636,2,10.758399999999998,-0.01080678772929232,-0.010606002638507181,0.4467190035452412,0.894546174279759,0.02546435378659727,-0.003246312408709453,-0.013892820845874863,-0.2353596,0.5687857,10.2577559
1786689773.422435,77.937,0.0,4.0,0,0,,,,,,,,,,,,,,,,,,,,,,,,,,,0,7.1686506271362305,0,0,True,True,False,"A:1,B:1,ESTOP:0,MODE:1",,,,36.96762226333333,127.87268108666666,122.636,2,10.758399999999998,-0.011460926996334423,-0.011052221053445485,0.446841594493343,0.8944713997623497,-0.0072954762733362976,0.02038544566329377,-0.005689773361501515,0.48052585,-0.7060787999999999,10.228335949999998
1786689773.472439,77.987,0.0,4.0,0,0,,,,,,,,,,,,,,,,,,,,,,,,,,,0,7.189338684082031,2,0,True,True,False,"A:1,B:1,ESTOP:0,MODE:1",,,,36.96762226333333,127.87268108666666,122.636,2,10.758399999999998,-0.012023542231046392,-0.011371367219859433,0.4467869603199713,0.8944873048444063,-0.0017453292519943296,0.03598868917612307,-0.020053833105414847,0.0588399,-0.21574629999999997,10.100849499999999
1786689773.522410,78.037,0.0,4.0,0,0,,,,,,,,,,,,,,,,,,,,,,,,,,,0,7.275036811828613,3,0,True,True,False,"A:1,B:1,ESTOP:0,MODE:1",,,,36.96762161,127.872682105,122.636,2,10.758399999999998,-0.012642404798839907,-0.011384204667688448,0.4466053833225263,0.894569282432795,0.01689478715930511,0.006946410422937432,-0.02378883770468271,0.4118793,0.3138128,10.26756255
1786689773.572594,78.087,0.0,4.0,0,0,,,,,,,,,,,,,,,,,,,,,,,,,,,0,7.284535884857178,4,0,True,True,False,"A:1,B:1,ESTOP:0,MODE:1",,,,36.96762161,127.872682105,122.636,2,10.758399999999998,-0.012816194450114941,-0.011607832066338664,0.44614743101612175,0.894792419051621,-0.0008028514559173916,0.014608405839192538,-0.06077236455444256,0.5687857,-0.08825984999999999,10.110656149999999
1786689773.622427,78.137,0.0,4.0,0,0,,,,,,,,,,,,,,,,,,,,,,,,,,,0,7.310054302215576,4,0,True,True,False,"A:1,B:1,ESTOP:0,MODE:1",,,,36.96762161,127.872682105,122.636,2,10.758399999999998,-0.01311851689794684,-0.011557509850063909,0.4453976544421078,0.8951621405633353,-0.03789109806079689,0.018413223608540176,-0.030979594222899347,0.20593965,-0.14709974999999997,10.189109349999999
1786689773.672443,78.187,0.0,4.0,0,0,,,,,,,,,,,,,,,,,,,,,,,,,,,0,7.253957271575928,4,0,True,True,False,"A:1,B:1,ESTOP:0,MODE:1",,,,36.96762161,127.872682105,122.636,2,10.758399999999998,-0.013118993773184047,-0.01113328482782686,0.44467940925666677,0.8955245194602232,-0.008552113334772215,0.004380776422505767,-0.018203784098300854,0.37265269999999995,-0.53936575,9.5516771
1786689773.722457,78.237,0.0,4.0,0,0,,,,,,,,,,,,,,,,,,,,,,,,,,,0,7.150864601135254,4,0,True,True,False,"A:1,B:1,ESTOP:0,MODE:1",,,,36.967620698333334,127.87268307,122.64699999999999,2,10.758399999999998,-0.013169112673436609,-0.011097237778928022,0.4440936369025163,0.8958148622610411,0.027558748888990462,0.017558012275062956,-0.02525491427635795,0.35303939999999995,-0.83356525,9.502643849999998
1786689773.772426,78.287,0.0,4.0,0,0,,,,,,,,,,,,,,,,,,,,,,,,,,,0,7.098060607910156,4,0,True,True,False,"A:1,B:1,ESTOP:0,MODE:1",,,,36.967620698333334,127.87268307,122.64699999999999,2,10.758399999999998,-0.013135797224465015,-0.010816216371472561,0.4435518383920194,0.8960871759788457,-0.0009075712110370514,0.011780972450961725,-0.039252454877352475,0.29419949999999995,-0.55897905,9.8654899
1786689773.822560,78.337,0.0,4.0,0,0,,,,,,,,,,,,,,,,,,,,,,,,,,,0,7.111666679382324,4,0,True,True,False,"A:1,B:1,ESTOP:0,MODE:1",,,,36.967620698333334,127.87268307,122.64699999999999,2,10.758399999999998,-0.012810099111961692,-0.01063390853731954,0.44299288878329424,0.896370527090998,0.0035953782591083188,0.00312413936106985,-0.03621558197888234,-0.7158854499999999,-0.5491724,9.42419065
1786689773.872459,78.387,0.0,4.0,0,0,,,,,,,,,,,,,,,,,,,,,,,,,,,0,7.032530784606934,4,0,True,True,False,"A:1,B:1,ESTOP:0,MODE:1",,,,36.967620698333334,127.87268307,122.64699999999999,2,10.758399999999998,-0.012727550422223285,-0.010727777687659073,0.44242784157417847,0.8966496134199511,-0.015376350710070043,-0.010524335389525807,-0.030962140930379408,0.2353596,-0.7256921,9.757616749999999
1786689773.922460,78.437,0.0,4.0,0,0,,,,,,,,,,,,,,,,,,,,,,,,,,,0,7.078646183013916,4,0,True,True,False,"A:1,B:1,ESTOP:0,MODE:1",,,,36.967619836666664,127.87268410666667,122.657,2,10.758399999999998,-0.012742884936139154,-0.010742365538555357,0.4418091104400094,0.8969542521212261,-0.006318091892219472,-0.024801128670839424,-0.03645992807416154,-0.38245935,-0.24516625,9.9831697
1786689773.972436,78.487,0.0,4.0,0,0,,,,,,,,,,,,,,,,,,,,,,,,,,,0,7.209410667419434,4,0,True,True,False,"A:1,B:1,ESTOP:0,MODE:1",,,,36.967619836666664,127.87268410666667,122.657,2,10.758399999999998,-0.012991984558178784,-0.010637876648539595,0.44116058868195224,0.8972710732612769,0.008464846872172497,0.003438298626428829,-0.029670597283903602,-0.2745862,0.32361945,9.659550249999999
1786689774.022429,78.537,0.0,4.0,0,0,,,,,,,,,,,,,,,,,,,,,,,,,,,0,7.304167747497559,4,0,True,True,False,"A:1,B:1,ESTOP:0,MODE:1",,,,36.967619836666664,127.87268410666667,122.657,2,10.758399999999998,-0.013171118215804113,-0.010655082877163049,0.440548828851383,0.8975687830197198,-0.013857914260834978,-0.030874874467779687,-0.0408756110817072,-0.784532,-0.1372931,9.747810099999999
1786689774.072445,78.587,0.0,3.0,0,0,,,,,,,,,,,,,,,,,,,,,,,,,,,0,7.336390018463135,4,0,True,True,False,"A:1,B:1,ESTOP:0,MODE:1",,,,36.967619836666664,127.87268410666667,122.657,2,10.758399999999998,-0.013461320307583149,-0.010346705557757577,0.43990377406360337,0.8978844068722186,-0.0046251225177849735,-0.011135200627723822,-0.0364424747816416,-0.2353596,-0.2745862,9.826263299999999
1786689774.122366,78.636,0.0,3.0,0,0,,,,,,,,,,,,,,,,,,,,,,,,,,,0,7.366383075714111,4,0,True,True,False,"A:1,B:1,ESTOP:0,MODE:1",,,,36.96761888333333,127.87268512166666,122.658,2,10.758399999999998,-0.013599182854553905,-0.010487634375155687,0.4392265893252476,0.8982121547722519,-0.025499260371637154,-0.012915436464758038,-0.02799508120198905,-0.02941995,-0.196133,9.914523149999999
1786689774.172432,78.687,0.0,3.0,0,0,,,,,,,,,,,,,,,,,,,,,,,,,,,0,7.412333011627197,4,0,True,True,False,"A:1,B:1,ESTOP:0,MODE:1",,,,36.96761888333333,127.87268512166666,122.658,2,10.758399999999998,-0.013705692544052262,-0.010353752102200079,0.43869574789888477,0.8984714767786078,-0.023736477827122883,0.0018500490071139892,-0.01647590813882647,-0.0980665,-0.12748644999999997,9.836069949999999
1786689774.222399,78.737,0.0,3.0,0,0,,,,,,,,,,,,,,,,,,,,,,,,,,,0,7.438823699951172,4,0,True,True,False,"A:1,B:1,ESTOP:0,MODE:1",,,,36.96761888333333,127.87268512166666,122.658,2,10.758399999999998,-0.013891765339528725,-0.010075654292204934,0.43823798804386416,0.8986951462434866,-0.01815142422074103,-0.015166911199830723,-0.016161748873467493,0.6668522,0.1176798,9.747810099999999
1786689774.272454,78.787,0.0,3.0,0,0,,,,,,,,,,,,,,,,,,,,,,,,,,,0,7.518983840942383,4,0,True,True,False,"A:1,B:1,ESTOP:0,MODE:1",,,,36.96761888333333,127.87268512166666,122.658,2,10.758399999999998,-0.014270176016545722,-0.010479291664936698,0.43758598113275543,0.8990022556360701,-0.011205013797803596,-0.0033859387488689996,-0.03392920065876977,-0.0784532,0.0784532,9.894909849999998
1786689774.322399,78.837,0.0,3.0,0,0,,,,,,,,,,,,,,,,,,,,,,,,,,,0,7.561972618103027,4,0,True,True,False,"A:1,B:1,ESTOP:0,MODE:1",,,,36.96761798666667,127.87268622833334,122.666,2,10.758399999999998,-0.014868357572769773,-0.010511812354694821,0.4368620720408206,0.8993441853685988,-0.0072954762733362976,0.005602506898901798,-0.017016960206944712,0.5197524499999999,0.1176798,9.79684335
1786689774.372486,78.887,0.0,3.0,0,0,,,,,,,,,,,,,,,,,,,,,,,,,,,0,7.459915637969971,4,0,True,True,False,"A:1,B:1,ESTOP:0,MODE:1",,,,36.96761798666667,127.87268622833334,122.666,2,10.758399999999998,-0.014796133528312307,-0.010105270272527524,0.43629715655216766,0.899624226624553,0.0055152404363020815,-0.005934119456780721,-0.027052603405912107,-0.04903325,-1.01008495,9.669356899999999
1786689774.422538,78.937,0.0,3.0,0,0,,,,,,,,,,,,,,,,,,,,,,,,,,,0,7.3327226638793945,4,0,True,True,False,"A:1,B:1,ESTOP:0,MODE:1",,,,36.96761798666667,127.87268622833334,122.666,2,10.758399999999998,-0.015072319213834798,-0.01011946878177251,0.43570735288863865,0.8999052862295378,0.01101302758008422,0.03869394951671429,-0.004031710572106902,0.16671305,-1.0787315,9.60071035
1786689774.472430,78.987,0.0,3.0,0,0,,,,,,,,,,,,,,,,,,,,,,,,,,,0,7.262826442718506,4,0,True,True,False,"A:1,B:1,ESTOP:0,MODE:1",,,,36.96761798666667,127.87268622833334,122.666,2,10.758399999999998,-0.015616361912763492,-0.009458946035791223,0.43515398577566006,0.9001709094633409,0.01509709802975095,-0.0005585053606381855,-0.01595230936322817,-0.21574629999999997,-0.8924051499999999,9.473223899999999
1786689774.522399,79.037,0.0,3.0,0,0,,,,,,,,,,,,,,,,,,,,,,,,,,,0,7.201722145080566,4,0,True,True,False,"A:1,B:1,ESTOP:0,MODE:1",,,,36.96761721166666,127.87268717,122.661,2,10.758399999999998,-0.015489262067519086,-0.009423675116857554,0.43458894538478243,0.9004464035450628,0.025429447201557383,0.03024655593706173,-0.025394540616517497,-0.0196133,-0.7551120499999999,9.590903699999998
1786689774.572441,79.087,0.0,3.0,0,0,,,,,,,,,,,,,,,,,,,,,,,,,,,0,7.135516166687012,4,0,True,True,False,"A:1,B:1,ESTOP:0,MODE:1",,,,36.96761721166666,127.87268717,122.661,2,10.758399999999998,-0.015218194995506999,-0.00934603260234532,0.4339224927293714,0.9007731837256275,0.03548254369304472,0.018483036778619948,-0.04206243497306335,-0.0784532,-0.81395195,9.67916355
1786689774.622430,79.137,0.0,3.0,0,0,,,,,,,,,,,,,,,,,,,,,,,,,,,0,7.149006366729736,4,0,True,True,False,"A:1,B:1,ESTOP:0,MODE:1",,,,36.96761721166666,127.87268717,122.661,2,10.758399999999998,-0.014774916857902044,-0.009485836360307424,0.43323614350575157,0.9011094077306324,0.021956241990088665,0.0028623399732707008,-0.04876449930072157,-0.67665885,-0.6276256,9.7085835
1786689774.672438,79.187,0.0,3.0,0,0,,,,,,,,,,,,,,,,,,,,,,,,,,,0,7.083662986755371,4,0,True,True,False,"A:1,B:1,ESTOP:0,MODE:1",,,,36.96761721166666,127.87268717,122.661,2,10.758399999999998,-0.014710623635364054,-0.009481712240245741,0.43267773925727415,0.9013787598099183,0.011100294042683936,0.014835298641951801,-0.011833332328521556,-0.32361945,-0.9414384,9.502643849999998
1786689774.722403,79.237,0.0,3.0,0,0,,,,,,,,,,,,,,,,,,,,,,,,,,,0,7.055757999420166,4,0,True,True,False,"A:1,B:1,ESTOP:0,MODE:1",,,,36.96761625833334,127.87268825666666,122.658,2,10.758399999999998,-0.015011508710485842,-0.009361907265367963,0.43209728771944417,0.9016534496379913,0.015481070465189704,-0.008831366015091307,-0.017366026057343577,-0.4216859499999999,-0.77472535,9.46341725
1786689774.772434,79.287,0.0,3.0,0,0,,,,,,,,,,,,,,,,,,,,,,,,,,,0,7.08681583404541,4,0,True,True,False,"A:1,B:1,ESTOP:0,MODE:1",,,,36.96761625833334,127.87268825666666,122.658,2,10.758399999999998,-0.015053684872610601,-0.009337926145954929,0.43139706179423193,0.9019882287382428,0.028728119487826664,-0.01827359726838063,-0.04951499087907913,-0.32361945,-0.36284605,9.855683249999998
1786689774.822415,79.337,0.0,2.0,0,0,,,,,,,,,,,,,,,,,,,,,,,,,,,0,7.072640895843506,4,0,True,True,False,"A:1,B:1,ESTOP:0,MODE:1",,,,36.96761625833334,127.87268825666666,122.658,2,10.758399999999998,-0.015210345255590473,-0.009600581802798314,0.4306908955732124,0.9023202461967691,0.006946410422937432,-0.006073745796940267,-0.056007615696498037,0.2745862,-0.3138128,9.845876599999999
1786689774.872441,79.387,0.0,2.0,0,0,,,,,,,,,,,,,,,,,,,,,,,,,,,0,7.065097332000732,4,0,True,True,False,"A:1,B:1,ESTOP:0,MODE:1",,,,36.96761625833334,127.87268825666666,122.658,2,10.758399999999998,-0.015254866323923694,-0.009530834192562294,0.4300698340995079,0.9026164135725956,0.003665191429188092,-0.0017453292519943296,-0.049165925028680266,0.40207265,-0.196133,9.77723005
1786689774.922665,79.437,0.0,2.0,0,0,,,,,,,,,,,,,,,,,,,,,,,,,,,0,7.0733418464660645,4,0,True,True,False,"A:1,B:1,ESTOP:0,MODE:1",,,,36.967615241666664,127.87268930166667,122.651,2,10.758399999999998,-0.01565014454272011,-0.009474719357685435,0.42951093366506804,0.9028763262656998,-0.008482300164692442,-0.015236724369910496,-0.02569124658935653,-0.16671305,-0.43149259999999995,9.953749749999998
1786689774.972451,79.487,0.0,2.0,0,0,,,,,,,,,,,,,,,,,,,,,,,,,,,0,6.944257736206055,3,0,True,True,False,"A:1,B:1,ESTOP:0,MODE:1",,,,36.967615241666664,127.87268930166667,122.651,2,10.758399999999998,-0.015971840173713652,-0.009736460793348944,0.42876432419246097,0.9032227056227425,-0.006562437987498679,-0.0233001455141243,-0.03199188518905606,1.36312435,-0.45110589999999995,9.80665
1786689775.022390,79.537,0.0,2.0,0,0,,,,,,,,,,,,,,,,,,,,,,,,,,,0,6.877414703369141,3,0,True,True,False,"A:1,B:1,ESTOP:0,MODE:1",,,,36.967615241666664,127.87268930166667,122.651,2,10.758399999999998,-0.01658544307303673,-0.008628557741195992,0.42799696176645513,0.903586781547883,0.005794493116621174,-0.0009599310885968813,-0.0124965574442794,-0.45110589999999995,-1.0591182,9.80665
1786689775.072441,79.587,0.0,2.0,0,0,,,,,,,,,,,,,,,,,,,,,,,,,,,0,6.655917167663574,2,0,True,True,False,"A:1,B:1,ESTOP:0,MODE:1",,,,36.967615241666664,127.87268930166667,122.651,2,10.758399999999998,-0.016524949834344067,-0.008574081695555536,0.4272879791449956,0.9039238873014896,0.026145032194875056,-0.008080874436733746,-0.0030368728984701333,1.4415775499999999,-0.980665,9.5124505
1786689775.122372,79.636,0.0,2.0,0,0,,,,,,,,,,,,,,,,,,,,,,,,,,,0,6.720599174499512,1,0,True,True,False,"A:1,B:1,ESTOP:0,MODE:1",,,,36.967614336666664,127.87269027833334,122.64999999999999,2,10.758399999999998,-0.016454966285480797,-0.008334990494604531,0.42671642127957576,0.9041973555747386,0.010524335389525807,-0.025516713664157097,-0.03392920065876977,-1.01008495,-0.5197524499999999,9.63993695
1786689775.172432,79.687,0.0,2.0,0,0,,,,,,,,,,,,,,,,,,,,,,,,,,,0,6.647757053375244,1,0,True,True,False,"A:1,B:1,ESTOP:0,MODE:1",,,,36.967614336666664,127.87269027833334,122.64999999999999,2,10.758399999999998,-0.015977134147615018,-0.00826465831997613,0.42631531448893994,0.9043957536606856,0.006213372137099813,0.018919369091618534,-0.028780479365386493,1.2356379,-0.1569064,10.032202949999999
1786689775.222425,79.737,0.0,1.0,0,0,,,,,,,,,,,,,,,,,,,,,,,,,,,0,6.613302230834961,1,0,True,True,False,"A:1,B:1,ESTOP:0,MODE:1",,,,36.967614336666664,127.87269027833334,122.64999999999999,2,10.758399999999998,-0.015912721461199313,-0.008832356986398018,0.42587041412439397,0.9046011083009352,0.0072954762733362976,-0.012060225131280817,-0.03900810878207326,0.7453053999999999,-0.20593965,9.79684335
1786689775.272544,79.787,0.0,1.0,0,0,,,,,,,,,,,,,,,,,,,,,,,,,,,0,6.536161422729492,1,0,True,True,False,"A:1,B:1,ESTOP:0,MODE:1",,,,36.967614336666664,127.87269027833334,122.64999999999999,2,10.758399999999998,-0.015904926562501864,-0.008973326025287508,0.425433347774921,0.9048054925408601,0.018256143975860686,-0.007382742735936014,-0.0205599785884932,-0.0,-0.8629851999999999,9.757616749999999
1786689775.322381,79.836,0.0,1.0,0,0,,,,,,,,,,,,,,,,,,,,,,,,,,,0,6.404326438903809,1,0,True,True,False,"A:1,B:1,ESTOP:0,MODE:1",,,,36.967613425,127.87269143166667,122.648,2,10.758399999999998,-0.015756440491188104,-0.009229740008819431,0.42492295415088827,0.9050453190410409,0.0015533430342749533,0.02623229865747477,-0.00022689280275926284,0.8433718999999998,-0.77472535,9.62032365
1786689775.372416,79.887,0.0,1.0,0,0,,,,,,,,,,,,,,,,,,,,,,,,,,,0,6.393742084503174,1,0,True,True,False,"A:1,B:1,ESTOP:0,MODE:1",,,,36.967613425,127.87269143166667,122.648,2,10.758399999999998,-0.016089772888581575,-0.009384254389260688,0.42440595429823935,0.9052804211591855,0.0029845130209103037,-0.018727382873899155,-0.019093902016817967,0.0392266,-0.44129925,9.875296549999998
1786689775.422413,79.937,0.0,1.0,0,0,,,,,,,,,,,,,,,,,,,,,,,,,,,0,6.526829719543457,1,0,True,True,False,"A:1,B:1,ESTOP:0,MODE:1",,,,36.967613425,127.87269143166667,122.648,2,10.758399999999998,-0.015851553035317406,-0.00931909965615551,0.4239016565955752,0.9055215448477714,-0.024870941840919196,-0.013229595730117017,-0.018884462506578648,-0.0196133,0.43149259999999995,9.80665
1786689775.472450,79.987,0.0,0.0,0,0,,,,,,,,,,,,,,,,,,,,,,,,,,,0,6.173741817474365,1,0,True,True,False,"A:1,B:1,ESTOP:0,MODE:1",,,,36.967613425,127.87269143166667,122.648,2,10.758399999999998,-0.01636700802856289,-0.010053701678269501,0.4231429763277396,0.9058592968641759,-0.008395033702092726,0.0051836278784231585,-0.03721041965251911,1.08853815,-2.04958985,9.80665
1786689775.522647,80.037,0.0,-1.0,0,0,,,,,,,,,,,,,,,,,,,,,,,,,,,0,6.445751190185547,1,0,True,True,False,"A:1,B:1,ESTOP:0,MODE:1",,,,36.967612628333335,127.87269238666667,122.651,2,10.758399999999998,-0.015988589053286564,-0.009591380656548248,0.42202174862822184,0.9063939618741754,0.003141592653589793,-0.006335545184739416,-0.02696533694331239,-0.5982056499999999,0.99047165,10.2185293
1786689775.572478,80.087,0.0,-2.0,0,0,,,,,,,,,,,,,,,,,,,,,,,,,,,0,6.358943939208984,1,0,True,True,False,"A:1,B:1,ESTOP:0,MODE:1",,,,36.967612628333335,127.87269238666667,122.651,2,10.758399999999998,-0.015994851794057994,-0.010137468806058753,0.42177324081581163,0.9065035740547414,0.010297442586766544,-0.0192684349420174,-0.006073745796940267,0.7453053999999999,-0.5687857,9.62032365
1786689775.622391,80.137,0.0,-2.0,0,0,,,,,,,,,,,,,,,,,,,,,,,,,,,0,6.427950859069824,0,0,True,True,False,"A:1,B:1,ESTOP:0,MODE:1",,,,36.967612628333335,127.87269238666667,122.651,2,10.758399999999998,-0.015968410939607172,-0.010132804396134003,0.42168632860594824,0.9065445253234777,-0.01213003830136059,-0.02377138441216277,-0.026371924997634317,0.46091255,0.22555294999999997,10.130269449999998
1786689775.672416,80.187,0.0,-2.0,0,0,,,,,,,,,,,,,,,,,,,,,,,,,,,0,6.517606258392334,-1,0,True,True,False,"A:1,B:1,ESTOP:0,MODE:1",,,,36.967612628333335,127.87269238666667,122.651,2,10.758399999999998,-0.01572826987947379,-0.010031092188123956,0.42127723400785316,0.9067400348626967,0.012723450247038663,-0.006021385919380436,-0.03546509040052478,-0.0784532,0.1176798,9.747810099999999
1786689775.722407,80.237,0.0,-2.0,0,0,,,,,,,,,,,,,,,,,,,,,,,,,,,0,6.543139934539795,-3,0,True,True,False,"A:1,B:1,ESTOP:0,MODE:1",,,,36.96761163666667,127.87269348333334,122.666,2,10.240000000000002,-0.01409406568613795,-0.009843717933086246,0.42102260091711385,0.9068872190336994,-0.032480577379614475,-0.0091106186954104,-0.0048345620280242935,0.5099457999999999,0.00980665,9.934136449999999
1786689775.772474,80.287,0.0,-3.0,0,0,,,,,,,,,,,,,,,,,,,,,,,,,,,0,6.555497646331787,-3,0,True,True,False,"A:1,B:1,ESTOP:0,MODE:1",,,,36.96761163666667,127.87269348333334,122.666,2,10.240000000000002,-0.014533622725384547,-0.009724534333479258,0.4212061584294362,0.9067963273765448,-0.012583823906879116,-0.013439035240356337,0.009407324668249437,0.02941995,-0.29419949999999995,10.071429549999998
1786689775.822439,80.337,0.0,-3.0,0,0,,,,,,,,,,,,,,,,,,,,,,,,,,,0,6.4295878410339355,-3,0,True,True,False,"A:1,B:1,ESTOP:0,MODE:1",,,,36.96761163666667,127.87269348333334,122.666,2,10.240000000000002,-0.014739954527218324,-0.009941228289807733,0.42145484559415014,0.9066750900106592,0.0026878070480712674,0.0023038346126325153,-0.02392846404484226,0.6472389,-0.8727918499999999,9.8851032
1786689775.872452,80.387,0.0,-3.0,0,0,,,,,,,,,,,,,,,,,,,,,,,,,,,0,6.574172496795654,-3,0,True,True,False,"A:1,B:1,ESTOP:0,MODE:1",,,,36.96761163666667,127.87269348333334,122.666,2,10.240000000000002,-0.014671178306900132,-0.009881737988904292,0.4215194539392885,0.9066468208360573,0.009564404300928926,0.013177235852557189,-0.018465583486100008,0.4707192,0.67665885,10.1400761
1786689775.922437,80.437,0.0,-3.0,0,0,,,,,,,,,,,,,,,,,,,,,,,,,,,0,6.486901760101318,-3,0,True,True,False,"A:1,B:1,ESTOP:0,MODE:1",,,,36.96761078833333,127.87269466833334,122.67399999999999,2,10.240000000000002,-0.01470805301944781,-0.00998784554926995,0.42162809816659386,0.9065945416524867,-0.003612831551628262,-0.029164451800825247,-0.0006981317007977319,-0.2353596,-0.9610517,9.473223899999999
1786689775.972454,80.487,0.0,-3.0,0,0,,,,,,,,,,,,,,,,,,,,,,,,,,,0,6.416093826293945,-3,0,True,True,False,"A:1,B:1,ESTOP:0,MODE:1",,,,36.96761078833333,127.87269466833334,122.67399999999999,2,10.240000000000002,-0.014689846636434373,-0.010707084203940818,0.42189062520503173,0.9064644875105449,-0.0004886921905584122,0.002007128639793479,-0.0021467549799530253,0.5982056499999999,-0.5687857,9.7674234
1786689776.022439,80.537,0.0,-3.0,0,0,,,,,,,,,,,,,,,,,,,,,,,,,,,0,6.386122703552246,-3,0,True,True,False,"A:1,B:1,ESTOP:0,MODE:1",,,,36.96761078833333,127.87269466833334,122.67399999999999,2,10.240000000000002,-0.014880599844755489,-0.010750869231390023,0.42203172057700905,0.9063951750676078,0.036948620264719956,-0.0022514747350726853,-0.03174753909377685,0.3334261,-0.44129925,9.9047165
1786689776.072645,80.587,0.0,-4.0,0,0,,,,,,,,,,,,,,,,,,,,,,,,,,,0,6.489084243774414,-3,0,True,True,False,"A:1,B:1,ESTOP:0,MODE:1",,,,36.96761078833333,127.87269466833334,122.67399999999999,2,10.240000000000002,-0.014908489287370711,-0.010400704018753336,0.42215751868511814,0.906340218527627,0.007086036763096978,0.011344640137963142,-0.018797196043978927,-0.73549875,-0.0588399,9.60071035
1786689776.122381,80.637,0.0,-4.0,0,0,,,,,,,,,,,,,,,,,,,,,,,,,,,0,6.564252853393555,-3,0,True,True,False,"A:1,B:1,ESTOP:0,MODE:1",,,,36.96760995333333,127.872695815,122.688,2,10.240000000000002,-0.015081168302459466,-0.01054446928768801,0.42240739013078016,0.9062192721924296,0.0042935099599060505,-0.00773180858633488,0.019931660057775243,-0.38245935,-0.10787314999999999,10.0420096
1786689776.172444,80.687,0.0,-6.0,0,0,,,,,,,,,,,,,,,,,,,,,,,,,,,0,6.486972808837891,-3,0,True,True,False,"A:1,B:1,ESTOP:0,MODE:1",,,,36.96760995333333,127.872695815,122.688,2,10.240000000000002,-0.01518318779911981,-0.010634043552614976,0.422563539820574,0.9061437207972497,-0.02155481626212997,0.008115781021773632,0.01022762941668677,0.44129925,-0.6864655000000001,10.09104285
1786689776.222437,80.737,0.0,-6.0,0,0,,,,,,,,,,,,,,,,,,,,,,,,,,,0,6.562905788421631,-4,0,True,True,False,"A:1,B:1,ESTOP:0,MODE:1",,,,36.96760995333333,127.872695815,122.688,2,10.240000000000002,-0.015040279158404354,-0.010424033729225181,0.4226156091448598,0.9061242610319892,0.019128808601857852,0.0016406094968746698,0.0015882496193148398,-1.0591182,-0.38245935,9.54187045
1786689776.272417,80.787,0.0,-8.0,0,0,,,,,,,,,,,,,,,,,,,,,,,,,,,0,6.629877090454102,-5,0,True,True,False,"A:1,B:1,ESTOP:0,MODE:1",,,,36.96760995333333,127.872695815,122.688,2,10.240000000000002,-0.014434728539827133,-0.010418754852337566,0.4229728773560681,0.9059674570206354,-0.017767451785302275,0.006003932626860493,0.005707226654021458,0.50013915,0.24516625,9.914523149999999
1786689776.322404,80.837,0.0,-8.0,0,0,,,,,,,,,,,,,,,,,,,,,,,,,,,0,6.555471420288086,-6,0,True,True,False,"A:1,B:1,ESTOP:0,MODE:1",,,,36.96760903,127.87269683,122.692,2,10.240000000000002,-0.014044825668617476,-0.010322150249841672,0.42337892499953383,0.905785008681639,0.00153588974175501,0.028379053637427796,0.038257617203715705,-0.5099457999999999,-1.0591182,9.9635564
1786689776.372437,80.887,0.0,-8.0,0,0,,,,,,,,,,,,,,,,,,,,,,,,,,,0,6.366182804107666,-7,0,True,True,False,"A:1,B:1,ESTOP:0,MODE:1",,,,36.96760903,127.87269683,122.692,2,10.240000000000002,-0.014575794421805807,-0.011303248658943662,0.4238398806711417,0.9055493019926633,-0.017627825445142728,0.011082840750163993,-0.0023911010752322315,0.7060787999999999,-1.2356379,9.69877685
1786689776.422427,80.937,0.0,-8.0,0,0,,,,,,,,,,,,,,,,,,,,,,,,,,,0,6.556148052215576,-8,0,True,True,False,"A:1,B:1,ESTOP:0,MODE:1",,,,36.96760903,127.87269683,122.692,2,10.240000000000002,-0.014208117046590777,-0.01115537440133243,0.424523624598895,0.9052366426462051,0.02933898472602468,-0.004118977034706617,0.01722639971718403,-0.55897905,0.50013915,10.149882749999998
1786689776.472432,80.987,0.0,-8.0,0,0,,,,,,,,,,,,,,,,,,,,,,,,,,,0,6.299559593200684,-9,0,True,True,False,"A:1,B:1,ESTOP:0,MODE:1",,,,36.96760903,127.87269683,122.692,2,10.240000000000002,-0.014051316089266935,-0.011682561338762103,0.42555577905912834,0.9047476759771776,-0.00932005820564972,0.012147491593880533,0.07810348402674624,0.9120184499999999,-1.5494507,9.71839015
1786689776.522353,81.036,0.0,-8.0,0,0,,,,,,,,,,,,,,,,,,,,,,,,,,,0,6.3039140701293945,-9,0,True,True,False,"A:1,B:1,ESTOP:0,MODE:1",,,,36.967608235,127.872698045,122.706,2,10.240000000000002,-0.014040178975242925,-0.011652453981498834,0.4266381326961919,0.9042383521063784,-0.0027576202181510408,-0.03352777493081107,0.0032812189937493396,0.61781895,-0.10787314999999999,9.934136449999999
1786689776.572384,81.087,0.0,-8.0,0,0,,,,,,,,,,,,,,,,,,,,,,,,,,,0,6.2266716957092285,-9,0,True,True,False,"A:1,B:1,ESTOP:0,MODE:1",,,,36.967608235,127.872698045,122.706,2,10.240000000000002,-0.01415922817062636,-0.012000899523124334,0.42764039248929725,0.9037583689127574,-0.003961897402027128,-0.013735741213195374,0.06597344572538566,-0.48052585,-1.06892485,9.52225715
1786689776.622324,81.136,0.0,-8.0,0,0,,,,,,,,,,,,,,,,,,,,,,,,,,,0,6.11539888381958,-9,0,True,True,False,"A:1,B:1,ESTOP:0,MODE:1",,,,36.967608235,127.872698045,122.706,2,10.240000000000002,-0.014421517898929762,-0.012127874884217736,0.42863060698289807,0.9032833095046957,-0.0029146998508305304,-0.037419859162758425,0.032812189937493394,0.8237586,-0.73549875,9.934136449999999
1786689776.672370,81.186,0.0,-8.0,0,0,,,,,,,,,,,,,,,,,,,,,,,,,,,0,6.15608024597168,-9,0,True,True,False,"A:1,B:1,ESTOP:0,MODE:1",,,,36.967608235,127.872698045,122.706,2,10.240000000000002,-0.014421696162718215,-0.012113975408115825,0.42973450142723646,0.9027588407557616,0.006789330790257942,-0.0012217304763960308,0.05726425275793395,0.08825984999999999,-0.12748644999999997,9.836069949999999
1786689776.722328,81.236,0.0,-10.0,0,0,,,,,,,,,,,,,,,,,,,,,,,,,,,0,5.995944499969482,-9,0,True,True,False,"A:1,B:1,ESTOP:0,MODE:1",,,,36.967607275,127.87269943,122.709,2,10.240000000000002,-0.014639371477181161,-0.012355222971176541,0.4306818142123958,0.9023005110132682,0.002129301687433082,-0.01382300767579509,0.03206169835913583,0.48052585,-1.1767979999999998,9.738003449999999
1786689776.772464,81.287,0.0,-10.0,0,0,,,,,,,,,,,,,,,,,,,,,,,,,,,0,6.116075038909912,-9,0,True,True,False,"A:1,B:1,ESTOP:0,MODE:1",,,,36.967607275,127.87269943,122.709,2,10.240000000000002,-0.014632120075582343,-0.012337089822293607,0.43173740712799175,0.9017962677696161,-0.0045029494701453706,0.004572762640225144,0.035866516128483475,0.1372931,0.35303939999999995,10.100849499999999
1786689776.822446,81.337,0.0,-11.0,0,0,,,,,,,,,,,,,,,,,,,,,,,,,,,0,6.067262649536133,-9,0,True,True,False,"A:1,B:1,ESTOP:0,MODE:1",,,,36.967607275,127.87269943,122.709,2,10.240000000000002,-0.014688094756874426,-0.012309133892944319,0.43272949613998074,0.9013201031074682,-0.004310963252425994,-0.009669124056048587,0.008988445647770798,0.32361945,-0.57859235,9.875296549999998
1786689776.872429,81.387,0.0,-12.0,0,0,,,,,,,,,,,,,,,,,,,,,,,,,,,0,6.107670783996582,-9,0,True,True,False,"A:1,B:1,ESTOP:0,MODE:1",,,,36.967607275,127.87269943,122.709,2,10.240000000000002,-0.014675390799763096,-0.012162133990729152,0.43377108729350117,0.9008214913232695,-0.0366868208769208,0.007086036763096978,0.0805818515645782,0.45110589999999995,0.0,9.953749749999998
1786689776.922452,81.437,0.0,-12.0,0,0,,,,,,,,,,,,,,,,,,,,,,,,,,,0,6.216640472412109,-8,0,True,True,False,"A:1,B:1,ESTOP:0,MODE:1",,,,36.96760634,127.87270090833333,122.713,2,10.240000000000002,-0.01457819879099223,-0.012011123130201782,0.43473380175852033,0.9003608891159949,3.490658503988659e-05,-0.027715828521669955,0.0006283185307179586,0.36284605,0.37265269999999995,10.002782999999999
1786689776.972440,81.487,0.0,-13.0,0,0,,,,,,,,,,,,,,,,,,,,,,,,,,,0,5.990041255950928,-10,0,True,True,False,"A:1,B:1,ESTOP:0,MODE:1",,,,36.96760634,127.87270090833333,122.713,2,10.240000000000002,-0.014416372524696424,-0.011993788013781852,0.43571682351412355,0.8998884191715502,0.007714355293814937,-0.0051836278784231585,0.0743335728424385,0.0392266,-1.7063570999999997,9.208444349999999
1786689777.022405,81.537,0.0,-14.0,0,0,,,,,,,,,,,,,,,,,,,,,,,,,,,0,5.998707294464111,-11,0,True,True,False,"A:1,B:1,ESTOP:0,MODE:1",,,,36.96760634,127.87270090833333,122.713,2,10.240000000000002,-0.014471365482694589,-0.011849109852990647,0.43672503495419407,0.8994005904050852,-0.0007155849933176752,-0.0322885911618951,0.060720004676882725,-0.0784532,-0.38245935,9.80665
1786689777.072449,81.587,0.0,-15.0,0,0,,,,,,,,,,,,,,,,,,,,,,,,,,,0,6.284376621246338,-12,0,True,True,False,"A:1,B:1,ESTOP:0,MODE:1",,,,36.96760634,127.87270090833333,122.713,2,10.240000000000002,-0.01448675097116823,-0.011745636393130247,0.4378339126180499,0.898862413850746,0.028832839242946322,0.021886428820008894,-0.0021118483949131386,-0.55897905,1.06892485,10.326402449999998
1786689777.122345,81.636,0.0,-16.0,0,0,,,,,,,,,,,,,,,,,,,,,,,,,,,0,6.337915420532227,-14,0,True,True,False,"A:1,B:1,ESTOP:0,MODE:1",,,,36.967605473333336,127.872702065,122.718,2,10.240000000000002,-0.013984697177714667,-0.011685566866096007,0.43916993343431265,0.8982191521778898,0.01223475805648025,-0.030682888250060315,0.032794736644973455,0.48052585,0.10787314999999999,9.757616749999999
1786689777.172566,81.687,0.0,-17.0,0,0,,,,,,,,,,,,,,,,,,,,,,,,,,,0,6.217209815979004,-15,0,True,True,False,"A:1,B:1,ESTOP:0,MODE:1",,,,36.967605473333336,127.872702065,122.718,2,10.240000000000002,-0.01395005280130208,-0.01193660888464796,0.4407478369491199,0.8974431779337608,0.04853760649796231,0.02113593724165133,0.08515461420480333,-0.6276256,-1.3337044,9.42419065
1786689777.222427,81.737,0.0,-17.0,0,0,,,,,,,,,,,,,,,,,,,,,,,,,,,0,6.082941055297852,-16,0,True,True,False,"A:1,B:1,ESTOP:0,MODE:1",,,,36.967605473333336,127.872702065,122.718,2,10.240000000000002,-0.013946725948162635,-0.011963146256066887,0.44246211459092105,0.8965989343729521,0.032323497746934986,0.020367992370773826,0.06684611035138283,0.24516625,-1.0983448,9.6301303
1786689777.272380,81.786,0.0,-18.0,0,0,,,,,,,,,,,,,,,,,,,,,,,,,,,0,6.086123466491699,-16,0,True,True,False,"A:1,B:1,ESTOP:0,MODE:1",,,,36.967605473333336,127.872702065,122.718,2,10.240000000000002,-0.013918000052726394,-0.011804086157508307,0.4442804499002009,0.8957018670634742,-0.001064650843716541,0.03183480555637657,0.08478809506188452,-0.26477955,-0.4707192,9.52225715
1786689777.322424,81.837,0.0,-19.0,0,0,,,,,,,,,,,,,,,,,,,,,,,,,,,0,6.079032897949219,-17,0,True,True,False,"A:1,B:1,ESTOP:0,MODE:1",,,,36.96760468,127.87270344166667,122.725,2,10.240000000000002,-0.013872547473433588,-0.011893210354432728,0.4462479327322396,0.8947227986959229,0.00905825881785057,0.018395770316020233,0.1007753110101526,0.40207265,-0.2745862,9.6301303
1786689777.372438,81.887,0.0,-19.0,0,0,,,,,,,,,,,,,,,,,,,,,,,,,,,0,5.860682010650635,-18,0,True,True,False,"A:1,B:1,ESTOP:0,MODE:1",,,,36.96760468,127.87270344166667,122.725,2,10.240000000000002,-0.013882455280058433,-0.011891427779467391,0.44814482517524057,0.8937740693538921,0.028571039855147175,0.012426744274199627,0.08407251006856686,0.7943386499999999,-1.3729310000000001,9.326124149999998
1786689777.422368,81.936,0.0,-20.0,0,0,,,,,,,,,,,,,,,,,,,,,,,,,,,0,5.860788822174072,-17,0,True,True,False,"A:1,B:1,ESTOP:0,MODE:1",,,,36.96760468,127.87270344166667,122.725,2,10.240000000000002,-0.013429877404698212,-0.011894477842955374,0.45019669524154166,0.892749178315686,0.034505159311927894,-0.05576326960121883,0.02214822820780804,0.61781895,-0.16671305,9.7870367
1786689777.472492,81.987,0.0,-20.0,0,0,,,,,,,,,,,,,,,,,,,,,,,,,,,0,6.08953332901001,-19,0,True,True,False,"A:1,B:1,ESTOP:0,MODE:1",,,,36.96760468,127.87270344166667,122.725,2,10.240000000000002,-0.013438622311738927,-0.011967560457780847,0.45244584306343955,0.8916103072652677,0.011152653920243767,-0.018675022996339326,0.03572688978832393,-0.1372931,0.8924051499999999,10.4146623
1786689777.522361,82.036,0.0,-22.0,0,0,,,,,,,,,,,,,,,,,,,,,,,,,,,0,6.030259132385254,-19,0,True,True,False,"A:1,B:1,ESTOP:0,MODE:1",,,,36.96760399666667,127.87270471666666,122.731,2,10.240000000000002,-0.013513181595273737,-0.011816894071574777,0.45456450501412815,0.8905329110813003,-0.032969269570172884,0.032026791774095946,0.17840755613886036,0.5295591,-0.55897905,9.8654899
1786689777.572431,82.087,0.0,-22.0,0,0,,,,,,,,,,,,,,,,,,,,,,,,,,,0,5.943261623382568,-20,0,True,True,False,"A:1,B:1,ESTOP:0,MODE:1",,,,36.96760399666667,127.87270471666666,122.731,2,10.240000000000002,-0.013559134499505743,-0.011571729880007417,0.45662051067999193,0.8894829701380189,0.011257373675363426,-0.043336525327019204,0.13803809054023153,-0.8825985,-1.16699135,9.296704199999999
1786689777.622341,82.136,0.0,-24.0,0,0,,,,,,,,,,,,,,,,,,,,,,,,,,,0,6.046187400817871,-21,0,True,True,False,"A:1,B:1,ESTOP:0,MODE:1",,,,36.96760399666667,127.87270471666666,122.731,2,10.240000000000002,-0.0133595525680568,-0.011706516009580371,0.4589537105512942,0.8882825965926034,0.013648474750595658,-0.00013962634015954637,0.042952552891580446,-0.0588399,0.20593965,9.7870367
1786689777.672344,82.186,0.0,-25.0,0,0,,,,,,,,,,,,,,,,,,,,,,,,,,,0,6.015769958496094,-22,0,True,True,False,"A:1,B:1,ESTOP:0,MODE:1",,,,36.96760399666667,127.87270471666666,122.731,2,10.240000000000002,-0.013473742873394434,-0.011309791022514613,0.46148749117410653,0.8869722895163286,-0.014625859131712481,-0.02853613327010729,0.17027432182456678,-0.7453053999999999,-0.81395195,9.561483749999999
1786689777.722440,82.237,0.0,-26.0,0,0,,,,,,,,,,,,,,,,,,,,,,,,,,,0,6.07217264175415,-22,0,True,True,False,"A:1,B:1,ESTOP:0,MODE:1",,,,36.967603518333334,127.87270598333333,122.73899999999999,2,10.240000000000002,-0.01339868628042109,-0.01165697237547761,0.46384036602414475,0.8857407662784769,0.0096342174710087,0.008255407361933179,0.09012880257298718,-0.7158854499999999,-0.3138128,9.6889702
1786689777.772435,82.287,0.0,-27.0,0,0,,,,,,,,,,,,,,,,,,,,,,,,,,,0,6.092682838439941,-24,0,True,True,False,"A:1,B:1,ESTOP:0,MODE:1",,,,36.967603518333334,127.87270598333333,122.73899999999999,2,10.240000000000002,-0.013203764428631349,-0.01183119462137399,0.46655659384812387,0.884313648077186,-0.0057246799465414016,0.02748893571891069,0.11779227121709729,0.5687857,-0.04903325,9.826263299999999
1786689777.822321,82.336,0.0,-28.0,0,0,,,,,,,,,,,,,,,,,,,,,,,,,,,0,6.05564022064209,-25,0,True,True,False,"A:1,B:1,ESTOP:0,MODE:1",,,,36.967603518333334,127.87270598333333,122.73899999999999,2,10.240000000000002,-0.013586749940829788,-0.011975343559461286,0.46923681061494543,0.8828866331169546,0.0034557519189487725,-0.0057421332390613445,0.1321388776684907,-0.6864655000000001,-0.8629851999999999,9.659550249999999
1786689777.872438,82.387,0.0,-28.0,0,0,,,,,,,,,,,,,,,,,,,,,,,,,,,0,5.959862232208252,-27,0,True,True,False,"A:1,B:1,ESTOP:0,MODE:1",,,,36.967603518333334,127.87270598333333,122.73899999999999,2,10.240000000000002,-0.013368227756451637,-0.012538456219918552,0.47215904314344787,0.8813228214338584,0.03476695869972705,0.03928736146239235,0.12679817015738803,1.22583125,-0.5197524499999999,9.855683249999998
1786689777.922318,82.436,0.0,-29.0,0,0,,,,,,,,,,,,,,,,,,,,,,,,,,,0,6.13958740234375,-28,0,True,True,False,"A:1,B:1,ESTOP:0,MODE:1",,,,36.967603145,127.87270717333334,122.752,2,10.240000000000002,-0.013348951961948616,-0.01242955401628014,0.4752281719781914,0.879673516838344,-0.02998475654926258,-0.022218041377887812,0.1042485162216213,0.35303939999999995,0.7551120499999999,10.34601575
1786689777.972466,82.487,0.0,-29.0,0,0,,,,,,,,,,,,,,,,,,,,,,,,,,,0,6.189311504364014,-29,0,True,True,False,"A:1,B:1,ESTOP:0,MODE:1",,,,36.967603145,127.87270717333334,122.752,2,10.240000000000002,-0.01301698132391008,-0.012236360774967033,0.47860826958958635,0.8778467713403403,0.0073129295658562405,0.014067353771074298,0.18982200944690328,0.04903325,-0.0784532,9.845876599999999
1786689778.022400,82.537,0.0,-29.0,0,0,,,,,,,,,,,,,,,,,,,,,,,,,,,0,6.066620826721191,-30,0,True,True,False,"A:1,B:1,ESTOP:0,MODE:1",,,,36.967603145,127.87270717333334,122.752,2,10.240000000000002,-0.012654403324399337,-0.011935587356354574,0.4820828733135995,0.8759529160226971,0.007696902001294993,-0.03466223894460738,0.17425367251911386,0.25497289999999995,-1.0002783,9.46341725
1786689778.072443,82.587,0.0,-29.0,0,0,,,,,,,,,,,,,,,,,,,,,,,,,,,0,6.159755706787109,-30,0,True,True,False,"A:1,B:1,ESTOP:0,MODE:1",,,,36.967603145,127.87270717333334,122.752,2,10.240000000000002,-0.012681367231803381,-0.011599571993370496,0.4856411196858277,0.8739893224319154,-0.007906341511534314,-0.027244589623631483,0.14664256375256354,-0.8041453,-0.06864655,9.60071035
1786689778.122341,82.636,0.0,-29.0,0,0,,,,,,,,,,,,,,,,,,,,,,,,,,,0,6.263516426086426,-30,0,True,True,False,"A:1,B:1,ESTOP:0,MODE:1",,,,36.967602758333335,127.87270845166667,122.76299999999999,2,10.240000000000002,-0.013332216723267818,-0.01140463974187105,0.4892938365622557,0.8719425025148105,-0.02590068609959585,0.0018500490071139892,0.13913764796898795,-0.04903325,0.21574629999999997,9.99297635
1786689778.172345,82.686,0.0,-29.0,0,0,,,,,,,,,,,,,,,,,,,,,,,,,,,0,6.404694080352783,-31,0,True,True,False,"A:1,B:1,ESTOP:0,MODE:1",,,,36.967602758333335,127.87270845166667,122.76299999999999,2,10.240000000000002,-0.013637334587363659,-0.011368713025812861,0.4929052015008998,0.8699018552703783,-0.02504547476611863,-0.0031066860685499066,0.1708502804777249,-0.5197524499999999,0.2745862,10.051816249999998
1786689778.222347,82.736,0.0,-29.0,0,0,,,,,,,,,,,,,,,,,,,,,,,,,,,0,6.368101119995117,-31,0,True,True,False,"A:1,B:1,ESTOP:0,MODE:1",,,,36.967602758333335,127.87270845166667,122.76299999999999,2,10.240000000000002,-0.0133804384033052,-0.011405200856267117,0.49648485222290784,0.8678673151898053,-0.002286381320112572,0.04194026192542374,0.18755308141931065,-0.35303939999999995,-0.6864655000000001,9.649743599999999
1786689778.272326,82.786,0.0,-29.0,0,0,,,,,,,,,,,,,,,,,,,,,,,,,,,0,6.326724052429199,-31,0,True,True,False,"A:1,B:1,ESTOP:0,MODE:1",,,,36.967602758333335,127.87270845166667,122.76299999999999,2,10.240000000000002,-0.013435726694130568,-0.010532743507787979,0.500111125458266,0.8657929341102677,0.016249015336067207,0.01731366617978375,0.15634659439365203,-0.02941995,-0.6080123,9.7085835
1786689778.322336,82.836,0.0,-29.0,0,0,,,,,,,,,,,,,,,,,,,,,,,,,,,0,6.352507591247559,-31,0,True,True,False,"A:1,B:1,ESTOP:0,MODE:1",,,,36.967602508333336,127.872709755,122.771,2,10.240000000000002,-0.013477796200218366,-0.01057934750238581,0.5037635902599533,0.8636716225188895,-0.017924531417981764,0.02336995868420407,0.1685464458650924,-0.00980665,-0.22555294999999997,10.189109349999999
1786689778.372424,82.887,0.0,-30.0,0,0,,,,,,,,,,,,,,,,,,,,,,,,,,,0,6.263844013214111,-31,0,True,True,False,"A:1,B:1,ESTOP:0,MODE:1",,,,36.967602508333336,127.872709755,122.771,2,10.240000000000002,-0.0135539888418992,-0.01065473343217107,0.5073162345136677,0.8615874907639018,0.022584560520806624,0.03904301536711315,0.19453439842728798,-0.0392266,-0.8825985,9.69877685
1786689778.422409,82.937,0.0,-30.0,0,0,,,,,,,,,,,,,,,,,,,,,,,,,,,0,6.241975784301758,-31,0,True,True,False,"A:1,B:1,ESTOP:0,MODE:1",,,,36.967602508333336,127.872709755,122.771,2,10.240000000000002,-0.013689788012703315,-0.010562016218450456,0.510795895199184,0.8595281187751991,0.02214822820780804,-0.008045967851693859,0.13789846420007199,0.0196133,-0.4903325,10.002782999999999
1786689778.472412,82.987,0.0,-30.0,0,0,,,,,,,,,,,,,,,,,,,,,,,,,,,0,6.2639479637146,-31,0,True,True,False,"A:1,B:1,ESTOP:0,MODE:1",,,,36.967602508333336,127.872709755,122.771,2,10.240000000000002,-0.01378260564006435,-0.010424914702293488,0.5143130061440712,0.8574284183803736,-0.011449359893082803,0.003159045946109736,0.180676484166453,-0.21574629999999997,-0.30400615,9.99297635
1786689778.522450,83.037,0.0,-30.0,0,0,,,,,,,,,,,,,,,,,,,,,,,,,,,0,6.198371887207031,-31,0,True,True,False,"A:1,B:1,ESTOP:0,MODE:1",,,,36.967602285,127.87271105166667,122.776,2,10.240000000000002,-0.013885193873013391,-0.01096578053824325,0.5177562831378576,0.8553451843083977,0.0011344640137963143,-0.018011797880581482,0.15985470619016065,0.25497289999999995,-0.67665885,9.7870367
1786689778.572460,83.087,0.0,-31.0,0,0,,,,,,,,,,,,,,,,,,,,,,,,,,,0,6.2276291847229,-31,0,True,True,False,"A:1,B:1,ESTOP:0,MODE:1",,,,36.967602285,127.87271105166667,122.776,2,10.240000000000002,-0.01404339078385148,-0.0110748996111303,0.5212440170372084,0.8532202555476575,-0.01918116847941768,0.002478367537831948,0.1753532299478703,-0.36284605,-0.32361945,10.2577559
1786689778.622430,83.137,0.0,-31.0,0,0,,,,,,,,,,,,,,,,,,,,,,,,,,,0,6.24388313293457,-31,0,True,True,False,"A:1,B:1,ESTOP:0,MODE:1",,,,36.967602285,127.87271105166667,122.776,2,10.240000000000002,-0.014111878049065135,-0.010798595485757045,0.5245672102735099,0.8511835801631339,-0.0045553093477052,0.004939281783143952,0.1407258975883028,-0.38245935,-0.38245935,9.71839015
1786689778.672441,83.187,0.0,-31.0,0,0,,,,,,,,,,,,,,,,,,,,,,,,,,,0,6.302896976470947,-31,0,True,True,False,"A:1,B:1,ESTOP:0,MODE:1",,,,36.967602285,127.87271105166667,122.776,2,10.240000000000002,-0.01420207406110524,-0.010937719977313902,0.5279559040919595,0.8490825817954943,-0.05693264020005503,0.0020594885173533086,0.16833700635485307,-0.43149259999999995,-0.16671305,10.0420096
1786689778.722396,83.237,0.0,-31.0,0,0,,,,,,,,,,,,,,,,,,,,,,,,,,,0,6.33857536315918,-31,0,True,True,False,"A:1,B:1,ESTOP:0,MODE:1",,,,36.967602158333335,127.87271211833334,122.77799999999999,2,10.240000000000002,-0.015076156644031688,-0.011517969621352002,0.5313045641349378,0.8469684209024737,-0.03560471674068432,0.020472712125893487,0.13292427583188812,0.4216859499999999,-0.0784532,10.130269449999998
1786689778.772441,83.287,0.0,-31.0,0,0,,,,,,,,,,,,,,,,,,,,,,,,,,,0,6.309576988220215,-31,0,True,True,False,"A:1,B:1,ESTOP:0,MODE:1",,,,36.967602158333335,127.87271211833334,122.77799999999999,2,10.240000000000002,-0.015169083063114803,-0.011097469415647473,0.5346655905140106,0.8448546924838007,-0.020577431881013145,0.014119713648634126,0.15268140296446395,-0.45110589999999995,-0.6668522,9.5320638
1786689778.822441,83.337,0.0,-31.0,0,0,,,,,,,,,,,,,,,,,,,,,,,,,,,0,6.4275007247924805,-31,0,True,True,False,"A:1,B:1,ESTOP:0,MODE:1",,,,36.967602158333335,127.87271211833334,122.77799999999999,2,10.240000000000002,-0.015134303326104446,-0.011078283741266697,0.5379218965138929,0.8427860094609296,-0.004328416544945937,0.021781709064889233,0.164671814925665,0.35303939999999995,0.38245935,9.747810099999999
1786689778.872459,83.387,0.0,-31.0,0,0,,,,,,,,,,,,,,,,,,,,,,,,,,,0,6.501729488372803,-31,0,True,True,False,"A:1,B:1,ESTOP:0,MODE:1",,,,36.967602158333335,127.87271211833334,122.77799999999999,2,10.240000000000002,-0.01550209368949968,-0.010724478636968087,0.5411031964355715,0.8407449086711227,0.022287854547967587,-0.03429571980168858,0.1324704902263696,-0.38245935,-0.06864655,10.306789149999998
1786689778.922432,83.437,0.0,-31.0,0,0,,,,,,,,,,,,,,,,,,,,,,,,,,,0,6.5527567863464355,-31,0,True,True,False,"A:1,B:1,ESTOP:0,MODE:1",,,,36.967602123333336,127.87271322166667,122.78099999999999,2,10.240000000000002,-0.015338718318279078,-0.01061953219538511,0.544257413971983,0.8387108062931068,-0.06752678875966062,0.019408061282176946,0.12805480721882395,-0.06864655,-0.1176798,10.208722649999999
1786689778.972437,83.487,0.0,-31.0,0,0,,,,,,,,,,,,,,,,,,,,,,,,,,,0,6.680727958679199,-31,0,True,True,False,"A:1,B:1,ESTOP:0,MODE:1",,,,36.967602123333336,127.87271322166667,122.78099999999999,2,10.240000000000002,-0.01612831674645589,-0.009934922281415036,0.5473271087624721,0.8367043747536529,0.043807764225057666,-0.0025132741228718345,0.12986994964089807,0.14709974999999997,0.392266,9.7870367
1786689779.022390,83.537,0.0,-31.0,0,0,,,,,,,,,,,,,,,,,,,,,,,,,,,0,6.708316326141357,-31,0,True,True,False,"A:1,B:1,ESTOP:0,MODE:1",,,,36.967602123333336,127.87271322166667,122.78099999999999,2,10.240000000000002,-0.016305034736799718,-0.009828908999589275,0.5502984669002043,0.8347509423279463,-0.04174827570770436,-0.008883725892651137,0.1641482161500667,-0.7453053999999999,-0.40207265,9.875296549999998
1786689779.072449,83.587,0.0,-31.0,0,0,,,,,,,,,,,,,,,,,,,,,,,,,,,0,6.627509117126465,-31,0,True,True,False,"A:1,B:1,ESTOP:0,MODE:1",,,,36.967602123333336,127.87271322166667,122.78099999999999,2,10.240000000000002,-0.016348516990886686,-0.009799938110051323,0.5531596384532839,0.8328571915949758,-0.014590952546672595,0.018256143975860686,0.19013616871226227,-0.196133,-0.8825985,9.63993695
1786689779.122433,83.637,0.0,-31.0,0,0,,,,,,,,,,,,,,,,,,,,,,,,,,,0,6.718307018280029,-31,0,True,True,False,"A:1,B:1,ESTOP:0,MODE:1",,,,36.967602065,127.87271425833333,122.782,2,10.240000000000002,-0.016247030868706283,-0.009769000256600031,0.5560287872351017,0.8309468023813557,0.004468042885105484,-0.01054178868204575,0.11653563415566137,0.20593965,0.21574629999999997,9.306510849999999
1786689779.172429,83.687,0.0,-31.0,0,0,,,,,,,,,,,,,,,,,,,,,,,,,,,0,6.734328269958496,-31,0,True,True,False,"A:1,B:1,ESTOP:0,MODE:1",,,,36.967602065,127.87271425833333,122.782,2,10.240000000000002,-0.016983645955938396,-0.010336917080462733,0.5589890969617218,0.8289366039651245,0.013753194505715317,-0.008325220532012952,0.11091567396423965,0.45110589999999995,-0.22555294999999997,10.3362091
1786689779.222422,83.737,0.0,-31.0,0,0,,,,,,,,,,,,,,,,,,,,,,,,,,,0,6.863208770751953,-31,0,True,True,False,"A:1,B:1,ESTOP:0,MODE:1",,,,36.967602065,127.87271425833333,122.782,2,10.240000000000002,-0.01746042284912227,-0.009641706958711627,0.5620523170128817,0.8268611516217843,0.008970992355250854,0.028483773392547457,0.15858061583620478,-0.5982056499999999,0.22555294999999997,9.7085835
1786689779.272324,83.786,0.0,-31.0,0,0,,,,,,,,,,,,,,,,,,,,,,,,,,,0,6.808186054229736,-31,0,True,True,False,"A:1,B:1,ESTOP:0,MODE:1",,,,36.96760213333334,127.87271530333334,122.789,2,10.240000000000002,-0.01758784995138596,-0.009838383592545434,0.5650768233932362,0.8247921298158601,-0.05551892350593962,-0.021205750411731106,0.17882643515933902,-0.46091255,-0.7943386499999999,9.60071035
1786689779.322415,83.837,0.0,-32.0,0,0,,,,,,,,,,,,,,,,,,,,,,,,,,,0,6.689101696014404,-31,0,True,True,False,"A:1,B:1,ESTOP:0,MODE:1",,,,36.96760213333334,127.87271530333334,122.789,2,10.240000000000002,-0.018135336670302482,-0.010270038086987975,0.5679602631702181,0.8227920608155888,0.013648474750595658,0.014294246573833559,0.14732324216084136,0.1372931,-1.0591182,9.7870367
1786689779.372636,83.887,0.0,-32.0,0,0,,,,,,,,,,,,,,,,,,,,,,,,,,,0,6.834432125091553,-31,0,True,True,False,"A:1,B:1,ESTOP:0,MODE:1",,,,36.96760213333334,127.87271530333334,122.789,2,10.240000000000002,-0.018348616702411388,-0.010326397453324247,0.5708435132026055,0.8207888749338961,0.016667894356545847,-0.013386675362796507,0.0917519587773419,0.0784532,0.44129925,9.561483749999999
1786689779.422482,83.937,0.0,-32.0,0,0,,,,,,,,,,,,,,,,,,,,,,,,,,,0,6.8113322257995605,-31,0,True,True,False,"A:1,B:1,ESTOP:0,MODE:1",,,,36.96760213333334,127.87271530333334,122.789,2,10.240000000000002,-0.01926838527048425,-0.010562043554654777,0.5737811542098,0.818713844782588,-0.031241393610698498,0.0035081117965086025,0.13393656679804486,-0.22555294999999997,-0.6080123,9.953749749999998
1786689779.472453,83.987,0.0,-32.0,0,0,,,,,,,,,,,,,,,,,,,,,,,,,,,0,6.812407493591309,-31,0,True,True,False,"A:1,B:1,ESTOP:0,MODE:1",,,,36.96760213333334,127.87271530333334,122.789,2,10.240000000000002,-0.01924619425207481,-0.01048667532239433,0.5765313313404731,0.8167810218352748,0.0,-0.0209614043164519,0.1731541150903574,-0.10787314999999999,-0.45110589999999995,10.071429549999998
1786689779.522392,84.037,0.0,-32.0,0,0,,,,,,,,,,,,,,,,,,,,,,,,,,,0,6.862160682678223,-31,0,True,True,False,"A:1,B:1,ESTOP:0,MODE:1",,,,36.96760208,127.87271630333333,122.791,2,10.240000000000002,-0.01856075480582761,-0.009854734573549497,0.5793203819897551,0.81482898671977,0.06227334771115768,-0.015289084247470327,0.09306095571633764,-0.18632634999999997,-0.16671305,9.99297635
1786689779.572423,84.087,0.0,-32.0,0,0,,,,,,,,,,,,,,,,,,,,,,,,,,,0,6.985522270202637,-31,0,True,True,False,"A:1,B:1,ESTOP:0,MODE:1",,,,36.96760208,127.87271630333333,122.791,2,10.240000000000002,-0.01904089668772522,-0.009378747377411886,0.5819229779126163,0.812966869637546,0.06021385919380437,0.048031461014883946,0.14128440294894098,0.1372931,0.3334261,9.414383999999998
1786689779.622409,84.137,0.0,-32.0,0,0,,,,,,,,,,,,,,,,,,,,,,,,,,,0,7.035200595855713,-31,0,True,True,False,"A:1,B:1,ESTOP:0,MODE:1",,,,36.96760208,127.87271630333333,122.791,2,10.240000000000002,-0.019138501665108776,-0.009262206982219634,0.5845056787584649,0.8111109916496875,0.0018500490071139892,0.039112828537192924,0.1271472360077869,-0.40207265,-0.16671305,9.18883105
1786689779.672449,84.187,0.0,-32.0,0,0,,,,,,,,,,,,,,,,,,,,,,,,,,,0,6.9782328605651855,-31,0,True,True,False,"A:1,B:1,ESTOP:0,MODE:1",,,,36.96760208,127.87271630333333,122.791,2,10.240000000000002,-0.019290564015704302,-0.009251248773147435,0.5871230698800017,0.8092149216066001,-0.015638150097869192,-0.011239920382843483,0.0987681823703591,-0.02941995,-0.7060787999999999,9.1790244
1786689779.722426,84.237,0.0,-32.0,0,0,,,,,,,,,,,,,,,,,,,,,,,,,,,0,7.161983013153076,-31,0,True,True,False,"A:1,B:1,ESTOP:0,MODE:1",,,,36.96760224,127.872717145,122.819,2,10.240000000000002,-0.019293364272628538,-0.009120429513748567,0.589708025344607,0.8073345209420275,-0.0003141592653589793,-0.04070107815650776,0.11512191746154597,-0.3334261,0.5883989999999999,9.5320638
1786689779.772432,84.287,0.0,-32.0,0,0,,,,,,,,,,,,,,,,,,,,,,,,,,,0,7.348906517028809,-31,0,True,True,False,"A:1,B:1,ESTOP:0,MODE:1",,,,36.96760224,127.872717145,122.819,2,10.240000000000002,-0.019442578000041205,-0.008997799525034796,0.5922447667609915,0.8054732534408815,0.03066543495754037,-0.00471238898038469,0.1207767842380076,0.2353596,0.7060787999999999,9.384964049999999
1786689779.822409,84.337,0.0,-32.0,0,0,,,,,,,,,,,,,,,,,,,,,,,,,,,0,7.448832988739014,-31,0,True,True,False,"A:1,B:1,ESTOP:0,MODE:1",,,,36.96760224,127.872717145,122.819,2,10.240000000000002,-0.019539252867712957,-0.008873186540584263,0.5945650966193972,0.8037610528259967,0.05054473513775578,-0.005934119456780721,0.10674433705197318,-0.4216859499999999,0.1176798,9.394770699999999
1786689779.872433,84.387,0.0,-32.0,0,0,,,,,,,,,,,,,,,,,,,,,,,,,,,0,7.539540767669678,-31,0,True,True,False,"A:1,B:1,ESTOP:0,MODE:1",,,,36.96760224,127.872717145,122.819,2,10.240000000000002,-0.01960686435981785,-0.008716504204276818,0.5968949464209621,0.80203242849747,0.0722391777400453,0.01551597705022959,0.11501719770642631,-0.43149259999999995,0.0588399,9.5320638
1786689779.922470,84.437,0.0,-32.0,0,0,,,,,,,,,,,,,,,,,,,,,,,,,,,0,7.472411632537842,-30,0,True,True,False,"A:1,B:1,ESTOP:0,MODE:1",,,,36.967602228333334,127.87271787666667,122.839,2,10.240000000000002,-0.019764397808050897,-0.008747626206436532,0.5992447379691864,0.8002740728221044,0.0030019663134302466,0.030351275692181393,0.13430308594096366,-0.3138128,-0.83356525,10.032202949999999
1786689779.972471,84.487,0.0,-32.0,0,0,,,,,,,,,,,,,,,,,,,,,,,,,,,0,7.580929279327393,-31,0,True,True,False,"A:1,B:1,ESTOP:0,MODE:1",,,,36.967602228333334,127.87271787666667,122.839,2,10.240000000000002,-0.01965695010957692,-0.00873825421944735,0.6014153801531708,0.7986468479502082,-0.025429447201557383,-0.05061454830783556,0.12112585008840648,0.196133,0.2353596,9.855683249999998
1786689780.022431,84.537,0.0,-32.0,0,0,,,,,,,,,,,,,,,,,,,,,,,,,,,0,7.60809326171875,-31,0,True,True,False,"A:1,B:1,ESTOP:0,MODE:1",,,,36.967602228333334,127.87271787666667,122.839,2,10.240000000000002,-0.019074714686676826,-0.008936177650975834,0.6035289087827398,0.7970628308057826,0.005044001538263612,-0.033719761148530446,0.09091420073638462,-1.1866046499999998,-0.392266,9.46341725
1786689780.072447,84.587,0.0,-32.0,0,0,,,,,,,,,,,,,,,,,,,,,,,,,,,0,7.483675479888916,-31,0,True,True,False,"A:1,B:1,ESTOP:0,MODE:1",,,,36.967602228333334,127.87271787666667,122.839,2,10.240000000000002,-0.018565775190646068,-0.0088614774895588,0.6057330645884927,0.7954019365531525,0.0342259066316088,0.08040731863937876,0.12154472910888511,-0.32361945,-1.1375714,9.894909849999998
1786689780.122384,84.637,0.0,-32.0,0,0,,,,,,,,,,,,,,,,,,,,,,,,,,,0,7.486814022064209,-31,0,True,True,False,"A:1,B:1,ESTOP:0,MODE:1",,,,36.96760231,127.87271864,122.86,2,10.240000000000002,-0.01844623253290192,-0.008993710436379152,0.6079227644657753,0.793730912918363,-0.04878195259324151,-0.08143706289805543,0.1158549557473836,0.6962721499999999,-0.25497289999999995,9.44380395
1786689780.172456,84.687,0.0,-32.0,0,0,,,,,,,,,,,,,,,,,,,,,,,,,,,0,7.539907455444336,-31,0,True,True,False,"A:1,B:1,ESTOP:0,MODE:1",,,,36.96760231,127.87271864,122.86,2,10.240000000000002,-0.018578413313418203,-0.008811549741805886,0.610064759876687,0.7920847100572663,0.05738642580557355,0.042708206796301246,0.10042624515975371,-1.2552512,-0.26477955,9.914523149999999
1786689780.222702,84.737,0.0,-25.0,0,0,,,,,,,,,,,,,,,,,,,,,,,,,,,0,7.577279567718506,-31,0,True,True,False,"A:1,B:1,ESTOP:0,MODE:1",,,,36.96760231,127.87271864,122.86,2,10.240000000000002,-0.018482970484754814,-0.0089248813509827,0.6121145282451378,0.7905027075261432,-0.07700392659798982,-0.027192229746071654,0.08201302155121354,0.12748644999999997,-0.1569064,9.875296549999998
1786689780.272458,84.787,0.0,-19.0,0,0,,,,,,,,,,,,,,,,,,,,,,,,,,,0,7.618778228759766,-30,0,True,True,False,"A:1,B:1,ESTOP:0,MODE:1",,,,36.96760231,127.87271864,122.86,2,10.240000000000002,-0.018548065913935905,-0.008773242153015864,0.6140750204595713,0.7889809051685306,0.0671602696167418,0.050352748920036404,0.10922270458980514,-0.0588399,-0.14709974999999997,9.60071035
1786689780.322422,84.837,0.0,-16.0,0,0,,,,,,,,,,,,,,,,,,,,,,,,,,,0,7.62526273727417,-30,0,True,True,False,"A:1,B:1,ESTOP:0,MODE:1",,,,36.96760237,127.87271927,122.88,2,10.240000000000002,-0.018639284033770437,-0.008674529463337285,0.6160171495081667,0.7874644126188376,-0.07120943348136864,-0.02956587752878394,0.09532988374393027,-1.63771055,-0.55897905,9.07115125
1786689780.372437,84.887,0.0,-14.0,0,0,,,,,,,,,,,,,,,,,,,,,,,,,,,0,7.558140754699707,-30,0,True,True,False,"A:1,B:1,ESTOP:0,MODE:1",,,,36.96760237,127.87271927,122.88,2,10.240000000000002,-0.019690290804797256,-0.008091547056389856,0.6180875231143494,0.7858209930287083,-0.09154251926710259,-0.09955358053375656,0.08892452538911108,2.5693422999999997,-0.45110589999999995,10.385242349999999
1786689780.422398,84.937,0.0,-12.0,0,0,,,,,,,,,,,,,,,,,,,,,,,,,,,0,7.660362243652344,-28,0,True,True,False,"A:1,B:1,ESTOP:0,MODE:1",,,,36.96760237,127.87271927,122.88,2,10.240000000000002,-0.019929848088957657,-0.007714165625926015,0.6201150540531215,0.7842197476093936,0.043406338497098976,0.11393509357018983,0.10951941056264418,1.2748645,0.26477955,10.208722649999999
1786689780.472546,84.987,0.0,-9.0,0,0,,,,,,,,,,,,,,,,,,,,,,,,,,,0,7.6518778800964355,-26,0,True,True,False,"A:1,B:1,ESTOP:0,MODE:1",,,,36.96760237,127.87271927,122.88,2,10.240000000000002,-0.0202650372347371,-0.007468118227253189,0.6218017469111157,0.7828768377045672,0.056618480934696055,0.06462954220135002,0.08201302155121354,-0.50013915,-0.48052585,10.0420096
1786689780.522415,85.037,0.0,-8.0,0,0,,,,,,,,,,,,,,,,,,,,,,,,,,,0,7.750003337860107,-23,0,True,True,False,"A:1,B:1,ESTOP:0,MODE:1",,,,36.967602516666666,127.87271987166666,122.89999999999999,2,10.240000000000002,-0.019802069114930827,-0.00682261839274745,0.623216572429885,0.78176878537441,0.07154104603924757,0.07222172444752535,0.06834709350809795,-1.5886772999999998,0.0392266,10.130269449999998
1786689780.572452,85.087,0.0,-4.0,0,0,,,,,,,,,,,,,,,,,,,,,,,,,,,0,7.5618062019348145,-21,0,True,True,False,"A:1,B:1,ESTOP:0,MODE:1",,,,36.967602516666666,127.87271987166666,122.89999999999999,2,10.240000000000002,-0.020003006250782867,-0.007093398754989344,0.6245432257906195,0.7807018141096388,-0.013473941825396225,-0.026895523773232618,0.05143485305627289,-0.25497289999999995,-1.4709975,10.3558224
1786689780.622388,85.137,0.0,-2.0,0,0,,,,,,,,,,,,,,,,,,,,,,,,,,,0,7.397069931030273,-18,0,True,True,False,"A:1,B:1,ESTOP:0,MODE:1",,,,36.967602516666666,127.87271987166666,122.89999999999999,2,10.240000000000002,-0.019994762409819202,-0.006981725617573209,0.625770666606173,0.7797195250850407,-0.11988666631949049,-0.09257226352577924,0.05948082090796675,-0.5197524499999999,-1.36312435,10.1204628
1786689780.672426,85.187,0.0,-2.0,0,0,,,,,,,,,,,,,,,,,,,,,,,,,,,0,7.481622219085693,-16,0,True,True,False,"A:1,B:1,ESTOP:0,MODE:1",,,,36.967602516666666,127.87271987166666,122.89999999999999,2,10.240000000000002,-0.020007179659484058,-0.007053029503420645,0.6269533979305563,0.7787678757885602,-0.036931166972200016,0.014713125594312197,0.06468190207890985,1.1571847,0.20593965,9.3359308
1786689780.722377,85.236,0.0,-1.0,0,0,,,,,,,,,,,,,,,,,,,,,,,,,,,0,7.629624843597412,-13,0,True,True,False,"A:1,B:1,ESTOP:0,MODE:1",,,,36.967602658333334,127.872719895,122.953,2,10.240000000000002,-0.020202563994144954,-0.0071304603465943235,0.6279175656228074,0.777984925127496,0.03214896482173555,-0.052935836212988016,0.003420845333908886,1.6965504499999997,0.48052585,10.3558224
1786689780.772557,85.287,0.0,-1.0,0,0,,,,,,,,,,,,,,,,,,,,,,,,,,,0,7.663793563842773,-11,0,True,True,False,"A:1,B:1,ESTOP:0,MODE:1",,,,36.967602658333334,127.872719895,122.953,2,10.240000000000002,-0.020103626057220124,-0.0070576713670082525,0.6288076651595622,0.7772689069625819,0.013072516097437528,-0.027035150113392165,0.05469861875750229,0.97085835,-0.18632634999999997,9.52225715
1786689780.822418,85.337,0.0,-1.0,0,0,,,,,,,,,,,,,,,,,,,,,,,,,,,0,7.896969318389893,-8,0,True,True,False,"A:1,B:1,ESTOP:0,MODE:1",,,,36.967602658333334,127.872719895,122.953,2,10.240000000000002,-0.020498691807671703,-0.007701966462187467,0.6294303547498254,0.776748293764652,0.027419122548830915,-0.01630137521362704,-0.016179202165987436,2.3437893499999998,0.7649187,10.6892485
1786689780.872429,85.387,0.0,-1.0,0,0,,,,,,,,,,,,,,,,,,,,,,,,,,,0,8.009477615356445,-7,0,True,True,False,"A:1,B:1,ESTOP:0,MODE:1",,,,36.967602658333334,127.872719895,122.953,2,10.240000000000002,-0.020790465713485903,-0.007404056443426918,0.629895896105331,0.7763659553028205,0.0004014257279586958,0.03724532623755899,0.0671602696167418,0.9120184499999999,0.1372931,9.9635564
1786689780.922434,85.437,0.0,-1.0,0,0,,,,,,,,,,,,,,,,,,,,,,,,,,,0,8.064055442810059,-5,0,True,True,False,"A:1,B:1,ESTOP:0,MODE:1",,,,36.96760278666667,127.87272012666666,122.99799999999999,2,10.240000000000002,-0.021343981240196104,-0.007586434642417133,0.6302940288875046,0.7760259774150554,-0.0308399678827398,-0.0003141592653589793,0.054471725954743026,0.2745862,-0.1569064,9.9439431
1786689780.972419,85.487,0.0,-1.0,0,0,,,,,,,,,,,,,,,,,,,,,,,,,,,0,7.960121154785156,-4,0,True,True,False,"A:1,B:1,ESTOP:0,MODE:1",,,,36.96760278666667,127.87272012666666,122.99799999999999,2,10.240000000000002,-0.021543715417035744,-0.0077062915305288375,0.6306787427718312,0.775706648684036,-0.007609635538695277,0.02410299697004169,0.01223475805648025,0.5883989999999999,-1.08853815,9.9439431
1786689781.022399,85.537,0.0,-1.0,0,0,,,,,,,,,,,,,,,,,,,,,,,,,,,0,7.848419189453125,-2,0,True,True,False,"A:1,B:1,ESTOP:0,MODE:1",,,,36.96760278666667,127.87272012666666,122.99799999999999,2,10.240000000000002,-0.021530982177627576,-0.007615421029755283,0.6309440748750358,0.7754920996045617,0.06543239365726741,0.13318607521968728,0.03038618227722128,-0.7943386499999999,-0.9610517,9.571290399999999
1786689781.072461,85.587,0.0,-1.0,0,0,,,,,,,,,,,,,,,,,,,,,,,,,,,0,7.8028717041015625,-2,0,True,True,False,"A:1,B:1,ESTOP:0,MODE:1",,,,36.96760278666667,127.87272012666666,122.99799999999999,2,10.240000000000002,-0.023160014868723072,-0.005503791344362222,0.6311023974720829,0.7753341769179966,0.039269908169872414,0.030159289474462014,-0.01583013631558857,-3.04986815,-0.44129925,9.296704199999999
1786689781.122363,85.636,0.0,-2.0,0,0,,,,,,,,,,,,,,,,,,,,,,,,,,,0,7.674002170562744,-1,0,True,True,False,"A:1,B:1,ESTOP:0,MODE:1",,,,36.967602871666664,127.87272021666666,123.03399999999999,2,10.240000000000002,-0.02273268597756381,-0.005878774818303061,0.6311784162178605,0.7752821885582013,-0.04230678106834255,-0.06942919764433443,0.0066322511575784525,-0.93163175,-1.0983448,9.571290399999999
1786689781.172436,85.687,0.0,-2.0,0,0,,,,,,,,,,,,,,,,,,,,,,,,,,,0,7.486045837402344,-2,0,True,True,False,"A:1,B:1,ESTOP:0,MODE:1",,,,36.967602871666664,127.87272021666666,123.03399999999999,2,10.240000000000002,-0.022399653964746215,-0.006027466676969326,0.6312775210079229,0.7752100467730079,-0.05215043804959057,-0.03666936758440086,-0.0008377580409572782,0.7943386499999999,-1.5004174499999998,9.875296549999998
1786689781.222374,85.736,0.0,-2.0,0,0,,,,,,,,,,,,,,,,,,,,,,,,,,,0,7.489963054656982,-1,0,True,True,False,"A:1,B:1,ESTOP:0,MODE:1",,,,36.967602871666664,127.87272021666666,123.03399999999999,2,10.240000000000002,-0.022487867579238964,-0.0056314806855108455,0.6314176392966967,0.7750963469285699,0.014259339988793671,0.0074176493209759005,-0.005044001538263612,0.7649187,-0.46091255,10.1204628
1786689781.272432,85.787,0.0,-2.0,0,0,,,,,,,,,,,,,,,,,,,,,,,,,,,0,7.512660026550293,-1,0,True,True,False,"A:1,B:1,ESTOP:0,MODE:1",,,,36.967602871666664,127.87272021666666,123.03399999999999,2,10.240000000000002,-0.022621214547324235,-0.005857178202870785,0.6315438531937078,0.7749879583639661,0.013648474750595658,-0.009651670763528642,-0.020996310901491785,-0.16671305,-0.28439285,9.60071035
1786689781.322392,85.837,0.0,-2.0,0,0,,,,,,,,,,,,,,,,,,,,,,,,,,,0,7.695357322692871,-1,0,True,True,False,"A:1,B:1,ESTOP:0,MODE:1",,,,36.96760295666667,127.87272037333334,123.064,2,10.240000000000002,-0.022603970927076014,-0.005880235824099371,0.6316382610092677,0.7749113436736936,-0.014137166941154071,-0.038781215979314,0.0023911010752322315,0.29419949999999995,0.5687857,9.894909849999998
1786689781.372447,85.887,0.0,-2.0,0,0,,,,,,,,,,,,,,,,,,,,,,,,,,,0,7.822463035583496,-1,0,True,True,False,"A:1,B:1,ESTOP:0,MODE:1",,,,36.96760295666667,127.87272037333334,123.064,2,10.240000000000002,-0.02372734034226871,-0.004377458011320853,0.6316974397773139,0.7748394645088929,-0.0357967029584037,-0.049165925028680266,0.02816961412718848,0.34323275000000003,0.24516625,9.836069949999999
1786689781.422411,85.937,0.0,-2.0,0,0,,,,,,,,,,,,,,,,,,,,,,,,,,,0,7.780724048614502,-1,0,True,True,False,"A:1,B:1,ESTOP:0,MODE:1",,,,36.96760295666667,127.87272037333334,123.064,2,10.240000000000002,-0.02376119288657945,-0.004351636622887454,0.6317789347866706,0.7747721255512029,-0.049305551368839816,-0.07225663103256524,0.004223696789826277,-0.2745862,-0.6276256,9.52225715
1786689781.472435,85.987,0.0,-2.0,0,0,,,,,,,,,,,,,,,,,,,,,,,,,,,0,7.707704544067383,-1,0,True,True,False,"A:1,B:1,ESTOP:0,MODE:1",,,,36.96760295666667,127.87272037333334,123.064,2,10.240000000000002,-0.023727289307328463,-0.0043967752878470295,0.6319271939284941,0.7746519900464037,-0.052324970974790004,-0.08342673824532895,0.032882003107573166,-0.48052585,-0.77472535,9.24767095
1786689781.522466,86.037,0.0,-2.0,0,0,,,,,,,,,,,,,,,,,,,,,,,,,,,0,7.845337867736816,-1,0,True,True,False,"A:1,B:1,ESTOP:0,MODE:1",,,,36.96760295166666,127.872720515,123.092,2,10.240000000000002,-0.02365500689854927,-0.0043629402172931184,0.6320017382745928,0.7745935761540906,-0.07010987605261222,-0.12435470920459599,-0.0035953782591083188,-0.21574629999999997,0.37265269999999995,9.4339973
1786689781.572376,86.086,0.0,-2.0,0,0,,,,,,,,,,,,,,,,,,,,,,,,,,,0,8.00620174407959,-1,0,True,True,False,"A:1,B:1,ESTOP:0,MODE:1",,,,36.96760295166666,127.872720515,123.092,2,10.240000000000002,-0.023680674823232557,-0.004195308305524958,0.6320845512379776,0.7745261423053598,-0.03750712562535814,-0.1341634596008041,-0.003543018381548489,-1.3140911,0.5883989999999999,9.2770909
1786689781.622419,86.137,0.0,-2.0,0,0,,,,,,,,,,,,,,,,,,,,,,,,,,,0,8.030784606933594,-1,0,True,True,False,"A:1,B:1,ESTOP:0,MODE:1",,,,36.96760295166666,127.872720515,123.092,2,10.240000000000002,-0.023704066880446795,-0.004127148800190659,0.6321663816627427,0.7744590045648276,-0.04783947479716458,-0.12692034320502765,0.018186330805780915,-2.10842975,-0.1569064,8.79656505
1786689781.672439,86.187,0.0,-2.0,0,0,,,,,,,,,,,,,,,,,,,,,,,,,,,0,8.06901741027832,-2,0,True,True,False,"A:1,B:1,ESTOP:0,MODE:1",,,,36.96760295166666,127.872720515,123.092,2,10.240000000000002,-0.02384717189482971,-0.003952815324987438,0.6322156699712378,0.7744152854163224,0.0449073216538141,-0.0822748209390127,-0.005253441048502932,-4.2168595,-0.26477955,8.67888525
1786689781.722417,86.237,0.0,-2.0,0,0,,,,,,,,,,,,,,,,,,,,,,,,,,,0,8.09110164642334,-2,0,True,True,False,"A:1,B:1,ESTOP:0,MODE:1",,,,36.96760305666667,127.87272042833334,123.14,2,10.240000000000002,-0.02396523962920252,-0.003961717582084282,0.6322902308837267,0.774350718997741,0.11156144578747755,0.1023112007519076,0.010088003076527224,-3.97169325,-0.7060787999999999,9.5124505
1786689781.772459,86.287,0.0,-2.0,0,0,,,,,,,,,,,,,,,,,,,,,,,,,,,0,8.059139251708984,-2,0,True,True,False,"A:1,B:1,ESTOP:0,MODE:1",,,,36.96760305666667,127.87272042833334,123.14,2,10.240000000000002,-0.024030641321351985,-0.004187658334017403,0.6323896535228458,0.7742663094262962,0.04857251308300219,0.2312735791817686,-0.007138396640656807,-1.14737805,-0.7649187,10.2969825
1786689781.822384,86.337,0.0,-2.0,0,0,,,,,,,,,,,,,,,,,,,,,,,,,,,0,7.857945442199707,-1,0,True,True,False,"A:1,B:1,ESTOP:0,MODE:1",,,,36.96760305666667,127.87272042833334,123.14,2,10.240000000000002,-0.023841871275608998,-0.004477100279913776,0.6325080422429339,0.7741738159129202,0.014398966328953218,0.13334315485236678,-0.003159045946109736,2.36340265,-1.1571847,9.7870367
1786689781.872504,86.387,0.0,-2.0,0,0,,,,,,,,,,,,,,,,,,,,,,,,,,,0,7.835422992706299,-2,0,True,True,False,"A:1,B:1,ESTOP:0,MODE:1",,,,36.96760305666667,127.87272042833334,123.14,2,10.240000000000002,-0.023771078839873522,-0.004578900865655912,0.6325609256029777,0.774132188245622,0.032864549815053226,0.009896016858807848,0.0068591439603377154,2.8439284999999996,-0.28439285,10.012589649999999
1786689781.922471,86.437,0.0,-2.0,0,0,,,,,,,,,,,,,,,,,,,,,,,,,,,0,7.723191738128662,-2,0,True,True,False,"A:1,B:1,ESTOP:0,MODE:1",,,,36.967603153333336,127.872720295,123.178,2,10.240000000000002,-0.023827540541373492,-0.004470427631261634,0.632649984502821,0.7740583057477798,-0.04504694799397364,-0.08009315937401978,0.017662732030182614,1.6082906,-0.980665,9.79684335
1786689781.972377,86.486,0.0,-2.0,0,0,,,,,,,,,,,,,,,,,,,,,,,,,,,0,7.612135887145996,-2,0,True,True,False,"A:1,B:1,ESTOP:0,MODE:1",,,,36.967603153333336,127.872720295,123.178,2,10.240000000000002,-0.023216812086872905,-0.006901741172757895,0.6326476618483828,0.7740609030063986,-0.0715934059168074,-0.11100294042683936,0.008639379797371931,-0.0,-1.0395048999999998,9.5124505
1786689782.022393,86.537,0.0,-2.0,0,0,,,,,,,,,,,,,,,,,,,,,,,,,,,0,7.673234939575195,-2,0,True,True,False,"A:1,B:1,ESTOP:0,MODE:1",,,,36.967603153333336,127.872720295,123.178,2,10.240000000000002,-0.023336645348310366,-0.006617599331650552,0.6326786137098834,0.7740344825116728,-0.02787290815434944,-0.09313076888641743,0.034330626386728465,-2.08881645,-0.12748644999999997,9.3359308
1786689782.072375,86.586,0.0,-2.0,0,0,,,,,,,,,,,,,,,,,,,,,,,,,,,0,7.760143756866455,-2,0,True,True,False,"A:1,B:1,ESTOP:0,MODE:1",,,,36.967603153333336,127.872720295,123.178,2,10.240000000000002,-0.023488012294003897,-0.0064063035628305455,0.6327626724185405,0.7739629661339646,0.0045204027626653135,0.0046251225177849735,0.028431413514987628,-2.83412185,-0.1569064,9.69877685
1786689782.122469,86.637,0.0,-2.0,0,0,,,,,,,,,,,,,,,,,,,,,,,,,,,0,7.85782527923584,-2,0,True,True,False,"A:1,B:1,ESTOP:0,MODE:1",,,,36.967603213333334,127.87272032166666,123.215,2,10.240000000000002,-0.023727259225942248,-0.0062130334601906215,0.6329141882347658,0.7738333449238115,0.03368485456349056,0.0693768377667746,0.03429571980168858,-1.63771055,-0.06864655,9.826263299999999
1786689782.172484,86.687,0.0,-2.0,0,0,,,,,,,,,,,,,,,,,,,,,,,,,,,0,7.861485004425049,-2,0,True,True,False,"A:1,B:1,ESTOP:0,MODE:1",,,,36.967603213333334,127.87272032166666,123.215,2,10.240000000000002,-0.02374135594454066,-0.006114618250322997,0.6329897294291267,0.7737719056019083,0.04003785304074992,0.08007570608149985,-0.0010821041362364843,-0.45110589999999995,-0.43149259999999995,9.36535075
1786689782.222421,86.737,0.0,-2.0,0,0,,,,,,,,,,,,,,,,,,,,,,,,,,,0,7.92387580871582,-2,0,True,True,False,"A:1,B:1,ESTOP:0,MODE:1",,,,36.967603213333334,127.87272032166666,123.215,2,10.240000000000002,-0.0234478404623391,-0.007770924820245497,0.633041465468587,0.7737236680511165,-0.013910274138394808,0.00603883921190038,0.04366813788489812,0.28439285,-0.02941995,9.7085835
1786689782.272458,86.787,0.0,-2.0,0,0,,,,,,,,,,,,,,,,,,,,,,,,,,,0,7.856166839599609,-2,0,True,True,False,"A:1,B:1,ESTOP:0,MODE:1",,,,36.967603213333334,127.87272032166666,123.215,2,10.240000000000002,-0.02294453891450907,-0.00771341976244274,0.6331697598804104,0.7736343493295474,-0.033719761148530446,-0.06042329870404369,0.03738495257771854,0.5295591,-0.7256921,9.659550249999999
1786689782.322354,86.836,0.0,-2.0,0,0,,,,,,,,,,,,,,,,,,,,,,,,,,,0,7.68514347076416,-2,0,True,True,False,"A:1,B:1,ESTOP:0,MODE:1",,,,36.967603255,127.872720445,123.244,2,10.240000000000002,-0.022568663318025057,-0.006631332198121522,0.6332782293527695,0.7735666520068823,0.007592182246175334,-0.045273840796732905,-0.03413864016900908,0.4118793,-1.3140911,9.81645665
1786689782.372466,86.887,0.0,-2.0,0,0,,,,,,,,,,,,,,,,,,,,,,,,,,,0,7.795770168304443,-2,0,True,True,False,"A:1,B:1,ESTOP:0,MODE:1",,,,36.967603255,127.872720445,123.244,2,10.240000000000002,-0.02232128841259779,-0.0063978813151889065,0.633361734529728,0.7735074275220457,0.0032812189937493396,0.03073524812762014,0.03340560188317147,0.26477955,0.24516625,9.8654899
1786689782.422399,86.937,0.0,-2.0,0,0,,,,,,,,,,,,,,,,,,,,,,,,,,,0,7.68280029296875,-2,0,True,True,False,"A:1,B:1,ESTOP:0,MODE:1",,,,36.967603255,127.872720445,123.244,2,10.240000000000002,-0.022356597111603854,-0.007072704758253641,0.6334409463774138,0.7734356643351006,-0.017435839227423353,0.03221877799181533,0.054175019981903993,-0.6080123,-1.0983448,9.7281968
1786689782.472447,86.987,0.0,-2.0,0,0,,,,,,,,,,,,,,,,,,,,,,,,,,,0,7.627198696136475,-2,0,True,True,False,"A:1,B:1,ESTOP:0,MODE:1",,,,36.967603255,127.872720445,123.244,2,10.240000000000002,-0.02228482004788254,-0.006982533047844591,0.633509531991533,0.773382378842147,-0.06869615935849681,-0.08335692507524918,0.0020420352248333657,-0.46091255,-0.7256921,8.77695175
1786689782.522426,87.037,0.0,-2.0,0,0,,,,,,,,,,,,,,,,,,,,,,,,,,,0,7.52608585357666,-1,0,True,True,False,"A:1,B:1,ESTOP:0,MODE:1",,,,36.96760325166667,127.87272066333334,123.271,2,10.240000000000002,-0.02244451922760504,-0.007106265105065197,0.6336229430978493,0.773283719299015,0.15549138306017482,0.09649925434276647,0.016161748873467493,0.1176798,-0.99047165,10.385242349999999
1786689782.572417,87.087,0.0,-2.0,0,0,,,,,,,,,,,,,,,,,,,,,,,,,,,0,7.599815368652344,-2,0,True,True,False,"A:1,B:1,ESTOP:0,MODE:1",,,,36.96760325166667,127.87272066333334,123.271,2,10.240000000000002,-0.02250502653035092,-0.007102910270994531,0.6337175996603217,0.7732044207887785,-0.00020943951023931956,0.045954519205010695,0.0004363323129985824,0.26477955,-0.02941995,11.101127799999999
1786689782.622361,87.136,0.0,-2.0,0,0,,,,,,,,,,,,,,,,,,,,,,,,,,,0,7.53049373626709,-2,0,True,True,False,"A:1,B:1,ESTOP:0,MODE:1",,,,36.96760325166667,127.87272066333334,123.271,2,10.240000000000002,-0.022516058027181533,-0.007175538069340531,0.6339123840589567,0.77304374269573,-0.042568580456141696,-0.006440264939859076,-0.0019373154697137059,0.44129925,-0.8041453,10.806928300000001
1786689782.672419,87.187,0.0,-2.0,0,0,,,,,,,,,,,,,,,,,,,,,,,,,,,0,7.495471000671387,-2,0,True,True,False,"A:1,B:1,ESTOP:0,MODE:1",,,,36.96760325166667,127.87272066333334,123.271,2,10.240000000000002,-0.022802797741995035,-0.0072680171819578055,0.6340196053208903,0.7729465365794215,0.03282964323001334,0.02457423586808016,0.012112585008840646,-0.06864655,-0.6276256,9.8654899
1786689782.722446,87.237,0.0,-2.0,0,0,,,,,,,,,,,,,,,,,,,,,,,,,,,0,7.51248025894165,-2,0,True,True,False,"A:1,B:1,ESTOP:0,MODE:1",,,,36.967603088333334,127.87272107333334,123.27499999999999,2,10.240000000000002,-0.02265858563614206,-0.0073909427643720944,0.6341323905638078,0.7728570849127631,0.010978120995044333,-0.020507618710933373,-0.003735004599267865,-0.0784532,-0.32361945,9.5516771
1786689782.772437,87.287,0.0,-2.0,0,0,,,,,,,,,,,,,,,,,,,,,,,,,,,0,7.521666526794434,-2,0,True,True,False,"A:1,B:1,ESTOP:0,MODE:1",,,,36.967603088333334,127.87272107333334,123.27499999999999,2,10.240000000000002,-0.022897373308772694,-0.0075703959883312195,0.634292228914071,0.7727171330696365,0.009843656981248018,0.019669860669976093,0.01947787445225672,0.12748644999999997,-0.37265269999999995,9.8851032
1786689782.822401,87.337,0.0,-2.0,0,0,,,,,,,,,,,,,,,,,,,,,,,,,,,0,7.423664569854736,-2,0,True,True,False,"A:1,B:1,ESTOP:0,MODE:1",,,,36.967603088333334,127.87272107333334,123.27499999999999,2,10.240000000000002,-0.022722277910893797,-0.00763489128182756,0.634425943837945,0.7726118872415746,0.004921828490624009,-0.02633701841259443,0.0015533430342749533,-0.25497289999999995,-0.980665,9.502643849999998
1786689782.872459,87.387,0.0,-2.0,0,0,,,,,,,,,,,,,,,,,,,,,,,,,,,0,7.457551956176758,-2,0,True,True,False,"A:1,B:1,ESTOP:0,MODE:1",,,,36.967603088333334,127.87272107333334,123.27499999999999,2,10.240000000000002,-0.022446441924087544,-0.007437944662366236,0.6346170697660914,0.7724648917495525,-0.010716321607245184,-0.016615534478986015,0.02256710722828668,-0.1176798,-0.25497289999999995,10.0812362
1786689782.922391,87.437,0.0,-2.0,0,0,,,,,,,,,,,,,,,,,,,,,,,,,,,0,7.612716197967529,-2,0,True,True,False,"A:1,B:1,ESTOP:0,MODE:1",,,,36.967602865,127.87272179333333,123.28,2,10.240000000000002,-0.0222420514798185,-0.007401642425599687,0.6348195242008037,0.7723047834429344,0.09644689446520664,0.026860617188192732,0.010262536001726658,-0.16671305,0.46091255,9.394770699999999
1786689782.972486,87.487,0.0,-2.0,0,0,,,,,,,,,,,,,,,,,,,,,,,,,,,0,7.638862133026123,-2,0,True,True,False,"A:1,B:1,ESTOP:0,MODE:1",,,,36.967602865,127.87272179333333,123.28,2,10.240000000000002,-0.02229560819505272,-0.007462912416664534,0.6349805762417223,0.7721702393832621,-0.06592108584782583,-0.019198621771937627,0.00307177948351002,-0.14709974999999997,-0.26477955,9.326124149999998
1786689783.022471,87.537,0.0,-2.0,0,0,,,,,,,,,,,,,,,,,,,,,,,,,,,0,7.596248626708984,-2,0,True,True,False,"A:1,B:1,ESTOP:0,MODE:1",,,,36.967602865,127.87272179333333,123.28,2,10.240000000000002,-0.0223116886257252,-0.007005410089260473,0.6350878500109546,0.7720858343141734,-0.13280210278424853,-0.029932396671702752,0.0023911010752322315,-0.0392266,-0.6668522,10.0812362
1786689783.072456,87.587,0.0,-2.0,0,0,,,,,,,,,,,,,,,,,,,,,,,,,,,0,7.590785026550293,-2,0,True,True,False,"A:1,B:1,ESTOP:0,MODE:1",,,,36.967602865,127.87272179333333,123.28,2,10.240000000000002,-0.022469876005924996,-0.00692482836378661,0.6351970108231583,0.7719921689147727,-0.13571680263507907,-0.011187560505283653,-0.004206243497306334,0.40207265,-0.45110589999999995,10.4342756
1786689783.122357,87.636,0.0,-2.0,0,0,,,,,,,,,,,,,,,,,,,,,,,,,,,0,7.625539779663086,-1,0,True,True,False,"A:1,B:1,ESTOP:0,MODE:1",,,,36.967602735,127.87272226666667,123.28099999999999,2,10.240000000000002,-0.022478254986930523,-0.006903972210853414,0.6353657696148868,0.7718532256991202,-0.1241627229868766,-0.028728119487826664,0.009197885158010117,0.5982056499999999,-0.22555294999999997,10.3754357
1786689783.172436,87.687,0.0,-2.0,0,0,,,,,,,,,,,,,,,,,,,,,,,,,,,0,7.676782608032227,-1,0,True,True,False,"A:1,B:1,ESTOP:0,MODE:1",,,,36.967602735,127.87272226666667,123.28099999999999,2,10.240000000000002,-0.022317022006799404,-0.006855229301151344,0.6355008791810073,0.7717471016596974,-0.140045219180025,-0.0586954227445693,-0.004101523742186674,0.5883989999999999,-0.1176798,9.69877685
1786689783.222401,87.737,0.0,-2.0,0,0,,,,,,,,,,,,,,,,,,,,,,,,,,,0,7.5845417976379395,-2,0,True,True,False,"A:1,B:1,ESTOP:0,MODE:1",,,,36.967602735,127.87272226666667,123.28099999999999,2,10.240000000000002,-0.022233603134977485,-0.006711545096972162,0.6356170968833329,0.7716550577840149,-0.0770737397680696,-0.06326818538479445,0.02366666465704311,-0.3334261,-0.8924051499999999,8.81617835
1786689783.272442,87.787,0.0,-2.0,0,0,,,,,,,,,,,,,,,,,,,,,,,,,,,0,7.532350063323975,-1,0,True,True,False,"A:1,B:1,ESTOP:0,MODE:1",,,,36.967602735,127.87272226666667,123.28099999999999,2,10.240000000000002,-0.022186163815918147,-0.0067431913888641596,0.6356974496463892,0.7715899532900251,0.027244589623631483,-0.028780479365386493,-0.012950343049797926,-0.8727918499999999,-0.6962721499999999,9.01231135
1786689783.322435,87.837,0.0,-2.0,0,0,,,,,,,,,,,,,,,,,,,,,,,,,,,0,7.674710273742676,-1,0,True,True,False,"A:1,B:1,ESTOP:0,MODE:1",,,,36.967602575,127.87272287,123.283,2,10.240000000000002,-0.022003944875317726,-0.006664247598987384,0.6357924335843108,0.7715175925478323,0.02405063709248186,0.09358455449193595,0.03497639820996636,-0.08825984999999999,0.38245935,9.826263299999999
1786689783.372525,87.887,0.0,-2.0,0,0,,,,,,,,,,,,,,,,,,,,,,,,,,,0,7.669127464294434,-1,0,True,True,False,"A:1,B:1,ESTOP:0,MODE:1",,,,36.967602575,127.87272287,123.283,2,10.240000000000002,-0.021925113390116165,-0.006885040747045238,0.6358770557681221,0.7714481548130157,0.017924531417981764,-0.05089380098815465,-0.010786134777324957,0.9218251,-0.43149259999999995,9.875296549999998
1786689783.422418,87.937,0.0,-2.0,0,0,,,,,,,,,,,,,,,,,,,,,,,,,,,0,7.394172191619873,-2,0,True,True,False,"A:1,B:1,ESTOP:0,MODE:1",,,,36.967602575,127.87272287,123.283,2,10.240000000000002,-0.022630682345257128,-0.006442650984919348,0.6360185175893698,0.771314974409479,0.012164944886400476,0.004049163864626845,-0.0048345620280242935,-1.61809725,-1.9809433,9.62032365
1786689783.472438,87.987,0.0,-2.0,0,0,,,,,,,,,,,,,,,,,,,,,,,,,,,0,7.589639663696289,-2,0,True,True,False,"A:1,B:1,ESTOP:0,MODE:1",,,,36.967602575,127.87272287,123.283,2,10.240000000000002,-0.02256207815677153,-0.0066365628993863375,0.6360631164879278,0.7712785621977282,-0.02192133540504878,0.008848819307611252,0.0033335788713091696,1.6965504499999997,0.67665885,10.208722649999999
1786689783.522392,88.037,0.0,-2.0,0,0,,,,,,,,,,,,,,,,,,,,,,,,,,,0,7.304577350616455,-1,0,True,True,False,"A:1,B:1,ESTOP:0,MODE:1",,,,36.967602435,127.872723345,123.28399999999999,2,10.240000000000002,-0.022721248191608534,-0.0063085756785098545,0.6361886429178617,0.7711731046761505,0.028396506929947742,-0.05045746867515607,0.025499260371637154,-2.4614691499999997,-2.0201699,9.16921775
1786689783.572472,88.087,0.0,-2.0,0,0,,,,,,,,,,,,,,,,,,,,,,,,,,,0,7.411221027374268,-1,0,True,True,False,"A:1,B:1,ESTOP:0,MODE:1",,,,36.967602435,127.872723345,123.28399999999999,2,10.240000000000002,-0.02137756523134641,-0.0069651593784672075,0.6361983578950324,0.771197857667717,-0.009337511498169663,-0.00926769832808989,0.005864306286700947,0.9022117999999999,0.22555294999999997,9.77723005
1786689783.622420,88.137,0.0,-2.0,0,0,,,,,,,,,,,,,,,,,,,,,,,,,,,0,7.432523250579834,0,0,True,True,False,"A:1,B:1,ESTOP:0,MODE:1",,,,36.967602435,127.872723345,123.28399999999999,2,10.240000000000002,-0.021468891314959642,-0.006828210615100221,0.6362743035828187,0.7711338877560119,0.03570943649580398,0.018797196043978927,0.012897983172238095,-0.0,-0.29419949999999995,9.924329799999999
1786689783.672460,88.187,0.0,-2.0,0,0,,,,,,,,,,,,,,,,,,,,,,,,,,,0,7.442389488220215,0,0,True,True,False,"A:1,B:1,ESTOP:0,MODE:1",,,,36.967602435,127.872723345,123.28399999999999,2,10.240000000000002,-0.021495180593173117,-0.006729966976237117,0.636403480242573,0.7710274152654409,0.021415189921970425,-0.026040312439755398,-0.052953289505507956,-1.26505785,-0.38245935,9.561483749999999
1786689783.722431,88.237,0.0,-2.0,0,0,,,,,,,,,,,,,,,,,,,,,,,,,,,0,7.396017074584961,-1,0,True,True,False,"A:1,B:1,ESTOP:0,MODE:1",,,,36.96760222666666,127.87272375833334,123.26299999999999,2,10.240000000000002,-0.022131994209748453,-0.005179623347046143,0.6365839424349664,0.7708723828029109,-0.038624136346634516,-0.015917402778188285,0.0366868208769208,0.8825985,-0.61781895,9.669356899999999
1786689783.772433,88.287,0.0,-2.0,0,0,,,,,,,,,,,,,,,,,,,,,,,,,,,0,7.449728012084961,-2,0,True,True,False,"A:1,B:1,ESTOP:0,MODE:1",,,,36.96760222666666,127.87272375833334,123.26299999999999,2,10.240000000000002,-0.022122872827916248,-0.005149691839705317,0.636590966443273,0.7708670447065537,0.003246312408709453,0.0108035880698449,0.02892010570554604,0.2353596,-0.08825984999999999,9.6301303
1786689783.822497,88.337,0.0,-2.0,0,0,,,,,,,,,,,,,,,,,,,,,,,,,,,0,7.453660488128662,-1,0,True,True,False,"A:1,B:1,ESTOP:0,MODE:1",,,,36.96760222666666,127.87272375833334,123.26299999999999,2,10.240000000000002,-0.02213018807943112,-0.005170042438872326,0.6366782435898298,0.7707946156896262,0.021868975527488947,0.033719761148530446,-0.020629791758572973,0.0980665,-0.392266,10.1793027
1786689783.872438,88.387,0.0,-2.0,0,0,,,,,,,,,,,,,,,,,,,,,,,,,,,0,7.5507025718688965,-1,0,True,True,False,"A:1,B:1,ESTOP:0,MODE:1",,,,36.96760222666666,127.87272375833334,123.26299999999999,2,10.240000000000002,-0.022177843491139337,-0.00489370790385797,0.6367148094047893,0.7707648450504583,0.026145032194875056,0.04228932777582261,0.014172073526193957,-1.0198915999999998,0.1372931,9.71839015
1786689783.922424,88.437,0.0,-2.0,0,0,,,,,,,,,,,,,,,,,,,,,,,,,,,0,7.463637828826904,-2,0,True,True,False,"A:1,B:1,ESTOP:0,MODE:1",,,,36.96760201166666,127.872724215,123.23899999999999,2,10.240000000000002,-0.022090984755184968,-0.004836458742775451,0.6368094027569983,0.770689549442349,-0.03820525732615587,-0.029583330821303887,-0.0031764992386296795,-1.14737805,-0.8825985,9.198637699999999
1786689783.972426,88.487,0.0,-2.0,0,0,,,,,,,,,,,,,,,,,,,,,,,,,,,0,7.49813985824585,-2,0,True,True,False,"A:1,B:1,ESTOP:0,MODE:1",,,,36.96760201166666,127.872724215,123.23899999999999,2,10.240000000000002,-0.02202425150984587,-0.005125880229628455,0.6369543303892229,0.7705698142905153,-0.06846926655573755,-0.06972590361717347,0.002722713633111154,1.0198915999999998,-0.18632634999999997,10.24794925
1786689784.022345,88.536,0.0,-2.0,0,0,,,,,,,,,,,,,,,,,,,,,,,,,,,0,7.555749893188477,-2,0,True,True,False,"A:1,B:1,ESTOP:0,MODE:1",,,,36.96760201166666,127.872724215,123.23899999999999,2,10.240000000000002,-0.021952112366583905,-0.00502211230984482,0.636988890818624,0.7705439871443105,-0.009669124056048587,0.04382521751757762,0.0015882496193148398,1.4023509499999998,-0.10787314999999999,10.4342756
1786689784.072435,88.587,0.0,-2.0,0,0,,,,,,,,,,,,,,,,,,,,,,,,,,,0,7.605760097503662,-1,0,True,True,False,"A:1,B:1,ESTOP:0,MODE:1",,,,36.96760201166666,127.872724215,123.23899999999999,2,10.240000000000002,-0.022046953984429844,-0.004784702200194965,0.6370250861760144,0.7705128668797849,0.07033676885537149,0.06375687757535285,-0.0004014257279586958,0.5295591,-0.14709974999999997,10.051816249999998
1786689784.122437,88.637,0.0,-2.0,0,0,,,,,,,,,,,,,,,,,,,,,,,,,,,0,7.661074638366699,-2,0,True,True,False,"A:1,B:1,ESTOP:0,MODE:1",,,,36.96760186833333,127.872724605,123.216,2,10.240000000000002,-0.02200023812505912,-0.003582943203795156,0.6371232734414212,0.7704395410930874,0.054332099614583476,0.12081169082304749,0.00710349005561692,-0.5982056499999999,-0.0588399,9.8851032
1786689784.172484,88.687,0.0,-2.0,0,0,,,,,,,,,,,,,,,,,,,,,,,,,,,0,7.748983383178711,-2,0,True,True,False,"A:1,B:1,ESTOP:0,MODE:1",,,,36.96760186833333,127.872724605,123.216,2,10.240000000000002,-0.02294885834937975,-0.0029436190055323955,0.6372110665450518,0.7703419641173185,0.06302383928951524,0.06567673975254662,-0.003159045946109736,-0.4707192,0.10787314999999999,9.9047165
1786689784.222387,88.737,0.0,-2.0,0,0,,,,,,,,,,,,,,,,,,,,,,,,,,,0,7.747494697570801,-1,0,True,True,False,"A:1,B:1,ESTOP:0,MODE:1",,,,36.96760186833333,127.872724605,123.216,2,10.240000000000002,-0.023145816219986487,-0.0025428521483027294,0.6372883629741971,0.770273553688643,0.029722957161463434,0.070179689222692,0.004939281783143952,-1.6279039,-0.36284605,9.502643849999998
1786689784.272436,88.787,0.0,-2.0,0,0,,,,,,,,,,,,,,,,,,,,,,,,,,,0,7.698785781860352,-1,0,True,True,False,"A:1,B:1,ESTOP:0,MODE:1",,,,36.96760186833333,127.872724605,123.216,2,10.240000000000002,-0.023322756745602302,-0.0015359989529300164,0.6373488336918584,0.7702208474954634,0.06558947328994691,0.07991862644882035,0.021170843826691217,-1.0983448,-0.6276256,9.1005712
1786689784.322358,88.836,0.0,-2.0,0,0,,,,,,,,,,,,,,,,,,,,,,,,,,,0,7.692277908325195,-1,0,True,True,False,"A:1,B:1,ESTOP:0,MODE:1",,,,36.967601745,127.87272491666667,123.193,2,10.240000000000002,-0.02330188528265851,-0.0016441514360951408,0.6373750660924821,0.7701995481899045,0.02441715623540067,0.04377285764001779,0.001361356816555577,-1.24544455,-0.4216859499999999,9.1790244
1786689784.372549,88.887,0.0,-2.0,0,0,,,,,,,,,,,,,,,,,,,,,,,,,,,0,7.752832412719727,-1,0,True,True,False,"A:1,B:1,ESTOP:0,MODE:1",,,,36.967601745,127.87272491666667,123.193,2,10.240000000000002,-0.02321305748564375,-0.001821716133806054,0.6374343159977499,0.7701527952951781,0.048328166987722986,0.030089476304382242,0.022916173078685546,0.1176798,0.0,9.384964049999999
1786689784.422411,88.937,0.0,-2.0,0,0,,,,,,,,,,,,,,,,,,,,,,,,,,,0,7.777211666107178,-2,0,True,True,False,"A:1,B:1,ESTOP:0,MODE:1",,,,36.967601745,127.87272491666667,123.193,2,10.240000000000002,-0.02298642312548526,-0.002508123859644768,0.6374898984430918,0.7701116562224061,0.06923721142661506,0.004084070449666731,-0.010995574287564275,-0.3334261,-0.25497289999999995,10.0420096
1786689784.472433,88.987,0.0,-2.0,0,0,,,,,,,,,,,,,,,,,,,,,,,,,,,0,7.727299213409424,-2,0,True,True,False,"A:1,B:1,ESTOP:0,MODE:1",,,,36.967601745,127.87272491666667,123.193,2,10.240000000000002,-0.022648820176796904,-0.002878808696336147,0.6376276501461455,0.7700063137235914,0.037559485502917975,0.042551127163621756,-0.06674139059626316,0.0196133,-0.6668522,10.365629049999999
1786689784.522417,89.037,0.0,-2.0,0,0,,,,,,,,,,,,,,,,,,,,,,,,,,,0,7.805692195892334,-2,0,True,True,False,"A:1,B:1,ESTOP:0,MODE:1",,,,36.96760165,127.87272525666667,123.167,2,10.240000000000002,-0.022537464713712013,-0.003014235966318843,0.6376600054487309,0.7699822689626964,0.011362093430483085,0.0685739863108572,-0.01556833692778942,1.4709975,0.0588399,10.5127288
1786689784.572426,89.087,0.0,-2.0,0,0,,,,,,,,,,,,,,,,,,,,,,,,,,,0,7.72916841506958,-2,0,True,True,False,"A:1,B:1,ESTOP:0,MODE:1",,,,36.96760165,127.87272525666667,123.167,2,10.240000000000002,-0.022509533755386224,-0.002720536145520029,0.6377023923024776,0.7699490752152983,0.006457718232379019,-0.014416419621473161,-0.02864085302522695,0.7256921,-0.8041453,9.561483749999999
1786689784.622355,89.136,0.0,-2.0,0,0,,,,,,,,,,,,,,,,,,,,,,,,,,,0,7.765265941619873,-2,0,True,True,False,"A:1,B:1,ESTOP:0,MODE:1",,,,36.96760165,127.87272525666667,123.167,2,10.240000000000002,-0.022827449979112954,-0.0022819301180395882,0.637719536857251,0.7699269398020574,0.008063421144213804,-0.05469861875750229,-0.06681120376634293,0.3138128,-0.18632634999999997,9.67916355
1786689784.672434,89.187,0.0,-2.0,0,0,,,,,,,,,,,,,,,,,,,,,,,,,,,0,7.761147499084473,-2,0,True,True,False,"A:1,B:1,ESTOP:0,MODE:1",,,,36.96760165,127.87272525666667,123.167,2,10.240000000000002,-0.02284083471328945,-0.002691698108091797,0.6377840029384809,0.7698718183091671,-0.016982053621904827,0.0029146998508305304,-0.005340707511102648,-1.2846711499999999,-0.36284605,9.60071035
1786689784.722426,89.237,0.0,-2.0,0,0,,,,,,,,,,,,,,,,,,,,,,,,,,,0,7.792177200317383,-2,0,True,True,False,"A:1,B:1,ESTOP:0,MODE:1",,,,36.9676014,127.87272555333334,123.127,2,10.240000000000002,-0.022730377336619506,-0.002701501382623204,0.6377635173795798,0.7698920234266886,0.018971728969178363,-0.017383479349863524,-0.023404865269243957,-0.1569064,-0.20593965,9.826263299999999
1786689784.772422,89.287,0.0,-2.0,0,0,,,,,,,,,,,,,,,,,,,,,,,,,,,0,7.731744766235352,-2,0,True,True,False,"A:1,B:1,ESTOP:0,MODE:1",,,,36.9676014,127.87272555333334,123.127,2,10.240000000000002,-0.02264730992842187,-0.002681261045379798,0.6378642621422966,0.7698110763517734,0.03024655593706173,0.017662732030182614,-0.023125612588924867,-0.8924051499999999,-0.7060787999999999,9.826263299999999
1786689784.822368,89.336,0.0,-2.0,0,0,,,,,,,,,,,,,,,,,,,,,,,,,,,0,7.832405090332031,-2,0,True,True,False,"A:1,B:1,ESTOP:0,MODE:1",,,,36.9676014,127.87272555333334,123.127,2,10.240000000000002,-0.022647899765876313,-0.002488489474503858,0.6378454269118821,0.769827312729244,0.02087413785385218,-0.0037175513067479217,-0.0074176493209759005,-2.10842975,0.14709974999999997,9.9635564
1786689784.872452,89.387,0.0,-2.0,0,0,,,,,,,,,,,,,,,,,,,,,,,,,,,0,7.92522668838501,-2,0,True,True,False,"A:1,B:1,ESTOP:0,MODE:1",,,,36.9676014,127.87272555333334,123.127,2,10.240000000000002,-0.0223966482419838,-0.002518884899337045,0.6378647979652765,0.7698185142506678,-0.013089969389957472,-0.06438519610607082,0.011658799403322121,-0.45110589999999995,0.1372931,9.826263299999999
1786689784.922400,89.437,0.0,-2.0,0,0,,,,,,,,,,,,,,,,,,,,,,,,,,,0,8.008788108825684,-2,0,True,True,False,"A:1,B:1,ESTOP:0,MODE:1",,,,36.96760124666667,127.87272578666666,123.085,2,10.240000000000002,-0.022338409007419822,-0.002494140769319057,0.6378917067592264,0.7697979898600937,-0.06232570758871751,-0.05045746867515607,-0.030211649352021846,-0.28439285,0.0980665,9.8654899
1786689784.972440,89.487,0.0,-2.0,0,0,,,,,,,,,,,,,,,,,,,,,,,,,,,0,8.007213592529297,-1,0,True,True,False,"A:1,B:1,ESTOP:0,MODE:1",,,,36.96760124666667,127.87272578666666,123.085,2,10.240000000000002,-0.021903527734470553,-0.00307400317167977,0.6378799264367505,0.7698181508813178,-0.01673770752662562,-0.03988077340807043,0.004153883619746504,0.32361945,-0.35303939999999995,9.79684335
1786689785.022439,89.537,0.0,-2.0,0,0,,,,,,,,,,,,,,,,,,,,,,,,,,,0,8.067156791687012,-1,0,True,True,False,"A:1,B:1,ESTOP:0,MODE:1",,,,36.96760124666667,127.87272578666666,123.085,2,10.240000000000002,-0.02173649460012938,-0.0032068900764227765,0.6378584118893941,0.7698401698018079,-0.02642428487519415,-0.07976154681614087,-0.007382742735936014,0.0392266,-0.0196133,9.69877685
1786689785.072476,89.587,0.0,-2.0,0,0,,,,,,,,,,,,,,,,,,,,,,,,,,,0,8.080102920532227,-1,0,True,True,False,"A:1,B:1,ESTOP:0,MODE:1",,,,36.96760124666667,127.87272578666666,123.085,2,10.240000000000002,-0.02235197511957632,-0.002831812417297141,0.6378222068090054,0.769854013789613,-0.002286381320112572,-0.029530970943744055,0.015428710587629874,-0.8433718999999998,-0.3138128,9.7085835
1786689785.122382,89.637,0.0,-2.0,0,0,,,,,,,,,,,,,,,,,,,,,,,,,,,0,8.039857864379883,-1,0,True,True,False,"A:1,B:1,ESTOP:0,MODE:1",,,,36.96760109,127.87272593166666,123.04299999999999,2,9.0,-0.02216616523189642,-0.0030284447744907093,0.6378002015244759,0.7698768684513766,-0.0032637657012293962,-0.03160791275361731,0.0029321531433504737,-0.06864655,-0.5883989999999999,9.81645665
1786689785.172543,89.687,0.0,-2.0,0,0,,,,,,,,,,,,,,,,,,,,,,,,,,,0,8.059246063232422,-1,0,True,True,False,"A:1,B:1,ESTOP:0,MODE:1",,,,36.96760109,127.87272593166666,123.04299999999999,2,9.0,-0.02261650332092395,-0.002743986920472863,0.6377898346833568,0.769873425368022,0.0025656340004316645,-0.009808750396208134,-0.0020420352248333657,-1.2748645,-0.3138128,9.79684335
1786689785.222418,89.737,0.0,-2.0,0,0,,,,,,,,,,,,,,,,,,,,,,,,,,,0,8.033230781555176,-1,0,True,True,False,"A:1,B:1,ESTOP:0,MODE:1",,,,36.96760109,127.87272593166666,123.04299999999999,2,9.0,-0.02255358938071464,-0.0029284738618460624,0.6377480425391105,0.7699092114557531,0.007661995416255106,0.014538592669112765,-0.010838494654884786,-0.3334261,-0.5197524499999999,9.669356899999999
1786689785.272455,89.787,0.0,-2.0,0,0,,,,,,,,,,,,,,,,,,,,,,,,,,,0,8.028637886047363,-1,0,True,True,False,"A:1,B:1,ESTOP:0,MODE:1",,,,36.96760109,127.87272593166666,123.04299999999999,2,9.0,-0.022628636421281805,-0.002932245298341277,0.6376944218680238,0.769951408252255,-0.0022165681500327986,-0.001832595714594046,-0.004677482395344803,-0.5197524499999999,-0.4216859499999999,9.8851032
1786689785.322371,89.836,0.0,-2.0,0,0,,,,,,,,,,,,,,,,,,,,,,,,,,,0,8.007181167602539,-1,0,True,True,False,"A:1,B:1,ESTOP:0,MODE:1",,,,36.967601095,127.87272582666667,123.00099999999999,2,9.0,-0.022823475709788887,-0.003023880090910704,0.6376404195108151,0.7699900262417639,0.012828170002158322,-0.0003839724354387525,-0.003735004599267865,-0.02941995,-0.48052585,9.6889702
1786689785.372432,89.887,0.0,-2.0,0,0,,,,,,,,,,,,,,,,,,,,,,,,,,,0,7.996000289916992,-1,0,True,True,False,"A:1,B:1,ESTOP:0,MODE:1",,,,36.967601095,127.87272582666667,123.00099999999999,2,9.0,-0.02278447446477341,-0.0030015868758328807,0.6376001704526445,0.7700245975540975,0.0045553093477052,-0.0027401669256310974,-0.0017453292519943296,-0.29419949999999995,-0.44129925,9.7281968
1786689785.422356,89.936,0.0,-2.0,0,0,,,,,,,,,,,,,,,,,,,,,,,,,,,0,0.0,-1,0,True,True,False,"A:1,B:1,ESTOP:0,MODE:1",,,,36.967601095,127.87272582666667,123.00099999999999,2,9.0,-0.022836839345113418,-0.0032243967005882307,0.6375448178979056,0.7700679757048523,0.007400196028455957,0.0004537856055185257,-0.0004537856055185257,-0.08825984999999999,-0.38245935,9.836069949999999
1786689785.472390,89.987,0.0,-2.0,0,0,,,,,,,,,,,,,,,,,,,,,,,,,,,0,0.0,-1,0,True,True,False,"A:1,B:1,ESTOP:0,MODE:1",,,,36.967601095,127.87272582666667,123.00099999999999,2,9.0,-0.022611667928648643,-0.003591177835091282,0.637487596790712,0.7701203671201299,0.004572762640225144,0.0056374134839416844,-0.011274826967883369,0.00980665,-0.40207265,9.8654899
1786689785.522371,90.036,0.0,-2.0,0,0,,,,,,,,,,,,,,,,,,,,,,,,,,,0,0.0,-1,0,True,True,False,"A:1,B:1,ESTOP:0,MODE:1",,,,36.967600955,127.87272570666667,122.959,2,9.0,-0.022901626712573758,-0.003375485973157212,0.637409325591015,0.7701775595523218,-0.00614355896702004,0.0030543261909900766,-0.005602506898901798,-0.38245935,-0.55897905,9.7870367
1786689785.572340,90.086,0.0,1.0,0,0,,,,,,,,,,,,,,,,,,,,,,,,,,,0,0.0,-1,0,True,True,False,"A:1,B:1,ESTOP:0,MODE:1",,,,36.967600955,127.87272570666667,122.959,2,9.0,-0.022755050742722792,-0.003853023831349377,0.637364682579515,0.7702166080222921,-0.0073129295658562405,0.0062482787221397,-0.0032114058236695662,0.3138128,-0.43149259999999995,9.7674234
1786689785.622352,90.136,0.0,1.0,0,0,,,,,,,,,,,,,,,,,,,,,,,,,,,0,0.0,-1,0,True,True,False,"A:1,B:1,ESTOP:0,MODE:1",,,,36.967600955,127.87272570666667,122.959,2,9.0,-0.022749954968622494,-0.0035974316811982817,0.6372996058823827,0.7702718418690798,0.02033308578573394,0.02717477645355171,-0.001954768762233649,-0.6864655000000001,-0.2353596,9.855683249999998
1786689785.672369,90.186,0.0,1.0,0,0,,,,,,,,,,,,,,,,,,,,,,,,,,,0,0.0,-1,0,True,True,False,"A:1,B:1,ESTOP:0,MODE:1",,,,36.967600955,127.87272570666667,122.959,2,9.0,-0.022742350618378586,-0.0035777980576954856,0.6372392375442893,0.7703221008015944,0.006230825429619756,0.005288347633542819,-0.0012566370614359172,-0.35303939999999995,-0.30400615,9.6889702
1786689785.722458,90.237,0.0,1.0,0,0,,,,,,,,,,,,,,,,,,,,,,,,,,,0,0.0,-1,0,True,True,False,"A:1,B:1,ESTOP:0,MODE:1",,,,36.967600813333334,127.87272558833334,122.931,2,9.0,-0.02284669919494727,-0.003628121447949535,0.6371785308119036,0.7703689927190986,-0.010053096491487338,0.029705503868943488,0.008761552845011534,-0.8531785499999999,-1.3140911,9.561483749999999
1786689785.772616,90.287,0.0,1.0,0,0,,,,,,,,,,,,,,,,,,,,,,,,,,,0,0.0,-1,0,True,True,False,"A:1,B:1,ESTOP:0,MODE:1",,,,36.967600813333334,127.87272558833334,122.931,2,9.0,-0.02291256020487173,-0.0035329320850004658,0.6371054963668804,0.7704278807746069,0.025848326222036023,0.033702307856010506,0.0015707963267948964,-0.53936575,-0.04903325,9.610517
1786689785.822426,90.337,0.0,1.0,0,0,,,,,,,,,,,,,,,,,,,,,,,,,,,0,0.0,-1,0,True,True,False,"A:1,B:1,ESTOP:0,MODE:1",,,,36.967600813333334,127.87272558833334,122.931,2,9.0,-0.022906486006662032,-0.0036630810252751,0.6370842221349436,0.7704450458293196,0.014346606451393388,0.013491395117916168,0.007382742735936014,-0.65704555,-0.6962721499999999,9.54187045
1786689785.872437,90.387,0.0,1.0,0,0,,,,,,,,,,,,,,,,,,,,,,,,,,,0,0.0,-1,0,True,True,False,"A:1,B:1,ESTOP:0,MODE:1",,,,36.967600813333334,127.87272558833334,122.931,2,9.0,-0.022886412031685267,-0.0035758513649237003,0.6370042024447937,0.770512213724743,0.024609142453120045,-0.006579891280018622,-0.023596851486963336,-0.63743225,0.0784532,9.747810099999999
1786689785.922417,90.437,0.0,1.0,0,0,,,,,,,,,,,,,,,,,,,,,,,,,,,0,0.22398903965950012,-1,0,True,True,False,"A:1,B:1,ESTOP:0,MODE:1",,,,36.96760071666667,127.872725335,122.89999999999999,2,9.0,-0.02271981813395369,-0.004037384937178567,0.6369796818773974,0.7705351349952827,0.02701769682087222,0.07325146870620201,0.01635373509118687,0.93163175,-0.04903325,9.7281968
1786689785.972437,90.487,0.0,1.0,0,0,,,,,,,,,,,,,,,,,,,,,,,,,,,0,0.7423558235168457,-2,0,True,True,False,"A:1,B:1,ESTOP:0,MODE:1",,,,36.96760071666667,127.872725335,122.89999999999999,2,9.0,-0.023448327527400857,-0.0032210619776675085,0.6368805706505417,0.7705990782655686,-0.008429940287132611,0.02715732316103177,-0.039514254265151615,2.6281822,-0.40207265,10.2185293
1786689786.022427,90.537,0.0,1.0,0,0,,,,,,,,,,,,,,,,,,,,,,,,,,,0,1.2185717821121216,-1,0,True,True,False,"A:1,B:1,ESTOP:0,MODE:1",,,,36.96760071666667,127.872725335,122.89999999999999,2,9.0,-0.02348245079509054,-0.0033155709774585814,0.6368328109597796,0.7706371080987567,-0.032724923474893676,-0.008342673824532895,0.0036302848441482054,2.38301595,-1.0198915999999998,10.5127288
1786689786.072440,90.587,0.0,1.0,0,0,,,,,,,,,,,,,,,,,,,,,,,,,,,0,1.6791468858718872,-2,0,True,True,False,"A:1,B:1,ESTOP:0,MODE:1",,,,36.96760071666667,127.872725335,122.89999999999999,2,9.0,-0.023499318400914633,-0.003223541864162181,0.6367124954313483,0.7707363939597816,-0.04529129408925286,-0.05550147021341968,-0.027349309378751144,2.3045627499999997,-0.5197524499999999,10.1596894
1786689786.122373,90.636,0.0,1.0,0,0,,,,,,,,,,,,,,,,,,,,,,,,,,,0,1.901793360710144,-2,0,True,True,False,"A:1,B:1,ESTOP:0,MODE:1",,,,36.967600625,127.87272503333334,122.88,2,9.0,-0.02379849536944472,-0.0026534412896938846,0.6366435184375332,0.770786365537787,-0.013264502315156905,-0.05878268920716902,-0.007853981633974483,0.9610517,-0.14709974999999997,10.012589649999999
1786689786.172436,90.687,0.0,1.0,0,0,,,,,,,,,,,,,,,,,,,,,,,,,,,0,2.011296272277832,-2,0,True,True,False,"A:1,B:1,ESTOP:0,MODE:1",,,,36.967600625,127.87272503333334,122.88,2,9.0,-0.02396595371967724,-0.0032281687386800564,0.6364982675222192,0.7708989346406664,-0.012583823906879116,-0.05972516700324596,0.002181661564992912,0.3334261,0.04903325,9.69877685
1786689786.222402,90.737,0.0,1.0,0,0,,,,,,,,,,,,,,,,,,,,,,,,,,,0,2.076801061630249,-2,0,True,True,False,"A:1,B:1,ESTOP:0,MODE:1",,,,36.967600625,127.87272503333334,122.88,2,9.0,-0.02430270933089418,-0.003241532494429924,0.636371122259675,0.7709932979865828,-0.0341037335839692,-0.025097834643678457,-0.0016929693744344998,0.02941995,0.21574629999999997,10.002782999999999
1786689786.272447,90.787,0.0,1.0,0,0,,,,,,,,,,,,,,,,,,,,,,,,,,,0,2.1057608127593994,-2,0,True,True,False,"A:1,B:1,ESTOP:0,MODE:1",,,,36.967600625,127.87272503333334,122.88,2,9.0,-0.024339721090782154,-0.003427839981146503,0.6362956494767497,0.7710536131471327,-0.0003141592653589793,0.0014660765716752368,-0.002181661564992912,-0.18632634999999997,0.0784532,10.002782999999999
1786689786.322449,90.837,0.0,1.0,0,0,,,,,,,,,,,,,,,,,,,,,,,,,,,0,2.1886537075042725,-2,0,True,True,False,"A:1,B:1,ESTOP:0,MODE:1",,,,36.96760056,127.87272477333333,122.855,2,9.0,-0.023929036614272092,-0.0032112675078439304,0.6362358410826081,0.7711167508812218,0.009128071987930343,0.013613568165555772,0.005235987755982988,0.17651969999999997,-0.2745862,9.8654899
1786689786.372458,90.887,0.0,1.0,0,0,,,,,,,,,,,,,,,,,,,,,,,,,,,0,2.2652649879455566,-2,0,True,True,False,"A:1,B:1,ESTOP:0,MODE:1",,,,36.96760056,127.87272477333333,122.855,2,9.0,-0.023908595503133914,-0.0035085167364483846,0.636159310217902,0.7711792278027597,0.01699950691442477,0.028099800957108706,-0.013037609512397642,0.10787314999999999,-0.08825984999999999,9.738003449999999
1786689786.422442,90.937,0.0,1.0,0,0,,,,,,,,,,,,,,,,,,,,,,,,,,,0,2.380864143371582,-2,0,False,True,False,"A:1,B:1,ESTOP:0,MODE:1",,,,36.96760056,127.87272477333333,122.855,2,9.0,-0.02364625267977171,-0.0036742974791130843,0.6360899625046744,0.7712437447869781,0.012461650859239512,0.026179938779914945,-0.011152653920243767,0.29419949999999995,0.08825984999999999,9.7674234
1786689786.472448,90.987,0.0,1.0,0,0,,,,,,,,,,,,,,,,,,,,,,,,,,,0,2.4398229122161865,-2,0,False,True,False,"A:1,B:1,ESTOP:0,MODE:1",,,,36.96760056,127.87272477333333,122.855,2,9.0,-0.023402064750592144,-0.003900769091098587,0.6360335610344248,0.7712965944458563,0.00757472895365539,0.01960004749989632,-0.0136659280431156,-0.0,-0.0784532,9.757616749999999
1786689786.522462,91.037,0.0,1.0,0,0,,,,,,,,,,,,,,,,,,,,,,,,,,,0,2.5224051475524902,-2,0,False,True,False,"A:1,B:1,ESTOP:0,MODE:1",,,,36.96760054666667,127.87272451666666,122.838,2,9.0,-0.023286160491297968,-0.0041091074339238524,0.6359910234916649,0.7713340962278892,0.009669124056048587,0.0013439035240356337,-0.010262536001726658,0.16671305,-0.18632634999999997,9.747810099999999
1786689786.572491,91.087,0.0,1.0,0,0,,,,,,,,,,,,,,,,,,,,,,,,,,,0,2.5153684616088867,-2,0,False,True,False,"A:1,B:1,ESTOP:0,MODE:1",,,,36.96760054666667,127.87272451666666,122.838,2,9.0,-0.02309894098122808,-0.004349333095856627,0.6359547084534725,0.7713683497674932,0.00986111027376796,-0.01069886831472524,-0.000296705972839036,-0.32361945,-0.25497289999999995,9.669356899999999
1786689786.622360,91.136,0.0,1.0,0,0,,,,,,,,,,,,,,,,,,,,,,,,,,,0,2.5551371574401855,-2,0,False,True,False,"A:1,B:1,ESTOP:0,MODE:1",,,,36.96760054666667,127.87272451666666,122.838,2,9.0,-0.02280517364933141,-0.004705242197244776,0.6359169655694221,0.7714061171987602,-0.022078415037728265,0.00815068760681352,-0.0200363798128949,0.08825984999999999,-0.7453053999999999,9.9439431
1786689786.672445,91.187,0.0,1.0,0,0,,,,,,,,,,,,,,,,,,,,,,,,,,,0,2.5690348148345947,-2,0,False,True,False,"A:1,B:1,ESTOP:0,MODE:1",,,,36.96760054666667,127.87272451666666,122.838,2,9.0,-0.02283984849637743,-0.00486809873986435,0.6358749982762861,0.7714386751404511,0.0013264502315156904,-0.0045029494701453706,-0.001710422666954443,-0.1569064,-0.392266,9.836069949999999
1786689786.722389,91.237,0.0,1.0,0,0,,,,,,,,,,,,,,,,,,,,,,,,,,,0,2.6187427043914795,-2,0,False,True,False,"A:1,B:1,ESTOP:0,MODE:1",,,,36.967600471666664,127.87272418,122.797,2,9.0,-0.022229026042344235,-0.005594867464203403,0.6358054656903922,0.7715088966807124,0.00017453292519943296,0.028571039855147175,-0.008796459430051421,0.12748644999999997,-0.6080123,9.836069949999999
1786689786.772436,91.287,0.0,1.0,0,0,,,,,,,,,,,,,,,,,,,,,,,,,,,0,2.672295570373535,-2,0,False,True,False,"A:1,B:1,ESTOP:0,MODE:1",,,,36.967600471666664,127.87272418,122.797,2,9.0,-0.022187180799963426,-0.0059873755426862645,0.6357268440366564,0.7715719409837644,0.014486232791552934,-0.007592182246175334,0.0045553093477052,0.1372931,-0.53936575,9.757616749999999
1786689786.822453,91.337,0.0,1.0,0,0,,,,,,,,,,,,,,,,,,,,,,,,,,,0,2.691553831100464,-2,0,False,True,False,"A:1,B:1,ESTOP:0,MODE:1",,,,36.967600471666664,127.87272418,122.797,2,9.0,-0.02181593704508339,-0.0064376969924957285,0.6356871458576744,0.7716116079606383,0.006230825429619756,0.007714355293814937,0.010053096491487338,-0.0784532,-0.43149259999999995,9.81645665
1786689786.872475,91.387,0.0,1.0,0,0,,,,,,,,,,,,,,,,,,,,,,,,,,,0,2.731464147567749,-2,0,False,True,False,"A:1,B:1,ESTOP:0,MODE:1",,,,36.967600471666664,127.87272418,122.797,2,9.0,-0.02160970611679308,-0.006604784670787512,0.6356241168847435,0.7716679204525014,-0.004590215932745087,-0.015969762655748117,-0.007278022980816354,0.0588399,-0.4707192,9.7281968
1786689786.922436,91.437,0.0,1.0,0,0,,,,,,,,,,,,,,,,,,,,,,,,,,,0,0.0,-2,0,False,True,False,"A:1,B:1,ESTOP:0,MODE:1",,,,36.967600553333334,127.87272388166667,122.756,2,9.0,-0.021406741111725552,-0.0070020423760692434,0.6355985467010762,0.7716911365753912,0.00481710873550435,0.006335545184739416,0.0034557519189487725,-0.12748644999999997,-0.392266,9.79684335
1786689786.972442,91.487,0.0,1.0,0,0,,,,,,,,,,,,,,,,,,,,,,,,,,,0,0.0,-2,0,False,True,False,"A:1,B:1,ESTOP:0,MODE:1",,,,36.967600553333334,127.87272388166667,122.756,2,9.0,-0.021191828145353787,-0.007276666069349416,0.6355811426437535,0.7717088619851619,-0.005166174585903215,-0.0033161255787892262,0.004572762640225144,0.0588399,-0.4118793,9.80665
1786689787.022395,91.537,0.0,1.0,0,0,,,,,,,,,,,,,,,,,,,,,,,,,,,0,0.0,-2,0,False,True,False,"A:1,B:1,ESTOP:0,MODE:1",,,,36.967600553333334,127.87272388166667,122.756,2,9.0,-0.020953237857714743,-0.007620545996765164,0.635515513191798,0.7717661054973554,-0.0019896753472735357,-0.002548180707911721,0.0024260076602721182,0.1176798,-0.4216859499999999,9.7870367
1786689787.072438,91.587,0.0,1.0,0,0,,,,,,,,,,,,,,,,,,,,,,,,,,,0,0.0,-2,0,False,True,False,"A:1,B:1,ESTOP:0,MODE:1",,,,36.967600553333334,127.87272388166667,122.756,2,9.0,-0.020765089885302936,-0.007917922686230632,0.6355178486906833,0.7717662739054849,0.008429940287132611,0.0016580627893946131,-0.0009948376736367678,-0.0784532,-0.44129925,9.738003449999999
1786689787.122366,91.636,0.0,1.0,0,0,,,,,,,,,,,,,,,,,,,,,,,,,,,0,0.0,-2,0,False,True,False,"A:1,B:1,ESTOP:0,MODE:1",,,,36.96760050666666,127.87272364166667,122.727,2,9.0,-0.020653924087703043,-0.008230373331785307,0.6354323699334671,0.7718363684197164,-0.002827433388230814,0.001832595714594046,-0.005131268000863329,0.0588399,-0.43149259999999995,9.747810099999999
1786689787.172432,91.687,0.0,1.0,0,0,,,,,,,,,,,,,,,,,,,,,,,,,,,0,0.0,-2,0,False,True,False,"A:1,B:1,ESTOP:0,MODE:1",,,,36.96760050666666,127.87272364166667,122.727,2,9.0,-0.020232855449183514,-0.008795964228537954,0.6353358198703077,0.7719207592514835,-0.0004014257279586958,-0.0009075712110370514,0.004206243497306334,0.12748644999999997,-0.50013915,9.845876599999999
1786689787.222392,91.737,0.0,1.0,0,0,,,,,,,,,,,,,,,,,,,,,,,,,,,0,0.0,-2,0,False,True,False,"A:1,B:1,ESTOP:0,MODE:1",,,,36.96760050666666,127.87272364166667,122.727,2,9.0,-0.020141587022974906,-0.00894875737917111,0.6353872786113308,0.7718790335230331,-0.0066322511575784525,0.0005585053606381855,0.0060911990894602095,-0.02941995,-0.5295591,9.81645665
1786689787.272429,91.787,0.0,1.0,0,0,,,,,,,,,,,,,,,,,,,,,,,,,,,0,0.0,-2,0,False,True,False,"A:1,B:1,ESTOP:0,MODE:1",,,,36.96760050666666,127.87272364166667,122.727,2,9.0,-0.02003841489714345,-0.009101854752511759,0.6354049972502265,0.7718653429439062,0.0009599310885968813,0.0037699111843077517,-0.0005410520681182421,0.02941995,-0.34323275000000003,9.7085835
1786689787.322388,91.837,0.0,1.0,0,0,,,,,,,,,,,,,,,,,,,,,,,,,,,0,0.0,-2,0,False,True,False,"A:1,B:1,ESTOP:0,MODE:1",,,,36.96760053,127.87272353333333,122.696,2,9.0,-0.019902942069135413,-0.009086062709037054,0.6352366155800021,0.7720076156281782,-0.002234021442552742,0.002775073510670984,-0.01551597705022959,-0.02941995,-0.34323275000000003,9.894909849999998
1786689787.372426,91.887,0.0,1.0,0,0,,,,,,,,,,,,,,,,,,,,,,,,,,,0,0.0,-2,0,False,True,False,"A:1,B:1,ESTOP:0,MODE:1",,,,36.96760053,127.87272353333333,122.696,2,9.0,-0.019943043232056184,-0.009105127421379648,0.6351622198407038,0.7720675658051659,0.0011693705988362008,0.007435102613495843,0.011815879036001611,-0.08825984999999999,-0.50013915,9.71839015
1786689787.422464,91.937,0.0,1.0,0,0,,,,,,,,,,,,,,,,,,,,,,,,,,,0,0.0,-2,0,False,True,False,"A:1,B:1,ESTOP:0,MODE:1",,,,36.96760053,127.87272353333333,122.696,2,9.0,-0.019643422787913215,-0.009538887360758527,0.6352223981710754,0.7720204987115834,0.008412486994612669,-0.006544984694978736,0.010821041362364843,-0.25497289999999995,-0.6472389,9.836069949999999
1786689787.472434,91.987,0.0,1.0,0,0,,,,,,,,,,,,,,,,,,,,,,,,,,,0,0.0,-2,0,False,True,False,"A:1,B:1,ESTOP:0,MODE:1",,,,36.96760053,127.87272353333333,122.696,2,9.0,-0.01947820762645104,-0.00994598703273996,0.6352357502081929,0.7720085611099401,-0.01598721594826806,-0.0026354471705114374,-0.00710349005561692,0.57859235,-0.4707192,9.826263299999999
1786689787.522453,92.037,0.0,1.0,0,0,,,,,,,,,,,,,,,,,,,,,,,,,,,0,0.0,-2,0,False,True,False,"A:1,B:1,ESTOP:0,MODE:1",,,,36.96760045333333,127.87272342666667,122.664,2,9.0,-0.019368297828073172,-0.009886564594590733,0.6351557607264204,0.7720779005358218,-0.008028514559173916,0.01699950691442477,-0.0030368728984701333,0.37265269999999995,-0.26477955,9.845876599999999
1786689787.572451,92.087,0.0,1.0,0,0,,,,,,,,,,,,,,,,,,,,,,,,,,,0,0.0,-2,0,False,True,False,"A:1,B:1,ESTOP:0,MODE:1",,,,36.96760045333333,127.87272342666667,122.664,2,9.0,-0.01912336546966301,-0.010170620527523622,0.6351440244314411,0.7720899711822656,0.0015009831567151233,0.003665191429188092,0.004031710572106902,0.35303939999999995,-0.5883989999999999,9.77723005
1786689787.622371,92.136,0.0,1.0,0,0,,,,,,,,,,,,,,,,,,,,,,,,,,,0,0.0,-2,0,False,True,False,"A:1,B:1,ESTOP:0,MODE:1",,,,36.96760045333333,127.87272342666667,122.664,2,9.0,-0.019103658796297877,-0.010359930475358367,0.6352014259717552,0.7720407181649095,-0.0033335788713091696,0.008133234314293577,-0.006021385919380436,0.0196133,-0.5491724,9.81645665
1786689787.672397,92.187,0.0,1.0,0,0,,,,,,,,,,,,,,,,,,,,,,,,,,,0,0.0,-2,0,False,True,False,"A:1,B:1,ESTOP:0,MODE:1",,,,36.96760045333333,127.87272342666667,122.664,2,9.0,-0.01894474357421947,-0.010649867772655142,0.6352703799285212,0.7719839515124679,-0.0029146998508305304,-0.0010471975511965976,0.0010821041362364843,-0.0196133,-0.40207265,9.8654899
1786689787.722487,92.237,0.0,1.0,0,0,,,,,,,,,,,,,,,,,,,,,,,,,,,0,0.0,-2,0,False,True,False,"A:1,B:1,ESTOP:0,MODE:1",,,,36.96760022833333,127.87272338333334,122.672,2,9.0,-0.0185800524939016,-0.01070797980301801,0.635174732194614,0.7720707094556575,0.0005061454830783556,0.000593411945678072,-0.0108035880698449,0.0392266,-0.21574629999999997,9.80665
1786689787.772509,92.287,0.0,1.0,0,0,,,,,,,,,,,,,,,,,,,,,,,,,,,0,0.0,-2,0,False,True,False,"A:1,B:1,ESTOP:0,MODE:1",,,,36.96760022833333,127.87272338333334,122.672,2,9.0,-0.018615338479581103,-0.010678368646526108,0.6351146130534315,0.7721197251089555,-0.002722713633111154,-0.005323254218582705,0.003141592653589793,-0.08825984999999999,-0.4903325,9.77723005
1786689787.822417,92.337,0.0,1.0,0,0,,,,,,,,,,,,,,,,,,,,,,,,,,,0,0.0,-2,0,False,True,False,"A:1,B:1,ESTOP:0,MODE:1",,,,36.96760022833333,127.87272338333334,122.672,2,9.0,-0.01870239713330457,-0.011081474388808576,0.6352152894303196,0.7720291168996113,0.005166174585903215,0.00747000919853573,0.0029845130209103037,0.30400615,-0.6668522,9.81645665
1786689787.872475,92.387,0.0,1.0,0,0,,,,,,,,,,,,,,,,,,,,,,,,,,,0,0.0,-2,0,False,True,False,"A:1,B:1,ESTOP:0,MODE:1",,,,36.96760022833333,127.87272338333334,122.672,2,9.0,-0.018656100707274394,-0.011178960385997602,0.6352134772889312,0.7720303226050081,0.004049163864626845,0.01420698011123384,-0.005969026041820607,0.0,-0.29419949999999995,9.79684335
1786689787.922441,92.437,0.0,1.0,0,0,,,,,,,,,,,,,,,,,,,,,,,,,,,0,0.0,-2,0,False,True,False,"A:1,B:1,ESTOP:0,MODE:1",,,,36.967599995,127.87272334333333,122.672,2,9.0,-0.01857926538050638,-0.011025114800230608,0.6352094950115431,0.7720376643588982,-0.010733774899765127,-0.007382742735936014,-0.006283185307179586,0.08825984999999999,-0.29419949999999995,9.79684335
1786689787.972431,92.487,0.0,1.0,0,0,,,,,,,,,,,,,,,,,,,,,,,,,,,0,0.0,-2,0,False,True,False,"A:1,B:1,ESTOP:0,MODE:1",,,,36.967599995,127.87272334333333,122.672,2,9.0,-0.018463363950951057,-0.011165808657622114,0.6351731581768049,0.7720683182467338,-0.001780235837034216,0.011047934165124106,-0.004537856055185257,0.0196133,-0.46091255,9.836069949999999
1786689788.022386,92.537,0.0,1.0,0,0,,,,,,,,,,,,,,,,,,,,,,,,,,,0,0.0,-2,0,False,True,False,"A:1,B:1,ESTOP:0,MODE:1",,,,36.967599995,127.87272334333333,122.672,2,9.0,-0.018622454941310367,-0.011220038445023527,0.6352396623556213,0.7720089936519959,-0.004956735075663896,-0.013124875974997358,-0.0025830872929516074,-0.02941995,-0.6276256,9.80665
1786689788.072433,92.587,0.0,1.0,0,0,,,,,,,,,,,,,,,,,,,,,,,,,,,0,0.0,-2,0,False,True,False,"A:1,B:1,ESTOP:0,MODE:1",,,,36.967599995,127.87272334333333,122.672,2,9.0,-0.01845302660841634,-0.011261160192143807,0.6352320635281193,0.7720187158002865,-0.006754424205218055,-0.0015184364492350666,-0.012723450247038663,-0.00980665,-0.3334261,9.8851032
1786689788.122448,92.637,0.0,1.0,0,0,,,,,,,,,,,,,,,,,,,,,,,,,,,0,0.0,-2,0,False,True,False,"A:1,B:1,ESTOP:0,MODE:1",,,,36.96759980833333,127.872723425,122.679,2,9.0,-0.018315748519906982,-0.011002519552269243,0.6352704011586768,0.7719941679386908,0.004136430327226561,-0.01111774733520388,0.008499753457212385,-0.1176798,-0.21574629999999997,9.845876599999999
1786689788.172487,92.687,0.0,1.0,0,0,,,,,,,,,,,,,,,,,,,,,,,,,,,0,0.0,-2,0,False,True,False,"A:1,B:1,ESTOP:0,MODE:1",,,,36.96759980833333,127.872723425,122.679,2,9.0,-0.018293384464535527,-0.01102978945219321,0.6352833745039469,0.7719836331868384,-0.005480333851262195,0.0018500490071139892,-0.006475171524898963,0.0,-0.40207265,9.6889702
1786689788.222427,92.737,0.0,1.0,0,0,,,,,,,,,,,,,,,,,,,,,,,,,,,0,0.0,-2,0,False,True,False,"A:1,B:1,ESTOP:0,MODE:1",,,,36.96759980833333,127.872723425,122.679,2,9.0,-0.018381544378571445,-0.011100897553559521,0.6352416973955517,0.7720148151362008,-0.006126105674500096,0.00809832772925369,0.0015533430342749533,-0.0196133,-0.38245935,9.757616749999999
1786689788.272465,92.787,0.0,1.0,0,0,,,,,,,,,,,,,,,,,,,,,,,,,,,0,0.0,-2,0,False,True,False,"A:1,B:1,ESTOP:0,MODE:1",,,,36.96759980833333,127.872723425,122.679,2,9.0,-0.018337105869950347,-0.011154960205660435,0.6352474251901756,0.772010379593679,0.004433136300065597,-0.0010297442586766543,0.00476474885794452,0.0392266,-0.43149259999999995,9.79684335
1786689788.322430,92.837,0.0,1.0,0,0,,,,,,,,,,,,,,,,,,,,,,,,,,,0,0.0,-2,0,False,True,False,"A:1,B:1,ESTOP:0,MODE:1",,,,36.96759966,127.87272347166666,122.681,2,9.0,-0.018301315111248835,-0.011047614790666602,0.6352830565630023,0.7719834519707045,0.011431906600562858,-0.0021118483949131386,-0.006684611035138282,-0.35303939999999995,-0.24516625,9.80665
1786689788.372479,92.887,0.0,1.0,0,0,,,,,,,,,,,,,,,,,,,,,,,,,,,0,0.0,-2,0,False,True,False,"A:1,B:1,ESTOP:0,MODE:1",,,,36.96759966,127.87272347166666,122.681,2,9.0,-0.018435966845126876,-0.010966339704986403,0.6352846074047456,0.7719801306475179,0.0009773843811168245,0.019792033717615697,-0.004118977034706617,-0.2745862,-0.29419949999999995,9.738003449999999
1786689788.422423,92.937,0.0,1.0,0,0,,,,,,,,,,,,,,,,,,,,,,,,,,,0,0.0,-2,0,False,True,False,"A:1,B:1,ESTOP:0,MODE:1",,,,36.96759966,127.87272347166666,122.681,2,9.0,-0.0186026270539495,-0.010955879104583646,0.6352646825851497,0.7719926774521416,0.006457718232379019,-0.001710422666954443,-0.005462880558742251,0.43149259999999995,-0.30400615,9.6889702
1786689788.472471,92.987,0.0,1.0,0,0,,,,,,,,,,,,,,,,,,,,,,,,,,,0,0.0,-2,0,False,True,False,"A:1,B:1,ESTOP:0,MODE:1",,,,36.96759966,127.87272347166666,122.681,2,9.0,-0.01868217885368148,-0.01087252842231337,0.6352123131406696,0.7720350261182876,-0.011344640137963142,0.00010471975511965978,-0.0020420352248333657,-0.37265269999999995,-0.40207265,9.79684335
1786689788.522385,93.037,0.0,1.0,0,0,,,,,,,,,,,,,,,,,,,,,,,,,,,0,0.0,-2,0,False,True,False,"A:1,B:1,ESTOP:0,MODE:1",,,,36.96759954,127.87272343333333,122.676,2,9.0,-0.01868061457603247,-0.010806339698131929,0.6352943753182407,0.771968467199533,-0.0021118483949131386,-0.004014257279586958,-0.0006283185307179586,0.0784532,-0.4118793,9.79684335
1786689788.572444,93.087,0.0,1.0,0,0,,,,,,,,,,,,,,,,,,,,,,,,,,,0,0.0,-2,0,False,True,False,"A:1,B:1,ESTOP:0,MODE:1",,,,36.96759954,127.87272343333333,122.676,2,9.0,-0.01866465975129636,-0.010770851548095012,0.6353017361135038,0.7719632914358463,0.001186823891356144,0.0006457718232379018,-0.005811946409141118,-0.2745862,-0.43149259999999995,9.80665
1786689788.622422,93.137,0.0,1.0,0,0,,,,,,,,,,,,,,,,,,,,,,,,,,,0,0.0,-2,0,False,True,False,"A:1,B:1,ESTOP:0,MODE:1",,,,36.96759954,127.87272343333333,122.676,2,9.0,-0.018820039889278023,-0.010774191754845786,0.6352950445282033,0.7719649793148029,0.0017453292519943296,-0.0038222710618675817,-0.0010122909661567112,-0.0392266,-0.4707192,9.7674234
1786689788.672606,93.187,0.0,1.0,0,0,,,,,,,,,,,,,,,,,,,,,,,,,,,0,0.0,-2,0,False,True,False,"A:1,B:1,ESTOP:0,MODE:1",,,,36.96759954,127.87272343333333,122.676,2,9.0,-0.018840720699298163,-0.01079000166527201,0.6352610783330774,0.7719922055712026,-0.017558012275062956,-0.00952949771588904,0.0014660765716752368,0.0196133,-0.5197524499999999,9.845876599999999
1786689788.722360,93.236,0.0,1.0,0,0,,,,,,,,,,,,,,,,,,,,,,,,,,,0,0.0,-2,0,False,True,False,"A:1,B:1,ESTOP:0,MODE:1",,,,36.96759932166667,127.87272358833333,122.633,2,9.0,-0.01880546665449201,-0.010750658125852703,0.6352887133751975,0.7719708727872147,0.010768681484805013,0.002722713633111154,0.0027052603405912107,-0.1569064,-0.46091255,9.77723005
1786689788.772391,93.287,0.0,1.0,0,0,,,,,,,,,,,,,,,,,,,,,,,,,,,0,0.0,-2,0,False,True,False,"A:1,B:1,ESTOP:0,MODE:1",,,,36.96759932166667,127.87272358833333,122.633,2,9.0,-0.01887659350492152,-0.01066471684496916,0.6353576815387664,0.7719135667559871,-0.009075712110370514,0.001186823891356144,0.0045204027626653135,-0.0588399,-0.34323275000000003,9.77723005
1786689788.822451,93.337,0.0,1.0,0,0,,,,,,,,,,,,,,,,,,,,,,,,,,,0,0.0,-2,0,False,True,False,"A:1,B:1,ESTOP:0,MODE:1",,,,36.96759932166667,127.87272358833333,122.633,2,9.0,-0.018903649612292128,-0.010672303925173016,0.6352632136002296,0.7719905461898958,-0.0021467549799530253,-0.004258603374866164,-0.016318828506146982,0.06864655,-0.45110589999999995,9.79684335
1786689788.872443,93.387,0.0,1.0,0,0,,,,,,,,,,,,,,,,,,,,,,,,,,,0,0.0,-2,0,False,True,False,"A:1,B:1,ESTOP:0,MODE:1",,,,36.96759932166667,127.87272358833333,122.633,2,9.0,-0.018910089222798774,-0.010732886277222173,0.6352284443579597,0.7720181585664372,-0.00476474885794452,-0.0010995574287564276,0.0032637657012293962,-0.26477955,-0.392266,9.7870367
1786689788.908911,93.423,0.0,1.0,0,0,,,,,,,,,,,,,,,,,,,,,,,,,,,0,0.0,-2,0,False,True,False,"A:1,B:1,ESTOP:0,MODE:1",,,,36.96759911,127.87272370833334,122.583,2,10.240000000000002,-0.018974195218164343,-0.010641901214057038,0.6353177198111275,0.7719443793100401,-0.0022165681500327986,-0.004031710572106902,0.0009250245035569946,-0.1176798,-0.50013915,9.7674234
