t_wall,t_rel,cmd_pulse,cmd_steer_deg,drive_pulse_cmd,brake_level,ego_x_m,ego_y_m,ego_heading_deg,ego_pulse,ego_wp_idx,ego_wp_total,ego_fix_ok,cte_m,heading_err_deg,target_idx,target_dist_m,goal_dist_m,gps_course_deg,fuse_corr_deg,gyro_z_dps,brake_latched,head_init_deg,head_sigma_deg,head_resid_m,head_dist_m,ref_pulse,out_pulse,meas_pulse,cte_integral,cte_i_term_deg,goal_phase,encoder_sum,speed_kmh,steer_measured_deg,throttle_raw,control_state,vehicle_mode,estop,board_status,drive_state,drive_cmd,drive_event,fix_lat,fix_lon,fix_alt_m,fix_status,fix_cov_xx,imu_quat_x,imu_quat_y,imu_quat_z,imu_quat_w,imu_gyro_x,imu_gyro_y,imu_gyro_z,imu_acc_x,imu_acc_y,imu_acc_z
1786685057.536241,0.036,,,0,,,,,,,,,,,,,,,,,,,,,,,,,,,,0,,0,0,,False,False,"A:0,B:0,ESTOP:0,MODE:0",,,,,,,,,,,,,,,,,,
1786685057.586220,0.086,,,0,,,,,,,,,,,,,,,,,,,,,,,,,,,,0,,0,0,,False,False,"A:0,B:0,ESTOP:0,MODE:0",,,,,,,,,,,,,,,,,,
1786685057.636220,0.136,,,0,,,,,,,,,,,,,,,,,,,,,,,,,,,,0,,0,0,,False,False,"A:0,B:0,ESTOP:0,MODE:0",,,,nan,nan,nan,-1,9998000100000000.0,,,,,,,,,,
1786685057.686279,0.186,0.0,0.0,0,0,,,,,,,,,,,,,,,,,,,,,,,,,,,0,,0,0,False,False,False,"A:0,B:0,ESTOP:0,MODE:0",,,,nan,nan,nan,-1,9998000100000000.0,,,,,,,,,,
1786685057.736180,0.236,0.0,0.0,0,0,,,,,,,,,,,,,,,,,,,,,,,,,,,0,,0,0,False,False,False,"A:0,B:0,ESTOP:0,MODE:0",,,,nan,nan,nan,-1,9998000100000000.0,,,,,,,,,,
1786685057.786264,0.286,0.0,0.0,0,0,,,,,,,,,,,,,,,,,,,,,,,,,,,0,,0,0,False,False,False,"A:0,B:0,ESTOP:0,MODE:0",,,,nan,nan,nan,-1,9998000100000000.0,,,,,,,,,,
1786685057.836128,0.336,0.0,0.0,0,0,,,,,,,,,,,,,,,,,,,,,,,,,,,0,,0,0,False,False,False,"A:0,B:0,ESTOP:0,MODE:0",,,,nan,nan,nan,-1,9998000100000000.0,,,,,,,,,,
1786685057.886215,0.386,0.0,0.0,0,0,,,,,,,,,,,,,,,,,,,,,,,,,,,0,,0,0,False,False,False,"A:0,B:0,ESTOP:0,MODE:0",,,,nan,nan,nan,-1,9998000100000000.0,,,,,,,,,,
1786685057.936238,0.436,0.0,0.0,0,0,,,,,,,,,,,,,,,,,,,,,,,,,,,0,,0,0,False,False,False,"A:0,B:0,ESTOP:0,MODE:0",,,,nan,nan,nan,-1,9998000100000000.0,,,,,,,,,,
1786685057.986208,0.486,0.0,0.0,0,0,,,,,,,,,,,,,,,,,,,,,,,,,,,0,,0,0,False,False,False,"A:0,B:0,ESTOP:0,MODE:0",,,,nan,nan,nan,-1,9998000100000000.0,,,,,,,,,,
1786685058.036166,0.536,0.0,0.0,0,0,,,,,,,,,,,,,,,,,,,,,,,,,,,0,,0,0,False,False,False,"A:0,B:0,ESTOP:0,MODE:0",,,,nan,nan,nan,-1,9998000100000000.0,,,,,,,,,,
1786685058.086174,0.586,0.0,0.0,0,0,,,,,,,,,,,,,,,,,,,,,,,,,,,0,,0,0,False,False,False,"A:0,B:0,ESTOP:0,MODE:0",,,,nan,nan,nan,-1,9998000100000000.0,,,,,,,,,,
1786685058.136210,0.636,0.0,0.0,0,0,,,,,,,,,,,,,,,,,,,,,,,,,,,0,,0,0,False,False,False,"A:0,B:0,ESTOP:0,MODE:0",,,,nan,nan,nan,-1,9998000100000000.0,,,,,,,,,,
1786685058.186281,0.686,0.0,0.0,0,0,,,,,,,,,,,,,,,,,,,,,,,,,,,0,,0,0,False,False,False,"A:0,B:0,ESTOP:0,MODE:0",,,,nan,nan,nan,-1,9998000100000000.0,,,,,,,,,,
1786685058.236135,0.736,0.0,0.0,0,0,,,,,,,,,,,,,,,,,,,,,,,,,,,0,,0,0,False,False,False,"A:0,B:0,ESTOP:0,MODE:0",,,,nan,nan,nan,-1,9998000100000000.0,,,,,,,,,,
1786685058.286215,0.786,0.0,0.0,0,0,,,,,,,,,,,,,,,,,,,,,,,,,,,0,,0,0,False,False,False,"A:0,B:0,ESTOP:0,MODE:0",,,,nan,nan,nan,-1,9998000100000000.0,,,,,,,,,,
1786685058.336242,0.836,0.0,0.0,0,0,,,,,,,,,,,,,,,,,,,,,,,,,,,0,,0,0,False,False,False,"A:0,B:0,ESTOP:0,MODE:0",,,,nan,nan,nan,-1,9998000100000000.0,,,,,,,,,,
1786685058.386194,0.886,0.0,0.0,0,0,,,,,,,,,,,,,,,,,,,,,,,,,,,0,,0,0,False,False,False,"A:0,B:0,ESTOP:0,MODE:0",,,,nan,nan,nan,-1,9998000100000000.0,,,,,,,,,,
1786685058.436136,0.936,0.0,0.0,0,0,,,,,,,,,,,,,,,,,,,,,,,,,,,0,,0,0,False,False,False,"A:0,B:0,ESTOP:0,MODE:0",,,,nan,nan,nan,-1,9998000100000000.0,,,,,,,,,,
1786685058.486161,0.986,0.0,0.0,0,0,,,,,,,,,,,,,,,,,,,,,,,,,,,0,,0,0,False,False,False,"A:0,B:0,ESTOP:0,MODE:0",,,,nan,nan,nan,-1,9998000100000000.0,,,,,,,,,,
1786685058.536168,1.036,0.0,0.0,0,0,,,,,,,,,,,,,,,,,,,,,,,,,,,0,,0,39,False,False,False,"A:1,B:0,ESTOP:0,MODE:0",,,,nan,nan,nan,-1,9998000100000000.0,,,,,,,,,,
1786685058.586207,1.086,0.0,0.0,0,0,,,,,,,,,,,,,,,,,,,,,,,,,,,0,,0,44,False,False,False,"A:1,B:0,ESTOP:0,MODE:0",,,,nan,nan,nan,-1,9998000100000000.0,,,,,,,,,,
1786685058.636124,1.136,0.0,0.0,0,0,,,,,,,,,,,,,,,,,,,,,,,,,,,0,,0,36,False,False,False,"A:1,B:0,ESTOP:0,MODE:0",,,,nan,nan,nan,-1,9998000100000000.0,,,,,,,,,,
1786685058.686124,1.186,0.0,0.0,0,0,,,,,,,,,,,,,,,,,,,,,,,,,,,0,,0,47,False,False,False,"A:1,B:0,ESTOP:0,MODE:0",,,,nan,nan,nan,-1,9998000100000000.0,,,,,,,,,,
1786685058.736187,1.236,0.0,0.0,0,0,,,,,,,,,,,,,,,,,,,,,,,,,,,0,,0,38,False,False,False,"A:1,B:0,ESTOP:0,MODE:0",,,,nan,nan,nan,-1,9998000100000000.0,,,,,,,,,,
1786685058.786193,1.286,0.0,0.0,0,0,,,,,,,,,,,,,,,,,,,,,,,,,,,0,,0,50,False,False,False,"A:1,B:0,ESTOP:0,MODE:0",,,,nan,nan,nan,-1,9998000100000000.0,,,,,,,,,,
1786685058.836125,1.336,0.0,0.0,0,0,,,,,,,,,,,,,,,,,,,,,,,,,,,0,,0,36,False,False,False,"A:1,B:0,ESTOP:0,MODE:0",,,,nan,nan,nan,-1,9998000100000000.0,,,,,,,,,,
1786685058.886156,1.386,0.0,0.0,0,0,,,,,,,,,,,,,,,,,,,,,,,,,,,0,,0,42,False,False,False,"A:1,B:0,ESTOP:0,MODE:0",,,,nan,nan,nan,-1,9998000100000000.0,,,,,,,,,,
1786685058.936163,1.436,0.0,0.0,0,0,,,,,,,,,,,,,,,,,,,,,,,,,,,0,,0,34,False,False,False,"A:1,B:0,ESTOP:0,MODE:0",,,,nan,nan,nan,-1,9998000100000000.0,,,,,,,,,,
1786685058.986157,1.486,0.0,0.0,0,0,,,,,,,,,,,,,,,,,,,,,,,,,,,0,,0,46,False,False,False,"A:1,B:0,ESTOP:0,MODE:0",,,,nan,nan,nan,-1,9998000100000000.0,,,,,,,,,,
1786685059.036180,1.536,0.0,0.0,0,0,,,,,,,,,,,,,,,,,,,,,,,,,,,0,,0,37,False,False,False,"A:1,B:0,ESTOP:0,MODE:0",,,,nan,nan,nan,-1,9998000100000000.0,,,,,,,,,,
1786685059.086130,1.586,0.0,0.0,0,0,,,,,,,,,,,,,,,,,,,,,,,,,,,0,,0,41,False,False,False,"A:1,B:0,ESTOP:0,MODE:0",,,,nan,nan,nan,-1,9998000100000000.0,,,,,,,,,,
1786685059.136127,1.636,0.0,0.0,0,0,,,,,,,,,,,,,,,,,,,,,,,,,,,0,,0,34,False,False,False,"A:1,B:0,ESTOP:0,MODE:0",,,,nan,nan,nan,-1,9998000100000000.0,,,,,,,,,,
1786685059.186244,1.686,0.0,0.0,0,0,,,,,,,,,,,,,,,,,,,,,,,,,,,0,,0,43,False,False,False,"A:1,B:0,ESTOP:0,MODE:0",,,,nan,nan,nan,-1,9998000100000000.0,,,,,,,,,,
1786685059.236137,1.736,0.0,0.0,0,0,,,,,,,,,,,,,,,,,,,,,,,,,,,0,,0,34,False,False,False,"A:1,B:0,ESTOP:0,MODE:0",,,,nan,nan,nan,-1,9998000100000000.0,,,,,,,,,,
1786685059.286149,1.786,0.0,0.0,0,0,,,,,,,,,,,,,,,,,,,,,,,,,,,0,,0,47,False,False,False,"A:1,B:0,ESTOP:0,MODE:0",,,,nan,nan,nan,-1,9998000100000000.0,,,,,,,,,,
1786685059.336156,1.836,0.0,0.0,0,0,,,,,,,,,,,,,,,,,,,,,,,,,,,0,,0,36,False,False,False,"A:1,B:0,ESTOP:0,MODE:0",,,,nan,nan,nan,-1,9998000100000000.0,,,,,,,,,,
1786685059.386151,1.886,0.0,0.0,0,0,,,,,,,,,,,,,,,,,,,,,,,,,,,0,,0,41,False,False,False,"A:1,B:0,ESTOP:0,MODE:0",,,,nan,nan,nan,-1,9998000100000000.0,,,,,,,,,,
1786685059.436141,1.936,0.0,0.0,0,0,,,,,,,,,,,,,,,,,,,,,,,,,,,0,,0,35,False,False,False,"A:1,B:0,ESTOP:0,MODE:0",,,,nan,nan,nan,-1,9998000100000000.0,,,,,,,,,,
1786685059.486167,1.986,0.0,0.0,0,0,,,,,,,,,,,,,,,,,,,,,,,,,,,0,,0,45,False,False,False,"A:1,B:0,ESTOP:0,MODE:0",,,,nan,nan,nan,-1,9998000100000000.0,,,,,,,,,,
1786685059.536128,2.036,0.0,0.0,0,0,,,,,,,,,,,,,,,,,,,,,,,,,,,0,,0,33,False,False,False,"A:1,B:0,ESTOP:0,MODE:0",,,,nan,nan,nan,-1,9998000100000000.0,,,,,,,,,,
1786685059.586199,2.086,0.0,0.0,0,0,,,,,,,,,,,,,,,,,,,,,,,,,,,0,,0,47,False,False,False,"A:1,B:0,ESTOP:0,MODE:0",,,,nan,nan,nan,-1,9998000100000000.0,,,,,,,,,,
1786685059.636137,2.136,0.0,0.0,0,0,,,,,,,,,,,,,,,,,,,,,,,,,,,0,,0,36,False,False,False,"A:1,B:0,ESTOP:0,MODE:0",,,,nan,nan,nan,-1,9998000100000000.0,,,,,,,,,,
1786685059.686152,2.186,0.0,0.0,0,0,,,,,,,,,,,,,,,,,,,,,,,,,,,0,,0,40,False,False,False,"A:1,B:0,ESTOP:0,MODE:0",,,,nan,nan,nan,-1,9998000100000000.0,,,,,,,,,,
1786685059.736173,2.236,0.0,0.0,0,0,,,,,,,,,,,,,,,,,,,,,,,,,,,0,,0,32,False,False,False,"A:1,B:0,ESTOP:0,MODE:0",,,,nan,nan,nan,-1,9998000100000000.0,,,,,,,,,,
1786685059.786143,2.286,0.0,0.0,0,0,,,,,,,,,,,,,,,,,,,,,,,,,,,0,,0,44,False,False,False,"A:1,B:0,ESTOP:0,MODE:0",,,,nan,nan,nan,-1,9998000100000000.0,,,,,,,,,,
1786685059.836142,2.336,0.0,0.0,0,0,,,,,,,,,,,,,,,,,,,,,,,,,,,0,,0,33,False,False,False,"A:1,B:0,ESTOP:0,MODE:0",,,,nan,nan,nan,-1,9998000100000000.0,,,,,,,,,,
1786685059.886168,2.386,0.0,0.0,0,0,,,,,,,,,,,,,,,,,,,,,,,,,,,0,,0,48,False,False,False,"A:1,B:0,ESTOP:0,MODE:0",,,,nan,nan,nan,-1,9998000100000000.0,,,,,,,,,,
1786685059.936167,2.436,0.0,0.0,0,0,,,,,,,,,,,,,,,,,,,,,,,,,,,0,,0,36,False,False,False,"A:1,B:0,ESTOP:0,MODE:0",,,,nan,nan,nan,-1,9998000100000000.0,,,,,,,,,,
1786685059.986169,2.486,0.0,0.0,0,0,,,,,,,,,,,,,,,,,,,,,,,,,,,0,,0,42,False,False,False,"A:1,B:0,ESTOP:0,MODE:0",,,,nan,nan,nan,-1,9998000100000000.0,,,,,,,,,,
1786685060.036187,2.536,0.0,0.0,0,0,,,,,,,,,,,,,,,,,,,,,,,,,,,0,,0,34,False,False,False,"A:1,B:1,ESTOP:0,MODE:0",,,,nan,nan,nan,-1,9998000100000000.0,,,,,,,,,,
1786685060.086142,2.586,0.0,-1.0,0,0,,,,,,,,,,,,,,,,,,,,,,,,,,,0,,-1,47,False,False,False,"A:1,B:1,ESTOP:0,MODE:0",,,,nan,nan,nan,-1,9998000100000000.0,,,,,,,,,,
1786685060.136163,2.636,0.0,-1.0,0,0,,,,,,,,,,,,,,,,,,,,,,,,,,,0,,-1,33,False,False,False,"A:1,B:1,ESTOP:0,MODE:0",,,,nan,nan,nan,-1,9998000100000000.0,,,,,,,,,,
1786685060.186175,2.686,0.0,-1.0,0,0,,,,,,,,,,,,,,,,,,,,,,,,,,,0,,-1,49,False,False,False,"A:1,B:1,ESTOP:0,MODE:0",,,,nan,nan,nan,-1,9998000100000000.0,,,,,,,,,,
1786685060.236147,2.736,0.0,-1.0,0,0,,,,,,,,,,,,,,,,,,,,,,,,,,,0,,-1,36,False,False,False,"A:1,B:1,ESTOP:0,MODE:0",,,,nan,nan,nan,-1,9998000100000000.0,,,,,,,,,,
1786685060.286165,2.786,0.0,-1.0,0,0,,,,,,,,,,,,,,,,,,,,,,,,,,,0,,-1,43,False,False,False,"A:1,B:1,ESTOP:0,MODE:0",,,,nan,nan,nan,-1,9998000100000000.0,,,,,,,,,,
1786685060.336163,2.836,0.0,-1.0,0,0,,,,,,,,,,,,,,,,,,,,,,,,,,,0,,-1,33,False,False,False,"A:1,B:1,ESTOP:0,MODE:0",,,,nan,nan,nan,-1,9998000100000000.0,,,,,,,,,,
1786685060.386194,2.886,0.0,-1.0,0,0,,,,,,,,,,,,,,,,,,,,,,,,,,,0,,-1,46,False,False,False,"A:1,B:1,ESTOP:0,MODE:0",,,,nan,nan,nan,-1,9998000100000000.0,,,,,,,,,,
1786685060.436348,2.936,0.0,-1.0,0,0,,,,,,,,,,,,,,,,,,,,,,,,,,,0,,-1,33,False,False,False,"A:1,B:1,ESTOP:0,MODE:0",,,,nan,nan,nan,-1,9998000100000000.0,,,,,,,,,,
1786685060.486205,2.986,0.0,-1.0,0,0,,,,,,,,,,,,,,,,,,,,,,,,,,,0,,-1,49,False,False,False,"A:1,B:1,ESTOP:0,MODE:0",,,,nan,nan,nan,-1,9998000100000000.0,,,,,,,,,,
1786685060.536191,3.036,0.0,-1.0,0,0,,,,,,,,,,,,,,,,,,,,,,,,,,,0,0.0,-1,35,False,False,False,"A:1,B:1,ESTOP:0,MODE:0",,,,nan,nan,nan,-1,9998000100000000.0,0.003301428488937657,-0.010690670415899809,0.27936105058639216,0.9601209369403721,0.0009424777960769379,0.007278022980816354,0.005550147021341968,0.2353596,-0.00980665,9.747810099999999
1786685060.586198,3.086,0.0,-1.0,0,0,,,,,,,,,,,,,,,,,,,,,,,,,,,0,0.0,-1,43,False,False,False,"A:1,B:1,ESTOP:0,MODE:0",,,,nan,nan,nan,-1,9998000100000000.0,0.0033035862379399124,-0.010699135552624877,0.27933588883567234,0.9601281560420879,-0.002286381320112572,0.0012566370614359172,0.004468042885105484,0.20593965,0.04903325,9.757616749999999
1786685060.636133,3.136,0.0,-1.0,0,0,,,,,,,,,,,,,,,,,,,,,,,,,,,0,0.0,-1,33,False,False,False,"A:1,B:1,ESTOP:0,MODE:0",,,,nan,nan,nan,-1,9998000100000000.0,0.003282046837629411,-0.010687224822820224,0.27934413251474827,0.9601259641441454,-0.008203047484373348,0.002181661564992912,8.726646259971648e-05,0.29419949999999995,-0.0392266,9.80665
1786685060.686177,3.186,0.0,-1.0,0,0,,,,,,,,,,,,,,,,,,,,,,,,,,,0,0.0,-1,47,False,False,False,"A:1,B:1,ESTOP:0,MODE:0",,,,nan,nan,nan,-1,9998000100000000.0,0.0032651028649707346,-0.010692157284474644,0.2793271885420896,0.9601308966057999,-0.0012740903539558606,0.004886921905584123,-0.006562437987498679,0.24516625,-0.0196133,9.845876599999999
1786685060.736167,3.236,0.0,-1.0,0,0,,,,,,,,,,,,,,,,,,,,,,,,,,,0,0.0,-1,32,False,False,False,"A:1,B:1,ESTOP:0,MODE:0",,,,nan,nan,nan,-1,9998000100000000.0,0.0032687927429747464,-0.010672905181284833,0.27934409106974,0.9601261807040862,-0.0036477381366681488,-0.002775073510670984,0.005061454830783556,0.22555294999999997,0.06864655,9.826263299999999
1786685060.786175,3.286,0.0,-1.0,0,0,,,,,,,,,,,,,,,,,,,,,,,,,,,0,0.0,-1,50,False,False,False,"A:1,B:1,ESTOP:0,MODE:0",,,,nan,nan,nan,-1,9998000100000000.0,0.0032844845438722388,-0.010695603511104393,0.2793441066413268,0.9601258700355767,-0.004607669225265031,0.0012740903539558606,-0.0032114058236695662,0.21574629999999997,-0.00980665,9.79684335
1786685060.836120,3.336,0.0,-1.0,0,0,,,,,,,,,,,,,,,,,,,,,,,,,,,0,0.0,-1,34,False,False,False,"A:1,B:1,ESTOP:0,MODE:0",,,,nan,nan,nan,-1,9998000100000000.0,0.003259348506250991,-0.010702916719048631,0.279343826535352,0.9601259556941512,0.006283185307179586,-0.003560471674068432,-0.005585053606381855,0.196133,0.00980665,9.81645665
1786685060.886136,3.386,0.0,-1.0,0,0,,,,,,,,,,,,,,,,,,,,,,,,,,,0,0.0,-1,43,False,False,False,"A:1,B:1,ESTOP:0,MODE:0",,,,nan,nan,nan,-1,9998000100000000.0,0.0032771714243941164,-0.01067046744381089,0.27934418419777146,0.9601261521419294,-0.000890117918517108,0.0004886921905584122,0.014067353771074298,0.17651969999999997,-0.0,9.738003449999999
1786685060.936140,3.436,0.0,-1.0,0,0,,,,,,,,,,,,,,,,,,,,,,,,,,,0,0.0,-1,33,False,False,False,"A:1,B:1,ESTOP:0,MODE:0",,,,nan,nan,nan,-1,9998000100000000.0,0.0032747337174020203,-0.010662088753087004,0.27934421000737314,0.9601262460311446,0.0014311699866353504,-0.002897246558310587,-0.003979350694547071,0.22555294999999997,0.0,9.845876599999999
1786685060.986144,3.486,0.0,-1.0,0,0,,,,,,,,,,,,,,,,,,,,,,,,,,,0,0.0,-1,47,False,False,False,"A:1,B:1,ESTOP:0,MODE:0",,,,nan,nan,nan,-1,9998000100000000.0,0.00328339146727709,-0.010659565059240927,0.2793694389908738,0.9601189038713616,0.0016755160819145565,0.0031066860685499066,-0.0011519173063162576,0.21574629999999997,-0.02941995,9.757616749999999
1786685061.036135,3.536,0.0,-1.0,0,0,,,,,,,,,,,,,,,,,,,,,,,,,,,0,0.0,-1,32,False,False,False,"A:1,B:1,ESTOP:0,MODE:0",,,,nan,nan,nan,-1,9998000100000000.0,0.003264289294844108,-0.01065603386077619,0.2793776573764392,0.9601166168318359,0.0070685834705770355,-0.004590215932745087,-0.0032637657012293962,0.2353596,0.0196133,9.875296549999998
1786685061.086128,3.586,0.0,-1.0,0,0,,,,,,,,,,,,,,,,,,,,,,,,,,,0,0.0,-1,50,False,False,False,"A:1,B:1,ESTOP:0,MODE:0",,,,nan,nan,nan,-1,9998000100000000.0,0.0032652611412388828,-0.010628488501383739,0.2793694489934693,0.9601193073107847,0.0024260076602721182,-0.005497787143782138,0.000593411945678072,0.14709974999999997,-0.0196133,9.77723005
1786685061.136123,3.636,0.0,-1.0,0,0,,,,,,,,,,,,,,,,,,,,,,,,,,,0,0.0,-1,34,False,False,False,"A:1,B:1,ESTOP:0,MODE:0",,,,nan,nan,nan,-1,9998000100000000.0,0.0032845490910739933,-0.010631962550951295,0.2793779874819224,0.9601167185400609,0.0012217304763960308,-0.005323254218582705,0.015812683023068628,0.2745862,0.06864655,9.836069949999999
1786685061.186134,3.686,0.0,-1.0,0,0,,,,,,,,,,,,,,,,,,,,,,,,,,,0,0.0,-1,46,False,False,False,"A:1,B:1,ESTOP:0,MODE:0",,,,nan,nan,nan,-1,9998000100000000.0,0.0032954585207685488,-0.010637874368513149,0.2793864333102251,0.9601141580375996,0.0003316125578789226,-0.002670353755551324,-0.0003839724354387525,0.20593965,-0.06864655,9.81645665
1786685061.236149,3.736,0.0,-1.0,0,0,,,,,,,,,,,,,,,,,,,,,,,,,,,0,0.0,-1,33,False,False,False,"A:1,B:1,ESTOP:0,MODE:0",,,,nan,nan,nan,-1,9998000100000000.0,0.0032510346931958023,-0.010641714675950265,0.2793776161862107,0.9601168326075165,-0.0009948376736367678,-0.00783652834145454,0.004084070449666731,0.20593965,-0.08825984999999999,9.80665
1786685061.286174,3.786,0.0,-1.0,0,0,,,,,,,,,,,,,,,,,,,,,,,,,,,0,0.0,-1,48,False,False,False,"A:1,B:1,ESTOP:0,MODE:0",,,,nan,nan,nan,-1,9998000100000000.0,0.0032546595967607003,-0.01068610254012793,0.2793606360195236,0.9601212680938686,-0.0013788101090755204,0.0008028514559173916,-0.0021467549799530253,0.26477955,0.02941995,9.79684335
1786685061.336135,3.836,0.0,-1.0,0,0,,,,,,,,,,,,,,,,,,,,,,,,,,,0,0.0,-1,32,False,False,False,"A:1,B:1,ESTOP:0,MODE:0",,,,nan,nan,nan,-1,9998000100000000.0,0.0032942080098993937,-0.010665505727916379,0.2793695063366647,0.9601187812507178,-0.0027401669256310974,0.001361356816555577,-0.0008028514559173916,0.21574629999999997,0.00980665,9.875296549999998
1786685061.386137,3.886,0.0,-1.0,0,0,,,,,,,,,,,,,,,,,,,,,,,,,,,0,0.0,-1,51,False,False,False,"A:1,B:1,ESTOP:0,MODE:0",,,,nan,nan,nan,-1,9998000100000000.0,0.0032583486979850264,-0.010666850496346563,0.27937753843652585,0.9601165515089293,-0.000767944870877505,0.0013962634015954637,-0.006667157742618339,0.17651969999999997,-0.04903325,9.79684335
1786685061.436190,3.936,0.0,-1.0,0,0,,,,,,,,,,,,,,,,,,,,,,,,,,,0,0.0,-1,34,False,False,False,"A:1,B:1,ESTOP:0,MODE:0",,,,nan,nan,nan,-1,9998000100000000.0,0.003274826761554267,-0.010662060175238275,0.2793525886788504,0.9601238082564802,0.0010471975511965976,0.005026548245743669,-0.0038048177693476384,0.196133,-0.0392266,9.845876599999999
1786685061.486140,3.986,0.0,-1.0,0,0,,,,,,,,,,,,,,,,,,,,,,,,,,,0,0.0,-1,46,False,False,False,"A:1,B:1,ESTOP:0,MODE:0",,,,nan,nan,nan,-1,9998000100000000.0,0.003254566342800008,-0.01068613094198403,0.27935225737021313,0.9601237059387594,-0.0010821041362364843,-0.005794493116621174,-0.003490658503988659,0.28439285,-0.0392266,9.80665
1786685061.536145,4.036,0.0,-1.0,0,0,,,,,,,,,,,,,,,,,,,,,,,,,,,0,0.0,-1,33,False,False,False,"A:1,B:1,ESTOP:0,MODE:0",,,,nan,nan,nan,-1,9998000100000000.0,0.003306304189853789,-0.010707427705831189,0.27936099906491046,0.9601207484196889,-0.0004537856055185257,-0.009704030641088473,0.00015707963267948965,0.2745862,-0.00980665,9.875296549999998
1786685061.586157,4.086,0.0,-1.0,0,0,,,,,,,,,,,,,,,,,,,,,,,,,,,0,0.0,-1,49,False,False,False,"A:1,B:1,ESTOP:0,MODE:0",,,,nan,nan,nan,-1,9998000100000000.0,0.0033122449743568302,-0.010696611176022958,0.2793611181924678,0.9601208138483577,-0.0012566370614359172,-0.0004188790204786391,0.003682644721708035,0.21574629999999997,0.0196133,9.836069949999999
1786685061.636132,4.136,0.0,-1.0,0,0,,,,,,,,,,,,,,,,,,,,,,,,,,,0,0.0,-1,35,False,False,False,"A:1,B:1,ESTOP:0,MODE:0",,,,nan,nan,nan,-1,9998000100000000.0,0.0033109927169207376,-0.010724242781858708,0.27934419015080103,0.9601254352286357,-0.0012566370614359172,-0.002234021442552742,0.001762782544514273,0.20593965,0.02941995,9.845876599999999
1786685061.686155,4.186,0.0,-1.0,0,0,,,,,,,,,,,,,,,,,,,,,,,,,,,0,0.0,-1,51,False,False,False,"A:1,B:1,ESTOP:0,MODE:0",,,,nan,nan,nan,-1,9998000100000000.0,0.003298923224656903,-0.010745933202390952,0.2793271935637298,0.9601301791741463,-0.009459684545809267,0.004136430327226561,-0.003665191429188092,0.2353596,0.00980665,9.81645665
1786685061.736162,4.236,0.0,-1.0,0,0,,,,,,,,,,,,,,,,,,,,,,,,,,,0,0.0,-1,34,False,False,False,"A:1,B:1,ESTOP:0,MODE:0",,,,nan,nan,nan,-1,9998000100000000.0,0.003305145426860529,-0.010735030361387937,0.2793524493106502,0.9601229318170605,-0.0045204027626653135,0.0017278759594743863,0.006771877497737999,0.21574629999999997,0.08825984999999999,9.81645665
1786685061.786197,4.286,0.0,-1.0,0,0,,,,,,,,,,,,,,,,,,,,,,,,,,,0,0.0,-1,46,False,False,False,"A:1,B:1,ESTOP:0,MODE:0",,,,nan,nan,nan,-1,9998000100000000.0,0.0033100209806722768,-0.01075178768525134,0.2793523974318392,0.9601227426072995,0.003490658503988659,-0.0008028514559173916,0.005148721293383272,0.1569064,0.12748644999999997,9.7870367
1786685061.836154,4.336,0.0,-1.0,0,0,,,,,,,,,,,,,,,,,,,,,,,,,,,0,0.0,-1,32,False,False,False,"A:1,B:1,ESTOP:0,MODE:0",,,,nan,nan,nan,-1,9998000100000000.0,0.0033124587572001354,-0.010760166345955169,0.2793523714605229,0.9601226478927427,0.0037524578917878084,-0.0048345620280242935,0.004956735075663896,0.3138128,-0.04903325,9.8654899
1786685061.886272,4.386,0.0,-1.0,0,0,,,,,,,,,,,,,,,,,,,,,,,,,,,0,0.0,-1,48,False,False,False,"A:1,B:1,ESTOP:0,MODE:0",,,,nan,nan,nan,-1,9998000100000000.0,0.003315774390315508,-0.010741029086355264,0.27933575977839875,0.9601276838230337,0.0016580627893946131,-0.008168140899333463,0.0004014257279586958,0.2353596,-0.04903325,9.81645665
1786685061.936169,4.436,0.0,-1.0,0,0,,,,,,,,,,,,,,,,,,,,,,,,,,,0,0.0,-1,34,False,False,False,"A:1,B:1,ESTOP:0,MODE:0",,,,nan,nan,nan,-1,9998000100000000.0,0.0032992983264781696,-0.010745818041700097,0.2793607082592958,0.9601204282307675,-0.0036302848441482054,0.0040666171571467884,0.001117010721276371,0.17651969999999997,0.0,9.836069949999999
1786685061.986236,4.486,0.0,-1.0,0,0,,,,,,,,,,,,,,,,,,,,,,,,,,,0,0.0,-1,52,False,False,False,"A:1,B:1,ESTOP:0,MODE:0",,,,nan,nan,nan,-1,9998000100000000.0,0.0032899486563893574,-0.010775801010655757,0.2793688207110858,0.9601177638003133,-0.0005585053606381855,-0.0028448866807507574,-0.0011519173063162576,0.20593965,0.0392266,9.8851032
1786685062.036225,4.536,0.0,-1.0,0,0,,,,,,,,,,,,,,,,,,,,,,,,,,,0,0.0,-1,32,False,False,False,"A:1,B:1,ESTOP:0,MODE:0",,,,nan,nan,nan,-1,9998000100000000.0,0.00330670587207262,-0.010770925103265933,0.2793690087417427,0.9601177062336428,-0.00013962634015954637,-0.006387905062299246,0.0003665191429188092,0.24516625,-0.00980665,9.855683249999998
1786685062.086241,4.586,0.0,-1.0,0,0,,,,,,,,,,,,,,,,,,,,,,,,,,,0,0.0,-1,46,False,False,False,"A:1,B:1,ESTOP:0,MODE:0",,,,nan,nan,nan,-1,9998000100000000.0,0.003303203111931664,-0.010790120288670976,0.27936886239226827,0.9601175453448433,-0.008255407361933179,-0.0047298422729046335,-0.007347836150896127,0.2353596,0.02941995,9.80665
1786685062.136197,4.636,0.0,-1.0,0,0,,,,,,,,,,,,,,,,,,,,,,,,,,,0,0.0,-1,31,False,False,False,"A:1,B:1,ESTOP:0,MODE:0",,,,nan,nan,nan,-1,9998000100000000.0,0.0033091437951583117,-0.010779303719554415,0.2793689826531057,0.9601176113945799,-0.005532693728822024,0.0077492618788548235,0.0017278759594743863,0.24516625,-0.04903325,9.826263299999999
1786685062.186149,4.686,0.0,-1.0,0,0,,,,,,,,,,,,,,,,,,,,,,,,,,,0,0.0,-1,48,False,False,False,"A:1,B:1,ESTOP:0,MODE:0",,,,nan,nan,nan,-1,9998000100000000.0,0.0032984212795594187,-0.010773334273625559,0.27937729333425587,0.9601152970632831,0.000296705972839036,0.0010471975511965976,-0.0019722220547535923,0.29419949999999995,-0.04903325,9.80665
1786685062.236151,4.736,0.0,-1.0,0,0,,,,,,,,,,,,,,,,,,,,,,,,,,,0,0.0,-1,33,False,False,False,"A:1,B:1,ESTOP:0,MODE:0",,,,nan,nan,nan,-1,9998000100000000.0,0.0033175224017948125,-0.010776865764856378,0.2793690767096387,0.9601175824802941,-0.005323254218582705,-0.004031710572106902,0.0005061454830783556,0.20593965,0.00980665,9.875296549999998
1786685062.286175,4.786,0.0,-1.0,0,0,,,,,,,,,,,,,,,,,,,,,,,,,,,0,0.0,-1,43,False,False,False,"A:1,B:1,ESTOP:0,MODE:0",,,,nan,nan,nan,-1,9998000100000000.0,0.0033019238728390406,-0.010754139053916721,0.279377439453797,0.9601154577008887,0.004118977034706617,0.0018500490071139892,0.003246312408709453,0.196133,-0.02941995,9.79684335
1786685062.336261,4.836,0.0,-1.0,0,0,,,,,,,,,,,,,,,,,,,,,,,,,,,0,0.0,-1,31,False,False,False,"A:1,B:1,ESTOP:0,MODE:0",,,,nan,nan,nan,-1,9998000100000000.0,0.0032933575465573877,-0.010756634563165291,0.2793605883766025,0.9601203623873537,0.008237954069413234,-0.0006457718232379018,-0.0013788101090755204,0.2353596,0.00980665,9.855683249999998
1786685062.386195,4.886,0.0,-1.0,0,0,,,,,,,,,,,,,,,,,,,,,,,,,,,0,0.0,-1,45,False,False,False,"A:1,B:1,ESTOP:0,MODE:0",,,,nan,nan,nan,-1,9998000100000000.0,0.0032898546196604983,-0.010775829720463582,0.27936044209235567,0.9601202017166292,0.00603883921190038,0.007487462491055674,-0.0025132741228718345,0.26477955,0.0,9.826263299999999
1786685062.436156,4.936,0.0,-1.0,0,0,,,,,,,,,,,,,,,,,,,,,,,,,,,0,0.0,-1,29,False,False,False,"A:1,B:1,ESTOP:0,MODE:0",,,,nan,nan,nan,-1,9998000100000000.0,0.0032648128309869804,-0.010783114865585345,0.27936853850553695,0.9601178496019406,-0.0069638637154573755,0.004747295565424576,-0.0021467549799530253,0.22555294999999997,0.02941995,9.81645665
1786685062.486181,4.986,0.0,-1.0,0,0,,,,,,,,,,,,,,,,,,,,,,,,,,,0,0.0,-1,46,False,False,False,"A:1,B:1,ESTOP:0,MODE:0",,,,nan,nan,nan,-1,9998000100000000.0,0.003275911821789333,-0.01078896977066218,0.2793937419417781,0.960110412138518,0.0021991148575128553,-0.004572762640225144,-0.009337511498169663,0.17651969999999997,-0.0392266,9.757616749999999
1786685062.536195,5.036,0.0,-1.0,0,0,,,,,,,,,,,,,,,,,,,,,,,,,,,0,0.0,-1,31,False,False,False,"A:1,B:1,ESTOP:0,MODE:0",,,,nan,nan,nan,-1,9998000100000000.0,0.0032624689307044156,-0.010774707779619969,0.2793769435375145,0.9601155062743109,0.0012217304763960308,-0.0009948376736367678,0.0026529004630313807,0.14709974999999997,-0.0784532,9.836069949999999
1786685062.586171,5.086,0.0,-1.0,0,0,,,,,,,,,,,,,,,,,,,,,,,,,,,0,0.0,-1,43,False,False,False,"A:1,B:1,ESTOP:0,MODE:0",,,,nan,nan,nan,-1,9998000100000000.0,0.0032757235182449967,-0.010789026944466219,0.27937698481135037,0.9601152883329909,-0.003892084231947355,-0.003403392041388943,-0.0015533430342749533,0.21574629999999997,0.0,9.79684335
1786685062.636176,5.136,0.0,-1.0,0,0,,,,,,,,,,,,,,,,,,,,,,,,,,,0,0.0,-1,32,False,False,False,"A:1,B:1,ESTOP:0,MODE:0",,,,nan,nan,nan,-1,9998000100000000.0,0.0032905406910169613,-0.010839241062656137,0.2793935831934411,0.9601098420834338,-0.0005235987755982988,-0.0006108652381980154,-0.00020943951023931956,0.196133,-0.08825984999999999,9.77723005
1786685062.686124,5.186,0.0,-1.0,0,0,,,,,,,,,,,,,,,,,,,,,,,,,,,0,0.0,-1,47,False,False,False,"A:1,B:1,ESTOP:0,MODE:0",,,,nan,nan,nan,-1,9998000100000000.0,0.00330945204728313,-0.010842829914279657,0.27936861023641035,0.9601170033809282,-0.003944444109507185,-0.008796459430051421,-0.005689773361501515,0.2353596,-0.02941995,9.77723005
1786685062.736171,5.236,0.0,-1.0,0,0,,,,,,,,,,,,,,,,,,,,,,,,,,,0,0.0,-1,31,False,False,False,"A:1,B:1,ESTOP:0,MODE:0",,,,nan,nan,nan,-1,9998000100000000.0,0.003328647170756048,-0.010846332620256588,0.2793687731781041,0.9601168500498596,0.003735004599267865,0.005777039824101231,-0.003979350694547071,0.22555294999999997,-0.0,9.79684335
1786685062.786173,5.286,0.0,-1.0,0,0,,,,,,,,,,,,,,,,,,,,,,,,,,,0,0.0,-1,50,False,False,False,"A:1,B:1,ESTOP:0,MODE:0",,,,nan,nan,nan,-1,9998000100000000.0,0.003328741822737296,-0.010846303571917208,0.279377151767585,0.9601144120608415,-0.000593411945678072,-0.009826203688728075,0.0008377580409572782,0.24516625,0.02941995,9.7870367
1786685062.836107,5.336,0.0,-1.0,0,0,,,,,,,,,,,,,,,,,,,,,,,,,,,0,0.0,-1,35,False,False,False,"A:1,B:1,ESTOP:0,MODE:0",,,,nan,nan,nan,-1,9998000100000000.0,0.0033302101867649695,-0.010882226880455963,0.2793853301263048,0.9601116206714978,-0.0019373154697137059,0.0019024088846738192,-0.005061454830783556,0.30400615,0.00980665,9.80665
1786685062.886168,5.386,0.0,-1.0,0,0,,,,,,,,,,,,,,,,,,,,,,,,,,,0,0.0,-1,46,False,False,False,"A:1,B:1,ESTOP:0,MODE:0",,,,nan,nan,nan,-1,9998000100000000.0,0.0033447431799711047,-0.01093252743352381,0.2793767926070455,0.9601134830266551,-0.00937241808320955,0.007714355293814937,0.006544984694978736,0.24516625,-0.0196133,9.79684335
1786685062.936124,5.436,0.0,-1.0,0,0,,,,,,,,,,,,,,,,,,,,,,,,,,,0,0.0,-1,33,False,False,False,"A:1,B:1,ESTOP:0,MODE:0",,,,nan,nan,nan,-1,9998000100000000.0,0.003318234059853424,-0.010903889153976973,0.2793767083953581,0.9601139251829528,-0.0007155849933176752,0.002356194490192345,-0.006457718232379019,0.21574629999999997,-0.0196133,9.9047165
1786685062.986137,5.486,0.0,-1.0,0,0,,,,,,,,,,,,,,,,,,,,,,,,,,,0,0.0,-1,50,False,False,False,"A:1,B:1,ESTOP:0,MODE:0",,,,nan,nan,nan,-1,9998000100000000.0,0.0033348009843639586,-0.010899071313818676,0.2793601414708475,0.9601187430231111,0.0027052603405912107,0.005427973973702365,-0.005550147021341968,0.196133,0.0392266,9.757616749999999
1786685063.036137,5.536,0.0,-1.0,0,0,,,,,,,,,,,,,,,,,,,,,,,,,,,0,0.0,-1,32,False,False,False,"A:1,B:1,ESTOP:0,MODE:0",,,,nan,nan,nan,-1,9998000100000000.0,0.003345331953349055,-0.010905099645775454,0.27933507422325143,0.9601259312530457,0.00312413936106985,-0.010349802464326374,-0.00481710873550435,0.18632634999999997,0.0,9.7085835
1786685063.086136,5.586,0.0,-1.0,0,0,,,,,,,,,,,,,,,,,,,,,,,,,,,0,0.0,-1,52,False,False,False,"A:1,B:1,ESTOP:0,MODE:0",,,,nan,nan,nan,-1,9998000100000000.0,0.0033572140610341836,-0.01088346694759976,0.27933531700568714,0.9601260646052064,-0.00312413936106985,0.0002443460952792061,0.0004014257279586958,0.14709974999999997,-0.06864655,9.77723005
1786685063.136136,5.636,0.0,-1.0,0,0,,,,,,,,,,,,,,,,,,,,,,,,,,,0,0.0,-1,34,False,False,False,"A:1,B:1,ESTOP:0,MODE:0",,,,nan,nan,nan,-1,9998000100000000.0,0.0033513680770387486,-0.010894254051958074,0.2793435743781728,0.9601235602849718,0.002007128639793479,-0.0009424777960769379,-1.7453292519943296e-05,0.21574629999999997,0.0196133,9.845876599999999
1786685063.186181,5.686,0.0,-1.0,0,0,,,,,,,,,,,,,,,,,,,,,,,,,,,0,0.0,-1,45,False,False,False,"A:1,B:1,ESTOP:0,MODE:0",,,,nan,nan,nan,-1,9998000100000000.0,0.003356148258312118,-0.010911040675381772,0.279335143024992,0.9601258059918273,0.007504915783575617,-0.001954768762233649,-0.004939281783143952,0.26477955,0.02941995,9.7674234
1786685063.236131,5.736,0.0,-1.0,0,0,,,,,,,,,,,,,,,,,,,,,,,,,,,0,0.0,-1,32,False,False,False,"A:1,B:1,ESTOP:0,MODE:0",,,,nan,nan,nan,-1,9998000100000000.0,0.003367155097849597,-0.010916922937506228,0.27935196924223543,0.9601208050764282,-0.0022514747350726853,-0.0004886921905584122,-0.011554079648202462,0.3138128,0.06864655,9.855683249999998
1786685063.286134,5.786,0.0,-1.0,0,0,,,,,,,,,,,,,,,,,,,,,,,,,,,0,0.0,-1,49,False,False,False,"A:1,B:1,ESTOP:0,MODE:0",,,,nan,nan,nan,-1,9998000100000000.0,0.003378751588787134,-0.010895378491195451,0.27932707602387974,0.9601282515191315,-0.004363323129985824,0.008168140899333463,0.00767944870877505,0.20593965,0.0588399,9.77723005
1786685063.336156,5.836,0.0,-1.0,0,0,,,,,,,,,,,,,,,,,,,,,,,,,,,0,0.0,-1,30,False,False,False,"A:1,B:1,ESTOP:0,MODE:0",,,,nan,nan,nan,-1,9998000100000000.0,0.0033704679903009704,-0.010897786666896924,0.2793353596223659,0.96012584334343,0.0020420352248333657,-0.00301941960595019,0.003490658503988659,0.20593965,0.04903325,9.855683249999998
1786685063.386157,5.886,0.0,-1.0,0,0,,,,,,,,,,,,,,,,,,,,,,,,,,,0,0.0,-1,51,False,False,False,"A:1,B:1,ESTOP:0,MODE:0",,,,nan,nan,nan,-1,9998000100000000.0,0.0033704679903009704,-0.010897786666896924,0.2793353596223659,0.96012584334343,-0.001954768762233649,-0.011082840750163993,-0.0015009831567151233,0.26477955,-0.0784532,9.855683249999998
1786685063.436160,5.936,0.0,-1.0,0,0,,,,,,,,,,,,,,,,,,,,,,,,,,,0,0.0,-1,33,False,False,False,"A:1,B:1,ESTOP:0,MODE:0",,,,nan,nan,nan,-1,9998000100000000.0,0.003389662969356473,-0.010901290032811733,0.2793355237219804,0.9601256882552105,0.003298672286269283,0.0016406094968746698,-0.0033335788713091696,0.21574629999999997,0.0196133,9.7870367
1786685063.486138,5.986,0.0,-1.0,0,0,,,,,,,,,,,,,,,,,,,,,,,,,,,0,0.0,-1,46,False,False,False,"A:1,B:1,ESTOP:0,MODE:0",,,,nan,nan,nan,-1,9998000100000000.0,0.003399031757488768,-0.010934923437024732,0.279301904403145,0.9601350531197756,-0.0023212879051524586,0.002827433388230814,-0.0012915436464758037,0.1372931,0.00980665,9.7674234
1786685063.536122,6.036,0.0,-1.0,0,0,,,,,,,,,,,,,,,,,,,,,,,,,,,0,0.0,-1,32,False,False,False,"A:1,B:1,ESTOP:0,MODE:0",,,,nan,nan,nan,-1,9998000100000000.0,0.003413733183851029,-0.010921550770875284,0.27933563607361406,0.9601253400331948,0.0013962634015954637,-0.00312413936106985,0.0067369709126981125,0.21574629999999997,0.00980665,9.757616749999999
1786685063.586135,6.086,0.0,-1.0,0,0,,,,,,,,,,,,,,,,,,,,,,,,,,,0,0.0,-1,50,False,False,False,"A:1,B:1,ESTOP:0,MODE:0",,,,nan,nan,nan,-1,9998000100000000.0,0.003410420701761024,-0.01094068628394757,0.2793522458920735,0.9601203013838044,-0.008185594191853406,0.0033161255787892262,-0.0027052603405912107,0.17651969999999997,-0.0784532,9.826263299999999
1786685063.636149,6.136,0.0,-1.0,0,0,,,,,,,,,,,,,,,,,,,,,,,,,,,0,0.0,-1,30,False,False,False,"A:1,B:1,ESTOP:0,MODE:0",,,,nan,nan,nan,-1,9998000100000000.0,0.0034389644498627405,-0.010914207767071235,0.2793443005662063,0.9601228126305024,-0.006894050545377602,-0.003979350694547071,-0.0025656340004316645,0.24516625,0.0588399,9.80665
1786685063.686170,6.186,0.0,-1.0,0,0,,,,,,,,,,,,,,,,,,,,,,,,,,,0,0.0,-1,51,False,False,False,"A:1,B:1,ESTOP:0,MODE:0",,,,nan,nan,nan,-1,9998000100000000.0,0.003434089068587223,-0.010897450432872833,0.2793443520632711,0.9601230054408045,-0.0012217304763960308,-0.0006806784082777885,-0.003193952531149623,0.21574629999999997,0.00980665,9.77723005
1786685063.736136,6.236,0.0,-1.0,0,0,,,,,,,,,,,,,,,,,,,,,,,,,,,0,0.0,-1,32,False,False,False,"A:1,B:1,ESTOP:0,MODE:0",,,,nan,nan,nan,-1,9998000100000000.0,0.0034065154123593157,-0.01089638497950481,0.27934409260893156,0.9601231912476734,-0.0022514747350726853,0.010786134777324957,-0.00153588974175501,0.17651969999999997,0.00980665,9.836069949999999
1786685063.786130,6.286,0.0,-1.0,0,0,,,,,,,,,,,,,,,,,,,,,,,,,,,0,0.0,-1,46,False,False,False,"A:1,B:1,ESTOP:0,MODE:0",,,,nan,nan,nan,-1,9998000100000000.0,0.003414989135179437,-0.010893917441021571,0.2793525663317517,0.9601207237091903,0.0038746309394274117,-0.005009094953223725,0.0013788101090755204,0.16671305,-0.0,9.81645665
1786685063.836114,6.336,0.0,-1.0,0,0,,,,,,,,,,,,,,,,,,,,,,,,,,,0,0.0,-1,30,False,False,False,"A:1,B:1,ESTOP:0,MODE:0",,,,nan,nan,nan,-1,9998000100000000.0,0.003402821631964777,-0.010915639442327275,0.27932718811932195,0.9601279037700442,0.0016057029118347831,0.004747295565424576,0.0038222710618675817,0.2353596,-0.0196133,9.81645665
1786685063.886132,6.386,0.0,-1.0,0,0,,,,,,,,,,,,,,,,,,,,,,,,,,,0,0.0,-1,47,False,False,False,"A:1,B:1,ESTOP:0,MODE:0",,,,nan,nan,nan,-1,9998000100000000.0,0.0033812842919809954,-0.010903727694699978,0.27933542857964216,0.9601257177990413,-0.007958701389094143,-0.0015707963267948964,1.7453292519943296e-05,0.17651969999999997,-0.00980665,9.71839015
1786685063.936137,6.436,0.0,-1.0,0,0,,,,,,,,,,,,,,,,,,,,,,,,,,,0,0.0,-1,27,False,False,False,"A:1,B:1,ESTOP:0,MODE:0",,,,nan,nan,nan,-1,9998000100000000.0,0.003387320405441657,-0.010892881783962511,0.2793439284495281,0.9601233466723411,0.001361356816555577,0.0045029494701453706,0.004991641660703782,0.2353596,0.06864655,9.7870367
1786685063.986159,6.486,0.0,-1.0,0,0,,,,,,,,,,,,,,,,,,,,,,,,,,,0,0.0,-1,48,False,False,False,"A:1,B:1,ESTOP:0,MODE:0",,,,nan,nan,nan,-1,9998000100000000.0,0.0033715337976036376,-0.010870212933366933,0.279335532984873,0.9601261017401266,-0.001308996938995747,-0.001308996938995747,-0.0023038346126325153,0.26477955,-0.02941995,9.826263299999999
1786685064.036137,6.536,0.0,-1.0,0,0,,,,,,,,,,,,,,,,,,,,,,,,,,,0,0.0,-1,29,False,False,False,"A:1,B:1,ESTOP:0,MODE:0",,,,nan,nan,nan,-1,9998000100000000.0,0.003352243979414852,-0.010866738818792127,0.2793269907228446,0.9601286938225867,0.000890117918517108,0.002530727415391778,-0.008918632477691025,0.1372931,-0.00980665,9.77723005
1786685064.086140,6.586,0.0,-1.0,0,0,,,,,,,,,,,,,,,,,,,,,,,,,,,0,0.0,-1,41,False,False,False,"A:1,B:1,ESTOP:0,MODE:0",,,,nan,nan,nan,-1,9998000100000000.0,0.0033831318970871513,-0.010848668794304586,0.27931063830408126,0.9601335470308936,0.008429940287132611,-0.005358160803622592,-0.000890117918517108,0.18632634999999997,0.0196133,9.77723005
1786685064.136137,6.636,0.0,-1.0,0,0,,,,,,,,,,,,,,,,,,,,,,,,,,,0,0.0,-1,23,False,False,False,"A:1,B:1,ESTOP:0,MODE:0",,,,nan,nan,nan,-1,9998000100000000.0,0.0034188949568696083,-0.010847357438171296,0.27929423370780787,0.9601382072449002,-0.0064228116473391324,-0.0014660765716752368,-0.0008726646259971648,0.25497289999999995,0.00980665,9.826263299999999
1786685064.186162,6.686,0.0,-1.0,0,0,,,,,,,,,,,,,,,,,,,,,,,,,,,0,0.0,-1,40,False,False,False,"A:1,B:1,ESTOP:0,MODE:0",,,,nan,nan,nan,-1,9998000100000000.0,0.003438279164027823,-0.010850801625475652,0.27931115505610765,0.9601331767008668,0.0015533430342749533,0.008080874436733746,0.00747000919853573,0.17651969999999997,0.04903325,9.80665
1786685064.236177,6.736,0.0,-1.0,0,0,,,,,,,,,,,,,,,,,,,,,,,,,,,0,0.0,-1,19,False,False,False,"A:1,B:1,ESTOP:0,MODE:0",,,,nan,nan,nan,-1,9998000100000000.0,0.0034404322680972265,-0.010859270456693155,0.2792859932531788,0.9601403926736665,0.0024260076602721182,0.003682644721708035,8.726646259971648e-05,0.1569064,0.02941995,9.7870367
1786685064.286178,6.786,0.0,-1.0,0,0,,,,,,,,,,,,,,,,,,,,,,,,,,,0,0.0,-1,38,False,False,False,"A:1,B:1,ESTOP:0,MODE:0",,,,nan,nan,nan,-1,9998000100000000.0,0.003432931639769568,-0.010834193908831006,0.2792693119689569,0.9601455549108625,0.0044156830075456534,0.0016580627893946131,0.001780235837034216,0.18632634999999997,0.0196133,9.81645665
1786685064.336154,6.836,0.0,-1.0,0,0,,,,,,,,,,,,,,,,,,,,,,,,,,,0,0.0,-1,16,False,False,False,"A:1,B:1,ESTOP:0,MODE:0",,,,nan,nan,nan,-1,9998000100000000.0,0.0034128586691371697,-0.010858203322848281,0.27928573456121697,0.9601405783982393,-0.00614355896702004,-0.0027576202181510408,0.002897246558310587,0.1372931,0.0196133,9.845876599999999
1786685064.386147,6.886,0.0,-1.0,0,0,,,,,,,,,,,,,,,,,,,,,,,,,,,0,0.0,-1,27,False,False,False,"A:1,B:1,ESTOP:0,MODE:0",,,,nan,nan,nan,-1,9998000100000000.0,0.003426989822714926,-0.010845009857878547,0.2792691919038107,0.960145488952237,0.006492624817418906,0.0021991148575128553,0.00986111027376796,0.2353596,-0.0196133,9.757616749999999
1786685064.436179,6.936,0.0,-1.0,0,0,,,,,,,,,,,,,,,,,,,,,,,,,,,0,0.0,-1,0,False,False,False,"A:1,B:1,ESTOP:0,MODE:0",,,,nan,nan,nan,-1,9998000100000000.0,0.003448905817144638,-0.010856803129243555,0.27929446680222625,0.9601379253462169,-0.0073129295658562405,-0.0022689280275926286,0.002548180707911721,0.24516625,-0.04903325,9.8654899
1786685064.486156,6.986,0.0,-1.0,0,0,,,,,,,,,,,,,,,,,,,,,,,,,,,0,0.0,-1,0,False,False,False,"A:1,B:1,ESTOP:0,MODE:0",,,,nan,nan,nan,-1,9998000100000000.0,0.0034524101007611303,-0.010837608223644617,0.2792946121818569,0.9601380873180031,0.005445427266222308,0.0037175513067479217,0.0011693705988362008,0.18632634999999997,0.0,9.79684335
1786685064.536201,7.036,0.0,-1.0,0,0,,,,,,,,,,,,,,,,,,,,,,,,,,,0,0.0,-1,0,False,False,False,"A:1,B:1,ESTOP:0,MODE:0",,,,nan,nan,nan,-1,9998000100000000.0,0.0034271791033223865,-0.010844950043970921,0.27928594956135505,0.9601406146391005,-0.00614355896702004,0.0002617993877991494,-0.0006283185307179586,0.2353596,0.00980665,9.855683249999998
1786685064.586393,7.086,0.0,-1.0,0,0,,,,,,,,,,,,,,,,,,,,,,,,,,,0,0.0,-1,5,False,False,False,"A:1,B:1,ESTOP:0,MODE:0",,,,nan,nan,nan,-1,9998000100000000.0,0.003414303992108655,-0.010830510452915772,0.2793194211232531,0.960131086651687,-0.003438298626428829,-0.0025656340004316645,0.0012740903539558606,0.18632634999999997,-0.0392266,9.845876599999999
1786685064.636178,7.136,0.0,-1.0,0,0,,,,,,,,,,,,,,,,,,,,,,,,,,,0,0.0,-1,0,False,False,False,"A:1,B:1,ESTOP:0,MODE:0",,,,nan,nan,nan,-1,9998000100000000.0,0.003405925267622342,-0.010832947974285028,0.2793193265985839,0.960131116410551,0.005829399701661061,-0.007539822368615503,-0.009407324668249437,0.24516625,0.04903325,9.836069949999999
1786685064.686224,7.186,0.0,-1.0,0,0,,,,,,,,,,,,,,,,,,,,,,,,,,,0,0.0,-1,15,False,False,False,"A:1,B:1,ESTOP:0,MODE:0",,,,nan,nan,nan,-1,9998000100000000.0,0.003411677635996927,-0.010822191260795573,0.27930268917425827,0.9601360572606626,-0.0036302848441482054,0.0006981317007977319,-0.001064650843716541,0.24516625,0.0196133,9.7674234
1786685064.736236,7.236,0.0,-1.0,0,0,,,,,,,,,,,,,,,,,,,,,,,,,,,0,0.0,-1,7,False,False,False,"A:1,B:1,ESTOP:0,MODE:0",,,,nan,nan,nan,-1,9998000100000000.0,0.003416457702983899,-0.010838978637235213,0.27929425929177143,0.9601383031030092,-0.004939281783143952,-0.0,0.0006108652381980154,0.20593965,0.0196133,9.7870367
1786685064.786158,7.286,0.0,-1.0,0,0,,,,,,,,,,,,,,,,,,,,,,,,,,,0,0.0,-1,28,False,False,False,"A:1,B:1,ESTOP:0,MODE:0",,,,nan,nan,nan,-1,9998000100000000.0,0.0034081735245941724,-0.01084138619751381,0.27930254347016115,0.9601358955427306,-0.006824237375297829,5.235987755982989e-05,0.002286381320112572,0.21574629999999997,-0.0196133,9.79684335
1786685064.836138,7.336,0.0,-1.0,0,0,,,,,,,,,,,,,,,,,,,,,,,,,,,0,0.0,-1,10,False,False,False,"A:1,B:1,ESTOP:0,MODE:0",,,,nan,nan,nan,-1,9998000100000000.0,0.003416552290786195,-0.010838948822604659,0.2793026380684684,0.9601358657642466,0.008220500776893291,-0.004380776422505767,0.004206243497306334,0.16671305,-0.0196133,9.7870367
1786685064.886184,7.386,0.0,-1.0,0,0,,,,,,,,,,,,,,,,,,,,,,,,,,,0,0.0,-1,32,False,False,False,"A:1,B:1,ESTOP:0,MODE:0",,,,nan,nan,nan,-1,9998000100000000.0,0.0034092403082124794,-0.010813812478654473,0.27930271469524803,0.9601361528991927,0.0006632251157578452,0.0055152404363020815,1.7453292519943296e-05,0.20593965,0.10787314999999999,9.757616749999999
1786685064.936197,7.436,0.0,-1.0,0,0,,,,,,,,,,,,,,,,,,,,,,,,,,,0,0.0,-1,16,False,False,False,"A:1,B:1,ESTOP:0,MODE:0",,,,nan,nan,nan,-1,9998000100000000.0,0.0033948256159074585,-0.010827095636537306,0.2792941214699618,0.9601385539969933,-0.002617993877991494,0.0005585053606381855,-0.011955505376161158,0.24516625,0.0588399,9.747810099999999
1786685064.986144,7.486,0.0,-1.0,0,0,,,,,,,,,,,,,,,,,,,,,,,,,,,0,0.0,-1,40,False,False,False,"A:1,B:1,ESTOP:0,MODE:0",,,,nan,nan,nan,-1,9998000100000000.0,0.0033837262707759226,-0.010821242723841065,0.2792689162470548,0.9601459907329882,0.008552113334772215,0.003944444109507185,0.004468042885105484,0.14709974999999997,0.0392266,9.80665
1786685065.036172,7.536,0.0,-1.0,0,0,,,,,,,,,,,,,,,,,,,,,,,,,,,0,0.0,-1,27,False,False,False,"A:1,B:1,ESTOP:0,MODE:0",,,,nan,nan,nan,-1,9998000100000000.0,0.003357806185323205,-0.010856039732424393,0.27929359665514303,0.9601385100111256,0.007173303225696694,-0.002007128639793479,0.0030892327760299633,0.25497289999999995,-0.04903325,9.7674234
1786685065.086172,7.586,0.0,-1.0,0,0,,,,,,,,,,,,,,,,,,,,,,,,,,,0,0.0,-1,52,False,False,False,"A:1,B:1,ESTOP:0,MODE:0",,,,nan,nan,nan,-1,9998000100000000.0,0.0033551795974202437,-0.010847719492823215,0.27927686510718686,0.960143480094291,-0.004223696789826277,0.0012217304763960308,-0.0019896753472735357,0.25497289999999995,-0.00980665,9.826263299999999
1786685065.136167,7.636,0.0,-1.0,0,0,,,,,,,,,,,,,,,,,,,,,,,,,,,0,0.0,-1,40,False,False,False,"A:1,B:1,ESTOP:0,MODE:0",,,,nan,nan,nan,-1,9998000100000000.0,0.0033527424834102412,-0.010839340649275829,0.27927689115877546,0.9601435756577339,-0.0002617993877991494,-0.004171336912266448,0.0032637657012293962,0.30400615,-0.00980665,9.7674234
1786685065.186141,7.686,0.0,-1.0,0,0,,,,,,,,,,,,,,,,,,,,,,,,,,,0,0.0,-1,60,False,False,False,"A:1,B:1,ESTOP:0,MODE:0",,,,nan,nan,nan,-1,9998000100000000.0,0.0033804106940739194,-0.010840378538639873,0.27928552782521837,0.9601409547374112,-0.008796459430051421,0.006126105674500096,-0.00926769832808989,0.22555294999999997,0.0196133,9.836069949999999
1786685065.236112,7.736,0.0,-1.0,0,0,,,,,,,,,,,,,,,,,,,,,,,,,,,0,0.0,-1,35,False,False,False,"A:1,B:1,ESTOP:0,MODE:0",,,,nan,nan,nan,-1,9998000100000000.0,0.003377001021151806,-0.0108595439377416,0.2792937601366835,0.9601383555083507,-0.003525565089028546,-0.0050789081233034985,-0.013543754995475998,0.21574629999999997,0.00980665,9.79684335
1786685065.286160,7.786,0.0,-1.0,0,0,,,,,,,,,,,,,,,,,,,,,,,,,,,0,0.0,-1,49,False,False,False,"A:1,B:1,ESTOP:0,MODE:0",,,,nan,nan,nan,-1,9998000100000000.0,0.003363653072616494,-0.010845252989002262,0.2792853385823831,0.96014101359047,0.0019198621771937625,0.013194689145077132,-0.005532693728822024,0.16671305,0.0392266,9.836069949999999
1786685065.336153,7.836,0.0,-1.0,0,0,,,,,,,,,,,,,,,,,,,,,,,,,,,0,0.0,-1,33,False,False,False,"A:1,B:1,ESTOP:0,MODE:0",,,,nan,nan,nan,-1,9998000100000000.0,0.003349332637842528,-0.01085850625728628,0.27928512310766235,0.9601409765359874,-0.0022165681500327986,0.003159045946109736,0.007347836150896127,0.18632634999999997,-0.00980665,9.7870367
1786685065.386139,7.886,0.0,-1.0,0,0,,,,,,,,,,,,,,,,,,,,,,,,,,,0,0.0,-1,50,False,False,False,"A:1,B:1,ESTOP:0,MODE:0",,,,nan,nan,nan,-1,9998000100000000.0,0.003350210851045018,-0.010830991041420383,0.27926853834428517,0.9601461082623626,-0.0008726646259971648,0.0013788101090755204,-0.0021642082724729686,0.28439285,-0.0196133,9.77723005
1786685065.436149,7.936,0.0,-1.0,0,0,,,,,,,,,,,,,,,,,,,,,,,,,,,0,0.0,-1,25,False,False,False,"A:1,B:1,ESTOP:0,MODE:0",,,,nan,nan,nan,-1,9998000100000000.0,0.003335795548449599,-0.010844273171167276,0.27925994422381484,0.9601485081796254,-0.002478367537831948,-0.0020943951023931952,-0.001239183768915974,0.2745862,0.02941995,9.826263299999999
1786685065.486121,7.986,0.0,-1.0,0,0,,,,,,,,,,,,,,,,,,,,,,,,,,,0,0.0,-1,34,False,False,False,"A:1,B:1,ESTOP:0,MODE:0",,,,nan,nan,nan,-1,9998000100000000.0,0.0033320062061580487,-0.010863555178910684,0.27923466029859917,0.9601556568554095,0.0026005405854715507,-0.0037000980142279784,0.005235987755982988,0.2353596,0.0196133,9.7870367
1786685065.536236,8.036,0.0,-1.0,0,0,,,,,,,,,,,,,,,,,,,,,,,,,,,0,0.0,-1,19,False,False,False,"A:1,B:1,ESTOP:0,MODE:0",,,,nan,nan,nan,-1,9998000100000000.0,0.0033513904974055266,-0.010867002069902572,0.2792515815301322,0.960150629151836,0.007243116395776467,-0.01038470904936626,0.0037699111843077517,0.2353596,0.00980665,9.79684335
1786685065.586227,8.086,0.0,-1.0,0,0,,,,,,,,,,,,,,,,,,,,,,,,,,,0,0.0,-1,39,False,False,False,"A:1,B:1,ESTOP:0,MODE:0",,,,nan,nan,nan,-1,9998000100000000.0,0.0033407642673207345,-0.01086100178833804,0.2792682706743149,0.9601458800249271,-0.0,-0.0012217304763960308,0.008429940287132611,0.20593965,0.04903325,9.77723005
1786685065.636135,8.136,0.0,-1.0,0,0,,,,,,,,,,,,,,,,,,,,,,,,,,,0,0.0,-1,11,False,False,False,"A:1,B:1,ESTOP:0,MODE:0",,,,nan,nan,nan,-1,9998000100000000.0,0.0033694056009023173,-0.010834495750373025,0.2792687014549567,0.9601459541108289,0.0045029494701453706,0.0038746309394274117,0.000767944870877505,0.2353596,0.02941995,9.875296549999998
1786685065.686221,8.186,0.0,-1.0,0,0,,,,,,,,,,,,,,,,,,,,,,,,,,,0,0.0,-1,18,False,False,False,"A:1,B:1,ESTOP:0,MODE:0",,,,nan,nan,nan,-1,9998000100000000.0,0.0033921051250660303,-0.01081880564238556,0.2792690106695784,0.9601459611678463,-0.007487462491055674,-0.0012915436464758037,0.0021118483949131386,0.16671305,0.0588399,9.81645665
1786685065.736169,8.236,0.0,-1.0,0,0,,,,,,,,,,,,,,,,,,,,,,,,,,,0,0.0,-1,0,False,False,False,"A:1,B:1,ESTOP:0,MODE:0",,,,nan,nan,nan,-1,9998000100000000.0,0.003411394310523124,-0.010822280574598503,0.27927755277534616,0.9601433690589322,0.0050789081233034985,0.007243116395776467,0.0018675022996339325,0.21574629999999997,0.06864655,9.826263299999999
1786685065.786234,8.286,0.0,-1.0,0,0,,,,,,,,,,,,,,,,,,,,,,,,,,,0,0.0,-1,0,False,False,False,"A:1,B:1,ESTOP:0,MODE:0",,,,nan,nan,nan,-1,9998000100000000.0,0.003394447676904717,-0.010827214131710096,0.2792606061417277,0.9601483026160438,0.004118977034706617,0.001832595714594046,0.0031066860685499066,0.21574629999999997,-0.04903325,9.747810099999999
1786685065.836136,8.336,0.0,-1.0,0,0,,,,,,,,,,,,,,,,,,,,,,,,,,,0,0.0,-1,0,False,False,False,"A:1,B:1,ESTOP:0,MODE:0",,,,nan,nan,nan,-1,9998000100000000.0,0.003371369527259085,-0.010843021729709447,0.2792267810182842,0.9601580429853445,0.0069638637154573755,-0.0040666171571467884,0.0005410520681182421,0.24516625,-0.0392266,9.80665
1786685065.886129,8.386,0.0,-1.0,0,0,,,,,,,,,,,,,,,,,,,,,,,,,,,0,0.0,-1,17,False,False,False,"A:1,B:1,ESTOP:0,MODE:0",,,,nan,nan,nan,-1,9998000100000000.0,0.0033486693231926834,-0.010858710836114512,0.27922647091198016,0.9601580353018886,0.0008203047484373349,0.0009948376736367678,-0.0016929693744344998,0.22555294999999997,-0.00980665,9.836069949999999
1786685065.936157,8.436,0.0,-1.0,0,0,,,,,,,,,,,,,,,,,,,,,,,,,,,0,0.0,-1,0,False,False,False,"A:1,B:1,ESTOP:0,MODE:0",,,,nan,nan,nan,-1,9998000100000000.0,0.0033270380482965886,-0.010846826315646952,0.27922633390235085,0.960158284676103,0.0008203047484373349,0.0016929693744344998,0.0004014257279586958,0.21574629999999997,0.0588399,9.7674234
1786685065.986220,8.486,0.0,-1.0,0,0,,,,,,,,,,,,,,,,,,,,,,,,,,,0,0.0,-1,16,False,False,False,"A:1,B:1,ESTOP:0,MODE:0",,,,nan,nan,nan,-1,9998000100000000.0,0.0033126220316503927,-0.010860107611372113,0.27921773916279485,0.9601606838101434,0.0008377580409572782,-0.004590215932745087,-0.0025656340004316645,0.28439285,0.04903325,9.77723005
1786685066.036142,8.536,0.0,-1.0,0,0,,,,,,,,,,,,,,,,,,,,,,,,,,,0,0.0,-1,3,False,False,False,"A:1,B:1,ESTOP:0,MODE:0",,,,nan,nan,nan,-1,9998000100000000.0,0.0033261589151609393,-0.010874341882112644,0.27924291803069257,0.9601531534527217,0.003979350694547071,0.0015184364492350666,0.0013264502315156904,0.196133,-0.02941995,9.7870367
1786685066.086118,8.586,0.0,-1.0,0,0,,,,,,,,,,,,,,,,,,,,,,,,,,,0,0.0,-1,17,False,False,False,"A:1,B:1,ESTOP:0,MODE:0",,,,nan,nan,nan,-1,9998000100000000.0,0.0033559793492732755,-0.01088384774141725,0.2792263923614858,0.9601577480131785,0.0009948376736367678,0.004782202150464463,-0.0016406094968746698,0.21574629999999997,0.00980665,9.79684335
1786685066.136149,8.636,0.0,-1.0,0,0,,,,,,,,,,,,,,,,,,,,,,,,,,,0,0.0,-1,7,False,False,False,"A:1,B:1,ESTOP:0,MODE:0",,,,nan,nan,nan,-1,9998000100000000.0,0.0033719538590350298,-0.010906459655771531,0.2792515455748925,0.960150120220262,-0.0006457718232379018,0.0074176493209759005,-0.0021642082724729686,0.21574629999999997,-0.00980665,9.836069949999999
1786685066.186128,8.686,0.0,-1.0,0,0,,,,,,,,,,,,,,,,,,,,,,,,,,,0,0.0,-1,27,False,False,False,"A:1,B:1,ESTOP:0,MODE:0",,,,nan,nan,nan,-1,9998000100000000.0,0.0033408751911221893,-0.01092458626674904,0.27925113818580594,0.9601501412746808,-0.0005759586531581288,-0.0054105206811824215,0.010663961729685353,0.22555294999999997,-0.0196133,9.855683249999998
1786685066.236114,8.736,0.0,-1.0,0,0,,,,,,,,,,,,,,,,,,,,,,,,,,,0,0.0,-1,7,False,False,False,"A:1,B:1,ESTOP:0,MODE:0",,,,nan,nan,nan,-1,9998000100000000.0,0.0033361917759664387,-0.010907770240446197,0.2792679489300281,0.9601454593306323,0.0029321531433504737,-0.007557275661135447,0.0021118483949131386,0.28439285,0.02941995,9.836069949999999
1786685066.286436,8.786,0.0,-1.0,0,0,,,,,,,,,,,,,,,,,,,,,,,,,,,0,0.0,-1,31,False,False,False,"A:1,B:1,ESTOP:0,MODE:0",,,,nan,nan,nan,-1,9998000100000000.0,0.003325471018790228,-0.010901799434140285,0.27927625911533677,0.9601431471953255,-0.002286381320112572,-0.00312413936106985,0.0010122909661567112,0.196133,0.08825984999999999,9.79684335
1786685066.336201,8.836,0.0,-1.0,0,0,,,,,,,,,,,,,,,,,,,,,,,,,,,0,0.0,-1,18,False,False,False,"A:1,B:1,ESTOP:0,MODE:0",,,,nan,nan,nan,-1,9998000100000000.0,0.003350702578676597,-0.010894458755057514,0.2792849232462798,0.9601406226214905,0.004956735075663896,0.0022165681500327986,-0.0006806784082777885,0.22555294999999997,0.00980665,9.7870367
1786685066.386322,8.886,0.0,-1.0,0,0,,,,,,,,,,,,,,,,,,,,,,,,,,,0,0.0,-1,35,False,False,False,"A:1,B:1,ESTOP:0,MODE:0",,,,nan,nan,nan,-1,9998000100000000.0,0.0033532349110240328,-0.010902808309832633,0.2792932757161082,0.960138089405038,-0.0019024088846738192,-0.0007155849933176752,0.0023911010752322315,0.22555294999999997,-0.00980665,9.7674234
1786685066.436144,8.936,0.0,-1.0,0,0,,,,,,,,,,,,,,,,,,,,,,,,,,,0,0.0,-1,26,False,False,False,"A:1,B:1,ESTOP:0,MODE:0",,,,nan,nan,nan,-1,9998000100000000.0,0.00335333005584771,-0.01090277904692259,0.27930165449094035,0.9601356520748585,0.00301941960595019,-0.0016580627893946131,0.0020943951023931952,0.22555294999999997,0.0392266,9.826263299999999
1786685066.486420,8.986,0.0,-1.0,0,0,,,,,,,,,,,,,,,,,,,,,,,,,,,0,0.0,-1,49,False,False,False,"A:1,B:1,ESTOP:0,MODE:0",,,,nan,nan,nan,-1,9998000100000000.0,0.003353805776135391,-0.01090263271991801,0.2793435480460378,0.9601234643271882,-0.005323254218582705,0.003944444109507185,-0.0038746309394274117,0.16671305,-0.0392266,9.7870367
1786685066.536213,9.036,0.0,-1.0,0,0,,,,,,,,,,,,,,,,,,,,,,,,,,,0,0.0,-1,34,False,False,False,"A:1,B:1,ESTOP:0,MODE:0",,,,nan,nan,nan,-1,9998000100000000.0,0.003347864817847883,-0.010913449118730998,0.2793434264654563,0.960123397548478,0.0018849555921538759,-0.0012217304763960308,0.004485496177625427,0.25497289999999995,0.0196133,9.7674234
1786685066.586234,9.086,0.0,-1.0,0,0,,,,,,,,,,,,,,,,,,,,,,,,,,,0,0.0,-1,58,False,False,False,"A:1,B:1,ESTOP:0,MODE:0",,,,nan,nan,nan,-1,9998000100000000.0,0.003362279555864457,-0.010900165646164833,0.27935202182576685,0.9601209972534351,-0.005235987755982988,-0.002670353755551324,0.0008377580409572782,0.14709974999999997,-0.0196133,9.747810099999999
1786685066.636394,9.136,0.0,-1.0,0,0,,,,,,,,,,,,,,,,,,,,,,,,,,,0,0.0,-1,36,False,False,False,"A:1,B:1,ESTOP:0,MODE:0",,,,nan,nan,nan,-1,9998000100000000.0,0.003354186347768255,-0.010902515643369238,0.2793770625072015,0.9601137128129345,-0.0002443460952792061,-0.0070685834705770355,0.0043982297150257105,0.20593965,0.00980665,9.826263299999999
1786685066.686321,9.186,0.0,-1.0,0,0,,,,,,,,,,,,,,,,,,,,,,,,,,,0,0.0,-1,48,False,False,False,"A:1,B:1,ESTOP:0,MODE:0",,,,nan,nan,nan,-1,9998000100000000.0,0.003362850282593872,-0.010899989582677334,0.279402293260673,0.9601063690996697,-0.0018849555921538759,0.0014486232791552935,0.0037524578917878084,0.2353596,-0.0392266,9.7870367
1786685066.736252,9.236,0.0,-1.0,0,0,,,,,,,,,,,,,,,,,,,,,,,,,,,0,0.0,-1,28,False,False,False,"A:1,B:1,ESTOP:0,MODE:0",,,,nan,nan,nan,-1,9998000100000000.0,0.003365288492416102,-0.010908368101110516,0.27940226697451503,0.9601062730491012,0.0007155849933176752,0.0024260076602721182,0.0076445421237351634,0.21574629999999997,0.0196133,9.79684335
1786685066.786182,9.286,0.0,-1.0,0,0,,,,,,,,,,,,,,,,,,,,,,,,,,,0,0.0,-1,52,False,False,False,"A:1,B:1,ESTOP:0,MODE:0",,,,nan,nan,nan,-1,9998000100000000.0,0.003379702377060207,-0.010895083598010141,0.2794108619563268,0.9601038719774322,-0.007976154681614086,0.01265363707695889,-0.0006806784082777885,0.22555294999999997,-0.02941995,9.826263299999999
1786685066.836125,9.336,0.0,-1.0,0,0,,,,,,,,,,,,,,,,,,,,,,,,,,,0,0.0,-1,25,False,False,False,"A:1,B:1,ESTOP:0,MODE:0",,,,nan,nan,nan,-1,9998000100000000.0,0.003368695555792607,-0.01088920221562177,0.2793940360422762,0.9601088739249143,-0.002722713633111154,-0.002949606435870417,0.004799655442984407,0.25497289999999995,-0.0,9.80665
1786685066.886193,9.386,0.0,-1.0,0,0,,,,,,,,,,,,,,,,,,,,,,,,,,,0,0.0,-1,43,False,False,False,"A:1,B:1,ESTOP:0,MODE:0",,,,nan,nan,nan,-1,9998000100000000.0,0.003365288492416102,-0.010908368101110516,0.27940226697451503,0.9601062730491012,-0.0005585053606381855,-0.0044156830075456534,0.004485496177625427,0.28439285,0.00980665,9.79684335
1786685066.936159,9.436,0.0,-1.0,0,0,,,,,,,,,,,,,,,,,,,,,,,,,,,0,0.0,-1,21,False,False,False,"A:1,B:1,ESTOP:0,MODE:0",,,,nan,nan,nan,-1,9998000100000000.0,0.003354376632052101,-0.010902457100113198,0.2793938196101312,0.9601088366171057,0.003787364476827695,-0.0012915436464758037,0.0032288591161895096,0.20593965,0.0196133,9.81645665
1786685066.986278,9.486,0.0,-1.0,0,0,,,,,,,,,,,,,,,,,,,,,,,,,,,0,0.0,-1,35,False,False,False,"A:1,B:1,ESTOP:0,MODE:0",,,,nan,nan,nan,-1,9998000100000000.0,0.0033579738621813105,-0.010883232543321365,0.27940234576915585,0.960106560981458,-0.002373647782712288,0.0020943951023931952,0.0010821041362364843,0.20593965,0.0,9.7674234
1786685067.036227,9.536,0.0,-1.0,0,0,,,,,,,,,,,,,,,,,,,,,,,,,,,0,0.0,-1,21,False,False,False,"A:1,B:1,ESTOP:0,MODE:0",,,,nan,nan,nan,-1,9998000100000000.0,0.0033722926734111192,-0.010869977529414635,0.27940256175093364,0.9601065981012996,0.0012915436464758037,0.003996803987067015,0.00012217304763960306,0.196133,0.06864655,9.738003449999999
1786685067.086313,9.586,0.0,-1.0,0,0,,,,,,,,,,,,,,,,,,,,,,,,,,,0,0.0,-1,48,False,False,False,"A:1,B:1,ESTOP:0,MODE:0",,,,nan,nan,nan,-1,9998000100000000.0,0.0033723875317314632,-0.01086994810019549,0.27941094025094815,0.960104159817421,0.0021467549799530253,-0.005235987755982988,0.0064228116473391324,0.22555294999999997,-0.00980665,9.77723005
1786685067.136241,9.636,0.0,-1.0,0,0,,,,,,,,,,,,,,,,,,,,,,,,,,,0,0.0,-1,32,False,False,False,"A:1,B:1,ESTOP:0,MODE:0",,,,nan,nan,nan,-1,9998000100000000.0,0.0033724823897949858,-0.010869918670148552,0.27941931872968434,0.9601017214604263,-0.008429940287132611,-0.003246312408709453,-0.0010122909661567112,0.3138128,0.0784532,9.894909849999998
1786685067.186188,9.686,0.0,-1.0,0,0,,,,,,,,,,,,,,,,,,,,,,,,,,,0,0.0,-1,57,False,False,False,"A:1,B:1,ESTOP:0,MODE:0",,,,nan,nan,nan,-1,9998000100000000.0,0.0033676056787258204,-0.010853161710022109,0.2794193708213781,0.960101912987717,-0.006457718232379019,-0.0017453292519943296,-0.004694935687864747,0.1569064,0.0392266,9.836069949999999
1786685067.236121,9.736,0.0,-1.0,0,0,,,,,,,,,,,,,,,,,,,,,,,,,,,0,0.0,-1,37,False,False,False,"A:1,B:1,ESTOP:0,MODE:0",,,,nan,nan,nan,-1,9998000100000000.0,0.0033486944233764317,-0.01084957235063861,0.2794443428331587,0.9600947517219387,-0.0003665191429188092,-0.0007853981633974482,0.0056199601914217415,0.2745862,0.02941995,9.7674234
1786685067.286316,9.786,0.0,-1.0,0,0,,,,,,,,,,,,,,,,,,,,,,,,,,,0,0.0,-1,55,False,False,False,"A:1,B:1,ESTOP:0,MODE:0",,,,nan,nan,nan,-1,9998000100000000.0,0.0033463504533227367,-0.010841164730799414,0.27945274737200887,0.9600924086108377,0.003351032163829113,0.00471238898038469,-0.0017453292519943296,0.22555294999999997,-0.08825984999999999,9.757616749999999
1786685067.336221,9.836,0.0,-1.0,0,0,,,,,,,,,,,,,,,,,,,,,,,,,,,0,0.0,-1,37,False,False,False,"A:1,B:1,ESTOP:0,MODE:0",,,,nan,nan,nan,-1,9998000100000000.0,0.0033260925970582038,-0.01086523757380892,0.2794524107108069,0.9600923048688699,0.0029146998508305304,-0.004642575810304917,0.0008552113334772215,0.16671305,-0.08825984999999999,9.81645665
1786685067.386257,9.886,0.0,-1.0,0,0,,,,,,,,,,,,,,,,,,,,,,,,,,,0,0.0,-1,57,False,False,False,"A:1,B:1,ESTOP:0,MODE:0",,,,nan,nan,nan,-1,9998000100000000.0,0.003309525543501107,-0.010870057176361535,0.2794689777643641,0.9600874852663173,0.0017453292519943296,0.005916666164260778,-0.003735004599267865,0.12748644999999997,-0.00980665,9.7870367
1786685067.436119,9.936,0.0,-1.0,0,0,,,,,,,,,,,,,,,,,,,,,,,,,,,0,0.0,-1,35,False,False,False,"A:1,B:1,ESTOP:0,MODE:0",,,,nan,nan,nan,-1,9998000100000000.0,0.0033133412021587017,-0.010914387749339255,0.27946874955605655,0.9600870356023506,0.001832595714594046,-0.0006981317007977319,-5.235987755982989e-05,0.25497289999999995,0.0392266,9.836069949999999
1786685067.486536,9.987,0.0,-1.0,0,0,,,,,,,,,,,,,,,,,,,,,,,,,,,0,0.0,-1,58,False,False,False,"A:1,B:1,ESTOP:0,MODE:0",,,,nan,nan,nan,-1,9998000100000000.0,0.003277389037023419,-0.010915764695661077,0.27946839540451984,0.9600872464376515,-0.004939281783143952,-0.00486946861306418,0.0014835298641951802,0.24516625,-0.02941995,9.836069949999999
1786685067.536183,10.036,0.0,-1.0,0,0,,,,,,,,,,,,,,,,,,,,,,,,,,,0,0.0,-1,34,False,False,False,"A:1,B:1,ESTOP:0,MODE:0",,,,nan,nan,nan,-1,9998000100000000.0,0.0032835189026318955,-0.01090489021909738,0.27948527420238856,0.9600824357194236,-0.005340707511102648,0.0028623399732707008,-0.0005585053606381855,0.20593965,-0.0196133,9.836069949999999
1786685067.586158,10.086,0.0,-1.0,0,0,,,,,,,,,,,,,,,,,,,,,,,,,,,0,0.0,-1,48,False,False,False,"A:1,B:1,ESTOP:0,MODE:0",,,,nan,nan,nan,-1,9998000100000000.0,0.0032848964006057108,-0.010940842402670709,0.27948507096845565,0.9600820811414587,-0.002897246558310587,-0.0016231562043547264,-0.007452555906015787,0.22555294999999997,-0.06864655,9.79684335
1786685067.636116,10.136,0.0,-1.0,0,0,,,,,,,,,,,,,,,,,,,,,,,,,,,0,0.0,-1,30,False,False,False,"A:1,B:1,ESTOP:0,MODE:0",,,,nan,nan,nan,-1,9998000100000000.0,0.0033266925104107332,-0.01092867658679813,0.2794771697806268,0.9600843758318396,0.0013264502315156904,-0.006440264939859076,0.00015707963267948965,0.18632634999999997,0.04903325,9.836069949999999
1786685067.686200,10.186,0.0,-1.0,0,0,,,,,,,,,,,,,,,,,,,,,,,,,,,0,0.0,-1,53,False,False,False,"A:1,B:1,ESTOP:0,MODE:0",,,,nan,nan,nan,-1,9998000100000000.0,0.0033327272322217893,-0.01091783027971128,0.27948567005479386,0.9600820038648793,0.004572762640225144,-0.007086036763096978,0.004241150082346221,0.28439285,0.00980665,9.8654899
1786685067.736194,10.236,0.0,-1.0,0,0,,,,,,,,,,,,,,,,,,,,,,,,,,,0,0.0,-1,32,False,False,False,"A:1,B:1,ESTOP:0,MODE:0",,,,nan,nan,nan,-1,9998000100000000.0,0.0033470448811173245,-0.010904574027726918,0.2794858870050802,0.9600820415572938,-0.0003839724354387525,0.0023387411976724015,0.006579891280018622,0.18632634999999997,0.06864655,9.7870367
1786685067.786273,10.286,0.0,-1.0,0,0,,,,,,,,,,,,,,,,,,,,,,,,,,,0,0.0,-1,56,False,False,False,"A:1,B:1,ESTOP:0,MODE:0",,,,nan,nan,nan,-1,9998000100000000.0,0.003382901855332996,-0.010903225951091233,0.2794778630228014,0.9600842669886351,0.0017976891295541594,-0.007871434926494426,-0.0015009831567151233,0.20593965,-0.02941995,9.81645665
1786685067.836162,10.336,0.0,-1.0,0,0,,,,,,,,,,,,,,,,,,,,,,,,,,,0,0.0,-1,32,False,False,False,"A:1,B:1,ESTOP:0,MODE:0",,,,nan,nan,nan,-1,9998000100000000.0,0.003352794102842949,-0.010893815265568848,0.2794692518647226,0.9600869860709684,0.0066322511575784525,0.0032637657012293962,-0.008464846872172497,0.20593965,-0.00980665,9.80665
1786685067.886278,10.386,0.0,-1.0,0,0,,,,,,,,,,,,,,,,,,,,,,,,,,,0,0.0,-1,49,False,False,False,"A:1,B:1,ESTOP:0,MODE:0",,,,nan,nan,nan,-1,9998000100000000.0,0.0033420719807892574,-0.010887846580396534,0.2794775615140929,0.9600846722877381,-0.0005235987755982988,0.0022689280275926286,0.0021118483949131386,0.196133,0.0392266,9.80665
1786685067.936149,10.436,0.0,-1.0,0,0,,,,,,,,,,,,,,,,,,,,,,,,,,,0,0.0,-1,30,False,False,False,"A:1,B:1,ESTOP:0,MODE:0",,,,nan,nan,nan,-1,9998000100000000.0,0.0033311598275283295,-0.01088193622335717,0.2794691146072149,0.9600872360462323,-0.008813912722571364,-0.0021118483949131386,0.002530727415391778,0.3334261,0.0784532,9.845876599999999
1786685067.986198,10.486,0.0,-1.0,0,0,,,,,,,,,,,,,,,,,,,,,,,,,,,0,0.0,-1,52,False,False,False,"A:1,B:1,ESTOP:0,MODE:0",,,,nan,nan,nan,-1,9998000100000000.0,0.0033429441427882825,-0.010860331035207291,0.2794609786771863,0.9600898079508257,0.011903145498601329,-0.0009948376736367678,0.006475171524898963,0.20593965,0.00980665,9.79684335
1786685068.036262,10.536,0.0,-1.0,0,0,,,,,,,,,,,,,,,,,,,,,,,,,,,0,0.0,-1,35,False,False,False,"A:1,B:1,ESTOP:0,MODE:0",,,,nan,nan,nan,-1,9998000100000000.0,0.0033572621482099653,-0.010847075144670034,0.27946119427437355,0.960089845090768,0.0033684854563490563,-0.004258603374866164,-0.00015707963267948965,0.18632634999999997,0.06864655,9.845876599999999
1786685068.086196,10.586,0.0,-1.0,0,0,,,,,,,,,,,,,,,,,,,,,,,,,,,0,0.0,-1,55,False,False,False,"A:1,B:1,ESTOP:0,MODE:0",,,,nan,nan,nan,-1,9998000100000000.0,0.0033214046329009803,-0.010848422815107126,0.2794692201878261,0.9600876183772488,-0.001954768762233649,0.002617993877991494,-0.0012217304763960308,0.2353596,-0.0196133,9.7870367
1786685068.136181,10.636,0.0,-1.0,0,0,,,,,,,,,,,,,,,,,,,,,,,,,,,0,0.0,-1,32,False,False,False,"A:1,B:1,ESTOP:0,MODE:0",,,,nan,nan,nan,-1,9998000100000000.0,0.0033084323223244055,-0.010834018324251966,0.279494313260722,0.9600805211946736,0.006126105674500096,0.003892084231947355,-0.004031710572106902,0.16671305,-0.04903325,9.80665
1786685068.186184,10.686,0.0,-1.0,0,0,,,,,,,,,,,,,,,,,,,,,,,,,,,0,0.0,-1,52,False,False,False,"A:1,B:1,ESTOP:0,MODE:0",,,,nan,nan,nan,-1,9998000100000000.0,0.0033361952949819986,-0.010835021242150088,0.27951132714237414,0.9600754606356442,0.007609635538695277,-0.0012042771838760874,0.004101523742186674,0.2353596,0.08825984999999999,9.80665
1786685068.236161,10.736,0.0,-1.0,0,0,,,,,,,,,,,,,,,,,,,,,,,,,,,0,0.0,-1,32,False,False,False,"A:1,B:1,ESTOP:0,MODE:0",,,,nan,nan,nan,-1,9998000100000000.0,0.003325377891644411,-0.010829082189451382,0.27951125883004196,0.9600755850598729,-6.981317007977319e-05,0.004310963252425994,0.0064053583548191895,0.20593965,0.0,9.747810099999999
1786685068.286267,10.786,0.0,-1.0,0,0,,,,,,,,,,,,,,,,,,,,,,,,,,,0,0.0,-1,54,False,False,False,"A:1,B:1,ESTOP:0,MODE:0",,,,nan,nan,nan,-1,9998000100000000.0,0.0033204052068512672,-0.010812354665863885,0.279502933017282,0.9600782146942918,-0.0026354471705114374,0.0037175513067479217,-0.004310963252425994,0.196133,-0.0,9.79684335
1786685068.336158,10.836,0.0,-1.0,0,0,,,,,,,,,,,,,,,,,,,,,,,,,,,0,0.0,-1,36,False,False,False,"A:1,B:1,ESTOP:0,MODE:0",,,,nan,nan,nan,-1,9998000100000000.0,0.0033167160818008074,-0.010831608220056394,0.2794860295012455,0.960082931298869,-0.0037699111843077517,0.0028099800957108708,-0.002286381320112572,0.18632634999999997,-0.0392266,9.845876599999999
1786685068.386235,10.886,0.0,-1.0,0,0,,,,,,,,,,,,,,,,,,,,,,,,,,,0,0.0,-1,57,False,False,False,"A:1,B:1,ESTOP:0,MODE:0",,,,nan,nan,nan,-1,9998000100000000.0,0.003305216215301247,-0.0108531274256658,0.27951930049462326,0.9600730419201704,-0.0007155849933176752,0.0015533430342749533,0.004468042885105484,0.16671305,0.0392266,9.7674234
1786685068.436122,10.936,0.0,-1.0,0,0,,,,,,,,,,,,,,,,,,,,,,,,,,,0,0.0,-1,36,False,False,False,"A:1,B:1,ESTOP:0,MODE:0",,,,nan,nan,nan,-1,9998000100000000.0,0.003324601371543563,-0.010856569093906455,0.2795362198970215,0.9600680099341471,-0.0023387411976724015,0.01228711793404008,-0.0051836278784231585,0.24516625,-0.0196133,9.826263299999999
1786685068.486221,10.986,0.0,-1.0,0,0,,,,,,,,,,,,,,,,,,,,,,,,,,,0,0.0,-1,53,False,False,False,"A:1,B:1,ESTOP:0,MODE:0",,,,nan,nan,nan,-1,9998000100000000.0,0.0033114390440630703,-0.01084222324344592,0.2795445561748484,0.960065790287105,0.0060911990894602095,0.0013788101090755204,-0.00034906585039886593,0.2745862,0.02941995,9.81645665
1786685068.536163,11.036,0.0,-1.0,0,0,,,,,,,,,,,,,,,,,,,,,,,,,,,0,0.0,-1,33,False,False,False,"A:1,B:1,ESTOP:0,MODE:0",,,,nan,nan,nan,-1,9998000100000000.0,0.0033116282760525338,-0.01084216544628026,0.27956131244134674,0.9600609111679678,-0.0018675022996339325,0.0010821041362364843,-0.005323254218582705,0.16671305,0.0196133,9.836069949999999
1786685068.586228,11.086,0.0,-1.0,0,0,,,,,,,,,,,,,,,,,,,,,,,,,,,0,0.0,-1,55,False,False,False,"A:1,B:1,ESTOP:0,MODE:0",,,,nan,nan,nan,-1,9998000100000000.0,0.003284243544417606,-0.01084104890151245,0.279577811305089,0.9600562133692547,0.005340707511102648,0.0017278759594743863,0.0009075712110370514,0.26477955,0.0196133,9.757616749999999
1786685068.636115,11.136,0.0,-1.0,0,0,,,,,,,,,,,,,,,,,,,,,,,,,,,0,0.0,-1,37,False,False,False,"A:1,B:1,ESTOP:0,MODE:0",,,,nan,nan,nan,-1,9998000100000000.0,0.003303534073931764,-0.01084451859594559,0.2795863520557873,0.9600536208062452,-6.981317007977319e-05,-0.004345869837465881,0.003159045946109736,0.2353596,0.00980665,9.81645665
1786685068.686128,11.186,0.0,-1.0,0,0,,,,,,,,,,,,,,,,,,,,,,,,,,,0,0.0,-1,52,False,False,False,"A:1,B:1,ESTOP:0,MODE:0",,,,nan,nan,nan,-1,9998000100000000.0,0.0033397699580096996,-0.010843049809879619,0.27961183826685737,0.9600460895751188,-0.0005410520681182421,-0.005026548245743669,0.006440264939859076,0.18632634999999997,-0.0392266,9.826263299999999
1786685068.736206,11.236,0.0,-1.0,0,0,,,,,,,,,,,,,,,,,,,,,,,,,,,0,0.0,-1,35,False,False,False,"A:1,B:1,ESTOP:0,MODE:0",,,,nan,nan,nan,-1,9998000100000000.0,0.003357908096821259,-0.010874121699287217,0.2796118281196817,0.9600456778227023,-0.010157816246606997,0.0015009831567151233,0.001117010721276371,0.24516625,0.0196133,9.79684335
1786685068.786169,11.286,0.0,-1.0,0,0,,,,,,,,,,,,,,,,,,,,,,,,,,,0,0.0,-1,53,False,False,False,"A:1,B:1,ESTOP:0,MODE:0",,,,nan,nan,nan,-1,9998000100000000.0,0.0033556577006162475,-0.01086568514405151,0.27962861025874997,0.9600408932813782,-0.003787364476827695,0.002356194490192345,0.0030019663134302466,0.196133,-0.0392266,9.845876599999999
1786685068.836118,11.336,0.0,-1.0,0,0,,,,,,,,,,,,,,,,,,,,,,,,,,,0,0.0,-1,32,False,False,False,"A:1,B:1,ESTOP:0,MODE:0",,,,nan,nan,nan,-1,9998000100000000.0,0.003377009165858837,-0.01087764901022547,0.27960361378099224,0.9600479632402298,-0.0011693705988362008,-0.00010471975511965978,-0.00017453292519943296,0.2353596,-0.00980665,9.845876599999999
1786685068.886194,11.386,0.0,-1.0,0,0,,,,,,,,,,,,,,,,,,,,,,,,,,,0,0.0,-1,52,False,False,False,"A:1,B:1,ESTOP:0,MODE:0",,,,nan,nan,nan,-1,9998000100000000.0,0.003383042032738971,-0.010866801475019236,0.2796121127077006,0.9600455895838714,0.004014257279586958,0.008045967851693859,0.0013788101090755204,0.21574629999999997,0.00980665,9.79684335
1786685068.936294,11.436,0.0,-1.0,0,0,,,,,,,,,,,,,,,,,,,,,,,,,,,0,0.0,-1,32,False,False,False,"A:1,B:1,ESTOP:0,MODE:0",,,,nan,nan,nan,-1,9998000100000000.0,0.0033937651632792456,-0.010872769004908005,0.2796038035891963,0.9600479041540774,0.0043982297150257105,0.001832595714594046,-0.01038470904936626,0.22555294999999997,-0.00980665,9.7674234
1786685068.986158,11.486,0.0,-1.0,0,0,,,,,,,,,,,,,,,,,,,,,,,,,,,0,0.0,-1,47,False,False,False,"A:1,B:1,ESTOP:0,MODE:0",,,,nan,nan,nan,-1,9998000100000000.0,0.0034020482999566294,-0.010870358689893151,0.27959552045251884,0.9600503144690923,-0.003944444109507185,0.0012740903539558606,0.005445427266222308,0.22555294999999997,0.00980665,9.77723005
1786685069.036171,11.536,0.0,-1.0,0,0,,,,,,,,,,,,,,,,,,,,,,,,,,,0,0.0,-1,32,False,False,False,"A:1,B:1,ESTOP:0,MODE:0",,,,nan,nan,nan,-1,9998000100000000.0,0.003447854937348556,-0.010902459025285265,0.2796041494957433,0.9600472739757637,0.007347836150896127,-0.0011519173063162576,0.0004537856055185257,0.24516625,0.0588399,9.79684335
1786685069.086188,11.586,0.0,-1.0,0,0,,,,,,,,,,,,,,,,,,,,,,,,,,,0,0.0,-1,50,False,False,False,"A:1,B:1,ESTOP:0,MODE:0",,,,nan,nan,nan,-1,9998000100000000.0,0.003456042688423197,-0.010900079339348868,0.2795874885990349,0.960052123719445,-0.0015184364492350666,0.004590215932745087,-0.0076445421237351634,0.18632634999999997,-0.0,9.747810099999999
1786685069.136204,11.636,0.0,-1.0,0,0,,,,,,,,,,,,,,,,,,,,,,,,,,,0,0.0,-1,30,False,False,False,"A:1,B:1,ESTOP:0,MODE:0",,,,nan,nan,nan,-1,9998000100000000.0,0.0034646109227282405,-0.010897579010614033,0.2796043397369637,0.9600472136531194,-0.0016929693744344998,0.005148721293383272,-0.00047123889803846896,0.20593965,0.0392266,9.79684335
1786685069.186219,11.686,0.0,-1.0,0,0,,,,,,,,,,,,,,,,,,,,,,,,,,,0,0.0,-1,52,False,False,False,"A:1,B:1,ESTOP:0,MODE:0",,,,nan,nan,nan,-1,9998000100000000.0,0.0034536979268953273,-0.010891671149782059,0.27959589224056347,0.9600497802262119,-0.008918632477691025,0.0019896753472735357,-0.006335545184739416,0.22555294999999997,-0.0392266,9.80665
1786685069.236147,11.736,0.0,-1.0,0,0,,,,,,,,,,,,,,,,,,,,,,,,,,,0,0.0,-1,33,False,False,False,"A:1,B:1,ESTOP:0,MODE:0",,,,nan,nan,nan,-1,9998000100000000.0,0.003446188620344546,-0.010866597205331773,0.2795792128862364,0.9600549487248543,0.00153588974175501,0.0017453292519943296,0.0032114058236695662,0.20593965,0.00980665,9.836069949999999
1786685069.286218,11.786,0.0,-1.0,0,0,,,,,,,,,,,,,,,,,,,,,,,,,,,0,0.0,-1,49,False,False,False,"A:1,B:1,ESTOP:0,MODE:0",,,,nan,nan,nan,-1,9998000100000000.0,0.003454471872350653,-0.010864187562393258,0.2795709296342302,0.9600573583677928,-0.005288347633542819,0.0004886921905584122,0.005829399701661061,0.196133,0.08825984999999999,9.836069949999999
1786685069.336183,11.836,0.0,-1.0,0,0,,,,,,,,,,,,,,,,,,,,,,,,,,,0,0.0,-1,35,False,False,False,"A:1,B:1,ESTOP:0,MODE:0",,,,nan,nan,nan,-1,9998000100000000.0,0.0034570064163981467,-0.01087253549080711,0.2795792822263094,0.9600548224077934,-0.0007853981633974482,-0.004956735075663896,-0.0034557519189487725,0.26477955,-0.0588399,9.81645665
1786685069.386245,11.886,0.0,-1.0,0,0,,,,,,,,,,,,,,,,,,,,,,,,,,,0,0.0,-1,53,False,False,False,"A:1,B:1,ESTOP:0,MODE:0",,,,nan,nan,nan,-1,9998000100000000.0,0.0034628499531747688,-0.010861747845372123,0.27957102443150667,0.9600573281852826,0.006754424205218055,-0.004084070449666731,-0.0004537856055185257,0.21574629999999997,0.0392266,9.894909849999998
1786685069.436117,11.936,0.0,-1.0,0,0,,,,,,,,,,,,,,,,,,,,,,,,,,,0,0.0,-1,33,False,False,False,"A:1,B:1,ESTOP:0,MODE:0",,,,nan,nan,nan,-1,9998000100000000.0,0.0034340269228057083,-0.010888322835202234,0.2795538374972004,0.9600621353982869,-0.004101523742186674,-0.0016406094968746698,-0.0025132741228718345,0.28439285,0.0,9.81645665
1786685069.486242,11.986,0.0,-1.0,0,0,,,,,,,,,,,,,,,,,,,,,,,,,,,0,0.0,-1,56,False,False,False,"A:1,B:1,ESTOP:0,MODE:0",,,,nan,nan,nan,-1,9998000100000000.0,0.003478357047449748,-0.010884503125027228,0.2795542869517284,0.9600618882503784,-0.00603883921190038,-0.002234021442552742,0.0026354471705114374,0.25497289999999995,-0.02941995,9.875296549999998
1786685069.536253,12.036,0.0,-1.0,0,0,,,,,,,,,,,,,,,,,,,,,,,,,,,0,0.0,-1,35,False,False,False,"A:1,B:1,ESTOP:0,MODE:0",,,,nan,nan,nan,-1,9998000100000000.0,0.003499802134903078,-0.010896441338627848,0.27953767008490277,0.9600665132972166,0.005375614096142535,-0.0028797932657906437,-0.001308996938995747,0.22555294999999997,0.00980665,9.79684335
1786685069.586233,12.086,0.0,-1.0,0,0,,,,,,,,,,,,,,,,,,,,,,,,,,,0,0.0,-1,51,False,False,False,"A:1,B:1,ESTOP:0,MODE:0",,,,nan,nan,nan,-1,9998000100000000.0,0.0034842007629958985,-0.01087371582138231,0.27954602909353715,0.9600643938128912,-0.006178465552059927,-0.0036477381366681488,-0.0016406094968746698,0.2353596,0.0196133,9.836069949999999
1786685069.636122,12.136,0.0,-1.0,0,0,,,,,,,,,,,,,,,,,,,,,,,,,,,0,0.0,-1,34,False,False,False,"A:1,B:1,ESTOP:0,MODE:0",,,,nan,nan,nan,-1,9998000100000000.0,0.0034951132878919965,-0.010879623980624299,0.2795544768795668,0.9600618273953697,-0.005218534463463045,-0.000767944870877505,0.002007128639793479,0.22555294999999997,0.0196133,9.738003449999999
1786685069.686122,12.186,0.0,-1.0,0,0,,,,,,,,,,,,,,,,,,,,,,,,,,,0,0.0,-1,53,False,False,False,"A:1,B:1,ESTOP:0,MODE:0",,,,nan,nan,nan,-1,9998000100000000.0,0.0034603506975639975,-0.010917016636924407,0.2795371687182707,0.9600665685387509,0.005986479334340551,0.0016057029118347831,-0.006440264939859076,0.1372931,0.0392266,9.7870367
1786685069.736206,12.236,0.0,-1.0,0,0,,,,,,,,,,,,,,,,,,,,,,,,,,,0,0.0,-1,32,False,False,False,"A:1,B:1,ESTOP:0,MODE:0",,,,nan,nan,nan,-1,9998000100000000.0,0.0034818903832382914,-0.010928924529041626,0.27952892996523826,0.9600687539757174,0.006056292504420323,-0.003682644721708035,0.00017453292519943296,0.29419949999999995,0.0,9.81645665
1786685069.786221,12.286,0.0,-1.0,0,0,,,,,,,,,,,,,,,,,,,,,,,,,,,0,0.0,-1,53,False,False,False,"A:1,B:1,ESTOP:0,MODE:0",,,,nan,nan,nan,-1,9998000100000000.0,0.003492707857285047,-0.010934863374853042,0.27952899983018736,0.9600686267182841,-0.0021467549799530253,0.0029146998508305304,-0.0006632251157578452,0.21574629999999997,-0.00980665,9.81645665
1786685069.836136,12.336,0.0,-1.0,0,0,,,,,,,,,,,,,,,,,,,,,,,,,,,0,0.0,-1,32,False,False,False,"A:1,B:1,ESTOP:0,MODE:0",,,,nan,nan,nan,-1,9998000100000000.0,0.0034984560824093255,-0.01092410688843604,0.2795123642660671,0.960073571616323,-0.005567600313861911,0.0026878070480712674,-0.0005235987755982988,0.196133,-0.00980665,9.836069949999999
1786685069.886289,12.386,0.0,-1.0,0,0,,,,,,,,,,,,,,,,,,,,,,,,,,,0,0.0,-1,47,False,False,False,"A:1,B:1,ESTOP:0,MODE:0",,,,nan,nan,nan,-1,9998000100000000.0,0.0035125829506834384,-0.010910911543128189,0.27949582365199643,0.9600784855059531,-0.00815068760681352,0.0021642082724729686,-0.003979350694547071,0.196133,0.00980665,9.80665
1786685069.936208,12.436,0.0,-1.0,0,0,,,,,,,,,,,,,,,,,,,,,,,,,,,0,0.0,-1,27,False,False,False,"A:1,B:1,ESTOP:0,MODE:0",,,,nan,nan,nan,-1,9998000100000000.0,0.0035066436851240723,-0.010921728886633347,0.27949570309931676,0.9600784193164698,0.0027401669256310974,0.003560471674068432,-0.00471238898038469,0.22555294999999997,-0.0196133,9.845876599999999
1786685069.986270,12.486,0.0,-1.0,0,0,,,,,,,,,,,,,,,,,,,,,,,,,,,0,0.0,-1,47,False,False,False,"A:1,B:1,ESTOP:0,MODE:0",,,,nan,nan,nan,-1,9998000100000000.0,0.0034898871550964154,-0.010926607005233884,0.279495512436618,0.9600784803727194,-0.004904375198104067,-0.004485496177625427,0.002286381320112572,0.24516625,-0.00980665,9.8654899
1786685070.036212,12.536,0.0,-1.0,0,0,,,,,,,,,,,,,,,,,,,,,,,,,,,0,0.0,-1,28,False,False,False,"A:1,B:1,ESTOP:0,MODE:0",,,,nan,nan,nan,-1,9998000100000000.0,0.0034924215820344275,-0.010934954809983594,0.27950386519652515,0.9600759444413757,-0.00015707963267948965,-0.007016223593017205,0.005829399701661061,0.2353596,0.0196133,9.6889702
1786685070.086229,12.586,0.0,-1.0,0,0,,,,,,,,,,,,,,,,,,,,,,,,,,,0,0.0,-1,51,False,False,False,"A:1,B:1,ESTOP:0,MODE:0",,,,nan,nan,nan,-1,9998000100000000.0,0.0034767261121113552,-0.010912259158569857,0.27950384640007714,0.9600762651077048,0.001186823891356144,0.0005410520681182421,0.00020943951023931956,0.25497289999999995,0.0,9.77723005
1786685070.136298,12.636,0.0,-1.0,0,0,,,,,,,,,,,,,,,,,,,,,,,,,,,0,0.0,-1,32,False,False,False,"A:1,B:1,ESTOP:0,MODE:0",,,,nan,nan,nan,-1,9998000100000000.0,0.00345140078998881,-0.010919636788387697,0.2794868040859667,0.9600812339103442,0.001186823891356144,-0.004380776422505767,-0.0006457718232379018,0.2353596,-0.1176798,9.826263299999999
1786685070.186245,12.686,0.0,-1.0,0,0,,,,,,,,,,,,,,,,,,,,,,,,,,,0,0.0,-1,48,False,False,False,"A:1,B:1,ESTOP:0,MODE:0",,,,nan,nan,nan,-1,9998000100000000.0,0.0034370831446444822,-0.010932893054736041,0.2794865875706245,0.9600811974395905,-0.008517206749732328,0.005253441048502932,-0.0007504915783575617,0.21574629999999997,-0.06864655,9.81645665
1786685070.236160,12.736,0.0,-1.0,0,0,,,,,,,,,,,,,,,,,,,,,,,,,,,0,0.0,-1,28,False,False,False,"A:1,B:1,ESTOP:0,MODE:0",,,,nan,nan,nan,-1,9998000100000000.0,0.0034537443570484038,-0.010928045231924232,0.27947840004392877,0.960083576250636,0.002617993877991494,0.00481710873550435,-0.0036477381366681488,0.20593965,-0.0196133,9.8654899
1786685070.286212,12.786,0.0,-1.0,0,0,,,,,,,,,,,,,,,,,,,,,,,,,,,0,0.0,-1,47,False,False,False,"A:1,B:1,ESTOP:0,MODE:0",,,,nan,nan,nan,-1,9998000100000000.0,0.003442056565044922,-0.010949619621173677,0.27949491400511584,0.9600785650778937,-0.007382742735936014,0.00017453292519943296,-0.005270894341022875,0.18632634999999997,0.04903325,9.855683249999998
1786685070.336165,12.836,0.0,-1.0,0,0,,,,,,,,,,,,,,,,,,,,,,,,,,,0,0.0,-1,27,False,False,False,"A:1,B:1,ESTOP:0,MODE:0",,,,nan,nan,nan,-1,9998000100000000.0,0.0034614432684726883,-0.010953059380833156,0.2795118357485604,0.9600735297763234,-0.003298672286269283,0.0004014257279586958,0.0046251225177849735,0.20593965,-0.06864655,9.79684335
1786685070.386281,12.886,0.0,-1.0,0,0,,,,,,,,,,,,,,,,,,,,,,,,,,,0,0.0,-1,49,False,False,False,"A:1,B:1,ESTOP:0,MODE:0",,,,nan,nan,nan,-1,9998000100000000.0,0.003469630365512959,-0.01095068073764166,0.27949517483519287,0.9600783777902481,-0.0005061454830783556,0.001832595714594046,0.005288347633542819,0.26477955,0.0,9.79684335
1786685070.436134,12.936,0.0,-1.0,0,0,,,,,,,,,,,,,,,,,,,,,,,,,,,0,0.0,-1,32,False,False,False,"A:1,B:1,ESTOP:0,MODE:0",,,,nan,nan,nan,-1,9998000100000000.0,0.0034538397221019453,-0.010928015091902847,0.2794867783430368,0.9600811373049443,-0.0046251225177849735,-8.726646259971648e-05,0.0030543261909900766,0.30400615,-0.00980665,9.747810099999999
1786685070.486337,12.986,0.0,-1.0,0,0,,,,,,,,,,,,,,,,,,,,,,,,,,,0,0.0,-1,51,False,False,False,"A:1,B:1,ESTOP:0,MODE:0",,,,nan,nan,nan,-1,9998000100000000.0,0.003452177129053594,-0.010892153270812673,0.27946184127838214,0.96008880981891,0.003909537524467298,-0.00013962634015954637,0.007086036763096978,0.2745862,0.00980665,9.79684335
1786685070.536160,13.036,0.0,-1.0,0,0,,,,,,,,,,,,,,,,,,,,,,,,,,,0,0.0,-1,33,False,False,False,"A:1,B:1,ESTOP:0,MODE:0",,,,nan,nan,nan,-1,9998000100000000.0,0.003432886681477667,-0.010888682385958097,0.2794532984928402,0.9600914049435093,0.007435102613495843,0.0031066860685499066,0.0024434609527920616,0.29419949999999995,0.00980665,9.80665
1786685070.586200,13.086,0.0,-1.0,0,0,,,,,,,,,,,,,,,,,,,,,,,,,,,0,0.0,-1,52,False,False,False,"A:1,B:1,ESTOP:0,MODE:0",,,,nan,nan,nan,-1,9998000100000000.0,0.00344964343709032,-0.010883805004135647,0.2794534884936359,0.9600913448821037,0.00471238898038469,-0.0019373154697137059,-0.0004363323129985824,0.1569064,-0.0,9.826263299999999
1786685070.636117,13.136,0.0,-1.0,0,0,,,,,,,,,,,,,,,,,,,,,,,,,,,0,0.0,-1,33,False,False,False,"A:1,B:1,ESTOP:0,MODE:0",,,,nan,nan,nan,-1,9998000100000000.0,0.003473620949372851,-0.010904093107894627,0.2794452236550706,0.9600934338320215,-0.004258603374866164,-0.008674286382411817,-0.00019198621771937625,0.17651969999999997,0.08825984999999999,9.738003449999999
1786685070.686228,13.186,0.0,-1.0,0,0,,,,,,,,,,,,,,,,,,,,,,,,,,,0,0.0,-1,56,False,False,False,"A:1,B:1,ESTOP:0,MODE:0",,,,nan,nan,nan,-1,9998000100000000.0,0.0034781849234728065,-0.01085732379520769,0.2794455403649033,0.9600938551619895,0.009913470151327791,-0.0028797932657906437,0.0060911990894602095,0.22555294999999997,0.21574629999999997,9.836069949999999
1786685070.736364,13.236,0.0,-1.0,0,0,,,,,,,,,,,,,,,,,,,,,,,,,,,0,0.0,-1,37,False,True,False,"A:1,B:1,ESTOP:0,MODE:1",,,,nan,nan,nan,-1,9998000100000000.0,0.003492408526863915,-0.010844098608940663,0.2794373764859295,0.9600963291413533,-0.013561208287995941,0.009616764178488757,-0.0006108652381980154,0.196133,-0.0,9.894909849999998
1786685070.786218,13.286,0.0,-1.0,0,0,,,,,,,,,,,,,,,,,,,,,,,,,,,0,0.0,-1,54,False,True,False,"A:1,B:1,ESTOP:0,MODE:1",,,,nan,nan,nan,-1,9998000100000000.0,0.0034839354516655284,-0.010846567563149414,0.2794289034107312,0.9600987980955621,0.008482300164692442,-0.014172073526193957,0.00783652834145454,0.24516625,-0.04903325,9.836069949999999
1786685070.836134,13.336,0.0,-1.0,0,0,,,,,,,,,,,,,,,,,,,,,,,,,,,0,0.0,-1,36,False,True,False,"A:1,B:1,ESTOP:0,MODE:1",,,,nan,nan,nan,-1,9998000100000000.0,0.003482182862606526,-0.010810736795625674,0.2793955841935681,0.9601089052318919,0.0022689280275926286,0.000890117918517108,-0.004956735075663896,0.29419949999999995,0.1372931,9.738003449999999
1786685070.886164,13.386,0.0,-1.0,0,0,,,,,,,,,,,,,,,,,,,,,,,,,,,0,0.0,-1,57,False,True,False,"A:1,B:1,ESTOP:0,MODE:1",,,,nan,nan,nan,-1,9998000100000000.0,0.0034571416742307784,-0.010818021182369082,0.2794036795943343,0.9601065578456843,0.005009094953223725,-0.005026548245743669,-0.004101523742186674,0.25497289999999995,-0.04903325,9.826263299999999
1786685070.936192,13.436,0.0,-1.0,0,0,,,,,,,,,,,,,,,,,,,,,,,,,,,0,0.0,-1,39,False,True,False,"A:1,B:1,ESTOP:0,MODE:1",,,,nan,nan,nan,-1,9998000100000000.0,0.0034965960258637936,-0.010797451358464574,0.27940417617470026,0.9601065020072151,-0.007853981633974483,-0.003944444109507185,-0.010053096491487338,0.196133,0.0392266,9.757616749999999
1786685070.986229,13.486,0.0,-1.0,0,0,,,,,,,,,,,,,,,,,,,,,,,,,,,0,0.0,-1,61,False,True,False,"A:1,B:1,ESTOP:0,MODE:1",,,,nan,nan,nan,-1,9998000100000000.0,0.0034593909178763154,-0.010826460088097444,0.27938689732487043,0.9601113383246863,-0.004485496177625427,-0.008028514559173916,-0.008639379797371931,0.2745862,0.06864655,9.757616749999999
1786685071.036202,13.536,0.0,-1.0,0,0,,,,,,,,,,,,,,,,,,,,,,,,,,,0,0.0,-1,38,False,True,False,"A:1,B:1,ESTOP:0,MODE:1",,,,nan,nan,nan,-1,9998000100000000.0,0.0034596743527530783,-0.010826369517744839,0.2794120328851824,0.9601040236637943,-0.001780235837034216,0.0026878070480712674,-0.0021118483949131386,0.3334261,-0.00980665,9.836069949999999
1786685071.086478,13.586,0.0,-1.0,0,0,,,,,,,,,,,,,,,,,,,,,,,,,,,0,0.0,-1,51,False,True,False,"A:1,B:1,ESTOP:0,MODE:1",,,,nan,nan,nan,-1,9998000100000000.0,0.003454609141414802,-0.010809672802791015,0.2793953262592576,0.9601090918817818,0.004485496177625427,-0.0036302848441482054,0.012671090369478832,0.22555294999999997,0.0588399,9.7870367
1786685071.136150,13.636,0.0,-1.0,0,0,,,,,,,,,,,,,,,,,,,,,,,,,,,0,0.0,-1,25,False,True,False,"A:1,B:1,ESTOP:0,MODE:1",,,,nan,nan,nan,-1,9998000100000000.0,0.003446041901406844,-0.010812171132982462,0.27937847480851763,0.9601139982128536,-0.0026878070480712674,-0.0032288591161895096,-0.004084070449666731,0.25497289999999995,0.0196133,9.81645665
1786685071.186302,13.686,0.0,-1.0,0,0,,,,,,,,,,,,,,,,,,,,,,,,,,,0,0.0,-1,41,False,True,False,"A:1,B:1,ESTOP:0,MODE:1",,,,nan,nan,nan,-1,9998000100000000.0,0.0034448826797428187,-0.010839775001494635,0.27936992580515896,0.9601161787080039,-0.002076941809873252,-0.0023387411976724015,-0.0005585053606381855,0.20593965,0.04903325,9.7674234
1786685071.236148,13.736,0.0,-1.0,0,0,,,,,,,,,,,,,,,,,,,,,,,,,,,0,0.0,-1,26,False,True,False,"A:1,B:1,ESTOP:0,MODE:1",,,,nan,nan,nan,-1,9998000100000000.0,0.0034713914961507423,-0.01086841350893964,0.2793700138359946,0.9601157338561613,0.0012042771838760874,0.006126105674500096,0.002617993877991494,0.22555294999999997,-0.0392266,9.855683249999998
1786685071.286164,13.786,0.0,-1.0,0,0,,,,,,,,,,,,,,,,,,,,,,,,,,,0,0.0,-1,47,False,True,False,"A:1,B:1,ESTOP:0,MODE:1",,,,nan,nan,nan,-1,9998000100000000.0,0.0034847408669620604,-0.010882702348097196,0.2793784367083442,0.9601130727539827,0.0019024088846738192,-0.0011344640137963143,-0.005585053606381855,0.26477955,0.04903325,9.747810099999999
1786685071.336215,13.836,0.0,-1.0,0,0,,,,,,,,,,,,,,,,,,,,,,,,,,,0,0.0,-1,24,False,True,False,"A:1,B:1,ESTOP:0,MODE:1",,,,nan,nan,nan,-1,9998000100000000.0,0.003475982334477633,-0.01088526172577721,0.2793448272883301,0.9601228546864325,-0.005323254218582705,0.0056199601914217415,0.006265732014659643,0.196133,-0.00980665,9.79684335
1786685071.386213,13.886,0.0,-1.0,0,0,,,,,,,,,,,,,,,,,,,,,,,,,,,0,0.0,-1,42,False,True,False,"A:1,B:1,ESTOP:0,MODE:1",,,,nan,nan,nan,-1,9998000100000000.0,0.0034952723461289833,-0.010888734404615281,0.2793533706438777,0.9601202595738705,-0.006894050545377602,0.008203047484373348,-0.010629055144645466,0.2745862,0.0196133,9.81645665
1786685071.436147,13.936,0.0,-1.0,0,0,,,,,,,,,,,,,,,,,,,,,,,,,,,0,0.0,-1,31,False,True,False,"A:1,B:1,ESTOP:0,MODE:1",,,,nan,nan,nan,-1,9998000100000000.0,0.0034777356500244666,-0.010921092748283194,0.27937814480398226,0.9601127471780682,-0.0013788101090755204,0.003543018381548489,0.005689773361501515,0.17651969999999997,-0.02941995,9.7870367
1786685071.486207,13.986,0.0,-1.0,0,0,,,,,,,,,,,,,,,,,,,,,,,,,,,0,0.0,-1,64,False,True,False,"A:1,B:1,ESTOP:0,MODE:1",,,,nan,nan,nan,-1,9998000100000000.0,0.0034836762359709435,-0.010910276132582492,0.27937826553736006,0.9601128134859621,0.0013439035240356337,-0.0023911010752322315,-0.0067369709126981125,0.21574629999999997,0.0196133,9.845876599999999
1786685071.536231,14.036,0.0,-1.0,0,0,,,,,,,,,,,,,,,,,,,,,,,,,,,0,0.0,-1,49,False,True,False,"A:1,B:1,ESTOP:0,MODE:1",,,,nan,nan,nan,-1,9998000100000000.0,0.003517190493413593,-0.010900523984753276,0.2793786462076347,0.9601126912977873,-0.0038222710618675817,-0.0006108652381980154,-0.0023212879051524586,0.28439285,0.0588399,9.855683249999998
1786685071.586322,14.086,0.0,-1.0,0,0,,,,,,,,,,,,,,,,,,,,,,,,,,,0,0.0,-1,71,False,True,False,"A:1,B:1,ESTOP:0,MODE:1",,,,nan,nan,nan,-1,9998000100000000.0,0.003511249905156153,-0.010911340604661778,0.279378525851828,0.9601126251972588,-0.0008726646259971648,-0.0027925268031909274,0.002722713633111154,0.196133,0.00980665,9.79684335
1786685071.636131,14.136,0.0,-1.0,0,0,,,,,,,,,,,,,,,,,,,,,,,,,,,0,0.0,-1,46,False,True,False,"A:1,B:1,ESTOP:0,MODE:1",,,,nan,nan,nan,-1,9998000100000000.0,0.0035436995115902046,-0.010929162230324072,0.2793787362842568,0.9601122420420054,0.001308996938995747,-0.00710349005561692,0.0045204027626653135,0.48052585,0.04903325,10.012589649999999
1786685071.686242,14.186,0.0,-1.0,0,0,,,,,,,,,,,,,,,,,,,,,,,,,,,0,0.0,-1,65,False,True,False,"A:1,B:1,ESTOP:0,MODE:1",,,,nan,nan,nan,-1,9998000100000000.0,0.0033508743782448575,-0.010921652348398331,0.2793936715732234,0.9601086737634005,0.013072516097437528,-0.01408480706359424,-0.008866272600131194,-0.0980665,-2.4614691499999997,9.6889702
1786685071.736213,14.236,0.0,-1.0,0,0,,,,,,,,,,,,,,,,,,,,,,,,,,,0,0.03990599885582924,-1,49,False,True,False,"A:1,B:1,ESTOP:0,MODE:1",,,,nan,nan,nan,-1,9998000100000000.0,0.0034870838024072533,-0.010891111362812945,0.27937003282883505,0.9601154142586471,-0.05216789134211051,0.015638150097869192,-0.0008028514559173916,0.36284605,-0.21574629999999997,9.914523149999999
1786685071.786238,14.286,0.0,-1.0,0,0,,,,,,,,,,,,,,,,,,,,,,,,,,,0,0.33098742365837097,-1,68,False,True,False,"A:1,B:1,ESTOP:0,MODE:1",,,,nan,nan,nan,-1,9998000100000000.0,0.003464290765830605,-0.01090683408502559,0.279361343463947,0.960117846640583,0.01398008730847458,-0.01457349925415265,0.0057421332390613445,0.36284605,-1.6867437999999997,10.0812362
1786685071.836116,14.336,0.0,-1.0,0,0,,,,,,,,,,,,,,,,,,,,,,,,,,,0,0.15251320600509644,-1,45,False,True,False,"A:1,B:1,ESTOP:0,MODE:1",,,,nan,nan,nan,-1,9998000100000000.0,0.003540173217228887,-0.010793885747471286,0.2793375938389457,0.960125756280046,-0.07012732934513216,-0.0006283185307179586,0.013212142437597075,0.18632634999999997,0.9610517,9.62032365
1786685071.886199,14.386,0.0,-1.0,0,0,,,,,,,,,,,,,,,,,,,,,,,,,,,0,0.3237527310848236,-1,53,False,True,False,"A:1,B:1,ESTOP:0,MODE:1",,,,nan,nan,nan,-1,9998000100000000.0,0.00330594929257257,-0.010862025082104206,0.2793684626265771,0.9601168414313196,0.03183480555637657,-0.02598795256219557,0.0019198621771937625,0.0588399,-1.0296982499999998,9.738003449999999
1786685071.936223,14.436,0.0,-1.0,0,0,,,,,,,,,,,,,,,,,,,,,,,,,,,0,0.35727033019065857,-1,37,False,True,False,"A:1,B:1,ESTOP:0,MODE:1",,,,nan,nan,nan,-1,9998000100000000.0,0.0033672268298620524,-0.010853279255023968,0.2793858567720802,0.9601116659788169,-0.04221951460574283,0.011972958668681102,0.0009948376736367678,0.392266,-0.21574629999999997,9.7281968
1786685071.986248,14.486,0.0,-1.0,0,0,,,,,,,,,,,,,,,,,,,,,,,,,,,0,0.31779128313064575,-1,53,False,True,False,"A:1,B:1,ESTOP:0,MODE:1",,,,nan,nan,nan,-1,9998000100000000.0,0.0034228717013379257,-0.010828013191989868,0.27933627303229946,0.960126181628256,0.010524335389525807,0.003420845333908886,-0.010262536001726658,0.0588399,0.16671305,9.6889702
1786685072.036189,14.536,0.0,-1.0,0,0,,,,,,,,,,,,,,,,,,,,,,,,,,,0,0.4054180383682251,-1,37,False,True,False,"A:1,B:1,ESTOP:0,MODE:1",,,,nan,nan,nan,-1,9998000100000000.0,0.0032339498109030724,-0.010864799662103864,0.2793593791665615,0.9601196982504817,-0.032009338481576007,0.0035081117965086025,-0.010367255756846317,0.1372931,-0.5295591,9.934136449999999
1786685072.086162,14.586,0.0,-1.0,0,0,,,,,,,,,,,,,,,,,,,,,,,,,,,0,0.3439688980579376,-1,59,False,True,False,"A:1,B:1,ESTOP:0,MODE:1",,,,nan,nan,nan,-1,9998000100000000.0,0.0034140191082116917,-0.010921461395806773,0.2793607720005075,0.9601180267143145,0.00937241808320955,-0.0003665191429188092,-0.002949606435870417,0.3334261,0.30400615,9.757616749999999
1786685072.136192,14.636,0.0,-1.0,0,0,,,,,,,,,,,,,,,,,,,,,,,,,,,0,0.40382111072540283,-1,36,False,True,False,"A:1,B:1,ESTOP:0,MODE:1",,,,nan,nan,nan,-1,9998000100000000.0,0.0034675086685925366,-0.010887729728991128,0.27933635362244497,0.9601253226896466,-0.009616764178488757,0.00022689280275926284,-0.002722713633111154,0.22555294999999997,-0.37265269999999995,9.7870367
1786685072.186166,14.686,0.0,-1.0,0,0,,,,,,,,,,,,,,,,,,,,,,,,,,,0,0.3735469877719879,-1,45,False,True,False,"A:1,B:1,ESTOP:0,MODE:1",,,,nan,nan,nan,-1,9998000100000000.0,0.00348552131255444,-0.010855219808454561,0.27935347142389094,0.9601206452042946,0.011903145498601329,-8.726646259971648e-05,0.00020943951023931956,0.12748644999999997,0.12748644999999997,9.836069949999999
1786685072.236133,14.736,0.0,-1.0,0,0,,,,,,,,,,,,,,,,,,,,,,,,,,,0,0.39838752150535583,-1,32,False,True,False,"A:1,B:1,ESTOP:0,MODE:1",,,,nan,nan,nan,-1,9998000100000000.0,0.003453664577779339,-0.01090083307149026,0.27937803106513653,0.9601130973992071,-0.0062482787221397,-0.0012566370614359172,0.0033859387488689996,0.34323275000000003,-0.17651969999999997,9.79684335
1786685072.286333,14.786,0.0,-1.0,0,0,,,,,,,,,,,,,,,,,,,,,,,,,,,0,0.371073454618454,-1,50,False,True,False,"A:1,B:1,ESTOP:0,MODE:1",,,,nan,nan,nan,-1,9998000100000000.0,0.0034511315414952107,-0.01089248460584328,0.2793696780813126,0.9601156318063666,0.00027925268031909274,0.009843656981248018,-0.006911503837897545,0.3138128,0.1176798,9.9047165
1786685072.336206,14.836,0.0,-1.0,0,0,,,,,,,,,,,,,,,,,,,,,,,,,,,0,0.35161712765693665,-1,26,False,True,False,"A:1,B:1,ESTOP:0,MODE:1",,,,nan,nan,nan,-1,9998000100000000.0,0.003407960379002102,-0.010868692279713866,0.2793777796087821,0.960113698264456,-0.006370451769779303,0.0038222710618675817,-0.0006806784082777885,0.24516625,0.06864655,9.80665
1786685072.386155,14.886,0.0,-1.0,0,0,,,,,,,,,,,,,,,,,,,,,,,,,,,0,0.3268510401248932,-1,47,False,True,False,"A:1,B:1,ESTOP:0,MODE:1",,,,nan,nan,nan,-1,9998000100000000.0,0.003408339765857111,-0.010868573312833522,0.27941129372902507,0.9601039455553011,0.00312413936106985,-0.0013962634015954637,0.0007330382858376184,0.2353596,0.0980665,9.7870367
1786685072.436120,14.936,0.0,-1.0,0,0,,,,,,,,,,,,,,,,,,,,,,,,,,,0,0.3108023703098297,-1,34,False,True,False,"A:1,B:1,ESTOP:0,MODE:1",,,,nan,nan,nan,-1,9998000100000000.0,0.00342362763092258,-0.010827774204078603,0.2794033018039356,0.9601066779377639,-0.002548180707911721,-0.001413716694115407,-0.002286381320112572,0.29419949999999995,0.0588399,9.77723005
1786685072.486145,14.986,0.0,-1.0,0,0,,,,,,,,,,,,,,,,,,,,,,,,,,,0,0.29838791489601135,-1,52,False,True,False,"A:1,B:1,ESTOP:0,MODE:1",,,,nan,nan,nan,-1,9998000100000000.0,0.0033587535407217156,-0.010855746667220141,0.27937738348293994,0.9601141333910131,-0.003438298626428829,0.0026354471705114374,0.0008203047484373349,0.16671305,0.0196133,9.79684335
1786685072.536229,15.036,0.0,-1.0,0,0,,,,,,,,,,,,,,,,,,,,,,,,,,,0,0.2859584093093872,-1,45,False,True,False,"A:1,B:1,ESTOP:0,MODE:1",,,,nan,nan,nan,-1,9998000100000000.0,0.0033792968626512403,-0.010831586937523402,0.2794028549319355,0.9601069220316104,-0.005759586531581287,-0.0040666171571467884,-0.002181661564992912,0.2353596,0.02941995,9.875296549999998
1786685072.586139,15.086,0.0,-1.0,0,0,,,,,,,,,,,,,,,,,,,,,,,,,,,0,0.0,-1,63,False,True,False,"A:1,B:1,ESTOP:0,MODE:1",,,,nan,nan,nan,-1,9998000100000000.0,0.0033157708330392582,-0.010831897616892228,0.27940224539593117,0.9601073174002538,0.01022762941668677,-0.008115781021773632,0.002129301687433082,0.196133,0.00980665,9.7870367
1786685072.636116,15.136,0.0,-1.0,0,0,,,,,,,,,,,,,,,,,,,,,,,,,,,0,0.0,-1,43,False,True,False,"A:1,B:1,ESTOP:0,MODE:1",,,,nan,nan,nan,-1,9998000100000000.0,0.003326587563628408,-0.01083783789734423,0.2794023136705397,0.9601071930781696,0.006370451769779303,-0.0042935099599060505,-0.009180431865490174,0.24516625,0.0196133,9.7085835
1786685072.686140,15.186,0.0,-1.0,0,0,,,,,,,,,,,,,,,,,,,,,,,,,,,0,0.0,-1,63,False,True,False,"A:1,B:1,ESTOP:0,MODE:1",,,,nan,nan,nan,-1,9998000100000000.0,0.003320836606258013,-0.010848596708576169,0.27941894973461373,0.9601022500353255,0.003351032163829113,0.004258603374866164,0.0005410520681182421,0.30400615,-0.0,9.826263299999999
1786685072.736223,15.236,0.0,-1.0,0,0,,,,,,,,,,,,,,,,,,,,,,,,,,,0,0.0,-1,41,False,True,False,"A:1,B:1,ESTOP:0,MODE:1",,,,nan,nan,nan,-1,9998000100000000.0,0.003341000844870265,-0.010824553724181236,0.27941090738412916,0.9601047919809611,-0.0015009831567151233,-0.006370451769779303,-0.008726646259971648,0.16671305,0.00980665,9.7870367
1786685072.786162,15.286,0.0,-1.0,0,0,,,,,,,,,,,,,,,,,,,,,,,,,,,0,0.0,-1,57,False,True,False,"A:1,B:1,ESTOP:0,MODE:1",,,,nan,nan,nan,-1,9998000100000000.0,0.0033577578341447934,-0.010819677082232972,0.27941109626567495,0.9601047335232636,-0.0036302848441482054,-0.004433136300065597,0.008848819307611252,0.21574629999999997,0.0392266,9.836069949999999
1786685072.836196,15.336,0.0,-1.0,0,0,,,,,,,,,,,,,,,,,,,,,,,,,,,0,0.0,-1,41,False,True,False,"A:1,B:1,ESTOP:0,MODE:1",,,,nan,nan,nan,-1,9998000100000000.0,0.003381829667341119,-0.010839935951042549,0.279411207589194,0.9601043881215348,0.00788888821901437,-0.0009599310885968813,0.00027925268031909274,0.20593965,0.0392266,9.875296549999998
1786685072.886205,15.386,0.0,-1.0,0,0,,,,,,,,,,,,,,,,,,,,,,,,,,,0,0.0,-1,59,False,True,False,"A:1,B:1,ESTOP:0,MODE:1",,,,nan,nan,nan,-1,9998000100000000.0,0.003367795101618986,-0.01085310293256208,0.2794361277183555,0.9600970360534709,0.005358160803622592,-0.003298672286269283,0.0019024088846738192,0.2353596,0.0196133,9.757616749999999
1786685072.936253,15.436,0.0,-1.0,0,0,,,,,,,,,,,,,,,,,,,,,,,,,,,0,0.0,-1,42,False,True,False,"A:1,B:1,ESTOP:0,MODE:1",,,,nan,nan,nan,-1,9998000100000000.0,0.0033543504950658827,-0.010838843140638139,0.27941932825184546,0.9601021335313323,0.007557275661135447,-0.0009250245035569946,-0.003543018381548489,0.28439285,-0.0392266,9.77723005
1786685072.986172,15.486,0.0,-1.0,0,0,,,,,,,,,,,,,,,,,,,,,,,,,,,0,0.0,-1,64,False,True,False,"A:1,B:1,ESTOP:0,MODE:1",,,,nan,nan,nan,-1,9998000100000000.0,0.0033652619612653248,-0.010844753861681026,0.2794277752952698,0.9600995702108962,0.0009773843811168245,-0.00034906585039886593,0.003909537524467298,0.24516625,-0.0196133,9.80665
1786685073.036305,15.536,0.0,-1.0,0,0,,,,,,,,,,,,,,,,,,,,,,,,,,,0,0.0,-1,40,False,True,False,"A:1,B:1,ESTOP:0,MODE:1",,,,nan,nan,nan,-1,9998000100000000.0,0.00335659953183226,-0.010847280207905817,0.2794025452018052,0.9601069146123401,-0.0013264502315156904,-0.006126105674500096,-0.00034906585039886593,0.26477955,0.06864655,9.826263299999999
1786685073.086177,15.586,0.0,-1.0,0,0,,,,,,,,,,,,,,,,,,,,,,,,,,,0,0.0,-1,54,False,True,False,"A:1,B:1,ESTOP:0,MODE:1",,,,nan,nan,nan,-1,9998000100000000.0,0.0033898298564821023,-0.010837615961846908,0.2793777880401814,0.9601141112823949,-0.001361356816555577,0.004101523742186674,0.0005061454830783556,0.21574629999999997,0.0588399,9.826263299999999
1786685073.136202,15.636,0.0,-1.0,0,0,,,,,,,,,,,,,,,,,,,,,,,,,,,0,0.0,-1,37,False,True,False,"A:1,B:1,ESTOP:0,MODE:1",,,,nan,nan,nan,-1,9998000100000000.0,0.0034066815417610886,-0.010832710169445996,0.279386355714774,0.9601116139031313,0.007400196028455957,0.005480333851262195,-0.0017278759594743863,0.25497289999999995,0.0588399,9.79684335
1786685073.186443,15.686,0.0,-1.0,0,0,,,,,,,,,,,,,,,,,,,,,,,,,,,0,0.0,-1,53,False,True,False,"A:1,B:1,ESTOP:0,MODE:1",,,,nan,nan,nan,-1,9998000100000000.0,0.003431131660143619,-0.010852849895008978,0.2794199822138942,0.9601015136558604,-0.0019722220547535923,0.0053058009260627615,-0.0014486232791552935,0.2353596,-0.0196133,9.836069949999999
1786685073.236166,15.736,0.0,-1.0,0,0,,,,,,,,,,,,,,,,,,,,,,,,,,,0,0.0,-1,35,False,True,False,"A:1,B:1,ESTOP:0,MODE:1",,,,nan,nan,nan,-1,9998000100000000.0,0.0034225637326864523,-0.010855348030597806,0.2794031305186269,0.9601064202123749,-0.003961897402027128,0.00015707963267948965,-0.0014660765716752368,0.25497289999999995,0.02941995,9.845876599999999
1786685073.286235,15.786,0.0,-1.0,0,0,,,,,,,,,,,,,,,,,,,,,,,,,,,0,0.0,-1,57,False,True,False,"A:1,B:1,ESTOP:0,MODE:1",,,,nan,nan,nan,-1,9998000100000000.0,0.003420220186067722,-0.01084693966040069,0.2794115346340421,0.9601040778516317,0.0016929693744344998,0.00312413936106985,0.0059515727493006645,0.25497289999999995,0.06864655,9.747810099999999
1786685073.336152,15.836,0.0,-1.0,0,0,,,,,,,,,,,,,,,,,,,,,,,,,,,0,0.0,-1,36,False,True,False,"A:1,B:1,ESTOP:0,MODE:1",,,,nan,nan,nan,-1,9998000100000000.0,0.0034367879326456154,-0.010842122992417906,0.2793949668874642,0.9601088945196145,0.006352998477259359,-0.003961897402027128,-0.0027052603405912107,0.22555294999999997,0.0196133,9.79684335
1786685073.386264,15.886,0.0,-1.0,0,0,,,,,,,,,,,,,,,,,,,,,,,,,,,0,0.0,-1,49,False,True,False,"A:1,B:1,ESTOP:0,MODE:1",,,,nan,nan,nan,-1,9998000100000000.0,0.003415249119442125,-0.01083021245744499,0.2794032073031414,0.9601067077779929,0.0020420352248333657,-0.001308996938995747,0.0023911010752322315,0.25497289999999995,0.0588399,9.81645665
1786685073.436182,15.936,0.0,-1.0,0,0,,,,,,,,,,,,,,,,,,,,,,,,,,,0,0.0,-1,34,False,True,False,"A:1,B:1,ESTOP:0,MODE:1",,,,nan,nan,nan,-1,9998000100000000.0,0.0034609541678179423,-0.010862352061267027,0.2794034585604,0.9601061079112205,0.001117010721276371,-0.0007853981633974482,0.00020943951023931956,0.20593965,-0.00980665,9.79684335
1786685073.486227,15.986,0.0,-1.0,0,0,,,,,,,,,,,,,,,,,,,,,,,,,,,0,0.0,-1,53,False,True,False,"A:1,B:1,ESTOP:0,MODE:1",,,,nan,nan,nan,-1,9998000100000000.0,0.00344926351852382,-0.010883925412776822,0.2794199748132137,0.9601010990641412,0.0026878070480712674,-0.005864306286700947,0.0037699111843077517,0.21574629999999997,-0.0392266,9.80665
1786685073.536401,16.036,0.0,-1.0,0,0,,,,,,,,,,,,,,,,,,,,,,,,,,,0,0.0,-1,33,False,True,False,"A:1,B:1,ESTOP:0,MODE:1",,,,nan,nan,nan,-1,9998000100000000.0,0.0034384467072239313,-0.010877985333724608,0.27941990545219747,0.9601012253697033,0.003682644721708035,-0.00471238898038469,0.006318091892219472,0.20593965,0.0588399,9.7674234
1786685073.586234,16.086,0.0,-1.0,0,0,,,,,,,,,,,,,,,,,,,,,,,,,,,0,0.0,-1,53,False,True,False,"A:1,B:1,ESTOP:0,MODE:1",,,,nan,nan,nan,-1,9998000100000000.0,0.0034420432354343414,-0.010858759938794763,0.27942842987394345,0.9600989491969771,0.0004886921905584122,-0.0028797932657906437,-0.001780235837034216,0.196133,0.00980665,9.79684335
1786685073.636150,16.136,0.0,-1.0,0,0,,,,,,,,,,,,,,,,,,,,,,,,,,,0,0.0,-1,31,False,True,False,"A:1,B:1,ESTOP:0,MODE:1",,,,nan,nan,nan,-1,9998000100000000.0,0.0034338543545491774,-0.01086113848103348,0.27944509194851863,0.9600941021072109,-0.0026354471705114374,-0.0037524578917878084,0.0015009831567151233,0.28439285,-0.00980665,9.81645665
1786685073.686257,16.186,0.0,-1.0,0,0,,,,,,,,,,,,,,,,,,,,,,,,,,,0,0.0,-1,48,False,True,False,"A:1,B:1,ESTOP:0,MODE:1",,,,nan,nan,nan,-1,9998000100000000.0,0.00341953612086715,-0.010874394131597515,0.2794448766073507,0.96009406584089,-0.0016755160819145565,0.005253441048502932,0.004276056667386108,0.26477955,-0.0588399,9.855683249999998
1786685073.736237,16.236,0.0,-1.0,0,0,,,,,,,,,,,,,,,,,,,,,,,,,,,0,0.0,-1,35,False,True,False,"A:1,B:1,ESTOP:0,MODE:1",,,,nan,nan,nan,-1,9998000100000000.0,0.003387274679821353,-0.010856515613879666,0.27946142638934096,0.9600895654049177,0.0032288591161895096,0.0003839724354387525,-0.0014835298641951802,0.17651969999999997,-0.04903325,9.8654899
1786685073.786156,16.286,0.0,-1.0,0,0,,,,,,,,,,,,,,,,,,,,,,,,,,,0,0.0,-1,56,False,True,False,"A:1,B:1,ESTOP:0,MODE:1",,,,nan,nan,nan,-1,9998000100000000.0,0.0034159106931008587,-0.010830003811541623,0.2794618563630737,0.9600896382159757,-0.0032114058236695662,-0.003909537524467298,-0.002007128639793479,0.32361945,-0.04903325,9.826263299999999
1786685073.836140,16.336,0.0,-1.0,0,0,,,,,,,,,,,,,,,,,,,,,,,,,,,0,0.0,-1,39,False,True,False,"A:1,B:1,ESTOP:0,MODE:1",,,,nan,nan,nan,-1,9998000100000000.0,0.00337530046709274,-0.010878179335385003,0.2794528063507206,0.9600918714288809,-0.014416419621473161,-0.008848819307611252,0.0045029494701453706,0.1569064,0.00980665,9.757616749999999
1786685073.886246,16.386,0.0,-1.0,0,0,,,,,,,,,,,,,,,,,,,,,,,,,,,0,0.0,-1,62,False,True,False,"A:1,B:1,ESTOP:0,MODE:1",,,,nan,nan,nan,-1,9998000100000000.0,0.0033655458751042167,-0.010844665755612473,0.2794529105474792,0.9600922544798256,0.0037699111843077517,0.0008203047484373349,0.006754424205218055,0.18632634999999997,0.0588399,9.845876599999999
1786685073.936137,16.436,0.0,-1.0,0,0,,,,,,,,,,,,,,,,,,,,,,,,,,,0,0.0,-1,42,False,True,False,"A:1,B:1,ESTOP:0,MODE:1",,,,nan,nan,nan,-1,9998000100000000.0,0.003367889812680865,-0.010853073542592295,0.2794445061349242,0.9600945974766741,0.0019198621771937625,0.0047298422729046335,-0.006806784082777886,0.196133,0.0588399,9.80665
1786685073.986131,16.486,0.0,-1.0,0,0,,,,,,,,,,,,,,,,,,,,,,,,,,,0,0.0,-1,57,False,True,False,"A:1,B:1,ESTOP:0,MODE:1",,,,nan,nan,nan,-1,9998000100000000.0,0.0033677003903006364,-0.010853132321705351,0.2794277492805067,0.9600994745571517,-0.0010995574287564276,-0.0014486232791552935,-0.001413716694115407,0.18632634999999997,0.04903325,9.77723005
1786685074.036121,16.536,0.0,-1.0,0,0,,,,,,,,,,,,,,,,,,,,,,,,,,,0,0.0,-1,41,False,True,False,"A:1,B:1,ESTOP:0,MODE:1",,,,nan,nan,nan,-1,9998000100000000.0,0.003384646624023633,-0.010848196314230861,0.2794446955142296,0.9600945385496773,0.004153883619746504,-0.006213372137099813,0.0054105206811824215,0.20593965,0.0392266,9.77723005
1786685074.086168,16.586,0.0,-1.0,0,0,,,,,,,,,,,,,,,,,,,,,,,,,,,0,0.0,-1,59,False,True,False,"A:1,B:1,ESTOP:0,MODE:1",,,,nan,nan,nan,-1,9998000100000000.0,0.0033931196762703635,-0.010845728088668688,0.2794531685664764,0.9600920703241151,-0.0009948376736367678,-0.0005061454830783556,0.0045553093477052,0.24516625,0.00980665,9.7674234
1786685074.136128,16.636,0.0,-1.0,0,0,,,,,,,,,,,,,,,,,,,,,,,,,,,0,0.0,-1,37,False,True,False,"A:1,B:1,ESTOP:0,MODE:1",,,,nan,nan,nan,-1,9998000100000000.0,0.0034074377992960826,-0.010832472311809649,0.2794533834692689,0.9600921067162438,0.0046251225177849735,-0.0022165681500327986,0.00153588974175501,0.22555294999999997,0.00980665,9.747810099999999
1786685074.186143,16.686,0.0,-1.0,0,0,,,,,,,,,,,,,,,,,,,,,,,,,,,0,0.0,-1,58,False,True,False,"A:1,B:1,ESTOP:0,MODE:1",,,,nan,nan,nan,-1,9998000100000000.0,0.003408500251687538,-0.010804898423024628,0.27945355459781906,0.9600923638477427,-0.0005410520681182421,0.0013788101090755204,-0.002617993877991494,0.26477955,-0.0980665,9.79684335
1786685074.236127,16.736,0.0,-1.0,0,0,,,,,,,,,,,,,,,,,,,,,,,,,,,0,0.0,-1,39,False,True,False,"A:1,B:1,ESTOP:0,MODE:1",,,,nan,nan,nan,-1,9998000100000000.0,0.0034373246307518256,-0.010778326851934972,0.279470738701922,0.9600875578191073,-0.0030892327760299633,0.0028099800957108708,0.005777039824101231,0.25497289999999995,-0.0,9.77723005
1786685074.286172,16.786,0.0,-1.0,0,0,,,,,,,,,,,,,,,,,,,,,,,,,,,0,0.0,-1,56,False,True,False,"A:1,B:1,ESTOP:0,MODE:1",,,,nan,nan,nan,-1,9998000100000000.0,0.003451736475889029,-0.010765040682836144,0.27947933012466997,0.9600851542688615,-0.0024434609527920616,0.008011061266653973,-0.008080874436733746,0.14709974999999997,-0.0,9.7674234
1786685074.336121,16.836,0.0,-1.0,0,0,,,,,,,,,,,,,,,,,,,,,,,,,,,0,0.0,-1,39,False,True,False,"A:1,B:1,ESTOP:0,MODE:1",,,,nan,nan,nan,-1,9998000100000000.0,0.003438574248853137,-0.010750692910947187,0.27948766459789665,0.9600829360772346,-0.0014486232791552935,0.0009250245035569946,-0.002530727415391778,0.29419949999999995,0.02941995,9.747810099999999
1786685074.386151,16.886,0.0,-1.0,0,0,,,,,,,,,,,,,,,,,,,,,,,,,,,0,0.0,-1,57,False,True,False,"A:1,B:1,ESTOP:0,MODE:1",,,,nan,nan,nan,-1,9998000100000000.0,0.0034218176400035013,-0.01075557088927546,0.2794874769203401,0.9600829959454478,0.004118977034706617,-0.0005759586531581288,0.004433136300065597,0.18632634999999997,0.00980665,9.81645665
1786685074.436207,16.936,0.0,-1.0,0,0,,,,,,,,,,,,,,,,,,,,,,,,,,,0,0.0,-1,39,False,True,False,"A:1,B:1,ESTOP:0,MODE:1",,,,nan,nan,nan,-1,9998000100000000.0,0.0033774871735056814,-0.01075938750139912,0.2794870328905662,0.9600832394157369,-0.0010821041362364843,-0.004328416544945937,0.0008552113334772215,0.1569064,0.00980665,9.7870367
1786685074.486243,16.986,0.0,-1.0,0,0,,,,,,,,,,,,,,,,,,,,,,,,,,,0,0.0,-1,58,False,True,False,"A:1,B:1,ESTOP:0,MODE:1",,,,nan,nan,nan,-1,9998000100000000.0,0.0034052488348545653,-0.010760389433162284,0.27950404572548904,0.9600781774015611,-0.0006457718232379018,0.004921828490624009,0.0033859387488689996,0.20593965,0.0196133,9.8654899
1786685074.536170,17.036,0.0,-1.0,0,0,,,,,,,,,,,,,,,,,,,,,,,,,,,0,0.0,-1,38,False,True,False,"A:1,B:1,ESTOP:0,MODE:1",,,,nan,nan,nan,-1,9998000100000000.0,0.0034138148584944615,-0.010757890719146502,0.2795208960991396,0.9600732692348646,-0.0014660765716752368,-0.0006632251157578452,-0.002007128639793479,0.29419949999999995,0.0392266,9.79684335
1786685074.586146,17.086,0.0,-1.0,0,0,,,,,,,,,,,,,,,,,,,,,,,,,,,0,0.0,-1,54,False,True,False,"A:1,B:1,ESTOP:0,MODE:1",,,,nan,nan,nan,-1,9998000100000000.0,0.003401842809596708,-0.01077955543143078,0.27951227921542465,0.960075577451066,0.002373647782712288,-0.0021642082724729686,0.0007330382858376184,0.22555294999999997,0.04903325,9.836069949999999
1786685074.636124,17.136,0.0,-1.0,0,0,,,,,,,,,,,,,,,,,,,,,,,,,,,0,0.0,-1,35,False,True,False,"A:1,B:1,ESTOP:0,MODE:1",,,,nan,nan,nan,-1,9998000100000000.0,0.0034068153382654153,-0.010796282207926569,0.27952060650835825,0.9600729474560448,-0.0012042771838760874,0.0019024088846738192,0.004328416544945937,0.22555294999999997,0.0392266,9.77723005
1786685074.686176,17.186,0.0,-1.0,0,0,,,,,,,,,,,,,,,,,,,,,,,,,,,0,0.0,-1,53,False,True,False,"A:1,B:1,ESTOP:0,MODE:1",,,,nan,nan,nan,-1,9998000100000000.0,0.0034151935551318046,-0.01079384293006014,0.2795207007130507,0.9600729176894156,-0.0057246799465414016,0.0023212879051524586,0.00019198621771937625,0.1569064,-0.04903325,9.747810099999999
1786685074.736174,17.236,0.0,-1.0,0,0,,,,,,,,,,,,,,,,,,,,,,,,,,,0,0.0,-1,35,False,True,False,"A:1,B:1,ESTOP:0,MODE:1",,,,nan,nan,nan,-1,9998000100000000.0,0.0034284502267963603,-0.010808160112555988,0.2795207441673943,0.9600726967183943,-0.0038571776469074684,0.0037699111843077517,0.0029845130209103037,0.12748644999999997,0.0392266,9.836069949999999
1786685074.786213,17.286,0.0,-1.0,0,0,,,,,,,,,,,,,,,,,,,,,,,,,,,0,0.0,-1,54,False,True,False,"A:1,B:1,ESTOP:0,MODE:1",,,,nan,nan,nan,-1,9998000100000000.0,0.0034346718875008907,-0.010797252687286193,0.27954599832815186,0.960065444218335,0.0060911990894602095,0.0004014257279586958,6.981317007977319e-05,0.20593965,-0.0392266,9.845876599999999
1786685074.836140,17.336,0.0,-1.0,0,0,,,,,,,,,,,,,,,,,,,,,,,,,,,0,0.0,-1,35,False,True,False,"A:1,B:1,ESTOP:0,MODE:1",,,,nan,nan,nan,-1,9998000100000000.0,0.0034216030388032315,-0.010782876134214307,0.27956271104950514,0.9600607859951212,-0.0004363323129985824,-0.003246312408709453,0.0014835298641951802,0.20593965,0.00980665,9.77723005
1786685074.886282,17.386,0.0,-1.0,0,0,,,,,,,,,,,,,,,,,,,,,,,,,,,0,0.0,-1,51,False,True,False,"A:1,B:1,ESTOP:0,MODE:1",,,,nan,nan,nan,-1,9998000100000000.0,0.0034240426322905333,-0.01079125425960011,0.2795626857127392,0.9600606905402581,0.0007330382858376184,0.001832595714594046,0.0037000980142279784,0.28439285,0.0196133,9.855683249999998
1786685074.936162,17.436,0.0,-1.0,0,0,,,,,,,,,,,,,,,,,,,,,,,,,,,0,0.0,-1,34,False,True,False,"A:1,B:1,ESTOP:0,MODE:1",,,,nan,nan,nan,-1,9998000100000000.0,0.0034097260065944278,-0.010804511671407816,0.27956247182296035,0.9600606546694531,-0.0030892327760299633,0.0026354471705114374,0.008028514559173916,0.21574629999999997,-0.0196133,9.80665
1786685074.986246,17.486,0.0,-1.0,0,0,,,,,,,,,,,,,,,,,,,,,,,,,,,0,0.0,-1,54,False,True,False,"A:1,B:1,ESTOP:0,MODE:1",,,,nan,nan,nan,-1,9998000100000000.0,0.0034012535881725076,-0.010806980995743946,0.27955399940453846,0.9600631239937892,-0.005148721293383272,0.00017453292519943296,-0.018046704465621368,0.10787314999999999,-0.0,9.855683249999998
1786685075.036340,17.536,0.0,-1.0,0,0,,,,,,,,,,,,,,,,,,,,,,,,,,,0,0.0,-1,36,False,True,False,"A:1,B:1,ESTOP:0,MODE:1",,,,nan,nan,nan,-1,9998000100000000.0,0.0033965628671172687,-0.01079016542498688,0.2795708067596646,0.9600584355644929,-0.0027401669256310974,0.003246312408709453,-0.0016929693744344998,0.20593965,0.00980665,9.826263299999999
1786685075.086179,17.586,0.0,-1.0,0,0,,,,,,,,,,,,,,,,,,,,,,,,,,,0,0.0,-1,49,False,True,False,"A:1,B:1,ESTOP:0,MODE:1",,,,nan,nan,nan,-1,9998000100000000.0,0.0034135072855426855,-0.010785226416974792,0.2795877511780901,0.9600534965564808,-0.005881759579220891,-0.002775073510670984,-0.0003839724354387525,0.2353596,0.00980665,9.8654899
1786685075.136324,17.636,0.0,-1.0,0,0,,,,,,,,,,,,,,,,,,,,,,,,,,,0,0.0,-1,36,False,True,False,"A:1,B:1,ESTOP:0,MODE:1",,,,nan,nan,nan,-1,9998000100000000.0,0.0034552094932360617,-0.010773087396118963,0.2795714653717434,0.960058226289015,0.004101523742186674,0.0006981317007977319,0.0052010811709431014,0.196133,-0.06864655,9.79684335
1786685075.186304,17.686,0.0,-1.0,0,0,,,,,,,,,,,,,,,,,,,,,,,,,,,0,0.0,-1,52,False,True,False,"A:1,B:1,ESTOP:0,MODE:1",,,,nan,nan,nan,-1,9998000100000000.0,0.0034554915308204494,-0.01077299693525409,0.27959659954152233,0.9600509067961611,0.0035081117965086025,-0.004485496177625427,-0.0006806784082777885,0.16671305,0.08825984999999999,9.826263299999999
1786685075.236164,17.736,0.0,-1.0,0,0,,,,,,,,,,,,,,,,,,,,,,,,,,,0,0.0,-1,34,False,True,False,"A:1,B:1,ESTOP:0,MODE:1",,,,nan,nan,nan,-1,9998000100000000.0,0.0034773155722275556,-0.010784812445666505,0.27961349370139377,0.9600457750737844,0.0012217304763960308,-0.0020594885173533086,-0.0018675022996339325,0.18632634999999997,0.02941995,9.7674234
1786685075.286206,17.786,0.0,-1.0,0,0,,,,,,,,,,,,,,,,,,,,,,,,,,,0,0.0,-1,54,False,True,False,"A:1,B:1,ESTOP:0,MODE:1",,,,nan,nan,nan,-1,9998000100000000.0,0.0034544331555587627,-0.010800570995649265,0.2795964300925811,0.9600506501415569,-0.0047298422729046335,0.0032812189937493396,-0.01069886831472524,0.196133,0.06864655,9.80665
1786685075.336195,17.836,0.0,-1.0,0,0,,,,,,,,,,,,,,,,,,,,,,,,,,,0,0.0,-1,37,False,True,False,"A:1,B:1,ESTOP:0,MODE:1",,,,nan,nan,nan,-1,9998000100000000.0,0.003425706351230325,-0.010827116715214018,0.27958762390328523,0.9600530186608163,0.004782202150464463,0.0006283185307179586,-0.005462880558742251,0.21574629999999997,-0.0196133,9.845876599999999
1786685075.386258,17.886,0.0,-1.0,0,0,,,,,,,,,,,,,,,,,,,,,,,,,,,0,0.0,-1,49,False,True,False,"A:1,B:1,ESTOP:0,MODE:1",,,,nan,nan,nan,-1,9998000100000000.0,0.0034448077324828437,-0.01083064510863209,0.279579409404554,0.9600553027108478,-0.00153588974175501,0.0008726646259971648,-0.0012042771838760874,0.196133,0.00980665,9.914523149999999
1786685075.436139,17.936,0.0,-1.0,0,0,,,,,,,,,,,,,,,,,,,,,,,,,,,0,0.0,-1,36,False,True,False,"A:1,B:1,ESTOP:0,MODE:1",,,,nan,nan,nan,-1,9998000100000000.0,0.0034280516059254852,-0.010835524688197132,0.2795792203315544,0.9600553626878602,-0.003246312408709453,0.0065275314024587925,0.0009075712110370514,0.26477955,0.0196133,9.81645665
1786685075.486247,17.986,0.0,-1.0,0,0,,,,,,,,,,,,,,,,,,,,,,,,,,,0,0.0,-1,52,False,True,False,"A:1,B:1,ESTOP:0,MODE:1",,,,nan,nan,nan,-1,9998000100000000.0,0.003427862489821382,-0.010835584517334235,0.2795624641618925,0.9600602421195502,0.002495820830351891,-0.0008552113334772215,0.003490658503988659,0.25497289999999995,-0.00980665,9.79684335
1786685075.536233,18.036,0.0,-1.0,0,0,,,,,,,,,,,,,,,,,,,,,,,,,,,0,0.0,-1,34,False,True,False,"A:1,B:1,ESTOP:0,MODE:1",,,,nan,nan,nan,-1,9998000100000000.0,0.003422018629748581,-0.01084637241732056,0.27957072207710365,0.9600577364675363,0.0016755160819145565,0.0013439035240356337,0.0003316125578789226,0.1569064,-0.0196133,9.826263299999999
1786685075.586224,18.086,0.0,-1.0,0,0,,,,,,,,,,,,,,,,,,,,,,,,,,,0,0.0,-1,54,False,True,False,"A:1,B:1,ESTOP:0,MODE:1",,,,nan,nan,nan,-1,9998000100000000.0,0.0034402502982217994,-0.01087741506814609,0.2795790924221847,0.960054882597713,-0.0036477381366681488,-0.0033684854563490563,0.0024434609527920616,0.2353596,-0.0588399,9.81645665
1786685075.636119,18.136,0.0,-1.0,0,0,,,,,,,,,,,,,,,,,,,,,,,,,,,0,0.0,-1,36,False,True,False,"A:1,B:1,ESTOP:0,MODE:1",,,,nan,nan,nan,-1,9998000100000000.0,0.0034267083644954296,-0.010863188421259797,0.2795539145823557,0.9600624238291955,0.0032114058236695662,-0.001413716694115407,-0.0023212879051524586,0.16671305,-0.0196133,9.79684335
1786685075.686434,18.186,0.0,-1.0,0,0,,,,,,,,,,,,,,,,,,,,,,,,,,,0,0.0,-1,50,False,True,False,"A:1,B:1,ESTOP:0,MODE:1",,,,nan,nan,nan,-1,9998000100000000.0,0.003443559370786137,-0.010858279233048135,0.2795624822521747,0.9600599242692925,-0.0029670597283903604,0.003473205211468716,0.006387905062299246,0.18632634999999997,0.02941995,9.826263299999999
1786685075.736238,18.236,0.0,-1.0,0,0,,,,,,,,,,,,,,,,,,,,,,,,,,,0,0.0,-1,36,False,True,False,"A:1,B:1,ESTOP:0,MODE:1",,,,nan,nan,nan,-1,9998000100000000.0,0.00342211328207357,-0.010846342554161484,0.2795791001507137,0.9600552967161838,0.0007330382858376184,0.006021385919380436,-0.004991641660703782,0.18632634999999997,0.08825984999999999,9.826263299999999
1786685075.786263,18.286,0.0,-1.0,0,0,,,,,,,,,,,,,,,,,,,,,,,,,,,0,0.0,-1,52,False,True,False,"A:1,B:1,ESTOP:0,MODE:1",,,,nan,nan,nan,-1,9998000100000000.0,0.00340439325271504,-0.010878766430924752,0.2795871165259337,0.960052658357986,0.002356194490192345,-3.490658503988659e-05,-0.0031764992386296795,0.22555294999999997,0.10787314999999999,9.845876599999999
1786685075.836123,18.336,0.0,-1.0,0,0,,,,,,,,,,,,,,,,,,,,,,,,,,,0,0.0,-1,34,False,True,False,"A:1,B:1,ESTOP:0,MODE:1",,,,nan,nan,nan,-1,9998000100000000.0,0.0033935753971444105,-0.010872828235628122,0.2795870475497067,0.9600527840148272,0.0013264502315156904,0.004345869837465881,0.002356194490192345,0.18632634999999997,0.00980665,9.855683249999998
1786685075.886228,18.386,0.0,-1.0,0,0,,,,,,,,,,,,,,,,,,,,,,,,,,,0,0.0,-1,55,False,True,False,"A:1,B:1,ESTOP:0,MODE:1",,,,nan,nan,nan,-1,9998000100000000.0,0.003377009165858837,-0.01087764901022547,0.27960361378099224,0.9600479632402298,-0.002076941809873252,-0.00022689280275926284,0.0004363323129985824,0.2745862,0.06864655,9.80665
1786685075.936171,18.436,0.0,-1.0,0,0,,,,,,,,,,,,,,,,,,,,,,,,,,,0,0.0,-1,35,False,True,False,"A:1,B:1,ESTOP:0,MODE:1",,,,nan,nan,nan,-1,9998000100000000.0,0.0034022380229884698,-0.010870299311293357,0.27961227644890546,0.9600454344604626,-0.0006457718232379018,0.011868238913561441,0.005707226654021458,0.21574629999999997,0.0,9.7281968
1786685075.986260,18.486,0.0,-1.0,0,0,,,,,,,,,,,,,,,,,,,,,,,,,,,0,0.0,-1,48,False,True,False,"A:1,B:1,ESTOP:0,MODE:1",,,,nan,nan,nan,-1,9998000100000000.0,0.0034179360984623233,-0.010892993198933696,0.2796122937580707,0.9600451164353399,0.004328416544945937,-0.004310963252425994,-0.0027052603405912107,0.26477955,-0.02941995,9.80665
1786685076.036196,18.536,0.0,-1.0,0,0,,,,,,,,,,,,,,,,,,,,,,,,,,,0,0.0,-1,34,False,True,False,"A:1,B:1,ESTOP:0,MODE:1",,,,nan,nan,nan,-1,9998000100000000.0,0.0034311941352773577,-0.010907309094233267,0.2796123371521806,0.9600448939645605,-0.0008552113334772215,-0.0016580627893946131,-0.006003932626860493,0.21574629999999997,0.02941995,9.81645665
1786685076.086376,18.586,0.0,-1.0,0,0,,,,,,,,,,,,,,,,,,,,,,,,,,,0,0.0,-1,51,False,True,False,"A:1,B:1,ESTOP:0,MODE:1",,,,nan,nan,nan,-1,9998000100000000.0,0.00339620512500415,-0.01088114701507105,0.2796037776179558,0.9600478081700691,0.0009424777960769379,-0.008482300164692442,0.0028797932657906437,0.21574629999999997,-0.02941995,9.826263299999999
1786685076.136255,18.636,0.0,-1.0,0,0,,,,,,,,,,,,,,,,,,,,,,,,,,,0,0.0,-1,33,False,True,False,"A:1,B:1,ESTOP:0,MODE:1",,,,nan,nan,nan,-1,9998000100000000.0,0.003384424199887825,-0.010902753502605585,0.27961191335052776,0.9600452351589239,-0.0028797932657906437,0.006579891280018622,0.0034557519189487725,0.28439285,-0.06864655,9.77723005
1786685076.186381,18.686,0.0,-1.0,0,0,,,,,,,,,,,,,,,,,,,,,,,,,,,0,0.0,-1,54,False,True,False,"A:1,B:1,ESTOP:0,MODE:1",,,,nan,nan,nan,-1,9998000100000000.0,0.0033697839800481454,-0.010852485569632761,0.27961206999645605,0.9600458105867582,0.0031764992386296795,0.004433136300065597,0.0032637657012293962,0.2353596,0.02941995,9.826263299999999
1786685076.236146,18.736,0.0,-1.0,0,0,,,,,,,,,,,,,,,,,,,,,,,,,,,0,0.0,-1,36,False,True,False,"A:1,B:1,ESTOP:0,MODE:1",,,,nan,nan,nan,-1,9998000100000000.0,0.003399797988730342,-0.01086192132136917,0.27961230232657813,0.9600455303924259,0.0004188790204786391,-0.0062482787221397,-0.001064650843716541,0.21574629999999997,0.0588399,9.7870367
1786685076.286260,18.786,0.0,-1.0,0,0,,,,,,,,,,,,,,,,,,,,,,,,,,,0,0.0,-1,50,False,True,False,"A:1,B:1,ESTOP:0,MODE:1",,,,nan,nan,nan,-1,9998000100000000.0,0.0034154010795045342,-0.010884645016680329,0.27960394164090197,0.9600476526491788,0.0060911990894602095,-0.009040805525330627,0.002007128639793479,0.26477955,0.0392266,9.914523149999999
1786685076.336220,18.836,0.0,-1.0,0,0,,,,,,,,,,,,,,,,,,,,,,,,,,,0,0.0,-1,36,False,True,False,"A:1,B:1,ESTOP:0,MODE:1",,,,nan,nan,nan,-1,9998000100000000.0,0.003414342963443462,-0.010912219044663002,0.2796037687577857,0.960047393743711,0.006806784082777886,5.235987755982989e-05,0.0004188790204786391,0.196133,-0.0,9.7870367
1786685076.386256,18.886,0.0,-1.0,0,0,,,,,,,,,,,,,,,,,,,,,,,,,,,0,0.0,-1,54,False,True,False,"A:1,B:1,ESTOP:0,MODE:1",,,,nan,nan,nan,-1,9998000100000000.0,0.00341424773623794,-0.010912248840010748,0.2795953907531412,0.960049833710338,-0.0016929693744344998,-0.001361356816555577,0.0018151424220741027,0.18632634999999997,-0.02941995,9.7870367
1786685076.436139,18.936,0.0,-1.0,0,0,,,,,,,,,,,,,,,,,,,,,,,,,,,0,0.0,-1,36,False,True,False,"A:1,B:1,ESTOP:0,MODE:1",,,,nan,nan,nan,-1,9998000100000000.0,0.003403334657594621,-0.010906340441642192,0.2795869435436952,0.9600523996383081,1.7453292519943296e-05,-0.003141592653589793,0.00013962634015954637,0.18632634999999997,-0.02941995,9.826263299999999
1786685076.486239,18.986,0.0,-1.0,0,0,,,,,,,,,,,,,,,,,,,,,,,,,,,0,0.0,-1,59,False,True,False,"A:1,B:1,ESTOP:0,MODE:1",,,,nan,nan,nan,-1,9998000100000000.0,0.003393802591547893,-0.010936383914045042,0.27957829643649185,0.9600546097866117,0.0006981317007977319,-0.004206243497306334,-0.002129301687433082,0.26477955,0.0588399,9.855683249999998
1786685076.536183,19.036,0.0,-1.0,0,0,,,,,,,,,,,,,,,,,,,,,,,,,,,0,0.0,-1,42,False,True,False,"A:1,B:1,ESTOP:0,MODE:1",,,,nan,nan,nan,-1,9998000100000000.0,0.0033988732436446454,-0.0109530807288851,0.27959499995520853,0.9600495370986162,0.0009948376736367678,-0.012461650859239512,-0.0008028514559173916,0.2353596,-0.0392266,9.7870367
1786685076.586179,19.086,0.0,-1.0,0,0,,,,,,,,,,,,,,,,,,,,,,,,,,,0,0.0,-1,57,False,True,False,"A:1,B:1,ESTOP:0,MODE:1",,,,nan,nan,nan,-1,9998000100000000.0,0.0033834617185332858,-0.010930298005190055,0.27962011732789654,0.9600425359107013,-0.0015009831567151233,-0.0030892327760299633,0.00773180858633488,0.16671305,0.0196133,9.826263299999999
1786685076.636114,19.136,0.0,-1.0,0,0,,,,,,,,,,,,,,,,,,,,,,,,,,,0,0.0,-1,41,False,True,False,"A:1,B:1,ESTOP:0,MODE:1",,,,nan,nan,nan,-1,9998000100000000.0,0.00339064728880273,-0.010891846677741955,0.27963716840353114,0.9600379811414581,-0.0019198621771937625,0.0016406094968746698,0.00020943951023931956,0.24516625,0.04903325,9.7870367
1786685076.686216,19.186,0.0,-1.0,0,0,,,,,,,,,,,,,,,,,,,,,,,,,,,0,0.0,-1,57,False,True,False,"A:1,B:1,ESTOP:0,MODE:1",,,,nan,nan,nan,-1,9998000100000000.0,0.003395242209819346,-0.010908691414087254,0.2796119823752831,0.9600451094058722,-0.003246312408709453,-0.008360127117052838,0.0016231562043547264,0.22555294999999997,0.00980665,9.8654899
1786685076.736161,19.236,0.0,-1.0,0,0,,,,,,,,,,,,,,,,,,,,,,,,,,,0,0.0,-1,37,False,True,False,"A:1,B:1,ESTOP:0,MODE:1",,,,nan,nan,nan,-1,9998000100000000.0,0.0033918396700097658,-0.0109278578589228,0.27962021270209353,0.9600425063478719,-0.0010471975511965976,-0.0009250245035569946,0.0018151424220741027,0.1372931,-0.0392266,9.8654899
1786685076.786208,19.286,0.0,-1.0,0,0,,,,,,,,,,,,,,,,,,,,,,,,,,,0,0.0,-1,56,False,True,False,"A:1,B:1,ESTOP:0,MODE:1",,,,nan,nan,nan,-1,9998000100000000.0,0.0033764268856083294,-0.010905075723559858,0.2796453299267247,0.96003550377844,-0.007382742735936014,-0.007958701389094143,-0.0025830872929516074,0.25497289999999995,-0.02941995,9.77723005
1786685076.836115,19.336,0.0,-1.0,0,0,,,,,,,,,,,,,,,,,,,,,,,,,,,0,0.0,-1,37,False,True,False,"A:1,B:1,ESTOP:0,MODE:1",,,,nan,nan,nan,-1,9998000100000000.0,0.003389876010640597,-0.010919331995102867,0.2796621284224512,0.960030401005946,-0.001361356816555577,0.006265732014659643,0.0009424777960769379,0.2353596,0.08825984999999999,9.81645665
1786685076.886236,19.386,0.0,-1.0,0,0,,,,,,,,,,,,,,,,,,,,,,,,,,,0,0.0,-1,52,False,True,False,"A:1,B:1,ESTOP:0,MODE:1",,,,nan,nan,nan,-1,9998000100000000.0,0.0033900665884197137,-0.010919272828942141,0.2796788840712722,0.9600255198347911,0.0028448866807507574,-0.008621926504851989,-0.0019198621771937625,0.17651969999999997,-0.06864655,9.7870367
1786685076.936133,19.436,0.0,-1.0,0,0,,,,,,,,,,,,,,,,,,,,,,,,,,,0,0.0,-1,36,False,True,False,"A:1,B:1,ESTOP:0,MODE:1",,,,nan,nan,nan,-1,9998000100000000.0,0.003392602570142752,-0.0109276210372127,0.2796872356314012,0.9600229828348554,-0.0033859387488689996,-0.0013439035240356337,0.003944444109507185,0.18632634999999997,0.0,9.79684335
1786685076.986192,19.486,0.0,-1.0,0,0,,,,,,,,,,,,,,,,,,,,,,,,,,,0,0.0,-1,55,False,True,False,"A:1,B:1,ESTOP:0,MODE:1",,,,nan,nan,nan,-1,9998000100000000.0,0.0033938485142597508,-0.010899987692083137,0.2797041649198756,0.9600183603385144,-0.0046251225177849735,0.004939281783143952,0.0070685834705770355,0.22555294999999997,0.0,9.875296549999998
1786685077.036123,19.536,0.0,-1.0,0,0,,,,,,,,,,,,,,,,,,,,,,,,,,,0,0.0,-1,35,False,True,False,"A:1,B:1,ESTOP:0,MODE:1",,,,nan,nan,nan,-1,9998000100000000.0,0.003387816398577304,-0.010910835887324808,0.2796956658467722,0.9600207346025502,0.0026529004630313807,0.006702064327658226,0.00047123889803846896,0.20593965,0.00980665,9.79684335
1786685077.086219,19.586,0.0,-1.0,0,0,,,,,,,,,,,,,,,,,,,,,,,,,,,0,0.0,-1,57,False,True,False,"A:1,B:1,ESTOP:0,MODE:1",,,,nan,nan,nan,-1,9998000100000000.0,0.003407107931060831,-0.010914302315767174,0.2797042079178737,0.9600181382107013,-0.0037175513067479217,0.0074176493209759005,-0.0011344640137963143,0.2353596,0.02941995,9.894909849999998
1786685077.136177,19.636,0.0,-1.0,0,0,,,,,,,,,,,,,,,,,,,,,,,,,,,0,0.0,-1,37,False,True,False,"A:1,B:1,ESTOP:0,MODE:1",,,,nan,nan,nan,-1,9998000100000000.0,0.003416966818103068,-0.01094778349435165,0.27971248116356656,0.9600153114693777,0.0004537856055185257,0.006876597252857658,-0.0072082098107365804,0.25497289999999995,0.0784532,9.757616749999999
1786685077.186263,19.686,0.0,-1.0,0,0,,,,,,,,,,,,,,,,,,,,,,,,,,,0,0.0,-1,51,False,True,False,"A:1,B:1,ESTOP:0,MODE:1",,,,nan,nan,nan,-1,9998000100000000.0,0.0034202719728983677,-0.01092864678412537,0.2796958733544038,0.9600203564756409,0.005288347633542819,0.0054105206811824215,0.0016406094968746698,0.20593965,0.0392266,9.79684335
1786685077.236136,19.736,0.0,-1.0,0,0,,,,,,,,,,,,,,,,,,,,,,,,,,,0,0.0,-1,36,False,True,False,"A:1,B:1,ESTOP:0,MODE:1",,,,nan,nan,nan,-1,9998000100000000.0,0.0034478460066436453,-0.01092970213053777,0.2796961335327421,0.9600201700256545,-0.0009075712110370514,-0.0038746309394274117,-0.0012566370614359172,0.21574629999999997,-0.0,9.855683249999998
1786685077.286246,19.786,0.0,-1.0,0,0,,,,,,,,,,,,,,,,,,,,,,,,,,,0,0.0,-1,55,False,True,False,"A:1,B:1,ESTOP:0,MODE:1",,,,nan,nan,nan,-1,9998000100000000.0,0.0034539735729636856,-0.010918823268132597,0.27971301013715333,0.9600153547339799,0.0009424777960769379,-0.0012042771838760874,0.002408554367752175,0.1569064,0.06864655,9.845876599999999
1786685077.336236,19.836,0.0,-1.0,0,0,,,,,,,,,,,,,,,,,,,,,,,,,,,0,0.0,-1,36,False,True,False,"A:1,B:1,ESTOP:0,MODE:1",,,,nan,nan,nan,-1,9998000100000000.0,0.0034399452515334085,-0.010931992853818902,0.27973792665962616,0.9600079951214385,0.0032114058236695662,0.006440264939859076,0.007504915783575617,0.196133,0.02941995,9.80665
1786685077.386271,19.886,0.0,-1.0,0,0,,,,,,,,,,,,,,,,,,,,,,,,,,,0,0.0,-1,57,False,True,False,"A:1,B:1,ESTOP:0,MODE:1",,,,nan,nan,nan,-1,9998000100000000.0,0.0034509549299818316,-0.01093786911427087,0.2797547514415182,0.9600029859199423,-0.0011693705988362008,-0.0021467549799530253,0.006754424205218055,0.20593965,0.04903325,9.836069949999999
1786685077.436120,19.936,0.0,-1.0,0,0,,,,,,,,,,,,,,,,,,,,,,,,,,,0,0.0,-1,37,False,True,False,"A:1,B:1,ESTOP:0,MODE:1",,,,nan,nan,nan,-1,9998000100000000.0,0.003456700551368963,-0.010927110504291201,0.27973811741628873,0.9600079349368503,0.002897246558310587,0.007435102613495843,-0.002548180707911721,0.26477955,0.0588399,9.80665
1786685077.486238,19.986,0.0,-1.0,0,0,,,,,,,,,,,,,,,,,,,,,,,,,,,0,0.0,-1,53,False,True,False,"A:1,B:1,ESTOP:0,MODE:1",,,,nan,nan,nan,-1,9998000100000000.0,0.0034458817752753387,-0.010921174014979305,0.2797380478899383,0.960008061643053,0.007452555906015787,3.490658503988659e-05,-0.0027401669256310974,0.20593965,-0.0392266,9.8654899
1786685077.536207,20.036,0.0,-1.0,0,0,,,,,,,,,,,,,,,,,,,,,,,,,,,0,0.0,-1,34,False,True,False,"A:1,B:1,ESTOP:0,MODE:1",,,,nan,nan,nan,-1,9998000100000000.0,0.003455313700826027,-0.010891158663527028,0.27973831541529076,0.9600082907760796,-0.0038571776469074684,-0.0007155849933176752,-0.007766715171374766,0.2353596,-0.02941995,9.7870367
1786685077.586202,20.086,0.0,-1.0,0,0,,,,,,,,,,,,,,,,,,,,,,,,,,,0,0.0,-1,53,False,True,False,"A:1,B:1,ESTOP:0,MODE:1",,,,nan,nan,nan,-1,9998000100000000.0,0.003447126176593925,-0.010893539678393955,0.27975497562478885,0.9600034383936193,-0.000296705972839036,0.0004188790204786391,0.003961897402027128,0.1569064,-0.04903325,9.79684335
1786685077.636126,20.136,0.0,-1.0,0,0,,,,,,,,,,,,,,,,,,,,,,,,,,,0,0.0,-1,36,False,True,False,"A:1,B:1,ESTOP:0,MODE:1",,,,nan,nan,nan,-1,9998000100000000.0,0.00342802471426324,-0.01089001478243084,0.2797631888860769,0.9600011533164374,-0.004572762640225144,-0.0042935099599060505,0.0028797932657906437,0.18632634999999997,-0.0196133,9.80665
1786685077.686218,20.186,0.0,-1.0,0,0,,,,,,,,,,,,,,,,,,,,,,,,,,,0,0.0,-1,54,False,True,False,"A:1,B:1,ESTOP:0,MODE:1",,,,nan,nan,nan,-1,9998000100000000.0,0.003434919810308046,-0.010851651542949103,0.2797551038351832,0.9600039191914026,0.0072082098107365804,0.0032812189937493396,0.0006108652381980154,0.26477955,-0.02941995,9.79684335
1786685077.736161,20.236,0.0,-1.0,0,0,,,,,,,,,,,,,,,,,,,,,,,,,,,0,0.0,-1,34,False,True,False,"A:1,B:1,ESTOP:0,MODE:1",,,,nan,nan,nan,-1,9998000100000000.0,0.0034183540623101147,-0.010856474529077391,0.279771669583181,0.9599990962052742,0.0079412480965742,-0.004572762640225144,0.0020594885173533086,0.14709974999999997,-0.00980665,9.8851032
1786685077.786152,20.286,0.0,-1.0,0,0,,,,,,,,,,,,,,,,,,,,,,,,,,,0,0.0,-1,49,False,True,False,"A:1,B:1,ESTOP:0,MODE:1",,,,nan,nan,nan,-1,9998000100000000.0,0.003418164580563789,-0.010856534188957236,0.27975491439552536,0.9600039789958458,0.0029146998508305304,0.004014257279586958,0.004904375198104067,0.22555294999999997,0.0,9.7674234
1786685077.836211,20.336,0.0,-1.0,0,0,,,,,,,,,,,,,,,,,,,,,,,,,,,0,0.0,-1,31,False,True,False,"A:1,B:1,ESTOP:0,MODE:1",,,,nan,nan,nan,-1,9998000100000000.0,0.0033846541179566813,-0.010866299471050748,0.2797545352605551,0.9600040977274306,0.002373647782712288,0.0012042771838760874,-0.0006981317007977319,0.25497289999999995,0.0196133,9.77723005
1786685077.886226,20.386,0.0,-1.0,0,0,,,,,,,,,,,,,,,,,,,,,,,,,,,0,0.0,-1,48,False,True,False,"A:1,B:1,ESTOP:0,MODE:1",,,,nan,nan,nan,-1,9998000100000000.0,0.0033897266199300743,-0.01088299556477482,0.2797712383493876,0.9599990231002474,0.0026354471705114374,0.0016406094968746698,0.002530727415391778,0.25497289999999995,0.00980665,9.7870367
1786685077.936201,20.436,0.0,-1.0,0,0,,,,,,,,,,,,,,,,,,,,,,,,,,,0,0.0,-1,30,False,True,False,"A:1,B:1,ESTOP:0,MODE:1",,,,nan,nan,nan,-1,9998000100000000.0,0.003376561043470339,-0.010868652395069036,0.2797795731769573,0.9599968029444444,-0.002007128639793479,-0.005253441048502932,0.00022689280275926284,0.17651969999999997,0.00980665,9.81645665
1786685077.986248,20.486,0.0,-1.0,0,0,,,,,,,,,,,,,,,,,,,,,,,,,,,0,0.0,-1,49,False,True,False,"A:1,B:1,ESTOP:0,MODE:1",,,,nan,nan,nan,-1,9998000100000000.0,0.0033954730119648228,-0.010872235779387538,0.2797546041112417,0.9600039722473781,0.00153588974175501,-0.008028514559173916,-0.0021467549799530253,0.21574629999999997,-0.0,9.81645665
1786685078.036193,20.536,0.0,-1.0,0,0,,,,,,,,,,,,,,,,,,,,,,,,,,,0,0.0,-1,28,False,True,False,"A:1,B:1,ESTOP:0,MODE:1",,,,nan,nan,nan,-1,9998000100000000.0,0.0034097869653008793,-0.010858975510721238,0.2797548196437396,0.9600040087884048,-0.001413716694115407,-0.004799655442984407,-0.006387905062299246,0.22555294999999997,-0.0980665,9.855683249999998
1786685078.086214,20.586,0.0,-1.0,0,0,,,,,,,,,,,,,,,,,,,,,,,,,,,0,0.0,-1,42,False,True,False,"A:1,B:1,ESTOP:0,MODE:1",,,,nan,nan,nan,-1,9998000100000000.0,0.003379487518012118,-0.010849632692278358,0.27972945432349483,0.9600116129081137,-0.0027401669256310974,-0.0037524578917878084,-0.0004188790204786391,0.20593965,0.00980665,9.81645665
1786685078.136219,20.636,0.0,-1.0,0,0,,,,,,,,,,,,,,,,,,,,,,,,,,,0,0.0,-1,28,False,True,False,"A:1,B:1,ESTOP:0,MODE:1",,,,nan,nan,nan,-1,9998000100000000.0,0.003397108592231384,-0.010817235595095476,0.279713060054006,0.9600166931374249,0.0028623399732707008,-0.006597344572538566,0.001308996938995747,0.25497289999999995,-0.02941995,9.855683249999998
1786685078.186260,20.686,0.0,-1.0,0,0,,,,,,,,,,,,,,,,,,,,,,,,,,,0,0.0,-1,47,False,True,False,"A:1,B:1,ESTOP:0,MODE:1",,,,nan,nan,nan,-1,9998000100000000.0,0.0033751884264746905,-0.010805450394238842,0.2796877895791121,0.9600242656856199,-0.003193952531149623,-0.0002443460952792061,-0.009564404300928926,0.29419949999999995,0.0,9.8851032
1786685078.236155,20.736,0.0,-1.0,0,0,,,,,,,,,,,,,,,,,,,,,,,,,,,0,0.0,-1,30,False,True,False,"A:1,B:1,ESTOP:0,MODE:1",,,,nan,nan,nan,-1,9998000100000000.0,0.0033658494876900773,-0.010835435900836854,0.2796959007951368,0.9600215973947993,-0.005340707511102648,0.0024609142453120045,-0.0018151424220741027,0.14709974999999997,-0.00980665,9.77723005
1786685078.286140,20.786,0.0,-1.0,0,0,,,,,,,,,,,,,,,,,,,,,,,,,,,0,0.0,-1,40,False,True,False,"A:1,B:1,ESTOP:0,MODE:1",,,,nan,nan,nan,-1,9998000100000000.0,0.0033656603731450807,-0.010835494644342206,0.2796791452147727,0.9600264788629526,0.0011344640137963143,0.007452555906015787,-0.0025132741228718345,0.28439285,-0.0392266,9.77723005
1786685078.336144,20.836,0.0,-1.0,0,0,,,,,,,,,,,,,,,,,,,,,,,,,,,0,0.0,-1,29,False,True,False,"A:1,B:1,ESTOP:0,MODE:1",,,,nan,nan,nan,-1,9998000100000000.0,0.0033260224646276225,-0.010856133811593636,0.2796618901103969,0.9600314105033803,0.005218534463463045,0.004153883619746504,0.00010471975511965978,0.26477955,-0.00980665,9.77723005
1786685078.386281,20.886,0.0,-1.0,0,0,,,,,,,,,,,,,,,,,,,,,,,,,,,0,0.0,-1,49,False,True,False,"A:1,B:1,ESTOP:0,MODE:1",,,,nan,nan,nan,-1,9998000100000000.0,0.0033368407985625214,-0.010862071163832499,0.2796619585068101,0.9600312858796073,0.004537856055185257,-0.0037524578917878084,-0.0045204027626653135,0.16671305,0.0,9.79684335
1786685078.436126,20.936,0.0,-1.0,0,0,,,,,,,,,,,,,,,,,,,,,,,,,,,0,0.0,-1,44,False,True,False,"A:1,B:1,ESTOP:0,MODE:1",,,,nan,nan,nan,-1,9998000100000000.0,0.003306731565539608,-0.010852665824630067,0.2796533492546305,0.960034004304806,-0.0008552113334772215,-0.013473941825396225,0.0011344640137963143,0.196133,0.00980665,9.7870367
1786685078.486183,20.986,0.0,-1.0,0,0,,,,,,,,,,,,,,,,,,,,,,,,,,,0,0.0,-1,76,False,True,False,"A:1,B:1,ESTOP:0,MODE:1",,,,nan,nan,nan,-1,9998000100000000.0,0.0032970643410860203,-0.010819125506583795,0.2796618330226086,0.9600319448020664,0.002373647782712288,0.0040666171571467884,-0.002722713633111154,0.18632634999999997,-0.0196133,9.80665
1786685078.536139,21.036,0.0,-1.0,0,0,,,,,,,,,,,,,,,,,,,,,,,,,,,0,0.0,-1,46,False,True,False,"A:1,B:1,ESTOP:0,MODE:1",,,,nan,nan,nan,-1,9998000100000000.0,0.0032879141050596665,-0.010849054046607931,0.27968669779355726,0.9600243948590405,-0.0010995574287564276,-0.0037000980142279784,0.0018675022996339325,0.16671305,0.00980665,9.7870367
1786685078.586206,21.086,0.0,-1.0,0,0,,,,,,,,,,,,,,,,,,,,,,,,,,,0,0.0,-1,74,False,True,False,"A:1,B:1,ESTOP:0,MODE:1",,,,nan,nan,nan,-1,9998000100000000.0,0.003316638319353316,-0.01082250658617054,0.27969550677317473,0.9600220293057592,-0.00747000919853573,0.0035081117965086025,-0.009896016858807848,0.22555294999999997,0.0784532,9.81645665
1786685078.636114,21.136,0.0,-1.0,0,0,,,,,,,,,,,,,,,,,,,,,,,,,,,0,0.0,-1,42,False,True,False,"A:1,B:1,ESTOP:0,MODE:1",,,,nan,nan,nan,-1,9998000100000000.0,0.0033441179539810927,-0.010823591136169687,0.27968738612568206,0.9600242876053765,-0.006492624817418906,0.005061454830783556,-6.981317007977319e-05,0.24516625,0.04903325,9.7870367
1786685078.686218,21.186,0.0,-1.0,0,0,,,,,,,,,,,,,,,,,,,,,,,,,,,0,0.0,-1,69,False,True,False,"A:1,B:1,ESTOP:0,MODE:1",,,,nan,nan,nan,-1,9998000100000000.0,0.0033140088026117676,-0.010814186646439837,0.27967877748413444,0.9600270059419225,0.006318091892219472,-0.000890117918517108,0.0029146998508305304,0.17651969999999997,0.0196133,9.7870367
1786685078.736128,21.236,0.0,-1.0,0,0,,,,,,,,,,,,,,,,,,,,,,,,,,,0,0.0,-1,38,False,True,False,"A:1,B:1,ESTOP:0,MODE:1",,,,nan,nan,nan,-1,9998000100000000.0,0.0032982149251394254,-0.010791522609277694,0.27967038426055835,0.9600297604687226,-0.007260569688296411,0.0036477381366681488,0.0019722220547535923,0.17651969999999997,0.0,9.77723005
1786685078.786228,21.286,0.0,-1.0,0,0,,,,,,,,,,,,,,,,,,,,,,,,,,,0,0.0,-1,68,False,True,False,"A:1,B:1,ESTOP:0,MODE:1",,,,nan,nan,nan,-1,9998000100000000.0,0.003337475581225385,-0.010771000078183194,0.2796541250617681,0.9600345916424041,-0.0021467549799530253,-0.00307177948351002,0.004537856055185257,0.20593965,-0.0,9.7674234
1786685078.836114,21.336,0.0,-1.0,0,0,,,,,,,,,,,,,,,,,,,,,,,,,,,0,0.0,-1,40,False,True,False,"A:1,B:1,ESTOP:0,MODE:1",,,,nan,nan,nan,-1,9998000100000000.0,0.003349444341135112,-0.010749334174058075,0.27966274236251043,0.9600322825674665,-1.7453292519943296e-05,-0.002495820830351891,-0.0008028514559173916,0.24516625,-0.10787314999999999,9.77723005
1786685078.886244,21.386,0.0,-1.0,0,0,,,,,,,,,,,,,,,,,,,,,,,,,,,0,0.0,-1,68,False,True,False,"A:1,B:1,ESTOP:0,MODE:1",,,,nan,nan,nan,-1,9998000100000000.0,0.003349725756897846,-0.01074924648212655,0.2796878758530531,0.9600249606849955,0.005166174585903215,8.726646259971648e-05,0.008045967851693859,0.26477955,-0.06864655,9.924329799999999
1786685078.936166,21.436,0.0,-1.0,0,0,,,,,,,,,,,,,,,,,,,,,,,,,,,0,0.0,-1,38,False,True,False,"A:1,B:1,ESTOP:0,MODE:1",,,,nan,nan,nan,-1,9998000100000000.0,0.0033715505607983774,-0.010761061781901447,0.27970476777439696,0.9600198305662299,-0.0010297442586766543,-0.0019896753472735357,-0.0003141592653589793,0.14709974999999997,0.00980665,9.81645665
1786685078.986219,21.486,0.0,-1.0,0,0,,,,,,,,,,,,,,,,,,,,,,,,,,,0,0.0,-1,67,False,True,False,"A:1,B:1,ESTOP:0,MODE:1",,,,nan,nan,nan,-1,9998000100000000.0,0.0033857714346441766,-0.01074783179116227,0.27969660324707823,0.960022307446878,0.008621926504851989,-0.000890117918517108,-0.008970992355250854,0.17651969999999997,0.02941995,9.924329799999999
1786685079.036320,21.536,0.0,-1.0,0,0,,,,,,,,,,,,,,,,,,,,,,,,,,,0,0.0,-1,35,False,True,False,"A:1,B:1,ESTOP:0,MODE:1",,,,nan,nan,nan,-1,9998000100000000.0,0.00339414920959392,-0.010745390977436401,0.27969669702895433,0.9600222778638934,0.0019373154697137059,-0.0015882496193148398,-0.0029845130209103037,0.196133,0.00980665,9.7870367
1786685079.086233,21.586,0.0,-1.0,0,0,,,,,,,,,,,,,,,,,,,,,,,,,,,0,0.0,-1,66,False,True,False,"A:1,B:1,ESTOP:0,MODE:1",,,,nan,nan,nan,-1,9998000100000000.0,0.0034250323172760107,-0.01072730970404773,0.2796803414277085,0.9600271353451525,0.006771877497737999,0.001064650843716541,-0.009215338450530061,0.26477955,0.0588399,9.836069949999999
1786685079.136149,21.636,0.0,-1.0,0,0,,,,,,,,,,,,,,,,,,,,,,,,,,,0,0.0,-1,38,False,True,False,"A:1,B:1,ESTOP:0,MODE:1",,,,nan,nan,nan,-1,9998000100000000.0,0.003433316542086657,-0.010724898993981121,0.27967205720289773,0.960029546055219,-0.004799655442984407,-0.004886921905584123,-0.0007853981633974482,0.21574629999999997,-0.00980665,9.7674234
1786685079.186188,21.686,0.0,-1.0,0,0,,,,,,,,,,,,,,,,,,,,,,,,,,,0,0.0,-1,66,False,True,False,"A:1,B:1,ESTOP:0,MODE:1",,,,nan,nan,nan,-1,9998000100000000.0,0.003433316542086657,-0.010724898993981121,0.27967205720289773,0.960029546055219,0.002495820830351891,-0.0006806784082777885,-0.004991641660703782,0.25497289999999995,0.02941995,9.79684335
1786685079.236295,21.736,0.0,-1.0,0,0,,,,,,,,,,,,,,,,,,,,,,,,,,,0,0.0,-1,36,False,True,False,"A:1,B:1,ESTOP:0,MODE:1",,,,nan,nan,nan,-1,9998000100000000.0,0.0034271918734117713,-0.01073577726402708,0.2796551828083107,0.9600343619740133,0.0019722220547535923,-0.0045029494701453706,-0.004537856055185257,0.26477955,-0.00980665,9.826263299999999
1786685079.286141,21.786,0.0,-1.0,0,0,,,,,,,,,,,,,,,,,,,,,,,,,,,0,0.0,-1,66,False,True,False,"A:1,B:1,ESTOP:0,MODE:1",,,,nan,nan,nan,-1,9998000100000000.0,0.0034212543911968808,-0.010746595610955685,0.2796550639439984,0.9600342967371757,-0.0021467549799530253,0.005445427266222308,-0.005096361415823442,0.1372931,-0.02941995,9.855683249999998
1786685079.336174,21.836,0.0,-1.0,0,0,,,,,,,,,,,,,,,,,,,,,,,,,,,0,0.0,-1,37,False,True,False,"A:1,B:1,ESTOP:0,MODE:1",,,,nan,nan,nan,-1,9998000100000000.0,0.0034236009341465203,-0.010755003382583379,0.27964666086684536,0.9600366419699343,-0.005427973973702365,0.0037000980142279784,0.0008203047484373349,0.2745862,-0.06864655,9.7674234
1786685079.386132,21.886,0.0,-1.0,0,0,,,,,,,,,,,,,,,,,,,,,,,,,,,0,0.0,-1,66,False,True,False,"A:1,B:1,ESTOP:0,MODE:1",,,,nan,nan,nan,-1,9998000100000000.0,0.0034380101500850746,-0.010741714707683432,0.2796552514648813,0.9600342368788005,-0.005864306286700947,-0.0004014257279586958,-0.001308996938995747,0.25497289999999995,-0.0196133,9.80665
1786685079.436178,21.936,0.0,-1.0,0,0,,,,,,,,,,,,,,,,,,,,,,,,,,,0,0.0,-1,37,False,True,False,"A:1,B:1,ESTOP:0,MODE:1",,,,nan,nan,nan,-1,9998000100000000.0,0.0034618053421157863,-0.010762058118837558,0.279630230426807,0.9600412117405538,0.004642575810304917,0.0015882496193148398,-0.0050789081233034985,0.22555294999999997,-0.02941995,9.77723005
1786685079.486132,21.986,0.0,-1.0,0,0,,,,,,,,,,,,,,,,,,,,,,,,,,,0,0.0,-1,66,False,True,False,"A:1,B:1,ESTOP:0,MODE:1",,,,nan,nan,nan,-1,9998000100000000.0,0.00347142801062578,-0.010731983185656987,0.2796472483623047,0.96003655670389,0.014643312424232424,-0.01213003830136059,-0.003420845333908886,0.25497289999999995,0.0,9.845876599999999
1786685079.536171,22.036,0.0,-1.0,0,0,,,,,,,,,,,,,,,,,,,,,,,,,,,0,0.0,-1,35,False,True,False,"A:1,B:1,ESTOP:0,MODE:1",,,,nan,nan,nan,-1,9998000100000000.0,0.003501723550580544,-0.010741326197918167,0.2796726137452993,0.9600289531907659,0.0038746309394274117,0.002617993877991494,0.003525565089028546,0.2353596,0.06864655,9.836069949999999
1786685079.586167,22.086,0.0,-1.0,0,0,,,,,,,,,,,,,,,,,,,,,,,,,,,0,0.0,-1,64,False,True,False,"A:1,B:1,ESTOP:0,MODE:1",,,,nan,nan,nan,-1,9998000100000000.0,0.0035435190832054965,-0.01072915409129936,0.27966470431545953,0.9600312400568738,0.0021118483949131386,0.0032114058236695662,0.002949606435870417,0.17651969999999997,0.0196133,9.747810099999999
1786685079.636156,22.136,0.0,-1.0,0,0,,,,,,,,,,,,,,,,,,,,,,,,,,,0,0.0,-1,34,True,True,False,"A:1,B:1,ESTOP:0,MODE:1",,,,nan,nan,nan,-1,9998000100000000.0,0.0035268570485991312,-0.010734004382331736,0.27967289485671926,0.9600288611868609,-0.0006283185307179586,0.007853981633974483,-0.00466002910282486,0.17651969999999997,0.0392266,9.81645665
1786685079.686335,22.186,0.0,-1.0,0,0,,,,,,,,,,,,,,,,,,,,,,,,,,,0,0.0,-1,65,True,True,False,"A:1,B:1,ESTOP:0,MODE:1",,,,nan,nan,nan,-1,9998000100000000.0,0.0035269507203240357,-0.010733973604289144,0.27968127267834103,0.9600264205438839,-0.00986111027376796,-0.004171336912266448,-0.002286381320112572,0.2745862,0.00980665,9.80665
1786685079.736251,22.236,0.0,-1.0,0,0,,,,,,,,,,,,,,,,,,,,,,,,,,,0,0.0,-1,37,True,True,False,"A:1,B:1,ESTOP:0,MODE:1",,,,nan,nan,nan,-1,9998000100000000.0,0.003545090953182206,-0.010765044247204352,0.2796812690823485,0.9600260068753222,0.0045204027626653135,-0.0008203047484373349,0.006754424205218055,0.21574629999999997,0.02941995,9.80665
1786685079.786214,22.286,0.0,-1.0,0,0,,,,,,,,,,,,,,,,,,,,,,,,,,,0,0.0,-1,66,True,True,False,"A:1,B:1,ESTOP:0,MODE:1",,,,nan,nan,nan,-1,9998000100000000.0,0.003541594356750136,-0.010784240582380892,0.27968112622648467,0.9600258459526798,-0.005864306286700947,-0.002722713633111154,0.0012217304763960308,0.22555294999999997,-0.02941995,9.80665
1786685079.836125,22.336,0.0,-1.0,0,0,,,,,,,,,,,,,,,,,,,,,,,,,,,0,0.0,-1,35,True,True,False,"A:1,B:1,ESTOP:0,MODE:1",,,,nan,nan,nan,-1,9998000100000000.0,0.0035246504380573936,-0.01078918345564486,0.27966418230779183,0.960030788825944,0.007714355293814937,0.0003665191429188092,-0.0026005405854715507,0.21574629999999997,0.06864655,9.7870367
1786685079.886280,22.386,0.0,-1.0,0,0,,,,,,,,,,,,,,,,,,,,,,,,,,,0,0.0,-1,64,True,True,False,"A:1,B:1,ESTOP:0,MODE:1",,,,nan,nan,nan,-1,9998000100000000.0,0.00350066732747892,-0.010768900355536877,0.27967244599399077,0.9600286970008413,0.0017278759594743863,0.0005061454830783556,0.0016755160819145565,0.2353596,0.02941995,9.79684335
1786685079.936208,22.436,0.0,-1.0,0,0,,,,,,,,,,,,,,,,,,,,,,,,,,,0,0.0,-1,34,True,True,False,"A:1,B:1,ESTOP:0,MODE:1",,,,nan,nan,nan,-1,9998000100000000.0,0.0035112976365898126,-0.010774898887896869,0.2796557596198707,0.9600334517371237,0.00012217304763960306,-0.0024260076602721182,-0.0004537856055185257,0.196133,-0.04903325,9.77723005
1786685079.986130,22.486,0.0,-1.0,0,0,,,,,,,,,,,,,,,,,,,,,,,,,,,0,0.0,-1,65,True,True,False,"A:1,B:1,ESTOP:0,MODE:1",,,,nan,nan,nan,-1,9998000100000000.0,0.0034886985753485116,-0.010790567701696447,0.2796638304227406,0.9600310070951906,-0.003909537524467298,0.0036302848441482054,-0.003473205211468716,0.26477955,-0.0,9.738003449999999
1786685080.036126,22.536,0.0,-1.0,0,0,,,,,,,,,,,,,,,,,,,,,,,,,,,0,0.0,-1,35,True,True,False,"A:1,B:1,ESTOP:0,MODE:1",,,,nan,nan,nan,-1,9998000100000000.0,0.0034780684856984853,-0.010784569656961302,0.27968051685891787,0.9600262520298346,0.008883725892651137,0.002530727415391778,0.003246312408709453,0.24516625,0.0392266,9.845876599999999
1786685080.086262,22.586,0.0,-1.0,0,0,,,,,,,,,,,,,,,,,,,,,,,,,,,0,0.0,-1,66,True,True,False,"A:1,B:1,ESTOP:0,MODE:1",,,,nan,nan,nan,-1,9998000100000000.0,0.0034541307213927512,-0.010827903929072848,0.2796632834719919,0.9600308710427632,-0.004084070449666731,0.005777039824101231,-0.0009424777960769379,0.18632634999999997,-0.00980665,9.81645665
1786685080.136188,22.636,0.0,-1.0,0,0,,,,,,,,,,,,,,,,,,,,,,,,,,,0,0.0,-1,36,True,True,False,"A:1,B:1,ESTOP:0,MODE:1",,,,nan,nan,nan,-1,9998000100000000.0,0.0034674841203866822,-0.010842188877374434,0.279671705258125,0.9600282083211069,0.0033335788713091696,-0.004485496177625427,0.00815068760681352,0.21574629999999997,-0.02941995,9.79684335
1786685080.186251,22.686,0.0,-1.0,0,0,,,,,,,,,,,,,,,,,,,,,,,,,,,0,0.0,-1,66,True,True,False,"A:1,B:1,ESTOP:0,MODE:1",,,,nan,nan,nan,-1,9998000100000000.0,0.0034588223807600653,-0.010844720028476872,0.27964647705517776,0.9600355600007067,-0.006667157742618339,0.0022689280275926286,0.0017976891295541594,0.21574629999999997,-0.0,9.81645665
1786685080.236139,22.736,0.0,-1.0,0,0,,,,,,,,,,,,,,,,,,,,,,,,,,,0,0.0,-1,34,True,True,False,"A:1,B:1,ESTOP:0,MODE:1",,,,nan,nan,nan,-1,9998000100000000.0,0.0034721756739230845,-0.010859005164383638,0.2796548989471418,0.960032897091445,0.0067369709126981125,0.0014835298641951802,0.003351032163829113,0.2353596,0.02941995,9.77723005
1786685080.286151,22.786,0.0,-1.0,0,0,,,,,,,,,,,,,,,,,,,,,,,,,,,0,0.0,-1,66,True,True,False,"A:1,B:1,ESTOP:0,MODE:1",,,,nan,nan,nan,-1,9998000100000000.0,0.003482899118381035,-0.010864972992838125,0.27964659055570096,0.9600352108991463,0.00017453292519943296,0.005113814708343385,0.00017453292519943296,0.2353596,-0.00980665,9.7870367
1786685080.336230,22.836,0.0,-1.0,0,0,,,,,,,,,,,,,,,,,,,,,,,,,,,0,0.0,-1,37,True,True,False,"A:1,B:1,ESTOP:0,MODE:1",,,,nan,nan,nan,-1,9998000100000000.0,0.003497403973875663,-0.010851653292335105,0.27966356099544204,0.9600303653726869,-0.005602506898901798,-0.0012740903539558606,-3.490658503988659e-05,0.2353596,-0.0196133,9.836069949999999
1786685080.386270,22.886,0.0,-1.0,0,0,,,,,,,,,,,,,,,,,,,,,,,,,,,0,0.0,-1,66,True,True,False,"A:1,B:1,ESTOP:0,MODE:1",,,,nan,nan,nan,-1,9998000100000000.0,0.003491750970005461,-0.010862380269513413,0.279688574530697,0.960022977666176,-0.0035779249665883754,-0.0050789081233034985,0.0027401669256310974,0.10787314999999999,0.00980665,9.77723005
1786685080.436125,22.936,0.0,-1.0,0,0,,,,,,,,,,,,,,,,,,,,,,,,,,,0,0.0,-1,35,True,True,False,"A:1,B:1,ESTOP:0,MODE:1",,,,nan,nan,nan,-1,9998000100000000.0,0.003487294028935608,-0.010909120301931679,0.279696635636278,0.9600201153561007,0.0004537856055185257,-0.00010471975511965978,-0.0010122909661567112,0.28439285,0.0,9.7870367
1786685080.486244,22.986,0.0,-1.0,0,0,,,,,,,,,,,,,,,,,,,,,,,,,,,0,0.0,-1,65,True,True,False,"A:1,B:1,ESTOP:0,MODE:1",,,,nan,nan,nan,-1,9998000100000000.0,0.003466946867494685,-0.010933228536289172,0.2796879207715289,0.9600224537830823,-0.0033859387488689996,-0.0021118483949131386,0.0029670597283903604,0.24516625,0.0588399,9.77723005
1786685080.536250,23.036,0.0,-1.0,0,0,,,,,,,,,,,,,,,,,,,,,,,,,,,0,0.0,-1,34,True,True,False,"A:1,B:1,ESTOP:0,MODE:1",,,,nan,nan,nan,-1,9998000100000000.0,0.0034551682873482543,-0.01095483543853566,0.27969605589359614,0.9600198798515513,0.00153588974175501,-0.0018849555921538759,0.012514010736799343,0.17651969999999997,-0.02941995,9.7674234
1786685080.586238,23.086,0.0,-1.0,0,0,,,,,,,,,,,,,,,,,,,,,,,,,,,0,0.0,-1,65,True,True,False,"A:1,B:1,ESTOP:0,MODE:1",,,,nan,nan,nan,-1,9998000100000000.0,0.0034553594847694085,-0.010954775132804321,0.2797128113587832,0.9600149980882521,0.0043982297150257105,0.0016406094968746698,-0.004206243497306334,0.20593965,0.0196133,9.836069949999999
1786685080.636123,23.136,0.0,-1.0,0,0,,,,,,,,,,,,,,,,,,,,,,,,,,,0,0.0,-1,35,True,True,False,"A:1,B:1,ESTOP:0,MODE:1",,,,nan,nan,nan,-1,9998000100000000.0,0.003441813537242067,-0.010940550745184857,0.2796876344444276,0.9600225442185445,0.0006632251157578452,0.005044001538263612,-0.0004014257279586958,0.14709974999999997,0.0196133,9.80665
1786685080.686170,23.186,0.0,-1.0,0,0,,,,,,,,,,,,,,,,,,,,,,,,,,,0,0.0,-1,65,True,True,False,"A:1,B:1,ESTOP:0,MODE:1",,,,nan,nan,nan,-1,9998000100000000.0,0.0034477506268681423,-0.010929732218254056,0.2796877557656659,0.9600226107983173,-0.001413716694115407,0.0012217304763960308,-0.0048520153205442364,0.25497289999999995,0.02941995,9.77723005
1786685080.736240,23.236,0.0,-1.0,0,0,,,,,,,,,,,,,,,,,,,,,,,,,,,0,0.0,-1,34,True,True,False,"A:1,B:1,ESTOP:0,MODE:1",,,,nan,nan,nan,-1,9998000100000000.0,0.0034476552468300785,-0.010929762305137996,0.2796793779772903,0.96002505149787,-0.0072082098107365804,0.006614797865058509,0.0054105206811824215,0.28439285,-0.0392266,9.79684335
1786685080.786267,23.286,0.0,-1.0,0,0,,,,,,,,,,,,,,,,,,,,,,,,,,,0,0.0,-1,64,True,True,False,"A:1,B:1,ESTOP:0,MODE:1",,,,nan,nan,nan,-1,9998000100000000.0,0.0034151047717264084,-0.010911980651964763,0.27967079202833783,0.9600278713786864,0.0037000980142279784,-0.003996803987067015,-0.006771877497737999,0.3334261,-0.0196133,9.81645665
1786685080.836123,23.336,0.0,-1.0,0,0,,,,,,,,,,,,,,,,,,,,,,,,,,,0,0.0,-1,37,True,True,False,"A:1,B:1,ESTOP:0,MODE:1",,,,nan,nan,nan,-1,9998000100000000.0,0.003428363682242846,-0.010926295734857818,0.27967083534496323,0.9600276486859257,0.0008726646259971648,0.01043706892692609,0.0018675022996339325,0.2353596,-0.00980665,9.77723005
1786685080.886146,23.386,0.0,-1.0,0,0,,,,,,,,,,,,,,,,,,,,,,,,,,,0,0.0,-1,65,True,True,False,"A:1,B:1,ESTOP:0,MODE:1",,,,nan,nan,nan,-1,9998000100000000.0,0.00342008123150827,-0.010928706477468079,0.27967911779569793,0.9600252379433154,0.0014660765716752368,-0.004956735075663896,0.005288347633542819,0.14709974999999997,0.0,9.79684335
1786685080.936115,23.436,0.0,-1.0,0,0,,,,,,,,,,,,,,,,,,,,,,,,,,,0,0.0,-1,35,True,True,False,"A:1,B:1,ESTOP:0,MODE:1",,,,nan,nan,nan,-1,9998000100000000.0,0.0034364555167653893,-0.010923945115931137,0.27964579712410775,0.9600349401701003,0.0076270888312152205,-0.001239183768915974,-0.003735004599267865,0.26477955,-0.06864655,9.7674234
1786685080.986160,23.486,0.0,-1.0,0,0,,,,,,,,,,,,,,,,,,,,,,,,,,,0,0.0,-1,65,True,True,False,"A:1,B:1,ESTOP:0,MODE:1",,,,nan,nan,nan,-1,9998000100000000.0,0.0033969109049322176,-0.010944554496753542,0.27963691604373,0.9600374330768168,-0.004939281783143952,-0.0014660765716752368,0.009215338450530061,0.21574629999999997,-0.00980665,9.836069949999999
1786685081.036137,23.536,0.0,-1.0,0,0,,,,,,,,,,,,,,,,,,,,,,,,,,,0,0.0,-1,34,True,True,False,"A:1,B:1,ESTOP:0,MODE:1",,,,nan,nan,nan,-1,9998000100000000.0,0.0034003129633540844,-0.010925388038910942,0.27962868599543794,0.9600400365278602,-0.00019198621771937625,-0.0005410520681182421,-0.006824237375297829,0.3334261,0.00980665,9.81645665
1786685081.086215,23.586,0.0,-1.0,0,0,,,,,,,,,,,,,,,,,,,,,,,,,,,0,0.0,-1,65,True,True,False,"A:1,B:1,ESTOP:0,MODE:1",,,,nan,nan,nan,-1,9998000100000000.0,0.003425637307270394,-0.01091800758630016,0.2796457277410388,0.9600350665864082,-0.0005585053606381855,0.0005410520681182421,0.0007155849933176752,0.196133,-0.04903325,9.836069949999999
1786685081.136156,23.636,0.0,-1.0,0,0,,,,,,,,,,,,,,,,,,,,,,,,,,,0,0.0,-1,38,True,True,False,"A:1,B:1,ESTOP:0,MODE:1",,,,nan,nan,nan,-1,9998000100000000.0,0.0034231969829653453,-0.010909629686304127,0.27964575367672656,0.9600351629774293,-0.010611601852125523,-0.007155849933176751,-0.0018849555921538759,0.21574629999999997,0.02941995,9.77723005
1786685081.186389,23.686,0.0,-1.0,0,0,,,,,,,,,,,,,,,,,,,,,,,,,,,0,0.0,-1,67,True,True,False,"A:1,B:1,ESTOP:0,MODE:1",,,,nan,nan,nan,-1,9998000100000000.0,0.003410223681989982,-0.010895224977714517,0.27967084398708664,0.9600280638974438,0.0029670597283903604,-0.006021385919380436,-0.0018151424220741027,0.2353596,-0.0588399,9.79684335
1786685081.236161,23.736,0.0,-1.0,0,0,,,,,,,,,,,,,,,,,,,,,,,,,,,0,0.0,-1,38,True,True,False,"A:1,B:1,ESTOP:0,MODE:1",,,,nan,nan,nan,-1,9998000100000000.0,0.0034246337514540707,-0.010881936075031342,0.27967943771822823,0.9600256597969364,0.003525565089028546,0.0031066860685499066,-0.0029146998508305304,0.14709974999999997,-0.10787314999999999,9.79684335
1786685081.286183,23.786,0.0,-1.0,0,0,,,,,,,,,,,,,,,,,,,,,,,,,,,0,0.0,-1,67,True,True,False,"A:1,B:1,ESTOP:0,MODE:1",,,,nan,nan,nan,-1,9998000100000000.0,0.0034189817349950823,-0.010892665050434517,0.2797044501850329,0.9600182711587751,0.0005410520681182421,0.0037000980142279784,0.0010297442586766543,0.16671305,-0.0784532,9.77723005
1786685081.336174,23.836,0.0,-1.0,0,0,,,,,,,,,,,,,,,,,,,,,,,,,,,0,0.0,-1,37,True,True,False,"A:1,B:1,ESTOP:0,MODE:1",,,,nan,nan,nan,-1,9998000100000000.0,0.0034465557874651855,-0.010893720154565783,0.2797047095788384,0.9600180850139312,-0.0013264502315156904,-0.005096361415823442,0.001832595714594046,0.20593965,-0.02941995,9.836069949999999
1786685081.386318,23.886,0.0,-1.0,0,0,,,,,,,,,,,,,,,,,,,,,,,,,,,0,0.0,-1,67,True,True,False,"A:1,B:1,ESTOP:0,MODE:1",,,,nan,nan,nan,-1,9998000100000000.0,0.0034332014381501,-0.010879435492085922,0.27969628823593184,0.9600207483998984,-0.00010471975511965978,0.00015707963267948965,-0.002076941809873252,0.21574629999999997,0.0392266,9.845876599999999
1786685081.436133,23.936,0.0,-1.0,0,0,,,,,,,,,,,,,,,,,,,,,,,,,,,0,0.0,-1,38,True,True,False,"A:1,B:1,ESTOP:0,MODE:1",,,,nan,nan,nan,-1,9998000100000000.0,0.003430855543562864,-0.010871027776658325,0.2797046916969089,0.9600184036923747,0.000767944870877505,0.00312413936106985,-0.0005061454830783556,0.17651969999999997,0.04903325,9.79684335
1786685081.486227,23.986,0.0,-1.0,0,0,,,,,,,,,,,,,,,,,,,,,,,,,,,0,0.0,-1,66,True,True,False,"A:1,B:1,ESTOP:0,MODE:1",,,,nan,nan,nan,-1,9998000100000000.0,0.0034332014381501,-0.010879435492085922,0.27969628823593184,0.9600207483998984,-0.0037699111843077517,0.002897246558310587,0.00015707963267948965,0.25497289999999995,0.04903325,9.747810099999999
1786685081.536154,24.036,0.0,-1.0,0,0,,,,,,,,,,,,,,,,,,,,,,,,,,,0,0.0,-1,37,True,True,False,"A:1,B:1,ESTOP:0,MODE:1",,,,nan,nan,nan,-1,9998000100000000.0,0.0034464607216917074,-0.010893750231024154,0.27969633182995707,0.960020525861434,0.0052010811709431014,0.000890117918517108,0.002286381320112572,0.25497289999999995,-0.0196133,9.747810099999999
1786685081.586192,24.086,0.0,-1.0,0,0,,,,,,,,,,,,,,,,,,,,,,,,,,,0,0.0,-1,67,True,True,False,"A:1,B:1,ESTOP:0,MODE:1",,,,nan,nan,nan,-1,9998000100000000.0,0.003452397720964086,-0.010882931644891944,0.2796964524909068,0.9600205920774778,-0.0038746309394274117,-0.001762782544514273,0.0016755160819145565,0.24516625,0.02941995,9.81645665
1786685081.636175,24.136,0.0,-1.0,0,0,,,,,,,,,,,,,,,,,,,,,,,,,,,0,0.0,-1,35,True,True,False,"A:1,B:1,ESTOP:0,MODE:1",,,,nan,nan,nan,-1,9998000100000000.0,0.003433106497034327,-0.010879465452006153,0.2796879104638084,0.9600231891739112,0.0033684854563490563,0.00153588974175501,-0.003909537524467298,0.26477955,0.0,9.7674234
1786685081.686214,24.186,0.0,-1.0,0,0,,,,,,,,,,,,,,,,,,,,,,,,,,,0,0.0,-1,66,True,True,False,"A:1,B:1,ESTOP:0,MODE:1",,,,nan,nan,nan,-1,9998000100000000.0,0.0034473265488449488,-0.010866236261721228,0.27967974807221996,0.9600256659941073,0.0023038346126325153,-0.005393067388662479,0.009791297103688189,0.26477955,0.02941995,9.80665
1786685081.736128,24.236,0.0,-1.0,0,0,,,,,,,,,,,,,,,,,,,,,,,,,,,0,0.0,-1,38,True,True,False,"A:1,B:1,ESTOP:0,MODE:1",,,,nan,nan,nan,-1,9998000100000000.0,0.003460680530615465,-0.010880521033025633,0.2796881696812554,0.960023002689344,-0.0019896753472735357,0.006649704450098395,-0.0003141592653589793,0.20593965,0.0588399,9.80665
1786685081.786184,24.286,0.0,-1.0,0,0,,,,,,,,,,,,,,,,,,,,,,,,,,,0,0.0,-1,66,True,True,False,"A:1,B:1,ESTOP:0,MODE:1",,,,nan,nan,nan,-1,9998000100000000.0,0.003477436092379334,-0.010875639551928868,0.2796883595395729,0.9600229421428546,-0.011658799403322121,0.00710349005561692,-0.002495820830351891,0.21574629999999997,-0.0,9.6889702
1786685081.836155,24.336,0.0,-1.0,0,0,,,,,,,,,,,,,,,,,,,,,,,,,,,0,0.0,-1,37,True,True,False,"A:1,B:1,ESTOP:0,MODE:1",,,,nan,nan,nan,-1,9998000100000000.0,0.003496822212104305,-0.010879074835293141,0.2797052795892785,0.9600179032367201,-0.00022689280275926284,-0.005113814708343385,-0.0008552113334772215,0.34323275000000003,0.04903325,9.757616749999999
1786685081.886254,24.386,0.0,-1.0,0,0,,,,,,,,,,,,,,,,,,,,,,,,,,,0,0.0,-1,66,True,True,False,"A:1,B:1,ESTOP:0,MODE:1",,,,nan,nan,nan,-1,9998000100000000.0,0.003513387893852975,-0.010874254377415255,0.2796887139075298,0.9600227236945981,0.001361356816555577,-0.007382742735936014,0.0005759586531581288,0.25497289999999995,0.02941995,9.7674234
1786685081.936142,24.436,0.0,-1.0,0,0,,,,,,,,,,,,,,,,,,,,,,,,,,,0,0.0,-1,35,True,True,False,"A:1,B:1,ESTOP:0,MODE:1",,,,nan,nan,nan,-1,9998000100000000.0,0.0034967272741334337,-0.010879105350409377,0.27969690184198337,0.9600203440891975,-0.0028448866807507574,-0.013927727430914751,0.012618730491919002,0.22555294999999997,0.04903325,9.77723005
1786685081.986146,24.486,0.0,-1.0,0,0,,,,,,,,,,,,,,,,,,,,,,,,,,,0,0.0,-1,66,True,True,False,"A:1,B:1,ESTOP:0,MODE:1",,,,nan,nan,nan,-1,9998000100000000.0,0.0035234361791181756,-0.010907673319990832,0.2797137465523594,0.9600150144918976,0.003246312408709453,0.0005759586531581288,-0.002356194490192345,0.22555294999999997,-0.00980665,9.747810099999999
1786685082.036140,24.536,0.0,-1.0,0,0,,,,,,,,,,,,,,,,,,,,,,,,,,,0,0.0,-1,37,True,True,False,"A:1,B:1,ESTOP:0,MODE:1",,,,nan,nan,nan,-1,9998000100000000.0,0.003516303415774122,-0.01088247875688343,0.27973057741623236,0.9600104225084098,0.004433136300065597,-0.0013264502315156904,-0.003961897402027128,0.08825984999999999,0.0,9.79684335
1786685082.086287,24.586,0.0,-1.0,0,0,,,,,,,,,,,,,,,,,,,,,,,,,,,0,0.0,-1,66,True,True,False,"A:1,B:1,ESTOP:0,MODE:1",,,,nan,nan,nan,-1,9998000100000000.0,0.003511610964801545,-0.010865662087964337,0.27974738293561113,0.9600057331685569,-0.0025656340004316645,0.0030368728984701333,0.001780235837034216,0.16671305,-0.04903325,9.80665
1786685082.136210,24.636,0.0,-1.0,0,0,,,,,,,,,,,,,,,,,,,,,,,,,,,0,0.0,-1,37,True,True,False,"A:1,B:1,ESTOP:0,MODE:1",,,,nan,nan,nan,-1,9998000100000000.0,0.0035452162198574212,-0.010855866118099949,0.279756139667051,0.9600031687090257,0.002548180707911721,-0.0005585053606381855,0.011362093430483085,0.21574629999999997,0.0588399,9.79684335
1786685082.186221,24.686,0.0,-1.0,0,0,,,,,,,,,,,,,,,,,,,,,,,,,,,0,0.0,-1,65,True,True,False,"A:1,B:1,ESTOP:0,MODE:1",,,,nan,nan,nan,-1,9998000100000000.0,0.0035596247936701924,-0.01084257475819921,0.2797647313326221,0.960000761846743,-0.0075223690760955605,0.001954768762233649,0.0002617993877991494,0.2353596,-0.0196133,9.79684335
1786685082.236151,24.736,0.0,-1.0,0,0,,,,,,,,,,,,,,,,,,,,,,,,,,,0,0.0,-1,35,True,True,False,"A:1,B:1,ESTOP:0,MODE:1",,,,nan,nan,nan,-1,9998000100000000.0,0.003577244883891376,-0.010810180136328718,0.27974833301085683,0.9600058403479156,-0.0011344640137963143,0.003193952531149623,-0.0091106186954104,0.29419949999999995,0.0,9.79684335
1786685082.286334,24.786,0.0,-1.0,0,0,,,,,,,,,,,,,,,,,,,,,,,,,,,0,0.0,-1,65,True,True,False,"A:1,B:1,ESTOP:0,MODE:1",,,,nan,nan,nan,-1,9998000100000000.0,0.0035701596995022025,-0.01084860442846466,0.27973966851998394,0.9600079580909755,-0.000296705972839036,-0.003525565089028546,-0.0015707963267948964,0.26477955,0.02941995,9.7674234
1786685082.336231,24.836,0.0,-1.0,0,0,,,,,,,,,,,,,,,,,,,,,,,,,,,0,0.0,-1,37,True,True,False,"A:1,B:1,ESTOP:0,MODE:1",,,,nan,nan,nan,-1,9998000100000000.0,0.0035426802946232953,-0.010847519405327912,0.2797477868335752,0.9600057064938717,-0.00027925268031909274,0.0070685834705770355,0.002897246558310587,0.196133,-0.0196133,9.757616749999999
1786685082.386367,24.886,0.0,-1.0,0,0,,,,,,,,,,,,,,,,,,,,,,,,,,,0,0.0,-1,65,True,True,False,"A:1,B:1,ESTOP:0,MODE:1",,,,nan,nan,nan,-1,9998000100000000.0,0.0035451214844189716,-0.010855897055534452,0.2797477620483369,0.9600056100053413,0.003543018381548489,-0.002548180707911721,0.011239920382843483,0.26477955,-0.00980665,9.836069949999999
1786685082.436159,24.936,0.0,-1.0,0,0,,,,,,,,,,,,,,,,,,,,,,,,,,,0,0.0,-1,36,True,True,False,"A:1,B:1,ESTOP:0,MODE:1",,,,nan,nan,nan,-1,9998000100000000.0,0.00355105792469642,-0.010845078144937194,0.2797478814853879,0.9600056755415997,0.0024434609527920616,-0.0017453292519943296,-0.0008028514559173916,0.196133,0.0588399,9.7281968
1786685082.486221,24.986,0.0,-1.0,0,0,,,,,,,,,,,,,,,,,,,,,,,,,,,0,0.0,-1,65,True,True,False,"A:1,B:1,ESTOP:0,MODE:1",,,,nan,nan,nan,-1,9998000100000000.0,0.0035460810509001413,-0.010828353787422359,0.2797395532034624,0.9600083095666214,0.008272860654453122,0.0019198621771937625,-0.0044156830075456534,0.2353596,-0.04903325,9.80665
1786685082.536229,25.036,0.0,-1.0,0,0,,,,,,,,,,,,,,,,,,,,,,,,,,,0,0.0,-1,35,True,True,False,"A:1,B:1,ESTOP:0,MODE:1",,,,nan,nan,nan,-1,9998000100000000.0,0.0035446000571983695,-0.010792432829161263,0.2797313681906125,0.9600111045473746,-0.001954768762233649,0.00853466004225227,-0.003909537524467298,0.18632634999999997,0.02941995,9.80665
1786685082.586236,25.086,0.0,-1.0,0,0,,,,,,,,,,,,,,,,,,,,,,,,,,,0,0.0,-1,66,True,True,False,"A:1,B:1,ESTOP:0,MODE:1",,,,nan,nan,nan,-1,9998000100000000.0,0.00352913666833524,-0.010833297758728934,0.2797226088208975,0.9600132535379281,-0.0022689280275926286,-0.0038746309394274117,0.00015707963267948965,0.18632634999999997,-0.00980665,9.7870367
1786685082.636155,25.136,0.0,-1.0,0,0,,,,,,,,,,,,,,,,,,,,,,,,,,,0,0.0,-1,36,True,True,False,"A:1,B:1,ESTOP:0,MODE:1",,,,nan,nan,nan,-1,9998000100000000.0,0.0035534043992452515,-0.010853486805076189,0.2797394791335106,0.9600080202557996,0.003735004599267865,0.00012217304763960306,-0.0006108652381980154,0.14709974999999997,0.04903325,9.757616749999999
1786685082.686232,25.186,0.0,-1.0,0,0,,,,,,,,,,,,,,,,,,,,,,,,,,,0,0.0,-1,65,True,True,False,"A:1,B:1,ESTOP:0,MODE:1",,,,nan,nan,nan,-1,9998000100000000.0,0.003550773999997626,-0.010845171107699706,0.27972274849970863,0.9600129989950212,0.003420845333908886,-0.0035081117965086025,0.007086036763096978,0.24516625,0.02941995,9.7870367
1786685082.736184,25.236,0.0,-1.0,0,0,,,,,,,,,,,,,,,,,,,,,,,,,,,0,0.0,-1,35,True,True,False,"A:1,B:1,ESTOP:0,MODE:1",,,,nan,nan,nan,-1,9998000100000000.0,0.0035420176507613005,-0.010847735795112879,0.2796891429002066,0.960022793522544,0.0022689280275926286,0.006614797865058509,1.7453292519943296e-05,0.14709974999999997,0.02941995,9.875296549999998
1786685082.786184,25.286,0.0,-1.0,0,0,,,,,,,,,,,,,,,,,,,,,,,,,,,0,0.0,-1,65,True,True,False,"A:1,B:1,ESTOP:0,MODE:1",,,,nan,nan,nan,-1,9998000100000000.0,0.003536175308805483,-0.010858523483473218,0.27969740114084785,0.9600202871434541,0.0029146998508305304,-0.0035779249665883754,0.002495820830351891,0.2353596,0.0,9.79684335
1786685082.836138,25.336,0.0,-1.0,0,0,,,,,,,,,,,,,,,,,,,,,,,,,,,0,0.0,-1,34,True,True,False,"A:1,B:1,ESTOP:0,MODE:1",,,,nan,nan,nan,-1,9998000100000000.0,0.0035623640897847367,-0.010823626857281478,0.27969785362308835,0.9600204525646231,0.0016231562043547264,0.0079412480965742,-0.007033676885537149,0.1372931,-0.02941995,9.855683249999998
1786685082.886268,25.386,0.0,-1.0,0,0,,,,,,,,,,,,,,,,,,,,,,,,,,,0,0.0,-1,65,True,True,False,"A:1,B:1,ESTOP:0,MODE:1",,,,nan,nan,nan,-1,9998000100000000.0,0.0035346956150548257,-0.010822602392214695,0.27968921711044165,0.9600230825540171,-0.0064228116473391324,-0.004345869837465881,-0.0005585053606381855,0.18632634999999997,-0.04903325,9.7870367
1786685082.936141,25.436,0.0,-1.0,0,0,,,,,,,,,,,,,,,,,,,,,,,,,,,0,0.0,-1,36,True,True,False,"A:1,B:1,ESTOP:0,MODE:1",,,,nan,nan,nan,-1,9998000100000000.0,0.0035347900599429225,-0.010822571545764331,0.27969759488163454,0.9600206417686018,-0.003141592653589793,0.003438298626428829,-0.0012042771838760874,0.21574629999999997,-0.00980665,9.80665
1786685082.986260,25.486,0.0,-1.0,0,0,,,,,,,,,,,,,,,,,,,,,,,,,,,0,0.0,-1,64,True,True,False,"A:1,B:1,ESTOP:0,MODE:1",,,,nan,nan,nan,-1,9998000100000000.0,0.003515593784423368,-0.010819075407172562,0.27969743079073245,0.960020799470897,0.003438298626428829,0.0003839724354387525,0.007155849933176751,0.2353596,-0.0392266,9.79684335
1786685083.036166,25.536,0.0,-1.0,0,0,,,,,,,,,,,,,,,,,,,,,,,,,,,0,0.0,-1,35,True,True,False,"A:1,B:1,ESTOP:0,MODE:1",,,,nan,nan,nan,-1,9998000100000000.0,0.0035020516429262877,-0.01080485235069431,0.27967225274313273,0.9600283442927877,0.0026005405854715507,0.0012740903539558606,-0.005009094953223725,0.28439285,0.0588399,9.7674234
1786685083.086233,25.586,0.0,-1.0,0,0,,,,,,,,,,,,,,,,,,,,,,,,,,,0,0.0,-1,64,True,True,False,"A:1,B:1,ESTOP:0,MODE:1",,,,nan,nan,nan,-1,9998000100000000.0,0.0034888869057516977,-0.010790506810776203,0.27968058608213964,0.9600261258943301,0.001710422666954443,-0.009023352232810684,-0.0009424777960769379,0.2745862,0.02941995,9.79684335
1786685083.136157,25.636,0.0,-1.0,0,0,,,,,,,,,,,,,,,,,,,,,,,,,,,0,0.0,-1,34,True,True,False,"A:1,B:1,ESTOP:0,MODE:1",,,,nan,nan,nan,-1,9998000100000000.0,0.003494918174564991,-0.010779657810941944,0.27968908284089017,0.9600237504687339,-0.0016406094968746698,0.005044001538263612,-0.001186823891356144,0.196133,0.0196133,9.7674234
1786685083.186307,25.686,0.0,-1.0,0,0,,,,,,,,,,,,,,,,,,,,,,,,,,,0,0.0,-1,66,True,True,False,"A:1,B:1,ESTOP:0,MODE:1",,,,nan,nan,nan,-1,9998000100000000.0,0.00350066732747892,-0.010768900355536877,0.27967244599399077,0.9600286970008413,0.002495820830351891,-0.003490658503988659,0.0009773843811168245,0.2745862,0.04903325,9.79684335
1786685083.236143,25.736,0.0,-1.0,0,0,,,,,,,,,,,,,,,,,,,,,,,,,,,0,0.0,-1,37,True,True,False,"A:1,B:1,ESTOP:0,MODE:1",,,,nan,nan,nan,-1,9998000100000000.0,0.0035030138140198673,-0.010777308775223296,0.27966404344244056,0.9600310418497972,0.007173303225696694,0.001064650843716541,0.0030019663134302466,0.1372931,-0.02941995,9.826263299999999
1786685083.286203,25.786,0.0,-1.0,0,0,,,,,,,,,,,,,,,,,,,,,,,,,,,0,0.0,-1,66,True,True,False,"A:1,B:1,ESTOP:0,MODE:1",,,,nan,nan,nan,-1,9998000100000000.0,0.003513738025434471,-0.010783276779599385,0.2796557349624569,0.960033355925507,-0.0006108652381980154,0.00736528944341607,-0.00778416846389471,0.22555294999999997,-0.00980665,9.71839015
1786685083.336237,25.836,0.0,-1.0,0,0,,,,,,,,,,,,,,,,,,,,,,,,,,,0,0.0,-1,36,True,True,False,"A:1,B:1,ESTOP:0,MODE:1",,,,nan,nan,nan,-1,9998000100000000.0,0.003511015549193297,-0.010774990809761522,0.2796306259070439,0.9600407727787907,0.002373647782712288,0.0064053583548191895,-0.0008377580409572782,0.28439285,0.0196133,9.79684335
1786685083.386306,25.886,0.0,-1.0,0,0,,,,,,,,,,,,,,,,,,,,,,,,,,,0,0.0,-1,66,True,True,False,"A:1,B:1,ESTOP:0,MODE:1",,,,nan,nan,nan,-1,9998000100000000.0,0.0035162725888305255,-0.01079162398562459,0.27966408814375554,0.9600308195477663,-0.000890117918517108,-0.0076445421237351634,0.011292280260403312,0.26477955,0.04903325,9.7674234
1786685083.436142,25.936,0.0,-1.0,0,0,,,,,,,,,,,,,,,,,,,,,,,,,,,0,0.0,-1,35,True,True,False,"A:1,B:1,ESTOP:0,MODE:1",,,,nan,nan,nan,-1,9998000100000000.0,0.003529248458917964,-0.010806031591990341,0.27963899939293774,0.9600379180558781,0.0029146998508305304,-0.0006457718232379018,-0.006213372137099813,0.25497289999999995,0.0,9.7674234
1786685083.486192,25.986,0.0,-1.0,0,0,,,,,,,,,,,,,,,,,,,,,,,,,,,0,0.0,-1,66,True,True,False,"A:1,B:1,ESTOP:0,MODE:1",,,,nan,nan,nan,-1,9998000100000000.0,0.00353509192380492,-0.010795244198599764,0.27963074033358715,0.9600404235698998,-0.008569566627292158,0.0006283185307179586,0.003351032163829113,0.17651969999999997,0.00980665,9.79684335
1786685083.536223,26.036,0.0,-1.0,0,0,,,,,,,,,,,,,,,,,,,,,,,,,,,0,0.0,-1,37,True,True,False,"A:1,B:1,ESTOP:0,MODE:1",,,,nan,nan,nan,-1,9998000100000000.0,0.003537437811312813,-0.010803653022533095,0.27962233781803847,0.9600427676974993,-0.005602506898901798,-0.00767944870877505,0.002007128639793479,0.20593965,0.0392266,9.81645665
1786685083.586207,26.086,0.0,-1.0,0,0,,,,,,,,,,,,,,,,,,,,,,,,,,,0,0.0,-1,66,True,True,False,"A:1,B:1,ESTOP:0,MODE:1",,,,nan,nan,nan,-1,9998000100000000.0,0.003530211588934588,-0.010778488289027064,0.27963078941483765,0.9600406154989357,-0.0008203047484373349,-0.0024260076602721182,-0.003560471674068432,0.196133,0.06864655,9.80665
1786685083.636274,26.136,0.0,-1.0,0,0,,,,,,,,,,,,,,,,,,,,,,,,,,,0,0.0,-1,36,True,True,False,"A:1,B:1,ESTOP:0,MODE:1",,,,nan,nan,nan,-1,9998000100000000.0,0.003545721506307357,-0.010801243799561829,0.2796140541230439,0.9600451769204704,-0.008499753457212385,-0.0058468529941810045,-0.001832595714594046,0.2353596,0.0196133,9.836069949999999
1786685083.686193,26.186,0.0,-1.0,0,0,,,,,,,,,,,,,,,,,,,,,,,,,,,0,0.0,-1,68,True,True,False,"A:1,B:1,ESTOP:0,MODE:1",,,,nan,nan,nan,-1,9998000100000000.0,0.0035646346043969723,-0.010804834933615509,0.27958908420924006,0.9600523386322398,-0.003996803987067015,-0.005585053606381855,-0.00481710873550435,0.22555294999999997,-0.06864655,9.7870367
1786685083.736189,26.236,0.0,-1.0,0,0,,,,,,,,,,,,,,,,,,,,,,,,,,,0,0.0,-1,36,True,True,False,"A:1,B:1,ESTOP:0,MODE:1",,,,nan,nan,nan,-1,9998000100000000.0,0.00356601576249731,-0.010840787038495704,0.27958889192193054,0.9600519842080608,0.0071907565182166375,-0.009232791743050004,0.006667157742618339,0.32361945,0.02941995,9.826263299999999
1786685083.786261,26.286,0.0,-1.0,0,0,,,,,,,,,,,,,,,,,,,,,,,,,,,0,0.0,-1,64,True,True,False,"A:1,B:1,ESTOP:0,MODE:1",,,,nan,nan,nan,-1,9998000100000000.0,0.0036938429543500444,-0.010812663612284138,0.2795651509460627,0.9600587316442373,-0.004363323129985824,-0.010367255756846317,0.0004188790204786391,0.18632634999999997,0.14709974999999997,9.826263299999999
1786685083.836148,26.336,0.0,-1.0,0,0,,,,,,,,,,,,,,,,,,,,,,,,,,,0,0.0,-1,36,True,True,False,"A:1,B:1,ESTOP:0,MODE:1",,,,nan,nan,nan,-1,9998000100000000.0,0.0036437633631774095,-0.01082723800051045,0.27958134055974965,0.9600540442686791,-0.0025656340004316645,-0.0012042771838760874,6.981317007977319e-05,0.2353596,-0.00980665,9.79684335
1786685083.886178,26.386,0.0,-1.0,0,0,,,,,,,,,,,,,,,,,,,,,,,,,,,0,0.0,-1,66,True,True,False,"A:1,B:1,ESTOP:0,MODE:1",,,,nan,nan,nan,-1,9998000100000000.0,0.003698041670460229,-0.010856864797837443,0.2795984508244179,0.9600485192276225,0.003612831551628262,-1.7453292519943296e-05,-0.006457718232379019,0.32361945,0.10787314999999999,9.757616749999999
1786685083.936169,26.436,0.0,-1.0,0,0,,,,,,,,,,,,,,,,,,,,,,,,,,,0,0.0,-1,36,True,True,False,"A:1,B:1,ESTOP:0,MODE:1",,,,nan,nan,nan,-1,9998000100000000.0,0.0036737769470536466,-0.010836674730583066,0.27958157651307314,0.9600537547024082,-0.0036302848441482054,0.007138396640656807,-6.981317007977319e-05,0.22555294999999997,-0.04903325,9.826263299999999
1786685083.986141,26.486,0.0,-1.0,0,0,,,,,,,,,,,,,,,,,,,,,,,,,,,0,0.0,-1,66,True,True,False,"A:1,B:1,ESTOP:0,MODE:1",,,,nan,nan,nan,-1,9998000100000000.0,0.0036955071413528246,-0.010848519014611617,0.2795900964427419,0.9600510563679913,-0.003298672286269283,-0.0044156830075456534,0.0017976891295541594,0.21574629999999997,0.16671305,9.669356899999999
1786685084.036175,26.536,0.0,-1.0,0,0,,,,,,,,,,,,,,,,,,,,,,,,,,,0,0.0,-1,38,True,True,False,"A:1,B:1,ESTOP:0,MODE:1",,,,nan,nan,nan,-1,9998000100000000.0,0.0036669695141085196,-0.010875002649686676,0.2795980477306232,0.9600485505208453,8.726646259971648e-05,-0.005986479334340551,-0.0021991148575128553,0.22555294999999997,-0.0588399,9.836069949999999
1786685084.086259,26.586,0.0,-1.0,0,0,,,,,,,,,,,,,,,,,,,,,,,,,,,0,0.0,-1,65,True,True,False,"A:1,B:1,ESTOP:0,MODE:1",,,,nan,nan,nan,-1,9998000100000000.0,0.0036644348236066055,-0.010866656596962026,0.2795896936624153,0.9600510876456438,-0.0004188790204786391,0.00020943951023931956,0.00027925268031909274,0.22555294999999997,0.16671305,9.77723005
1786685084.136268,26.636,0.0,-1.0,0,0,,,,,,,,,,,,,,,,,,,,,,,,,,,0,0.0,-1,36,True,True,False,"A:1,B:1,ESTOP:0,MODE:1",,,,nan,nan,nan,-1,9998000100000000.0,0.003633457495510104,-0.01088476245608936,0.2795976679510776,0.9600486779373334,0.0003141592653589793,-0.00027925268031909274,0.001780235837034216,0.22555294999999997,-0.02941995,9.855683249999998
1786685084.186146,26.686,0.0,-1.0,0,0,,,,,,,,,,,,,,,,,,,,,,,,,,,0,0.0,-1,65,True,True,False,"A:1,B:1,ESTOP:0,MODE:1",,,,nan,nan,nan,-1,9998000100000000.0,0.0037042076099190477,-0.01090960525943064,0.2795898353724609,0.9600504066534559,0.007696902001294993,-0.012164944886400476,0.002408554367752175,0.2353596,0.0392266,9.845876599999999
1786685084.236135,26.736,0.0,-1.0,0,0,,,,,,,,,,,,,,,,,,,,,,,,,,,0,0.0,-1,36,True,True,False,"A:1,B:1,ESTOP:0,MODE:1",,,,nan,nan,nan,-1,9998000100000000.0,0.0037126808129010844,-0.010907132978587268,0.27959830857544293,0.9600479343726127,-0.004956735075663896,-0.0020943951023931952,-0.00010471975511965978,0.2353596,-0.0588399,9.80665
1786685084.286259,26.786,0.0,-1.0,0,0,,,,,,,,,,,,,,,,,,,,,,,,,,,0,0.0,-1,65,True,True,False,"A:1,B:1,ESTOP:0,MODE:1",,,,nan,nan,nan,-1,9998000100000000.0,0.0037181435109879257,-0.010896477239367444,0.2795565371731989,0.9600601984856644,-0.0022165681500327986,-0.0006108652381980154,0.0014660765716752368,0.16671305,0.04903325,9.79684335
1786685084.336417,26.836,0.0,-1.0,0,0,,,,,,,,,,,,,,,,,,,,,,,,,,,0,0.0,-1,37,True,True,False,"A:1,B:1,ESTOP:0,MODE:1",,,,nan,nan,nan,-1,9998000100000000.0,0.0037542855729624344,-0.010895031481239317,0.27957365013504415,0.960055091012504,0.0032288591161895096,-0.0018849555921538759,0.0024609142453120045,0.26477955,0.00980665,9.757616749999999
1786685084.386149,26.886,0.0,-1.0,0,0,,,,,,,,,,,,,,,,,,,,,,,,,,,0,0.0,-1,64,True,True,False,"A:1,B:1,ESTOP:0,MODE:1",,,,nan,nan,nan,-1,9998000100000000.0,0.003727996851110079,-0.010929957240728469,0.27956482040106484,0.9600573676964906,0.006161012259539983,0.009093165402890457,-0.0025830872929516074,0.17651969999999997,-0.0196133,9.80665
1786685084.436149,26.936,0.0,-1.0,0,0,,,,,,,,,,,,,,,,,,,,,,,,,,,0,0.0,-1,36,True,True,False,"A:1,B:1,ESTOP:0,MODE:1",,,,nan,nan,nan,-1,9998000100000000.0,0.0037729106746281858,-0.010898727655495027,0.2795235482366313,0.9600695645950538,0.0010821041362364843,0.005759586531581287,0.0040666171571467884,0.12748644999999997,0.04903325,9.845876599999999
1786685084.486254,26.986,0.0,-1.0,0,0,,,,,,,,,,,,,,,,,,,,,,,,,,,0,0.0,-1,67,True,True,False,"A:1,B:1,ESTOP:0,MODE:1",,,,nan,nan,nan,-1,9998000100000000.0,0.0037309245177564176,-0.010910956719624252,0.27951469422429287,0.9600721675678372,-0.0015882496193148398,-0.01514945790731078,0.008866272600131194,0.20593965,-0.02941995,9.80665
1786685084.536153,27.036,0.0,-1.0,0,0,,,,,,,,,,,,,,,,,,,,,,,,,,,0,0.0,-1,37,True,True,False,"A:1,B:1,ESTOP:0,MODE:1",,,,nan,nan,nan,-1,9998000100000000.0,0.0037524638599375796,-0.010922867492453057,0.2795064593680218,0.9600743456380212,-0.0020420352248333657,0.004799655442984407,0.005340707511102648,0.24516625,0.0588399,9.757616749999999
1786685084.586149,27.086,0.0,-1.0,0,0,,,,,,,,,,,,,,,,,,,,,,,,,,,0,0.0,-1,66,True,True,False,"A:1,B:1,ESTOP:0,MODE:1",,,,nan,nan,nan,-1,9998000100000000.0,0.003718950940867626,-0.010932624101789612,0.27950607791773385,0.9600744760388094,0.0011344640137963143,0.005445427266222308,-0.0017976891295541594,0.24516625,-0.02941995,9.738003449999999
1786685084.636160,27.136,0.0,-1.0,0,0,,,,,,,,,,,,,,,,,,,,,,,,,,,0,0.0,-1,39,True,True,False,"A:1,B:1,ESTOP:0,MODE:1",,,,nan,nan,nan,-1,9998000100000000.0,0.003700911634012093,-0.010901517912837486,0.2795144561535832,0.9600724602661195,-0.0038048177693476384,0.003560471674068432,-0.0009424777960769379,0.196133,0.06864655,9.747810099999999
1786685084.686180,27.186,0.0,-1.0,0,0,,,,,,,,,,,,,,,,,,,,,,,,,,,0,0.0,-1,65,True,True,False,"A:1,B:1,ESTOP:0,MODE:1",,,,nan,nan,nan,-1,9998000100000000.0,0.003714168096808198,-0.010915835169684088,0.2795145037496011,0.9600722325385268,0.003996803987067015,0.009616764178488757,-0.010122909661567111,0.26477955,0.0784532,9.747810099999999
1786685084.736146,27.236,0.0,-1.0,0,0,,,,,,,,,,,,,,,,,,,,,,,,,,,0,0.0,-1,36,True,True,False,"A:1,B:1,ESTOP:0,MODE:1",,,,nan,nan,nan,-1,9998000100000000.0,0.003734234385069537,-0.010891826187408258,0.27949808005225923,0.9600772088030012,-0.004258603374866164,0.006108652381980153,-0.002530727415391778,0.29419949999999995,0.0196133,9.8654899
1786685084.786235,27.286,0.0,-1.0,0,0,,,,,,,,,,,,,,,,,,,,,,,,,,,0,0.0,-1,65,True,True,False,"A:1,B:1,ESTOP:0,MODE:1",,,,nan,nan,nan,-1,9998000100000000.0,0.0037031603459288334,-0.010909960787570188,0.2794976758612408,0.9600772409276406,0.0030892327760299633,0.005393067388662479,0.003438298626428829,0.16671305,-0.02941995,9.757616749999999
1786685084.836194,27.336,0.0,-1.0,0,0,,,,,,,,,,,,,,,,,,,,,,,,,,,0,0.0,-1,35,True,True,False,"A:1,B:1,ESTOP:0,MODE:1",,,,nan,nan,nan,-1,9998000100000000.0,0.0037323028009949577,-0.010946908898009759,0.2795145039805516,0.9600718083382547,0.0003141592653589793,-0.005148721293383272,0.002076941809873252,0.17651969999999997,0.0588399,9.77723005
1786685084.886147,27.386,0.0,-1.0,0,0,,,,,,,,,,,,,,,,,,,,,,,,,,,0,0.0,-1,64,True,True,False,"A:1,B:1,ESTOP:0,MODE:1",,,,nan,nan,nan,-1,9998000100000000.0,0.0037285157473664963,-0.01096620220892002,0.27948922594497727,0.9600789619401687,-0.0032288591161895096,-0.00312413936106985,-0.00747000919853573,0.25497289999999995,0.00980665,9.79684335
1786685084.936145,27.436,0.0,-1.0,0,0,,,,,,,,,,,,,,,,,,,,,,,,,,,0,0.0,-1,37,True,True,False,"A:1,B:1,ESTOP:0,MODE:1",,,,nan,nan,nan,-1,9998000100000000.0,0.003738175369407596,-0.010999748018567892,0.27948075185822197,0.9600810074828053,0.00799360797413403,-0.0014311699866353504,-0.004223696789826277,0.28439285,-0.0196133,9.8654899
1786685084.986167,27.486,0.0,-1.0,0,0,,,,,,,,,,,,,,,,,,,,,,,,,,,0,0.0,-1,66,True,True,False,"A:1,B:1,ESTOP:0,MODE:1",,,,nan,nan,nan,-1,9998000100000000.0,0.0037559937480170264,-0.010967296270735692,0.27948111096404216,0.9600812046581161,-0.0030543261909900766,-0.008412486994612669,-0.010297442586766544,0.196133,0.0980665,9.80665
1786685085.036137,27.536,0.0,-1.0,0,0,,,,,,,,,,,,,,,,,,,,,,,,,,,0,0.0,-1,37,True,True,False,"A:1,B:1,ESTOP:0,MODE:1",,,,nan,nan,nan,-1,9998000100000000.0,0.003733106019870956,-0.010983056540591165,0.2794640431834358,0.960086082055165,-0.0029321531433504737,0.0026878070480712674,0.003961897402027128,0.22555294999999997,0.00980665,9.845876599999999
1786685085.086142,27.586,0.0,-1.0,0,0,,,,,,,,,,,,,,,,,,,,,,,,,,,0,0.0,-1,66,True,True,False,"A:1,B:1,ESTOP:0,MODE:1",,,,nan,nan,nan,-1,9998000100000000.0,0.0037388541659305087,-0.01097230465196406,0.2794474061772833,0.9600910252059118,-0.006021385919380436,0.0028797932657906437,0.0008552113334772215,0.18632634999999997,0.06864655,9.80665
1786685085.136174,27.636,0.0,-1.0,0,0,,,,,,,,,,,,,,,,,,,,,,,,,,,0,0.0,-1,35,True,True,False,"A:1,B:1,ESTOP:0,MODE:1",,,,nan,nan,nan,-1,9998000100000000.0,0.003716157579874612,-0.010987998967471446,0.27944709474343954,0.9600910244820453,-0.0045553093477052,0.001413716694115407,0.002827433388230814,0.21574629999999997,0.0,9.7085835
1786685085.186147,27.686,0.0,-1.0,0,0,,,,,,,,,,,,,,,,,,,,,,,,,,,0,0.0,-1,64,True,True,False,"A:1,B:1,ESTOP:0,MODE:1",,,,nan,nan,nan,-1,9998000100000000.0,0.0036908305493509237,-0.010995379290357599,0.27943005018878464,0.9600959985624408,-0.0072082098107365804,-0.011711159280881952,0.004153883619746504,0.21574629999999997,-0.00980665,9.845876599999999
1786685085.236178,27.736,0.0,-1.0,0,0,,,,,,,,,,,,,,,,,,,,,,,,,,,0,0.0,-1,37,True,True,False,"A:1,B:1,ESTOP:0,MODE:1",,,,nan,nan,nan,-1,9998000100000000.0,0.003696962288612949,-0.01098449783482521,0.27944692715416247,0.9600911874302615,0.0025656340004316645,0.00012217304763960306,0.0005759586531581288,0.1569064,-0.1176798,9.81645665
1786685085.286131,27.786,0.0,-1.0,0,0,,,,,,,,,,,,,,,,,,,,,,,,,,,0,0.0,-1,66,True,True,False,"A:1,B:1,ESTOP:0,MODE:1",,,,nan,nan,nan,-1,9998000100000000.0,0.003711567725796911,-0.01097114499521434,0.27947227792340773,0.9600839047264632,0.005759586531581287,-0.005532693728822024,-0.007400196028455957,0.2745862,0.0392266,9.77723005
1786685085.336151,27.836,0.0,-1.0,0,0,,,,,,,,,,,,,,,,,,,,,,,,,,,0,0.0,-1,36,True,True,False,"A:1,B:1,ESTOP:0,MODE:1",,,,nan,nan,nan,-1,9998000100000000.0,0.0036828360250733593,-0.010997689228612603,0.27946346772885716,0.9600862762040738,0.0032637657012293962,-0.004363323129985824,8.726646259971648e-05,0.22555294999999997,-0.06864655,9.757616749999999
1786685085.386134,27.886,0.0,-1.0,0,0,,,,,,,,,,,,,,,,,,,,,,,,,,,0,0.0,-1,65,True,True,False,"A:1,B:1,ESTOP:0,MODE:1",,,,nan,nan,nan,-1,9998000100000000.0,0.0036913103097651677,-0.010995218237027775,0.279471942013549,0.960083805212489,0.0012566370614359172,0.0060911990894602095,0.00020943951023931956,0.1372931,0.00980665,9.7870367
1786685085.436138,27.936,0.0,-1.0,0,0,,,,,,,,,,,,,,,,,,,,,,,,,,,0,0.0,-1,35,True,True,False,"A:1,B:1,ESTOP:0,MODE:1",,,,nan,nan,nan,-1,9998000100000000.0,0.00365204977419592,-0.011015727088728252,0.27948819388003304,0.9600789893393306,-0.0016929693744344998,0.0004188790204786391,0.0017278759594743863,0.21574629999999997,0.0,9.875296549999998
1786685085.486263,27.986,0.0,-1.0,0,0,,,,,,,,,,,,,,,,,,,,,,,,,,,0,0.0,-1,64,True,True,False,"A:1,B:1,ESTOP:0,MODE:1",,,,nan,nan,nan,-1,9998000100000000.0,0.0036379246387897354,-0.011028919877232018,0.2795047332112118,0.9600740765915896,0.0042935099599060505,-0.0015882496193148398,0.005532693728822024,0.30400615,0.0196133,9.81645665
1786685085.536230,28.036,0.0,-1.0,0,0,,,,,,,,,,,,,,,,,,,,,,,,,,,0,0.0,-1,37,True,True,False,"A:1,B:1,ESTOP:0,MODE:1",,,,nan,nan,nan,-1,9998000100000000.0,0.003640267379079606,-0.011037329894630984,0.27949633008976194,0.9600764174109063,0.002722713633111154,-0.0015009831567151233,-0.0037175513067479217,0.196133,0.04903325,9.738003449999999
1786685085.586183,28.086,0.0,-1.0,0,0,,,,,,,,,,,,,,,,,,,,,,,,,,,0,0.0,-1,66,True,True,False,"A:1,B:1,ESTOP:0,MODE:1",,,,nan,nan,nan,-1,9998000100000000.0,0.003683632819129535,-0.011061054558954212,0.27950499484820734,0.9600734564480997,0.00301941960595019,-0.000890117918517108,0.009791297103688189,0.22555294999999997,-0.0392266,9.80665
1786685085.636129,28.136,0.0,-1.0,0,0,,,,,,,,,,,,,,,,,,,,,,,,,,,0,0.0,-1,37,True,True,False,"A:1,B:1,ESTOP:0,MODE:1",,,,nan,nan,nan,-1,9998000100000000.0,0.00369570382932155,-0.011039355278308058,0.2795219933013412,0.9600687109103653,-0.0012740903539558606,0.0022165681500327986,0.0052010811709431014,0.3334261,-0.02941995,9.7870367
1786685085.686224,28.186,0.0,-1.0,0,0,,,,,,,,,,,,,,,,,,,,,,,,,,,0,0.0,-1,66,True,True,False,"A:1,B:1,ESTOP:0,MODE:1",,,,nan,nan,nan,-1,9998000100000000.0,0.0036944212354590505,-0.011003370916174976,0.2795305653412962,0.9600666331667773,0.000890117918517108,0.0026529004630313807,-0.002408554367752175,0.22555294999999997,0.0392266,9.80665
1786685085.736181,28.236,0.0,-1.0,0,0,,,,,,,,,,,,,,,,,,,,,,,,,,,0,0.0,-1,37,True,True,False,"A:1,B:1,ESTOP:0,MODE:1",,,,nan,nan,nan,-1,9998000100000000.0,0.00367660457331658,-0.01103582356546845,0.2795302033931232,0.9600664344554717,-0.004171336912266448,0.007260569688296411,-0.003543018381548489,0.22555294999999997,0.00980665,9.836069949999999
1786685085.786149,28.286,0.0,-1.0,0,0,,,,,,,,,,,,,,,,,,,,,,,,,,,0,0.0,-1,66,True,True,False,"A:1,B:1,ESTOP:0,MODE:1",,,,nan,nan,nan,-1,9998000100000000.0,0.00367621934816297,-0.01103595189645521,0.2794966905821922,0.9600761913153798,0.0060911990894602095,-0.0017453292519943296,-0.005096361415823442,0.1569064,-0.00980665,9.7870367
1786685085.836123,28.336,0.0,-1.0,0,0,,,,,,,,,,,,,,,,,,,,,,,,,,,0,0.0,-1,38,True,True,False,"A:1,B:1,ESTOP:0,MODE:1",,,,nan,nan,nan,-1,9998000100000000.0,0.003695222143061394,-0.01103951652329932,0.27948010213514235,0.9600809064442307,-0.009250245035569947,0.0069638637154573755,-0.011274826967883369,0.17651969999999997,0.0,9.757616749999999
1786685085.886231,28.386,0.0,-1.0,0,0,,,,,,,,,,,,,,,,,,,,,,,,,,,0,0.0,-1,66,True,True,False,"A:1,B:1,ESTOP:0,MODE:1",,,,nan,nan,nan,-1,9998000100000000.0,0.0037167599372930436,-0.011051427733475384,0.2794718677300439,0.9600830832735786,-0.00153588974175501,-0.00947713783832921,-0.003682644721708035,0.2353596,0.00980665,9.77723005
1786685085.936209,28.436,0.0,-1.0,0,0,,,,,,,,,,,,,,,,,,,,,,,,,,,0,0.0,-1,36,True,True,False,"A:1,B:1,ESTOP:0,MODE:1",,,,nan,nan,nan,-1,9998000100000000.0,0.0036977573876796283,-0.011047862566974986,0.2794884559026858,0.9600783688533637,-0.008412486994612669,-0.0017453292519943296,0.008220500776893291,0.22555294999999997,-0.06864655,9.747810099999999
1786685085.986241,28.486,0.0,-1.0,0,0,,,,,,,,,,,,,,,,,,,,,,,,,,,0,0.0,-1,66,True,True,False,"A:1,B:1,ESTOP:0,MODE:1",,,,nan,nan,nan,-1,9998000100000000.0,0.0036809044050063883,-0.011052772681440387,0.27947988476302943,0.960080872203825,0.0004537856055185257,0.0016406094968746698,0.0091106186954104,0.1569064,0.0588399,9.875296549999998
1786685086.036230,28.536,0.0,-1.0,0,0,,,,,,,,,,,,,,,,,,,,,,,,,,,0,0.0,-1,35,True,True,False,"A:1,B:1,ESTOP:0,MODE:1",,,,nan,nan,nan,-1,9998000100000000.0,0.0036892826910188115,-0.011050333758928456,0.279479981206025,0.9600808400453171,0.00445058959258554,0.0029146998508305304,0.0017453292519943296,0.2353596,-0.02941995,9.757616749999999
1786685086.086237,28.586,0.0,-1.0,0,0,,,,,,,,,,,,,,,,,,,,,,,,,,,0,0.0,-1,64,True,True,False,"A:1,B:1,ESTOP:0,MODE:1",,,,nan,nan,nan,-1,9998000100000000.0,0.0036917215252873625,-0.011058712070148408,0.27947995660422154,0.9600807413629501,0.0010297442586766543,0.0019373154697137059,0.006003932626860493,0.2745862,0.0,9.826263299999999
1786685086.136235,28.636,0.0,-1.0,0,0,,,,,,,,,,,,,,,,,,,,,,,,,,,0,0.0,-1,36,True,True,False,"A:1,B:1,ESTOP:0,MODE:1",,,,nan,nan,nan,-1,9998000100000000.0,0.0036833432401360126,-0.01106115099244533,0.2794798600881113,0.9600807735427407,0.0035953782591083188,0.005672320068981571,0.0021118483949131386,0.24516625,0.02941995,9.836069949999999
1786685086.186227,28.686,0.0,-1.0,0,0,,,,,,,,,,,,,,,,,,,,,,,,,,,0,0.0,-1,62,True,True,False,"A:1,B:1,ESTOP:0,MODE:1",,,,nan,nan,nan,-1,9998000100000000.0,0.00367964923675568,-0.011080410756632367,0.27946295738053833,0.960085485845444,-0.0009773843811168245,-0.003612831551628262,-0.002286381320112572,0.29419949999999995,0.0392266,9.80665
1786685086.236150,28.736,0.0,-1.0,0,0,,,,,,,,,,,,,,,,,,,,,,,,,,,0,0.0,-1,31,True,True,False,"A:1,B:1,ESTOP:0,MODE:1",,,,nan,nan,nan,-1,9998000100000000.0,0.003703818821227254,-0.011100635935942228,0.27947145498461246,0.9600826857394842,0.005375614096142535,-0.008988445647770798,-0.0020943951023931952,0.21574629999999997,-0.00980665,9.845876599999999
1786685086.286238,28.786,0.0,-1.0,0,0,,,,,,,,,,,,,,,,,,,,,,,,,,,0,0.0,-1,58,True,True,False,"A:1,B:1,ESTOP:0,MODE:1",,,,nan,nan,nan,-1,9998000100000000.0,0.0036955374115728817,-0.011103042534821967,0.2794797363942668,0.9600802791406043,0.0004014257279586958,0.007260569688296411,0.001710422666954443,0.22555294999999997,0.0392266,9.77723005
1786685086.336229,28.836,0.0,-1.0,0,0,,,,,,,,,,,,,,,,,,,,,,,,,,,0,0.0,-1,27,True,True,False,"A:1,B:1,ESTOP:0,MODE:1",,,,nan,nan,nan,-1,9998000100000000.0,0.003672744373985289,-0.011118769649858572,0.27947104230795744,0.9600827154060948,-0.005759586531581287,-0.016336281798666925,-3.490658503988659e-05,0.0980665,-0.02941995,9.855683249999998
1786685086.386205,28.886,0.0,-1.0,0,0,,,,,,,,,,,,,,,,,,,,,,,,,,,0,0.0,-1,57,True,True,False,"A:1,B:1,ESTOP:0,MODE:1",,,,nan,nan,nan,-1,9998000100000000.0,0.0036568561158367018,-0.011096137338633856,0.27945426383375893,0.9600879217887506,-0.003682644721708035,0.007016223593017205,0.011519173063162575,0.24516625,0.0,9.80665
1786685086.436142,28.936,0.0,-1.0,0,0,,,,,,,,,,,,,,,,,,,,,,,,,,,0,0.0,-1,31,True,True,False,"A:1,B:1,ESTOP:0,MODE:1",,,,nan,nan,nan,-1,9998000100000000.0,0.0036592947339514513,-0.0111045157092419,0.27945423878383674,0.9600878229196846,-0.0027401669256310974,0.008674286382411817,-0.00481710873550435,0.22555294999999997,-0.02941995,9.738003449999999
1786685086.486270,28.986,0.0,-1.0,0,0,,,,,,,,,,,,,,,,,,,,,,,,,,,0,0.0,-1,62,True,True,False,"A:1,B:1,ESTOP:0,MODE:1",,,,nan,nan,nan,-1,9998000100000000.0,0.0036452677206666793,-0.011117676044373527,0.2794791546572146,0.9600804713224335,-0.006335545184739416,0.003996803987067015,-0.0050789081233034985,0.2353596,-0.04903325,9.77723005
1786685086.536247,29.036,0.0,-1.0,0,0,,,,,,,,,,,,,,,,,,,,,,,,,,,0,0.0,-1,34,True,True,False,"A:1,B:1,ESTOP:0,MODE:1",,,,nan,nan,nan,-1,9998000100000000.0,0.0036477065592960107,-0.011126054349004622,0.27947912941590786,0.9600803723503603,0.0021642082724729686,0.0016580627893946131,0.003961897402027128,0.21574629999999997,-0.02941995,9.757616749999999
1786685086.586195,29.086,0.0,-1.0,0,0,,,,,,,,,,,,,,,,,,,,,,,,,,,0,0.0,-1,63,True,True,False,"A:1,B:1,ESTOP:0,MODE:1",,,,nan,nan,nan,-1,9998000100000000.0,0.0036821846934763937,-0.011088756974755502,0.2794713108852907,0.9600829481751538,0.006492624817418906,-0.0006283185307179586,0.0009250245035569946,0.17651969999999997,-0.0,9.77723005
1786685086.636144,29.136,0.0,-1.0,0,0,,,,,,,,,,,,,,,,,,,,,,,,,,,0,0.0,-1,35,True,True,False,"A:1,B:1,ESTOP:0,MODE:1",,,,nan,nan,nan,-1,9998000100000000.0,0.0036629893206177183,-0.011085256338498167,0.27947114226465586,0.960083111111968,-0.0029670597283903604,-0.0047298422729046335,0.0028099800957108708,0.2353596,-0.00980665,9.826263299999999
1786685086.686205,29.186,0.0,-1.0,0,0,,,,,,,,,,,,,,,,,,,,,,,,,,,0,0.0,-1,64,True,True,False,"A:1,B:1,ESTOP:0,MODE:1",,,,nan,nan,nan,-1,9998000100000000.0,0.0036607438840125274,-0.011076814118199246,0.2794879237711613,0.9600783320173889,-5.235987755982989e-05,-0.0026005405854715507,0.002722713633111154,0.26477955,0.0392266,9.845876599999999
1786685086.736371,29.236,0.0,-1.0,0,0,,,,,,,,,,,,,,,,,,,,,,,,,,,0,0.0,-1,38,True,True,False,"A:1,B:1,ESTOP:0,MODE:1",,,,nan,nan,nan,-1,9998000100000000.0,0.0036498300967319677,-0.01107090667320761,0.27947947381083477,0.9600809015307601,-0.0013439035240356337,-0.005585053606381855,-0.005393067388662479,0.21574629999999997,-0.00980665,9.836069949999999
1786685086.786341,29.286,0.0,-1.0,0,0,,,,,,,,,,,,,,,,,,,,,,,,,,,0,0.0,-1,67,True,True,False,"A:1,B:1,ESTOP:0,MODE:1",,,,nan,nan,nan,-1,9998000100000000.0,0.003669025505564431,-0.011074407144242206,0.2794796421496094,0.960080738991346,0.004694935687864747,0.0007330382858376184,0.002949606435870417,0.26477955,0.00980665,9.80665
1786685086.836200,29.336,0.0,-1.0,0,0,,,,,,,,,,,,,,,,,,,,,,,,,,,0,0.0,-1,38,True,True,False,"A:1,B:1,ESTOP:0,MODE:1",,,,nan,nan,nan,-1,9998000100000000.0,0.0036413551768759407,-0.01107337736853108,0.27947099889097876,0.9600833722260835,0.006719517620178169,0.004171336912266448,-0.0011693705988362008,0.2353596,-0.00980665,9.81645665
1786685086.886286,29.386,0.0,-1.0,0,0,,,,,,,,,,,,,,,,,,,,,,,,,,,0,0.0,-1,64,True,True,False,"A:1,B:1,ESTOP:0,MODE:1",,,,nan,nan,nan,-1,9998000100000000.0,0.0036506991259571196,-0.011043396539088536,0.27946288841102807,0.9600860429095599,-0.0054105206811824215,0.0019722220547535923,-0.000890117918517108,0.24516625,0.0196133,9.79684335
1786685086.936284,29.436,0.0,-1.0,0,0,,,,,,,,,,,,,,,,,,,,,,,,,,,0,0.0,-1,37,True,True,False,"A:1,B:1,ESTOP:0,MODE:1",,,,nan,nan,nan,-1,9998000100000000.0,0.0036617089950109747,-0.011049272212523817,0.27947971661305104,0.9600810348469019,-0.0032114058236695662,0.001239183768915974,0.007347836150896127,0.16671305,-0.04903325,9.80665
1786685086.986350,29.486,0.0,-1.0,0,0,,,,,,,,,,,,,,,,,,,,,,,,,,,0,0.0,-1,64,True,True,False,"A:1,B:1,ESTOP:0,MODE:1",,,,nan,nan,nan,-1,9998000100000000.0,0.003647487796792789,-0.011062496533154578,0.279487877054838,0.9600785611514331,-0.005340707511102648,0.0015707963267948964,6.981317007977319e-05,0.196133,0.00980665,9.836069949999999
1786685087.036261,29.536,0.0,-1.0,0,0,,,,,,,,,,,,,,,,,,,,,,,,,,,0,0.0,-1,36,True,True,False,"A:1,B:1,ESTOP:0,MODE:1",,,,nan,nan,nan,-1,9998000100000000.0,0.0036114392645824537,-0.01106390572111334,0.2794791376914064,0.9600812252574781,0.0028797932657906437,-0.00853466004225227,-0.0009424777960769379,0.20593965,0.06864655,9.7085835
1786685087.086326,29.586,0.0,-1.0,0,0,,,,,,,,,,,,,,,,,,,,,,,,,,,0,0.0,-1,65,True,True,False,"A:1,B:1,ESTOP:0,MODE:1",,,,nan,nan,nan,-1,9998000100000000.0,0.003621869982409657,-0.011069971549302171,0.2794456957434609,0.9600908503460395,0.002129301687433082,-0.005532693728822024,-0.004956735075663896,0.196133,0.0196133,9.79684335
1786685087.136172,29.636,0.0,-1.0,0,0,,,,,,,,,,,,,,,,,,,,,,,,,,,0,0.0,-1,36,True,True,False,"A:1,B:1,ESTOP:0,MODE:1",,,,nan,nan,nan,-1,9998000100000000.0,0.003647005100850806,-0.01106265567430251,0.27944598545887384,0.9600907551966872,0.0048345620280242935,0.0020245819323134223,0.0005410520681182421,0.20593965,0.02941995,9.77723005
1786685087.186249,29.686,0.0,-1.0,0,0,,,,,,,,,,,,,,,,,,,,,,,,,,,0,0.0,-1,62,True,True,False,"A:1,B:1,ESTOP:0,MODE:1",,,,nan,nan,nan,-1,9998000100000000.0,0.0036673594585613476,-0.011038550994035893,0.2794547027707343,0.960088417785505,0.0038571776469074684,0.00027925268031909274,-0.004642575810304917,0.30400615,0.00980665,9.855683249999998
1786685087.236140,29.736,0.0,-1.0,0,0,,,,,,,,,,,,,,,,,,,,,,,,,,,0,0.0,-1,37,True,True,False,"A:1,B:1,ESTOP:0,MODE:1",,,,nan,nan,nan,-1,9998000100000000.0,0.0036617089950109747,-0.011049272212523817,0.27947971661305104,0.9600810348469019,0.00017453292519943296,-0.0016755160819145565,-0.004136430327226561,0.29419949999999995,0.0,9.7674234
1786685087.286197,29.786,0.0,-1.0,0,0,,,,,,,,,,,,,,,,,,,,,,,,,,,0,0.0,-1,63,True,True,False,"A:1,B:1,ESTOP:0,MODE:1",,,,nan,nan,nan,-1,9998000100000000.0,0.003654707773042051,-0.011087663290954725,0.2794794238122315,0.9600807041595113,0.0027576202181510408,-0.0026005405854715507,0.005899212871740834,0.196133,0.06864655,9.81645665
1786685087.336229,29.836,0.0,-1.0,0,0,,,,,,,,,,,,,,,,,,,,,,,,,,,0,0.0,-1,34,True,True,False,"A:1,B:1,ESTOP:0,MODE:1",,,,nan,nan,nan,-1,9998000100000000.0,0.0036489620312877068,-0.01109841683127828,0.2794960584647692,0.9600757592620448,0.0034557519189487725,-0.004310963252425994,-0.0023911010752322315,0.2353596,0.04903325,9.80665
1786685087.386239,29.886,0.0,-1.0,0,0,,,,,,,,,,,,,,,,,,,,,,,,,,,0,0.0,-1,60,True,True,False,"A:1,B:1,ESTOP:0,MODE:1",,,,nan,nan,nan,-1,9998000100000000.0,0.0036574371032161357,-0.01109594585088512,0.27950453353669763,0.9600732882816516,-0.0006283185307179586,0.006614797865058509,0.0002617993877991494,0.22555294999999997,0.0196133,9.855683249999998
1786685087.436123,29.936,0.0,-1.0,0,0,,,,,,,,,,,,,,,,,,,,,,,,,,,0,0.0,-1,31,True,True,False,"A:1,B:1,ESTOP:0,MODE:1",,,,nan,nan,nan,-1,9998000100000000.0,0.0036692187898729697,-0.01107434310598007,0.2794963986770218,0.9600758610051698,-0.00445058959258554,-0.004223696789826277,-0.0007504915783575617,0.25497289999999995,-0.0,9.7674234
1786685087.486253,29.986,0.0,-1.0,0,0,,,,,,,,,,,,,,,,,,,,,,,,,,,0,0.0,-1,58,True,True,False,"A:1,B:1,ESTOP:0,MODE:1",,,,nan,nan,nan,-1,9998000100000000.0,0.0036967924958126665,-0.01107540417054724,0.27949666386076877,0.9600756657880682,0.0010995574287564276,8.726646259971648e-05,0.005550147021341968,0.2353596,0.02941995,9.77723005
1786685087.536198,30.036,0.0,-1.0,0,0,,,,,,,,,,,,,,,,,,,,,,,,,,,0,0.0,-1,32,True,True,False,"A:1,B:1,ESTOP:0,MODE:1",,,,nan,nan,nan,-1,9998000100000000.0,0.0036750615025997703,-0.011063557843359448,0.2794881418256476,0.9600783666918267,-0.001780235837034216,0.004276056667386108,-0.006492624817418906,0.17651969999999997,-0.00980665,9.80665
1786685087.586272,30.086,0.0,-1.0,0,0,,,,,,,,,,,,,,,,,,,,,,,,,,,0,0.0,-1,57,True,True,False,"A:1,B:1,ESTOP:0,MODE:1",,,,nan,nan,nan,-1,9998000100000000.0,0.003681000858503611,-0.01105274055906887,0.2794882630385402,0.9600784332451768,0.0059515727493006645,0.004590215932745087,-0.0057246799465414016,0.25497289999999995,0.04903325,9.826263299999999
1786685087.636118,30.136,0.0,-1.0,0,0,,,,,,,,,,,,,,,,,,,,,,,,,,,0,0.0,-1,31,True,True,False,"A:1,B:1,ESTOP:0,MODE:1",,,,nan,nan,nan,-1,9998000100000000.0,0.0036919145356617256,-0.011058647635768389,0.2794967131316752,0.9600758633712856,0.0004363323129985824,0.004345869837465881,-0.007120943348136864,0.20593965,0.06864655,9.81645665
1786685087.686226,30.186,0.0,-1.0,0,0,,,,,,,,,,,,,,,,,,,,,,,,,,,0,0.0,-1,60,True,True,False,"A:1,B:1,ESTOP:0,MODE:1",,,,nan,nan,nan,-1,9998000100000000.0,0.0037218306292759375,-0.011068119440724312,0.2794885754678768,0.960078007711743,0.0042935099599060505,0.0020420352248333657,0.005777039824101231,0.18632634999999997,-0.0392266,9.77723005
1786685087.736215,30.236,0.0,-1.0,0,0,,,,,,,,,,,,,,,,,,,,,,,,,,,0,0.0,-1,33,True,True,False,"A:1,B:1,ESTOP:0,MODE:1",,,,nan,nan,nan,-1,9998000100000000.0,0.0037184269322555483,-0.011087282564091857,0.27949680805687843,0.96007540315983,0.0058468529941810045,0.003543018381548489,0.007609635538695277,0.21574629999999997,0.00980665,9.757616749999999
1786685087.786267,30.286,0.0,-1.0,0,0,,,,,,,,,,,,,,,,,,,,,,,,,,,0,0.0,-1,57,True,True,False,"A:1,B:1,ESTOP:0,MODE:1",,,,nan,nan,nan,-1,9998000100000000.0,0.003741315906284786,-0.011071521788024629,0.279513878982876,0.9600705262721758,0.004310963252425994,-0.006073745796940267,0.00027925268031909274,0.22555294999999997,-0.00980665,9.836069949999999
1786685087.836136,30.336,0.0,-1.0,0,0,,,,,,,,,,,,,,,,,,,,,,,,,,,0,0.0,-1,31,True,True,False,"A:1,B:1,ESTOP:0,MODE:1",,,,nan,nan,nan,-1,9998000100000000.0,0.0037328410715924943,-0.011073993581954905,0.27950540414818376,0.9600729980661062,-0.007347836150896127,0.003839724354387525,-0.002356194490192345,0.20593965,0.02941995,9.738003449999999
1786685087.886152,30.386,0.0,-1.0,0,0,,,,,,,,,,,,,,,,,,,,,,,,,,,0,0.0,-1,57,True,True,False,"A:1,B:1,ESTOP:0,MODE:1",,,,nan,nan,nan,-1,9998000100000000.0,0.003724462854012591,-0.011076432726322959,0.2795053074987163,0.9600730306047329,-0.004747295565424576,0.0013788101090755204,-0.003490658503988659,0.20593965,0.0392266,9.77723005
1786685087.936116,30.436,0.0,-1.0,0,0,,,,,,,,,,,,,,,,,,,,,,,,,,,0,0.0,-1,30,True,True,False,"A:1,B:1,ESTOP:0,MODE:1",,,,nan,nan,nan,-1,9998000100000000.0,0.0037268051705401308,-0.011084843493895012,0.27949690480102884,0.9600753706738764,-0.0006457718232379018,0.0004363323129985824,0.008255407361933179,0.26477955,0.00980665,9.77723005
1786685087.986148,30.486,0.0,-1.0,0,0,,,,,,,,,,,,,,,,,,,,,,,,,,,0,0.0,-1,56,True,True,False,"A:1,B:1,ESTOP:0,MODE:1",,,,nan,nan,nan,-1,9998000100000000.0,0.0037269019039062414,-0.01108481097096253,0.2795052830285291,0.9600729315667006,-0.0009773843811168245,-0.0014311699866353504,-0.0037175513067479217,0.2353596,-0.0,9.80665
1786685088.036121,30.536,0.0,-1.0,0,0,,,,,,,,,,,,,,,,,,,,,,,,,,,0,0.0,-1,27,True,True,False,"A:1,B:1,ESTOP:0,MODE:1",,,,nan,nan,nan,-1,9998000100000000.0,0.003707513012075208,-0.011081375722525233,0.27948835765677893,0.9600779736009352,-0.004537856055185257,0.002775073510670984,-0.0035779249665883754,0.21574629999999997,-0.0,9.875296549999998
1786685088.086250,30.586,0.0,-1.0,0,0,,,,,,,,,,,,,,,,,,,,,,,,,,,0,0.0,-1,49,True,True,False,"A:1,B:1,ESTOP:0,MODE:1",,,,nan,nan,nan,-1,9998000100000000.0,0.0037278664799426423,-0.011057269621913049,0.279497074648666,0.9600756350740571,-0.0022514747350726853,-0.0035779249665883754,0.0057246799465414016,0.20593965,0.02941995,9.80665
1786685088.136278,30.636,0.0,-1.0,0,0,,,,,,,,,,,,,,,,,,,,,,,,,,,0,0.0,-1,20,True,True,False,"A:1,B:1,ESTOP:0,MODE:1",,,,nan,nan,nan,-1,9998000100000000.0,0.003749404312820654,-0.01106918073182516,0.2794888409069556,0.9600778109162359,0.0026005405854715507,-0.005323254218582705,0.0033859387488689996,0.2745862,-0.00980665,9.79684335
1786685088.186342,30.686,0.0,-1.0,0,0,,,,,,,,,,,,,,,,,,,,,,,,,,,0,0.0,-1,39,True,True,False,"A:1,B:1,ESTOP:0,MODE:1",,,,nan,nan,nan,-1,9998000100000000.0,0.003767222392693659,-0.011036728856803835,0.27948920256326193,0.9600780094878423,0.004468042885105484,0.007557275661135447,0.0010995574287564276,0.25497289999999995,0.02941995,9.71839015
1786685088.236130,30.736,0.0,-1.0,0,0,,,,,,,,,,,,,,,,,,,,,,,,,,,0,0.0,-1,11,True,True,False,"A:1,B:1,ESTOP:0,MODE:1",,,,nan,nan,nan,-1,9998000100000000.0,0.0037374984956605258,-0.011027191436263276,0.2795140965287445,0.9600709879981493,-0.006841690667817772,-0.0005759586531581288,0.005288347633542819,0.17651969999999997,0.0588399,9.747810099999999
1786685088.286184,30.786,0.0,-1.0,0,0,,,,,,,,,,,,,,,,,,,,,,,,,,,0,0.0,-1,38,True,True,False,"A:1,B:1,ESTOP:0,MODE:1",,,,nan,nan,nan,-1,9998000100000000.0,0.0037374022651193084,-0.011027224051670661,0.2795057183182048,0.9600734271822376,-0.003473205211468716,0.004607669225265031,-0.013037609512397642,0.3138128,0.04903325,9.79684335
1786685088.336198,30.836,0.0,-1.0,0,0,,,,,,,,,,,,,,,,,,,,,,,,,,,0,0.0,-1,6,True,True,False,"A:1,B:1,ESTOP:0,MODE:1",,,,nan,nan,nan,-1,9998000100000000.0,0.003749472695249989,-0.011005523813631733,0.2795227150716191,0.9600686806989831,0.0038571776469074684,0.00034906585039886593,0.0005410520681182421,0.20593965,0.0392266,9.836069949999999
1786685088.386199,30.886,0.0,-1.0,0,0,,,,,,,,,,,,,,,,,,,,,,,,,,,0,0.0,-1,20,True,True,False,"A:1,B:1,ESTOP:0,MODE:1",,,,nan,nan,nan,-1,9998000100000000.0,0.003720838368128326,-0.011032037405853496,0.2795222822151958,0.9600686138280548,0.0008377580409572782,-0.0048520153205442364,-0.001762782544514273,0.28439285,-0.0588399,9.836069949999999
1786685088.436172,30.936,0.0,-1.0,0,0,,,,,,,,,,,,,,,,,,,,,,,,,,,0,0.0,-1,0,True,True,False,"A:1,B:1,ESTOP:0,MODE:1",,,,nan,nan,nan,-1,9998000100000000.0,0.0037050465197252243,-0.011009374406682135,0.2795138807079043,0.9600713810946909,0.003560471674068432,0.004677482395344803,0.0017278759594743863,0.2353596,-0.02941995,9.80665
1786685088.486245,30.986,0.0,-1.0,0,0,,,,,,,,,,,,,,,,,,,,,,,,,,,0,0.0,-1,5,True,True,False,"A:1,B:1,ESTOP:0,MODE:1",,,,nan,nan,nan,-1,9998000100000000.0,0.003696764412318544,-0.011011781365088553,0.27952216281531095,0.9600689741362847,-0.005375614096142535,-0.0025132741228718345,-0.005707226654021458,0.26477955,-0.0784532,9.81645665
1786685088.536287,31.036,0.0,-1.0,0,0,,,,,,,,,,,,,,,,,,,,,,,,,,,0,0.0,-1,0,True,True,False,"A:1,B:1,ESTOP:0,MODE:1",,,,nan,nan,nan,-1,9998000100000000.0,0.0037076779404916793,-0.011017687927257354,0.2795306127695051,0.9600664040584549,0.006230825429619756,-0.0003839724354387525,0.007487462491055674,0.196133,-0.02941995,9.757616749999999
1786685088.586252,31.086,0.0,-1.0,0,0,,,,,,,,,,,,,,,,,,,,,,,,,,,0,0.0,-1,9,True,True,False,"A:1,B:1,ESTOP:0,MODE:1",,,,nan,nan,nan,-1,9998000100000000.0,0.0036945172578440287,-0.011003338675848743,0.279538943492546,0.960064193765858,-0.0052010811709431014,-0.0025132741228718345,-0.0002617993877991494,0.21574629999999997,0.00980665,9.80665
1786685088.636143,31.136,0.0,-1.0,0,0,,,,,,,,,,,,,,,,,,,,,,,,,,,0,0.0,-1,0,True,True,False,"A:1,B:1,ESTOP:0,MODE:1",,,,nan,nan,nan,-1,9998000100000000.0,0.0036801041854656073,-0.011016627830936595,0.27953034875313676,0.9600665991848526,-0.0009948376736367678,-0.009180431865490174,-0.0045204027626653135,0.25497289999999995,0.0392266,9.7674234
1786685088.686226,31.186,0.0,-1.0,0,0,,,,,,,,,,,,,,,,,,,,,,,,,,,0,0.0,-1,22,True,True,False,"A:1,B:1,ESTOP:0,MODE:1",,,,nan,nan,nan,-1,9998000100000000.0,0.0036911139996572,-0.011022502234718429,0.2795471767103395,0.9600615897509938,0.0004537856055185257,-0.007033676885537149,-0.004537856055185257,0.24516625,-0.0,9.80665
1786685088.736135,31.236,0.0,-1.0,0,0,,,,,,,,,,,,,,,,,,,,,,,,,,,0,0.0,-1,9,True,True,False,"A:1,B:1,ESTOP:0,MODE:1",,,,nan,nan,nan,-1,9998000100000000.0,0.0036777609760704536,-0.011008217549124082,0.2795387514054812,0.9600642581011224,0.0023212879051524586,-0.0009250245035569946,0.00471238898038469,0.22555294999999997,-0.02941995,9.826263299999999
1786685088.786346,31.286,0.0,-1.0,0,0,,,,,,,,,,,,,,,,,,,,,,,,,,,0,0.0,-1,38,True,True,False,"A:1,B:1,ESTOP:0,MODE:1",,,,nan,nan,nan,-1,9998000100000000.0,0.003674165298662434,-0.011027445379648905,0.2795302280093448,0.9600665328959241,-3.490658503988659e-05,-0.0006806784082777885,0.0018500490071139892,0.30400615,0.0196133,9.855683249999998
1786685088.836138,31.336,0.0,-1.0,0,0,,,,,,,,,,,,,,,,,,,,,,,,,,,0,0.0,-1,10,True,True,False,"A:1,B:1,ESTOP:0,MODE:1",,,,nan,nan,nan,-1,9998000100000000.0,0.0036526265513111044,-0.0110155358527492,0.27953846311522323,0.9600643540556707,0.001239183768915974,-0.0026354471705114374,0.006230825429619756,0.2353596,0.00980665,9.79684335
1786685088.886250,31.386,0.0,-1.0,0,0,,,,,,,,,,,,,,,,,,,,,,,,,,,0,0.0,-1,38,True,True,False,"A:1,B:1,ESTOP:0,MODE:1",,,,nan,nan,nan,-1,9998000100000000.0,0.0036442484091674765,-0.011017975285613392,0.27953836697589446,0.9600643858942941,-0.004607669225265031,0.003420845333908886,-0.006719517620178169,0.29419949999999995,-0.00980665,9.855683249999998
1786685088.936186,31.436,0.0,-1.0,0,0,,,,,,,,,,,,,,,,,,,,,,,,,,,0,0.0,-1,12,True,True,False,"A:1,B:1,ESTOP:0,MODE:1",,,,nan,nan,nan,-1,9998000100000000.0,0.0036190177670992123,-0.011025325161478495,0.2795297002764237,0.9600669203648555,0.0006806784082777885,0.007016223593017205,0.00013962634015954637,0.22555294999999997,0.0196133,9.81645665
1786685088.986248,31.486,0.0,-1.0,0,0,,,,,,,,,,,,,,,,,,,,,,,,,,,0,0.0,-1,55,True,True,False,"A:1,B:1,ESTOP:0,MODE:1",,,,nan,nan,nan,-1,9998000100000000.0,0.003634491002796289,-0.010984462614968145,0.2795384659383913,0.9600647780837613,-0.005829399701661061,-0.0017453292519943296,0.002897246558310587,0.18632634999999997,-0.0784532,9.757616749999999
1786685089.036161,31.536,0.0,-1.0,0,0,,,,,,,,,,,,,,,,,,,,,,,,,,,0,0.0,-1,32,True,True,False,"A:1,B:1,ESTOP:0,MODE:1",,,,nan,nan,nan,-1,9998000100000000.0,0.00365603003266179,-0.010996371989836804,0.279530230310552,0.9600669578680391,-0.0056199601914217415,0.0040666171571467884,-0.0023038346126325153,0.29419949999999995,0.0,9.7870367
1786685089.086284,31.586,0.0,-1.0,0,0,,,,,,,,,,,,,,,,,,,,,,,,,,,0,0.0,-1,62,True,True,False,"A:1,B:1,ESTOP:0,MODE:1",,,,nan,nan,nan,-1,9998000100000000.0,0.0036755136111759033,-0.0109997752337213,0.27955553212705647,0.9600594773250561,0.0038571776469074684,-0.0009948376736367678,-0.005340707511102648,0.24516625,-0.0196133,9.80665
1786685089.136244,31.636,0.0,-1.0,0,0,,,,,,,,,,,,,,,,,,,,,,,,,,,0,0.0,-1,40,True,True,False,"A:1,B:1,ESTOP:0,MODE:1",,,,nan,nan,nan,-1,9998000100000000.0,0.0036611969074123066,-0.01101303252078291,0.2795553154741393,0.9600594431294635,0.0020594885173533086,-0.003159045946109736,0.010210176124166827,0.26477955,0.0392266,9.757616749999999
1786685089.186294,31.686,0.0,-1.0,0,0,,,,,,,,,,,,,,,,,,,,,,,,,,,0,0.0,-1,73,True,True,False,"A:1,B:1,ESTOP:0,MODE:1",,,,nan,nan,nan,-1,9998000100000000.0,0.0036361587792829346,-0.011020319527000893,0.2795634051471576,0.9600570990359797,-0.012828170002158322,-0.008220500776893291,-0.00905825881785057,0.22555294999999997,0.0588399,9.77723005
1786685089.236128,31.736,0.0,-1.0,0,0,,,,,,,,,,,,,,,,,,,,,,,,,,,0,0.0,-1,43,True,True,False,"A:1,B:1,ESTOP:0,MODE:1",,,,nan,nan,nan,-1,9998000100000000.0,0.003621842194153924,-0.011033576928258333,0.2795631877479631,0.9600570641870649,-0.004956735075663896,-0.006475171524898963,0.003787364476827695,0.22555294999999997,-0.00980665,9.826263299999999
1786685089.286385,31.786,0.0,-1.0,0,0,,,,,,,,,,,,,,,,,,,,,,,,,,,0,0.0,-1,66,True,True,False,"A:1,B:1,ESTOP:0,MODE:1",,,,nan,nan,nan,-1,9998000100000000.0,0.00361327150025165,-0.011036079642050296,0.2795463352512882,0.9600619749072318,-0.0005061454830783556,0.005445427266222308,-0.0022165681500327986,0.21574629999999997,-0.0,9.747810099999999
1786685089.336226,31.836,0.0,-1.0,0,0,,,,,,,,,,,,,,,,,,,,,,,,,,,0,0.0,-1,39,True,True,False,"A:1,B:1,ESTOP:0,MODE:1",,,,nan,nan,nan,-1,9998000100000000.0,0.00361327150025165,-0.011036079642050296,0.2795463352512882,0.9600619749072318,-0.0025830872929516074,-0.005061454830783556,-0.0027925268031909274,0.2353596,-0.04903325,9.69877685
1786685089.386288,31.886,0.0,-1.0,0,0,,,,,,,,,,,,,,,,,,,,,,,,,,,0,0.0,-1,57,True,True,False,"A:1,B:1,ESTOP:0,MODE:1",,,,nan,nan,nan,-1,9998000100000000.0,0.00359057656502364,-0.011051776286116791,0.2795460209038179,0.9600619710194205,-0.0021991148575128553,-0.007958701389094143,-0.003735004599267865,0.18632634999999997,0.0784532,9.81645665
1786685089.436142,31.936,0.0,-1.0,0,0,,,,,,,,,,,,,,,,,,,,,,,,,,,0,0.0,-1,23,True,True,False,"A:1,B:1,ESTOP:0,MODE:1",,,,nan,nan,nan,-1,9998000100000000.0,0.0036240890476642806,-0.011042018282434405,0.27954640651327745,0.9600618450997511,-0.0003316125578789226,0.006998770300497262,-0.0012740903539558606,0.22555294999999997,-0.00980665,9.80665
1786685089.486231,31.986,0.0,-1.0,0,0,,,,,,,,,,,,,,,,,,,,,,,,,,,0,0.0,-1,32,True,True,False,"A:1,B:1,ESTOP:0,MODE:1",,,,nan,nan,nan,-1,9998000100000000.0,0.0036239926877387396,-0.01104204990815709,0.2795380283825233,0.9600642845657976,0.008133234314293577,-0.014556045961632708,-0.0018849555921538759,0.28439285,-0.0588399,9.77723005
1786685089.536204,32.036,0.0,-1.0,0,0,,,,,,,,,,,,,,,,,,,,,,,,,,,0,0.0,-1,0,True,True,False,"A:1,B:1,ESTOP:0,MODE:1",,,,nan,nan,nan,-1,9998000100000000.0,0.0036299314766617997,-0.011031232313955617,0.2795381496933018,0.9600643511646266,0.0005410520681182421,-0.00312413936106985,0.0013788101090755204,0.17651969999999997,-0.0,9.757616749999999
1786685089.586233,32.086,0.0,-1.0,0,0,,,,,,,,,,,,,,,,,,,,,,,,,,,0,0.0,-1,7,True,True,False,"A:1,B:1,ESTOP:0,MODE:1",,,,nan,nan,nan,-1,9998000100000000.0,0.0036299314766617997,-0.011031232313955617,0.2795381496933018,0.9600643511646266,-0.005707226654021458,-0.0006806784082777885,-0.0012740903539558606,0.25497289999999995,0.0196133,9.836069949999999
1786685089.636235,32.136,0.0,-1.0,0,0,,,,,,,,,,,,,,,,,,,,,,,,,,,0,0.0,-1,0,True,True,False,"A:1,B:1,ESTOP:0,MODE:1",,,,nan,nan,nan,-1,9998000100000000.0,0.003616770767914087,-0.011016883851558325,0.27954648155540013,0.9600621395979586,0.0036302848441482054,0.0032637657012293962,-0.0009599310885968813,0.18632634999999997,0.02941995,9.7674234
1786685089.686147,32.186,0.0,-1.0,0,0,,,,,,,,,,,,,,,,,,,,,,,,,,,0,0.0,-1,4,True,True,False,"A:1,B:1,ESTOP:0,MODE:1",,,,nan,nan,nan,-1,9998000100000000.0,0.0036287441131053065,-0.010995216884702076,0.27955510153609925,0.9600598328369754,-0.0027576202181510408,0.001239183768915974,-0.00020943951023931956,0.28439285,0.0392266,9.7870367
1786685089.736125,32.236,0.0,-1.0,0,0,,,,,,,,,,,,,,,,,,,,,,,,,,,0,0.0,-1,0,True,True,False,"A:1,B:1,ESTOP:0,MODE:1",,,,nan,nan,nan,-1,9998000100000000.0,0.003621938480138848,-0.011033545321302568,0.2795715658157065,0.9600546245014618,0.0038571776469074684,0.007086036763096978,-0.0043982297150257105,0.17651969999999997,0.0980665,9.81645665
1786685089.786199,32.286,0.0,-1.0,0,0,,,,,,,,,,,,,,,,,,,,,,,,,,,0,0.0,-1,12,True,True,False,"A:1,B:1,ESTOP:0,MODE:1",,,,nan,nan,nan,-1,9998000100000000.0,0.0036000145220043463,-0.011021762856395619,0.2795462892319262,0.9600622025762909,-0.0032812189937493396,-0.005759586531581287,0.0040666171571467884,0.18632634999999997,0.0196133,9.71839015
1786685089.836125,32.336,0.0,-1.0,0,0,,,,,,,,,,,,,,,,,,,,,,,,,,,0,0.0,-1,0,True,True,False,"A:1,B:1,ESTOP:0,MODE:1",,,,nan,nan,nan,-1,9998000100000000.0,0.0035827771435724765,-0.011026798196515974,0.2795042059383203,0.9600744618477578,-0.004101523742186674,-0.004572762640225144,0.0005585053606381855,0.21574629999999997,-0.00980665,9.855683249999998
1786685089.886359,32.386,0.0,-1.0,0,0,,,,,,,,,,,,,,,,,,,,,,,,,,,0,0.0,-1,21,True,True,False,"A:1,B:1,ESTOP:0,MODE:1",,,,nan,nan,nan,-1,9998000100000000.0,0.003581909043758213,-0.011054309562881472,0.2795207899879898,0.960069320482735,-0.004747295565424576,-0.003665191429188092,0.0064053583548191895,0.24516625,-0.0196133,9.7674234
1786685089.936233,32.436,0.0,-1.0,0,0,,,,,,,,,,,,,,,,,,,,,,,,,,,0,0.0,-1,0,True,True,False,"A:1,B:1,ESTOP:0,MODE:1",,,,nan,nan,nan,-1,9998000100000000.0,0.0035868840785830787,-0.011071034670400833,0.27952911730046465,0.9600666846814113,-0.0016406094968746698,-0.0022165681500327986,-0.0029845130209103037,0.28439285,0.00980665,9.79684335
1786685089.986266,32.486,0.0,-1.0,0,0,,,,,,,,,,,,,,,,,,,,,,,,,,,0,0.0,-1,21,True,True,False,"A:1,B:1,ESTOP:0,MODE:1",,,,nan,nan,nan,-1,9998000100000000.0,0.00357956622630573,-0.011045900120147613,0.27952919356187345,0.9600669793003067,-0.004014257279586958,-0.0022165681500327986,0.010349802464326374,0.18632634999999997,-0.0196133,9.747810099999999
1786685090.036234,32.536,0.0,-1.0,0,0,,,,,,,,,,,,,,,,,,,,,,,,,,,0,0.0,-1,0,True,True,False,"A:1,B:1,ESTOP:0,MODE:1",,,,nan,nan,nan,-1,9998000100000000.0,0.0035650561627653095,-0.011059219230715756,0.2795122188147855,0.96007182209343,0.0013788101090755204,-0.007609635538695277,-0.0020943951023931952,0.2353596,-0.0196133,9.80665
1786685090.086260,32.586,0.0,-1.0,0,0,,,,,,,,,,,,,,,,,,,,,,,,,,,0,0.0,-1,0,True,True,False,"A:1,B:1,ESTOP:0,MODE:1",,,,nan,nan,nan,-1,9998000100000000.0,0.0035482031952706436,-0.011064128601884403,0.2795036475340649,0.9600743233351882,-0.0024260076602721182,-0.003351032163829113,0.00027925268031909274,0.18632634999999997,0.0392266,9.8654899
1786685090.136368,32.636,0.0,-1.0,0,0,,,,,,,,,,,,,,,,,,,,,,,,,,,0,0.0,-1,0,True,True,False,"A:1,B:1,ESTOP:0,MODE:1",,,,nan,nan,nan,-1,9998000100000000.0,0.003547238965654274,-0.011091671511790366,0.2795118517724837,0.960071620577086,0.003979350694547071,-0.005009094953223725,0.007539822368615503,0.1372931,-0.0392266,9.81645665
1786685090.186235,32.686,0.0,-1.0,0,0,,,,,,,,,,,,,,,,,,,,,,,,,,,0,0.0,-1,10,True,True,False,"A:1,B:1,ESTOP:0,MODE:1",,,,nan,nan,nan,-1,9998000100000000.0,0.0035396318175496804,-0.011066629510838545,0.2794867944695699,0.9600792323735527,-0.002827433388230814,-0.0012566370614359172,0.0010995574287564276,0.25497289999999995,-0.02941995,9.7870367
1786685090.236182,32.736,0.0,-1.0,0,0,,,,,,,,,,,,,,,,,,,,,,,,,,,0,0.0,-1,0,True,True,False,"A:1,B:1,ESTOP:0,MODE:1",,,,nan,nan,nan,-1,9998000100000000.0,0.003536421617636735,-0.011085732489463887,0.27951178086875755,0.9600717497212852,-0.008482300164692442,0.006841690667817772,0.008272860654453122,0.196133,0.00980665,9.914523149999999
1786685090.286228,32.786,0.0,-1.0,0,0,,,,,,,,,,,,,,,,,,,,,,,,,,,0,0.0,-1,17,True,True,False,"A:1,B:1,ESTOP:0,MODE:1",,,,nan,nan,nan,-1,9998000100000000.0,0.0035457641268225024,-0.011055750354658788,0.279503673223134,0.9600744213838988,0.0045029494701453706,-0.005759586531581287,0.0010995574287564276,0.24516625,-0.04903325,9.81645665
1786685090.336243,32.836,0.0,-1.0,0,0,,,,,,,,,,,,,,,,,,,,,,,,,,,0,0.0,-1,0,True,True,False,"A:1,B:1,ESTOP:0,MODE:1",,,,nan,nan,nan,-1,9998000100000000.0,0.003511190191537914,-0.011093080728312589,0.2795031123311806,0.9600742811369221,-0.004153883619746504,-0.0056199601914217415,0.0024609142453120045,0.22555294999999997,-0.04903325,9.7870367
1786685090.386217,32.886,0.0,-1.0,0,0,,,,,,,,,,,,,,,,,,,,,,,,,,,0,0.0,-1,20,True,True,False,"A:1,B:1,ESTOP:0,MODE:1",,,,nan,nan,nan,-1,9998000100000000.0,0.003506312046891158,-0.01107632423865027,0.27950316450431495,0.9600744772408358,0.003944444109507185,0.0022514747350726853,0.0024260076602721182,0.196133,-0.0196133,9.79684335
1786685090.436181,32.936,0.0,-1.0,0,0,,,,,,,,,,,,,,,,,,,,,,,,,,,0,0.0,-1,7,True,True,False,"A:1,B:1,ESTOP:0,MODE:1",,,,nan,nan,nan,-1,9998000100000000.0,0.0035016269265140186,-0.01105950663237933,0.27951997301384585,0.9600697946546671,0.003473205211468716,-0.004694935687864747,-0.0010821041362364843,0.16671305,0.0,9.79684335
1786685090.486214,32.986,0.0,-1.0,0,0,,,,,,,,,,,,,,,,,,,,,,,,,,,0,0.0,-1,33,True,True,False,"A:1,B:1,ESTOP:0,MODE:1",,,,nan,nan,nan,-1,9998000100000000.0,0.003546053564474806,-0.011055657522982284,0.2795288078169228,0.9600671036658335,3.490658503988659e-05,0.0033684854563490563,-0.0012566370614359172,0.20593965,-0.0784532,9.855683249999998
1786685090.536389,33.036,0.0,-1.0,0,0,,,,,,,,,,,,,,,,,,,,,,,,,,,0,0.0,-1,9,True,True,False,"A:1,B:1,ESTOP:0,MODE:1",,,,nan,nan,nan,-1,9998000100000000.0,0.003529297231936507,-0.011060536219348742,0.27952861481672336,0.960067165409917,0.010873401239924673,-0.0015882496193148398,0.0007504915783575617,0.21574629999999997,-0.00980665,9.81645665
1786685090.586224,33.086,0.0,-1.0,0,0,,,,,,,,,,,,,,,,,,,,,,,,,,,0,0.0,-1,37,True,True,False,"A:1,B:1,ESTOP:0,MODE:1",,,,nan,nan,nan,-1,9998000100000000.0,0.003526761493759663,-0.011052188812808866,0.2795202624552624,0.9600697026532778,-0.0034557519189487725,0.0030892327760299633,-0.007173303225696694,0.18632634999999997,0.0392266,9.826263299999999
1786685090.636157,33.136,0.0,-1.0,0,0,,,,,,,,,,,,,,,,,,,,,,,,,,,0,0.0,-1,15,True,True,False,"A:1,B:1,ESTOP:0,MODE:1",,,,nan,nan,nan,-1,9998000100000000.0,0.0034823348438297887,-0.011056037359318708,0.2795114279049594,0.9600723926103047,-0.0018849555921538759,0.004118977034706617,-0.0030543261909900766,0.2353596,0.04903325,9.845876599999999
1786685090.686233,33.186,0.0,-1.0,0,0,,,,,,,,,,,,,,,,,,,,,,,,,,,0,0.0,-1,44,True,True,False,"A:1,B:1,ESTOP:0,MODE:1",,,,nan,nan,nan,-1,9998000100000000.0,0.0034932487368979576,-0.011061945903885272,0.27951987649080035,0.9600698251755699,-0.00012217304763960306,0.006667157742618339,-3.490658503988659e-05,0.1569064,-0.00980665,9.7674234
1786685090.736191,33.236,0.0,-1.0,0,0,,,,,,,,,,,,,,,,,,,,,,,,,,,0,0.0,-1,25,True,True,False,"A:1,B:1,ESTOP:0,MODE:1",,,,nan,nan,nan,-1,9998000100000000.0,0.003497037584603692,-0.011042658672670704,0.2795451594978839,0.9600626720266097,-0.007225663103256524,-0.00307177948351002,-0.0010297442586766543,0.20593965,0.0,9.826263299999999
1786685090.786232,33.286,0.0,-1.0,0,0,,,,,,,,,,,,,,,,,,,,,,,,,,,0,0.0,-1,53,True,True,False,"A:1,B:1,ESTOP:0,MODE:1",,,,nan,nan,nan,-1,9998000100000000.0,0.0034876962781739186,-0.011072641641640749,0.2795532663515238,0.9600600001322526,-0.008011061266653973,-0.0066322511575784525,0.001239183768915974,0.12748644999999997,0.0196133,9.7870367
1786685090.836161,33.336,0.0,-1.0,0,0,,,,,,,,,,,,,,,,,,,,,,,,,,,0,0.0,-1,39,True,True,False,"A:1,B:1,ESTOP:0,MODE:1",,,,nan,nan,nan,-1,9998000100000000.0,0.0034815642446116087,-0.011083520087823267,0.27953638718532775,0.960064811631094,0.00034906585039886593,-0.004991641660703782,-0.003682644721708035,0.18632634999999997,-0.00980665,9.77723005
1786685090.886276,33.386,0.0,-1.0,0,0,,,,,,,,,,,,,,,,,,,,,,,,,,,0,0.0,-1,74,True,True,False,"A:1,B:1,ESTOP:0,MODE:1",,,,nan,nan,nan,-1,9998000100000000.0,0.0034589660342725743,-0.011099186303508505,0.27954444854092153,0.9600623651134992,0.0010122909661567112,0.0021991148575128553,0.002617993877991494,0.17651969999999997,0.00980665,9.8654899
1786685090.936195,33.436,0.0,-1.0,0,0,,,,,,,,,,,,,,,,,,,,,,,,,,,0,0.0,-1,48,True,True,False,"A:1,B:1,ESTOP:0,MODE:1",,,,nan,nan,nan,-1,9998000100000000.0,0.003468335197637396,-0.011132819919344025,0.2795108295973186,0.9600717301896868,-0.0006632251157578452,0.0022165681500327986,-0.0004363323129985824,0.18632634999999997,-0.0,9.894909849999998
1786685090.986214,33.486,0.0,-1.0,0,0,,,,,,,,,,,,,,,,,,,,,,,,,,,0,0.0,-1,78,True,True,False,"A:1,B:1,ESTOP:0,MODE:1",,,,nan,nan,nan,-1,9998000100000000.0,0.003465604809602083,-0.011124532433271822,0.2794857214804501,0.9600791456176916,-0.0023387411976724015,-0.005986479334340551,-0.0038048177693476384,0.20593965,-0.0196133,9.81645665
1786685091.036275,33.536,0.0,-1.0,0,0,,,,,,,,,,,,,,,,,,,,,,,,,,,0,0.0,-1,52,True,True,False,"A:1,B:1,ESTOP:0,MODE:1",,,,nan,nan,nan,-1,9998000100000000.0,0.0034558490857534104,-0.01109101929256568,0.279485827659754,0.9600795376089893,-0.0042935099599060505,-0.0018675022996339325,-0.0032637657012293962,0.22555294999999997,0.04903325,9.855683249999998
1786685091.086257,33.586,0.0,-1.0,0,0,,,,,,,,,,,,,,,,,,,,,,,,,,,0,0.0,-1,76,True,True,False,"A:1,B:1,ESTOP:0,MODE:1",,,,nan,nan,nan,-1,9998000100000000.0,0.003470070032473828,-0.011077793337716035,0.27947766925190265,0.9600820139437363,0.0026529004630313807,0.007173303225696694,0.002076941809873252,0.1176798,-0.0,9.747810099999999
1786685091.136425,33.636,0.0,-1.0,0,0,,,,,,,,,,,,,,,,,,,,,,,,,,,0,0.0,-1,47,True,True,False,"A:1,B:1,ESTOP:0,MODE:1",,,,nan,nan,nan,-1,9998000100000000.0,0.003485764895495902,-0.01110048935979547,0.27947768703513853,0.9600816897684048,0.0033859387488689996,0.00153588974175501,-0.0018849555921538759,0.21574629999999997,-0.0588399,9.79684335
1786685091.186259,33.686,0.0,-1.0,0,0,,,,,,,,,,,,,,,,,,,,,,,,,,,0,0.0,-1,73,True,True,False,"A:1,B:1,ESTOP:0,MODE:1",,,,nan,nan,nan,-1,9998000100000000.0,0.003506022068199123,-0.011076416029889194,0.2794780297174953,0.9600817942875581,-0.0014486232791552935,0.00017453292519943296,-0.0020943951023931952,0.25497289999999995,-0.0,9.747810099999999
1786685091.236133,33.736,0.0,-1.0,0,0,,,,,,,,,,,,,,,,,,,,,,,,,,,0,0.0,-1,50,True,True,False,"A:1,B:1,ESTOP:0,MODE:1",,,,nan,nan,nan,-1,9998000100000000.0,0.0035032934530673785,-0.011068129439741656,0.27945292078863515,0.9600892086199009,0.010419615634406148,0.00301941960595019,-0.002076941809873252,0.22555294999999997,0.00980665,9.79684335
1786685091.286215,33.786,0.0,-1.0,0,0,,,,,,,,,,,,,,,,,,,,,,,,,,,0,0.0,-1,79,True,True,False,"A:1,B:1,ESTOP:0,MODE:1",,,,nan,nan,nan,-1,9998000100000000.0,0.0035259898968284433,-0.011052435000275147,0.2794532362647031,0.9600892145092539,-0.013631021458075715,-0.00481710873550435,-0.0002443460952792061,0.1176798,0.22555294999999997,9.8851032
1786685091.336214,33.836,0.0,-1.0,0,0,,,,,,,,,,,,,,,,,,,,,,,,,,,0,0.0,-1,53,True,True,False,"A:1,B:1,ESTOP:0,MODE:1",,,,nan,nan,nan,-1,9998000100000000.0,0.003477556349781303,-0.011012010533551874,0.27942787126168184,0.9600972382982923,-0.01642354826126664,0.017139133254584316,-0.0046251225177849735,0.26477955,0.06864655,9.6889702
1786685091.386273,33.886,0.0,-1.0,0,0,,,,,,,,,,,,,,,,,,,,,,,,,,,0,0.0,-1,75,True,True,False,"A:1,B:1,ESTOP:0,MODE:1",,,,nan,nan,nan,-1,9998000100000000.0,0.0035040668684147066,-0.011040647365454768,0.279427959987792,0.9600967872033497,-0.008988445647770798,0.0023911010752322315,-0.005393067388662479,0.25497289999999995,-0.04903325,10.0812362
1786685091.436137,33.936,0.0,-1.0,0,0,,,,,,,,,,,,,,,,,,,,,,,,,,,0,0.0,-1,46,True,True,False,"A:1,B:1,ESTOP:0,MODE:1",,,,nan,nan,nan,-1,9998000100000000.0,0.0034431723125934567,-0.011049278094935635,0.279444068245116,0.960092219914642,0.006335545184739416,-0.002897246558310587,0.006684611035138282,0.20593965,-0.0588399,9.738003449999999
1786685091.486299,33.986,0.0,-1.0,0,0,,,,,,,,,,,,,,,,,,,,,,,,,,,0,0.0,-1,76,True,True,False,"A:1,B:1,ESTOP:0,MODE:1",,,,nan,nan,nan,-1,9998000100000000.0,0.0034577794379781444,-0.011035931955141912,0.2794694223442986,0.9600849410035468,-0.01038470904936626,0.0005061454830783556,0.004118977034706617,0.26477955,-0.0392266,9.855683249999998
1786685091.536267,34.036,0.0,-1.0,0,0,,,,,,,,,,,,,,,,,,,,,,,,,,,0,0.0,-1,46,True,True,False,"A:1,B:1,ESTOP:0,MODE:1",,,,nan,nan,nan,-1,9998000100000000.0,0.003435083259371918,-0.011051626777565809,0.2794691068718936,0.9600849337703392,0.003420845333908886,0.0037000980142279784,-0.003682644721708035,0.28439285,0.1176798,9.80665
1786685091.586408,34.086,0.0,-1.0,0,0,,,,,,,,,,,,,,,,,,,,,,,,,,,0,0.0,-1,72,True,True,False,"A:1,B:1,ESTOP:0,MODE:1",,,,nan,nan,nan,-1,9998000100000000.0,0.003418423101729379,-0.011056474601006647,0.27947729225352996,0.9600825547147129,0.0032812189937493396,0.0012740903539558606,0.014852751934471744,0.25497289999999995,-0.08825984999999999,9.77723005
1786685091.636128,34.136,0.0,-1.0,0,0,,,,,,,,,,,,,,,,,,,,,,,,,,,0,0.0,-1,49,True,True,False,"A:1,B:1,ESTOP:0,MODE:1",,,,nan,nan,nan,-1,9998000100000000.0,0.0034435580030611284,-0.011049157898816917,0.2794775816155827,0.9600824648915903,0.0048345620280242935,0.0009075712110370514,-0.0009250245035569946,0.2745862,-0.00980665,9.836069949999999
1786685091.686232,34.186,0.0,-1.0,0,0,,,,,,,,,,,,,,,,,,,,,,,,,,,0,0.0,-1,75,True,True,False,"A:1,B:1,ESTOP:0,MODE:1",,,,nan,nan,nan,-1,9998000100000000.0,0.003436530029886072,-0.011023932993567201,0.27950279551679175,0.9600754399842782,0.00047123889803846896,0.0076445421237351634,-0.001239183768915974,0.28439285,-0.02941995,9.80665
1786685091.736211,34.236,0.0,-1.0,0,0,,,,,,,,,,,,,,,,,,,,,,,,,,,0,0.0,-1,46,True,True,False,"A:1,B:1,ESTOP:0,MODE:1",,,,nan,nan,nan,-1,9998000100000000.0,0.003449979079201085,-0.011038190160159765,0.27951959557540534,0.960070336846058,0.0004014257279586958,0.008866272600131194,-0.0016929693744344998,0.1569064,0.0588399,9.8654899
1786685091.786170,34.286,0.0,-1.0,0,0,,,,,,,,,,,,,,,,,,,,,,,,,,,0,0.0,-1,70,True,True,False,"A:1,B:1,ESTOP:0,MODE:1",,,,nan,nan,nan,-1,9998000100000000.0,0.0034749211350878035,-0.01103093300097308,0.2795031280293391,0.9600751245928872,-0.002129301687433082,-0.00153588974175501,-0.005532693728822024,0.14709974999999997,-0.0196133,9.7674234
1786685091.836125,34.336,0.0,-1.0,0,0,,,,,,,,,,,,,,,,,,,,,,,,,,,0,0.0,-1,44,True,True,False,"A:1,B:1,ESTOP:0,MODE:1",,,,nan,nan,nan,-1,9998000100000000.0,0.0034857384458584478,-0.011036872125704183,0.27950319826042036,0.9600749966764909,0.004345869837465881,0.0042935099599060505,0.000593411945678072,0.2353596,-0.0196133,9.8654899
1786685091.886245,34.386,0.0,-1.0,0,0,,,,,,,,,,,,,,,,,,,,,,,,,,,0,0.0,-1,77,True,True,False,"A:1,B:1,ESTOP:0,MODE:1",,,,nan,nan,nan,-1,9998000100000000.0,0.0034663503297611116,-0.011033432626386655,0.27948627524055697,0.9600800329826832,0.008080874436733746,-0.006003932626860493,0.006213372137099813,0.17651969999999997,-0.04903325,9.79684335
1786685091.936193,34.436,0.0,-1.0,0,0,,,,,,,,,,,,,,,,,,,,,,,,,,,0,0.0,-1,52,True,True,False,"A:1,B:1,ESTOP:0,MODE:1",,,,nan,nan,nan,-1,9998000100000000.0,0.0034795100573137153,-0.011047780596979811,0.2794779410205148,0.9600822464958799,-0.009354964790689606,-0.005532693728822024,0.004572762640225144,0.21574629999999997,-0.04903325,9.836069949999999
1786685091.986162,34.486,0.0,-1.0,0,0,,,,,,,,,,,,,,,,,,,,,,,,,,,0,0.0,-1,74,True,True,False,"A:1,B:1,ESTOP:0,MODE:1",,,,nan,nan,nan,-1,9998000100000000.0,0.0035096191492629807,-0.011057189875586848,0.2794865565884547,0.9600795205668177,-0.007766715171374766,-0.003665191429188092,0.0029321531433504737,0.26477955,0.0392266,9.7870367
1786685092.036148,34.536,0.0,-1.0,0,0,,,,,,,,,,,,,,,,,,,,,,,,,,,0,0.0,-1,41,True,True,False,"A:1,B:1,ESTOP:0,MODE:1",,,,nan,nan,nan,-1,9998000100000000.0,0.0035000826278357997,-0.011087233244247461,0.2794779069004161,0.9600817268520158,0.0007504915783575617,-0.004468042885105484,-0.005480333851262195,0.20593965,0.00980665,9.7870367
1786685092.086273,34.586,0.0,-1.0,0,0,,,,,,,,,,,,,,,,,,,,,,,,,,,0,0.0,-1,66,True,True,False,"A:1,B:1,ESTOP:0,MODE:1",,,,nan,nan,nan,-1,9998000100000000.0,0.0035099350877332578,-0.011120715841768318,0.2794861803812315,0.9600788952011997,-0.0014311699866353504,-1.7453292519943296e-05,-0.007243116395776467,0.16671305,0.0392266,9.7870367
1786685092.136185,34.636,0.0,-1.0,0,0,,,,,,,,,,,,,,,,,,,,,,,,,,,0,0.0,-1,38,True,True,False,"A:1,B:1,ESTOP:0,MODE:1",,,,nan,nan,nan,-1,9998000100000000.0,0.0035324371500738243,-0.011105082276319567,0.27946974085776005,0.960083779146546,-0.005235987755982988,0.0011344640137963143,-0.0020420352248333657,0.2353596,-0.06864655,9.826263299999999
1786685092.186150,34.686,0.0,-1.0,0,0,,,,,,,,,,,,,,,,,,,,,,,,,,,0,0.0,-1,70,True,True,False,"A:1,B:1,ESTOP:0,MODE:1",,,,nan,nan,nan,-1,9998000100000000.0,0.0035577657754325255,-0.01109770367877174,0.279486788071216,0.960078808520103,-0.0018151424220741027,-0.005358160803622592,-0.0012566370614359172,0.22555294999999997,0.0588399,9.757616749999999
1786685092.236148,34.736,0.0,-1.0,0,0,,,,,,,,,,,,,,,,,,,,,,,,,,,0,0.0,-1,45,True,True,False,"A:1,B:1,ESTOP:0,MODE:1",,,,nan,nan,nan,-1,9998000100000000.0,0.0035579594663592423,-0.011097641582354672,0.27950354456493426,0.9600739304092073,-0.0032812189937493396,-0.004276056667386108,0.00757472895365539,0.24516625,0.0588399,9.8851032
1786685092.286189,34.786,0.0,-1.0,0,0,,,,,,,,,,,,,,,,,,,,,,,,,,,0,0.0,-1,68,True,True,False,"A:1,B:1,ESTOP:0,MODE:1",,,,nan,nan,nan,-1,9998000100000000.0,0.0035941050959215977,-0.011096200577972394,0.27952066267705966,0.9600688287189989,0.000593411945678072,-0.0022689280275926286,-0.0015009831567151233,0.26477955,-0.00980665,9.80665
1786685092.336194,34.836,0.0,-1.0,0,0,,,,,,,,,,,,,,,,,,,,,,,,,,,0,0.0,-1,35,True,True,False,"A:1,B:1,ESTOP:0,MODE:1",,,,nan,nan,nan,-1,9998000100000000.0,0.003589323362129463,-0.011079412852133212,0.2795290918374203,0.9600665863288864,-0.009930923443847734,-0.0040666171571467884,0.0005410520681182421,0.1569064,-0.04903325,9.894909849999998
1786685092.386136,34.886,0.0,-1.0,0,0,,,,,,,,,,,,,,,,,,,,,,,,,,,0,0.0,-1,67,True,True,False,"A:1,B:1,ESTOP:0,MODE:1",,,,nan,nan,nan,-1,9998000100000000.0,0.0035868840785830787,-0.011071034670400833,0.27952911730046465,0.9600666846814113,-0.00034906585039886593,0.004118977034706617,-0.0033161255787892262,0.22555294999999997,0.0392266,9.77723005
1786685092.436120,34.936,0.0,-1.0,0,0,,,,,,,,,,,,,,,,,,,,,,,,,,,0,0.0,-1,40,True,True,False,"A:1,B:1,ESTOP:0,MODE:1",,,,nan,nan,nan,-1,9998000100000000.0,0.0036047970494824445,-0.011038550601820058,0.27953786080051896,0.9600644458670016,-0.0002617993877991494,-0.005672320068981571,0.000890117918517108,0.17651969999999997,-0.0392266,9.845876599999999
1786685092.486365,34.986,0.0,-1.0,0,0,,,,,,,,,,,,,,,,,,,,,,,,,,,0,0.0,-1,72,True,True,False,"A:1,B:1,ESTOP:0,MODE:1",,,,nan,nan,nan,-1,9998000100000000.0,0.0035856014064271032,-0.011035051292158454,0.2795376934045276,0.9600646067174906,-0.0023212879051524586,0.005881759579220891,0.0049741883681838385,0.2353596,0.0196133,9.7870367
1786685092.536267,35.036,0.0,-1.0,0,0,,,,,,,,,,,,,,,,,,,,,,,,,,,0,0.0,-1,45,True,True,False,"A:1,B:1,ESTOP:0,MODE:1",,,,nan,nan,nan,-1,9998000100000000.0,0.003546053564474806,-0.011055657522982284,0.2795288078169228,0.9600671036658335,-0.004084070449666731,0.0050789081233034985,-0.002129301687433082,0.2353596,0.00980665,9.7674234
1786685092.586237,35.086,0.0,-1.0,0,0,,,,,,,,,,,,,,,,,,,,,,,,,,,0,0.0,-1,80,True,True,False,"A:1,B:1,ESTOP:0,MODE:1",,,,nan,nan,nan,-1,9998000100000000.0,0.0035590876803191698,-0.011006417480841427,0.279537602358549,0.9600650605749358,0.007958701389094143,0.0006108652381980154,-0.0046251225177849735,0.2353596,-0.02941995,9.7870367
1786685092.636156,35.136,0.0,-1.0,0,0,,,,,,,,,,,,,,,,,,,,,,,,,,,0,0.0,-1,49,True,True,False,"A:1,B:1,ESTOP:0,MODE:1",,,,nan,nan,nan,-1,9998000100000000.0,0.0035745914091853607,-0.01102917494371981,0.2795208661191072,0.960069614663615,0.0019373154697137059,0.0015707963267948964,0.005934119456780721,0.1569064,0.00980665,9.80665
1786685092.686284,35.186,0.0,-1.0,0,0,,,,,,,,,,,,,,,,,,,,,,,,,,,0,0.0,-1,76,True,True,False,"A:1,B:1,ESTOP:0,MODE:1",,,,nan,nan,nan,-1,9998000100000000.0,0.003552956604991729,-0.011017297085392945,0.27952072452121646,0.9600698725756523,0.0008203047484373349,-0.004363323129985824,0.014486232791552934,0.21574629999999997,0.0784532,9.757616749999999
1786685092.736317,35.236,0.0,-1.0,0,0,,,,,,,,,,,,,,,,,,,,,,,,,,,0,0.0,-1,46,True,True,False,"A:1,B:1,ESTOP:0,MODE:1",,,,nan,nan,nan,-1,9998000100000000.0,0.0035337610081016737,-0.011013797431827246,0.2795205577748812,0.9600700321229112,-0.0030019663134302466,-0.0030368728984701333,0.00034906585039886593,0.21574629999999997,-0.0392266,9.8654899
1786685092.786299,35.286,0.0,-1.0,0,0,,,,,,,,,,,,,,,,,,,,,,,,,,,0,0.0,-1,73,True,True,False,"A:1,B:1,ESTOP:0,MODE:1",,,,nan,nan,nan,-1,9998000100000000.0,0.0035253828164120878,-0.01101623670843793,0.2795204616507237,0.9600700629242368,-0.004328416544945937,0.004677482395344803,-0.003612831551628262,0.24516625,0.00980665,9.81645665
1786685092.836166,35.336,0.0,-1.0,0,0,,,,,,,,,,,,,,,,,,,,,,,,,,,0,0.0,-1,48,True,True,False,"A:1,B:1,ESTOP:0,MODE:1",,,,nan,nan,nan,-1,9998000100000000.0,0.003498994827918832,-0.011051189497832061,0.2795032426043761,0.9600747708483526,0.003543018381548489,0.0008028514559173916,0.0017976891295541594,0.24516625,-0.02941995,9.855683249999998
1786685092.886224,35.386,0.0,-1.0,0,0,,,,,,,,,,,,,,,,,,,,,,,,,,,0,0.0,-1,75,True,True,False,"A:1,B:1,ESTOP:0,MODE:1",,,,nan,nan,nan,-1,9998000100000000.0,0.0034918011096047577,-0.011089641677365427,0.27948618841864703,0.9600793184188977,8.726646259971648e-05,-0.008203047484373348,-0.0028448866807507574,0.2745862,-0.04903325,9.7870367
1786685092.936206,35.436,0.0,-1.0,0,0,,,,,,,,,,,,,,,,,,,,,,,,,,,0,0.0,-1,47,True,True,False,"A:1,B:1,ESTOP:0,MODE:1",,,,nan,nan,nan,-1,9998000100000000.0,0.0034557522982197946,-0.011091049450115865,0.27947744937460595,0.9600819765463848,0.0009599310885968813,0.004433136300065597,0.002897246558310587,0.2353596,-0.0,9.81645665
1786685092.986377,35.486,0.0,-1.0,0,0,,,,,,,,,,,,,,,,,,,,,,,,,,,0,0.0,-1,73,True,True,False,"A:1,B:1,ESTOP:0,MODE:1",,,,nan,nan,nan,-1,9998000100000000.0,0.0034716411361736736,-0.011113684880322269,0.27949422331434054,0.9600767744561454,0.004049163864626845,-0.00312413936106985,-0.0011344640137963143,0.17651969999999997,0.0588399,9.7674234
1786685093.036549,35.537,0.0,-1.0,0,0,,,,,,,,,,,,,,,,,,,,,,,,,,,0,0.0,-1,43,True,True,False,"A:1,B:1,ESTOP:0,MODE:1",,,,nan,nan,nan,-1,9998000100000000.0,0.0034680437399049135,-0.011132910716332,0.2794856948824139,0.9600790474370817,0.002356194490192345,0.007016223593017205,-0.005340707511102648,0.2353596,-0.0392266,9.77723005
1786685093.086250,35.586,0.0,-1.0,0,0,,,,,,,,,,,,,,,,,,,,,,,,,,,0,0.0,-1,70,True,True,False,"A:1,B:1,ESTOP:0,MODE:1",,,,nan,nan,nan,-1,9998000100000000.0,0.0034871420245039014,-0.011136441483203311,0.2794774843932185,0.9600813274034812,0.001361356816555577,0.0013264502315156904,-0.003909537524467298,0.196133,0.02941995,9.8654899
1786685093.136239,35.636,0.0,-1.0,0,0,,,,,,,,,,,,,,,,,,,,,,,,,,,0,0.0,-1,70,True,True,False,"A:1,B:1,ESTOP:0,MODE:1",,,,nan,nan,nan,-1,9998000100000000.0,0.0034753605292280206,-0.011158045560423059,0.27948561496060137,0.9600787524565668,-0.004328416544945937,0.0018151424220741027,-0.004921828490624009,0.20593965,0.0392266,9.7870367
1786685093.186237,35.686,0.0,-1.0,0,0,,,,,,,,,,,,,,,,,,,,,,,,,,,0,0.0,-1,70,True,True,False,"A:1,B:1,ESTOP:0,MODE:1",,,,nan,nan,nan,-1,9998000100000000.0,0.003466982261441392,-0.01116048453209467,0.27948551757764273,0.9600787827482516,0.0007504915783575617,-0.004031710572106902,0.003351032163829113,0.196133,0.02941995,9.826263299999999
1786685093.236061,35.736,0.0,-1.0,0,0,,,,,,,,,,,,,,,,,,,,,,,,,,,0,0.0,-1,41,True,True,False,"A:1,B:1,ESTOP:0,MODE:1",,,,nan,nan,nan,-1,9998000100000000.0,0.0034644460104545994,-0.011152136485232321,0.27947716603322614,0.9600813200618433,-0.0022514747350726853,0.008185594191853406,0.006824237375297829,0.20593965,0.0196133,9.77723005
1786685093.286451,35.786,0.0,-1.0,0,0,,,,,,,,,,,,,,,,,,,,,,,,,,,0,0.0,-1,66,True,True,False,"A:1,B:1,ESTOP:0,MODE:1",,,,nan,nan,nan,-1,9998000100000000.0,0.0034717625814248997,-0.011177271387377452,0.27947708576694386,0.9600810247057939,0.003159045946109736,-0.01595230936322817,0.008220500776893291,0.22555294999999997,-0.0,9.836069949999999
1786685093.336212,35.836,0.0,-1.0,0,0,,,,,,,,,,,,,,,,,,,,,,,,,,,0,0.0,-1,38,True,True,False,"A:1,B:1,ESTOP:0,MODE:1",,,,nan,nan,nan,-1,9998000100000000.0,0.003476640294083461,-0.011194027984552617,0.27947703214967196,0.960080827436189,-5.235987755982989e-05,0.0023212879051524586,0.004101523742186674,0.22555294999999997,-0.0,9.80665
1786685093.386253,35.886,0.0,-1.0,0,0,,,,,,,,,,,,,,,,,,,,,,,,,,,0,0.0,-1,38,True,True,False,"A:1,B:1,ESTOP:0,MODE:1",,,,nan,nan,nan,-1,9998000100000000.0,0.0034851162446193373,-0.011191558673978554,0.27948550810020784,0.9600783581256151,-0.0075223690760955605,0.007347836150896127,-0.0020420352248333657,0.30400615,0.0392266,9.855683249999998
1786685093.436126,35.936,0.0,-1.0,0,0,,,,,,,,,,,,,,,,,,,,,,,,,,,0,0.0,-1,40,True,True,False,"A:1,B:1,ESTOP:0,MODE:1",,,,nan,nan,nan,-1,9998000100000000.0,0.0034801408687761166,-0.011174832489286628,0.2794771832963957,0.9600809943723928,0.0032812189937493396,0.0006457718232379018,-0.003159045946109736,0.17651969999999997,-0.0196133,9.81645665
1786685093.486262,35.986,0.0,-1.0,0,0,,,,,,,,,,,,,,,,,,,,,,,,,,,0,0.0,-1,67,True,True,False,"A:1,B:1,ESTOP:0,MODE:1",,,,nan,nan,nan,-1,9998000100000000.0,0.0034624203815578447,-0.01120725385919046,0.27948518802245753,0.9600783503350592,-0.0023038346126325153,0.0021118483949131386,-0.0035081117965086025,0.2353596,0.0784532,9.836069949999999
1786685093.536275,36.036,0.0,-1.0,0,0,,,,,,,,,,,,,,,,,,,,,,,,,,,0,0.0,-1,37,True,True,False,"A:1,B:1,ESTOP:0,MODE:1",,,,nan,nan,nan,-1,9998000100000000.0,0.00344342046211201,-0.011203693421822836,0.279501775998785,0.960073631198543,-0.004782202150464463,0.0065100781099388496,-0.005445427266222308,0.24516625,0.00980665,9.826263299999999
1786685093.586547,36.087,0.0,-1.0,0,0,,,,,,,,,,,,,,,,,,,,,,,,,,,0,0.0,-1,66,True,True,False,"A:1,B:1,ESTOP:0,MODE:1",,,,nan,nan,nan,-1,9998000100000000.0,0.003459883722030756,-0.011198905777242134,0.27947683673446033,0.9600808879687805,-0.0024434609527920616,-0.00301941960595019,-0.01054178868204575,0.21574629999999997,-0.0,9.826263299999999
1786685093.636271,36.136,0.0,-1.0,0,0,,,,,,,,,,,,,,,,,,,,,,,,,,,0,0.0,-1,66,True,True,False,"A:1,B:1,ESTOP:0,MODE:1",,,,nan,nan,nan,-1,9998000100000000.0,0.0034552987527268746,-0.011182058725327551,0.2795020254124449,0.9600737681363519,0.0044156830075456534,-5.235987755982989e-05,-0.004991641660703782,0.18632634999999997,0.00980665,9.855683249999998
1786685093.686257,36.186,0.0,-1.0,0,0,,,,,,,,,,,,,,,,,,,,,,,,,,,0,0.0,-1,66,True,True,False,"A:1,B:1,ESTOP:0,MODE:1",,,,nan,nan,nan,-1,9998000100000000.0,0.0034219811874995594,-0.011191755456597889,0.2795183913225183,0.9600690097940999,-0.0028797932657906437,-0.000890117918517108,-0.008395033702092726,0.17651969999999997,-0.02941995,9.7281968
1786685093.736180,36.236,0.0,-1.0,0,0,,,,,,,,,,,,,,,,,,,,,,,,,,,0,0.0,-1,40,True,True,False,"A:1,B:1,ESTOP:0,MODE:1",,,,nan,nan,nan,-1,9998000100000000.0,0.003411163776425865,-0.011185816522506007,0.2795183209381886,0.9600691379949213,0.00471238898038469,-0.004084070449666731,0.00767944870877505,0.196133,0.0784532,9.826263299999999
1786685093.786258,36.286,0.0,-1.0,0,0,,,,,,,,,,,,,,,,,,,,,,,,,,,0,0.0,-1,68,True,True,False,"A:1,B:1,ESTOP:0,MODE:1",,,,nan,nan,nan,-1,9998000100000000.0,0.003393249017888461,-0.011218298473970729,0.2795095672055166,0.960071371035006,0.0019024088846738192,-0.0028797932657906437,0.0008028514559173916,0.21574629999999997,0.0392266,9.836069949999999
1786685093.836122,36.336,0.0,-1.0,0,0,,,,,,,,,,,,,,,,,,,,,,,,,,,0,0.0,-1,38,True,True,False,"A:1,B:1,ESTOP:0,MODE:1",,,,nan,nan,nan,-1,9998000100000000.0,0.00340766405062088,-0.011205012161840265,0.279518168559759,0.9600689709459261,-0.007016223593017205,-0.004328416544945937,-0.005131268000863329,0.18632634999999997,-0.0196133,9.875296549999998
1786685093.886147,36.386,0.0,-1.0,0,0,,,,,,,,,,,,,,,,,,,,,,,,,,,0,0.0,-1,38,True,True,False,"A:1,B:1,ESTOP:0,MODE:1",,,,nan,nan,nan,-1,9998000100000000.0,0.0033776510393448804,-0.011195573545729271,0.2795179303092407,0.9600692564820922,0.0011693705988362008,0.005340707511102648,-0.0027576202181510408,0.3138128,-0.02941995,9.7674234
1786685093.936155,36.436,0.0,-1.0,0,0,,,,,,,,,,,,,,,,,,,,,,,,,,,0,0.0,-1,40,True,True,False,"A:1,B:1,ESTOP:0,MODE:1",,,,nan,nan,nan,-1,9998000100000000.0,0.0033608946692584986,-0.011200452052226096,0.2795177348670477,0.9600693152869968,0.0023911010752322315,0.006265732014659643,0.0016057029118347831,0.24516625,-0.06864655,9.81645665
1786685093.986225,36.486,0.0,-1.0,0,0,,,,,,,,,,,,,,,,,,,,,,,,,,,0,0.0,-1,67,True,True,False,"A:1,B:1,ESTOP:0,MODE:1",,,,nan,nan,nan,-1,9998000100000000.0,0.003369272854429982,-0.011198012799404073,0.2795178325987875,0.9600692859211012,-0.00022689280275926284,0.004276056667386108,0.0,0.22555294999999997,0.00980665,9.757616749999999
1786685094.036195,36.536,0.0,-1.0,0,0,,,,,,,,,,,,,,,,,,,,,,,,,,,0,0.0,-1,39,True,True,False,"A:1,B:1,ESTOP:0,MODE:1",,,,nan,nan,nan,-1,9998000100000000.0,0.003369566016564862,-0.011197924588209522,0.2795429670581252,0.9600619678323462,0.0021642082724729686,-0.0022514747350726853,-0.0038746309394274117,0.21574629999999997,-0.00980665,9.81645665
1786685094.086318,36.586,0.0,-1.0,0,0,,,,,,,,,,,,,,,,,,,,,,,,,,,0,0.0,-1,39,True,True,False,"A:1,B:1,ESTOP:0,MODE:1",,,,nan,nan,nan,-1,9998000100000000.0,0.0033670289170266293,-0.011189575843923872,0.2795346165650995,0.9600645054633089,-0.009128071987930343,0.0025132741228718345,-0.0038222710618675817,0.20593965,-0.04903325,9.836069949999999
1786685094.136202,36.636,0.0,-1.0,0,0,,,,,,,,,,,,,,,,,,,,,,,,,,,0,0.0,-1,38,True,True,False,"A:1,B:1,ESTOP:0,MODE:1",,,,nan,nan,nan,-1,9998000100000000.0,0.003398297090253359,-0.011171380777791366,0.27955179055346474,0.960059606600942,0.0017278759594743863,0.0009250245035569946,0.0035953782591083188,0.17651969999999997,0.0,9.845876599999999
1786685094.186290,36.686,0.0,-1.0,0,0,,,,,,,,,,,,,,,,,,,,,,,,,,,0,0.0,-1,66,True,True,False,"A:1,B:1,ESTOP:0,MODE:1",,,,nan,nan,nan,-1,9998000100000000.0,0.003392456095505646,-0.011182168830480744,0.27956004374357846,0.9600570984498656,0.0025656340004316645,0.005026548245743669,-0.0022689280275926286,0.26477955,0.0588399,9.747810099999999
1786685094.236156,36.736,0.0,-1.0,0,0,,,,,,,,,,,,,,,,,,,,,,,,,,,0,0.0,-1,40,True,True,False,"A:1,B:1,ESTOP:0,MODE:1",,,,nan,nan,nan,-1,9998000100000000.0,0.0033722010548702603,-0.011206243860634138,0.2795596955952496,0.9600569904736244,-0.0020594885173533086,0.0041887902047863905,-0.0025830872929516074,0.196133,0.08825984999999999,9.7674234
1786685094.286244,36.786,0.0,-1.0,0,0,,,,,,,,,,,,,,,,,,,,,,,,,,,0,0.0,-1,66,True,True,False,"A:1,B:1,ESTOP:0,MODE:1",,,,nan,nan,nan,-1,9998000100000000.0,0.003348223714501642,-0.011185959624172015,0.2795679613997859,0.9600549039841482,-0.007330382858376184,-0.008115781021773632,0.009459684545809267,0.22555294999999997,0.04903325,9.80665
1786685094.336189,36.836,0.0,-1.0,0,0,,,,,,,,,,,,,,,,,,,,,,,,,,,0,0.0,-1,66,True,True,False,"A:1,B:1,ESTOP:0,MODE:1",,,,nan,nan,nan,-1,9998000100000000.0,0.0033374059802240043,-0.01118002124975818,0.2795678915922116,0.9600550311502271,-0.0010471975511965976,-0.001308996938995747,-0.0013264502315156904,0.2745862,0.0588399,9.7281968
1786685094.386253,36.886,0.0,-1.0,0,0,,,,,,,,,,,,,,,,,,,,,,,,,,,0,0.0,-1,66,True,True,False,"A:1,B:1,ESTOP:0,MODE:1",,,,nan,nan,nan,-1,9998000100000000.0,0.003321514158932409,-0.011157384714029972,0.27955112139651883,0.9600602329208224,0.005131268000863329,-0.0010122909661567112,-0.0057421332390613445,0.2353596,-0.02941995,9.826263299999999
1786685094.436191,36.936,0.0,-1.0,0,0,,,,,,,,,,,,,,,,,,,,,,,,,,,0,0.0,-1,36,True,True,False,"A:1,B:1,ESTOP:0,MODE:1",,,,nan,nan,nan,-1,9998000100000000.0,0.0033408072957611563,-0.011160854581282225,0.2795596665007823,0.9600576374351696,0.0019198621771937625,0.0038746309394274117,0.00013962634015954637,0.24516625,-0.00980665,9.7870367
1786685094.486185,36.986,0.0,-1.0,0,0,,,,,,,,,,,,,,,,,,,,,,,,,,,0,0.0,-1,64,True,True,False,"A:1,B:1,ESTOP:0,MODE:1",,,,nan,nan,nan,-1,9998000100000000.0,0.003336025343166199,-0.011144069290990799,0.2795680999162383,0.9600553932788314,0.00937241808320955,-0.0003839724354387525,0.004136430327226561,0.2353596,0.00980665,9.8654899
1786685094.536219,37.036,0.0,-1.0,0,0,,,,,,,,,,,,,,,,,,,,,,,,,,,0,0.0,-1,38,True,True,False,"A:1,B:1,ESTOP:0,MODE:1",,,,nan,nan,nan,-1,9998000100000000.0,0.00329763372878724,-0.011137071914575053,0.27956776658696164,0.9600557041789495,-0.0033161255787892262,-0.004206243497306334,0.0035779249665883754,0.17651969999999997,0.02941995,9.845876599999999
1786685094.586269,37.086,0.0,-1.0,0,0,,,,,,,,,,,,,,,,,,,,,,,,,,,0,0.0,-1,38,True,True,False,"A:1,B:1,ESTOP:0,MODE:1",,,,nan,nan,nan,-1,9998000100000000.0,0.0033042437318179124,-0.011098795594826813,0.2795345593194941,0.9600657940244312,0.0044156830075456534,-0.0005410520681182421,0.0045553093477052,0.20593965,0.0588399,9.77723005
1786685094.636169,37.136,0.0,-1.0,0,0,,,,,,,,,,,,,,,,,,,,,,,,,,,0,0.0,-1,38,True,True,False,"A:1,B:1,ESTOP:0,MODE:1",,,,nan,nan,nan,-1,9998000100000000.0,0.003309122502652988,-0.011115551910165925,0.27953450394660884,0.9600655994864716,-0.004049163864626845,0.006352998477259359,0.0023038346126325153,0.20593965,-0.06864655,9.77723005
1786685094.686321,37.186,0.0,-1.0,0,0,,,,,,,,,,,,,,,,,,,,,,,,,,,0,0.0,-1,67,True,True,False,"A:1,B:1,ESTOP:0,MODE:1",,,,nan,nan,nan,-1,9998000100000000.0,0.003329378194394945,-0.011091477393374297,0.2795348497894883,0.9600657071905231,-0.0019896753472735357,-0.003351032163829113,0.0015533430342749533,0.25497289999999995,0.02941995,9.79684335
1786685094.736253,37.236,0.0,-1.0,0,0,,,,,,,,,,,,,,,,,,,,,,,,,,,0,0.0,-1,37,True,True,False,"A:1,B:1,ESTOP:0,MODE:1",,,,nan,nan,nan,-1,9998000100000000.0,0.0033160246054173615,-0.01107718941321649,0.2795264298163201,0.9600683699037595,0.0003665191429188092,0.0034557519189487725,0.0020943951023931952,0.1569064,-0.02941995,9.8654899
1786685094.786270,37.286,0.0,-1.0,0,0,,,,,,,,,,,,,,,,,,,,,,,,,,,0,0.0,-1,65,True,True,False,"A:1,B:1,ESTOP:0,MODE:1",,,,nan,nan,nan,-1,9998000100000000.0,0.0033184639166557077,-0.01108556759476712,0.27952640233017095,0.9600682727747475,0.011205013797803596,-0.0028623399732707008,-0.0002617993877991494,0.26477955,-0.02941995,9.77723005
1786685094.836125,37.336,0.0,-1.0,0,0,,,,,,,,,,,,,,,,,,,,,,,,,,,0,0.0,-1,65,True,True,False,"A:1,B:1,ESTOP:0,MODE:1",,,,nan,nan,nan,-1,9998000100000000.0,0.0033376595778420435,-0.011089067118197262,0.2795265684060412,0.9600681174657,0.0010821041362364843,0.0026005405854715507,-0.0063006385996995295,0.24516625,0.0588399,9.79684335
1786685094.886236,37.386,0.0,-1.0,0,0,,,,,,,,,,,,,,,,,,,,,,,,,,,0,0.0,-1,64,True,True,False,"A:1,B:1,ESTOP:0,MODE:1",,,,nan,nan,nan,-1,9998000100000000.0,0.0033492475657459784,-0.011067519780265583,0.27950168168898465,0.9600755712336849,0.0024434609527920616,-0.008168140899333463,0.00017453292519943296,0.24516625,-0.04903325,9.836069949999999
1786685094.936202,37.436,0.0,-1.0,0,0,,,,,,,,,,,,,,,,,,,,,,,,,,,0,0.0,-1,36,True,True,False,"A:1,B:1,ESTOP:0,MODE:1",,,,nan,nan,nan,-1,9998000100000000.0,0.0033408693257255583,-0.0110699588921493,0.2795015850960119,0.9600756004248268,-0.006073745796940267,-0.006178465552059927,-0.002234021442552742,0.28439285,-0.0196133,9.826263299999999
1786685094.986617,37.487,0.0,-1.0,0,0,,,,,,,,,,,,,,,,,,,,,,,,,,,0,0.0,-1,65,True,True,False,"A:1,B:1,ESTOP:0,MODE:1",,,,nan,nan,nan,-1,9998000100000000.0,0.003352747629430781,-0.011048324171811699,0.2795018324328889,0.9600757362224009,-0.0007155849933176752,0.0021467549799530253,-0.006649704450098395,0.16671305,0.0196133,9.738003449999999
1786685095.036174,37.536,0.0,-1.0,0,0,,,,,,,,,,,,,,,,,,,,,,,,,,,0,0.0,-1,35,True,True,False,"A:1,B:1,ESTOP:0,MODE:1",,,,nan,nan,nan,-1,9998000100000000.0,0.00335595895216617,-0.011029216420785744,0.2794768479538194,0.9600832179464719,0.0023911010752322315,-0.008237954069413234,-0.0008203047484373349,0.16671305,0.0392266,9.826263299999999
1786685095.086272,37.586,0.0,-1.0,0,0,,,,,,,,,,,,,,,,,,,,,,,,,,,0,0.0,-1,64,True,True,False,"A:1,B:1,ESTOP:0,MODE:1",,,,nan,nan,nan,-1,9998000100000000.0,0.00335595895216617,-0.011029216420785744,0.2794768479538194,0.9600832179464719,0.0027401669256310974,-0.005497787143782138,0.0041887902047863905,0.196133,-0.02941995,9.747810099999999
1786685095.136200,37.636,0.0,-1.0,0,0,,,,,,,,,,,,,,,,,,,,,,,,,,,0,0.0,-1,38,True,True,False,"A:1,B:1,ESTOP:0,MODE:1",,,,nan,nan,nan,-1,9998000100000000.0,0.003341641208591072,-0.01104247252386845,0.27947662831164033,0.9600831794496505,0.008499753457212385,0.005689773361501515,0.00986111027376796,0.1372931,-0.0392266,9.77723005
1786685095.186239,37.686,0.0,-1.0,0,0,,,,,,,,,,,,,,,,,,,,,,,,,,,0,0.0,-1,65,True,True,False,"A:1,B:1,ESTOP:0,MODE:1",,,,nan,nan,nan,-1,9998000100000000.0,0.0033418339355852033,-0.011042414199545077,0.2794933848816472,0.9600783015160753,0.0005759586531581288,0.010716321607245184,0.005654866776461628,0.08825984999999999,0.00980665,9.81645665
1786685095.236154,37.736,0.0,-1.0,0,0,,,,,,,,,,,,,,,,,,,,,,,,,,,0,0.0,-1,37,True,True,False,"A:1,B:1,ESTOP:0,MODE:1",,,,nan,nan,nan,-1,9998000100000000.0,0.003323891784828005,-0.011011282139693795,0.27951015358529896,0.9600738395830632,0.0015009831567151233,0.001780235837034216,0.003159045946109736,0.28439285,-0.0196133,9.836069949999999
1786685095.286166,37.786,0.0,-1.0,0,0,,,,,,,,,,,,,,,,,,,,,,,,,,,0,0.0,-1,66,True,True,False,"A:1,B:1,ESTOP:0,MODE:1",,,,nan,nan,nan,-1,9998000100000000.0,0.0033273916819202207,-0.010992086488595428,0.2795103036883569,0.9600740037264133,0.0013962634015954637,0.0038048177693476384,-0.003996803987067015,0.22555294999999997,0.04903325,9.80665
1786685095.336184,37.836,0.0,-1.0,0,0,,,,,,,,,,,,,,,,,,,,,,,,,,,0,0.0,-1,35,True,True,False,"A:1,B:1,ESTOP:0,MODE:1",,,,nan,nan,nan,-1,9998000100000000.0,0.0032950352697686965,-0.010974240592462433,0.2795184755708551,0.9600719403255856,-0.0029845130209103037,0.0037699111843077517,0.00952949771588904,0.20593965,0.0,9.79684335
1786685095.386265,37.886,0.0,-1.0,0,0,,,,,,,,,,,,,,,,,,,,,,,,,,,0,0.0,-1,66,True,True,False,"A:1,B:1,ESTOP:0,MODE:1",,,,nan,nan,nan,-1,9998000100000000.0,0.0032890963025788275,-0.01098505806382212,0.2795183525620331,0.9600718727917479,-0.009389871375729494,0.002548180707911721,-0.004677482395344803,0.2745862,0.00980665,9.77723005
1786685095.436152,37.936,0.0,-1.0,0,0,,,,,,,,,,,,,,,,,,,,,,,,,,,0,0.0,-1,38,True,True,False,"A:1,B:1,ESTOP:0,MODE:1",,,,nan,nan,nan,-1,9998000100000000.0,0.003280718094835692,-0.010987497321189787,0.2795182566886739,0.9600719014579708,0.009616764178488757,-0.0013788101090755204,0.007976154681614086,0.17651969999999997,0.02941995,9.7674234
1786685095.486512,37.987,0.0,-1.0,0,0,,,,,,,,,,,,,,,,,,,,,,,,,,,0,0.0,-1,66,True,True,False,"A:1,B:1,ESTOP:0,MODE:1",,,,nan,nan,nan,-1,9998000100000000.0,0.0033179527250082096,-0.011022099556001743,0.2795100302938669,0.9600737718926675,0.0014660765716752368,-0.00952949771588904,-0.0012740903539558606,0.20593965,0.0196133,9.77723005
1786685095.536178,38.036,0.0,-1.0,0,0,,,,,,,,,,,,,,,,,,,,,,,,,,,0,0.0,-1,37,True,True,False,"A:1,B:1,ESTOP:0,MODE:1",,,,nan,nan,nan,-1,9998000100000000.0,0.0033120136663707398,-0.011032916970156206,0.2795099068136353,0.9600737040986156,-0.002286381320112572,0.001308996938995747,0.004136430327226561,0.26477955,-0.02941995,9.7674234
1786685095.586245,38.086,0.0,-1.0,0,0,,,,,,,,,,,,,,,,,,,,,,,,,,,0,0.0,-1,67,True,True,False,"A:1,B:1,ESTOP:0,MODE:1",,,,nan,nan,nan,-1,9998000100000000.0,0.003289318162401411,-0.011048612746478987,0.27950959035250583,0.9600736937565674,-0.0009250245035569946,-0.0007504915783575617,0.0008552113334772215,0.29419949999999995,-0.0392266,9.836069949999999
1786685095.636134,38.136,0.0,-1.0,0,0,,,,,,,,,,,,,,,,,,,,,,,,,,,0,0.0,-1,36,True,True,False,"A:1,B:1,ESTOP:0,MODE:1",,,,nan,nan,nan,-1,9998000100000000.0,0.0033009075893838755,-0.011027064345981224,0.27948470310949913,0.9600811468770705,0.00017453292519943296,0.003961897402027128,0.004572762640225144,0.2353596,-0.0588399,9.894909849999998
1786685095.686234,38.186,0.0,-1.0,0,0,,,,,,,,,,,,,,,,,,,,,,,,,,,0,0.0,-1,65,True,True,False,"A:1,B:1,ESTOP:0,MODE:1",,,,nan,nan,nan,-1,9998000100000000.0,0.0033018730484965252,-0.010999519311280207,0.2794765027422536,0.9600838466635357,0.0005410520681182421,0.0015707963267948964,-0.001186823891356144,0.24516625,0.00980665,9.77723005
1786685095.736251,38.236,0.0,-1.0,0,0,,,,,,,,,,,,,,,,,,,,,,,,,,,0,0.0,-1,39,True,True,False,"A:1,B:1,ESTOP:0,MODE:1",,,,nan,nan,nan,-1,9998000100000000.0,0.0033174437600606904,-0.010958631451655433,0.2794936549754723,0.9600792674524626,0.0019722220547535923,-0.0035953782591083188,0.0051836278784231585,0.16671305,-0.0392266,9.826263299999999
1786685095.786281,38.286,0.0,-1.0,0,0,,,,,,,,,,,,,,,,,,,,,,,,,,,0,0.0,-1,67,True,True,False,"A:1,B:1,ESTOP:0,MODE:1",,,,nan,nan,nan,-1,9998000100000000.0,0.0032957136451944773,-0.010946781736775806,0.2794851394395367,0.9600819564358237,0.0027401669256310974,-0.001308996938995747,-0.004206243497306334,0.16671305,0.0392266,9.7674234
1786685095.836245,38.336,0.0,-1.0,0,0,,,,,,,,,,,,,,,,,,,,,,,,,,,0,0.0,-1,67,True,True,False,"A:1,B:1,ESTOP:0,MODE:1",,,,nan,nan,nan,-1,9998000100000000.0,0.0033039964331495796,-0.010944371601637054,0.2794768566515816,0.9600843665709625,-0.0007504915783575617,-0.0016755160819145565,0.003944444109507185,0.18632634999999997,-0.02941995,9.79684335
1786685095.886300,38.386,0.0,-1.0,0,0,,,,,,,,,,,,,,,,,,,,,,,,,,,0,0.0,-1,67,True,True,False,"A:1,B:1,ESTOP:0,MODE:1",,,,nan,nan,nan,-1,9998000100000000.0,0.00332165134269335,-0.010975590936541955,0.2794349527122721,0.9600961463513128,0.0006283185307179586,-0.012967796342317869,-0.0008552113334772215,0.3138128,-0.02941995,9.79684335
1786685095.936164,38.436,0.0,-1.0,0,0,,,,,,,,,,,,,,,,,,,,,,,,,,,0,0.0,-1,36,True,True,False,"A:1,B:1,ESTOP:0,MODE:1",,,,nan,nan,nan,-1,9998000100000000.0,0.003307333011363281,-0.010988846420227823,0.27943473401300006,0.9600961078088946,0.004537856055185257,-0.0006981317007977319,0.002722713633111154,0.2353596,0.00980665,9.7870367
1786685095.986257,38.486,0.0,-1.0,0,0,,,,,,,,,,,,,,,,,,,,,,,,,,,0,0.0,-1,66,True,True,False,"A:1,B:1,ESTOP:0,MODE:1",,,,nan,nan,nan,-1,9998000100000000.0,0.0033277826271180394,-0.010964715900115489,0.27945183213512087,0.9600913364802022,0.0003316125578789226,-0.009442231253289324,-0.004031710572106902,0.24516625,-0.0196133,9.7870367
1786685096.036196,38.536,0.0,-1.0,0,0,,,,,,,,,,,,,,,,,,,,,,,,,,,0,0.0,-1,66,True,True,False,"A:1,B:1,ESTOP:0,MODE:1",,,,nan,nan,nan,-1,9998000100000000.0,0.0033361610044619467,-0.010962277222412269,0.27945192780967715,0.9600913074032627,-0.0050789081233034985,-1.7453292519943296e-05,0.004276056667386108,0.22555294999999997,0.00980665,9.845876599999999
1786685096.086151,38.586,0.0,-1.0,0,0,,,,,,,,,,,,,,,,,,,,,,,,,,,0,0.0,-1,65,True,True,False,"A:1,B:1,ESTOP:0,MODE:1",,,,nan,nan,nan,-1,9998000100000000.0,0.0033385039184882104,-0.010970684741375542,0.27944352263820843,0.9600936496631153,-0.0020245819323134223,0.0019722220547535923,-0.0020420352248333657,0.21574629999999997,0.0196133,9.80665
1786685096.136156,38.636,0.0,-1.0,0,0,,,,,,,,,,,,,,,,,,,,,,,,,,,0,0.0,-1,36,True,True,False,"A:1,B:1,ESTOP:0,MODE:1",,,,nan,nan,nan,-1,9998000100000000.0,0.0033408466857752276,-0.010979092301229091,0.27943511742586064,0.9600959917762695,-0.0031066860685499066,0.0017278759594743863,0.008115781021773632,0.2353596,-0.0980665,9.7870367
1786685096.186254,38.686,0.0,-1.0,0,0,,,,,,,,,,,,,,,,,,,,,,,,,,,0,0.0,-1,65,True,True,False,"A:1,B:1,ESTOP:0,MODE:1",,,,nan,nan,nan,-1,9998000100000000.0,0.0033708589424919872,-0.010988533554747822,0.2794353515288161,0.9600957107269426,0.006073745796940267,-0.003438298626428829,-0.003403392041388943,0.22555294999999997,0.02941995,9.7674234
1786685096.236126,38.736,0.0,-1.0,0,0,,,,,,,,,,,,,,,,,,,,,,,,,,,0,0.0,-1,36,True,True,False,"A:1,B:1,ESTOP:0,MODE:1",,,,nan,nan,nan,-1,9998000100000000.0,0.003374456081521873,-0.010969308721585809,0.27944387890467093,0.9600934360024738,0.0020943951023931952,-0.0003141592653589793,-0.0035779249665883754,0.18632634999999997,-0.0196133,9.81645665
1786685096.286286,38.786,0.0,-1.0,0,0,,,,,,,,,,,,,,,,,,,,,,,,,,,0,0.0,-1,36,True,True,False,"A:1,B:1,ESTOP:0,MODE:1",,,,nan,nan,nan,-1,9998000100000000.0,0.0033552607132929864,-0.010965807530161447,0.2794437140702166,0.9600935912489992,0.004206243497306334,-0.006876597252857658,0.00916297857297023,0.21574629999999997,0.00980665,9.7674234
1786685096.336326,38.836,0.0,-1.0,0,0,,,,,,,,,,,,,,,,,,,,,,,,,,,0,0.0,-1,39,True,True,False,"A:1,B:1,ESTOP:0,MODE:1",,,,nan,nan,nan,-1,9998000100000000.0,0.003366077685600975,-0.010971747329048813,0.27944378316875357,0.9600934654136005,-0.006667157742618339,-6.981317007977319e-05,-0.003543018381548489,0.16671305,-0.0196133,9.81645665
1786685096.386144,38.886,0.0,-1.0,0,0,,,,,,,,,,,,,,,,,,,,,,,,,,,0,0.0,-1,68,True,True,False,"A:1,B:1,ESTOP:0,MODE:1",,,,nan,nan,nan,-1,9998000100000000.0,0.0033804915343341266,-0.010958462207141034,0.2794523794443599,0.960091064433956,-0.0023387411976724015,0.0038222710618675817,-0.0005061454830783556,0.2353596,0.0196133,9.7870367
1786685096.436125,38.936,0.0,-1.0,0,0,,,,,,,,,,,,,,,,,,,,,,,,,,,0,0.0,-1,37,True,True,False,"A:1,B:1,ESTOP:0,MODE:1",,,,nan,nan,nan,-1,9998000100000000.0,0.0033996869290449806,-0.01096196322673755,0.2794525443691159,0.9600909086834576,-0.0022689280275926286,-0.005096361415823442,-0.0013788101090755204,0.22555294999999997,0.08825984999999999,9.757616749999999
1786685096.486139,38.986,0.0,-1.0,0,0,,,,,,,,,,,,,,,,,,,,,,,,,,,0,0.0,-1,66,True,True,False,"A:1,B:1,ESTOP:0,MODE:1",,,,nan,nan,nan,-1,9998000100000000.0,0.003410503946583496,-0.010967902927602725,0.2794526137775568,0.9600907822810782,0.00019198621771937625,-0.0019722220547535923,0.005672320068981571,0.2353596,-0.0,9.79684335
1786685096.536168,39.036,0.0,-1.0,0,0,,,,,,,,,,,,,,,,,,,,,,,,,,,0,0.0,-1,66,True,True,False,"A:1,B:1,ESTOP:0,MODE:1",,,,nan,nan,nan,-1,9998000100000000.0,0.0033995912677401365,-0.010961992894185374,0.27944416598473776,0.9600933473304012,0.002548180707911721,-0.0021118483949131386,-0.0019024088846738192,0.24516625,0.0196133,9.77723005
1786685096.586162,39.086,0.0,-1.0,0,0,,,,,,,,,,,,,,,,,,,,,,,,,,,0,0.0,-1,64,True,True,False,"A:1,B:1,ESTOP:0,MODE:1",,,,nan,nan,nan,-1,9998000100000000.0,0.003424439657679989,-0.010954766714646432,0.27941931759479793,0.96010057350994,0.004468042885105484,-0.007120943348136864,0.00017453292519943296,0.24516625,-0.0,9.826263299999999
1786685096.636158,39.136,0.0,-1.0,0,0,,,,,,,,,,,,,,,,,,,,,,,,,,,0,0.0,-1,36,True,True,False,"A:1,B:1,ESTOP:0,MODE:1",,,,nan,nan,nan,-1,9998000100000000.0,0.0033719218547857517,-0.010960959741593588,0.2794355270098261,0.9600959711139763,1.7453292519943296e-05,-0.005811946409141118,-5.235987755982989e-05,0.3138128,0.0,9.845876599999999
1786685096.686234,39.186,0.0,-1.0,0,0,,,,,,,,,,,,,,,,,,,,,,,,,,,0,0.0,-1,66,True,True,False,"A:1,B:1,ESTOP:0,MODE:1",,,,nan,nan,nan,-1,9998000100000000.0,0.0033634477629152933,-0.010963427628209173,0.2794270529179557,0.9600984390005919,-0.002670353755551324,-0.0005410520681182421,0.00027925268031909274,0.2353596,0.0,9.826263299999999
1786685096.736168,39.236,0.0,-1.0,0,0,,,,,,,,,,,,,,,,,,,,,,,,,,,0,0.0,-1,36,True,True,False,"A:1,B:1,ESTOP:0,MODE:1",,,,nan,nan,nan,-1,9998000100000000.0,0.0033477540321042946,-0.010940730739605739,0.2794270370766149,0.9600987573705154,-0.0017278759594743863,0.0008203047484373349,-0.0004886921905584122,0.17651969999999997,-0.02941995,9.845876599999999
1786685096.786240,39.286,0.0,-1.0,0,0,,,,,,,,,,,,,,,,,,,,,,,,,,,0,0.0,-1,36,True,True,False,"A:1,B:1,ESTOP:0,MODE:1",,,,nan,nan,nan,-1,9998000100000000.0,0.0033417184508427924,-0.010951576812854708,0.2794185364715496,0.9601011287146812,-0.002670353755551324,0.00015707963267948965,-0.0027576202181510408,0.25497289999999995,0.0196133,9.738003449999999
1786685096.836159,39.336,0.0,-1.0,0,0,,,,,,,,,,,,,,,,,,,,,,,,,,,0,0.0,-1,39,True,True,False,"A:1,B:1,ESTOP:0,MODE:1",,,,nan,nan,nan,-1,9998000100000000.0,0.0033143358220297653,-0.0109504556539511,0.27943503343543535,0.960096435150119,-0.003682644721708035,-0.0023212879051524586,0.0008203047484373349,0.18632634999999997,-0.0392266,9.77723005
1786685096.886270,39.386,0.0,-1.0,0,0,,,,,,,,,,,,,,,,,,,,,,,,,,,0,0.0,-1,67,True,True,False,"A:1,B:1,ESTOP:0,MODE:1",,,,nan,nan,nan,-1,9998000100000000.0,0.0033083959079185177,-0.010961272612353657,0.2794349109044859,0.9600963678647244,0.008395033702092726,-0.0032288591161895096,0.009704030641088473,0.25497289999999995,0.06864655,9.80665
1786685096.936433,39.436,0.0,-1.0,0,0,,,,,,,,,,,,,,,,,,,,,,,,,,,0,0.0,-1,38,True,True,False,"A:1,B:1,ESTOP:0,MODE:1",,,,nan,nan,nan,-1,9998000100000000.0,0.003333722353023776,-0.010953898836974644,0.27945195457284805,0.9600914037116244,0.005672320068981571,0.0012915436464758037,0.004153883619746504,0.1569064,-0.0392266,9.7674234
1786685096.986257,39.486,0.0,-1.0,0,0,,,,,,,,,,,,,,,,,,,,,,,,,,,0,0.0,-1,38,True,True,False,"A:1,B:1,ESTOP:0,MODE:1",,,,nan,nan,nan,-1,9998000100000000.0,0.0033345940767806866,-0.010926383197499357,0.27943537329228063,0.9600965403466301,0.004049163864626845,0.001762782544514273,0.0060911990894602095,0.26477955,0.00980665,9.81645665
1786685097.036226,39.536,0.0,-1.0,0,0,,,,,,,,,,,,,,,,,,,,,,,,,,,0,0.0,-1,67,True,True,False,"A:1,B:1,ESTOP:0,MODE:1",,,,nan,nan,nan,-1,9998000100000000.0,0.0033345940767806866,-0.010926383197499357,0.27943537329228063,0.9600965403466301,0.0053058009260627615,0.0014660765716752368,-0.0033859387488689996,0.1372931,0.0392266,9.826263299999999
1786685097.086262,39.586,0.0,-1.0,0,0,,,,,,,,,,,,,,,,,,,,,,,,,,,0,0.0,-1,66,True,True,False,"A:1,B:1,ESTOP:0,MODE:1",,,,nan,nan,nan,-1,9998000100000000.0,0.0033187098286120717,-0.010903744358323045,0.2794186010023696,0.9601017341604589,0.002129301687433082,0.0010122909661567112,0.0008028514559173916,0.18632634999999997,0.0392266,9.7870367
1786685097.136284,39.636,0.0,-1.0,0,0,,,,,,,,,,,,,,,,,,,,,,,,,,,0,0.0,-1,39,True,True,False,"A:1,B:1,ESTOP:0,MODE:1",,,,nan,nan,nan,-1,9998000100000000.0,0.0033078929986934077,-0.010897804269046286,0.27941853252258264,0.9601018588613132,-0.005218534463463045,-0.0012915436464758037,0.0015184364492350666,0.25497289999999995,0.00980665,9.77723005
1786685097.186366,39.686,0.0,-1.0,0,0,,,,,,,,,,,,,,,,,,,,,,,,,,,0,0.0,-1,67,True,True,False,"A:1,B:1,ESTOP:0,MODE:1",,,,nan,nan,nan,-1,9998000100000000.0,0.0033330284054444107,-0.010890489105237086,0.27941881773067595,0.9601017719318553,0.012531464029319286,0.0022514747350726853,0.00047123889803846896,0.22555294999999997,-0.0196133,9.7674234
1786685097.236134,39.736,0.0,-1.0,0,0,,,,,,,,,,,,,,,,,,,,,,,,,,,0,0.0,-1,67,True,True,False,"A:1,B:1,ESTOP:0,MODE:1",,,,nan,nan,nan,-1,9998000100000000.0,0.003294732779881417,-0.010883456949444823,0.2794268693215775,0.9600996405591874,0.005113814708343385,-0.00895353906273091,-0.0049741883681838385,0.17651969999999997,-0.0196133,9.77723005
1786685097.286269,39.786,0.0,-1.0,0,0,,,,,,,,,,,,,,,,,,,,,,,,,,,0,0.0,-1,38,True,True,False,"A:1,B:1,ESTOP:0,MODE:1",,,,nan,nan,nan,-1,9998000100000000.0,0.0032950177069889478,-0.010883370689812658,0.279452004575629,0.9600923248518349,0.00301941960595019,0.0020943951023931952,-0.00476474885794452,0.21574629999999997,-0.0196133,9.81645665
1786685097.336241,39.836,0.0,-1.0,0,0,,,,,,,,,,,,,,,,,,,,,,,,,,,0,0.0,-1,37,True,True,False,"A:1,B:1,ESTOP:0,MODE:1",,,,nan,nan,nan,-1,9998000100000000.0,0.0033105217085717324,-0.01090612496735456,0.2794352627329715,0.9600968861659581,0.004084070449666731,-0.004956735075663896,0.001064650843716541,0.17651969999999997,-0.04903325,9.77723005
1786685097.386291,39.886,0.0,-1.0,0,0,,,,,,,,,,,,,,,,,,,,,,,,,,,0,0.0,-1,66,True,True,False,"A:1,B:1,ESTOP:0,MODE:1",,,,nan,nan,nan,-1,9998000100000000.0,0.0032937648562666208,-0.01091100203107408,0.2794350723426217,0.9600969437992307,0.0040666171571467884,0.0017976891295541594,0.0033335788713091696,0.18632634999999997,-0.0588399,9.7870367
1786685097.436163,39.936,0.0,-1.0,0,0,,,,,,,,,,,,,,,,,,,,,,,,,,,0,0.0,-1,66,True,True,False,"A:1,B:1,ESTOP:0,MODE:1",,,,nan,nan,nan,-1,9998000100000000.0,0.00328792025053597,-0.010921790301646094,0.27944332860443377,0.9600944381546574,0.007871434926494426,0.0022689280275926286,-0.0029146998508305304,0.196133,-0.0196133,9.875296549999998
1786685097.486560,39.987,0.0,-1.0,0,0,,,,,,,,,,,,,,,,,,,,,,,,,,,0,0.0,-1,39,True,True,False,"A:1,B:1,ESTOP:0,MODE:1",,,,nan,nan,nan,-1,9998000100000000.0,0.0033156846826895223,-0.01092279503136793,0.27946034447476104,0.96008937846944,0.005864306286700947,0.002286381320112572,0.0004363323129985824,0.22555294999999997,-0.0588399,9.80665
1786685097.536242,40.036,0.0,-1.0,0,0,,,,,,,,,,,,,,,,,,,,,,,,,,,0,0.0,-1,38,True,True,False,"A:1,B:1,ESTOP:0,MODE:1",,,,nan,nan,nan,-1,9998000100000000.0,0.0033275639527307836,-0.010901160788628055,0.2794605882186226,0.9600895123081505,-0.007906341511534314,0.008063421144213804,-0.009965830028887622,0.21574629999999997,-0.0392266,9.80665
1786685097.586276,40.086,0.0,-1.0,0,0,,,,,,,,,,,,,,,,,,,,,,,,,,,0,0.0,-1,67,True,True,False,"A:1,B:1,ESTOP:0,MODE:1",,,,nan,nan,nan,-1,9998000100000000.0,0.0033133412021587017,-0.010914387749339255,0.27946874955605655,0.9600870356023506,-0.0021118483949131386,-0.002478367537831948,-0.002478367537831948,0.2745862,0.02941995,9.81645665
1786685097.636118,40.136,0.0,-1.0,0,0,,,,,,,,,,,,,,,,,,,,,,,,,,,0,0.0,-1,36,True,True,False,"A:1,B:1,ESTOP:0,MODE:1",,,,nan,nan,nan,-1,9998000100000000.0,0.003318218801452145,-0.0109311444421183,0.27946869607166824,0.9600868436871598,-0.0002617993877991494,-0.0004188790204786391,-0.004607669225265031,0.24516625,0.0588399,9.826263299999999
1786685097.686395,40.186,0.0,-1.0,0,0,,,,,,,,,,,,,,,,,,,,,,,,,,,0,0.0,-1,36,True,True,False,"A:1,B:1,ESTOP:0,MODE:1",,,,nan,nan,nan,-1,9998000100000000.0,0.003324253638613297,-0.010920298261874226,0.27947719646118546,0.9600844718470423,0.0050789081233034985,-0.007347836150896127,0.006667157742618339,0.2353596,-0.0588399,9.826263299999999
1786685097.736509,40.237,0.0,-1.0,0,0,,,,,,,,,,,,,,,,,,,,,,,,,,,0,0.0,-1,66,True,True,False,"A:1,B:1,ESTOP:0,MODE:1",,,,nan,nan,nan,-1,9998000100000000.0,0.0033074970029768327,-0.01092517605747321,0.27947700582345864,0.960084529719984,-0.0015707963267948964,0.006928957130417489,-0.001239183768915974,0.2353596,-0.00980665,9.79684335
1786685097.786455,40.286,0.0,-1.0,0,0,,,,,,,,,,,,,,,,,,,,,,,,,,,0,0.0,-1,67,True,True,False,"A:1,B:1,ESTOP:0,MODE:1",,,,nan,nan,nan,-1,9998000100000000.0,0.00334967429020908,-0.010912893871710948,0.2795026171127812,0.960077067456879,0.0032288591161895096,-0.00047123889803846896,0.006771877497737999,0.18632634999999997,-0.0588399,9.81645665
1786685097.836126,40.336,0.0,-1.0,0,0,,,,,,,,,,,,,,,,,,,,,,,,,,,0,0.0,-1,37,True,True,False,"A:1,B:1,ESTOP:0,MODE:1",,,,nan,nan,nan,-1,9998000100000000.0,0.003357862119161691,-0.010910513358238736,0.2794859557871439,0.9600819162852695,0.003735004599267865,0.006824237375297829,-0.0007155849933176752,0.22555294999999997,0.0196133,9.7870367
1786685097.886262,40.386,0.0,-1.0,0,0,,,,,,,,,,,,,,,,,,,,,,,,,,,0,0.0,-1,67,True,True,False,"A:1,B:1,ESTOP:0,MODE:1",,,,nan,nan,nan,-1,9998000100000000.0,0.00335901856203466,-0.010882910150828623,0.2794945080953383,0.9600797358581702,0.00047123889803846896,-0.0017278759594743863,-0.0033335788713091696,0.21574629999999997,-0.0784532,9.757616749999999
1786685097.936188,40.436,0.0,-1.0,0,0,,,,,,,,,,,,,,,,,,,,,,,,,,,0,0.0,-1,67,True,True,False,"A:1,B:1,ESTOP:0,MODE:1",,,,nan,nan,nan,-1,9998000100000000.0,0.003395065635333615,-0.010881502605176861,0.27950324011366556,0.9600770829450872,0.0016929693744344998,-0.001186823891356144,-0.0026354471705114374,0.26477955,-0.0196133,9.81645665
1786685097.986274,40.486,0.0,-1.0,0,0,,,,,,,,,,,,,,,,,,,,,,,,,,,0,0.0,-1,36,True,True,False,"A:1,B:1,ESTOP:0,MODE:1",,,,nan,nan,nan,-1,9998000100000000.0,0.003383963574167927,-0.010875652060951275,0.27947803631997803,0.9600845255484054,0.001832595714594046,-0.00307177948351002,-0.006213372137099813,0.22555294999999997,0.00980665,9.7674234
1786685098.036258,40.536,0.0,-1.0,0,0,,,,,,,,,,,,,,,,,,,,,,,,,,,0,0.0,-1,38,True,True,False,"A:1,B:1,ESTOP:0,MODE:1",,,,nan,nan,nan,-1,9998000100000000.0,0.003400720209719936,-0.010870774247374275,0.2794782260933478,0.9600844663408701,0.0006981317007977319,-0.002286381320112572,-0.0002617993877991494,0.18632634999999997,0.00980665,9.79684335
1786685098.086262,40.586,0.0,-1.0,0,0,,,,,,,,,,,,,,,,,,,,,,,,,,,0,0.0,-1,66,True,True,False,"A:1,B:1,ESTOP:0,MODE:1",,,,nan,nan,nan,-1,9998000100000000.0,0.003409193371095922,-0.01086830558893315,0.2794866992547238,0.960081997682429,0.0023212879051524586,0.0025132741228718345,0.0014486232791552935,0.20593965,0.0,9.80665
1786685098.136240,40.636,0.0,-1.0,0,0,,,,,,,,,,,,,,,,,,,,,,,,,,,0,0.0,-1,66,True,True,False,"A:1,B:1,ESTOP:0,MODE:1",,,,nan,nan,nan,-1,9998000100000000.0,0.0034165101797082992,-0.010893440512397226,0.2794866217510179,0.960081709373842,-0.0038571776469074684,0.010000736613927507,-0.0030368728984701333,0.20593965,-0.0392266,9.8654899
1786685098.186270,40.686,0.0,-1.0,0,0,,,,,,,,,,,,,,,,,,,,,,,,,,,0,0.0,-1,36,True,True,False,"A:1,B:1,ESTOP:0,MODE:1",,,,nan,nan,nan,-1,9998000100000000.0,0.003410475664913388,-0.010904287561231634,0.2794781224234021,0.9600840818674221,0.006475171524898963,-0.00874409955249159,-0.0007330382858376184,0.22555294999999997,0.0588399,9.845876599999999
1786685098.236208,40.736,0.0,-1.0,0,0,,,,,,,,,,,,,,,,,,,,,,,,,,,0,0.0,-1,66,True,True,False,"A:1,B:1,ESTOP:0,MODE:1",,,,nan,nan,nan,-1,9998000100000000.0,0.003365083511408538,-0.010935677635753375,0.27947749825308826,0.9600840667034336,-0.0037175513067479217,0.0017278759594743863,-0.003525565089028546,0.2353596,-0.0,9.7085835
1786685098.286429,40.786,0.0,-1.0,0,0,,,,,,,,,,,,,,,,,,,,,,,,,,,0,0.0,-1,65,True,True,False,"A:1,B:1,ESTOP:0,MODE:1",,,,nan,nan,nan,-1,9998000100000000.0,0.003362549284672417,-0.010927328655761152,0.2794691463582435,0.9600866018149363,-0.00020943951023931956,-0.0009250245035569946,-0.0006457718232379018,0.17651969999999997,-0.00980665,9.80665
1786685098.336243,40.836,0.0,-1.0,0,0,,,,,,,,,,,,,,,,,,,,,,,,,,,0,0.0,-1,38,True,True,False,"A:1,B:1,ESTOP:0,MODE:1",,,,nan,nan,nan,-1,9998000100000000.0,0.0033602057752876308,-0.010918920986548328,0.2794775510931382,0.9600842591234479,-0.0007330382858376184,0.0004014257279586958,-0.008674286382411817,0.196133,-0.0,9.80665
1786685098.386250,40.886,0.0,-1.0,0,0,,,,,,,,,,,,,,,,,,,,,,,,,,,0,0.0,-1,38,True,True,False,"A:1,B:1,ESTOP:0,MODE:1",,,,nan,nan,nan,-1,9998000100000000.0,0.0033951916964313883,-0.010945087947245509,0.27948611026712167,0.9600813464967047,0.001361356816555577,0.006562437987498679,-0.0033335788713091696,0.21574629999999997,0.02941995,9.757616749999999
1786685098.436124,40.936,0.0,-1.0,0,0,,,,,,,,,,,,,,,,,,,,,,,,,,,0,0.0,-1,66,True,True,False,"A:1,B:1,ESTOP:0,MODE:1",,,,nan,nan,nan,-1,9998000100000000.0,0.0033942259754258623,-0.010972632203543843,0.2794943139087064,0.9600786473332563,0.0063006385996995295,-0.00905825881785057,0.0013788101090755204,0.26477955,-0.0392266,9.7674234
1786685098.486272,40.986,0.0,-1.0,0,0,,,,,,,,,,,,,,,,,,,,,,,,,,,0,0.0,-1,37,True,True,False,"A:1,B:1,ESTOP:0,MODE:1",,,,nan,nan,nan,-1,9998000100000000.0,0.003399878250877959,-0.010961903889337503,0.27946930107402707,0.9600860311702253,-0.008883725892651137,0.001762782544514273,-0.0017976891295541594,0.25497289999999995,0.02941995,9.80665
1786685098.536247,41.036,0.0,-1.0,0,0,,,,,,,,,,,,,,,,,,,,,,,,,,,0,0.0,-1,35,True,True,False,"A:1,B:1,ESTOP:0,MODE:1",,,,nan,nan,nan,-1,9998000100000000.0,0.003394809638719797,-0.010945206455125034,0.2794525969356891,0.9600911018174634,0.0009599310885968813,0.0021642082724729686,-0.0005759586531581288,0.2353596,0.0196133,9.826263299999999
1786685098.586275,41.086,0.0,-1.0,0,0,,,,,,,,,,,,,,,,,,,,,,,,,,,0,0.0,-1,65,True,True,False,"A:1,B:1,ESTOP:0,MODE:1",,,,nan,nan,nan,-1,9998000100000000.0,0.003392180108993128,-0.010936887274445674,0.2794358663919619,0.960096075496941,0.0019896753472735357,0.004118977034706617,-0.007452555906015787,0.25497289999999995,0.02941995,9.7870367
1786685098.636180,41.136,0.0,-1.0,0,0,,,,,,,,,,,,,,,,,,,,,,,,,,,0,0.0,-1,65,True,True,False,"A:1,B:1,ESTOP:0,MODE:1",,,,nan,nan,nan,-1,9998000100000000.0,0.003419467505065137,-0.010938039612324108,0.27941099124552876,0.9601032051308922,-0.001413716694115407,0.002548180707911721,0.0026354471705114374,0.21574629999999997,-0.02941995,9.8654899
1786685098.686317,41.186,0.0,-1.0,0,0,,,,,,,,,,,,,,,,,,,,,,,,,,,0,0.0,-1,37,True,True,False,"A:1,B:1,ESTOP:0,MODE:1",,,,nan,nan,nan,-1,9998000100000000.0,0.0034503525642057124,-0.010919968048768477,0.2793946416160171,0.9601080582940932,-0.003420845333908886,0.0007155849933176752,-0.004136430327226561,0.22555294999999997,-0.08825984999999999,9.7674234
1786685098.736204,41.236,0.0,-1.0,0,0,,,,,,,,,,,,,,,,,,,,,,,,,,,0,0.0,-1,66,True,True,False,"A:1,B:1,ESTOP:0,MODE:1",,,,nan,nan,nan,-1,9998000100000000.0,0.0034196584093492614,-0.010937979929691522,0.27942774816505966,0.9600983283428968,0.0009773843811168245,-0.002373647782712288,0.00778416846389471,0.2353596,0.00980665,9.826263299999999
1786685098.786370,41.286,0.0,-1.0,0,0,,,,,,,,,,,,,,,,,,,,,,,,,,,0,0.0,-1,67,True,True,False,"A:1,B:1,ESTOP:0,MODE:1",,,,nan,nan,nan,-1,9998000100000000.0,0.003419372052532461,-0.010938069452390932,0.2794026127538454,0.9601056434152158,0.009930923443847734,-0.002670353755551324,-0.005811946409141118,0.14709974999999997,0.00980665,9.79684335
1786685098.836154,41.336,0.0,-1.0,0,0,,,,,,,,,,,,,,,,,,,,,,,,,,,0,0.0,-1,35,True,True,False,"A:1,B:1,ESTOP:0,MODE:1",,,,nan,nan,nan,-1,9998000100000000.0,0.0033916074502648875,-0.010937064873588712,0.2793855954959815,0.9601107054086055,0.0011519173063162576,-0.0006981317007977319,0.002827433388230814,0.22555294999999997,-0.02941995,9.77723005
1786685098.886250,41.386,0.0,-1.0,0,0,,,,,,,,,,,,,,,,,,,,,,,,,,,0,0.0,-1,66,True,True,False,"A:1,B:1,ESTOP:0,MODE:1",,,,nan,nan,nan,-1,9998000100000000.0,0.0033915120062394722,-0.01093709447053073,0.279377216938847,0.9601131434713092,0.0033684854563490563,-0.0013788101090755204,-0.00047123889803846896,0.22555294999999997,0.00980665,9.845876599999999
1786685098.936227,41.436,0.0,-1.0,0,0,,,,,,,,,,,,,,,,,,,,,,,,,,,0,0.0,-1,66,True,True,False,"A:1,B:1,ESTOP:0,MODE:1",,,,nan,nan,nan,-1,9998000100000000.0,0.003380790841917242,-0.010931124414544482,0.2793855263379176,0.9601108313341756,-0.0004014257279586958,0.007278022980816354,0.007086036763096978,0.1569064,-0.0196133,9.738003449999999
1786685098.986269,41.486,0.0,-1.0,0,0,,,,,,,,,,,,,,,,,,,,,,,,,,,0,0.0,-1,37,True,True,False,"A:1,B:1,ESTOP:0,MODE:1",,,,nan,nan,nan,-1,9998000100000000.0,0.003393949993745449,-0.010945473049092524,0.27937719069505845,0.9601130470119174,0.000890117918517108,-0.004904375198104067,8.726646259971648e-05,0.26477955,-0.1176798,9.80665
1786685099.036189,41.536,0.0,-1.0,0,0,,,,,,,,,,,,,,,,,,,,,,,,,,,0,0.0,-1,37,True,True,False,"A:1,B:1,ESTOP:0,MODE:1",,,,nan,nan,nan,-1,9998000100000000.0,0.0033600318815205374,-0.010891728357288279,0.27936880531736785,0.9601162174730166,0.008552113334772215,-0.0026529004630313807,0.002495820830351891,0.1372931,0.00980665,9.836069949999999
1786685099.086294,41.586,0.0,-1.0,0,0,,,,,,,,,,,,,,,,,,,,,,,,,,,0,0.0,-1,67,True,True,False,"A:1,B:1,ESTOP:0,MODE:1",,,,nan,nan,nan,-1,9998000100000000.0,0.003361500320932427,-0.010927651386974284,0.2793769833730933,0.9601134245036405,0.0025132741228718345,-0.0020594885173533086,0.0006457718232379018,0.196133,-0.0392266,9.875296549999998
1786685099.136259,41.636,0.0,-1.0,0,0,,,,,,,,,,,,,,,,,,,,,,,,,,,0,0.0,-1,36,True,True,False,"A:1,B:1,ESTOP:0,MODE:1",,,,nan,nan,nan,-1,9998000100000000.0,0.00334699021685072,-0.010940964430265281,0.27936000885788087,0.9601182627180614,-0.005235987755982988,0.0010471975511965976,-0.005166174585903215,0.1569064,-0.02941995,9.6889702
1786685099.186250,41.686,0.0,-1.0,0,0,,,,,,,,,,,,,,,,,,,,,,,,,,,0,0.0,-1,36,True,True,False,"A:1,B:1,ESTOP:0,MODE:1",,,,nan,nan,nan,-1,9998000100000000.0,0.0033587764630887505,-0.010919360742908116,0.27935187396347383,0.960120834423841,0.0024609142453120045,0.007923794804054257,-0.0026529004630313807,0.1372931,-0.0392266,9.747810099999999
1786685099.236162,41.736,0.0,-1.0,0,0,,,,,,,,,,,,,,,,,,,,,,,,,,,0,0.0,-1,38,True,True,False,"A:1,B:1,ESTOP:0,MODE:1",,,,nan,nan,nan,-1,9998000100000000.0,0.0033563386913855425,-0.010910982097882636,0.2793519003389939,0.9601209305276296,0.001361356816555577,0.003996803987067015,-0.006667157742618339,0.0980665,-0.0196133,9.79684335
1786685099.286266,41.786,0.0,-1.0,0,0,,,,,,,,,,,,,,,,,,,,,,,,,,,0,0.0,-1,67,True,True,False,"A:1,B:1,ESTOP:0,MODE:1",,,,nan,nan,nan,-1,9998000100000000.0,0.0033550611433763567,-0.010875000424910936,0.27936047916969337,0.9601188471270428,-0.0004537856055185257,0.003490658503988659,-0.003420845333908886,0.17651969999999997,-0.0196133,9.7085835
1786685099.336257,41.836,0.0,-1.0,0,0,,,,,,,,,,,,,,,,,,,,,,,,,,,0,0.0,-1,37,True,True,False,"A:1,B:1,ESTOP:0,MODE:1",,,,nan,nan,nan,-1,9998000100000000.0,0.0033407417544512987,-0.010888254810257462,0.27936026295820277,0.9601188097478566,-0.0019198621771937625,0.0016057029118347831,-0.0012217304763960308,0.196133,0.04903325,9.836069949999999
1786685099.386241,41.886,0.0,-1.0,0,0,,,,,,,,,,,,,,,,,,,,,,,,,,,0,0.0,-1,65,True,True,False,"A:1,B:1,ESTOP:0,MODE:1",,,,nan,nan,nan,-1,9998000100000000.0,0.003341026807150765,-0.010888167346111515,0.27938539871412527,0.9601114957842481,0.004677482395344803,-0.0056199601914217415,0.0018675022996339325,0.1569064,-0.02941995,9.80665
1786685099.436127,41.936,0.0,-1.0,0,0,,,,,,,,,,,,,,,,,,,,,,,,,,,0,0.0,-1,65,True,True,False,"A:1,B:1,ESTOP:0,MODE:1",,,,nan,nan,nan,-1,9998000100000000.0,0.0033328383300447323,-0.010890547275898103,0.27940206075104446,0.9601066485639846,-0.0053058009260627615,0.0008552113334772215,0.0022514747350726853,0.18632634999999997,-0.0392266,9.757616749999999
1786685099.486280,41.986,0.0,-1.0,0,0,,,,,,,,,,,,,,,,,,,,,,,,,,,0,0.0,-1,66,True,True,False,"A:1,B:1,ESTOP:0,MODE:1",,,,nan,nan,nan,-1,9998000100000000.0,0.0033530026127303898,-0.01086650476153165,0.27939401966988764,0.9601091907801159,-0.000593411945678072,-0.0015707963267948964,0.00012217304763960306,0.1569064,0.08825984999999999,9.757616749999999
1786685099.536263,42.036,0.0,-1.0,0,0,,,,,,,,,,,,,,,,,,,,,,,,,,,0,0.0,-1,38,True,True,False,"A:1,B:1,ESTOP:0,MODE:1",,,,nan,nan,nan,-1,9998000100000000.0,0.00332221157661438,-0.010884549016558154,0.279418749199052,0.9601018967271046,0.0022165681500327986,0.0035953782591083188,0.0009773843811168245,0.2353596,0.0588399,9.80665
1786685099.586310,42.086,0.0,-1.0,0,0,,,,,,,,,,,,,,,,,,,,,,,,,,,0,0.0,-1,67,True,True,False,"A:1,B:1,ESTOP:0,MODE:1",,,,nan,nan,nan,-1,9998000100000000.0,0.0033390634582839617,-0.01087964309932389,0.2794273175861914,0.9600994001705441,-0.008604473212332044,-0.005934119456780721,-0.0020943951023931952,0.21574629999999997,-0.00980665,9.7870367
1786685099.636123,42.136,0.0,-1.0,0,0,,,,,,,,,,,,,,,,,,,,,,,,,,,0,0.0,-1,37,True,True,False,"A:1,B:1,ESTOP:0,MODE:1",,,,nan,nan,nan,-1,9998000100000000.0,0.003329431451268897,-0.010909713501589632,0.2794102911080735,0.9601040476221451,-0.004433136300065597,0.001710422666954443,-0.010105456369047167,0.196133,0.02941995,9.7870367
1786685099.686141,42.186,0.0,-1.0,0,0,,,,,,,,,,,,,,,,,,,,,,,,,,,0,0.0,-1,37,True,True,False,"A:1,B:1,ESTOP:0,MODE:1",,,,nan,nan,nan,-1,9998000100000000.0,0.0033210529627458628,-0.010912151815946085,0.2794101958922239,0.9601040766403577,0.010000736613927507,-0.003665191429188092,-0.0021118483949131386,0.21574629999999997,-0.02941995,9.738003449999999
1786685099.736258,42.236,0.0,-1.0,0,0,,,,,,,,,,,,,,,,,,,,,,,,,,,0,0.0,-1,35,True,True,False,"A:1,B:1,ESTOP:0,MODE:1",,,,nan,nan,nan,-1,9998000100000000.0,0.00333177445910514,-0.01091812107345526,0.27940188603041477,0.9601063899348999,0.0016057029118347831,0.0030543261909900766,0.004886921905584123,0.25497289999999995,-0.04903325,9.77723005
1786685099.786326,42.286,0.0,-1.0,0,0,,,,,,,,,,,,,,,,,,,,,,,,,,,0,0.0,-1,66,True,True,False,"A:1,B:1,ESTOP:0,MODE:1",,,,nan,nan,nan,-1,9998000100000000.0,0.0033365554597506743,-0.010934907223336865,0.2793934542915361,0.9601086359890346,-0.0011519173063162576,-0.0005585053606381855,0.005794493116621174,0.26477955,-0.0784532,9.77723005
1786685099.836135,42.336,0.0,-1.0,0,0,,,,,,,,,,,,,,,,,,,,,,,,,,,0,0.0,-1,37,True,True,False,"A:1,B:1,ESTOP:0,MODE:1",,,,nan,nan,nan,-1,9998000100000000.0,0.0032990389133219764,-0.010900386613427427,0.2793765447969499,0.9601140787069232,0.0008726646259971648,-0.00012217304763960306,-0.006283185307179586,0.16671305,-0.00980665,9.845876599999999
1786685099.886262,42.386,0.0,-1.0,0,0,,,,,,,,,,,,,,,,,,,,,,,,,,,0,0.0,-1,37,True,True,False,"A:1,B:1,ESTOP:0,MODE:1",,,,nan,nan,nan,-1,9998000100000000.0,0.003285784341163264,-0.010886067466662581,0.2793765032507212,0.9601142987101975,0.0009599310885968813,0.006544984694978736,-0.0019024088846738192,0.18632634999999997,-0.0392266,9.7674234
1786685099.936475,42.436,0.0,-1.0,0,0,,,,,,,,,,,,,,,,,,,,,,,,,,,0,0.0,-1,66,True,True,False,"A:1,B:1,ESTOP:0,MODE:1",,,,nan,nan,nan,-1,9998000100000000.0,0.003302731408483822,-0.010881133783290258,0.27939345031804175,0.9601093650268252,-0.0027925268031909274,-0.005480333851262195,-0.0008377580409572782,0.2353596,-0.00980665,9.845876599999999
1786685099.986474,42.486,0.0,-1.0,0,0,,,,,,,,,,,,,,,,,,,,,,,,,,,0,0.0,-1,65,True,True,False,"A:1,B:1,ESTOP:0,MODE:1",,,,nan,nan,nan,-1,9998000100000000.0,0.00333371260830115,-0.010863031654578147,0.27938547775095346,0.9601117829322732,-0.007173303225696694,0.0016929693744344998,-0.006492624817418906,0.26477955,0.04903325,9.80665
1786685100.036244,42.536,0.0,-1.0,0,0,,,,,,,,,,,,,,,,,,,,,,,,,,,0,0.0,-1,38,True,True,False,"A:1,B:1,ESTOP:0,MODE:1",,,,nan,nan,nan,-1,9998000100000000.0,0.0033275823346841852,-0.010873906395765577,0.27936859939184144,0.9601165924143499,-0.00020943951023931956,-0.0010995574287564276,0.004276056667386108,0.196133,-0.0392266,9.7674234
1786685100.086280,42.586,0.0,-1.0,0,0,,,,,,,,,,,,,,,,,,,,,,,,,,,0,0.0,-1,66,True,True,False,"A:1,B:1,ESTOP:0,MODE:1",,,,nan,nan,nan,-1,9998000100000000.0,0.003338683685062715,-0.01087975964799817,0.2793938036246026,0.96010915343904,0.0006457718232379018,-0.0045553093477052,0.008447393579652554,0.20593965,0.0392266,9.826263299999999
1786685100.136241,42.636,0.0,-1.0,0,0,,,,,,,,,,,,,,,,,,,,,,,,,,,0,0.0,-1,66,True,True,False,"A:1,B:1,ESTOP:0,MODE:1",,,,nan,nan,nan,-1,9998000100000000.0,0.00333011522129366,-0.010882255941607868,0.27937695156118303,0.9601140587318856,0.012391837689159739,-0.006597344572538566,0.002897246558310587,0.2353596,0.0,9.80665
1786685100.186322,42.686,0.0,-1.0,0,0,,,,,,,,,,,,,,,,,,,,,,,,,,,0,0.0,-1,37,True,True,False,"A:1,B:1,ESTOP:0,MODE:1",,,,nan,nan,nan,-1,9998000100000000.0,0.0033302101867649695,-0.010882226880455963,0.2793853301263048,0.9601116206714978,0.0027576202181510408,-0.010524335389525807,-0.0030543261909900766,0.25497289999999995,0.0,9.855683249999998
1786685100.236221,42.736,0.0,-1.0,0,0,,,,,,,,,,,,,,,,,,,,,,,,,,,0,0.0,-1,36,True,True,False,"A:1,B:1,ESTOP:0,MODE:1",,,,nan,nan,nan,-1,9998000100000000.0,0.003341026807150765,-0.010888167346111515,0.27938539871412527,0.9601114957842481,0.00853466004225227,-0.003682644721708035,-0.0010471975511965976,0.17651969999999997,0.02941995,9.80665
1786685100.286460,42.786,0.0,-1.0,0,0,,,,,,,,,,,,,,,,,,,,,,,,,,,0,0.0,-1,66,True,True,False,"A:1,B:1,ESTOP:0,MODE:1",,,,nan,nan,nan,-1,9998000100000000.0,0.0033685055028479577,-0.010889261008792192,0.2793772789386953,0.9601137501245204,-0.0012217304763960308,0.0041887902047863905,-0.0041887902047863905,0.20593965,0.00980665,9.77723005
1786685100.336221,42.836,0.0,-1.0,0,0,,,,,,,,,,,,,,,,,,,,,,,,,,,0,0.0,-1,66,True,True,False,"A:1,B:1,ESTOP:0,MODE:1",,,,nan,nan,nan,-1,9998000100000000.0,0.0033605071196245416,-0.010891581737871907,0.27941069802440693,0.9601040267953572,0.0009599310885968813,0.002286381320112572,-0.0028797932657906437,0.22555294999999997,-0.02941995,9.79684335
1786685100.386260,42.886,0.0,-1.0,0,0,,,,,,,,,,,,,,,,,,,,,,,,,,,0,0.0,-1,36,True,True,False,"A:1,B:1,ESTOP:0,MODE:1",,,,nan,nan,nan,-1,9998000100000000.0,0.0033654788788429132,-0.010908309364084608,0.27941902394759255,0.9601013964133728,-0.006230825429619756,-0.0019024088846738192,-0.006265732014659643,0.24516625,-0.04903325,9.81645665
1786685100.436149,42.936,0.0,-1.0,0,0,,,,,,,,,,,,,,,,,,,,,,,,,,,0,0.0,-1,66,True,True,False,"A:1,B:1,ESTOP:0,MODE:1",,,,nan,nan,nan,-1,9998000100000000.0,0.0033451247951318524,-0.01093241067330111,0.27941030671977585,0.9601037303519532,-0.004468042885105484,0.0004014257279586958,-0.003787364476827695,0.22555294999999997,0.0196133,9.81645665
1786685100.486335,42.986,0.0,-1.0,0,0,,,,,,,,,,,,,,,,,,,,,,,,,,,0,0.0,-1,66,True,True,False,"A:1,B:1,ESTOP:0,MODE:1",,,,nan,nan,nan,-1,9998000100000000.0,0.0033424958493503075,-0.010924090517721526,0.2793935762531882,0.9601087029687375,0.00476474885794452,-0.009180431865490174,0.00027925268031909274,0.12748644999999997,0.0392266,9.836069949999999
1786685100.536397,43.036,0.0,-1.0,0,0,,,,,,,,,,,,,,,,,,,,,,,,,,,0,0.0,-1,66,True,True,False,"A:1,B:1,ESTOP:0,MODE:1",,,,nan,nan,nan,-1,9998000100000000.0,0.003314922119662748,-0.010923026483208236,0.2793933169107168,0.9601088861423039,-0.0014835298641951802,0.0013788101090755204,0.010035643198967395,0.24516625,-0.0,9.81645665
1786685100.586299,43.086,0.0,-1.0,0,0,,,,,,,,,,,,,,,,,,,,,,,,,,,0,0.0,-1,35,True,True,False,"A:1,B:1,ESTOP:0,MODE:1",,,,nan,nan,nan,-1,9998000100000000.0,0.003326612634321313,-0.01090145113185437,0.2793768035391037,0.9601138961893395,0.0033859387488689996,0.0045553093477052,-0.006544984694978736,0.2745862,0.0392266,9.81645665
1786685100.636141,43.136,0.0,-1.0,0,2,,,,,,,,,,,,,,,,,,,,,,,,,,,0,0.0,-1,66,True,True,False,"A:1,B:1,ESTOP:0,MODE:1",,,,nan,nan,nan,-1,9998000100000000.0,0.0033268029000301275,-0.010901393069850582,0.27939356064523396,0.9601090199980307,0.007033676885537149,-0.002373647782712288,0.003665191429188092,0.2353596,-0.0588399,9.79684335
1786685100.686239,43.186,0.0,-1.0,0,2,,,,,,,,,,,,,,,,,,,,,,,,,,,0,0.0,-1,36,True,True,False,"A:1,B:1,ESTOP:0,MODE:1",,,,nan,nan,nan,-1,9998000100000000.0,0.003340931789838701,-0.010888196501656016,0.2793770201500934,0.9601139338452346,0.00017453292519943296,0.0028099800957108708,-0.005654866776461628,0.16671305,-0.00980665,9.81645665
1786685100.736309,43.236,0.0,-1.0,0,2,,,,,,,,,,,,,,,,,,,,,,,,,,,0,0.0,-3,66,True,True,False,"A:1,B:1,ESTOP:0,MODE:1",,,,nan,nan,nan,-1,9998000100000000.0,0.0033566243390786626,-0.010910894225402045,0.27937703615044124,0.9601136167829533,0.01043706892692609,-0.030997047515419294,-0.005532693728822024,0.5687857,0.3334261,9.81645665
1786685100.786320,43.286,0.0,-1.0,0,2,,,,,,,,,,,,,,,,,,,,,,,,,,,0,0.31891074776649475,-2,68,True,True,False,"A:1,B:1,ESTOP:0,MODE:1",,,,nan,nan,nan,-1,9998000100000000.0,0.0034656010431051007,-0.011097291329813522,0.27939373570191334,0.9601062338018022,-0.05672320068981571,0.019093902016817967,-0.014678219009272311,0.67665885,-1.7259703999999998,12.05237285
1786685100.836176,43.336,0.0,-1.0,0,2,,,,,,,,,,,,,,,,,,,,,,,,,,,0,0.5235472321510315,-1,68,True,True,False,"A:1,B:1,ESTOP:0,MODE:1",,,,nan,nan,nan,-1,9998000100000000.0,0.003261926655749484,-0.010929362331966834,0.2793676360674974,0.9601164683472351,0.0010821041362364843,-0.010349802464326374,0.045256387504212965,0.8433718999999998,-1.01008495,9.894909849999998
1786685100.886254,43.386,0.0,-1.0,0,2,,,,,,,,,,,,,,,,,,,,,,,,,,,0,0.6472825407981873,-2,35,True,True,False,"A:1,B:1,ESTOP:0,MODE:1",,,,nan,nan,nan,-1,9998000100000000.0,0.003281121774555162,-0.010932865046441698,0.27936779976432896,0.9601163154309037,0.08529424054496287,-0.060946897479641986,-0.028850292535466268,0.34323275000000003,-0.6864655000000001,9.80665
1786685100.936236,43.436,0.0,-1.0,0,0,,,,,,,,,,,,,,,,,,,,,,,,,,,0,0.2633989453315735,-2,34,True,True,False,"A:1,B:1,ESTOP:0,MODE:1",,,,nan,nan,nan,-1,9998000100000000.0,0.0036023707345988064,-0.010975716379884714,0.27935390365040647,0.9601187182272399,0.09257226352577924,-0.04043927876870862,-0.013020156219877699,0.1569064,2.42224255,10.6696352
1786685100.986246,43.486,0.0,-1.0,0,0,,,,,,,,,,,,,,,,,,,,,,,,,,,0,0.6498690247535706,-2,64,True,True,False,"A:1,B:1,ESTOP:0,MODE:1",,,,nan,nan,nan,-1,9998000100000000.0,0.0032634911506418895,-0.010965257714098299,0.27938418876404747,0.9601112372102663,0.12402309664671705,0.003351032163829113,-0.009128071987930343,0.6962721499999999,-2.26533615,10.1400761
1786685101.036237,43.536,0.0,-1.0,0,0,,,,,,,,,,,,,,,,,,,,,,,,,,,0,0.8324211239814758,-2,64,True,True,False,"A:1,B:1,ESTOP:0,MODE:1",,,,nan,nan,nan,-1,9998000100000000.0,0.0031222868257095877,-0.01091546906680182,0.2794250218356186,0.9601003911217794,0.010786134777324957,-0.04066617157146788,0.0038746309394274117,-0.0784532,-1.1767979999999998,9.492837199999999
1786685101.086247,43.586,0.0,-1.0,0,0,,,,,,,,,,,,,,,,,,,,,,,,,,,0,0.9737645387649536,-1,36,True,True,False,"A:1,B:1,ESTOP:0,MODE:1",,,,nan,nan,nan,-1,9998000100000000.0,0.002927538815577906,-0.01093577967314606,0.279364390052955,0.9601184175974149,0.07841764329210524,0.005689773361501515,-0.0055152404363020815,0.20593965,-0.83356525,9.934136449999999
1786685101.136255,43.636,0.0,-1.0,0,0,,,,,,,,,,,,,,,,,,,,,,,,,,,0,1.0986052751541138,-1,67,True,True,False,"A:1,B:1,ESTOP:0,MODE:1",,,,nan,nan,nan,-1,9998000100000000.0,0.002880960599246401,-0.010931161753507848,0.27938072978709094,0.9601138565776336,-0.09079202768874502,-0.0017976891295541594,0.00947713783832921,0.6276256,-0.6276256,9.6889702
1786685101.186239,43.686,0.0,-1.0,0,0,,,,,,,,,,,,,,,,,,,,,,,,,,,0,1.0460275411605835,-1,79,True,True,False,"A:1,B:1,ESTOP:0,MODE:1",,,,nan,nan,nan,-1,9998000100000000.0,0.0028091511803481884,-0.010933884553513322,0.2793884055949103,0.9601118047692937,0.0470017167562073,-0.036966073557239895,0.00486946861306418,1.8240368999999999,1.0296982499999998,9.836069949999999
1786685101.236165,43.736,0.0,-1.0,0,0,,,,,,,,,,,,,,,,,,,,,,,,,,,0,0.79599928855896,-1,79,True,True,False,"A:1,B:1,ESTOP:0,MODE:1",,,,nan,nan,nan,-1,9998000100000000.0,0.0030550149742324204,-0.011062268527576394,0.27934806223602554,0.960121322137733,-0.15015067554907216,0.015585790220309363,0.03073524812762014,0.7551120499999999,2.4320492,11.03248125
1786685101.286322,43.786,0.0,-1.0,0,0,,,,,,,,,,,,,,,,,,,,,,,,,,,0,1.0659689903259277,-1,43,True,True,False,"A:1,B:1,ESTOP:0,MODE:1",,,,nan,nan,nan,-1,9998000100000000.0,0.001996275227205006,-0.010952280085715894,0.2793554801461229,0.9601232098842682,-0.027663468644110123,0.04544837372193234,-0.01630137521362704,-0.0980665,-2.44185585,9.0025047
1786685101.336236,43.836,0.0,-1.0,0,0,,,,,,,,,,,,,,,,,,,,,,,,,,,0,1.0655356645584106,-1,72,True,True,False,"A:1,B:1,ESTOP:0,MODE:1",,,,nan,nan,nan,-1,9998000100000000.0,0.0022747619726888354,-0.011034835050139852,0.27935752296257776,0.9601210508251532,-0.008255407361933179,0.0029321531433504737,0.0004537856055185257,0.40207265,0.10787314999999999,9.7870367
1786685101.386326,43.886,0.0,-1.0,0,0,,,,,,,,,,,,,,,,,,,,,,,,,,,0,1.096946358680725,-1,40,True,True,False,"A:1,B:1,ESTOP:0,MODE:1",,,,nan,nan,nan,-1,9998000100000000.0,0.0023190931737514867,-0.011031024356872896,0.2793579696239197,0.9601208585985885,0.024382249650360784,0.0005235987755982988,-0.013316862192716735,0.28439285,-0.196133,9.6889702
1786685101.436166,43.936,0.0,-1.0,0,0,,,,,,,,,,,,,,,,,,,,,,,,,,,0,1.128676176071167,-1,37,True,True,False,"A:1,B:1,ESTOP:0,MODE:1",,,,nan,nan,nan,-1,9998000100000000.0,0.002181725960684977,-0.011089186912121879,0.27937301562836697,0.9601161326340542,-0.06660176425610362,0.03246312408709453,0.010629055144645466,0.28439285,-0.20593965,9.9439431
1786685101.486251,43.986,0.0,-1.0,0,0,,,,,,,,,,,,,,,,,,,,,,,,,,,0,1.055364966392517,-1,68,True,True,False,"A:1,B:1,ESTOP:0,MODE:1",,,,nan,nan,nan,-1,9998000100000000.0,0.002308565153628691,-0.011025023191971033,0.2793830437932919,0.9601136569340859,0.013857914260834978,-0.005986479334340551,-0.0053058009260627615,0.2353596,0.50013915,9.79684335
1786685101.536222,44.036,0.0,-1.0,0,0,,,,,,,,,,,,,,,,,,,,,,,,,,,0,1.1258015632629395,-1,68,True,True,False,"A:1,B:1,ESTOP:0,MODE:1",,,,nan,nan,nan,-1,9998000100000000.0,0.0023059346368715017,-0.01101668491444476,0.279366321217118,0.9601186249045274,-0.03645992807416154,0.008412486994612669,-0.0010471975511965976,0.25497289999999995,-0.50013915,9.934136449999999
1786685101.586384,44.086,0.0,-1.0,0,0,,,,,,,,,,,,,,,,,,,,,,,,,,,0,1.0694282054901123,-1,37,True,True,False,"A:1,B:1,ESTOP:0,MODE:1",,,,nan,nan,nan,-1,9998000100000000.0,0.0023379796132104525,-0.010971001365766427,0.27935855978462815,0.9601213288201751,-0.005445427266222308,-0.0004537856055185257,0.0003316125578789226,0.24516625,0.392266,9.6889702
1786685101.636204,44.136,0.0,-1.0,0,0,,,,,,,,,,,,,,,,,,,,,,,,,,,0,1.1287904977798462,-1,67,True,True,False,"A:1,B:1,ESTOP:0,MODE:1",,,,nan,nan,nan,-1,9998000100000000.0,0.0024016975802530695,-0.010970651577511908,0.2793759193574294,0.9601161244015688,-0.012740903539558606,0.0076270888312152205,0.0029146998508305304,0.18632634999999997,-0.4707192,9.7281968
1786685101.686321,44.186,0.0,-1.0,0,0,,,,,,,,,,,,,,,,,,,,,,,,,,,0,1.1064567565917969,-1,67,True,True,False,"A:1,B:1,ESTOP:0,MODE:1",,,,nan,nan,nan,-1,9998000100000000.0,0.002321126551763524,-0.010975897346825345,0.2793499896117881,0.9601238073044832,-0.0061959188445798695,0.0009599310885968813,-0.003926990816987242,0.24516625,0.14709974999999997,9.8654899
1786685101.736236,44.236,0.0,-1.0,0,0,,,,,,,,,,,,,,,,,,,,,,,,,,,0,1.1099441051483154,-1,67,True,True,False,"A:1,B:1,ESTOP:0,MODE:1",,,,nan,nan,nan,-1,9998000100000000.0,0.0023511384195124183,-0.010985341207822108,0.2793502086721401,0.960123562538443,-0.0044156830075456534,-0.0066322511575784525,0.0019722220547535923,0.1176798,-0.12748644999999997,9.738003449999999
1786685101.786263,44.286,0.0,-1.0,0,0,,,,,,,,,,,,,,,,,,,,,,,,,,,0,1.1151193380355835,-1,37,True,True,False,"A:1,B:1,ESTOP:0,MODE:1",,,,nan,nan,nan,-1,9998000100000000.0,0.0022695770421889434,-0.010954552012504344,0.27935802755520206,0.9601218356285424,-0.002286381320112572,0.005445427266222308,-0.0019024088846738192,0.18632634999999997,-0.08825984999999999,9.826263299999999
1786685101.836160,44.336,0.0,-1.0,0,0,,,,,,,,,,,,,,,,,,,,,,,,,,,0,1.0843267440795898,-1,67,True,True,False,"A:1,B:1,ESTOP:0,MODE:1",,,,nan,nan,nan,-1,9998000100000000.0,0.002328911304471972,-0.010909994619311828,0.27932537877368757,0.9601316998008547,-0.002827433388230814,-0.0028448866807507574,-0.001780235837034216,0.20593965,0.17651969999999997,9.738003449999999
1786685101.886246,44.386,0.0,-1.0,0,0,,,,,,,,,,,,,,,,,,,,,,,,,,,0,1.1125891208648682,-1,36,True,True,False,"A:1,B:1,ESTOP:0,MODE:1",,,,nan,nan,nan,-1,9998000100000000.0,0.0021789689575783078,-0.010926335239653924,0.27930710506097634,0.9601371820500284,-0.001117010721276371,-0.0007155849933176752,-0.0032288591161895096,0.24516625,-0.20593965,9.79684335
1786685101.936268,44.436,0.0,-1.0,0,0,,,,,,,,,,,,,,,,,,,,,,,,,,,0,1.0821839570999146,-1,36,True,True,False,"A:1,B:1,ESTOP:0,MODE:1",,,,nan,nan,nan,-1,9998000100000000.0,0.002254377948719463,-0.01090439847724304,0.27930796235188515,0.9601370079529024,-0.0014486232791552935,-0.0028448866807507574,0.005026548245743669,0.196133,0.16671305,9.757616749999999
1786685101.986286,44.486,0.0,-1.0,0,0,,,,,,,,,,,,,,,,,,,,,,,,,,,0,1.0857783555984497,-1,36,True,True,False,"A:1,B:1,ESTOP:0,MODE:1",,,,nan,nan,nan,-1,9998000100000000.0,0.0022017629121439215,-0.010910625052475777,0.2793158046544059,0.9601347779199046,0.0006632251157578452,-0.0004886921905584122,0.0005061454830783556,0.18632634999999997,-0.0784532,9.845876599999999
1786685102.036214,44.536,0.0,-1.0,0,0,,,,,,,,,,,,,,,,,,,,,,,,,,,0,1.0746753215789795,-1,36,True,True,False,"A:1,B:1,ESTOP:0,MODE:1",,,,nan,nan,nan,-1,9998000100000000.0,0.0022653847305327836,-0.010910300246499135,0.27932478062706645,0.9601320223324472,-0.004363323129985824,-0.0032114058236695662,0.0043982297150257105,0.29419949999999995,0.10787314999999999,9.7674234
1786685102.086268,44.586,0.0,-1.0,0,0,,,,,,,,,,,,,,,,,,,,,,,,,,,0,1.0629037618637085,-1,11,True,True,False,"A:1,B:1,ESTOP:0,MODE:1",,,,nan,nan,nan,-1,9998000100000000.0,0.0022231097976672352,-0.01092256568669591,0.2792907892058421,0.9601418699371594,0.00307177948351002,0.010471975511965976,-0.009965830028887622,0.2353596,0.06864655,9.80665
1786685102.136405,44.636,0.0,-1.0,0,0,,,,,,,,,,,,,,,,,,,,,,,,,,,0,1.0632542371749878,-1,17,True,True,False,"A:1,B:1,ESTOP:0,MODE:1",,,,nan,nan,nan,-1,9998000100000000.0,0.0022939487052762537,-0.010947398607201172,0.27929128442340684,0.9601412764318573,-0.005585053606381855,0.004572762640225144,0.004537856055185257,0.25497289999999995,-0.0,9.757616749999999
1786685102.186487,44.686,0.0,-1.0,0,0,,,,,,,,,,,,,,,,,,,,,,,,,,,0,0.0,-1,17,True,True,False,"A:1,B:1,ESTOP:0,MODE:1",,,,nan,nan,nan,-1,9998000100000000.0,0.002331063186337438,-0.010918434335410851,0.27930020855706017,0.9601389209047132,0.004468042885105484,0.004694935687864747,0.0018675022996339325,0.26477955,-0.0784532,9.826263299999999
1786685102.236153,44.736,0.0,-1.0,0,0,,,,,,,,,,,,,,,,,,,,,,,,,,,0,0.0,-1,50,True,True,False,"A:1,B:1,ESTOP:0,MODE:1",,,,nan,nan,nan,-1,9998000100000000.0,0.002337004474113711,-0.010907618231496483,0.2793003376864065,0.9601389918354859,-0.00012217304763960306,-0.008883725892651137,0.0011519173063162576,0.21574629999999997,0.1176798,9.7870367
1786685102.286282,44.786,0.0,-1.0,0,0,,,,,,,,,,,,,,,,,,,,,,,,,,,0,0.0,-1,22,True,True,False,"A:1,B:1,ESTOP:0,MODE:1",,,,nan,nan,nan,-1,9998000100000000.0,0.002407652710039505,-0.010932492496405244,0.2792840789081754,0.9601432638334012,-0.00027925268031909274,0.0014486232791552935,-0.002286381320112572,0.2353596,0.00980665,9.77723005
1786685102.336228,44.836,0.0,-1.0,0,0,,,,,,,,,,,,,,,,,,,,,,,,,,,0,0.0,-1,54,True,True,False,"A:1,B:1,ESTOP:0,MODE:1",,,,nan,nan,nan,-1,9998000100000000.0,0.0024626095392727377,-0.010934669765839197,0.27926782720394483,0.9601478267642732,0.000890117918517108,-0.0009075712110370514,-0.0029146998508305304,0.17651969999999997,0.0588399,9.836069949999999
1786685102.386303,44.886,0.0,-1.0,0,0,,,,,,,,,,,,,,,,,,,,,,,,,,,0,0.0,-1,58,True,True,False,"A:1,B:1,ESTOP:0,MODE:1",,,,nan,nan,nan,-1,9998000100000000.0,0.002470511398630502,-0.010932340500685134,0.279226027999208,0.9601599896852564,-0.002775073510670984,-0.0016755160819145565,-0.002775073510670984,0.196133,-0.0,9.81645665
1786685102.436142,44.936,0.0,-1.0,0,0,,,,,,,,,,,,,,,,,,,,,,,,,,,0,0.0,-1,58,True,True,False,"A:1,B:1,ESTOP:0,MODE:1",,,,nan,nan,nan,-1,9998000100000000.0,0.0024509351191962033,-0.010928920533690609,0.2791923541718324,0.9601698709004567,-0.004118977034706617,0.0025830872929516074,-0.0028623399732707008,0.21574629999999997,0.06864655,9.79684335
1786685102.486567,44.987,0.0,-1.0,0,0,,,,,,,,,,,,,,,,,,,,,,,,,,,0,0.0,-1,29,True,True,False,"A:1,B:1,ESTOP:0,MODE:1",,,,nan,nan,nan,-1,9998000100000000.0,0.0025084236437765924,-0.010939461007541956,0.2791844489132668,0.9601719010097531,-0.0027401669256310974,0.0003839724354387525,0.005288347633542819,0.28439285,0.06864655,9.79684335
1786685102.536144,45.036,0.0,-1.0,0,0,,,,,,,,,,,,,,,,,,,,,,,,,,,0,0.0,-1,60,True,True,False,"A:1,B:1,ESTOP:0,MODE:1",,,,nan,nan,nan,-1,9998000100000000.0,0.0024713054593691617,-0.01096842236938259,0.27917552603513757,0.9601742612792001,0.0021991148575128553,-0.0032812189937493396,0.00034906585039886593,0.16671305,-0.02941995,9.7674234
1786685102.586145,45.086,0.0,-1.0,0,0,,,,,,,,,,,,,,,,,,,,,,,,,,,0,0.0,-1,29,True,True,False,"A:1,B:1,ESTOP:0,MODE:1",,,,nan,nan,nan,-1,9998000100000000.0,0.0025379560709213964,-0.010949020812237765,0.279142774526662,0.9601838309156181,0.002548180707911721,0.001117010721276371,0.0045029494701453706,0.14709974999999997,0.06864655,9.79684335
1786685102.636119,45.136,0.0,-1.0,0,0,,,,,,,,,,,,,,,,,,,,,,,,,,,0,0.0,-1,32,True,True,False,"A:1,B:1,ESTOP:0,MODE:1",,,,nan,nan,nan,-1,9998000100000000.0,0.002534544796615438,-0.010968192973691176,0.27915099288927725,0.960181231848705,0.001361356816555577,0.0007853981633974482,0.012775810124598492,0.2353596,-0.04903325,9.826263299999999
1786685102.686295,45.186,0.0,-1.0,0,0,,,,,,,,,,,,,,,,,,,,,,,,,,,0,0.0,-1,32,True,True,False,"A:1,B:1,ESTOP:0,MODE:1",,,,nan,nan,nan,-1,9998000100000000.0,0.0025966103586082603,-0.010931968930074637,0.27914344284346276,0.9601836740892109,-0.0002617993877991494,0.0004886921905584122,-0.00471238898038469,0.22555294999999997,0.0588399,9.81645665
1786685102.736266,45.236,0.0,-1.0,0,0,,,,,,,,,,,,,,,,,,,,,,,,,,,0,0.0,-1,64,True,True,False,"A:1,B:1,ESTOP:0,MODE:1",,,,nan,nan,nan,-1,9998000100000000.0,0.0025715682710179535,-0.010939254443821836,0.27915153572275414,0.9601813057191172,-0.0065275314024587925,-0.0034557519189487725,0.008115781021773632,0.24516625,0.00980665,9.7870367
1786685102.786486,45.286,0.0,-1.0,0,0,,,,,,,,,,,,,,,,,,,,,,,,,,,0,0.0,-1,35,True,True,False,"A:1,B:1,ESTOP:0,MODE:1",,,,nan,nan,nan,-1,9998000100000000.0,0.0025895963610675994,-0.010970357502581329,0.27914312316977014,0.9601833481340837,-0.008185594191853406,-0.006230825429619756,-0.0036477381366681488,0.18632634999999997,0.06864655,9.738003449999999
1786685102.836120,45.336,0.0,-1.0,0,0,,,,,,,,,,,,,,,,,,,,,,,,,,,0,0.0,-1,64,True,True,False,"A:1,B:1,ESTOP:0,MODE:1",,,,nan,nan,nan,-1,9998000100000000.0,0.0025693310072921116,-0.010994423742995345,0.27914277088838,0.9601832297251873,-0.00034906585039886593,-0.0008377580409572782,-0.000767944870877505,0.196133,-0.0588399,9.79684335
1786685102.886428,45.386,0.0,-1.0,0,0,,,,,,,,,,,,,,,,,,,,,,,,,,,0,0.0,-1,66,True,True,False,"A:1,B:1,ESTOP:0,MODE:1",,,,nan,nan,nan,-1,9998000100000000.0,0.0026065461049497676,-0.010965440043185582,0.2791600729136524,0.960178430674688,-0.0025656340004316645,0.008272860654453122,0.0026005405854715507,0.1569064,0.04903325,9.80665
1786685102.936171,45.436,0.0,-1.0,0,0,,,,,,,,,,,,,,,,,,,,,,,,,,,0,0.0,-1,66,True,True,False,"A:1,B:1,ESTOP:0,MODE:1",,,,nan,nan,nan,-1,9998000100000000.0,0.0026148295720047118,-0.010963026730672,0.27915178944659735,0.9601808439872015,-0.0032812189937493396,0.0010995574287564276,0.003490658503988659,0.20593965,-0.04903325,9.79684335
1786685102.986396,45.486,0.0,-1.0,0,0,,,,,,,,,,,,,,,,,,,,,,,,,,,0,0.0,-1,35,True,True,False,"A:1,B:1,ESTOP:0,MODE:1",,,,nan,nan,nan,-1,9998000100000000.0,0.0026792358229621106,-0.010935205864721222,0.2791358272083536,0.9601856242085742,0.002827433388230814,0.00012217304763960306,-0.005235987755982988,0.22555294999999997,0.1176798,9.77723005
1786685103.036212,45.536,0.0,-1.0,0,0,,,,,,,,,,,,,,,,,,,,,,,,,,,0,0.0,-1,65,True,True,False,"A:1,B:1,ESTOP:0,MODE:1",,,,nan,nan,nan,-1,9998000100000000.0,0.002669785456254508,-0.010965215218845036,0.2791355415035429,0.9601853913543705,0.002007128639793479,0.0008028514559173916,0.0010995574287564276,0.25497289999999995,-0.02941995,9.8851032
1786685103.086293,45.586,0.0,-1.0,0,0,,,,,,,,,,,,,,,,,,,,,,,,,,,0,0.0,-1,34,True,True,False,"A:1,B:1,ESTOP:0,MODE:1",,,,nan,nan,nan,-1,9998000100000000.0,0.0026900566007374022,-0.011004745576165714,0.279110341433777,0.9601922080890934,0.000890117918517108,-0.005707226654021458,0.009843656981248018,0.2353596,-0.00980665,9.81645665
1786685103.136186,45.636,0.0,-1.0,0,0,,,,,,,,,,,,,,,,,,,,,,,,,,,0,0.0,-1,33,True,True,False,"A:1,B:1,ESTOP:0,MODE:1",,,,nan,nan,nan,-1,9998000100000000.0,0.0027033074361633097,-0.011019068338995028,0.2791103742315743,0.9601919970808738,-0.0005585053606381855,-0.0002617993877991494,0.007120943348136864,0.22555294999999997,-0.0,9.80665
1786685103.186255,45.686,0.0,-1.0,0,0,,,,,,,,,,,,,,,,,,,,,,,,,,,0,0.0,-1,64,True,True,False,"A:1,B:1,ESTOP:0,MODE:1",,,,nan,nan,nan,-1,9998000100000000.0,0.00269726771557175,-0.011029906803297913,0.27910186707746637,0.960194362458275,0.002007128639793479,0.0031066860685499066,-0.01043706892692609,0.1569064,0.0588399,9.757616749999999
1786685103.236238,45.736,0.0,-1.0,0,0,,,,,,,,,,,,,,,,,,,,,,,,,,,0,0.0,-1,64,True,True,False,"A:1,B:1,ESTOP:0,MODE:1",,,,nan,nan,nan,-1,9998000100000000.0,0.0027309771578249192,-0.01102011664065742,0.2791190104327276,0.960189396321395,0.0038048177693476384,0.0016406094968746698,-0.0045204027626653135,0.22555294999999997,0.04903325,9.7674234
1786685103.286333,45.786,0.0,-1.0,0,0,,,,,,,,,,,,,,,,,,,,,,,,,,,0,0.0,-1,36,True,True,False,"A:1,B:1,ESTOP:0,MODE:1",,,,nan,nan,nan,-1,9998000100000000.0,0.0027595264393272525,-0.010993639204192964,0.27911107793921347,0.9601919240873092,-0.0072082098107365804,0.004782202150464463,-0.00937241808320955,0.196133,0.0588399,9.80665
1786685103.336230,45.836,0.0,-1.0,0,0,,,,,,,,,,,,,,,,,,,,,,,,,,,0,0.0,-1,67,True,True,False,"A:1,B:1,ESTOP:0,MODE:1",,,,nan,nan,nan,-1,9998000100000000.0,0.002771221887853477,-0.010972057696794709,0.27909457308381236,0.960196934776565,0.005916666164260778,-0.000593411945678072,-0.008552113334772215,0.17651969999999997,0.00980665,9.79684335
1786685103.386261,45.886,0.0,-1.0,0,0,,,,,,,,,,,,,,,,,,,,,,,,,,,0,0.0,-1,65,True,True,False,"A:1,B:1,ESTOP:0,MODE:1",,,,nan,nan,nan,-1,9998000100000000.0,0.002756803061681696,-0.010985332148326095,0.2790859711658822,0.9601993247304783,-0.0005585053606381855,-0.0030892327760299633,-0.0005061454830783556,0.21574629999999997,-0.06864655,9.77723005
1786685103.436115,45.936,0.0,-1.0,0,0,,,,,,,,,,,,,,,,,,,,,,,,,,,0,0.0,-1,65,True,True,False,"A:1,B:1,ESTOP:0,MODE:1",,,,nan,nan,nan,-1,9998000100000000.0,0.002768001610724785,-0.010991179345177583,0.27911955311061104,0.9601894642282939,0.006213372137099813,-0.0031764992386296795,0.0037000980142279784,0.21574629999999997,-0.0,9.757616749999999
1786685103.486301,45.986,0.0,-1.0,0,0,,,,,,,,,,,,,,,,,,,,,,,,,,,0,0.0,-1,34,True,True,False,"A:1,B:1,ESTOP:0,MODE:1",,,,nan,nan,nan,-1,9998000100000000.0,0.0027561148564989742,-0.011012809318276279,0.2791192988430539,0.9601893244955284,-0.0006806784082777885,-0.002670353755551324,0.0013439035240356337,0.18632634999999997,-0.06864655,9.757616749999999
1786685103.536355,46.036,0.0,-1.0,0,0,,,,,,,,,,,,,,,,,,,,,,,,,,,0,0.0,-1,65,True,True,False,"A:1,B:1,ESTOP:0,MODE:1",,,,nan,nan,nan,-1,9998000100000000.0,0.002767713861373862,-0.010991251807523668,0.2790944153135705,0.960196771232054,0.00034906585039886593,-0.006754424205218055,-0.007871434926494426,0.20593965,-0.02941995,9.80665
1786685103.586262,46.086,0.0,-1.0,0,0,,,,,,,,,,,,,,,,,,,,,,,,,,,0,0.0,-1,36,True,True,False,"A:1,B:1,ESTOP:0,MODE:1",,,,nan,nan,nan,-1,9998000100000000.0,0.0027541759131845802,-0.010977000922266628,0.2790692435488985,0.9602042893420323,0.005288347633542819,0.006370451769779303,-0.0031066860685499066,0.17651969999999997,0.0392266,9.7870367
1786685103.636260,46.136,0.0,-1.0,0,0,,,,,,,,,,,,,,,,,,,,,,,,,,,0,0.0,-1,67,True,True,False,"A:1,B:1,ESTOP:0,MODE:1",,,,nan,nan,nan,-1,9998000100000000.0,0.0027720077542630244,-0.010944556876323527,0.2790696232404933,0.9602044980274776,0.0005061454830783556,-0.0040666171571467884,-0.0013962634015954637,0.29419949999999995,0.0980665,9.7674234
1786685103.686377,46.186,0.0,-1.0,0,0,,,,,,,,,,,,,,,,,,,,,,,,,,,0,0.0,-1,65,True,True,False,"A:1,B:1,ESTOP:0,MODE:1",,,,nan,nan,nan,-1,9998000100000000.0,0.002805620636693469,-0.010934791018879538,0.27907838446109523,0.9602019652993851,0.002234021442552742,0.0031764992386296795,0.005602506898901798,0.16671305,0.0196133,9.81645665
1786685103.736246,46.236,0.0,-1.0,0,0,,,,,,,,,,,,,,,,,,,,,,,,,,,0,0.0,-1,65,True,True,False,"A:1,B:1,ESTOP:0,MODE:1",,,,nan,nan,nan,-1,9998000100000000.0,0.0028281326059702047,-0.010919154797566966,0.2790619421587717,0.9602068559237869,0.0028448866807507574,-0.0033335788713091696,0.002234021442552742,0.18632634999999997,0.04903325,9.77723005
1786685103.786252,46.286,0.0,-1.0,0,0,,,,,,,,,,,,,,,,,,,,,,,,,,,0,0.0,-1,36,True,True,False,"A:1,B:1,ESTOP:0,MODE:1",,,,nan,nan,nan,-1,9998000100000000.0,0.00285083542653148,-0.010903469600703548,0.2790622579334716,0.9602068752540309,0.0019896753472735357,0.0028099800957108708,0.003141592653589793,0.2353596,0.02941995,9.757616749999999
1786685103.836208,46.336,0.0,-1.0,0,0,,,,,,,,,,,,,,,,,,,,,,,,,,,0,0.0,-1,37,True,True,False,"A:1,B:1,ESTOP:0,MODE:1",,,,nan,nan,nan,-1,9998000100000000.0,0.002837775419080947,-0.010889096611943663,0.2790789816023418,0.9602022165322504,0.0017976891295541594,-0.0,0.003193952531149623,0.24516625,-0.0196133,9.7870367
1786685103.886281,46.386,0.0,-1.0,0,0,,,,,,,,,,,,,,,,,,,,,,,,,,,0,0.0,-1,68,True,True,False,"A:1,B:1,ESTOP:0,MODE:1",,,,nan,nan,nan,-1,9998000100000000.0,0.002829301027236248,-0.010891556725803988,0.2790705072104971,0.9602046766461106,0.0010471975511965976,0.00809832772925369,-0.008464846872172497,0.21574629999999997,-0.0196133,9.79684335
1786685103.936248,46.436,0.0,-1.0,0,0,,,,,,,,,,,,,,,,,,,,,,,,,,,0,0.0,-1,68,True,True,False,"A:1,B:1,ESTOP:0,MODE:1",,,,nan,nan,nan,-1,9998000100000000.0,0.0028127324718125075,-0.010896378333557902,0.27908707576592084,0.9601998550383567,-0.0007155849933176752,-0.004782202150464463,0.004345869837465881,0.2353596,-0.04903325,9.7674234
1786685103.986276,46.486,0.0,-1.0,0,0,,,,,,,,,,,,,,,,,,,,,,,,,,,0,0.0,-1,39,True,True,False,"A:1,B:1,ESTOP:0,MODE:1",,,,nan,nan,nan,-1,9998000100000000.0,0.0028151680300520193,-0.010904757638967782,0.2790870455059536,0.960199761570766,-0.013892820845874863,0.0010995574287564276,0.0005061454830783556,0.24516625,-0.0,9.81645665
1786685104.036192,46.536,0.0,-1.0,0,0,,,,,,,,,,,,,,,,,,,,,,,,,,,0,0.0,-1,68,True,True,False,"A:1,B:1,ESTOP:0,MODE:1",,,,nan,nan,nan,-1,9998000100000000.0,0.0028318315573757735,-0.010899911362270703,0.2790788564535162,0.9602021477495887,-0.0008028514559173916,-0.002408554367752175,-0.0045204027626653135,0.3334261,0.00980665,9.79684335
1786685104.086334,46.586,0.0,-1.0,0,0,,,,,,,,,,,,,,,,,,,,,,,,,,,0,0.0,-1,67,True,True,False,"A:1,B:1,ESTOP:0,MODE:1",,,,nan,nan,nan,-1,9998000100000000.0,0.0028522928476997426,-0.01093939745556855,0.2790704216940563,0.9602040896311167,0.0003839724354387525,0.001780235837034216,0.006457718232379019,0.21574629999999997,0.0392266,9.80665
1786685104.136464,46.636,0.0,-1.0,0,0,,,,,,,,,,,,,,,,,,,,,,,,,,,0,0.0,-1,37,True,True,False,"A:1,B:1,ESTOP:0,MODE:1",,,,nan,nan,nan,-1,9998000100000000.0,0.002868265416764503,-0.010962025048483903,0.2790955647844598,0.960196476132869,-0.003560471674068432,-0.006841690667817772,-0.0038746309394274117,0.18632634999999997,0.06864655,9.855683249999998
1786685104.186254,46.686,0.0,-1.0,0,0,,,,,,,,,,,,,,,,,,,,,,,,,,,0,0.0,-1,37,True,True,False,"A:1,B:1,ESTOP:0,MODE:1",,,,nan,nan,nan,-1,9998000100000000.0,0.002878984623266407,-0.010967993882077042,0.2790872510445173,0.9601987923665372,0.01022762941668677,0.003141592653589793,0.0013264502315156904,0.1372931,0.04903325,9.77723005
1786685104.236145,46.736,0.0,-1.0,0,0,,,,,,,,,,,,,,,,,,,,,,,,,,,0,0.0,-1,68,True,True,False,"A:1,B:1,ESTOP:0,MODE:1",,,,nan,nan,nan,-1,9998000100000000.0,0.0028609585370366294,-0.010936887210328965,0.2790956551356733,0.960196758325494,-0.0023387411976724015,0.003159045946109736,0.005794493116621174,0.18632634999999997,-0.0392266,9.738003449999999
1786685104.286253,46.786,0.0,-1.0,0,0,,,,,,,,,,,,,,,,,,,,,,,,,,,0,0.0,-1,38,True,True,False,"A:1,B:1,ESTOP:0,MODE:1",,,,nan,nan,nan,-1,9998000100000000.0,0.0028691469917574144,-0.010934501718584632,0.27907899193042074,0.9602016043158884,-6.981317007977319e-05,-0.0020943951023931952,0.000296705972839036,0.2353596,0.0196133,9.747810099999999
1786685104.336273,46.836,0.0,-1.0,0,0,,,,,,,,,,,,,,,,,,,,,,,,,,,0,0.0,-1,35,True,True,False,"A:1,B:1,ESTOP:0,MODE:1",,,,nan,nan,nan,-1,9998000100000000.0,0.002905195234932241,-0.01093311398919772,0.27908772304536295,0.9601989740176257,0.0007155849933176752,0.008360127117052838,0.001710422666954443,0.196133,-0.04903325,9.757616749999999
1786685104.386349,46.886,0.0,-1.0,0,0,,,,,,,,,,,,,,,,,,,,,,,,,,,0,0.0,-1,66,True,True,False,"A:1,B:1,ESTOP:0,MODE:1",,,,nan,nan,nan,-1,9998000100000000.0,0.002911139002860693,-0.01092229918590939,0.27908784810041176,0.9601990427473258,-0.0077492618788548235,-0.006073745796940267,0.0007853981633974482,0.14709974999999997,0.0392266,9.77723005
1786685104.436151,46.936,0.0,-1.0,0,0,,,,,,,,,,,,,,,,,,,,,,,,,,,0,0.0,-1,66,True,True,False,"A:1,B:1,ESTOP:0,MODE:1",,,,nan,nan,nan,-1,9998000100000000.0,0.0029052906442399214,-0.010933088636170287,0.27909610235152144,0.9601965384812295,-3.490658503988659e-05,-0.0009250245035569946,0.0075223690760955605,0.196133,-0.0392266,9.875296549999998
1786685104.486295,46.986,0.0,-1.0,0,0,,,,,,,,,,,,,,,,,,,,,,,,,,,0,0.0,-1,37,True,True,False,"A:1,B:1,ESTOP:0,MODE:1",,,,nan,nan,nan,-1,9998000100000000.0,0.0029245802953846794,-0.010936571248437853,0.2791046428058348,0.9601939578041777,0.007051130178057092,-0.005794493116621174,0.00047123889803846896,0.16671305,0.0196133,9.79684335
1786685104.536211,47.036,0.0,-1.0,0,0,,,,,,,,,,,,,,,,,,,,,,,,,,,0,0.0,-1,67,True,True,False,"A:1,B:1,ESTOP:0,MODE:1",,,,nan,nan,nan,-1,9998000100000000.0,0.0029138607151021163,-0.010930602207997664,0.2791129562982012,0.9601916417973975,0.004921828490624009,-0.0021118483949131386,-0.0029321531433504737,0.17651969999999997,0.0392266,9.79684335
1786685104.586251,47.086,0.0,-1.0,0,0,,,,,,,,,,,,,,,,,,,,,,,,,,,0,0.0,-1,64,True,True,False,"A:1,B:1,ESTOP:0,MODE:1",,,,nan,nan,nan,-1,9998000100000000.0,0.0029367532076207846,-0.01091486454974797,0.2791300302677946,0.9601867877736905,-0.0016755160819145565,-0.0016057029118347831,0.005445427266222308,0.20593965,0.06864655,9.81645665
1786685104.636243,47.136,0.0,-1.0,0,0,,,,,,,,,,,,,,,,,,,,,,,,,,,0,0.0,-1,64,True,True,False,"A:1,B:1,ESTOP:0,MODE:1",,,,nan,nan,nan,-1,9998000100000000.0,0.002916296482995277,-0.010938981446437398,0.2791129266182242,0.9601915476061782,0.006806784082777886,-0.0016231562043547264,-0.004991641660703782,0.21574629999999997,-0.00980665,9.79684335
1786685104.686386,47.186,0.0,-1.0,0,0,,,,,,,,,,,,,,,,,,,,,,,,,,,0,0.0,-1,37,True,True,False,"A:1,B:1,ESTOP:0,MODE:1",,,,nan,nan,nan,-1,9998000100000000.0,0.0029484496836210228,-0.010893285873248672,0.27911352078555673,0.960191796195967,-0.003543018381548489,-3.490658503988659e-05,-0.002722713633111154,0.196133,0.02941995,9.7870367
1786685104.736241,47.236,0.0,-1.0,0,0,,,,,,,,,,,,,,,,,,,,,,,,,,,0,0.0,-1,67,True,True,False,"A:1,B:1,ESTOP:0,MODE:1",,,,nan,nan,nan,-1,9998000100000000.0,0.0029366579573470615,-0.010914890177338757,0.27912165104672587,0.960189223606164,-8.726646259971648e-05,0.0004188790204786391,0.007487462491055674,0.14709974999999997,-0.00980665,9.71839015
1786685104.786245,47.286,0.0,-1.0,0,0,,,,,,,,,,,,,,,,,,,,,,,,,,,0,0.0,-1,38,True,True,False,"A:1,B:1,ESTOP:0,MODE:1",,,,nan,nan,nan,-1,9998000100000000.0,0.002964136227883371,-0.010915987872803772,0.2791135282405922,0.9601914879117973,0.0020594885173533086,-0.0016057029118347831,0.004363323129985824,0.2353596,0.00980665,9.81645665
1786685104.836129,47.336,0.0,-1.0,0,0,,,,,,,,,,,,,,,,,,,,,,,,,,,0,0.0,-1,38,True,True,False,"A:1,B:1,ESTOP:0,MODE:1",,,,nan,nan,nan,-1,9998000100000000.0,0.0029247711741163945,-0.010936520203216728,0.2791214013093453,0.9601890863629575,-0.004310963252425994,-0.008569566627292158,0.00471238898038469,0.1569064,0.00980665,9.855683249999998
1786685104.886259,47.386,0.0,-1.0,0,0,,,,,,,,,,,,,,,,,,,,,,,,,,,0,0.0,-1,38,True,True,False,"A:1,B:1,ESTOP:0,MODE:1",,,,nan,nan,nan,-1,9998000100000000.0,0.002930815186215017,-0.010989282436165248,0.27910436883433265,0.9601934166049417,0.0045553093477052,0.005689773361501515,0.0029321531433504737,0.2353596,0.0196133,9.77723005
1786685104.936226,47.436,0.0,-1.0,0,0,,,,,,,,,,,,,,,,,,,,,,,,,,,0,0.0,-1,64,True,True,False,"A:1,B:1,ESTOP:0,MODE:1",,,,nan,nan,nan,-1,9998000100000000.0,0.0029186367168110446,-0.010947386154371123,0.27910451765520855,0.9601938890247926,-0.0012915436464758037,-0.0006806784082777885,0.004799655442984407,0.22555294999999997,-0.02941995,9.747810099999999
1786685104.986218,47.486,0.0,-1.0,0,0,,,,,,,,,,,,,,,,,,,,,,,,,,,0,0.0,-1,36,True,True,False,"A:1,B:1,ESTOP:0,MODE:1",,,,nan,nan,nan,-1,9998000100000000.0,0.0028972930686387973,-0.010935423080767089,0.2791295239446645,0.9601868209246283,0.008325220532012952,-0.0057246799465414016,0.0005235987755982988,0.14709974999999997,0.0,9.738003449999999
1786685105.036216,47.536,0.0,-1.0,0,0,,,,,,,,,,,,,,,,,,,,,,,,,,,0,0.0,-1,66,True,True,False,"A:1,B:1,ESTOP:0,MODE:1",,,,nan,nan,nan,-1,9998000100000000.0,0.0029430851800593357,-0.010967549906678593,0.2791381367985284,0.9601838114045212,-0.003525565089028546,-0.008168140899333463,-0.0031066860685499066,0.1569064,-0.02941995,9.7870367
1786685105.086240,47.586,0.0,-1.0,0,0,,,,,,,,,,,,,,,,,,,,,,,,,,,0,0.0,-1,37,True,True,False,"A:1,B:1,ESTOP:0,MODE:1",,,,nan,nan,nan,-1,9998000100000000.0,0.00295867640660387,-0.010990277297538705,0.27912976453356925,0.9601859375091256,0.0030543261909900766,-0.0019896753472735357,0.002548180707911721,0.20593965,-0.06864655,9.836069949999999
1786685105.136219,47.636,0.0,-1.0,0,0,,,,,,,,,,,,,,,,,,,,,,,,,,,0,0.0,-1,65,True,True,False,"A:1,B:1,ESTOP:0,MODE:1",,,,nan,nan,nan,-1,9998000100000000.0,0.002950201273839322,-0.010992738909617394,0.27912128940080483,0.9601883991212042,-0.0016406094968746698,0.006771877497737999,0.0010297442586766543,0.24516625,0.06864655,9.845876599999999
1786685105.186270,47.686,0.0,-1.0,0,0,,,,,,,,,,,,,,,,,,,,,,,,,,,0,0.0,-1,36,True,True,False,"A:1,B:1,ESTOP:0,MODE:1",,,,nan,nan,nan,-1,9998000100000000.0,0.002952733114172428,-0.011001092353599688,0.2791296389092465,0.9601858684736918,-0.0016580627893946131,0.0016929693744344998,0.007330382858376184,0.26477955,-0.0196133,9.7870367
1786685105.236133,47.736,0.0,-1.0,0,0,,,,,,,,,,,,,,,,,,,,,,,,,,,0,0.0,-1,64,True,True,False,"A:1,B:1,ESTOP:0,MODE:1",,,,nan,nan,nan,-1,9998000100000000.0,0.0029452338143958296,-0.010976006187496595,0.27911296950946196,0.960191024295458,-0.0029321531433504737,0.002495820830351891,0.0029321531433504737,0.14709974999999997,0.0,9.80665
1786685105.286172,47.786,0.0,-1.0,0,0,,,,,,,,,,,,,,,,,,,,,,,,,,,0,0.0,-1,37,True,True,False,"A:1,B:1,ESTOP:0,MODE:1",,,,nan,nan,nan,-1,9998000100000000.0,0.0029667679474788154,-0.010987919103973275,0.2791047227271653,0.9601932189268484,0.0006283185307179586,-0.002495820830351891,-0.002495820830351891,0.2353596,-0.02941995,9.826263299999999
1786685105.336227,47.836,0.0,-1.0,0,2,,,,,,,,,,,,,,,,,,,,,,,,,,,0,0.0,-1,66,True,True,False,"A:1,B:1,ESTOP:0,MODE:1",,,,nan,nan,nan,-1,9998000100000000.0,0.002966959722393248,-0.010987867322430895,0.27912148121778,0.9601883474842334,-0.005986479334340551,0.003892084231947355,-0.0041887902047863905,0.22555294999999997,0.0,9.7870367
1786685105.386244,47.886,0.0,-1.0,0,2,,,,,,,,,,,,,,,,,,,,,,,,,,,0,0.0,-1,37,True,True,False,"A:1,B:1,ESTOP:0,MODE:1",,,,nan,nan,nan,-1,9998000100000000.0,0.003030390060402829,-0.010987601612309746,0.27911371456193335,0.9601904101220394,0.003665191429188092,-0.015009831567151233,0.0056199601914217415,0.8924051499999999,0.7256921,9.296704199999999
1786685105.436122,47.936,0.0,-1.0,0,2,,,,,,,,,,,,,,,,,,,,,,,,,,,0,0.43356630206108093,-2,66,True,True,False,"A:1,B:1,ESTOP:0,MODE:1",,,,nan,nan,nan,-1,9998000100000000.0,0.003083781662976614,-0.011171998365784997,0.279096311222011,0.9601931710887327,-0.093567101199416,0.038659042931674395,-0.007033676885537149,1.1767979999999998,-2.1966896,11.79739995
1786685105.486306,47.986,0.0,-1.0,0,0,,,,,,,,,,,,,,,,,,,,,,,,,,,0,0.8139891624450684,-1,37,True,True,False,"A:1,B:1,ESTOP:0,MODE:1",,,,nan,nan,nan,-1,9998000100000000.0,0.0027688819280859687,-0.010963654256867926,0.2791029832731629,0.9601945929374027,0.12267919312268143,-0.13564698946499928,0.027820548276789616,0.0980665,-2.2163029,8.835791649999999
1786685105.536268,48.036,0.0,-1.0,0,0,,,,,,,,,,,,,,,,,,,,,,,,,,,0,0.8874396085739136,-1,64,True,True,False,"A:1,B:1,ESTOP:0,MODE:1",,,,nan,nan,nan,-1,9998000100000000.0,0.0029436817388603658,-0.011003708058615265,0.2790708879567206,0.960202943466551,0.1435533309765336,-0.07918558816298273,-0.0057246799465414016,0.22555294999999997,-0.40207265,9.81645665
1786685105.586242,48.086,0.0,-1.0,0,0,,,,,,,,,,,,,,,,,,,,,,,,,,,0,1.2773189544677734,-1,36,True,True,False,"A:1,B:1,ESTOP:0,MODE:1",,,,nan,nan,nan,-1,9998000100000000.0,0.002819444239829661,-0.010948966634689665,0.27912869468234847,0.9601871393997835,-0.10026916552707424,0.05276130328778859,-0.002478367537831948,0.0980665,-2.1966896,10.591182
1786685105.636083,48.136,0.0,-1.0,0,0,,,,,,,,,,,,,,,,,,,,,,,,,,,0,0.8255017399787903,-1,66,True,True,False,"A:1,B:1,ESTOP:0,MODE:1",,,,nan,nan,nan,-1,9998000100000000.0,0.00306683121244456,-0.010831612162704682,0.2791150286558053,0.9601916847706712,-0.24837780585131303,0.1536762406381007,0.03639011490408177,-1.0591182,2.5301157,9.610517
1786685105.686257,48.186,0.0,-1.0,0,0,,,,,,,,,,,,,,,,,,,,,,,,,,,0,1.349520206451416,-2,33,True,True,False,"A:1,B:1,ESTOP:0,MODE:1",,,,nan,nan,nan,-1,9998000100000000.0,0.0027674165928012234,-0.010864127175029447,0.27912036483155606,0.9601906758985038,0.06164502918043972,-0.03721041965251911,-0.0033161255787892262,-0.1176798,-2.8831550999999997,9.394770699999999
1786685105.736246,48.236,0.0,-1.0,0,0,,,,,,,,,,,,,,,,,,,,,,,,,,,0,1.246541142463684,-1,65,True,True,False,"A:1,B:1,ESTOP:0,MODE:1",,,,nan,nan,nan,-1,9998000100000000.0,0.003454223290520115,-0.010882572726351177,0.2791184313523905,0.960188803950398,-0.04557054676957195,0.01722639971718403,0.0016580627893946131,0.48052585,0.5687857,9.9439431
1786685105.786412,48.286,0.0,-1.0,0,0,,,,,,,,,,,,,,,,,,,,,,,,,,,0,1.3162391185760498,-1,67,True,True,False,"A:1,B:1,ESTOP:0,MODE:1",,,,nan,nan,nan,-1,9998000100000000.0,0.0033939206263985094,-0.010863759199167468,0.2790928268057347,0.9601966746789057,0.02944370448114434,-0.02923426497090502,-0.0045204027626653135,-0.3334261,-0.29419949999999995,9.659550249999999
1786685105.836259,48.336,0.0,-1.0,0,0,,,,,,,,,,,,,,,,,,,,,,,,,,,0,0.6392937302589417,-1,67,True,True,False,"A:1,B:1,ESTOP:0,MODE:1",,,,nan,nan,nan,-1,9998000100000000.0,0.003892105579580962,-0.010891649348599092,0.27904721996709675,0.9602077236292464,-0.04834562028024293,-0.012828170002158322,-0.012810716709638379,0.6080123,3.81478685,10.4342756
1786685105.886232,48.386,0.0,-1.0,0,0,,,,,,,,,,,,,,,,,,,,,,,,,,,0,0.44065141677856445,0,46,True,True,False,"A:1,B:1,ESTOP:0,MODE:1",,,,nan,nan,nan,-1,9998000100000000.0,0.00359492937755027,-0.010805337268456852,0.2790867166839734,0.9601983783259815,-0.0675616953447005,0.10105456369047168,-0.0108035880698449,-0.10787314999999999,1.36312435,10.77750835
1786685105.936258,48.436,0.0,-1.0,0,0,,,,,,,,,,,,,,,,,,,,,,,,,,,0,0.843559205532074,-1,72,True,True,False,"A:1,B:1,ESTOP:0,MODE:1",,,,nan,nan,nan,-1,9998000100000000.0,0.003163104423690917,-0.010694580117750868,0.279100007817641,0.9601972747111411,-0.0947364717982522,0.048014007722364006,0.011868238913561441,-0.04903325,-2.3241760499999997,8.91424485
1786685105.986252,48.486,0.0,-1.0,0,0,,,,,,,,,,,,,,,,,,,,,,,,,,,0,0.7531596422195435,-1,42,True,True,False,"A:1,B:1,ESTOP:0,MODE:1",,,,nan,nan,nan,-1,9998000100000000.0,0.0035145430248828763,-0.010746910305047767,0.2791030349823474,0.9601945884922827,0.10381218390862273,-0.04314453910929983,-0.011798425743481668,0.0392266,0.6276256,9.60071035
1786685106.036176,48.536,0.0,-1.0,0,0,,,,,,,,,,,,,,,,,,,,,,,,,,,0,0.8010634779930115,-1,67,True,True,False,"A:1,B:1,ESTOP:0,MODE:1",,,,nan,nan,nan,-1,9998000100000000.0,0.003211148804042933,-0.010798751898297303,0.27906632976713597,0.9602057378869892,-0.0773529924483887,0.021205750411731106,-0.008639379797371931,0.18632634999999997,-0.25497289999999995,9.953749749999998
1786685106.086272,48.586,0.0,-1.0,0,0,,,,,,,,,,,,,,,,,,,,,,,,,,,0,0.6875742673873901,-1,39,True,True,False,"A:1,B:1,ESTOP:0,MODE:1",,,,nan,nan,nan,-1,9998000100000000.0,0.0031009492348817824,-0.01079443102254486,0.27907368751593326,0.9602040102545922,0.021345376751890653,-0.004607669225265031,-0.0008203047484373349,0.26477955,0.6864655000000001,9.9635564
1786685106.136182,48.636,0.0,-1.0,0,0,,,,,,,,,,,,,,,,,,,,,,,,,,,0,0.7541593909263611,-1,69,True,True,False,"A:1,B:1,ESTOP:0,MODE:1",,,,nan,nan,nan,-1,9998000100000000.0,0.002581352866789977,-0.01072733860332552,0.27904409004838043,0.9602149012762393,-0.0102799892942466,0.002530727415391778,0.005707226654021458,0.10787314999999999,-0.35303939999999995,9.69877685
1786685106.186254,48.686,0.0,-1.0,0,0,,,,,,,,,,,,,,,,,,,,,,,,,,,0,0.6421669721603394,-1,38,True,True,False,"A:1,B:1,ESTOP:0,MODE:1",,,,nan,nan,nan,-1,9998000100000000.0,0.0026402966096593992,-0.010773818984189248,0.2790443418032569,0.9602141474514402,-0.013857914260834978,-0.0024609142453120045,0.0006283185307179586,0.34323275000000003,0.6472389,10.0420096
1786685106.236127,48.736,0.0,-1.0,0,0,,,,,,,,,,,,,,,,,,,,,,,,,,,0,0.6817317605018616,-1,67,True,True,False,"A:1,B:1,ESTOP:0,MODE:1",,,,nan,nan,nan,-1,9998000100000000.0,0.0027209956664525923,-0.010677657015426605,0.2790121903293436,0.9602243391368843,0.0056199601914217415,0.0019722220547535923,0.0035779249665883754,0.1569064,-0.20593965,9.6889702
1786685106.286304,48.786,0.0,-1.0,0,0,,,,,,,,,,,,,,,,,,,,,,,,,,,0,0.6339910626411438,-1,38,True,True,False,"A:1,B:1,ESTOP:0,MODE:1",,,,nan,nan,nan,-1,9998000100000000.0,0.0026746071558845603,-0.01073657511336392,0.27901976480939056,0.9602216115444961,-0.016283921921107097,0.0006632251157578452,-0.0064228116473391324,0.24516625,0.29419949999999995,9.9439431
1786685106.336278,48.836,0.0,-1.0,0,0,,,,,,,,,,,,,,,,,,,,,,,,,,,0,0.6185817122459412,-1,65,True,True,False,"A:1,B:1,ESTOP:0,MODE:1",,,,nan,nan,nan,-1,9998000100000000.0,0.002679664808204372,-0.010753287327011599,0.27903646273667176,0.9602165582156893,0.01223475805648025,0.0005759586531581288,0.005288347633542819,0.25497289999999995,0.08825984999999999,9.845876599999999
1786685106.386269,48.886,0.0,-1.0,0,0,,,,,,,,,,,,,,,,,,,,,,,,,,,0,0.6495734453201294,-1,37,True,True,False,"A:1,B:1,ESTOP:0,MODE:1",,,,nan,nan,nan,-1,9998000100000000.0,0.0027347180206403546,-0.010755459758467497,0.2790285856505649,0.9602186676963623,-0.012915436464758038,0.00020943951023931956,0.003979350694547071,0.18632634999999997,-0.16671305,9.77723005
1786685106.436159,48.936,0.0,-1.0,0,0,,,,,,,,,,,,,,,,,,,,,,,,,,,0,0.6423710584640503,-1,67,True,True,False,"A:1,B:1,ESTOP:0,MODE:1",,,,nan,nan,nan,-1,9998000100000000.0,0.0027610289848749745,-0.010784155849035307,0.2790118941141602,0.9602231207612099,0.009704030641088473,0.0003665191429188092,0.003682644721708035,0.21574629999999997,0.0588399,9.836069949999999
1786685106.486248,48.986,0.0,-1.0,0,0,,,,,,,,,,,,,,,,,,,,,,,,,,,0,0.6684567332267761,-1,37,True,True,False,"A:1,B:1,ESTOP:0,MODE:1",,,,nan,nan,nan,-1,9998000100000000.0,0.002803020622927655,-0.010771957187702848,0.2790207439119491,0.9602205644957602,-0.0017976891295541594,0.0016231562043547264,-0.002949606435870417,0.196133,-0.1372931,9.845876599999999
1786685106.536250,49.036,0.0,-1.0,0,0,,,,,,,,,,,,,,,,,,,,,,,,,,,0,0.6717023253440857,-1,66,True,True,False,"A:1,B:1,ESTOP:0,MODE:1",,,,nan,nan,nan,-1,9998000100000000.0,0.002648582060599835,-0.010771406976166157,0.2790360563523164,0.9602165594594632,0.008848819307611252,0.0022514747350726853,-0.0024260076602721182,0.21574629999999997,-0.00980665,9.836069949999999
1786685106.586534,49.087,0.0,-1.0,0,0,,,,,,,,,,,,,,,,,,,,,,,,,,,0,0.6573313474655151,-1,38,True,True,False,"A:1,B:1,ESTOP:0,MODE:1",,,,nan,nan,nan,-1,9998000100000000.0,0.0027753481912538604,-0.010707307735770069,0.2790376465921999,0.9602164562158656,-0.00603883921190038,-0.00019198621771937625,-0.000890117918517108,0.24516625,0.08825984999999999,9.875296549999998
1786685106.636138,49.136,0.0,-1.0,0,0,,,,,,,,,,,,,,,,,,,,,,,,,,,0,0.689142107963562,-1,64,True,True,False,"A:1,B:1,ESTOP:0,MODE:1",,,,nan,nan,nan,-1,9998000100000000.0,0.0026571494843587373,-0.010768925552431464,0.2790529092375401,0.9602116660638577,-0.002530727415391778,-0.0030543261909900766,0.001308996938995747,0.1569064,-0.1569064,9.81645665
1786685106.686290,49.186,0.0,-1.0,0,0,,,,,,,,,,,,,,,,,,,,,,,,,,,0,0.6682835221290588,-1,8,True,True,False,"A:1,B:1,ESTOP:0,MODE:1",,,,nan,nan,nan,-1,9998000100000000.0,0.002822302729557511,-0.010711842059420464,0.279054813839202,0.9602112798338525,-0.002722713633111154,-0.0004363323129985824,0.012967796342317869,0.17651969999999997,0.16671305,9.8851032
1786685106.736250,49.236,0.0,-1.0,0,0,,,,,,,,,,,,,,,,,,,,,,,,,,,0,0.6773322224617004,-1,41,True,True,False,"A:1,B:1,ESTOP:0,MODE:1",,,,nan,nan,nan,-1,9998000100000000.0,0.002772026180668064,-0.010726453320615328,0.2790542525859413,0.9602114262930409,0.005602506898901798,0.006056292504420323,0.0021991148575128553,0.26477955,-0.06864655,9.914523149999999
1786685106.786255,49.286,0.0,-1.0,0,0,,,,,,,,,,,,,,,,,,,,,,,,,,,0,0.6573788523674011,-1,15,True,True,False,"A:1,B:1,ESTOP:0,MODE:1",,,,nan,nan,nan,-1,9998000100000000.0,0.0028450990804076695,-0.010696132179758455,0.2790635026718342,0.9602088625107261,-8.726646259971648e-05,-0.0009250245035569946,0.0013439035240356337,0.25497289999999995,0.1176798,9.7281968
1786685106.836148,49.336,0.0,-1.0,0,0,,,,,,,,,,,,,,,,,,,,,,,,,,,0,0.0,-1,46,True,True,False,"A:1,B:1,ESTOP:0,MODE:1",,,,nan,nan,nan,-1,9998000100000000.0,0.002821322819122849,-0.010739390874274389,0.27906301151890556,0.9602085925585122,-0.002548180707911721,0.004345869837465881,-0.00783652834145454,0.25497289999999995,-0.0392266,9.8654899
1786685106.886498,49.386,0.0,-1.0,0,0,,,,,,,,,,,,,,,,,,,,,,,,,,,0,0.0,-1,22,True,True,False,"A:1,B:1,ESTOP:0,MODE:1",,,,nan,nan,nan,-1,9998000100000000.0,0.002846461020322256,-0.01073208501803759,0.2790632925798678,0.9602085183673953,-0.0030019663134302466,-0.0019373154697137059,-0.001413716694115407,0.2353596,0.0392266,9.81645665
1786685106.936253,49.436,0.0,-1.0,0,0,,,,,,,,,,,,,,,,,,,,,,,,,,,0,0.0,-1,50,True,True,False,"A:1,B:1,ESTOP:0,MODE:1",,,,nan,nan,nan,-1,9998000100000000.0,0.002814587533650026,-0.010777705290971471,0.2790878435943244,0.9602009658001529,-0.0014486232791552935,-0.009005898940290741,-0.005585053606381855,0.16671305,-0.04903325,9.81645665
1786685106.986210,49.486,0.0,-1.0,0,0,,,,,,,,,,,,,,,,,,,,,,,,,,,0,0.0,-1,26,True,True,False,"A:1,B:1,ESTOP:0,MODE:1",,,,nan,nan,nan,-1,9998000100000000.0,0.002881434433251272,-0.010758271549787252,0.27907183663260565,0.9602056378335694,-0.0037175513067479217,-0.00773180858633488,-0.0005061454830783556,0.2353596,0.06864655,9.80665
1786685107.036174,49.536,0.0,-1.0,0,0,,,,,,,,,,,,,,,,,,,,,,,,,,,0,0.0,-1,57,True,True,False,"A:1,B:1,ESTOP:0,MODE:1",,,,nan,nan,nan,-1,9998000100000000.0,0.0028754904640738346,-0.010769086272071326,0.27907171356065574,0.9602055701909747,0.003735004599267865,-0.003403392041388943,0.002373647782712288,0.16671305,-0.0588399,9.81645665
1786685107.086241,49.586,0.0,-1.0,0,0,,,,,,,,,,,,,,,,,,,,,,,,,,,0,0.0,-1,29,True,True,False,"A:1,B:1,ESTOP:0,MODE:1",,,,nan,nan,nan,-1,9998000100000000.0,0.0028261934942129495,-0.010756149642943243,0.2790629525826614,0.9602084077798106,-0.006579891280018622,0.004363323129985824,-0.00486946861306418,0.1569064,0.04903325,9.81645665
1786685107.136283,49.636,0.0,-1.0,0,0,,,,,,,,,,,,,,,,,,,,,,,,,,,0,0.0,-1,60,True,True,False,"A:1,B:1,ESTOP:0,MODE:1",,,,nan,nan,nan,-1,9998000100000000.0,0.0028722643378556144,-0.010788205159796447,0.27909669902983053,0.9601981031629129,-0.011065387457644049,-0.00476474885794452,-0.0015533430342749533,0.24516625,-0.00980665,9.81645665
1786685107.186280,49.686,0.0,-1.0,0,0,,,,,,,,,,,,,,,,,,,,,,,,,,,0,0.0,-1,33,True,True,False,"A:1,B:1,ESTOP:0,MODE:1",,,,nan,nan,nan,-1,9998000100000000.0,0.002834955854808243,-0.010817215849656874,0.2790710306318039,0.960205348208739,0.008936085770210968,0.0023212879051524586,0.003839724354387525,0.2353596,0.0196133,9.8851032
1786685107.236146,49.736,0.0,-1.0,0,0,,,,,,,,,,,,,,,,,,,,,,,,,,,0,0.0,-1,33,True,True,False,"A:1,B:1,ESTOP:0,MODE:1",,,,nan,nan,nan,-1,9998000100000000.0,0.0028996495785242353,-0.010789328327461134,0.27908019361315933,0.9602028056402488,-0.007819075048934596,0.00471238898038469,-0.002007128639793479,0.26477955,-0.0,9.7870367
1786685107.286310,49.786,0.0,-1.0,0,0,,,,,,,,,,,,,,,,,,,,,,,,,,,0,0.0,-1,33,True,True,False,"A:1,B:1,ESTOP:0,MODE:1",,,,nan,nan,nan,-1,9998000100000000.0,0.0028711919065217487,-0.010815778619358904,0.2790965166401959,0.960197849190052,0.01001818990644745,0.008255407361933179,0.004921828490624009,0.18632634999999997,-0.00980665,9.855683249999998
1786685107.336173,49.836,0.0,-1.0,0,0,,,,,,,,,,,,,,,,,,,,,,,,,,,0,0.0,-1,64,True,True,False,"A:1,B:1,ESTOP:0,MODE:1",,,,nan,nan,nan,-1,9998000100000000.0,0.0029151395280377964,-0.010748479221291435,0.27908897070271077,0.9602006657923451,-0.0027052603405912107,-0.00012217304763960306,-0.003996803987067015,0.2745862,0.0196133,9.875296549999998
1786685107.386272,49.886,0.0,-1.0,0,0,,,,,,,,,,,,,,,,,,,,,,,,,,,0,0.0,-1,35,True,True,False,"A:1,B:1,ESTOP:0,MODE:1",,,,nan,nan,nan,-1,9998000100000000.0,0.0028854206259267467,-0.010802553351396267,0.27908835533705845,0.9602003275901115,0.0032637657012293962,0.0019722220547535923,-0.00445058959258554,0.18632634999999997,-0.06864655,9.81645665
1786685107.436122,49.936,0.0,-1.0,0,0,,,,,,,,,,,,,,,,,,,,,,,,,,,0,0.0,-1,63,True,True,False,"A:1,B:1,ESTOP:0,MODE:1",,,,nan,nan,nan,-1,9998000100000000.0,0.002894082699846652,-0.01080004208242588,0.279113587485981,0.9601929955259254,-0.0006806784082777885,-0.0026878070480712674,-0.004049163864626845,0.22555294999999997,0.00980665,9.7674234
1786685107.486282,49.986,0.0,-1.0,0,0,,,,,,,,,,,,,,,,,,,,,,,,,,,0,0.0,-1,63,True,True,False,"A:1,B:1,ESTOP:0,MODE:1",,,,nan,nan,nan,-1,9998000100000000.0,0.0028656261434664107,-0.010826493464925707,0.27912990977253543,0.9601880381969128,-0.0012042771838760874,-0.00012217304763960306,0.0009948376736367678,0.21574629999999997,-0.0196133,9.836069949999999
1786685107.536225,50.036,0.0,-1.0,0,0,,,,,,,,,,,,,,,,,,,,,,,,,,,0,0.0,-1,63,True,True,False,"A:1,B:1,ESTOP:0,MODE:1",,,,nan,nan,nan,-1,9998000100000000.0,0.002887161836711862,-0.010838405335534323,0.2791216606262458,0.9601902373152719,0.0012042771838760874,-0.007592182246175334,-0.003909537524467298,0.22555294999999997,0.0392266,9.747810099999999
1786685107.586268,50.086,0.0,-1.0,0,0,,,,,,,,,,,,,,,,,,,,,,,,,,,0,0.0,-1,35,True,True,False,"A:1,B:1,ESTOP:0,MODE:1",,,,nan,nan,nan,-1,9998000100000000.0,0.0029005074699951228,-0.010852702680133434,0.2791300756576406,0.9601875893617419,0.0035953782591083188,0.0030892327760299633,-0.0032812189937493396,0.20593965,-0.0588399,9.81645665
1786685107.636128,50.136,0.0,-1.0,0,0,,,,,,,,,,,,,,,,,,,,,,,,,,,0,0.0,-1,66,True,True,False,"A:1,B:1,ESTOP:0,MODE:1",,,,nan,nan,nan,-1,9998000100000000.0,0.0029365549456886043,-0.010851312774611174,0.2791388043987783,0.960184957982023,0.0035081117965086025,-0.000296705972839036,0.004921828490624009,0.20593965,-0.02941995,9.80665
1786685107.686416,50.186,0.0,-1.0,0,0,,,,,,,,,,,,,,,,,,,,,,,,,,,0,0.0,-1,36,True,True,False,"A:1,B:1,ESTOP:0,MODE:1",,,,nan,nan,nan,-1,9998000100000000.0,0.002884033284328318,-0.010857498917247785,0.2791550237577012,0.9601803319065197,0.0032812189937493396,0.008133234314293577,-0.005026548245743669,0.22555294999999997,-0.0392266,9.80665
1786685107.736257,50.236,0.0,-1.0,0,0,,,,,,,,,,,,,,,,,,,,,,,,,,,0,0.0,-1,38,True,True,False,"A:1,B:1,ESTOP:0,MODE:1",,,,nan,nan,nan,-1,9998000100000000.0,0.002883938534666185,-0.010857524084772635,0.27914664459296956,0.9601827679571026,-0.00010471975511965978,-0.001064650843716541,-0.0024434609527920616,0.2745862,0.08825984999999999,9.845876599999999
1786685107.786275,50.286,0.0,-1.0,0,0,,,,,,,,,,,,,,,,,,,,,,,,,,,0,0.0,-1,38,True,True,False,"A:1,B:1,ESTOP:0,MODE:1",,,,nan,nan,nan,-1,9998000100000000.0,0.002882667894140411,-0.010821546262950161,0.27915523625506367,0.9601806800981108,-0.002897246558310587,-0.008063421144213804,0.000767944870877505,0.21574629999999997,0.04903325,9.69877685
1786685107.836125,50.336,0.0,-1.0,0,0,,,,,,,,,,,,,,,,,,,,,,,,,,,0,0.0,-1,64,True,True,False,"A:1,B:1,ESTOP:0,MODE:1",,,,nan,nan,nan,-1,9998000100000000.0,0.0028872455309382596,-0.010774778353788102,0.2791555710726644,0.9601810949522831,-0.000767944870877505,-0.003246312408709453,0.002670353755551324,0.17651969999999997,-0.10787314999999999,9.747810099999999
1786685107.886359,50.386,0.0,-1.0,0,0,,,,,,,,,,,,,,,,,,,,,,,,,,,0,0.0,-1,36,True,True,False,"A:1,B:1,ESTOP:0,MODE:1",,,,nan,nan,nan,-1,9998000100000000.0,0.0029112180493996646,-0.010795069015588845,0.27914729282639533,0.960183201374671,0.004014257279586958,0.00012217304763960306,-0.005113814708343385,0.196133,-0.04903325,9.79684335
1786685107.936248,50.436,0.0,-1.0,0,0,,,,,,,,,,,,,,,,,,,,,,,,,,,0,0.0,-1,67,True,True,False,"A:1,B:1,ESTOP:0,MODE:1",,,,nan,nan,nan,-1,9998000100000000.0,0.0029340135953445407,-0.010779356180736135,0.27915598334491687,0.9601807819401947,-0.003979350694547071,0.0022165681500327986,0.0012042771838760874,0.32361945,-0.0392266,9.80665
1786685107.986283,50.486,0.0,-1.0,0,0,,,,,,,,,,,,,,,,,,,,,,,,,,,0,0.0,-1,37,True,True,False,"A:1,B:1,ESTOP:0,MODE:1",,,,nan,nan,nan,-1,9998000100000000.0,0.0029845703586781685,-0.010764661460678396,0.27918168474238964,0.960173318369039,-0.001308996938995747,0.002478367537831948,0.001308996938995747,0.21574629999999997,0.04903325,9.77723005
1786685108.036375,50.536,0.0,-1.0,0,0,,,,,,,,,,,,,,,,,,,,,,,,,,,0,0.0,-1,64,True,True,False,"A:1,B:1,ESTOP:0,MODE:1",,,,nan,nan,nan,-1,9998000100000000.0,0.0030370934825313914,-0.010758475622381684,0.2791654618150385,0.960177939860658,0.004101523742186674,-0.0010821041362364843,-0.003682644721708035,0.24516625,-0.00980665,9.7870367
1786685108.086271,50.586,0.0,-1.0,0,0,,,,,,,,,,,,,,,,,,,,,,,,,,,0,0.0,-1,38,True,True,False,"A:1,B:1,ESTOP:0,MODE:1",,,,nan,nan,nan,-1,9998000100000000.0,0.0030397175936004907,-0.010766801699005879,0.27918219206063744,0.9601729738616593,-0.006265732014659643,-0.0030019663134302466,0.003892084231947355,0.24516625,0.00980665,9.855683249999998
1786685108.136211,50.636,0.0,-1.0,0,0,,,,,,,,,,,,,,,,,,,,,,,,,,,0,0.0,-1,63,True,True,False,"A:1,B:1,ESTOP:0,MODE:1",,,,nan,nan,nan,-1,9998000100000000.0,0.003019735511762581,-0.010790789782373751,0.27920699080274436,0.9601655567349767,8.726646259971648e-05,-0.003490658503988659,0.002373647782712288,0.3334261,0.00980665,9.7281968
1786685108.186242,50.686,0.0,-1.0,0,0,,,,,,,,,,,,,,,,,,,,,,,,,,,0,0.0,-1,36,True,True,False,"A:1,B:1,ESTOP:0,MODE:1",,,,nan,nan,nan,-1,9998000100000000.0,0.003061536573490244,-0.010778633786252422,0.2791990823393472,0.960167860568337,0.0006632251157578452,0.004468042885105484,0.001832595714594046,0.20593965,0.02941995,9.80665
1786685108.236135,50.736,0.0,-1.0,0,0,,,,,,,,,,,,,,,,,,,,,,,,,,,0,0.0,-1,66,True,True,False,"A:1,B:1,ESTOP:0,MODE:1",,,,nan,nan,nan,-1,9998000100000000.0,0.003078294663561842,-0.010773760841355621,0.2791992704194712,0.9601678069882016,0.003403392041388943,-0.0013439035240356337,0.005026548245743669,0.18632634999999997,-0.0,9.77723005
1786685108.286264,50.786,0.0,-1.0,0,0,,,,,,,,,,,,,,,,,,,,,,,,,,,0,0.0,-1,37,True,True,False,"A:1,B:1,ESTOP:0,MODE:1",,,,nan,nan,nan,-1,9998000100000000.0,0.0030901797892957743,-0.010752129806686323,0.2791995135608179,0.9601679405816945,0.008883725892651137,-0.0038222710618675817,-0.005044001538263612,0.28439285,-0.00980665,9.8654899
1786685108.336235,50.836,0.0,-1.0,0,0,,,,,,,,,,,,,,,,,,,,,,,,,,,0,0.0,-1,65,True,True,False,"A:1,B:1,ESTOP:0,MODE:1",,,,nan,nan,nan,-1,9998000100000000.0,0.0030961223539096644,-0.010741314286172254,0.2791996348483416,0.960168007222865,0.0031764992386296795,0.002495820830351891,0.0031066860685499066,0.24516625,0.00980665,9.826263299999999
1786685108.386253,50.886,0.0,-1.0,0,0,,,,,,,,,,,,,,,,,,,,,,,,,,,0,0.0,-1,36,True,True,False,"A:1,B:1,ESTOP:0,MODE:1",,,,nan,nan,nan,-1,9998000100000000.0,0.003120377709128903,-0.010761524005532808,0.27921649829240974,0.9601627986572671,-0.008115781021773632,0.0006981317007977319,-0.001361356816555577,0.21574629999999997,0.04903325,9.81645665
1786685108.436117,50.936,0.0,-1.0,0,0,,,,,,,,,,,,,,,,,,,,,,,,,,,0,0.0,-1,64,True,True,False,"A:1,B:1,ESTOP:0,MODE:1",,,,nan,nan,nan,-1,9998000100000000.0,0.0031070316681500337,-0.010747229740710263,0.2792080802132245,0.9601654499880524,-0.0016929693744344998,-0.003298672286269283,0.004310963252425994,0.2353596,-0.0196133,9.7674234
1786685108.486274,50.986,0.0,-1.0,0,0,,,,,,,,,,,,,,,,,,,,,,,,,,,0,0.0,-1,36,True,True,False,"A:1,B:1,ESTOP:0,MODE:1",,,,nan,nan,nan,-1,9998000100000000.0,0.0031080074866222445,-0.010719683238801759,0.2791998768570897,0.960168140194054,-0.002356194490192345,-0.0042935099599060505,-0.0014486232791552935,0.24516625,0.0196133,9.80665
1786685108.536607,51.037,0.0,-1.0,0,0,,,,,,,,,,,,,,,,,,,,,,,,,,,0,0.0,-1,66,True,True,False,"A:1,B:1,ESTOP:0,MODE:1",,,,nan,nan,nan,-1,9998000100000000.0,0.0030829639529843965,-0.010726965767283428,0.279207975158544,0.9601657847197838,-0.004747295565424576,-0.000296705972839036,0.0004537856055185257,0.21574629999999997,0.04903325,9.826263299999999
1786685108.586332,51.086,0.0,-1.0,0,0,,,,,,,,,,,,,,,,,,,,,,,,,,,0,0.0,-1,37,True,True,False,"A:1,B:1,ESTOP:0,MODE:1",,,,nan,nan,nan,-1,9998000100000000.0,0.003143960152368641,-0.010718316365802054,0.2792002238876548,0.96016793749319,0.004101523742186674,-0.008674286382411817,-0.006230825429619756,0.196133,0.04903325,9.8851032
1786685108.636147,51.136,0.0,-1.0,0,0,,,,,,,,,,,,,,,,,,,,,,,,,,,0,0.0,-1,65,True,True,False,"A:1,B:1,ESTOP:0,MODE:1",,,,nan,nan,nan,-1,9998000100000000.0,0.003176594091309986,-0.010736088617505886,0.2792171820097426,0.9601627002345563,-0.007260569688296411,0.0064228116473391324,-0.003944444109507185,0.21574629999999997,0.0,9.8654899
1786685108.686239,51.186,0.0,-1.0,0,0,,,,,,,,,,,,,,,,,,,,,,,,,,,0,0.0,-1,36,True,True,False,"A:1,B:1,ESTOP:0,MODE:1",,,,nan,nan,nan,-1,9998000100000000.0,0.0032076734737217973,-0.01071796308822445,0.2792175831402757,0.960162682759244,0.0009075712110370514,-0.0012217304763960308,-0.007016223593017205,0.24516625,0.10787314999999999,9.845876599999999
1786685108.736153,51.236,0.0,-1.0,0,0,,,,,,,,,,,,,,,,,,,,,,,,,,,0,0.0,-1,63,True,True,False,"A:1,B:1,ESTOP:0,MODE:1",,,,nan,nan,nan,-1,9998000100000000.0,0.0032209257049861414,-0.01073228446325304,0.2792176237055905,0.9601624666273962,0.001710422666954443,-0.00153588974175501,-0.000767944870877505,0.2745862,0.0,9.7870367
1786685108.786297,51.286,0.0,-1.0,0,0,,,,,,,,,,,,,,,,,,,,,,,,,,,0,0.0,-1,36,True,True,False,"A:1,B:1,ESTOP:0,MODE:1",,,,nan,nan,nan,-1,9998000100000000.0,0.0032208320480134264,-0.010732312570723641,0.2792092446967604,0.9601649032242676,0.012775810124598492,0.0032288591161895096,-0.006056292504420323,0.25497289999999995,0.06864655,9.826263299999999
1786685108.836147,51.336,0.0,-1.0,0,0,,,,,,,,,,,,,,,,,,,,,,,,,,,0,0.0,-1,66,True,True,False,"A:1,B:1,ESTOP:0,MODE:1",,,,nan,nan,nan,-1,9998000100000000.0,0.0032628206928985498,-0.010720101285882388,0.27921809172404527,0.9601623251739932,-0.004921828490624009,0.0004537856055185257,-0.0038571776469074684,0.20593965,0.00980665,9.747810099999999
1786685108.886281,51.386,0.0,-1.0,0,0,,,,,,,,,,,,,,,,,,,,,,,,,,,0,0.0,-1,37,True,True,False,"A:1,B:1,ESTOP:0,MODE:1",,,,nan,nan,nan,-1,9998000100000000.0,0.0032601971261587885,-0.010711779183691376,0.27920135980893857,0.960167292497645,-0.0056199601914217415,0.0023387411976724015,-0.000296705972839036,0.18632634999999997,-0.08825984999999999,9.826263299999999
1786685108.936260,51.436,0.0,-1.0,0,0,,,,,,,,,,,,,,,,,,,,,,,,,,,0,0.0,-1,64,True,True,False,"A:1,B:1,ESTOP:0,MODE:1",,,,nan,nan,nan,-1,9998000100000000.0,0.0032902071711491078,-0.010721227801104887,0.2792015883217491,0.960167018226423,0.0005410520681182421,0.006649704450098395,-0.0020594885173533086,0.30400615,0.0196133,9.77723005
1786685108.986270,51.486,0.0,-1.0,0,0,,,,,,,,,,,,,,,,,,,,,,,,,,,0,0.0,-1,36,True,True,False,"A:1,B:1,ESTOP:0,MODE:1",,,,nan,nan,nan,-1,9998000100000000.0,0.0032683892525580457,-0.010709399737566003,0.2791846951535643,0.9601721368488914,0.004642575810304917,0.007557275661135447,0.0010821041362364843,0.21574629999999997,-0.04903325,9.845876599999999
1786685109.036219,51.536,0.0,-1.0,0,0,,,,,,,,,,,,,,,,,,,,,,,,,,,0,0.0,-1,67,True,True,False,"A:1,B:1,ESTOP:0,MODE:1",,,,nan,nan,nan,-1,9998000100000000.0,0.0032863107246202186,-0.010676924739861383,0.27919343185707773,0.9601698969702122,0.005131268000863329,0.004956735075663896,-0.000593411945678072,0.17651969999999997,-0.0196133,9.7674234
1786685109.086283,51.586,0.0,-1.0,0,0,,,,,,,,,,,,,,,,,,,,,,,,,,,0,0.0,-1,37,True,True,False,"A:1,B:1,ESTOP:0,MODE:1",,,,nan,nan,nan,-1,9998000100000000.0,0.0033029757188519845,-0.01067208071790666,0.2791852390888755,0.9601722758544108,0.010297442586766544,-0.005427973973702365,-0.0041887902047863905,0.196133,0.0392266,9.826263299999999
1786685109.136183,51.636,0.0,-1.0,0,0,,,,,,,,,,,,,,,,,,,,,,,,,,,0,0.0,-1,65,True,True,False,"A:1,B:1,ESTOP:0,MODE:1",,,,nan,nan,nan,-1,9998000100000000.0,0.00329341613478334,-0.010638506855077164,0.2792020994766656,0.9601677786875998,-0.000767944870877505,-0.0021991148575128553,0.0025830872929516074,0.196133,-0.0,9.7674234
1786685109.186273,51.686,0.0,-1.0,0,0,,,,,,,,,,,,,,,,,,,,,,,,,,,0,0.0,-1,38,True,True,False,"A:1,B:1,ESTOP:0,MODE:1",,,,nan,nan,nan,-1,9998000100000000.0,0.0032658425352843643,-0.010637437290595205,0.2792018465974117,0.9601679582536687,0.0025830872929516074,-0.004747295565424576,-0.0051836278784231585,0.2353596,-0.00980665,9.836069949999999
1786685109.236130,51.736,0.0,-1.0,0,0,,,,,,,,,,,,,,,,,,,,,,,,,,,0,0.0,-1,64,True,True,False,"A:1,B:1,ESTOP:0,MODE:1",,,,nan,nan,nan,-1,9998000100000000.0,0.0032719705861805983,-0.010626564633657545,0.2792187231042886,0.9601631501992672,-0.00027925268031909274,0.00027925268031909274,-0.0013439035240356337,0.2353596,0.0392266,9.757616749999999
1786685109.286270,51.786,0.0,-1.0,0,0,,,,,,,,,,,,,,,,,,,,,,,,,,,0,0.0,-1,36,True,True,False,"A:1,B:1,ESTOP:0,MODE:1",,,,nan,nan,nan,-1,9998000100000000.0,0.0032663066779371037,-0.01063729478120643,0.27924374156222714,0.9601557748609084,-0.0014486232791552935,-0.0015707963267948964,0.0038048177693476384,0.26477955,-0.02941995,9.81645665
1786685109.336335,51.836,0.0,-1.0,0,0,,,,,,,,,,,,,,,,,,,,,,,,,,,0,0.0,-1,67,True,True,False,"A:1,B:1,ESTOP:0,MODE:1",,,,nan,nan,nan,-1,9998000100000000.0,0.0032855013857184955,-0.01064080000571666,0.279243901585781,0.9601556239917743,0.005235987755982988,-0.0032637657012293962,0.0012915436464758037,0.196133,0.10787314999999999,9.836069949999999
1786685109.386235,51.886,0.0,-1.0,0,0,,,,,,,,,,,,,,,,,,,,,,,,,,,0,0.0,-1,37,True,True,False,"A:1,B:1,ESTOP:0,MODE:1",,,,nan,nan,nan,-1,9998000100000000.0,0.003260457491310459,-0.010648082137863737,0.27925200184319277,0.9601532727800817,-0.009704030641088473,0.006981317007977318,-0.0015009831567151233,0.24516625,-0.00980665,9.738003449999999
1786685109.436130,51.936,0.0,-1.0,0,2,,,,,,,,,,,,,,,,,,,,,,,,,,,0,0.0,-1,66,True,True,False,"A:1,B:1,ESTOP:0,MODE:1",,,,nan,nan,nan,-1,9998000100000000.0,0.003278584020388537,-0.010679160904396981,0.2792519915947831,0.9601528688701328,0.00022689280275926284,0.001710422666954443,-0.0028797932657906437,0.26477955,0.0392266,9.80665
1786685109.486249,51.986,0.0,-1.0,0,2,,,,,,,,,,,,,,,,,,,,,,,,,,,0,0.0,-1,38,True,True,False,"A:1,B:1,ESTOP:0,MODE:1",,,,nan,nan,nan,-1,9998000100000000.0,0.003294180246568794,-0.010701889485616792,0.2792436284812457,0.9601549947225025,0.0017278759594743863,0.003944444109507185,-0.00307177948351002,0.26477955,-0.0392266,9.757616749999999
1786685109.536162,52.036,0.0,-1.0,0,0,,,,,,,,,,,,,,,,,,,,,,,,,,,0,0.0,-3,64,True,True,False,"A:1,B:1,ESTOP:0,MODE:1",,,,nan,nan,nan,-1,9998000100000000.0,0.0033133749379001026,-0.010705394705814686,0.2792437895351848,0.9601548427606575,0.01790707812546182,-0.012671090369478832,-0.004485496177625427,0.65704555,0.7256921,9.26728425
1786685109.586228,52.086,0.0,-1.0,0,0,,,,,,,,,,,,,,,,,,,,,,,,,,,0,0.4897540807723999,-1,37,True,True,False,"A:1,B:1,ESTOP:0,MODE:1",,,,nan,nan,nan,-1,9998000100000000.0,0.003224448085596311,-0.010931185819271128,0.2792332215214436,0.9601556749349993,-0.13901547492134836,0.09391616704981488,-0.0023387411976724015,1.57887065,-2.3535959999999996,11.64049355
1786685109.636163,52.136,0.0,-1.0,0,0,,,,,,,,,,,,,,,,,,,,,,,,,,,0,0.8068233728408813,-1,69,True,True,False,"A:1,B:1,ESTOP:0,MODE:1",,,,nan,nan,nan,-1,9998000100000000.0,0.0031075181816423423,-0.010810701744109644,0.27922445720178635,0.9601599734205328,0.0801455192515796,-0.046111598837690185,0.05651376117957639,0.784532,-1.6671305,9.934136449999999
1786685109.686253,52.186,0.0,-1.0,0,0,,,,,,,,,,,,,,,,,,,,,,,,,,,0,0.7830398678779602,-1,36,True,True,False,"A:1,B:1,ESTOP:0,MODE:1",,,,nan,nan,nan,-1,9998000100000000.0,0.0032736521134123127,-0.010789655639396123,0.27919265076096383,0.9601689071689887,0.04883431247080134,-0.01096066770252439,-0.013212142437597075,0.40207265,0.24516625,10.0812362
1786685109.736174,52.236,0.0,-1.0,0,0,,,,,,,,,,,,,,,,,,,,,,,,,,,0,1.3794770240783691,-1,66,True,True,False,"A:1,B:1,ESTOP:0,MODE:1",,,,nan,nan,nan,-1,9998000100000000.0,0.002829721502645306,-0.010791534708544812,0.27925546077466107,0.9601520312337956,-0.1909564734606996,0.09896016858807849,-0.004153883619746504,-0.1176798,-3.59904055,9.659550249999999
1786685109.786217,52.286,0.0,-1.0,0,0,,,,,,,,,,,,,,,,,,,,,,,,,,,0,1.4189597368240356,-3,35,True,True,False,"A:1,B:1,ESTOP:0,MODE:1",,,,nan,nan,nan,-1,9998000100000000.0,0.002968772362191966,-0.010678382430912998,0.2791988188876557,0.9601693486417167,-0.015620696805349249,0.008133234314293577,-0.03745476574779831,-0.5295591,-0.3334261,7.9433865
1786685109.836144,52.336,0.0,-1.0,0,0,,,,,,,,,,,,,,,,,,,,,,,,,,,0,1.7672597169876099,-2,60,True,True,False,"A:1,B:1,ESTOP:0,MODE:1",,,,nan,nan,nan,-1,9998000100000000.0,0.003235467236139641,-0.01100068232581159,0.27922452665033226,0.960157372755648,0.06562437987498679,-0.04300491276914028,-0.018552849948699723,0.0784532,-1.96133,10.032202949999999
1786685109.886257,52.386,0.0,-1.0,0,0,,,,,,,,,,,,,,,,,,,,,,,,,,,0,1.7458969354629517,-1,36,True,True,False,"A:1,B:1,ESTOP:0,MODE:1",,,,nan,nan,nan,-1,9998000100000000.0,0.0031545853748261824,-0.010878802405060551,0.27922449191408505,0.9601590406618403,-0.041957715217943684,0.041783182292744254,0.01007054978400728,0.08825984999999999,0.1176798,9.52225715
1786685109.936269,52.436,0.0,-1.0,0,0,,,,,,,,,,,,,,,,,,,,,,,,,,,0,1.7830969095230103,-1,67,True,True,False,"A:1,B:1,ESTOP:0,MODE:1",,,,nan,nan,nan,-1,9998000100000000.0,0.003255622315632477,-0.010913031381451017,0.27924200895414153,0.9601532206396333,0.005689773361501515,-0.040997784129346806,-0.013404128655316452,0.7060787999999999,-0.1569064,9.6889702
1786685109.986280,52.486,0.0,-1.0,0,0,,,,,,,,,,,,,,,,,,,,,,,,,,,0,1.1733219623565674,-1,37,True,True,False,"A:1,B:1,ESTOP:0,MODE:1",,,,nan,nan,nan,-1,9998000100000000.0,0.0035826174161494116,-0.010945171254677121,0.2792114677898053,0.9601605721614055,-0.13055062804917586,0.08112290363269643,0.012461650859239512,-0.14709974999999997,3.3931008999999994,10.463695549999999
1786685110.036258,52.536,0.0,-1.0,0,0,,,,,,,,,,,,,,,,,,,,,,,,,,,0,0.9002988934516907,-1,75,True,True,False,"A:1,B:1,ESTOP:0,MODE:1",,,,nan,nan,nan,-1,9998000100000000.0,0.0034172585181039103,-0.01087511007906053,0.2792437888489754,0.9601525715813385,-0.04888667234836117,0.11377801393751034,0.004939281783143952,0.1372931,1.5494507,9.1790244
1786685110.086238,52.586,0.0,-1.0,0,0,,,,,,,,,,,,,,,,,,,,,,,,,,,0,1.405170202255249,-1,44,True,True,False,"A:1,B:1,ESTOP:0,MODE:1",,,,nan,nan,nan,-1,9998000100000000.0,0.002704449487111204,-0.01095518839443051,0.27923647293021525,0.9601560612659317,0.004956735075663896,-0.02488839513343914,0.002827433388230814,-0.2745862,-2.8145085499999998,8.52197885
1786685110.136212,52.636,0.0,-1.0,0,0,,,,,,,,,,,,,,,,,,,,,,,,,,,0,1.1546814441680908,-1,68,True,True,False,"A:1,B:1,ESTOP:0,MODE:1",,,,nan,nan,nan,-1,9998000100000000.0,0.0031515814746422696,-0.01102507672376152,0.27921518662968264,0.9601600880961443,0.08059930485709814,-0.04305727264670011,-0.014643312424232424,0.26477955,1.4121575999999998,10.0616229
1786685110.186276,52.686,0.0,-1.0,0,0,,,,,,,,,,,,,,,,,,,,,,,,,,,0,1.3203924894332886,-1,39,True,True,False,"A:1,B:1,ESTOP:0,MODE:1",,,,nan,nan,nan,-1,9998000100000000.0,0.0029189053515526115,-0.010974603041495584,0.2792216403614616,0.9601595250964732,-0.059096848472528,0.020891591146372127,0.004904375198104067,0.04903325,-0.9022117999999999,9.7085835
1786685110.236143,52.736,0.0,-1.0,0,0,,,,,,,,,,,,,,,,,,,,,,,,,,,0,1.2306387424468994,-1,69,True,True,False,"A:1,B:1,ESTOP:0,MODE:1",,,,nan,nan,nan,-1,9998000100000000.0,0.0029692858423501873,-0.011023560879436298,0.2792050578131598,0.960163631960029,0.00020943951023931956,0.008063421144213804,-0.0024434609527920616,0.392266,0.5099457999999999,10.1400761
1786685110.286257,52.786,0.0,-1.0,0,0,,,,,,,,,,,,,,,,,,,,,,,,,,,0,1.2799794673919678,-1,38,True,True,False,"A:1,B:1,ESTOP:0,MODE:1",,,,nan,nan,nan,-1,9998000100000000.0,0.002942483589772035,-0.010931391875575463,0.2792053833827227,0.9601646735597459,0.007923794804054257,0.012845623294678265,0.000296705972839036,0.1372931,-0.26477955,9.77723005
1786685110.336159,52.836,0.0,-1.0,0,0,,,,,,,,,,,,,,,,,,,,,,,,,,,0,1.2010667324066162,-1,67,True,True,False,"A:1,B:1,ESTOP:0,MODE:1",,,,nan,nan,nan,-1,9998000100000000.0,0.003000557390668896,-0.011005383412500541,0.27922222982303846,0.9601587496679596,-0.03869394951671429,0.0057246799465414016,-0.0005235987755982988,0.37265269999999995,0.45110589999999995,10.09104285
1786685110.386176,52.886,0.0,-1.0,0,0,,,,,,,,,,,,,,,,,,,,,,,,,,,0,1.227625846862793,-1,39,True,True,False,"A:1,B:1,ESTOP:0,MODE:1",,,,nan,nan,nan,-1,9998000100000000.0,0.0029341999877436284,-0.010933802796464834,0.2792136669847511,0.9601622626388566,0.0079412480965742,0.003839724354387525,-3.490658503988659e-05,0.1372931,-0.1372931,9.669356899999999
1786685110.436137,52.936,0.0,-1.0,0,0,,,,,,,,,,,,,,,,,,,,,,,,,,,0,1.217094898223877,-1,66,True,True,False,"A:1,B:1,ESTOP:0,MODE:1",,,,nan,nan,nan,-1,9998000100000000.0,0.0029135382891050275,-0.01098526612947546,0.2792717880849098,0.9601448347007654,-0.01733111947230369,0.003996803987067015,0.009459684545809267,0.29419949999999995,0.06864655,9.80665
1786685110.486182,52.986,0.0,-1.0,0,0,,,,,,,,,,,,,,,,,,,,,,,,,,,0,1.203210473060608,-1,37,True,True,False,"A:1,B:1,ESTOP:0,MODE:1",,,,nan,nan,nan,-1,9998000100000000.0,0.0029640028244712026,-0.010970591747856329,0.27928912053271887,0.9601398064636311,0.010122909661567111,-0.0014660765716752368,-0.0011344640137963143,0.2353596,0.08825984999999999,9.845876599999999
1786685110.536160,53.036,0.0,-1.0,0,0,,,,,,,,,,,,,,,,,,,,,,,,,,,0,1.2353405952453613,-1,68,True,True,False,"A:1,B:1,ESTOP:0,MODE:1",,,,nan,nan,nan,-1,9998000100000000.0,0.0029981078818493833,-0.010933399905468395,0.2792477920471435,0.9601521456271559,-0.0036302848441482054,0.011187560505283653,-0.003560471674068432,0.22555294999999997,-0.16671305,9.738003449999999
1786685110.586132,53.086,0.0,-1.0,0,0,,,,,,,,,,,,,,,,,,,,,,,,,,,0,1.2251721620559692,-1,37,True,True,False,"A:1,B:1,ESTOP:0,MODE:1",,,,nan,nan,nan,-1,9998000100000000.0,0.003004240495317937,-0.010922531676970429,0.2792646742278088,0.960147340031335,-0.0015184364492350666,0.0018675022996339325,-0.00471238898038469,0.2353596,0.06864655,9.7281968
1786685110.636155,53.136,0.0,-1.0,0,0,,,,,,,,,,,,,,,,,,,,,,,,,,,0,1.2472807168960571,-1,66,True,True,False,"A:1,B:1,ESTOP:0,MODE:1",,,,nan,nan,nan,-1,9998000100000000.0,0.003144149242933994,-0.010872750385133682,0.27925794041302676,0.960149415633252,-0.007225663103256524,-0.008918632477691025,-0.0011693705988362008,0.16671305,-0.10787314999999999,9.7870367
1786685110.686227,53.186,0.0,-1.0,0,0,,,,,,,,,,,,,,,,,,,,,,,,,,,0,1.2495795488357544,-1,38,True,True,False,"A:1,B:1,ESTOP:0,MODE:1",,,,nan,nan,nan,-1,9998000100000000.0,0.0030400977251031766,-0.010921188882122472,0.2792566477372342,0.9601495769586034,0.0006632251157578452,-0.0020943951023931952,0.005061454830783556,0.22555294999999997,0.0,9.836069949999999
1786685110.736180,53.236,0.0,-1.0,0,0,,,,,,,,,,,,,,,,,,,,,,,,,,,0,1.2364274263381958,-1,65,True,True,False,"A:1,B:1,ESTOP:0,MODE:1",,,,nan,nan,nan,-1,9998000100000000.0,0.003128474833401182,-0.010913658768035897,0.27923240695956475,0.960156428714134,-0.005253441048502932,-0.0074176493209759005,-0.0026354471705114374,0.20593965,0.08825984999999999,9.81645665
1786685110.786326,53.286,0.0,-1.0,0,0,,,,,,,,,,,,,,,,,,,,,,,,,,,0,1.2507636547088623,-1,36,True,True,False,"A:1,B:1,ESTOP:0,MODE:1",,,,nan,nan,nan,-1,9998000100000000.0,0.0029882781615921047,-0.010963514704652134,0.2792139975871673,0.9601616609146312,-0.003525565089028546,0.005061454830783556,0.002181661564992912,0.25497289999999995,-0.06864655,9.757616749999999
1786685110.836137,53.336,0.0,-1.0,0,0,,,,,,,,,,,,,,,,,,,,,,,,,,,0,1.2214784622192383,-1,37,True,True,False,"A:1,B:1,ESTOP:0,MODE:1",,,,nan,nan,nan,-1,9998000100000000.0,0.00308629406395094,-0.010925923372576179,0.27920679355979694,0.9601638742514031,-0.005253441048502932,-0.0040666171571467884,-5.235987755982989e-05,0.2353596,0.17651969999999997,9.77723005
1786685110.886252,53.386,0.0,-1.0,0,0,,,,,,,,,,,,,,,,,,,,,,,,,,,0,1.244800090789795,-1,12,True,True,False,"A:1,B:1,ESTOP:0,MODE:1",,,,nan,nan,nan,-1,9998000100000000.0,0.002997630819428578,-0.010933530712195199,0.2792058972406795,0.9601643291966553,0.0065275314024587925,-0.0008726646259971648,0.0005759586531581288,0.20593965,-0.1176798,9.855683249999998
1786685110.936235,53.436,0.0,-1.0,0,0,,,,,,,,,,,,,,,,,,,,,,,,,,,0,1.2151908874511719,-1,44,True,True,False,"A:1,B:1,ESTOP:0,MODE:1",,,,nan,nan,nan,-1,9998000100000000.0,0.0030586251358714427,-0.01092488067222519,0.27919815700560596,0.9601664860425243,-0.005567600313861911,-0.004590215932745087,0.009651670763528642,0.32361945,0.17651969999999997,9.7281968
1786685110.986238,53.486,0.0,-1.0,0,0,,,,,,,,,,,,,,,,,,,,,,,,,,,0,1.2369167804718018,-1,19,True,True,False,"A:1,B:1,ESTOP:0,MODE:1",,,,nan,nan,nan,-1,9998000100000000.0,0.0030106918836445037,-0.010947904737295927,0.2791891765109709,0.9601689866035931,0.0020594885173533086,-0.0008552113334772215,0.001954768762233649,0.17651969999999997,-0.10787314999999999,9.8851032
1786685111.036139,53.536,0.0,-1.0,0,0,,,,,,,,,,,,,,,,,,,,,,,,,,,0,0.0,-1,48,True,True,False,"A:1,B:1,ESTOP:0,MODE:1",,,,nan,nan,nan,-1,9998000100000000.0,0.0030753832019534827,-0.010920007743456235,0.2791983476382197,0.9601664325132033,-0.003735004599267865,-0.002722713633111154,0.0007155849933176752,0.2745862,0.0392266,9.738003449999999
1786685111.086410,53.586,0.0,-1.0,0,0,,,,,,,,,,,,,,,,,,,,,,,,,,,0,0.0,-1,22,True,True,False,"A:1,B:1,ESTOP:0,MODE:1",,,,nan,nan,nan,-1,9998000100000000.0,0.003037089328580232,-0.010912969039809166,0.27920640274802494,0.9601642921186219,-0.007278022980816354,0.0030019663134302466,0.0015533430342749533,0.2353596,-0.14709974999999997,9.855683249999998
1786685111.136364,53.636,0.0,-1.0,0,0,,,,,,,,,,,,,,,,,,,,,,,,,,,0,0.0,-1,55,True,True,False,"A:1,B:1,ESTOP:0,MODE:1",,,,nan,nan,nan,-1,9998000100000000.0,0.003054132928612411,-0.010908016013851702,0.2792317301180496,0.9601569290246136,0.002949606435870417,0.0009773843811168245,0.003839724354387525,0.32361945,0.10787314999999999,9.7870367
1786685111.186280,53.686,0.0,-1.0,0,0,,,,,,,,,,,,,,,,,,,,,,,,,,,0,0.0,-1,28,True,True,False,"A:1,B:1,ESTOP:0,MODE:1",,,,nan,nan,nan,-1,9998000100000000.0,0.0030717696344057313,-0.010875622517865963,0.27921534255433156,0.9601620058867303,0.0008552113334772215,-0.0014311699866353504,-0.0003665191429188092,0.2745862,0.00980665,9.826263299999999
1786685111.236150,53.736,0.0,-1.0,0,0,,,,,,,,,,,,,,,,,,,,,,,,,,,0,0.0,-1,58,True,True,False,"A:1,B:1,ESTOP:0,MODE:1",,,,nan,nan,nan,-1,9998000100000000.0,0.003059694715096821,-0.010897307122761088,0.2791983377955455,0.960166743403419,0.012391837689159739,0.00471238898038469,0.001954768762233649,0.20593965,0.00980665,9.79684335
1786685111.286244,53.786,0.0,-1.0,0,0,,,,,,,,,,,,,,,,,,,,,,,,,,,0,0.0,-1,32,True,True,False,"A:1,B:1,ESTOP:0,MODE:1",,,,nan,nan,nan,-1,9998000100000000.0,0.0030968117718450303,-0.010868339698759997,0.27920724817767306,0.9601643617183953,-0.0024260076602721182,0.012863076587198208,-0.0025656340004316645,0.08825984999999999,-0.02941995,9.7674234
1786685111.336159,53.836,0.0,-1.0,0,0,,,,,,,,,,,,,,,,,,,,,,,,,,,0,0.0,-1,59,True,True,False,"A:1,B:1,ESTOP:0,MODE:1",,,,nan,nan,nan,-1,9998000100000000.0,0.0030599800048815872,-0.010897227016406323,0.2792234748064236,0.9601594336789849,0.0045553093477052,-0.005707226654021458,0.006544984694978736,0.21574629999999997,-0.00980665,9.79684335
1786685111.386163,53.886,0.0,-1.0,0,0,,,,,,,,,,,,,,,,,,,,,,,,,,,0,0.0,-1,32,True,True,False,"A:1,B:1,ESTOP:0,MODE:1",,,,nan,nan,nan,-1,9998000100000000.0,0.0030996279934027127,-0.010876610518916259,0.2792407360041046,0.9601545203798232,0.0007853981633974482,-0.0018500490071139892,0.006876597252857658,0.18632634999999997,0.0980665,9.826263299999999
1786685111.436143,53.936,0.0,-1.0,0,0,,,,,,,,,,,,,,,,,,,,,,,,,,,0,0.0,-1,64,True,True,False,"A:1,B:1,ESTOP:0,MODE:1",,,,nan,nan,nan,-1,9998000100000000.0,0.0030286018207534,-0.010851826576070686,0.2792234558155958,0.960160052883565,-0.0011519173063162576,0.002722713633111154,0.005497787143782138,0.21574629999999997,-0.0196133,9.836069949999999
1786685111.486153,53.986,0.0,-1.0,0,0,,,,,,,,,,,,,,,,,,,,,,,,,,,0,0.0,-1,34,True,True,False,"A:1,B:1,ESTOP:0,MODE:1",,,,nan,nan,nan,-1,9998000100000000.0,0.003069048499414478,-0.0108673238793065,0.27919023373166857,0.9601694098448809,-0.0023911010752322315,-0.004345869837465881,-0.0024609142453120045,0.196133,0.0196133,9.855683249999998
1786685111.536225,54.036,0.0,-1.0,0,0,,,,,,,,,,,,,,,,,,,,,,,,,,,0,0.0,-1,65,True,True,False,"A:1,B:1,ESTOP:0,MODE:1",,,,nan,nan,nan,-1,9998000100000000.0,0.0030343672855663154,-0.010904669475777467,0.2791812942940761,0.9601716959560331,-0.0008726646259971648,0.003560471674068432,-0.014625859131712481,0.22555294999999997,-0.04903325,9.826263299999999
1786685111.586350,54.086,0.0,-1.0,0,0,,,,,,,,,,,,,,,,,,,,,,,,,,,0,0.0,-1,35,True,True,False,"A:1,B:1,ESTOP:0,MODE:1",,,,nan,nan,nan,-1,9998000100000000.0,0.00307860388521818,-0.010900893822062656,0.27917336242838914,0.9601739042602778,-0.004485496177625427,-0.0073129295658562405,-0.008464846872172497,0.24516625,-0.02941995,9.738003449999999
1786685111.636228,54.136,0.0,-1.0,0,0,,,,,,,,,,,,,,,,,,,,,,,,,,,0,0.0,-1,64,True,True,False,"A:1,B:1,ESTOP:0,MODE:1",,,,nan,nan,nan,-1,9998000100000000.0,0.0030533713979930864,-0.010908229205970947,0.27916469783864406,0.9601764207370199,-0.0075223690760955605,0.0008028514559173916,0.002286381320112572,0.1569064,0.0196133,9.79684335
1786685111.686318,54.186,0.0,-1.0,0,0,,,,,,,,,,,,,,,,,,,,,,,,,,,0,0.0,-1,35,True,True,False,"A:1,B:1,ESTOP:0,MODE:1",,,,nan,nan,nan,-1,9998000100000000.0,0.0030594094232149734,-0.010897387221646957,0.2791732005933078,0.9601740524697652,-0.0024434609527920616,-0.004607669225265031,0.004118977034706617,0.22555294999999997,0.02941995,9.836069949999999
1786685111.736179,54.236,0.0,-1.0,0,0,,,,,,,,,,,,,,,,,,,,,,,,,,,0,0.0,-1,66,True,True,False,"A:1,B:1,ESTOP:0,MODE:1",,,,nan,nan,nan,-1,9998000100000000.0,0.00305716320604639,-0.010888954771798456,0.279189987193712,0.9601692743823269,0.004258603374866164,-0.0027925268031909274,-0.0003665191429188092,0.2353596,-0.00980665,9.836069949999999
1786685111.786288,54.286,0.0,-1.0,0,0,,,,,,,,,,,,,,,,,,,,,,,,,,,0,0.0,-1,36,True,True,False,"A:1,B:1,ESTOP:0,MODE:1",,,,nan,nan,nan,-1,9998000100000000.0,0.0030909642505775026,-0.010879128278609618,0.27921550419417807,0.960161857566468,0.001117010721276371,0.004031710572106902,-0.0024260076602721182,0.16671305,0.02941995,9.826263299999999
1786685111.836143,54.336,0.0,-1.0,0,0,,,,,,,,,,,,,,,,,,,,,,,,,,,0,0.0,-1,66,True,True,False,"A:1,B:1,ESTOP:0,MODE:1",,,,nan,nan,nan,-1,9998000100000000.0,0.0030514107975505777,-0.01089971695930884,0.27920662171309174,0.9601643335668714,-0.0027052603405912107,0.0018500490071139892,-0.0007155849933176752,0.16671305,-0.0,9.747810099999999
1786685111.886148,54.386,0.0,-1.0,0,0,,,,,,,,,,,,,,,,,,,,,,,,,,,0,0.0,-1,35,True,True,False,"A:1,B:1,ESTOP:0,MODE:1",,,,nan,nan,nan,-1,9998000100000000.0,0.003079364903669612,-0.010900678868401369,0.2792403945320904,0.9601544119429752,0.00013962634015954637,0.000593411945678072,0.0028623399732707008,0.18632634999999997,0.0196133,9.747810099999999
1786685111.936164,54.436,0.0,-1.0,0,0,,,,,,,,,,,,,,,,,,,,,,,,,,,0,0.0,-1,64,True,True,False,"A:1,B:1,ESTOP:0,MODE:1",,,,nan,nan,nan,-1,9998000100000000.0,0.0030757643802587073,-0.010919900385678138,0.2792318635993445,0.9601566860673736,0.0009075712110370514,-0.0029845130209103037,0.0016929693744344998,0.22555294999999997,0.0196133,9.81645665
1786685111.986152,54.486,0.0,-1.0,0,0,,,,,,,,,,,,,,,,,,,,,,,,,,,0,0.0,-1,36,True,True,False,"A:1,B:1,ESTOP:0,MODE:1",,,,nan,nan,nan,-1,9998000100000000.0,0.0030753832019534827,-0.010920007743456235,0.2791983476382197,0.9601664325132033,0.0045204027626653135,-0.001117010721276371,-0.0014835298641951802,0.196133,0.0392266,9.79684335
1786685112.036165,54.536,0.0,-1.0,0,0,,,,,,,,,,,,,,,,,,,,,,,,,,,0,0.0,-1,66,True,True,False,"A:1,B:1,ESTOP:0,MODE:1",,,,nan,nan,nan,-1,9998000100000000.0,0.0031196195802834256,-0.010916231659534316,0.279190416714769,0.9601686388727051,0.0061959188445798695,-0.0038048177693476384,0.005253441048502932,0.28439285,-0.02941995,9.79684335
1786685112.086229,54.586,0.0,-1.0,0,0,,,,,,,,,,,,,,,,,,,,,,,,,,,0,0.0,-1,36,True,True,False,"A:1,B:1,ESTOP:0,MODE:1",,,,nan,nan,nan,-1,9998000100000000.0,0.00310870891083652,-0.01091031613480825,0.279181970542047,0.9601711973679516,0.004258603374866164,0.0002443460952792061,0.0041887902047863905,0.24516625,-0.0392266,9.77723005
1786685112.136135,54.636,0.0,-1.0,0,0,,,,,,,,,,,,,,,,,,,,,,,,,,,0,0.0,-1,66,True,True,False,"A:1,B:1,ESTOP:0,MODE:1",,,,nan,nan,nan,-1,9998000100000000.0,0.0031194290556239204,-0.01091628610550476,0.279173658568124,0.9601735115184745,-0.0033859387488689996,0.004153883619746504,0.003612831551628262,0.2353596,-0.0196133,9.7870367
1786685112.186149,54.686,0.0,-1.0,0,0,,,,,,,,,,,,,,,,,,,,,,,,,,,0,0.0,-1,35,True,True,False,"A:1,B:1,ESTOP:0,MODE:1",,,,nan,nan,nan,-1,9998000100000000.0,0.0031480817736225866,-0.010953391475135738,0.27914857165262247,0.9601802891856505,-0.0008203047484373349,-0.002530727415391778,-0.0072954762733362976,0.24516625,-0.04903325,9.7870367
1786685112.236142,54.736,0.0,-1.0,0,0,,,,,,,,,,,,,,,,,,,,,,,,,,,0,0.0,-1,66,True,True,False,"A:1,B:1,ESTOP:0,MODE:1",,,,nan,nan,nan,-1,9998000100000000.0,0.003163475091769341,-0.010912566762113236,0.279148969497233,0.9601805877753616,-0.0025830872929516074,-0.0063006385996995295,0.007400196028455957,0.1569064,0.0,9.79684335
1786685112.286147,54.786,0.0,-1.0,0,0,,,,,,,,,,,,,,,,,,,,,,,,,,,0,0.0,-1,36,True,True,False,"A:1,B:1,ESTOP:0,MODE:1",,,,nan,nan,nan,-1,9998000100000000.0,0.003169418212721657,-0.010901751570877813,0.27914909238573454,0.9601806553045631,-0.0003141592653589793,0.0024260076602721182,0.0002443460952792061,0.18632634999999997,-0.0196133,9.836069949999999
1786685112.336162,54.836,0.0,-1.0,0,0,,,,,,,,,,,,,,,,,,,,,,,,,,,0,0.0,-1,67,True,True,False,"A:1,B:1,ESTOP:0,MODE:1",,,,nan,nan,nan,-1,9998000100000000.0,0.00316572052067532,-0.01092100117145936,0.2791321833803075,0.9601853644731002,0.005480333851262195,0.00778416846389471,0.003246312408709453,0.25497289999999995,-0.08825984999999999,9.77723005
1786685112.386176,54.886,0.0,-1.0,0,0,,,,,,,,,,,,,,,,,,,,,,,,,,,0,0.0,-1,37,True,True,False,"A:1,B:1,ESTOP:0,MODE:1",,,,nan,nan,nan,-1,9998000100000000.0,0.00320898085350941,-0.010944774400859622,0.2791324543355351,0.9601848714137381,0.004345869837465881,0.0002443460952792061,0.0009075712110370514,0.21574629999999997,-0.0588399,9.855683249999998
1786685112.436216,54.936,0.0,-1.0,0,0,,,,,,,,,,,,,,,,,,,,,,,,,,,0,0.0,-1,67,True,True,False,"A:1,B:1,ESTOP:0,MODE:1",,,,nan,nan,nan,-1,9998000100000000.0,0.003225548302641968,-0.01093995891691987,0.2791158868864025,0.9601896868976778,0.00874409955249159,0.0045029494701453706,0.00815068760681352,0.196133,-0.0392266,9.79684335
1786685112.486375,54.986,0.0,-1.0,0,0,,,,,,,,,,,,,,,,,,,,,,,,,,,0,0.0,-1,36,True,True,False,"A:1,B:1,ESTOP:0,MODE:1",,,,nan,nan,nan,-1,9998000100000000.0,0.0032329512017417305,-0.010965068415257495,0.27912418376237724,0.9601869637420426,-0.005462880558742251,-0.000767944870877505,0.0005585053606381855,0.21574629999999997,0.06864655,9.77723005
1786685112.536155,55.036,0.0,-1.0,0,0,,,,,,,,,,,,,,,,,,,,,,,,,,,0,0.0,-1,66,True,True,False,"A:1,B:1,ESTOP:0,MODE:1",,,,nan,nan,nan,-1,9998000100000000.0,0.003261596434560904,-0.010938566704133592,0.2791246206811198,0.9601870421312602,-0.004153883619746504,-0.0004188790204786391,0.00015707963267948965,0.21574629999999997,0.0196133,9.836069949999999
1786685112.586138,55.086,0.0,-1.0,0,0,,,,,,,,,,,,,,,,,,,,,,,,,,,0,0.0,-1,36,True,True,False,"A:1,B:1,ESTOP:0,MODE:1",,,,nan,nan,nan,-1,9998000100000000.0,0.003220772150394826,-0.010923172332802116,0.2791243209046567,0.9601874423322028,-0.0035081117965086025,0.00853466004225227,-0.0029321531433504737,0.26477955,0.0196133,9.7870367
1786685112.636142,55.136,0.0,-1.0,0,0,,,,,,,,,,,,,,,,,,,,,,,,,,,0,0.0,-1,66,True,True,False,"A:1,B:1,ESTOP:0,MODE:1",,,,nan,nan,nan,-1,9998000100000000.0,0.0031957298871453234,-0.010930451899103171,0.27913241404727646,0.9601850904694936,0.0006283185307179586,-0.007051130178057092,0.007923794804054257,0.196133,0.04903325,9.81645665
1786685112.686218,55.186,0.0,-1.0,0,0,,,,,,,,,,,,,,,,,,,,,,,,,,,0,0.0,-1,37,True,True,False,"A:1,B:1,ESTOP:0,MODE:1",,,,nan,nan,nan,-1,9998000100000000.0,0.003179757462964436,-0.01090783344530643,0.27910726386995854,0.9601927116818954,-0.0011344640137963143,-0.0013439035240356337,-0.005497787143782138,0.20593965,0.10787314999999999,9.79684335
1786685112.736195,55.236,0.0,-1.0,0,0,,,,,,,,,,,,,,,,,,,,,,,,,,,0,0.0,-1,66,True,True,False,"A:1,B:1,ESTOP:0,MODE:1",,,,nan,nan,nan,-1,9998000100000000.0,0.0031520888245910386,-0.010906788697918848,0.2790986267446945,0.9601953253612342,-0.0032288591161895096,0.0016929693744344998,-0.00942477796076938,0.25497289999999995,-0.06864655,9.7674234
1786685112.786171,55.286,0.0,-1.0,0,0,,,,,,,,,,,,,,,,,,,,,,,,,,,0,0.0,-1,36,True,True,False,"A:1,B:1,ESTOP:0,MODE:1",,,,nan,nan,nan,-1,9998000100000000.0,0.0031326092058428677,-0.010903362617577107,0.2790733263236856,0.9602027816965678,0.005096361415823442,0.004241150082346221,-0.006894050545377602,0.18632634999999997,-0.02941995,9.826263299999999
1786685112.836157,55.336,0.0,-1.0,0,0,,,,,,,,,,,,,,,,,,,,,,,,,,,0,0.0,-1,66,True,True,False,"A:1,B:1,ESTOP:0,MODE:1",,,,nan,nan,nan,-1,9998000100000000.0,0.003140988555737187,-0.010900927242962547,0.2790734214628479,0.9602027543228336,0.003298672286269283,-0.002495820830351891,-0.0024609142453120045,0.2353596,0.0588399,9.81645665
1786685112.886224,55.386,0.0,-1.0,0,0,,,,,,,,,,,,,,,,,,,,,,,,,,,0,0.0,-1,36,True,True,False,"A:1,B:1,ESTOP:0,MODE:1",,,,nan,nan,nan,-1,9998000100000000.0,0.0031568646946739326,-0.010923574813473457,0.2790901918089616,0.9601975705835915,-0.008761552845011534,-0.001762782544514273,-0.0010821041362364843,0.28439285,0.0392266,9.7674234
1786685112.936252,55.436,0.0,-1.0,0,2,,,,,,,,,,,,,,,,,,,,,,,,,,,0,0.0,-1,66,True,True,False,"A:1,B:1,ESTOP:0,MODE:1",,,,nan,nan,nan,-1,9998000100000000.0,0.003136788905782711,-0.010947585232251493,0.2791066081355627,0.9601925912169936,-0.0029321531433504737,0.003787364476827695,-0.00815068760681352,0.25497289999999995,-0.0196133,9.81645665
1786685112.986192,55.486,0.0,-1.0,0,2,,,,,,,,,,,,,,,,,,,,,,,,,,,0,0.0,-1,37,True,True,False,"A:1,B:1,ESTOP:0,MODE:1",,,,nan,nan,nan,-1,9998000100000000.0,0.003173718586813164,-0.010918676073549176,0.27909876171222925,0.9601950797800585,0.02769837522915001,-0.022549653935766738,-0.0008377580409572782,0.02941995,0.30400615,9.67916355
1786685113.036366,55.536,0.0,-1.0,0,2,,,,,,,,,,,,,,,,,,,,,,,,,,,0,0.37743067741394043,-2,66,True,True,False,"A:1,B:1,ESTOP:0,MODE:1",,,,nan,nan,nan,-1,9998000100000000.0,0.0031743962150557947,-0.011045700613910154,0.27910636574923303,0.9601914144090609,-0.131737451940532,0.08082619765985741,-0.013543754995475998,1.12776475,-1.89268345,11.67972015
1786685113.086301,55.586,0.0,-1.0,0,0,,,,,,,,,,,,,,,,,,,,,,,,,,,0,0.6456537246704102,-1,38,True,True,False,"A:1,B:1,ESTOP:0,MODE:1",,,,nan,nan,nan,-1,9998000100000000.0,0.0032765153454166304,-0.010897885332635587,0.27908311815335995,0.9601995176546725,0.05628686837681713,-0.006876597252857658,0.05536184387326014,1.01008495,-1.2748645,9.9439431
1786685113.136250,55.636,0.0,-1.0,0,0,,,,,,,,,,,,,,,,,,,,,,,,,,,0,0.8596925139427185,-1,67,True,True,False,"A:1,B:1,ESTOP:0,MODE:1",,,,nan,nan,nan,-1,9998000100000000.0,0.0033339071847553045,-0.01090846873157854,0.279066850411706,0.9602039280143078,0.06805038753525891,-0.02696533694331239,-0.020158552860534508,0.6080123,-1.1179581,10.012589649999999
1786685113.186161,55.686,0.0,-1.0,0,0,,,,,,,,,,,,,,,,,,,,,,,,,,,0,0.7626168727874756,-1,34,True,True,False,"A:1,B:1,ESTOP:0,MODE:1",,,,nan,nan,nan,-1,9998000100000000.0,0.0036512360918140568,-0.01137052012224956,0.2791677356730981,0.9601680869026562,0.18490018095627928,-0.6775019090391589,-0.030647981665020425,0.4707192,0.7060787999999999,13.444917149999998
1786685113.236247,55.736,0.0,-1.0,0,0,,,,,,,,,,,,,,,,,,,,,,,,,,,0,0.8613622188568115,4,64,True,True,False,"A:1,B:1,ESTOP:0,MODE:1",,,,nan,nan,nan,-1,9998000100000000.0,0.004405793619389687,-0.01097886150574938,0.27886748722570814,0.9602567251266928,-0.4717101369365075,0.31211723013414594,0.023335052099164186,1.9417167,6.56064885,10.6696352
1786685113.286298,55.786,0.0,-1.0,0,0,,,,,,,,,,,,,,,,,,,,,,,,,,,0,0.6886930465698242,0,69,True,True,False,"A:1,B:1,ESTOP:0,MODE:1",,,,nan,nan,nan,-1,9998000100000000.0,0.00307635104244843,-0.010674362441406841,0.27917471657300297,0.9601760628536395,-0.17776178431562248,0.28708920866054727,0.02876302607286655,0.02941995,-1.6965504499999997,8.87501825
1786685113.336312,55.836,0.0,-1.0,0,0,,,,,,,,,,,,,,,,,,,,,,,,,,,0,1.057127594947815,0,78,True,True,False,"A:1,B:1,ESTOP:0,MODE:1",,,,nan,nan,nan,-1,9998000100000000.0,0.0037158486177860817,-0.01081563735272701,0.27907106625533434,0.9602023507765511,0.010559241974565694,-0.07431611954991856,0.04797910113732412,0.38245935,3.44213415,9.973363049999998
1786685113.386230,55.886,0.0,-1.0,0,0,,,,,,,,,,,,,,,,,,,,,,,,,,,0,0.8826671838760376,0,81,True,True,False,"A:1,B:1,ESTOP:0,MODE:1",,,,nan,nan,nan,-1,9998000100000000.0,0.003241161636176797,-0.010935426897645486,0.2790155254289829,0.9602188541574276,0.03731513940763877,0.0025830872929516074,-0.024626595745639992,0.16671305,-1.2552512,10.24794925
1786685113.436144,55.936,0.0,-1.0,0,0,,,,,,,,,,,,,,,,,,,,,,,,,,,0,0.983058750629425,-1,88,True,True,False,"A:1,B:1,ESTOP:0,MODE:1",,,,nan,nan,nan,-1,9998000100000000.0,0.0032810771260985677,-0.010941988381248742,0.279149922079951,0.9601795813419042,-0.044244096538056256,0.05028293574995663,0.02033308578573394,0.44129925,0.6472389,10.4538889
1786685113.486274,55.986,0.0,-1.0,0,0,,,,,,,,,,,,,,,,,,,,,,,,,,,0,0.8130622506141663,-2,40,True,True,False,"A:1,B:1,ESTOP:0,MODE:1",,,,nan,nan,nan,-1,9998000100000000.0,0.002809790120660304,-0.011097232020950415,0.2792700673626576,0.9601443568527641,-0.17558012275062956,0.04174827570770436,0.0035779249665883754,0.8629851999999999,-3.726527,11.189387649999999
1786685113.536194,56.036,0.0,-1.0,0,0,,,,,,,,,,,,,,,,,,,,,,,,,,,0,0.7026926279067993,-2,76,True,True,False,"A:1,B:1,ESTOP:0,MODE:1",,,,nan,nan,nan,-1,9998000100000000.0,0.003061902043863486,-0.010787600869096534,0.27901471031958247,0.9602213514855011,-0.00942477796076938,0.0028448866807507574,-0.04515166774909331,-0.4216859499999999,0.35303939999999995,8.87501825
1786685113.586173,56.086,0.0,-1.0,0,0,,,,,,,,,,,,,,,,,,,,,,,,,,,0,0.7597197890281677,-2,43,True,True,False,"A:1,B:1,ESTOP:0,MODE:1",,,,nan,nan,nan,-1,9998000100000000.0,0.0034202330768874243,-0.010956080797492414,0.2790506448503101,0.9602077920470572,0.12269664641520137,-0.051696652444072046,-0.005794493116621174,0.5687857,-0.0588399,10.208722649999999
1786685113.636137,56.136,0.0,-1.0,0,2,,,,,,,,,,,,,,,,,,,,,,,,,,,0,0.8309248089790344,-2,71,True,True,False,"A:1,B:1,ESTOP:0,MODE:1",,,,nan,nan,nan,-1,9998000100000000.0,0.0031280938729374014,-0.010913767965759713,0.27919889100742296,0.9601661751789305,-0.026808257310632903,0.023160519173964753,-0.002617993877991494,0.4903325,0.9022117999999999,9.8851032
1786685113.686188,56.186,0.0,-1.0,0,2,,,,,,,,,,,,,,,,,,,,,,,,,,,0,0.7643269896507263,-2,39,True,True,False,"A:1,B:1,ESTOP:0,MODE:1",,,,nan,nan,nan,-1,9998000100000000.0,0.003098289933618568,-0.010813381809236397,0.27914895119876754,0.9601819277709631,0.010210176124166827,0.009093165402890457,0.0010122909661567112,-0.0196133,-0.65704555,9.6889702
1786685113.736180,56.236,0.0,-1.0,0,0,,,,,,,,,,,,,,,,,,,,,,,,,,,0,0.7603089809417725,-2,69,True,True,False,"A:1,B:1,ESTOP:0,MODE:1",,,,nan,nan,nan,-1,9998000100000000.0,0.002081100472417088,-0.011036339886436815,0.27908758681083384,0.9601999724592999,-0.03637266161156183,0.005166174585903215,-0.0059515727493006645,0.14709974999999997,-1.3533177,9.7870367
1786685113.786155,56.286,0.0,-1.0,0,0,,,,,,,,,,,,,,,,,,,,,,,,,,,0,0.8009313344955444,-2,38,True,True,False,"A:1,B:1,ESTOP:0,MODE:1",,,,nan,nan,nan,-1,9998000100000000.0,0.002437603861510959,-0.011041799732977036,0.2791328201709035,0.9601859223345807,0.003246312408709453,-0.011623892818282236,-0.0019373154697137059,0.53936575,0.6864655000000001,9.7281968
1786685113.836232,56.336,0.0,-1.0,0,0,,,,,,,,,,,,,,,,,,,,,,,,,,,0,0.8174775242805481,-2,68,True,True,False,"A:1,B:1,ESTOP:0,MODE:1",,,,nan,nan,nan,-1,9998000100000000.0,0.0020823649464427312,-0.01116326432213758,0.2791453417679693,0.9601817137683615,-0.013159782560037244,0.014887658519511631,0.009040805525330627,0.18632634999999997,-0.9512450499999999,9.7674234
1786685113.886147,56.386,0.0,-1.0,0,0,,,,,,,,,,,,,,,,,,,,,,,,,,,0,0.7941557765007019,-2,38,True,True,False,"A:1,B:1,ESTOP:0,MODE:1",,,,nan,nan,nan,-1,9998000100000000.0,0.002184472570467768,-0.011015416866368847,0.27912222269562204,0.9601899153127493,0.01223475805648025,0.0015707963267948964,-0.0065275314024587925,0.10787314999999999,0.0588399,9.669356899999999
1786685113.936186,56.436,0.0,-1.0,0,2,,,,,,,,,,,,,,,,,,,,,,,,,,,0,0.8072777390480042,-2,67,True,True,False,"A:1,B:1,ESTOP:0,MODE:1",,,,nan,nan,nan,-1,9998000100000000.0,0.002180087092552089,-0.011062146327177958,0.2791386106137973,0.9601846240195182,0.0027925268031909274,-0.008936085770210968,0.0005410520681182421,0.24516625,-0.2353596,9.934136449999999
1786685113.986265,56.486,0.0,-1.0,0,2,,,,,,,,,,,,,,,,,,,,,,,,,,,0,0.8405364155769348,-2,37,True,True,False,"A:1,B:1,ESTOP:0,MODE:1",,,,nan,nan,nan,-1,9998000100000000.0,0.0023690158668515787,-0.011243485146863488,0.2791307702942887,0.9601843494248861,0.0067369709126981125,-0.004084070449666731,-0.005270894341022875,0.4707192,0.16671305,9.7281968
1786685114.036170,56.536,0.0,-1.0,0,2,,,,,,,,,,,,,,,,,,,,,,,,,,,0,0.8249338865280151,-2,67,True,True,False,"A:1,B:1,ESTOP:0,MODE:1",,,,nan,nan,nan,-1,9998000100000000.0,0.0022258842768989873,-0.01115786288045486,0.27912161710081834,0.9601883515238826,0.008813912722571364,-0.0038048177693476384,0.003298672286269283,0.1372931,-0.02941995,9.845876599999999
1786685114.086310,56.586,0.0,-1.0,0,0,,,,,,,,,,,,,,,,,,,,,,,,,,,0,0.7931318879127502,-2,37,True,True,False,"A:1,B:1,ESTOP:0,MODE:1",,,,nan,nan,nan,-1,9998000100000000.0,0.0022820923630199955,-0.011005261904732385,0.2791734845177559,0.9601749016752463,0.0033859387488689996,0.0032114058236695662,0.0006283185307179586,0.0784532,0.1176798,9.8851032
1786685114.136253,56.636,0.0,-1.0,0,0,,,,,,,,,,,,,,,,,,,,,,,,,,,0,0.8310180306434631,-2,67,True,True,False,"A:1,B:1,ESTOP:0,MODE:1",,,,nan,nan,nan,-1,9998000100000000.0,0.002508328178874592,-0.010939482897251222,0.27917606982210746,0.9601743373171194,-0.003892084231947355,0.005567600313861911,-0.00916297857297023,0.44129925,0.0,9.7281968
1786685114.186205,56.686,0.0,-1.0,0,0,,,,,,,,,,,,,,,,,,,,,,,,,,,0,0.8435066938400269,-2,37,True,True,False,"A:1,B:1,ESTOP:0,MODE:1",,,,nan,nan,nan,-1,9998000100000000.0,0.002412761377313059,-0.011176222293473837,0.2791065263814764,0.9601920732692231,0.003892084231947355,-0.0026354471705114374,-0.0016755160819145565,0.30400615,-0.00980665,9.836069949999999
1786685114.236126,56.736,0.0,-1.0,0,0,,,,,,,,,,,,,,,,,,,,,,,,,,,0,0.806224524974823,-2,66,True,True,False,"A:1,B:1,ESTOP:0,MODE:1",,,,nan,nan,nan,-1,9998000100000000.0,0.0026028527651998997,-0.01104827393480903,0.2791175980347413,0.9601898391817426,-0.005881759579220891,0.0005585053606381855,0.004677482395344803,0.02941995,0.04903325,9.81645665
1786685114.286233,56.786,0.0,-1.0,0,0,,,,,,,,,,,,,,,,,,,,,,,,,,,0,0.79757159948349,-2,4,True,True,False,"A:1,B:1,ESTOP:0,MODE:1",,,,nan,nan,nan,-1,9998000100000000.0,0.002282960804048303,-0.010914142597327864,0.27918249524123223,0.9601733197356671,0.0006806784082777885,0.006771877497737999,0.00773180858633488,0.16671305,-0.04903325,9.80665
1786685114.336298,56.836,0.0,-1.0,0,0,,,,,,,,,,,,,,,,,,,,,,,,,,,0,0.8145857453346252,-2,37,True,True,False,"A:1,B:1,ESTOP:0,MODE:1",,,,nan,nan,nan,-1,9998000100000000.0,0.0024488075302168946,-0.010893138998994906,0.27912554821566354,0.9601897058382443,-0.0045204027626653135,0.00015707963267948965,-0.015132004614790837,0.35303939999999995,0.12748644999999997,9.80665
1786685114.386563,56.887,0.0,-1.0,0,0,,,,,,,,,,,,,,,,,,,,,,,,,,,0,0.0,-2,12,True,True,False,"A:1,B:1,ESTOP:0,MODE:1",,,,nan,nan,nan,-1,9998000100000000.0,0.002391618629047745,-0.01100971010082829,0.2791074665617959,0.9601937765645459,0.001186823891356144,-0.008499753457212385,0.0005759586531581288,0.2353596,-0.06864655,9.875296549999998
1786685114.436148,56.936,0.0,-1.0,0,0,,,,,,,,,,,,,,,,,,,,,,,,,,,0,0.0,-2,45,True,True,False,"A:1,B:1,ESTOP:0,MODE:1",,,,nan,nan,nan,-1,9998000100000000.0,0.002477046678112291,-0.010894059410573469,0.2791844547081999,0.9601724969809323,-0.0050789081233034985,0.0022165681500327986,-0.0007853981633974482,0.17651969999999997,0.10787314999999999,9.7870367
1786685114.486174,56.986,0.0,-1.0,0,2,,,,,,,,,,,,,,,,,,,,,,,,,,,0,0.0,-2,19,True,True,False,"A:1,B:1,ESTOP:0,MODE:1",,,,nan,nan,nan,-1,9998000100000000.0,0.0025008171590647703,-0.010850797818112849,0.27918496439540913,0.9601727770332699,-0.0017976891295541594,0.004345869837465881,-0.004171336912266448,0.22555294999999997,-0.0196133,9.836069949999999
1786685114.536176,57.036,0.0,-1.0,0,0,,,,,,,,,,,,,,,,,,,,,,,,,,,0,0.0,-3,51,True,True,False,"A:1,B:1,ESTOP:0,MODE:1",,,,nan,nan,nan,-1,9998000100000000.0,0.00260022424754874,-0.010758239687268361,0.27911109409207735,0.9601950303284315,0.02853613327010729,-0.02598795256219557,-0.005899212871740834,0.38245935,0.36284605,9.54187045
1786685114.586112,57.086,0.0,-1.0,0,0,,,,,,,,,,,,,,,,,,,,,,,,,,,0,0.6986167430877686,-3,31,True,True,False,"A:1,B:1,ESTOP:0,MODE:1",,,,nan,nan,nan,-1,9998000100000000.0,0.002530647779710111,-0.010923883356213674,0.27914287202452565,0.9601841081751635,-0.21837559600953052,0.17928022076485753,0.011065387457644049,2.4124358999999997,-3.2165812,11.669913499999998
1786685114.636141,57.136,0.0,-1.0,0,0,,,,,,,,,,,,,,,,,,,,,,,,,,,0,0.8623313903808594,-1,64,True,True,False,"A:1,B:1,ESTOP:0,MODE:1",,,,nan,nan,nan,-1,9998000100000000.0,0.0024479032403858405,-0.01079348939322464,0.279193225030806,0.9601711573742161,0.023596851486963336,0.05405284693426438,0.07595672904679322,0.8629851999999999,-0.65704555,9.836069949999999
1786685114.686157,57.186,0.0,-1.0,0,0,,,,,,,,,,,,,,,,,,,,,,,,,,,0,1.049983263015747,-2,34,True,True,False,"A:1,B:1,ESTOP:0,MODE:1",,,,nan,nan,nan,-1,9998000100000000.0,0.002495271188869379,-0.010770600701923686,0.27915192618662915,0.9601833001508142,0.0943699526553334,-0.06148794954776023,-0.02326523892908441,0.5491724,-1.0296982499999998,9.5124505
1786685114.736184,57.236,0.0,-1.0,0,0,,,,,,,,,,,,,,,,,,,,,,,,,,,0,1.7083778381347656,-2,65,True,True,False,"A:1,B:1,ESTOP:0,MODE:1",,,,nan,nan,nan,-1,9998000100000000.0,0.0019084315549166729,-0.010559700258751699,0.2792820076711218,0.960149160709227,-0.11070623445400032,0.13398892667560466,0.12208578117700335,-1.2748645,-4.4326058,7.5707338
1786685114.786268,57.286,0.0,-1.0,0,0,,,,,,,,,,,,,,,,,,,,,,,,,,,0,2.2670838832855225,-4,31,True,True,False,"A:1,B:1,ESTOP:0,MODE:1",,,,nan,nan,nan,-1,9998000100000000.0,0.00134906231110385,-0.0109221116557002,0.2791570168922114,0.9601824032066525,-0.20088739690454732,0.13205161120589098,0.020001473227855015,-0.6080123,-3.24600115,7.453054
1786685114.836124,57.336,0.0,-1.0,0,0,,,,,,,,,,,,,,,,,,,,,,,,,,,0,2.156240701675415,-1,61,True,True,False,"A:1,B:1,ESTOP:0,MODE:1",,,,nan,nan,nan,-1,9998000100000000.0,0.0020219374893604798,-0.010953698228518665,0.2791881530701497,0.9601718093389258,0.05874778262212913,-0.05092870757319454,0.04673991736840814,0.08825984999999999,0.5982056499999999,9.07115125
1786685114.886250,57.386,0.0,-1.0,0,0,,,,,,,,,,,,,,,,,,,,,,,,,,,0,2.3378818035125732,-1,35,True,True,False,"A:1,B:1,ESTOP:0,MODE:1",,,,nan,nan,nan,-1,9998000100000000.0,0.0019996310654164105,-0.01103289476536594,0.27919575940775593,0.9601687375859645,-0.06344271830999387,0.05674065398233565,0.003787364476827695,0.28439285,-1.0198915999999998,10.69905515
1786685114.936242,57.436,0.0,-1.0,0,0,,,,,,,,,,,,,,,,,,,,,,,,,,,0,2.213529348373413,-2,67,True,True,False,"A:1,B:1,ESTOP:0,MODE:1",,,,nan,nan,nan,-1,9998000100000000.0,0.0021279455577583265,-0.011004689887703836,0.27921392346132196,0.9601635035729664,0.013857914260834978,-0.044244096538056256,-0.0096342174710087,0.22555294999999997,0.67665885,9.875296549999998
1786685114.986280,57.486,0.0,-1.0,0,0,,,,,,,,,,,,,,,,,,,,,,,,,,,0,2.1529178619384766,-2,35,True,True,False,"A:1,B:1,ESTOP:0,MODE:1",,,,nan,nan,nan,-1,9998000100000000.0,0.002036935820482122,-0.010849364831823055,0.2791806463443573,0.9601751448990731,0.06852162643329739,-0.02956587752878394,-0.008412486994612669,-1.765197,0.35303939999999995,8.2964259
1786685115.036288,57.536,0.0,-1.0,0,0,,,,,,,,,,,,,,,,,,,,,,,,,,,0,2.524170398712158,-1,78,True,True,False,"A:1,B:1,ESTOP:0,MODE:1",,,,nan,nan,nan,-1,9998000100000000.0,0.0018517156125014843,-0.011021474569689924,0.2792614760410902,0.9601500540264276,0.24935519023242989,-0.15130259285538844,-0.0308399678827398,0.43149259999999995,-2.0986230999999997,9.0025047
1786685115.086183,57.586,0.0,-1.0,0,0,,,,,,,,,,,,,,,,,,,,,,,,,,,0,2.160553216934204,-1,41,True,True,False,"A:1,B:1,ESTOP:0,MODE:1",,,,nan,nan,nan,-1,9998000100000000.0,0.002368607524845092,-0.010989216435345764,0.2791995470968324,0.960167297777556,-0.05262167694762904,-0.006719517620178169,0.016929693744344994,0.2745862,2.0299765499999998,10.0616229
1786685115.136211,57.636,0.0,-1.0,0,0,,,,,,,,,,,,,,,,,,,,,,,,,,,0,2.338536024093628,-1,70,True,True,False,"A:1,B:1,ESTOP:0,MODE:1",,,,nan,nan,nan,-1,9998000100000000.0,0.001904831923722921,-0.011051349844008776,0.27917797858021837,0.9601738881878795,-0.004642575810304917,0.0009773843811168245,-0.014608405839192538,0.32361945,-1.01008495,9.590903699999998
1786685115.186275,57.686,0.0,-1.0,0,0,,,,,,,,,,,,,,,,,,,,,,,,,,,0,2.1705546379089355,-1,38,True,True,False,"A:1,B:1,ESTOP:0,MODE:1",,,,nan,nan,nan,-1,9998000100000000.0,0.0020819582796606823,-0.010972596034501542,0.27918858235167926,0.9601713404754617,0.02214822820780804,-0.005811946409141118,-0.010786134777324957,0.3334261,0.9120184499999999,9.62032365
1786685115.236238,57.736,0.0,-1.0,0,0,,,,,,,,,,,,,,,,,,,,,,,,,,,0,2.1496756076812744,-1,68,True,True,False,"A:1,B:1,ESTOP:0,MODE:1",,,,nan,nan,nan,-1,9998000100000000.0,0.002180936785158071,-0.010843861909956705,0.2791987780996476,0.960169618599381,0.030141836181942074,-0.0052010811709431014,0.005759586531581287,0.35303939999999995,0.0980665,10.24794925
1786685115.286147,57.786,0.0,-1.0,0,0,,,,,,,,,,,,,,,,,,,,,,,,,,,0,2.2551722526550293,-1,37,True,True,False,"A:1,B:1,ESTOP:0,MODE:1",,,,nan,nan,nan,-1,9998000100000000.0,0.0021565703624177785,-0.010760071764202106,0.2791991238379022,0.9601705157460569,0.031049407392979123,-0.01022762941668677,0.008080874436733746,0.1372931,-0.5982056499999999,9.42419065
1786685115.336174,57.836,0.0,-1.0,0,0,,,,,,,,,,,,,,,,,,,,,,,,,,,0,2.1953670978546143,-1,67,True,True,False,"A:1,B:1,ESTOP:0,MODE:1",,,,nan,nan,nan,-1,9998000100000000.0,0.0024316505725983867,-0.010770916031174334,0.2791429535397514,0.9601860683911458,0.009389871375729494,-0.0079412480965742,-0.0024434609527920616,0.2353596,0.32361945,9.894909849999998
1786685115.386141,57.886,0.0,-1.0,0,0,,,,,,,,,,,,,,,,,,,,,,,,,,,0,2.169907569885254,-1,36,True,True,False,"A:1,B:1,ESTOP:0,MODE:1",,,,nan,nan,nan,-1,9998000100000000.0,0.0023391966315127813,-0.010797773025159422,0.27911678060579137,0.9601936049782226,0.011885692206081384,-0.004433136300065597,-0.001762782544514273,0.14709974999999997,0.1372931,9.747810099999999
1786685115.436135,57.936,0.0,-1.0,0,0,,,,,,,,,,,,,,,,,,,,,,,,,,,0,2.170492649078369,-1,66,True,True,False,"A:1,B:1,ESTOP:0,MODE:1",,,,nan,nan,nan,-1,9998000100000000.0,0.002391615448293117,-0.010728011570838894,0.27911772955755554,0.9601939819588117,0.001117010721276371,-0.0021991148575128553,0.004084070449666731,0.20593965,-0.00980665,9.826263299999999
1786685115.486136,57.986,0.0,-1.0,0,0,,,,,,,,,,,,,,,,,,,,,,,,,,,0,2.1550521850585938,-1,37,True,True,False,"A:1,B:1,ESTOP:0,MODE:1",,,,nan,nan,nan,-1,9998000100000000.0,0.002393665521917398,-0.010672885501348196,0.27910973162847097,0.9601969160493732,0.0102799892942466,0.0035779249665883754,-0.0007853981633974482,0.2353596,0.0784532,9.924329799999999
1786685115.536237,58.036,0.0,-1.0,0,0,,,,,,,,,,,,,,,,,,,,,,,,,,,0,2.133100748062134,-1,66,True,True,False,"A:1,B:1,ESTOP:0,MODE:1",,,,nan,nan,nan,-1,9998000100000000.0,0.002601507161391611,-0.010576108263401874,0.27908712946694747,0.9602040159572284,-0.008569566627292158,0.004049163864626845,-0.0007504915783575617,0.25497289999999995,0.1176798,9.79684335
1786685115.586175,58.086,0.0,-1.0,0,0,,,,,,,,,,,,,,,,,,,,,,,,,,,0,2.1491031646728516,-1,36,True,True,False,"A:1,B:1,ESTOP:0,MODE:1",,,,nan,nan,nan,-1,9998000100000000.0,0.00244141256181725,-0.010649913376390251,0.2791019426142179,0.9601993149751504,-0.002478367537831948,0.0003141592653589793,0.0022689280275926286,0.29419949999999995,-0.0980665,9.855683249999998
1786685115.636127,58.136,0.0,-1.0,0,0,,,,,,,,,,,,,,,,,,,,,,,,,,,0,2.1253979206085205,-1,67,True,True,False,"A:1,B:1,ESTOP:0,MODE:1",,,,nan,nan,nan,-1,9998000100000000.0,0.002946224679827448,-0.010448653024148536,0.27909944802354214,0.9602008349939462,-0.004118977034706617,0.0023212879051524586,0.0012042771838760874,0.22555294999999997,0.1372931,9.80665
1786685115.686159,58.186,0.0,-1.0,0,0,,,,,,,,,,,,,,,,,,,,,,,,,,,0,2.1693782806396484,-1,35,True,True,False,"A:1,B:1,ESTOP:0,MODE:1",,,,nan,nan,nan,-1,9998000100000000.0,0.0027664598034816464,-0.010455468280163232,0.27909776305095557,0.9602017853259549,-0.0015707963267948964,0.003543018381548489,0.00047123889803846896,0.2745862,-0.24516625,9.81645665
1786685115.736165,58.236,0.0,-1.0,0,0,,,,,,,,,,,,,,,,,,,,,,,,,,,0,2.1272358894348145,-1,66,True,True,False,"A:1,B:1,ESTOP:0,MODE:1",,,,nan,nan,nan,-1,9998000100000000.0,0.002885224976755368,-0.010457297714649849,0.2791072162300218,0.9601986681149212,0.00047123889803846896,0.0008726646259971648,-0.010681415022205296,0.25497289999999995,0.2353596,9.7281968
1786685115.786288,58.286,0.0,-1.0,0,0,,,,,,,,,,,,,,,,,,,,,,,,,,,0,2.164813756942749,-1,36,True,True,False,"A:1,B:1,ESTOP:0,MODE:1",,,,nan,nan,nan,-1,9998000100000000.0,0.002806028385129172,-0.01049848644555964,0.2790811077220923,0.9602060421074552,-0.007592182246175334,-0.0005061454830783556,0.00603883921190038,0.22555294999999997,-0.20593965,9.77723005
1786685115.836167,58.336,0.0,-1.0,0,0,,,,,,,,,,,,,,,,,,,,,,,,,,,0,2.1514716148376465,-1,36,True,True,False,"A:1,B:1,ESTOP:0,MODE:1",,,,nan,nan,nan,-1,9998000100000000.0,0.002773858167640539,-0.010480582053085693,0.2791060566956671,0.9601990794759644,0.005375614096142535,0.0017976891295541594,-0.0072082098107365804,0.1569064,0.0784532,9.7281968
1786685115.886244,58.386,0.0,-1.0,0,0,,,,,,,,,,,,,,,,,,,,,,,,,,,0,2.1591134071350098,-1,10,True,True,False,"A:1,B:1,ESTOP:0,MODE:1",,,,nan,nan,nan,-1,9998000100000000.0,0.002835131857034422,-0.01047186223918573,0.27912342689293435,0.9601939463921554,0.0011519173063162576,0.001954768762233649,0.003682644721708035,0.196133,-0.0392266,9.855683249999998
1786685115.936230,58.436,0.0,-1.0,0,0,,,,,,,,,,,,,,,,,,,,,,,,,,,0,2.1539244651794434,-1,44,True,True,False,"A:1,B:1,ESTOP:0,MODE:1",,,,nan,nan,nan,-1,9998000100000000.0,0.0027955797777773532,-0.010492444943366212,0.27911456194113005,0.960196414617982,0.004380776422505767,-0.003560471674068432,-0.003892084231947355,0.24516625,0.02941995,9.79684335
1786685115.986232,58.486,0.0,-1.0,0,0,,,,,,,,,,,,,,,,,,,,,,,,,,,0,2.1598124504089355,-1,17,True,True,False,"A:1,B:1,ESTOP:0,MODE:1",,,,nan,nan,nan,-1,9998000100000000.0,0.002825497565570208,-0.01050192095808848,0.27910640064855785,0.9601985957793854,-1.7453292519943296e-05,-0.008552113334772215,-0.0012217304763960308,0.196133,-0.02941995,9.80665
1786685116.036166,58.536,0.0,-1.0,0,0,,,,,,,,,,,,,,,,,,,,,,,,,,,0,2.1670451164245605,-1,49,True,True,False,"A:1,B:1,ESTOP:0,MODE:1",,,,nan,nan,nan,-1,9998000100000000.0,0.0028196456960652375,-0.0105127113161465,0.2791146598966309,0.960196094102512,-0.000296705972839036,0.0016057029118347831,0.002478367537831948,0.2353596,-0.0392266,9.7870367
1786685116.086529,58.587,0.0,-1.0,0,0,,,,,,,,,,,,,,,,,,,,,,,,,,,0,0.0,-1,22,True,True,False,"A:1,B:1,ESTOP:0,MODE:1",,,,nan,nan,nan,-1,9998000100000000.0,0.0028603783041605654,-0.010528131170274641,0.27910656294687214,0.9601981583037963,0.002548180707911721,-0.009913470151327791,-0.00476474885794452,0.18632634999999997,-0.0196133,9.7281968
1786685116.136161,58.636,0.0,-1.0,0,0,,,,,,,,,,,,,,,,,,,,,,,,,,,0,0.0,-1,55,True,True,False,"A:1,B:1,ESTOP:0,MODE:1",,,,nan,nan,nan,-1,9998000100000000.0,0.002818665715791356,-0.01054026028807523,0.2791228618837852,0.9601934107305921,-0.008395033702092726,0.003246312408709453,0.0008028514559173916,0.18632634999999997,0.0392266,9.836069949999999
1786685116.186203,58.686,0.0,-1.0,0,0,,,,,,,,,,,,,,,,,,,,,,,,,,,0,0.0,-1,27,True,True,False,"A:1,B:1,ESTOP:0,MODE:1",,,,nan,nan,nan,-1,9998000100000000.0,0.003029127918636852,-0.010451817693873317,0.2791169467719984,0.9601954561002795,0.002827433388230814,-0.0045553093477052,-0.01137954672300303,0.28439285,0.0196133,9.77723005
1786685116.236127,58.736,0.0,-1.0,0,0,,,,,,,,,,,,,,,,,,,,,,,,,,,0,0.0,-1,58,True,True,False,"A:1,B:1,ESTOP:0,MODE:1",,,,nan,nan,nan,-1,9998000100000000.0,0.00293802775214932,-0.0104510373492389,0.2791161154552049,0.9601959893190811,-0.005393067388662479,-0.0011344640137963143,0.0010821041362364843,0.1569064,-0.0980665,9.81645665
1786685116.286276,58.786,0.0,-1.0,0,0,,,,,,,,,,,,,,,,,,,,,,,,,,,0,0.0,-1,28,True,True,False,"A:1,B:1,ESTOP:0,MODE:1",,,,nan,nan,nan,-1,9998000100000000.0,0.003026783298147842,-0.010443411994582773,0.27912535261799737,0.9601931114388688,0.0003141592653589793,0.0008377580409572782,-0.006265732014659643,0.20593965,0.04903325,9.7870367
1786685116.336575,58.837,0.0,-1.0,0,0,,,,,,,,,,,,,,,,,,,,,,,,,,,0,0.0,-1,59,True,True,False,"A:1,B:1,ESTOP:0,MODE:1",,,,nan,nan,nan,-1,9998000100000000.0,0.0029140704980933495,-0.010494348327457303,0.2790988815243409,0.9602005994468947,0.006876597252857658,-0.004956735075663896,-0.0033684854563490563,0.29419949999999995,-0.0588399,9.79684335
1786685116.386240,58.886,0.0,-1.0,0,0,,,,,,,,,,,,,,,,,,,,,,,,,,,0,0.0,-1,29,True,True,False,"A:1,B:1,ESTOP:0,MODE:1",,,,nan,nan,nan,-1,9998000100000000.0,0.002977413883728989,-0.010494109744484724,0.2790827091024219,0.9602051083738768,-0.0037699111843077517,-0.002775073510670984,-0.00047123889803846896,0.16671305,0.02941995,9.79684335
1786685116.436137,58.936,0.0,-1.0,0,0,,,,,,,,,,,,,,,,,,,,,,,,,,,0,0.0,-1,59,True,True,False,"A:1,B:1,ESTOP:0,MODE:1",,,,nan,nan,nan,-1,9998000100000000.0,0.002947587820191133,-0.010484605932223293,0.2790992476761664,0.9602004971416573,-0.0012042771838760874,0.004886921905584123,-0.0021118483949131386,0.22555294999999997,-0.06864655,9.738003449999999
1786685116.486258,58.986,0.0,-1.0,0,0,,,,,,,,,,,,,,,,,,,,,,,,,,,0,0.0,-1,31,True,True,False,"A:1,B:1,ESTOP:0,MODE:1",,,,nan,nan,nan,-1,9998000100000000.0,0.0030170580650223954,-0.010473500429915097,0.27909995220268335,0.9602001977868139,-0.010035643198967395,0.0049741883681838385,-0.006789330790257942,0.25497289999999995,0.02941995,9.81645665
1786685116.536160,59.036,0.0,-1.0,0,0,,,,,,,,,,,,,,,,,,,,,,,,,,,0,0.0,-1,62,True,True,False,"A:1,B:1,ESTOP:0,MODE:1",,,,nan,nan,nan,-1,9998000100000000.0,0.0030517552253181406,-0.010499764172147976,0.2790833612502575,0.9602046236170872,-0.00874409955249159,0.003438298626428829,0.001780235837034216,0.16671305,0.0,9.80665
1786685116.586221,59.086,0.0,-1.0,0,0,,,,,,,,,,,,,,,,,,,,,,,,,,,0,0.0,-1,31,True,True,False,"A:1,B:1,ESTOP:0,MODE:1",,,,nan,nan,nan,-1,9998000100000000.0,0.0030184211841386985,-0.010509453333044684,0.2790997532608357,0.9601998584950616,-0.0008028514559173916,0.0003316125578789226,0.0033335788713091696,0.18632634999999997,0.0392266,9.757616749999999
1786685116.636198,59.136,0.0,-1.0,0,0,,,,,,,,,,,,,,,,,,,,,,,,,,,0,0.0,-1,62,True,True,False,"A:1,B:1,ESTOP:0,MODE:1",,,,nan,nan,nan,-1,9998000100000000.0,0.0030304150810767268,-0.010551402828578136,0.2790828596832352,0.9602042709308332,-0.003543018381548489,-0.004136430327226561,-0.0029670597283903604,0.16671305,-0.0196133,9.7870367
1786685116.686237,59.186,0.0,-1.0,0,0,,,,,,,,,,,,,,,,,,,,,,,,,,,0,0.0,-1,32,True,True,False,"A:1,B:1,ESTOP:0,MODE:1",,,,nan,nan,nan,-1,9998000100000000.0,0.0030030384425138454,-0.010613882457587554,0.2790738548974309,0.960206285530342,0.001710422666954443,0.0038746309394274117,0.0026005405854715507,0.20593965,0.0196133,9.81645665
1786685116.736150,59.236,0.0,-1.0,0,0,,,,,,,,,,,,,,,,,,,,,,,,,,,0,0.0,-1,64,True,True,False,"A:1,B:1,ESTOP:0,MODE:1",,,,nan,nan,nan,-1,9998000100000000.0,0.003006362124826448,-0.010594740796066414,0.2790572435605715,0.96021131427963,0.0063006385996995295,-0.007504915783575617,0.001413716694115407,0.28439285,0.0392266,9.77723005
1786685116.786166,59.286,0.0,-1.0,0,0,,,,,,,,,,,,,,,,,,,,,,,,,,,0,0.0,-1,34,True,True,False,"A:1,B:1,ESTOP:0,MODE:1",,,,nan,nan,nan,-1,9998000100000000.0,0.0029847327782775586,-0.01058285242004039,0.27905711366584635,0.9602115506061073,-0.004904375198104067,0.0016231562043547264,0.002530727415391778,0.12748644999999997,0.06864655,9.81645665
1786685116.836120,59.336,0.0,-1.0,0,0,,,,,,,,,,,,,,,,,,,,,,,,,,,0,0.0,-1,64,True,True,False,"A:1,B:1,ESTOP:0,MODE:1",,,,nan,nan,nan,-1,9998000100000000.0,0.003018342750288712,-0.010573085143118882,0.2790658623220697,0.9602090105617826,-0.0015882496193148398,-0.004782202150464463,0.0017453292519943296,0.16671305,-0.0,9.826263299999999
1786685116.886172,59.386,0.0,-1.0,0,0,,,,,,,,,,,,,,,,,,,,,,,,,,,0,0.0,-1,32,True,True,False,"A:1,B:1,ESTOP:0,MODE:1",,,,nan,nan,nan,-1,9998000100000000.0,0.003024102489663587,-0.010562323213600558,0.27904922286037565,0.9602139466564125,0.0006283185307179586,0.003979350694547071,-0.001186823891356144,0.196133,-0.08825984999999999,9.77723005
1786685116.936196,59.436,0.0,-1.0,0,0,,,,,,,,,,,,,,,,,,,,,,,,,,,0,0.0,-1,62,True,True,False,"A:1,B:1,ESTOP:0,MODE:1",,,,nan,nan,nan,-1,9998000100000000.0,0.0030373522787102004,-0.010576646938427829,0.2790492608841213,0.9602137361185271,-0.003926990816987242,0.008674286382411817,-0.001239183768915974,0.18632634999999997,0.0392266,9.81645665
1786685116.986221,59.486,0.0,-1.0,0,0,,,,,,,,,,,,,,,,,,,,,,,,,,,0,0.0,-1,32,True,True,False,"A:1,B:1,ESTOP:0,MODE:1",,,,nan,nan,nan,-1,9998000100000000.0,0.003012213940844971,-0.01058395242736896,0.2790489838925233,0.9602138153071639,0.008936085770210968,0.004084070449666731,-0.0017453292519943296,0.25497289999999995,-0.00980665,9.80665
1786685117.036160,59.536,0.0,-1.0,0,0,,,,,,,,,,,,,,,,,,,,,,,,,,,0,0.0,-1,62,True,True,False,"A:1,B:1,ESTOP:0,MODE:1",,,,nan,nan,nan,-1,9998000100000000.0,0.0030482592443240126,-0.010582564616730652,0.2790577055777042,0.9602111821882826,0.0028797932657906437,-0.003525565089028546,-0.0009250245035569946,0.30400615,-0.02941995,9.855683249999998
1786685117.086156,59.586,0.0,-1.0,0,0,,,,,,,,,,,,,,,,,,,,,,,,,,,0,0.0,-1,32,True,True,False,"A:1,B:1,ESTOP:0,MODE:1",,,,nan,nan,nan,-1,9998000100000000.0,0.003028176583253123,-0.01060657631751478,0.2790741326725868,0.9602062065819219,0.007661995416255106,-0.0022165681500327986,-0.0016755160819145565,0.20593965,0.00980665,9.77723005
1786685117.136183,59.636,0.0,-1.0,0,0,,,,,,,,,,,,,,,,,,,,,,,,,,,0,0.0,-1,62,True,True,False,"A:1,B:1,ESTOP:0,MODE:1",,,,nan,nan,nan,-1,9998000100000000.0,0.003058000213324161,-0.01061608229794662,0.27905759724838985,0.9602108127121324,-0.003141592653589793,0.002234021442552742,-0.0011344640137963143,0.24516625,0.04903325,9.738003449999999
1786685117.186415,59.686,0.0,-1.0,0,0,,,,,,,,,,,,,,,,,,,,,,,,,,,0,0.0,-1,29,True,True,False,"A:1,B:1,ESTOP:0,MODE:1",,,,nan,nan,nan,-1,9998000100000000.0,0.003121526620047531,-0.010615794458633542,0.27905819195886633,0.9602104386436449,0.0003316125578789226,0.0036477381366681488,0.002897246558310587,0.2353596,0.0392266,9.747810099999999
1786685117.236133,59.736,0.0,-1.0,0,0,,,,,,,,,,,,,,,,,,,,,,,,,,,0,0.0,-1,57,True,True,False,"A:1,B:1,ESTOP:0,MODE:1",,,,nan,nan,nan,-1,9998000100000000.0,0.0031038799280146173,-0.010648184260471745,0.27907459200996254,0.9602053708430401,-0.005113814708343385,0.0022514747350726853,-0.007452555906015787,0.35303939999999995,0.00980665,9.77723005
1786685117.286252,59.786,0.0,-1.0,0,0,,,,,,,,,,,,,,,,,,,,,,,,,,,0,0.0,-1,27,True,True,False,"A:1,B:1,ESTOP:0,MODE:1",,,,nan,nan,nan,-1,9998000100000000.0,0.003133599887278647,-0.010594110442768492,0.2790751889663069,0.9602056989411659,0.005532693728822024,0.00312413936106985,-0.004904375198104067,0.196133,0.0196133,9.845876599999999
1786685117.336180,59.836,0.0,-1.0,0,0,,,,,,,,,,,,,,,,,,,,,,,,,,,0,0.0,-1,58,True,True,False,"A:1,B:1,ESTOP:0,MODE:1",,,,nan,nan,nan,-1,9998000100000000.0,0.003163793835403049,-0.010603507807117541,0.279092172387165,0.9602005599576394,0.0027401669256310974,-0.0008377580409572782,-0.00905825881785057,0.16671305,0.0588399,9.77723005
1786685117.386220,59.886,0.0,-1.0,0,0,,,,,,,,,,,,,,,,,,,,,,,,,,,0,0.0,-1,24,True,True,False,"A:1,B:1,ESTOP:0,MODE:1",,,,nan,nan,nan,-1,9998000100000000.0,0.003174793858452111,-0.010609396193745704,0.2791089972956455,0.9601955681135899,0.0014486232791552935,-0.004049163864626845,0.004258603374866164,0.3138128,0.00980665,9.747810099999999
1786685117.436204,59.936,0.0,-1.0,0,0,,,,,,,,,,,,,,,,,,,,,,,,,,,0,0.0,-1,48,True,True,False,"A:1,B:1,ESTOP:0,MODE:1",,,,nan,nan,nan,-1,9998000100000000.0,0.003184245427998812,-0.010579386940840263,0.2791092606161652,0.9601957913838759,-0.001064650843716541,0.006719517620178169,0.004223696789826277,0.22555294999999997,0.04903325,9.7674234
1786685117.486268,59.986,0.0,-1.0,0,0,,,,,,,,,,,,,,,,,,,,,,,,,,,0,0.0,-1,2,True,True,False,"A:1,B:1,ESTOP:0,MODE:1",,,,nan,nan,nan,-1,9998000100000000.0,0.0031783942247758583,-0.01059017418592112,0.2791175214442064,0.9601932905637837,0.0053058009260627615,-0.005602506898901798,-0.0015184364492350666,0.24516625,-0.04903325,9.7674234
1786685117.536231,60.036,0.0,-1.0,0,0,,,,,,,,,,,,,,,,,,,,,,,,,,,0,0.0,-1,29,True,True,False,"A:1,B:1,ESTOP:0,MODE:1",,,,nan,nan,nan,-1,9998000100000000.0,0.0031870506770943553,-0.010587654992480029,0.2791427515554642,0.960185955179405,-0.00034906585039886593,0.003543018381548489,0.0012217304763960308,0.21574629999999997,0.0196133,9.77723005
1786685117.586245,60.086,0.0,-1.0,0,0,,,,,,,,,,,,,,,,,,,,,,,,,,,0,0.0,-1,1,True,True,False,"A:1,B:1,ESTOP:0,MODE:1",,,,nan,nan,nan,-1,9998000100000000.0,0.0032313647795356787,-0.010520243242248687,0.2791686882111598,0.9601790074180157,0.0038048177693476384,-0.0025830872929516074,0.0030543261909900766,0.0980665,-0.0196133,9.7281968
1786685117.636137,60.136,0.0,-1.0,0,0,,,,,,,,,,,,,,,,,,,,,,,,,,,0,0.0,-1,29,True,True,False,"A:1,B:1,ESTOP:0,MODE:1",,,,nan,nan,nan,-1,9998000100000000.0,0.003211283739220272,-0.010544254111868557,0.279185119615026,0.9601740338852713,0.0013439035240356337,0.006544984694978736,0.0076270888312152205,0.196133,0.0392266,9.79684335
1786685117.686349,60.186,0.0,-1.0,0,0,,,,,,,,,,,,,,,,,,,,,,,,,,,0,0.0,-1,0,True,True,False,"A:1,B:1,ESTOP:0,MODE:1",,,,nan,nan,nan,-1,9998000100000000.0,0.003247236454452392,-0.01054288781345782,0.27918546210684464,0.9601738283874172,0.002949606435870417,0.002530727415391778,-0.001413716694115407,0.21574629999999997,0.0980665,9.79684335
1786685117.736585,60.237,0.0,-1.0,0,0,,,,,,,,,,,,,,,,,,,,,,,,,,,0,0.0,-1,30,True,True,False,"A:1,B:1,ESTOP:0,MODE:1",,,,nan,nan,nan,-1,9998000100000000.0,0.0032667070702487528,-0.010546308694508363,0.2792107579878606,0.9601663692411236,-0.00034906585039886593,-0.0009075712110370514,-0.0032812189937493396,0.2745862,0.04903325,9.79684335
1786685117.786296,60.286,0.0,-1.0,0,0,,,,,,,,,,,,,,,,,,,,,,,,,,,0,0.0,-1,9,True,True,False,"A:1,B:1,ESTOP:0,MODE:1",,,,nan,nan,nan,-1,9998000100000000.0,0.003283557125514586,-0.010541406891828317,0.27921932103426966,0.9601638754684045,0.0016231562043547264,-0.0035081117965086025,-0.005811946409141118,0.17651969999999997,0.0196133,9.855683249999998
1786685117.836137,60.336,0.0,-1.0,0,0,,,,,,,,,,,,,,,,,,,,,,,,,,,0,0.0,-1,43,True,True,False,"A:1,B:1,ESTOP:0,MODE:1",,,,nan,nan,nan,-1,9998000100000000.0,0.0032941886579680307,-0.010547406760806248,0.2792026298712211,0.9601686268592105,-0.0026878070480712674,-5.235987755982989e-05,0.00012217304763960306,0.22555294999999997,-0.04903325,9.836069949999999
1786685117.886271,60.386,0.0,-1.0,0,0,,,,,,,,,,,,,,,,,,,,,,,,,,,0,0.0,-1,15,True,True,False,"A:1,B:1,ESTOP:0,MODE:1",,,,nan,nan,nan,-1,9998000100000000.0,0.003310854760289667,-0.010542562647088296,0.2791944348535869,0.9601710056861614,0.008307767239493008,0.005393067388662479,0.004607669225265031,0.22555294999999997,0.0588399,9.747810099999999
1786685117.936229,60.436,0.0,-1.0,0,0,,,,,,,,,,,,,,,,,,,,,,,,,,,0,0.0,-1,43,True,True,False,"A:1,B:1,ESTOP:0,MODE:1",,,,nan,nan,nan,-1,9998000100000000.0,0.0033311192067791103,-0.010518495176558618,0.279194760168522,0.960171104959159,0.004694935687864747,-0.000890117918517108,-0.00019198621771937625,0.2745862,-0.0196133,9.80665
1786685117.986257,60.486,0.0,-1.0,0,0,,,,,,,,,,,,,,,,,,,,,,,,,,,0,0.0,-1,10,True,True,False,"A:1,B:1,ESTOP:0,MODE:1",,,,nan,nan,nan,-1,9998000100000000.0,0.003322556507667306,-0.010520989601220776,0.2791779101765107,0.9601760067120717,0.001710422666954443,0.002949606435870417,-0.004328416544945937,0.2353596,-0.0,9.7870367
1786685118.036220,60.536,0.0,-1.0,0,0,,,,,,,,,,,,,,,,,,,,,,,,,,,0,0.0,-1,42,True,True,False,"A:1,B:1,ESTOP:0,MODE:1",,,,nan,nan,nan,-1,9998000100000000.0,0.0033174090257253133,-0.010504318192863819,0.27915282219181764,0.9601835011907893,-0.0004537856055185257,-0.0004537856055185257,-0.004310963252425994,0.20593965,-0.0196133,9.757616749999999
1786685118.086230,60.586,0.0,-1.0,0,0,,,,,,,,,,,,,,,,,,,,,,,,,,,0,0.0,-1,20,True,True,False,"A:1,B:1,ESTOP:0,MODE:1",,,,nan,nan,nan,-1,9998000100000000.0,0.003309213220791089,-0.010506696505329465,0.27916948883522474,0.9601786578235758,0.0035953782591083188,-0.004677482395344803,-0.0026354471705114374,0.17651969999999997,0.0980665,9.747810099999999
1786685118.136215,60.636,0.0,-1.0,0,0,,,,,,,,,,,,,,,,,,,,,,,,,,,0,0.0,-1,57,True,True,False,"A:1,B:1,ESTOP:0,MODE:1",,,,nan,nan,nan,-1,9998000100000000.0,0.003292363210432455,-0.01051159766216959,0.2791609262656314,0.9601811516092127,0.001413716694115407,0.00027925268031909274,-0.006370451769779303,0.196133,0.0,9.7870367
1786685118.186233,60.686,0.0,-1.0,0,0,,,,,,,,,,,,,,,,,,,,,,,,,,,0,0.0,-1,31,True,True,False,"A:1,B:1,ESTOP:0,MODE:1",,,,nan,nan,nan,-1,9998000100000000.0,0.0032506510751205177,-0.010523721612463819,0.27917722562740105,0.9601764219360931,0.0019198621771937625,0.012374384396639796,0.004345869837465881,0.22555294999999997,-0.00980665,9.7870367
1786685118.236152,60.736,0.0,-1.0,0,0,,,,,,,,,,,,,,,,,,,,,,,,,,,0,0.0,-1,63,True,True,False,"A:1,B:1,ESTOP:0,MODE:1",,,,nan,nan,nan,-1,9998000100000000.0,0.0032567774329261166,-0.010512849360846545,0.2791941008645502,0.9601716135366135,-0.002495820830351891,0.00022689280275926284,0.008133234314293577,0.25497289999999995,-0.00980665,9.7870367
1786685118.286401,60.786,0.0,-1.0,0,0,,,,,,,,,,,,,,,,,,,,,,,,,,,0,0.0,-1,37,True,True,False,"A:1,B:1,ESTOP:0,MODE:1",,,,nan,nan,nan,-1,9998000100000000.0,0.0032206412145839147,-0.010514272191627875,0.2791770010098948,0.9601766918945535,0.004014257279586958,-0.0020943951023931952,0.005253441048502932,0.21574629999999997,0.02941995,9.8654899
1786685118.336208,60.836,0.0,-1.0,0,0,,,,,,,,,,,,,,,,,,,,,,,,,,,0,0.0,-1,68,True,True,False,"A:1,B:1,ESTOP:0,MODE:1",,,,nan,nan,nan,-1,9998000100000000.0,0.0032265840874969335,-0.01050345678092038,0.279177118142863,0.9601767562570047,0.0026878070480712674,0.0013264502315156904,-0.0004363323129985824,0.2353596,-0.0392266,9.77723005
1786685118.386239,60.886,0.0,-1.0,0,0,,,,,,,,,,,,,,,,,,,,,,,,,,,0,0.0,-1,36,True,True,False,"A:1,B:1,ESTOP:0,MODE:1",,,,nan,nan,nan,-1,9998000100000000.0,0.00324461627146774,-0.010534565337168301,0.27916872927000125,0.9601787937650889,0.005707226654021458,-0.0029845130209103037,-0.00020943951023931956,0.18632634999999997,-0.0196133,9.747810099999999
1786685118.436119,60.936,0.0,-1.0,0,0,,,,,,,,,,,,,,,,,,,,,,,,,,,0,0.0,-1,64,True,True,False,"A:1,B:1,ESTOP:0,MODE:1",,,,nan,nan,nan,-1,9998000100000000.0,0.003223372974399757,-0.010586177764660285,0.2791766118242906,0.9601760058017031,-0.0008726646259971648,-0.00767944870877505,0.0018500490071139892,0.2353596,-0.0196133,9.81645665
1786685118.486246,60.986,0.0,-1.0,0,0,,,,,,,,,,,,,,,,,,,,,,,,,,,0,0.0,-1,32,True,True,False,"A:1,B:1,ESTOP:0,MODE:1",,,,nan,nan,nan,-1,9998000100000000.0,0.0032255318579634032,-0.010594641335992777,0.2791514485820344,0.960183221199864,0.013037609512397642,0.005044001538263612,-0.003944444109507185,0.30400615,-0.0,9.81645665
1786685118.536270,61.036,0.0,-1.0,0,0,,,,,,,,,,,,,,,,,,,,,,,,,,,0,0.0,-1,60,True,True,False,"A:1,B:1,ESTOP:0,MODE:1",,,,nan,nan,nan,-1,9998000100000000.0,0.0032242590601317964,-0.010558660388332966,0.27916002296888676,0.9601811289649091,0.0065275314024587925,0.0037175513067479217,0.0009075712110370514,0.20593965,-0.04903325,9.79684335
1786685118.586236,61.086,0.0,-1.0,0,0,,,,,,,,,,,,,,,,,,,,,,,,,,,0,0.0,-1,26,True,True,False,"A:1,B:1,ESTOP:0,MODE:1",,,,nan,nan,nan,-1,9998000100000000.0,0.003263626800544873,-0.01053812903480145,0.2791521295149341,0.9601835163987298,-0.0061959188445798695,0.002495820830351891,0.0008726646259971648,0.196133,0.0196133,9.79684335
1786685118.636170,61.136,0.0,-1.0,0,0,,,,,,,,,,,,,,,,,,,,,,,,,,,0,0.0,-1,56,True,True,False,"A:1,B:1,ESTOP:0,MODE:1",,,,nan,nan,nan,-1,9998000100000000.0,0.003282729195226875,-0.010541664749289283,0.27914390907872927,0.9601858023411878,-0.00153588974175501,0.0058468529941810045,-0.006806784082777886,0.21574629999999997,0.0392266,9.845876599999999
1786685118.686225,61.186,0.0,-1.0,0,0,,,,,,,,,,,,,,,,,,,,,,,,,,,0,0.0,-1,22,True,True,False,"A:1,B:1,ESTOP:0,MODE:1",,,,nan,nan,nan,-1,9998000100000000.0,0.003264881347736163,-0.010510498410285849,0.2791690552668458,0.9601788940371316,-0.0009948376736367678,-0.004241150082346221,0.0005061454830783556,0.2353596,0.06864655,9.79684335
1786685118.736231,61.236,0.0,-1.0,0,0,,,,,,,,,,,,,,,,,,,,,,,,,,,0,0.0,-1,45,True,True,False,"A:1,B:1,ESTOP:0,MODE:1",,,,nan,nan,nan,-1,9998000100000000.0,0.003245778580489048,-0.010506963351230329,0.2791772761772246,0.9601766072493164,-0.0023212879051524586,-0.0030543261909900766,-0.001832595714594046,0.25497289999999995,0.02941995,9.77723005
1786685118.786332,61.286,0.0,-1.0,0,0,,,,,,,,,,,,,,,,,,,,,,,,,,,0,0.0,-1,0,True,True,False,"A:1,B:1,ESTOP:0,MODE:1",,,,nan,nan,nan,-1,9998000100000000.0,0.0032445243399189935,-0.010534593651385624,0.2791603501186917,0.960181229935275,-0.0018675022996339325,-0.005113814708343385,-6.981317007977319e-05,0.25497289999999995,0.02941995,9.836069949999999
1786685118.836134,61.336,0.0,-1.0,0,0,,,,,,,,,,,,,,,,,,,,,,,,,,,0,0.0,-1,25,True,True,False,"A:1,B:1,ESTOP:0,MODE:1",,,,nan,nan,nan,-1,9998000100000000.0,0.0032589383793186584,-0.010521313771174287,0.27916893832320294,0.9601788297773828,0.008709192967451705,-0.00034906585039886593,0.005829399701661061,0.17651969999999997,0.00980665,9.81645665
1786685118.886333,61.386,0.0,-1.0,0,0,,,,,,,,,,,,,,,,,,,,,,,,,,,0,0.0,-1,0,True,True,False,"A:1,B:1,ESTOP:0,MODE:1",,,,nan,nan,nan,-1,9998000100000000.0,0.003256410463271822,-0.010512963037420147,0.2791605843823814,0.960181358664266,-0.0056374134839416844,-0.0052010811709431014,-0.0006457718232379018,0.29419949999999995,0.04903325,9.80665
1786685118.936340,61.436,0.0,-1.0,0,0,,,,,,,,,,,,,,,,,,,,,,,,,,,0,0.0,-1,13,True,True,False,"A:1,B:1,ESTOP:0,MODE:1",,,,nan,nan,nan,-1,9998000100000000.0,0.0032601005771199874,-0.010493711654707642,0.2791774846125858,0.9601766430429997,-0.008779006137531478,0.0019896753472735357,0.0045029494701453706,0.2745862,0.06864655,9.79684335
1786685118.986248,61.486,0.0,-1.0,0,0,,,,,,,,,,,,,,,,,,,,,,,,,,,0,0.0,-1,0,True,True,False,"A:1,B:1,ESTOP:0,MODE:1",,,,nan,nan,nan,-1,9998000100000000.0,0.003292546671919841,-0.01051154019799039,0.2791776845456232,0.9601762791856626,0.0010122909661567112,-0.0007155849933176752,-0.005113814708343385,0.196133,-0.02941995,9.80665
1786685119.036203,61.536,0.0,-1.0,0,0,,,,,,,,,,,,,,,,,,,,,,,,,,,0,0.0,-1,29,True,True,False,"A:1,B:1,ESTOP:0,MODE:1",,,,nan,nan,nan,-1,9998000100000000.0,0.0032781328322022563,-0.010524820503763514,0.2791690968256226,0.9601786799216405,-0.0011693705988362008,-0.0028623399732707008,0.002234021442552742,0.25497289999999995,-0.0392266,9.81645665
1786685119.086264,61.586,0.0,-1.0,0,0,,,,,,,,,,,,,,,,,,,,,,,,,,,0,0.0,-1,4,True,True,False,"A:1,B:1,ESTOP:0,MODE:1",,,,nan,nan,nan,-1,9998000100000000.0,0.0032780409856919485,-0.010524849110468379,0.2791607176753066,0.9601811160950343,-0.00301941960595019,-0.006213372137099813,0.0028448866807507574,0.25497289999999995,-0.02941995,9.7674234
1786685119.136296,61.636,0.0,-1.0,0,0,,,,,,,,,,,,,,,,,,,,,,,,,,,0,0.0,-1,34,True,True,False,"A:1,B:1,ESTOP:0,MODE:1",,,,nan,nan,nan,-1,9998000100000000.0,0.003264178571216884,-0.010537958137256411,0.2792024042236091,0.9601688987112157,-0.003560471674068432,0.010733774899765127,0.003979350694547071,0.16671305,-0.0588399,9.80665
1786685119.186284,61.686,0.0,-1.0,0,0,,,,,,,,,,,,,,,,,,,,,,,,,,,0,0.0,-1,4,True,True,False,"A:1,B:1,ESTOP:0,MODE:1",,,,nan,nan,nan,-1,9998000100000000.0,0.0032327303413787396,-0.010556196046668383,0.27916849425013385,0.9601786646232446,-0.0008028514559173916,-0.0075223690760955605,-0.0030019663134302466,0.24516625,0.00980665,9.81645665
1786685119.236161,61.736,0.0,-1.0,0,0,,,,,,,,,,,,,,,,,,,,,,,,,,,0,0.0,-1,35,True,True,False,"A:1,B:1,ESTOP:0,MODE:1",,,,nan,nan,nan,-1,9998000100000000.0,0.0031824554996551205,-0.010570813260369,0.27916794114632343,0.9601788325724173,-0.005532693728822024,-0.005689773361501515,-0.0007155849933176752,0.24516625,0.00980665,9.836069949999999
1786685119.286253,61.786,0.0,-1.0,0,0,,,,,,,,,,,,,,,,,,,,,,,,,,,0,0.0,-1,7,True,True,False,"A:1,B:1,ESTOP:0,MODE:1",,,,nan,nan,nan,-1,9998000100000000.0,0.003218131530322011,-0.010569531855713209,0.27914314671848844,0.9601859362987488,-0.0010821041362364843,0.0035779249665883754,-0.007330382858376184,0.24516625,0.0392266,9.81645665
1786685119.336291,61.836,0.0,-1.0,0,0,,,,,,,,,,,,,,,,,,,,,,,,,,,0,0.0,-1,36,True,True,False,"A:1,B:1,ESTOP:0,MODE:1",,,,nan,nan,nan,-1,9998000100000000.0,0.003251648340394122,-0.01055978791528663,0.2791435154946872,0.9601858233797882,0.004328416544945937,0.0027925268031909274,-0.005654866776461628,0.18632634999999997,0.0,9.7870367
1786685119.386212,61.886,0.0,-1.0,0,0,,,,,,,,,,,,,,,,,,,,,,,,,,,0,0.0,-1,6,True,True,False,"A:1,B:1,ESTOP:0,MODE:1",,,,nan,nan,nan,-1,9998000100000000.0,0.0032599354118948262,-0.010557380376874254,0.27913522842318644,0.9601882309182006,0.003926990816987242,0.004223696789826277,-0.0027401669256310974,0.21574629999999997,0.0196133,9.845876599999999
1786685119.436148,61.936,0.0,-1.0,0,0,,,,,,,,,,,,,,,,,,,,,,,,,,,0,0.0,-1,40,True,True,False,"A:1,B:1,ESTOP:0,MODE:1",,,,nan,nan,nan,-1,9998000100000000.0,0.0032743499932611055,-0.01054410073903801,0.27914381707472097,0.9601858309518431,-0.0022514747350726853,0.0012915436464758037,-0.005497787143782138,0.22555294999999997,0.00980665,9.836069949999999
1786685119.486289,61.986,0.0,-1.0,0,0,,,,,,,,,,,,,,,,,,,,,,,,,,,0,0.0,-1,14,True,True,False,"A:1,B:1,ESTOP:0,MODE:1",,,,nan,nan,nan,-1,9998000100000000.0,0.0032969597706373035,-0.010528442325242129,0.2791357387906596,0.9601882738756329,0.0019896753472735357,0.00019198621771937625,-0.0028623399732707008,0.21574629999999997,0.04903325,9.80665
1786685119.536253,62.036,0.0,-1.0,0,0,,,,,,,,,,,,,,,,,,,,,,,,,,,0,0.0,-1,46,True,True,False,"A:1,B:1,ESTOP:0,MODE:1",,,,nan,nan,nan,-1,9998000100000000.0,0.003279129736183078,-0.010560887779410194,0.27913538740018046,0.960188080772947,0.0019198621771937625,-0.003892084231947355,0.0019373154697137059,0.25497289999999995,-0.0392266,9.826263299999999
1786685119.586279,62.086,0.0,-1.0,0,0,,,,,,,,,,,,,,,,,,,,,,,,,,,0,0.0,-1,23,True,True,False,"A:1,B:1,ESTOP:0,MODE:1",,,,nan,nan,nan,-1,9998000100000000.0,0.003248141048174968,-0.010578982322383728,0.2791433722415839,0.960185665611787,-0.0009599310885968813,-0.0003665191429188092,0.001239183768915974,0.21574629999999997,0.00980665,9.747810099999999
1786685119.636187,62.136,0.0,-1.0,0,0,,,,,,,,,,,,,,,,,,,,,,,,,,,0,0.0,-1,55,True,True,False,"A:1,B:1,ESTOP:0,MODE:1",,,,nan,nan,nan,-1,9998000100000000.0,0.003264899448974776,-0.010574110349841969,0.279143556837141,0.9601856087747864,-0.0010122909661567112,0.0006283185307179586,0.0015882496193148398,0.26477955,-0.04903325,9.80665
1786685119.686228,62.186,0.0,-1.0,0,0,,,,,,,,,,,,,,,,,,,,,,,,,,,0,0.0,-1,28,True,True,False,"A:1,B:1,ESTOP:0,MODE:1",,,,nan,nan,nan,-1,9998000100000000.0,0.003274735828235252,-0.0106075986064622,0.27915183417140843,0.9601827994896586,-0.0004188790204786391,0.0023038346126325153,0.0009948376736367678,0.25497289999999995,-0.02941995,9.80665
1786685119.736269,62.236,0.0,-1.0,0,0,,,,,,,,,,,,,,,,,,,,,,,,,,,0,0.0,-1,60,True,True,False,"A:1,B:1,ESTOP:0,MODE:1",,,,nan,nan,nan,-1,9998000100000000.0,0.0032781505530600254,-0.010588432781258332,0.2791435983657944,0.9601853937191424,0.0014835298641951802,0.0063006385996995295,0.0004014257279586958,0.22555294999999997,-0.04903325,9.7674234
1786685119.786262,62.286,0.0,-1.0,0,0,,,,,,,,,,,,,,,,,,,,,,,,,,,0,0.0,-1,31,True,True,False,"A:1,B:1,ESTOP:0,MODE:1",,,,nan,nan,nan,-1,9998000100000000.0,0.0033115750275546003,-0.010578717724401412,0.2791355885938594,0.9601877146592244,-0.0008028514559173916,-0.008028514559173916,0.0008726646259971648,0.26477955,0.0196133,9.7870367
1786685119.836159,62.336,0.0,-1.0,0,0,,,,,,,,,,,,,,,,,,,,,,,,,,,0,0.0,-1,63,True,True,False,"A:1,B:1,ESTOP:0,MODE:1",,,,nan,nan,nan,-1,9998000100000000.0,0.003286806890831743,-0.010585910748641073,0.2791688282550839,0.9601780567815366,0.0012042771838760874,-0.00022689280275926284,0.011274826967883369,0.196133,-0.0588399,9.845876599999999
1786685119.886195,62.386,0.0,-1.0,0,0,,,,,,,,,,,,,,,,,,,,,,,,,,,0,0.0,-1,35,True,True,False,"A:1,B:1,ESTOP:0,MODE:1",,,,nan,nan,nan,-1,9998000100000000.0,0.0032612997118641267,-0.01059333321513502,0.2791350343108618,0.9601878867366826,-0.009930923443847734,0.0029321531433504737,-0.0027576202181510408,0.20593965,0.02941995,9.81645665
1786685119.936254,62.436,0.0,-1.0,0,0,,,,,,,,,,,,,,,,,,,,,,,,,,,0,0.0,-1,65,True,True,False,"A:1,B:1,ESTOP:0,MODE:1",,,,nan,nan,nan,-1,9998000100000000.0,0.0032444487843970252,-0.010598233352488105,0.2791264701486491,0.9601903793853835,-0.003543018381548489,-0.010053096491487338,-0.0007853981633974482,0.21574629999999997,0.0392266,9.836069949999999
1786685119.986451,62.486,0.0,-1.0,0,0,,,,,,,,,,,,,,,,,,,,,,,,,,,0,0.0,-1,37,True,True,False,"A:1,B:1,ESTOP:0,MODE:1",,,,nan,nan,nan,-1,9998000100000000.0,0.003231290284710207,-0.01058388249043323,0.27913480834922483,0.9601881581035908,0.004380776422505767,0.0051836278784231585,-0.0005235987755982988,0.2353596,-0.0196133,9.77723005
1786685120.036252,62.536,0.0,-1.0,0,0,,,,,,,,,,,,,,,,,,,,,,,,,,,0,0.0,-2,69,True,True,False,"A:1,B:1,ESTOP:0,MODE:1",,,,nan,nan,nan,-1,9998000100000000.0,0.0032301100709942942,-0.010547873275927254,0.27915176149476767,0.960183629735819,0.0022165681500327986,0.002234021442552742,-1.7453292519943296e-05,0.2745862,0.00980665,9.757616749999999
1786685120.086250,62.586,0.0,-1.0,0,0,,,,,,,,,,,,,,,,,,,,,,,,,,,0,0.0,-2,38,True,True,False,"A:1,B:1,ESTOP:0,MODE:1",,,,nan,nan,nan,-1,9998000100000000.0,0.0032084796417371085,-0.01053598700831278,0.27915162871836185,0.9601838713600822,0.011431906600562858,0.0023911010752322315,-0.0027576202181510408,0.18632634999999997,-0.06864655,9.826263299999999
1786685120.136227,62.636,0.0,-1.0,0,0,,,,,,,,,,,,,,,,,,,,,,,,,,,0,0.0,-1,68,True,True,False,"A:1,B:1,ESTOP:0,MODE:1",,,,nan,nan,nan,-1,9998000100000000.0,0.003210823656284955,-0.010544394220517289,0.27914322385356616,0.9601862147201492,-0.006492624817418906,0.005794493116621174,-0.005777039824101231,0.16671305,0.0588399,9.81645665
1786685120.186272,62.686,0.0,-1.0,0,0,,,,,,,,,,,,,,,,,,,,,,,,,,,0,0.0,-1,39,True,True,False,"A:1,B:1,ESTOP:0,MODE:1",,,,nan,nan,nan,-1,9998000100000000.0,0.003191629284799139,-0.010540886974362378,0.2791430655920749,0.9601863632317221,-0.0022165681500327986,-0.0004014257279586958,0.0005585053606381855,0.21574629999999997,0.00980665,9.826263299999999
1786685120.236132,62.736,0.0,-1.0,0,0,,,,,,,,,,,,,,,,,,,,,,,,,,,0,0.0,-1,69,True,True,False,"A:1,B:1,ESTOP:0,MODE:1",,,,nan,nan,nan,-1,9998000100000000.0,0.0031773989346865956,-0.010554110423138391,0.2791512348104923,0.9601838901965413,0.0033335788713091696,0.0026878070480712674,0.002548180707911721,0.17651969999999997,-0.0196133,9.836069949999999
1786685120.286190,62.786,0.0,-1.0,0,0,,,,,,,,,,,,,,,,,,,,,,,,,,,0,0.0,-1,41,True,True,False,"A:1,B:1,ESTOP:0,MODE:1",,,,nan,nan,nan,-1,9998000100000000.0,0.0032027205649948166,-0.010546746360872198,0.2791682693471264,0.9601789344241584,-0.0021118483949131386,-0.0051836278784231585,0.0012566370614359172,0.24516625,-0.0196133,9.80665
1786685120.336220,62.836,0.0,-1.0,0,0,,,,,,,,,,,,,,,,,,,,,,,,,,,0,0.0,-1,72,True,True,False,"A:1,B:1,ESTOP:0,MODE:1",,,,nan,nan,nan,-1,9998000100000000.0,0.0031883984607443466,-0.010559997912817,0.27916805931692934,0.9601788975063743,0.0043982297150257105,-0.0032114058236695662,-0.001832595714594046,0.24516625,0.0,9.79684335
1786685120.386279,62.886,0.0,-1.0,0,0,,,,,,,,,,,,,,,,,,,,,,,,,,,0,0.0,-1,41,True,True,False,"A:1,B:1,ESTOP:0,MODE:1",,,,nan,nan,nan,-1,9998000100000000.0,0.0031967776022076622,-0.010557561711514195,0.27916815145966567,0.9601788696457878,-0.0011519173063162576,0.0005410520681182421,-0.004904375198104067,0.17651969999999997,-0.00980665,9.81645665
1786685120.436166,62.936,0.0,-1.0,0,0,,,,,,,,,,,,,,,,,,,,,,,,,,,0,0.0,-1,70,True,True,False,"A:1,B:1,ESTOP:0,MODE:1",,,,nan,nan,nan,-1,9998000100000000.0,0.003177491036553859,-0.010554082694699991,0.27915961398501715,0.9601814541059009,0.0016406094968746698,0.0007155849933176752,0.004904375198104067,0.2353596,0.0196133,9.826263299999999
1786685120.486292,62.986,0.0,-1.0,0,0,,,,,,,,,,,,,,,,,,,,,,,,,,,0,0.0,-1,38,True,True,False,"A:1,B:1,ESTOP:0,MODE:1",,,,nan,nan,nan,-1,9998000100000000.0,0.0031762355122224766,-0.010581711763134433,0.2791426852699358,0.960186075802197,-0.00019198621771937625,0.0003839724354387525,-0.01223475805648025,0.24516625,-0.00980665,9.81645665
1786685120.536225,63.036,0.0,-1.0,0,0,,,,,,,,,,,,,,,,,,,,,,,,,,,0,0.0,-1,69,True,True,False,"A:1,B:1,ESTOP:0,MODE:1",,,,nan,nan,nan,-1,9998000100000000.0,0.0031652357627830457,-0.010575823778029294,0.27912586063506495,0.9601910680477695,-0.0006108652381980154,0.00445058959258554,-0.0014835298641951802,0.2353596,-0.0,9.738003449999999
1786685120.586271,63.086,0.0,-1.0,0,0,,,,,,,,,,,,,,,,,,,,,,,,,,,0,0.0,-1,40,True,True,False,"A:1,B:1,ESTOP:0,MODE:1",,,,nan,nan,nan,-1,9998000100000000.0,0.0031590151734214034,-0.010586721568580829,0.27910060425244965,0.9601983100669782,0.005253441048502932,-0.01153662635568252,-0.0005061454830783556,0.2353596,-0.0196133,9.747810099999999
1786685120.636134,63.136,0.0,-1.0,0,0,,,,,,,,,,,,,,,,,,,,,,,,,,,0,0.0,-1,71,True,True,False,"A:1,B:1,ESTOP:0,MODE:1",,,,nan,nan,nan,-1,9998000100000000.0,0.0031650511793549245,-0.010575879020204163,0.2791091020969668,0.9601959395668195,-0.004956735075663896,0.005358160803622592,0.0006632251157578452,0.22555294999999997,-0.0196133,9.80665
1786685120.686179,63.186,0.0,-1.0,0,0,,,,,,,,,,,,,,,,,,,,,,,,,,,0,0.0,-1,38,True,True,False,"A:1,B:1,ESTOP:0,MODE:1",,,,nan,nan,nan,-1,9998000100000000.0,0.0031736150104552524,-0.010573387944978854,0.27912595291590964,0.9601910403893154,0.003193952531149623,-0.0028797932657906437,-0.0021467549799530253,0.3334261,-0.04903325,9.81645665
1786685120.736166,63.236,0.0,-1.0,0,0,,,,,,,,,,,,,,,,,,,,,,,,,,,0,0.0,-1,68,True,True,False,"A:1,B:1,ESTOP:0,MODE:1",,,,nan,nan,nan,-1,9998000100000000.0,0.0031785790576996553,-0.010590118710863999,0.27913427993606943,0.960188418897789,-0.011868238913561441,0.005934119456780721,-8.726646259971648e-05,0.18632634999999997,-0.0196133,9.7674234
1786685120.786253,63.286,0.0,-1.0,0,0,,,,,,,,,,,,,,,,,,,,,,,,,,,0,0.0,-1,38,True,True,False,"A:1,B:1,ESTOP:0,MODE:1",,,,nan,nan,nan,-1,9998000100000000.0,0.0031711791946408678,-0.010565008691862247,0.2791259789915963,0.9601911330906151,0.00013962634015954637,-0.0037175513067479217,-0.004153883619746504,0.25497289999999995,0.0,9.77723005
1786685120.836180,63.336,0.0,-1.0,0,0,,,,,,,,,,,,,,,,,,,,,,,,,,,0,0.0,-1,68,True,True,False,"A:1,B:1,ESTOP:0,MODE:1",,,,nan,nan,nan,-1,9998000100000000.0,0.0031456724031049313,-0.01057242600040504,0.27909218513828604,0.9602009585229203,0.010088003076527224,-0.004014257279586958,-0.002827433388230814,0.18632634999999997,0.0784532,9.757616749999999
1786685120.886246,63.386,0.0,-1.0,0,0,,,,,,,,,,,,,,,,,,,,,,,,,,,0,0.0,-1,39,True,True,False,"A:1,B:1,ESTOP:0,MODE:1",,,,nan,nan,nan,-1,9998000100000000.0,0.003151616211908988,-0.010561611122742736,0.27909230358692455,0.9602010236217667,-0.0019024088846738192,0.002356194490192345,-0.0033859387488689996,0.25497289999999995,0.04903325,9.79684335
1786685120.936224,63.436,0.0,-1.0,0,0,,,,,,,,,,,,,,,,,,,,,,,,,,,0,0.0,-1,69,True,True,False,"A:1,B:1,ESTOP:0,MODE:1",,,,nan,nan,nan,-1,9998000100000000.0,0.0031601798383593944,-0.010559120428598443,0.2791091543700952,0.9601961248546954,-0.0019896753472735357,0.0005235987755982988,0.0022689280275926286,0.26477955,-0.04903325,9.77723005
1786685120.986288,63.486,0.0,-1.0,0,0,,,,,,,,,,,,,,,,,,,,,,,,,,,0,0.0,-2,38,True,True,False,"A:1,B:1,ESTOP:0,MODE:1",,,,nan,nan,nan,-1,9998000100000000.0,0.0031681906304167748,-0.010556795338485511,0.2790757291684168,0.960205839406024,0.008429940287132611,0.0018849555921538759,0.0006806784082777885,0.2353596,0.14709974999999997,9.826263299999999
1786685121.036223,63.536,0.0,-1.0,0,0,,,,,,,,,,,,,,,,,,,,,,,,,,,0,0.0,-1,69,True,True,False,"A:1,B:1,ESTOP:0,MODE:1",,,,nan,nan,nan,-1,9998000100000000.0,0.003159534812502012,-0.01055931345329828,0.27905049880592225,0.9602131728711752,-0.006161012259539983,-0.0065275314024587925,0.003682644721708035,0.26477955,-0.0196133,9.7870367
1786685121.086365,63.586,0.0,-1.0,0,0,,,,,,,,,,,,,,,,,,,,,,,,,,,0,0.0,-1,40,True,True,False,"A:1,B:1,ESTOP:0,MODE:1",,,,nan,nan,nan,-1,9998000100000000.0,0.0031607006844473124,-0.010531712355555905,0.2790590483888979,0.9602109875013543,-0.009285151620609835,-0.0003839724354387525,-0.0032637657012293962,0.22555294999999997,0.0,9.80665
1786685121.136204,63.636,0.0,-1.0,0,0,,,,,,,,,,,,,,,,,,,,,,,,,,,0,0.0,-1,69,True,True,False,"A:1,B:1,ESTOP:0,MODE:1",,,,nan,nan,nan,-1,9998000100000000.0,0.0031681906304167748,-0.010556795338485511,0.2790757291684168,0.960205839406024,-0.003420845333908886,0.00047123889803846896,0.0009948376736367678,0.32361945,0.04903325,9.875296549999998
1786685121.186138,63.686,0.0,-1.0,0,0,,,,,,,,,,,,,,,,,,,,,,,,,,,0,0.0,-1,34,True,True,False,"A:1,B:1,ESTOP:0,MODE:1",,,,nan,nan,nan,-1,9998000100000000.0,0.003151155371688,-0.010561748627887928,0.27905040664790354,0.9602132004067556,-0.005393067388662479,-0.0019896753472735357,-0.0034557519189487725,0.16671305,0.0392266,9.77723005
1786685121.236138,63.736,0.0,-1.0,0,0,,,,,,,,,,,,,,,,,,,,,,,,,,,0,0.0,-1,65,True,True,False,"A:1,B:1,ESTOP:0,MODE:1",,,,nan,nan,nan,-1,9998000100000000.0,0.0031559333755538936,-0.010578535057695947,0.2790419747899021,0.9602154502953563,0.009965830028887622,-0.0024260076602721182,-0.0024260076602721182,0.20593965,0.0392266,9.81645665
1786685121.286267,63.786,0.0,-1.0,0,0,,,,,,,,,,,,,,,,,,,,,,,,,,,0,0.0,-2,33,True,True,False,"A:1,B:1,ESTOP:0,MODE:1",,,,nan,nan,nan,-1,9998000100000000.0,0.0031802750234204585,-0.010598719991215613,0.279067219324713,0.9602078108845478,0.011990411961201045,-0.004258603374866164,-0.010943214410004447,0.21574629999999997,-0.00980665,9.80665
1786685121.336282,63.836,0.0,-1.0,0,0,,,,,,,,,,,,,,,,,,,,,,,,,,,0,0.0,-1,64,True,True,False,"A:1,B:1,ESTOP:0,MODE:1",,,,nan,nan,nan,-1,9998000100000000.0,0.0031801825320191914,-0.010598747743947182,0.2790588399201853,0.9602102461688917,0.00874409955249159,-0.002617993877991494,-0.0050789081233034985,0.17651969999999997,0.0,9.845876599999999
1786685121.386446,63.886,0.0,-1.0,0,0,,,,,,,,,,,,,,,,,,,,,,,,,,,0,0.0,-1,34,True,True,False,"A:1,B:1,ESTOP:0,MODE:1",,,,nan,nan,nan,-1,9998000100000000.0,0.003196479113701618,-0.010594016729566972,0.27901712752175645,0.9602223658509091,-0.004118977034706617,0.0029146998508305304,0.0015882496193148398,0.26477955,-0.02941995,9.7870367
1786685121.436157,63.936,0.0,-1.0,0,0,,,,,,,,,,,,,,,,,,,,,,,,,,,0,0.0,-1,65,True,True,False,"A:1,B:1,ESTOP:0,MODE:1",,,,nan,nan,nan,-1,9998000100000000.0,0.0031880995926623175,-0.010596451612935907,0.2790170350608958,0.9602223937088892,-0.005253441048502932,0.003141592653589793,0.00017453292519943296,0.22555294999999997,-0.0,9.77723005
1786685121.486240,63.986,0.0,-1.0,0,0,,,,,,,,,,,,,,,,,,,,,,,,,,,0,0.0,-1,34,True,True,False,"A:1,B:1,ESTOP:0,MODE:1",,,,nan,nan,nan,-1,9998000100000000.0,0.0031568311130649495,-0.010614625762538648,0.27899987955030336,0.960227281089306,-0.003438298626428829,-0.003473205211468716,-0.005235987755982988,0.17651969999999997,-0.0196133,9.79684335
1786685121.536319,64.036,0.0,-1.0,0,0,,,,,,,,,,,,,,,,,,,,,,,,,,,0,0.0,-1,65,True,True,False,"A:1,B:1,ESTOP:0,MODE:1",,,,nan,nan,nan,-1,9998000100000000.0,0.003132958740472499,-0.010657910289841152,0.2789910224337005,0.9602294532658238,-0.012112585008840646,-0.002827433388230814,0.0010821041362364843,0.22555294999999997,-0.02941995,9.845876599999999
1786685121.586341,64.086,0.0,-1.0,0,0,,,,,,,,,,,,,,,,,,,,,,,,,,,0,0.0,-1,37,True,True,False,"A:1,B:1,ESTOP:0,MODE:1",,,,nan,nan,nan,-1,9998000100000000.0,0.003118634225432645,-0.010671159183923577,0.2789908094634899,0.9602294146281638,0.0013264502315156904,-0.00307177948351002,-0.0017453292519943296,0.17651969999999997,-0.08825984999999999,9.855683249999998
1786685121.636184,64.136,0.0,-1.0,0,0,,,,,,,,,,,,,,,,,,,,,,,,,,,0,0.0,-1,69,True,True,False,"A:1,B:1,ESTOP:0,MODE:1",,,,nan,nan,nan,-1,9998000100000000.0,0.0030907814804745325,-0.010670164479630683,0.2789654182815943,0.9602368926795057,-0.008133234314293577,0.005166174585903215,-0.010978120995044333,0.17651969999999997,-0.06864655,9.826263299999999
1786685121.686316,64.186,0.0,-1.0,0,0,,,,,,,,,,,,,,,,,,,,,,,,,,,0,0.0,-1,38,True,True,False,"A:1,B:1,ESTOP:0,MODE:1",,,,nan,nan,nan,-1,9998000100000000.0,0.003087457266146423,-0.010689304319413739,0.2789820299807679,0.9602318643580865,0.00747000919853573,0.00788888821901437,0.0009250245035569946,0.22555294999999997,0.02941995,9.7674234
1786685121.736240,64.236,0.0,-1.0,0,0,,,,,,,,,,,,,,,,,,,,,,,,,,,0,0.0,-1,67,True,True,False,"A:1,B:1,ESTOP:0,MODE:1",,,,nan,nan,nan,-1,9998000100000000.0,0.0030949480091557904,-0.010714389108933282,0.27899870733844784,0.9602267151388354,-0.0015184364492350666,-0.0057421332390613445,0.0036477381366681488,0.22555294999999997,-0.04903325,9.875296549999998
1786685121.786252,64.286,0.0,-1.0,0,0,,,,,,,,,,,,,,,,,,,,,,,,,,,0,0.0,-1,38,True,True,False,"A:1,B:1,ESTOP:0,MODE:1",,,,nan,nan,nan,-1,9998000100000000.0,0.0030816056196920276,-0.010700091607037488,0.2789902889615742,0.9602293634395601,0.002129301687433082,0.0026878070480712674,0.003926990816987242,0.16671305,0.02941995,9.7870367
1786685121.836124,64.336,0.0,-1.0,0,0,,,,,,,,,,,,,,,,,,,,,,,,,,,0,0.0,-1,69,True,True,False,"A:1,B:1,ESTOP:0,MODE:1",,,,nan,nan,nan,-1,9998000100000000.0,0.0030897984917509862,-0.010697710885854611,0.27897362312087737,0.9602342056654166,-0.003612831551628262,-0.0024434609527920616,-0.0045553093477052,0.20593965,0.0,9.7870367
1786685121.886566,64.387,0.0,-1.0,0,0,,,,,,,,,,,,,,,,,,,,,,,,,,,0,0.0,-1,40,True,True,False,"A:1,B:1,ESTOP:0,MODE:1",,,,nan,nan,nan,-1,9998000100000000.0,0.0030550147030724718,-0.010671469238113606,0.27898183230930873,0.9602322239285687,-0.0029845130209103037,0.0051836278784231585,-3.490658503988659e-05,0.22555294999999997,-0.0392266,9.757616749999999
1786685121.936304,64.436,0.0,-1.0,0,0,,,,,,,,,,,,,,,,,,,,,,,,,,,0,0.0,-1,68,True,True,False,"A:1,B:1,ESTOP:0,MODE:1",,,,nan,nan,nan,-1,9998000100000000.0,0.003065922070755669,-0.010677387511552545,0.2789902776913132,0.960229669647584,-0.0036302848441482054,-0.002722713633111154,0.006841690667817772,0.24516625,-0.0196133,9.914523149999999
1786685121.986226,64.486,0.0,-1.0,0,0,,,,,,,,,,,,,,,,,,,,,,,,,,,0,0.0,-1,36,True,True,False,"A:1,B:1,ESTOP:0,MODE:1",,,,nan,nan,nan,-1,9998000100000000.0,0.003043031344262351,-0.010693124150469102,0.27897321128055586,0.9602345257508476,0.0030543261909900766,0.004328416544945937,0.0008726646259971648,0.26477955,0.0,9.81645665
1786685122.036211,64.536,0.0,-1.0,0,0,,,,,,,,,,,,,,,,,,,,,,,,,,,0,0.0,-1,62,True,True,False,"A:1,B:1,ESTOP:0,MODE:1",,,,nan,nan,nan,-1,9998000100000000.0,0.0030488832391046793,-0.01068233663209012,0.27896495244228436,0.9602370266262111,-0.0004014257279586958,-0.001832595714594046,0.00022689280275926284,0.2353596,0.06864655,9.7674234
1786685122.086265,64.586,0.0,-1.0,0,0,,,,,,,,,,,,,,,,,,,,,,,,,,,0,0.0,-1,35,True,True,False,"A:1,B:1,ESTOP:0,MODE:1",,,,nan,nan,nan,-1,9998000100000000.0,0.0030345583806413016,-0.010695585132517563,0.2789647383169348,0.9602369867328959,0.0026529004630313807,-0.001064650843716541,0.0053058009260627615,0.25497289999999995,0.0784532,9.747810099999999
1786685122.136241,64.636,0.0,-1.0,0,0,,,,,,,,,,,,,,,,,,,,,,,,,,,0,0.0,-1,59,True,True,False,"A:1,B:1,ESTOP:0,MODE:1",,,,nan,nan,nan,-1,9998000100000000.0,0.00301555125326744,-0.010692021709746027,0.27898133864550906,0.9602322634706444,0.003525565089028546,-0.0003141592653589793,0.0035081117965086025,0.16671305,0.0,9.845876599999999
1786685122.186449,64.686,0.0,-1.0,0,0,,,,,,,,,,,,,,,,,,,,,,,,,,,0,0.0,-2,36,True,True,False,"A:1,B:1,ESTOP:0,MODE:1",,,,nan,nan,nan,-1,9998000100000000.0,0.003032217204273311,-0.010687179026700662,0.2789731455965474,0.9602346452296152,0.004590215932745087,-0.004345869837465881,0.002670353755551324,0.24516625,-0.0,9.81645665
1786685122.236125,64.736,0.0,-1.0,0,0,,,,,,,,,,,,,,,,,,,,,,,,,,,0,0.0,-1,59,True,True,False,"A:1,B:1,ESTOP:0,MODE:1",,,,nan,nan,nan,-1,9998000100000000.0,0.0030323104673887344,-0.0106871525652068,0.2789815252140003,0.9602322106930945,-5.235987755982989e-05,0.003979350694547071,0.0025656340004316645,0.24516625,0.00980665,9.747810099999999
1786685122.286131,64.786,0.0,-1.0,0,0,,,,,,,,,,,,,,,,,,,,,,,,,,,0,0.0,-1,36,True,True,False,"A:1,B:1,ESTOP:0,MODE:1",,,,nan,nan,nan,-1,9998000100000000.0,0.003029875881191455,-0.010678772961746283,0.2789815528352918,0.9602323035796002,-0.01473057888683214,-0.0065275314024587925,-0.016057029118347832,0.22555294999999997,0.0392266,9.80665
1786685122.336170,64.836,0.0,-1.0,0,0,,,,,,,,,,,,,,,,,,,,,,,,,,,0,0.0,-1,60,True,True,False,"A:1,B:1,ESTOP:0,MODE:1",,,,nan,nan,nan,-1,9998000100000000.0,0.003054921576819031,-0.0106714958977399,0.2789734526917403,0.9602346584677692,-0.0012566370614359172,-0.0020943951023931952,-0.001954768762233649,0.24516625,-0.0392266,9.826263299999999
1786685122.386221,64.886,0.0,-1.0,0,0,,,,,,,,,,,,,,,,,,,,,,,,,,,0,0.0,-1,36,True,True,False,"A:1,B:1,ESTOP:0,MODE:1",,,,nan,nan,nan,-1,9998000100000000.0,0.003026272089734043,-0.010697993149901906,0.278973024607842,0.9602345787155115,0.003473205211468716,0.005340707511102648,-0.0003141592653589793,0.2745862,-0.0196133,9.80665
1786685122.436134,64.936,0.0,-1.0,0,0,,,,,,,,,,,,,,,,,,,,,,,,,,,0,0.0,-1,61,True,True,False,"A:1,B:1,ESTOP:0,MODE:1",,,,nan,nan,nan,-1,9998000100000000.0,0.0030153646418256243,-0.010692074339415667,0.27896457938843716,0.9602371324673034,0.005759586531581287,-0.005864306286700947,-0.0009599310885968813,0.25497289999999995,-0.0,9.826263299999999
1786685122.486295,64.986,0.0,-1.0,0,0,,,,,,,,,,,,,,,,,,,,,,,,,,,0,0.0,-2,37,True,True,False,"A:1,B:1,ESTOP:0,MODE:1",,,,nan,nan,nan,-1,9998000100000000.0,0.0030345583806413016,-0.010695585132517563,0.2789647383169348,0.9602369867328959,0.004433136300065597,0.0016929693744344998,-0.0045553093477052,0.25497289999999995,-0.06864655,9.836069949999999
1786685122.536220,65.036,0.0,-1.0,0,0,,,,,,,,,,,,,,,,,,,,,,,,,,,0,0.0,-1,58,True,True,False,"A:1,B:1,ESTOP:0,MODE:1",,,,nan,nan,nan,-1,9998000100000000.0,0.003012743734151999,-0.010683747277873117,0.27894784781069015,0.9602420940164408,-0.0035081117965086025,-0.0003141592653589793,-0.004328416544945937,0.17651969999999997,-0.0196133,9.826263299999999
1786685122.586290,65.086,0.0,-1.0,0,0,,,,,,,,,,,,,,,,,,,,,,,,,,,0,0.0,-1,37,True,True,False,"A:1,B:1,ESTOP:0,MODE:1",,,,nan,nan,nan,-1,9998000100000000.0,0.0030319374135415692,-0.01068725840629899,0.27894800661672114,0.9602419484004201,0.00022689280275926284,0.00020943951023931956,-0.0019896753472735357,0.25497289999999995,-0.04903325,9.7674234
1786685122.636143,65.136,0.0,-1.0,0,0,,,,,,,,,,,,,,,,,,,,,,,,,,,0,0.0,-1,61,True,True,False,"A:1,B:1,ESTOP:0,MODE:1",,,,nan,nan,nan,-1,9998000100000000.0,0.00303301422589453,-0.010659685056837287,0.2789481824410617,0.9602422004119705,-0.004101523742186674,-0.0018500490071139892,0.009965830028887622,0.22555294999999997,0.04903325,9.81645665
1786685122.686260,65.186,0.0,-1.0,0,0,,,,,,,,,,,,,,,,,,,,,,,,,,,0,0.0,-1,35,True,True,False,"A:1,B:1,ESTOP:0,MODE:1",,,,nan,nan,nan,-1,9998000100000000.0,0.0030399441326595337,-0.010684930245891407,0.2789145809337793,0.9602516584457667,0.006126105674500096,-0.0076270888312152205,-0.005288347633542819,0.18632634999999997,-0.04903325,9.7870367
1786685122.736184,65.236,0.0,-1.0,0,0,,,,,,,,,,,,,,,,,,,,,,,,,,,0,0.0,-2,60,True,True,False,"A:1,B:1,ESTOP:0,MODE:1",,,,nan,nan,nan,-1,9998000100000000.0,0.00302561858087471,-0.010698177994383768,0.2789143666949104,0.9602516184162256,0.004380776422505767,-0.0023911010752322315,0.007400196028455957,0.20593965,-0.0196133,9.826263299999999
1786685122.786268,65.286,0.0,-1.0,0,0,,,,,,,,,,,,,,,,,,,,,,,,,,,0,0.0,-1,36,True,True,False,"A:1,B:1,ESTOP:0,MODE:1",,,,nan,nan,nan,-1,9998000100000000.0,0.0030413003584282244,-0.010720883319848919,0.2789143770079198,0.9602513126527118,0.00757472895365539,-0.004799655442984407,0.0014835298641951802,0.21574629999999997,0.00980665,9.738003449999999
1786685122.836136,65.336,0.0,-1.0,0,0,,,,,,,,,,,,,,,,,,,,,,,,,,,0,0.0,-1,57,True,True,False,"A:1,B:1,ESTOP:0,MODE:1",,,,nan,nan,nan,-1,9998000100000000.0,0.00305426708187749,-0.010735288834867088,0.27888927582707435,0.9602584010852885,0.0003839724354387525,-0.0027401669256310974,-0.0003839724354387525,0.18632634999999997,-0.00980665,9.8851032
1786685122.886271,65.386,0.0,-1.0,0,0,,,,,,,,,,,,,,,,,,,,,,,,,,,0,0.0,-1,37,True,True,False,"A:1,B:1,ESTOP:0,MODE:1",,,,nan,nan,nan,-1,9998000100000000.0,0.0030461683582533885,-0.01073764285769274,0.2789143215446602,0.9602511260714438,-0.0013962634015954637,0.00301941960595019,-0.003909537524467298,0.2745862,-0.0588399,9.79684335
1786685122.936269,65.436,0.0,-1.0,0,0,,,,,,,,,,,,,,,,,,,,,,,,,,,0,0.0,-1,61,True,True,False,"A:1,B:1,ESTOP:0,MODE:1",,,,nan,nan,nan,-1,9998000100000000.0,0.0030244472109609063,-0.010725777686115073,0.27890581006611787,0.9602537995360699,0.0027576202181510408,-0.0011693705988362008,0.0056199601914217415,0.21574629999999997,0.0196133,9.855683249999998
1786685122.986222,65.486,0.0,-1.0,0,0,,,,,,,,,,,,,,,,,,,,,,,,,,,0,0.0,-1,35,True,True,False,"A:1,B:1,ESTOP:0,MODE:1",,,,nan,nan,nan,-1,9998000100000000.0,0.0030293150677870506,-0.010742537265469025,0.27890575431197673,0.9602536130392779,0.00019198621771937625,-0.001361356816555577,0.001762782544514273,0.21574629999999997,-0.0784532,9.77723005
1786685123.036232,65.536,0.0,-1.0,0,0,,,,,,,,,,,,,,,,,,,,,,,,,,,0,0.0,-1,59,True,True,False,"A:1,B:1,ESTOP:0,MODE:1",,,,nan,nan,nan,-1,9998000100000000.0,0.003004081875792561,-0.010749865213329228,0.2788970931725193,0.9602561258903263,-0.0006283185307179586,0.002530727415391778,-0.002408554367752175,0.20593965,0.00980665,9.80665
1786685123.086240,65.586,0.0,-1.0,0,0,,,,,,,,,,,,,,,,,,,,,,,,,,,0,0.0,-1,36,True,True,False,"A:1,B:1,ESTOP:0,MODE:1",,,,nan,nan,nan,-1,9998000100000000.0,0.0030006637539654528,-0.010769032480475553,0.2789053227326468,0.9602535315779204,-0.0057246799465414016,-0.0005759586531581288,0.003909537524467298,0.16671305,0.00980665,9.738003449999999
1786685123.136194,65.636,0.0,-1.0,0,0,,,,,,,,,,,,,,,,,,,,,,,,,,,0,0.0,-1,58,True,True,False,"A:1,B:1,ESTOP:0,MODE:1",,,,nan,nan,nan,-1,9998000100000000.0,0.003019763260224563,-0.010772570801791455,0.27889710274534013,0.9602558194712636,0.0091106186954104,0.000593411945678072,-0.001239183768915974,0.18632634999999997,-0.04903325,9.826263299999999
1786685123.186273,65.686,0.0,-1.0,0,0,,,,,,,,,,,,,,,,,,,,,,,,,,,0,0.0,-1,36,True,True,False,"A:1,B:1,ESTOP:0,MODE:1",,,,nan,nan,nan,-1,9998000100000000.0,0.0030425627155455832,-0.010756862929770501,0.27890579235483354,0.9602533997351712,-0.0030543261909900766,-0.008936085770210968,-0.0006632251157578452,0.2353596,-0.04903325,9.845876599999999
1786685123.236160,65.736,0.0,-1.0,0,0,,,,,,,,,,,,,,,,,,,,,,,,,,,0,0.0,-1,60,True,True,False,"A:1,B:1,ESTOP:0,MODE:1",,,,nan,nan,nan,-1,9998000100000000.0,0.0030543607648293508,-0.010735262180949914,0.2788976556518393,0.9602559672806688,-0.0026354471705114374,0.0020594885173533086,-0.006614797865058509,0.24516625,0.0392266,9.9047165
1786685123.286140,65.786,0.0,-1.0,0,0,,,,,,,,,,,,,,,,,,,,,,,,,,,0,0.0,-2,35,True,True,False,"A:1,B:1,ESTOP:0,MODE:1",,,,nan,nan,nan,-1,9998000100000000.0,0.003024260010364806,-0.010725830471043326,0.2788890504331823,0.9602586672145033,0.0029146998508305304,0.004433136300065597,-0.0007853981633974482,0.22555294999999997,-0.02941995,9.79684335
1786685123.336143,65.836,0.0,-1.0,0,0,,,,,,,,,,,,,,,,,,,,,,,,,,,0,0.0,-1,57,True,True,False,"A:1,B:1,ESTOP:0,MODE:1",,,,nan,nan,nan,-1,9998000100000000.0,0.003015692928549614,-0.010728316872128642,0.27887219710368444,0.9602635609538746,-0.0062482787221397,-0.0024434609527920616,-0.0005410520681182421,0.2745862,0.0196133,9.845876599999999
1786685123.386255,65.886,0.0,-1.0,0,0,,,,,,,,,,,,,,,,,,,,,,,,,,,0,0.0,-1,33,True,True,False,"A:1,B:1,ESTOP:0,MODE:1",,,,nan,nan,nan,-1,9998000100000000.0,0.0030038942547929042,-0.01074991764281166,0.2788803334989825,0.9602609934166206,-0.007278022980816354,0.006702064327658226,0.0024434609527920616,0.16671305,-0.0,9.77723005
1786685123.436131,65.936,0.0,-1.0,0,0,,,,,,,,,,,,,,,,,,,,,,,,,,,0,0.0,-1,53,True,True,False,"A:1,B:1,ESTOP:0,MODE:1",,,,nan,nan,nan,-1,9998000100000000.0,0.003028143072965077,-0.010770136965022707,0.2788971967431351,0.9602557930822939,-0.004921828490624009,-0.0038222710618675817,0.006894050545377602,0.1372931,0.06864655,9.8654899
1786685123.486157,65.986,0.0,-1.0,0,0,,,,,,,,,,,,,,,,,,,,,,,,,,,0,0.0,-1,33,True,True,False,"A:1,B:1,ESTOP:0,MODE:1",,,,nan,nan,nan,-1,9998000100000000.0,0.003030765048172566,-0.010778463876822759,0.2789139282793125,0.9602508317056963,0.004572762640225144,-0.003612831551628262,0.0035953782591083188,0.17651969999999997,0.06864655,9.826263299999999
1786685123.536219,66.036,0.0,-1.0,0,0,,,,,,,,,,,,,,,,,,,,,,,,,,,0,0.0,-1,62,True,True,False,"A:1,B:1,ESTOP:0,MODE:1",,,,nan,nan,nan,-1,9998000100000000.0,0.0030499585858208503,-0.010781975672978263,0.2789140884349344,0.9602506849910192,-0.004171336912266448,-0.0003665191429188092,0.0004014257279586958,0.2353596,0.0392266,9.738003449999999
1786685123.586162,66.086,0.0,-1.0,0,0,,,,,,,,,,,,,,,,,,,,,,,,,,,0,0.0,-1,38,True,True,False,"A:1,B:1,ESTOP:0,MODE:1",,,,nan,nan,nan,-1,9998000100000000.0,0.003060866494413295,-0.010787894740890168,0.2789225344014862,0.9602481305508564,-0.007661995416255106,0.0050789081233034985,0.0009424777960769379,0.21574629999999997,0.0980665,9.81645665
1786685123.636189,66.136,0.0,-1.0,0,0,,,,,,,,,,,,,,,,,,,,,,,,,,,0,0.0,-1,61,True,True,False,"A:1,B:1,ESTOP:0,MODE:1",,,,nan,nan,nan,-1,9998000100000000.0,0.003076642790947131,-0.010810573056693659,0.27893092474585035,0.9602453879086053,-0.00895353906273091,0.0031066860685499066,0.003473205211468716,0.17651969999999997,0.1372931,9.826263299999999
1786685123.686342,66.186,0.0,-1.0,0,0,,,,,,,,,,,,,,,,,,,,,,,,,,,0,0.0,-1,38,True,True,False,"A:1,B:1,ESTOP:0,MODE:1",,,,nan,nan,nan,-1,9998000100000000.0,0.003092135861346954,-0.010833332046835458,0.27891417610069225,0.9602499466194467,0.001762782544514273,0.0020594885173533086,-0.005235987755982988,0.196133,0.00980665,9.77723005
1786685123.736235,66.236,0.0,-1.0,0,0,,,,,,,,,,,,,,,,,,,,,,,,,,,0,0.0,-1,64,True,True,False,"A:1,B:1,ESTOP:0,MODE:1",,,,nan,nan,nan,-1,9998000100000000.0,0.003088718797310215,-0.010852498593360595,0.27892240538924906,0.960247350874944,0.0010297442586766543,0.0035081117965086025,0.002548180707911721,0.18632634999999997,0.04903325,9.836069949999999
1786685123.786273,66.286,0.0,-1.0,0,0,,,,,,,,,,,,,,,,,,,,,,,,,,,0,0.0,-1,38,True,True,False,"A:1,B:1,ESTOP:0,MODE:1",,,,nan,nan,nan,-1,9998000100000000.0,0.0030863793611462303,-0.010844091924021922,0.2789308130857189,0.9602450111529465,-0.0015009831567151233,0.0038746309394274117,-0.00973893722612836,0.21574629999999997,-0.00980665,9.845876599999999
1786685123.836304,66.336,0.0,-1.0,0,0,,,,,,,,,,,,,,,,,,,,,,,,,,,0,0.0,-1,61,True,True,False,"A:1,B:1,ESTOP:0,MODE:1",,,,nan,nan,nan,-1,9998000100000000.0,0.003062317491376596,-0.010823821035649953,0.27893070799384906,0.9602453474231575,-0.0006457718232379018,-0.0038746309394274117,0.004886921905584123,0.25497289999999995,-0.04903325,9.81645665
1786685123.886261,66.386,0.0,-1.0,0,0,,,,,,,,,,,,,,,,,,,,,,,,,,,0,0.0,-1,37,True,True,False,"A:1,B:1,ESTOP:0,MODE:1",,,,nan,nan,nan,-1,9998000100000000.0,0.003064940692788265,-0.010832147260749679,0.27894743934199595,0.9602403849082868,0.001413716694115407,0.0018849555921538759,-0.004904375198104067,0.1176798,0.00980665,9.79684335
1786685123.936224,66.436,0.0,-1.0,0,0,,,,,,,,,,,,,,,,,,,,,,,,,,,0,0.0,-1,60,True,True,False,"A:1,B:1,ESTOP:0,MODE:1",,,,nan,nan,nan,-1,9998000100000000.0,0.0030795489967864486,-0.010818818414387345,0.2789727952021546,0.9602331222589594,-0.0035953782591083188,0.0023212879051524586,-0.00034906585039886593,0.17651969999999997,-0.0196133,9.7674234
1786685123.986235,66.486,0.0,-1.0,0,0,,,,,,,,,,,,,,,,,,,,,,,,,,,0,0.0,-1,37,True,True,False,"A:1,B:1,ESTOP:0,MODE:1",,,,nan,nan,nan,-1,9998000100000000.0,0.0030662060758304766,-0.010804520444944208,0.27896437705180527,0.960235771596931,0.004153883619746504,0.005235987755982988,0.0045204027626653135,0.196133,-0.04903325,9.79684335
1786685124.036186,66.536,0.0,-1.0,0,0,,,,,,,,,,,,,,,,,,,,,,,,,,,0,0.0,-1,63,True,True,False,"A:1,B:1,ESTOP:0,MODE:1",,,,nan,nan,nan,-1,9998000100000000.0,0.0030802484002212392,-0.010791352605851776,0.27893945434424533,0.9602431148354378,-0.005113814708343385,0.0019024088846738192,-0.0008377580409572782,0.21574629999999997,-0.0,9.79684335
1786685124.086241,66.586,0.0,-1.0,0,0,,,,,,,,,,,,,,,,,,,,,,,,,,,0,0.0,-2,39,True,True,False,"A:1,B:1,ESTOP:0,MODE:1",,,,nan,nan,nan,-1,9998000100000000.0,0.003062317491376596,-0.010823821035649953,0.27893070799384906,0.9602453474231575,0.0006283185307179586,0.002530727415391778,-0.000890117918517108,0.24516625,0.00980665,9.845876599999999
1786685124.136413,66.636,0.0,-1.0,0,0,,,,,,,,,,,,,,,,,,,,,,,,,,,0,0.0,-1,62,True,True,False,"A:1,B:1,ESTOP:0,MODE:1",,,,nan,nan,nan,-1,9998000100000000.0,0.0030745830317656406,-0.010865692780791397,0.2789389472348391,0.9602424419775943,-0.003979350694547071,-0.007155849933176751,0.004084070449666731,0.2353596,-0.00980665,9.7870367
1786685124.186216,66.686,0.0,-1.0,0,0,,,,,,,,,,,,,,,,,,,,,,,,,,,0,0.0,-1,37,True,True,False,"A:1,B:1,ESTOP:0,MODE:1",,,,nan,nan,nan,-1,9998000100000000.0,0.0030864739935829396,-0.010844064989868103,0.2789391927936331,0.9602425769858463,-0.0031764992386296795,-0.0038746309394274117,0.004171336912266448,0.20593965,0.0392266,9.7870367
1786685124.236126,66.736,0.0,-1.0,0,0,,,,,,,,,,,,,,,,,,,,,,,,,,,0,0.0,-1,59,True,True,False,"A:1,B:1,ESTOP:0,MODE:1",,,,nan,nan,nan,-1,9998000100000000.0,0.00310332797741437,-0.010839169499656838,0.27894776170198704,0.9602400887285815,-0.0013962634015954637,0.008621926504851989,0.004101523742186674,0.25497289999999995,0.0784532,9.757616749999999
1786685124.286246,66.786,0.0,-1.0,0,0,,,,,,,,,,,,,,,,,,,,,,,,,,,0,0.0,-2,36,True,True,False,"A:1,B:1,ESTOP:0,MODE:1",,,,nan,nan,nan,-1,9998000100000000.0,0.0030733203708350884,-0.010829712984708991,0.27894753385969184,0.9602403581250704,-0.003612831551628262,-0.0048345620280242935,0.004049163864626845,0.32361945,-0.04903325,9.7870367
1786685124.336241,66.836,0.0,-1.0,0,0,,,,,,,,,,,,,,,,,,,,,,,,,,,0,0.0,-1,60,True,True,False,"A:1,B:1,ESTOP:0,MODE:1",,,,nan,nan,nan,-1,9998000100000000.0,0.0030873622626839976,-0.01081654558581261,0.27892261153384496,0.9602477010183305,0.0010471975511965976,-0.004799655442984407,-0.00937241808320955,0.22555294999999997,0.02941995,9.836069949999999
1786685124.386163,66.886,0.0,-1.0,0,0,,,,,,,,,,,,,,,,,,,,,,,,,,,0,0.0,-1,34,True,True,False,"A:1,B:1,ESTOP:0,MODE:1",,,,nan,nan,nan,-1,9998000100000000.0,0.003084833874572806,-0.010808192766924997,0.2789142595896167,0.9602502291416833,0.0011693705988362008,0.01064650843716541,0.001710422666954443,0.16671305,-0.08825984999999999,9.81645665
1786685124.436232,66.936,0.0,-1.0,0,0,,,,,,,,,,,,,,,,,,,,,,,,,,,0,0.0,-1,59,True,True,False,"A:1,B:1,ESTOP:0,MODE:1",,,,nan,nan,nan,-1,9998000100000000.0,0.003046823847575089,-0.010801062834916718,0.27894745717733704,0.9602407875321564,-0.008709192967451705,-0.0005410520681182421,-0.0009948376736367678,0.26477955,-0.0,9.836069949999999
1786685124.486238,66.986,0.0,-1.0,0,0,,,,,,,,,,,,,,,,,,,,,,,,,,,0,0.0,-1,35,True,True,False,"A:1,B:1,ESTOP:0,MODE:1",,,,nan,nan,nan,-1,9998000100000000.0,0.0030361982825297187,-0.010795064443201595,0.27896415034621724,0.9602360391618662,0.005096361415823442,-0.0012566370614359172,0.005829399701661061,0.16671305,-0.0392266,9.7870367
1786685124.536216,67.036,0.0,-1.0,0,0,,,,,,,,,,,,,,,,,,,,,,,,,,,0,0.0,-2,57,True,True,False,"A:1,B:1,ESTOP:0,MODE:1",,,,nan,nan,nan,-1,9998000100000000.0,0.003043690447700209,-0.010820150223723329,0.27898082516988415,0.9602308886331062,-0.009302604913129777,-0.004101523742186674,-0.0076445421237351634,0.18632634999999997,-0.00980665,9.80665
1786685124.586237,67.086,0.0,-1.0,0,0,,,,,,,,,,,,,,,,,,,,,,,,,,,0,0.0,-1,37,True,True,False,"A:1,B:1,ESTOP:0,MODE:1",,,,nan,nan,nan,-1,9998000100000000.0,0.003056939210887551,-0.01083447483525769,0.2789808633466927,0.9602306739341537,-0.00017453292519943296,0.0017278759594743863,0.00301941960595019,0.20593965,-0.0392266,9.77723005
1786685124.636149,67.136,0.0,-1.0,0,0,,,,,,,,,,,,,,,,,,,,,,,,,,,0,0.0,-2,62,True,True,False,"A:1,B:1,ESTOP:0,MODE:1",,,,nan,nan,nan,-1,9998000100000000.0,0.003043596023960833,-0.010820176784521188,0.2789724455639685,0.9602333231635181,0.0006108652381980154,0.005864306286700947,0.001413716694115407,0.17651969999999997,0.04903325,9.826263299999999
1786685124.686257,67.186,0.0,-1.0,0,0,,,,,,,,,,,,,,,,,,,,,,,,,,,0,0.0,-1,36,True,True,False,"A:1,B:1,ESTOP:0,MODE:1",,,,nan,nan,nan,-1,9998000100000000.0,0.0030603552565729862,-0.010815307795175998,0.27897263436918907,0.9602332698964945,0.007592182246175334,-0.002129301687433082,-0.00015707963267948965,0.196133,0.02941995,9.81645665
1786685124.736245,67.236,0.0,-1.0,0,0,,,,,,,,,,,,,,,,,,,,,,,,,,,0,0.0,-1,60,True,True,False,"A:1,B:1,ESTOP:0,MODE:1",,,,nan,nan,nan,-1,9998000100000000.0,0.003066111788485794,-0.010804547202228587,0.2789559974032783,0.9602382059838056,-0.0021642082724729686,0.005044001538263612,0.0011344640137963143,0.196133,-0.0196133,9.77723005
1786685124.786267,67.286,0.0,-1.0,0,0,,,,,,,,,,,,,,,,,,,,,,,,,,,0,0.0,-2,36,True,True,False,"A:1,B:1,ESTOP:0,MODE:1",,,,nan,nan,nan,-1,9998000100000000.0,0.0030600721114282872,-0.010815387911382902,0.2789474954253692,0.960240573053916,0.0007155849933176752,0.0038746309394274117,-0.0022689280275926286,0.24516625,-0.0196133,9.79684335
1786685124.836153,67.336,0.0,-1.0,0,0,,,,,,,,,,,,,,,,,,,,,,,,,,,0,0.0,-2,57,True,True,False,"A:1,B:1,ESTOP:0,MODE:1",,,,nan,nan,nan,-1,9998000100000000.0,0.003051881237656612,-0.0108177689233604,0.2789641603502727,0.9602357310246787,-0.009791297103688189,0.0011693705988362008,0.0033335788713091696,0.20593965,0.0196133,9.77723005
1786685124.886278,67.386,0.0,-1.0,0,0,,,,,,,,,,,,,,,,,,,,,,,,,,,0,0.0,-1,36,True,True,False,"A:1,B:1,ESTOP:0,MODE:1",,,,nan,nan,nan,-1,9998000100000000.0,0.00301026657317192,-0.010829862215908467,0.2789888268910176,0.9602285596926998,0.00916297857297023,-0.006841690667817772,0.002373647782712288,0.18632634999999997,0.0,9.845876599999999
1786685124.936275,67.436,0.0,-1.0,0,0,,,,,,,,,,,,,,,,,,,,,,,,,,,0,0.0,-1,59,True,True,False,"A:1,B:1,ESTOP:0,MODE:1",,,,nan,nan,nan,-1,9998000100000000.0,0.002991072759562456,-0.010826351920145217,0.27898866643069814,0.9602287058774429,0.0009250245035569946,-0.002181661564992912,0.001954768762233649,0.2353596,-0.0196133,9.845876599999999
1786685124.986399,67.486,0.0,-1.0,0,0,,,,,,,,,,,,,,,,,,,,,,,,,,,0,0.0,-1,35,True,True,False,"A:1,B:1,ESTOP:0,MODE:1",,,,nan,nan,nan,-1,9998000100000000.0,0.0029835781981275324,-0.010864869646720197,0.2789464641918547,0.9602405547484224,-0.0012217304763960308,0.011414453308042916,-0.0054105206811824215,0.2353596,-0.02941995,9.845876599999999
1786685125.036229,67.536,0.0,-1.0,0,0,,,,,,,,,,,,,,,,,,,,,,,,,,,0,0.0,-1,57,True,True,False,"A:1,B:1,ESTOP:0,MODE:1",,,,nan,nan,nan,-1,9998000100000000.0,0.002969537925777621,-0.010878040110341585,0.2789713844915488,0.9602332095500206,-0.000890117918517108,0.010629055144645466,0.0007330382858376184,0.2745862,-0.0196133,9.7674234
1786685125.086279,67.586,0.0,-1.0,0,0,,,,,,,,,,,,,,,,,,,,,,,,,,,0,0.0,-2,34,True,True,False,"A:1,B:1,ESTOP:0,MODE:1",,,,nan,nan,nan,-1,9998000100000000.0,0.003000716640688115,-0.010859896372674337,0.2789801723239263,0.9602307648688045,0.0004886921905584122,0.009302604913129777,-0.0012042771838760874,0.22555294999999997,0.0784532,9.7281968
1786685125.136249,67.636,0.0,-1.0,0,0,,,,,,,,,,,,,,,,,,,,,,,,,,,0,0.0,-2,57,True,True,False,"A:1,B:1,ESTOP:0,MODE:1",,,,nan,nan,nan,-1,9998000100000000.0,0.0030164947282500416,-0.01081896904228877,0.27901408839938574,0.9602213229995865,0.001117010721276371,-0.002181661564992912,-0.0019198621771937625,0.24516625,-0.02941995,9.826263299999999
1786685125.186332,67.686,0.0,-1.0,0,0,,,,,,,,,,,,,,,,,,,,,,,,,,,0,0.0,-1,36,True,True,False,"A:1,B:1,ESTOP:0,MODE:1",,,,nan,nan,nan,-1,9998000100000000.0,0.0030033397419268666,-0.01080461867903452,0.2790224303250229,0.9602191018414041,0.00466002910282486,-0.002129301687433082,-0.0008028514559173916,0.24516625,-0.0392266,9.7674234
1786685125.236157,67.736,0.0,-1.0,0,0,,,,,,,,,,,,,,,,,,,,,,,,,,,0,0.0,-2,60,True,True,False,"A:1,B:1,ESTOP:0,MODE:1",,,,nan,nan,nan,-1,9998000100000000.0,0.003033348122127891,-0.010814072855594898,0.2790226566842531,0.9602188353101107,0.007138396640656807,-0.0027925268031909274,-0.0017278759594743863,0.24516625,0.0,9.855683249999998
1786685125.286226,67.786,0.0,-1.0,0,0,,,,,,,,,,,,,,,,,,,,,,,,,,,0,0.0,-1,36,True,True,False,"A:1,B:1,ESTOP:0,MODE:1",,,,nan,nan,nan,-1,9998000100000000.0,0.003022627997832848,-0.010808101925667541,0.2790309700720251,0.9602165205792993,0.0038571776469074684,-0.00445058959258554,0.0008028514559173916,0.24516625,-0.0784532,9.79684335
1786685125.336205,67.836,0.0,-1.0,0,0,,,,,,,,,,,,,,,,,,,,,,,,,,,0,0.0,-1,60,True,True,False,"A:1,B:1,ESTOP:0,MODE:1",,,,nan,nan,nan,-1,9998000100000000.0,0.00302281663433696,-0.010808049169210751,0.27904772896934155,0.9602116504239073,0.0010821041362364843,-0.000593411945678072,0.0004014257279586958,0.21574629999999997,0.00980665,9.7674234
1786685125.386262,67.886,0.0,-1.0,0,0,,,,,,,,,,,,,,,,,,,,,,,,,,,0,0.0,-2,37,True,True,False,"A:1,B:1,ESTOP:0,MODE:1",,,,nan,nan,nan,-1,9998000100000000.0,0.003038402157941067,-0.010767172990213325,0.2790648827188793,0.9602070752349325,-0.0037175513067479217,0.003961897402027128,-0.0052010811709431014,0.18632634999999997,0.04903325,9.79684335
1786685125.436127,67.936,0.0,-1.0,0,0,,,,,,,,,,,,,,,,,,,,,,,,,,,0,0.0,-2,57,True,True,False,"A:1,B:1,ESTOP:0,MODE:1",,,,nan,nan,nan,-1,9998000100000000.0,0.0029998261648329933,-0.010760207779064118,0.2790478043786226,0.9602122379156611,-0.0020943951023931952,0.0019373154697137059,0.003159045946109736,0.21574629999999997,0.00980665,9.77723005
1786685125.486276,67.986,0.0,-1.0,0,0,,,,,,,,,,,,,,,,,,,,,,,,,,,0,0.0,-1,36,True,True,False,"A:1,B:1,ESTOP:0,MODE:1",,,,nan,nan,nan,-1,9998000100000000.0,0.002972440471155221,-0.01075908192702067,0.27906430984162267,0.9602075388822731,-0.004572762640225144,0.001186823891356144,0.000593411945678072,0.20593965,0.0,9.875296549999998
1786685125.536363,68.036,0.0,-1.0,0,0,,,,,,,,,,,,,,,,,,,,,,,,,,,0,0.0,-2,60,True,True,False,"A:1,B:1,ESTOP:0,MODE:1",,,,nan,nan,nan,-1,9998000100000000.0,0.0029700989652406114,-0.010750676624554673,0.27907271763836217,0.9602051966815165,0.004537856055185257,-0.0014660765716752368,-0.0011344640137963143,0.2353596,0.00980665,9.77723005
1786685125.586253,68.086,0.0,-1.0,0,0,,,,,,,,,,,,,,,,,,,,,,,,,,,0,0.0,-2,36,True,True,False,"A:1,B:1,ESTOP:0,MODE:1",,,,nan,nan,nan,-1,9998000100000000.0,0.002983349127370166,-0.010764999980173467,0.2790727547384074,0.9602049843476796,-0.0019373154697137059,-0.0023038346126325153,-0.0023038346126325153,0.2353596,0.0392266,9.80665
1786685125.636150,68.136,0.0,-1.0,0,0,,,,,,,,,,,,,,,,,,,,,,,,,,,0,0.0,-1,58,True,True,False,"A:1,B:1,ESTOP:0,MODE:1",,,,nan,nan,nan,-1,9998000100000000.0,0.0029690257853101625,-0.010778250077688215,0.2790725382797421,0.960204943014381,0.0031066860685499066,0.003892084231947355,0.00034906585039886593,0.196133,0.04903325,9.7870367
1786685125.686241,68.186,0.0,-1.0,0,0,,,,,,,,,,,,,,,,,,,,,,,,,,,0,0.0,-1,37,True,True,False,"A:1,B:1,ESTOP:0,MODE:1",,,,nan,nan,nan,-1,9998000100000000.0,0.002972722142242727,-0.01075900410502404,0.27908944792056994,0.9602002326666688,0.002356194490192345,-0.0015184364492350666,0.01111774733520388,0.20593965,-0.0196133,9.79684335
1786685125.736312,68.236,0.0,-1.0,0,0,,,,,,,,,,,,,,,,,,,,,,,,,,,0,0.0,-1,57,True,True,False,"A:1,B:1,ESTOP:0,MODE:1",,,,nan,nan,nan,-1,9998000100000000.0,0.002989386949698557,-0.010754159161343741,0.279081256320166,0.9602026161165962,-0.0056374134839416844,0.0029146998508305304,0.002617993877991494,0.26477955,-0.0196133,9.826263299999999
1786685125.786187,68.286,0.0,-1.0,0,0,,,,,,,,,,,,,,,,,,,,,,,,,,,0,0.0,-2,36,True,True,False,"A:1,B:1,ESTOP:0,MODE:1",,,,nan,nan,nan,-1,9998000100000000.0,0.003002543258993573,-0.010768508601833949,0.27907291434162423,0.9602048387908396,0.008447393579652554,0.0008028514559173916,-0.0024260076602721182,0.21574629999999997,-0.0,9.836069949999999
1786685125.836150,68.336,0.0,-1.0,0,0,,,,,,,,,,,,,,,,,,,,,,,,,,,0,0.0,-1,59,True,True,False,"A:1,B:1,ESTOP:0,MODE:1",,,,nan,nan,nan,-1,9998000100000000.0,0.0030145249943774855,-0.010746852827454101,0.2790815377677548,0.9602025375255725,-0.00019198621771937625,0.0021642082724729686,-0.0003316125578789226,0.22555294999999997,0.02941995,9.7870367
1786685125.886233,68.386,0.0,-1.0,0,0,,,,,,,,,,,,,,,,,,,,,,,,,,,0,0.0,-1,35,True,True,False,"A:1,B:1,ESTOP:0,MODE:1",,,,nan,nan,nan,-1,9998000100000000.0,0.0030013683722765433,-0.010732503395906336,0.2790898795393158,0.960200314672663,-3.490658503988659e-05,-0.0029146998508305304,0.0020245819323134223,0.22555294999999997,0.02941995,9.845876599999999
1786685125.936202,68.436,0.0,-1.0,0,0,,,,,,,,,,,,,,,,,,,,,,,,,,,0,0.0,-2,58,True,True,False,"A:1,B:1,ESTOP:0,MODE:1",,,,nan,nan,nan,-1,9998000100000000.0,0.00296639478473146,-0.010706318542384997,0.2790813322041584,0.9602031999844629,-0.00471238898038469,0.0023911010752322315,0.0033335788713091696,0.16671305,-0.08825984999999999,9.738003449999999
1786685125.986242,68.486,0.0,-1.0,0,0,,,,,,,,,,,,,,,,,,,,,,,,,,,0,0.0,-1,36,True,True,False,"A:1,B:1,ESTOP:0,MODE:1",,,,nan,nan,nan,-1,9998000100000000.0,0.002984422311859112,-0.010737426521209402,0.2790729334788984,0.960205237797966,-0.0018500490071139892,-0.0028623399732707008,-0.0025656340004316645,0.18632634999999997,0.00980665,9.8654899
1786685126.036207,68.536,0.0,-1.0,0,0,,,,,,,,,,,,,,,,,,,,,,,,,,,0,0.0,-1,56,True,True,False,"A:1,B:1,ESTOP:0,MODE:1",,,,nan,nan,nan,-1,9998000100000000.0,0.0029903662886721087,-0.01072661178503285,0.27907305532395615,0.9602053047662383,-5.235987755982989e-05,-0.0017453292519943296,0.004921828490624009,0.17651969999999997,0.0,9.747810099999999
1786685126.086222,68.586,0.0,-1.0,0,0,,,,,,,,,,,,,,,,,,,,,,,,,,,0,0.0,-2,37,True,True,False,"A:1,B:1,ESTOP:0,MODE:1",,,,nan,nan,nan,-1,9998000100000000.0,0.00300703146732324,-0.0107217672814385,0.2790648631139431,0.9602076877651592,0.0,-0.005497787143782138,-0.0019896753472735357,0.20593965,-0.00980665,9.826263299999999
1786685126.136197,68.636,0.0,-1.0,0,0,,,,,,,,,,,,,,,,,,,,,,,,,,,0,0.0,-1,62,True,True,False,"A:1,B:1,ESTOP:0,MODE:1",,,,nan,nan,nan,-1,9998000100000000.0,0.003010540221427556,-0.010702573204271534,0.27906501247218596,0.9602078474935939,-0.0024434609527920616,0.001308996938995747,-0.0027576202181510408,0.25497289999999995,0.0392266,9.845876599999999
1786685126.186252,68.686,0.0,-1.0,0,0,,,,,,,,,,,,,,,,,,,,,,,,,,,0,0.0,-2,38,True,True,False,"A:1,B:1,ESTOP:0,MODE:1",,,,nan,nan,nan,-1,9998000100000000.0,0.003013162481776295,-0.010710900004911917,0.27908174332522745,0.9602028837779519,-0.0023212879051524586,0.002356194490192345,0.0025656340004316645,0.18632634999999997,0.0392266,9.836069949999999
1786685126.236138,68.736,0.0,-1.0,0,2,,,,,,,,,,,,,,,,,,,,,,,,,,,0,0.0,-2,60,True,True,False,"A:1,B:1,ESTOP:0,MODE:1",,,,nan,nan,nan,-1,9998000100000000.0,0.0030278591356586856,-0.010697544075677353,0.27911547520483115,0.9601931816676188,0.006230825429619756,0.0026354471705114374,-0.001413716694115407,0.25497289999999995,-0.00980665,9.845876599999999
1786685126.286292,68.786,0.0,-1.0,0,0,,,,,,,,,,,,,,,,,,,,,,,,,,,0,0.0,-2,39,True,True,False,"A:1,B:1,ESTOP:0,MODE:1",,,,nan,nan,nan,-1,9998000100000000.0,0.0031059062038492216,-0.010747555049376826,0.27910753039168157,0.9601946833250901,0.025726153174396416,-0.015289084247470327,-0.00767944870877505,0.2353596,0.21574629999999997,9.69877685
1786685126.336253,68.836,0.0,-1.0,0,0,,,,,,,,,,,,,,,,,,,,,,,,,,,0,0.4516628384590149,-2,57,True,True,False,"A:1,B:1,ESTOP:0,MODE:1",,,,nan,nan,nan,-1,9998000100000000.0,0.0032073348014411375,-0.010972515822368148,0.27908200027265134,0.9601992262149638,-0.11175343200519691,0.059393554445367036,-0.02113593724165133,1.5298374,-2.1770763,12.1406327
1786685126.386240,68.886,0.0,-1.0,0,0,,,,,,,,,,,,,,,,,,,,,,,,,,,0,0.6512665748596191,-2,40,True,True,False,"A:1,B:1,ESTOP:0,MODE:1",,,,nan,nan,nan,-1,9998000100000000.0,0.0029843286100224822,-0.010737452564798355,0.2790645540968249,0.9602076731321753,-0.026075219024795284,0.049323004661359755,0.057735491655972415,0.6864655000000001,-1.01008495,10.0223963
1786685126.436122,68.936,0.0,-1.0,0,0,,,,,,,,,,,,,,,,,,,,,,,,,,,0,0.7821201682090759,-2,60,True,True,False,"A:1,B:1,ESTOP:0,MODE:1",,,,nan,nan,nan,-1,9998000100000000.0,0.002996123240256221,-0.0107158493405788,0.27905641819252647,0.9602102422303135,0.09560913642424937,-0.10620328498385495,-0.0579274778736918,0.22555294999999997,-0.8041453,9.502643849999998
1786685126.486221,68.986,0.0,-1.0,0,0,,,,,,,,,,,,,,,,,,,,,,,,,,,0,1.0801260471343994,-2,36,True,True,False,"A:1,B:1,ESTOP:0,MODE:1",,,,nan,nan,nan,-1,9998000100000000.0,0.0028111637433276067,-0.010733275068551961,0.2791216025902744,0.9601916606241423,-0.14748032179352083,0.07052875507309087,0.016667894356545847,0.30400615,-1.7357770499999998,9.875296549999998
1786685126.536245,69.036,0.0,-1.0,0,0,,,,,,,,,,,,,,,,,,,,,,,,,,,0,1.4027705192565918,-5,58,True,True,False,"A:1,B:1,ESTOP:0,MODE:1",,,,nan,nan,nan,-1,9998000100000000.0,0.002440247281107711,-0.010677508150117173,0.2790933745170655,0.960201501932583,-0.143745317194253,0.08580038602804124,0.021851522234969004,0.784532,-1.7161637499999998,7.77667345
1786685126.586600,69.087,0.0,-1.0,0,0,,,,,,,,,,,,,,,,,,,,,,,,,,,0,1.3902207612991333,-3,35,True,True,False,"A:1,B:1,ESTOP:0,MODE:1",,,,nan,nan,nan,-1,9998000100000000.0,0.0027872961003959115,-0.010776559505158247,0.27911272913950735,0.9601938247968358,0.06908013179393557,-0.10718066936497178,0.0113271868454432,0.40207265,0.12748644999999997,9.384964049999999
1786685126.636288,69.136,0.0,-1.0,0,0,,,,,,,,,,,,,,,,,,,,,,,,,,,0,1.5459365844726562,-2,58,True,True,False,"A:1,B:1,ESTOP:0,MODE:1",,,,nan,nan,nan,-1,9998000100000000.0,0.0026885133702037167,-0.01075073497580648,0.27907845365070566,0.9602043586139718,-0.09005898940290741,0.10897835849452593,0.024661502330679878,0.14709974999999997,-0.93163175,9.52225715
1786685126.686287,69.186,0.0,-1.0,0,0,,,,,,,,,,,,,,,,,,,,,,,,,,,0,1.4598591327667236,-2,39,True,True,False,"A:1,B:1,ESTOP:0,MODE:1",,,,nan,nan,nan,-1,9998000100000000.0,0.0029308156616586977,-0.010707578668347468,0.2791145040730659,0.9601936532255695,0.005009094953223725,0.0033335788713091696,0.0009424777960769379,0.34323275000000003,0.53936575,9.836069949999999
1786685126.736210,69.236,0.0,-1.0,0,0,,,,,,,,,,,,,,,,,,,,,,,,,,,0,1.3588898181915283,-2,60,True,True,False,"A:1,B:1,ESTOP:0,MODE:1",,,,nan,nan,nan,-1,9998000100000000.0,0.0030033163122776454,-0.010613803834587664,0.2790989929435622,0.9601989790648491,0.1125911900461542,0.014049900478554353,-0.01658062789394613,-0.50013915,0.36284605,9.934136449999999
1786685126.786234,69.286,0.0,-1.0,0,0,,,,,,,,,,,,,,,,,,,,,,,,,,,0,1.7341688871383667,-2,47,True,True,False,"A:1,B:1,ESTOP:0,MODE:1",,,,nan,nan,nan,-1,9998000100000000.0,0.002780629534505915,-0.010687652867540273,0.2791970052007788,0.960170336170875,0.23277456233848373,-0.0825540736193318,0.027506389011430633,0.0784532,-2.1378497,9.669356899999999
1786685126.836378,69.336,0.0,-1.0,0,0,,,,,,,,,,,,,,,,,,,,,,,,,,,0,1.50214684009552,-2,65,True,True,False,"A:1,B:1,ESTOP:0,MODE:1",,,,nan,nan,nan,-1,9998000100000000.0,0.003163477733034113,-0.010694469698061825,0.2791335248554215,0.9601875316979999,-0.07766715171374766,-0.03443534614184812,0.009930923443847734,0.7943386499999999,1.4513842,10.52253545
1786685126.886271,69.386,0.0,-1.0,0,0,,,,,,,,,,,,,,,,,,,,,,,,,,,0,1.7149139642715454,-2,44,True,True,False,"A:1,B:1,ESTOP:0,MODE:1",,,,nan,nan,nan,-1,9998000100000000.0,0.002656803195710805,-0.010669121958731697,0.2791708361121062,0.9601785018932034,0.015585790220309363,0.01551597705022959,0.011780972450961725,0.0980665,-1.2748645,9.610517
1786685126.936303,69.436,0.0,-1.0,0,0,,,,,,,,,,,,,,,,,,,,,,,,,,,0,1.5558700561523438,-2,64,True,True,False,"A:1,B:1,ESTOP:0,MODE:1",,,,nan,nan,nan,-1,9998000100000000.0,0.0031690197494114464,-0.010556546476815714,0.2791511426978748,0.9601839178880166,0.03082251459021986,-0.014486232791552934,0.0004886921905584122,0.32361945,0.9414384,9.669356899999999
1786685126.986276,69.486,0.0,-1.0,0,0,,,,,,,,,,,,,,,,,,,,,,,,,,,0,1.5242608785629272,-2,40,True,True,False,"A:1,B:1,ESTOP:0,MODE:1",,,,nan,nan,nan,-1,9998000100000000.0,0.0026494013968109817,-0.010644007730151804,0.27916254791801204,0.9601812108199176,0.039968039870670144,0.0019722220547535923,0.0004363323129985824,0.28439285,0.18632634999999997,9.99297635
1786685127.036236,69.536,0.0,-1.0,0,0,,,,,,,,,,,,,,,,,,,,,,,,,,,0,1.5808640718460083,-2,60,True,True,False,"A:1,B:1,ESTOP:0,MODE:1",,,,nan,nan,nan,-1,9998000100000000.0,0.0025972810352809105,-0.01055919094916408,0.2791458450547552,0.9601871457202442,0.039409534510031964,-0.014119713648634126,-0.009826203688728075,0.0196133,-0.392266,9.52225715
1786685127.086230,69.586,0.0,-1.0,0,0,,,,,,,,,,,,,,,,,,,,,,,,,,,0,1.476384162902832,-2,38,True,True,False,"A:1,B:1,ESTOP:0,MODE:1",,,,nan,nan,nan,-1,9998000100000000.0,0.00263109207383025,-0.010612973244225223,0.2791458179158448,0.9601864686057133,0.013107422682477415,0.0021467549799530253,-0.007504915783575617,0.25497289999999995,0.5982056499999999,9.924329799999999
1786685127.136333,69.636,0.0,-1.0,0,0,,,,,,,,,,,,,,,,,,,,,,,,,,,0,1.4533729553222656,-2,57,True,True,False,"A:1,B:1,ESTOP:0,MODE:1",,,,nan,nan,nan,-1,9998000100000000.0,0.002570001523047926,-0.010621646089101025,0.2791451998594416,0.9601867178429214,0.01837831702350029,-0.005532693728822024,0.00047123889803846896,0.14709974999999997,0.0980665,9.836069949999999
1786685127.186250,69.686,0.0,-1.0,0,0,,,,,,,,,,,,,,,,,,,,,,,,,,,0,1.4205199480056763,-2,37,True,True,False,"A:1,B:1,ESTOP:0,MODE:1",,,,nan,nan,nan,-1,9998000100000000.0,0.0025809095674296655,-0.010627566748237768,0.27915364103743506,0.9601841690146529,-0.006614797865058509,0.0021467549799530253,0.0025132741228718345,0.1176798,0.14709974999999997,9.738003449999999
1786685127.236170,69.736,0.0,-1.0,0,0,,,,,,,,,,,,,,,,,,,,,,,,,,,0,1.4037593603134155,-2,60,True,True,False,"A:1,B:1,ESTOP:0,MODE:1",,,,nan,nan,nan,-1,9998000100000000.0,0.0025330706075814115,-0.010650562343675103,0.2791530530349628,0.9601842125635682,0.005794493116621174,-0.0028623399732707008,-0.000890117918517108,0.24516625,0.08825984999999999,9.8851032
1786685127.286257,69.786,0.0,-1.0,0,0,,,,,,,,,,,,,,,,,,,,,,,,,,,0,1.4033355712890625,-2,37,True,True,False,"A:1,B:1,ESTOP:0,MODE:1",,,,nan,nan,nan,-1,9998000100000000.0,0.002559371498391508,-0.010615658238760711,0.2791618963625013,0.9601819582959176,-0.011519173063162575,0.0009773843811168245,-0.0027401669256310974,0.22555294999999997,-0.00980665,9.7870367
1786685127.336241,69.836,0.0,-1.0,0,0,,,,,,,,,,,,,,,,,,,,,,,,,,,0,1.388665795326233,-2,56,True,True,False,"A:1,B:1,ESTOP:0,MODE:1",,,,nan,nan,nan,-1,9998000100000000.0,0.002542705842928258,-0.010620508342491208,0.279170090199848,0.9601795666370704,-0.0022514747350726853,-0.0015882496193148398,-0.0013264502315156904,0.17651969999999997,0.0588399,9.77723005
1786685127.386268,69.886,0.0,-1.0,0,0,,,,,,,,,,,,,,,,,,,,,,,,,,,0,1.3816660642623901,-2,36,True,True,False,"A:1,B:1,ESTOP:0,MODE:1",,,,nan,nan,nan,-1,9998000100000000.0,0.002669555392162053,-0.010556368070123601,0.2791800388034521,0.9601770370618531,-0.015376350710070043,0.0018849555921538759,-0.0013788101090755204,0.25497289999999995,0.0392266,9.7870367
1786685127.436244,69.936,0.0,-1.0,0,0,,,,,,,,,,,,,,,,,,,,,,,,,,,0,1.4142619371414185,-2,55,True,True,False,"A:1,B:1,ESTOP:0,MODE:1",,,,nan,nan,nan,-1,9998000100000000.0,0.0024997214012726678,-0.01059667129109289,0.27919498151789135,0.9601727054263149,-0.004345869837465881,-0.001186823891356144,-0.006108652381980153,0.24516625,-0.196133,9.77723005
1786685127.486173,69.986,0.0,-1.0,0,0,,,,,,,,,,,,,,,,,,,,,,,,,,,0,1.3752578496932983,-2,37,True,True,False,"A:1,B:1,ESTOP:0,MODE:1",,,,nan,nan,nan,-1,9998000100000000.0,0.0027280957648512347,-0.010475739905254675,0.2791978282422888,0.9601725829618991,-0.001954768762233649,-0.0064228116473391324,0.0002443460952792061,0.14709974999999997,0.196133,9.79684335
1786685127.536138,70.036,0.0,-1.0,0,0,,,,,,,,,,,,,,,,,,,,,,,,,,,0,1.4097518920898438,-2,58,True,True,False,"A:1,B:1,ESTOP:0,MODE:1",,,,nan,nan,nan,-1,9998000100000000.0,0.002681235911222246,-0.01047118745748898,0.2791890503263385,0.9601753170047101,-0.004799655442984407,-0.004049163864626845,-0.006457718232379019,0.26477955,-0.196133,9.826263299999999
1786685127.586146,70.086,0.0,-1.0,0,0,,,,,,,,,,,,,,,,,,,,,,,,,,,0,1.3789504766464233,-2,6,True,True,False,"A:1,B:1,ESTOP:0,MODE:1",,,,nan,nan,nan,-1,9998000100000000.0,0.0026858119003431813,-0.010424419215424302,0.27918937828309964,0.9601757177477221,0.0011693705988362008,0.0037699111843077517,-0.004206243497306334,0.20593965,0.16671305,9.7674234
1786685127.636145,70.136,0.0,-1.0,0,0,,,,,,,,,,,,,,,,,,,,,,,,,,,0,1.4043935537338257,-2,31,True,True,False,"A:1,B:1,ESTOP:0,MODE:1",,,,nan,nan,nan,-1,9998000100000000.0,0.0026931212396470454,-0.01044955650119482,0.27918929120133223,0.9601754493556969,-0.0055152404363020815,-0.0031066860685499066,-0.0038746309394274117,0.21574629999999997,-0.1569064,9.8851032
1786685127.686165,70.186,0.0,-1.0,0,0,,,,,,,,,,,,,,,,,,,,,,,,,,,0,1.3829325437545776,-2,12,True,True,False,"A:1,B:1,ESTOP:0,MODE:1",,,,nan,nan,nan,-1,9998000100000000.0,0.002729347658911314,-0.010448118594196674,0.2792147642462576,0.9601679555713704,0.011030480872604163,-0.010210176124166827,0.004310963252425994,0.22555294999999997,0.1176798,9.757616749999999
1786685127.736154,70.236,0.0,-1.0,0,0,,,,,,,,,,,,,,,,,,,,,,,,,,,0,0.0,-2,34,True,True,False,"A:1,B:1,ESTOP:0,MODE:1",,,,nan,nan,nan,-1,9998000100000000.0,0.0027208774143069867,-0.010450578946809588,0.2792062940016533,0.9601704159239833,0.00799360797413403,-0.006230825429619756,0.004799655442984407,0.1372931,-0.00980665,9.80665
1786685127.786241,70.286,0.0,-1.0,0,0,,,,,,,,,,,,,,,,,,,,,,,,,,,0,0.0,-2,18,True,True,False,"A:1,B:1,ESTOP:0,MODE:1",,,,nan,nan,nan,-1,9998000100000000.0,0.0027325803522196103,-0.0104289954646106,0.2791897755663897,0.9601754205755357,3.490658503988659e-05,-0.002722713633111154,-0.0004014257279586958,0.20593965,0.04903325,9.747810099999999
1786685127.836150,70.336,0.0,-1.0,0,0,,,,,,,,,,,,,,,,,,,,,,,,,,,0,0.0,-2,43,True,True,False,"A:1,B:1,ESTOP:0,MODE:1",,,,nan,nan,nan,-1,9998000100000000.0,0.002750499090731392,-0.010396524993400665,0.2791985128665741,0.960173180960553,-0.00034906585039886593,0.0065275314024587925,-0.0007330382858376184,0.196133,-0.0588399,9.845876599999999
1786685127.886241,70.386,0.0,-1.0,0,0,,,,,,,,,,,,,,,,,,,,,,,,,,,0,0.0,-2,22,True,True,False,"A:1,B:1,ESTOP:0,MODE:1",,,,nan,nan,nan,-1,9998000100000000.0,0.0027365407903006023,-0.010409681485270562,0.2792318190189113,0.9601633929302178,0.0009075712110370514,-0.0003141592653589793,0.0028099800957108708,0.21574629999999997,0.0784532,9.7870367
1786685127.936237,70.436,0.0,-1.0,0,0,,,,,,,,,,,,,,,,,,,,,,,,,,,0,0.0,-2,44,True,True,False,"A:1,B:1,ESTOP:0,MODE:1",,,,nan,nan,nan,-1,9998000100000000.0,0.0027198736613547646,-0.010414531263324284,0.27924001628923084,0.96016100375334,-0.0033335788713091696,0.0021642082724729686,-0.0013788101090755204,0.2353596,-0.0,9.7870367
1786685127.986630,70.487,0.0,-1.0,0,0,,,,,,,,,,,,,,,,,,,,,,,,,,,0,0.0,-2,24,True,True,False,"A:1,B:1,ESTOP:0,MODE:1",,,,nan,nan,nan,-1,9998000100000000.0,0.002661402823459657,-0.010431542597135754,0.27925613751192013,0.9601562943167008,0.008395033702092726,-0.0027925268031909274,-0.011466813185602746,0.21574629999999997,-0.00980665,9.738003449999999
1786685128.036246,70.536,0.0,-1.0,0,0,,,,,,,,,,,,,,,,,,,,,,,,,,,0,0.0,-2,45,True,True,False,"A:1,B:1,ESTOP:0,MODE:1",,,,nan,nan,nan,-1,9998000100000000.0,0.0027479928523772962,-0.010415455873157372,0.2792905338678561,0.9601462203779411,-0.012147491593880533,-0.0020943951023931952,0.0051836278784231585,0.18632634999999997,-0.00980665,9.81645665
1786685128.086248,70.586,0.0,-1.0,0,0,,,,,,,,,,,,,,,,,,,,,,,,,,,0,0.0,-2,26,True,True,False,"A:1,B:1,ESTOP:0,MODE:1",,,,nan,nan,nan,-1,9998000100000000.0,0.002694306686895225,-0.010449250909039013,0.279298217853926,0.9601437701566039,0.0056374134839416844,0.002373647782712288,0.0030368728984701333,0.21574629999999997,-0.0588399,9.8654899
1786685128.136214,70.636,0.0,-1.0,0,0,,,,,,,,,,,,,,,,,,,,,,,,,,,0,0.0,-2,50,True,True,False,"A:1,B:1,ESTOP:0,MODE:1",,,,nan,nan,nan,-1,9998000100000000.0,0.0027610643093818124,-0.010429824477673471,0.27927381007277513,0.9601508914189895,0.0004188790204786391,-0.0005410520681182421,-0.0009773843811168245,0.22555294999999997,0.0392266,9.855683249999998
1786685128.186244,70.686,0.0,-1.0,0,0,,,,,,,,,,,,,,,,,,,,,,,,,,,0,0.0,-2,29,True,True,False,"A:1,B:1,ESTOP:0,MODE:1",,,,nan,nan,nan,-1,9998000100000000.0,0.002724044170396473,-0.010458767849241359,0.27927329698223463,0.9601508315629925,-0.0049741883681838385,-0.0021467549799530253,-0.0038571776469074684,0.2353596,-0.08825984999999999,9.747810099999999
1786685128.236175,70.736,0.0,-1.0,0,0,,,,,,,,,,,,,,,,,,,,,,,,,,,0,0.0,-2,50,True,True,False,"A:1,B:1,ESTOP:0,MODE:1",,,,nan,nan,nan,-1,9998000100000000.0,0.0027727661062467938,-0.010408240854647342,0.2792572908548253,0.9601558966099492,0.00034906585039886593,0.006597344572538566,0.005218534463463045,0.21574629999999997,0.1372931,9.7870367
1786685128.286176,70.786,0.0,-1.0,0,0,,,,,,,,,,,,,,,,,,,,,,,,,,,0,0.0,-2,32,True,True,False,"A:1,B:1,ESTOP:0,MODE:1",,,,nan,nan,nan,-1,9998000100000000.0,0.0027573773851716265,-0.010449067492686585,0.2792569040577691,0.9601556099896303,-0.0004188790204786391,-0.001710422666954443,-0.0004188790204786391,0.24516625,-0.0392266,9.826263299999999
1786685128.336361,70.836,0.0,-1.0,0,0,,,,,,,,,,,,,,,,,,,,,,,,,,,0,0.0,-2,49,True,True,False,"A:1,B:1,ESTOP:0,MODE:1",,,,nan,nan,nan,-1,9998000100000000.0,0.0027622514351447495,-0.010465825339328938,0.2792568468230454,0.9601554301098475,0.003159045946109736,-0.013334315485236678,0.008761552845011534,0.26477955,0.0980665,9.81645665
1786685128.386264,70.886,0.0,-1.0,0,0,,,,,,,,,,,,,,,,,,,,,,,,,,,0,0.0,-2,32,True,True,False,"A:1,B:1,ESTOP:0,MODE:1",,,,nan,nan,nan,-1,9998000100000000.0,0.002748022034485017,-0.010479054230177925,0.2792650142476933,0.96015295115652,0.0048345620280242935,0.0062482787221397,0.000767944870877505,0.28439285,-0.0,9.8654899
1786685128.436162,70.936,0.0,-1.0,0,0,,,,,,,,,,,,,,,,,,,,,,,,,,,0,0.0,-2,53,True,True,False,"A:1,B:1,ESTOP:0,MODE:1",,,,nan,nan,nan,-1,9998000100000000.0,0.002718312969422208,-0.010533133938626456,0.2792644106184201,0.9601526195485682,-0.001954768762233649,-8.726646259971648e-05,-0.005235987755982988,0.2353596,0.0392266,9.81645665
1786685128.486193,70.986,0.0,-1.0,0,0,,,,,,,,,,,,,,,,,,,,,,,,,,,0,0.0,-2,30,True,True,False,"A:1,B:1,ESTOP:0,MODE:1",,,,nan,nan,nan,-1,9998000100000000.0,0.002715692175125194,-0.010524802442907715,0.2792476820179998,0.9601575837523347,0.001117010721276371,0.0057246799465414016,-0.001832595714594046,0.18632634999999997,0.0,9.71839015
1786685128.536137,71.036,0.0,-1.0,0,0,,,,,,,,,,,,,,,,,,,,,,,,,,,0,0.0,-2,50,True,True,False,"A:1,B:1,ESTOP:0,MODE:1",,,,nan,nan,nan,-1,9998000100000000.0,0.002723979305543249,-0.010522389318371584,0.27923939488758176,0.9601599968768708,-0.0016406094968746698,0.0045553093477052,-0.00012217304763960306,0.16671305,-0.00980665,9.7674234
1786685128.586278,71.086,0.0,-1.0,0,0,,,,,,,,,,,,,,,,,,,,,,,,,,,0,0.0,-2,31,True,True,False,"A:1,B:1,ESTOP:0,MODE:1",,,,nan,nan,nan,-1,9998000100000000.0,0.002764897806055008,-0.010537754768473637,0.27924805421637927,0.9601571930058785,-0.0026354471705114374,-0.001064650843716541,0.0016755160819145565,0.21574629999999997,0.00980665,9.80665
1786685128.636193,71.136,0.0,-1.0,0,0,,,,,,,,,,,,,,,,,,,,,,,,,,,0,0.0,-2,48,True,True,False,"A:1,B:1,ESTOP:0,MODE:1",,,,nan,nan,nan,-1,9998000100000000.0,0.002764989765207966,-0.010537730639787291,0.27925643315792353,0.9601547560703305,0.0016929693744344998,-0.0016231562043547264,-0.004694935687864747,0.21574629999999997,0.00980665,9.757616749999999
1786685128.686190,71.186,0.0,-1.0,0,0,,,,,,,,,,,,,,,,,,,,,,,,,,,0,0.0,-2,33,True,True,False,"A:1,B:1,ESTOP:0,MODE:1",,,,nan,nan,nan,-1,9998000100000000.0,0.0028153551782019283,-0.010523084224493086,0.27926536344841346,0.960152172966166,-0.005689773361501515,0.003141592653589793,0.003298672286269283,0.22555294999999997,0.06864655,9.855683249999998
1786685128.736169,71.236,0.0,-1.0,0,0,,,,,,,,,,,,,,,,,,,,,,,,,,,0,0.0,-2,54,True,True,False,"A:1,B:1,ESTOP:0,MODE:1",,,,nan,nan,nan,-1,9998000100000000.0,0.00277199953256522,-0.010499341023044319,0.27925673209839846,0.9601550694728412,-0.0037524578917878084,-0.003543018381548489,0.0028623399732707008,0.26477955,-0.0,9.79684335
1786685128.786197,71.286,0.0,-1.0,0,0,,,,,,,,,,,,,,,,,,,,,,,,,,,0,0.0,-2,33,True,True,False,"A:1,B:1,ESTOP:0,MODE:1",,,,nan,nan,nan,-1,9998000100000000.0,0.002750184572338112,-0.010487505132994922,0.27923984859131684,0.960160171887796,-0.0011344640137963143,-0.0033684854563490563,0.000890117918517108,0.21574629999999997,0.00980665,9.757616749999999
1786685128.836151,71.336,0.0,-1.0,0,0,,,,,,,,,,,,,,,,,,,,,,,,,,,0,0.0,-2,52,True,True,False,"A:1,B:1,ESTOP:0,MODE:1",,,,nan,nan,nan,-1,9998000100000000.0,0.002704600878377414,-0.01051893120996517,0.27922248251420356,0.9601650079433712,0.003665191429188092,0.001361356816555577,0.0018151424220741027,0.30400615,-0.0196133,9.71839015
1786685128.886335,71.386,0.0,-1.0,0,0,,,,,,,,,,,,,,,,,,,,,,,,,,,0,0.0,-2,34,True,True,False,"A:1,B:1,ESTOP:0,MODE:1",,,,nan,nan,nan,-1,9998000100000000.0,0.0027181291311404107,-0.010533181380533581,0.2792476527513537,0.9601574934857773,0.006318091892219472,-0.006789330790257942,0.0030543261909900766,0.196133,-0.0392266,9.757616749999999
1786685128.936258,71.436,0.0,-1.0,0,0,,,,,,,,,,,,,,,,,,,,,,,,,,,0,0.0,-2,52,True,True,False,"A:1,B:1,ESTOP:0,MODE:1",,,,nan,nan,nan,-1,9998000100000000.0,0.0027096582355205074,-0.01053564192224704,0.2792391818557339,0.9601599540274908,-0.0068591439603377154,0.00958185759344887,0.002530727415391778,0.1569064,-0.00980665,9.79684335
1786685128.986203,71.486,0.0,-1.0,0,0,,,,,,,,,,,,,,,,,,,,,,,,,,,0,0.0,-2,35,True,True,False,"A:1,B:1,ESTOP:0,MODE:1",,,,nan,nan,nan,-1,9998000100000000.0,0.002707129484034723,-0.010527286588172988,0.2792308322070205,0.9601624810582956,0.001361356816555577,0.0,0.0052010811709431014,0.18632634999999997,-0.00980665,9.747810099999999
1786685129.036203,71.536,0.0,-1.0,0,0,,,,,,,,,,,,,,,,,,,,,,,,,,,0,0.0,-2,54,True,True,False,"A:1,B:1,ESTOP:0,MODE:1",,,,nan,nan,nan,-1,9998000100000000.0,0.0027093824121314225,-0.010535712857323243,0.27921404483122764,0.9601672641631344,0.00012217304763960306,-0.005427973973702365,0.005358160803622592,0.18632634999999997,-0.00980665,9.875296549999998
1786685129.086252,71.586,0.0,-1.0,0,0,,,,,,,,,,,,,,,,,,,,,,,,,,,0,0.0,-2,34,True,True,False,"A:1,B:1,ESTOP:0,MODE:1",,,,nan,nan,nan,-1,9998000100000000.0,0.0027213589187156783,-0.010514057856697828,0.2792226660616589,0.9601649605929394,0.002949606435870417,0.0021642082724729686,0.008988445647770798,0.21574629999999997,0.04903325,9.9047165
1786685129.136235,71.636,0.0,-1.0,0,0,,,,,,,,,,,,,,,,,,,,,,,,,,,0,0.0,-2,54,True,True,False,"A:1,B:1,ESTOP:0,MODE:1",,,,nan,nan,nan,-1,9998000100000000.0,0.002738139273009174,-0.010572782545140534,0.27919732428682736,0.9601716372470346,-0.002129301687433082,-0.0028099800957108708,-0.0003316125578789226,0.24516625,0.0392266,9.81645665
1786685129.186228,71.686,0.0,-1.0,0,0,,,,,,,,,,,,,,,,,,,,,,,,,,,0,0.0,-2,36,True,True,False,"A:1,B:1,ESTOP:0,MODE:1",,,,nan,nan,nan,-1,9998000100000000.0,0.002769311178602785,-0.010554633484691555,0.2792061012466368,0.9601691953266637,0.003665191429188092,-0.002356194490192345,0.0019198621771937625,0.25497289999999995,0.0196133,9.7085835
1786685129.236162,71.736,0.0,-1.0,0,0,,,,,,,,,,,,,,,,,,,,,,,,,,,0,0.0,-2,52,True,True,False,"A:1,B:1,ESTOP:0,MODE:1",,,,nan,nan,nan,-1,9998000100000000.0,0.0027823789409696393,-0.010569003596808084,0.27918937730793697,0.9601738624482579,-0.005689773361501515,-0.000593411945678072,-0.001413716694115407,0.14709974999999997,-0.0784532,9.80665
1786685129.286236,71.786,0.0,-1.0,0,0,,,,,,,,,,,,,,,,,,,,,,,,,,,0,0.0,-2,36,True,True,False,"A:1,B:1,ESTOP:0,MODE:1",,,,nan,nan,nan,-1,9998000100000000.0,0.0028231122671850475,-0.010584419927064442,0.27918128086059585,0.9601759278949724,0.0020245819323134223,0.0013264502315156904,-0.004153883619746504,0.25497289999999995,0.08825984999999999,9.738003449999999
1786685129.336246,71.836,0.0,-1.0,0,0,,,,,,,,,,,,,,,,,,,,,,,,,,,0,0.0,-2,55,True,True,False,"A:1,B:1,ESTOP:0,MODE:1",,,,nan,nan,nan,-1,9998000100000000.0,0.0028422144603263456,-0.01058795119902218,0.2791730578304836,0.9601782235022548,0.0027052603405912107,-0.004904375198104067,-0.0037000980142279784,0.2353596,0.0,9.77723005
1786685129.386209,71.886,0.0,-1.0,0,0,,,,,,,,,,,,,,,,,,,,,,,,,,,0,0.0,-2,35,True,True,False,"A:1,B:1,ESTOP:0,MODE:1",,,,nan,nan,nan,-1,9998000100000000.0,0.002880418649530241,-0.010595014736437536,0.279156612272424,0.9601828131536836,0.003961897402027128,-0.0003665191429188092,0.004014257279586958,0.21574629999999997,-0.0392266,9.826263299999999
1786685129.436174,71.936,0.0,-1.0,0,0,,,,,,,,,,,,,,,,,,,,,,,,,,,0,0.0,-2,53,True,True,False,"A:1,B:1,ESTOP:0,MODE:1",,,,nan,nan,nan,-1,9998000100000000.0,0.002857809855631005,-0.01061067726147042,0.27916468538114314,0.960180360602595,-0.00307177948351002,0.0003665191429188092,-0.002181661564992912,0.18632634999999997,0.0588399,9.747810099999999
1786685129.486231,71.986,0.0,-1.0,0,0,,,,,,,,,,,,,,,,,,,,,,,,,,,0,0.0,-2,36,True,True,False,"A:1,B:1,ESTOP:0,MODE:1",,,,nan,nan,nan,-1,9998000100000000.0,0.0028412368223508355,-0.010615500015448727,0.27918125841442326,0.9601755378486166,-0.0017278759594743863,0.001239183768915974,-0.006754424205218055,0.24516625,-0.04903325,9.80665
1786685129.536211,72.036,0.0,-1.0,0,0,,,,,,,,,,,,,,,,,,,,,,,,,,,0,0.0,-2,51,True,True,False,"A:1,B:1,ESTOP:0,MODE:1",,,,nan,nan,nan,-1,9998000100000000.0,0.0028624967942744864,-0.010627485506812778,0.27914786980021966,0.9601850495867476,-0.009250245035569947,0.0016929693744344998,-0.0015184364492350666,0.21574629999999997,-0.0196133,9.8654899
1786685129.586184,72.086,0.0,-1.0,0,0,,,,,,,,,,,,,,,,,,,,,,,,,,,0,0.0,-2,37,True,True,False,"A:1,B:1,ESTOP:0,MODE:1",,,,nan,nan,nan,-1,9998000100000000.0,0.002868439925179561,-0.010616670297465493,0.2791479910842539,0.9601851162342685,0.004991641660703782,0.002775073510670984,-0.003996803987067015,0.16671305,-0.04903325,9.80665
1786685129.636118,72.136,0.0,-1.0,0,0,,,,,,,,,,,,,,,,,,,,,,,,,,,0,0.0,-2,55,True,True,False,"A:1,B:1,ESTOP:0,MODE:1",,,,nan,nan,nan,-1,9998000100000000.0,0.0029021418321825594,-0.010606875537595123,0.2791651198533235,0.9601801433175942,0.0028623399732707008,0.005689773361501515,-0.001186823891356144,0.26477955,0.0784532,9.826263299999999
1786685129.686137,72.186,0.0,-1.0,0,0,,,,,,,,,,,,,,,,,,,,,,,,,,,0,0.0,-2,36,True,True,False,"A:1,B:1,ESTOP:0,MODE:1",,,,nan,nan,nan,-1,9998000100000000.0,0.0029189926564731515,-0.01060197771286903,0.2791736840770889,0.9601776563059946,-0.0012217304763960308,-0.008866272600131194,-0.0010995574287564276,0.22555294999999997,-0.04903325,9.845876599999999
1786685129.736157,72.236,0.0,-1.0,0,0,,,,,,,,,,,,,,,,,,,,,,,,,,,0,0.0,-2,53,True,True,False,"A:1,B:1,ESTOP:0,MODE:1",,,,nan,nan,nan,-1,9998000100000000.0,0.0029415090050277995,-0.010586341176434559,0.2791572311116577,0.9601825436985104,0.0011693705988362008,0.005934119456780721,-0.0046251225177849735,0.26477955,-0.0588399,9.7870367
1786685129.786155,72.286,0.0,-1.0,0,0,,,,,,,,,,,,,,,,,,,,,,,,,,,0,0.0,-2,36,True,True,False,"A:1,B:1,ESTOP:0,MODE:1",,,,nan,nan,nan,-1,9998000100000000.0,0.0029522318726856616,-0.010592309999347389,0.2791489165005974,0.9601848622595496,-0.003420845333908886,0.001186823891356144,-0.0019198621771937625,0.17651969999999997,-0.0,9.747810099999999
1786685129.836134,72.336,0.0,-1.0,0,0,,,,,,,,,,,,,,,,,,,,,,,,,,,0,0.0,-2,50,True,True,False,"A:1,B:1,ESTOP:0,MODE:1",,,,nan,nan,nan,-1,9998000100000000.0,0.0029440375916895386,-0.010594694651256578,0.2791655823998315,0.9601800157737447,-0.0008552113334772215,5.235987755982989e-05,0.007539822368615503,0.25497289999999995,-0.0392266,9.77723005
1786685129.886272,72.386,0.0,-1.0,0,0,,,,,,,,,,,,,,,,,,,,,,,,,,,0,0.0,-2,38,True,True,False,"A:1,B:1,ESTOP:0,MODE:1",,,,nan,nan,nan,-1,9998000100000000.0,0.0029525091777012377,-0.010592232706467778,0.27917405398584316,0.9601775538289558,0.0017278759594743863,0.005235987755982988,0.010192722831646885,0.24516625,0.0392266,9.79684335
1786685129.936344,72.436,0.0,-1.0,0,0,,,,,,,,,,,,,,,,,,,,,,,,,,,0,0.0,-2,56,True,True,False,"A:1,B:1,ESTOP:0,MODE:1",,,,nan,nan,nan,-1,9998000100000000.0,0.002909247538969847,-0.010568461217067808,0.279173796328593,0.9601780227383574,-0.008691739674931762,-0.0014486232791552935,0.005829399701661061,0.1569064,-0.02941995,9.80665
1786685129.986370,72.486,0.0,-1.0,0,0,,,,,,,,,,,,,,,,,,,,,,,,,,,0,0.0,-2,39,True,True,False,"A:1,B:1,ESTOP:0,MODE:1",,,,nan,nan,nan,-1,9998000100000000.0,0.002921041210967256,-0.010546855951115146,0.27916565730048865,0.960180590895159,-0.006387905062299246,0.00020943951023931956,-0.0005410520681182421,0.2745862,0.0,9.7085835
1786685130.036267,72.536,0.0,-1.0,0,0,,,,,,,,,,,,,,,,,,,,,,,,,,,0,0.0,-2,57,True,True,False,"A:1,B:1,ESTOP:0,MODE:1",,,,nan,nan,nan,-1,9998000100000000.0,0.00293779952324637,-0.010541983589630627,0.27916584133533134,0.9601805397671284,-0.0016406094968746698,0.0056374134839416844,-0.0028797932657906437,0.16671305,0.0392266,9.80665
1786685130.086263,72.586,0.0,-1.0,0,0,,,,,,,,,,,,,,,,,,,,,,,,,,,0,0.0,-2,42,True,True,False,"A:1,B:1,ESTOP:0,MODE:1",,,,nan,nan,nan,-1,9998000100000000.0,0.0029654651968218323,-0.01054302831294131,0.27917446889614667,0.9601779348051658,0.0057421332390613445,0.0030368728984701333,-0.003420845333908886,0.22555294999999997,0.04903325,9.77723005
1786685130.136206,72.636,0.0,-1.0,0,0,,,,,,,,,,,,,,,,,,,,,,,,,,,0,0.0,-2,59,True,True,False,"A:1,B:1,ESTOP:0,MODE:1",,,,nan,nan,nan,-1,9998000100000000.0,0.0029796034100412166,-0.010529828674219161,0.2791579218849738,0.960182846816414,0.002495820830351891,-0.006911503837897545,0.01085594794740473,0.14709974999999997,0.0588399,9.79684335
1786685130.186315,72.686,0.0,-1.0,0,0,,,,,,,,,,,,,,,,,,,,,,,,,,,0,0.0,-2,42,True,True,False,"A:1,B:1,ESTOP:0,MODE:1",,,,nan,nan,nan,-1,9998000100000000.0,0.002973752345761009,-0.010540618006991164,0.27916618174720753,0.9601803451111162,-0.0072954762733362976,-0.005654866776461628,-0.005759586531581287,0.25497289999999995,-0.00980665,9.738003449999999
1786685130.236148,72.736,0.0,-1.0,0,0,,,,,,,,,,,,,,,,,,,,,,,,,,,0,0.0,-2,59,True,True,False,"A:1,B:1,ESTOP:0,MODE:1",,,,nan,nan,nan,-1,9998000100000000.0,0.0029896244622900714,-0.01056326709067704,0.27918294986521147,0.960175171538248,0.004886921905584123,-0.0014486232791552935,0.0022689280275926286,0.29419949999999995,-0.00980665,9.8654899
1786685130.286245,72.786,0.0,-1.0,0,0,,,,,,,,,,,,,,,,,,,,,,,,,,,0,0.0,-2,41,True,True,False,"A:1,B:1,ESTOP:0,MODE:1",,,,nan,nan,nan,-1,9998000100000000.0,0.0029919685523406756,-0.010571672305396565,0.2791745433301003,0.9601775159965364,-0.003473205211468716,0.007400196028455957,-0.003246312408709453,0.25497289999999995,0.00980665,9.836069949999999
1786685130.336335,72.836,0.0,-1.0,0,0,,,,,,,,,,,,,,,,,,,,,,,,,,,0,0.0,-2,54,True,True,False,"A:1,B:1,ESTOP:0,MODE:1",,,,nan,nan,nan,-1,9998000100000000.0,0.002992337571496131,-0.010571567859551247,0.2792080596781261,0.9601677703816272,-0.0036477381366681488,0.011065387457644049,-0.0008377580409572782,0.20593965,0.0,9.7674234
1786685130.386236,72.886,0.0,-1.0,0,0,,,,,,,,,,,,,,,,,,,,,,,,,,,0,0.0,-2,39,True,True,False,"A:1,B:1,ESTOP:0,MODE:1",,,,nan,nan,nan,-1,9998000100000000.0,0.003040359381338497,-0.010548516440469452,0.27922539784656897,0.9601628310933321,-0.0028099800957108708,-0.0056374134839416844,0.0010471975511965976,0.21574629999999997,0.00980665,9.77723005
1786685130.436141,72.936,0.0,-1.0,0,0,,,,,,,,,,,,,,,,,,,,,,,,,,,0,0.0,-2,57,True,True,False,"A:1,B:1,ESTOP:0,MODE:1",,,,nan,nan,nan,-1,9998000100000000.0,0.0030178434642538663,-0.01056415286984658,0.27924185235051546,0.9601579449188663,0.0003141592653589793,0.0015009831567151233,0.004171336912266448,0.24516625,-0.00980665,9.80665
1786685130.486253,72.986,0.0,-1.0,0,0,,,,,,,,,,,,,,,,,,,,,,,,,,,0,0.0,-2,39,True,True,False,"A:1,B:1,ESTOP:0,MODE:1",,,,nan,nan,nan,-1,9998000100000000.0,0.0030285670348722303,-0.010570121409983682,0.2792335384105618,0.9601602633632631,0.007714355293814937,6.981317007977319e-05,0.006352998477259359,0.21574629999999997,0.02941995,9.77723005
1786685130.536523,73.037,0.0,-1.0,0,0,,,,,,,,,,,,,,,,,,,,,,,,,,,0,0.0,-2,54,True,True,False,"A:1,B:1,ESTOP:0,MODE:1",,,,nan,nan,nan,-1,9998000100000000.0,0.0030286592764673806,-0.010570094980348013,0.27924191737890053,0.9601578265543893,-0.0013439035240356337,0.0005759586531581288,-0.003996803987067015,0.24516625,0.08825984999999999,9.826263299999999
1786685130.586291,73.086,0.0,-1.0,0,0,,,,,,,,,,,,,,,,,,,,,,,,,,,0,0.0,-2,37,True,True,False,"A:1,B:1,ESTOP:0,MODE:1",,,,nan,nan,nan,-1,9998000100000000.0,0.0030283825509900236,-0.010570174266840133,0.2792167804100905,0.9601651367616494,0.0071907565182166375,-0.004939281783143952,-0.008918632477691025,0.26477955,0.04903325,9.77723005
1786685130.636132,73.136,0.0,-1.0,0,0,,,,,,,,,,,,,,,,,,,,,,,,,,,0,0.0,-2,50,True,True,False,"A:1,B:1,ESTOP:0,MODE:1",,,,nan,nan,nan,-1,9998000100000000.0,0.003022624836827704,-0.010580937157887743,0.27923341891402914,0.9601601977115792,0.001832595714594046,-0.006108652381980153,-0.0045204027626653135,0.1372931,-0.0588399,9.77723005
1786685130.686234,73.186,0.0,-1.0,0,0,,,,,,,,,,,,,,,,,,,,,,,,,,,0,0.0,-2,37,True,True,False,"A:1,B:1,ESTOP:0,MODE:1",,,,nan,nan,nan,-1,9998000100000000.0,0.003022624836827704,-0.010580937157887743,0.27923341891402914,0.9601601977115792,-0.00301941960595019,0.0045204027626653135,0.0004537856055185257,0.2353596,-0.0588399,9.747810099999999
1786685130.736413,73.236,0.0,-1.0,0,0,,,,,,,,,,,,,,,,,,,,,,,,,,,0,0.0,-2,55,True,True,False,"A:1,B:1,ESTOP:0,MODE:1",,,,nan,nan,nan,-1,9998000100000000.0,0.003031003815110838,-0.010578500386214055,0.27923351123949236,0.9601601712976412,0.0005410520681182421,0.0015707963267948964,-0.002722713633111154,0.21574629999999997,0.04903325,9.845876599999999
1786685130.786422,73.286,0.0,-1.0,0,0,,,,,,,,,,,,,,,,,,,,,,,,,,,0,0.0,-2,36,True,True,False,"A:1,B:1,ESTOP:0,MODE:1",,,,nan,nan,nan,-1,9998000100000000.0,0.0030236013781184262,-0.010553389841410188,0.2792252136976975,0.9601628840113726,0.001186823891356144,-0.0037699111843077517,0.0033161255787892262,0.30400615,-0.0196133,9.855683249999998
1786685130.836163,73.336,0.0,-1.0,0,0,,,,,,,,,,,,,,,,,,,,,,,,,,,0,0.0,-2,54,True,True,False,"A:1,B:1,ESTOP:0,MODE:1",,,,nan,nan,nan,-1,9998000100000000.0,0.0030439790308754815,-0.010592901259067025,0.2792084122593267,0.9601672704056315,0.004171336912266448,0.0013788101090755204,-0.005323254218582705,0.1569064,0.02941995,9.7674234
1786685130.886274,73.386,0.0,-1.0,0,0,,,,,,,,,,,,,,,,,,,,,,,,,,,0,0.0,-2,38,True,True,False,"A:1,B:1,ESTOP:0,MODE:1",,,,nan,nan,nan,-1,9998000100000000.0,0.0030437941494075573,-0.010592954384910081,0.2791916541365632,0.9601721433654825,-0.0008377580409572782,0.0019896753472735357,0.0019722220547535923,0.20593965,0.04903325,9.845876599999999
1786685130.936269,73.436,0.0,-1.0,0,0,,,,,,,,,,,,,,,,,,,,,,,,,,,0,0.0,-2,50,True,True,False,"A:1,B:1,ESTOP:0,MODE:1",,,,nan,nan,nan,-1,9998000100000000.0,0.003041080631463956,-0.010584654922669868,0.2791665439269967,0.9601795444918712,-0.0026878070480712674,0.002286381320112572,-0.004694935687864747,0.28439285,-0.02941995,9.836069949999999
1786685130.986320,73.486,0.0,-1.0,0,0,,,,,,,,,,,,,,,,,,,,,,,,,,,0,0.0,-2,37,True,True,False,"A:1,B:1,ESTOP:0,MODE:1",,,,nan,nan,nan,-1,9998000100000000.0,0.0030292872847218853,-0.01060625914944804,0.27917468370102555,0.960176976742222,-0.0055152404363020815,-0.0011519173063162576,0.004468042885105484,0.34323275000000003,0.0392266,9.81645665
1786685131.036324,73.536,0.0,-1.0,0,0,,,,,,,,,,,,,,,,,,,,,,,,,,,0,0.0,-2,55,True,True,False,"A:1,B:1,ESTOP:0,MODE:1",,,,nan,nan,nan,-1,9998000100000000.0,0.0030269435000528215,-0.010597853612373918,0.2791830901183715,0.9601746327120996,0.005567600313861911,1.7453292519943296e-05,-0.0016057029118347831,0.1569064,0.00980665,9.826263299999999
1786685131.086258,73.586,0.0,-1.0,0,0,,,,,,,,,,,,,,,,,,,,,,,,,,,0,0.0,-2,36,True,True,False,"A:1,B:1,ESTOP:0,MODE:1",,,,nan,nan,nan,-1,9998000100000000.0,0.0030063826799731188,-0.010558394427377832,0.27918313418648005,0.9601751192132149,-0.0029146998508305304,0.002076941809873252,-0.004956735075663896,0.14709974999999997,-0.0588399,9.747810099999999
1786685131.136284,73.636,0.0,-1.0,0,0,,,,,,,,,,,,,,,,,,,,,,,,,,,0,0.0,-2,53,True,True,False,"A:1,B:1,ESTOP:0,MODE:1",,,,nan,nan,nan,-1,9998000100000000.0,0.003000255447657056,-0.010569262230080057,0.279166256434784,0.9601799260718531,0.0035953782591083188,0.0005235987755982988,0.005253441048502932,0.22555294999999997,0.04903325,9.81645665
1786685131.186290,73.686,0.0,-1.0,0,0,,,,,,,,,,,,,,,,,,,,,,,,,,,0,0.0,-2,37,True,True,False,"A:1,B:1,ESTOP:0,MODE:1",,,,nan,nan,nan,-1,9998000100000000.0,0.0030532430782590375,-0.010562944322337888,0.2791919198828215,0.9601723667061516,0.0021642082724729686,-0.0005759586531581288,0.0004537856055185257,0.3334261,0.04903325,9.747810099999999
1786685131.236133,73.736,0.0,-1.0,0,2,,,,,,,,,,,,,,,,,,,,,,,,,,,0,0.0,-2,49,True,True,False,"A:1,B:1,ESTOP:0,MODE:1",,,,nan,nan,nan,-1,9998000100000000.0,0.0030615300048020587,-0.010560534630103733,0.27918363295627846,0.9601747763983858,0.006126105674500096,-0.00013962634015954637,0.006056292504420323,0.22555294999999997,0.04903325,9.7870367
1786685131.286376,73.786,0.0,-1.0,0,2,,,,,,,,,,,,,,,,,,,,,,,,,,,0,0.0,-2,39,True,True,False,"A:1,B:1,ESTOP:0,MODE:1",,,,nan,nan,nan,-1,9998000100000000.0,0.003078380330988369,-0.010555635091348482,0.2791921963243796,0.9601722864433888,0.0028099800957108708,-0.004485496177625427,0.0012740903539558606,0.22555294999999997,0.0196133,9.8654899
1786685131.336237,73.836,0.0,-1.0,0,0,,,,,,,,,,,,,,,,,,,,,,,,,,,0,0.0,-2,56,True,True,False,"A:1,B:1,ESTOP:0,MODE:1",,,,nan,nan,nan,-1,9998000100000000.0,0.003107228098453188,-0.010592684796821421,0.27918386829939473,0.9601742070289774,0.00015707963267948965,-0.03724532623755899,0.0023212879051524586,0.7551120499999999,0.25497289999999995,9.63993695
1786685131.386380,73.886,0.0,-1.0,0,0,,,,,,,,,,,,,,,,,,,,,,,,,,,0,0.6497310996055603,-3,38,True,True,False,"A:1,B:1,ESTOP:0,MODE:1",,,,nan,nan,nan,-1,9998000100000000.0,0.0030695248407097463,-0.010712697839389754,0.2791911785184365,0.9601708712306057,-0.20832249951804319,0.1660855316197804,0.006283185307179586,2.3732092999999996,-2.941995,11.493393799999998
1786685131.436130,73.936,0.0,-1.0,0,2,,,,,,,,,,,,,,,,,,,,,,,,,,,0,0.7773779034614563,-3,54,True,True,False,"A:1,B:1,ESTOP:0,MODE:1",,,,nan,nan,nan,-1,9998000100000000.0,0.0029167412701611084,-0.010593547685003106,0.2791904703924414,0.9601728753770623,0.011571532940722405,0.03658210112180115,0.05719443958785418,0.53936575,-0.6472389,9.71839015
1786685131.486235,73.986,0.0,-1.0,0,2,,,,,,,,,,,,,,,,,,,,,,,,,,,0,0.8879735469818115,-2,38,True,True,False,"A:1,B:1,ESTOP:0,MODE:1",,,,nan,nan,nan,-1,9998000100000000.0,0.0030868868113231923,-0.010680386115433997,0.2791496450482208,0.9601832513388742,0.10964158361028378,-0.10946705068508435,-0.03378957431861022,0.63743225,-0.4707192,10.26756255
1786685131.536188,74.036,0.0,-1.0,0,0,,,,,,,,,,,,,,,,,,,,,,,,,,,0,1.397979497909546,-2,47,True,True,False,"A:1,B:1,ESTOP:0,MODE:1",,,,nan,nan,nan,-1,9998000100000000.0,0.0031273799672284887,-0.010505036549455291,0.2792013243386273,0.9601700287913553,-0.137584304934713,0.04108505059194652,-0.03024655593706173,0.7649187,-2.9518016499999997,10.4146623
1786685131.586264,74.086,0.0,-1.0,0,0,,,,,,,,,,,,,,,,,,,,,,,,,,,0,1.6128244400024414,-3,36,True,True,False,"A:1,B:1,ESTOP:0,MODE:1",,,,nan,nan,nan,-1,9998000100000000.0,0.0032452782015749164,-0.010379881969336832,0.2791863692633447,0.9601753472346852,-0.24563763892568194,0.0929213293761781,0.043580871422298405,0.21574629999999997,-1.2944778,9.5516771
1786685131.636173,74.136,0.0,-1.0,0,2,,,,,,,,,,,,,,,,,,,,,,,,,,,0,1.8544079065322876,-4,58,True,True,False,"A:1,B:1,ESTOP:0,MODE:1",,,,nan,nan,nan,-1,9998000100000000.0,0.003183299758354537,-0.010416075511287069,0.2792023515688204,0.9601705155085904,-0.11224212419575533,0.09234537072301999,0.0210835773640915,-0.17651969999999997,-1.55925735,9.855683249999998
1786685131.686239,74.186,0.0,-1.0,0,0,,,,,,,,,,,,,,,,,,,,,,,,,,,0,1.9321835041046143,-3,35,True,True,False,"A:1,B:1,ESTOP:0,MODE:1",,,,nan,nan,nan,-1,9998000100000000.0,0.003267752513346116,-0.010455122951916376,0.27923642066097387,0.9601599000031293,-0.012671090369478832,0.02145009650701031,-0.019739673840055868,-0.7943386499999999,-0.67665885,9.34573745
1786685131.736253,74.236,0.0,-1.0,0,0,,,,,,,,,,,,,,,,,,,,,,,,,,,0,1.8130089044570923,-2,51,True,True,False,"A:1,B:1,ESTOP:0,MODE:1",,,,nan,nan,nan,-1,9998000100000000.0,0.003507353727934217,-0.01046723806939707,0.2792218202038415,0.9601631686953418,-0.03478441199224699,0.029042278753185644,-0.0007155849933176752,0.26477955,0.6864655000000001,10.0420096
1786685131.786231,74.286,0.0,-1.0,0,0,,,,,,,,,,,,,,,,,,,,,,,,,,,0,1.9306730031967163,-2,36,True,True,False,"A:1,B:1,ESTOP:0,MODE:1",,,,nan,nan,nan,-1,9998000100000000.0,0.003216997654383685,-0.010406273358698708,0.27921947308074696,0.9601655306525984,0.0018849555921538759,0.004590215932745087,-0.003193952531149623,-0.3334261,-0.7453053999999999,9.79684335
1786685131.836122,74.336,0.0,-1.0,0,0,,,,,,,,,,,,,,,,,,,,,,,,,,,0,3.0894687175750732,-2,47,True,True,False,"A:1,B:1,ESTOP:0,MODE:1",,,,nan,nan,nan,-1,9998000100000000.0,0.002601169936701459,-0.010349099551836148,0.2792644755165152,0.9601549264404742,-0.15392058673337994,0.22645647044626424,0.007819075048934596,0.1176798,-6.46258235,8.825985
1786685131.886387,74.386,0.0,-1.0,0,0,,,,,,,,,,,,,,,,,,,,,,,,,,,0,3.1924068927764893,-3,50,True,True,False,"A:1,B:1,ESTOP:0,MODE:1",,,,nan,nan,nan,-1,9998000100000000.0,0.003326405337815085,-0.010438065350157944,0.27923705880709654,0.960159698596039,0.0593761011528471,-0.09496336460101147,0.023108159296404925,0.57859235,-0.55897905,10.189109349999999
1786685131.936138,74.436,0.0,-1.0,0,0,,,,,,,,,,,,,,,,,,,,,,,,,,,0,2.87813401222229,-3,58,True,True,False,"A:1,B:1,ESTOP:0,MODE:1",,,,nan,nan,nan,-1,9998000100000000.0,0.003440114501533348,-0.010423174846389906,0.2792298153527236,0.9601615662254046,0.03391174736624982,-0.006352998477259359,0.009546951008408983,1.06892485,1.85345685,10.110656149999999
1786685131.986158,74.486,0.0,-1.0,0,0,,,,,,,,,,,,,,,,,,,,,,,,,,,0,2.9861159324645996,-3,39,True,True,False,"A:1,B:1,ESTOP:0,MODE:1",,,,nan,nan,nan,-1,9998000100000000.0,0.0031929297497565383,-0.01038600955001123,0.27921936676510173,0.9601658613117506,-0.052551863777549265,0.03192207201897629,0.001064650843716541,0.20593965,-0.61781895,9.63993695
1786685132.036194,74.536,0.0,-1.0,0,0,,,,,,,,,,,,,,,,,,,,,,,,,,,0,3.039334297180176,-3,49,True,True,False,"A:1,B:1,ESTOP:0,MODE:1",,,,nan,nan,nan,-1,9998000100000000.0,0.0033274740576667845,-0.010410491575670575,0.279237222616683,0.9601599466166403,0.041957715217943684,-0.009546951008408983,-0.0066322511575784525,0.44129925,-0.2745862,9.571290399999999
1786685132.086209,74.586,0.0,-1.0,0,0,,,,,,,,,,,,,,,,,,,,,,,,,,,0,3.1816463470458984,-3,38,True,True,False,"A:1,B:1,ESTOP:0,MODE:1",,,,nan,nan,nan,-1,9998000100000000.0,0.0027836090475556485,-0.010477782109056616,0.27923183551622116,0.9601625120972948,0.023701571242082997,-0.0071907565182166375,-0.008307767239493008,0.0392266,-0.8433718999999998,9.5516771
1786685132.136293,74.636,0.0,-1.0,0,0,,,,,,,,,,,,,,,,,,,,,,,,,,,0,3.154729127883911,-3,46,True,True,False,"A:1,B:1,ESTOP:0,MODE:1",,,,nan,nan,nan,-1,9998000100000000.0,0.0032166993960928633,-0.010342746792910962,0.27921982813497687,0.9601661147999583,-0.013369222070276564,0.010367255756846317,0.005881759579220891,0.2745862,0.14709974999999997,9.855683249999998
1786685132.186191,74.686,0.0,-1.0,0,0,,,,,,,,,,,,,,,,,,,,,,,,,,,0,3.2659149169921875,-3,36,True,True,False,"A:1,B:1,ESTOP:0,MODE:1",,,,nan,nan,nan,-1,9998000100000000.0,0.0030613019049877503,-0.010433374859547836,0.2792178876172995,0.9601662066299874,0.03277728335245351,-0.01621410875102732,-0.00757472895365539,0.21574629999999997,-0.63743225,9.79684335
1786685132.236151,74.736,0.0,-1.0,0,0,,,,,,,,,,,,,,,,,,,,,,,,,,,0,3.2178702354431152,-3,49,True,True,False,"A:1,B:1,ESTOP:0,MODE:1",,,,nan,nan,nan,-1,9998000100000000.0,0.003362766292790844,-0.010345714152594934,0.27920439349318976,0.9601700706935375,0.0043982297150257105,-0.0003839724354387525,0.009651670763528642,0.2353596,0.26477955,9.71839015
1786685132.286158,74.786,0.0,-1.0,0,0,,,,,,,,,,,,,,,,,,,,,,,,,,,0,3.2299840450286865,-3,32,True,True,False,"A:1,B:1,ESTOP:0,MODE:1",,,,nan,nan,nan,-1,9998000100000000.0,0.0033498113866114307,-0.010394919102950711,0.2792040029736569,0.9601696980971663,0.003682644721708035,-0.0029845130209103037,-0.0014311699866353504,0.1372931,-0.08825984999999999,9.8654899
1786685132.336117,74.836,0.0,-1.0,0,0,,,,,,,,,,,,,,,,,,,,,,,,,,,0,3.1961798667907715,-3,43,True,True,False,"A:1,B:1,ESTOP:0,MODE:1",,,,nan,nan,nan,-1,9998000100000000.0,0.003392957123056328,-0.010355103543262715,0.27922137544126924,0.9601649249838567,0.004084070449666731,-0.002670353755551324,0.0006981317007977319,0.25497289999999995,0.18632634999999997,9.747810099999999
1786685132.386150,74.886,0.0,-1.0,0,0,,,,,,,,,,,,,,,,,,,,,,,,,,,0,3.161278486251831,-3,33,True,True,False,"A:1,B:1,ESTOP:0,MODE:1",,,,nan,nan,nan,-1,9998000100000000.0,0.0034239463961213083,-0.01033700771191898,0.27921338086628217,0.9601673347952746,-0.0032637657012293962,0.004677482395344803,0.0019896753472735357,0.20593965,0.18632634999999997,9.855683249999998
1786685132.436247,74.936,0.0,-1.0,0,2,,,,,,,,,,,,,,,,,,,,,,,,,,,0,3.1531028747558594,-3,42,True,True,False,"A:1,B:1,ESTOP:0,MODE:1",,,,nan,nan,nan,-1,9998000100000000.0,0.0034167533260214063,-0.010375456778280905,0.27919634892563355,0.9601718983806737,0.003420845333908886,0.0014311699866353504,-0.00047123889803846896,0.30400615,0.04903325,9.7870367
1786685132.486234,74.986,0.0,-1.0,0,2,,,,,,,,,,,,,,,,,,,,,,,,,,,0,3.1536688804626465,-3,36,True,True,False,"A:1,B:1,ESTOP:0,MODE:1",,,,nan,nan,nan,-1,9998000100000000.0,0.003367458344420641,-0.010362531091012596,0.2791875879978049,0.9601747595524756,-0.0030368728984701333,0.001361356816555577,-0.004171336912266448,0.2353596,-0.00980665,9.79684335
1786685132.536167,75.036,0.0,-1.0,0,2,,,,,,,,,,,,,,,,,,,,,,,,,,,0,3.136016607284546,-3,51,True,True,False,"A:1,B:1,ESTOP:0,MODE:1",,,,nan,nan,nan,-1,9998000100000000.0,0.003397468272751235,-0.010371980220228788,0.27918781222249506,0.960174486612753,0.001117010721276371,0.0030019663134302466,0.008115781021773632,0.196133,0.08825984999999999,9.81645665
1786685132.586169,75.086,0.0,-1.0,0,2,,,,,,,,,,,,,,,,,,,,,,,,,,,0,3.1463561058044434,-3,37,True,True,False,"A:1,B:1,ESTOP:0,MODE:1",,,,nan,nan,nan,-1,9998000100000000.0,0.003413156290950366,-0.010394681211338814,0.2791878323292765,0.9601741796392611,-0.0025132741228718345,0.005585053606381855,-0.002949606435870417,0.196133,-0.06864655,9.747810099999999
1786685132.636135,75.136,0.0,-1.0,0,0,,,,,,,,,,,,,,,,,,,,,,,,,,,0,3.221140146255493,-5,47,True,True,False,"A:1,B:1,ESTOP:0,MODE:1",,,,nan,nan,nan,-1,9998000100000000.0,0.003321762272333302,-0.010548476313390131,0.2792028810235698,0.9601684470815578,-0.01022762941668677,-0.0053058009260627615,0.009913470151327791,0.6276256,-0.37265269999999995,9.7870367
1786685132.686153,75.186,0.0,-1.0,0,0,,,,,,,,,,,,,,,,,,,,,,,,,,,0,3.0778746604919434,-4,13,True,True,False,"A:1,B:1,ESTOP:0,MODE:1",,,,nan,nan,nan,-1,9998000100000000.0,0.003357211688752991,-0.010420027036638312,0.2792123100225485,0.9601669844866074,0.014556045961632708,0.09279915632853851,0.03515093113516579,0.08825984999999999,0.784532,8.63965865
1786685132.736171,75.236,0.0,-1.0,0,0,,,,,,,,,,,,,,,,,,,,,,,,,,,0,3.0133237838745117,-3,19,True,True,False,"A:1,B:1,ESTOP:0,MODE:1",,,,nan,nan,nan,-1,9998000100000000.0,0.003402206818609313,-0.010479630933454057,0.279245907488489,0.9601564067771418,-0.0678060414399797,-0.04913101844364037,-0.032026791774095946,-1.26505785,0.196133,9.4536106
1786685132.786159,75.286,0.0,-1.0,0,0,,,,,,,,,,,,,,,,,,,,,,,,,,,0,3.2088546752929688,-3,7,True,True,False,"A:1,B:1,ESTOP:0,MODE:1",,,,nan,nan,nan,-1,9998000100000000.0,0.003161600466875393,-0.010467827239800668,0.2791683431821439,0.9601799128498275,-0.0958185759344887,0.16678366332057812,0.050178215994836975,0.35303939999999995,-1.0983448,9.0809579
1786685132.836142,75.336,0.0,-1.0,0,0,,,,,,,,,,,,,,,,,,,,,,,,,,,0,2.8499274253845215,-3,26,True,True,False,"A:1,B:1,ESTOP:0,MODE:1",,,,nan,nan,nan,-1,9998000100000000.0,0.0037321000752321364,-0.01055643287824075,0.2791312852496547,0.9601876685048563,-0.00905825881785057,-0.0256388867117967,-0.048502699912922415,0.37265269999999995,2.0103632499999997,10.60098865
1786685132.886138,75.386,0.0,-1.0,0,0,,,,,,,,,,,,,,,,,,,,,,,,,,,0,2.317852258682251,-3,17,True,True,False,"A:1,B:1,ESTOP:0,MODE:1",,,,nan,nan,nan,-1,9998000100000000.0,0.004025254857925752,-0.010625662890912347,0.27916721800467836,0.9601752741051947,-0.05914920835008782,0.0432143522793796,0.009442231253289324,0.4216859499999999,3.01064155,11.630686899999999
1786685132.936149,75.436,0.0,-1.0,0,0,,,,,,,,,,,,,,,,,,,,,,,,,,,0,2.3519270420074463,-3,73,True,True,False,"A:1,B:1,ESTOP:0,MODE:1",,,,nan,nan,nan,-1,9998000100000000.0,0.003464978783488506,-0.010415955339849221,0.27920495107076854,0.9601687857319451,-0.09882054224791893,0.11967722680925118,-0.008447393579652554,-0.196133,-0.22555294999999997,9.12999115
1786685132.986197,75.486,0.0,-1.0,0,0,,,,,,,,,,,,,,,,,,,,,,,,,,,0,2.303187847137451,-3,40,True,True,False,"A:1,B:1,ESTOP:0,MODE:1",,,,nan,nan,nan,-1,9998000100000000.0,0.0037277472818699397,-0.01063031915583164,0.27924813809844645,0.9601528928162423,0.04598942579005058,-0.0973893722612836,0.0096342174710087,0.8825985,0.34323275000000003,9.77723005
1786685133.036153,75.536,0.0,-1.0,0,0,,,,,,,,,,,,,,,,,,,,,,,,,,,0,2.195979356765747,-3,32,True,True,False,"A:1,B:1,ESTOP:0,MODE:1",,,,nan,nan,nan,-1,9998000100000000.0,0.003734480679402895,-0.010592027326294075,0.279223275162679,0.960160520547789,-0.006806784082777886,0.0026529004630313807,-0.003403392041388943,0.1372931,0.5982056499999999,10.1400761
1786685133.086181,75.586,0.0,-1.0,0,0,,,,,,,,,,,,,,,,,,,,,,,,,,,0,2.5787770748138428,-2,14,True,True,False,"A:1,B:1,ESTOP:0,MODE:1",,,,nan,nan,nan,-1,9998000100000000.0,0.0035219732498049418,-0.010517512224525214,0.27922168092635674,0.9601626063025441,-0.07113962031128887,0.10224138758182783,0.0222529479629277,1.0493115499999999,-2.0201699,8.629852
1786685133.136266,75.636,0.0,-1.0,0,0,,,,,,,,,,,,,,,,,,,,,,,,,,,0,3.403074264526367,-3,33,True,True,False,"A:1,B:1,ESTOP:0,MODE:1",,,,nan,nan,nan,-1,9998000100000000.0,0.002517635989984993,-0.010718719077060561,0.27924463004441274,0.9601568659139652,0.09482373826085193,0.0449073216538141,0.04029965242854907,-0.28439285,-4.707191999999999,8.0022264
1786685133.186284,75.686,0.0,-1.0,0,0,,,,,,,,,,,,,,,,,,,,,,,,,,,0,2.779392957687378,-2,21,True,True,False,"A:1,B:1,ESTOP:0,MODE:1",,,,nan,nan,nan,-1,9998000100000000.0,0.0036164468320726896,-0.010690014417009936,0.27912946031873154,0.9601871636750038,0.06951646410693414,0.008429940287132611,-0.02171189589480946,0.65704555,3.5402006499999996,10.365629049999999
1786685133.236168,75.736,0.0,-1.0,0,0,,,,,,,,,,,,,,,,,,,,,,,,,,,0,3.1066768169403076,-3,40,True,True,False,"A:1,B:1,ESTOP:0,MODE:1",,,,nan,nan,nan,-1,9998000100000000.0,0.0029513360575733182,-0.010774329471233256,0.2792064460004602,0.9601661126866083,-0.037786378305677236,0.015812683023068628,-0.0022165681500327986,0.0196133,-1.87307015,10.09104285
1786685133.286296,75.786,0.0,-1.0,0,0,,,,,,,,,,,,,,,,,,,,,,,,,,,0,2.9224047660827637,-3,41,True,True,False,"A:1,B:1,ESTOP:0,MODE:1",,,,nan,nan,nan,-1,9998000100000000.0,0.0033150637929126123,-0.010714005108780865,0.2791767316999856,0.960174240918747,0.011187560505283653,-0.00986111027376796,-0.0014311699866353504,0.392266,1.0395048999999998,9.571290399999999
1786685133.336347,75.836,0.0,-1.0,0,0,,,,,,,,,,,,,,,,,,,,,,,,,,,0,3.13493275642395,-3,58,True,True,False,"A:1,B:1,ESTOP:0,MODE:1",,,,nan,nan,nan,-1,9998000100000000.0,0.0031915179479021145,-0.010695401969813298,0.2791756740312005,0.960175174444287,0.03495894491744642,-0.03169517921621703,0.004223696789826277,0.0588399,-1.2356379,9.659550249999999
1786685133.386285,75.886,0.0,-1.0,0,0,,,,,,,,,,,,,,,,,,,,,,,,,,,0,3.1539177894592285,-3,47,True,True,False,"A:1,B:1,ESTOP:0,MODE:1",,,,nan,nan,nan,-1,9998000100000000.0,0.0033808237701461966,-0.010658532623440584,0.27918605145195724,0.960171919183026,-0.017453292519943295,0.01509709802975095,0.006562437987498679,0.29419949999999995,-0.10787314999999999,9.649743599999999
1786685133.436143,75.936,0.0,-1.0,0,0,,,,,,,,,,,,,,,,,,,,,,,,,,,0,3.210559844970703,-3,56,True,True,False,"A:1,B:1,ESTOP:0,MODE:1",,,,nan,nan,nan,-1,9998000100000000.0,0.0034205788349298528,-0.010701498107878118,0.2791861815111155,0.9601712626567842,0.03426081321664869,-0.018238690683340743,0.0007853981633974482,0.16671305,-0.3334261,9.8851032
1786685133.486318,75.986,0.0,-1.0,0,0,,,,,,,,,,,,,,,,,,,,,,,,,,,0,3.2329254150390625,-3,47,True,True,False,"A:1,B:1,ESTOP:0,MODE:1",,,,nan,nan,nan,-1,9998000100000000.0,0.003224353607908302,-0.010776728659826425,0.279183880763158,0.9601717692086279,-0.003159045946109736,-0.0006981317007977319,0.006230825429619756,0.2353596,-0.1372931,9.6889702
1786685133.536171,76.036,0.0,-1.0,0,0,,,,,,,,,,,,,,,,,,,,,,,,,,,0,3.2197751998901367,-3,53,True,True,False,"A:1,B:1,ESTOP:0,MODE:1",,,,nan,nan,nan,-1,9998000100000000.0,0.0032228936673477622,-0.010740804101773829,0.2791757019430667,0.9601745547181783,0.011257373675363426,-0.004956735075663896,-5.235987755982989e-05,0.21574629999999997,0.0588399,9.67916355
1786685133.586185,76.086,0.0,-1.0,0,0,,,,,,,,,,,,,,,,,,,,,,,,,,,0,3.226400852203369,-3,48,True,True,False,"A:1,B:1,ESTOP:0,MODE:1",,,,nan,nan,nan,-1,9998000100000000.0,0.003183528309901172,-0.010761336755763533,0.2791835852221581,0.9601721640004104,0.009197885158010117,0.0008552113334772215,0.0015533430342749533,0.25497289999999995,-0.04903325,9.914523149999999
1786685133.636134,76.136,0.0,-1.0,0,0,,,,,,,,,,,,,,,,,,,,,,,,,,,0,3.172215461730957,-3,59,True,True,False,"A:1,B:1,ESTOP:0,MODE:1",,,,nan,nan,nan,-1,9998000100000000.0,0.003502925718021731,-0.010704830400880829,0.2791534319380585,0.9601804505168319,-0.0006632251157578452,-0.0015009831567151233,0.000593411945678072,0.22555294999999997,0.29419949999999995,9.77723005
1786685133.686156,76.186,0.0,-1.0,0,0,,,,,,,,,,,,,,,,,,,,,,,,,,,0,3.1992058753967285,-3,49,True,True,False,"A:1,B:1,ESTOP:0,MODE:1",,,,nan,nan,nan,-1,9998000100000000.0,0.00335444302704011,-0.010757088032024891,0.2791433422065569,0.9601833300317199,0.007766715171374766,0.003735004599267865,0.004014257279586958,0.36284605,-0.14709974999999997,9.9047165
1786685133.736169,76.236,0.0,-1.0,0,0,,,,,,,,,,,,,,,,,,,,,,,,,,,0,3.1479690074920654,-3,56,True,True,False,"A:1,B:1,ESTOP:0,MODE:1",,,,nan,nan,nan,-1,9998000100000000.0,0.003471751525436365,-0.010722984158982539,0.2791446543495001,0.9601829130432232,-0.004153883619746504,0.0015707963267948964,0.003525565089028546,0.196133,0.2745862,9.77723005
1786685133.786275,76.286,0.0,-1.0,0,0,,,,,,,,,,,,,,,,,,,,,,,,,,,0,3.1696410179138184,-3,46,True,True,False,"A:1,B:1,ESTOP:0,MODE:1",,,,nan,nan,nan,-1,9998000100000000.0,0.0032710275532479216,-0.010781333669233577,0.2791759189717228,0.960173874613006,0.008970992355250854,-0.0012217304763960308,-0.005811946409141118,0.2745862,-0.12748644999999997,9.77723005
1786685133.836155,76.336,0.0,-1.0,0,0,,,,,,,,,,,,,,,,,,,,,,,,,,,0,3.1289780139923096,-3,51,True,True,False,"A:1,B:1,ESTOP:0,MODE:1",,,,nan,nan,nan,-1,9998000100000000.0,0.003377130942912539,-0.010677786113413594,0.2791691500987412,0.9601766324502264,-0.001064650843716541,0.0077492618788548235,0.003351032163829113,0.196133,0.21574629999999997,9.7870367
1786685133.886239,76.386,0.0,-1.0,0,0,,,,,,,,,,,,,,,,,,,,,,,,,,,0,3.1403002738952637,-3,47,True,True,False,"A:1,B:1,ESTOP:0,MODE:1",,,,nan,nan,nan,-1,9998000100000000.0,0.00339662022503537,-0.010744819176145106,0.2791689487486203,0.9601758744555652,-0.009145525280450288,-0.004310963252425994,0.0033684854563490563,0.26477955,-0.06864655,9.845876599999999
1786685133.936215,76.436,0.0,-1.0,0,0,,,,,,,,,,,,,,,,,,,,,,,,,,,0,3.1304874420166016,-3,29,True,True,False,"A:1,B:1,ESTOP:0,MODE:1",,,,nan,nan,nan,-1,9998000100000000.0,0.0032604002751982887,-0.010775333930115653,0.27919260944528707,0.9601691251023808,0.010524335389525807,0.0030892327760299633,0.010262536001726658,0.196133,0.0392266,9.747810099999999
1786685133.986211,76.486,0.0,-1.0,0,0,,,,,,,,,,,,,,,,,,,,,,,,,,,0,3.1255199909210205,-3,17,True,True,False,"A:1,B:1,ESTOP:0,MODE:1",,,,nan,nan,nan,-1,9998000100000000.0,0.0033166172767770887,-0.01074989993902115,0.2791932930345576,0.9601690188845192,-0.0006108652381980154,0.0041887902047863905,0.0038571776469074684,0.25497289999999995,0.0196133,9.8654899
1786685134.036203,76.536,0.0,-1.0,0,0,,,,,,,,,,,,,,,,,,,,,,,,,,,0,3.1246652603149414,-3,34,True,True,False,"A:1,B:1,ESTOP:0,MODE:1",,,,nan,nan,nan,-1,9998000100000000.0,0.0032484056449883876,-0.010733381911099424,0.27920949928268857,0.96016472434881,0.009215338450530061,-0.0029845130209103037,0.00047123889803846896,0.20593965,-0.00980665,9.7085835
1786685134.086241,76.586,0.0,-1.0,0,0,,,,,,,,,,,,,,,,,,,,,,,,,,,0,3.140083074569702,-3,27,True,True,False,"A:1,B:1,ESTOP:0,MODE:1",,,,nan,nan,nan,-1,9998000100000000.0,0.0032854276599701532,-0.010704441035156869,0.279210019175914,0.9601647702863304,-0.011903145498601329,0.003298672286269283,0.005881759579220891,0.22555294999999997,-0.0980665,9.836069949999999
1786685134.136229,76.636,0.0,-1.0,0,0,,,,,,,,,,,,,,,,,,,,,,,,,,,0,0.0,-3,37,True,True,False,"A:1,B:1,ESTOP:0,MODE:1",,,,nan,nan,nan,-1,9998000100000000.0,0.0032701305256694134,-0.010745238295971401,0.27921801322748807,0.9601620421520537,-0.00013962634015954637,0.006318091892219472,0.00874409955249159,0.29419949999999995,0.0196133,9.836069949999999
1786685134.186249,76.686,0.0,-1.0,0,0,,,,,,,,,,,,,,,,,,,,,,,,,,,0,0.0,-3,34,True,True,False,"A:1,B:1,ESTOP:0,MODE:1",,,,nan,nan,nan,-1,9998000100000000.0,0.0032685761663465646,-0.010709342691781176,0.2792014532762151,0.9601672640104973,-0.006806784082777886,0.001780235837034216,-0.0006806784082777885,0.21574629999999997,-0.06864655,9.826263299999999
1786685134.236133,76.736,0.0,-1.0,0,2,,,,,,,,,,,,,,,,,,,,,,,,,,,0,0.0,-3,47,True,True,False,"A:1,B:1,ESTOP:0,MODE:1",,,,nan,nan,nan,-1,9998000100000000.0,0.003259221201391465,-0.010739324372555783,0.27920956670066766,0.9601646016449507,-0.0014660765716752368,-0.0005410520681182421,-0.0016406094968746698,0.26477955,0.1176798,9.855683249999998
1786685134.286277,76.786,0.0,-1.0,0,2,,,,,,,,,,,,,,,,,,,,,,,,,,,0,0.0,-4,35,True,True,False,"A:1,B:1,ESTOP:0,MODE:1",,,,nan,nan,nan,-1,9998000100000000.0,0.0033234428937347123,-0.010711568831791377,0.27917682518668796,0.9601742119527972,0.019216075064457567,-0.018901915799098588,-0.009669124056048587,0.5687857,0.14709974999999997,9.62032365
1786685134.336329,76.836,0.0,-1.0,0,2,,,,,,,,,,,,,,,,,,,,,,,,,,,0,0.484087735414505,-3,49,True,True,False,"A:1,B:1,ESTOP:0,MODE:1",,,,nan,nan,nan,-1,9998000100000000.0,0.0032813635855600803,-0.010941902479100698,0.27917505942694226,0.9601722728849862,-0.12746139527314587,0.11784463109465712,-0.003403392041388943,1.63771055,-2.3143694,11.85623985
1786685134.386295,76.886,0.0,-1.0,0,0,,,,,,,,,,,,,,,,,,,,,,,,,,,0,0.7300872206687927,-3,41,True,True,False,"A:1,B:1,ESTOP:0,MODE:1",,,,nan,nan,nan,-1,9998000100000000.0,0.0032038866088696786,-0.010737241609716293,0.27919229925761674,0.9601698322632602,0.024905848425959082,0.02473131550075965,0.061697389057999555,0.38245935,-1.4317708999999998,10.1400761
1786685134.436276,76.936,0.0,-1.0,0,0,,,,,,,,,,,,,,,,,,,,,,,,,,,0,0.7719516754150391,-3,44,True,True,False,"A:1,B:1,ESTOP:0,MODE:1",,,,nan,nan,nan,-1,9998000100000000.0,0.0033848282702489798,-0.010766420310672485,0.27917708943444225,0.9601733072035423,0.1069886831472524,-0.10318386537790476,-0.027139869868511822,0.6472389,-0.06864655,10.16949605
1786685134.486368,76.986,0.0,-1.0,0,0,,,,,,,,,,,,,,,,,,,,,,,,,,,0,1.4851998090744019,-3,40,True,True,False,"A:1,B:1,ESTOP:0,MODE:1",,,,nan,nan,nan,-1,9998000100000000.0,0.0029385533793705575,-0.010759879756203846,0.27924830432350534,0.9601541409711858,-0.17416640605651412,0.042725660088821185,0.006981317007977318,0.3334261,-4.158019599999999,10.3754357
1786685134.536228,77.036,0.0,-1.0,0,0,,,,,,,,,,,,,,,,,,,,,,,,,,,0,1.708971619606018,-4,46,True,True,False,"A:1,B:1,ESTOP:0,MODE:1",,,,nan,nan,nan,-1,9998000100000000.0,0.0029538336557060943,-0.010500978014639801,0.27922488050691824,0.9601637727145134,-0.15950564033976178,0.15336208137274177,0.025115287936198404,-0.8629851999999999,-1.4317708999999998,8.16893945
1786685134.586329,77.086,0.0,-1.0,0,0,,,,,,,,,,,,,,,,,,,,,,,,,,,0,2.116426706314087,-3,65,True,True,False,"A:1,B:1,ESTOP:0,MODE:1",,,,nan,nan,nan,-1,9998000100000000.0,0.003151738349948423,-0.0107433159939218,0.2792420377511041,0.9601554728581403,0.11700687305369985,-0.09697049324080495,0.009197885158010117,1.0493115499999999,-2.1868829499999998,9.34573745
1786685134.636076,77.136,0.0,-1.0,0,0,,,,,,,,,,,,,,,,,,,,,,,,,,,0,2.0074193477630615,-3,51,True,True,False,"A:1,B:1,ESTOP:0,MODE:1",,,,nan,nan,nan,-1,9998000100000000.0,0.0033859758613909168,-0.010675202171681586,0.2792111386114156,0.9601644209724587,-0.11604694196510297,0.1009847505203919,0.012531464029319286,0.5883989999999999,0.67665885,9.69877685
1786685134.686371,77.186,0.0,-1.0,0,0,,,,,,,,,,,,,,,,,,,,,,,,,,,0,2.0711658000946045,-3,41,True,True,False,"A:1,B:1,ESTOP:0,MODE:1",,,,nan,nan,nan,-1,9998000100000000.0,0.0030745663205698254,-0.010665795530901221,0.2792333971500289,0.9601591002347931,0.046582837735728654,-0.006649704450098395,0.006614797865058509,-0.02941995,-0.40207265,9.473223899999999
1786685134.736325,77.236,0.0,-1.0,0,2,,,,,,,,,,,,,,,,,,,,,,,,,,,0,1.6574698686599731,-3,40,True,True,False,"A:1,B:1,ESTOP:0,MODE:1",,,,nan,nan,nan,-1,9998000100000000.0,0.0033518840606779413,-0.01062150985256917,0.27918599069704614,0.9601724485737988,0.09128071987930345,-0.0004188790204786391,-0.023701571242082997,1.1964112999999998,2.59876225,8.7671451
1786685134.786258,77.286,0.0,-1.0,0,2,,,,,,,,,,,,,,,,,,,,,,,,,,,0,1.6040539741516113,0,53,True,True,False,"A:1,B:1,ESTOP:0,MODE:1",,,,nan,nan,nan,-1,9998000100000000.0,0.0033204835017516614,-0.010821457612210907,0.279293443605693,0.9601390747195615,0.2474353280552361,-0.14517648718088833,-0.01614429558094755,0.32361945,0.3334261,10.885381500000001
1786685134.836202,77.336,0.0,-1.0,0,2,,,,,,,,,,,,,,,,,,,,,,,,,,,0,1.3886044025421143,-1,51,True,True,False,"A:1,B:1,ESTOP:0,MODE:1",,,,nan,nan,nan,-1,9998000100000000.0,0.0029287296979624063,-0.010789992536977261,0.279214513942644,0.9601636599076124,-0.1578650308428871,0.04408701690537676,0.0008028514559173916,0.7256921,1.46119085,10.5323421
1786685134.886310,77.386,0.0,-1.0,0,0,,,,,,,,,,,,,,,,,,,,,,,,,,,0,1.59932279586792,0,40,True,True,False,"A:1,B:1,ESTOP:0,MODE:1",,,,nan,nan,nan,-1,9998000100000000.0,0.0026664145626443094,-0.010729979320626457,0.2792543197712469,0.9601535203634143,0.0746128255227576,-0.0023038346126325153,0.0015533430342749533,0.10787314999999999,-1.3140911,9.36535075
1786685134.936219,77.436,0.0,-1.0,0,0,,,,,,,,,,,,,,,,,,,,,,,,,,,0,1.3971418142318726,0,48,True,True,False,"A:1,B:1,ESTOP:0,MODE:1",,,,nan,nan,nan,-1,9998000100000000.0,0.0029822110279851513,-0.010692652014639018,0.27921561403539163,0.9601642643262234,-0.02118829711921116,0.004433136300065597,-0.007696902001294993,0.34323275000000003,1.2552512,9.845876599999999
1786685134.986242,77.486,0.0,-1.0,0,0,,,,,,,,,,,,,,,,,,,,,,,,,,,0,1.352150797843933,0,78,True,True,False,"A:1,B:1,ESTOP:0,MODE:1",,,,nan,nan,nan,-1,9998000100000000.0,0.0019223343615960853,-0.010828225562492374,0.27923000244266516,0.9601612676512415,0.06005677956112488,-0.0205599785884932,0.0032637657012293962,0.28439285,0.2745862,10.100849499999999
1786685135.036250,77.536,0.0,-1.0,0,0,,,,,,,,,,,,,,,,,,,,,,,,,,,0,1.3053265810012817,0,80,True,True,False,"A:1,B:1,ESTOP:0,MODE:1",,,,nan,nan,nan,-1,9998000100000000.0,0.0017899183230145935,-0.010748571598471866,0.2792125932848436,0.9601674813032057,0.005567600313861911,0.002722713633111154,-0.006003932626860493,-0.0784532,0.12748644999999997,9.326124149999998
1786685135.086241,77.586,0.0,-1.0,0,0,,,,,,,,,,,,,,,,,,,,,,,,,,,0,1.2507256269454956,-1,51,True,True,False,"A:1,B:1,ESTOP:0,MODE:1",,,,nan,nan,nan,-1,9998000100000000.0,0.0017501814671313151,-0.010923728253201391,0.2792277275276273,0.9601611766811025,0.02426007660272118,0.00301941960595019,0.006684611035138282,0.24516625,0.3138128,9.79684335
1786685135.136274,77.636,0.0,-1.0,0,0,,,,,,,,,,,,,,,,,,,,,,,,,,,0,1.2445319890975952,-1,53,True,True,False,"A:1,B:1,ESTOP:0,MODE:1",,,,nan,nan,nan,-1,9998000100000000.0,0.001701758733251562,-0.01088324619990256,0.27920243974531506,0.9601690770950865,-0.0051836278784231585,-0.017680185322702557,0.0023911010752322315,0.1176798,-0.0392266,9.81645665
1786685135.186212,77.686,0.0,-1.0,0,0,,,,,,,,,,,,,,,,,,,,,,,,,,,0,1.1906592845916748,-1,41,True,True,False,"A:1,B:1,ESTOP:0,MODE:1",,,,nan,nan,nan,-1,9998000100000000.0,0.001717054257737527,-0.010842435743002858,0.2791944980377582,0.9601718208619117,0.001413716694115407,-0.0011693705988362008,0.0049741883681838385,0.22555294999999997,0.30400615,9.845876599999999
1786685135.236136,77.736,0.0,-1.0,0,0,,,,,,,,,,,,,,,,,,,,,,,,,,,0,1.2337281703948975,0,48,True,True,False,"A:1,B:1,ESTOP:0,MODE:1",,,,nan,nan,nan,-1,9998000100000000.0,0.0015983794352218814,-0.010840593268534116,0.2791934221994275,0.9601723593820743,-0.00747000919853573,0.001413716694115407,-0.004590215932745087,0.2353596,-0.28439285,9.875296549999998
1786685135.286225,77.786,0.0,-1.0,0,2,,,,,,,,,,,,,,,,,,,,,,,,,,,0,1.1928774118423462,0,41,True,True,False,"A:1,B:1,ESTOP:0,MODE:1",,,,nan,nan,nan,-1,9998000100000000.0,0.0017757078133035838,-0.010825380701429105,0.27919515984355103,0.960171714181565,-0.016126842288427607,0.0053058009260627615,0.0018849555921538759,0.22555294999999997,0.22555294999999997,9.71839015
1786685135.336152,77.836,0.0,-1.0,0,2,,,,,,,,,,,,,,,,,,,,,,,,,,,0,1.1985589265823364,-1,41,True,True,False,"A:1,B:1,ESTOP:0,MODE:1",,,,nan,nan,nan,-1,9998000100000000.0,0.001537683103005832,-0.010912781616844499,0.279200710924014,0.9601695213594227,-0.003351032163829113,0.0006632251157578452,0.003612831551628262,0.12748644999999997,-0.10787314999999999,9.80665
1786685135.386123,77.886,0.0,-1.0,0,0,,,,,,,,,,,,,,,,,,,,,,,,,,,0,1.1710618734359741,0,37,True,True,False,"A:1,B:1,ESTOP:0,MODE:1",,,,nan,nan,nan,-1,9998000100000000.0,0.0017699545399748125,-0.010836165256750734,0.27921178581539124,0.9601667685591054,-0.014852751934471744,-0.008569566627292158,-0.005235987755982988,0.26477955,0.1569064,9.81645665
1786685135.436256,77.936,0.0,-1.0,0,0,,,,,,,,,,,,,,,,,,,,,,,,,,,0,1.20197331905365,-1,40,True,True,False,"A:1,B:1,ESTOP:0,MODE:1",,,,nan,nan,nan,-1,9998000100000000.0,0.0016314113784922462,-0.010921904157221734,0.2792182640347159,0.9601641586395184,0.0012042771838760874,-0.0018500490071139892,-0.00767944870877505,0.22555294999999997,-0.21574629999999997,9.81645665
1786685135.486259,77.986,0.0,-1.0,0,0,,,,,,,,,,,,,,,,,,,,,,,,,,,0,1.1515597105026245,-1,30,True,True,False,"A:1,B:1,ESTOP:0,MODE:1",,,,nan,nan,nan,-1,9998000100000000.0,0.0017030314240255495,-0.010919213478903669,0.27919381165214874,0.960171175362037,0.0011693705988362008,0.0009250245035569946,0.0058468529941810045,0.21574629999999997,0.2745862,9.855683249999998
1786685135.536310,78.036,0.0,-1.0,0,0,,,,,,,,,,,,,,,,,,,,,,,,,,,0,1.1738988161087036,-1,37,True,True,False,"A:1,B:1,ESTOP:0,MODE:1",,,,nan,nan,nan,-1,9998000100000000.0,0.0017952962863626186,-0.01089239708018057,0.27920323759715504,0.9601685709875941,-0.00307177948351002,-0.007347836150896127,0.0017976891295541594,0.17651969999999997,-0.17651969999999997,9.7674234
1786685135.586252,78.086,0.0,-1.0,0,0,,,,,,,,,,,,,,,,,,,,,,,,,,,0,1.1660927534103394,-1,5,True,True,False,"A:1,B:1,ESTOP:0,MODE:1",,,,nan,nan,nan,-1,9998000100000000.0,0.0017594383922619713,-0.01089374877134429,0.279211274284055,0.9601662850396929,0.0009424777960769379,-0.006597344572538566,0.0015882496193148398,0.3138128,0.0588399,9.79684335
1786685135.636148,78.136,0.0,-1.0,0,2,,,,,,,,,,,,,,,,,,,,,,,,,,,0,1.1531574726104736,-1,12,True,True,False,"A:1,B:1,ESTOP:0,MODE:1",,,,nan,nan,nan,-1,9998000100000000.0,0.0017736646799135114,-0.010880512131798982,0.2792031231951603,0.9601687792088541,-0.0018849555921538759,0.0003141592653589793,-0.001117010721276371,0.26477955,0.06864655,9.845876599999999
1786685135.686244,78.186,0.0,-1.0,0,2,,,,,,,,,,,,,,,,,,,,,,,,,,,0,1.1271854639053345,-2,13,True,True,False,"A:1,B:1,ESTOP:0,MODE:1",,,,nan,nan,nan,-1,9998000100000000.0,0.0016942589481061423,-0.010858138825001123,0.27918579667734134,0.9601742140057251,0.008272860654453122,-0.02069960492865275,-0.002548180707911721,0.10787314999999999,0.0784532,9.8851032
1786685135.736243,78.236,0.0,-1.0,0,2,,,,,,,,,,,,,,,,,,,,,,,,,,,0,1.7295873165130615,-1,36,True,True,False,"A:1,B:1,ESTOP:0,MODE:1",,,,nan,nan,nan,-1,9998000100000000.0,0.001613489483868647,-0.010954364946000177,0.27920948093577413,0.960166373237415,-0.23553218255663477,0.1896998363992637,0.022811453323565885,1.9221034,-2.9616082999999995,11.34629405
1786685135.786283,78.286,0.0,-1.0,0,2,,,,,,,,,,,,,,,,,,,,,,,,,,,0,1.806026577949524,-2,33,True,True,False,"A:1,B:1,ESTOP:0,MODE:1",,,,nan,nan,nan,-1,9998000100000000.0,0.0016236112264335087,-0.010833269829850665,0.2792020849833475,0.9601698807462827,0.011711159280881952,0.034557519189487726,0.05799729104377157,0.10787314999999999,-0.5491724,9.404577349999999
1786685135.836139,78.336,0.0,-1.0,0,2,,,,,,,,,,,,,,,,,,,,,,,,,,,0,1.8925747871398926,-2,39,True,True,False,"A:1,B:1,ESTOP:0,MODE:1",,,,nan,nan,nan,-1,9998000100000000.0,0.0017529252236088793,-0.010904656105425826,0.2791608665344013,0.9601808300128394,0.09941395419359701,-0.06654940437854379,-0.014521139376592822,0.2353596,-0.5491724,9.845876599999999
1786685135.886196,78.386,0.0,-1.0,0,0,,,,,,,,,,,,,,,,,,,,,,,,,,,0,1.9614378213882446,-2,34,True,True,False,"A:1,B:1,ESTOP:0,MODE:1",,,,nan,nan,nan,-1,9998000100000000.0,0.0016379325888895065,-0.010820017846117986,0.27920231259745804,0.9601699396621804,-0.14892894507267612,0.1719847444915212,0.05246459731494954,-0.17651969999999997,-0.5883989999999999,9.42419065
1786685135.936136,78.436,0.0,-1.0,0,2,,,,,,,,,,,,,,,,,,,,,,,,,,,0,2.14388108253479,0,33,True,True,False,"A:1,B:1,ESTOP:0,MODE:1",,,,nan,nan,nan,-1,9998000100000000.0,0.001539536338628939,-0.010857675075564625,0.27917600125110176,0.9601773279167034,0.06485643500410929,0.0030368728984701333,-0.021746802479849347,0.08825984999999999,-1.1375714,8.97308475
1786685135.986273,78.486,0.0,-1.0,0,0,,,,,,,,,,,,,,,,,,,,,,,,,,,0,1.858473539352417,-1,36,True,True,False,"A:1,B:1,ESTOP:0,MODE:1",,,,nan,nan,nan,-1,9998000100000000.0,0.001960264050944748,-0.010898899253556148,0.27916283065739655,0.9601799234202207,-0.07054620836561079,0.06455972903127025,0.00942477796076938,0.5491724,1.7455836999999998,10.52253545
1786685136.036176,78.536,0.0,-1.0,0,2,,,,,,,,,,,,,,,,,,,,,,,,,,,0,1.8764207363128662,-2,47,True,True,False,"A:1,B:1,ESTOP:0,MODE:1",,,,nan,nan,nan,-1,9998000100000000.0,0.0015266626068073847,-0.010843299968994963,0.2792095018735145,0.9601677698249464,-0.0727278699306037,0.10000736613927509,-0.013037609512397642,-0.43149259999999995,-0.35303939999999995,8.835791649999999
1786685136.086190,78.586,0.0,-1.0,0,2,,,,,,,,,,,,,,,,,,,,,,,,,,,0,1.959384799003601,-2,39,True,True,False,"A:1,B:1,ESTOP:0,MODE:1",,,,nan,nan,nan,-1,9998000100000000.0,0.0017847904818709857,-0.011013553000864967,0.2791771275475836,0.960174800558478,0.056182148621697466,-0.033562681515850956,0.002897246558310587,0.5982056499999999,-0.4118793,10.738281749999999
1786685136.136160,78.636,0.0,-1.0,0,0,,,,,,,,,,,,,,,,,,,,,,,,,,,0,1.974326252937317,-2,35,True,True,False,"A:1,B:1,ESTOP:0,MODE:1",,,,nan,nan,nan,-1,9998000100000000.0,0.0021875827553050117,-0.010869132589714312,0.2791400200349214,0.960186401514487,-0.09288642279113822,0.02345722514680379,-0.01907644872429802,-0.06864655,-0.20593965,10.52253545
1786685136.186217,78.686,0.0,-1.0,0,0,,,,,,,,,,,,,,,,,,,,,,,,,,,0,2.6091463565826416,-2,37,True,True,False,"A:1,B:1,ESTOP:0,MODE:1",,,,nan,nan,nan,-1,9998000100000000.0,0.0016832583535654822,-0.011006777159086661,0.27920974191108683,0.9601655781790085,-0.20584413198021123,-0.05539675045830002,0.01802925117310142,1.1375714,-3.4617474499999994,10.4931155
1786685136.236129,78.736,0.0,-1.0,0,2,,,,,,,,,,,,,,,,,,,,,,,,,,,0,2.673877716064453,0,54,True,True,False,"A:1,B:1,ESTOP:0,MODE:1",,,,nan,nan,nan,-1,9998000100000000.0,0.00200001384919171,-0.010723748788875937,0.2791476637523948,0.9601862230724288,-0.05698500007761486,-0.05216789134211051,0.010629055144645466,0.1176798,-0.4216859499999999,8.404299049999999
1786685136.286202,78.786,0.0,-1.0,0,0,,,,,,,,,,,,,,,,,,,,,,,,,,,0,2.796454668045044,-2,59,True,True,False,"A:1,B:1,ESTOP:0,MODE:1",,,,nan,nan,nan,-1,9998000100000000.0,0.0018136248231581632,-0.010832472108756201,0.2791535672861143,0.9601836564868467,0.1501681288415921,-0.0449073216538141,-0.03129375348825833,0.3334261,-0.7158854499999999,9.845876599999999
1786685136.336159,78.836,0.0,-1.0,0,0,,,,,,,,,,,,,,,,,,,,,,,,,,,0,2.538780927658081,-3,55,True,True,False,"A:1,B:1,ESTOP:0,MODE:1",,,,nan,nan,nan,-1,9998000100000000.0,0.0014496176514312916,-0.011047439932936283,0.2791988848698256,0.9601686494397943,-0.048258353817643214,0.009354964790689606,0.01694714703686494,0.2745862,1.4513842,9.914523149999999
1786685136.386181,78.886,0.0,-1.0,0,0,,,,,,,,,,,,,,,,,,,,,,,,,,,0,2.6830804347991943,-3,46,True,True,False,"A:1,B:1,ESTOP:0,MODE:1",,,,nan,nan,nan,-1,9998000100000000.0,0.002040158759699145,-0.010984760120717026,0.2791964823818821,0.9601689939916354,0.011135200627723822,0.004956735075663896,-0.00012217304763960306,0.2745862,-0.8531785499999999,9.77723005
1786685136.436119,78.936,0.0,-1.0,0,0,,,,,,,,,,,,,,,,,,,,,,,,,,,0,2.799154758453369,-3,45,True,True,False,"A:1,B:1,ESTOP:0,MODE:1",,,,nan,nan,nan,-1,9998000100000000.0,0.0015554436553598945,-0.011162038614299222,0.2791822476257677,0.9601719961025902,-0.031328660073298216,0.014748032179352085,-0.0012740903539558606,0.18632634999999997,-0.7158854499999999,9.738003449999999
1786685136.486152,78.986,0.0,-1.0,0,0,,,,,,,,,,,,,,,,,,,,,,,,,,,0,2.656364679336548,-3,35,True,True,False,"A:1,B:1,ESTOP:0,MODE:1",,,,nan,nan,nan,-1,9998000100000000.0,0.0020842990307808904,-0.010980993241398125,0.2791801672455327,0.9601736862160611,-0.013718287920675431,-0.013002702927357754,0.005585053606381855,0.25497289999999995,0.8041453,9.826263299999999
1786685136.536155,79.036,0.0,-1.0,0,0,,,,,,,,,,,,,,,,,,,,,,,,,,,0,2.815016746520996,-3,38,True,True,False,"A:1,B:1,ESTOP:0,MODE:1",,,,nan,nan,nan,-1,9998000100000000.0,0.002088092096411665,-0.010961744192985599,0.27920547213131347,0.9601665399125169,-0.010088003076527224,0.008080874436733746,0.0015009831567151233,0.20593965,-0.9414384,9.7085835
1786685136.586290,79.086,0.0,-1.0,0,2,,,,,,,,,,,,,,,,,,,,,,,,,,,0,2.791534185409546,-3,28,True,True,False,"A:1,B:1,ESTOP:0,MODE:1",,,,nan,nan,nan,-1,9998000100000000.0,0.0021804523082541052,-0.010934904286835294,0.27922328111820816,0.9601614618268904,0.006771877497737999,0.00307177948351002,0.0041887902047863905,0.2745862,0.1176798,9.7085835
1786685136.636163,79.136,0.0,-1.0,0,0,,,,,,,,,,,,,,,,,,,,,,,,,,,0,2.8178751468658447,-3,32,True,True,False,"A:1,B:1,ESTOP:0,MODE:1",,,,nan,nan,nan,-1,9998000100000000.0,0.002130273921254004,-0.010949505778920463,0.2792310871649882,0.9601591379645755,0.000296705972839036,0.0016231562043547264,-0.0028099800957108708,0.21574629999999997,-0.18632634999999997,9.894909849999998
1786685136.686239,79.186,0.0,-1.0,0,0,,,,,,,,,,,,,,,,,,,,,,,,,,,0,2.7954823970794678,-3,30,True,True,False,"A:1,B:1,ESTOP:0,MODE:1",,,,nan,nan,nan,-1,9998000100000000.0,0.002175673863612877,-0.010918127424336802,0.2792317302850521,0.9601592064542218,0.0064228116473391324,0.00471238898038469,0.003612831551628262,0.22555294999999997,0.0980665,9.6889702
1786685136.736261,79.236,0.0,-1.0,0,0,,,,,,,,,,,,,,,,,,,,,,,,,,,0,2.773094654083252,-3,33,True,True,False,"A:1,B:1,ESTOP:0,MODE:1",,,,nan,nan,nan,-1,9998000100000000.0,0.0022508944097077038,-0.010896235869050435,0.2792158289525625,0.960163905997604,0.010105456369047167,0.005113814708343385,0.007435102613495843,0.22555294999999997,0.0980665,9.855683249999998
1786685136.786280,79.286,0.0,-1.0,0,0,,,,,,,,,,,,,,,,,,,,,,,,,,,0,2.749882221221924,-3,30,True,True,False,"A:1,B:1,ESTOP:0,MODE:1",,,,nan,nan,nan,-1,9998000100000000.0,0.0022434732494958213,-0.010807533798996408,0.2792331186846886,0.9601598978662798,-0.0009948376736367678,0.003665191429188092,0.0014660765716752368,0.20593965,0.0980665,9.8851032
1786685136.836189,79.336,0.0,-1.0,0,0,,,,,,,,,,,,,,,,,,,,,,,,,,,0,2.745292901992798,-3,41,True,True,False,"A:1,B:1,ESTOP:0,MODE:1",,,,nan,nan,nan,-1,9998000100000000.0,0.0022266209414527776,-0.010812426765996756,0.2792245510283557,0.960162373606478,0.0036302848441482054,-0.018395770316020233,-0.0005585053606381855,0.196133,-0.00980665,9.738003449999999
1786685136.886168,79.386,0.0,-1.0,0,0,,,,,,,,,,,,,,,,,,,,,,,,,,,0,2.729480743408203,-3,35,True,True,False,"A:1,B:1,ESTOP:0,MODE:1",,,,nan,nan,nan,-1,9998000100000000.0,0.0022133682292173247,-0.010798105558188857,0.2792245251677036,0.9601625729335145,-0.0014486232791552935,-0.005585053606381855,-0.0015009831567151233,0.21574629999999997,0.0588399,9.836069949999999
1786685136.936176,79.436,0.0,-1.0,0,0,,,,,,,,,,,,,,,,,,,,,,,,,,,0,2.7261571884155273,-3,42,True,True,False,"A:1,B:1,ESTOP:0,MODE:1",,,,nan,nan,nan,-1,9998000100000000.0,0.002446723896840212,-0.010757494109521534,0.2792102067656366,0.9601666263209457,-0.009197885158010117,0.00307177948351002,-0.005567600313861911,0.20593965,-0.00980665,9.7674234
1786685136.986154,79.486,0.0,-1.0,0,0,,,,,,,,,,,,,,,,,,,,,,,,,,,0,2.7009031772613525,-3,46,True,True,False,"A:1,B:1,ESTOP:0,MODE:1",,,,nan,nan,nan,-1,9998000100000000.0,0.002385915812574187,-0.010766108613154858,0.2792347189418314,0.9601595544744328,0.001780235837034216,0.00466002910282486,0.0004188790204786391,0.21574629999999997,0.1176798,9.81645665
1786685137.036230,79.536,0.0,-1.0,0,0,,,,,,,,,,,,,,,,,,,,,,,,,,,0,2.6903927326202393,-3,31,True,True,False,"A:1,B:1,ESTOP:0,MODE:1",,,,nan,nan,nan,-1,9998000100000000.0,0.0025032214134663973,-0.010731993576270983,0.2792360321861645,0.9601592558140348,-0.004747295565424576,-0.0,-0.000296705972839036,0.2353596,0.0392266,9.826263299999999
1786685137.086268,79.586,0.0,-1.0,0,0,,,,,,,,,,,,,,,,,,,,,,,,,,,0,0.0,-3,32,True,True,False,"A:1,B:1,ESTOP:0,MODE:1",,,,nan,nan,nan,-1,9998000100000000.0,0.002464738124276604,-0.010725004379231242,0.2792273425362222,0.9601619605708213,-0.0002443460952792061,0.0009948376736367678,0.006457718232379019,0.2745862,-0.04903325,9.836069949999999
1786685137.136243,79.636,0.0,-1.0,0,0,,,,,,,,,,,,,,,,,,,,,,,,,,,0,0.0,-3,53,True,True,False,"A:1,B:1,ESTOP:0,MODE:1",,,,nan,nan,nan,-1,9998000100000000.0,0.0025104382493731673,-0.010757152295761836,0.2792275577448235,0.9601614199550735,-0.001361356816555577,-0.002897246558310587,-0.0007504915783575617,0.16671305,0.0784532,9.81645665
1786685137.186296,79.686,0.0,-1.0,0,0,,,,,,,,,,,,,,,,,,,,,,,,,,,0,0.0,-3,47,True,True,False,"A:1,B:1,ESTOP:0,MODE:1",,,,nan,nan,nan,-1,9998000100000000.0,0.0025496152822136057,-0.010736656478411077,0.27920292126180035,0.9601687103985707,-0.0014311699866353504,0.010786134777324957,0.0008203047484373349,0.196133,-0.0196133,9.836069949999999
1786685137.236164,79.736,0.0,-1.0,0,0,,,,,,,,,,,,,,,,,,,,,,,,,,,0,0.0,-3,51,True,True,False,"A:1,B:1,ESTOP:0,MODE:1",,,,nan,nan,nan,-1,9998000100000000.0,0.0025919028076068417,-0.010787977488918382,0.279211362061847,0.9601655674294421,0.005689773361501515,0.0028623399732707008,-0.004276056667386108,0.10787314999999999,0.0588399,9.836069949999999
1786685137.286264,79.786,0.0,-1.0,0,0,,,,,,,,,,,,,,,,,,,,,,,,,,,0,0.0,-3,43,True,True,False,"A:1,B:1,ESTOP:0,MODE:1",,,,nan,nan,nan,-1,9998000100000000.0,0.002626692203796981,-0.010814206656093455,0.2792031404976054,0.9601675685830784,-0.007714355293814937,-0.0010297442586766543,-0.004485496177625427,0.196133,-0.04903325,9.81645665
1786685137.336239,79.836,0.0,-1.0,0,0,,,,,,,,,,,,,,,,,,,,,,,,,,,0,0.0,-3,48,True,True,False,"A:1,B:1,ESTOP:0,MODE:1",,,,nan,nan,nan,-1,9998000100000000.0,0.0026541715470793357,-0.010815299309865876,0.2791950134159885,0.960169843911942,-0.0041887902047863905,0.0013788101090755204,0.0014835298641951802,0.25497289999999995,0.0392266,9.738003449999999
1786685137.386236,79.886,0.0,-1.0,0,0,,,,,,,,,,,,,,,,,,,,,,,,,,,0,0.0,-3,49,True,True,False,"A:1,B:1,ESTOP:0,MODE:1",,,,nan,nan,nan,-1,9998000100000000.0,0.0026900299469694443,-0.01081395607184555,0.2791869809222357,0.9601720948749175,-0.00047123889803846896,0.005288347633542819,0.0007155849933176752,0.16671305,-0.04903325,9.875296549999998
1786685137.436185,79.936,0.0,-1.0,0,0,,,,,,,,,,,,,,,,,,,,,,,,,,,0,0.0,-3,53,True,True,False,"A:1,B:1,ESTOP:0,MODE:1",,,,nan,nan,nan,-1,9998000100000000.0,0.0027311391166785627,-0.010829276278960463,0.27921240379227324,0.9601644136411951,0.008604473212332044,0.0020245819323134223,0.0054105206811824215,0.21574629999999997,-0.0,9.79684335
1786685137.486247,79.986,0.0,-1.0,0,0,,,,,,,,,,,,,,,,,,,,,,,,,,,0,0.0,-3,46,True,True,False,"A:1,B:1,ESTOP:0,MODE:1",,,,nan,nan,nan,-1,9998000100000000.0,0.002783755413148136,-0.010823060024638427,0.2792045612726727,0.960166613167755,-0.010733774899765127,-0.0029845130209103037,-0.0023387411976724015,0.1176798,0.02941995,9.79684335
1786685137.536219,80.036,0.0,-1.0,0,0,,,,,,,,,,,,,,,,,,,,,,,,,,,0,0.0,-3,52,True,True,False,"A:1,B:1,ESTOP:0,MODE:1",,,,nan,nan,nan,-1,9998000100000000.0,0.0028317962315870825,-0.0108636127365128,0.27919638037644456,0.9601683935816183,0.004223696789826277,0.001762782544514273,0.0020245819323134223,0.1569064,0.06864655,9.836069949999999
1786685137.586208,80.086,0.0,-1.0,0,0,,,,,,,,,,,,,,,,,,,,,,,,,,,0,0.0,-3,48,True,True,False,"A:1,B:1,ESTOP:0,MODE:1",,,,nan,nan,nan,-1,9998000100000000.0,0.0028876347486102654,-0.010838279349016745,0.27916355656324504,0.9601780574212634,-0.0015533430342749533,0.008115781021773632,-0.006370451769779303,0.18632634999999997,0.0,9.826263299999999
1786685137.636118,80.136,0.0,-1.0,0,0,,,,,,,,,,,,,,,,,,,,,,,,,,,0,0.0,-3,46,True,True,False,"A:1,B:1,ESTOP:0,MODE:1",,,,nan,nan,nan,-1,9998000100000000.0,0.002917455234345911,-0.01084778002207175,0.2791470234219914,0.96018266670368,-0.0017976891295541594,0.0027401669256310974,0.005567600313861911,0.196133,-0.02941995,9.77723005
1786685137.686165,80.186,0.0,-1.0,0,0,,,,,,,,,,,,,,,,,,,,,,,,,,,0,0.0,-3,43,True,True,False,"A:1,B:1,ESTOP:0,MODE:1",,,,nan,nan,nan,-1,9998000100000000.0,0.0029547622271894835,-0.010818764245013131,0.27917269165942354,0.9601754172816673,-0.0041887902047863905,0.004328416544945937,0.004084070449666731,0.2745862,0.00980665,9.8654899
1786685137.736279,80.236,0.0,-1.0,0,0,,,,,,,,,,,,,,,,,,,,,,,,,,,0,0.0,-3,48,True,True,False,"A:1,B:1,ESTOP:0,MODE:1",,,,nan,nan,nan,-1,9998000100000000.0,0.0029307894056868453,-0.010798473844671665,0.2791809688091835,0.9601733125279264,0.0012042771838760874,-0.0029845130209103037,0.0011519173063162576,0.2745862,-0.04903325,9.845876599999999
1786685137.786138,80.286,0.0,-1.0,0,0,,,,,,,,,,,,,,,,,,,,,,,,,,,0,0.0,-3,38,True,True,False,"A:1,B:1,ESTOP:0,MODE:1",,,,nan,nan,nan,-1,9998000100000000.0,0.0029952918051098665,-0.0107706303648609,0.27917337124598385,0.9601756352541434,-0.0007504915783575617,-0.0002617993877991494,-0.005602506898901798,0.22555294999999997,0.0784532,9.8654899
1786685137.836123,80.336,0.0,-1.0,0,0,,,,,,,,,,,,,,,,,,,,,,,,,,,0,0.0,-3,46,True,True,False,"A:1,B:1,ESTOP:0,MODE:1",,,,nan,nan,nan,-1,9998000100000000.0,0.0029846642979571994,-0.01076463541497875,0.2791900638246568,0.9601708820126733,0.0012915436464758037,-0.00022689280275926284,0.0004188790204786391,0.196133,0.02941995,9.7674234
1786685137.886162,80.386,0.0,-1.0,0,0,,,,,,,,,,,,,,,,,,,,,,,,,,,0,0.0,-3,42,True,True,False,"A:1,B:1,ESTOP:0,MODE:1",,,,nan,nan,nan,-1,9998000100000000.0,0.0030143922787235727,-0.010774163280723116,0.2791651518670673,0.9601779256095339,0.00476474885794452,0.0033859387488689996,0.005462880558742251,0.21574629999999997,-0.0392266,9.81645665
1786685137.936159,80.436,0.0,-1.0,0,0,,,,,,,,,,,,,,,,,,,,,,,,,,,0,0.0,-3,44,True,True,False,"A:1,B:1,ESTOP:0,MODE:1",,,,nan,nan,nan,-1,9998000100000000.0,0.0030370934825313914,-0.010758475622381684,0.2791654618150385,0.960177939860658,-0.0012566370614359172,-0.0021118483949131386,0.005148721293383272,0.196133,0.00980665,9.747810099999999
1786685137.986173,80.486,0.0,-1.0,0,0,,,,,,,,,,,,,,,,,,,,,,,,,,,0,0.0,-3,45,True,True,False,"A:1,B:1,ESTOP:0,MODE:1",,,,nan,nan,nan,-1,9998000100000000.0,0.003059888437313711,-0.01074276125222797,0.2791741502343998,0.9601755172906303,-0.00153588974175501,0.0010995574287564276,-0.0016580627893946131,0.2745862,-0.00980665,9.757616749999999
1786685138.036139,80.536,0.0,-1.0,0,0,,,,,,,,,,,,,,,,,,,,,,,,,,,0,0.0,-3,49,True,True,False,"A:1,B:1,ESTOP:0,MODE:1",,,,nan,nan,nan,-1,9998000100000000.0,0.0030975832833205065,-0.010777239904089221,0.2792078098423984,0.9601652227616159,0.0064053583548191895,-0.008779006137531478,0.005864306286700947,0.1569064,0.0392266,9.79684335
1786685138.086230,80.586,0.0,-1.0,0,0,,,,,,,,,,,,,,,,,,,,,,,,,,,0,0.0,-3,42,True,True,False,"A:1,B:1,ESTOP:0,MODE:1",,,,nan,nan,nan,-1,9998000100000000.0,0.0031164956396063336,-0.01078082742064157,0.279182833258772,0.9601723839127322,-0.00010471975511965978,0.0030892327760299633,-0.007452555906015787,0.2353596,-0.00980665,9.7870367
1786685138.136183,80.636,0.0,-1.0,0,0,,,,,,,,,,,,,,,,,,,,,,,,,,,0,0.0,-3,45,True,True,False,"A:1,B:1,ESTOP:0,MODE:1",,,,nan,nan,nan,-1,9998000100000000.0,0.003126618460051716,-0.0108142346162362,0.2792162392882559,0.9601622614456339,0.008045967851693859,0.0030543261909900766,-0.007557275661135447,0.196133,0.00980665,9.79684335
1786685138.186284,80.686,0.0,-1.0,0,0,,,,,,,,,,,,,,,,,,,,,,,,,,,0,0.0,-3,41,True,True,False,"A:1,B:1,ESTOP:0,MODE:1",,,,nan,nan,nan,-1,9998000100000000.0,0.003185177205759875,-0.010797206042943527,0.2792085203659423,0.9601645052504781,0.0037524578917878084,-0.0019896753472735357,0.00019198621771937625,0.22555294999999997,0.0588399,9.81645665
1786685138.236115,80.736,0.0,-1.0,0,0,,,,,,,,,,,,,,,,,,,,,,,,,,,0,0.0,-3,42,True,True,False,"A:1,B:1,ESTOP:0,MODE:1",,,,nan,nan,nan,-1,9998000100000000.0,0.0031959927664395363,-0.010803148506749601,0.27920858757649025,0.9601643829241531,-0.003560471674068432,-0.0018849555921538759,-0.0021991148575128553,0.25497289999999995,-0.00980665,9.7674234
1786685138.286402,80.786,0.0,-1.0,0,0,,,,,,,,,,,,,,,,,,,,,,,,,,,0,0.0,-3,43,True,True,False,"A:1,B:1,ESTOP:0,MODE:1",,,,nan,nan,nan,-1,9998000100000000.0,0.0031885890752583455,-0.010778039275761842,0.2792002894913318,0.9601671027050634,-0.0014311699866353504,-0.002775073510670984,-0.006021385919380436,0.24516625,0.0392266,9.7674234
1786685138.336186,80.836,0.0,-1.0,0,0,,,,,,,,,,,,,,,,,,,,,,,,,,,0,0.0,-3,46,True,True,False,"A:1,B:1,ESTOP:0,MODE:1",,,,nan,nan,nan,-1,9998000100000000.0,0.0031816550024239493,-0.01075279109334005,0.27923388623474743,0.9601576387934372,0.0005585053606381855,0.003979350694547071,0.008011061266653973,0.2745862,0.0392266,9.855683249999998
1786685138.386255,80.886,0.0,-1.0,0,0,,,,,,,,,,,,,,,,,,,,,,,,,,,0,0.0,-3,39,True,True,False,"A:1,B:1,ESTOP:0,MODE:1",,,,nan,nan,nan,-1,9998000100000000.0,0.0032116653951347776,-0.01076223868123203,0.27923411426718875,0.9601573667130697,-0.0023387411976724015,0.006562437987498679,0.0009075712110370514,0.26477955,-0.04903325,9.79684335
1786685138.436119,80.936,0.0,-1.0,0,0,,,,,,,,,,,,,,,,,,,,,,,,,,,0,0.0,-3,42,True,True,False,"A:1,B:1,ESTOP:0,MODE:1",,,,nan,nan,nan,-1,9998000100000000.0,0.003211477558145751,-0.010762294733728462,0.2792173563172735,0.960162240121507,-0.0012566370614359172,0.0011693705988362008,0.003839724354387525,0.17651969999999997,0.0392266,9.7870367
1786685138.486234,80.986,0.0,-1.0,0,0,,,,,,,,,,,,,,,,,,,,,,,,,,,0,0.0,-3,40,True,True,False,"A:1,B:1,ESTOP:0,MODE:1",,,,nan,nan,nan,-1,9998000100000000.0,0.003219950451597943,-0.010759830003261608,0.27922582921072564,0.9601597753910401,-0.005899212871740834,-0.0021467549799530253,-0.0048520153205442364,0.20593965,0.0196133,9.7870367
1786685138.536164,81.036,0.0,-1.0,0,0,,,,,,,,,,,,,,,,,,,,,,,,,,,0,0.0,-3,40,True,True,False,"A:1,B:1,ESTOP:0,MODE:1",,,,nan,nan,nan,-1,9998000100000000.0,0.003228423302031184,-0.010757365124915243,0.2792343020611588,0.9601573105126937,-0.0040666171571467884,0.0018675022996339325,-0.0003316125578789226,0.2353596,-0.00980665,9.79684335
1786685138.586266,81.086,0.0,-1.0,0,0,,,,,,,,,,,,,,,,,,,,,,,,,,,0,0.0,-3,42,True,True,False,"A:1,B:1,ESTOP:0,MODE:1",,,,nan,nan,nan,-1,9998000100000000.0,0.003216426514160048,-0.010715414186801326,0.27925119249075986,0.9601529076099143,-0.0009250245035569946,0.006579891280018622,-0.0003665191429188092,0.24516625,0.0392266,9.77723005
1786685138.636177,81.136,0.0,-1.0,0,0,,,,,,,,,,,,,,,,,,,,,,,,,,,0,0.0,-3,44,True,True,False,"A:1,B:1,ESTOP:0,MODE:1",,,,nan,nan,nan,-1,9998000100000000.0,0.0032513108790823025,-0.01074161908029352,0.27925136779133913,0.9601524463249405,0.0025656340004316645,-0.0012042771838760874,-1.7453292519943296e-05,0.22555294999999997,-0.06864655,9.826263299999999
1786685138.686213,81.186,0.0,-1.0,0,0,,,,,,,,,,,,,,,,,,,,,,,,,,,0,0.0,-3,39,True,True,False,"A:1,B:1,ESTOP:0,MODE:1",,,,nan,nan,nan,-1,9998000100000000.0,0.003253747783885461,-0.010749997997321837,0.2792513414550211,0.9601523519546196,0.00916297857297023,-0.0013788101090755204,0.001239183768915974,0.25497289999999995,-0.0392266,9.738003449999999
1786685138.736208,81.236,0.0,-1.0,0,0,,,,,,,,,,,,,,,,,,,,,,,,,,,0,0.0,-3,42,True,True,False,"A:1,B:1,ESTOP:0,MODE:1",,,,nan,nan,nan,-1,9998000100000000.0,0.0032536539723317507,-0.010750026391218435,0.27924296253445696,0.9601547888457341,0.0027925268031909274,0.007225663103256524,0.0013788101090755204,0.18632634999999997,0.0784532,9.7870367
1786685138.786378,81.286,0.0,-1.0,0,0,,,,,,,,,,,,,,,,,,,,,,,,,,,0,0.0,-3,41,True,True,False,"A:1,B:1,ESTOP:0,MODE:1",,,,nan,nan,nan,-1,9998000100000000.0,0.0032484056449883876,-0.010733381911099424,0.27920949928268857,0.96016472434881,0.000890117918517108,0.001954768762233649,0.000296705972839036,0.22555294999999997,-0.0588399,9.826263299999999
1786685138.836126,81.336,0.0,-1.0,0,0,,,,,,,,,,,,,,,,,,,,,,,,,,,0,0.0,-3,41,True,True,False,"A:1,B:1,ESTOP:0,MODE:1",,,,nan,nan,nan,-1,9998000100000000.0,0.0032845455592526657,-0.010731957355013451,0.2792266057494765,0.9601596427123072,-0.0030019663134302466,-0.004904375198104067,-0.0019722220547535923,0.2353596,-0.00980665,9.747810099999999
1786685138.886212,81.386,0.0,-1.0,0,0,,,,,,,,,,,,,,,,,,,,,,,,,,,0,0.0,-3,43,True,True,False,"A:1,B:1,ESTOP:0,MODE:1",,,,nan,nan,nan,-1,9998000100000000.0,0.0032893251229350402,-0.010748744022856761,0.27921817466294263,0.9601618904018535,0.0031764992386296795,-0.00013962634015954637,-0.0027925268031909274,0.2353596,0.0196133,9.757616749999999
1786685138.936158,81.436,0.0,-1.0,0,0,,,,,,,,,,,,,,,,,,,,,,,,,,,0,0.0,-3,46,True,True,False,"A:1,B:1,ESTOP:0,MODE:1",,,,nan,nan,nan,-1,9998000100000000.0,0.0033093081159629905,-0.010724762739071308,0.27919337055445853,0.9601693026661626,0.0032637657012293962,0.0009075712110370514,-0.004223696789826277,0.26477955,0.0392266,9.757616749999999
1786685138.986225,81.486,0.0,-1.0,0,0,,,,,,,,,,,,,,,,,,,,,,,,,,,0,0.0,-3,41,True,True,False,"A:1,B:1,ESTOP:0,MODE:1",,,,nan,nan,nan,-1,9998000100000000.0,0.0033167110872248974,-0.010749870995666069,0.27920167207930413,0.9601665824268523,0.0029321531433504737,0.007592182246175334,-0.001064650843716541,0.28439285,-0.0588399,9.855683249999998
1786685139.036214,81.536,0.0,-1.0,0,0,,,,,,,,,,,,,,,,,,,,,,,,,,,0,0.0,-3,42,True,True,False,"A:1,B:1,ESTOP:0,MODE:1",,,,nan,nan,nan,-1,9998000100000000.0,0.003324902542589369,-0.010747492533162957,0.2791850077687453,0.9601714262903774,0.00301941960595019,0.001186823891356144,-0.00312413936106985,0.22555294999999997,0.10787314999999999,9.81645665
1786685139.086233,81.586,0.0,-1.0,0,0,,,,,,,,,,,,,,,,,,,,,,,,,,,0,0.0,-3,42,True,True,False,"A:1,B:1,ESTOP:0,MODE:1",,,,nan,nan,nan,-1,9998000100000000.0,0.0033106746085331206,-0.010760715424505574,0.2791931732577409,0.9601689530720428,-0.0018151424220741027,0.002897246558310587,-0.0005235987755982988,0.16671305,0.02941995,9.7870367
1786685139.136264,81.636,0.0,-1.0,0,0,,,,,,,,,,,,,,,,,,,,,,,,,,,0,0.0,-3,40,True,True,False,"A:1,B:1,ESTOP:0,MODE:1",,,,nan,nan,nan,-1,9998000100000000.0,0.0033032850896905835,-0.010799219825097184,0.27915936440720235,0.9601783763564727,-0.0015882496193148398,-0.0062482787221397,-0.005131268000863329,0.21574629999999997,0.08825984999999999,9.7870367
1786685139.186300,81.686,0.0,-1.0,0,0,,,,,,,,,,,,,,,,,,,,,,,,,,,0,0.0,-3,43,True,True,False,"A:1,B:1,ESTOP:0,MODE:1",,,,nan,nan,nan,-1,9998000100000000.0,0.0033201375615869496,-0.01079431860015092,0.2791679319725295,0.9601758823937997,-0.005689773361501515,0.0051836278784231585,-0.004031710572106902,0.22555294999999997,-0.0196133,9.81645665
1786685139.236121,81.736,0.0,-1.0,0,0,,,,,,,,,,,,,,,,,,,,,,,,,,,0,0.0,-3,44,True,True,False,"A:1,B:1,ESTOP:0,MODE:1",,,,nan,nan,nan,-1,9998000100000000.0,0.0033394261852745352,-0.010797796182266974,0.27917647351652775,0.9601732929347883,-0.0032637657012293962,0.00034906585039886593,-0.0015533430342749533,0.18632634999999997,0.0392266,9.81645665
1786685139.286237,81.786,0.0,-1.0,0,0,,,,,,,,,,,,,,,,,,,,,,,,,,,0,0.0,-3,40,True,True,False,"A:1,B:1,ESTOP:0,MODE:1",,,,nan,nan,nan,-1,9998000100000000.0,0.0033994456665875712,-0.010816694933299762,0.2791769363913621,0.9601727350154309,0.006981317007977318,-0.012322024519079966,-0.0021642082724729686,0.1372931,-0.00980665,9.79684335
1786685139.336185,81.836,0.0,-1.0,0,0,,,,,,,,,,,,,,,,,,,,,,,,,,,0,0.0,-3,42,True,True,False,"A:1,B:1,ESTOP:0,MODE:1",,,,nan,nan,nan,-1,9998000100000000.0,0.0033535599073611605,-0.010784603060160484,0.27915992947036417,0.9601782020806782,-0.0005235987755982988,0.002007128639793479,-0.001117010721276371,0.24516625,0.0196133,9.8654899
1786685139.386248,81.886,0.0,-1.0,0,0,,,,,,,,,,,,,,,,,,,,,,,,,,,0,0.0,-3,42,True,True,False,"A:1,B:1,ESTOP:0,MODE:1",,,,nan,nan,nan,-1,9998000100000000.0,0.003329681231371119,-0.010764279762704389,0.27917657704503707,0.9601736730058287,-0.0009948376736367678,-0.000296705972839036,-0.0007155849933176752,0.22555294999999997,-0.00980665,9.81645665
1786685139.436212,81.936,0.0,-1.0,0,0,,,,,,,,,,,,,,,,,,,,,,,,,,,0,0.0,-3,39,True,True,False,"A:1,B:1,ESTOP:0,MODE:1",,,,nan,nan,nan,-1,9998000100000000.0,0.0033272449922608764,-0.01075590065576278,0.2791766028740131,0.9601737678407853,-0.005235987755982988,0.0004537856055185257,0.006754424205218055,0.24516625,0.04903325,9.738003449999999
1786685139.486265,81.986,0.0,-1.0,0,0,,,,,,,,,,,,,,,,,,,,,,,,,,,0,0.0,-3,43,True,True,False,"A:1,B:1,ESTOP:0,MODE:1",,,,nan,nan,nan,-1,9998000100000000.0,0.0033435340801143123,-0.010751174002640316,0.2791348948100691,0.9601858900946169,-0.00020943951023931956,0.003612831551628262,-0.006911503837897545,0.24516625,-0.02941995,9.826263299999999
1786685139.536174,82.036,0.0,-1.0,0,0,,,,,,,,,,,,,,,,,,,,,,,,,,,0,0.0,-3,44,True,True,False,"A:1,B:1,ESTOP:0,MODE:1",,,,nan,nan,nan,-1,9998000100000000.0,0.003331553410561088,-0.010772833323321998,0.27912627624114883,0.9601881944315971,-0.0015882496193148398,-0.006876597252857658,-0.0009773843811168245,0.22555294999999997,0.0,9.77723005
1786685139.586241,82.086,0.0,-1.0,0,0,,,,,,,,,,,,,,,,,,,,,,,,,,,0,0.0,-3,40,True,True,False,"A:1,B:1,ESTOP:0,MODE:1",,,,nan,nan,nan,-1,9998000100000000.0,0.003312265182619931,-0.010769354666387647,0.27911773493405856,0.9601907830971459,-0.0026005405854715507,-0.006056292504420323,0.005323254218582705,0.2745862,0.0196133,9.826263299999999
1786685139.636131,82.136,0.0,-1.0,0,0,,,,,,,,,,,,,,,,,,,,,,,,,,,0,0.0,-3,40,True,True,False,"A:1,B:1,ESTOP:0,MODE:1",,,,nan,nan,nan,-1,9998000100000000.0,0.0032991083326954327,-0.010755003127016782,0.2791260722435119,0.9601885656400294,-0.002478367537831948,-0.003246312408709453,-0.0008552113334772215,0.24516625,-0.0196133,9.7674234
1786685139.686167,82.186,0.0,-1.0,0,0,,,,,,,,,,,,,,,,,,,,,,,,,,,0,0.0,-3,41,True,True,False,"A:1,B:1,ESTOP:0,MODE:1",,,,nan,nan,nan,-1,9998000100000000.0,0.0032810794721091206,-0.01072389338288565,0.27913446176506224,0.9601865365038916,-0.0013962634015954637,-0.01096066770252439,0.0030543261909900766,0.17651969999999997,-0.02941995,9.81645665
1786685139.736142,82.236,0.0,-1.0,0,0,,,,,,,,,,,,,,,,,,,,,,,,,,,0,0.0,-3,45,True,True,False,"A:1,B:1,ESTOP:0,MODE:1",,,,nan,nan,nan,-1,9998000100000000.0,0.0033002737645175958,-0.010727400782712658,0.2791346230249995,0.9601863846640495,0.0067369709126981125,0.007173303225696694,-0.009721483933608416,0.21574629999999997,-0.04903325,9.77723005
1786685139.786211,82.286,0.0,-1.0,0,0,,,,,,,,,,,,,,,,,,,,,,,,,,,0,0.0,-3,43,True,True,False,"A:1,B:1,ESTOP:0,MODE:1",,,,nan,nan,nan,-1,9998000100000000.0,0.003302428577485104,-0.0107358664598265,0.279109459424997,0.9601935975605822,-0.0015707963267948964,0.0005585053606381855,-0.007225663103256524,0.21574629999999997,0.02941995,9.826263299999999
1786685139.836127,82.336,0.0,-1.0,0,0,,,,,,,,,,,,,,,,,,,,,,,,,,,0,0.0,-3,42,True,True,False,"A:1,B:1,ESTOP:0,MODE:1",,,,nan,nan,nan,-1,9998000100000000.0,0.0033265879454717597,-0.010756103885524965,0.2791179486754266,0.9601908199775016,-0.0009424777960769379,-0.008517206749732328,0.002827433388230814,0.21574629999999997,0.0196133,9.836069949999999
1786685139.886143,82.386,0.0,-1.0,0,0,,,,,,,,,,,,,,,,,,,,,,,,,,,0,0.0,-3,40,True,True,False,"A:1,B:1,ESTOP:0,MODE:1",,,,nan,nan,nan,-1,9998000100000000.0,0.0033157729713817934,-0.010750160392377276,0.27911788067513443,0.9601909437130522,0.006579891280018622,0.008848819307611252,0.005026548245743669,0.24516625,-0.0196133,9.845876599999999
1786685139.936139,82.436,0.0,-1.0,0,0,,,,,,,,,,,,,,,,,,,,,,,,,,,0,0.0,-3,41,True,True,False,"A:1,B:1,ESTOP:0,MODE:1",,,,nan,nan,nan,-1,9998000100000000.0,0.0033158667841025192,-0.01075013145639014,0.27912625991121415,0.9601885079134815,-0.011868238913561441,0.007330382858376184,0.0025830872929516074,0.26477955,-0.0,9.7870367
1786685139.986292,82.486,0.0,-1.0,0,0,,,,,,,,,,,,,,,,,,,,,,,,,,,0,0.0,-3,41,True,True,False,"A:1,B:1,ESTOP:0,MODE:1",,,,nan,nan,nan,-1,9998000100000000.0,0.003332719004453729,-0.010745230699438134,0.2791348267082063,0.960186014020113,0.006230825429619756,0.0018151424220741027,0.0013962634015954637,0.20593965,-0.0196133,9.7870367
1786685140.036205,82.536,0.0,-1.0,0,0,,,,,,,,,,,,,,,,,,,,,,,,,,,0,0.0,-3,44,True,True,False,"A:1,B:1,ESTOP:0,MODE:1",,,,nan,nan,nan,-1,9998000100000000.0,0.0033219039266318864,-0.010739287395048258,0.2791347587100738,0.9601861377568508,-0.0012566370614359172,0.003438298626428829,-0.005986479334340551,0.18632634999999997,-0.00980665,9.826263299999999
1786685140.086254,82.586,0.0,-1.0,0,0,,,,,,,,,,,,,,,,,,,,,,,,,,,0,0.0,-3,44,True,True,False,"A:1,B:1,ESTOP:0,MODE:1",,,,nan,nan,nan,-1,9998000100000000.0,0.0033172193207886124,-0.010722471068084898,0.2791515685812705,0.9601814549494215,0.004345869837465881,-0.007853981633974483,0.0030019663134302466,0.28439285,-0.00980665,9.924329799999999
1786685140.136182,82.636,0.0,-1.0,0,0,,,,,,,,,,,,,,,,,,,,,,,,,,,0,0.0,-3,42,True,True,False,"A:1,B:1,ESTOP:0,MODE:1",,,,nan,nan,nan,-1,9998000100000000.0,0.0033376714959068004,-0.010698346289934548,0.2791686584667167,0.9601766845042321,-0.00013962634015954637,-0.001832595714594046,-0.004206243497306334,0.2353596,0.00980665,9.7870367
1786685140.186274,82.686,0.0,-1.0,0,0,,,,,,,,,,,,,,,,,,,,,,,,,,,0,0.0,-3,40,True,True,False,"A:1,B:1,ESTOP:0,MODE:1",,,,nan,nan,nan,-1,9998000100000000.0,0.003331635084173161,-0.01070919070361895,0.27916016040872493,0.960179055323909,-0.006265732014659643,0.0048345620280242935,0.0026354471705114374,0.14709974999999997,-0.00980665,9.826263299999999
1786685140.236148,82.736,0.0,-1.0,0,0,,,,,,,,,,,,,,,,,,,,,,,,,,,0,0.0,-3,40,True,True,False,"A:1,B:1,ESTOP:0,MODE:1",,,,nan,nan,nan,-1,9998000100000000.0,0.0033376714959068004,-0.010698346289934548,0.2791686584667167,0.9601766845042321,0.005532693728822024,0.007138396640656807,0.005462880558742251,0.17651969999999997,0.02941995,9.757616749999999
1786685140.286270,82.786,0.0,-1.0,0,0,,,,,,,,,,,,,,,,,,,,,,,,,,,0,0.0,-3,42,True,True,False,"A:1,B:1,ESTOP:0,MODE:1",,,,nan,nan,nan,-1,9998000100000000.0,0.0033462372963901548,-0.010695851682168604,0.2791855100182861,0.9601717827808618,0.00022689280275926284,0.0021991148575128553,-0.0008028514559173916,0.24516625,-0.0,9.747810099999999
1786685140.336202,82.836,0.0,-1.0,0,0,,,,,,,,,,,,,,,,,,,,,,,,,,,0,0.0,-3,44,True,True,False,"A:1,B:1,ESTOP:0,MODE:1",,,,nan,nan,nan,-1,9998000100000000.0,0.003343011357173942,-0.010714958700484426,0.27921050282036397,0.9601643135682102,0.0026529004630313807,-0.0035779249665883754,0.004433136300065597,0.22555294999999997,-0.00980665,9.77723005
1786685140.386230,82.886,0.0,-1.0,0,0,,,,,,,,,,,,,,,,,,,,,,,,,,,0,0.0,-3,40,True,True,False,"A:1,B:1,ESTOP:0,MODE:1",,,,nan,nan,nan,-1,9998000100000000.0,0.003376527412394289,-0.010705212408797751,0.2792108766728762,0.9601641962901344,0.0004363323129985824,-0.000767944870877505,0.0006981317007977319,0.28439285,0.04903325,9.836069949999999
1786685140.436190,82.936,0.0,-1.0,0,0,,,,,,,,,,,,,,,,,,,,,,,,,,,0,0.0,-3,41,True,True,False,"A:1,B:1,ESTOP:0,MODE:1",,,,nan,nan,nan,-1,9998000100000000.0,0.0034064439963642987,-0.010714690462662905,0.27920272776418686,0.9601663545222912,0.0028448866807507574,-0.0016580627893946131,0.003246312408709453,0.196133,-0.0392266,9.826263299999999
1786685140.486534,82.987,0.0,-1.0,0,0,,,,,,,,,,,,,,,,,,,,,,,,,,,0,0.0,-3,40,True,True,False,"A:1,B:1,ESTOP:0,MODE:1",,,,nan,nan,nan,-1,9998000100000000.0,0.0034028441959741067,-0.010733914754295061,0.279194204925929,0.9601686308462717,0.004590215932745087,-0.001239183768915974,-0.004537856055185257,0.24516625,0.0392266,9.8654899
1786685140.536158,83.036,0.0,-1.0,0,0,,,,,,,,,,,,,,,,,,,,,,,,,,,0,0.0,-3,39,True,True,False,"A:1,B:1,ESTOP:0,MODE:1",,,,nan,nan,nan,-1,9998000100000000.0,0.0034075293163512463,-0.010750732360566001,0.279177396416398,0.9601733134324403,-0.009040805525330627,-0.001413716694115407,-0.001308996938995747,0.24516625,-0.02941995,9.757616749999999
1786685140.586242,83.086,0.0,-1.0,0,0,,,,,,,,,,,,,,,,,,,,,,,,,,,0,0.0,-3,43,True,True,False,"A:1,B:1,ESTOP:0,MODE:1",,,,nan,nan,nan,-1,9998000100000000.0,0.00339662022503537,-0.010744819176145106,0.2791689487486203,0.9601758744555652,-0.006003932626860493,0.0032637657012293962,-0.009704030641088473,0.21574629999999997,0.0392266,9.7674234
1786685140.636137,83.136,0.0,-1.0,0,0,,,,,,,,,,,,,,,,,,,,,,,,,,,0,0.0,-3,43,True,True,False,"A:1,B:1,ESTOP:0,MODE:1",,,,nan,nan,nan,-1,9998000100000000.0,0.003389888938180974,-0.010783119358420475,0.2791937966448792,0.960168244061897,-0.0021467549799530253,0.005044001538263612,0.0004886921905584122,0.26477955,0.08825984999999999,9.77723005
1786685140.686255,83.186,0.0,-1.0,0,0,,,,,,,,,,,,,,,,,,,,,,,,,,,0,0.0,-3,40,True,True,False,"A:1,B:1,ESTOP:0,MODE:1",,,,nan,nan,nan,-1,9998000100000000.0,0.0033683520747674516,-0.010771204688879323,0.27920203866670634,0.9601660569704626,-0.0019373154697137059,-0.0035953782591083188,0.00312413936106985,0.21574629999999997,0.00980665,9.7870367
1786685140.736387,83.236,0.0,-1.0,0,0,,,,,,,,,,,,,,,,,,,,,,,,,,,0,0.0,-3,41,True,True,False,"A:1,B:1,ESTOP:0,MODE:1",,,,nan,nan,nan,-1,9998000100000000.0,0.003377707038836892,-0.01074122403780844,0.2791939238170195,0.9601687196034798,-0.00471238898038469,0.0024609142453120045,-0.004206243497306334,0.20593965,0.0392266,9.79684335
1786685140.786280,83.286,0.0,-1.0,0,0,,,,,,,,,,,,,,,,,,,,,,,,,,,0,0.0,-3,41,True,True,False,"A:1,B:1,ESTOP:0,MODE:1",,,,nan,nan,nan,-1,9998000100000000.0,0.003392216002787421,-0.010727912912225846,0.27921089453225384,0.9601638824334296,0.00486946861306418,0.0021642082724729686,0.0006981317007977319,0.26477955,0.0196133,9.7870367
1786685140.836129,83.336,0.0,-1.0,0,0,,,,,,,,,,,,,,,,,,,,,,,,,,,0,0.0,-3,38,True,True,False,"A:1,B:1,ESTOP:0,MODE:1",,,,nan,nan,nan,-1,9998000100000000.0,0.0034139407925426117,-0.010739768018383857,0.2792194105439813,0.9601611964491421,0.0009948376736367678,0.000593411945678072,0.0015707963267948964,0.24516625,-0.0196133,9.7870367
1786685140.886151,83.386,0.0,-1.0,0,0,,,,,,,,,,,,,,,,,,,,,,,,,,,0,0.0,-3,42,True,True,False,"A:1,B:1,ESTOP:0,MODE:1",,,,nan,nan,nan,-1,9998000100000000.0,0.0034246626007230388,-0.010745740257434607,0.2792111002087993,0.9601635080925451,-0.005462880558742251,0.0020245819323134223,-0.015376350710070043,0.2353596,0.0196133,9.8654899
1786685140.936142,83.436,0.0,-1.0,0,0,,,,,,,,,,,,,,,,,,,,,,,,,,,0,0.0,-3,42,True,True,False,"A:1,B:1,ESTOP:0,MODE:1",,,,nan,nan,nan,-1,9998000100000000.0,0.003403031537609905,-0.010733855361825043,0.279210962987387,0.9601637578419014,-0.0056199601914217415,-0.0027401669256310974,-0.007696902001294993,0.24516625,-0.0392266,9.7870367
1786685140.986273,83.486,0.0,-1.0,0,0,,,,,,,,,,,,,,,,,,,,,,,,,,,0,0.0,-3,40,True,True,False,"A:1,B:1,ESTOP:0,MODE:1",,,,nan,nan,nan,-1,9998000100000000.0,0.003417353033282848,-0.010720603184424745,0.27921117529267303,0.9601637932963794,-0.00022689280275926284,0.0037699111843077517,-0.006754424205218055,0.196133,0.0392266,9.836069949999999
1786685141.036216,83.536,0.0,-1.0,0,0,,,,,,,,,,,,,,,,,,,,,,,,,,,0,0.0,-3,41,True,True,False,"A:1,B:1,ESTOP:0,MODE:1",,,,nan,nan,nan,-1,9998000100000000.0,0.0034233889811533715,-0.010709757706373073,0.27921967274897597,0.9601614217660014,0.004101523742186674,0.0046251225177849735,-0.002478367537831948,0.2353596,-0.0784532,9.826263299999999
1786685141.086311,83.586,0.0,-1.0,0,0,,,,,,,,,,,,,,,,,,,,,,,,,,,0,0.0,-3,42,True,True,False,"A:1,B:1,ESTOP:0,MODE:1",,,,nan,nan,nan,-1,9998000100000000.0,0.0034245514046534415,-0.010682154149894131,0.279228219571754,0.960159239618712,0.0035779249665883754,0.006021385919380436,0.0002443460952792061,0.17651969999999997,-0.06864655,9.845876599999999
1786685141.136232,83.636,0.0,-1.0,0,0,,,,,,,,,,,,,,,,,,,,,,,,,,,0,0.0,-3,39,True,True,False,"A:1,B:1,ESTOP:0,MODE:1",,,,nan,nan,nan,-1,9998000100000000.0,0.0034160791937106762,-0.010684620686706918,0.2792197473608113,0.9601617061555247,0.00019198621771937625,-0.003787364476827695,0.0007155849933176752,0.25497289999999995,-0.0,9.71839015
1786685141.186226,83.686,0.0,-1.0,0,0,,,,,,,,,,,,,,,,,,,,,,,,,,,0,0.0,-3,44,True,True,False,"A:1,B:1,ESTOP:0,MODE:1",,,,nan,nan,nan,-1,9998000100000000.0,0.0033931920602594205,-0.010700368869656422,0.2792026844481452,0.9601665737519949,0.0028797932657906437,-0.0037175513067479217,0.004363323129985824,0.22555294999999997,0.02941995,9.80665
1786685141.236119,83.736,0.0,-1.0,0,0,,,,,,,,,,,,,,,,,,,,,,,,,,,0,0.0,-3,43,True,True,False,"A:1,B:1,ESTOP:0,MODE:1",,,,nan,nan,nan,-1,9998000100000000.0,0.003390382385029798,-0.010692108173599562,0.27916919320564637,0.9601764138401838,0.0016755160819145565,0.0005585053606381855,-0.0018675022996339325,0.22555294999999997,0.00980665,9.826263299999999
1786685141.286255,83.786,0.0,-1.0,0,0,,,,,,,,,,,,,,,,,,,,,,,,,,,0,0.0,-3,41,True,True,False,"A:1,B:1,ESTOP:0,MODE:1",,,,nan,nan,nan,-1,9998000100000000.0,0.0034121063502619126,-0.010703964243170022,0.2791777090264476,0.9601737287920762,0.001710422666954443,0.0016929693744344998,0.006998770300497262,0.196133,-0.02941995,9.8654899
1786685141.336171,83.836,0.0,-1.0,0,0,,,,,,,,,,,,,,,,,,,,,,,,,,,0,0.0,-3,40,True,True,False,"A:1,B:1,ESTOP:0,MODE:1",,,,nan,nan,nan,-1,9998000100000000.0,0.003402656853301742,-0.010733974143495341,0.2791774467794235,0.9601735035581578,-0.009913470151327791,0.001762782544514273,0.0012566370614359172,0.25497289999999995,0.00980665,9.7674234
1786685141.386218,83.886,0.0,-1.0,0,0,,,,,,,,,,,,,,,,,,,,,,,,,,,0,0.0,-3,43,True,True,False,"A:1,B:1,ESTOP:0,MODE:1",,,,nan,nan,nan,-1,9998000100000000.0,0.0034063648598947035,-0.010778335687892928,0.2791688475633214,0.9601754937033165,-0.0037699111843077517,-0.005218534463463045,-0.0004363323129985824,0.16671305,0.0196133,9.79684335
1786685141.436157,83.936,0.0,-1.0,0,0,,,,,,,,,,,,,,,,,,,,,,,,,,,0,0.0,-3,39,True,True,False,"A:1,B:1,ESTOP:0,MODE:1",,,,nan,nan,nan,-1,9998000100000000.0,0.0033905834088885233,-0.010755664102175164,0.2791604505089352,0.9601782451740495,-0.01228711793404008,0.004886921905584123,-0.0025132741228718345,0.20593965,-0.0,9.826263299999999
1786685141.486225,83.986,0.0,-1.0,0,0,,,,,,,,,,,,,,,,,,,,,,,,,,,0,0.0,-3,45,True,True,False,"A:1,B:1,ESTOP:0,MODE:1",,,,nan,nan,nan,-1,9998000100000000.0,0.0033704122486508457,-0.010779701386624266,0.2791684967790521,0.9601757072356152,0.004258603374866164,-0.0028623399732707008,-0.003193952531149623,0.20593965,0.00980665,9.757616749999999
1786685141.536215,84.036,0.0,-1.0,0,0,,,,,,,,,,,,,,,,,,,,,,,,,,,0,0.0,-3,42,True,True,False,"A:1,B:1,ESTOP:0,MODE:1",,,,nan,nan,nan,-1,9998000100000000.0,0.00333075161162713,-0.0107367061631064,0.2791767481742506,0.9601739282616039,-0.0016057029118347831,0.0056374134839416844,-0.005445427266222308,0.18632634999999997,0.0196133,9.855683249999998
1786685141.586474,84.086,0.0,-1.0,0,0,,,,,,,,,,,,,,,,,,,,,,,,,,,0,0.0,-3,41,True,True,False,"A:1,B:1,ESTOP:0,MODE:1",,,,nan,nan,nan,-1,9998000100000000.0,0.003294705266896083,-0.010738100906881203,0.27916802009629405,0.960176574730728,-0.008726646259971648,0.007155849933176751,0.0033859387488689996,0.21574629999999997,0.0980665,9.81645665
1786685141.636158,84.136,0.0,-1.0,0,0,,,,,,,,,,,,,,,,,,,,,,,,,,,0,0.0,-3,40,True,True,False,"A:1,B:1,ESTOP:0,MODE:1",,,,nan,nan,nan,-1,9998000100000000.0,0.0032804770177644613,-0.010751323808734033,0.2791761856189413,0.9601741013431648,-0.0032637657012293962,0.008220500776893291,0.006928957130417489,0.22555294999999997,0.00980665,9.71839015
1786685141.686271,84.186,0.0,-1.0,0,0,,,,,,,,,,,,,,,,,,,,,,,,,,,0,0.0,-3,43,True,True,False,"A:1,B:1,ESTOP:0,MODE:1",,,,nan,nan,nan,-1,9998000100000000.0,0.003290410221718231,-0.010784782806749863,0.27919283903345643,0.9601688498867388,-0.0008726646259971648,0.0010471975511965976,0.005969026041820607,0.25497289999999995,-0.02941995,9.81645665
1786685141.736272,84.236,0.0,-1.0,0,0,,,,,,,,,,,,,,,,,,,,,,,,,,,0,0.0,-3,38,True,True,False,"A:1,B:1,ESTOP:0,MODE:1",,,,nan,nan,nan,-1,9998000100000000.0,0.003298977462438778,-0.010782288812818246,0.2792096912025895,0.9601639481537587,-0.005166174585903215,-0.0014486232791552935,0.003961897402027128,0.25497289999999995,-0.06864655,9.77723005
1786685141.786251,84.286,0.0,-1.0,0,0,,,,,,,,,,,,,,,,,,,,,,,,,,,0,0.0,-3,46,True,True,False,"A:1,B:1,ESTOP:0,MODE:1",,,,nan,nan,nan,-1,9998000100000000.0,0.0032605883397567735,-0.010775277023754743,0.27920936751537173,0.960164252125857,0.003996803987067015,-0.0004537856055185257,0.004433136300065597,0.24516625,0.0196133,9.81645665
1786685141.836169,84.336,0.0,-1.0,0,0,,,,,,,,,,,,,,,,,,,,,,,,,,,0,0.0,-3,41,True,True,False,"A:1,B:1,ESTOP:0,MODE:1",,,,nan,nan,nan,-1,9998000100000000.0,0.0032663429399881773,-0.010764518450917552,0.2791927297884011,0.9601691912260146,0.006981317007977318,0.0016580627893946131,0.00773180858633488,0.2745862,-0.06864655,9.7281968
1786685141.886298,84.386,0.0,-1.0,0,0,,,,,,,,,,,,,,,,,,,,,,,,,,,0,0.0,-3,41,True,True,False,"A:1,B:1,ESTOP:0,MODE:1",,,,nan,nan,nan,-1,9998000100000000.0,0.0033060984392197213,-0.01080748357234346,0.27919285457710696,0.9601685362294632,0.0038746309394274117,0.0009075712110370514,-0.006475171524898963,0.18632634999999997,0.06864655,9.7870367
1786685141.936304,84.436,0.0,-1.0,0,0,,,,,,,,,,,,,,,,,,,,,,,,,,,0,0.0,-3,38,True,True,False,"A:1,B:1,ESTOP:0,MODE:1",,,,nan,nan,nan,-1,9998000100000000.0,0.003325292926790866,-0.010810989795998108,0.2791930170775734,0.9601683832233301,-0.0004014257279586958,-0.0008203047484373349,-0.0004886921905584122,0.2745862,0.0392266,9.80665
1786685141.986149,84.486,0.0,-1.0,0,0,,,,,,,,,,,,,,,,,,,,,,,,,,,0,0.0,-3,42,True,True,False,"A:1,B:1,ESTOP:0,MODE:1",,,,nan,nan,nan,-1,9998000100000000.0,0.0032807725303503747,-0.010814850082409433,0.2791758133958121,0.9601734951372516,-0.005969026041820607,0.005585053606381855,0.0016755160819145565,0.25497289999999995,-0.02941995,9.79684335
1786685142.036147,84.536,0.0,-1.0,0,0,,,,,,,,,,,,,,,,,,,,,,,,,,,0,0.0,-3,36,True,True,False,"A:1,B:1,ESTOP:0,MODE:1",,,,nan,nan,nan,-1,9998000100000000.0,0.0032891516246656093,-0.010812413813429822,0.2791759077625529,0.9601734664705497,0.0032288591161895096,-0.0033859387488689996,-0.006387905062299246,0.18632634999999997,-0.0,9.7870367
1786685142.086129,84.586,0.0,-1.0,0,0,,,,,,,,,,,,,,,,,,,,,,,,,,,0,0.0,-3,45,True,True,False,"A:1,B:1,ESTOP:0,MODE:1",,,,nan,nan,nan,-1,9998000100000000.0,0.0032592361231302677,-0.010802935972089636,0.2791840568074759,0.9601713057464261,-0.0032812189937493396,-0.004031710572106902,0.0012042771838760874,0.17651969999999997,-0.06864655,9.826263299999999
1786685142.136269,84.636,0.0,-1.0,0,0,,,,,,,,,,,,,,,,,,,,,,,,,,,0,0.0,-3,40,True,True,False,"A:1,B:1,ESTOP:0,MODE:1",,,,nan,nan,nan,-1,9998000100000000.0,0.003265273058885081,-0.010792092054486828,0.27919255659282494,0.9601689357004323,0.0010995574287564276,0.00010471975511965978,-0.0011693705988362008,0.14709974999999997,0.0196133,9.80665
1786685142.186463,84.686,0.0,-1.0,0,0,,,,,,,,,,,,,,,,,,,,,,,,,,,0,0.0,-3,41,True,True,False,"A:1,B:1,ESTOP:0,MODE:1",,,,nan,nan,nan,-1,9998000100000000.0,0.0032938225508172183,-0.01076561700742298,0.2791846063393662,0.9601714470898343,-0.004363323129985824,-0.004677482395344803,0.00471238898038469,0.16671305,0.0196133,9.80665
1786685142.236133,84.736,0.0,-1.0,0,0,,,,,,,,,,,,,,,,,,,,,,,,,,,0,0.0,-3,38,True,True,False,"A:1,B:1,ESTOP:0,MODE:1",,,,nan,nan,nan,-1,9998000100000000.0,0.00329644690756109,-0.010773938559986151,0.27920133832603594,0.9601664795037586,0.004677482395344803,-0.0028623399732707008,0.0019198621771937625,0.20593965,-0.0588399,9.757616749999999
1786685142.286244,84.786,0.0,-1.0,0,0,,,,,,,,,,,,,,,,,,,,,,,,,,,0,0.0,-3,43,True,True,False,"A:1,B:1,ESTOP:0,MODE:1",,,,nan,nan,nan,-1,9998000100000000.0,0.0032914801095106053,-0.010757209198655788,0.27919301150715725,0.9601691053843115,0.002408554367752175,-0.000296705972839036,0.0036477381366681488,0.196133,-0.00980665,9.8654899
1786685142.336243,84.836,0.0,-1.0,0,0,,,,,,,,,,,,,,,,,,,,,,,,,,,0,0.0,-3,37,True,True,False,"A:1,B:1,ESTOP:0,MODE:1",,,,nan,nan,nan,-1,9998000100000000.0,0.0033156414333691837,-0.010777444617601587,0.2792015003252493,0.9601663269587878,-0.0010471975511965976,0.0015533430342749533,0.005044001538263612,0.1569064,0.06864655,9.81645665
1786685142.386328,84.886,0.0,-1.0,0,0,,,,,,,,,,,,,,,,,,,,,,,,,,,0,0.0,-3,47,True,True,False,"A:1,B:1,ESTOP:0,MODE:1",,,,nan,nan,nan,-1,9998000100000000.0,0.003293129173894234,-0.010793075658171345,0.2792179498582399,0.9601614454325078,-0.015865042900628457,0.0023038346126325153,0.0068591439603377154,0.18632634999999997,0.02941995,9.826263299999999
1786685142.436149,84.936,0.0,-1.0,0,0,,,,,,,,,,,,,,,,,,,,,,,,,,,0,0.0,-3,39,True,True,False,"A:1,B:1,ESTOP:0,MODE:1",,,,nan,nan,nan,-1,9998000100000000.0,0.0032919494781743046,-0.010757065570502794,0.27923490652203403,0.960156922377054,0.001117010721276371,0.0019896753472735357,-0.0038571776469074684,0.17651969999999997,0.04903325,9.826263299999999
1786685142.486345,84.986,0.0,-1.0,0,0,,,,,,,,,,,,,,,,,,,,,,,,,,,0,0.0,-3,42,True,True,False,"A:1,B:1,ESTOP:0,MODE:1",,,,nan,nan,nan,-1,9998000100000000.0,0.003306270624188231,-0.01074381304106863,0.2792351201641958,0.9601569594200656,0.00481710873550435,-0.001780235837034216,-0.000767944870877505,0.17651969999999997,0.06864655,9.7870367
1786685142.536236,85.036,0.0,-1.0,0,0,,,,,,,,,,,,,,,,,,,,,,,,,,,0,0.0,-3,38,True,True,False,"A:1,B:1,ESTOP:0,MODE:1",,,,nan,nan,nan,-1,9998000100000000.0,0.0033087073773033567,-0.010752192000359338,0.27923509422571624,0.9601568647754566,-0.0019024088846738192,0.0010297442586766543,-0.008936085770210968,0.21574629999999997,0.02941995,9.738003449999999
1786685142.586249,85.086,0.0,-1.0,0,0,,,,,,,,,,,,,,,,,,,,,,,,,,,0,0.0,-3,44,True,True,False,"A:1,B:1,ESTOP:0,MODE:1",,,,nan,nan,nan,-1,9998000100000000.0,0.0033306205793087644,-0.010763989152214774,0.2792603669418296,0.96014930659747,0.004747295565424576,-0.0008203047484373349,0.010873401239924673,0.30400615,-0.0392266,9.845876599999999
1786685142.636171,85.136,0.0,-1.0,0,0,,,,,,,,,,,,,,,,,,,,,,,,,,,0,0.0,-3,37,True,True,False,"A:1,B:1,ESTOP:0,MODE:1",,,,nan,nan,nan,-1,9998000100000000.0,0.003330714512707621,-0.010763960086657288,0.2792687458145516,0.9601468695544735,-0.0020245819323134223,-0.004328416544945937,-0.0022514747350726853,0.21574629999999997,0.0784532,9.738003449999999
1786685142.686354,85.186,0.0,-1.0,0,0,,,,,,,,,,,,,,,,,,,,,,,,,,,0,0.0,-3,48,True,True,False,"A:1,B:1,ESTOP:0,MODE:1",,,,nan,nan,nan,-1,9998000100000000.0,0.0033367501708190146,-0.010753115015196319,0.2792772443541779,0.9601444981885301,0.00017453292519943296,-0.00027925268031909274,0.003909537524467298,0.24516625,0.02941995,9.747810099999999
1786685142.736214,85.236,0.0,-1.0,0,0,,,,,,,,,,,,,,,,,,,,,,,,,,,0,0.0,-3,39,True,True,False,"A:1,B:1,ESTOP:0,MODE:1",,,,nan,nan,nan,-1,9998000100000000.0,0.003313956788024733,-0.010768834244129976,0.2792685579054725,0.9601469275401695,-0.0008028514559173916,-0.0025656340004316645,-0.00778416846389471,0.20593965,-0.02941995,9.826263299999999
1786685142.786239,85.286,0.0,-1.0,0,0,,,,,,,,,,,,,,,,,,,,,,,,,,,0,0.0,-3,43,True,True,False,"A:1,B:1,ESTOP:0,MODE:1",,,,nan,nan,nan,-1,9998000100000000.0,0.003330714512707621,-0.010763960086657288,0.2792687458145516,0.9601468695544735,-0.001954768762233649,0.007382742735936014,-0.004694935687864747,0.21574629999999997,-0.06864655,9.81645665
1786685142.836148,85.336,0.0,-1.0,0,0,,,,,,,,,,,,,,,,,,,,,,,,,,,0,0.0,-3,38,True,True,False,"A:1,B:1,ESTOP:0,MODE:1",,,,nan,nan,nan,-1,9998000100000000.0,0.0033380256414916117,-0.010789096700858914,0.27926866817270807,0.9601465846183269,-0.00486946861306418,0.005881759579220891,-0.001308996938995747,0.20593965,0.0196133,9.8654899
1786685142.886250,85.386,0.0,-1.0,0,0,,,,,,,,,,,,,,,,,,,,,,,,,,,0,0.0,-3,45,True,True,False,"A:1,B:1,ESTOP:0,MODE:1",,,,nan,nan,nan,-1,9998000100000000.0,0.0033332455621540814,-0.010772309871233664,0.27927709880583074,0.9601443375329872,0.0032812189937493396,-0.00783652834145454,-0.0003316125578789226,0.1372931,-0.00980665,9.826263299999999
1786685142.936238,85.436,0.0,-1.0,0,0,,,,,,,,,,,,,,,,,,,,,,,,,,,0,0.0,-3,41,True,True,False,"A:1,B:1,ESTOP:0,MODE:1",,,,nan,nan,nan,-1,9998000100000000.0,0.0033381197939948803,-0.010789067570679116,0.2792770470216759,0.9601441475028887,-0.0027925268031909274,0.000767944870877505,0.007958701389094143,0.17651969999999997,0.04903325,9.79684335
1786685142.986248,85.486,0.0,-1.0,0,0,,,,,,,,,,,,,,,,,,,,,,,,,,,0,0.0,-3,49,True,True,False,"A:1,B:1,ESTOP:0,MODE:1",,,,nan,nan,nan,-1,9998000100000000.0,0.0033456198828072407,-0.010814145723248058,0.2792937268150784,0.9601389874604721,-0.004956735075663896,-0.0045029494701453706,-0.0046251225177849735,0.20593965,0.0,9.845876599999999
1786685143.036242,85.536,0.0,-1.0,0,0,,,,,,,,,,,,,,,,,,,,,,,,,,,0,0.0,-3,39,True,True,False,"A:1,B:1,ESTOP:0,MODE:1",,,,nan,nan,nan,-1,9998000100000000.0,0.00333724108937598,-0.010816583020392798,0.27929363243321936,0.960139016619954,-0.0008203047484373349,0.00952949771588904,0.0038048177693476384,0.1569064,-0.0392266,9.81645665
1786685143.086275,85.586,0.0,-1.0,0,0,,,,,,,,,,,,,,,,,,,,,,,,,,,0,0.0,-3,43,True,True,False,"A:1,B:1,ESTOP:0,MODE:1",,,,nan,nan,nan,-1,9998000100000000.0,0.0033229207652604197,-0.010829836415012542,0.27929341739688823,0.960138979439737,-0.0064053583548191895,0.0018500490071139892,0.00012217304763960306,0.17651969999999997,0.00980665,9.855683249999998
1786685143.136170,85.636,0.0,-1.0,0,0,,,,,,,,,,,,,,,,,,,,,,,,,,,0,0.0,-3,38,True,True,False,"A:1,B:1,ESTOP:0,MODE:1",,,,nan,nan,nan,-1,9998000100000000.0,0.003342210151416727,-0.010833311460210791,0.2793019590680751,0.9601363885692724,-0.009285151620609835,0.003961897402027128,-0.001780235837034216,0.22555294999999997,-0.0392266,9.79684335
1786685143.186249,85.686,0.0,-1.0,0,0,,,,,,,,,,,,,,,,,,,,,,,,,,,0,0.0,-3,46,True,True,False,"A:1,B:1,ESTOP:0,MODE:1",,,,nan,nan,nan,-1,9998000100000000.0,0.0033564359361650973,-0.010820087228991162,0.2792937952593387,0.9601388628629706,-0.0026878070480712674,0.006702064327658226,-0.00012217304763960306,0.21574629999999997,0.0392266,9.738003449999999
1786685143.236179,85.736,0.0,-1.0,0,0,,,,,,,,,,,,,,,,,,,,,,,,,,,0,0.0,-3,40,True,True,False,"A:1,B:1,ESTOP:0,MODE:1",,,,nan,nan,nan,-1,9998000100000000.0,0.003339678351221421,-0.010824961823650588,0.2792936063706523,0.9601389212975913,0.0030892327760299633,0.003403392041388943,-0.0014835298641951802,0.21574629999999997,0.04903325,9.738003449999999
1786685143.286405,85.786,0.0,-1.0,0,0,,,,,,,,,,,,,,,,,,,,,,,,,,,0,0.0,-3,50,True,True,False,"A:1,B:1,ESTOP:0,MODE:1",,,,nan,nan,nan,-1,9998000100000000.0,0.003342210151416727,-0.010833311460210791,0.2793019590680751,0.9601363885692724,0.0004886921905584122,-0.0005235987755982988,0.005288347633542819,0.1569064,0.04903325,9.7870367
1786685143.336218,85.836,0.0,-1.0,0,0,,,,,,,,,,,,,,,,,,,,,,,,,,,0,0.0,-3,39,True,True,False,"A:1,B:1,ESTOP:0,MODE:1",,,,nan,nan,nan,-1,9998000100000000.0,0.003344742097340297,-0.010841661052581476,0.2793103117212921,0.9601338556951723,0.0009773843811168245,-0.005899212871740834,0.0032812189937493396,0.16671305,-0.0196133,9.7870367
1786685143.386242,85.886,0.0,-1.0,0,0,,,,,,,,,,,,,,,,,,,,,,,,,,,0,0.0,-3,43,True,True,False,"A:1,B:1,ESTOP:0,MODE:1",,,,nan,nan,nan,-1,9998000100000000.0,0.003319511175354987,-0.010849002344339605,0.27930164903163407,0.9601363803345331,-0.0016057029118347831,0.010611601852125523,0.0029321531433504737,0.24516625,0.00980665,9.845876599999999
1786685143.436206,85.936,0.0,-1.0,0,0,,,,,,,,,,,,,,,,,,,,,,,,,,,0,0.0,-3,37,True,True,False,"A:1,B:1,ESTOP:0,MODE:1",,,,nan,nan,nan,-1,9998000100000000.0,0.003325547190550206,-0.010838157176892278,0.27931014870907805,0.9601340093513016,0.0024434609527920616,-0.0037699111843077517,0.003909537524467298,0.196133,0.02941995,9.894909849999998
1786685143.486216,85.986,0.0,-1.0,0,0,,,,,,,,,,,,,,,,,,,,,,,,,,,0,0.0,-3,47,True,True,False,"A:1,B:1,ESTOP:0,MODE:1",,,,nan,nan,nan,-1,9998000100000000.0,0.0033087896903209934,-0.010843032056970493,0.2793099595050091,0.9601340672468126,-0.004136430327226561,-0.0006806784082777885,-0.0010821041362364843,0.16671305,0.0980665,9.7674234
1786685143.536234,86.036,0.0,-1.0,0,0,,,,,,,,,,,,,,,,,,,,,,,,,,,0,0.0,-3,40,True,True,False,"A:1,B:1,ESTOP:0,MODE:1",,,,nan,nan,nan,-1,9998000100000000.0,0.0033004109398280996,-0.010845469495771077,0.27930986487106857,0.9601340960848905,-0.00307177948351002,-0.005253441048502932,0.0009599310885968813,0.2353596,-0.0196133,9.7870367
1786685143.586271,86.086,0.0,-1.0,0,0,,,,,,,,,,,,,,,,,,,,,,,,,,,0,0.0,-3,42,True,True,False,"A:1,B:1,ESTOP:0,MODE:1",,,,nan,nan,nan,-1,9998000100000000.0,0.0033042927740153825,-0.010826159203207881,0.2793435270776363,0.9601245074499434,0.002356194490192345,-0.0026005405854715507,0.0064053583548191895,0.17651969999999997,0.00980665,9.747810099999999
1786685143.636174,86.136,0.0,-1.0,0,0,,,,,,,,,,,,,,,,,,,,,,,,,,,0,0.0,-3,38,True,True,False,"A:1,B:1,ESTOP:0,MODE:1",,,,nan,nan,nan,-1,9998000100000000.0,0.003331583017872216,-0.010827311902814865,0.2793186481776315,0.9601316381891469,-0.0017278759594743863,-0.0022689280275926286,-0.002356194490192345,0.29419949999999995,0.04903325,9.8654899
1786685143.686267,86.186,0.0,-1.0,0,0,,,,,,,,,,,,,,,,,,,,,,,,,,,0,0.0,-3,45,True,True,False,"A:1,B:1,ESTOP:0,MODE:1",,,,nan,nan,nan,-1,9998000100000000.0,0.0033531208457337064,-0.010839223609881533,0.2793104063219976,0.960133826470232,0.0015009831567151233,-0.006161012259539983,0.0006981317007977319,0.26477955,-0.0588399,9.855683249999998
1786685143.736202,86.236,0.0,-1.0,0,0,,,,,,,,,,,,,,,,,,,,,,,,,,,0,0.0,-3,37,True,True,False,"A:1,B:1,ESTOP:0,MODE:1",,,,nan,nan,nan,-1,9998000100000000.0,0.0033702565298157163,-0.010834231084459918,0.2793441102804395,0.9601240174369983,0.0009599310885968813,-0.0057246799465414016,0.003525565089028546,0.1569064,-0.0,9.747810099999999
1786685143.786349,86.286,0.0,-1.0,0,0,,,,,,,,,,,,,,,,,,,,,,,,,,,0,0.0,-3,64,True,True,False,"A:1,B:1,ESTOP:0,MODE:1",,,,nan,nan,nan,-1,9998000100000000.0,0.0033896407038842094,-0.01083767512388832,0.2793610308451937,0.960118987198419,-0.0024434609527920616,0.002827433388230814,-0.006719517620178169,0.12748644999999997,-0.00980665,9.738003449999999
1786685143.836335,86.336,0.0,-1.0,0,0,,,,,,,,,,,,,,,,,,,,,,,,,,,0,0.0,-3,40,True,True,False,"A:1,B:1,ESTOP:0,MODE:1",,,,nan,nan,nan,-1,9998000100000000.0,0.0033921731950269066,-0.010846024152922165,0.27936938366375674,0.9601164535578076,-0.000296705972839036,-0.006544984694978736,-0.004153883619746504,0.16671305,0.02941995,9.80665
1786685143.886271,86.386,0.0,-1.0,0,0,,,,,,,,,,,,,,,,,,,,,,,,,,,0,0.0,-3,65,True,True,False,"A:1,B:1,ESTOP:0,MODE:1",,,,nan,nan,nan,-1,9998000100000000.0,0.0033754160011939447,-0.010850900066844174,0.27936919432237417,0.9601165126161646,0.0035953782591083188,-0.0062482787221397,-0.0033161255787892262,0.20593965,-0.02941995,9.747810099999999
1786685143.936139,86.436,0.0,-1.0,0,0,,,,,,,,,,,,,,,,,,,,,,,,,,,0,0.0,-3,38,True,True,False,"A:1,B:1,ESTOP:0,MODE:1",,,,nan,nan,nan,-1,9998000100000000.0,0.003351439566440655,-0.01083061090235839,0.2793774616677274,0.9601144200731554,-0.00013962634015954637,0.0019198621771937625,0.004363323129985824,0.20593965,-0.0392266,9.79684335
1786685143.986115,86.486,0.0,-1.0,0,0,,,,,,,,,,,,,,,,,,,,,,,,,,,0,0.0,-3,66,True,True,False,"A:1,B:1,ESTOP:0,MODE:1",,,,nan,nan,nan,-1,9998000100000000.0,0.0033404340679831137,-0.010824728643738256,0.27936063603178896,0.9601194205857629,0.0011693705988362008,-0.010454522219446033,0.005340707511102648,0.22555294999999997,-0.0588399,9.845876599999999
1786685144.036211,86.536,0.0,-1.0,0,0,,,,,,,,,,,,,,,,,,,,,,,,,,,0,0.0,-3,37,True,True,False,"A:1,B:1,ESTOP:0,MODE:1",,,,nan,nan,nan,-1,9998000100000000.0,0.0033371204014535963,-0.010843865545927648,0.2793772464088016,0.9601143829755306,0.0027925268031909274,0.010663961729685353,0.0011519173063162576,0.2745862,-0.00980665,9.77723005
1786685144.086519,86.587,0.0,-1.0,0,0,,,,,,,,,,,,,,,,,,,,,,,,,,,0,0.0,-3,64,True,True,False,"A:1,B:1,ESTOP:0,MODE:1",,,,nan,nan,nan,-1,9998000100000000.0,0.003332338898720114,-0.01082707928805769,0.2793856773302503,0.9601121357290886,-0.0010471975511965976,-0.0014486232791552935,-0.0022689280275926286,0.26477955,0.00980665,9.826263299999999
1786685144.136266,86.636,0.0,-1.0,0,0,,,,,,,,,,,,,,,,,,,,,,,,,,,0,0.0,-3,40,True,True,False,"A:1,B:1,ESTOP:0,MODE:1",,,,nan,nan,nan,-1,9998000100000000.0,0.003332433382684203,-0.010827050207502638,0.2793940558785904,0.960109697592554,-0.006387905062299246,0.007539822368615503,0.0026005405854715507,0.20593965,-0.0196133,9.81645665
1786685144.186236,86.686,0.0,-1.0,0,0,,,,,,,,,,,,,,,,,,,,,,,,,,,0,0.0,-3,65,True,True,False,"A:1,B:1,ESTOP:0,MODE:1",,,,nan,nan,nan,-1,9998000100000000.0,0.0033373096621027343,-0.010843807300537495,0.27939400352342786,0.9601095067764922,-0.00013962634015954637,0.0026005405854715507,-0.001780235837034216,0.26477955,0.0784532,9.826263299999999
1786685144.236145,86.736,0.0,-1.0,0,0,,,,,,,,,,,,,,,,,,,,,,,,,,,0,0.0,-3,38,True,True,False,"A:1,B:1,ESTOP:0,MODE:1",,,,nan,nan,nan,-1,9998000100000000.0,0.0033252132260142234,-0.010801885544219734,0.27940251278131223,0.9601075450579376,-5.235987755982989e-05,0.002548180707911721,0.00307177948351002,0.22555294999999997,-0.04903325,9.77723005
1786685144.286296,86.786,0.0,-1.0,0,2,,,,,,,,,,,,,,,,,,,,,,,,,,,0,0.0,-3,66,True,True,False,"A:1,B:1,ESTOP:0,MODE:1",,,,nan,nan,nan,-1,9998000100000000.0,0.003325307490121692,-0.010801856525848868,0.27941089128959046,0.9601051067744865,0.00015707963267948965,0.004206243497306334,-0.003141592653589793,0.25497289999999995,0.0588399,9.77723005
1786685144.336234,86.836,0.0,-1.0,0,2,,,,,,,,,,,,,,,,,,,,,,,,,,,0,0.0,-4,36,True,True,False,"A:1,B:1,ESTOP:0,MODE:1",,,,nan,nan,nan,-1,9998000100000000.0,0.0033566941920817055,-0.010847250915636033,0.2794109237045817,0.9601044763286058,0.016982053621904827,-0.03457497248200767,-0.01137954672300303,0.29419949999999995,0.1372931,10.24794925
1786685144.386205,86.886,0.0,-1.0,0,0,,,,,,,,,,,,,,,,,,,,,,,,,,,0,0.4630518853664398,-3,68,True,True,False,"A:1,B:1,ESTOP:0,MODE:1",,,,nan,nan,nan,-1,9998000100000000.0,0.002898008076312948,-0.010644480853333574,0.27942456434954166,0.9601042700741526,-0.18842574604530782,0.3171263250873697,0.01096066770252439,-0.93163175,-2.3241760499999997,8.757338449999999
1786685144.436161,86.936,0.0,-1.0,0,2,,,,,,,,,,,,,,,,,,,,,,,,,,,0,0.5599578619003296,-1,41,True,True,False,"A:1,B:1,ESTOP:0,MODE:1",,,,nan,nan,nan,-1,9998000100000000.0,0.003190442537680389,-0.01080475017529406,0.27945985417433583,0.9600912812617988,0.07874925584998414,0.004049163864626845,0.008866272600131194,0.24516625,-0.6080123,8.9828914
1786685144.486260,86.986,0.0,-1.0,0,0,,,,,,,,,,,,,,,,,,,,,,,,,,,0,0.5434731841087341,-3,66,True,True,False,"A:1,B:1,ESTOP:0,MODE:1",,,,nan,nan,nan,-1,9998000100000000.0,0.0033391845949049667,-0.010943227481529417,0.2794101846625602,0.9601036633225409,0.047630035286925256,-0.02975786374650332,0.041015237421866746,0.6962721499999999,-0.02941995,11.07170785
1786685144.536187,87.036,0.0,-1.0,0,0,,,,,,,,,,,,,,,,,,,,,,,,,,,0,1.3219062089920044,-3,36,True,True,False,"A:1,B:1,ESTOP:0,MODE:1",,,,nan,nan,nan,-1,9998000100000000.0,0.002862709077369226,-0.010836509541775957,0.2793979098354682,0.9601099848128134,-0.07093018080104956,0.07939502767322205,-0.019617500792416268,-0.44129925,-4.26589275,9.836069949999999
1786685144.586233,87.086,0.0,-1.0,0,0,,,,,,,,,,,,,,,,,,,,,,,,,,,0,1.459447979927063,-2,56,True,True,False,"A:1,B:1,ESTOP:0,MODE:1",,,,nan,nan,nan,-1,9998000100000000.0,0.0019991650116772406,-0.010896993287508679,0.27942291806105163,0.9601042087913139,-0.02441715623540067,-0.07716100623066931,0.001710422666954443,-0.04903325,-0.7649187,7.060788
1786685144.636197,87.136,0.0,-1.0,0,0,,,,,,,,,,,,,,,,,,,,,,,,,,,0,1.6333104372024536,-3,33,True,True,False,"A:1,B:1,ESTOP:0,MODE:1",,,,nan,nan,nan,-1,9998000100000000.0,0.002100045838903766,-0.0109948388078656,0.27939804037032484,0.9601101178324735,0.031101767270538955,-0.019250981649497456,-0.032864549815053226,0.48052585,-1.0493115499999999,10.542148749999999
1786685144.686322,87.186,0.0,-1.0,0,0,,,,,,,,,,,,,,,,,,,,,,,,,,,0,1.7615392208099365,-2,66,True,True,False,"A:1,B:1,ESTOP:0,MODE:1",,,,nan,nan,nan,-1,9998000100000000.0,0.001919357012853524,-0.010902098486689738,0.2794640274422491,0.9600923485181004,-0.0850149878646438,0.043737951054977894,0.028902652413026097,-0.46091255,-0.6472389,9.1790244
1786685144.736225,87.236,0.0,-1.0,0,0,,,,,,,,,,,,,,,,,,,,,,,,,,,0,1.7076754570007324,-2,39,True,True,False,"A:1,B:1,ESTOP:0,MODE:1",,,,nan,nan,nan,-1,9998000100000000.0,0.002074205011270487,-0.01096607459629959,0.2794566422210117,0.9600934475352267,0.044174283367976484,-0.026162485487395002,-0.006352998477259359,0.30400615,0.25497289999999995,9.60071035
1786685144.786369,87.286,0.0,-1.0,0,0,,,,,,,,,,,,,,,,,,,,,,,,,,,0,1.2163190841674805,-2,66,True,True,False,"A:1,B:1,ESTOP:0,MODE:1",,,,nan,nan,nan,-1,9998000100000000.0,0.002369167776091974,-0.011043784780939349,0.2794337547960582,0.9600985358505331,0.08492772140204408,-0.1156978761147041,0.00905825881785057,0.7060787999999999,2.6870221,10.3362091
1786685144.836165,87.336,0.0,-1.0,0,0,,,,,,,,,,,,,,,,,,,,,,,,,,,0,0.9619297981262207,-4,47,True,True,False,"A:1,B:1,ESTOP:0,MODE:1",,,,nan,nan,nan,-1,9998000100000000.0,0.002336355927191012,-0.011116983072145823,0.2794664462215942,0.9600882561330641,0.1184380430403352,-0.04132939668722572,0.018413223608540176,0.5099457999999999,1.3533177,11.15016105
1786685144.886186,87.386,0.0,-1.0,0,0,,,,,,,,,,,,,,,,,,,,,,,,,,,0,1.168445348739624,-4,73,True,True,False,"A:1,B:1,ESTOP:0,MODE:1",,,,nan,nan,nan,-1,9998000100000000.0,0.002160714544601451,-0.010950009138765725,0.27948269784550184,0.9600858556491277,-0.13920746113906773,0.07133160652900825,0.004694935687864747,-0.2353596,-1.10815145,9.7281968
1786685144.936124,87.436,0.0,-1.0,0,0,,,,,,,,,,,,,,,,,,,,,,,,,,,0,1.1349413394927979,-4,66,True,True,False,"A:1,B:1,ESTOP:0,MODE:1",,,,nan,nan,nan,-1,9998000100000000.0,0.0021589768248019858,-0.011005081312777202,0.27951580628127537,0.9600755913173178,0.08051203839449843,-0.021275563581810878,0.004014257279586958,0.08825984999999999,0.196133,9.4339973
1786685144.986165,87.486,0.0,-1.0,0,0,,,,,,,,,,,,,,,,,,,,,,,,,,,0,1.096813678741455,-4,73,True,True,False,"A:1,B:1,ESTOP:0,MODE:1",,,,nan,nan,nan,-1,9998000100000000.0,0.002483542273946214,-0.011028710730576709,0.27948520941982474,0.9600834428699162,0.023422318561763904,-0.027471482426390748,0.006702064327658226,0.0980665,0.2353596,9.659550249999999
1786685145.036167,87.536,0.0,-1.0,0,0,,,,,,,,,,,,,,,,,,,,,,,,,,,0,0.936773419380188,-4,43,True,True,False,"A:1,B:1,ESTOP:0,MODE:1",,,,nan,nan,nan,-1,9998000100000000.0,0.002330293574176066,-0.011064233763135919,0.27948350826269963,0.9600839135576985,0.012863076587198208,-0.0003316125578789226,-0.0019722220547535923,0.4216859499999999,0.8433718999999998,9.9831697
1786685145.086242,87.586,0.0,-1.0,0,0,,,,,,,,,,,,,,,,,,,,,,,,,,,0,1.0658717155456543,-4,70,True,True,False,"A:1,B:1,ESTOP:0,MODE:1",,,,nan,nan,nan,-1,9998000100000000.0,0.002092270431613558,-0.011088120881513095,0.27951458960550407,0.9600751377769473,0.04384267081009756,-0.029356438018544623,-0.003735004599267865,0.04903325,-0.7256921,9.747810099999999
1786685145.136194,87.636,0.0,-1.0,0,0,,,,,,,,,,,,,,,,,,,,,,,,,,,0,0.8689104914665222,-4,39,True,True,False,"A:1,B:1,ESTOP:0,MODE:1",,,,nan,nan,nan,-1,9998000100000000.0,0.002051564386107033,-0.011136304715126536,0.27949710406670636,0.9600797584675901,-0.027244589623631483,-0.004223696789826277,0.002181661564992912,0.29419949999999995,1.08853815,9.9635564
1786685145.186342,87.686,0.0,-1.0,0,0,,,,,,,,,,,,,,,,,,,,,,,,,,,0,0.8823474645614624,-4,68,True,True,False,"A:1,B:1,ESTOP:0,MODE:1",,,,nan,nan,nan,-1,9998000100000000.0,0.00198421967018871,-0.011092291631689604,0.2794967825513578,0.9600805031256997,0.007714355293814937,0.010838494654884786,-0.011100294042683936,0.0588399,-0.04903325,9.894909849999998
1786685145.236208,87.736,0.0,-1.0,0,0,,,,,,,,,,,,,,,,,,,,,,,,,,,0,0.8311083316802979,-4,37,True,True,False,"A:1,B:1,ESTOP:0,MODE:1",,,,nan,nan,nan,-1,9998000100000000.0,0.0020200753049249677,-0.011090931194084473,0.2794887542159065,0.9600827812266247,-0.02654645792283375,0.006161012259539983,-0.007016223593017205,0.25497289999999995,0.26477955,9.7870367
1786685145.286268,87.786,0.0,-1.0,0,0,,,,,,,,,,,,,,,,,,,,,,,,,,,0,0.8075741529464722,-4,67,True,True,False,"A:1,B:1,ESTOP:0,MODE:1",,,,nan,nan,nan,-1,9998000100000000.0,0.0016189500335077101,-0.011116860649337772,0.27950991472792713,0.9600770812694568,0.015899949485668342,0.0056199601914217415,-0.0010471975511965976,0.21574629999999997,0.10787314999999999,9.836069949999999
1786685145.336140,87.836,0.0,-1.0,0,0,,,,,,,,,,,,,,,,,,,,,,,,,,,0,0.8310495018959045,-4,39,True,True,False,"A:1,B:1,ESTOP:0,MODE:1",,,,nan,nan,nan,-1,9998000100000000.0,0.0017778469928243982,-0.011070562545570824,0.2794866192834891,0.9600841169118886,-0.0256388867117967,0.003665191429188092,0.006335545184739416,0.1569064,-0.14709974999999997,9.69877685
1786685145.386241,87.886,0.0,-1.0,0,0,,,,,,,,,,,,,,,,,,,,,,,,,,,0,0.7992565035820007,-4,67,True,True,False,"A:1,B:1,ESTOP:0,MODE:1",,,,nan,nan,nan,-1,9998000100000000.0,0.0018234310768008562,-0.01103914033801661,0.2795040317515773,0.9600793241781217,0.003735004599267865,0.0012740903539558606,-0.0012566370614359172,0.25497289999999995,0.14709974999999997,9.934136449999999
1786685145.436151,87.936,0.0,-1.0,0,0,,,,,,,,,,,,,,,,,,,,,,,,,,,0,0.8208588361740112,-4,38,True,True,False,"A:1,B:1,ESTOP:0,MODE:1",,,,nan,nan,nan,-1,9998000100000000.0,0.0020306399445794397,-0.01096974810692173,0.27952322641044647,0.9600741153811932,-0.007278022980816354,-0.006771877497737999,-0.0002617993877991494,0.24516625,-0.16671305,9.738003449999999
1786685145.486295,87.986,0.0,-1.0,0,0,,,,,,,,,,,,,,,,,,,,,,,,,,,0,0.805759072303772,-4,65,True,True,False,"A:1,B:1,ESTOP:0,MODE:1",,,,nan,nan,nan,-1,9998000100000000.0,0.0018330919739479917,-0.011072669129571198,0.279495500159922,0.960081403404168,0.003944444109507185,0.001413716694115407,-0.002827433388230814,0.17651969999999997,0.0784532,9.894909849999998
1786685145.536194,88.036,0.0,-1.0,0,0,,,,,,,,,,,,,,,,,,,,,,,,,,,0,0.794151782989502,-4,37,True,True,False,"A:1,B:1,ESTOP:0,MODE:1",,,,nan,nan,nan,-1,9998000100000000.0,0.0019667303942345338,-0.01097013551662241,0.27948911655206676,0.9600841743447545,-0.0067369709126981125,-0.0007330382858376184,0.007138396640656807,0.22555294999999997,0.0392266,9.826263299999999
1786685145.586260,88.086,0.0,-1.0,0,0,,,,,,,,,,,,,,,,,,,,,,,,,,,0,0.8152989149093628,-4,34,True,True,False,"A:1,B:1,ESTOP:0,MODE:1",,,,nan,nan,nan,-1,9998000100000000.0,0.0018973604715257298,-0.010981252704831882,0.2794967657954251,0.9600819600545418,-0.005969026041820607,-0.0053058009260627615,0.000593411945678072,0.24516625,-0.16671305,9.845876599999999
1786685145.636139,88.136,0.0,-1.0,0,0,,,,,,,,,,,,,,,,,,,,,,,,,,,0,0.7980541586875916,-4,8,True,True,False,"A:1,B:1,ESTOP:0,MODE:1",,,,nan,nan,nan,-1,9998000100000000.0,0.0019523171386916396,-0.01098340880806787,0.2794805096586852,0.9600865575090959,-0.001064650843716541,-0.0006806784082777885,0.0013264502315156904,0.18632634999999997,0.08825984999999999,9.79684335
1786685145.686243,88.186,0.0,-1.0,0,0,,,,,,,,,,,,,,,,,,,,,,,,,,,0,0.8104547262191772,-4,41,True,True,False,"A:1,B:1,ESTOP:0,MODE:1",,,,nan,nan,nan,-1,9998000100000000.0,0.001991674000884007,-0.01096285326784153,0.2794726469821614,0.960089000390946,-0.009128071987930343,-0.005113814708343385,0.0005235987755982988,0.18632634999999997,-0.08825984999999999,9.7870367
1786685145.736190,88.236,0.0,-1.0,0,0,,,,,,,,,,,,,,,,,,,,,,,,,,,0,0.7876594662666321,-4,15,True,True,False,"A:1,B:1,ESTOP:0,MODE:1",,,,nan,nan,nan,-1,9998000100000000.0,0.0020026828711355543,-0.010968757751465321,0.27948946268974034,0.9600840150008267,-0.00013962634015954637,-0.00895353906273091,0.006667157742618339,0.24516625,0.0980665,9.7281968
1786685145.786423,88.286,0.0,-1.0,0,0,,,,,,,,,,,,,,,,,,,,,,,,,,,0,0.0,-4,45,True,True,False,"A:1,B:1,ESTOP:0,MODE:1",,,,nan,nan,nan,-1,9998000100000000.0,0.0021164793500374813,-0.010953807117163258,0.27949063385037753,0.9600836006383585,-0.004991641660703782,-0.006806784082777886,-0.004049163864626845,0.196133,-0.08825984999999999,9.845876599999999
1786685145.836118,88.336,0.0,-1.0,0,0,,,,,,,,,,,,,,,,,,,,,,,,,,,0,0.0,-4,17,True,True,False,"A:1,B:1,ESTOP:0,MODE:1",,,,nan,nan,nan,-1,9998000100000000.0,0.0020888096285698677,-0.010952764136176778,0.27948200459617123,0.9600861851620502,0.0035953782591083188,-0.00747000919853573,0.0011519173063162576,0.28439285,0.10787314999999999,9.7674234
1786685145.886293,88.386,0.0,-1.0,0,0,,,,,,,,,,,,,,,,,,,,,,,,,,,0,0.0,-4,50,True,True,False,"A:1,B:1,ESTOP:0,MODE:1",,,,nan,nan,nan,-1,9998000100000000.0,0.0021223229573584653,-0.010943008367145401,0.2794823867494937,0.9600861116639214,-0.00034906585039886593,0.0019024088846738192,0.00027925268031909274,0.18632634999999997,-0.02941995,9.81645665
1786685145.936199,88.436,0.0,-1.0,0,0,,,,,,,,,,,,,,,,,,,,,,,,,,,0,0.0,-4,24,True,True,False,"A:1,B:1,ESTOP:0,MODE:1",,,,nan,nan,nan,-1,9998000100000000.0,0.002116670529714936,-0.01095377017596169,0.27950739042773337,0.9600787224603405,0.0005235987755982988,0.008080874436733746,0.008185594191853406,0.21574629999999997,-0.08825984999999999,9.7870367
1786685145.986239,88.486,0.0,-1.0,0,0,,,,,,,,,,,,,,,,,,,,,,,,,,,0,0.0,-4,55,True,True,False,"A:1,B:1,ESTOP:0,MODE:1",,,,nan,nan,nan,-1,9998000100000000.0,0.002153005257842454,-0.010952316585816375,0.27954125006515335,0.9600688000564205,-0.001710422666954443,0.0004886921905584122,0.002548180707911721,0.29419949999999995,0.0588399,9.77723005
1786685146.036194,88.536,0.0,-1.0,0,0,,,,,,,,,,,,,,,,,,,,,,,,,,,0,0.0,-4,27,True,True,False,"A:1,B:1,ESTOP:0,MODE:1",,,,nan,nan,nan,-1,9998000100000000.0,0.0021412239503482253,-0.010973933064833656,0.2795493657858113,0.9600662164881304,0.003979350694547071,0.00017453292519943296,-0.007435102613495843,0.26477955,-0.02941995,9.77723005
1786685146.086414,88.586,0.0,-1.0,0,0,,,,,,,,,,,,,,,,,,,,,,,,,,,0,0.0,-4,57,True,True,False,"A:1,B:1,ESTOP:0,MODE:1",,,,nan,nan,nan,-1,9998000100000000.0,0.002169952687621833,-0.010947399797788087,0.27955819749493266,0.9600638832683923,0.001186823891356144,-0.0018500490071139892,-0.0016755160819145565,0.26477955,0.0588399,9.81645665
1786685146.136212,88.636,0.0,-1.0,0,0,,,,,,,,,,,,,,,,,,,,,,,,,,,0,0.0,-4,31,True,True,False,"A:1,B:1,ESTOP:0,MODE:1",,,,nan,nan,nan,-1,9998000100000000.0,0.00214854310155236,-0.010999067370838028,0.2795492587462455,0.9600659436798793,0.009983283321407565,-0.008447393579652554,-0.003246312408709453,0.16671305,-0.0,9.79684335
1786685146.186262,88.686,0.0,-1.0,0,0,,,,,,,,,,,,,,,,,,,,,,,,,,,0,0.0,-4,59,True,True,False,"A:1,B:1,ESTOP:0,MODE:1",,,,nan,nan,nan,-1,9998000100000000.0,0.002208344806371682,-0.01095439753966057,0.2795585093759092,0.9600636250912118,0.003735004599267865,0.007173303225696694,1.7453292519943296e-05,0.25497289999999995,0.0,9.80665
1786685146.236122,88.736,0.0,-1.0,0,0,,,,,,,,,,,,,,,,,,,,,,,,,,,0,0.0,-4,33,True,True,False,"A:1,B:1,ESTOP:0,MODE:1",,,,nan,nan,nan,-1,9998000100000000.0,0.0022558876541050026,-0.010931440851401944,0.27953398267605056,0.9600709177456996,0.0004014257279586958,-0.0028797932657906437,-0.005061454830783556,0.21574629999999997,-0.0784532,9.7870367
1786685146.286273,88.786,0.0,-1.0,0,0,,,,,,,,,,,,,,,,,,,,,,,,,,,0,0.0,-4,62,True,True,False,"A:1,B:1,ESTOP:0,MODE:1",,,,nan,nan,nan,-1,9998000100000000.0,0.002282081778181734,-0.010896548807774924,0.2795344669162607,0.9600711114978304,-0.004223696789826277,0.0006806784082777885,-0.005602506898901798,0.22555294999999997,-0.0392266,9.7674234
1786685146.336210,88.836,0.0,-1.0,0,0,,,,,,,,,,,,,,,,,,,,,,,,,,,0,0.0,-4,30,True,True,False,"A:1,B:1,ESTOP:0,MODE:1",,,,nan,nan,nan,-1,9998000100000000.0,0.002272739404483276,-0.010926542228391557,0.2795425516114047,0.9600684387943995,0.0007330382858376184,0.005532693728822024,-0.0055152404363020815,0.34323275000000003,-0.0980665,9.757616749999999
1786685146.386272,88.886,0.0,-1.0,0,0,,,,,,,,,,,,,,,,,,,,,,,,,,,0,0.0,-4,60,True,True,False,"A:1,B:1,ESTOP:0,MODE:1",,,,nan,nan,nan,-1,9998000100000000.0,0.002315594580682442,-0.010886791207497358,0.2795348471072661,0.96007103125324,-0.002373647782712288,-0.004153883619746504,0.001413716694115407,0.28439285,0.00980665,9.69877685
1786685146.436130,88.936,0.0,-1.0,0,0,,,,,,,,,,,,,,,,,,,,,,,,,,,0,0.0,-4,34,True,True,False,"A:1,B:1,ESTOP:0,MODE:1",,,,nan,nan,nan,-1,9998000100000000.0,0.0023648993480284005,-0.01089970801950274,0.2795435991962135,0.9600682162037184,0.004363323129985824,0.009093165402890457,0.006719517620178169,0.20593965,-0.0392266,9.81645665
1786685146.486328,88.986,0.0,-1.0,0,0,,,,,,,,,,,,,,,,,,,,,,,,,,,0,0.0,-4,64,True,True,False,"A:1,B:1,ESTOP:0,MODE:1",,,,nan,nan,nan,-1,9998000100000000.0,0.0023397648200960785,-0.01090702645007991,0.2795433137467268,0.9600682777876286,-0.002286381320112572,-0.0008377580409572782,0.010663961729685353,0.22555294999999997,0.02941995,9.77723005
1786685146.536178,89.036,0.0,-1.0,0,0,,,,,,,,,,,,,,,,,,,,,,,,,,,0,0.0,-4,36,True,True,False,"A:1,B:1,ESTOP:0,MODE:1",,,,nan,nan,nan,-1,9998000100000000.0,0.0023206639914032366,-0.010903507015964412,0.27955153551409057,0.9600659701526277,-0.0013962634015954637,-0.0007504915783575617,0.0035081117965086025,0.21574629999999997,-0.06864655,9.845876599999999
1786685146.586275,89.086,0.0,-1.0,0,0,,,,,,,,,,,,,,,,,,,,,,,,,,,0,0.0,-4,68,True,True,False,"A:1,B:1,ESTOP:0,MODE:1",,,,nan,nan,nan,-1,9998000100000000.0,0.0023424902091301325,-0.010915343259814176,0.2795684142954987,0.9600608677315418,0.0005410520681182421,-0.0014486232791552935,-0.0035081117965086025,0.18632634999999997,0.0392266,9.7674234
1786685146.636152,89.136,0.0,-1.0,0,0,,,,,,,,,,,,,,,,,,,,,,,,,,,0,0.0,-4,34,True,True,False,"A:1,B:1,ESTOP:0,MODE:1",,,,nan,nan,nan,-1,9998000100000000.0,0.002356616311325158,-0.010902126932250308,0.27955188223291677,0.960065797290971,-0.0008377580409572782,0.006126105674500096,0.0006632251157578452,0.18632634999999997,-0.0392266,9.80665
1786685146.686245,89.186,0.0,-1.0,0,0,,,,,,,,,,,,,,,,,,,,,,,,,,,0,0.0,-4,63,True,True,False,"A:1,B:1,ESTOP:0,MODE:1",,,,nan,nan,nan,-1,9998000100000000.0,0.0023733726201638863,-0.010897247829814957,0.279552072468349,0.9600657560140308,0.0032114058236695662,-6.981317007977319e-05,0.00022689280275926284,0.20593965,0.0588399,9.7674234
1786685146.736275,89.236,0.0,-1.0,0,0,,,,,,,,,,,,,,,,,,,,,,,,,,,0,0.0,-4,36,True,True,False,"A:1,B:1,ESTOP:0,MODE:1",,,,nan,nan,nan,-1,9998000100000000.0,0.0024167393059794156,-0.010920980973588389,0.27956069750500595,0.9600628666687491,-0.007819075048934596,0.0038571776469074684,-0.008709192967451705,0.34323275000000003,0.00980665,9.757616749999999
1786685146.786227,89.286,0.0,-1.0,0,0,,,,,,,,,,,,,,,,,,,,,,,,,,,0,0.0,-4,65,True,True,False,"A:1,B:1,ESTOP:0,MODE:1",,,,nan,nan,nan,-1,9998000100000000.0,0.0024061119146183583,-0.01091500051834966,0.2795773918437083,0.9600580999913538,0.0045029494701453706,0.0011519173063162576,0.0040666171571467884,0.18632634999999997,-0.02941995,9.79684335
1786685146.836158,89.336,0.0,-1.0,0,0,,,,,,,,,,,,,,,,,,,,,,,,,,,0,0.0,-4,35,True,True,False,"A:1,B:1,ESTOP:0,MODE:1",,,,nan,nan,nan,-1,9998000100000000.0,0.0024841448635979503,-0.010901377222095521,0.27959497159183766,0.9600529364881489,-0.0015184364492350666,0.0019896753472735357,0.0036302848441482054,0.26477955,0.0784532,9.80665
1786685146.886331,89.386,0.0,-1.0,0,0,,,,,,,,,,,,,,,,,,,,,,,,,,,0,0.0,-4,64,True,True,False,"A:1,B:1,ESTOP:0,MODE:1",,,,nan,nan,nan,-1,9998000100000000.0,0.002525167705295135,-0.010916707457384732,0.27961201039481837,0.9600476929139081,0.0045553093477052,-0.0017278759594743863,-0.00013962634015954637,0.196133,-0.0392266,9.7674234
1786685146.936150,89.436,0.0,-1.0,0,0,,,,,,,,,,,,,,,,,,,,,,,,,,,0,0.0,-4,32,True,True,False,"A:1,B:1,ESTOP:0,MODE:1",,,,nan,nan,nan,-1,9998000100000000.0,0.0025612151338443934,-0.010915302762932408,0.2796207369913011,0.9600450717477139,1.7453292519943296e-05,-0.0034557519189487725,0.0008377580409572782,0.28439285,0.0,9.7281968
1786685146.986244,89.486,0.0,-1.0,0,0,,,,,,,,,,,,,,,,,,,,,,,,,,,0,0.0,-4,64,True,True,False,"A:1,B:1,ESTOP:0,MODE:1",,,,nan,nan,nan,-1,9998000100000000.0,0.0025445544824634113,-0.010920160858775969,0.2796289244042167,0.9600426761169761,-0.006283185307179586,0.0028448866807507574,0.004782202150464463,0.2745862,-0.0,9.81645665
1786685147.036125,89.536,0.0,-1.0,0,0,,,,,,,,,,,,,,,,,,,,,,,,,,,0,0.0,-4,36,True,True,False,"A:1,B:1,ESTOP:0,MODE:1",,,,nan,nan,nan,-1,9998000100000000.0,0.002560253443840453,-0.010942854391098903,0.2796289224904321,0.9600423765370562,-0.004799655442984407,-0.0059515727493006645,-0.0020594885173533086,0.29419949999999995,-0.0392266,9.77723005
1786685147.086239,89.586,0.0,-1.0,0,0,,,,,,,,,,,,,,,,,,,,,,,,,,,0,0.0,-4,66,True,True,False,"A:1,B:1,ESTOP:0,MODE:1",,,,nan,nan,nan,-1,9998000100000000.0,0.0025666134646895773,-0.010995539702534857,0.27963700950760384,0.9600394020641119,-0.0072082098107365804,-0.0003839724354387525,-0.0019373154697137059,0.18632634999999997,-0.0588399,9.80665
1786685147.136411,89.636,0.0,-1.0,0,0,,,,,,,,,,,,,,,,,,,,,,,,,,,0,0.0,-4,37,True,True,False,"A:1,B:1,ESTOP:0,MODE:1",,,,nan,nan,nan,-1,9998000100000000.0,0.0025906905330736196,-0.011015792784191616,0.27963710381579693,0.9600390777470523,0.0018500490071139892,0.004241150082346221,-0.001954768762233649,0.17651969999999997,-0.0392266,9.738003449999999
1786685147.186249,89.686,0.0,-1.0,0,0,,,,,,,,,,,,,,,,,,,,,,,,,,,0,0.0,-4,66,True,True,False,"A:1,B:1,ESTOP:0,MODE:1",,,,nan,nan,nan,-1,9998000100000000.0,0.0025991645639344627,-0.011013329808115669,0.2796455778466578,0.9600366147709762,0.00476474885794452,-0.0022165681500327986,-0.002530727415391778,0.16671305,-0.0588399,9.855683249999998
1786685147.236151,89.736,0.0,-1.0,0,0,,,,,,,,,,,,,,,,,,,,,,,,,,,0,0.0,-4,35,True,True,False,"A:1,B:1,ESTOP:0,MODE:1",,,,nan,nan,nan,-1,9998000100000000.0,0.0026266426202995016,-0.01101440949054483,0.2796374558997966,0.9600388933736014,-0.0003665191429188092,-0.002478367537831948,0.005445427266222308,0.22555294999999997,0.08825984999999999,9.79684335
1786685147.286253,89.786,0.0,-1.0,0,0,,,,,,,,,,,,,,,,,,,,,,,,,,,0,0.0,-4,66,True,True,False,"A:1,B:1,ESTOP:0,MODE:1",,,,nan,nan,nan,-1,9998000100000000.0,0.002637557112674469,-0.01102032406520826,0.2796458976986308,0.9600363366301832,0.0032114058236695662,0.0021991148575128553,0.0037524578917878084,0.21574629999999997,0.0196133,9.7674234
1786685147.336193,89.836,0.0,-1.0,0,0,,,,,,,,,,,,,,,,,,,,,,,,,,,0,0.0,-4,38,True,True,False,"A:1,B:1,ESTOP:0,MODE:1",,,,nan,nan,nan,-1,9998000100000000.0,0.0025981081017194584,-0.011040903774149137,0.27964538397488575,0.960036357384282,-0.001762782544514273,0.006230825429619756,-0.0018151424220741027,0.16671305,0.08825984999999999,9.826263299999999
1786685147.386318,89.886,0.0,-1.0,0,0,,,,,,,,,,,,,,,,,,,,,,,,,,,0,0.0,-4,66,True,True,False,"A:1,B:1,ESTOP:0,MODE:1",,,,nan,nan,nan,-1,9998000100000000.0,0.0025968201213042957,-0.011004929278902861,0.27965398820495047,0.9600342675852197,0.0006632251157578452,0.0027576202181510408,0.0076270888312152205,0.21574629999999997,0.0,9.7870367
1786685147.436126,89.936,0.0,-1.0,0,0,,,,,,,,,,,,,,,,,,,,,,,,,,,0,0.0,-4,35,True,True,False,"A:1,B:1,ESTOP:0,MODE:1",,,,nan,nan,nan,-1,9998000100000000.0,0.002583561135607735,-0.010990614024359774,0.27965395717852193,0.9600344763859366,-0.0019896753472735357,-0.0056199601914217415,0.0036302848441482054,0.21574629999999997,-0.02941995,9.81645665
1786685147.486207,89.986,0.0,-1.0,0,0,,,,,,,,,,,,,,,,,,,,,,,,,,,0,0.0,-4,66,True,True,False,"A:1,B:1,ESTOP:0,MODE:1",,,,nan,nan,nan,-1,9998000100000000.0,0.002554602595762569,-0.010953605654319756,0.279653928222799,0.9600349852782997,0.0021991148575128553,0.0066322511575784525,-0.0044156830075456534,0.22555294999999997,0.0196133,9.81645665
1786685147.536146,90.036,0.0,-1.0,0,0,,,,,,,,,,,,,,,,,,,,,,,,,,,0,0.0,-4,35,True,True,False,"A:1,B:1,ESTOP:0,MODE:1",,,,nan,nan,nan,-1,9998000100000000.0,0.0025643648176783113,-0.010987117056539755,0.2796537979379749,0.9600346142669723,0.003420845333908886,-0.005462880558742251,0.0011693705988362008,0.18632634999999997,-0.08825984999999999,9.855683249999998
1786685147.586240,90.086,0.0,-1.0,0,0,,,,,,,,,,,,,,,,,,,,,,,,,,,0,0.0,-4,67,True,True,False,"A:1,B:1,ESTOP:0,MODE:1",,,,nan,nan,nan,-1,9998000100000000.0,0.0025531229849784266,-0.010917676076913423,0.27964577555262904,0.9600377732816933,0.0006283185307179586,0.00476474885794452,-0.003909537524467298,0.25497289999999995,-0.00980665,9.826263299999999
1786685147.636116,90.136,0.0,-1.0,0,0,,,,,,,,,,,,,,,,,,,,,,,,,,,0,0.0,-4,38,True,True,False,"A:1,B:1,ESTOP:0,MODE:1",,,,nan,nan,nan,-1,9998000100000000.0,0.002560253443840453,-0.010942854391098903,0.2796289224904321,0.9600423765370562,-0.001186823891356144,-0.0025830872929516074,-0.0014835298641951802,0.25497289999999995,0.0196133,9.826263299999999
1786685147.686306,90.186,0.0,-1.0,0,0,,,,,,,,,,,,,,,,,,,,,,,,,,,0,0.0,-4,67,True,True,False,"A:1,B:1,ESTOP:0,MODE:1",,,,nan,nan,nan,-1,9998000100000000.0,0.002549244271106206,-0.01093696119037832,0.2796121035345886,0.9600473716387795,0.0005585053606381855,0.0005061454830783556,-0.0076270888312152205,0.21574629999999997,-0.00980665,9.836069949999999
1786685147.736157,90.236,0.0,-1.0,0,0,,,,,,,,,,,,,,,,,,,,,,,,,,,0,0.0,-4,36,True,True,False,"A:1,B:1,ESTOP:0,MODE:1",,,,nan,nan,nan,-1,9998000100000000.0,0.0025515889455110627,-0.010945361417566125,0.279603693038313,0.9600497191794958,-0.0023387411976724015,-0.0043982297150257105,-0.0076270888312152205,0.26477955,0.0392266,9.738003449999999
1786685147.786245,90.286,0.0,-1.0,0,0,,,,,,,,,,,,,,,,,,,,,,,,,,,0,0.0,-4,66,True,True,False,"A:1,B:1,ESTOP:0,MODE:1",,,,nan,nan,nan,-1,9998000100000000.0,0.0025791631023822864,-0.010946419387515716,0.27960394719760423,0.9600495594144101,-0.0005585053606381855,-0.004153883619746504,0.0037524578917878084,0.2353596,-0.0196133,9.79684335
1786685147.836171,90.336,0.0,-1.0,0,0,,,,,,,,,,,,,,,,,,,,,,,,,,,0,0.0,-4,34,True,True,False,"A:1,B:1,ESTOP:0,MODE:1",,,,nan,nan,nan,-1,9998000100000000.0,0.0025925169930835065,-0.010960712719391655,0.2796123562077026,0.960046911295641,-0.002129301687433082,-0.004276056667386108,0.008761552845011534,0.26477955,-0.00980665,9.757616749999999
1786685147.886227,90.386,0.0,-1.0,0,0,,,,,,,,,,,,,,,,,,,,,,,,,,,0,0.0,-4,67,True,True,False,"A:1,B:1,ESTOP:0,MODE:1",,,,nan,nan,nan,-1,9998000100000000.0,0.0026154018033444177,-0.010944968876135453,0.2796294310448186,0.9600420556534276,0.0060911990894602095,0.003944444109507185,0.0006457718232379018,0.1569064,-0.0392266,9.71839015
1786685147.936146,90.436,0.0,-1.0,0,0,,,,,,,,,,,,,,,,,,,,,,,,,,,0,0.0,-4,38,True,True,False,"A:1,B:1,ESTOP:0,MODE:1",,,,nan,nan,nan,-1,9998000100000000.0,0.0025971672864818934,-0.010913920093264407,0.2796210858247088,0.9600448892799204,0.0031066860685499066,0.001186823891356144,0.0033161255787892262,0.2353596,0.0784532,9.81645665
1786685147.986237,90.486,0.0,-1.0,0,0,,,,,,,,,,,,,,,,,,,,,,,,,,,0,0.0,-4,67,True,True,False,"A:1,B:1,ESTOP:0,MODE:1",,,,nan,nan,nan,-1,9998000100000000.0,0.002588694050927771,-0.01091638283818455,0.27961261258915465,0.9600473520248405,0.0030019663134302466,0.007592182246175334,-0.004049163864626845,0.21574629999999997,-0.0,9.71839015
1786685148.036293,90.536,0.0,-1.0,0,0,,,,,,,,,,,,,,,,,,,,,,,,,,,0,0.0,-4,36,True,True,False,"A:1,B:1,ESTOP:0,MODE:1",,,,nan,nan,nan,-1,9998000100000000.0,0.0025835283243578924,-0.010899694551642504,0.2795875426552732,0.960054856782707,0.00047123889803846896,0.0016580627893946131,-0.0013788101090755204,0.2353596,-0.00980665,9.757616749999999
1786685148.086212,90.586,0.0,-1.0,0,0,,,,,,,,,,,,,,,,,,,,,,,,,,,0,0.0,-4,67,True,True,False,"A:1,B:1,ESTOP:0,MODE:1",,,,nan,nan,nan,-1,9998000100000000.0,0.002614828722529293,-0.010945105803250458,0.2795791629770452,0.9600566957001876,0.000890117918517108,-0.004118977034706617,-0.009721483933608416,0.26477955,-0.00980665,9.7870367
1786685148.136174,90.636,0.0,-1.0,0,0,,,,,,,,,,,,,,,,,,,,,,,,,,,0,0.0,-4,35,True,True,False,"A:1,B:1,ESTOP:0,MODE:1",,,,nan,nan,nan,-1,9998000100000000.0,0.0026137703248086948,-0.010972679721749926,0.27957897104465285,0.9600564397232207,0.00047123889803846896,0.008325220532012952,0.004590215932745087,0.17651969999999997,-0.00980665,9.80665
1786685148.186239,90.686,0.0,-1.0,0,0,,,,,,,,,,,,,,,,,,,,,,,,,,,0,0.0,-4,67,True,True,False,"A:1,B:1,ESTOP:0,MODE:1",,,,nan,nan,nan,-1,9998000100000000.0,0.002650780910283485,-0.010943724688470732,0.27957951311394125,0.9600565108875,-0.00015707963267948965,0.004241150082346221,0.0005759586531581288,0.196133,-0.0392266,9.81645665
1786685148.236171,90.736,0.0,-1.0,0,0,,,,,,,,,,,,,,,,,,,,,,,,,,,0,0.0,-4,38,True,True,False,"A:1,B:1,ESTOP:0,MODE:1",,,,nan,nan,nan,-1,9998000100000000.0,0.0026398674968554133,-0.010937809471735884,0.27957107133821674,0.9600590666695258,-0.004782202150464463,-0.006230825429619756,-0.0004363323129985824,0.20593965,-0.0,9.747810099999999
1786685148.286230,90.786,0.0,-1.0,0,0,,,,,,,,,,,,,,,,,,,,,,,,,,,0,0.0,-4,67,True,True,False,"A:1,B:1,ESTOP:0,MODE:1",,,,nan,nan,nan,-1,9998000100000000.0,0.0026699769438357133,-0.010947223149213281,0.27957967245127924,0.9600563714076774,-0.003735004599267865,0.003612831551628262,-0.004537856055185257,0.20593965,-0.02941995,9.77723005
1786685148.336252,90.836,0.0,-1.0,0,0,,,,,,,,,,,,,,,,,,,,,,,,,,,0,0.0,-4,36,True,True,False,"A:1,B:1,ESTOP:0,MODE:1",,,,nan,nan,nan,-1,9998000100000000.0,0.0026867330881140154,-0.010942343561740248,0.2795798634737847,0.9600563246615638,0.0066322511575784525,0.005567600313861911,0.0069638637154573755,0.196133,0.0196133,9.80665
1786685148.386250,90.886,0.0,-1.0,0,0,,,,,,,,,,,,,,,,,,,,,,,,,,,0,0.0,-4,64,True,True,False,"A:1,B:1,ESTOP:0,MODE:1",,,,nan,nan,nan,-1,9998000100000000.0,0.002705833594360101,-0.010945865629903328,0.27957164497681886,0.9600586241553832,-0.0012566370614359172,-0.0045029494701453706,0.004241150082346221,0.22555294999999997,0.0,9.836069949999999
1786685148.436125,90.936,0.0,-1.0,0,0,,,,,,,,,,,,,,,,,,,,,,,,,,,0,0.0,-4,35,True,True,False,"A:1,B:1,ESTOP:0,MODE:1",,,,nan,nan,nan,-1,9998000100000000.0,0.0027275650188471642,-0.010957718513033354,0.2795801515792504,0.9600559502638272,-0.0009599310885968813,0.004886921905584123,0.001361356816555577,0.22555294999999997,0.0588399,9.77723005
1786685148.486358,90.986,0.0,-1.0,0,0,,,,,,,,,,,,,,,,,,,,,,,,,,,0,0.0,-4,67,True,True,False,"A:1,B:1,ESTOP:0,MODE:1",,,,nan,nan,nan,-1,9998000100000000.0,0.0027547565674294503,-0.010958873328407647,0.2795468948653524,0.960065543586877,0.004310963252425994,-0.0070685834705770355,0.0005235987755982988,0.18632634999999997,0.02941995,9.836069949999999
1786685148.536199,91.036,0.0,-1.0,0,0,,,,,,,,,,,,,,,,,,,,,,,,,,,0,0.0,-4,37,True,True,False,"A:1,B:1,ESTOP:0,MODE:1",,,,nan,nan,nan,-1,9998000100000000.0,0.0027691688055961707,-0.010945592017606332,0.2795554951351047,0.9600631494122024,-0.0009773843811168245,0.00466002910282486,0.004136430327226561,0.28439285,-0.00980665,9.81645665
1786685148.586310,91.086,0.0,-1.0,0,0,,,,,,,,,,,,,,,,,,,,,,,,,,,0,0.0,-4,67,True,True,False,"A:1,B:1,ESTOP:0,MODE:1",,,,nan,nan,nan,-1,9998000100000000.0,0.0028016221642622086,-0.010963407594946193,0.27955568948061493,0.960062795386934,-0.0022514747350726853,0.003159045946109736,0.0006108652381980154,0.2745862,-0.0,9.77723005
1786685148.636127,91.136,0.0,-1.0,0,0,,,,,,,,,,,,,,,,,,,,,,,,,,,0,0.0,-4,35,True,True,False,"A:1,B:1,ESTOP:0,MODE:1",,,,nan,nan,nan,-1,9998000100000000.0,0.0028149753985554785,-0.010977699660295033,0.2795641018903557,0.9600601434066061,-0.0016231562043547264,0.0019198621771937625,-0.0015009831567151233,0.24516625,0.0,9.738003449999999
1786685148.686239,91.186,0.0,-1.0,0,0,,,,,,,,,,,,,,,,,,,,,,,,,,,0,0.0,-4,67,True,True,False,"A:1,B:1,ESTOP:0,MODE:1",,,,nan,nan,nan,-1,9998000100000000.0,0.002838954807161347,-0.010997979372393434,0.279555823554362,0.9600622512640363,0.0022689280275926286,0.0007504915783575617,-0.0004537856055185257,0.14709974999999997,0.0,9.7870367
1786685148.736242,91.236,0.0,-1.0,0,0,,,,,,,,,,,,,,,,,,,,,,,,,,,0,0.0,-4,35,True,True,False,"A:1,B:1,ESTOP:0,MODE:1",,,,nan,nan,nan,-1,9998000100000000.0,0.002835936699247845,-0.011017051432584286,0.27959755647726353,0.9600498885228376,-0.0006108652381980154,0.005969026041820607,-0.001308996938995747,0.22555294999999997,0.0,9.7674234
1786685148.786296,91.286,0.0,-1.0,0,0,,,,,,,,,,,,,,,,,,,,,,,,,,,0,0.0,-4,67,True,True,False,"A:1,B:1,ESTOP:0,MODE:1",,,,nan,nan,nan,-1,9998000100000000.0,0.002845503896943118,-0.011050613074618817,0.27958067726583324,0.9600543901039281,-0.0037000980142279784,0.0029670597283903604,0.002530727415391778,0.2745862,-0.0196133,9.80665
1786685148.836277,91.336,0.0,-1.0,0,0,,,,,,,,,,,,,,,,,,,,,,,,,,,0,0.0,-4,36,True,True,False,"A:1,B:1,ESTOP:0,MODE:1",,,,nan,nan,nan,-1,9998000100000000.0,0.0028432567497057378,-0.011042185416549678,0.2795974641512713,0.9600496050061478,-0.00017453292519943296,8.726646259971648e-05,0.005445427266222308,0.21574629999999997,-0.02941995,9.855683249999998
1786685148.886341,91.386,0.0,-1.0,0,0,,,,,,,,,,,,,,,,,,,,,,,,,,,0,0.0,-4,66,True,True,False,"A:1,B:1,ESTOP:0,MODE:1",,,,nan,nan,nan,-1,9998000100000000.0,0.00286839078861324,-0.011034865568271917,0.27959775313919294,0.9600495302408562,0.003735004599267865,0.0016406094968746698,-0.0029321531433504737,0.18632634999999997,-0.0196133,9.845876599999999
1786685148.936192,91.436,0.0,-1.0,0,0,,,,,,,,,,,,,,,,,,,,,,,,,,,0,0.0,-4,36,True,True,False,"A:1,B:1,ESTOP:0,MODE:1",,,,nan,nan,nan,-1,9998000100000000.0,0.002890412440015088,-0.011046640765301504,0.27963139663718967,0.9600395300499163,0.0024260076602721182,-0.0033859387488689996,0.006056292504420323,0.16671305,0.0392266,9.79684335
1786685148.986232,91.486,0.0,-1.0,0,0,,,,,,,,,,,,,,,,,,,,,,,,,,,0,0.0,-4,67,True,True,False,"A:1,B:1,ESTOP:0,MODE:1",,,,nan,nan,nan,-1,9998000100000000.0,0.0029440812096664976,-0.01101282890598785,0.2796237528892895,0.9600419817932067,0.0057246799465414016,-0.010611601852125523,-0.006318091892219472,0.1569064,-0.0196133,9.826263299999999
1786685149.036199,91.536,0.0,-1.0,0,0,,,,,,,,,,,,,,,,,,,,,,,,,,,0,0.0,-4,34,True,True,False,"A:1,B:1,ESTOP:0,MODE:1",,,,nan,nan,nan,-1,9998000100000000.0,0.002956148485853444,-0.01099114108820216,0.27964076043997477,0.9600372394361907,0.003193952531149623,0.00476474885794452,0.005393067388662479,0.0980665,-0.0196133,9.79684335
1786685149.086141,91.586,0.0,-1.0,0,0,,,,,,,,,,,,,,,,,,,,,,,,,,,0,0.0,-4,67,True,True,False,"A:1,B:1,ESTOP:0,MODE:1",,,,nan,nan,nan,-1,9998000100000000.0,0.002971655272274508,-0.011013886302537008,0.2796240113849252,0.9600418094179339,0.0027052603405912107,-0.0008377580409572782,-0.0010995574287564276,0.196133,-0.04903325,9.77723005
1786685149.136148,91.636,0.0,-1.0,0,0,,,,,,,,,,,,,,,,,,,,,,,,,,,0,0.0,-4,36,True,True,False,"A:1,B:1,ESTOP:0,MODE:1",,,,nan,nan,nan,-1,9998000100000000.0,0.0029381434894085842,-0.011023647015157585,0.27962362675740976,0.9600419125633805,-0.006789330790257942,0.0005235987755982988,-0.002949606435870417,0.17651969999999997,0.0588399,9.747810099999999
1786685149.186143,91.686,0.0,-1.0,0,0,,,,,,,,,,,,,,,,,,,,,,,,,,,0,0.0,-4,66,True,True,False,"A:1,B:1,ESTOP:0,MODE:1",,,,nan,nan,nan,-1,9998000100000000.0,0.0029283825815722697,-0.010990135282079955,0.27962374669432344,0.9600422916656153,0.0022689280275926286,-0.0019722220547535923,0.0008203047484373349,0.25497289999999995,-0.02941995,9.81645665
1786685149.236113,91.736,0.0,-1.0,0,0,,,,,,,,,,,,,,,,,,,,,,,,,,,0,0.0,-4,35,True,True,False,"A:1,B:1,ESTOP:0,MODE:1",,,,nan,nan,nan,-1,9998000100000000.0,0.002914932610445899,-0.010975870464987783,0.2796069548182837,0.9600473864620739,-0.0018675022996339325,-0.0015882496193148398,-0.008726646259971648,0.16671305,-0.00980665,9.826263299999999
1786685149.286146,91.786,0.0,-1.0,0,0,,,,,,,,,,,,,,,,,,,,,,,,,,,0,0.0,-4,66,True,True,False,"A:1,B:1,ESTOP:0,MODE:1",,,,nan,nan,nan,-1,9998000100000000.0,0.0029460045051349594,-0.010957732353953127,0.2796073674455125,0.9600473786377968,0.0005061454830783556,-0.011990411961201045,0.006335545184739416,0.20593965,0.0,9.80665
1786685149.336165,91.836,0.0,-1.0,0,0,,,,,,,,,,,,,,,,,,,,,,,,,,,0,0.0,-4,37,True,True,False,"A:1,B:1,ESTOP:0,MODE:1",,,,nan,nan,nan,-1,9998000100000000.0,0.002934032865386282,-0.01097939398507734,0.2795987385025282,0.9600496808950358,-0.0003839724354387525,0.00027925268031909274,-0.003403392041388943,0.196133,0.02941995,9.71839015
1786685149.386129,91.886,0.0,-1.0,0,0,,,,,,,,,,,,,,,,,,,,,,,,,,,0,0.0,-4,67,True,True,False,"A:1,B:1,ESTOP:0,MODE:1",,,,nan,nan,nan,-1,9998000100000000.0,0.0029725208015270177,-0.010986364201779298,0.2796074404388896,0.9600469484212338,-0.001762782544514273,-0.009546951008408983,0.0010122909661567112,0.18632634999999997,0.04903325,9.79684335
1786685149.436124,91.936,0.0,-1.0,0,0,,,,,,,,,,,,,,,,,,,,,,,,,,,0,0.0,-4,36,True,True,False,"A:1,B:1,ESTOP:0,MODE:1",,,,nan,nan,nan,-1,9998000100000000.0,0.0029924876286426356,-0.010962366480034895,0.27958265260653026,0.9600543796579681,-0.0016406094968746698,0.0022514747350726853,-0.0002617993877991494,0.2353596,0.0,9.826263299999999
1786685149.486259,91.986,0.0,-1.0,0,0,,,,,,,,,,,,,,,,,,,,,,,,,,,0,0.0,-4,66,True,True,False,"A:1,B:1,ESTOP:0,MODE:1",,,,nan,nan,nan,-1,9998000100000000.0,0.0029623781639431888,-0.010952955696287861,0.2795740465074294,0.9600570866342224,0.0003839724354387525,0.00312413936106985,-0.007155849933176751,0.25497289999999995,-0.04903325,9.7870367
1786685149.536210,92.036,0.0,-1.0,0,0,,,,,,,,,,,,,,,,,,,,,,,,,,,0,0.0,-4,35,True,True,False,"A:1,B:1,ESTOP:0,MODE:1",,,,nan,nan,nan,-1,9998000100000000.0,0.002956631224734949,-0.010963721904230273,0.27959067743659316,0.9600521382843509,-0.00481710873550435,0.013753194505715317,-0.004694935687864747,0.2745862,0.0784532,9.80665
1786685149.586305,92.086,0.0,-1.0,0,0,,,,,,,,,,,,,,,,,,,,,,,,,,,0,0.0,-4,66,True,True,False,"A:1,B:1,ESTOP:0,MODE:1",,,,nan,nan,nan,-1,9998000100000000.0,0.0029699849234732898,-0.010978012141791118,0.27959909202238026,0.9600494831930432,-0.0026354471705114374,0.006126105674500096,5.235987755982989e-05,0.1372931,0.0196133,9.81645665
1786685149.636217,92.136,0.0,-1.0,0,0,,,,,,,,,,,,,,,,,,,,,,,,,,,0,0.0,-4,37,True,True,False,"A:1,B:1,ESTOP:0,MODE:1",,,,nan,nan,nan,-1,9998000100000000.0,0.002956822577330121,-0.010963670299610765,0.27960743346481215,0.9600472583602476,-0.006806784082777886,0.0023387411976724015,0.0018849555921538759,0.18632634999999997,-0.04903325,9.826263299999999
1786685149.686207,92.186,0.0,-1.0,0,0,,,,,,,,,,,,,,,,,,,,,,,,,,,0,0.0,-4,67,True,True,False,"A:1,B:1,ESTOP:0,MODE:1",,,,nan,nan,nan,-1,9998000100000000.0,0.0029828235771035055,-0.01092882826646577,0.27959114780910055,0.9600523181280382,0.0045029494701453706,0.0037175513067479217,-5.235987755982989e-05,0.28439285,0.02941995,9.81645665
1786685149.736237,92.236,0.0,-1.0,0,0,,,,,,,,,,,,,,,,,,,,,,,,,,,0,0.0,-4,36,True,True,False,"A:1,B:1,ESTOP:0,MODE:1",,,,nan,nan,nan,-1,9998000100000000.0,0.002985168061230554,-0.010937232343330619,0.2795827405046821,0.9600546635125553,0.0026354471705114374,-0.003787364476827695,0.00614355896702004,0.22555294999999997,0.0196133,9.826263299999999
1786685149.786260,92.286,0.0,-1.0,0,0,,,,,,,,,,,,,,,,,,,,,,,,,,,0,0.0,-4,65,True,True,False,"A:1,B:1,ESTOP:0,MODE:1",,,,nan,nan,nan,-1,9998000100000000.0,0.0029634368880296813,-0.010925381748021133,0.27957423028595846,0.9600573440349721,-0.005462880558742251,-0.0040666171571467884,-0.004223696789826277,0.18632634999999997,0.0588399,9.80665
1786685149.836125,92.336,0.0,-1.0,0,0,,,,,,,,,,,,,,,,,,,,,,,,,,,0,0.0,-4,35,True,True,False,"A:1,B:1,ESTOP:0,MODE:1",,,,nan,nan,nan,-1,9998000100000000.0,0.0029609018338409986,-0.010917029517500737,0.27956588155327955,0.9600598780275019,-0.0021991148575128553,0.0019722220547535923,-0.006457718232379019,0.18632634999999997,0.0588399,9.826263299999999
1786685149.886311,92.386,0.0,-1.0,0,0,,,,,,,,,,,,,,,,,,,,,,,,,,,0,0.0,-4,67,True,True,False,"A:1,B:1,ESTOP:0,MODE:1",,,,nan,nan,nan,-1,9998000100000000.0,0.002947549159964634,-0.010902738728353026,0.2795574669580716,0.9600625317707996,-0.01408480706359424,0.003996803987067015,-0.007557275661135447,0.2353596,-0.06864655,9.8851032
1786685149.936188,92.436,0.0,-1.0,0,0,,,,,,,,,,,,,,,,,,,,,,,,,,,0,0.0,-4,37,True,True,False,"A:1,B:1,ESTOP:0,MODE:1",,,,nan,nan,nan,-1,9998000100000000.0,0.0029752183285621484,-0.010903772078416918,0.2795661012400906,0.9600599204569342,0.0072082098107365804,-0.009948376736367677,0.0003665191429188092,0.18632634999999997,-0.02941995,9.7870367
1786685149.986502,92.486,0.0,-1.0,0,0,,,,,,,,,,,,,,,,,,,,,,,,,,,0,0.0,-4,67,True,True,False,"A:1,B:1,ESTOP:0,MODE:1",,,,nan,nan,nan,-1,9998000100000000.0,0.002971814968747417,-0.010922942002194047,0.2795743256172548,0.9600573181375502,-0.005131268000863329,-0.002234021442552742,-0.00047123889803846896,0.1569064,-0.04903325,9.77723005
1786685150.036201,92.536,0.0,-1.0,0,0,,,,,,,,,,,,,,,,,,,,,,,,,,,0,0.0,-4,36,True,True,False,"A:1,B:1,ESTOP:0,MODE:1",,,,nan,nan,nan,-1,9998000100000000.0,0.002975313481810688,-0.010903746114323832,0.2795744793327597,0.960057480745906,-0.002356194490192345,0.004049163864626845,0.0047298422729046335,0.196133,-0.0196133,9.79684335
1786685150.086235,92.586,0.0,-1.0,0,0,,,,,,,,,,,,,,,,,,,,,,,,,,,0,0.0,-4,64,True,True,False,"A:1,B:1,ESTOP:0,MODE:1",,,,nan,nan,nan,-1,9998000100000000.0,0.0029944142438060586,-0.010907270820632994,0.2795662624591775,0.9600597740876285,0.001239183768915974,0.002827433388230814,-0.0020594885173533086,0.21574629999999997,-0.06864655,9.77723005
1786685150.136231,92.636,0.0,-1.0,0,0,,,,,,,,,,,,,,,,,,,,,,,,,,,0,0.0,-4,34,True,True,False,"A:1,B:1,ESTOP:0,MODE:1",,,,nan,nan,nan,-1,9998000100000000.0,0.003017108842287679,-0.010891573695682158,0.27956657674077234,0.9600597897246353,-0.004258603374866164,-0.003735004599267865,0.005375614096142535,0.2353596,0.00980665,9.80665
1786685150.186337,92.686,0.0,-1.0,0,0,,,,,,,,,,,,,,,,,,,,,,,,,,,0,0.0,-4,66,True,True,False,"A:1,B:1,ESTOP:0,MODE:1",,,,nan,nan,nan,-1,9998000100000000.0,0.0029870001512443027,-0.010882162606591179,0.2795579714153276,0.9600624963955456,-0.0033859387488689996,0.013683381335635543,-0.0023212879051524586,0.16671305,-0.0196133,9.79684335
1786685150.236171,92.736,0.0,-1.0,0,0,,,,,,,,,,,,,,,,,,,,,,,,,,,0,0.0,-4,36,True,True,False,"A:1,B:1,ESTOP:0,MODE:1",,,,nan,nan,nan,-1,9998000100000000.0,0.0029904990050587063,-0.010862966768121254,0.2795581241626809,0.9600626584152405,-0.0037175513067479217,-0.0015184364492350666,6.981317007977319e-05,0.18632634999999997,-0.02941995,9.747810099999999
1786685150.286249,92.786,0.0,-1.0,0,0,,,,,,,,,,,,,,,,,,,,,,,,,,,0,0.0,-4,66,True,True,False,"A:1,B:1,ESTOP:0,MODE:1",,,,nan,nan,nan,-1,9998000100000000.0,0.002998877132152127,-0.010860527162848983,0.27955821894930444,0.960062632281657,-0.0007853981633974482,-0.0033161255787892262,-0.003543018381548489,0.21574629999999997,-0.0196133,9.875296549999998
1786685150.336232,92.836,0.0,-1.0,0,2,,,,,,,,,,,,,,,,,,,,,,,,,,,0,0.0,-4,35,True,True,False,"A:1,B:1,ESTOP:0,MODE:1",,,,nan,nan,nan,-1,9998000100000000.0,0.003004720942692275,-0.010849735659290871,0.27954996429486995,0.9600651396394502,-0.0027576202181510408,0.0004537856055185257,0.0008203047484373349,0.18632634999999997,-0.02941995,9.79684335
1786685150.386242,92.886,0.0,-1.0,0,2,,,,,,,,,,,,,,,,,,,,,,,,,,,0,0.0,-4,64,True,True,False,"A:1,B:1,ESTOP:0,MODE:1",,,,nan,nan,nan,-1,9998000100000000.0,0.0030172038890836526,-0.010891547366025843,0.2795749548323006,0.9600573500094578,-0.0003316125578789226,-0.007661995416255106,-0.00012217304763960306,0.2353596,-0.0392266,9.77723005
1786685150.436173,92.936,0.0,-1.0,0,2,,,,,,,,,,,,,,,,,,,,,,,,,,,0,0.0,-6,34,True,True,False,"A:1,B:1,ESTOP:0,MODE:1",,,,nan,nan,nan,-1,9998000100000000.0,0.0029897609972949794,-0.010954066710814553,0.2795575476640332,0.9600617934777667,0.023177972466484696,-0.017819811662862103,-0.0009773843811168245,0.2353596,0.4707192,10.130269449999998
1786685150.486234,92.986,0.0,-1.0,0,2,,,,,,,,,,,,,,,,,,,,,,,,,,,0,0.5067688822746277,-4,71,True,True,False,"A:1,B:1,ESTOP:0,MODE:1",,,,nan,nan,nan,-1,9998000100000000.0,0.002662144708735466,-0.010858609529343366,0.27956342109186716,0.9600621319331631,-0.20610593136801036,0.2997602990300261,0.0030019663134302466,0.1569064,-2.8047018999999995,9.649743599999999
1786685150.536237,93.036,0.0,-1.0,0,2,,,,,,,,,,,,,,,,,,,,,,,,,,,0,0.6427758932113647,-3,67,True,True,False,"A:1,B:1,ESTOP:0,MODE:1",,,,nan,nan,nan,-1,9998000100000000.0,0.0028453345871148283,-0.01092343713141772,0.2796233782929017,0.9600434099062334,-0.015533430342749533,0.0256388867117967,0.04937536453891959,0.7256921,-0.73549875,9.62032365
1786685150.586189,93.086,0.0,-1.0,0,0,,,,,,,,,,,,,,,,,,,,,,,,,,,0,0.6789088249206543,-3,71,True,True,False,"A:1,B:1,ESTOP:0,MODE:1",,,,nan,nan,nan,-1,9998000100000000.0,0.0030270935217409306,-0.010988638446084926,0.27955768863784064,0.9600612403661445,0.030997047515419294,-0.016336281798666925,0.007260569688296411,0.7551120499999999,-0.0980665,10.463695549999999
1786685150.636151,93.136,0.0,-1.0,0,0,,,,,,,,,,,,,,,,,,,,,,,,,,,0,1.5763789415359497,-2,36,True,True,False,"A:1,B:1,ESTOP:0,MODE:1",,,,nan,nan,nan,-1,9998000100000000.0,0.0025596804738151012,-0.010942988430655456,0.27957865440585805,0.9600570165571878,-0.08414232323864662,0.08283332629965089,-0.001064650843716541,0.1569064,-5.07003805,9.8654899
1786685150.686265,93.186,0.0,-1.0,0,2,,,,,,,,,,,,,,,,,,,,,,,,,,,0,2.0706515312194824,-5,52,True,True,False,"A:1,B:1,ESTOP:0,MODE:1",,,,nan,nan,nan,-1,9998000100000000.0,0.002741990449258797,-0.010817217534630915,0.27964820882006586,0.9600376808213903,-0.09608037532228784,0.06440264939859076,-0.025324727446437722,1.0395048999999998,-2.6674088,7.521700549999999
1786685150.736243,93.236,0.0,-1.0,0,2,,,,,,,,,,,,,,,,,,,,,,,,,,,0,2.2492129802703857,-3,32,True,True,False,"A:1,B:1,ESTOP:0,MODE:1",,,,nan,nan,nan,-1,9998000100000000.0,0.002972005609596716,-0.010922890132574426,0.27959108173588165,0.9600524384988394,0.07621852843459237,-0.028989918875625815,-0.0028099800957108708,-0.18632634999999997,-1.06892485,10.1596894
1786685150.786222,93.286,0.0,-1.0,0,2,,,,,,,,,,,,,,,,,,,,,,,,,,,0,2.2113234996795654,-2,68,True,True,False,"A:1,B:1,ESTOP:0,MODE:1",,,,nan,nan,nan,-1,9998000100000000.0,0.003201357248357301,-0.010928805058129279,0.27962674956945605,0.9600412457061366,-0.011135200627723822,0.0007504915783575617,-0.00874409955249159,0.04903325,0.18632634999999997,10.0616229
1786685150.836177,93.336,0.0,-1.0,0,2,,,,,,,,,,,,,,,,,,,,,,,,,,,0,2.248270034790039,-2,36,True,True,False,"A:1,B:1,ESTOP:0,MODE:1",,,,nan,nan,nan,-1,9998000100000000.0,0.003161042005140455,-0.010976902849348252,0.27964282028589704,0.9600361495692895,-0.0027401669256310974,0.011763519158441782,-0.008360127117052838,0.63743225,-0.16671305,9.71839015
1786685150.886227,93.386,0.0,-1.0,0,2,,,,,,,,,,,,,,,,,,,,,,,,,,,0,1.9466538429260254,-2,67,True,True,False,"A:1,B:1,ESTOP:0,MODE:1",,,,nan,nan,nan,-1,9998000100000000.0,0.003161752770259571,-0.01101304792196673,0.27958396556903614,0.9600528747374178,-0.1871691089838719,0.031503192998497645,-0.0075223690760955605,0.43149259999999995,1.7161637499999998,10.5715687
1786685150.936148,93.436,0.0,-1.0,0,0,,,,,,,,,,,,,,,,,,,,,,,,,,,0,1.6502740383148193,-2,44,True,True,False,"A:1,B:1,ESTOP:0,MODE:1",,,,nan,nan,nan,-1,9998000100000000.0,0.0031263619869395074,-0.010796140760647065,0.27962683976564773,0.9600429676259703,-0.12775810124598494,0.08894197868163103,-0.02726204291615143,-0.196133,1.5886772999999998,8.757338449999999
1786685150.986253,93.486,0.0,-1.0,0,2,,,,,,,,,,,,,,,,,,,,,,,,,,,0,2.2082784175872803,-2,69,True,True,False,"A:1,B:1,ESTOP:0,MODE:1",,,,nan,nan,nan,-1,9998000100000000.0,0.0028340829909828027,-0.010881300134813997,0.2797073077974013,0.9600194723263202,0.0947713783832921,-0.09901252846563832,-0.0016057029118347831,-0.35303939999999995,-3.20677455,8.9436648
1786685151.036223,93.536,0.0,-1.0,0,2,,,,,,,,,,,,,,,,,,,,,,,,,,,0,1.8872090578079224,-2,38,True,True,False,"A:1,B:1,ESTOP:0,MODE:1",,,,nan,nan,nan,-1,9998000100000000.0,0.0031881941517083825,-0.01091446155580082,0.27963508751156646,0.9600390240919358,-0.017697638615222503,0.015934856070708228,0.002076941809873252,0.20593965,1.7946169499999998,10.0420096
1786685151.086312,93.586,0.0,-1.0,0,2,,,,,,,,,,,,,,,,,,,,,,,,,,,0,2.0447397232055664,-2,69,True,True,False,"A:1,B:1,ESTOP:0,MODE:1",,,,nan,nan,nan,-1,9998000100000000.0,0.0032836169327482324,-0.010804867592670846,0.2796450358016792,0.9600370444142359,-0.003839724354387525,0.00307177948351002,0.004677482395344803,0.2353596,-0.8825985,9.77723005
1786685151.136189,93.636,0.0,-1.0,0,0,,,,,,,,,,,,,,,,,,,,,,,,,,,0,2.0239832401275635,-2,38,True,True,False,"A:1,B:1,ESTOP:0,MODE:1",,,,nan,nan,nan,-1,9998000100000000.0,0.0029426150037309188,-0.01084967100060207,0.27967502928149934,0.9600289077171119,-0.05480333851262195,-0.007714355293814937,0.019041542139258134,0.26477955,0.10787314999999999,10.012589649999999
1786685151.186264,93.686,0.0,-1.0,0,0,,,,,,,,,,,,,,,,,,,,,,,,,,,0,1.9315598011016846,-2,68,True,True,False,"A:1,B:1,ESTOP:0,MODE:1",,,,nan,nan,nan,-1,9998000100000000.0,0.0030331980920962703,-0.010786925078152466,0.2796595212880133,0.9600338505019766,0.023282692221604357,0.008185594191853406,-0.0012740903539558606,-0.00980665,0.4903325,9.610517
1786685151.236120,93.736,0.0,-1.0,0,0,,,,,,,,,,,,,,,,,,,,,,,,,,,0,2.021008014678955,-2,36,True,True,False,"A:1,B:1,ESTOP:0,MODE:1",,,,nan,nan,nan,-1,9998000100000000.0,0.002984315014350055,-0.010837519952809951,0.2796587467157792,0.9600336595195647,-0.03783873818323707,0.01398008730847458,0.006981317007977318,0.32361945,-0.50013915,10.0223963
1786685151.286245,93.786,0.0,-1.0,0,2,,,,,,,,,,,,,,,,,,,,,,,,,,,0,1.987278699874878,-2,66,True,True,False,"A:1,B:1,ESTOP:0,MODE:1",,,,nan,nan,nan,-1,9998000100000000.0,0.002923957810393677,-0.010755125323795033,0.27965868720692816,0.9600347891715644,0.006161012259539983,-0.0060911990894602095,-0.00301941960595019,0.196133,0.17651969999999997,9.67916355
1786685151.336189,93.836,0.0,-1.0,0,0,,,,,,,,,,,,,,,,,,,,,,,,,,,0,2.075807809829712,-2,34,True,True,False,"A:1,B:1,ESTOP:0,MODE:1",,,,nan,nan,nan,-1,9998000100000000.0,0.0029434357551979865,-0.010758545175180401,0.27968397968520664,0.9600273232565382,-0.00471238898038469,0.0024260076602721182,0.006213372137099813,0.26477955,-0.50013915,9.7870367
1786685151.386218,93.886,0.0,-1.0,0,0,,,,,,,,,,,,,,,,,,,,,,,,,,,0,2.020988941192627,-2,68,True,True,False,"A:1,B:1,ESTOP:0,MODE:1",,,,nan,nan,nan,-1,9998000100000000.0,0.002962444294604045,-0.010762093282241213,0.27966738311548944,0.9600320599299379,0.012566370614359171,0.0066322511575784525,-0.0036477381366681488,0.29419949999999995,0.30400615,9.836069949999999
1786685151.436158,93.936,0.0,-1.0,0,0,,,,,,,,,,,,,,,,,,,,,,,,,,,0,2.068171977996826,-2,36,True,True,False,"A:1,B:1,ESTOP:0,MODE:1",,,,nan,nan,nan,-1,9998000100000000.0,0.0029681939204457405,-0.010751326678092022,0.27965074980432936,0.9600370081061397,0.008447393579652554,-0.0069638637154573755,0.0054105206811824215,0.18632634999999997,-0.2745862,9.738003449999999
1786685151.486248,93.986,0.0,-1.0,0,0,,,,,,,,,,,,,,,,,,,,,,,,,,,0,2.0448899269104004,-2,65,True,True,False,"A:1,B:1,ESTOP:0,MODE:1",,,,nan,nan,nan,-1,9998000100000000.0,0.002986521776622738,-0.010782345715217492,0.27966748535846175,0.9600317282995546,0.00603883921190038,-0.001064650843716541,0.0023212879051524586,0.196133,0.1176798,9.826263299999999
1786685151.536150,94.036,0.0,-1.0,0,0,,,,,,,,,,,,,,,,,,,,,,,,,,,0,2.0344748497009277,-2,35,True,True,False,"A:1,B:1,ESTOP:0,MODE:1",,,,nan,nan,nan,-1,9998000100000000.0,0.0032507881362892578,-0.01065991751963847,0.2796707092652938,0.9600312978825299,-0.002478367537831948,-0.006911503837897545,0.0019722220547535923,0.2745862,0.0588399,9.845876599999999
1786685151.586446,94.086,0.0,-1.0,0,0,,,,,,,,,,,,,,,,,,,,,,,,,,,0,2.043158531188965,-2,64,True,True,False,"A:1,B:1,ESTOP:0,MODE:1",,,,nan,nan,nan,-1,9998000100000000.0,0.003111768079331576,-0.010682238252434273,0.2796608946189967,0.9600343695442581,0.0009250245035569946,0.0004363323129985824,0.002408554367752175,0.17651969999999997,-0.0588399,9.79684335
1786685151.636161,94.136,0.0,-1.0,0,0,,,,,,,,,,,,,,,,,,,,,,,,,,,0,2.0169711112976074,-2,34,True,True,False,"A:1,B:1,ESTOP:0,MODE:1",,,,nan,nan,nan,-1,9998000100000000.0,0.0032275816892100044,-0.010612147260114663,0.27965401669829876,0.9600367680414522,-0.0056199601914217415,0.0008028514559173916,-0.00047123889803846896,0.1569064,0.1372931,9.81645665
1786685151.686264,94.186,0.0,-1.0,0,0,,,,,,,,,,,,,,,,,,,,,,,,,,,0,2.0546019077301025,-2,34,True,True,False,"A:1,B:1,ESTOP:0,MODE:1",,,,nan,nan,nan,-1,9998000100000000.0,0.0031068870754576996,-0.010665482490127269,0.27966094888700044,0.9600345558382655,0.0016929693744344998,-0.0032812189937493396,-0.0015707963267948964,0.21574629999999997,-0.21574629999999997,9.7870367
1786685151.736217,94.236,0.0,-1.0,0,0,,,,,,,,,,,,,,,,,,,,,,,,,,,0,2.033703088760376,-2,6,True,True,False,"A:1,B:1,ESTOP:0,MODE:1",,,,nan,nan,nan,-1,9998000100000000.0,0.003141454986908706,-0.010628146316038515,0.27966149413585994,0.9600346985729987,-0.009232791743050004,0.0008028514559173916,-0.009128071987930343,0.17651969999999997,0.10787314999999999,9.79684335
1786685151.786229,94.286,0.0,-1.0,0,0,,,,,,,,,,,,,,,,,,,,,,,,,,,0,2.0468764305114746,-2,40,True,True,False,"A:1,B:1,ESTOP:0,MODE:1",,,,nan,nan,nan,-1,9998000100000000.0,0.0031365739887729426,-0.010611390543276205,0.27966154745978117,0.9600348843488717,0.0023387411976724015,0.0024260076602721182,-0.012409290981679682,0.22555294999999997,-0.0784532,9.81645665
1786685151.836125,94.336,0.0,-1.0,0,0,,,,,,,,,,,,,,,,,,,,,,,,,,,0,2.0233006477355957,-2,12,True,True,False,"A:1,B:1,ESTOP:0,MODE:1",,,,nan,nan,nan,-1,9998000100000000.0,0.003215892317694719,-0.010633727829755078,0.27967053491616267,0.9600317566459723,-0.0033335788713091696,-0.0014835298641951802,-0.0021642082724729686,0.22555294999999997,0.12748644999999997,9.77723005
1786685151.886240,94.386,0.0,-1.0,0,0,,,,,,,,,,,,,,,,,,,,,,,,,,,0,0.0,-2,48,True,True,False,"A:1,B:1,ESTOP:0,MODE:1",,,,nan,nan,nan,-1,9998000100000000.0,0.003266066789378349,-0.01061911280243386,0.27966271344677657,0.9600340275003812,0.0019198621771937625,0.0003665191429188092,-0.0014486232791552935,0.14709974999999997,-0.0,9.836069949999999
1786685151.936231,94.436,0.0,-1.0,0,0,,,,,,,,,,,,,,,,,,,,,,,,,,,0,0.0,-2,17,True,True,False,"A:1,B:1,ESTOP:0,MODE:1",,,,nan,nan,nan,-1,9998000100000000.0,0.0032636263025461352,-0.010610734915683177,0.2796627391597265,0.9600341209423681,0.0033335788713091696,0.0008726646259971648,0.0018500490071139892,0.17651969999999997,-0.0196133,9.81645665
1786685151.986285,94.486,0.0,-1.0,0,0,,,,,,,,,,,,,,,,,,,,,,,,,,,0,0.0,-2,52,True,True,False,"A:1,B:1,ESTOP:0,MODE:1",,,,nan,nan,nan,-1,9998000100000000.0,0.0032528079363555473,-0.010604797545741642,0.27966267231771075,0.9600342427339036,0.0020245819323134223,0.0043982297150257105,-0.007260569688296411,0.21574629999999997,0.00980665,9.826263299999999
1786685152.036187,94.536,0.0,-1.0,0,0,,,,,,,,,,,,,,,,,,,,,,,,,,,0,0.0,-2,24,True,True,False,"A:1,B:1,ESTOP:0,MODE:1",,,,nan,nan,nan,-1,9998000100000000.0,0.003228823074798889,-0.010584516736664211,0.2796709426631698,0.9600321382833478,0.006928957130417489,0.0052010811709431014,0.005864306286700947,0.17651969999999997,0.0392266,9.875296549999998
1786685152.086326,94.586,0.0,-1.0,0,0,,,,,,,,,,,,,,,,,,,,,,,,,,,0,0.0,-2,56,True,True,False,"A:1,B:1,ESTOP:0,MODE:1",,,,nan,nan,nan,-1,9998000100000000.0,0.003279090235563937,-0.010569873185846988,0.27967149648380296,0.9600319679065756,-0.004921828490624009,0.004747295565424576,-0.004590215932745087,0.16671305,0.0196133,9.757616749999999
1786685152.136195,94.636,0.0,-1.0,0,0,,,,,,,,,,,,,,,,,,,,,,,,,,,0,0.0,-2,26,True,True,False,"A:1,B:1,ESTOP:0,MODE:1",,,,nan,nan,nan,-1,9998000100000000.0,0.003220537602315972,-0.010586929221557663,0.2796792281356527,0.9600297257984541,0.0062482787221397,-0.0020420352248333657,-0.0006981317007977319,0.196133,0.00980665,9.81645665
1786685152.186213,94.686,0.0,-1.0,0,0,,,,,,,,,,,,,,,,,,,,,,,,,,,0,0.0,-2,60,True,True,False,"A:1,B:1,ESTOP:0,MODE:1",,,,nan,nan,nan,-1,9998000100000000.0,0.003237108589386348,-0.0105821043963799,0.2796626571485823,0.9600345506236321,0.0036302848441482054,0.001413716694115407,-0.003926990816987242,0.29419949999999995,-0.0392266,9.836069949999999
1786685152.236163,94.736,0.0,-1.0,0,0,,,,,,,,,,,,,,,,,,,,,,,,,,,0,0.0,-2,27,True,True,False,"A:1,B:1,ESTOP:0,MODE:1",,,,nan,nan,nan,-1,9998000100000000.0,0.003170085526187008,-0.010601628507224566,0.2796619176968079,0.9600347742768984,0.0018500490071139892,0.0004188790204786391,0.0012217304763960308,0.20593965,0.0196133,9.875296549999998
1786685152.286270,94.786,0.0,-1.0,0,0,,,,,,,,,,,,,,,,,,,,,,,,,,,0,0.0,-2,62,True,True,False,"A:1,B:1,ESTOP:0,MODE:1",,,,nan,nan,nan,-1,9998000100000000.0,0.0031617076421940203,-0.010604069017448982,0.27966182516949745,0.960034801904558,-0.003926990816987242,-0.0032812189937493396,-0.007435102613495843,0.12748644999999997,0.0392266,9.7674234
1786685152.336241,94.836,0.0,-1.0,0,2,,,,,,,,,,,,,,,,,,,,,,,,,,,0,0.0,-2,32,True,True,False,"A:1,B:1,ESTOP:0,MODE:1",,,,nan,nan,nan,-1,9998000100000000.0,0.0031400708760139662,-0.01059219425901631,0.2796616931434938,0.9600350424665692,0.004590215932745087,-0.0018151424220741027,0.00022689280275926284,0.28439285,-0.0,9.875296549999998
1786685152.386348,94.886,0.0,-1.0,0,2,,,,,,,,,,,,,,,,,,,,,,,,,,,0,0.0,-3,59,True,True,False,"A:1,B:1,ESTOP:0,MODE:1",,,,nan,nan,nan,-1,9998000100000000.0,0.0032220645919106257,-0.010686463699570622,0.2796619064446981,0.9600336639290731,0.009442231253289324,0.005969026041820607,0.0009773843811168245,0.2745862,0.5099457999999999,9.9047165
1786685152.436147,94.936,0.0,-1.0,0,2,,,,,,,,,,,,,,,,,,,,,,,,,,,0,0.44070306420326233,-2,34,True,True,False,"A:1,B:1,ESTOP:0,MODE:1",,,,nan,nan,nan,-1,9998000100000000.0,0.002971736062259168,-0.010668500615145892,0.2796847966199286,0.9600280029348467,-0.21771237089377268,0.29487337712444195,0.00947713783832921,0.1372931,-2.42224255,10.591182
1786685152.486277,94.986,0.0,-1.0,0,0,,,,,,,,,,,,,,,,,,,,,,,,,,,0,0.5393039584159851,-2,68,True,True,False,"A:1,B:1,ESTOP:0,MODE:1",,,,nan,nan,nan,-1,9998000100000000.0,0.0031197436536726623,-0.010707181335474311,0.27971945768071754,0.9600170042567944,0.031241393610698498,-0.013369222070276564,0.04550073359949217,0.0588399,-0.5295591,9.99297635
1786685152.536184,95.036,0.0,-1.0,0,2,,,,,,,,,,,,,,,,,,,,,,,,,,,0,0.5824819207191467,-2,36,True,True,False,"A:1,B:1,ESTOP:0,MODE:1",,,,nan,nan,nan,-1,9998000100000000.0,0.003261160221117614,-0.01075686973756976,0.2796953673958931,0.9600229976645026,0.06305874587455512,-0.02199114857512855,0.004136430327226561,0.8629851999999999,-0.20593965,10.287175849999999
1786685152.586253,95.086,0.0,-1.0,0,2,,,,,,,,,,,,,,,,,,,,,,,,,,,0,1.4818066358566284,-2,66,True,True,False,"A:1,B:1,ESTOP:0,MODE:1",,,,nan,nan,nan,-1,9998000100000000.0,0.0029332016214508564,-0.010316174229604985,0.27972842436205864,0.9600192609950242,-0.0942477796076938,0.0776846050062676,-0.025028021473598686,-0.48052585,-4.97197155,9.198637699999999
1786685152.636133,95.136,0.0,-1.0,0,0,,,,,,,,,,,,,,,,,,,,,,,,,,,0,1.7232353687286377,-4,32,True,True,False,"A:1,B:1,ESTOP:0,MODE:1",,,,nan,nan,nan,-1,9998000100000000.0,0.0033272260487259065,-0.010392253808524229,0.2796645711968332,0.9600357588365609,0.11313224211427245,-0.15132004614790837,-0.0007853981633974482,-1.32389775,-1.1571847,10.110656149999999
1786685152.686330,95.186,0.0,-1.0,0,0,,,,,,,,,,,,,,,,,,,,,,,,,,,0,1.8457200527191162,-3,62,True,True,False,"A:1,B:1,ESTOP:0,MODE:1",,,,nan,nan,nan,-1,9998000100000000.0,0.0035009198451670907,-0.010459830166411683,0.27962391981265694,0.9600462483556363,-0.014922565104551517,0.03373721444105039,-0.03251548396465436,0.99047165,-0.7943386499999999,10.542148749999999
1786685152.736198,95.236,0.0,-1.0,0,0,,,,,,,,,,,,,,,,,,,,,,,,,,,0,1.9934117794036865,-2,33,True,True,False,"A:1,B:1,ESTOP:0,MODE:1",,,,nan,nan,nan,-1,9998000100000000.0,0.0034567188642014267,-0.010399975801663455,0.27966572256352623,0.960034882293888,0.010122909661567111,-0.04399975044277705,-0.0005235987755982988,-0.4118793,-0.73549875,9.590903699999998
1786685152.786222,95.286,0.0,-1.0,0,0,,,,,,,,,,,,,,,,,,,,,,,,,,,0,1.9644147157669067,-2,66,True,True,False,"A:1,B:1,ESTOP:0,MODE:1",,,,nan,nan,nan,-1,9998000100000000.0,0.003590584154274228,-0.010360989668197899,0.27965041614432906,0.9600392712534369,0.00047123889803846896,0.006981317007977318,0.004677482395344803,0.34323275000000003,0.1569064,9.669356899999999
1786685152.836149,95.336,0.0,-1.0,0,2,,,,,,,,,,,,,,,,,,,,,,,,,,,0,1.3861470222473145,-2,36,True,True,False,"A:1,B:1,ESTOP:0,MODE:1",,,,nan,nan,nan,-1,9998000100000000.0,0.0038584549881827785,-0.010437456126501958,0.2796692598041112,0.9600319145504134,-0.03651228795172137,0.012845623294678265,-0.012775810124598492,-0.7551120499999999,3.5205873499999996,10.189109349999999
1786685152.886286,95.386,0.0,-1.0,0,2,,,,,,,,,,,,,,,,,,,,,,,,,,,0,1.0141617059707642,-2,73,True,True,False,"A:1,B:1,ESTOP:0,MODE:1",,,,nan,nan,nan,-1,9998000100000000.0,0.0038594207187653364,-0.010409915523076109,0.27966103422479854,0.9600346058694104,-0.03895574890451344,0.033876840781209935,0.020909044438892067,1.3827376499999997,1.85345685,10.012589649999999
1786685152.936132,95.436,0.0,-1.0,0,0,,,,,,,,,,,,,,,,,,,,,,,,,,,0,1.4202498197555542,-2,41,True,True,False,"A:1,B:1,ESTOP:0,MODE:1",,,,nan,nan,nan,-1,9998000100000000.0,0.003495750316667344,-0.010315899191580307,0.2796581610093583,0.9600378507821744,-0.04082325120414737,-0.0058468529941810045,0.02087413785385218,0.0784532,-2.2555295,8.659271949999999
1786685152.986219,95.486,0.0,-1.0,0,0,,,,,,,,,,,,,,,,,,,,,,,,,,,0,1.180046558380127,-2,67,True,True,False,"A:1,B:1,ESTOP:0,MODE:1",,,,nan,nan,nan,-1,9998000100000000.0,0.003533782395156199,-0.010323016503981533,0.2796249644512361,0.9600473045469619,0.05304055596810768,0.000296705972839036,-0.019338248112097174,0.45110589999999995,1.3337044,9.836069949999999
1786685153.036202,95.536,0.0,-1.0,0,0,,,,,,,,,,,,,,,,,,,,,,,,,,,0,1.2495908737182617,-2,36,True,True,False,"A:1,B:1,ESTOP:0,MODE:1",,,,nan,nan,nan,-1,9998000100000000.0,0.003100150880168514,-0.010394783907415158,0.27961221123890445,0.9600517428025056,-0.021275563581810878,0.0004014257279586958,-0.013945180723434694,-0.0392266,-0.3334261,9.826263299999999
1786685153.086231,95.586,0.0,-1.0,0,0,,,,,,,,,,,,,,,,,,,,,,,,,,,0,1.1305229663848877,-2,68,True,True,False,"A:1,B:1,ESTOP:0,MODE:1",,,,nan,nan,nan,-1,9998000100000000.0,0.002711355189486355,-0.010526199028581134,0.2796162436215934,0.9600503132596733,-0.027244589623631483,0.008691739674931762,8.726646259971648e-05,0.37265269999999995,0.6472389,9.9635564
1786685153.136184,95.636,0.0,-1.0,0,0,,,,,,,,,,,,,,,,,,,,,,,,,,,0,1.0753164291381836,-2,38,True,True,False,"A:1,B:1,ESTOP:0,MODE:1",,,,nan,nan,nan,-1,9998000100000000.0,0.002701960754032612,-0.010492592706627966,0.2796498728264332,0.9600409124274529,0.0065100781099388496,0.0037699111843077517,-0.0042935099599060505,0.04903325,0.35303939999999995,9.77723005
1786685153.186206,95.686,0.0,-1.0,0,2,,,,,,,,,,,,,,,,,,,,,,,,,,,0,1.0136085748672485,-2,66,True,True,False,"A:1,B:1,ESTOP:0,MODE:1",,,,nan,nan,nan,-1,9998000100000000.0,0.002732210679472078,-0.01056557738904051,0.27964132270004977,0.9600425168906874,-0.045413467136892455,0.0053058009260627615,0.0004886921905584122,0.392266,0.3138128,10.0812362
1786685153.236256,95.736,0.0,-1.0,0,0,,,,,,,,,,,,,,,,,,,,,,,,,,,0,0.9961715340614319,-2,35,True,True,False,"A:1,B:1,ESTOP:0,MODE:1",,,,nan,nan,nan,-1,9998000100000000.0,0.002586053584204894,-0.010562710355130069,0.2796483752694385,0.9600408989652351,0.0008552113334772215,0.00932005820564972,0.0052010811709431014,0.12748644999999997,0.1176798,9.67916355
1786685153.286340,95.786,0.0,-1.0,0,0,,,,,,,,,,,,,,,,,,,,,,,,,,,0,1.016451358795166,-2,64,True,True,False,"A:1,B:1,ESTOP:0,MODE:1",,,,nan,nan,nan,-1,9998000100000000.0,0.002662328045498632,-0.010513219109972835,0.2796326291586253,0.9600458202310755,-0.01583013631558857,0.003612831551628262,-0.008883725892651137,0.22555294999999997,-0.1176798,9.9635564
1786685153.336217,95.836,0.0,-1.0,0,0,,,,,,,,,,,,,,,,,,,,,,,,,,,0,0.9743621349334717,-2,34,True,True,False,"A:1,B:1,ESTOP:0,MODE:1",,,,nan,nan,nan,-1,9998000100000000.0,0.0025218330442919913,-0.010499599110814698,0.27961467876614243,0.9600515768411173,0.008168140899333463,-0.0,0.0033335788713091696,0.2745862,0.22555294999999997,9.875296549999998
1786685153.386235,95.886,0.0,-1.0,0,0,,,,,,,,,,,,,,,,,,,,,,,,,,,0,1.0365939140319824,-2,67,True,True,False,"A:1,B:1,ESTOP:0,MODE:1",,,,nan,nan,nan,-1,9998000100000000.0,0.002442607803528782,-0.01047722985613891,0.27961410090454486,0.960052194360808,-0.010559241974565694,-0.0003839724354387525,0.005113814708343385,0.2353596,-0.36284605,9.7085835
1786685153.436143,95.936,0.0,-1.0,0,0,,,,,,,,,,,,,,,,,,,,,,,,,,,0,1.0212804079055786,-2,35,True,True,False,"A:1,B:1,ESTOP:0,MODE:1",,,,nan,nan,nan,-1,9998000100000000.0,0.002474970911718802,-0.010495065185656226,0.279605904282131,0.960054303889268,0.006754424205218055,0.0030892327760299633,-0.0009948376736367678,0.196133,0.08825984999999999,9.826263299999999
1786685153.486326,95.986,0.0,-1.0,0,2,,,,,,,,,,,,,,,,,,,,,,,,,,,0,1.0506658554077148,-2,66,True,True,False,"A:1,B:1,ESTOP:0,MODE:1",,,,nan,nan,nan,-1,9998000100000000.0,0.002581536725560924,-0.010454944277978453,0.27961550114761,0.9600516659671237,0.0014486232791552935,0.0027401669256310974,0.0009250245035569946,0.30400615,-0.18632634999999997,9.71839015
1786685153.536287,96.036,0.0,-1.0,0,2,,,,,,,,,,,,,,,,,,,,,,,,,,,0,1.0634384155273438,-2,34,True,True,False,"A:1,B:1,ESTOP:0,MODE:1",,,,nan,nan,nan,-1,9998000100000000.0,0.002408221741713788,-0.010514522291121,0.2796303049785196,0.9600471539599774,-0.0015707963267948964,0.0021991148575128553,0.000593411945678072,0.17651969999999997,-0.06864655,9.845876599999999
1786685153.586476,96.086,0.0,-1.0,0,2,,,,,,,,,,,,,,,,,,,,,,,,,,,0,1.0461732149124146,-2,64,True,True,False,"A:1,B:1,ESTOP:0,MODE:1",,,,nan,nan,nan,-1,9998000100000000.0,0.002580335860352682,-0.01041894709920284,0.2796324678788859,0.9600471187999867,0.00307177948351002,-0.0003839724354387525,0.010821041362364843,0.26477955,0.08825984999999999,9.80665
1786685153.636142,96.136,0.0,-1.0,0,0,,,,,,,,,,,,,,,,,,,,,,,,,,,0,1.1146281957626343,-3,34,True,True,False,"A:1,B:1,ESTOP:0,MODE:1",,,,nan,nan,nan,-1,9998000100000000.0,0.002517684851642974,-0.010391742704323803,0.2796153169963195,0.9600525753559557,-0.00815068760681352,-0.009808750396208134,0.0076445421237351634,0.45110589999999995,-0.4216859499999999,9.46341725
1786685153.686267,96.186,0.0,-1.0,0,0,,,,,,,,,,,,,,,,,,,,,,,,,,,0,0.9564099311828613,-3,47,True,True,False,"A:1,B:1,ESTOP:0,MODE:1",,,,nan,nan,nan,-1,9998000100000000.0,0.00278837261694213,-0.010603740659359227,0.2796080969042695,0.9600516120541389,0.042027528388023455,-0.236387393890112,-0.007138396640656807,0.40207265,0.8727918499999999,11.807206599999999
1786685153.736192,96.236,0.0,-1.0,0,0,,,,,,,,,,,,,,,,,,,,,,,,,,,0,1.2083628177642822,-2,22,True,True,False,"A:1,B:1,ESTOP:0,MODE:1",,,,nan,nan,nan,-1,9998000100000000.0,0.0023683177534722646,-0.010444269846031492,0.27952148998153026,0.9600797075956283,-0.06588617926278593,-0.0456752665246916,-0.031119220563058894,0.8433718999999998,-1.4317708999999998,9.473223899999999
1786685153.786387,96.286,0.0,-1.0,0,0,,,,,,,,,,,,,,,,,,,,,,,,,,,0,1.4329562187194824,-2,54,True,True,False,"A:1,B:1,ESTOP:0,MODE:1",,,,nan,nan,nan,-1,9998000100000000.0,0.0024194441702111583,-0.010365833397924393,0.27963135009022977,0.9600484382751681,0.05337216852598659,-0.07190756518216639,-0.004084070449666731,-0.0392266,-1.24544455,8.7867584
1786685153.836186,96.336,0.0,-1.0,0,0,,,,,,,,,,,,,,,,,,,,,,,,,,,0,1.7150511741638184,-3,25,True,True,False,"A:1,B:1,ESTOP:0,MODE:1",,,,nan,nan,nan,-1,9998000100000000.0,0.002449286841008721,-0.010502513506271061,0.2795553607137153,0.9600690071553428,-0.16606807832726048,0.1061334718137752,0.036739180754480634,1.0296982499999998,-1.569064,10.77750835
1786685153.886232,96.386,0.0,-1.0,0,0,,,,,,,,,,,,,,,,,,,,,,,,,,,0,1.9698350429534912,-4,44,True,True,False,"A:1,B:1,ESTOP:0,MODE:1",,,,nan,nan,nan,-1,9998000100000000.0,0.0022253782828878773,-0.010295061644996929,0.27956305077019816,0.9600695600014009,-0.16269959287091137,0.16975072304896852,-0.043947390565217216,-0.25497289999999995,-1.4415775499999999,7.9433865
1786685153.936169,96.436,0.0,-1.0,0,0,,,,,,,,,,,,,,,,,,,,,,,,,,,0,2.0305755138397217,-3,32,True,True,False,"A:1,B:1,ESTOP:0,MODE:1",,,,nan,nan,nan,-1,9998000100000000.0,0.0026036337811286892,-0.010375787807657211,0.27959105913792043,0.960059583447111,0.0678409480250196,-0.08178612874845428,0.012409290981679682,-0.196133,-0.34323275000000003,9.5124505
1786685153.986258,96.486,0.0,-1.0,0,0,,,,,,,,,,,,,,,,,,,,,,,,,,,0,2.168747901916504,-2,68,True,True,False,"A:1,B:1,ESTOP:0,MODE:1",,,,nan,nan,nan,-1,9998000100000000.0,0.0025770778760713453,-0.01041077156538034,0.27955709490334557,0.9600691668803013,-0.1007404044251127,0.12424998944947632,-0.020594885173533087,0.6962721499999999,-0.77472535,10.365629049999999
1786685154.036275,96.536,0.0,-1.0,0,0,,,,,,,,,,,,,,,,,,,,,,,,,,,0,2.1535189151763916,-2,35,True,True,False,"A:1,B:1,ESTOP:0,MODE:1",,,,nan,nan,nan,-1,9998000100000000.0,0.002686084825566733,-0.010379033311940785,0.27956665233970507,0.9600664286992802,-0.007452555906015787,0.013037609512397642,0.008988445647770798,0.18632634999999997,0.0784532,9.973363049999998
1786685154.086454,96.586,0.0,-1.0,0,2,,,,,,,,,,,,,,,,,,,,,,,,,,,0,1.9634138345718384,-2,64,True,True,False,"A:1,B:1,ESTOP:0,MODE:1",,,,nan,nan,nan,-1,9998000100000000.0,0.002509459609669664,-0.01036682769068124,0.27953162589915126,0.9600772373191003,0.043737951054977894,-0.03598868917612307,-0.0383797902513553,1.2944778,1.12776475,9.757616749999999
1786685154.136146,96.636,0.0,-1.0,0,0,,,,,,,,,,,,,,,,,,,,,,,,,,,0,1.9674348831176758,-2,44,True,True,False,"A:1,B:1,ESTOP:0,MODE:1",,,,nan,nan,nan,-1,9998000100000000.0,0.0024141593860765643,-0.010503704096409031,0.27963042818440464,0.960047221582418,0.16735962197373627,-0.07552039673379464,0.0009773843811168245,0.3334261,-0.0196133,10.8461549
1786685154.186242,96.686,0.0,-1.0,0,2,,,,,,,,,,,,,,,,,,,,,,,,,,,0,1.866071343421936,-2,68,True,True,False,"A:1,B:1,ESTOP:0,MODE:1",,,,nan,nan,nan,-1,9998000100000000.0,0.002363114926186704,-0.010673054287761576,0.2795953551291661,0.9600556957751001,-0.1244419756671957,0.01942551457469689,0.030211649352021846,0.25497289999999995,0.5687857,10.051816249999998
1786685154.236134,96.736,0.0,-1.0,0,2,,,,,,,,,,,,,,,,,,,,,,,,,,,0,2.041100263595581,-2,37,True,True,False,"A:1,B:1,ESTOP:0,MODE:1",,,,nan,nan,nan,-1,9998000100000000.0,0.0016697558418957974,-0.010820432453142952,0.27957959367243684,0.9600600923686551,0.03858922976159462,-0.015917402778188285,0.020525072003453316,0.30400615,-0.99047165,9.62032365
1786685154.286268,96.786,0.0,-1.0,0,2,,,,,,,,,,,,,,,,,,,,,,,,,,,0,1.9114575386047363,-2,69,True,True,False,"A:1,B:1,ESTOP:0,MODE:1",,,,nan,nan,nan,-1,9998000100000000.0,0.001852411150657738,-0.010730853359758827,0.27955677215821517,0.9600674083102604,0.02387610416728243,-0.017296212887263806,-0.0013439035240356337,0.0588399,0.6864655000000001,9.4536106
1786685154.336149,96.836,0.0,-1.0,0,0,,,,,,,,,,,,,,,,,,,,,,,,,,,0,1.811318039894104,-2,37,True,True,False,"A:1,B:1,ESTOP:0,MODE:1",,,,nan,nan,nan,-1,9998000100000000.0,0.0014937207404822754,-0.010871680943270767,0.2795692279119337,0.9600628219843441,0.03549999698556466,0.0007330382858376184,0.005218534463463045,0.392266,0.55897905,10.1204628
1786685154.386241,96.886,0.0,-1.0,0,0,,,,,,,,,,,,,,,,,,,,,,,,,,,0,1.9078800678253174,-2,66,True,True,False,"A:1,B:1,ESTOP:0,MODE:1",,,,nan,nan,nan,-1,9998000100000000.0,0.001396127689280668,-0.01075469788861381,0.2795775859214238,0.9600618525653171,0.03593632929856325,-0.01947787445225672,0.0010821041362364843,0.04903325,-0.5982056499999999,9.60071035
1786685154.436147,96.936,0.0,-1.0,0,0,,,,,,,,,,,,,,,,,,,,,,,,,,,0,1.7794125080108643,-2,36,True,True,False,"A:1,B:1,ESTOP:0,MODE:1",,,,nan,nan,nan,-1,9998000100000000.0,0.0017872736127662174,-0.010631680722847914,0.2795652538627651,0.9600661653504348,0.012828170002158322,-0.010088003076527224,-0.0016929693744344998,0.25497289999999995,0.7060787999999999,9.855683249999998
1786685154.486259,96.986,0.0,-1.0,0,0,,,,,,,,,,,,,,,,,,,,,,,,,,,0,1.7626971006393433,-2,65,True,True,False,"A:1,B:1,ESTOP:0,MODE:1",,,,nan,nan,nan,-1,9998000100000000.0,0.0016984265360475322,-0.010639350818396549,0.2795476433717713,0.960071369558927,0.01408480706359424,-0.004206243497306334,0.003473205211468716,0.1176798,0.0588399,9.914523149999999
1786685154.536210,97.036,0.0,-1.0,0,0,,,,,,,,,,,,,,,,,,,,,,,,,,,0,1.718683123588562,-2,36,True,True,False,"A:1,B:1,ESTOP:0,MODE:1",,,,nan,nan,nan,-1,9998000100000000.0,0.0018072505976632982,-0.010607652847485787,0.2795404703567955,0.9600736101878053,-0.0200363798128949,0.00015707963267948965,0.0002443460952792061,0.12748644999999997,0.21574629999999997,9.7674234
1786685154.586364,97.086,0.0,-1.0,0,0,,,,,,,,,,,,,,,,,,,,,,,,,,,0,1.7042008638381958,-2,69,True,True,False,"A:1,B:1,ESTOP:0,MODE:1",,,,nan,nan,nan,-1,9998000100000000.0,0.001650410979327109,-0.010662394821667583,0.2795302916746104,0.9600762498450702,0.004537856055185257,0.0024434609527920616,-0.007330382858376184,0.20593965,0.0588399,9.836069949999999
1786685154.636134,97.136,0.0,-1.0,0,0,,,,,,,,,,,,,,,,,,,,,,,,,,,0,1.6999194622039795,-2,38,True,True,False,"A:1,B:1,ESTOP:0,MODE:1",,,,nan,nan,nan,-1,9998000100000000.0,0.001817883248372435,-0.01061362328445808,0.2795237701022516,0.9600783865128382,-0.01949532774477666,0.004799655442984407,-0.0037000980142279784,0.2353596,0.00980665,9.79684335
1786685154.686223,97.186,0.0,-1.0,0,0,,,,,,,,,,,,,,,,,,,,,,,,,,,0,1.6795896291732788,-2,67,True,True,False,"A:1,B:1,ESTOP:0,MODE:1",,,,nan,nan,nan,-1,9998000100000000.0,0.0017232296520068554,-0.010695663504935627,0.27948882690763016,0.9600878235325935,0.0021642082724729686,-0.008517206749732328,0.0015707963267948964,0.16671305,0.08825984999999999,9.914523149999999
1786685154.736255,97.236,0.0,-1.0,0,0,,,,,,,,,,,,,,,,,,,,,,,,,,,0,1.6803004741668701,-2,36,True,True,False,"A:1,B:1,ESTOP:0,MODE:1",,,,nan,nan,nan,-1,9998000100000000.0,0.001946037994516068,-0.010648988813411107,0.2794995537508108,0.9600847938731627,-0.005096361415823442,-0.005794493116621174,0.004153883619746504,0.2745862,-0.00980665,9.79684335
1786685154.786252,97.286,0.0,-1.0,0,0,,,,,,,,,,,,,,,,,,,,,,,,,,,0,1.6855721473693848,-2,64,True,True,False,"A:1,B:1,ESTOP:0,MODE:1",,,,nan,nan,nan,-1,9998000100000000.0,0.0018110179577546701,-0.010715572252557861,0.2795062386907603,0.9600823710797945,-8.726646259971648e-05,-0.002356194490192345,-0.005026548245743669,0.20593965,-0.04903325,9.79684335
1786685154.836143,97.336,0.0,-1.0,0,0,,,,,,,,,,,,,,,,,,,,,,,,,,,0,1.6540964841842651,-2,34,True,True,False,"A:1,B:1,ESTOP:0,MODE:1",,,,nan,nan,nan,-1,9998000100000000.0,0.00196748715154057,-0.010660901488989724,0.27948291203148473,0.9600894625274001,0.0020245819323134223,0.013055062804917585,0.002408554367752175,0.24516625,0.16671305,9.855683249999998
1786685154.886194,97.386,0.0,-1.0,0,0,,,,,,,,,,,,,,,,,,,,,,,,,,,0,1.684247374534607,-2,68,True,True,False,"A:1,B:1,ESTOP:0,MODE:1",,,,nan,nan,nan,-1,9998000100000000.0,0.00196136167978456,-0.010671752973941732,0.27946602669134335,0.96009426968094,0.003560471674068432,-0.0038746309394274117,0.006579891280018622,0.20593965,-0.18632634999999997,9.79684335
1786685154.936217,97.436,0.0,-1.0,0,0,,,,,,,,,,,,,,,,,,,,,,,,,,,0,1.6621631383895874,-2,6,True,True,False,"A:1,B:1,ESTOP:0,MODE:1",,,,nan,nan,nan,-1,9998000100000000.0,0.001993497707112303,-0.010626045564672986,0.2794666326003151,0.9600945340879666,0.0029670597283903604,0.0029321531433504737,0.00020943951023931956,0.25497289999999995,0.1176798,9.7870367
1786685154.986241,97.486,0.0,-1.0,0,0,,,,,,,,,,,,,,,,,,,,,,,,,,,0,1.6753969192504883,-2,39,True,True,False,"A:1,B:1,ESTOP:0,MODE:1",,,,nan,nan,nan,-1,9998000100000000.0,0.002055147126046733,-0.010526288121019462,0.2794511103411218,0.9601000211216526,-0.005829399701661061,0.0061959188445798695,-0.008325220532012952,0.20593965,-0.08825984999999999,9.875296549999998
1786685155.036246,97.536,0.0,-1.0,0,0,,,,,,,,,,,,,,,,,,,,,,,,,,,0,1.6598929166793823,-2,12,True,True,False,"A:1,B:1,ESTOP:0,MODE:1",,,,nan,nan,nan,-1,9998000100000000.0,0.0020993864048751637,-0.010522491480944782,0.2794431570974521,0.9601022818956142,-0.0072082098107365804,-0.0018849555921538759,0.000296705972839036,0.28439285,0.08825984999999999,9.81645665
1786685155.086221,97.586,0.0,-1.0,0,0,,,,,,,,,,,,,,,,,,,,,,,,,,,0,1.6546815633773804,-2,48,True,True,False,"A:1,B:1,ESTOP:0,MODE:1",,,,nan,nan,nan,-1,9998000100000000.0,0.0021753836074329797,-0.010564013270461962,0.27946870097546006,0.9600942216808052,0.008482300164692442,-0.0008726646259971648,0.0022165681500327986,0.1569064,0.00980665,9.7674234
1786685155.136200,97.636,0.0,-1.0,0,0,,,,,,,,,,,,,,,,,,,,,,,,,,,0,1.6565994024276733,-2,16,True,True,False,"A:1,B:1,ESTOP:0,MODE:1",,,,nan,nan,nan,-1,9998000100000000.0,0.002193018069597818,-0.010531599992095459,0.27945232022145894,0.960099305695091,0.005270894341022875,0.0016580627893946131,-0.0024609142453120045,0.21574629999999997,-0.0196133,9.7674234
1786685155.186218,97.686,0.0,-1.0,0,0,,,,,,,,,,,,,,,,,,,,,,,,,,,0,0.0,-2,53,True,True,False,"A:1,B:1,ESTOP:0,MODE:1",,,,nan,nan,nan,-1,9998000100000000.0,0.0022493587931577807,-0.01056971624800487,0.2794358253126022,0.9601035574433213,-0.0014486232791552935,0.005375614096142535,0.0015882496193148398,0.21574629999999997,-0.0784532,9.7085835
1786685155.236149,97.736,0.0,-1.0,0,0,,,,,,,,,,,,,,,,,,,,,,,,,,,0,0.0,-2,22,True,True,False,"A:1,B:1,ESTOP:0,MODE:1",,,,nan,nan,nan,-1,9998000100000000.0,0.0022694328304290476,-0.010545683354188613,0.27941941031016737,0.9601085518727243,0.010768681484805013,0.0032812189937493396,0.0012915436464758037,0.1176798,0.0784532,9.80665
1786685155.286208,97.786,0.0,-1.0,0,0,,,,,,,,,,,,,,,,,,,,,,,,,,,0,0.0,-2,54,True,True,False,"A:1,B:1,ESTOP:0,MODE:1",,,,nan,nan,nan,-1,9998000100000000.0,0.0024360322218865884,-0.010524467933279888,0.27942943957400596,0.9601054575519776,-0.0025830872929516074,0.003944444109507185,0.004014257279586958,0.20593965,0.06864655,9.7674234
1786685155.336204,97.836,0.0,-1.0,0,0,,,,,,,,,,,,,,,,,,,,,,,,,,,0,0.0,-2,25,True,True,False,"A:1,B:1,ESTOP:0,MODE:1",,,,nan,nan,nan,-1,9998000100000000.0,0.002405744248939726,-0.01051508942313078,0.27940409143711276,0.9601130136485152,-0.0016929693744344998,0.0037000980142279784,-0.0016929693744344998,0.16671305,-0.0196133,9.875296549999998
1786685155.386291,97.886,0.0,-1.0,0,0,,,,,,,,,,,,,,,,,,,,,,,,,,,0,0.0,-2,60,True,True,False,"A:1,B:1,ESTOP:0,MODE:1",,,,nan,nan,nan,-1,9998000100000000.0,0.002575662493558716,-0.010474725065745354,0.2793975137669572,0.9601149282238868,0.0005585053606381855,-0.008726646259971648,0.008290313946973065,0.18632634999999997,0.0588399,9.77723005
1786685155.436162,97.936,0.0,-1.0,0,0,,,,,,,,,,,,,,,,,,,,,,,,,,,0,0.0,-2,27,True,True,False,"A:1,B:1,ESTOP:0,MODE:1",,,,nan,nan,nan,-1,9998000100000000.0,0.0025171955212965214,-0.01049174853731933,0.279413630507975,0.960110207229196,0.0006632251157578452,0.0016406094968746698,0.0004363323129985824,0.28439285,-0.02941995,9.826263299999999
1786685155.486366,97.986,0.0,-1.0,0,0,,,,,,,,,,,,,,,,,,,,,,,,,,,0,0.0,-2,61,True,True,False,"A:1,B:1,ESTOP:0,MODE:1",,,,nan,nan,nan,-1,9998000100000000.0,0.0026047028078771068,-0.010511718717819609,0.279405925171226,0.9601119977753071,0.002949606435870417,0.0003665191429188092,-0.002478367537831948,0.196133,0.08825984999999999,9.81645665
1786685155.536233,98.036,0.0,-1.0,0,0,,,,,,,,,,,,,,,,,,,,,,,,,,,0,0.0,-2,31,True,True,False,"A:1,B:1,ESTOP:0,MODE:1",,,,nan,nan,nan,-1,9998000100000000.0,0.0026071411635726844,-0.010520097252167524,0.27940589511860553,0.9601119081345304,0.0017453292519943296,0.002408554367752175,0.0012740903539558606,0.2745862,-0.10787314999999999,9.836069949999999
1786685155.586289,98.086,0.0,-1.0,0,0,,,,,,,,,,,,,,,,,,,,,,,,,,,0,0.0,-2,60,True,True,False,"A:1,B:1,ESTOP:0,MODE:1",,,,nan,nan,nan,-1,9998000100000000.0,0.002627400126757013,-0.010496025348270635,0.2794062300836204,0.9601120188868181,0.006003932626860493,-0.0012566370614359172,-0.00034906585039886593,0.2353596,0.0784532,9.77723005
1786685155.636255,98.136,0.0,-1.0,0,0,,,,,,,,,,,,,,,,,,,,,,,,,,,0,0.0,-2,31,True,True,False,"A:1,B:1,ESTOP:0,MODE:1",,,,nan,nan,nan,-1,9998000100000000.0,0.0026366595183245755,-0.01046605919384704,0.27938974493851904,0.9601171178844405,-0.003490658503988659,-0.002722713633111154,-0.0045553093477052,0.14709974999999997,-0.06864655,9.855683249999998
1786685155.686510,98.187,0.0,-1.0,0,0,,,,,,,,,,,,,,,,,,,,,,,,,,,0,0.0,-2,64,True,True,False,"A:1,B:1,ESTOP:0,MODE:1",,,,nan,nan,nan,-1,9998000100000000.0,0.0026248702509249254,-0.010487669718253037,0.27939788130495613,0.9601145466882315,-0.004904375198104067,0.004345869837465881,-0.00022689280275926284,0.26477955,0.02941995,9.7870367
1786685155.736388,98.236,0.0,-1.0,0,0,,,,,,,,,,,,,,,,,,,,,,,,,,,0,0.0,-2,34,True,True,False,"A:1,B:1,ESTOP:0,MODE:1",,,,nan,nan,nan,-1,9998000100000000.0,0.002656037655540837,-0.010469515148217281,0.2794066552690172,0.9601121058021893,0.0021467549799530253,0.006230825429619756,0.0053058009260627615,0.2745862,-0.0196133,9.845876599999999
1786685155.787080,98.287,0.0,-1.0,0,0,,,,,,,,,,,,,,,,,,,,,,,,,,,0,0.0,-2,64,True,True,False,"A:1,B:1,ESTOP:0,MODE:1",,,,nan,nan,nan,-1,9998000100000000.0,0.0027206277739804585,-0.010441630316976742,0.27940741436892147,0.9601120077035351,0.004694935687864747,0.002356194490192345,0.006597344572538566,0.196133,0.0196133,9.7870367
1786685155.836537,98.337,0.0,-1.0,0,0,,,,,,,,,,,,,,,,,,,,,,,,,,,0,0.0,-2,33,True,True,False,"A:1,B:1,ESTOP:0,MODE:1",,,,nan,nan,nan,-1,9998000100000000.0,0.0026988119306696687,-0.010429796915294132,0.27939053289346094,0.9601171105026598,-0.008970992355250854,0.011082840750163993,-0.005393067388662479,0.21574629999999997,-0.02941995,9.77723005
1786685155.886342,98.386,0.0,-1.0,0,0,,,,,,,,,,,,,,,,,,,,,,,,,,,0,0.0,-2,62,True,True,False,"A:1,B:1,ESTOP:0,MODE:1",,,,nan,nan,nan,-1,9998000100000000.0,0.0026844017946308753,-0.010443075209157092,0.2793819430848424,0.9601195061268774,-0.002373647782712288,-6.981317007977319e-05,0.0027925268031909274,0.24516625,0.0392266,9.855683249999998
1786685155.936573,98.437,0.0,-1.0,0,0,,,,,,,,,,,,,,,,,,,,,,,,,,,0,0.0,-2,33,True,True,False,"A:1,B:1,ESTOP:0,MODE:1",,,,nan,nan,nan,-1,9998000100000000.0,0.002719989926005682,-0.010441796491188154,0.27934876394261643,0.9601290739398383,-0.008272860654453122,0.005986479334340551,-0.0003665191429188092,0.17651969999999997,-0.00980665,9.757616749999999
1786685155.986542,98.487,0.0,-1.0,0,0,,,,,,,,,,,,,,,,,,,,,,,,,,,0,0.0,-2,65,True,True,False,"A:1,B:1,ESTOP:0,MODE:1",,,,nan,nan,nan,-1,9998000100000000.0,0.002732362063175691,-0.010483642247763247,0.2793653767666652,0.9601237491629897,-0.00312413936106985,-0.0025830872929516074,-0.000593411945678072,0.21574629999999997,0.04903325,9.845876599999999
1786685156.036614,98.537,0.0,-1.0,0,0,,,,,,,,,,,,,,,,,,,,,,,,,,,0,0.0,-2,35,True,True,False,"A:1,B:1,ESTOP:0,MODE:1",,,,nan,nan,nan,-1,9998000100000000.0,0.0027182259268248334,-0.01049684929470296,0.2793819219079415,0.9601188307255097,8.726646259971648e-05,0.005550147021341968,0.005707226654021458,0.34323275000000003,0.02941995,9.7674234
1786685156.086414,98.586,0.0,-1.0,0,0,,,,,,,,,,,,,,,,,,,,,,,,,,,0,0.0,-2,64,True,True,False,"A:1,B:1,ESTOP:0,MODE:1",,,,nan,nan,nan,-1,9998000100000000.0,0.00270993893278176,-0.010499263713228492,0.27939020890198457,0.9601164163069841,-0.0012566370614359172,-0.0012042771838760874,0.0037000980142279784,0.17651969999999997,-0.0,9.79684335
1786685156.136406,98.636,0.0,-1.0,0,0,,,,,,,,,,,,,,,,,,,,,,,,,,,0,0.0,-2,34,True,True,False,"A:1,B:1,ESTOP:0,MODE:1",,,,nan,nan,nan,-1,9998000100000000.0,0.0027577723119038043,-0.010476256280990286,0.27939078701539327,0.9601163631962168,0.003961897402027128,-0.0021467549799530253,0.0016580627893946131,0.26477955,-0.06864655,9.7281968
1786685156.186303,98.686,0.0,-1.0,0,0,,,,,,,,,,,,,,,,,,,,,,,,,,,0,0.0,-2,63,True,True,False,"A:1,B:1,ESTOP:0,MODE:1",,,,nan,nan,nan,-1,9998000100000000.0,0.0027460747352844868,-0.010497841801722101,0.27940730344835096,0.9601113545681955,-0.009005898940290741,0.0031764992386296795,0.006003932626860493,0.2353596,0.02941995,9.826263299999999
1786685156.236167,98.736,0.0,-1.0,0,0,,,,,,,,,,,,,,,,,,,,,,,,,,,0,0.0,-2,33,True,True,False,"A:1,B:1,ESTOP:0,MODE:1",,,,nan,nan,nan,-1,9998000100000000.0,0.002767891949721973,-0.010509673987836999,0.2794241860634816,0.9601062492086929,0.0010821041362364843,-0.0031764992386296795,0.0023038346126325153,0.20593965,0.06864655,9.7870367
1786685156.286292,98.786,0.0,-1.0,0,0,,,,,,,,,,,,,,,,,,,,,,,,,,,0,0.0,-2,66,True,True,False,"A:1,B:1,ESTOP:0,MODE:1",,,,nan,nan,nan,-1,9998000100000000.0,0.0028156329957919955,-0.010486689433990682,0.27941638583244915,0.9601086318140672,-0.0009599310885968813,0.006056292504420323,-0.002495820830351891,0.25497289999999995,-0.0588399,9.80665
1786685156.336165,98.836,0.0,-1.0,0,0,,,,,,,,,,,,,,,,,,,,,,,,,,,0,0.0,-2,35,True,True,False,"A:1,B:1,ESTOP:0,MODE:1",,,,nan,nan,nan,-1,9998000100000000.0,0.002824103016328484,-0.010484226421084195,0.2794248558529856,0.9601061688011607,-0.003909537524467298,0.00027925268031909274,0.006265732014659643,0.196133,0.0980665,9.7674234
1786685156.386204,98.886,0.0,-1.0,0,0,,,,,,,,,,,,,,,,,,,,,,,,,,,0,0.0,-2,66,True,True,False,"A:1,B:1,ESTOP:0,MODE:1",,,,nan,nan,nan,-1,9998000100000000.0,0.0028483588061038617,-0.01050443530805399,0.2794417112010093,0.9601009705921675,-0.0030543261909900766,0.0072954762733362976,0.00153588974175501,0.29419949999999995,-0.02941995,9.81645665
1786685156.436141,98.936,0.0,-1.0,0,0,,,,,,,,,,,,,,,,,,,,,,,,,,,0,0.0,-2,34,True,True,False,"A:1,B:1,ESTOP:0,MODE:1",,,,nan,nan,nan,-1,9998000100000000.0,0.002872026868176874,-0.010461192195490432,0.27943381076994495,0.9601036716511941,0.003351032163829113,0.00017453292519943296,0.005393067388662479,0.196133,0.04903325,9.8654899
1786685156.486251,98.986,0.0,-1.0,0,0,,,,,,,,,,,,,,,,,,,,,,,,,,,0,0.0,-2,62,True,True,False,"A:1,B:1,ESTOP:0,MODE:1",,,,nan,nan,nan,-1,9998000100000000.0,0.0028818726505385897,-0.010494680945800574,0.279442077704728,0.9601008705807619,-0.006387905062299246,0.0020943951023931952,0.006597344572538566,0.24516625,-0.00980665,9.77723005
1786685156.536196,99.036,0.0,-1.0,0,0,,,,,,,,,,,,,,,,,,,,,,,,,,,0,0.0,-2,33,True,True,False,"A:1,B:1,ESTOP:0,MODE:1",,,,nan,nan,nan,-1,9998000100000000.0,0.002915477989596077,-0.010484901128813848,0.279450822317103,0.9600983307675865,-0.004433136300065597,0.0033684854563490563,0.0015533430342749533,0.29419949999999995,0.04903325,9.81645665
1786685156.586262,99.086,0.0,-1.0,0,0,,,,,,,,,,,,,,,,,,,,,,,,,,,0,0.0,-2,66,True,True,False,"A:1,B:1,ESTOP:0,MODE:1",,,,nan,nan,nan,-1,9998000100000000.0,0.0029345820281243256,-0.010488427831370353,0.2794425993224538,0.9601006274312379,0.001413716694115407,-0.005340707511102648,0.0020594885173533086,0.28439285,-0.0588399,9.79684335
1786685156.636141,99.136,0.0,-1.0,0,0,,,,,,,,,,,,,,,,,,,,,,,,,,,0,0.0,-2,35,True,True,False,"A:1,B:1,ESTOP:0,MODE:1",,,,nan,nan,nan,-1,9998000100000000.0,0.00296459463238574,-0.010497868942518354,0.27944281918908087,0.9601003680501272,0.0014311699866353504,0.0041887902047863905,0.003787364476827695,0.29419949999999995,-0.0,9.845876599999999
1786685156.686214,99.186,0.0,-1.0,0,0,,,,,,,,,,,,,,,,,,,,,,,,,,,0,0.0,-2,64,True,True,False,"A:1,B:1,ESTOP:0,MODE:1",,,,nan,nan,nan,-1,9998000100000000.0,0.002969340882349698,-0.010451047649900888,0.27945989491520173,0.9600958940396153,0.0022689280275926286,-0.00614355896702004,0.0022689280275926286,0.196133,-0.06864655,9.826263299999999
1786685156.736187,99.236,0.0,-1.0,0,0,,,,,,,,,,,,,,,,,,,,,,,,,,,0,0.0,-2,34,True,True,False,"A:1,B:1,ESTOP:0,MODE:1",,,,nan,nan,nan,-1,9998000100000000.0,0.002977628118052285,-0.010448634886961333,0.2794516076794992,0.960098306802555,0.0019722220547535923,-0.001710422666954443,0.007976154681614086,0.1569064,0.0,9.7674234
1786685156.786227,99.286,0.0,-1.0,0,0,,,,,,,,,,,,,,,,,,,,,,,,,,,0,0.0,-2,63,True,True,False,"A:1,B:1,ESTOP:0,MODE:1",,,,nan,nan,nan,-1,9998000100000000.0,0.003009805470938923,-0.010466532961225133,0.27942666526419163,0.9601052710500718,0.0021991148575128553,0.0010297442586766543,-0.002478367537831948,0.24516625,0.06864655,9.7870367
1786685156.836171,99.336,0.0,-1.0,0,0,,,,,,,,,,,,,,,,,,,,,,,,,,,0,0.0,-2,32,True,True,False,"A:1,B:1,ESTOP:0,MODE:1",,,,nan,nan,nan,-1,9998000100000000.0,0.0030027106601407134,-0.010504950059560016,0.279417995882273,0.960107396768753,0.0010821041362364843,0.0031764992386296795,0.0056199601914217415,0.17651969999999997,-0.0392266,9.826263299999999
1786685156.886220,99.386,0.0,-1.0,0,0,,,,,,,,,,,,,,,,,,,,,,,,,,,0,0.0,-2,66,True,True,False,"A:1,B:1,ESTOP:0,MODE:1",,,,nan,nan,nan,-1,9998000100000000.0,0.003050451902509752,-0.010481967857089127,0.2794101936411263,0.9601097680903272,0.0014486232791552935,-0.005218534463463045,-0.001308996938995747,0.28439285,-0.0,9.826263299999999
1786685156.936297,99.436,0.0,-1.0,0,0,,,,,,,,,,,,,,,,,,,,,,,,,,,0,0.0,-2,34,True,True,False,"A:1,B:1,ESTOP:0,MODE:1",,,,nan,nan,nan,-1,9998000100000000.0,0.0030311650677982433,-0.010478492397389167,0.2794016588593104,0.9601123508538337,0.0012042771838760874,-0.0013264502315156904,0.0010297442586766543,0.2353596,-0.04903325,9.757616749999999
1786685156.986288,99.486,0.0,-1.0,0,0,,,,,,,,,,,,,,,,,,,,,,,,,,,0,0.0,-2,64,True,True,False,"A:1,B:1,ESTOP:0,MODE:1",,,,nan,nan,nan,-1,9998000100000000.0,0.00303798700843353,-0.01044015469343166,0.279385190753571,0.9601175391547144,0.000593411945678072,0.0021642082724729686,-0.010140362954087054,0.24516625,0.0588399,9.77723005
1786685157.036159,99.536,0.0,-1.0,0,0,,,,,,,,,,,,,,,,,,,,,,,,,,,0,0.0,-2,34,True,True,False,"A:1,B:1,ESTOP:0,MODE:1",,,,nan,nan,nan,-1,9998000100000000.0,0.003042954453085827,-0.01045688534971615,0.2793935162820448,0.9601149186615809,0.0037699111843077517,0.0031764992386296795,-0.007173303225696694,0.16671305,0.0980665,9.747810099999999
1786685157.086252,99.586,0.0,-1.0,0,0,,,,,,,,,,,,,,,,,,,,,,,,,,,0,0.0,-2,63,True,True,False,"A:1,B:1,ESTOP:0,MODE:1",,,,nan,nan,nan,-1,9998000100000000.0,0.0030488948685302867,-0.010446068597040623,0.27939363399597733,0.9601149833084933,-0.0006981317007977319,-0.0015882496193148398,-0.010471975511965976,0.24516625,-0.0784532,9.7674234
1786685157.136286,99.636,0.0,-1.0,0,0,,,,,,,,,,,,,,,,,,,,,,,,,,,0,0.0,-2,33,True,True,False,"A:1,B:1,ESTOP:0,MODE:1",,,,nan,nan,nan,-1,9998000100000000.0,0.003087103089766243,-0.010453126963568518,0.27937718887878493,0.960119569775236,0.002181661564992912,-0.006841690667817772,0.002495820830351891,0.21574629999999997,0.0196133,9.79684335
1786685157.186299,99.686,0.0,-1.0,0,0,,,,,,,,,,,,,,,,,,,,,,,,,,,0,0.0,-2,65,True,True,False,"A:1,B:1,ESTOP:0,MODE:1",,,,nan,nan,nan,-1,9998000100000000.0,0.003068790489445438,-0.01042210404102237,0.279360445308106,0.9601248376484938,-0.0007853981633974482,0.0038048177693476384,0.0057246799465414016,0.21574629999999997,0.00980665,9.845876599999999
1786685157.236146,99.736,0.0,-1.0,0,0,,,,,,,,,,,,,,,,,,,,,,,,,,,0,0.0,-2,34,True,True,False,"A:1,B:1,ESTOP:0,MODE:1",,,,nan,nan,nan,-1,9998000100000000.0,0.0030988022394769937,-0.010431547741220171,0.2793606660679586,0.9601245744644128,0.0008203047484373349,-0.0005410520681182421,-0.00312413936106985,0.16671305,0.0392266,9.826263299999999
1786685157.286244,99.786,0.0,-1.0,0,0,,,,,,,,,,,,,,,,,,,,,,,,,,,0,0.0,-2,63,True,True,False,"A:1,B:1,ESTOP:0,MODE:1",,,,nan,nan,nan,-1,9998000100000000.0,0.0030888692749208232,-0.010398086964321852,0.27934401258780833,0.960129814819552,0.000593411945678072,0.002897246558310587,-0.007138396640656807,0.25497289999999995,0.0,9.7870367
1786685157.336157,99.836,0.0,-1.0,0,0,,,,,,,,,,,,,,,,,,,,,,,,,,,0,0.0,-2,34,True,True,False,"A:1,B:1,ESTOP:0,MODE:1",,,,nan,nan,nan,-1,9998000100000000.0,0.0030622704479809208,-0.010369474288780383,0.279335556478898,0.9601326696812801,-5.235987755982989e-05,0.0014486232791552935,-0.0066322511575784525,0.21574629999999997,-0.0196133,9.855683249999998
1786685157.386242,99.886,0.0,-1.0,0,0,,,,,,,,,,,,,,,,,,,,,,,,,,,0,0.0,-2,62,True,True,False,"A:1,B:1,ESTOP:0,MODE:1",,,,nan,nan,nan,-1,9998000100000000.0,0.0030740623151182733,-0.01034786830524653,0.27932741031721636,0.9601352350621747,-0.003979350694547071,0.006544984694978736,-0.003298672286269283,0.20593965,0.0588399,9.7870367
1786685157.436156,99.936,0.0,-1.0,0,0,,,,,,,,,,,,,,,,,,,,,,,,,,,0,0.0,-2,32,True,True,False,"A:1,B:1,ESTOP:0,MODE:1",,,,nan,nan,nan,-1,9998000100000000.0,0.003073881710277586,-0.010347921956179269,0.27931065275355693,0.9601401100989386,0.007016223593017205,0.002007128639793479,-0.0016929693744344998,0.1176798,-0.00980665,9.7870367
1786685157.486326,99.986,0.0,-1.0,0,0,,,,,,,,,,,,,,,,,,,,,,,,,,,0,0.0,-2,66,True,True,False,"A:1,B:1,ESTOP:0,MODE:1",,,,nan,nan,nan,-1,9998000100000000.0,0.0030871353796350764,-0.010362242122026305,0.27931069154724386,0.9601399018480342,0.007330382858376184,0.0037000980142279784,-0.0004014257279586958,0.26477955,-0.0392266,9.747810099999999
1786685157.536197,100.036,0.0,-1.0,0,0,,,,,,,,,,,,,,,,,,,,,,,,,,,0,0.0,-2,35,True,True,False,"A:1,B:1,ESTOP:0,MODE:1",,,,nan,nan,nan,-1,9998000100000000.0,0.003106330412980185,-0.010365746034262203,0.2793108467251109,0.960139756974067,0.0005759586531581288,0.0015184364492350666,0.00153588974175501,0.25497289999999995,-0.0196133,9.7674234
1786685157.586241,100.086,0.0,-1.0,0,0,,,,,,,,,,,,,,,,,,,,,,,,,,,0,0.0,-2,64,True,True,False,"A:1,B:1,ESTOP:0,MODE:1",,,,nan,nan,nan,-1,9998000100000000.0,0.003109924642303491,-0.010346523836823092,0.279319367065567,0.9601374740084382,0.009564404300928926,-0.0026529004630313807,0.006021385919380436,0.21574629999999997,-0.0196133,9.7870367
1786685157.636129,100.136,0.0,-1.0,0,0,,,,,,,,,,,,,,,,,,,,,,,,,,,0,0.0,-2,33,True,True,False,"A:1,B:1,ESTOP:0,MODE:1",,,,nan,nan,nan,-1,9998000100000000.0,0.0030981325713101003,-0.010368129409788544,0.2793275138142453,0.9601349090067838,0.005899212871740834,-0.0012915436464758037,-0.004537856055185257,0.17651969999999997,0.00980665,9.77723005
1786685157.686184,100.186,0.0,-1.0,0,0,,,,,,,,,,,,,,,,,,,,,,,,,,,0,0.0,-2,63,True,True,False,"A:1,B:1,ESTOP:0,MODE:1",,,,nan,nan,nan,-1,9998000100000000.0,0.00311254287278596,-0.010354848299037473,0.27933609904039475,0.9601325080250454,-0.005777039824101231,0.0015707963267948964,0.005654866776461628,0.196133,0.0392266,9.7281968
1786685157.736245,100.236,0.0,-1.0,0,0,,,,,,,,,,,,,,,,,,,,,,,,,,,0,0.0,-2,33,True,True,False,"A:1,B:1,ESTOP:0,MODE:1",,,,nan,nan,nan,-1,9998000100000000.0,0.003088472443185695,-0.010334587404440796,0.27933599527501046,0.9601328342395478,0.0013439035240356337,-0.0011344640137963143,0.0042935099599060505,0.30400615,0.00980665,9.826263299999999
1786685157.786264,100.286,0.0,-1.0,0,0,,,,,,,,,,,,,,,,,,,,,,,,,,,0,0.0,-2,66,True,True,False,"A:1,B:1,ESTOP:0,MODE:1",,,,nan,nan,nan,-1,9998000100000000.0,0.003113428415530112,-0.010327328742794512,0.2793195082178076,0.9601376282458165,0.0024434609527920616,0.001954768762233649,0.000296705972839036,0.14709974999999997,-0.00980665,9.757616749999999
1786685157.836133,100.336,0.0,-1.0,0,0,,,,,,,,,,,,,,,,,,,,,,,,,,,0,0.0,-2,36,True,True,False,"A:1,B:1,ESTOP:0,MODE:1",,,,nan,nan,nan,-1,9998000100000000.0,0.0031133382924668136,-0.010327355912189714,0.2793111294257294,0.9601400657317989,0.003473205211468716,0.005096361415823442,0.004049163864626845,0.22555294999999997,-0.0392266,9.757616749999999
1786685157.886247,100.386,0.0,-1.0,0,0,,,,,,,,,,,,,,,,,,,,,,,,,,,0,0.0,-2,64,True,True,False,"A:1,B:1,ESTOP:0,MODE:1",,,,nan,nan,nan,-1,9998000100000000.0,0.003100174624688813,-0.010313008689916222,0.2793194690178017,0.9601378364571783,0.0034557519189487725,-0.0012740903539558606,0.0013264502315156904,0.1569064,0.02941995,9.845876599999999
1786685157.936235,100.436,0.0,-1.0,0,0,,,,,,,,,,,,,,,,,,,,,,,,,,,0,0.0,-2,34,True,True,False,"A:1,B:1,ESTOP:0,MODE:1",,,,nan,nan,nan,-1,9998000100000000.0,0.0031073969208014387,-0.010338172168824046,0.2793110137940088,0.9601400022152744,-0.008796459430051421,-0.007138396640656807,0.0021467549799530253,0.21574629999999997,0.04903325,9.757616749999999
1786685157.986280,100.486,0.0,-1.0,0,0,,,,,,,,,,,,,,,,,,,,,,,,,,,0,0.0,-2,64,True,True,False,"A:1,B:1,ESTOP:0,MODE:1",,,,nan,nan,nan,-1,9998000100000000.0,0.003142068538022254,-0.010300821069104625,0.27931991874180273,0.9601377002725586,0.007819075048934596,-0.011641346110802179,0.0061959188445798695,0.22555294999999997,-0.02941995,9.77723005
1786685158.036199,100.536,0.0,-1.0,0,0,,,,,,,,,,,,,,,,,,,,,,,,,,,0,0.0,-2,33,True,True,False,"A:1,B:1,ESTOP:0,MODE:1",,,,nan,nan,nan,-1,9998000100000000.0,0.0031107207612544375,-0.010319031397467494,0.27929439717969384,0.9601450310819689,0.002234021442552742,0.00020943951023931956,-0.0004188790204786391,0.21574629999999997,0.00980665,9.79684335
1786685158.086236,100.586,0.0,-1.0,0,0,,,,,,,,,,,,,,,,,,,,,,,,,,,0,0.0,-2,66,True,True,False,"A:1,B:1,ESTOP:0,MODE:1",,,,nan,nan,nan,-1,9998000100000000.0,0.0031227263480125955,-0.010360980148796842,0.2792775122306286,0.9601494518213209,0.0045553093477052,-0.0016929693744344998,-0.0005410520681182421,0.2745862,-0.02941995,9.826263299999999
1786685158.136217,100.636,0.0,-1.0,0,0,,,,,,,,,,,,,,,,,,,,,,,,,,,0,0.0,-2,34,True,True,False,"A:1,B:1,ESTOP:0,MODE:1",,,,nan,nan,nan,-1,9998000100000000.0,0.0031360700460469717,-0.010375273404524488,0.27928593062035145,0.9601468052980086,0.0010297442586766543,0.0038048177693476384,0.0013962634015954637,0.20593965,-0.0392266,9.836069949999999
1786685158.186288,100.686,0.0,-1.0,0,0,,,,,,,,,,,,,,,,,,,,,,,,,,,0,0.0,-2,64,True,True,False,"A:1,B:1,ESTOP:0,MODE:1",,,,nan,nan,nan,-1,9998000100000000.0,0.0031685182480586105,-0.01039309831340342,0.27928612631221944,0.9601464490634096,-0.0030019663134302466,-0.001413716694115407,-0.0016057029118347831,0.18632634999999997,-0.02941995,9.80665
1786685158.236141,100.736,0.0,-1.0,0,0,,,,,,,,,,,,,,,,,,,,,,,,,,,0,0.0,-2,33,True,True,False,"A:1,B:1,ESTOP:0,MODE:1",,,,nan,nan,nan,-1,9998000100000000.0,0.0031794250598673585,-0.01039901220209456,0.27929457059698903,0.9601438926726311,-0.0013439035240356337,0.006352998477259359,-0.0003141592653589793,0.29419949999999995,-0.00980665,9.77723005
1786685158.286254,100.786,0.0,-1.0,0,0,,,,,,,,,,,,,,,,,,,,,,,,,,,0,0.0,-2,66,True,True,False,"A:1,B:1,ESTOP:0,MODE:1",,,,nan,nan,nan,-1,9998000100000000.0,0.003181862337633289,-0.010407391045672022,0.2792945453266884,0.9601438011644118,0.0036302848441482054,-0.010140362954087054,-0.0013439035240356337,0.17651969999999997,0.02941995,9.81645665
1786685158.336176,100.836,0.0,-1.0,0,0,,,,,,,,,,,,,,,,,,,,,,,,,,,0,0.0,-2,32,True,True,False,"A:1,B:1,ESTOP:0,MODE:1",,,,nan,nan,nan,-1,9998000100000000.0,0.003201420690546687,-0.010410783533592411,0.279328216947999,0.9601339040511122,-0.0022689280275926286,0.0026354471705114374,0.004677482395344803,0.16671305,0.0,9.77723005
1786685158.386237,100.886,0.0,-1.0,0,0,,,,,,,,,,,,,,,,,,,,,,,,,,,0,0.0,-2,65,True,True,False,"A:1,B:1,ESTOP:0,MODE:1",,,,nan,nan,nan,-1,9998000100000000.0,0.003206204829031266,-0.010427569027311635,0.27931978782914507,0.9601361581472996,-0.0006108652381980154,0.003490658503988659,0.001117010721276371,0.17651969999999997,-0.04903325,9.7281968
1786685158.436118,100.936,0.0,-1.0,0,0,,,,,,,,,,,,,,,,,,,,,,,,,,,0,0.0,-2,34,True,True,False,"A:1,B:1,ESTOP:0,MODE:1",,,,nan,nan,nan,-1,9998000100000000.0,0.003197917079151631,-0.010429978645202372,0.2793280755790246,0.9601337485294088,-0.0024609142453120045,-0.0009773843811168245,0.003298672286269283,0.24516625,0.0,9.7870367
1786685158.486274,100.986,0.0,-1.0,0,0,,,,,,,,,,,,,,,,,,,,,,,,,,,0,0.0,-2,63,True,True,False,"A:1,B:1,ESTOP:0,MODE:1",,,,nan,nan,nan,-1,9998000100000000.0,0.0031811595834940584,-0.010434853838225662,0.2793278934990123,0.9601338041973544,-0.004014257279586958,0.0008203047484373349,-0.005811946409141118,0.22555294999999997,-0.00980665,9.836069949999999
1786685158.536201,101.036,0.0,-1.0,0,0,,,,,,,,,,,,,,,,,,,,,,,,,,,0,0.0,-2,33,True,True,False,"A:1,B:1,ESTOP:0,MODE:1",,,,nan,nan,nan,-1,9998000100000000.0,0.0031943222833781077,-0.010449201628077116,0.2793195550543544,0.9601360302867106,0.0003316125578789226,0.0048520153205442364,-0.0019198621771937625,0.2353596,0.04903325,9.747810099999999
1786685158.586227,101.086,0.0,-1.0,0,0,,,,,,,,,,,,,,,,,,,,,,,,,,,0,0.0,-2,66,True,True,False,"A:1,B:1,ESTOP:0,MODE:1",,,,nan,nan,nan,-1,9998000100000000.0,0.003213517311947052,-0.010452705356028867,0.27931971213069673,0.9601358824002209,0.002617993877991494,-0.001762782544514273,-0.0029845130209103037,0.24516625,0.06864655,9.81645665
1786685158.636127,101.136,0.0,-1.0,0,0,,,,,,,,,,,,,,,,,,,,,,,,,,,0,0.0,-2,32,True,True,False,"A:1,B:1,ESTOP:0,MODE:1",,,,nan,nan,nan,-1,9998000100000000.0,0.003212146103529727,-0.010416752723885175,0.27931990393337025,0.9601362219220521,0.005672320068981571,0.0014660765716752368,-0.0045553093477052,0.21574629999999997,0.0196133,9.80665
1786685158.686308,101.186,0.0,-1.0,0,0,,,,,,,,,,,,,,,,,,,,,,,,,,,0,0.0,-2,64,True,True,False,"A:1,B:1,ESTOP:0,MODE:1",,,,nan,nan,nan,-1,9998000100000000.0,0.003245479541291163,-0.010407059259449805,0.2793035097975484,0.9601409841241482,-8.726646259971648e-05,0.0006457718232379018,0.001954768762233649,0.26477955,-0.00980665,9.757616749999999
1786685158.736157,101.236,0.0,-1.0,0,0,,,,,,,,,,,,,,,,,,,,,,,,,,,0,0.0,-2,35,True,True,False,"A:1,B:1,ESTOP:0,MODE:1",,,,nan,nan,nan,-1,9998000100000000.0,0.0032512395587336908,-0.010396299800073993,0.279286867669222,0.9601459222114694,-0.0005061454830783556,-0.0020943951023931952,0.0007853981633974482,0.196133,-0.02941995,9.7085835
1786685158.786235,101.286,0.0,-1.0,0,0,,,,,,,,,,,,,,,,,,,,,,,,,,,0,0.0,-2,63,True,True,False,"A:1,B:1,ESTOP:0,MODE:1",,,,nan,nan,nan,-1,9998000100000000.0,0.0032299699336909133,-0.010384303801470445,0.27932025111336495,0.96013641262414,-0.0057421332390613445,-0.0019024088846738192,-0.004939281783143952,0.3138128,-0.02941995,9.826263299999999
1786685158.836162,101.336,0.0,-1.0,0,0,,,,,,,,,,,,,,,,,,,,,,,,,,,0,0.0,-2,33,True,True,False,"A:1,B:1,ESTOP:0,MODE:1",,,,nan,nan,nan,-1,9998000100000000.0,0.0032142786818796063,-0.01036160498277162,0.2793202350762638,0.9601367151774152,3.490658503988659e-05,0.0009250245035569946,1.7453292519943296e-05,0.21574629999999997,0.02941995,9.845876599999999
1786685158.886332,101.386,0.0,-1.0,0,0,,,,,,,,,,,,,,,,,,,,,,,,,,,0,0.0,-2,66,True,True,False,"A:1,B:1,ESTOP:0,MODE:1",,,,nan,nan,nan,-1,9998000100000000.0,0.003233383267845635,-0.010365136924075808,0.2793120123979708,0.9601390049880195,-0.005986479334340551,-0.006440264939859076,0.001832595714594046,0.18632634999999997,-0.0392266,9.79684335
1786685158.936157,101.436,0.0,-1.0,0,0,,,,,,,,,,,,,,,,,,,,,,,,,,,0,0.0,-2,35,True,True,False,"A:1,B:1,ESTOP:0,MODE:1",,,,nan,nan,nan,-1,9998000100000000.0,0.0032345400175199405,-0.01033753482244205,0.2793205554307773,0.9601368133961492,0.007958701389094143,-0.007714355293814937,0.0029146998508305304,0.28439285,-0.0196133,9.79684335
1786685158.986318,101.486,0.0,-1.0,0,0,,,,,,,,,,,,,,,,,,,,,,,,,,,0,0.0,-2,64,True,True,False,"A:1,B:1,ESTOP:0,MODE:1",,,,nan,nan,nan,-1,9998000100000000.0,0.003222838256320654,-0.0103591112059313,0.27933708299160454,0.9601318118853984,-0.0012566370614359172,-0.004031710572106902,0.0052010811709431014,0.22555294999999997,0.02941995,9.81645665
1786685159.036192,101.536,0.0,-1.0,0,0,,,,,,,,,,,,,,,,,,,,,,,,,,,0,0.0,-2,34,True,True,False,"A:1,B:1,ESTOP:0,MODE:1",,,,nan,nan,nan,-1,9998000100000000.0,0.0032529402034318262,-0.010368527270100233,0.27934568368839285,0.9601291064367055,0.0014660765716752368,-0.0006283185307179586,0.006754424205218055,0.2745862,0.0392266,9.757616749999999
1786685159.086276,101.586,0.0,-1.0,0,0,,,,,,,,,,,,,,,,,,,,,,,,,,,0,0.0,-2,63,True,True,False,"A:1,B:1,ESTOP:0,MODE:1",,,,nan,nan,nan,-1,9998000100000000.0,0.0032732009085293984,-0.010344456572601999,0.27934600372905416,0.9601292041046544,-0.003665191429188092,0.0029845130209103037,-0.0035081117965086025,0.25497289999999995,0.02941995,9.80665
1786685159.136178,101.636,0.0,-1.0,0,0,,,,,,,,,,,,,,,,,,,,,,,,,,,0,0.0,-2,33,True,True,False,"A:1,B:1,ESTOP:0,MODE:1",,,,nan,nan,nan,-1,9998000100000000.0,0.003273996397860324,-0.010316968366895916,0.2793210304194564,0.9601367626941052,-0.0043982297150257105,-0.0008028514559173916,-0.0041887902047863905,0.21574629999999997,0.0,9.69877685
1786685159.186388,101.686,0.0,-1.0,0,0,,,,,,,,,,,,,,,,,,,,,,,,,,,0,0.0,-2,66,True,True,False,"A:1,B:1,ESTOP:0,MODE:1",,,,nan,nan,nan,-1,9998000100000000.0,0.0032933715574868998,-0.010320414602797116,0.2793379438963325,0.9601317387973277,0.0038048177693476384,0.0037175513067479217,0.003961897402027128,0.17651969999999997,-0.00980665,9.80665
1786685159.236124,101.736,0.0,-1.0,0,0,,,,,,,,,,,,,,,,,,,,,,,,,,,0,0.0,-2,35,True,True,False,"A:1,B:1,ESTOP:0,MODE:1",,,,nan,nan,nan,-1,9998000100000000.0,0.0033245387502581825,-0.010302256105117256,0.2793467064531898,0.9601292770012787,-0.007504915783575617,0.004485496177625427,-0.011222467090323538,0.21574629999999997,-0.0196133,9.7870367
1786685159.286377,101.786,0.0,-1.0,0,0,,,,,,,,,,,,,,,,,,,,,,,,,,,0,0.0,-2,64,True,True,False,"A:1,B:1,ESTOP:0,MODE:1",,,,nan,nan,nan,-1,9998000100000000.0,0.0033331871061672283,-0.010299731085729192,0.2793719323758965,0.960121934341589,0.0022165681500327986,-0.005113814708343385,-0.005131268000863329,0.18632634999999997,0.0588399,9.80665
1786685159.336197,101.836,0.0,-1.0,0,0,,,,,,,,,,,,,,,,,,,,,,,,,,,0,0.0,-2,34,True,True,False,"A:1,B:1,ESTOP:0,MODE:1",,,,nan,nan,nan,-1,9998000100000000.0,0.0033487504112285015,-0.010258844042127038,0.27938905283753157,0.960117336133532,0.0006806784082777885,0.004031710572106902,0.002495820830351891,0.18632634999999997,-0.0196133,9.80665
1786685159.386311,101.886,0.0,-1.0,0,0,,,,,,,,,,,,,,,,,,,,,,,,,,,0,0.0,-2,64,True,True,False,"A:1,B:1,ESTOP:0,MODE:1",,,,nan,nan,nan,-1,9998000100000000.0,0.003356064609095321,-0.010283979906769842,0.2793889826198336,0.9601170621222556,0.00767944870877505,-0.0075223690760955605,0.00486946861306418,0.26477955,0.04903325,9.8654899
1786685159.436121,101.936,0.0,-1.0,0,0,,,,,,,,,,,,,,,,,,,,,,,,,,,0,0.0,-2,33,True,True,False,"A:1,B:1,ESTOP:0,MODE:1",,,,nan,nan,nan,-1,9998000100000000.0,0.0033917478780128075,-0.010282694805296562,0.27936418237608474,0.9601241668863536,-5.235987755982989e-05,0.0020420352248333657,-0.00013962634015954637,0.24516625,0.08825984999999999,9.81645665
1786685159.486234,101.986,0.0,-1.0,0,0,,,,,,,,,,,,,,,,,,,,,,,,,,,0,0.0,-2,66,True,True,False,"A:1,B:1,ESTOP:0,MODE:1",,,,nan,nan,nan,-1,9998000100000000.0,0.003403629522578767,-0.010261061608106416,0.27936440779384225,0.9601242906930038,-0.002076941809873252,0.002373647782712288,-0.0016057029118347831,0.1372931,0.0,9.77723005
1786685159.536207,102.036,0.0,-1.0,0,0,,,,,,,,,,,,,,,,,,,,,,,,,,,0,0.0,-2,35,True,True,False,"A:1,B:1,ESTOP:0,MODE:1",,,,nan,nan,nan,-1,9998000100000000.0,0.0034337308215564863,-0.010270475268962359,0.27937300942938365,0.9601215800265944,-0.006126105674500096,0.0019198621771937625,-0.004939281783143952,0.17651969999999997,-0.02941995,9.914523149999999
1786685159.586222,102.086,0.0,-1.0,0,0,,,,,,,,,,,,,,,,,,,,,,,,,,,0,0.0,-2,63,True,True,False,"A:1,B:1,ESTOP:0,MODE:1",,,,nan,nan,nan,-1,9998000100000000.0,0.0034038086113701675,-0.010261002202001882,0.2793811650813928,0.9601194147180397,0.002949606435870417,-0.0026878070480712674,0.01096066770252439,0.24516625,-0.00980665,9.7870367
1786685159.636151,102.136,0.0,-1.0,0,0,,,,,,,,,,,,,,,,,,,,,,,,,,,0,0.0,-2,34,True,True,False,"A:1,B:1,ESTOP:0,MODE:1",,,,nan,nan,nan,-1,9998000100000000.0,0.0033938781537563747,-0.010227546857075135,0.27936449952539794,0.9601246561156983,0.00471238898038469,-0.0,-0.0023387411976724015,0.18632634999999997,-0.0,9.69877685
1786685159.686332,102.186,0.0,-1.0,0,0,,,,,,,,,,,,,,,,,,,,,,,,,,,0,0.0,-2,63,True,True,False,"A:1,B:1,ESTOP:0,MODE:1",,,,nan,nan,nan,-1,9998000100000000.0,0.003410724699221405,-0.010222641261389042,0.27937305664429907,0.9601221587818335,0.002234021442552742,-0.0012915436464758037,0.003735004599267865,0.196133,0.04903325,9.855683249999998
1786685159.736186,102.236,0.0,-1.0,0,0,,,,,,,,,,,,,,,,,,,,,,,,,,,0,0.0,-2,33,True,True,False,"A:1,B:1,ESTOP:0,MODE:1",,,,nan,nan,nan,-1,9998000100000000.0,0.0033976483903491762,-0.010208262614202318,0.2793897702718125,0.9601174946991015,0.0008028514559173916,0.004328416544945937,0.0004188790204786391,0.21574629999999997,0.00980665,9.8851032
1786685159.786245,102.286,0.0,-1.0,0,0,,,,,,,,,,,,,,,,,,,,,,,,,,,0,0.0,-2,65,True,True,False,"A:1,B:1,ESTOP:0,MODE:1",,,,nan,nan,nan,-1,9998000100000000.0,0.0034131626133400064,-0.010231019929440694,0.27937303388876145,0.9601220674934865,0.006335545184739416,-0.0020943951023931952,-0.001308996938995747,0.2353596,0.04903325,9.7674234
1786685159.836175,102.336,0.0,-1.0,0,0,,,,,,,,,,,,,,,,,,,,,,,,,,,0,0.0,-2,35,True,True,False,"A:1,B:1,ESTOP:0,MODE:1",,,,nan,nan,nan,-1,9998000100000000.0,0.003413341177803748,-0.010230960356956916,0.2793897911375084,0.9601171913679691,-0.0011693705988362008,-0.003246312408709453,0.004799655442984407,0.22555294999999997,0.0392266,9.81645665
1786685159.886154,102.386,0.0,-1.0,0,0,,,,,,,,,,,,,,,,,,,,,,,,,,,0,0.0,-2,63,True,True,False,"A:1,B:1,ESTOP:0,MODE:1",,,,nan,nan,nan,-1,9998000100000000.0,0.0034182172977308876,-0.01024771760562037,0.27938974555941637,0.9601170085727184,-0.008831366015091307,0.0021118483949131386,-0.0007504915783575617,0.25497289999999995,0.0,9.79684335
1786685159.936187,102.436,0.0,-1.0,0,0,,,,,,,,,,,,,,,,,,,,,,,,,,,0,0.0,-2,33,True,True,False,"A:1,B:1,ESTOP:0,MODE:1",,,,nan,nan,nan,-1,9998000100000000.0,0.003403629522578767,-0.010261061608106416,0.27936440779384225,0.9601242906930038,-0.010524335389525807,0.008796459430051421,-0.0007504915783575617,0.12748644999999997,-0.0588399,9.826263299999999
1786685159.986253,102.486,0.0,-1.0,0,0,,,,,,,,,,,,,,,,,,,,,,,,,,,0,0.0,-2,63,True,True,False,"A:1,B:1,ESTOP:0,MODE:1",,,,nan,nan,nan,-1,9998000100000000.0,0.0033953404231992254,-0.010263469892536115,0.2793726968932218,0.9601218824085739,-0.001186823891356144,0.001780235837034216,-0.0004188790204786391,0.24516625,0.0784532,9.836069949999999
1786685160.036254,102.536,0.0,-1.0,0,0,,,,,,,,,,,,,,,,,,,,,,,,,,,0,0.0,-2,33,True,True,False,"A:1,B:1,ESTOP:0,MODE:1",,,,nan,nan,nan,-1,9998000100000000.0,0.003403719067104072,-0.01026103190544486,0.2793727864482553,0.9601218527420805,0.0023212879051524586,0.000767944870877505,0.010367255756846317,0.24516625,-0.00980665,9.79684335
1786685160.086242,102.586,0.0,-1.0,0,0,,,,,,,,,,,,,,,,,,,,,,,,,,,0,0.0,-2,66,True,True,False,"A:1,B:1,ESTOP:0,MODE:1",,,,nan,nan,nan,-1,9998000100000000.0,0.0034122767564704953,-0.010258534363670262,0.279389633226493,0.960116946879708,0.003351032163829113,-0.0022165681500327986,-0.0005235987755982988,0.18632634999999997,0.04903325,9.77723005
1786685160.136231,102.636,0.0,-1.0,0,0,,,,,,,,,,,,,,,,,,,,,,,,,,,0,0.0,-2,34,True,True,False,"A:1,B:1,ESTOP:0,MODE:1",,,,nan,nan,nan,-1,9998000100000000.0,0.0034095703464805623,-0.010250245006563925,0.279364520219543,0.9601243524407982,0.0008726646259971648,0.0004537856055185257,-0.005916666164260778,0.20593965,0.04903325,9.826263299999999
1786685160.186272,102.686,0.0,-1.0,0,0,,,,,,,,,,,,,,,,,,,,,,,,,,,0,0.0,-2,63,True,True,False,"A:1,B:1,ESTOP:0,MODE:1",,,,nan,nan,nan,-1,9998000100000000.0,0.0033712693818571684,-0.010243209867904229,0.2793725872103592,0.960122215506832,0.0020594885173533086,0.005497787143782138,-0.0023038346126325153,0.22555294999999997,0.00980665,9.845876599999999
1786685160.236143,102.736,0.0,-1.0,0,0,,,,,,,,,,,,,,,,,,,,,,,,,,,0,0.0,-2,33,True,True,False,"A:1,B:1,ESTOP:0,MODE:1",,,,nan,nan,nan,-1,9998000100000000.0,0.003376055682052799,-0.01025999666169931,0.2793641622482955,0.9601244708723143,-0.0072082098107365804,0.006492624817418906,0.002670353755551324,0.26477955,0.02941995,9.7870367
1786685160.286145,102.786,0.0,-1.0,0,0,,,,,,,,,,,,,,,,,,,,,,,,,,,0,0.0,-2,62,True,True,False,"A:1,B:1,ESTOP:0,MODE:1",,,,nan,nan,nan,-1,9998000100000000.0,0.003386872191960247,-0.010265937435272205,0.2793642286619828,0.96012434995131,-0.004468042885105484,0.0018675022996339325,-0.00017453292519943296,0.24516625,-0.0392266,9.738003449999999
1786685160.336133,102.836,0.0,-1.0,0,0,,,,,,,,,,,,,,,,,,,,,,,,,,,0,0.0,-2,32,True,True,False,"A:1,B:1,ESTOP:0,MODE:1",,,,nan,nan,nan,-1,9998000100000000.0,0.0033929025074661326,-0.01025509122742407,0.2793727199319388,0.9601219738524488,-0.0016057029118347831,-0.003438298626428829,-0.0021991148575128553,0.20593965,-0.0392266,9.845876599999999
1786685160.386136,102.886,0.0,-1.0,0,0,,,,,,,,,,,,,,,,,,,,,,,,,,,0,0.0,-2,65,True,True,False,"A:1,B:1,ESTOP:0,MODE:1",,,,nan,nan,nan,-1,9998000100000000.0,0.003391837611323824,-0.010282665206321092,0.2793725610294174,0.9601217289373976,0.0005585053606381855,-0.00153588974175501,0.004939281783143952,0.29419949999999995,0.0,9.7674234
1786685160.436141,102.936,0.0,-1.0,0,0,,,,,,,,,,,,,,,,,,,,,,,,,,,0,0.0,-2,34,True,True,False,"A:1,B:1,ESTOP:0,MODE:1",,,,nan,nan,nan,-1,9998000100000000.0,0.003406156981779866,-0.010269410569976217,0.2793727634613805,0.9601217612038134,-0.0008203047484373349,0.0016580627893946131,-0.005166174585903215,0.25497289999999995,-0.0196133,9.79684335
1786685160.486241,102.986,0.0,-1.0,0,0,,,,,,,,,,,,,,,,,,,,,,,,,,,0,0.0,-2,63,True,True,False,"A:1,B:1,ESTOP:0,MODE:1",,,,nan,nan,nan,-1,9998000100000000.0,0.0033749905495569312,-0.010287570628524777,0.27936400286665486,0.9601242259372864,0.0015707963267948964,-0.00312413936106985,0.015393804002589986,0.17651969999999997,-0.00980665,9.7870367
1786685160.536233,103.036,0.0,-1.0,0,0,,,,,,,,,,,,,,,,,,,,,,,,,,,0,0.0,-2,33,True,True,False,"A:1,B:1,ESTOP:0,MODE:1",,,,nan,nan,nan,-1,9998000100000000.0,0.0033665220875504225,-0.01029003791780301,0.2793555344046484,0.9601266932265645,-0.0014311699866353504,-0.0036302848441482054,0.0004188790204786391,0.16671305,0.06864655,9.836069949999999
1786685160.586245,103.086,0.0,-1.0,0,0,,,,,,,,,,,,,,,,,,,,,,,,,,,0,0.0,-2,62,True,True,False,"A:1,B:1,ESTOP:0,MODE:1",,,,nan,nan,nan,-1,9998000100000000.0,0.0033916581444434954,-0.010282724403488961,0.2793558037014774,0.9601266047621921,0.003682644721708035,-0.0028623399732707008,0.003735004599267865,0.22555294999999997,0.02941995,9.7870367
1786685160.636139,103.136,0.0,-1.0,0,2,,,,,,,,,,,,,,,,,,,,,,,,,,,0,0.0,-2,32,True,True,False,"A:1,B:1,ESTOP:0,MODE:1",,,,nan,nan,nan,-1,9998000100000000.0,0.00338797519652017,-0.010301978784302722,0.2793389100311557,0.9601313265380946,-0.0019024088846738192,0.0016406094968746698,-0.012514010736799343,0.196133,-0.0,9.7870367
1786685160.686275,103.186,0.0,-1.0,0,2,,,,,,,,,,,,,,,,,,,,,,,,,,,0,0.0,-3,60,True,True,False,"A:1,B:1,ESTOP:0,MODE:1",,,,nan,nan,nan,-1,9998000100000000.0,0.003454335535778459,-0.01037354760443796,0.2793475077977126,0.960127818034303,0.007871434926494426,0.0073129295658562405,0.003839724354387525,0.4707192,0.38245935,9.71839015
1786685160.736220,103.236,0.0,-1.0,0,0,,,,,,,,,,,,,,,,,,,,,,,,,,,0,0.5256864428520203,-3,34,True,True,False,"A:1,B:1,ESTOP:0,MODE:1",,,,nan,nan,nan,-1,9998000100000000.0,0.003255129272563633,-0.010095253904500057,0.27933882666846366,0.9601340062186677,-0.24291492529257078,0.3439869422755624,-0.00952949771588904,-0.02941995,-2.8537351499999994,9.63993695
1786685160.786255,103.286,0.0,-1.0,0,0,,,,,,,,,,,,,,,,,,,,,,,,,,,0,0.6378213763237,-2,64,True,True,False,"A:1,B:1,ESTOP:0,MODE:1",,,,nan,nan,nan,-1,9998000100000000.0,0.003548772385494794,-0.01022790273713203,0.27939104111919605,0.960116369177449,0.1431519052485749,-0.08604473212332044,0.027942721324429216,0.6668522,-0.61781895,9.973363049999998
1786685160.836122,103.336,0.0,-1.0,0,0,,,,,,,,,,,,,,,,,,,,,,,,,,,0,0.5545685887336731,-2,33,True,True,False,"A:1,B:1,ESTOP:0,MODE:1",,,,nan,nan,nan,-1,9998000100000000.0,0.003738672214864102,-0.0102908588455039,0.2793003008930802,0.9601413762958696,0.011397000015522973,-0.0013439035240356337,0.013753194505715317,1.14737805,0.67665885,11.07170785
1786685160.886248,103.386,0.0,-1.0,0,0,,,,,,,,,,,,,,,,,,,,,,,,,,,0,1.040171504020691,-3,61,True,True,False,"A:1,B:1,ESTOP:0,MODE:1",,,,nan,nan,nan,-1,9998000100000000.0,0.0032967851277930556,-0.010301248197676355,0.27932970313853134,0.9601343304131622,-0.07840018999958528,0.014364059743913332,-0.03640756819660171,-0.2745862,-2.8439284999999996,11.20900095
1786685160.936185,103.436,0.0,-1.0,0,2,,,,,,,,,,,,,,,,,,,,,,,,,,,0,0.36866381764411926,-4,30,True,True,False,"A:1,B:1,ESTOP:0,MODE:1",,,,nan,nan,nan,-1,9998000100000000.0,0.0038170163496543024,-0.010186300741789287,0.27927641742060105,0.960149130258471,-0.3117681642837471,0.12178907520416431,-0.010663961729685353,-0.99047165,3.83440015,10.2577559
1786685160.986262,103.486,0.0,-1.0,0,2,,,,,,,,,,,,,,,,,,,,,,,,,,,0,0.7573573589324951,-3,62,True,True,False,"A:1,B:1,ESTOP:0,MODE:1",,,,nan,nan,nan,-1,9998000100000000.0,0.003390052918651239,-0.010310475871641304,0.2793053716702575,0.9601409849520268,0.06469935537142979,-0.017435839227423353,-0.0023387411976724015,-0.0,-2.1672696499999997,9.5124505
1786685161.036360,103.536,0.0,-1.0,0,2,,,,,,,,,,,,,,,,,,,,,,,,,,,0,0.5853995084762573,-2,33,True,True,False,"A:1,B:1,ESTOP:0,MODE:1",,,,nan,nan,nan,-1,9998000100000000.0,0.0038021085405501183,-0.010290588227328805,0.27929250989567933,0.9601433964157402,-0.002722713633111154,-0.005044001538263612,-0.010629055144645466,0.392266,0.97085835,10.071429549999998
1786685161.086272,103.586,0.0,-1.0,0,2,,,,,,,,,,,,,,,,,,,,,,,,,,,0,0.5352665781974792,-2,64,True,True,False,"A:1,B:1,ESTOP:0,MODE:1",,,,nan,nan,nan,-1,9998000100000000.0,0.0039682263680830355,-0.010205924145545773,0.27928608656059156,0.9601454963418289,0.013055062804917585,-0.0045029494701453706,-0.006126105674500096,0.4707192,0.26477955,10.287175849999999
1786685161.136251,103.636,0.0,-1.0,0,2,,,,,,,,,,,,,,,,,,,,,,,,,,,0,0.12941166758537292,-2,32,True,True,False,"A:1,B:1,ESTOP:0,MODE:1",,,,nan,nan,nan,-1,9998000100000000.0,0.0042141633833651885,-0.010270713394594675,0.27927967454261504,0.9601456226326898,0.022811453323565885,-0.1859648317999958,-0.02295107966372543,0.0784532,2.6085689,8.933858149999999
1786685161.186331,103.686,0.0,-1.0,0,2,,,,,,,,,,,,,,,,,,,,,,,,,,,0,0.10729197412729263,-2,70,True,True,False,"A:1,B:1,ESTOP:0,MODE:1",,,,nan,nan,nan,-1,9998000100000000.0,0.004143416011140625,-0.010245842864683852,0.27928751292578335,0.9601439162602039,0.20713567562668703,-0.12400564335419713,-0.003944444109507185,0.4216859499999999,-0.02941995,9.649743599999999
1786685161.236153,103.736,0.0,-1.0,0,0,,,,,,,,,,,,,,,,,,,,,,,,,,,0,0.22941778600215912,-2,39,True,True,False,"A:1,B:1,ESTOP:0,MODE:1",,,,nan,nan,nan,-1,9998000100000000.0,0.00421638849492312,-0.010215528745216354,0.27928833354184607,0.9601436828870635,-0.1187522023056942,0.01069886831472524,-0.011362093430483085,-0.3334261,1.2552512,10.071429549999998
1786685161.286238,103.786,0.0,-1.0,0,0,,,,,,,,,,,,,,,,,,,,,,,,,,,0,0.24797093868255615,-2,67,True,True,False,"A:1,B:1,ESTOP:0,MODE:1",,,,nan,nan,nan,-1,9998000100000000.0,0.0038836387397143957,-0.010257768662757499,0.2793101838948368,0.9601382799913943,0.051173053668473745,-0.03799581781591656,0.0008552113334772215,-0.0196133,-0.1569064,9.7674234
1786685161.336360,103.836,0.0,-1.0,0,0,,,,,,,,,,,,,,,,,,,,,,,,,,,0,0.3411983847618103,-2,36,True,True,False,"A:1,B:1,ESTOP:0,MODE:1",,,,nan,nan,nan,-1,9998000100000000.0,0.004613962116082575,-0.010081661228332615,0.2793177509325632,0.9601347121495207,-0.05911430176504794,0.023527038316883565,-0.0017278759594743863,0.0980665,0.7649187,9.62032365
1786685161.386200,103.886,0.0,-1.0,0,0,,,,,,,,,,,,,,,,,,,,,,,,,,,0,0.4208492338657379,-2,65,True,True,False,"A:1,B:1,ESTOP:0,MODE:1",,,,nan,nan,nan,-1,9998000100000000.0,0.004323409073652229,-0.010175239163395342,0.2793397790610253,0.9601286687085678,0.02907718533822553,0.006370451769779303,0.006283185307179586,0.2353596,0.6276256,10.09104285
1786685161.436130,103.936,0.0,-1.0,0,0,,,,,,,,,,,,,,,,,,,,,,,,,,,0,0.41631609201431274,-2,35,True,True,False,"A:1,B:1,ESTOP:0,MODE:1",,,,nan,nan,nan,-1,9998000100000000.0,0.004190682758442853,-0.010186558542333517,0.2793636313429097,0.9601221972676106,-0.0005410520681182421,-0.0030543261909900766,-0.0066322511575784525,0.04903325,-0.12748644999999997,9.63993695
1786685161.486151,103.986,0.0,-1.0,0,0,,,,,,,,,,,,,,,,,,,,,,,,,,,0,0.5438968539237976,-2,66,True,True,False,"A:1,B:1,ESTOP:0,MODE:1",,,,nan,nan,nan,-1,9998000100000000.0,0.004289006182321147,-0.010212489109536035,0.27935604360621014,0.9601236953605721,0.009285151620609835,0.0004014257279586958,-0.0056199601914217415,0.2745862,0.9414384,9.826263299999999
1786685161.536154,104.036,0.0,-1.0,0,0,,,,,,,,,,,,,,,,,,,,,,,,,,,0,0.5300602316856384,-2,33,True,True,False,"A:1,B:1,ESTOP:0,MODE:1",,,,nan,nan,nan,-1,9998000100000000.0,0.0042494220234685215,-0.010169456087402237,0.2793726317170236,0.9601195015324171,0.0053058009260627615,-0.0020420352248333657,0.004468042885105484,0.25497289999999995,-0.02941995,9.836069949999999
1786685161.586215,104.086,0.0,-1.0,0,0,,,,,,,,,,,,,,,,,,,,,,,,,,,0,0.6065158247947693,-2,64,True,True,False,"A:1,B:1,ESTOP:0,MODE:1",,,,nan,nan,nan,-1,9998000100000000.0,0.004298628397913454,-0.010182402213987897,0.2793730272249315,0.960119030192729,-0.01043706892692609,-0.0028623399732707008,0.002548180707911721,0.26477955,0.53936575,9.9439431
1786685161.636120,104.136,0.0,-1.0,0,0,,,,,,,,,,,,,,,,,,,,,,,,,,,0,0.6046874523162842,-2,34,True,True,False,"A:1,B:1,ESTOP:0,MODE:1",,,,nan,nan,nan,-1,9998000100000000.0,0.004225658573320832,-0.010212722774947836,0.27937220995453826,0.9601192698869557,0.0074176493209759005,-0.005462880558742251,0.0008377580409572782,0.26477955,0.04903325,9.7870367
1786685161.686335,104.186,0.0,-1.0,0,0,,,,,,,,,,,,,,,,,,,,,,,,,,,0,0.595676600933075,-2,64,True,True,False,"A:1,B:1,ESTOP:0,MODE:1",,,,nan,nan,nan,-1,9998000100000000.0,0.004254386431543046,-0.010186176338576644,0.279380977649832,0.9601168737893917,-0.004904375198104067,0.008761552845011534,6.981317007977319e-05,0.18632634999999997,-0.02941995,9.7674234
1786685161.736169,104.236,0.0,-1.0,0,0,,,,,,,,,,,,,,,,,,,,,,,,,,,0,0.5975012183189392,-2,33,True,True,False,"A:1,B:1,ESTOP:0,MODE:1",,,,nan,nan,nan,-1,9998000100000000.0,0.00420420384243337,-0.01020076799017794,0.27938882251153696,0.9601146571415722,0.003665191429188092,0.00809832772925369,-0.00895353906273091,0.17651969999999997,0.02941995,9.8654899
1786685161.786343,104.286,0.0,-1.0,0,0,,,,,,,,,,,,,,,,,,,,,,,,,,,0,0.5724356174468994,-2,66,True,True,False,"A:1,B:1,ESTOP:0,MODE:1",,,,nan,nan,nan,-1,9998000100000000.0,0.004262853901425986,-0.01018370107919481,0.2793894451197149,0.96011439853001,-0.006492624817418906,0.002129301687433082,-0.0045204027626653135,0.25497289999999995,-0.0980665,9.77723005
1786685161.836164,104.336,0.0,-1.0,0,0,,,,,,,,,,,,,,,,,,,,,,,,,,,0,0.5496610403060913,-2,32,True,True,False,"A:1,B:1,ESTOP:0,MODE:1",,,,nan,nan,nan,-1,9998000100000000.0,0.004048513484658808,-0.010227896872762106,0.27938725292293826,0.9601154943902837,0.004206243497306334,-0.00015707963267948965,-0.0006632251157578452,0.2353596,-0.0980665,9.7870367
1786685161.886266,104.386,0.0,-1.0,0,0,,,,,,,,,,,,,,,,,,,,,,,,,,,0,0.5504783391952515,-2,64,True,True,False,"A:1,B:1,ESTOP:0,MODE:1",,,,nan,nan,nan,-1,9998000100000000.0,0.004142937663294755,-0.010209528528742837,0.27937145895208204,0.9601198828884463,0.004642575810304917,-0.008883725892651137,-0.0012042771838760874,0.17651969999999997,0.0196133,9.826263299999999
1786685161.936192,104.436,0.0,-1.0,0,0,,,,,,,,,,,,,,,,,,,,,,,,,,,0,0.5325239300727844,-2,33,True,True,False,"A:1,B:1,ESTOP:0,MODE:1",,,,nan,nan,nan,-1,9998000100000000.0,0.004005376531926866,-0.01026773137311862,0.279369904155976,0.9601202983497265,-0.007452555906015787,-0.006370451769779303,-0.005777039824101231,0.18632634999999997,-0.0980665,9.7870367
1786685161.986392,104.486,0.0,-1.0,0,0,,,,,,,,,,,,,,,,,,,,,,,,,,,0,0.5540235042572021,-2,34,True,True,False,"A:1,B:1,ESTOP:0,MODE:1",,,,nan,nan,nan,-1,9998000100000000.0,0.004048424229266661,-0.010227932202317717,0.2793788743240118,0.9601179324674509,0.004363323129985824,0.00013962634015954637,-0.005881759579220891,0.20593965,0.16671305,9.747810099999999
1786685162.036191,104.536,0.0,-1.0,0,0,,,,,,,,,,,,,,,,,,,,,,,,,,,0,0.5254216194152832,-2,7,True,True,False,"A:1,B:1,ESTOP:0,MODE:1",,,,nan,nan,nan,-1,9998000100000000.0,0.004055916731911993,-0.010252997404936931,0.27939557717954466,0.9601127730825099,-0.0014486232791552935,0.005585053606381855,0.0026005405854715507,0.20593965,-0.1569064,9.747810099999999
1786685162.086165,104.586,0.0,-1.0,0,0,,,,,,,,,,,,,,,,,,,,,,,,,,,0,0.0,-2,42,True,True,False,"A:1,B:1,ESTOP:0,MODE:1",,,,nan,nan,nan,-1,9998000100000000.0,0.004086992993813238,-0.010234866032533667,0.2793959527422756,0.9601127254634223,-0.0030019663134302466,-0.003839724354387525,-0.0007853981633974482,0.17651969999999997,0.0980665,9.7281968
1786685162.136178,104.636,0.0,-1.0,0,0,,,,,,,,,,,,,,,,,,,,,,,,,,,0,0.0,-2,14,True,True,False,"A:1,B:1,ESTOP:0,MODE:1",,,,nan,nan,nan,-1,9998000100000000.0,0.004088366406096984,-0.010270818699218738,0.2793957916521588,0.9601123825628127,0.002408554367752175,0.005044001538263612,-0.0041887902047863905,0.196133,-0.1176798,9.836069949999999
1786685162.186215,104.686,0.0,-1.0,0,0,,,,,,,,,,,,,,,,,,,,,,,,,,,0,0.0,-2,47,True,True,False,"A:1,B:1,ESTOP:0,MODE:1",,,,nan,nan,nan,-1,9998000100000000.0,0.004060523862208078,-0.010269860950492371,0.2793704050747158,0.9601198981743952,0.005462880558742251,-0.0007504915783575617,0.0038048177693476384,0.29419949999999995,0.12748644999999997,9.80665
1786685162.236139,104.736,0.0,-1.0,0,0,,,,,,,,,,,,,,,,,,,,,,,,,,,0,0.0,-2,19,True,True,False,"A:1,B:1,ESTOP:0,MODE:1",,,,nan,nan,nan,-1,9998000100000000.0,0.004085570183195898,-0.010262582700588531,0.2793622952068825,0.9601222294735886,0.00312413936106985,0.0006806784082777885,-0.00022689280275926284,0.2353596,-0.0588399,9.7870367
1786685162.286268,104.786,0.0,-1.0,0,0,,,,,,,,,,,,,,,,,,,,,,,,,,,0,0.0,-2,51,True,True,False,"A:1,B:1,ESTOP:0,MODE:1",,,,nan,nan,nan,-1,9998000100000000.0,0.004095410836388238,-0.01029606177021316,0.2793706018344915,0.9601194121320217,-0.0035081117965086025,-0.0014486232791552935,0.005864306286700947,0.28439285,-0.1176798,9.845876599999999
1786685162.336125,104.836,0.0,-1.0,0,0,,,,,,,,,,,,,,,,,,,,,,,,,,,0,0.0,-2,22,True,True,False,"A:1,B:1,ESTOP:0,MODE:1",,,,nan,nan,nan,-1,9998000100000000.0,0.0041177500764225765,-0.010280512924159076,0.27933737444411666,0.9601291509099136,-0.010559241974565694,0.0040666171571467884,-0.0076270888312152205,0.24516625,-0.0,9.7870367
1786685162.386178,104.886,0.0,-1.0,0,0,,,,,,,,,,,,,,,,,,,,,,,,,,,0,0.0,-2,57,True,True,False,"A:1,B:1,ESTOP:0,MODE:1",,,,nan,nan,nan,-1,9998000100000000.0,0.004062871944293366,-0.010278275087665852,0.2793620082485414,0.9601222414256053,0.0038048177693476384,0.006318091892219472,8.726646259971648e-05,0.2353596,-0.0392266,9.79684335
1786685162.436182,104.936,0.0,-1.0,0,0,,,,,,,,,,,,,,,,,,,,,,,,,,,0,0.0,-2,27,True,True,False,"A:1,B:1,ESTOP:0,MODE:1",,,,nan,nan,nan,-1,9998000100000000.0,0.004104765176248767,-0.010266085610763226,0.2793624564569626,0.9601220632354054,-0.0034557519189487725,0.0009948376736367678,0.0033161255787892262,0.16671305,0.0196133,9.79684335
1786685162.486208,104.986,0.0,-1.0,0,0,,,,,,,,,,,,,,,,,,,,,,,,,,,0,0.0,-2,57,True,True,False,"A:1,B:1,ESTOP:0,MODE:1",,,,nan,nan,nan,-1,9998000100000000.0,0.004004041718382535,-0.010295410207728893,0.279344622522034,0.9601273634505967,0.004537856055185257,0.006457718232379019,-0.0029845130209103037,0.22555294999999997,-0.0196133,9.79684335
1786685162.536156,105.036,0.0,-1.0,0,0,,,,,,,,,,,,,,,,,,,,,,,,,,,0,0.0,-2,28,True,True,False,"A:1,B:1,ESTOP:0,MODE:1",,,,nan,nan,nan,-1,9998000100000000.0,0.004026650524234873,-0.010279753373917707,0.2793365317367426,0.9601297905978207,0.0002617993877991494,-0.0010471975511965976,0.004031710572106902,0.18632634999999997,0.04903325,9.79684335
1786685162.586332,105.086,0.0,-1.0,0,0,,,,,,,,,,,,,,,,,,,,,,,,,,,0,0.0,-2,59,True,True,False,"A:1,B:1,ESTOP:0,MODE:1",,,,nan,nan,nan,-1,9998000100000000.0,0.003967023389049418,-0.010324356390902527,0.2793441348411113,0.9601273481785713,-0.002670353755551324,0.006352998477259359,0.0029670597283903604,0.2353596,-0.0392266,9.826263299999999
1786685162.636125,105.136,0.0,-1.0,0,0,,,,,,,,,,,,,,,,,,,,,,,,,,,0,0.0,-2,29,True,True,False,"A:1,B:1,ESTOP:0,MODE:1",,,,nan,nan,nan,-1,9998000100000000.0,0.00398515234127954,-0.010355433613189644,0.2793441485786914,0.9601269344260402,0.002076941809873252,-0.0037000980142279784,-0.0028797932657906437,0.2353596,0.0196133,9.7870367
1786685162.686350,105.186,0.0,-1.0,0,0,,,,,,,,,,,,,,,,,,,,,,,,,,,0,0.0,-2,61,True,True,False,"A:1,B:1,ESTOP:0,MODE:1",,,,nan,nan,nan,-1,9998000100000000.0,0.003913157291397053,-0.010358212161846275,0.27933508563631515,0.9601298373518946,-0.005672320068981571,0.006667157742618339,-0.0004014257279586958,0.25497289999999995,-0.02941995,9.826263299999999
1786685162.736151,105.236,0.0,-1.0,0,0,,,,,,,,,,,,,,,,,,,,,,,,,,,0,0.0,-2,31,True,True,False,"A:1,B:1,ESTOP:0,MODE:1",,,,nan,nan,nan,-1,9998000100000000.0,0.00391081011177952,-0.01034979927363821,0.2793434840006401,0.9601274942244125,-0.006702064327658226,-0.004991641660703782,-0.003909537524467298,0.2745862,0.1176798,9.7674234
1786685162.786221,105.286,0.0,-1.0,0,0,,,,,,,,,,,,,,,,,,,,,,,,,,,0,0.0,-2,61,True,True,False,"A:1,B:1,ESTOP:0,MODE:1",,,,nan,nan,nan,-1,9998000100000000.0,0.003913247683701471,-0.010358178012712422,0.279343464339133,0.9601273996568552,-0.009250245035569947,0.002286381320112572,0.0006457718232379018,0.04903325,0.0196133,9.7870367
1786685162.836128,105.336,0.0,-1.0,0,0,,,,,,,,,,,,,,,,,,,,,,,,,,,0,0.0,-2,32,True,True,False,"A:1,B:1,ESTOP:0,MODE:1",,,,nan,nan,nan,-1,9998000100000000.0,0.003887100569223316,-0.010329402835569773,0.2793768772297058,0.960118093963239,-0.0006806784082777885,-0.0013264502315156904,0.0009250245035569946,0.20593965,-0.00980665,9.79684335
1786685162.886288,105.386,0.0,-1.0,0,0,,,,,,,,,,,,,,,,,,,,,,,,,,,0,0.0,-2,61,True,True,False,"A:1,B:1,ESTOP:0,MODE:1",,,,nan,nan,nan,-1,9998000100000000.0,0.0038667501222261215,-0.010353507955900742,0.27936818813556663,0.9601204448267675,-0.0033161255787892262,0.003159045946109736,0.0028623399732707008,0.20593965,-0.02941995,9.81645665
1786685162.936216,105.436,0.0,-1.0,0,0,,,,,,,,,,,,,,,,,,,,,,,,,,,0,0.0,-2,32,True,True,False,"A:1,B:1,ESTOP:0,MODE:1",,,,nan,nan,nan,-1,9998000100000000.0,0.003852611589553736,-0.010366695284682264,0.27938474445563727,0.9601155417856087,0.0002617993877991494,0.0014660765716752368,0.003159045946109736,0.2353596,0.0196133,9.77723005
1786685162.986233,105.486,0.0,-1.0,0,0,,,,,,,,,,,,,,,,,,,,,,,,,,,0,0.0,-2,62,True,True,False,"A:1,B:1,ESTOP:0,MODE:1",,,,nan,nan,nan,-1,9998000100000000.0,0.003838905400336884,-0.010352543624829057,0.27934280119668775,0.9601279534861022,0.0056374134839416844,0.001780235837034216,-0.002530727415391778,0.26477955,0.02941995,9.8654899
1786685163.036208,105.536,0.0,-1.0,0,0,,,,,,,,,,,,,,,,,,,,,,,,,,,0,0.0,-2,33,True,True,False,"A:1,B:1,ESTOP:0,MODE:1",,,,nan,nan,nan,-1,9998000100000000.0,0.00381882557633307,-0.010376547625881496,0.2793592465541442,0.9601229896191874,-0.00153588974175501,-0.00034906585039886593,-0.0010297442586766543,0.2353596,0.0392266,9.7870367
1786685163.086260,105.586,0.0,-1.0,0,0,,,,,,,,,,,,,,,,,,,,,,,,,,,0,0.0,-2,62,True,True,False,"A:1,B:1,ESTOP:0,MODE:1",,,,nan,nan,nan,-1,9998000100000000.0,0.003840367677713408,-0.010388462788706546,0.2793510082907015,0.9601251718312337,-0.0011519173063162576,0.0032637657012293962,-0.0023212879051524586,0.2353596,0.0196133,9.7870367
1786685163.136242,105.636,0.0,-1.0,0,0,,,,,,,,,,,,,,,,,,,,,,,,,,,0,0.0,-2,32,True,True,False,"A:1,B:1,ESTOP:0,MODE:1",,,,nan,nan,nan,-1,9998000100000000.0,0.003847498880286548,-0.010413666083391131,0.2793341897549781,0.9601297634929352,-0.002408554367752175,0.0029146998508305304,-0.0042935099599060505,0.20593965,-0.0588399,9.826263299999999
1786685163.186270,105.686,0.0,-1.0,0,0,,,,,,,,,,,,,,,,,,,,,,,,,,,0,0.0,-2,62,True,True,False,"A:1,B:1,ESTOP:0,MODE:1",,,,nan,nan,nan,-1,9998000100000000.0,0.0038642563053190365,-0.010408790780480673,0.2793343714651934,0.9601296961951755,0.003543018381548489,-0.0016406094968746698,-0.0030368728984701333,0.2353596,-0.00980665,9.757616749999999
1786685163.236217,105.736,0.0,-1.0,0,0,,,,,,,,,,,,,,,,,,,,,,,,,,,0,0.0,-2,32,True,True,False,"A:1,B:1,ESTOP:0,MODE:1",,,,nan,nan,nan,-1,9998000100000000.0,0.0038117282944772975,-0.010414971399178779,0.27935060416264734,0.9601251163531381,0.00614355896702004,0.00022689280275926284,0.002076941809873252,0.24516625,0.02941995,9.69877685
1786685163.286235,105.786,0.0,-1.0,0,0,,,,,,,,,,,,,,,,,,,,,,,,,,,0,0.0,-2,63,True,True,False,"A:1,B:1,ESTOP:0,MODE:1",,,,nan,nan,nan,-1,9998000100000000.0,0.0038646196383052642,-0.010408655886147965,0.2793678861438959,0.960119945001241,0.003490658503988659,0.0026878070480712674,-0.003193952531149623,0.26477955,0.0392266,9.80665
1786685163.336194,105.836,0.0,-1.0,0,0,,,,,,,,,,,,,,,,,,,,,,,,,,,0,0.0,-2,33,True,True,False,"A:1,B:1,ESTOP:0,MODE:1",,,,nan,nan,nan,-1,9998000100000000.0,0.0038455153878816694,-0.010405119545423806,0.27937610346107566,0.9601176689935216,0.004171336912266448,-0.0024434609527920616,0.0021467549799530253,0.26477955,-0.0,9.7870367
1786685163.386313,105.886,0.0,-1.0,0,0,,,,,,,,,,,,,,,,,,,,,,,,,,,0,0.0,-2,63,True,True,False,"A:1,B:1,ESTOP:0,MODE:1",,,,nan,nan,nan,-1,9998000100000000.0,0.003796308721856513,-0.010392173667857708,0.2793757113791566,0.9601181191176092,-0.0010471975511965976,0.0006632251157578452,0.0005410520681182421,0.24516625,0.0392266,9.80665
1786685163.436140,105.936,0.0,-1.0,0,0,,,,,,,,,,,,,,,,,,,,,,,,,,,0,0.0,-2,32,True,True,False,"A:1,B:1,ESTOP:0,MODE:1",,,,nan,nan,nan,-1,9998000100000000.0,0.003779732961066451,-0.010396983725086845,0.2793922871399466,0.9601133090603801,-0.006684611035138282,0.0011519173063162576,-0.004136430327226561,0.18632634999999997,0.0588399,9.77723005
1786685163.486185,105.986,0.0,-1.0,0,0,,,,,,,,,,,,,,,,,,,,,,,,,,,0,0.0,-2,62,True,True,False,"A:1,B:1,ESTOP:0,MODE:1",,,,nan,nan,nan,-1,9998000100000000.0,0.0037618203151038782,-0.010429466842378986,0.27938357297883976,0.9601155628771352,0.0028099800957108708,-0.0009424777960769379,-0.00012217304763960306,0.24516625,-0.0196133,9.747810099999999
1786685163.536186,106.036,0.0,-1.0,0,0,,,,,,,,,,,,,,,,,,,,,,,,,,,0,0.0,-2,32,True,True,False,"A:1,B:1,ESTOP:0,MODE:1",,,,nan,nan,nan,-1,9998000100000000.0,0.003770107910711364,-0.010427061661164791,0.27937528538323225,0.9601179680583493,-0.0037524578917878084,0.005445427266222308,-0.0007330382858376184,0.20593965,0.02941995,9.836069949999999
1786685163.586555,106.087,0.0,-1.0,0,0,,,,,,,,,,,,,,,,,,,,,,,,,,,0,0.0,-2,63,True,True,False,"A:1,B:1,ESTOP:0,MODE:1",,,,nan,nan,nan,-1,9998000100000000.0,0.0037857089598178056,-0.010449792629436818,0.27936693470557,0.9601200893819933,0.002617993877991494,-0.005550147021341968,0.007347836150896127,0.25497289999999995,0.04903325,9.7674234
1786685163.636150,106.136,0.0,-1.0,0,0,,,,,,,,,,,,,,,,,,,,,,,,,,,0,0.0,-2,33,True,True,False,"A:1,B:1,ESTOP:0,MODE:1",,,,nan,nan,nan,-1,9998000100000000.0,0.0037857089598178056,-0.010449792629436818,0.27936693470557,0.9601200893819933,-0.00710349005561692,0.0002617993877991494,0.001710422666954443,0.30400615,-0.0196133,9.80665
1786685163.686362,106.186,0.0,-1.0,0,0,,,,,,,,,,,,,,,,,,,,,,,,,,,0,0.0,-2,62,True,True,False,"A:1,B:1,ESTOP:0,MODE:1",,,,nan,nan,nan,-1,9998000100000000.0,0.0037715721214332705,-0.0104629813422394,0.2793834882913097,0.960115184618671,0.002076941809873252,-0.0009424777960769379,0.002530727415391778,0.22555294999999997,-0.0392266,9.81645665
1786685163.736317,106.236,0.0,-1.0,0,0,,,,,,,,,,,,,,,,,,,,,,,,,,,0,0.0,-2,32,True,True,False,"A:1,B:1,ESTOP:0,MODE:1",,,,nan,nan,nan,-1,9998000100000000.0,0.0037450051914023168,-0.010498000255384598,0.2793495437704985,0.9601247832037086,-0.00034906585039886593,0.005759586531581287,0.0027576202181510408,0.20593965,-0.0392266,9.80665
1786685163.786389,106.286,0.0,-1.0,0,0,,,,,,,,,,,,,,,,,,,,,,,,,,,0,0.0,-2,62,True,True,False,"A:1,B:1,ESTOP:0,MODE:1",,,,nan,nan,nan,-1,9998000100000000.0,0.0037354689644069714,-0.010528044532852837,0.27934091658850624,0.960127001427115,-0.0015707963267948964,0.001954768762233649,0.0016231562043547264,0.18632634999999997,0.00980665,9.836069949999999
1786685163.836161,106.336,0.0,-1.0,0,0,,,,,,,,,,,,,,,,,,,,,,,,,,,0,0.0,-2,32,True,True,False,"A:1,B:1,ESTOP:0,MODE:1",,,,nan,nan,nan,-1,9998000100000000.0,0.0037078034403488502,-0.010527011290781105,0.27933228415356287,0.9601296314855013,-0.003944444109507185,0.0008552113334772215,-0.006789330790257942,0.24516625,0.0588399,9.826263299999999
1786685163.886264,106.386,0.0,-1.0,0,0,,,,,,,,,,,,,,,,,,,,,,,,,,,0,0.0,-2,62,True,True,False,"A:1,B:1,ESTOP:0,MODE:1",,,,nan,nan,nan,-1,9998000100000000.0,0.0037042997662882693,-0.010546206413065279,0.27933214814083485,0.9601294739297201,-0.0031764992386296795,0.004537856055185257,-0.0006457718232379018,0.3138128,-0.02941995,9.738003449999999
1786685163.936236,106.436,0.0,-1.0,0,0,,,,,,,,,,,,,,,,,,,,,,,,,,,0,0.0,-2,33,True,True,False,"A:1,B:1,ESTOP:0,MODE:1",,,,nan,nan,nan,-1,9998000100000000.0,0.003674104689720086,-0.010536825947325641,0.27931515905326115,0.9601346354427258,-0.0027576202181510408,-0.010925761117484502,-0.008203047484373348,0.18632634999999997,-0.00980665,9.757616749999999
1786685163.986283,106.486,0.0,-1.0,0,0,,,,,,,,,,,,,,,,,,,,,,,,,,,0,0.0,-2,62,True,True,False,"A:1,B:1,ESTOP:0,MODE:1",,,,nan,nan,nan,-1,9998000100000000.0,0.0036738288350027866,-0.010536922131550564,0.2792900226915679,0.9601419475674563,0.0010122909661567112,-0.006265732014659643,-0.0026529004630313807,0.1372931,0.02941995,9.826263299999999
1786685164.036182,106.536,0.0,-1.0,0,0,,,,,,,,,,,,,,,,,,,,,,,,,,,0,0.0,-2,32,True,True,False,"A:1,B:1,ESTOP:0,MODE:1",,,,nan,nan,nan,-1,9998000100000000.0,0.003667887172454479,-0.0105477382466826,0.27928990838294715,0.9601418847738152,0.0015707963267948964,0.0025830872929516074,0.012217304763960306,0.24516625,-0.00980665,9.836069949999999
1786685164.086246,106.586,0.0,-1.0,0,0,,,,,,,,,,,,,,,,,,,,,,,,,,,0,0.0,-2,62,True,True,False,"A:1,B:1,ESTOP:0,MODE:1",,,,nan,nan,nan,-1,9998000100000000.0,0.0036595083537271185,-0.010550175510515378,0.2792898163259321,0.9601419167456098,0.004101523742186674,0.0007155849933176752,0.007260569688296411,0.17651969999999997,0.0588399,9.81645665
1786685164.136199,106.636,0.0,-1.0,0,0,,,,,,,,,,,,,,,,,,,,,,,,,,,0,0.0,-2,32,True,True,False,"A:1,B:1,ESTOP:0,MODE:1",,,,nan,nan,nan,-1,9998000100000000.0,0.003662129791983104,-0.010558490445203569,0.27930655147908834,0.9601369472037646,-0.00027925268031909274,0.0012566370614359172,0.0017278759594743863,0.24516625,0.0196133,9.7870367
1786685164.186247,106.686,0.0,-1.0,0,0,,,,,,,,,,,,,,,,,,,,,,,,,,,0,0.0,-2,63,True,True,False,"A:1,B:1,ESTOP:0,MODE:1",,,,nan,nan,nan,-1,9998000100000000.0,0.003634464027194116,-0.01055745558091241,0.2792979188363374,0.9601395749246996,0.007400196028455957,-0.001954768762233649,-8.726646259971648e-05,0.21574629999999997,-0.06864655,9.826263299999999
1786685164.236128,106.736,0.0,-1.0,0,0,,,,,,,,,,,,,,,,,,,,,,,,,,,0,0.0,-2,33,True,True,False,"A:1,B:1,ESTOP:0,MODE:1",,,,nan,nan,nan,-1,9998000100000000.0,0.0036105786327065704,-0.010537130746737464,0.27931456038461533,0.960135047248413,-0.011903145498601329,0.0056374134839416844,-0.0035779249665883754,0.26477955,0.04903325,9.81645665
1786685164.286138,106.786,0.0,-1.0,0,0,,,,,,,,,,,,,,,,,,,,,,,,,,,0,0.0,-2,62,True,True,False,"A:1,B:1,ESTOP:0,MODE:1",,,,nan,nan,nan,-1,9998000100000000.0,0.003592846742950442,-0.010569548184667108,0.27932259421826716,0.9601324202747404,-0.0018151424220741027,-0.0004188790204786391,0.0017453292519943296,0.21574629999999997,-0.06864655,9.79684335
1786685164.336150,106.836,0.0,-1.0,0,0,,,,,,,,,,,,,,,,,,,,,,,,,,,0,0.0,-2,32,True,True,False,"A:1,B:1,ESTOP:0,MODE:1",,,,nan,nan,nan,-1,9998000100000000.0,0.0035956534364350885,-0.010577801441766359,0.2793560859601175,0.9601225747945245,-0.0037000980142279784,-0.001780235837034216,0.0036302848441482054,0.2745862,0.00980665,9.757616749999999
1786685164.386138,106.886,0.0,-1.0,0,0,,,,,,,,,,,,,,,,,,,,,,,,,,,0,0.0,-2,62,True,True,False,"A:1,B:1,ESTOP:0,MODE:1",,,,nan,nan,nan,-1,9998000100000000.0,0.0035894353250159267,-0.010588711934473942,0.27933083447010926,0.9601298245799098,-0.0008028514559173916,-0.002670353755551324,1.7453292519943296e-05,0.24516625,-0.0392266,9.77723005
1786685164.436158,106.936,0.0,-1.0,0,0,,,,,,,,,,,,,,,,,,,,,,,,,,,0,0.0,-2,32,True,True,False,"A:1,B:1,ESTOP:0,MODE:1",,,,nan,nan,nan,-1,9998000100000000.0,0.0035870901256643342,-0.010580301891251028,0.2793392362975016,0.9601274816716001,-0.002076941809873252,0.0006457718232379018,-0.0019896753472735357,0.21574629999999997,-0.0588399,9.79684335
1786685164.486410,106.986,0.0,-1.0,0,0,,,,,,,,,,,,,,,,,,,,,,,,,,,0,0.0,-2,63,True,True,False,"A:1,B:1,ESTOP:0,MODE:1",,,,nan,nan,nan,-1,9998000100000000.0,0.0035823071027076413,-0.010563513189535067,0.27934766116696697,0.960125233219845,0.003682644721708035,-0.005811946409141118,-0.002234021442552742,0.17651969999999997,-0.0,9.79684335
1786685164.536270,107.036,0.0,-1.0,0,0,,,,,,,,,,,,,,,,,,,,,,,,,,,0,0.0,-2,33,True,True,False,"A:1,B:1,ESTOP:0,MODE:1",,,,nan,nan,nan,-1,9998000100000000.0,0.0035642696286927976,-0.010532405048700032,0.27935604005009257,0.9601232042365371,-0.0009948376736367678,-0.007278022980816354,-0.006335545184739416,0.1569064,-0.0,9.7674234
1786685164.586457,107.086,0.0,-1.0,0,0,,,,,,,,,,,,,,,,,,,,,,,,,,,0,0.0,-2,62,True,True,False,"A:1,B:1,ESTOP:0,MODE:1",,,,nan,nan,nan,-1,9998000100000000.0,0.0035474203617555052,-0.010537311687263675,0.2793474775156501,0.9601257041017212,-0.0023387411976724015,-0.003420845333908886,0.002356194490192345,0.21574629999999997,0.0,9.7674234
1786685164.636131,107.136,0.0,-1.0,0,0,,,,,,,,,,,,,,,,,,,,,,,,,,,0,0.0,-2,32,True,True,False,"A:1,B:1,ESTOP:0,MODE:1",,,,nan,nan,nan,-1,9998000100000000.0,0.0035201224823490124,-0.010536154128303905,0.2793723609103575,0.9601185771316305,0.005480333851262195,0.0019198621771937625,0.003438298626428829,0.2353596,-0.00980665,9.826263299999999
1786685164.686270,107.186,0.0,-1.0,0,0,,,,,,,,,,,,,,,,,,,,,,,,,,,0,0.0,-2,63,True,True,False,"A:1,B:1,ESTOP:0,MODE:1",,,,nan,nan,nan,-1,9998000100000000.0,0.0035189653900397433,-0.010563758733032952,0.2793638197943121,0.9601207632761334,0.0008377580409572782,-0.0015184364492350666,0.014521139376592822,0.14709974999999997,0.0,9.7870367
1786685164.736197,107.236,0.0,-1.0,0,0,,,,,,,,,,,,,,,,,,,,,,,,,,,0,0.0,-2,32,True,True,False,"A:1,B:1,ESTOP:0,MODE:1",,,,nan,nan,nan,-1,9998000100000000.0,0.003513209146450647,-0.010574513983265765,0.2793804611953566,0.9601158236992977,0.001308996938995747,0.00603883921190038,0.004363323129985824,0.14709974999999997,0.00980665,9.80665
1786685164.786242,107.286,0.0,-1.0,0,0,,,,,,,,,,,,,,,,,,,,,,,,,,,0,0.0,-2,63,True,True,False,"A:1,B:1,ESTOP:0,MODE:1",,,,nan,nan,nan,-1,9998000100000000.0,0.0035119277996208216,-0.010538530818573082,0.279389026142794,0.9601137317017696,-0.003298672286269283,0.006579891280018622,-0.001710422666954443,0.14709974999999997,0.00980665,9.7674234
1786685164.836122,107.336,0.0,-1.0,0,2,,,,,,,,,,,,,,,,,,,,,,,,,,,0,0.0,-2,32,True,True,False,"A:1,B:1,ESTOP:0,MODE:1",,,,nan,nan,nan,-1,9998000100000000.0,0.0035312149892384346,-0.010542002339364654,0.27939756524691656,0.9601111379634504,-0.0014486232791552935,0.0060911990894602095,-0.0016406094968746698,0.28439285,0.00980665,9.80665
1786685164.886245,107.386,0.0,-1.0,0,2,,,,,,,,,,,,,,,,,,,,,,,,,,,0,0.0,-2,61,True,True,False,"A:1,B:1,ESTOP:0,MODE:1",,,,nan,nan,nan,-1,9998000100000000.0,0.0035516579734794357,-0.0105178685864916,0.2794146444340531,0.9601063569427237,-0.002408554367752175,0.002356194490192345,-0.007138396640656807,0.21574629999999997,0.0196133,9.7870367
1786685164.936197,107.436,0.0,-1.0,0,2,,,,,,,,,,,,,,,,,,,,,,,,,,,0,0.0,-3,32,True,True,False,"A:1,B:1,ESTOP:0,MODE:1",,,,nan,nan,nan,-1,9998000100000000.0,0.003637479427753573,-0.010438368806300396,0.2794074987473323,0.9601089827950969,0.006370451769779303,0.006056292504420323,0.008290313946973065,0.53936575,0.32361945,9.7674234
1786685164.986259,107.486,0.0,-1.0,0,0,,,,,,,,,,,,,,,,,,,,,,,,,,,0,0.506858229637146,-3,64,True,True,False,"A:1,B:1,ESTOP:0,MODE:1",,,,nan,nan,nan,-1,9998000100000000.0,0.003328007205668175,-0.010373929082492859,0.279413363711692,0.9601090970003087,-0.2121098639948709,0.3061132975072855,-0.001710422666954443,0.02941995,-2.7654752999999994,10.189109349999999
1786685165.036174,107.536,0.0,-1.0,0,0,,,,,,,,,,,,,,,,,,,,,,,,,,,0,0.6733131408691406,-2,33,True,True,False,"A:1,B:1,ESTOP:0,MODE:1",,,,nan,nan,nan,-1,9998000100000000.0,0.0034326344191795395,-0.01038891015729333,0.27943937713444794,0.9601009957673202,0.017383479349863524,-0.0015882496193148398,0.05246459731494954,0.18632634999999997,-0.9218251,9.18883105
1786685165.086269,107.586,0.0,-1.0,0,0,,,,,,,,,,,,,,,,,,,,,,,,,,,0,0.5586294531822205,-3,63,True,True,False,"A:1,B:1,ESTOP:0,MODE:1",,,,nan,nan,nan,-1,9998000100000000.0,0.003765265880580017,-0.010473929484458029,0.27934986116535976,0.960124874503779,0.08838347332099285,-0.06386159733047252,-0.0045204027626653135,0.7256921,0.65704555,10.7677017
1786685165.136240,107.636,0.0,-1.0,0,0,,,,,,,,,,,,,,,,,,,,,,,,,,,0,1.1215535402297974,-3,32,True,True,False,"A:1,B:1,ESTOP:0,MODE:1",,,,nan,nan,nan,-1,9998000100000000.0,0.003317629134250007,-0.010495099731717,0.279395834242604,0.9601129173313043,-0.09030333549818662,0.032166418114255496,-0.027104963283471936,0.5295591,-3.1185147,10.7284751
1786685165.186291,107.686,0.0,-1.0,0,0,,,,,,,,,,,,,,,,,,,,,,,,,,,0,1.1923149824142456,-4,48,True,True,False,"A:1,B:1,ESTOP:0,MODE:1",,,,nan,nan,nan,-1,9998000100000000.0,0.0034668089416807464,-0.010288085531183875,0.27943186032420353,0.9601041464172623,-0.24708626220483723,0.08299040593233037,0.0486946861306418,0.10787314999999999,-0.40207265,9.46341725
1786685165.236130,107.736,0.0,-1.0,0,0,,,,,,,,,,,,,,,,,,,,,,,,,,,0,1.576144814491272,-3,29,True,True,False,"A:1,B:1,ESTOP:0,MODE:1",,,,nan,nan,nan,-1,9998000100000000.0,0.003041376706398471,-0.010511873935620926,0.2794434442339247,0.9600997927344703,0.050876347695634705,-0.020525072003453316,-0.02757620218151041,1.0395048999999998,-2.0593964999999996,9.54187045
1786685165.286317,107.786,0.0,-1.0,0,0,,,,,,,,,,,,,,,,,,,,,,,,,,,0,1.6358846426010132,-2,64,True,True,False,"A:1,B:1,ESTOP:0,MODE:1",,,,nan,nan,nan,-1,9998000100000000.0,0.0031346023106161385,-0.010457475266103295,0.27944462127507985,0.9600997443598455,-0.040334559013588955,0.014294246573833559,-0.009040805525330627,-0.36284605,-0.392266,9.9831697
1786685165.336205,107.836,0.0,-1.0,0,0,,,,,,,,,,,,,,,,,,,,,,,,,,,0,1.495932936668396,-2,34,True,True,False,"A:1,B:1,ESTOP:0,MODE:1",,,,nan,nan,nan,-1,9998000100000000.0,0.0034160589004194903,-0.010393727673009284,0.279455952653208,0.9600961782516042,0.027855454861829502,-0.0020245819323134223,-0.024801128670839424,0.28439285,0.784532,9.7674234
1786685165.386258,107.886,0.0,-1.0,0,0,,,,,,,,,,,,,,,,,,,,,,,,,,,0,1.0091674327850342,-2,62,True,True,False,"A:1,B:1,ESTOP:0,MODE:1",,,,nan,nan,nan,-1,9998000100000000.0,0.0036429032190314985,-0.010454935202015429,0.2794577253174859,0.9600941637914664,-0.05251695719250937,-0.040020399748229976,-0.005061454830783556,0.16671305,2.71644205,10.836348249999999
1786685165.436128,107.936,0.0,-1.0,0,0,,,,,,,,,,,,,,,,,,,,,,,,,,,0,0.6083549857139587,-2,41,True,True,False,"A:1,B:1,ESTOP:0,MODE:1",,,,nan,nan,nan,-1,9998000100000000.0,0.0036508774196239166,-0.010389001816677292,0.2794497734303389,0.960097163762633,-0.06066764479932289,0.0648215284190694,0.006283185307179586,0.9414384,2.4712758,10.2969825
1786685165.486192,107.986,0.0,-1.0,0,0,,,,,,,,,,,,,,,,,,,,,,,,,,,0,0.9513578414916992,-2,68,True,True,False,"A:1,B:1,ESTOP:0,MODE:1",,,,nan,nan,nan,-1,9998000100000000.0,0.0031209427938388573,-0.010379657753496058,0.27943656556503127,0.9601029779384176,-0.02275909344600606,-0.0018151424220741027,0.01984439359517553,-0.7453053999999999,-2.1378497,8.6494653
1786685165.536183,108.036,0.0,-1.0,0,0,,,,,,,,,,,,,,,,,,,,,,,,,,,0,0.6677999496459961,-2,41,True,True,False,"A:1,B:1,ESTOP:0,MODE:1",,,,nan,nan,nan,-1,9998000100000000.0,0.0033691471156054933,-0.010452837844535528,0.27941330442260315,0.9601081149226637,0.013788101090755204,0.018081611050661254,-0.012042771838760872,0.48052585,1.5886772999999998,10.051816249999998
1786685165.586317,108.086,0.0,-1.0,0,0,,,,,,,,,,,,,,,,,,,,,,,,,,,0,0.6967293620109558,-2,65,True,True,False,"A:1,B:1,ESTOP:0,MODE:1",,,,nan,nan,nan,-1,9998000100000000.0,0.003341352965194373,-0.010388218677380358,0.2794217847134676,0.9601064454010364,-0.026092672317315227,-0.0045029494701453706,-0.007452555906015787,-0.06864655,-0.196133,9.7870367
1786685165.636143,108.136,0.0,-1.0,0,0,,,,,,,,,,,,,,,,,,,,,,,,,,,0,0.5915958881378174,-2,42,True,True,False,"A:1,B:1,ESTOP:0,MODE:1",,,,nan,nan,nan,-1,9998000100000000.0,0.0032027316221936546,-0.010474002618852476,0.2794200224389062,0.9601064986966484,-0.012531464029319286,0.013718287920675431,-0.011554079648202462,0.20593965,0.5883989999999999,9.973363049999998
1786685165.686290,108.186,0.0,-1.0,0,0,,,,,,,,,,,,,,,,,,,,,,,,,,,0,0.5233649611473083,-2,64,True,True,False,"A:1,B:1,ESTOP:0,MODE:1",,,,nan,nan,nan,-1,9998000100000000.0,0.003636065678951161,-0.010338794501656017,0.2794331467579584,0.9601026012086293,0.006841690667817772,0.00486946861306418,-0.0028099800957108708,0.10787314999999999,0.38245935,9.757616749999999
1786685165.736199,108.236,0.0,-1.0,0,2,,,,,,,,,,,,,,,,,,,,,,,,,,,0,0.4715213477611542,-2,42,True,True,False,"A:1,B:1,ESTOP:0,MODE:1",,,,nan,nan,nan,-1,9998000100000000.0,0.0036520712353566324,-0.010425018053222287,0.2794328383228395,0.9601016978638897,-0.0360759556387228,0.008831366015091307,-0.0036477381366681488,0.44129925,0.3138128,10.1204628
1786685165.786265,108.286,0.0,-1.0,0,0,,,,,,,,,,,,,,,,,,,,,,,,,,,0,0.45736151933670044,-2,62,True,True,False,"A:1,B:1,ESTOP:0,MODE:1",,,,nan,nan,nan,-1,9998000100000000.0,0.0035571577307783268,-0.010379936614910355,0.27943219867778557,0.9601027288196026,0.003787364476827695,0.003961897402027128,0.004433136300065597,0.21574629999999997,0.08825984999999999,9.67916355
1786685165.836179,108.336,0.0,-1.0,0,0,,,,,,,,,,,,,,,,,,,,,,,,,,,0,0.4887602925300598,-2,39,True,True,False,"A:1,B:1,ESTOP:0,MODE:1",,,,nan,nan,nan,-1,9998000100000000.0,0.0035177945196924556,-0.010400476939659753,0.27944010117781803,0.9601003515543964,-0.013281955607676848,0.001186823891356144,0.00476474885794452,0.2353596,-0.16671305,9.934136449999999
1786685165.886324,108.386,0.0,-1.0,0,0,,,,,,,,,,,,,,,,,,,,,,,,,,,0,0.45620444416999817,-2,64,True,True,False,"A:1,B:1,ESTOP:0,MODE:1",,,,nan,nan,nan,-1,9998000100000000.0,0.003600606844702191,-0.010403633758350522,0.27944922908041236,0.9600973536060472,0.00019198621771937625,0.00019198621771937625,0.0007155849933176752,0.30400615,0.20593965,9.845876599999999
1786685165.936169,108.436,0.0,-1.0,0,0,,,,,,,,,,,,,,,,,,,,,,,,,,,0,0.5145331025123596,-2,40,True,True,False,"A:1,B:1,ESTOP:0,MODE:1",,,,nan,nan,nan,-1,9998000100000000.0,0.003600606844702191,-0.010403633758350522,0.27944922908041236,0.9600973536060472,-0.0071907565182166375,-0.008587019919812101,-0.0019373154697137059,0.16671305,-0.32361945,9.747810099999999
1786685165.986238,108.486,0.0,-1.0,0,0,,,,,,,,,,,,,,,,,,,,,,,,,,,0,0.5035688281059265,-2,63,True,True,False,"A:1,B:1,ESTOP:0,MODE:1",,,,nan,nan,nan,-1,9998000100000000.0,0.0035085740173626044,-0.010494046617241085,0.2794311274937981,0.9601019788967756,0.0026878070480712674,0.0024260076602721182,-0.0026878070480712674,0.29419949999999995,0.0784532,9.845876599999999
1786685166.036168,108.536,0.0,-1.0,0,0,,,,,,,,,,,,,,,,,,,,,,,,,,,0,0.5339388251304626,-2,42,True,True,False,"A:1,B:1,ESTOP:0,MODE:1",,,,nan,nan,nan,-1,9998000100000000.0,0.003537119724464973,-0.01046756650106865,0.27942316113881327,0.960104481738729,-0.003525565089028546,-0.0015184364492350666,-0.003420845333908886,0.25497289999999995,-0.1569064,9.757616749999999
1786685166.086283,108.586,0.0,-1.0,0,0,,,,,,,,,,,,,,,,,,,,,,,,,,,0,0.5417807698249817,-2,62,True,True,False,"A:1,B:1,ESTOP:0,MODE:1",,,,nan,nan,nan,-1,9998000100000000.0,0.0033850233176617,-0.010475476044039114,0.27943008034272054,0.9601029300124285,-0.0007155849933176752,0.006667157742618339,-0.00926769832808989,0.16671305,-0.04903325,9.81645665
1786685166.136163,108.636,0.0,-1.0,0,0,,,,,,,,,,,,,,,,,,,,,,,,,,,0,0.5314324498176575,-2,40,True,True,False,"A:1,B:1,ESTOP:0,MODE:1",,,,nan,nan,nan,-1,9998000100000000.0,0.0035355627914416318,-0.010431675704996077,0.2794065868618559,0.9601097016257786,0.002356194490192345,-0.0038746309394274117,0.01022762941668677,0.17651969999999997,0.0588399,9.81645665
1786685166.186312,108.686,0.0,-1.0,0,0,,,,,,,,,,,,,,,,,,,,,,,,,,,0,0.4797152578830719,-3,63,True,True,False,"A:1,B:1,ESTOP:0,MODE:1",,,,nan,nan,nan,-1,9998000100000000.0,0.0034123229014660743,-0.010476628412250895,0.2794051950467608,0.960110063112771,0.033510321638291124,0.011362093430483085,0.0030543261909900766,-0.0588399,0.2745862,9.590903699999998
1786685166.236125,108.736,0.0,-1.0,0,0,,,,,,,,,,,,,,,,,,,,,,,,,,,0,0.65408855676651,-3,24,True,True,False,"A:1,B:1,ESTOP:0,MODE:1",,,,nan,nan,nan,-1,9998000100000000.0,0.0036870508278266287,-0.010732928245536425,0.2794231178184107,0.9601010004869839,-0.01802925117310142,-0.03513347784264585,0.004921828490624009,1.2748645,-0.7943386499999999,12.287732449999998
1786685166.286125,108.786,0.0,-1.0,0,0,,,,,,,,,,,,,,,,,,,,,,,,,,,0,1.0150644779205322,-2,50,True,True,False,"A:1,B:1,ESTOP:0,MODE:1",,,,nan,nan,nan,-1,9998000100000000.0,0.003227903046034516,-0.010530298334621055,0.2793947999721598,0.960113138753671,0.022113321622768155,-0.012688543661998775,0.02035053907825388,0.9022117999999999,-1.9024900999999999,9.228057649999998
1786685166.336200,108.836,0.0,-1.0,0,0,,,,,,,,,,,,,,,,,,,,,,,,,,,0,1.0922112464904785,-2,32,True,True,False,"A:1,B:1,ESTOP:0,MODE:1",,,,nan,nan,nan,-1,9998000100000000.0,0.0034981611898521102,-0.010551602521779455,0.2794390895821261,0.9600990687246939,0.1620538210476735,-0.12260937995260165,-0.036023595761162965,0.29419949999999995,-0.4216859499999999,9.63993695
1786685166.386221,108.886,0.0,-1.0,0,2,,,,,,,,,,,,,,,,,,,,,,,,,,,0,1.5388787984848022,-2,53,True,True,False,"A:1,B:1,ESTOP:0,MODE:1",,,,nan,nan,nan,-1,9998000100000000.0,0.003238429271648914,-0.010627197683417126,0.27943622487369585,0.96009997993625,-0.12346459128607887,0.012775810124598492,-0.0102799892942466,0.17651969999999997,-2.6085689,10.9442214
1786685166.436156,108.936,0.0,-1.0,0,0,,,,,,,,,,,,,,,,,,,,,,,,,,,0,1.3043346405029297,-2,34,True,True,False,"A:1,B:1,ESTOP:0,MODE:1",,,,nan,nan,nan,-1,9998000100000000.0,0.0034398052910331023,-0.01047772217598679,0.27939706695847444,0.9601123184568379,-0.30349530362929394,0.13885839528866886,0.05513495107050087,-0.37265269999999995,1.2160246,9.924329799999999
1786685166.486293,108.986,0.0,-1.0,0,0,,,,,,,,,,,,,,,,,,,,,,,,,,,0,1.76504647731781,-3,56,True,True,False,"A:1,B:1,ESTOP:0,MODE:1",,,,nan,nan,nan,-1,9998000100000000.0,0.00304691212783684,-0.010437557075665878,0.27943555310287443,0.9601028827114664,-0.015865042900628457,0.05136503988619312,0.0124965574442794,-0.06864655,-2.61837555,7.8845466
1786685166.536175,109.036,0.0,-1.0,0,0,,,,,,,,,,,,,,,,,,,,,,,,,,,0,1.4573535919189453,-2,42,True,True,False,"A:1,B:1,ESTOP:0,MODE:1",,,,nan,nan,nan,-1,9998000100000000.0,0.0034434424653077347,-0.0102403731463605,0.27939839233837027,0.9601144805805949,0.04412192349041665,0.040264745843509184,-0.05049237526019595,0.17651969999999997,1.7161637499999998,9.4339973
1786685166.586261,109.086,0.0,-1.0,0,0,,,,,,,,,,,,,,,,,,,,,,,,,,,0,1.387438178062439,-2,62,True,True,False,"A:1,B:1,ESTOP:0,MODE:1",,,,nan,nan,nan,-1,9998000100000000.0,0.0030127229543967333,-0.010383889947659852,0.27940204238727967,0.9601133251027046,0.025726153174396416,0.012356931104119853,0.006230825429619756,-0.24516625,0.34323275000000003,10.228335949999998
1786685166.636142,109.136,0.0,-1.0,0,0,,,,,,,,,,,,,,,,,,,,,,,,,,,0,1.4562000036239624,-2,42,True,True,False,"A:1,B:1,ESTOP:0,MODE:1",,,,nan,nan,nan,-1,9998000100000000.0,0.002813946091440561,-0.010387210589971012,0.2794169686813216,0.9601095485289661,-0.009878563566287904,0.001186823891356144,0.001117010721276371,0.0588399,-0.40207265,9.6301303
1786685166.686171,109.186,0.0,-1.0,0,0,,,,,,,,,,,,,,,,,,,,,,,,,,,0,1.9778276681900024,-2,64,True,True,False,"A:1,B:1,ESTOP:0,MODE:1",,,,nan,nan,nan,-1,9998000100000000.0,0.002458361017639375,-0.010227137483119536,0.27941474725033144,0.9601128897890299,0.18961256993666398,-0.07309438907352252,0.01090830782496456,0.24516625,-2.9223817,7.207887749999999
1786685166.736230,109.236,0.0,-1.0,0,0,,,,,,,,,,,,,,,,,,,,,,,,,,,0,2.051016330718994,-2,46,True,True,False,"A:1,B:1,ESTOP:0,MODE:1",,,,nan,nan,nan,-1,9998000100000000.0,0.0027419502924191205,-0.01038998442804429,0.27940792125265124,0.9601123598170432,-0.011885692206081384,0.04635594493296939,-0.011501719770642632,-0.1569064,-0.4216859499999999,10.26756255
1786685166.786241,109.286,0.0,-1.0,0,0,,,,,,,,,,,,,,,,,,,,,,,,,,,0,1.6613997220993042,-2,68,True,True,False,"A:1,B:1,ESTOP:0,MODE:1",,,,nan,nan,nan,-1,9998000100000000.0,0.002894229714222833,-0.01038202225504518,0.2794177290633385,0.9601091446983222,0.007801621756414653,0.011065387457644049,0.013561208287995941,0.4903325,2.20649625,10.110656149999999
1786685166.836138,109.336,0.0,-1.0,0,0,,,,,,,,,,,,,,,,,,,,,,,,,,,0,1.9852099418640137,-2,45,True,True,False,"A:1,B:1,ESTOP:0,MODE:1",,,,nan,nan,nan,-1,9998000100000000.0,0.0025151062685995857,-0.01032876533248912,0.2794062501370675,0.9601141277116522,-0.029740410453983374,0.03368485456349056,-0.003892084231947355,0.06864655,-1.8142302499999998,9.52225715
1786685166.886268,109.386,0.0,-1.0,0,0,,,,,,,,,,,,,,,,,,,,,,,,,,,0,1.8554712533950806,-2,64,True,True,False,"A:1,B:1,ESTOP:0,MODE:1",,,,nan,nan,nan,-1,9998000100000000.0,0.003139775833860951,-0.010383268753160663,0.2794032071090602,0.9601125857913145,0.05077162794051504,-0.025446900494077326,0.011431906600562858,0.5687857,0.7158854499999999,9.757616749999999
1786685166.936181,109.436,0.0,-1.0,0,0,,,,,,,,,,,,,,,,,,,,,,,,,,,0,1.936214804649353,-2,44,True,True,False,"A:1,B:1,ESTOP:0,MODE:1",,,,nan,nan,nan,-1,9998000100000000.0,0.0026470752653056013,-0.01040849637458218,0.27938181606567014,0.9601200222095196,0.053249995478346995,-0.027890361446869388,-0.0023038346126325153,0.02941995,-0.4707192,9.571290399999999
1786685166.986235,109.486,0.0,-1.0,0,0,,,,,,,,,,,,,,,,,,,,,,,,,,,0,1.8899552822113037,-2,62,True,True,False,"A:1,B:1,ESTOP:0,MODE:1",,,,nan,nan,nan,-1,9998000100000000.0,0.002983464005498153,-0.01028334706413737,0.27940235810169944,0.9601144067260402,-0.003682644721708035,0.013334315485236678,0.010210176124166827,0.25497289999999995,0.24516625,9.71839015
1786685167.036201,109.536,0.0,-1.0,0,0,,,,,,,,,,,,,,,,,,,,,,,,,,,0,1.9373658895492554,-2,41,True,True,False,"A:1,B:1,ESTOP:0,MODE:1",,,,nan,nan,nan,-1,9998000100000000.0,0.0025873229443218577,-0.010389542590954258,0.27940652504800495,0.9601132000578532,0.039514254265151615,-0.008272860654453122,-0.0006283185307179586,0.29419949999999995,-0.28439285,9.8851032
1786685167.086253,109.586,0.0,-1.0,0,0,,,,,,,,,,,,,,,,,,,,,,,,,,,0,1.85298490524292,-2,63,True,True,False,"A:1,B:1,ESTOP:0,MODE:1",,,,nan,nan,nan,-1,9998000100000000.0,0.0026973979895568954,-0.010330247374521644,0.2794162564688877,0.9601107048951073,-0.0003665191429188092,-0.00301941960595019,3.490658503988659e-05,0.20593965,0.45110589999999995,9.7281968
1786685167.136176,109.636,0.0,-1.0,0,0,,,,,,,,,,,,,,,,,,,,,,,,,,,0,1.858425498008728,-2,42,True,True,False,"A:1,B:1,ESTOP:0,MODE:1",,,,nan,nan,nan,-1,9998000100000000.0,0.0027833100650998107,-0.010250715697953282,0.27941750213736277,0.9601109495845144,0.0011693705988362008,0.006370451769779303,0.005986479334340551,0.18632634999999997,-0.04903325,9.894909849999998
1786685167.186243,109.686,0.0,-1.0,0,0,,,,,,,,,,,,,,,,,,,,,,,,,,,0,1.8380721807479858,-2,63,True,True,False,"A:1,B:1,ESTOP:0,MODE:1",,,,nan,nan,nan,-1,9998000100000000.0,0.0028777339030105088,-0.010232322264451855,0.2794017010020869,0.9601154658195024,-0.01265363707695889,-0.0027052603405912107,0.0009773843811168245,0.2745862,0.0980665,9.826263299999999
1786685167.236176,109.736,0.0,-1.0,0,0,,,,,,,,,,,,,,,,,,,,,,,,,,,0,1.8192400932312012,-2,39,True,True,False,"A:1,B:1,ESTOP:0,MODE:1",,,,nan,nan,nan,-1,9998000100000000.0,0.0028994569863463903,-0.010244177646628064,0.27941020492948815,0.9601127992870369,-0.013805554383275147,-0.003735004599267865,-0.00905825881785057,0.21574629999999997,0.08825984999999999,9.894909849999998
1786685167.286250,109.786,0.0,-1.0,0,0,,,,,,,,,,,,,,,,,,,,,,,,,,,0,1.8062772750854492,-2,61,True,True,False,"A:1,B:1,ESTOP:0,MODE:1",,,,nan,nan,nan,-1,9998000100000000.0,0.0029954342213215877,-0.010261687272622706,0.27941096813538985,0.9601120955564454,-0.0028797932657906437,0.001710422666954443,-0.0065275314024587925,0.20593965,0.0588399,9.7085835
1786685167.336220,109.836,0.0,-1.0,0,0,,,,,,,,,,,,,,,,,,,,,,,,,,,0,1.8018044233322144,-2,40,True,True,False,"A:1,B:1,ESTOP:0,MODE:1",,,,nan,nan,nan,-1,9998000100000000.0,0.0029202066673047963,-0.010283581161416283,0.27942691840133593,0.9601074510825598,-0.0007155849933176752,0.0079412480965742,0.0002617993877991494,0.22555294999999997,0.00980665,9.81645665
1786685167.386255,109.886,0.0,-1.0,0,0,,,,,,,,,,,,,,,,,,,,,,,,,,,0,1.795493245124817,-2,63,True,True,False,"A:1,B:1,ESTOP:0,MODE:1",,,,nan,nan,nan,-1,9998000100000000.0,0.002868872467737684,-0.010325785896233234,0.27942620810014396,0.9601073595922301,-0.00736528944341607,-0.007225663103256524,-0.01054178868204575,0.25497289999999995,0.0196133,9.80665
1786685167.436157,109.936,0.0,-1.0,0,0,,,,,,,,,,,,,,,,,,,,,,,,,,,0,1.8049659729003906,-2,42,True,True,False,"A:1,B:1,ESTOP:0,MODE:1",,,,nan,nan,nan,-1,9998000100000000.0,0.0029048250091238234,-0.010324410586258739,0.27942654142053164,0.9601071692719895,0.0026878070480712674,0.0018675022996339325,-0.004014257279586958,0.21574629999999997,-0.06864655,9.80665
1786685167.486308,109.986,0.0,-1.0,0,0,,,,,,,,,,,,,,,,,,,,,,,,,,,0,1.779174566268921,-2,62,True,True,False,"A:1,B:1,ESTOP:0,MODE:1",,,,nan,nan,nan,-1,9998000100000000.0,0.0028678489847973583,-0.01041696139536005,0.27940052650112357,0.96011385165947,-0.003996803987067015,0.0064053583548191895,-0.00916297857297023,0.29419949999999995,0.12748644999999997,9.826263299999999
1786685167.536179,110.036,0.0,-1.0,0,0,,,,,,,,,,,,,,,,,,,,,,,,,,,0,1.7923903465270996,-2,11,True,True,False,"A:1,B:1,ESTOP:0,MODE:1",,,,nan,nan,nan,-1,9998000100000000.0,0.0029268096248164497,-0.010463420186330438,0.27940078918626343,0.9601130921019241,0.001780235837034216,-0.0068591439603377154,0.0016929693744344998,0.25497289999999995,-0.08825984999999999,9.836069949999999
1786685167.586296,110.086,0.0,-1.0,0,0,,,,,,,,,,,,,,,,,,,,,,,,,,,0,0.0,-2,36,True,True,False,"A:1,B:1,ESTOP:0,MODE:1",,,,nan,nan,nan,-1,9998000100000000.0,0.002906330754262026,-0.010423940240342239,0.2794092137368721,0.9601111321041725,-0.003926990816987242,-0.005323254218582705,-0.0029321531433504737,0.20593965,0.04903325,9.826263299999999
1786685167.636160,110.136,0.0,-1.0,0,0,,,,,,,,,,,,,,,,,,,,,,,,,,,0,0.0,-2,20,True,True,False,"A:1,B:1,ESTOP:0,MODE:1",,,,nan,nan,nan,-1,9998000100000000.0,0.002962542278231532,-0.010398493537485976,0.2794098768651592,0.9601110432578085,-0.00301941960595019,-0.008569566627292158,0.00307177948351002,0.22555294999999997,0.0196133,9.7674234
1786685167.686244,110.186,0.0,-1.0,0,0,,,,,,,,,,,,,,,,,,,,,,,,,,,0,0.0,-2,44,True,True,False,"A:1,B:1,ESTOP:0,MODE:1",,,,nan,nan,nan,-1,9998000100000000.0,0.0029066036513833485,-0.010423864149208798,0.2794343492917775,0.9601038168590382,0.007120943348136864,0.001710422666954443,-0.0019198621771937625,0.2353596,0.02941995,9.826263299999999
1786685167.736181,110.236,0.0,-1.0,0,0,,,,,,,,,,,,,,,,,,,,,,,,,,,0,0.0,-2,26,True,True,False,"A:1,B:1,ESTOP:0,MODE:1",,,,nan,nan,nan,-1,9998000100000000.0,0.002951997480944799,-0.01039247602231027,0.27943494860533546,0.9601038442017258,0.003926990816987242,-0.001710422666954443,0.0018151424220741027,0.17651969999999997,0.04903325,9.7674234
1786685167.786154,110.286,0.0,-1.0,0,0,,,,,,,,,,,,,,,,,,,,,,,,,,,0,0.0,-2,48,True,True,False,"A:1,B:1,ESTOP:0,MODE:1",,,,nan,nan,nan,-1,9998000100000000.0,0.0029547488534036053,-0.010464380915003598,0.2794345498818693,0.9601031707705147,0.0020420352248333657,-0.0046251225177849735,-0.0004537856055185257,0.22555294999999997,0.0,9.845876599999999
1786685167.836158,110.336,0.0,-1.0,0,0,,,,,,,,,,,,,,,,,,,,,,,,,,,0,0.0,-2,28,True,True,False,"A:1,B:1,ESTOP:0,MODE:1",,,,nan,nan,nan,-1,9998000100000000.0,0.0030410633629528974,-0.010448347550671111,0.27944381394754436,0.9601003795507702,-0.007051130178057092,0.0035779249665883754,-0.00778416846389471,0.17651969999999997,0.0392266,9.7870367
1786685167.886331,110.386,0.0,-1.0,0,0,,,,,,,,,,,,,,,,,,,,,,,,,,,0,0.0,-2,54,True,True,False,"A:1,B:1,ESTOP:0,MODE:1",,,,nan,nan,nan,-1,9998000100000000.0,0.0029775369363983484,-0.010448660871270757,0.27944322923056036,0.9601007454413241,-0.0015184364492350666,-0.0031764992386296795,-0.0004363323129985824,0.25497289999999995,0.0196133,9.845876599999999
1786685167.936251,110.436,0.0,-1.0,0,0,,,,,,,,,,,,,,,,,,,,,,,,,,,0,0.0,-2,33,True,True,False,"A:1,B:1,ESTOP:0,MODE:1",,,,nan,nan,nan,-1,9998000100000000.0,0.0029834767832108136,-0.010437843811686333,0.27944334732546433,0.9601008102894127,0.0014660765716752368,-0.0006632251157578452,0.009145525280450288,0.24516625,0.0,9.80665
1786685167.986236,110.486,0.0,-1.0,0,0,,,,,,,,,,,,,,,,,,,,,,,,,,,0,0.0,-2,56,True,True,False,"A:1,B:1,ESTOP:0,MODE:1",,,,nan,nan,nan,-1,9998000100000000.0,0.0029534641710165493,-0.010428402702912992,0.27944312818999534,0.960101069457714,-0.0041887902047863905,-0.0020420352248333657,-0.002827433388230814,0.196133,-0.02941995,9.80665
1786685168.036195,110.536,0.0,-1.0,0,0,,,,,,,,,,,,,,,,,,,,,,,,,,,0,0.0,-2,37,True,True,False,"A:1,B:1,ESTOP:0,MODE:1",,,,nan,nan,nan,-1,9998000100000000.0,0.00295226955431917,-0.010392398735635503,0.2794600839694354,0.9600965282828567,0.0014660765716752368,0.0023038346126325153,0.0013439035240356337,0.22555294999999997,-0.0588399,9.81645665
1786685168.086304,110.586,0.0,-1.0,0,0,,,,,,,,,,,,,,,,,,,,,,,,,,,0,0.0,-2,57,True,True,False,"A:1,B:1,ESTOP:0,MODE:1",,,,nan,nan,nan,-1,9998000100000000.0,0.002909091282631374,-0.010368614661327834,0.27946820818483764,0.960094552443597,-0.0006806784082777885,0.008813912722571364,0.0026354471705114374,0.26477955,-0.0784532,9.7674234
1786685168.136242,110.636,0.0,-1.0,0,0,,,,,,,,,,,,,,,,,,,,,,,,,,,0,0.0,-2,36,True,True,False,"A:1,B:1,ESTOP:0,MODE:1",,,,nan,nan,nan,-1,9998000100000000.0,0.002930725767852815,-0.010380493818796067,0.2794683350758745,0.9600943213478925,-0.007452555906015787,-0.0003316125578789226,-0.0022514747350726853,0.18632634999999997,0.10787314999999999,9.7281968
1786685168.186261,110.686,0.0,-1.0,0,0,,,,,,,,,,,,,,,,,,,,,,,,,,,0,0.0,-2,60,True,True,False,"A:1,B:1,ESTOP:0,MODE:1",,,,nan,nan,nan,-1,9998000100000000.0,0.0029249675641181763,-0.010391259989265543,0.2794849741202076,0.9600893789234475,-0.011135200627723822,0.0013264502315156904,-0.004590215932745087,0.21574629999999997,-0.0588399,9.79684335
1786685168.236145,110.736,0.0,-1.0,0,0,,,,,,,,,,,,,,,,,,,,,,,,,,,0,0.0,-2,39,True,True,False,"A:1,B:1,ESTOP:0,MODE:1",,,,nan,nan,nan,-1,9998000100000000.0,0.0028996509921093865,-0.01039862749525682,0.2794679452172059,0.9600943329519301,0.004206243497306334,0.003438298626428829,0.0006283185307179586,0.20593965,-0.00980665,9.77723005
1786685168.286280,110.786,0.0,-1.0,0,0,,,,,,,,,,,,,,,,,,,,,,,,,,,0,0.0,-2,60,True,True,False,"A:1,B:1,ESTOP:0,MODE:1",,,,nan,nan,nan,-1,9998000100000000.0,0.002930725767852815,-0.010380493818796067,0.2794683350758745,0.9600943213478925,0.0005585053606381855,-0.0038048177693476384,0.0031764992386296795,0.21574629999999997,0.0196133,9.7870367
1786685168.336200,110.836,0.0,-1.0,0,0,,,,,,,,,,,,,,,,,,,,,,,,,,,0,0.0,-2,42,True,True,False,"A:1,B:1,ESTOP:0,MODE:1",,,,nan,nan,nan,-1,9998000100000000.0,0.002913878330796106,-0.010385396888597803,0.27945977544490885,0.9600968111356378,0.01007054978400728,-0.004276056667386108,-0.005672320068981571,0.17651969999999997,0.0196133,9.7870367
1786685168.386441,110.886,0.0,-1.0,0,0,,,,,,,,,,,,,,,,,,,,,,,,,,,0,0.0,-2,59,True,True,False,"A:1,B:1,ESTOP:0,MODE:1",,,,nan,nan,nan,-1,9998000100000000.0,0.0029499214098308874,-0.010383994573615824,0.2794684893049795,0.9600941798104827,0.006597344572538566,0.0047298422729046335,0.0033859387488689996,0.22555294999999997,-0.00980665,9.7674234
1786685168.436278,110.936,0.0,-1.0,0,0,,,,,,,,,,,,,,,,,,,,,,,,,,,0,0.0,-2,39,True,True,False,"A:1,B:1,ESTOP:0,MODE:1",,,,nan,nan,nan,-1,9998000100000000.0,0.002940571993609452,-0.010413981747239044,0.2794766051444817,0.9600915212610901,-0.0008377580409572782,-0.002548180707911721,0.004328416544945937,0.26477955,0.02941995,9.80665
1786685168.486255,110.986,0.0,-1.0,0,0,,,,,,,,,,,,,,,,,,,,,,,,,,,0,0.0,-2,61,True,True,False,"A:1,B:1,ESTOP:0,MODE:1",,,,nan,nan,nan,-1,9998000100000000.0,0.0029502364572895345,-0.010447520984862981,0.2794681180931158,0.9600935977182691,-0.0013788101090755204,-0.0020594885173533086,-0.0015009831567151233,0.17651969999999997,-0.0588399,9.77723005
1786685168.536234,111.036,0.0,-1.0,0,0,,,,,,,,,,,,,,,,,,,,,,,,,,,0,0.0,-2,40,True,True,False,"A:1,B:1,ESTOP:0,MODE:1",,,,nan,nan,nan,-1,9998000100000000.0,0.002914101660009095,-0.010448948726360423,0.27945102388502885,0.9600986682271974,-0.0028099800957108708,0.0030368728984701333,-0.00947713783832921,0.20593965,0.0,9.757616749999999
1786685168.586258,111.086,0.0,-1.0,0,0,,,,,,,,,,,,,,,,,,,,,,,,,,,0,0.0,-2,61,True,True,False,"A:1,B:1,ESTOP:0,MODE:1",,,,nan,nan,nan,-1,9998000100000000.0,0.002944114363051961,-0.010458389581901676,0.27945124278308536,0.9600984101564586,0.0016406094968746698,0.0074176493209759005,-0.0006283185307179586,0.2353596,-0.0196133,9.79684335
1786685168.636194,111.136,0.0,-1.0,0,0,,,,,,,,,,,,,,,,,,,,,,,,,,,0,0.0,-2,42,True,True,False,"A:1,B:1,ESTOP:0,MODE:1",,,,nan,nan,nan,-1,9998000100000000.0,0.002912947872122592,-0.010476548117519807,0.2794424714923359,0.9601008602227635,0.009983283321407565,-0.000296705972839036,0.0013439035240356337,0.1569064,0.00980665,9.7870367
1786685168.686219,111.186,0.0,-1.0,0,0,,,,,,,,,,,,,,,,,,,,,,,,,,,0,0.0,-2,60,True,True,False,"A:1,B:1,ESTOP:0,MODE:1",,,,nan,nan,nan,-1,9998000100000000.0,0.0029333884479364955,-0.010452424221127889,0.2794595572986173,0.9600960878446365,-0.0030543261909900766,0.0033161255787892262,0.0,0.22555294999999997,0.04903325,9.81645665
1786685168.736272,111.236,0.0,-1.0,0,0,,,,,,,,,,,,,,,,,,,,,,,,,,,0,0.0,-2,40,True,True,False,"A:1,B:1,ESTOP:0,MODE:1",,,,nan,nan,nan,-1,9998000100000000.0,0.0029585237037309765,-0.010445107983445197,0.27945983084667425,0.9600960107196866,-0.002478367537831948,1.7453292519943296e-05,0.006702064327658226,0.18632634999999997,0.02941995,9.77723005
1786685168.786275,111.286,0.0,-1.0,0,0,,,,,,,,,,,,,,,,,,,,,,,,,,,0,0.0,-2,62,True,True,False,"A:1,B:1,ESTOP:0,MODE:1",,,,nan,nan,nan,-1,9998000100000000.0,0.0029750983229520096,-0.010440282414530674,0.27944325622745325,0.9601008362886013,0.0005061454830783556,0.007400196028455957,-0.0045553093477052,0.21574629999999997,0.04903325,9.8851032
1786685168.836184,111.336,0.0,-1.0,0,0,,,,,,,,,,,,,,,,,,,,,,,,,,,0,0.0,-2,42,True,True,False,"A:1,B:1,ESTOP:0,MODE:1",,,,nan,nan,nan,-1,9998000100000000.0,0.0029944761330580544,-0.010443731403379885,0.27946016842722,0.9600958159734332,0.005707226654021458,0.004328416544945937,0.009285151620609835,0.22555294999999997,-0.00980665,9.826263299999999
1786685168.886291,111.386,0.0,-1.0,0,0,,,,,,,,,,,,,,,,,,,,,,,,,,,0,0.0,-2,61,True,True,False,"A:1,B:1,ESTOP:0,MODE:1",,,,nan,nan,nan,-1,9998000100000000.0,0.002984852775376109,-0.010473796236714203,0.2794431481121967,0.9601004724607972,0.0005235987755982988,-0.005672320068981571,0.003560471674068432,0.18632634999999997,-0.02941995,9.757616749999999
1786685168.936211,111.436,0.0,-1.0,0,0,,,,,,,,,,,,,,,,,,,,,,,,,,,0,0.0,-2,44,True,True,False,"A:1,B:1,ESTOP:0,MODE:1",,,,nan,nan,nan,-1,9998000100000000.0,0.0029788214357740384,-0.010484639286655637,0.2794346510780402,0.9601028459174447,-0.007871434926494426,0.006894050545377602,-0.0032288591161895096,0.14709974999999997,0.04903325,9.7674234
1786685168.986394,111.486,0.0,-1.0,0,0,,,,,,,,,,,,,,,,,,,,,,,,,,,0,0.0,-2,60,True,True,False,"A:1,B:1,ESTOP:0,MODE:1",,,,nan,nan,nan,-1,9998000100000000.0,0.0030029856780611148,-0.010504871445178778,0.2794431313393847,0.960100081293704,0.0016057029118347831,-0.00736528944341607,-0.004031710572106902,0.196133,0.02941995,9.757616749999999
1786685169.036268,111.536,0.0,-1.0,0,0,,,,,,,,,,,,,,,,,,,,,,,,,,,0,0.0,-2,41,True,True,False,"A:1,B:1,ESTOP:0,MODE:1",,,,nan,nan,nan,-1,9998000100000000.0,0.003051131133696024,-0.01054538773054554,0.27944333672975097,0.9600994255564161,-0.004101523742186674,-0.0004188790204786391,-0.0013962634015954637,0.2353596,-0.00980665,9.81645665
1786685169.086276,111.586,0.0,-1.0,0,0,,,,,,,,,,,,,,,,,,,,,,,,,,,0,0.0,-2,62,True,True,False,"A:1,B:1,ESTOP:0,MODE:1",,,,nan,nan,nan,-1,9998000100000000.0,0.0030535697399399846,-0.010553766177270595,0.27944330980050547,0.9600993335791134,0.0042935099599060505,0.0030543261909900766,0.0038222710618675817,0.21574629999999997,0.04903325,9.8654899
1786685169.136214,111.636,0.0,-1.0,0,0,,,,,,,,,,,,,,,,,,,,,,,,,,,0,0.0,-2,42,True,True,False,"A:1,B:1,ESTOP:0,MODE:1",,,,nan,nan,nan,-1,9998000100000000.0,0.003067796045929379,-0.010540537294613185,0.2794351422806905,0.9601018107260977,-0.0020245819323134223,0.006614797865058509,-0.004345869837465881,0.22555294999999997,-0.0196133,9.7870367
1786685169.186330,111.686,0.0,-1.0,0,0,,,,,,,,,,,,,,,,,,,,,,,,,,,0,0.0,-2,61,True,True,False,"A:1,B:1,ESTOP:0,MODE:1",,,,nan,nan,nan,-1,9998000100000000.0,0.0030752038425661296,-0.01056564586181162,0.2794434403260415,0.9600990958789595,0.0026529004630313807,0.0029670597283903604,0.008063421144213804,0.28439285,0.04903325,9.875296549999998
1786685169.236200,111.736,0.0,-1.0,0,0,,,,,,,,,,,,,,,,,,,,,,,,,,,0,0.0,-2,45,True,True,False,"A:1,B:1,ESTOP:0,MODE:1",,,,nan,nan,nan,-1,9998000100000000.0,0.0030548533055862514,-0.010589745216724,0.27943473101371286,0.9601014301993409,0.0018151424220741027,0.0025132741228718345,-0.004904375198104067,0.2353596,-0.0588399,9.8851032
1786685169.286245,111.786,0.0,-1.0,0,0,,,,,,,,,,,,,,,,,,,,,,,,,,,0,0.0,-2,60,True,True,False,"A:1,B:1,ESTOP:0,MODE:1",,,,nan,nan,nan,-1,9998000100000000.0,0.0030536977862384044,-0.01061734578141572,0.2794261785090362,0.9601036181903618,-0.0046251225177849735,0.00019198621771937625,-0.0038222710618675817,0.25497289999999995,0.04903325,9.826263299999999
1786685169.336256,111.836,0.0,-1.0,0,0,,,,,,,,,,,,,,,,,,,,,,,,,,,0,0.0,-2,41,True,True,False,"A:1,B:1,ESTOP:0,MODE:1",,,,nan,nan,nan,-1,9998000100000000.0,0.003111191308344997,-0.0106278776459564,0.27941827507739986,0.960105617241226,0.0038048177693476384,0.003996803987067015,0.0032812189937493396,0.2353596,-0.02941995,9.836069949999999
1786685169.386282,111.886,0.0,-1.0,0,0,,,,,,,,,,,,,,,,,,,,,,,,,,,0,0.0,-2,62,True,True,False,"A:1,B:1,ESTOP:0,MODE:1",,,,nan,nan,nan,-1,9998000100000000.0,0.0031254173021796595,-0.010614649646354607,0.27941010871416033,0.9601080939810441,0.00932005820564972,0.0004188790204786391,-0.0005061454830783556,0.16671305,-0.0196133,9.9047165
1786685169.436173,111.936,0.0,-1.0,0,0,,,,,,,,,,,,,,,,,,,,,,,,,,,0,0.0,-2,43,True,True,False,"A:1,B:1,ESTOP:0,MODE:1",,,,nan,nan,nan,-1,9998000100000000.0,0.0031472364262722136,-0.010626475140852947,0.279426997803798,0.9601029766787071,0.0027925268031909274,-0.0007330382858376184,-0.0028797932657906437,0.25497289999999995,-0.06864655,9.81645665
1786685169.486259,111.986,0.0,-1.0,0,0,,,,,,,,,,,,,,,,,,,,,,,,,,,0,0.0,-2,61,True,True,False,"A:1,B:1,ESTOP:0,MODE:1",,,,nan,nan,nan,-1,9998000100000000.0,0.0031146004707173973,-0.010608709433368474,0.2794100428251857,0.9601082139615796,0.004276056667386108,-0.0020420352248333657,-0.0076445421237351634,0.17651969999999997,0.0196133,9.77723005
1786685169.536295,112.036,0.0,-1.0,0,0,,,,,,,,,,,,,,,,,,,,,,,,,,,0,0.0,-2,45,True,True,False,"A:1,B:1,ESTOP:0,MODE:1",,,,nan,nan,nan,-1,9998000100000000.0,0.00317093708741495,-0.010646844354563373,0.2793935897341202,0.9601123954406378,-0.0023212879051524586,0.00013962634015954637,-0.0022514747350726853,0.22555294999999997,-0.0,9.836069949999999
1786685169.586261,112.086,0.0,-1.0,0,0,,,,,,,,,,,,,,,,,,,,,,,,,,,0,0.0,-2,59,True,True,False,"A:1,B:1,ESTOP:0,MODE:1",,,,nan,nan,nan,-1,9998000100000000.0,0.003174749307244947,-0.01069117533700846,0.2793933636717997,0.9601119560097703,-0.008045967851693859,-0.0024609142453120045,-0.0021991148575128553,0.28439285,-0.0588399,9.7870367
1786685169.636137,112.136,0.0,-1.0,0,0,,,,,,,,,,,,,,,,,,,,,,,,,,,0,0.0,-2,41,True,True,False,"A:1,B:1,ESTOP:0,MODE:1",,,,nan,nan,nan,-1,9998000100000000.0,0.0031774974423794335,-0.010763080125487092,0.27939296173206274,0.960111260506199,-0.007016223593017205,-0.0007853981633974482,-0.013351768777756621,0.22555294999999997,0.0392266,9.77723005
1786685169.686288,112.186,0.0,-1.0,0,0,,,,,,,,,,,,,,,,,,,,,,,,,,,0,0.0,-2,61,True,True,False,"A:1,B:1,ESTOP:0,MODE:1",,,,nan,nan,nan,-1,9998000100000000.0,0.003159366264348569,-0.010732004068099339,0.2793929759090002,0.9601116640819456,-0.00013962634015954637,-0.0005410520681182421,-0.0009599310885968813,0.14709974999999997,-0.0588399,9.7870367
1786685169.736234,112.236,0.0,-1.0,0,0,,,,,,,,,,,,,,,,,,,,,,,,,,,0,0.0,-2,43,True,True,False,"A:1,B:1,ESTOP:0,MODE:1",,,,nan,nan,nan,-1,9998000100000000.0,0.003129260706925186,-0.010722588750035152,0.27938437064981203,0.9601143719654102,0.001710422666954443,0.005829399701661061,-0.0048520153205442364,0.17651969999999997,-0.0196133,9.826263299999999
1786685169.786356,112.286,0.0,-1.0,0,0,,,,,,,,,,,,,,,,,,,,,,,,,,,0,0.0,-2,60,True,True,False,"A:1,B:1,ESTOP:0,MODE:1",,,,nan,nan,nan,-1,9998000100000000.0,0.003135201199057067,-0.010711772081440276,0.2793844912893753,0.9601144382204101,-0.00012217304763960306,-0.0010297442586766543,0.01017526953912694,0.196133,-0.0392266,9.81645665
1786685169.836131,112.336,0.0,-1.0,0,0,,,,,,,,,,,,,,,,,,,,,,,,,,,0,0.0,-2,46,True,True,False,"A:1,B:1,ESTOP:0,MODE:1",,,,nan,nan,nan,-1,9998000100000000.0,0.003147297784326297,-0.010753692437100908,0.2793759771011809,0.9601164075435776,0.006178465552059927,3.490658503988659e-05,0.0005410520681182421,0.18632634999999997,0.0,9.77723005
1786685169.886165,112.386,0.0,-1.0,0,0,,,,,,,,,,,,,,,,,,,,,,,,,,,0,0.0,-2,60,True,True,False,"A:1,B:1,ESTOP:0,MODE:1",,,,nan,nan,nan,-1,9998000100000000.0,0.003134043161735621,-0.010739373256433307,0.2793759376963283,0.9601166226411333,-0.011763519158441782,-0.0003316125578789226,-0.007155849933176751,0.25497289999999995,0.02941995,9.826263299999999
1786685169.936152,112.436,0.0,-1.0,0,0,,,,,,,,,,,,,,,,,,,,,,,,,,,0,0.0,-2,42,True,True,False,"A:1,B:1,ESTOP:0,MODE:1",,,,nan,nan,nan,-1,9998000100000000.0,0.0031423280621948693,-0.010736962663436855,0.27936765279586906,0.9601190332341298,0.0005061454830783556,-0.006492624817418906,-0.0022165681500327986,0.18632634999999997,-0.06864655,9.855683249999998
1786685169.986355,112.486,0.0,-1.0,0,0,,,,,,,,,,,,,,,,,,,,,,,,,,,0,0.0,-2,61,True,True,False,"A:1,B:1,ESTOP:0,MODE:1",,,,nan,nan,nan,-1,9998000100000000.0,0.003176029761621449,-0.01072715545562515,0.2793847846102341,0.9601140469231129,0.001413716694115407,-0.0004537856055185257,-0.007138396640656807,0.26477955,0.00980665,9.81645665
1786685170.036214,112.536,0.0,-1.0,0,0,,,,,,,,,,,,,,,,,,,,,,,,,,,0,0.0,-2,44,True,True,False,"A:1,B:1,ESTOP:0,MODE:1",,,,nan,nan,nan,-1,9998000100000000.0,0.0031494269095773413,-0.01069854480399886,0.2793763265229191,0.9601169149784714,-0.001064650843716541,0.0045204027626653135,-0.0023387411976724015,0.26477955,0.0196133,9.7870367
1786685170.086251,112.586,0.0,-1.0,0,0,,,,,,,,,,,,,,,,,,,,,,,,,,,0,0.0,-2,60,True,True,False,"A:1,B:1,ESTOP:0,MODE:1",,,,nan,nan,nan,-1,9998000100000000.0,0.0031469888976063424,-0.01069016620100804,0.2793763534112791,0.9601170084745344,-0.007801621756414653,-0.003892084231947355,0.008185594191853406,0.20593965,-0.02941995,9.81645665
1786685170.136159,112.636,0.0,-1.0,0,0,,,,,,,,,,,,,,,,,,,,,,,,,,,0,0.0,-2,47,True,True,False,"A:1,B:1,ESTOP:0,MODE:1",,,,nan,nan,nan,-1,9998000100000000.0,0.0031095700287166396,-0.010655614366068808,0.2793678300501402,0.9601199945786953,-0.0025656340004316645,0.0048520153205442364,-0.004241150082346221,0.25497289999999995,-0.0196133,9.7674234
1786685170.186239,112.686,0.0,-1.0,0,0,,,,,,,,,,,,,,,,,,,,,,,,,,,0,0.0,-2,59,True,True,False,"A:1,B:1,ESTOP:0,MODE:1",,,,nan,nan,nan,-1,9998000100000000.0,0.0031097560037975256,-0.010655560092210544,0.27938458726270876,0.9601151185440026,-0.0047298422729046335,-0.0008203047484373349,0.0023387411976724015,0.26477955,-0.02941995,9.845876599999999
1786685170.236142,112.736,0.0,-1.0,0,0,,,,,,,,,,,,,,,,,,,,,,,,,,,0,0.0,-2,42,True,True,False,"A:1,B:1,ESTOP:0,MODE:1",,,,nan,nan,nan,-1,9998000100000000.0,0.0031157893933320764,-0.010644716225233265,0.2793930857220705,0.9601127462562095,-0.000296705972839036,0.0007330382858376184,0.0003141592653589793,0.20593965,0.0196133,9.757616749999999
1786685170.286171,112.786,0.0,-1.0,0,0,,,,,,,,,,,,,,,,,,,,,,,,,,,0,0.0,-2,61,True,True,False,"A:1,B:1,ESTOP:0,MODE:1",,,,nan,nan,nan,-1,9998000100000000.0,0.0031214514009220984,-0.010633981217362358,0.27936806962789107,0.9601201261597457,-0.0025656340004316645,-0.0021118483949131386,-1.7453292519943296e-05,0.24516625,0.0392266,9.7281968
1786685170.336177,112.836,0.0,-1.0,0,0,,,,,,,,,,,,,,,,,,,,,,,,,,,0,0.0,-2,44,True,True,False,"A:1,B:1,ESTOP:0,MODE:1",,,,nan,nan,nan,-1,9998000100000000.0,0.003085406128284509,-0.010635381292227096,0.2793593467035495,0.9601227652457567,-0.006894050545377602,-0.0033859387488689996,-0.0046251225177849735,0.14709974999999997,-0.0392266,9.79684335
1786685170.386195,112.886,0.0,-1.0,0,0,,,,,,,,,,,,,,,,,,,,,,,,,,,0,0.0,-2,61,True,True,False,"A:1,B:1,ESTOP:0,MODE:1",,,,nan,nan,nan,-1,9998000100000000.0,0.003073431570632293,-0.010657041152124585,0.2793507278993707,0.9601250711831008,0.0026354471705114374,-0.0003839724354387525,-0.0014660765716752368,0.17651969999999997,0.0588399,9.81645665
1786685170.436131,112.936,0.0,-1.0,0,0,,,,,,,,,,,,,,,,,,,,,,,,,,,0,0.0,-2,41,True,True,False,"A:1,B:1,ESTOP:0,MODE:1",,,,nan,nan,nan,-1,9998000100000000.0,0.003086778965060293,-0.010671333759655151,0.27935914513310484,0.9601224205599574,0.001117010721276371,-0.004468042885105484,-0.0030368728984701333,0.26477955,0.00980665,9.7870367
1786685170.486162,112.986,0.0,-1.0,0,0,,,,,,,,,,,,,,,,,,,,,,,,,,,0,0.0,-2,58,True,True,False,"A:1,B:1,ESTOP:0,MODE:1",,,,nan,nan,nan,-1,9998000100000000.0,0.0030700216671300114,-0.010676209494907694,0.2793589588406464,0.9601224742881787,-0.0037175513067479217,-0.004328416544945937,-0.0016580627893946131,0.196133,-0.0392266,9.826263299999999
1786685170.536128,113.036,0.0,-1.0,0,0,,,,,,,,,,,,,,,,,,,,,,,,,,,0,0.0,-2,43,True,True,False,"A:1,B:1,ESTOP:0,MODE:1",,,,nan,nan,nan,-1,9998000100000000.0,0.0030446992553653032,-0.010683576233342188,0.279341921900057,0.9601274299146407,0.003420845333908886,-0.0016580627893946131,-0.0019373154697137059,0.22555294999999997,0.00980665,9.757616749999999
1786685170.586333,113.086,0.0,-1.0,0,0,,,,,,,,,,,,,,,,,,,,,,,,,,,0,0.0,-2,61,True,True,False,"A:1,B:1,ESTOP:0,MODE:1",,,,nan,nan,nan,-1,9998000100000000.0,0.003039823795881374,-0.010666818853442459,0.27934197704483793,0.9601276156363379,0.0068591439603377154,-0.0022514747350726853,0.003682644721708035,0.196133,0.00980665,9.80665
1786685170.636139,113.136,0.0,-1.0,0,0,,,,,,,,,,,,,,,,,,,,,,,,,,,0,0.0,-2,45,True,True,False,"A:1,B:1,ESTOP:0,MODE:1",,,,nan,nan,nan,-1,9998000100000000.0,0.00302550413876458,-0.010680072978930052,0.2793417631231923,0.9601275757632926,-0.00973893722612836,0.009546951008408983,-0.004537856055185257,0.24516625,-0.0,9.7870367
1786685170.686181,113.186,0.0,-1.0,0,0,,,,,,,,,,,,,,,,,,,,,,,,,,,0,0.0,-2,60,True,True,False,"A:1,B:1,ESTOP:0,MODE:1",,,,nan,nan,nan,-1,9998000100000000.0,0.0030305662954759065,-0.010696777464506627,0.27935846498504047,0.9601225144016806,0.0025830872929516074,-0.00019198621771937625,-0.0005585053606381855,0.20593965,-0.00980665,9.80665
1786685170.736264,113.236,0.0,-1.0,0,0,,,,,,,,,,,,,,,,,,,,,,,,,,,0,0.0,-2,41,True,True,False,"A:1,B:1,ESTOP:0,MODE:1",,,,nan,nan,nan,-1,9998000100000000.0,0.003038944944909823,-0.010694339601595701,0.2793585583213964,0.960122487918442,-0.001832595714594046,-0.0007853981633974482,0.0006806784082777885,0.20593965,-0.0196133,9.80665
1786685170.786268,113.286,0.0,-1.0,0,0,,,,,,,,,,,,,,,,,,,,,,,,,,,0,0.0,-2,59,True,True,False,"A:1,B:1,ESTOP:0,MODE:1",,,,nan,nan,nan,-1,9998000100000000.0,0.0030196564724835717,-0.010690863033027373,0.27935002079145776,0.960125071543395,0.005777039824101231,-0.004136430327226561,0.003473205211468716,0.26477955,-0.02941995,9.8654899
1786685170.836449,113.336,0.0,-1.0,0,0,,,,,,,,,,,,,,,,,,,,,,,,,,,0,0.0,-2,43,True,True,False,"A:1,B:1,ESTOP:0,MODE:1",,,,nan,nan,nan,-1,9998000100000000.0,0.003013995774540836,-0.010701600585364516,0.2793750355059756,0.9601176912808228,0.000767944870877505,-0.0023038346126325153,0.005148721293383272,0.18632634999999997,0.0392266,9.7674234
1786685170.886217,113.386,0.0,-1.0,0,0,,,,,,,,,,,,,,,,,,,,,,,,,,,0,0.0,-2,61,True,True,False,"A:1,B:1,ESTOP:0,MODE:1",,,,nan,nan,nan,-1,9998000100000000.0,0.0029997700903004253,-0.010714829021786842,0.27938319921420407,0.9601152127819222,0.005707226654021458,0.000767944870877505,0.002076941809873252,0.24516625,0.00980665,9.71839015
1786685170.936132,113.436,0.0,-1.0,0,0,,,,,,,,,,,,,,,,,,,,,,,,,,,0,0.0,-2,46,True,True,False,"A:1,B:1,ESTOP:0,MODE:1",,,,nan,nan,nan,-1,9998000100000000.0,0.002998799549307895,-0.01074237666529037,0.27939139972001675,0.9601125216907307,0.003839724354387525,-0.0022165681500327986,0.001186823891356144,0.1372931,-0.0588399,9.855683249999998
1786685170.986207,113.486,0.0,-1.0,0,0,,,,,,,,,,,,,,,,,,,,,,,,,,,0,0.0,-2,60,True,True,False,"A:1,B:1,ESTOP:0,MODE:1",,,,nan,nan,nan,-1,9998000100000000.0,0.003009710080005879,-0.010748290806240879,0.27939984385071265,0.960109964090664,-0.002949606435870417,0.0022165681500327986,0.003996803987067015,0.2353596,0.00980665,9.80665
1786685171.036214,113.536,0.0,-1.0,0,0,,,,,,,,,,,,,,,,,,,,,,,,,,,0,0.0,-2,41,True,True,False,"A:1,B:1,ESTOP:0,MODE:1",,,,nan,nan,nan,-1,9998000100000000.0,0.003007365558370686,-0.010739886028172906,0.27940825053598056,0.9601076190370135,-0.0021118483949131386,0.005026548245743669,-0.01085594794740473,0.21574629999999997,0.06864655,9.7870367
1786685171.086262,113.586,0.0,-1.0,0,0,,,,,,,,,,,,,,,,,,,,,,,,,,,0,0.0,-2,62,True,True,False,"A:1,B:1,ESTOP:0,MODE:1",,,,nan,nan,nan,-1,9998000100000000.0,0.0029955790697784633,-0.01076149350367957,0.27941638492930304,0.960105046646796,0.0015533430342749533,0.0019722220547535923,0.002722713633111154,0.196133,-0.0196133,9.81645665
1786685171.136140,113.636,0.0,-1.0,0,0,,,,,,,,,,,,,,,,,,,,,,,,,,,0,0.0,-2,44,True,True,False,"A:1,B:1,ESTOP:0,MODE:1",,,,nan,nan,nan,-1,9998000100000000.0,0.003006395958303318,-0.010767433625140068,0.27941645055804404,0.9601049271376614,0.007382742735936014,0.0020943951023931952,-0.0012566370614359172,0.22555294999999997,-0.06864655,9.757616749999999
1786685171.186255,113.686,0.0,-1.0,0,0,,,,,,,,,,,,,,,,,,,,,,,,,,,0,0.0,-2,61,True,True,False,"A:1,B:1,ESTOP:0,MODE:1",,,,nan,nan,nan,-1,9998000100000000.0,0.002999080783043638,-0.010742298153220411,0.27941653531130767,0.9601052069119659,0.0022514747350726853,0.0007504915783575617,0.0015533430342749533,0.2353596,0.00980665,9.80665
1786685171.236167,113.736,0.0,-1.0,0,0,,,,,,,,,,,,,,,,,,,,,,,,,,,0,0.0,-2,46,True,True,False,"A:1,B:1,ESTOP:0,MODE:1",,,,nan,nan,nan,-1,9998000100000000.0,0.0029989870386934406,-0.010742324324728473,0.2794081568021553,0.9601076452446706,-0.005235987755982988,-0.004049163864626845,-0.00017453292519943296,0.22555294999999997,-0.0,9.80665
1786685171.286269,113.786,0.0,-1.0,0,0,,,,,,,,,,,,,,,,,,,,,,,,,,,0,0.0,-2,60,True,True,False,"A:1,B:1,ESTOP:0,MODE:1",,,,nan,nan,nan,-1,9998000100000000.0,0.002977259716088569,-0.010730469870344431,0.2793996474247831,0.960110321765083,-0.001780235837034216,-0.0010821041362364843,0.0010995574287564276,0.24516625,0.02941995,9.855683249999998
1786685171.336158,113.836,0.0,-1.0,0,0,,,,,,,,,,,,,,,,,,,,,,,,,,,0,0.0,-2,42,True,True,False,"A:1,B:1,ESTOP:0,MODE:1",,,,nan,nan,nan,-1,9998000100000000.0,0.0029571882876366297,-0.010754489989304875,0.27941606632414295,0.9601053368575989,-0.0031066860685499066,0.0004188790204786391,0.0011344640137963143,0.21574629999999997,-0.0392266,9.855683249999998
1786685171.386322,113.886,0.0,-1.0,0,0,,,,,,,,,,,,,,,,,,,,,,,,,,,0,0.0,-2,61,True,True,False,"A:1,B:1,ESTOP:0,MODE:1",,,,nan,nan,nan,-1,9998000100000000.0,0.0029570944368941866,-0.010754515795231486,0.2794076878138566,0.960107775186211,-0.0055152404363020815,-0.00034906585039886593,0.00034906585039886593,0.26477955,-0.00980665,9.79684335
1786685171.436141,113.936,0.0,-1.0,0,0,,,,,,,,,,,,,,,,,,,,,,,,,,,0,0.0,-2,43,True,True,False,"A:1,B:1,ESTOP:0,MODE:1",,,,nan,nan,nan,-1,9998000100000000.0,0.0029920773586285124,-0.01078068884905199,0.2794162341484401,0.9601048861011614,-0.003298672286269283,-0.009389871375729494,0.009145525280450288,0.14709974999999997,-0.0784532,9.855683249999998
1786685171.486231,113.986,0.0,-1.0,0,0,,,,,,,,,,,,,,,,,,,,,,,,,,,0,0.0,-2,61,True,True,False,"A:1,B:1,ESTOP:0,MODE:1",,,,nan,nan,nan,-1,9998000100000000.0,0.002964409405005742,-0.01077965132726525,0.27940760196628994,0.9601074957303425,-0.0005585053606381855,0.0023212879051524586,0.005270894341022875,0.18632634999999997,-0.0196133,9.80665
1786685171.536164,114.036,0.0,-1.0,0,0,,,,,,,,,,,,,,,,,,,,,,,,,,,0,0.0,-2,47,True,True,False,"A:1,B:1,ESTOP:0,MODE:1",,,,nan,nan,nan,-1,9998000100000000.0,0.0029719129497384374,-0.010804734983890368,0.2794242729167479,0.9601023388890861,0.005235987755982988,0.003892084231947355,0.002076941809873252,0.22555294999999997,0.00980665,9.7870367
1786685171.586183,114.086,0.0,-1.0,0,0,,,,,,,,,,,,,,,,,,,,,,,,,,,0,0.0,-2,59,True,True,False,"A:1,B:1,ESTOP:0,MODE:1",,,,nan,nan,nan,-1,9998000100000000.0,0.002986043082547468,-0.010791531761264761,0.279407733018505,0.9601072570907974,0.00022689280275926284,-0.0005759586531581288,0.0023911010752322315,0.25497289999999995,0.0196133,9.826263299999999
1786685171.636170,114.136,0.0,-1.0,0,0,,,,,,,,,,,,,,,,,,,,,,,,,,,0,0.0,-2,42,True,True,False,"A:1,B:1,ESTOP:0,MODE:1",,,,nan,nan,nan,-1,9998000100000000.0,0.0029442447778556093,-0.010803697520258577,0.2794156403900215,0.9601049481426563,-0.004572762640225144,-0.00047123889803846896,-0.006230825429619756,0.22555294999999997,-0.0,9.836069949999999
1786685171.686150,114.186,0.0,-1.0,0,0,,,,,,,,,,,,,,,,,,,,,,,,,,,0,0.0,-2,61,True,True,False,"A:1,B:1,ESTOP:0,MODE:1",,,,nan,nan,nan,-1,9998000100000000.0,0.0029514654697617667,-0.010828858730675866,0.27940717505834284,0.960107106106443,0.004084070449666731,0.002356194490192345,-0.0043982297150257105,0.25497289999999995,-0.0196133,9.7674234
1786685171.736243,114.236,0.0,-1.0,0,0,,,,,,,,,,,,,,,,,,,,,,,,,,,0,0.0,-2,44,True,True,False,"A:1,B:1,ESTOP:0,MODE:1",,,,nan,nan,nan,-1,9998000100000000.0,0.0029611902444433252,-0.01079876911483216,0.2794325858566092,0.96010001973723,-0.0008377580409572782,0.0036302848441482054,-0.0045029494701453706,0.17651969999999997,0.02941995,9.747810099999999
1786685171.786210,114.286,0.0,-1.0,0,0,,,,,,,,,,,,,,,,,,,,,,,,,,,0,0.0,-2,61,True,True,False,"A:1,B:1,ESTOP:0,MODE:1",,,,nan,nan,nan,-1,9998000100000000.0,0.0029586575382189047,-0.010790416490273997,0.2794242361471583,0.9601025515595274,-0.002530727415391778,-0.006457718232379019,0.00015707963267948965,0.21574629999999997,-0.04903325,9.79684335
1786685171.836166,114.336,0.0,-1.0,0,0,,,,,,,,,,,,,,,,,,,,,,,,,,,0,0.0,-2,48,True,True,False,"A:1,B:1,ESTOP:0,MODE:1",,,,nan,nan,nan,-1,9998000100000000.0,0.002961284481368679,-0.010798743273161202,0.2794409642992156,0.9600975811913419,-0.001413716694115407,0.0038222710618675817,0.003839724354387525,0.26477955,0.00980665,9.77723005
1786685171.886184,114.386,0.0,-1.0,0,0,,,,,,,,,,,,,,,,,,,,,,,,,,,0,0.0,-2,59,True,True,False,"A:1,B:1,ESTOP:0,MODE:1",,,,nan,nan,nan,-1,9998000100000000.0,0.0029251436350601684,-0.010800170229559392,0.27942385932033253,0.9601026542512304,0.004276056667386108,-0.001954768762233649,0.007086036763096978,0.24516625,-0.0392266,9.836069949999999
1786685171.936131,114.436,0.0,-1.0,0,0,,,,,,,,,,,,,,,,,,,,,,,,,,,0,0.0,-2,42,True,True,False,"A:1,B:1,ESTOP:0,MODE:1",,,,nan,nan,nan,-1,9998000100000000.0,0.002920360792653023,-0.01078338781375175,0.27943229581751544,0.960100402090454,-0.008639379797371931,-0.0019024088846738192,-0.0041887902047863905,0.22555294999999997,0.00980665,9.79684335
1786685171.986190,114.486,0.0,-1.0,0,0,,,,,,,,,,,,,,,,,,,,,,,,,,,0,0.0,-2,61,True,True,False,"A:1,B:1,ESTOP:0,MODE:1",,,,nan,nan,nan,-1,9998000100000000.0,0.002964785684015399,-0.010779547843288944,0.2794411158700054,0.9600977419801946,0.000767944870877505,0.0007853981633974482,-0.00153588974175501,0.22555294999999997,-0.0392266,9.738003449999999
1786685172.036214,114.536,0.0,-1.0,0,0,,,,,,,,,,,,,,,,,,,,,,,,,,,0,0.0,-2,45,True,True,False,"A:1,B:1,ESTOP:0,MODE:1",,,,nan,nan,nan,-1,9998000100000000.0,0.002937305825428114,-0.010778459534495037,0.27944924085029066,0.9600954738111974,-0.005445427266222308,-0.0010471975511965976,-0.0055152404363020815,0.20593965,0.04903325,9.79684335
1786685172.086170,114.586,0.0,-1.0,0,0,,,,,,,,,,,,,,,,,,,,,,,,,,,0,0.0,-2,60,True,True,False,"A:1,B:1,ESTOP:0,MODE:1",,,,nan,nan,nan,-1,9998000100000000.0,0.002956407250533357,-0.010781986426647149,0.2794410217900643,0.9600977678162727,-0.001762782544514273,-0.001064650843716541,-0.005393067388662479,0.18632634999999997,0.0588399,9.77723005
1786685172.136167,114.636,0.0,-1.0,0,0,,,,,,,,,,,,,,,,,,,,,,,,,,,0,0.0,-2,49,True,True,False,"A:1,B:1,ESTOP:0,MODE:1",,,,nan,nan,nan,-1,9998000100000000.0,0.002981448523448435,-0.010774696692566872,0.27943292552248916,0.9601001286375438,-0.008342673824532895,-0.005899212871740834,0.003612831551628262,0.21574629999999997,0.04903325,9.80665
1786685172.186153,114.686,0.0,-1.0,0,0,,,,,,,,,,,,,,,,,,,,,,,,,,,0,0.0,-2,59,True,True,False,"A:1,B:1,ESTOP:0,MODE:1",,,,nan,nan,nan,-1,9998000100000000.0,0.002983510661273213,-0.010783179289002846,0.27939938302410405,0.9601097887607986,0.005270894341022875,0.007819075048934596,-0.006928957130417489,0.20593965,-0.0784532,9.77723005
1786685172.236149,114.736,0.0,-1.0,0,0,,,,,,,,,,,,,,,,,,,,,,,,,,,0,0.0,-2,42,True,True,False,"A:1,B:1,ESTOP:0,MODE:1",,,,nan,nan,nan,-1,9998000100000000.0,0.003019463057455774,-0.010781804935095288,0.27939973101767274,0.9601095905324758,0.004537856055185257,-0.004677482395344803,0.010995574287564275,0.21574629999999997,-0.0,9.81645665
1786685172.286184,114.786,0.0,-1.0,0,0,,,,,,,,,,,,,,,,,,,,,,,,,,,0,0.0,-2,61,True,True,False,"A:1,B:1,ESTOP:0,MODE:1",,,,nan,nan,nan,-1,9998000100000000.0,0.0030445986667202987,-0.01077449026354809,0.27940001318891705,0.9601095111540934,0.004590215932745087,0.0010995574287564276,-0.000593411945678072,0.17651969999999997,0.0196133,9.855683249999998
1786685172.336300,114.836,0.0,-1.0,0,0,,,,,,,,,,,,,,,,,,,,,,,,,,,0,0.0,-2,46,True,True,False,"A:1,B:1,ESTOP:0,MODE:1",,,,nan,nan,nan,-1,9998000100000000.0,0.0030496634914950345,-0.010791194099500535,0.2794167141097545,0.9601044472132202,-0.00017453292519943296,0.005253441048502932,0.0019896753472735357,0.08825984999999999,0.0588399,9.81645665
1786685172.386193,114.886,0.0,-1.0,0,0,,,,,,,,,,,,,,,,,,,,,,,,,,,0,0.0,-2,60,True,True,False,"A:1,B:1,ESTOP:0,MODE:1",,,,nan,nan,nan,-1,9998000100000000.0,0.0030532592132955574,-0.01077197210760995,0.2794252427152191,0.9601021695416744,-0.010838494654884786,0.0006108652381980154,-0.006614797865058509,0.18632634999999997,-0.00980665,9.80665
1786685172.436131,114.936,0.0,-1.0,0,0,,,,,,,,,,,,,,,,,,,,,,,,,,,0,0.0,-2,48,True,True,False,"A:1,B:1,ESTOP:0,MODE:1",,,,nan,nan,nan,-1,9998000100000000.0,0.0030723605812135115,-0.010775500495080205,0.27941702437246985,0.9601044608168291,0.0016231562043547264,0.0035953782591083188,-0.0012042771838760874,0.24516625,-0.02941995,9.826263299999999
1786685172.486219,114.986,0.0,-1.0,0,0,,,,,,,,,,,,,,,,,,,,,,,,,,,0,0.0,-2,57,True,True,False,"A:1,B:1,ESTOP:0,MODE:1",,,,nan,nan,nan,-1,9998000100000000.0,0.00308336562833123,-0.010781386796395351,0.27943384756259865,0.9600994632805034,0.0033335788713091696,-0.0023911010752322315,-0.01043706892692609,0.22555294999999997,0.04903325,9.81645665
1786685172.536156,115.036,0.0,-1.0,0,0,,,,,,,,,,,,,,,,,,,,,,,,,,,0,0.0,-2,41,True,True,False,"A:1,B:1,ESTOP:0,MODE:1",,,,nan,nan,nan,-1,9998000100000000.0,0.0030998403952136456,-0.010776590911396858,0.2794089002512198,0.9601067245563153,-0.0009075712110370514,-0.006684611035138282,0.001117010721276371,0.25497289999999995,0.02941995,9.77723005
1786685172.586160,115.086,0.0,-1.0,0,0,,,,,,,,,,,,,,,,,,,,,,,,,,,0,0.0,-2,57,True,True,False,"A:1,B:1,ESTOP:0,MODE:1",,,,nan,nan,nan,-1,9998000100000000.0,0.0030890235732079943,-0.010770650703603954,0.2794088338957021,0.9601068453864023,-0.0027925268031909274,0.0024609142453120045,0.0004188790204786391,0.24516625,-0.0392266,9.80665
1786685172.636186,115.136,0.0,-1.0,0,0,,,,,,,,,,,,,,,,,,,,,,,,,,,0,0.0,-2,41,True,True,False,"A:1,B:1,ESTOP:0,MODE:1",,,,nan,nan,nan,-1,9998000100000000.0,0.003069828235113746,-0.010767148795721071,0.27940867369340094,0.9601069928535634,-0.0018151424220741027,-0.003944444109507185,0.0018500490071139892,0.24516625,0.02941995,9.757616749999999
1786685172.686434,115.186,0.0,-1.0,0,0,,,,,,,,,,,,,,,,,,,,,,,,,,,0,0.0,-2,57,True,True,False,"A:1,B:1,ESTOP:0,MODE:1",,,,nan,nan,nan,-1,9998000100000000.0,0.003069922196095623,-0.010767122006006002,0.2794170521968601,0.9601045545163478,0.0003141592653589793,0.006894050545377602,-0.004590215932745087,0.17651969999999997,0.02941995,9.79684335
1786685172.736160,115.236,0.0,-1.0,0,0,,,,,,,,,,,,,,,,,,,,,,,,,,,0,0.0,-2,48,True,True,False,"A:1,B:1,ESTOP:0,MODE:1",,,,nan,nan,nan,-1,9998000100000000.0,0.003083177457164089,-0.010781440609635505,0.27941709062325853,0.9601043401749532,-0.0024260076602721182,0.005585053606381855,-0.005480333851262195,0.21574629999999997,0.0392266,9.836069949999999
1786685172.786313,115.286,0.0,-1.0,0,0,,,,,,,,,,,,,,,,,,,,,,,,,,,0,0.0,-2,57,True,True,False,"A:1,B:1,ESTOP:0,MODE:1",,,,nan,nan,nan,-1,9998000100000000.0,0.0030733301260242206,-0.010747953471004537,0.27940882308093856,0.960107153250431,-0.0008203047484373349,0.008936085770210968,3.490658503988659e-05,0.26477955,0.04903325,9.757616749999999
1786685172.836186,115.336,0.0,-1.0,0,0,,,,,,,,,,,,,,,,,,,,,,,,,,,0,0.0,-2,43,True,True,False,"A:1,B:1,ESTOP:0,MODE:1",,,,nan,nan,nan,-1,9998000100000000.0,0.003073236332319238,-0.010747980290460134,0.2794004445548015,0.9601095915158335,0.00012217304763960306,0.0013264502315156904,-0.005253441048502932,0.2353596,-0.06864655,9.79684335
1786685172.886168,115.386,0.0,-1.0,0,0,,,,,,,,,,,,,,,,,,,,,,,,,,,0,0.0,-2,60,True,True,False,"A:1,B:1,ESTOP:0,MODE:1",,,,nan,nan,nan,-1,9998000100000000.0,0.003086491344182143,-0.01076229912789475,0.2794004830487736,0.9601093773944591,-0.0005235987755982988,0.0019373154697137059,0.0011519173063162576,0.17651969999999997,0.0392266,9.826263299999999
1786685172.936150,115.436,0.0,-1.0,0,0,,,,,,,,,,,,,,,,,,,,,,,,,,,0,0.0,-2,47,True,True,False,"A:1,B:1,ESTOP:0,MODE:1",,,,nan,nan,nan,-1,9998000100000000.0,0.003103248413525999,-0.010757422667894943,0.2794006708437733,0.9601093233787896,-0.007086036763096978,0.0007155849933176752,0.0003839724354387525,0.16671305,0.0588399,9.79684335
1786685172.986195,115.486,0.0,-1.0,0,0,,,,,,,,,,,,,,,,,,,,,,,,,,,0,0.0,-2,59,True,True,False,"A:1,B:1,ESTOP:0,MODE:1",,,,nan,nan,nan,-1,9998000100000000.0,0.0031021845875583097,-0.010784996492912674,0.2794004940828632,0.9601090689123213,0.000593411945678072,6.981317007977319e-05,-0.005777039824101231,0.25497289999999995,-0.02941995,9.81645665
1786685173.036247,115.536,0.0,-1.0,0,0,,,,,,,,,,,,,,,,,,,,,,,,,,,0,0.0,-2,48,True,True,False,"A:1,B:1,ESTOP:0,MODE:1",,,,nan,nan,nan,-1,9998000100000000.0,0.003107249584459552,-0.010801699321788464,0.2794171957457023,0.9601040042690112,-0.0004886921905584122,-0.0013439035240356337,0.00034906585039886593,0.21574629999999997,0.06864655,9.7870367
1786685173.086260,115.586,0.0,-1.0,0,0,,,,,,,,,,,,,,,,,,,,,,,,,,,0,0.0,-2,56,True,True,False,"A:1,B:1,ESTOP:0,MODE:1",,,,nan,nan,nan,-1,9998000100000000.0,0.003098682528075689,-0.01080419178026152,0.2794003444533884,0.9601089079504957,6.981317007977319e-05,0.004136430327226561,-0.0016057029118347831,0.22555294999999997,0.0392266,9.855683249999998
1786685173.136161,115.636,0.0,-1.0,0,0,,,,,,,,,,,,,,,,,,,,,,,,,,,0,0.0,-2,42,True,True,False,"A:1,B:1,ESTOP:0,MODE:1",,,,nan,nan,nan,-1,9998000100000000.0,0.0031013094786273513,-0.010812516181854385,0.2794170736879017,0.9601039372406638,0.001239183768915974,-0.0024260076602721182,-0.000296705972839036,0.21574629999999997,-0.0196133,9.826263299999999
1786685173.186144,115.686,0.0,-1.0,0,0,,,,,,,,,,,,,,,,,,,,,,,,,,,0,0.0,-2,60,True,True,False,"A:1,B:1,ESTOP:0,MODE:1",,,,nan,nan,nan,-1,9998000100000000.0,0.0030897129067993055,-0.010834069010805096,0.2794419643689552,0.9600964874284472,-0.0056199601914217415,0.006283185307179586,-0.004101523742186674,0.22555294999999997,0.0392266,9.80665
1786685173.236216,115.736,0.0,-1.0,0,0,,,,,,,,,,,,,,,,,,,,,,,,,,,0,0.0,-2,46,True,True,False,"A:1,B:1,ESTOP:0,MODE:1",,,,nan,nan,nan,-1,9998000100000000.0,0.00310656425357839,-0.010829164717333764,0.27945053182787816,0.9600939947271723,0.004694935687864747,-0.003525565089028546,-0.0010995574287564276,0.22555294999999997,-0.0196133,9.79684335
1786685173.286232,115.786,0.0,-1.0,0,0,,,,,,,,,,,,,,,,,,,,,,,,,,,0,0.0,-2,58,True,True,False,"A:1,B:1,ESTOP:0,MODE:1",,,,nan,nan,nan,-1,9998000100000000.0,0.003094874184636133,-0.010850744827385078,0.2794670435200552,0.9600889826868299,0.0023387411976724015,-0.003298672286269283,0.00015707963267948965,0.28439285,-0.00980665,9.7674234
1786685173.336322,115.836,0.0,-1.0,0,0,,,,,,,,,,,,,,,,,,,,,,,,,,,0,0.0,-2,48,True,True,False,"A:1,B:1,ESTOP:0,MODE:1",,,,nan,nan,nan,-1,9998000100000000.0,0.003093812293742423,-0.010878318693248505,0.27946686440924123,0.960088726215013,-0.005567600313861911,-0.005689773361501515,-0.005602506898901798,0.18632634999999997,-0.06864655,9.7870367
1786685173.386254,115.886,0.0,-1.0,0,0,,,,,,,,,,,,,,,,,,,,,,,,,,,0,0.0,-2,55,True,True,False,"A:1,B:1,ESTOP:0,MODE:1",,,,nan,nan,nan,-1,9998000100000000.0,0.0031103792248325553,-0.01087349536267231,0.27945029747815103,0.9600935495455891,-0.0037175513067479217,-0.004363323129985824,0.005375614096142535,0.196133,-0.04903325,9.747810099999999
1786685173.436190,115.936,0.0,-1.0,0,0,,,,,,,,,,,,,,,,,,,,,,,,,,,0,0.0,-2,42,True,True,False,"A:1,B:1,ESTOP:0,MODE:1",,,,nan,nan,nan,-1,9998000100000000.0,0.003108130182488756,-0.010865062722912966,0.27946708224072736,0.9600887666682963,1.7453292519943296e-05,0.002949606435870417,0.008255407361933179,0.25497289999999995,0.0,9.757616749999999
1786685173.486239,115.986,0.0,-1.0,0,0,,,,,,,,,,,,,,,,,,,,,,,,,,,0,0.0,-2,57,True,True,False,"A:1,B:1,ESTOP:0,MODE:1",,,,nan,nan,nan,-1,9998000100000000.0,0.003098594859080462,-0.010895102434027842,0.2794584296661066,0.960090975658768,-0.008011061266653973,-0.003839724354387525,-0.0058468529941810045,0.21574629999999997,0.04903325,9.77723005
1786685173.536199,116.036,0.0,-1.0,0,0,,,,,,,,,,,,,,,,,,,,,,,,,,,0,0.0,-2,44,True,True,False,"A:1,B:1,ESTOP:0,MODE:1",,,,nan,nan,nan,-1,9998000100000000.0,0.0030974077697075685,-0.0108590961509712,0.279475393823397,0.9600864494112753,0.0004188790204786391,0.011309733552923256,0.007120943348136864,0.18632634999999997,0.0196133,9.77723005
1786685173.586250,116.086,0.0,-1.0,0,0,,,,,,,,,,,,,,,,,,,,,,,,,,,0,0.0,-2,56,True,True,False,"A:1,B:1,ESTOP:0,MODE:1",,,,nan,nan,nan,-1,9998000100000000.0,0.003114164438880964,-0.010854218383516986,0.279475583307812,0.960086395205082,0.003298672286269283,0.0016057029118347831,0.0038048177693476384,0.24516625,0.00980665,9.7674234
1786685173.636286,116.136,0.0,-1.0,0,0,,,,,,,,,,,,,,,,,,,,,,,,,,,0,0.0,-2,40,True,True,False,"A:1,B:1,ESTOP:0,MODE:1",,,,nan,nan,nan,-1,9998000100000000.0,0.0031404555210959506,-0.010819300430998352,0.2794844230953958,0.9600841304408367,0.008517206749732328,-8.726646259971648e-05,0.002670353755551324,0.1569064,-0.00980665,9.81645665
1786685173.686249,116.186,0.0,-1.0,0,0,,,,,,,,,,,,,,,,,,,,,,,,,,,0,0.0,-2,55,True,True,False,"A:1,B:1,ESTOP:0,MODE:1",,,,nan,nan,nan,-1,9998000100000000.0,0.003142988973521916,-0.01082765131735217,0.27949277383600046,0.9600815970326275,-0.0003665191429188092,-0.006003932626860493,0.0013788101090755204,0.20593965,0.0196133,9.8654899
1786685173.736253,116.236,0.0,-1.0,0,0,,,,,,,,,,,,,,,,,,,,,,,,,,,0,0.0,-2,43,True,True,False,"A:1,B:1,ESTOP:0,MODE:1",,,,nan,nan,nan,-1,9998000100000000.0,0.0031455225716979576,-0.010836002159487625,0.2795011245323874,0.9600790634786708,-3.490658503988659e-05,0.0008552113334772215,0.006719517620178169,0.17651969999999997,0.00980665,9.7870367
1786685173.786273,116.286,0.0,-1.0,0,0,,,,,,,,,,,,,,,,,,,,,,,,,,,0,0.0,-2,58,True,True,False,"A:1,B:1,ESTOP:0,MODE:1",,,,nan,nan,nan,-1,9998000100000000.0,0.003157589642424422,-0.01081431229187678,0.2795181249713909,0.960074319045032,0.00307177948351002,0.006579891280018622,0.005323254218582705,0.16671305,-0.0196133,9.7674234
1786685173.836113,116.336,0.0,-1.0,0,0,,,,,,,,,,,,,,,,,,,,,,,,,,,0,0.0,-2,48,True,True,False,"A:1,B:1,ESTOP:0,MODE:1",,,,nan,nan,nan,-1,9998000100000000.0,0.003178034149089358,-0.010790182593290759,0.2795352187474634,0.960069546198794,-0.00017453292519943296,0.002373647782712288,0.0009424777960769379,0.17651969999999997,0.0,9.80665
1786685173.886269,116.386,0.0,-1.0,0,0,,,,,,,,,,,,,,,,,,,,,,,,,,,0,0.0,-2,60,True,True,False,"A:1,B:1,ESTOP:0,MODE:1",,,,nan,nan,nan,-1,9998000100000000.0,0.0031803793120186667,-0.010798588536566603,0.27952681339101265,0.9600718911980058,0.005707226654021458,0.0009424777960769379,-0.0064228116473391324,0.20593965,0.0784532,9.826263299999999
1786685173.936225,116.436,0.0,-1.0,0,0,,,,,,,,,,,,,,,,,,,,,,,,,,,0,0.0,-2,44,True,True,False,"A:1,B:1,ESTOP:0,MODE:1",,,,nan,nan,nan,-1,9998000100000000.0,0.003182724328236229,-0.010806994520771981,0.27951840799363525,0.9600742360505161,0.0010821041362364843,0.0025132741228718345,0.0013788101090755204,0.22555294999999997,0.0588399,9.836069949999999
1786685173.986242,116.486,0.0,-1.0,0,0,,,,,,,,,,,,,,,,,,,,,,,,,,,0,0.0,-2,58,True,True,False,"A:1,B:1,ESTOP:0,MODE:1",,,,nan,nan,nan,-1,9998000100000000.0,0.003188474876058116,-0.010796232682311674,0.27950177289743355,0.9600791810757203,0.005707226654021458,-0.004904375198104067,0.003420845333908886,0.22555294999999997,-0.0196133,9.80665
1786685174.036187,116.536,0.0,-1.0,0,0,,,,,,,,,,,,,,,,,,,,,,,,,,,0,0.0,-2,46,True,True,False,"A:1,B:1,ESTOP:0,MODE:1",,,,nan,nan,nan,-1,9998000100000000.0,0.0031908196926674127,-0.010804638801257697,0.2794933675120278,0.9600815256877147,0.0003839724354387525,-0.006806784082777886,0.002548180707911721,0.16671305,-0.00980665,9.855683249999998
1786685174.086264,116.586,0.0,-1.0,0,0,,,,,,,,,,,,,,,,,,,,,,,,,,,0,0.0,-2,62,True,True,False,"A:1,B:1,ESTOP:0,MODE:1",,,,nan,nan,nan,-1,9998000100000000.0,0.0031935418070899104,-0.010812933492076177,0.27951847516468226,0.9600741137024961,-0.0018849555921538759,0.001117010721276371,-0.0029845130209103037,0.22555294999999997,0.00980665,9.826263299999999
1786685174.136188,116.636,0.0,-1.0,0,0,,,,,,,,,,,,,,,,,,,,,,,,,,,0,0.0,-2,51,True,True,False,"A:1,B:1,ESTOP:0,MODE:1",,,,nan,nan,nan,-1,9998000100000000.0,0.0031887575196760873,-0.010796149204534816,0.2795269076158313,0.9600718634074038,-0.0035779249665883754,-0.001762782544514273,0.0003141592653589793,0.196133,0.02941995,9.77723005
1786685174.186332,116.686,0.0,-1.0,0,0,,,,,,,,,,,,,,,,,,,,,,,,,,,0,0.0,-2,60,True,True,False,"A:1,B:1,ESTOP:0,MODE:1",,,,nan,nan,nan,-1,9998000100000000.0,0.0031852579616056583,-0.010815344954312649,0.2795267590101665,0.9600717022402595,-0.0011344640137963143,-0.008464846872172497,-0.006911503837897545,0.20593965,0.02941995,9.81645665
1786685174.236199,116.736,0.0,-1.0,0,0,,,,,,,,,,,,,,,,,,,,,,,,,,,0,0.0,-2,44,True,True,False,"A:1,B:1,ESTOP:0,MODE:1",,,,nan,nan,nan,-1,9998000100000000.0,0.003180756251930054,-0.010798477513806836,0.2795603260518229,0.960062133286616,0.0026529004630313807,0.0013788101090755204,0.002408554367752175,0.12748644999999997,-0.00980665,9.80665
1786685174.286266,116.786,0.0,-1.0,0,0,,,,,,,,,,,,,,,,,,,,,,,,,,,0,0.0,-2,62,True,True,False,"A:1,B:1,ESTOP:0,MODE:1",,,,nan,nan,nan,-1,9998000100000000.0,0.0031747234183592487,-0.010809322966462618,0.279551826417808,0.9600645061737734,-0.005811946409141118,0.0021467549799530253,-0.010873401239924673,0.18632634999999997,-0.0588399,9.77723005
1786685174.336151,116.836,0.0,-1.0,0,0,,,,,,,,,,,,,,,,,,,,,,,,,,,0,0.0,-2,48,True,True,False,"A:1,B:1,ESTOP:0,MODE:1",,,,nan,nan,nan,-1,9998000100000000.0,0.0031785049565968056,-0.010790043915120204,0.27957710941792563,0.9600573482600235,0.0005759586531581288,-0.0027401669256310974,-0.00013962634015954637,0.26477955,0.0196133,9.757616749999999
1786685174.386131,116.886,0.0,-1.0,0,0,,,,,,,,,,,,,,,,,,,,,,,,,,,0,0.0,-2,61,True,True,False,"A:1,B:1,ESTOP:0,MODE:1",,,,nan,nan,nan,-1,9998000100000000.0,0.0031962260347443245,-0.010757618238391076,0.27956909441609373,0.9600599873113853,-0.0008203047484373349,-0.007225663103256524,0.0023212879051524586,0.22555294999999997,0.00980665,9.7674234
1786685174.436135,116.936,0.0,-1.0,0,0,,,,,,,,,,,,,,,,,,,,,,,,,,,0,0.0,-2,52,True,True,False,"A:1,B:1,ESTOP:0,MODE:1",,,,nan,nan,nan,-1,9998000100000000.0,0.0031842551406179496,-0.010779281638120433,0.27956047443172866,0.9600622941987007,-0.0030543261909900766,-0.0033161255787892262,0.003961897402027128,0.18632634999999997,0.00980665,9.826263299999999
1786685174.486236,116.986,0.0,-1.0,0,0,,,,,,,,,,,,,,,,,,,,,,,,,,,0,0.0,-2,59,True,True,False,"A:1,B:1,ESTOP:0,MODE:1",,,,nan,nan,nan,-1,9998000100000000.0,0.003214268740484565,-0.010788719010934904,0.2795607028194786,0.9600620216723743,0.0012566370614359172,-0.0021118483949131386,-0.004607669225265031,0.2745862,-0.0,9.80665
1786685174.536210,117.036,0.0,-1.0,0,0,,,,,,,,,,,,,,,,,,,,,,,,,,,0,0.0,-2,44,True,True,False,"A:1,B:1,ESTOP:0,MODE:1",,,,nan,nan,nan,-1,9998000100000000.0,0.0032216819505092925,-0.010813825269624582,0.27956900019226505,0.9600592982102435,0.0019722220547535923,-0.0023038346126325153,0.0025132741228718345,0.196133,-0.04903325,9.80665
1786685174.586257,117.086,0.0,-1.0,0,0,,,,,,,,,,,,,,,,,,,,,,,,,,,0,0.0,-2,61,True,True,False,"A:1,B:1,ESTOP:0,MODE:1",,,,nan,nan,nan,-1,9998000100000000.0,0.0032250864752576096,-0.010794657508471462,0.27956077014065656,0.9600618990382157,-0.001064650843716541,-0.0038048177693476384,-0.0017453292519943296,0.196133,0.00980665,9.747810099999999
1786685174.636117,117.136,0.0,-1.0,0,0,,,,,,,,,,,,,,,,,,,,,,,,,,,0,0.0,-2,47,True,True,False,"A:1,B:1,ESTOP:0,MODE:1",,,,nan,nan,nan,-1,9998000100000000.0,0.0031975124966943185,-0.01079359826401483,0.2795605144782302,0.9600620776257209,-0.002181661564992912,-0.0016406094968746698,-0.010035643198967395,0.26477955,-0.0196133,9.81645665
1786685174.686238,117.186,0.0,-1.0,0,0,,,,,,,,,,,,,,,,,,,,,,,,,,,0,0.0,-2,60,True,True,False,"A:1,B:1,ESTOP:0,MODE:1",,,,nan,nan,nan,-1,9998000100000000.0,0.0031949787618089764,-0.010785248020448907,0.279552163360183,0.9600646116259522,0.0045029494701453706,0.004084070449666731,0.0021991148575128553,0.25497289999999995,0.02941995,9.77723005
1786685174.736219,117.236,0.0,-1.0,0,0,,,,,,,,,,,,,,,,,,,,,,,,,,,0,0.0,-2,51,True,True,False,"A:1,B:1,ESTOP:0,MODE:1",,,,nan,nan,nan,-1,9998000100000000.0,0.0032072316856949774,-0.010763500669343189,0.2795859176401713,0.9600549856000741,-0.005061454830783556,-0.0033859387488689996,-0.0005585053606381855,0.16671305,0.0392266,9.80665
1786685174.786372,117.286,0.0,-1.0,0,0,,,,,,,,,,,,,,,,,,,,,,,,,,,0,0.0,-2,59,True,True,False,"A:1,B:1,ESTOP:0,MODE:1",,,,nan,nan,nan,-1,9998000100000000.0,0.0032074195437322,-0.010763444690951028,0.279602673718086,0.9600501057590446,-0.003246312408709453,0.0041887902047863905,-0.00020943951023931956,0.21574629999999997,0.0196133,9.747810099999999
1786685174.836234,117.336,0.0,-1.0,0,0,,,,,,,,,,,,,,,,,,,,,,,,,,,0,0.0,-2,44,True,True,False,"A:1,B:1,ESTOP:0,MODE:1",,,,nan,nan,nan,-1,9998000100000000.0,0.003202727146880381,-0.010746632749832997,0.27961948331197806,0.9600454140173292,-0.00153588974175501,0.003909537524467298,-0.0010122909661567112,0.1569064,-0.0588399,9.845876599999999
1786685174.886358,117.386,0.0,-1.0,0,0,,,,,,,,,,,,,,,,,,,,,,,,,,,0,0.0,-2,61,True,True,False,"A:1,B:1,ESTOP:0,MODE:1",,,,nan,nan,nan,-1,9998000100000000.0,0.003202727146880381,-0.010746632749832997,0.27961948331197806,0.9600454140173292,0.0016580627893946131,0.004921828490624009,-0.005218534463463045,0.2353596,-0.0196133,9.81645665
1786685174.936196,117.436,0.0,-1.0,0,0,,,,,,,,,,,,,,,,,,,,,,,,,,,0,0.0,-2,50,True,True,False,"A:1,B:1,ESTOP:0,MODE:1",,,,nan,nan,nan,-1,9998000100000000.0,0.0031909454209022563,-0.010768241141499633,0.2796276197765864,0.9600428412878875,0.006544984694978736,-0.0014835298641951802,0.005148721293383272,0.2353596,-0.0392266,9.738003449999999
1786685174.986181,117.486,0.0,-1.0,0,0,,,,,,,,,,,,,,,,,,,,,,,,,,,0,0.0,-2,60,True,True,False,"A:1,B:1,ESTOP:0,MODE:1",,,,nan,nan,nan,-1,9998000100000000.0,0.0031900764943257934,-0.010795759543738391,0.27964420043490024,0.9600377055881502,-0.0048520153205442364,0.004101523742186674,0.0017453292519943296,0.24516625,0.06864655,9.79684335
1786685175.036175,117.536,0.0,-1.0,0,0,,,,,,,,,,,,,,,,,,,,,,,,,,,0,0.0,-2,52,True,True,False,"A:1,B:1,ESTOP:0,MODE:1",,,,nan,nan,nan,-1,9998000100000000.0,0.003162502414499967,-0.010794702696536368,0.27964394502298745,0.9600378830984496,0.0007504915783575617,0.007923794804054257,-0.00445058959258554,0.196133,-0.0196133,9.855683249999998
1786685175.086319,117.586,0.0,-1.0,0,0,,,,,,,,,,,,,,,,,,,,,,,,,,,0,0.0,-2,58,True,True,False,"A:1,B:1,ESTOP:0,MODE:1",,,,nan,nan,nan,-1,9998000100000000.0,0.0031623140109144723,-0.010794757890971972,0.2796271891583922,0.960042763659801,0.005811946409141118,-0.006894050545377602,0.0028099800957108708,0.2353596,-0.06864655,9.81645665
1786685175.136185,117.636,0.0,-1.0,0,0,,,,,,,,,,,,,,,,,,,,,,,,,,,0,0.0,-2,44,True,True,False,"A:1,B:1,ESTOP:0,MODE:1",,,,nan,nan,nan,-1,9998000100000000.0,0.003187447870606607,-0.010787437264580136,0.27962747166866614,0.9600426805416122,0.003298672286269283,-0.005602506898901798,0.002617993877991494,0.1176798,0.0392266,9.7281968
1786685175.186270,117.686,0.0,-1.0,0,0,,,,,,,,,,,,,,,,,,,,,,,,,,,0,0.0,-2,60,True,True,False,"A:1,B:1,ESTOP:0,MODE:1",,,,nan,nan,nan,-1,9998000100000000.0,0.003156564854577483,-0.010805520961222649,0.2796438234214328,0.9600378163579382,0.0002617993877991494,-0.0029845130209103037,0.005375614096142535,0.1372931,0.0392266,9.826263299999999
1786685175.236126,117.736,0.0,-1.0,0,0,,,,,,,,,,,,,,,,,,,,,,,,,,,0,0.0,-2,49,True,True,False,"A:1,B:1,ESTOP:0,MODE:1",,,,nan,nan,nan,-1,9998000100000000.0,0.00313502251953867,-0.010793618484721872,0.27965206773867546,0.9600356193617462,-0.00301941960595019,-0.013526301702956054,-0.008918632477691025,0.1569064,-0.0588399,9.8654899
1786685175.286287,117.786,0.0,-1.0,0,0,,,,,,,,,,,,,,,,,,,,,,,,,,,0,0.0,-2,59,True,True,False,"A:1,B:1,ESTOP:0,MODE:1",,,,nan,nan,nan,-1,9998000100000000.0,0.0031290850551893073,-0.01080443679909872,0.27965194594772314,0.9600355525186677,0.0033684854563490563,-0.0006283185307179586,0.001832595714594046,0.18632634999999997,-0.00980665,9.80665
1786685175.336173,117.836,0.0,-1.0,0,0,,,,,,,,,,,,,,,,,,,,,,,,,,,0,0.0,-2,52,True,True,False,"A:1,B:1,ESTOP:0,MODE:1",,,,nan,nan,nan,-1,9998000100000000.0,0.003123147592007482,-0.010815255111348268,0.2796518239679556,0.960035485571961,-0.001064650843716541,0.00153588974175501,-0.0026878070480712674,0.21574629999999997,-0.0196133,9.855683249999998
1786685175.386289,117.886,0.0,-1.0,0,0,,,,,,,,,,,,,,,,,,,,,,,,,,,0,0.0,-2,57,True,True,False,"A:1,B:1,ESTOP:0,MODE:1",,,,nan,nan,nan,-1,9998000100000000.0,0.0031087377436537305,-0.01082854097179949,0.2796432294130317,0.9600378860719581,0.0031764992386296795,0.00019198621771937625,0.00017453292519943296,0.26477955,0.02941995,9.738003449999999
1786685175.436180,117.936,0.0,-1.0,0,0,,,,,,,,,,,,,,,,,,,,,,,,,,,0,0.0,-2,45,True,True,False,"A:1,B:1,ESTOP:0,MODE:1",,,,nan,nan,nan,-1,9998000100000000.0,0.003139903371690162,-0.010810374264613811,0.2796520126871734,0.9600354309165307,-0.0018500490071139892,0.0009075712110370514,-0.0016929693744344998,0.16671305,-0.0392266,9.77723005
1786685175.486167,117.986,0.0,-1.0,0,0,,,,,,,,,,,,,,,,,,,,,,,,,,,0,0.0,-2,60,True,True,False,"A:1,B:1,ESTOP:0,MODE:1",,,,nan,nan,nan,-1,9998000100000000.0,0.003173603433948087,-0.010800557173083241,0.27966914560473594,0.9600304397271537,0.003735004599267865,0.003403392041388943,0.0021467549799530253,0.1569064,0.0588399,9.826263299999999
1786685175.536130,118.036,0.0,-1.0,0,0,,,,,,,,,,,,,,,,,,,,,,,,,,,0,0.0,-2,49,True,True,False,"A:1,B:1,ESTOP:0,MODE:1",,,,nan,nan,nan,-1,9998000100000000.0,0.0031744715504515887,-0.010773038458724925,0.27965256556116963,0.9600355758761223,0.0029321531433504737,-0.0021118483949131386,-0.000296705972839036,0.14709974999999997,-0.02941995,9.8654899
1786685175.586427,118.086,0.0,-1.0,0,0,,,,,,,,,,,,,,,,,,,,,,,,,,,0,0.0,-2,59,True,True,False,"A:1,B:1,ESTOP:0,MODE:1",,,,nan,nan,nan,-1,9998000100000000.0,0.003144550956506752,-0.01076357651532631,0.279660715941708,0.9600334062827459,-0.0015882496193148398,-0.002286381320112572,0.0018500490071139892,0.18632634999999997,-0.0,9.7870367
1786685175.636154,118.136,0.0,-1.0,0,0,,,,,,,,,,,,,,,,,,,,,,,,,,,0,0.0,-2,53,True,True,False,"A:1,B:1,ESTOP:0,MODE:1",,,,nan,nan,nan,-1,9998000100000000.0,0.0031722190061712462,-0.010764605201506877,0.27966934840890845,0.9600307890177112,-0.005672320068981571,-0.003612831551628262,-0.0009424777960769379,0.26477955,0.0196133,9.81645665
1786685175.686206,118.186,0.0,-1.0,0,0,,,,,,,,,,,,,,,,,,,,,,,,,,,0,0.0,-2,56,True,True,False,"A:1,B:1,ESTOP:0,MODE:1",,,,nan,nan,nan,-1,9998000100000000.0,0.003144738815877284,-0.010763521630919239,0.27967747164298123,0.960028525136243,-0.006387905062299246,-0.0012042771838760874,0.004677482395344803,0.25497289999999995,0.02941995,9.855683249999998
1786685175.736209,118.236,0.0,-1.0,0,0,,,,,,,,,,,,,,,,,,,,,,,,,,,0,0.0,-2,46,True,True,False,"A:1,B:1,ESTOP:0,MODE:1",,,,nan,nan,nan,-1,9998000100000000.0,0.0031696845712294156,-0.010756255011216027,0.2796609976356439,0.960033323629596,-0.006283185307179586,-0.001064650843716541,-0.0029845130209103037,0.16671305,0.10787314999999999,9.79684335
1786685175.786244,118.286,0.0,-1.0,0,0,,,,,,,,,,,,,,,,,,,,,,,,,,,0,0.0,-2,59,True,True,False,"A:1,B:1,ESTOP:0,MODE:1",,,,nan,nan,nan,-1,9998000100000000.0,0.0031721250671487363,-0.010764632883930118,0.27966097054916506,0.9600332295566293,0.001308996938995747,-0.002234021442552742,-0.0020245819323134223,0.24516625,0.0196133,9.757616749999999
1786685175.836158,118.336,0.0,-1.0,0,0,,,,,,,,,,,,,,,,,,,,,,,,,,,0,0.0,-2,50,True,True,False,"A:1,B:1,ESTOP:0,MODE:1",,,,nan,nan,nan,-1,9998000100000000.0,0.0031746595749596275,-0.010772983052103533,0.2796693213003105,0.9600306948718701,-0.0023212879051524586,0.000767944870877505,0.003961897402027128,0.2745862,0.0196133,9.7674234
1786685175.886136,118.386,0.0,-1.0,0,0,,,,,,,,,,,,,,,,,,,,,,,,,,,0,0.0,-2,58,True,True,False,"A:1,B:1,ESTOP:0,MODE:1",,,,nan,nan,nan,-1,9998000100000000.0,0.003193667752382929,-0.010776535491896786,0.279652726561538,0.9600354260629017,-0.00947713783832921,-0.0016929693744344998,-0.011728612573401895,0.21574629999999997,0.06864655,9.81645665
1786685175.936134,118.436,0.0,-1.0,0,0,,,,,,,,,,,,,,,,,,,,,,,,,,,0,0.0,-2,53,True,True,False,"A:1,B:1,ESTOP:0,MODE:1",,,,nan,nan,nan,-1,9998000100000000.0,0.003208852371803588,-0.01073575862451685,0.279636359690923,0.9600405997102522,-0.0013788101090755204,0.002076941809873252,0.0013962634015954637,0.17651969999999997,0.0784532,9.826263299999999
1786685175.986222,118.486,0.0,-1.0,0,0,,,,,,,,,,,,,,,,,,,,,,,,,,,0,0.0,-2,56,True,True,False,"A:1,B:1,ESTOP:0,MODE:1",,,,nan,nan,nan,-1,9998000100000000.0,0.003236332748571155,-0.01073684394009247,0.27962823623496774,0.9600428614560226,0.0003665191429188092,0.0018849555921538759,-0.003926990816987242,0.25497289999999995,0.06864655,9.77723005
1786685176.036165,118.536,0.0,-1.0,0,0,,,,,,,,,,,,,,,,,,,,,,,,,,,0,0.0,-2,46,True,True,False,"A:1,B:1,ESTOP:0,MODE:1",,,,nan,nan,nan,-1,9998000100000000.0,0.0032558100325925285,-0.010740256232056784,0.2796535309971337,0.9600353895549563,-0.0038571776469074684,0.006387905062299246,-0.0014835298641951802,0.28439285,0.0196133,9.738003449999999
1786685176.086258,118.586,0.0,-1.0,0,0,,,,,,,,,,,,,,,,,,,,,,,,,,,0,0.0,-2,59,True,True,False,"A:1,B:1,ESTOP:0,MODE:1",,,,nan,nan,nan,-1,9998000100000000.0,0.0032366138373790907,-0.010736759209419793,0.2796533700024768,0.9600355404769161,0.0021642082724729686,0.003159045946109736,-0.0006283185307179586,0.196133,-0.0,9.80665
1786685176.136152,118.636,0.0,-1.0,0,0,,,,,,,,,,,,,,,,,,,,,,,,,,,0,0.0,-2,50,True,True,False,"A:1,B:1,ESTOP:0,MODE:1",,,,nan,nan,nan,-1,9998000100000000.0,0.003223448682696984,-0.01072241572180526,0.27966170726160017,0.9600333164381357,0.0033335788713091696,-0.0018500490071139892,0.010157816246606997,0.20593965,-0.04903325,9.7870367
1786685176.186310,118.686,0.0,-1.0,0,0,,,,,,,,,,,,,,,,,,,,,,,,,,,0,0.0,-2,57,True,True,False,"A:1,B:1,ESTOP:0,MODE:1",,,,nan,nan,nan,-1,9998000100000000.0,0.00324020442450586,-0.010717534702588929,0.27966189436046346,0.9600332600321216,-0.0030543261909900766,0.0014486232791552935,0.016632987771505958,0.26477955,-0.0196133,9.826263299999999
1786685176.236130,118.736,0.0,-1.0,0,0,,,,,,,,,,,,,,,,,,,,,,,,,,,0,0.0,-2,52,True,True,False,"A:1,B:1,ESTOP:0,MODE:1",,,,nan,nan,nan,-1,9998000100000000.0,0.0032436079571679633,-0.010698366742175938,0.27965366255690866,0.9600358602546973,0.004677482395344803,0.0023911010752322315,0.002670353755551324,0.22555294999999997,0.0392266,9.80665
1786685176.286219,118.786,0.0,-1.0,0,0,,,,,,,,,,,,,,,,,,,,,,,,,,,0,0.0,-2,55,True,True,False,"A:1,B:1,ESTOP:0,MODE:1",,,,nan,nan,nan,-1,9998000100000000.0,0.003228001975721298,-0.01067564530810935,0.27966202597043777,0.9600337295275674,-0.000296705972839036,-0.006370451769779303,0.0016755160819145565,0.2353596,0.0392266,9.81645665
1786685176.336169,118.836,0.0,-1.0,0,0,,,,,,,,,,,,,,,,,,,,,,,,,,,0,0.0,-2,47,True,True,False,"A:1,B:1,ESTOP:0,MODE:1",,,,nan,nan,nan,-1,9998000100000000.0,0.0032196241008432625,-0.01067808581927581,0.2796619327972088,0.9600337576606432,-0.005445427266222308,0.0032114058236695662,-0.006265732014659643,0.2353596,-0.04903325,9.80665
1786685176.386185,118.886,0.0,-1.0,0,0,,,,,,,,,,,,,,,,,,,,,,,,,,,0,0.0,-2,59,True,True,False,"A:1,B:1,ESTOP:0,MODE:1",,,,nan,nan,nan,-1,9998000100000000.0,0.003228001975721298,-0.01067564530810935,0.27966202597043777,0.9600337295275674,0.0014660765716752368,-0.0038746309394274117,-0.0007330382858376184,0.196133,0.02941995,9.855683249999998
1786685176.436135,118.936,0.0,-1.0,0,0,,,,,,,,,,,,,,,,,,,,,,,,,,,0,0.0,-2,51,True,True,False,"A:1,B:1,ESTOP:0,MODE:1",,,,nan,nan,nan,-1,9998000100000000.0,0.0032195309168429917,-0.010678113915389836,0.27965355491155947,0.9600361981348479,-0.006108652381980153,0.0045204027626653135,-0.015428710587629874,0.2353596,0.00980665,9.738003449999999
1786685176.486322,118.986,0.0,-1.0,0,0,,,,,,,,,,,,,,,,,,,,,,,,,,,0,0.0,-2,58,True,True,False,"A:1,B:1,ESTOP:0,MODE:1",,,,nan,nan,nan,-1,9998000100000000.0,0.0032384474802373765,-0.010681695726533366,0.2796285812509441,0.9600433690109565,0.005026548245743669,-0.006003932626860493,-0.002478367537831948,0.196133,-0.00980665,9.7674234
1786685176.536179,119.036,0.0,-1.0,0,0,,,,,,,,,,,,,,,,,,,,,,,,,,,0,0.0,-2,53,True,True,False,"A:1,B:1,ESTOP:0,MODE:1",,,,nan,nan,nan,-1,9998000100000000.0,0.003233660155052031,-0.010664911575243295,0.2796370115855447,0.9600411162312789,-0.00034906585039886593,-0.0033161255787892262,-0.0032812189937493396,0.16671305,0.04903325,9.77723005
1786685176.586234,119.086,0.0,-1.0,0,0,,,,,,,,,,,,,,,,,,,,,,,,,,,0,0.0,-2,55,True,True,False,"A:1,B:1,ESTOP:0,MODE:1",,,,nan,nan,nan,-1,9998000100000000.0,0.003229651378204799,-0.010620637910639389,0.27962047894282,0.9600464359384572,0.0017453292519943296,-0.005934119456780721,0.006021385919380436,0.1569064,0.02941995,9.81645665
1786685176.636158,119.136,0.0,-1.0,0,0,,,,,,,,,,,,,,,,,,,,,,,,,,,0,0.0,-2,46,True,True,False,"A:1,B:1,ESTOP:0,MODE:1",,,,nan,nan,nan,-1,9998000100000000.0,0.0032072360046966563,-0.010636252384064926,0.2796453084395442,0.9600391060994261,0.004380776422505767,0.006597344572538566,0.003961897402027128,0.28439285,-0.0196133,9.826263299999999
1786685176.686145,119.186,0.0,-1.0,0,0,,,,,,,,,,,,,,,,,,,,,,,,,,,0,0.0,-2,58,True,True,False,"A:1,B:1,ESTOP:0,MODE:1",,,,nan,nan,nan,-1,9998000100000000.0,0.0031990437626293316,-0.010638636917118695,0.2796619714113279,0.9600342531753125,0.0003839724354387525,-0.005235987755982988,0.006108652381980153,0.16671305,-0.0392266,9.826263299999999
1786685176.736284,119.236,0.0,-1.0,0,0,,,,,,,,,,,,,,,,,,,,,,,,,,,0,0.0,-2,51,True,True,False,"A:1,B:1,ESTOP:0,MODE:1",,,,nan,nan,nan,-1,9998000100000000.0,0.0031858776091882586,-0.010624293855967635,0.279670309152202,0.96003202693589,0.0021118483949131386,0.003735004599267865,-0.004799655442984407,0.18632634999999997,0.0588399,9.7281968
1786685176.786252,119.286,0.0,-1.0,0,0,,,,,,,,,,,,,,,,,,,,,,,,,,,0,0.0,-2,57,True,True,False,"A:1,B:1,ESTOP:0,MODE:1",,,,nan,nan,nan,-1,9998000100000000.0,0.0032148361555068066,-0.010661302001915314,0.27967036330432377,0.9600315043566773,0.006457718232379019,0.0008726646259971648,0.005044001538263612,0.25497289999999995,-0.0196133,9.757616749999999
1786685176.836158,119.336,0.0,-1.0,0,0,,,,,,,,,,,,,,,,,,,,,,,,,,,0,0.0,-2,45,True,True,False,"A:1,B:1,ESTOP:0,MODE:1",,,,nan,nan,nan,-1,9998000100000000.0,0.0032316848603821512,-0.010656392630267008,0.2796789271807469,0.9600290074784714,-0.0038222710618675817,-0.001308996938995747,0.003735004599267865,0.17651969999999997,-0.0196133,9.826263299999999
1786685176.886234,119.386,0.0,-1.0,0,0,,,,,,,,,,,,,,,,,,,,,,,,,,,0,0.0,-2,60,True,True,False,"A:1,B:1,ESTOP:0,MODE:1",,,,nan,nan,nan,-1,9998000100000000.0,0.0032437448682279095,-0.010634699015199338,0.2796959207283811,0.9600242565810455,0.0015009831567151233,-0.0004537856055185257,0.004468042885105484,0.22555294999999997,0.02941995,9.79684335
1786685176.936169,119.436,0.0,-1.0,0,0,,,,,,,,,,,,,,,,,,,,,,,,,,,0,0.0,-2,54,True,True,False,"A:1,B:1,ESTOP:0,MODE:1",,,,nan,nan,nan,-1,9998000100000000.0,0.003252029876112314,-0.010632286587153079,0.27968763572049676,0.960026669009092,0.0002617993877991494,0.0007155849933176752,0.004258603374866164,0.14709974999999997,-0.04903325,9.757616749999999
1786685176.986493,119.486,0.0,-1.0,0,0,,,,,,,,,,,,,,,,,,,,,,,,,,,0,0.0,-2,62,True,True,False,"A:1,B:1,ESTOP:0,MODE:1",,,,nan,nan,nan,-1,9998000100000000.0,0.0032579669823977917,-0.010621468029865619,0.27968775430385695,0.960026734086347,0.00476474885794452,0.002408554367752175,-0.006335545184739416,0.2353596,0.0,9.7674234
1786685177.036155,119.536,0.0,-1.0,0,0,,,,,,,,,,,,,,,,,,,,,,,,,,,0,0.0,-2,55,True,True,False,"A:1,B:1,ESTOP:0,MODE:1",,,,nan,nan,nan,-1,9998000100000000.0,0.0032589302274568083,-0.010593922262309274,0.2796795462387377,0.960029426424298,-0.0136659280431156,0.0004537856055185257,-0.008395033702092726,0.26477955,-0.02941995,9.738003449999999
1786685177.086480,119.586,0.0,-1.0,0,0,,,,,,,,,,,,,,,,,,,,,,,,,,,0,0.0,-2,60,True,True,False,"A:1,B:1,ESTOP:0,MODE:1",,,,nan,nan,nan,-1,9998000100000000.0,0.0032948822045711854,-0.010592537444653723,0.2796798904864543,0.9600292187007782,0.0013264502315156904,0.0013788101090755204,-0.0003141592653589793,0.17651969999999997,0.0196133,9.79684335
1786685177.136177,119.636,0.0,-1.0,0,0,,,,,,,,,,,,,,,,,,,,,,,,,,,0,0.0,-2,48,True,True,False,"A:1,B:1,ESTOP:0,MODE:1",,,,nan,nan,nan,-1,9998000100000000.0,0.0032708968972438423,-0.010572256693353198,0.2796881599102756,0.9600271151524323,-0.005148721293383272,-0.0007504915783575617,0.005323254218582705,0.24516625,-0.00980665,9.81645665
1786685177.186239,119.686,0.0,-1.0,0,0,,,,,,,,,,,,,,,,,,,,,,,,,,,0,0.0,-2,58,True,True,False,"A:1,B:1,ESTOP:0,MODE:1",,,,nan,nan,nan,-1,9998000100000000.0,0.00324001117271619,-0.010590340923834795,0.27970452051390915,0.960022254018521,0.003979350694547071,-0.003298672286269283,0.005550147021341968,0.20593965,-0.00980665,9.836069949999999
1786685177.236138,119.736,0.0,-1.0,0,0,,,,,,,,,,,,,,,,,,,,,,,,,,,0,0.0,-2,51,True,True,False,"A:1,B:1,ESTOP:0,MODE:1",,,,nan,nan,nan,-1,9998000100000000.0,0.00323425927819618,-0.01060110314098486,0.27972115771813477,0.9600173071897934,0.010576695267085637,0.0026005405854715507,-0.004084070449666731,0.25497289999999995,-0.06864655,9.7870367
1786685177.286387,119.786,0.0,-1.0,0,0,,,,,,,,,,,,,,,,,,,,,,,,,,,0,0.0,-2,60,True,True,False,"A:1,B:1,ESTOP:0,MODE:1",,,,nan,nan,nan,-1,9998000100000000.0,0.003237755007318482,-0.010581906632925173,0.27972130180020094,0.9600174652128605,0.0025132741228718345,-0.0044156830075456534,0.004206243497306334,0.16671305,0.04903325,9.81645665
1786685177.336228,119.836,0.0,-1.0,0,0,,,,,,,,,,,,,,,,,,,,,,,,,,,0,0.0,-2,54,True,True,False,"A:1,B:1,ESTOP:0,MODE:1",,,,nan,nan,nan,-1,9998000100000000.0,0.0032607238271442057,-0.010566120438902675,0.2797467373798625,0.9600101497923426,0.0023387411976724015,0.0008552113334772215,0.003159045946109736,0.2353596,0.0784532,9.845876599999999
1786685177.386288,119.886,0.0,-1.0,0,0,,,,,,,,,,,,,,,,,,,,,,,,,,,0,0.0,-2,58,True,True,False,"A:1,B:1,ESTOP:0,MODE:1",,,,nan,nan,nan,-1,9998000100000000.0,0.0032534001705740415,-0.010540987400067925,0.2797468138764655,0.9600104286401934,0.004433136300065597,-0.004921828490624009,0.0037175513067479217,0.22555294999999997,-0.02941995,9.845876599999999
1786685177.436168,119.936,0.0,-1.0,0,0,,,,,,,,,,,,,,,,,,,,,,,,,,,0,0.0,-2,46,True,True,False,"A:1,B:1,ESTOP:0,MODE:1",,,,nan,nan,nan,-1,9998000100000000.0,0.0032424893430847675,-0.010535079266616768,0.2797383697245885,0.9600129909910259,0.005358160803622592,-0.003735004599267865,0.004642575810304917,0.22555294999999997,0.00980665,9.77723005
1786685177.486184,119.986,0.0,-1.0,0,0,,,,,,,,,,,,,,,,,,,,,,,,,,,0,0.0,-2,60,True,True,False,"A:1,B:1,ESTOP:0,MODE:1",,,,nan,nan,nan,-1,9998000100000000.0,0.0032461682797914975,-0.01051582602624663,0.27975526784452526,0.9600082655413561,-0.0037175513067479217,-0.0028448866807507574,0.0019896753472735357,0.196133,-0.00980665,9.81645665
1786685177.536165,120.036,0.0,-1.0,0,0,,,,,,,,,,,,,,,,,,,,,,,,,,,0,0.0,-2,50,True,True,False,"A:1,B:1,ESTOP:0,MODE:1",,,,nan,nan,nan,-1,9998000100000000.0,0.00326458721526561,-0.010546809879650976,0.27978039095982027,0.9600005417217465,0.0006981317007977319,-0.001780235837034216,0.005026548245743669,0.2353596,0.04903325,9.79684335
1786685177.586303,120.086,0.0,-1.0,0,0,,,,,,,,,,,,,,,,,,,,,,,,,,,0,0.0,-2,58,True,True,False,"A:1,B:1,ESTOP:0,MODE:1",,,,nan,nan,nan,-1,9998000100000000.0,0.003262053739241844,-0.010538460751423824,0.2797720387709168,0.9600030761265078,-0.004171336912266448,0.00937241808320955,-0.0011344640137963143,0.26477955,0.00980665,9.855683249999998
1786685177.636135,120.136,0.0,-1.0,0,0,,,,,,,,,,,,,,,,,,,,,,,,,,,0,0.0,-2,52,True,True,False,"A:1,B:1,ESTOP:0,MODE:1",,,,nan,nan,nan,-1,9998000100000000.0,0.0032907730306110513,-0.010511910903915319,0.279780834224357,0.9600007059074134,0.0023387411976724015,0.00301941960595019,0.0061959188445798695,0.25497289999999995,-0.04903325,9.8851032
1786685177.686271,120.186,0.0,-1.0,0,0,,,,,,,,,,,,,,,,,,,,,,,,,,,0,0.0,-2,55,True,True,False,"A:1,B:1,ESTOP:0,MODE:1",,,,nan,nan,nan,-1,9998000100000000.0,0.003277329207438529,-0.010497654455902066,0.2797640374880867,0.9600058029473337,-0.0064228116473391324,0.004886921905584123,-0.006021385919380436,0.20593965,-0.0588399,9.80665
1786685177.736153,120.236,0.0,-1.0,0,0,,,,,,,,,,,,,,,,,,,,,,,,,,,0,0.0,-2,44,True,True,False,"A:1,B:1,ESTOP:0,MODE:1",,,,nan,nan,nan,-1,9998000100000000.0,0.0032857984262501033,-0.010495184380110038,0.2797725067068982,0.9600033328715418,-0.001413716694115407,0.0028797932657906437,0.0006632251157578452,0.26477955,0.0196133,9.845876599999999
1786685177.786374,120.286,0.0,-1.0,0,0,,,,,,,,,,,,,,,,,,,,,,,,,,,0,0.0,-2,58,True,True,False,"A:1,B:1,ESTOP:0,MODE:1",,,,nan,nan,nan,-1,9998000100000000.0,0.0032740178569711344,-0.010516793999055205,0.279780650714288,0.9600007631960211,-0.010454522219446033,0.0033335788713091696,0.0031066860685499066,0.196133,-0.0196133,9.757616749999999
1786685177.836128,120.336,0.0,-1.0,0,0,,,,,,,,,,,,,,,,,,,,,,,,,,,0,0.0,-2,49,True,True,False,"A:1,B:1,ESTOP:0,MODE:1",,,,nan,nan,nan,-1,9998000100000000.0,0.003271484643758179,-0.010508444950280289,0.2797722983133171,0.9600032974263353,0.002007128639793479,0.00486946861306418,-0.0024260076602721182,0.196133,0.0784532,9.7870367
1786685177.886243,120.386,0.0,-1.0,0,0,,,,,,,,,,,,,,,,,,,,,,,,,,,0,0.0,-2,56,True,True,False,"A:1,B:1,ESTOP:0,MODE:1",,,,nan,nan,nan,-1,9998000100000000.0,0.0032631987591121192,-0.010510857947379822,0.2797805841979633,0.9600008844292358,0.01064650843716541,-0.0004886921905584122,0.002286381320112572,0.2745862,-0.00980665,9.7870367
1786685177.936133,120.436,0.0,-1.0,0,0,,,,,,,,,,,,,,,,,,,,,,,,,,,0,0.0,-2,52,True,True,False,"A:1,B:1,ESTOP:0,MODE:1",,,,nan,nan,nan,-1,9998000100000000.0,0.0032690432067617706,-0.010500067329909876,0.2797723234887634,0.960003390073326,-0.004049163864626845,0.00312413936106985,0.00027925268031909274,0.24516625,-0.06864655,9.845876599999999
1786685177.986269,120.486,0.0,-1.0,0,0,,,,,,,,,,,,,,,,,,,,,,,,,,,0,0.0,-2,56,True,True,False,"A:1,B:1,ESTOP:0,MODE:1",,,,nan,nan,nan,-1,9998000100000000.0,0.003259642806059163,-0.010466443063816071,0.2798059342599202,0.9599939934454288,-0.0030368728984701333,0.0004014257279586958,-0.002530727415391778,0.25497289999999995,0.04903325,9.894909849999998
1786685178.036144,120.536,0.0,-1.0,0,0,,,,,,,,,,,,,,,,,,,,,,,,,,,0,0.0,-2,47,True,True,False,"A:1,B:1,ESTOP:0,MODE:1",,,,nan,nan,nan,-1,9998000100000000.0,0.0032426136097780064,-0.010471411492055424,0.2797806188620628,0.9600013751591728,-0.008133234314293577,0.005253441048502932,-0.0029146998508305304,0.22555294999999997,0.0392266,9.77723005
1786685178.086252,120.586,0.0,-1.0,0,0,,,,,,,,,,,,,,,,,,,,,,,,,,,0,0.0,-2,59,True,True,False,"A:1,B:1,ESTOP:0,MODE:1",,,,nan,nan,nan,-1,9998000100000000.0,0.003242796369891986,-0.01047135489617668,0.2797973740042691,0.959996491919974,0.0012915436464758037,-0.0026878070480712674,-0.005113814708343385,0.2353596,-0.0392266,9.836069949999999
1786685178.136290,120.636,0.0,-1.0,0,0,,,,,,,,,,,,,,,,,,,,,,,,,,,0,0.0,-2,51,True,True,False,"A:1,B:1,ESTOP:0,MODE:1",,,,nan,nan,nan,-1,9998000100000000.0,0.00320081713136859,-0.01048359128253987,0.2797885392771953,0.9599990741519733,0.009965830028887622,0.0034557519189487725,0.0008028514559173916,0.26477955,-0.04903325,9.757616749999999
1786685178.186482,120.686,0.0,-1.0,0,0,,,,,,,,,,,,,,,,,,,,,,,,,,,0,0.0,-2,56,True,True,False,"A:1,B:1,ESTOP:0,MODE:1",,,,nan,nan,nan,-1,9998000100000000.0,0.0031948811495662206,-0.010494410476931046,0.2797884221032491,0.9599990098641541,0.005253441048502932,-0.005131268000863329,-0.006492624817418906,0.1569064,0.10787314999999999,9.77723005
1786685178.236213,120.736,0.0,-1.0,0,0,,,,,,,,,,,,,,,,,,,,,,,,,,,0,0.0,-2,51,True,True,False,"A:1,B:1,ESTOP:0,MODE:1",,,,nan,nan,nan,-1,9998000100000000.0,0.0031831927285241968,-0.010515993303977787,0.2798049422875386,0.9599939976064178,0.003246312408709453,0.0005585053606381855,-0.0011519173063162576,0.18632634999999997,0.02941995,9.845876599999999
1786685178.286188,120.786,0.0,-1.0,0,0,,,,,,,,,,,,,,,,,,,,,,,,,,,0,0.0,-2,53,True,True,False,"A:1,B:1,ESTOP:0,MODE:1",,,,nan,nan,nan,-1,9998000100000000.0,0.0032037789387032263,-0.010555439206510012,0.2798049047564452,0.9599935071540359,0.0016231562043547264,0.0020594885173533086,-0.0010821041362364843,0.26477955,-0.0588399,9.81645665
1786685178.336144,120.836,0.0,-1.0,0,0,,,,,,,,,,,,,,,,,,,,,,,,,,,0,0.0,-2,45,True,True,False,"A:1,B:1,ESTOP:0,MODE:1",,,,nan,nan,nan,-1,9998000100000000.0,0.003212248554483329,-0.010552969415927501,0.27981337437222537,0.9599910373634536,-0.00916297857297023,-0.004345869837465881,-0.0029321531433504737,0.3138128,0.04903325,9.7870367
1786685178.386204,120.886,0.0,-1.0,0,0,,,,,,,,,,,,,,,,,,,,,,,,,,,0,0.0,-2,57,True,True,False,"A:1,B:1,ESTOP:0,MODE:1",,,,nan,nan,nan,-1,9998000100000000.0,0.00322550967073457,-0.010567282600526341,0.27981341487933714,0.9599908236433141,0.0016580627893946131,0.002722713633111154,-0.004136430327226561,0.21574629999999997,0.0392266,9.79684335
1786685178.436182,120.936,0.0,-1.0,0,0,,,,,,,,,,,,,,,,,,,,,,,,,,,0,0.0,-2,51,True,True,False,"A:1,B:1,ESTOP:0,MODE:1",,,,nan,nan,nan,-1,9998000100000000.0,0.0032228835756182143,-0.01055896134379762,0.2797966856322247,0.9599958000251982,-0.002234021442552742,0.0019373154697137059,0.0010995574287564276,0.26477955,-0.02941995,9.81645665
1786685178.486274,120.986,0.0,-1.0,0,0,,,,,,,,,,,,,,,,,,,,,,,,,,,0,0.0,-2,57,True,True,False,"A:1,B:1,ESTOP:0,MODE:1",,,,nan,nan,nan,-1,9998000100000000.0,0.0032192363303204163,-0.010514575704438187,0.2798136611140607,0.9599913516637277,-0.00013962634015954637,-0.0023212879051524586,0.005288347633542819,0.24516625,0.04903325,9.77723005
1786685178.536205,121.036,0.0,-1.0,0,0,,,,,,,,,,,,,,,,,,,,,,,,,,,0,0.0,-2,53,True,True,False,"A:1,B:1,ESTOP:0,MODE:1",,,,nan,nan,nan,-1,9998000100000000.0,0.0032683573913404964,-0.010527527580878195,0.2798056662989629,0.959993373992753,0.008482300164692442,0.0041887902047863905,0.0007155849933176752,0.24516625,-0.06864655,9.8654899
1786685178.586255,121.086,0.0,-1.0,0,0,,,,,,,,,,,,,,,,,,,,,,,,,,,0,0.0,-2,56,True,True,False,"A:1,B:1,ESTOP:0,MODE:1",,,,nan,nan,nan,-1,9998000100000000.0,0.0032970756648718113,-0.010500976672968915,0.279814461103723,0.9599910031548249,0.0028623399732707008,0.009005898940290741,0.005986479334340551,0.18632634999999997,0.00980665,9.8654899
1786685178.636163,121.136,0.0,-1.0,0,0,,,,,,,,,,,,,,,,,,,,,,,,,,,0,0.0,-2,49,True,True,False,"A:1,B:1,ESTOP:0,MODE:1",,,,nan,nan,nan,-1,9998000100000000.0,0.003261123851935646,-0.010502366520236676,0.27981411963261144,0.9599912102842004,-0.006876597252857658,-0.004433136300065597,0.0007155849933176752,0.21574629999999997,-0.00980665,9.81645665
1786685178.686405,121.186,0.0,-1.0,0,0,,,,,,,,,,,,,,,,,,,,,,,,,,,0,0.0,-2,60,True,True,False,"A:1,B:1,ESTOP:0,MODE:1",,,,nan,nan,nan,-1,9998000100000000.0,0.003258865202505655,-0.010493932129492926,0.2798308998303046,0.9599864190113397,-0.004101523742186674,-0.016109388995907664,-0.0005759586531581288,0.20593965,0.00980665,9.79684335
1786685178.736173,121.236,0.0,-1.0,0,0,,,,,,,,,,,,,,,,,,,,,,,,,,,0,0.0,-2,51,True,True,False,"A:1,B:1,ESTOP:0,MODE:1",,,,nan,nan,nan,-1,9998000100000000.0,0.0032841806123700915,-0.010486548851903544,0.2798479293445785,0.9599814492439079,0.003351032163829113,0.0053058009260627615,-0.0014835298641951802,0.196133,0.04903325,9.7870367
1786685178.786263,121.286,0.0,-1.0,0,0,,,,,,,,,,,,,,,,,,,,,,,,,,,0,0.0,-2,54,True,True,False,"A:1,B:1,ESTOP:0,MODE:1",,,,nan,nan,nan,-1,9998000100000000.0,0.003270142753314754,-0.010499724938933351,0.27987285327447875,0.9599740871203669,-0.001117010721276371,0.0051836278784231585,0.001413716694115407,0.21574629999999997,-0.0,9.81645665
1786685178.836143,121.336,0.0,-1.0,0,0,,,,,,,,,,,,,,,,,,,,,,,,,,,0,0.0,-2,52,True,True,False,"A:1,B:1,ESTOP:0,MODE:1",,,,nan,nan,nan,-1,9998000100000000.0,0.00327363547976472,-0.010480527854993166,0.27987299505135016,0.9599742436584499,0.007487462491055674,-0.001710422666954443,-0.004694935687864747,0.26477955,0.0196133,9.7870367
1786685178.886345,121.386,0.0,-1.0,0,0,,,,,,,,,,,,,,,,,,,,,,,,,,,0,0.0,-2,55,True,True,False,"A:1,B:1,ESTOP:0,MODE:1",,,,nan,nan,nan,-1,9998000100000000.0,0.0032797532522437782,-0.01046965089357846,0.27988986614532035,0.9599694226682044,0.0029845130209103037,-0.007033676885537149,0.0065100781099388496,0.25497289999999995,-0.02941995,9.7674234
1786685178.936239,121.436,0.0,-1.0,0,0,,,,,,,,,,,,,,,,,,,,,,,,,,,0,0.0,-2,48,True,True,False,"A:1,B:1,ESTOP:0,MODE:1",,,,nan,nan,nan,-1,9998000100000000.0,0.0032965992010720343,-0.010464737124420267,0.27989842613498395,0.9599669227414991,-0.003944444109507185,0.0005759586531581288,-0.0038746309394274117,0.2353596,-0.00980665,9.7674234
1786685178.986363,121.486,0.0,-1.0,0,0,,,,,,,,,,,,,,,,,,,,,,,,,,,0,0.0,-2,58,True,True,False,"A:1,B:1,ESTOP:0,MODE:1",,,,nan,nan,nan,-1,9998000100000000.0,0.003299133127233607,-0.010473085638435315,0.27990677858407087,0.9599643876209714,-0.002181661564992912,0.005044001538263612,0.0006632251157578452,0.196133,0.02941995,9.845876599999999
1786685179.036215,121.536,0.0,-1.0,0,0,,,,,,,,,,,,,,,,,,,,,,,,,,,0,0.0,-2,53,True,True,False,"A:1,B:1,ESTOP:0,MODE:1",,,,nan,nan,nan,-1,9998000100000000.0,0.0032774020840723715,-0.010461244967586679,0.2798982684043349,0.9599670725256999,0.008848819307611252,0.005672320068981571,-0.004782202150464463,0.14709974999999997,-0.0392266,9.7870367
1786685179.086240,121.586,0.0,-1.0,0,0,,,,,,,,,,,,,,,,,,,,,,,,,,,0,0.0,-2,58,True,True,False,"A:1,B:1,ESTOP:0,MODE:1",,,,nan,nan,nan,-1,9998000100000000.0,0.003285779377010623,-0.010458802394011235,0.27989835968526144,0.9599670438884184,-0.0023911010752322315,-0.003979350694547071,-0.0022165681500327986,0.18632634999999997,0.02941995,9.81645665
1786685179.136198,121.636,0.0,-1.0,0,0,,,,,,,,,,,,,,,,,,,,,,,,,,,0,0.0,-2,54,True,True,False,"A:1,B:1,ESTOP:0,MODE:1",,,,nan,nan,nan,-1,9998000100000000.0,0.003274959550836447,-0.010452867662443334,0.27989829333911953,0.959967164846496,-0.0053058009260627615,0.0017976891295541594,0.002356194490192345,0.2745862,-0.0196133,9.7870367
1786685179.186291,121.686,0.0,-1.0,0,0,,,,,,,,,,,,,,,,,,,,,,,,,,,0,0.0,-2,54,True,True,False,"A:1,B:1,ESTOP:0,MODE:1",,,,nan,nan,nan,-1,9998000100000000.0,0.0032884045954388805,-0.01046712230668228,0.2799150893436489,0.9599620661794772,-0.00020943951023931956,-0.005567600313861911,-0.0034557519189487725,0.196133,-0.1176798,9.7674234
1786685179.236260,121.736,0.0,-1.0,0,0,,,,,,,,,,,,,,,,,,,,,,,,,,,0,0.0,-2,48,True,True,False,"A:1,B:1,ESTOP:0,MODE:1",,,,nan,nan,nan,-1,9998000100000000.0,0.0032859619170477524,-0.010458745044749647,0.2799151142282561,0.9599621585942599,-0.0065275314024587925,-0.00047123889803846896,-0.0035779249665883754,0.18632634999999997,-0.0588399,9.7281968
1786685179.286234,121.786,0.0,-1.0,0,0,,,,,,,,,,,,,,,,,,,,,,,,,,,0,0.0,-2,56,True,True,False,"A:1,B:1,ESTOP:0,MODE:1",,,,nan,nan,nan,-1,9998000100000000.0,0.0032705298418381256,-0.010435970355918485,0.2799402293556766,0.9599551354858076,-0.006178465552059927,-0.008517206749732328,0.0011693705988362008,0.22555294999999997,0.0196133,9.845876599999999
1786685179.336158,121.836,0.0,-1.0,0,0,,,,,,,,,,,,,,,,,,,,,,,,,,,0,0.0,-2,50,True,True,False,"A:1,B:1,ESTOP:0,MODE:1",,,,nan,nan,nan,-1,9998000100000000.0,0.003272972741099305,-0.010444347556069638,0.279940204459501,0.9599550433123089,-0.00010471975511965978,0.00034906585039886593,0.002007128639793479,0.28439285,-0.04903325,9.7870367
1786685179.386215,121.886,0.0,-1.0,0,0,,,,,,,,,,,,,,,,,,,,,,,,,,,0,0.0,-2,55,True,True,False,"A:1,B:1,ESTOP:0,MODE:1",,,,nan,nan,nan,-1,9998000100000000.0,0.003288952648173338,-0.01046695011187227,0.2799653524561716,0.9599474085437835,0.0009075712110370514,-0.005497787143782138,-0.0005759586531581288,0.18632634999999997,-0.00980665,9.826263299999999
1786685179.436141,121.936,0.0,-1.0,0,0,,,,,,,,,,,,,,,,,,,,,,,,,,,0,0.0,-2,54,True,True,False,"A:1,B:1,ESTOP:0,MODE:1",,,,nan,nan,nan,-1,9998000100000000.0,0.003280210073820608,-0.010469507777379877,0.2799317524467317,0.9599572092551172,0.006318091892219472,-0.0045204027626653135,-0.0054105206811824215,0.196133,-0.0196133,9.7674234
1786685179.486224,121.986,0.0,-1.0,0,0,,,,,,,,,,,,,,,,,,,,,,,,,,,0,0.0,-2,55,True,True,False,"A:1,B:1,ESTOP:0,MODE:1",,,,nan,nan,nan,-1,9998000100000000.0,0.00330447603741418,-0.010489696026397405,0.2799486149297171,0.9599519882339558,0.0022689280275926286,0.000890117918517108,0.009616764178488757,0.25497289999999995,0.0196133,9.757616749999999
1786685179.536188,122.036,0.0,-1.0,0,0,,,,,,,,,,,,,,,,,,,,,,,,,,,0,0.0,-2,50,True,True,False,"A:1,B:1,ESTOP:0,MODE:1",,,,nan,nan,nan,-1,9998000100000000.0,0.003310501675590519,-0.010478846949583549,0.27995710841583077,0.9599496089861748,-0.006475171524898963,-0.0011344640137963143,-0.003612831551628262,0.24516625,0.02941995,9.81645665
1786685179.586402,122.086,0.0,-1.0,0,0,,,,,,,,,,,,,,,,,,,,,,,,,,,0,0.0,-2,60,True,True,False,"A:1,B:1,ESTOP:0,MODE:1",,,,nan,nan,nan,-1,9998000100000000.0,0.003291212935491109,-0.010475384689195571,0.2799485732614537,0.9599522022277478,-0.00312413936106985,-0.004468042885105484,0.0048345620280242935,0.17651969999999997,0.02941995,9.77723005
1786685179.636163,122.136,0.0,-1.0,0,0,,,,,,,,,,,,,,,,,,,,,,,,,,,0,0.0,-2,55,True,True,False,"A:1,B:1,ESTOP:0,MODE:1",,,,nan,nan,nan,-1,9998000100000000.0,0.0032970558082292016,-0.010464593273183179,0.27994031232730726,0.9599547089549141,0.006108652381980153,-0.0008028514559173916,0.006370451769779303,0.21574629999999997,-0.00980665,9.77723005
1786685179.686448,122.186,0.0,-1.0,0,0,,,,,,,,,,,,,,,,,,,,,,,,,,,0,0.0,-2,57,True,True,False,"A:1,B:1,ESTOP:0,MODE:1",,,,nan,nan,nan,-1,9998000100000000.0,0.0032853702524638373,-0.010486176205950997,0.2799568339843194,0.9599496953259363,-0.0025132741228718345,-0.0016755160819145565,0.006928957130417489,0.17651969999999997,0.02941995,9.77723005
1786685179.736297,122.236,0.0,-1.0,0,0,,,,,,,,,,,,,,,,,,,,,,,,,,,0,0.0,-2,56,True,True,False,"A:1,B:1,ESTOP:0,MODE:1",,,,nan,nan,nan,-1,9998000100000000.0,0.003298633479833829,-0.010500487426393432,0.279956875556291,0.9599494812799959,0.01054178868204575,0.0030368728984701333,-0.005794493116621174,0.25497289999999995,0.00980665,9.80665
1786685179.786485,122.286,0.0,-1.0,0,0,,,,,,,,,,,,,,,,,,,,,,,,,,,0,0.0,-2,55,True,True,False,"A:1,B:1,ESTOP:0,MODE:1",,,,nan,nan,nan,-1,9998000100000000.0,0.003309453661110595,-0.010506421492941214,0.2799569422575355,0.959949359656898,-0.00476474885794452,-0.00757472895365539,-0.0002617993877991494,0.196133,0.06864655,9.81645665
1786685179.836256,122.336,0.0,-1.0,0,0,,,,,,,,,,,,,,,,,,,,,,,,,,,0,0.0,-2,47,True,True,False,"A:1,B:1,ESTOP:0,MODE:1",,,,nan,nan,nan,-1,9998000100000000.0,0.003307010619258694,-0.010498044341372609,0.27995696717967034,0.9599494524574361,-0.004468042885105484,-0.0034557519189487725,-0.0020245819323134223,0.2353596,0.0980665,9.79684335
1786685179.886307,122.386,0.0,-1.0,0,0,,,,,,,,,,,,,,,,,,,,,,,,,,,0,0.0,-2,56,True,True,False,"A:1,B:1,ESTOP:0,MODE:1",,,,nan,nan,nan,-1,9998000100000000.0,0.003342962213044404,-0.010496649145729902,0.2799573088302712,0.9599492435503378,-0.002530727415391778,0.0035953782591083188,0.0021991148575128553,0.2353596,0.02941995,9.79684335
1786685179.936294,122.436,0.0,-1.0,0,0,,,,,,,,,,,,,,,,,,,,,,,,,,,0,0.0,-2,54,True,True,False,"A:1,B:1,ESTOP:0,MODE:1",,,,nan,nan,nan,-1,9998000100000000.0,0.003346361841394632,-0.010477480953748525,0.27994907236255867,0.959951843135182,0.004572762640225144,-0.0037524578917878084,-0.0015184364492350666,0.25497289999999995,0.0196133,9.7674234
1786685179.986325,122.486,0.0,-1.0,0,0,,,,,,,,,,,,,,,,,,,,,,,,,,,0,0.0,-2,57,True,True,False,"A:1,B:1,ESTOP:0,MODE:1",,,,nan,nan,nan,-1,9998000100000000.0,0.00334259580883179,-0.01049676583072973,0.27992380010981427,0.9599590153191095,-0.0006806784082777885,-6.981317007977319e-05,0.003438298626428829,0.14709974999999997,-0.02941995,9.77723005
1786685180.036451,122.536,0.0,-1.0,0,0,,,,,,,,,,,,,,,,,,,,,,,,,,,0,0.0,-2,49,True,True,False,"A:1,B:1,ESTOP:0,MODE:1",,,,nan,nan,nan,-1,9998000100000000.0,0.003341110760450178,-0.010460843234963792,0.2799156125498977,0.9599618000673334,-0.002670353755551324,0.005567600313861911,0.0024260076602721182,0.20593965,-0.00980665,9.7085835
1786685180.086428,122.586,0.0,-1.0,0,0,,,,,,,,,,,,,,,,,,,,,,,,,,,0,0.0,-2,56,True,True,False,"A:1,B:1,ESTOP:0,MODE:1",,,,nan,nan,nan,-1,9998000100000000.0,0.003334902038474868,-0.01047175053163606,0.2798903648540313,0.9599690643614899,-0.004101523742186674,-0.001832595714594046,-0.0076445421237351634,0.22555294999999997,-0.0196133,9.79684335
1786685180.136260,122.636,0.0,-1.0,0,0,,,,,,,,,,,,,,,,,,,,,,,,,,,0,0.0,-2,53,True,True,False,"A:1,B:1,ESTOP:0,MODE:1",,,,nan,nan,nan,-1,9998000100000000.0,0.0033589840160670684,-0.010491997494217887,0.27989047421080987,0.9599687274390813,0.00015707963267948965,-0.00736528944341607,0.0033161255787892262,0.2353596,-0.0196133,9.875296549999998
1786685180.186211,122.686,0.0,-1.0,0,0,,,,,,,,,,,,,,,,,,,,,,,,,,,0,0.0,-2,58,True,True,False,"A:1,B:1,ESTOP:0,MODE:1",,,,nan,nan,nan,-1,9998000100000000.0,0.003377997899464966,-0.010495548764109268,0.2798738782809687,0.9599734604885184,0.0017453292519943296,0.004049163864626845,0.00020943951023931956,0.24516625,-0.0392266,9.80665
1786685180.236133,122.736,0.0,-1.0,0,0,,,,,,,,,,,,,,,,,,,,,,,,,,,0,0.0,-2,55,True,True,False,"A:1,B:1,ESTOP:0,MODE:1",,,,nan,nan,nan,-1,9998000100000000.0,0.003369712162654477,-0.010497961718156451,0.2798821640177792,0.9599710475344712,-0.0036302848441482054,-0.002775073510670984,0.0008377580409572782,0.24516625,-0.02941995,9.79684335
1786685180.286192,122.786,0.0,-1.0,0,0,,,,,,,,,,,,,,,,,,,,,,,,,,,0,0.0,-2,57,True,True,False,"A:1,B:1,ESTOP:0,MODE:1",,,,nan,nan,nan,-1,9998000100000000.0,0.0033506067084342773,-0.010494439998978323,0.2798903826402017,0.9599687567151937,-0.005288347633542819,-0.0042935099599060505,0.002530727415391778,0.25497289999999995,0.0196133,9.826263299999999
1786685180.336163,122.836,0.0,-1.0,0,0,,,,,,,,,,,,,,,,,,,,,,,,,,,0,0.0,-2,48,True,True,False,"A:1,B:1,ESTOP:0,MODE:1",,,,nan,nan,nan,-1,9998000100000000.0,0.0033531408153817856,-0.010502788060089146,0.2798987353650519,0.9599662211925384,0.006352998477259359,0.004782202150464463,0.0014835298641951802,0.22555294999999997,-0.0392266,9.7281968
1786685180.386330,122.886,0.0,-1.0,0,0,,,,,,,,,,,,,,,,,,,,,,,,,,,0,0.0,-2,54,True,True,False,"A:1,B:1,ESTOP:0,MODE:1",,,,nan,nan,nan,-1,9998000100000000.0,0.0033532324693702513,-0.010502758798015474,0.279907112640028,0.9599637785787336,0.001239183768915974,-0.0009075712110370514,0.008063421144213804,0.25497289999999995,0.0588399,9.79684335
1786685180.436169,122.936,0.0,-1.0,0,0,,,,,,,,,,,,,,,,,,,,,,,,,,,0,0.0,-2,51,True,True,False,"A:1,B:1,ESTOP:0,MODE:1",,,,nan,nan,nan,-1,9998000100000000.0,0.0033436219081832913,-0.010532834289115764,0.279890100436539,0.9599684428521582,-0.006318091892219472,0.002827433388230814,-0.0045029494701453706,0.2745862,-0.02941995,9.826263299999999
1786685180.486262,122.986,0.0,-1.0,0,0,,,,,,,,,,,,,,,,,,,,,,,,,,,0,0.0,-2,58,True,True,False,"A:1,B:1,ESTOP:0,MODE:1",,,,nan,nan,nan,-1,9998000100000000.0,0.0033579340657791086,-0.010519571963732169,0.2798903088619331,0.9599684775500086,0.001954768762233649,0.005340707511102648,0.010053096491487338,0.196133,-0.00980665,9.757616749999999
1786685180.536188,123.036,0.0,-1.0,0,0,,,,,,,,,,,,,,,,,,,,,,,,,,,0,0.0,-2,56,True,True,False,"A:1,B:1,ESTOP:0,MODE:1",,,,nan,nan,nan,-1,9998000100000000.0,0.0033436219081832913,-0.010532834289115764,0.279890100436539,0.9599684428521582,-0.000890117918517108,-0.0005410520681182421,-0.003735004599267865,0.22555294999999997,0.0,9.836069949999999
1786685180.586251,123.086,0.0,-1.0,0,0,,,,,,,,,,,,,,,,,,,,,,,,,,,0,0.0,-2,58,True,True,False,"A:1,B:1,ESTOP:0,MODE:1",,,,nan,nan,nan,-1,9998000100000000.0,0.003362910916064462,-0.010536297256364133,0.27989863686288585,0.9599658485345167,0.002076941809873252,0.0008552113334772215,-0.002478367537831948,0.28439285,-0.08825984999999999,9.81645665
1786685180.636171,123.136,0.0,-1.0,0,0,,,,,,,,,,,,,,,,,,,,,,,,,,,0,0.0,-2,49,True,True,False,"A:1,B:1,ESTOP:0,MODE:1",,,,nan,nan,nan,-1,9998000100000000.0,0.0033485988769492107,-0.010549559704176592,0.2798984281021351,0.9599658137775341,-0.006370451769779303,0.0030368728984701333,-0.003420845333908886,0.20593965,0.0392266,9.826263299999999
1786685180.686235,123.186,0.0,-1.0,0,0,,,,,,,,,,,,,,,,,,,,,,,,,,,0,0.0,-2,58,True,True,False,"A:1,B:1,ESTOP:0,MODE:1",,,,nan,nan,nan,-1,9998000100000000.0,0.0033848266750585113,-0.010548078085219166,0.2799239033715703,0.9599582747798528,-0.00153588974175501,-0.0061959188445798695,0.004118977034706617,0.26477955,0.0196133,9.855683249999998
1786685180.736188,123.236,0.0,-1.0,0,0,,,,,,,,,,,,,,,,,,,,,,,,,,,0,0.0,-2,51,True,True,False,"A:1,B:1,ESTOP:0,MODE:1",,,,nan,nan,nan,-1,9998000100000000.0,0.0033678880574921593,-0.010553022459723976,0.279906964754004,0.9599632191543578,-0.0005061454830783556,-0.009337511498169663,0.0020420352248333657,0.29419949999999995,0.0588399,9.747810099999999
1786685180.786247,123.286,0.0,-1.0,0,0,,,,,,,,,,,,,,,,,,,,,,,,,,,0,0.0,-2,57,True,True,False,"A:1,B:1,ESTOP:0,MODE:1",,,,nan,nan,nan,-1,9998000100000000.0,0.003365445460111955,-0.010544645184777985,0.27990698945496495,0.9599633125745172,0.007086036763096978,-0.002408554367752175,-0.0020594885173533086,0.20593965,0.0,9.836069949999999
1786685180.816194,123.316,0.0,-1.0,0,0,,,,,,,,,,,,,,,,,,,,,,,,,,,0,0.0,-2,57,True,True,False,"A:1,B:1,ESTOP:0,MODE:1",,,,nan,nan,nan,-1,9998000100000000.0,0.003365445460111955,-0.010544645184777985,0.27990698945496495,0.9599633125745172,0.007086036763096978,-0.002408554367752175,-0.0020594885173533086,0.20593965,0.0,9.836069949999999
