t_wall,t_rel,cmd_pulse,cmd_steer_deg,drive_pulse_cmd,brake_level,brake_pot,ego_x_m,ego_y_m,ego_heading_deg,ego_pulse,ego_wp_idx,ego_wp_total,ego_fix_ok,cte_m,heading_err_deg,target_idx,target_dist_m,goal_dist_m,gps_course_deg,fuse_corr_deg,gyro_z_dps,brake_latched,head_init_deg,head_sigma_deg,head_resid_m,head_dist_m,ref_pulse,out_pulse,meas_pulse,cte_integral,cte_i_term_deg,goal_phase,cb_state,cb_v0_ms,cb_v_corner_ms,goal_need_m,lidar_zone,rejoin,encoder_sum,encoder_l,encoder_r,speed_kmh,steer_measured_deg,throttle_raw,control_state,vehicle_mode,estop,board_status,drive_state,cone_stop,cone_dist_m,aeb_stop,ld_y,ld_yaw_deg,ld_road_deg,ld_pot_deg,ld_pulse,ld_avg_cost,ld_gps_ref,ld_obs_x,ld_obs_y,ld_target_y,ld_n_cones,ld_lethal_cells,ld_clusters_all,ld_clusters_rej,lstatus,drive_cmd,drive_event,tl_permit,tl_req,tl_state,tl_near_metric,tl_red_far,sl_bev_y,sl_px,sl_y,sl_wait,fix_lat,fix_lon,fix_alt_m,fix_status,fix_cov_xx,gps_lat,gps_lon,gps_quality,gps_sigma_m,gps_pos_ok,gps_is_raw,gps_raw_age_s,gps_dr_dist_m,gps_kmh,gps_fix_course_deg,gps_mode,gps_reject_n,gps_resid_m,imu_quat_x,imu_quat_y,imu_quat_z,imu_quat_w,imu_gyro_x,imu_gyro_y,imu_gyro_z,imu_acc_x,imu_acc_y,imu_acc_z
1789565174.394828,0.024,0.0,0.0,0,0,230,-0.02860951433443481,-0.0007421300000259302,0.0,0.0,0.0,111.0,1.0,-0.4415508851405801,0.0,0.0,0.0,38.54498827739467,nan,0.0,0.33989500701745445,0.0,0.0,0.0,0.0,0.0,0.0,0.0,nan,0.0,0.0,0.0,0.0,0.0,nan,nan,,,0,0,0,0.0,0,171,True,True,False,"A:1,B:1,ESTOP:0,MODE:1,J:0",DRIVE_HEADING,,,,,,,,,,,,,,,,,,0,route_20260916_211406.csv | DRIVE_START,prompt 에서 1)매핑 또는 2)주행 선택 — 스위치는 취소·정리만 한다 | 주행모드 최초 인식: 수동조종 | 📁 경로 선택: route_20260916_211406.csv (WP 111개) — 스위치를 자율로 올리면 출발 | ⏸️ 일시정지 지점 없음 (terrain 열에 'S' 가 없다) | 🚦 신호등 구간 없음 (terrain 열에 'T' 가 없다) — ★이 경로에서는 신호등 개입이 전혀 없다★ | 🛞 라이다 구간 1곳 / WP 59개 (26~84) — terrain 열의 'L' | ▶ 주행 시작(prompt) [route_20260916_211406.csv] | 📶 출발 GPS : RTK_FIXED σ=0.033m,False,0,,,,-9999.0,-1.0,-1.0,False,36.96766105,127.873607215,121.811,2,0.00012995999999999998,36.96766105,127.873607215,4.0,0.05844165458679199,1.0,0.0,0.09408330917358398,0.0,0.0359133300802649,nan,0.0,0.0,0.0,-0.08202707347058524,0.4829389426379943,0.19529686891401926,0.849647379736987,-0.0038048177693476384,0.0049741883681838385,-0.00047123889803846896,-8.34545915,0.43149259999999995,5.0798447
1789565174.444831,0.074,0.0,0.0,0,0,230,-0.02860951433443481,-0.0007421300000259302,0.0,0.0,0.0,111.0,1.0,-0.4415508851405801,0.0,0.0,0.0,38.54498827739467,nan,0.0,-0.028048782996580493,0.0,0.0,0.0,0.0,0.0,0.0,0.0,nan,0.0,0.0,0.0,0.0,0.0,nan,nan,,,0,0,0,0.0,0,171,True,True,False,"A:1,B:1,ESTOP:0,MODE:1,J:0",DRIVE_HEADING,,,,,,,,,,,,,,,,,,0,,,False,0,,,,-9999.0,-1.0,-1.0,False,36.96766105,127.873607215,121.811,2,0.00012995999999999998,36.96766105,127.873607215,4.0,0.08340956344604492,1.0,0.0,0.14401912689208984,0.0,0.0359133300802649,nan,0.0,0.0,0.0,-0.08203338193592158,0.482945540841315,0.1953028718698616,0.8496416403808312,-0.00783652834145454,0.0009250245035569946,-0.002234021442552742,-8.3356525,0.43149259999999995,5.2367511
1789565174.494838,0.124,0.0,0.0,0,0,230,-0.02860951433443481,-0.0007421300000259302,0.0,0.0,0.0,111.0,1.0,-0.4415508851405801,0.0,0.0,0.0,38.54498827739467,nan,0.0,-0.12879068543058733,0.0,0.0,0.0,0.0,0.0,0.0,0.0,nan,0.0,0.0,0.0,0.0,0.0,nan,nan,,,0,0,0,0.0,0,170,True,True,False,"A:1,B:1,ESTOP:0,MODE:1,J:0",DRIVE_HEADING,,,,,,,,,,,,,,,,,,0,,,False,0,,,,-9999.0,-1.0,-1.0,False,36.96766105166667,127.873607195,121.807,2,0.00012995999999999998,36.96766105166667,127.873607195,4.0,0.011399999999999999,1.0,1.0,0.0,0.0,0.006568099124134054,nan,0.0,0.0,0.0,-0.08206101128309849,0.48293817890874113,0.19529850051432493,0.8496441616796765,-0.007696902001294993,0.005567600313861911,-0.006230825429619756,-8.316039199999999,0.5099457999999999,5.099458
1789565174.544818,0.174,0.0,0.0,0,0,230,-0.030388344418058932,-0.00055659710453317,0.0,0.0,0.0,111.0,1.0,-0.44159984598171925,0.0,0.0,0.0,38.54677538479092,nan,0.0,-0.35707510405972614,0.0,0.0,0.0,0.0,0.0,0.0,0.0,nan,0.0,0.0,0.0,0.0,0.0,nan,nan,,,0,0,0,0.0,0,170,True,True,False,"A:1,B:1,ESTOP:0,MODE:1,J:0",DRIVE_HEADING,,,,,,,,,,,,,,,,,,0,,,False,0,,,,-9999.0,-1.0,-1.0,False,36.96766105166667,127.873607195,121.807,2,0.00012995999999999998,36.96766105166667,127.873607195,4.0,0.036535040283203125,1.0,0.0,0.05027008056640625,0.0,0.006568099124134054,nan,0.0,0.0,0.0,-0.08201959326936059,0.4829338785418205,0.1953152956707178,0.8496467445671423,-0.007923794804054257,-0.0019722220547535923,0.004258603374866164,-8.3748791,0.5197524499999999,5.1975245
1789565174.594831,0.224,0.0,0.0,0,0,230,-0.030388344418058932,-0.00055659710453317,0.0,0.0,0.0,111.0,1.0,-0.44159984598171925,0.0,0.0,0.0,38.54677538479092,nan,0.0,0.2434370461483933,0.0,0.0,0.0,0.0,0.0,0.0,0.0,nan,0.0,0.0,0.0,0.0,0.0,nan,nan,,,0,0,0,0.0,0,171,True,True,False,"A:1,B:1,ESTOP:0,MODE:1,J:0",DRIVE_HEADING,,,,,,,,,,,,,,,,,,0,,,False,0,,,,-9999.0,-1.0,-1.0,False,36.96766105166667,127.873607195,121.807,2,0.00012995999999999998,36.96766105166667,127.873607195,4.0,0.06153167858123779,1.0,0.0,0.10026335716247559,0.0,0.006568099124134054,nan,0.0,0.0,0.0,-0.0820291278385836,0.48292414421808944,0.1953283364569089,0.8496483590840649,-0.001832595714594046,-0.0007853981633974482,0.0042935099599060505,-8.38468575,0.4707192,5.14849125
1789565174.644827,0.274,0.0,0.0,0,0,230,-0.030388344418058932,-0.00055659710453317,0.0,0.0,0.0,111.0,1.0,-0.44159984598171925,0.0,0.0,0.0,38.54677538479092,nan,0.0,0.24494617205609648,0.0,0.0,0.0,0.0,0.0,0.0,0.0,nan,0.0,0.0,0.0,0.0,0.0,nan,nan,,,0,0,0,0.0,0,171,True,True,False,"A:1,B:1,ESTOP:0,MODE:1,J:0",DRIVE_HEADING,,,,,,,,,,,,,,,,,,0,,,False,0,,,,-9999.0,-1.0,-1.0,False,36.96766105166667,127.873607195,121.807,2,0.00012995999999999998,36.96766105166667,127.873607195,4.0,0.08651937618255615,1.0,0.0,0.1502387523651123,0.0,0.006568099124134054,nan,0.0,0.0,0.0,-0.0820398350871561,0.4829128755985437,0.19531694666544885,0.8496563484052269,0.0013439035240356337,-0.004014257279586958,0.005358160803622592,-8.325845849999999,0.48052585,5.1582979
1789565174.694826,0.324,0.0,0.0,0,0,230,-0.030388344418058932,-0.00055659710453317,0.0,0.0,0.0,111.0,1.0,-0.44159984598171925,0.0,0.0,0.0,38.54677538479092,nan,0.0,0.3053342797119843,0.0,0.0,0.0,0.0,0.0,0.0,0.0,nan,0.0,0.0,0.0,0.0,0.0,nan,nan,,,0,0,0,0.0,0,170,True,True,False,"A:1,B:1,ESTOP:0,MODE:1,J:0",DRIVE_HEADING,,,,,,,,,,,,,,,,,,0,,,False,0,,,,-9999.0,-1.0,-1.0,False,36.96766103833333,127.87360719833333,121.81,2,0.00012995999999999998,36.96766103833333,127.87360719833333,4.0,0.011399999999999999,1.0,1.0,0.0,0.0,0.017739236385058525,nan,0.0,0.0,0.0,-0.08205165051831258,0.4828933048783175,0.19530376608515126,0.8496693602242423,0.00952949771588904,0.0022689280275926286,0.003420845333908886,-8.34545915,0.4903325,5.1779112
1789565174.744865,0.374,0.0,0.0,0,0,230,-0.030091873369422255,-0.002040857104585031,0.0,0.0,0.0,111.0,1.0,-0.44303251348257305,0.0,0.0,0.0,38.546270300583885,nan,0.0,0.19394561115256034,0.0,0.0,0.0,0.0,0.0,0.0,0.0,nan,0.0,0.0,0.0,0.0,0.0,nan,nan,,,0,0,0,0.0,0,171,True,True,False,"A:1,B:1,ESTOP:0,MODE:1,J:0",DRIVE_HEADING,,,,,,,,,,,,,,,,,,0,,,False,0,,,,-9999.0,-1.0,-1.0,False,36.96766103833333,127.87360719833333,121.81,2,0.00012995999999999998,36.96766103833333,127.87360719833333,4.0,0.03345467224121094,1.0,0.0,0.044109344482421875,0.0,0.017739236385058525,nan,0.0,0.0,0.0,-0.08202512506208681,0.48289236452614825,0.19530635134412605,0.8496718615239294,0.0038571776469074684,-0.0008028514559173916,-0.0020245819323134223,-8.36507245,0.4707192,5.18771785
1789565174.794842,0.424,0.0,0.0,0,0,230,-0.030091873369422255,-0.002040857104585031,0.0,0.0,0.0,111.0,1.0,-0.44303251348257305,0.0,0.0,0.0,38.546270300583885,nan,0.0,-0.11781828006974479,0.0,0.0,0.0,0.0,0.0,0.0,0.0,nan,0.0,0.0,0.0,0.0,0.0,nan,nan,,,0,0,0,0.0,0,170,True,True,False,"A:1,B:1,ESTOP:0,MODE:1,J:0",DRIVE_HEADING,,,,,,,,,,,,,,,,,,0,,,False,0,,,,-9999.0,-1.0,-1.0,False,36.96766103833333,127.87360719833333,121.81,2,0.00012995999999999998,36.96766103833333,127.87360719833333,4.0,0.058455721282958985,1.0,0.0,0.09411144256591797,0.0,0.017739236385058525,nan,0.0,0.0,0.0,-0.08203882133200047,0.482912603039352,0.1953063315498088,0.8496590413082,0.001954768762233649,0.0012566370614359172,0.0013264502315156904,-8.38468575,0.4707192,5.1386845999999995
1789565174.844820,0.474,0.0,0.0,0,0,230,-0.030091873369422255,-0.002040857104585031,0.0,0.0,0.0,111.0,1.0,-0.44303251348257305,0.0,0.0,0.0,38.546270300583885,nan,0.0,0.07403335649039472,0.0,0.0,0.0,0.0,0.0,0.0,0.0,nan,0.0,0.0,0.0,0.0,0.0,nan,nan,,,0,0,0,0.0,0,171,True,True,False,"A:1,B:1,ESTOP:0,MODE:1,J:0",DRIVE_HEADING,,,,,,,,,,,,,,,,,,0,,,False,0,,,,-9999.0,-1.0,-1.0,False,36.96766103833333,127.87360719833333,121.81,2,0.00012995999999999998,36.96766103833333,127.87360719833333,4.0,0.08343829288482665,1.0,0.0,0.14407658576965332,0.0,0.017739236385058525,nan,0.0,0.0,0.0,-0.08202903628167947,0.48293271991161557,0.195340739442486,0.8496406421302661,-0.002495820830351891,-0.005323254218582705,0.0009424777960769379,-8.3748791,0.5099457999999999,5.0798447
1789565174.894818,0.524,0.0,0.0,0,0,230,-0.030091873369422255,-0.002040857104585031,0.0,0.0,0.0,111.0,1.0,-0.44303251348257305,0.0,0.0,0.0,38.546270300583885,nan,0.0,0.05192928977741393,0.0,0.0,0.0,0.0,0.0,0.0,0.0,nan,0.0,0.0,0.0,0.0,0.0,nan,nan,,,0,0,0,0.0,0,170,True,True,False,"A:1,B:1,ESTOP:0,MODE:1,J:0",DRIVE_HEADING,,,,,,,,,,,,,,,,,,0,,,False,0,,,,-9999.0,-1.0,-1.0,False,36.96766104666666,127.87360721833333,121.811,2,0.00012995999999999998,36.96766104666666,127.87360721833333,4.0,0.011399999999999999,1.0,1.0,0.0,0.0,0.01922895338551925,nan,0.0,0.0,0.0,-0.08205774593175724,0.4829323975081339,0.19532434123606718,0.8496418230586,0.006457718232379019,0.005218534463463045,-0.0024609142453120045,-8.34545915,0.40207265,5.1582979
1789565174.944821,0.574,0.0,0.0,0,0,230,-0.02831304328579814,-0.0011131950000388953,0.0,0.0,0.0,111.0,1.0,-0.4418799399935324,0.0,0.0,0.0,38.544641919904905,nan,0.0,-0.14278456880214088,0.0,0.0,0.0,0.0,0.0,0.0,0.0,nan,0.0,0.0,0.0,0.0,0.0,nan,nan,,,0,0,0,0.0,0,170,True,True,False,"A:1,B:1,ESTOP:0,MODE:1,J:0",DRIVE_HEADING,,,,,,,,,,,,,,,,,,0,,,False,0,,,,-9999.0,-1.0,-1.0,False,36.96766104666666,127.87360721833333,121.811,2,0.00012995999999999998,36.96766104666666,127.87360721833333,4.0,0.0353940881729126,1.0,0.0,0.047988176345825195,0.0,0.01922895338551925,nan,0.0,0.0,0.0,-0.08204595985044766,0.4829366244261623,0.19534775621065273,0.8496351754744774,-0.0005759586531581288,0.00942477796076938,-0.003490658503988659,-8.38468575,0.46091255,5.0602314
1789565174.994832,0.624,0.0,0.0,0,0,230,-0.02831304328579814,-0.0011131950000388953,0.0,0.0,0.0,111.0,1.0,-0.4418799399935324,0.0,0.0,0.0,38.544641919904905,nan,0.0,-0.20138099966453663,0.0,0.0,0.0,0.0,0.0,0.0,0.0,nan,0.0,0.0,0.0,0.0,0.0,nan,nan,,,0,0,0,0.0,0,171,True,True,False,"A:1,B:1,ESTOP:0,MODE:1,J:0",DRIVE_HEADING,,,,,,,,,,,,,,,,,,0,,,False,0,,,,-9999.0,-1.0,-1.0,False,36.96766104666666,127.87360721833333,121.811,2,0.00012995999999999998,36.96766104666666,127.87360721833333,4.0,0.06040157451629639,1.0,0.0,0.09800314903259277,0.0,0.01922895338551925,nan,0.0,0.0,0.0,-0.08204814557908241,0.4829353630720021,0.19533394158874204,0.8496388574947318,-0.007243116395776467,-0.0032114058236695662,-0.004572762640225144,-8.325845849999999,0.5197524499999999,5.1582979
1789565175.044819,0.674,0.0,0.0,0,0,230,-0.02831304328579814,-0.0011131950000388953,0.0,0.0,0.0,111.0,1.0,-0.4418799399935324,0.0,0.0,0.0,38.544641919904905,nan,0.0,-0.26285423766520755,0.0,0.0,0.0,0.0,0.0,0.0,0.0,nan,0.0,0.0,0.0,0.0,0.0,nan,nan,,,0,0,0,0.0,0,170,True,True,False,"A:1,B:1,ESTOP:0,MODE:1,J:0",DRIVE_HEADING,,,,,,,,,,,,,,,,,,0,,,False,0,,,,-9999.0,-1.0,-1.0,False,36.96766104666666,127.87360721833333,121.811,2,0.00012995999999999998,36.96766104666666,127.87360721833333,4.0,0.08539201393127441,1.0,0.0,0.14798402786254883,0.0,0.01922895338551925,nan,0.0,0.0,0.0,-0.0820289453396282,0.482941295707738,0.19535314182819627,0.8496329248589959,0.0032812189937493396,0.004136430327226561,-0.006597344572538566,-8.3552658,0.4118793,5.14849125
1789565175.094819,0.724,3.0,0.0,0,0,230,-0.02831304328579814,-0.0011131950000388953,0.0,0.0,0.0,111.0,1.0,-0.4418799399935324,0.0,0.0,0.0,38.544641919904905,nan,0.0,-0.37809652918987713,0.0,0.0,0.0,0.0,0.0,0.0,0.0,nan,0.0,0.0,0.0,0.0,0.0,nan,nan,,,0,0,0,0.0,0,170,True,True,False,"A:1,B:1,ESTOP:0,MODE:1,J:0",DRIVE_HEADING,,,,,,,,,,,,,,,,,,0,,,False,0,,,,-9999.0,-1.0,-1.0,False,36.967661055,127.873607205,121.809,2,0.00012995999999999998,36.967661055,127.873607205,4.0,0.011399999999999999,1.0,1.0,0.0,0.0,0.017659065020018797,nan,0.0,0.0,0.0,-0.08203315979435669,0.4829405798517599,0.1953605562667437,0.8496312200488798,8.726646259971648e-05,0.005550147021341968,0.0032812189937493396,-8.404299049999999,0.4707192,5.14849125
1789565175.144821,0.774,3.0,0.0,3,0,230,-0.029498930008214217,-0.0001855321045202049,0.0,0.0,0.0,111.0,1.0,-0.44111552684455796,0.0,0.0,0.0,38.54594798169196,nan,0.0,0.18752766386850261,0.0,0.0,0.0,0.0,0.0,3.0,3.0,nan,0.0,0.0,0.0,0.0,0.0,nan,nan,,,0,0,0,0.0,0,170,True,True,False,"A:1,B:1,ESTOP:0,MODE:1,J:0",DRIVE_HEADING,,,,,,,,,,,,,,,,,,0,,,False,0,,,,-9999.0,-1.0,-1.0,False,36.967661055,127.873607205,121.809,2,0.00012995999999999998,36.967661055,127.873607205,4.0,0.03493799343109131,1.0,0.0,0.04707598686218262,0.0,0.017659065020018797,nan,0.0,0.0,0.0,-0.08204568923172065,0.48296235112398445,0.19538496127269836,0.8496120227396452,6.981317007977319e-05,-0.0008552113334772215,0.010105456369047167,-8.5121722,0.5295591,5.0210048
1789565175.194824,0.824,3.0,0.0,3,0,230,-0.029498930008214217,-0.0001855321045202049,0.0,0.0,0.0,111.0,1.0,-0.44111552684455796,0.0,0.0,0.0,38.54594798169196,nan,0.0,0.5773706085407656,0.0,0.0,0.0,0.0,0.0,3.0,3.0,nan,0.0,0.0,0.0,0.0,0.0,nan,nan,,,0,0,0,0.0,0,171,True,True,False,"A:1,B:1,ESTOP:0,MODE:1,J:0",DRIVE_HEADING,,,,,,,,,,,,,,,,,,0,,,False,0,,,,-9999.0,-1.0,-1.0,False,36.967661055,127.873607205,121.809,2,0.00012995999999999998,36.967661055,127.873607205,4.0,0.059911385917663575,1.0,0.0,0.09702277183532715,0.0,0.017659065020018797,nan,0.0,0.0,0.0,-0.08204990387019168,0.48296163512188756,0.19539237552883926,0.8496103176518528,0.004572762640225144,0.005916666164260778,-0.00017453292519943296,-8.42391235,0.4903325,5.22694445
1789565175.244821,0.874,3.0,0.0,3,0,230,-0.029498930008214217,-0.0001855321045202049,0.0,0.0,0.0,111.0,1.0,-0.44111552684455796,0.0,0.0,0.0,38.54594798169196,nan,0.0,-0.011606132676315913,0.0,0.0,0.0,0.0,0.0,3.0,3.0,nan,0.0,0.0,0.0,0.0,0.0,nan,nan,,,0,0,0,0.0,0,171,True,True,False,"A:1,B:1,ESTOP:0,MODE:1,J:0",DRIVE_HEADING,,,,,,,,,,,,,,,,,,0,,,False,0,,,,-9999.0,-1.0,-1.0,False,36.967661055,127.873607205,121.809,2,0.00012995999999999998,36.967661055,127.873607205,4.0,0.08491195812225341,1.0,0.0,0.14702391624450684,0.0,0.017659065020018797,nan,0.0,0.0,0.0,-0.08205736539551903,0.482929243375478,0.19541706954017474,0.8496223299851914,-0.001832595714594046,0.0022689280275926286,0.0009773843811168245,-8.325845849999999,0.48052585,5.12887795
1789565175.294823,0.924,3.0,0.0,3,0,230,-0.029498930008214217,-0.0001855321045202049,0.0,0.0,0.0,111.0,1.0,-0.44111552684455796,0.0,0.0,0.0,38.54594798169196,nan,0.0,0.05428507958903672,0.0,0.0,0.0,0.0,0.0,3.0,3.0,nan,0.0,0.0,0.0,0.0,0.0,nan,nan,,,0,0,0,0.0,0,170,True,True,False,"A:1,B:1,ESTOP:0,MODE:1,J:0",DRIVE_HEADING,,,,,,,,,,,,,,,,,,0,,,False,0,,,,-9999.0,-1.0,-1.0,False,36.96766105333333,127.87360719166666,121.809,2,0.00012995999999999998,36.96766105333333,127.87360719166666,4.0,0.011399999999999999,1.0,1.0,0.0,0.0,0.022468526950099262,nan,0.0,0.0,0.0,-0.08205626099887618,0.4829375462689781,0.19541885672361375,0.8496173061275404,0.0009075712110370514,-0.0006108652381980154,-0.0019722220547535923,-8.36507245,0.5099457999999999,5.07003805
1789565175.344815,0.974,3.0,0.0,3,0,230,-0.030684816730630296,-0.0003710650000129651,0.0,0.0,0.0,111.0,1.0,-0.4414547271276488,0.0,0.0,0.0,38.5470952857899,nan,0.0,-0.11448549057014136,0.0,0.0,0.0,0.0,0.0,3.0,3.0,nan,0.0,0.0,0.0,0.0,0.0,nan,nan,,,0,0,0,0.0,0,170,True,True,False,"A:1,B:1,ESTOP:0,MODE:1,J:0",DRIVE_HEADING,,,,,,,,,,,,,,,,,,0,,,False,0,,,,-9999.0,-1.0,-1.0,False,36.96766105333333,127.87360719166666,121.809,2,0.00012995999999999998,36.96766105333333,127.87360719166666,4.0,0.03630806579589844,1.0,0.0,0.049816131591796875,0.0,0.022468526950099262,nan,0.0,0.0,0.0,-0.08203926960914892,0.48292687679396057,0.19543448251861792,0.8496214174293798,-0.004677482395344803,0.004747295565424576,-0.006562437987498679,-8.482752249999999,0.45110589999999995,5.22694445
1789565175.394819,1.024,3.0,0.0,3,0,231,-0.030684816730630296,-0.0003710650000129651,0.0,0.0,0.0,111.0,1.0,-0.4414547271276488,0.0,0.0,0.0,38.5470952857899,nan,0.0,-0.37673051958900106,0.0,0.0,0.0,0.0,0.0,3.0,3.0,nan,0.0,0.0,0.0,0.0,0.0,nan,nan,,,0,0,0,0.0,0,171,True,True,False,"A:1,B:1,ESTOP:0,MODE:1,J:0",DRIVE_HEADING,,,,,,,,,,,,,,,,,,0,,,False,0,,,,-9999.0,-1.0,-1.0,False,36.96766105333333,127.87360719166666,121.809,2,0.00012995999999999998,36.96766105333333,127.87360719166666,4.0,0.06130363121032715,1.0,0.0,0.0998072624206543,0.0,0.022468526950099262,nan,0.0,0.0,0.0,-0.08202331483630408,0.48295393345941984,0.19541759926646665,0.8496114617142766,-0.005235987755982988,-0.0023387411976724015,0.011274826967883369,-8.433719,0.4216859499999999,5.295591
1789565175.444818,1.074,3.0,0.0,3,0,231,-0.030684816730630296,-0.0003710650000129651,0.0,0.0,0.0,111.0,1.0,-0.4414547271276488,0.0,0.0,0.0,38.5470952857899,nan,0.0,0.643978941450177,0.0,0.0,0.0,0.0,0.0,3.0,3.0,nan,0.0,0.0,0.0,0.0,0.0,nan,nan,,,0,0,0,0.0,0,172,True,True,False,"A:1,B:1,ESTOP:0,MODE:1,J:0",DRIVE_HEADING,,,,,,,,,,,,,,,,,,0,,,False,0,,,,-9999.0,-1.0,-1.0,False,36.96766105333333,127.87360719166666,121.809,2,0.00012995999999999998,36.96766105333333,127.87360719166666,4.0,0.08631719722747802,1.0,0.0,0.14983439445495605,0.0,0.022468526950099262,nan,0.0,0.0,0.0,-0.08202113007203804,0.48295519692372757,0.19543141284699034,0.849607777070513,-0.005602506898901798,-0.0006632251157578452,0.00015707963267948965,-8.404299049999999,0.392266,5.0602314
1789565175.494819,1.124,3.0,0.0,3,0,231,-0.030684816730630296,-0.0003710650000129651,0.0,0.0,0.0,111.0,1.0,-0.4414547271276488,0.0,0.0,0.0,38.5470952857899,nan,0.0,0.006964983567276576,0.0,0.0,0.0,0.0,0.0,3.0,3.0,nan,0.0,0.0,0.0,0.0,0.0,nan,nan,,,0,0,0,0.0,0,173,True,True,False,"A:1,B:1,ESTOP:0,MODE:1,J:0",DRIVE_HEADING,,,,,,,,,,,,,,,,,,0,,,False,0,,,,-9999.0,-1.0,-1.0,False,36.967661045,127.87360722166666,121.815,2,0.00012995999999999998,36.967661045,127.87360722166666,4.0,0.011399999999999999,1.0,1.0,0.0,0.0,0.01668277635481636,nan,0.0,0.0,0.0,-0.08201112438430579,0.4830384992480771,0.19545987353819697,0.8495548372870462,-0.009721483933608416,-0.0006632251157578452,-0.00153588974175501,-8.42391235,0.48052585,5.48191735
1789565175.544819,1.174,3.0,0.0,3,0,232,-0.028016572237161464,-0.0012987271045591003,0.0,0.0,0.0,111.0,1.0,-0.44202505901308586,0.0,0.0,0.0,38.54432202161033,nan,0.0,-0.08985494639985797,0.0,0.0,0.0,0.0,0.0,3.0,3.0,nan,0.0,0.0,0.0,0.0,0.0,nan,nan,,,0,0,0,0.0,1,172,True,True,False,"A:1,B:1,ESTOP:0,MODE:1,J:0",DRIVE_HEADING,,,,,,,,,,,,,,,,,,0,,,False,0,,,,-9999.0,-1.0,-1.0,False,36.967661045,127.87360722166666,121.815,2,0.00012995999999999998,36.967661045,127.87360722166666,4.0,0.03489185943603516,1.0,0.0,0.04698371887207031,0.0,0.01668277635481636,nan,0.0,0.0,0.0,-0.0820351741074301,0.4830971051795858,0.19548780028915663,0.8495127645388117,0.008691739674931762,-0.0036302848441482054,0.006440264939859076,-8.56120545,0.29419949999999995,5.099458
1789565175.594826,1.224,3.0,0.0,3,0,231,-0.028016572237161464,-0.0012987271045591003,0.0,0.0,0.0,111.0,1.0,-0.44202505901308586,0.0,0.0,0.0,38.54432202161033,nan,0.0,0.3664107634929417,0.0,0.0,0.0,0.0,0.0,3.0,3.0,nan,0.0,0.0,0.0,0.0,0.0,nan,nan,,,0,0,0,0.3941551446914673,0,171,True,True,False,"A:1,B:1,ESTOP:0,MODE:1,J:0",DRIVE_HEADING,,,,,,,,,,,,,,,,,,0,,,False,0,,,,-9999.0,-1.0,-1.0,False,36.967661045,127.87360722166666,121.815,2,0.00012995999999999998,36.967661045,127.87360722166666,4.0,0.059888616943359375,1.0,0.0,0.09697723388671875,0.0,0.01668277635481636,nan,0.0,0.0,0.0,-0.08205372068189874,0.4832653328296575,0.19546100300160074,0.8494214509375811,0.039514254265151615,0.02223549467040776,-0.001186823891356144,-8.42391235,1.0002783,2.67721545
1789565175.644822,1.274,3.0,0.0,3,0,231,-0.028016572237161464,-0.0012987271045591003,0.0,0.0,0.0,111.0,1.0,-0.44202505901308586,0.0,0.0,0.0,38.54432202161033,nan,0.0,-0.07044805803404415,0.0,0.0,0.0,0.0,0.0,3.0,3.0,nan,0.0,0.0,0.0,0.0,0.0,nan,nan,,,0,0,0,0.45742160081863403,3,171,True,True,False,"A:1,B:1,ESTOP:0,MODE:1,J:0",DRIVE_HEADING,,,,,,,,,,,,,,,,,,0,,,False,0,,,,-9999.0,-1.0,-1.0,False,36.967661045,127.87360722166666,121.815,2,0.00012995999999999998,36.967661045,127.87360722166666,4.0,0.08489312305450439,1.0,0.0,0.1469862461090088,0.0,0.01668277635481636,nan,0.0,0.0,0.0,-0.08212345812074594,0.4832814762272822,0.19551029209484153,0.8493941829603371,-0.0204378055408536,-0.012566370614359171,0.0030892327760299633,-8.11009955,1.1571847,4.8640984
1789565175.694825,1.324,3.0,0.0,3,0,232,-0.028016572237161464,-0.0012987271045591003,0.0,0.0,0.0,111.0,1.0,-0.44202505901308586,0.0,0.0,0.0,38.54432202161033,nan,0.0,0.17420283808202394,0.0,0.0,0.0,0.0,0.0,3.0,3.0,nan,0.0,0.0,0.0,0.0,0.0,nan,nan,,,0,0,0,0.7470285892486572,0,208,True,True,False,"A:1,B:1,ESTOP:0,MODE:1,J:0",DRIVE_HEADING,,,,,,,,,,,,,,,,,,0,,,False,0,,,,-9999.0,-1.0,-1.0,False,36.96766105166667,127.87360722166666,121.812,2,0.00012995999999999998,36.96766105166667,127.87360722166666,4.0,0.011399999999999999,1.0,1.0,0.0,0.0,0.023973396135653375,nan,0.0,0.0,0.0,-0.08200599545692185,0.4833600073341859,0.19536503387901447,0.8493942686152682,0.017400932642383467,0.01546361717266976,-0.00476474885794452,-8.54159215,0.5197524499999999,3.18716125
1789565175.744819,1.374,3.0,0.0,3,0,242,-0.028016572237161464,-0.00055659710453317,0.0,0.0,0.0,111.0,1.0,-0.4412893172478183,0.0,0.0,0.0,38.54442785595352,nan,0.0,-0.27524556759414015,0.0,0.0,0.0,0.0,0.0,3.0,3.0,nan,0.0,0.0,0.0,0.0,0.0,nan,nan,,,0,0,0,0.8507710695266724,0,171,True,True,False,"A:1,B:1,ESTOP:0,MODE:1,J:0",DRIVE_HEADING,,,,,,,,,,,,,,,,,,0,,,False,0,,,,-9999.0,-1.0,-1.0,False,36.96766105166667,127.87360722166666,121.812,2,0.00012995999999999998,36.96766105166667,127.87360722166666,4.0,0.03548158779144287,1.0,0.0,0.04816317558288574,0.0,0.023973396135653375,nan,0.0,0.0,0.0,-0.08192677336880443,0.4834352197962526,0.19519382537697216,0.8493984710373746,0.013229595730117017,-0.0027576202181510408,0.001361356816555577,-8.629852,0.55897905,4.5895122
1789565175.794827,1.424,3.0,0.0,3,0,231,-0.028016572237161464,-0.00055659710453317,0.0,0.0,0.0,111.0,1.0,-0.4412893172478183,0.0,0.0,0.0,38.54442785595352,nan,0.0,0.07560292354104818,0.0,0.0,0.0,0.0,0.0,3.0,3.0,nan,0.0,0.0,0.0,0.0,0.0,nan,nan,,,0,0,0,0.6940346360206604,1,186,True,True,False,"A:1,B:1,ESTOP:0,MODE:1,J:0",DRIVE_HEADING,,,,,,,,,,,,,,,,,,0,,,False,0,,,,-9999.0,-1.0,-1.0,False,36.96766105166667,127.87360722166666,121.812,2,0.00012995999999999998,36.96766105166667,127.87360722166666,4.0,0.060478941345214844,1.0,0.0,0.09815788269042969,0.0,0.023973396135653375,nan,0.0,0.0,0.0,-0.08187908769477066,0.48352129902775365,0.1950854729473697,0.8493789652620831,-0.0014311699866353504,0.013264502315156905,-0.005864306286700947,-8.7083052,-0.3334261,6.10954295
1789565175.844818,1.474,3.0,0.0,3,0,242,-0.028016572237161464,-0.00055659710453317,0.0,0.0,0.0,111.0,1.0,-0.4412893172478183,0.0,0.0,0.0,38.54442785595352,nan,0.0,-0.33772028230603396,0.0,0.0,0.0,0.0,0.0,3.0,3.0,nan,0.0,0.0,0.0,0.0,0.0,nan,nan,,,0,0,0,0.870762825012207,0,172,True,True,False,"A:1,B:1,ESTOP:0,MODE:1,J:0",DRIVE_HEADING,,,,,,,,,,,,,,,,,,0,,,False,0,,,,-9999.0,-1.0,-1.0,False,36.96766105166667,127.87360722166666,121.812,2,0.00012995999999999998,36.96766105166667,127.87360722166666,4.0,0.08548535480499267,1.0,0.0,0.14817070960998535,0.0,0.023973396135653375,nan,0.0,0.0,0.0,-0.0817508729976911,0.4836042619296429,0.19497417103430267,0.8493696399313359,0.006702064327658226,-0.005567600313861911,0.008883725892651137,-8.5121722,0.73549875,4.069759749999999
1789565175.894958,1.524,3.0,0.0,3,0,231,-0.028016572237161464,-0.00055659710453317,0.0,0.0,0.0,111.0,1.0,-0.4412893172478183,0.0,0.0,0.0,38.54442785595352,nan,0.0,0.5062651582585782,0.0,0.0,0.0,0.0,0.0,3.0,3.0,nan,0.0,0.0,0.0,0.0,0.0,nan,nan,,,0,0,0,0.930772602558136,-1,171,True,True,False,"A:1,B:1,ESTOP:0,MODE:1,J:0",DRIVE_HEADING,,,,,,,,,,,,,,,,,,0,,,False,0,,,,-9999.0,-1.0,-1.0,False,36.967661015,127.87360745166667,121.81700000000001,2,0.00012995999999999998,36.967661015,127.87360745166667,4.0,0.011399999999999999,1.0,1.0,0.0,0.0,0.18663210309169745,nan,0.0,0.0,0.0,-0.0816014891376944,0.48369933619383465,0.19483816556776865,0.8493610765595169,0.009494591130849153,0.008499753457212385,-0.009808750396208134,-8.933858149999999,1.8338435499999999,5.5407572499999995
1789565175.944816,1.574,3.0,0.0,3,0,237,-0.007560026907451475,-0.004638312104675787,0.0,0.0,0.0,111.0,1.0,-0.4426575852823445,0.0,0.0,0.0,38.523598311338446,nan,0.0,-0.563605372057939,0.0,0.0,0.0,0.0,0.0,3.0,3.0,nan,0.0,0.0,0.0,0.0,0.0,nan,nan,,,0,0,0,1.071371078491211,0,171,True,True,False,"A:1,B:1,ESTOP:0,MODE:1,J:0",DRIVE_HEADING,,,,,,,,,,,,,,,,,,0,,,False,0,,,,-9999.0,-1.0,-1.0,False,36.967661015,127.87360745166667,121.81700000000001,2,0.00012995999999999998,36.967661015,127.87360745166667,4.0,0.034960047149658204,1.0,0.0,0.047120094299316406,0.0,0.18663210309169745,nan,0.0,0.0,0.0,-0.08156140340656749,0.4836984335645752,0.19477287407578972,0.8493804155770158,-0.01473057888683214,0.0020420352248333657,0.00958185759344887,-8.306232549999999,-0.8237586,3.6480737999999997
1789565175.994797,1.624,3.0,0.0,3,0,231,-0.007560026907451475,-0.004638312104675787,0.0,0.0,0.0,111.0,1.0,-0.4426575852823445,0.0,0.0,0.0,38.523598311338446,nan,0.0,0.546299838686177,0.0,0.0,0.0,0.0,0.0,3.0,3.0,nan,0.0,0.0,0.0,0.0,0.0,nan,nan,,,0,0,0,1.381198763847351,0,171,True,True,False,"A:1,B:1,ESTOP:0,MODE:1,J:0",DRIVE_HEADING,,,,,,,,,,,,,,,,,,0,,,False,0,,,,-9999.0,-1.0,-1.0,False,36.967661015,127.87360745166667,121.81700000000001,2,0.00012995999999999998,36.967661015,127.87360745166667,4.0,0.060073152923583985,1.0,0.0,0.09734630584716797,0.0,0.18663210309169745,nan,0.0,0.0,0.0,-0.08149739147664481,0.4838034288611763,0.19479780875071445,0.8493210412503573,-0.000890117918517108,-0.0009948376736367678,0.001186823891356144,-9.01231135,0.21574629999999997,3.4225208499999997
1789565176.044818,1.674,3.0,0.0,3,0,230,-0.007560026907451475,-0.004638312104675787,0.0,0.0,0.0,111.0,1.0,-0.4426575852823445,0.0,0.0,0.0,38.523598311338446,nan,0.0,0.06516923900880452,0.0,0.0,0.0,0.0,0.0,3.0,3.0,nan,0.0,0.0,0.0,0.0,0.0,nan,nan,,,0,0,0,1.4997559785842896,-1,193,True,True,False,"A:1,B:1,ESTOP:0,MODE:1,J:0",DRIVE_HEADING,,,,,,,,,,,,,,,,,,0,,,False,0,,,,-9999.0,-1.0,-1.0,False,36.967661015,127.87360745166667,121.81700000000001,2,0.00012995999999999998,36.967661015,127.87360745166667,4.0,0.08499564304351806,1.0,0.0,0.14719128608703613,0.0,0.18663210309169745,nan,0.0,0.0,0.0,-0.08154815913854879,0.4838814143128873,0.19472026992112892,0.8492895213680177,-0.0016755160819145565,0.004014257279586958,-0.0057421332390613445,-8.4729456,0.6080123,4.3933792
1789565176.094817,1.724,3.0,0.0,3,0,231,-0.007560026907451475,-0.004638312104675787,0.0,0.0,0.0,111.0,1.0,-0.4426575852823445,0.0,0.0,0.0,38.523598311338446,nan,0.0,-0.33116709946921313,0.0,0.0,0.0,0.0,0.0,3.0,3.0,nan,0.0,0.0,0.0,0.0,0.0,nan,nan,,,0,0,0,1.3663259744644165,0,171,True,True,False,"A:1,B:1,ESTOP:0,MODE:1,J:0",DRIVE_HEADING,,,,,,,,,,,,,,,,,,0,,,False,0,,,,-9999.0,-1.0,-1.0,False,36.967661015,127.87360745166667,121.81700000000001,2,0.00012995999999999998,36.967661015,127.87360745166667,4.0,0.10998787059783935,1.0,0.0,0.1971757411956787,0.0,0.18663210309169745,nan,0.0,0.0,0.0,-0.08147324248069883,0.48395894505798914,0.19446387661255435,0.849311280362422,0.0010297442586766543,0.03251548396465436,-0.007330382858376184,-9.11037785,-0.3334261,6.354709199999999
1789565176.144816,1.774,3.0,0.0,3,0,231,0.02608950536528432,-0.007235766313793988,0.0,0.0,0.0,111.0,1.0,-0.4408270523716846,0.0,0.0,0.0,38.48992230764589,nan,0.0,-0.4213227652702747,0.0,0.0,0.0,0.0,0.0,3.0,3.0,nan,0.0,0.0,0.0,0.0,0.0,nan,nan,,,0,0,0,1.7301276922225952,0,170,True,True,False,"A:1,B:1,ESTOP:0,MODE:1,J:0",DRIVE_HEADING,,,,,,,,,,,,,,,,,,0,,,False,0,,,,-9999.0,-1.0,-1.0,False,36.96766099166667,127.87360783,121.818,2,0.00012995999999999998,36.96766099166667,127.87360783,4.0,0.029972211265563965,1.0,0.0,0.03714442253112793,0.0,0.47748484963644794,nan,0.0,0.0,0.0,-0.08116737022538362,0.48411261822068496,0.19406807011646024,0.8493435200503276,0.016632987771505958,-0.01603957582582789,-0.010367255756846317,-8.433719,0.5883989999999999,2.75566865
1789565176.194819,1.824,3.0,0.0,3,0,231,0.02608950536528432,-0.007235766313793988,0.0,0.0,0.0,111.0,1.0,-0.4408270523716846,0.0,0.0,0.0,38.48992230764589,nan,0.0,-0.5941321197397341,0.0,0.0,0.0,0.0,0.0,3.0,3.0,nan,0.0,0.0,0.0,0.0,0.0,nan,nan,,,0,0,0,1.673887014389038,0,172,True,True,False,"A:1,B:1,ESTOP:0,MODE:1,J:0",DRIVE_HEADING,,,,,,,,,,,,,,,,,,0,,,False,0,,,,-9999.0,-1.0,-1.0,False,36.96766099166667,127.87360783,121.818,2,0.00012995999999999998,36.96766099166667,127.87360783,4.0,0.05495943202972412,1.0,0.0,0.08711886405944824,0.0,0.47748484963644794,nan,0.0,0.0,0.0,-0.08112701360004138,0.48411038294441183,0.1941303510043984,0.849334416828061,-0.006440264939859076,0.0209614043164519,0.008290313946973065,-8.669078599999999,1.0395048999999998,5.658437049999999
1789565176.244824,1.874,3.0,0.0,3,0,254,0.02608950536528432,-0.007235766313793988,0.0,0.0,0.0,111.0,1.0,-0.4408270523716846,0.0,0.0,0.0,38.48992230764589,nan,0.0,0.4739181444997454,0.0,0.0,0.0,0.0,0.0,3.0,3.0,nan,0.0,0.0,0.0,0.0,0.0,nan,nan,,,0,0,0,1.663662075996399,0,171,True,True,False,"A:1,B:1,ESTOP:0,MODE:1,J:0",DRIVE_HEADING,,,,,,,,,,,,,,,,,,0,,,False,0,,,,-9999.0,-1.0,-1.0,False,36.96766099166667,127.87360783,121.818,2,0.00012995999999999998,36.96766099166667,127.87360783,4.0,0.07998038902282714,1.0,0.0,0.1371607780456543,0.0,0.47748484963644794,nan,0.0,0.0,0.0,-0.0810837502786958,0.4840951034950485,0.1940784988302841,0.8493591069180595,0.0023911010752322315,-0.034540065896967787,-0.008115781021773632,-7.36479415,0.30400615,4.5306723
1789565176.294841,1.924,3.0,0.0,3,0,232,0.02608950536528432,-0.007235766313793988,0.0,0.0,0.0,111.0,1.0,-0.4408270523716846,0.0,0.0,0.0,38.48992230764589,nan,0.0,-0.4651496917892542,0.0,0.0,0.0,0.0,0.0,3.0,3.0,nan,0.0,0.0,0.0,0.0,0.0,nan,nan,,,0,0,0,1.388120412826538,0,171,True,True,False,"A:1,B:1,ESTOP:0,MODE:1,J:0",DRIVE_HEADING,,,,,,,,,,,,,,,,,,0,,,False,0,,,,-9999.0,-1.0,-1.0,False,36.96766099166667,127.87360783,121.818,2,0.00012995999999999998,36.96766099166667,127.87360783,4.0,0.10498143806457519,1.0,0.0,0.1871628761291504,0.0,0.47748484963644794,nan,0.0,0.0,0.0,-0.08095385657007327,0.4841663934620348,0.19373598645286533,0.8494090558155907,0.02069960492865275,-0.0477696616270848,-0.001413716694115407,-7.4138274,2.0593964999999996,6.6096821
1789565176.344822,1.974,3.0,0.0,3,0,230,0.07100496150097285,-0.01799665052319742,0.0,0.0,0.0,111.0,1.0,-0.44513035454446975,0.0,0.0,0.0,38.4439314011042,nan,0.0,-0.08098739240567564,0.0,0.0,0.0,0.0,0.0,3.0,3.0,nan,0.0,0.0,0.0,0.0,0.0,nan,nan,,,0,0,0,1.2238157987594604,0,179,True,True,False,"A:1,B:1,ESTOP:0,MODE:1,J:0",DRIVE_HEADING,,,,,,,,,,,,,,,,,,0,,,False,0,,,,-9999.0,-1.0,-1.0,False,36.967660895,127.873608335,121.812,2,0.00012995999999999998,36.967660895,127.873608335,4.0,0.028948680305480957,1.0,0.0,0.035097360610961914,0.0,0.6962206977898742,nan,0.0,0.0,0.0,-0.08067666538683477,0.48420910194829714,0.19348811916369313,0.84946757971978,0.011693705988362009,-0.018797196043978927,0.011205013797803596,-7.75706015,1.0493115499999999,6.10954295
1789565176.394819,2.024,3.0,0.0,3,0,252,0.07100496150097285,-0.01799665052319742,0.0,0.0,0.0,111.0,1.0,-0.44513035454446975,0.0,0.0,0.0,38.4439314011042,nan,0.0,0.6407285823791358,0.0,0.0,0.0,0.0,0.0,3.0,3.0,nan,0.0,0.0,0.0,0.0,0.0,nan,nan,,,0,0,0,0.972609281539917,0,171,True,True,False,"A:1,B:1,ESTOP:0,MODE:1,J:0",DRIVE_HEADING,,,,,,,,,,,,,,,,,,0,,,False,0,,,,-9999.0,-1.0,-1.0,False,36.967660895,127.873608335,121.812,2,0.00012995999999999998,36.967660895,127.873608335,4.0,0.05393578186035156,1.0,0.0,0.08507156372070312,0.0,0.6962206977898742,nan,0.0,0.0,0.0,-0.08066268731035629,0.48423173879705256,0.19354999485100804,0.8494419070840744,-0.09978047333651581,-0.025394540616517497,0.00905825881785057,-7.3353741999999995,-0.5197524499999999,5.7663101999999995
1789565176.444817,2.074,3.0,0.0,3,0,232,0.07100496150097285,-0.01799665052319742,0.0,0.0,0.0,111.0,1.0,-0.44513035454446975,0.0,0.0,0.0,38.4439314011042,nan,0.0,0.5166931252143775,0.0,0.0,0.0,0.0,0.0,3.0,3.0,nan,0.0,0.0,0.0,0.0,0.0,nan,nan,,,0,0,0,1.0541913509368896,0,172,True,True,False,"A:1,B:1,ESTOP:0,MODE:1,J:0",DRIVE_HEADING,,,,,,,,,,,,,,,,,,0,,,False,0,,,,-9999.0,-1.0,-1.0,False,36.967660895,127.873608335,121.812,2,0.00012995999999999998,36.967660895,127.873608335,4.0,0.07894970550537109,1.0,0.0,0.1350994110107422,0.0,0.6962206977898742,nan,0.0,0.0,0.0,-0.08063219988110581,0.4842259807206146,0.193440147312303,0.8494731057221804,-0.02192133540504878,-0.008133234314293577,-0.02579596634447619,-10.189109349999999,-2.0103632499999997,5.38385085
1789565176.494819,2.124,3.0,0.0,3,0,230,0.07100496150097285,-0.01799665052319742,0.0,0.0,0.0,111.0,1.0,-0.44513035454446975,0.0,0.0,0.0,38.4439314011042,nan,0.0,-1.4773462610360513,0.0,0.0,0.0,0.0,0.0,3.0,3.0,nan,0.0,0.0,0.0,0.0,0.0,nan,nan,,,0,0,0,0.9652783274650574,1,172,True,True,False,"A:1,B:1,ESTOP:0,MODE:1,J:0",DRIVE_HEADING,,,,,,,,,,,,,,,,,,0,,,False,0,,,,-9999.0,-1.0,-1.0,False,36.967660755,127.87360909,121.801,2,0.00012995999999999998,36.967660755,127.87360909,4.0,0.011399999999999999,1.0,1.0,0.0,0.0,1.0592148696896522,nan,0.0,0.0,0.0,-0.0802343618576514,0.48434890851582973,0.19292247647987007,0.8495584147459749,0.14522884705844816,-0.02621484536495483,-0.01213003830136059,-7.77667345,2.73605535,5.4721107
1789565176.544827,2.174,3.0,0.0,3,0,231,0.1381557917860608,-0.033581379732769395,0.0,0.0,0.0,111.0,1.0,-0.44931934269951235,0.0,0.0,0.0,38.37524525909297,nan,0.0,-0.6929575685139792,0.0,0.0,0.0,0.0,0.0,3.0,3.0,nan,0.0,0.0,0.0,0.0,0.0,nan,nan,,,0,0,0,1.688531517982483,0,171,True,True,False,"A:1,B:1,ESTOP:0,MODE:1,J:0",DRIVE_HEADING,,,,,,,,,,,,,,,,,,0,,,False,0,,,,-9999.0,-1.0,-1.0,False,36.967660755,127.87360909,121.801,2,0.00012995999999999998,36.967660755,127.87360909,4.0,0.034339443588256836,1.0,0.0,0.04587888717651367,0.0,1.0592148696896522,nan,0.0,0.0,0.0,-0.07990380625110496,0.4844408113500672,0.19275380550614135,0.8495754542758253,0.01630137521362704,0.024277529895241123,-0.012322024519079966,-9.7674234,-1.12776475,1.0198915999999998
1789565176.594821,2.224,3.0,0.0,3,0,231,0.1381557917860608,-0.033581379732769395,0.0,0.0,0.0,111.0,1.0,-0.44931934269951235,0.0,0.0,0.0,38.37524525909297,nan,0.0,-0.7025496533769512,0.0,0.0,0.0,0.0,0.0,3.0,3.0,nan,0.0,0.0,0.0,0.0,0.0,nan,nan,,,0,0,0,0.9049517512321472,0,172,True,True,False,"A:1,B:1,ESTOP:0,MODE:1,J:0",DRIVE_HEADING,,,,,,,,,,,,,,,,,,0,,,False,0,,,,-9999.0,-1.0,-1.0,False,36.967660755,127.87360909,121.801,2,0.00012995999999999998,36.967660755,127.87360909,4.0,0.05932952537536621,1.0,0.0,0.09585905075073242,0.0,1.0592148696896522,nan,0.0,0.0,0.0,-0.07973377473339735,0.48437530124615397,0.19263576039939914,0.8496555516942185,-0.04242895411598215,0.05612978874413764,0.0096342174710087,-8.316039199999999,-0.6864655000000001,10.385242349999999
1789565176.644845,2.274,3.0,0.0,3,0,230,0.1381557917860608,-0.033581379732769395,0.0,0.0,0.0,111.0,1.0,-0.44931934269951235,0.0,0.0,0.0,38.37524525909297,nan,0.0,0.5543394459298027,0.0,0.0,0.0,0.0,0.0,3.0,3.0,nan,0.0,0.0,0.0,0.0,0.0,nan,nan,,,2,1,1,0.6316210627555847,0,171,True,True,False,"A:1,B:1,ESTOP:0,MODE:1,J:0",DRIVE_HEADING,,,,,,,,,,,,,,,,,,0,,,False,0,,,,-9999.0,-1.0,-1.0,False,36.967660755,127.87360909,121.801,2,0.00012995999999999998,36.967660755,127.87360909,4.0,0.08433426990509033,1.0,0.0,0.14586853981018066,0.0,1.0592148696896522,nan,0.0,0.0,0.0,-0.07949625744869537,0.48444998479029633,0.19259520640787714,0.8496444219537016,-0.03635520831904189,0.028396506929947742,-0.0048345620280242935,-8.629852,1.08853815,6.923494899999999
1789565176.694824,2.324,3.0,0.0,3,0,235,0.1381557917860608,-0.033581379732769395,0.0,1.0,0.0,111.0,1.0,-0.44931934269951235,0.0,0.0,0.0,38.37524525909297,nan,0.0,-0.27411123296205697,0.0,0.0,0.0,0.0,0.0,3.0,3.0,nan,0.0,0.0,0.0,0.0,0.0,nan,nan,,,2,1,1,0.47737205028533936,0,201,True,True,False,"A:1,B:1,ESTOP:0,MODE:1,J:0",DRIVE_HEADING,,,,,,,,,,,,,,,,,,0,,,False,0,,,,-9999.0,-1.0,-1.0,False,36.96766060666667,127.87361002833333,121.806,2,0.00012995999999999998,36.96766060666667,127.87361002833333,4.0,0.011399999999999999,1.0,1.0,0.0,0.0,1.432066418555013,nan,0.0,0.0,0.0,-0.07937032208234254,0.48452373450074915,0.1923299557067245,0.8496742262866644,-0.01572541656046891,0.003473205211468716,-0.00815068760681352,-8.8848249,-1.1179581,9.208444349999999
1789565176.744827,2.374,3.0,0.0,3,0,235,0.22161256260846776,-0.050093770255914966,0.0,1.0,0.0,111.0,1.0,-0.45170867337009535,0.0,0.0,0.0,38.2902879363057,nan,0.0,-0.46411123296205703,0.0,0.0,0.0,0.0,0.0,3.0,3.0,nan,0.0,0.0,0.0,0.0,0.0,nan,nan,,,0,0,0,0.7258006930351257,0,172,True,True,False,"A:1,B:1,ESTOP:0,MODE:1,J:0",DRIVE_HEADING,,,,,,,,,,,,,,,,,,0,,,False,0,,,,-9999.0,-1.0,-1.0,False,36.96766060666667,127.87361002833333,121.806,2,0.00012995999999999998,36.96766060666667,127.87361002833333,4.0,0.035386101150512696,1.0,0.0,0.04797220230102539,0.0,1.432066418555013,nan,0.0,0.0,0.0,-0.07908196434475595,0.48448231439904466,0.19194665552784393,0.8498113975357091,0.021781709064889233,0.032480577379614475,-0.01228711793404008,-8.129712849999999,-0.5687857,6.894074949999999
1789565176.794823,2.424,3.0,0.0,3,0,287,0.22161256260846776,-0.050093770255914966,0.0,0.0,0.0,111.0,1.0,-0.45170867337009535,0.0,0.0,0.0,38.2902879363057,nan,0.0,-0.7011112329620569,0.0,0.0,0.0,0.0,0.0,3.0,3.0,nan,0.0,0.0,0.0,0.0,0.0,nan,nan,,,0,0,0,0.8508890271186829,0,171,True,True,False,"A:1,B:1,ESTOP:0,MODE:1,J:0",DRIVE_HEADING,,,,,,,,,,,,,,,,,,0,,,False,0,,,,-9999.0,-1.0,-1.0,False,36.96766060666667,127.87361002833333,121.806,2,0.00012995999999999998,36.96766060666667,127.87361002833333,4.0,0.06036700382232666,1.0,0.0,0.09793400764465332,0.0,1.432066418555013,nan,0.0,0.0,0.0,-0.07868429560704963,0.4846721660954094,0.191665908937022,0.8498034198498801,0.030455995447301053,0.0021467549799530253,0.006928957130417489,-8.3748791,1.4513842,7.7472535
1789565176.844820,2.474,3.0,0.0,3,0,287,0.22161256260846776,-0.050093770255914966,0.0,0.0,0.0,111.0,1.0,-0.45170867337009535,0.0,0.0,0.0,38.2902879363057,nan,0.0,0.3990889895038672,0.0,0.0,0.0,0.0,0.0,3.0,3.0,nan,0.0,0.0,0.0,0.0,0.0,nan,nan,,,2,1,1,0.7366853356361389,0,188,True,True,False,"A:1,B:1,ESTOP:0,MODE:1,J:0",DRIVE_HEADING,,,,,,,,,,,,,,,,,,0,,,False,0,,,,-9999.0,-1.0,-1.0,False,36.96766060666667,127.87361002833333,121.806,2,0.00012995999999999998,36.96766060666667,127.87361002833333,4.0,0.08538939132690429,1.0,0.0,0.1479787826538086,0.0,1.432066418555013,nan,0.0,0.0,0.0,-0.07833909792428592,0.48464163695394713,0.19166345466364237,0.8498532753442828,-0.013142329267517301,-0.01054178868204575,0.012810716709638379,-7.207887749999999,1.3925442999999997,4.246279449999999
1789565176.894849,2.524,3.0,0.0,3,0,230,0.22161256260846776,-0.050093770255914966,0.0,0.5,0.0,111.0,1.0,-0.45170867337009535,0.0,0.0,0.0,38.2902879363057,nan,0.0,0.7346168115248595,0.0,0.0,0.0,0.0,0.0,3.0,3.0,nan,0.0,0.0,0.0,0.0,0.0,nan,nan,,,1,0,1,1.536362648010254,0,171,True,True,False,"A:1,B:1,ESTOP:0,MODE:1,J:0",DRIVE_HEADING,,,,,,,,,,,,,,,,,,0,,,False,0,,,,-9999.0,-1.0,-1.0,False,36.96766046,127.87361109666666,121.793,2,0.00012995999999999998,36.96766046,127.87361109666666,4.0,0.011399999999999999,1.0,1.0,0.0,0.0,1.6704840078086747,nan,0.0,0.0,0.0,-0.0782495306421936,0.48485200895461256,0.1914667464369584,0.8497858703083963,0.012583823906879116,0.04324925886441949,-0.0136659280431156,-8.67888525,-0.196133,10.4931155
1789565176.944819,2.574,3.0,0.0,3,0,230,0.31663172834246417,-0.06642062946551286,0.0,1.0,0.0,111.0,1.0,-0.4519903223459429,0.0,0.0,0.0,38.19391258216678,nan,0.0,-0.7808184220981903,0.0,0.0,0.0,0.0,0.0,3.0,3.0,nan,0.0,0.0,0.0,0.0,0.0,nan,nan,,,2,1,1,1.742260217666626,0,173,True,True,False,"A:1,B:1,ESTOP:0,MODE:1,J:0",DRIVE_HEADING,,,,,,,,,,,,,,,,,,0,,,False,0,,,,-9999.0,-1.0,-1.0,False,36.96766046,127.87361109666666,121.793,2,0.00012995999999999998,36.96766046,127.87361109666666,4.0,0.03879870548248291,1.0,0.0,0.05479741096496582,0.0,1.6704840078086747,nan,0.0,0.0,0.0,-0.07804180661304304,0.4849858223083882,0.19105407190547347,0.849821493131803,0.025080381351158518,0.07951720072086166,-0.011431906600562858,-10.1204628,-1.4906107999999998,6.5312289
1789565176.994817,2.624,3.0,0.0,3,0,230,0.31663172834246417,-0.06642062946551286,0.0,1.0,0.0,111.0,1.0,-0.4519903223459429,0.0,0.0,0.0,38.19391258216678,nan,0.0,-0.6528184220981904,0.0,0.0,0.0,0.0,0.0,3.0,3.0,nan,0.0,0.0,0.0,0.0,0.0,nan,nan,,,2,1,1,1.3709756135940552,0,192,True,True,False,"A:1,B:1,ESTOP:0,MODE:1,J:0",DRIVE_HEADING,,,,,,,,,,,,,,,,,,0,,,False,0,,,,-9999.0,-1.0,-1.0,False,36.96766046,127.87361109666666,121.793,2,0.00012995999999999998,36.96766046,127.87361109666666,4.0,0.06380452289581298,1.0,0.0,0.10480904579162598,0.0,1.6704840078086747,nan,0.0,0.0,0.0,-0.0776116259539148,0.4851321494886744,0.19055756634542756,0.8498888438835964,0.02054252529597326,-0.016964600329384884,-0.006998770300497262,-9.26728425,1.08853815,3.24600115
1789565177.044819,2.674,3.0,0.0,3,0,231,0.31663172834246417,-0.06642062946551286,0.0,1.0,0.0,111.0,1.0,-0.4519903223459429,0.0,0.0,0.0,38.19391258216678,nan,0.0,-0.3988184220981903,0.0,0.0,0.0,0.0,0.0,3.0,3.0,nan,0.0,0.0,0.0,0.0,0.0,nan,nan,,,2,1,1,1.5657026767730713,0,170,True,True,False,"A:1,B:1,ESTOP:0,MODE:1,J:0",DRIVE_HEADING,,,,,,,,,,,,,,,,,,0,,,False,0,,,,-9999.0,-1.0,-1.0,False,36.96766046,127.87361109666666,121.793,2,0.00012995999999999998,36.96766046,127.87361109666666,4.0,0.08877839221954345,1.0,0.0,0.15475678443908691,0.0,1.6704840078086747,nan,0.0,0.0,0.0,-0.07744865951776117,0.48512761478625294,0.19043764271894978,0.8499331778124398,-0.05529203070318036,-0.01054178868204575,0.001239183768915974,-7.9629998,-0.5099457999999999,5.579983849999999
1789565177.094816,2.724,3.0,0.0,3,0,263,0.31663172834246417,-0.06642062946551286,0.0,1.0,0.0,111.0,1.0,-0.4519903223459429,0.0,0.0,0.0,38.19391258216678,nan,0.0,0.07318157790180971,0.0,0.0,0.0,0.0,0.0,3.0,3.0,nan,0.0,0.0,0.0,0.0,0.0,nan,nan,,,2,1,1,1.3466823101043701,0,172,True,True,False,"A:1,B:1,ESTOP:0,MODE:1,J:0",DRIVE_HEADING,,,,,,,,,,,,,,,,,,0,,,False,0,,,,-9999.0,-1.0,-1.0,False,36.96766022333333,127.87361231666667,121.805,2,0.00012995999999999998,36.96766022333333,127.87361231666667,4.0,0.011399999999999999,1.0,1.0,0.0,0.0,1.8320168067424454,nan,0.0,0.0,0.0,-0.07724702448627759,0.4852600673563291,0.1901810900625161,0.8499333604583249,0.06588617926278593,-0.020856684561332238,-0.01207767842380076,-8.3356525,0.81395195,3.59904055
1789565177.144821,2.774,3.0,0.0,3,0,231,0.42514035459599236,-0.09276624209351572,0.0,1.0,0.0,111.0,1.0,-0.4599054071397367,0.0,0.0,0.0,38.08276173960881,nan,0.0,-0.6898184220981902,0.0,0.0,0.0,0.0,0.0,3.0,3.0,nan,0.0,0.0,0.0,0.0,0.0,nan,nan,,,2,1,1,1.3295775651931763,-2,172,True,True,False,"A:1,B:1,ESTOP:0,MODE:1,J:0",DRIVE_HEADING,,,,,,,,,,,,,,,,,,0,,,False,0,,,,-9999.0,-1.0,-1.0,False,36.96766022333333,127.87361231666667,121.805,2,0.00012995999999999998,36.96766022333333,127.87361231666667,4.0,0.031080142402648926,1.0,0.0,0.03936028480529785,0.0,1.8320168067424454,nan,0.0,0.0,0.0,-0.0769771166380796,0.4857427603220954,0.1897877159085414,0.8497700378331644,-0.008691739674931762,0.04003785304074992,0.0011693705988362008,-9.71839015,-1.3827376499999997,2.8439284999999996
1789565177.194831,2.824,3.0,0.0,3,0,230,0.42514035459599236,-0.09276624209351572,0.0,1.0,0.0,111.0,1.0,-0.4599054071397367,0.0,0.0,0.0,38.08276173960881,nan,0.0,0.06918157790180972,0.0,0.0,0.0,0.0,0.0,3.0,3.0,nan,0.0,0.0,0.0,0.0,0.0,nan,nan,,,2,1,1,1.781820297241211,0,180,True,True,False,"A:1,B:1,ESTOP:0,MODE:1,J:0",DRIVE_HEADING,,,,,,,,,,,,,,,,,,0,,,False,0,,,,-9999.0,-1.0,-1.0,False,36.96766022333333,127.87361231666667,121.805,2,0.00012995999999999998,36.96766022333333,127.87361231666667,4.0,0.05608727111816406,1.0,0.0,0.08937454223632812,0.0,1.8320168067424454,nan,0.0,0.0,0.0,-0.07659266922687427,0.48578029962952685,0.18941132660541982,0.8498672913261959,-0.0037000980142279784,0.017400932642383467,-0.006544984694978736,-8.8652116,-0.04903325,9.46341725
1789565177.244818,2.874,3.0,0.0,3,0,230,0.42514035459599236,-0.09276624209351572,0.0,1.0,0.0,111.0,1.0,-0.4599054071397367,0.0,0.0,0.0,38.08276173960881,nan,0.0,-0.3728184220981903,0.0,0.0,0.0,0.0,0.0,3.0,3.0,nan,0.0,0.0,0.0,0.0,0.0,nan,nan,,,2,1,1,1.4121681451797485,0,199,True,True,False,"A:1,B:1,ESTOP:0,MODE:1,J:0",DRIVE_HEADING,,,,,,,,,,,,,,,,,,0,,,False,0,,,,-9999.0,-1.0,-1.0,False,36.96766022333333,127.87361231666667,121.805,2,0.00012995999999999998,36.96766022333333,127.87361231666667,4.0,0.08107651844024658,1.0,0.0,0.13935303688049316,0.0,1.8320168067424454,nan,0.0,0.0,0.0,-0.07636002522187377,0.4859387031895234,0.1890592237675033,0.849876069317773,-0.030700341542580254,-0.029897490086662867,-0.005340707511102648,-8.041452999999999,1.6082906,2.7948952499999997
1789565177.294827,2.924,3.0,0.0,3,0,231,0.42514035459599236,-0.09276624209351572,0.0,1.0,0.0,111.0,1.0,-0.4599054071397367,0.0,0.0,0.0,38.08276173960881,nan,0.0,-0.30381842209819027,0.0,0.0,0.0,0.0,0.0,3.0,3.0,nan,0.0,0.0,0.0,0.0,0.0,nan,nan,,,2,1,1,1.443928837776184,0,171,True,True,False,"A:1,B:1,ESTOP:0,MODE:1,J:0",DRIVE_HEADING,,,,,,,,,,,,,,,,,,0,,,False,0,,,,-9999.0,-1.0,-1.0,False,36.96766005333333,127.87361367,121.783,2,0.00012995999999999998,36.96766005333333,127.87361367,4.0,0.011399999999999999,1.0,1.0,0.0,0.0,2.0364234099117797,nan,0.0,0.0,0.0,-0.07627896793828798,0.4864428305904491,0.18864537247544938,0.8496868923674298,-0.03808308427851627,-0.00481710873550435,-0.01520181778487061,-8.7279185,0.9022117999999999,6.089929649999999
1789565177.344839,2.974,3.0,0.0,3,0,237,0.5455078468097467,-0.11169055551223182,0.0,1.0,0.0,111.0,1.0,-0.4637264324812688,0.0,0.0,0.0,37.96092687877172,nan,0.0,-0.8688184220981903,0.0,0.0,0.0,0.0,0.0,3.0,3.0,nan,0.0,0.0,0.0,0.0,0.0,nan,nan,,,2,1,1,1.454275369644165,0,173,True,True,False,"A:1,B:1,ESTOP:0,MODE:1,J:0",DRIVE_HEADING,,,,,,,,,,,,,,,,,,0,,,False,0,,,,-9999.0,-1.0,-1.0,False,36.96766005333333,127.87361367,121.783,2,0.00012995999999999998,36.96766005333333,127.87361367,4.0,0.03256656303405762,1.0,0.0,0.042333126068115234,0.0,2.0364234099117797,nan,0.0,0.0,0.0,-0.07603328758608452,0.4865561486308728,0.18813954865647475,0.849756178935865,0.01137954672300303,-0.0021642082724729686,0.001239183768915974,-9.26728425,-0.24516625,4.609125499999999
1789565177.394823,3.024,3.0,0.0,3,0,231,0.5455078468097467,-0.11169055551223182,0.0,1.0,0.0,111.0,1.0,-0.4637264324812688,0.0,0.0,0.0,37.96092687877172,nan,0.0,0.07318157790180971,0.0,0.0,0.0,0.0,0.0,3.0,3.0,nan,0.0,0.0,0.0,0.0,0.0,nan,nan,,,2,1,1,1.4032912254333496,0,171,True,True,False,"A:1,B:1,ESTOP:0,MODE:1,J:0",DRIVE_HEADING,,,,,,,,,,,,,,,,,,0,,,False,0,,,,-9999.0,-1.0,-1.0,False,36.96766005333333,127.87361367,121.783,2,0.00012995999999999998,36.96766005333333,127.87361367,4.0,0.05758203639984131,1.0,0.0,0.09236407279968262,0.0,2.0364234099117797,nan,0.0,0.0,0.0,-0.07583899959666117,0.486604145559874,0.18783365659159304,0.8498137261279992,0.021537362969610025,-0.018605209826259555,-0.005288347633542819,-8.0218397,0.5099457999999999,4.34434595
1789565177.444782,3.074,3.0,0.0,3,0,230,0.5455078468097467,-0.11169055551223182,0.0,1.0,0.0,111.0,1.0,-0.4637264324812688,0.0,0.0,0.0,37.96092687877172,nan,0.0,-0.30081842209819026,0.0,0.0,0.0,0.0,0.0,3.0,3.0,nan,0.0,0.0,0.0,0.0,0.0,nan,nan,,,2,1,1,1.7407188415527344,0,171,True,True,False,"A:1,B:1,ESTOP:0,MODE:1,J:0",DRIVE_HEADING,,,,,,,,,,,,,,,,,,0,,,False,0,,,,-9999.0,-1.0,-1.0,False,36.96766005333333,127.87361367,121.783,2,0.00012995999999999998,36.96766005333333,127.87361367,4.0,0.08256687297821044,1.0,0.0,0.1423337459564209,0.0,2.0364234099117797,nan,0.0,0.0,0.0,-0.07556609540668256,0.4865485063777872,0.18758442079452556,0.8499249385926471,0.0393048147549123,-0.003909537524467298,-0.014503686084072877,-8.933858149999999,1.0395048999999998,9.1790244
1789565177.494824,3.124,3.0,0.0,3,0,230,0.5455078468097467,-0.11169055551223182,0.0,1.0,0.0,111.0,1.0,-0.4637264324812688,0.0,0.0,0.0,37.96092687877172,nan,0.0,-0.8288184220981902,0.0,0.0,0.0,0.0,0.0,3.0,3.0,nan,0.0,0.0,0.0,0.0,0.0,nan,nan,,,2,1,1,1.7812554836273193,0,170,True,True,False,"A:1,B:1,ESTOP:0,MODE:1,J:0",DRIVE_HEADING,,,,,,,,,,,,,,,,,,0,,,False,0,,,,-9999.0,-1.0,-1.0,False,36.96765977166667,127.87361523666667,121.815,2,0.00012995999999999998,36.96765977166667,127.87361523666667,4.0,0.011399999999999999,1.0,1.0,0.0,0.0,2.4182494912496786,nan,0.0,0.0,0.0,-0.07524473074512852,0.4865893641830231,0.18714637417281585,0.8500266206378614,0.03146828641345776,0.018605209826259555,0.0033859387488689996,-8.44352565,-0.00980665,4.95235825
1789565177.544819,3.174,3.0,0.0,3,0,230,0.6848495253182235,-0.14304554524492347,0.0,1.0,0.0,111.0,1.0,-0.47844358236945794,0.0,0.0,0.0,37.81854779860976,nan,0.0,0.1961815779018097,0.0,0.0,0.0,0.0,0.0,3.0,3.0,nan,0.0,0.0,0.0,0.0,0.0,nan,nan,,,2,1,1,1.523173451423645,0,171,True,True,False,"A:1,B:1,ESTOP:0,MODE:1,J:0",DRIVE_HEADING,,,,,,,,,,,,,,,,,,0,,,False,0,,,,-9999.0,-1.0,-1.0,False,36.96765977166667,127.87361523666667,121.815,2,0.00012995999999999998,36.96765977166667,127.87361523666667,4.0,0.034180418395996094,1.0,0.0,0.04556083679199219,0.0,2.4182494912496786,nan,0.0,0.0,0.0,-0.07496326385074459,0.48672417934282564,0.1868743156063029,0.8500341595974672,0.006440264939859076,-0.0244695161129605,-0.0046251225177849735,-8.0806796,0.8237586,2.99102825
1789565177.594821,3.224,3.0,0.0,3,0,231,0.6848495253182235,-0.14304554524492347,0.0,1.0,0.0,111.0,1.0,-0.47844358236945794,0.0,0.0,0.0,37.81854779860976,nan,0.0,-0.2628184220981903,0.0,0.0,0.0,0.0,0.0,3.0,3.0,nan,0.0,0.0,0.0,0.0,0.0,nan,nan,,,2,1,1,1.3352082967758179,0,172,True,True,False,"A:1,B:1,ESTOP:0,MODE:1,J:0",DRIVE_HEADING,,,,,,,,,,,,,,,,,,0,,,False,0,,,,-9999.0,-1.0,-1.0,False,36.96765977166667,127.87361523666667,121.815,2,0.00012995999999999998,36.96765977166667,127.87361523666667,4.0,0.05917216911315918,1.0,0.0,0.09554433822631836,0.0,2.4182494912496786,nan,0.0,0.0,0.0,-0.07468143937216395,0.4865669702367495,0.18661398566640766,0.850206143497934,0.015393804002589986,0.0006632251157578452,0.0012566370614359172,-8.73772515,1.0002783,4.0991797
1789565177.644814,3.274,3.0,0.0,3,0,231,0.6848495253182235,-0.14304554524492347,0.0,1.0,0.0,111.0,1.0,-0.47844358236945794,0.0,0.0,0.0,37.81854779860976,nan,0.0,0.07418157790180971,0.0,0.0,0.0,0.0,0.0,3.0,3.0,nan,0.0,0.0,0.0,0.0,0.0,nan,nan,,,2,1,1,1.3102967739105225,0,172,True,True,False,"A:1,B:1,ESTOP:0,MODE:1,J:0",DRIVE_HEADING,,,,,,,,,,,,,,,,,,0,,,False,0,,,,-9999.0,-1.0,-1.0,False,36.96765977166667,127.87361523666667,121.815,2,0.00012995999999999998,36.96765977166667,127.87361523666667,4.0,0.08418072834014892,1.0,0.0,0.14556145668029785,0.0,2.4182494912496786,nan,0.0,0.0,0.0,-0.07439308907341223,0.48673483868127204,0.18620022670280445,0.8502260526988431,0.050876347695634705,-0.010733774899765127,-0.005480333851262195,-9.1397978,0.25497289999999995,4.81506515
1789565177.694821,3.324,3.0,0.0,3,0,232,0.6848495253182235,-0.14304554524492347,0.0,1.0,0.0,111.0,1.0,-0.47844358236945794,0.0,0.0,0.0,37.81854779860976,nan,0.0,-0.3118184220981903,0.0,0.0,0.0,0.0,0.0,3.0,3.0,nan,0.0,0.0,0.0,0.0,0.0,nan,nan,,,2,1,1,1.4099417924880981,0,170,True,True,False,"A:1,B:1,ESTOP:0,MODE:1,J:0",DRIVE_HEADING,,,,,,,,,,,,,,,,,,0,,,False,0,,,,-9999.0,-1.0,-1.0,False,36.96765953333333,127.87361681166666,121.807,2,0.00012995999999999998,36.96765953333333,127.87361681166666,4.0,0.011399999999999999,1.0,1.0,0.0,0.0,2.5869137905551534,nan,0.0,0.0,0.0,-0.07390623689748346,0.48671266240396754,0.18588353415119063,0.850350494875353,0.003787364476827695,-0.00853466004225227,-0.009843656981248018,-8.070872949999998,0.77472535,6.2958693
1789565177.744819,3.374,3.0,0.0,3,0,230,0.8249323827122269,-0.16957669076841908,0.0,1.0,0.0,111.0,1.0,-0.4882831579682401,0.0,0.0,0.0,37.67612023845312,nan,0.0,-0.5618184220981902,0.0,0.0,0.0,0.0,0.0,3.0,3.0,nan,0.0,0.0,0.0,0.0,0.0,nan,nan,,,2,1,1,1.1536537408828735,0,169,True,True,False,"A:1,B:1,ESTOP:0,MODE:1,J:0",DRIVE_HEADING,,,,,,,,,,,,,,,,,,0,,,False,0,,,,-9999.0,-1.0,-1.0,False,36.96765953333333,127.87361681166666,121.807,2,0.00012995999999999998,36.96765953333333,127.87361681166666,4.0,0.03402389659881592,1.0,0.0,0.045247793197631836,0.0,2.5869137905551534,nan,0.0,0.0,0.0,-0.07352587213548141,0.48670446451803956,0.1854524401425189,0.8504822765878843,0.028134707542148595,0.007452555906015787,0.0009599310885968813,-8.62004535,1.1375714,3.530394
1789565177.794842,3.424,3.0,0.0,3,0,230,0.8249323827122269,-0.16957669076841908,0.0,1.0,0.0,111.0,1.0,-0.4882831579682401,0.0,0.0,0.0,37.67612023845312,nan,0.0,0.05718157790180972,0.0,0.0,0.0,0.0,0.0,3.0,3.0,nan,0.0,0.0,0.0,0.0,0.0,nan,nan,,,2,1,1,1.0459824800491333,0,185,True,True,False,"A:1,B:1,ESTOP:0,MODE:1,J:0",DRIVE_HEADING,,,,,,,,,,,,,,,,,,0,,,False,0,,,,-9999.0,-1.0,-1.0,False,36.96765953333333,127.87361681166666,121.807,2,0.00012995999999999998,36.96765953333333,127.87361681166666,4.0,0.05900706424713135,1.0,0.0,0.0952141284942627,0.0,2.5869137905551534,nan,0.0,0.0,0.0,-0.07325540240668571,0.4867278558374583,0.18509085663995523,0.8505709936027637,0.025778513051956248,-0.0018151424220741027,-0.015114551322270894,-8.99269805,0.46091255,4.01091985
1789565177.844820,3.474,3.0,0.0,3,0,239,0.8249323827122269,-0.16957669076841908,0.0,1.0,0.0,111.0,1.0,-0.4882831579682401,0.0,0.0,0.0,37.67612023845312,nan,0.0,-0.8638184220981903,0.0,0.0,0.0,0.0,0.0,3.0,3.0,nan,0.0,0.0,0.0,0.0,0.0,nan,nan,,,2,1,1,1.016125202178955,1,171,True,True,False,"A:1,B:1,ESTOP:0,MODE:1,J:0",DRIVE_HEADING,,,,,,,,,,,,,,,,,,0,,,False,0,,,,-9999.0,-1.0,-1.0,False,36.96765953333333,127.87361681166666,121.807,2,0.00012995999999999998,36.96765953333333,127.87361681166666,4.0,0.0840097822189331,1.0,0.0,0.1452195644378662,0.0,2.5869137905551534,nan,0.0,0.0,0.0,-0.07293854418942677,0.4867209548173482,0.1846907728902837,0.8506891320114568,0.010733774899765127,-0.017243853009703977,-0.008691739674931762,-8.4729456,1.1866046499999998,5.9820565
1789565177.894818,3.524,3.0,0.0,3,0,230,0.8249323827122269,-0.16957669076841908,0.0,1.0,0.0,111.0,1.0,-0.4882831579682401,0.0,0.0,0.0,37.67612023845312,nan,0.0,-0.4958184220981903,0.0,0.0,0.0,0.0,0.0,3.0,3.0,nan,0.0,0.0,0.0,0.0,0.0,nan,nan,,,2,1,1,1.1526352167129517,0,182,True,True,False,"A:1,B:1,ESTOP:0,MODE:1,J:0",DRIVE_HEADING,,,,,,,,,,,,,,,,,,0,,,False,0,,,,-9999.0,-1.0,-1.0,False,36.96765953333333,127.87361681166666,121.807,2,0.00012995999999999998,36.96765953333333,127.87361681166666,4.0,0.10903073921203613,1.0,0.0,0.19526147842407227,0.0,2.5869137905551534,nan,0.0,0.0,0.0,-0.07263500513296453,0.4867753440266847,0.18431735490101966,0.8507649694006733,0.01857030324121967,0.008255407361933179,-0.006021385919380436,-8.5513988,0.34323275000000003,6.276256
1789565177.944832,3.574,0.0,0.0,3,0,230,1.00385302710552,-0.21206362971052709,0.0,1.0,0.0,111.0,1.0,-0.5038387938497513,0.0,0.0,0.0,37.49299306002395,nan,0.0,-0.34281842209819025,0.0,0.0,0.0,0.0,0.0,3.0,3.0,nan,0.0,0.0,0.0,0.0,0.0,nan,nan,,,2,1,1,1.0427623987197876,0,171,True,True,False,"A:1,B:1,ESTOP:0,MODE:1,J:0",DRIVE_HEADING,,,,,,,,,,,,,,,,,,0,,"📍 출발 WP 8/111 (최근접 0.54m) | 🧭 헤딩 확정 -11.6° (±1.1°, 1.06m, 12점, 잔차 0.4cm) | 📐 IMU 축 확정 — z축이 수직에서 60.5° 기울어져 있다 (위 = [-0.869, +0.053, +0.493], 표본 60개). 요레이트는 이 축에 투영해서 적분한다 — ★장착 방향과 무관하다★",False,0,,,,-9999.0,-1.0,-1.0,False,36.967659151666666,127.87361882333333,121.8,2,0.00012995999999999998,36.967659151666666,127.87361882333333,4.0,0.011399999999999999,1.0,1.0,0.0,0.0,2.762318344096826,-11.928338937349535,0.0,0.0,0.0,-0.07229206021690343,0.4868648049491284,0.1839734789217027,0.8508174180074645,0.01837831702350029,-0.005270894341022875,-0.009669124056048587,-8.414105699999999,0.43149259999999995,3.8442068
1789565177.994818,3.624,6.0,-2.8350869677543,0,0,231,1.00385302710552,-0.21206362971052709,-11.575046914534482,1.0,8.0,111.0,1.0,-0.5038387938497513,0.0,0.0,0.0,37.49299306002395,nan,0.0,-1.2013963531645913,0.0,-11.557879446135065,1.0853804266594842,0.0035896190082506806,1.0556469293342192,0.0,0.0,nan,0.0,0.0,0.0,0.0,0.0,nan,nan,,,2,1,1,1.0917580127716064,1,177,True,True,False,"A:1,B:1,ESTOP:0,MODE:1,J:0",DRIVE_RUN,,,,,,,,,,,,,,,,,,0,,,False,0,,,,-9999.0,-1.0,-1.0,False,36.967659151666666,127.87361882333333,121.8,2,0.00012995999999999998,36.96765903633309,127.87361950551282,4.0,0.046477810287475586,1.0,0.0,0.07015562057495117,0.062017568588256834,2.762318344096826,-11.928338937349535,0.0,0.0,0.0,-0.07191690246554339,0.4869776513177655,0.18348848336509962,0.8508893598636488,0.030525808617380825,0.009512044423369097,-0.00481710873550435,-8.87501825,1.0493115499999999,6.5508422
1789565178.044834,3.674,6.0,-2.9120171474447947,6,0,231,1.064527092028459,-0.22490250481306998,-11.63512097143385,1.0,8.0,111.0,1.0,-0.5074515552324702,5.927016077681826,37.0,11.346801885893978,37.43111520118195,nan,0.0,-1.6239571885696191,0.0,-11.557879446135065,1.0853804266594842,0.0035896190082506806,1.0556469293342192,6.0,6.0,nan,-0.025191939692487564,-0.007557581907746269,0.0,0.0,0.0,nan,0.5,,,2,1,1,0.8532452583312988,0,171,True,True,False,"A:1,B:1,ESTOP:0,MODE:1,J:0",DRIVE_RUN,,,,,,,,,,,,,,,,,,0,,,False,0,,,,-9999.0,-1.0,-1.0,False,36.967659151666666,127.87361882333333,121.8,2,0.00012995999999999998,36.96765895393699,127.87361999176879,4.0,0.07148362770080566,1.0,0.0,0.12016725540161133,0.10622785104867483,2.762318344096826,-11.928338937349535,0.0,0.0,0.0,-0.07142906872498722,0.4868072319968388,0.18323067359700468,0.8510835019372924,0.012793263417118436,-0.01689478715930511,-0.013788101090755204,-8.44352565,0.9610517,3.3538743
1789565178.094820,3.724,6.0,-2.9906047175963932,6,0,231,1.1077754258923156,-0.23407479657848507,-11.716384961473693,1.0,8.0,111.0,1.0,-0.5100472603815325,6.021640630668984,37.0,11.285160864768084,37.38700616408173,nan,0.0,-1.075096277797989,0.0,-11.557879446135065,1.0853804266594842,0.0035896190082506806,1.0556469293342192,6.0,6.0,nan,-0.05056451745411107,-0.01516935523623332,0.0,0.0,0.0,nan,0.5,,,2,1,1,0.9489917755126953,0,194,True,True,False,"A:1,B:1,ESTOP:0,MODE:1,J:0",DRIVE_RUN,,,,,,,,,,,,,,,,,,0,,,False,0,,,,-9999.0,-1.0,-1.0,False,36.96765874,127.87362071833333,121.811,2,0.00012995999999999998,36.96765874,127.87362071833333,4.0,0.011399999999999999,1.0,1.0,0.0,0.0,3.209178065077567,-11.928338937349535,0.0,0.0,0.0,-0.07088828756397005,0.48649911346954533,0.18296734007025423,0.8513615070856857,0.019408061282176946,-0.0065275314024587925,-0.013683381335635543,-8.4729456,-0.5491724,4.079566399999999
1789565178.144825,3.774,6.0,-3.093929307350261,6,0,230,1.1723971633096397,-0.25789015365275175,-11.770197140434647,1.0,8.0,111.0,1.0,-0.523921979899365,6.127868798259094,37.0,11.241223792524519,37.31967797402617,nan,0.0,-1.3698094299098655,0.0,-11.557879446135065,1.0853804266594842,0.0035896190082506806,1.0556469293342192,6.0,6.0,nan,-0.0760668804731877,-0.02282006414195631,0.0,0.0,0.0,nan,0.5,,,2,1,1,1.0201256275177002,0,170,True,True,False,"A:1,B:1,ESTOP:0,MODE:1,J:0",DRIVE_RUN,,,,,,,,,,,,,,,,,,0,,,False,0,,,,-9999.0,-1.0,-1.0,False,36.96765874,127.87362071833333,121.811,2,0.00012995999999999998,36.96765866877111,127.87362113641292,4.0,0.032904878997802735,1.0,0.0,0.04300975799560547,0.03802062606811523,3.209178065077567,-11.928338937349535,0.0,0.0,0.0,-0.07086276116439649,0.48658586744472515,0.18231329241057578,0.8514543593720323,0.01984439359517553,0.036966073557239895,-0.007173303225696694,-8.24739265,0.7551120499999999,6.50180895
1789565178.194817,3.824,6.0,-3.1649494864617767,6,0,230,1.2095817881957427,-0.2658193173564661,-11.83848342910133,1.0,8.0,111.0,1.0,-0.5261961557730367,6.270942930273888,37.0,11.174603546118266,37.28174849712423,nan,0.0,-1.0755751874969657,0.0,-11.557879446135065,1.0853804266594842,0.0035896190082506806,1.0556469293342192,6.0,6.0,nan,-0.10226297946815595,-0.030678893840446784,0.0,0.0,0.0,nan,0.5,,,2,1,1,1.0259064435958862,-1,169,True,True,False,"A:1,B:1,ESTOP:0,MODE:1,J:0",DRIVE_RUN,,,,,,,,,,,,,,,,,,0,,,False,0,,,,-9999.0,-1.0,-1.0,False,36.96765874,127.87362071833333,121.811,2,0.00012995999999999998,36.96765858565703,127.87362162312203,4.0,0.05794240608215332,1.0,0.0,0.09308481216430664,0.08228697165691744,3.209178065077567,-11.928338937349535,0.0,0.0,0.0,-0.07059642192946564,0.4868551872927974,0.1821409045330841,0.8513594204052257,0.003665191429188092,-0.006003932626860493,0.006387905062299246,-8.629852,0.6864655000000001,5.521143949999999
1789565178.244818,3.874,6.0,-3.2330362188182917,6,0,230,1.252870425145043,-0.27507153452567823,-11.89220956758163,1.0,8.0,111.0,1.0,-0.5289101641117238,6.361501511545802,37.0,11.136831032980737,37.23758996364647,nan,0.0,-0.01805956450877913,0.0,-11.557879446135065,1.0853804266594842,0.0035896190082506806,1.0556469293342192,6.0,6.0,nan,-0.1285727872568078,-0.03857183617704234,0.0,0.0,0.0,nan,0.5,,,2,1,1,1.1026142835617065,-2,170,True,True,False,"A:1,B:1,ESTOP:0,MODE:1,J:0",DRIVE_RUN,,,,,,,,,,,,,,,,,,0,,,False,0,,,,-9999.0,-1.0,-1.0,False,36.96765874,127.87362071833333,121.811,2,0.00012995999999999998,36.967658502705746,127.87362210883029,4.0,0.08292855396270751,1.0,0.0,0.14305710792541504,0.1264624802892006,3.209178065077567,-11.928338937349535,0.0,0.0,0.0,-0.07044776653436229,0.4863465084637861,0.18254863314792696,0.8515751184899827,-0.016179202165987436,-0.021729349187329404,0.018500490071139894,-7.4922806,1.4808041499999998,6.4135491
1789565178.294823,3.924,6.0,-3.459626750966725,6,0,230,1.2960700444380973,-0.28430562893170297,-11.893114594476117,1.0,8.0,111.0,1.0,-0.5316769528586902,6.441457379856103,37.0,11.092858101609238,37.19352236558078,nan,0.0,1.2636926876196048,0.0,-11.557879446135065,1.0853804266594842,0.0035896190082506806,1.0556469293342192,6.0,6.0,nan,-0.15501829546239398,-0.046505488638718194,0.0,0.0,0.0,nan,0.5,,,2,1,1,1.3038477897644043,-4,170,True,True,False,"A:1,B:1,ESTOP:0,MODE:1,J:0",DRIVE_RUN,,,,,,,,,,,,,,,,,,0,,,False,0,,,,-9999.0,-1.0,-1.0,False,36.967658418333336,127.873622805,121.827,2,0.00012995999999999998,36.967658418333336,127.873622805,4.0,0.011399999999999999,1.0,1.0,0.0,0.0,3.546893673562423,-12.980904887167204,0.0,0.0,0.0,-0.07083330594454236,0.48624262243128635,0.18308229461692077,0.8514878908698089,-0.011239920382843483,0.04379031093253773,0.0017278759594743863,-7.609960399999999,0.2353596,6.001669799999999
1789565178.344824,3.974,6.0,-3.502155427945709,6,0,231,1.3579884202005397,-0.2936979225946264,-11.884293322947343,1.0,8.0,111.0,1.0,-0.5318415653692914,6.585204790145141,36.0,10.628829837699648,37.13089876972919,-12.980904887167204,-0.05438951463455482,0.7433042081110596,0.0,-11.557879446135065,1.0853804266594842,0.0035896190082506806,1.0556469293342192,6.0,6.0,nan,-0.1816021431053285,-0.054480642931598544,0.0,0.0,0.0,nan,0.5,,,2,1,1,1.2670936584472656,-4,170,True,True,False,"A:1,B:1,ESTOP:0,MODE:1,J:0",DRIVE_RUN,,,,,,,,,,,,,,,,,,0,,,False,0,,,,-9999.0,-1.0,-1.0,False,36.967658418333336,127.873622805,121.827,2,0.00012995999999999998,36.96765832692235,127.87362330142055,4.0,0.037027732276916504,1.0,0.0,0.05125546455383301,0.04530983066558838,3.546893673562423,-12.980904887167204,0.0,0.0,0.0,-0.07117919029315486,0.48683542858779205,0.18332566420814672,0.8510678522794721,-0.014608405839192538,0.004747295565424576,0.006806784082777886,-8.97308475,0.46091255,5.07003805
1789565178.394821,4.024,6.0,-3.531834391293154,6,0,231,1.4021408073658144,-0.30387374734306616,-11.847238908943496,1.0,8.0,111.0,1.0,-0.5353993889190154,6.596035032806009,36.0,10.566308730590404,37.08575620489639,-12.980904887167204,-0.05438951463455482,0.9357463328575295,0.0,-11.557879446135065,1.0853804266594842,0.0035896190082506806,1.0556469293342192,6.0,6.0,nan,-0.20819422137379306,-0.06245826641213792,0.0,0.0,0.0,nan,0.5,,,2,1,1,1.1919596195220947,-4,171,True,True,False,"A:1,B:1,ESTOP:0,MODE:1,J:0",DRIVE_RUN,,,,,,,,,,,,,,,,,,0,,,False,0,,,,-9999.0,-1.0,-1.0,False,36.967658418333336,127.873622805,121.827,2,0.00012995999999999998,36.96765823770696,127.87362378639331,4.0,0.06206323280334473,1.0,0.0,0.10132646560668945,0.08957259508030035,3.546893673562423,-12.980904887167204,0.0,0.0,0.0,-0.07113871432699834,0.48672456183328805,0.18328676515373138,0.8511430232056046,-0.0204378055408536,-0.02822197400474831,-0.009494591130849153,-8.139519499999999,0.50013915,4.334539299999999
1789565178.444822,4.074,6.0,-3.5560212374386655,6,0,231,1.4452750104550791,-0.3138051591989953,-11.800238353979097,1.0,8.0,111.0,1.0,-0.538865521661693,6.591998286540215,36.0,10.521408149875727,37.04165641742863,-12.980904887167204,-0.05438951463455482,0.6653610360845971,0.0,-11.557879446135065,1.0853804266594842,0.0035896190082506806,1.0556469293342192,6.0,6.0,nan,-0.23496419081974385,-0.07048925724592316,0.0,0.0,0.0,nan,0.5,,,2,1,1,1.2466658353805542,-4,171,True,True,False,"A:1,B:1,ESTOP:0,MODE:1,J:0",DRIVE_RUN,,,,,,,,,,,,,,,,,,0,,,False,0,,,,-9999.0,-1.0,-1.0,False,36.967658418333336,127.873622805,121.827,2,0.00012995999999999998,36.96765814870839,127.87362427004005,4.0,0.08703066482543945,1.0,0.0,0.1512613296508789,0.13371501486933657,3.546893673562423,-12.980904887167204,0.0,0.0,0.0,-0.07110250164093691,0.48623318437602686,0.18338821269868255,0.8514050082746354,0.013055062804917585,0.009093165402890457,0.013491395117916168,-7.95319315,0.6864655000000001,5.4328841
1789565178.494874,4.124,6.0,-3.587620109867024,6,0,231,1.488291275798467,-0.32371243452739906,-11.76719321527986,1.0,9.0,111.0,1.0,-0.5423251623204953,6.57747414997921,36.0,10.477547297382992,36.997677173408086,-12.980904887167204,-0.05438951463455482,-0.23886601870858046,0.0,-11.557879446135065,1.0853804266594842,0.0035896190082506806,1.0556469293342192,6.0,6.0,nan,-0.2619074669028285,-0.07857224007084855,0.0,0.0,0.0,nan,0.5,,,2,1,1,1.1632143259048462,-4,170,True,True,False,"A:1,B:1,ESTOP:0,MODE:1,J:0",DRIVE_RUN,,,,,,,,,,,,,,,,,,0,,,False,0,,,,-9999.0,-1.0,-1.0,False,36.96765817166666,127.87362464666667,121.824,2,0.00012995999999999998,36.96765817166666,127.87362464666667,4.0,0.011399999999999999,1.0,1.0,0.0,0.0,3.2346914451617654,-12.980904887167204,0.0,0.0,0.0,-0.07113180180571028,0.4865700320952836,0.18372298989307026,0.8511379051736674,-0.006789330790257942,0.01706932008450454,0.027925268031909273,-8.11009955,0.12748644999999997,3.9030467
1789565178.544822,4.174,6.0,-3.6061331575703237,6,0,231,1.5217890107789294,-0.32115673101364073,-11.779174148839246,1.0,9.0,111.0,1.0,-0.5348606872911668,6.577105051883975,36.0,10.43380947707215,36.964866722604725,-12.980904887167204,-0.05438951463455482,1.1804301592824882,0.0,-11.557879446135065,1.0853804266594842,0.0035896190082506806,1.0556469293342192,6.0,6.0,nan,-0.28902372501885326,-0.08670711750565598,0.0,0.0,0.0,nan,0.5,,,2,1,1,1.1806613206863403,-4,171,True,True,False,"A:1,B:1,ESTOP:0,MODE:1,J:0",DRIVE_RUN,,,,,,,,,,,,,,,,,,0,,,False,0,,,,-9999.0,-1.0,-1.0,False,36.96765817166666,127.87362464666667,121.824,2,0.00012995999999999998,36.967658086875296,127.87362510979129,4.0,0.035301939392089844,1.0,0.0,0.04780387878417969,0.04225862884521485,3.2346914451617654,-12.980904887167204,0.0,0.0,0.0,-0.07118225291090044,0.4866962551516177,0.18419490283664458,0.8509595054178073,0.022776546738526,0.008185594191853406,0.01345648853287628,-8.54159215,0.4118793,5.18771785
1789565178.594838,4.224,6.0,-3.623045953142773,6,0,231,1.5629800078142673,-0.3305956627913433,-11.72033225363748,1.0,9.0,111.0,1.0,-0.5381260944063716,6.558371728196465,36.0,10.400681764804348,36.922759975035895,-12.980904887167204,-0.05438951463455482,-0.7263632224495272,0.0,-11.557879446135065,1.0853804266594842,0.0035896190082506806,1.0556469293342192,6.0,6.0,nan,-0.3157667593834116,-0.09473002781502347,0.0,0.0,0.0,nan,0.5,,,2,1,1,1.084549069404602,-6,234,True,True,False,"A:1,B:1,ESTOP:0,MODE:1,J:0",DRIVE_RUN,,,,,,,,,,,,,,,,,,0,,,False,0,,,,-9999.0,-1.0,-1.0,False,36.96765817166666,127.87362464666667,121.824,2,0.00012995999999999998,36.967657998543615,127.87362559448754,4.0,0.060311452293395997,1.0,0.0,0.09782290458679199,0.08647543676405241,3.2346914451617654,-12.980904887167204,0.0,0.0,0.0,-0.07136180063652847,0.4868232628871202,0.1844247326333061,0.8508220272859557,0.0009075712110370514,0.0029321531433504737,0.01691224045182505,-9.1790244,0.16671305,4.1089863499999995
1789565178.644828,4.274,6.0,-3.6910329550747303,6,0,348,1.6060896172623433,-0.34042870059959524,-11.75670856809603,1.0,9.0,111.0,1.0,-0.5414985517060228,6.5307896942343975,36.0,10.358804305779477,36.87869870205508,-12.980904887167204,-0.05438951463455482,0.4434933058739592,0.0,-11.557879446135065,1.0853804266594842,0.0035896190082506806,1.0556469293342192,6.0,6.0,nan,-0.34267306410373016,-0.10280191923111905,0.0,0.0,0.0,nan,0.5,,,2,1,1,0.9434595704078674,-4,189,True,True,False,"A:1,B:1,ESTOP:0,MODE:1,J:0",DRIVE_RUN,,,,,,,,,,,,,,,,,,0,,,False,0,,,,-9999.0,-1.0,-1.0,False,36.96765817166666,127.87362464666667,121.824,2,0.00012995999999999998,36.967657910584826,127.87362607883315,4.0,0.0852985538482666,1.0,0.0,0.1477971076965332,0.13065260947816004,3.2346914451617654,-12.980904887167204,0.0,0.0,0.0,-0.07147312989742022,0.48685729805927686,0.18466734242723098,0.8507405807118588,-0.031956978604016174,0.010925761117484502,-0.0013264502315156904,-8.73772515,1.0002783,4.4522191
1789565178.694821,4.324,6.0,-3.974562764324069,6,0,230,1.6491680416498262,-0.3502202281681441,-11.734489514391328,1.0,9.0,111.0,1.0,-0.5448725983536225,6.599901766825471,36.0,10.314983683229013,36.83467448176105,-12.980904887167204,-0.05438951463455482,1.5881373718025122,0.0,-11.557879446135065,1.0853804266594842,0.0035896190082506806,1.0556469293342192,6.0,6.0,nan,-0.3697479916890313,-0.11092439750670938,0.0,0.0,0.0,nan,0.5,,,2,1,1,0.9669036865234375,-4,172,True,True,False,"A:1,B:1,ESTOP:0,MODE:1,J:0",DRIVE_RUN,,,,,,,,,,,,,,,,,,0,,,False,0,,,,-9999.0,-1.0,-1.0,False,36.96765795666666,127.87362643666667,121.834,2,0.00012995999999999998,36.96765795666666,127.87362643666667,4.0,0.011399999999999999,1.0,1.0,0.0,0.0,2.99644331894899,-9.040382679087639,0.0,0.0,0.0,-0.07144225274774009,0.48715464810974624,0.1847440709675093,0.8505562777322551,0.011676252695842066,0.028466320100027514,0.01960004749989632,-9.296704199999999,-0.04903325,4.4718324
1789565178.744817,4.374,6.0,-3.8615454307115744,6,0,230,1.6809942899919736,-0.3450904215370456,-11.520373971991205,1.0,9.0,111.0,1.0,-0.5361296114073616,6.783175587665026,35.0,9.841739852381563,36.803878629972914,-9.040382679087639,0.13470534176518498,0.06108893512274012,0.0,-11.557879446135065,1.0853804266594842,0.0035896190082506806,1.0556469293342192,6.0,6.0,nan,-0.3969916216067124,-0.11909748648201372,0.0,0.0,0.0,nan,0.5,,,2,1,1,0.7215051651000977,-4,186,True,True,False,"A:1,B:1,ESTOP:0,MODE:1,J:0",DRIVE_RUN,,,,,,,,,,,,,,,,,,0,,,False,0,,,,-9999.0,-1.0,-1.0,False,36.96765795666666,127.87362643666667,121.834,2,0.00012995999999999998,36.96765788415569,127.87362700917728,4.0,0.04056049957275391,1.0,0.0,0.05832099914550781,0.051555763244628905,2.99644331894899,-9.040382679087639,0.0,0.0,0.0,-0.0716031076398223,0.48729607832245914,0.18500492237992772,0.8504050245165938,-0.026808257310632903,-0.019250981649497456,0.009250245035569947,-8.38468575,1.53964405,2.9223817
1789565178.794823,4.424,6.0,-3.907882253911874,6,0,230,1.7319142410291475,-0.35316230595572357,-11.517309769774158,1.0,9.0,111.0,1.0,-0.5386739805038467,6.523169802804214,35.0,9.810478263220842,36.752330108673796,-9.040382679087639,0.13470534176518498,1.538929640066226,0.0,-11.557879446135065,1.0853804266594842,0.0035896190082506806,1.0556469293342192,6.0,6.0,nan,-0.42379810217708047,-0.12713943065312414,0.0,0.0,0.0,nan,0.5,,,2,1,1,1.0183708667755127,-4,186,True,True,False,"A:1,B:1,ESTOP:0,MODE:1,J:0",DRIVE_RUN,,,,,,,,,,,,,,,,,,0,,,False,0,,,,-9999.0,-1.0,-1.0,False,36.96765795666666,127.87362643666667,121.834,2,0.00012995999999999998,36.96765782232581,127.87362749990243,4.0,0.06555213108062743,1.0,0.0,0.10830426216125488,0.09574096008469046,2.99644331894899,-9.040382679087639,0.0,0.0,0.0,-0.0716227270959294,0.4874238975900255,0.1853676159596668,0.8502511252417839,0.029635690698863716,0.008779006137531478,0.01780235837034216,-9.44380395,-0.35303939999999995,2.4124358999999997
1789565178.844851,4.474,6.0,-3.909404760532102,6,0,230,1.7755600697135023,-0.36004517670007274,-11.440524434387271,1.0,9.0,111.0,1.0,-0.5408191726191027,6.541274883528451,35.0,9.759049408881195,36.70815054596254,-9.040382679087639,0.13470534176518498,-0.9431628409106187,0.0,-11.557879446135065,1.0853804266594842,0.0035896190082506806,1.0556469293342192,6.0,6.0,nan,-0.4507318012022728,-0.13521954036068184,0.0,0.0,0.0,nan,0.5,,,2,1,1,1.4397772550582886,-4,170,True,True,False,"A:1,B:1,ESTOP:0,MODE:1,J:0",DRIVE_RUN,,,,,,,,,,,,,,,,,,0,,,False,0,,,,-9999.0,-1.0,-1.0,False,36.96765795666666,127.87362643666667,121.834,2,0.00012995999999999998,36.96765776068635,127.87362799127678,4.0,0.09057416095733642,1.0,0.0,0.15834832191467285,0.13997989030362762,2.99644331894899,-9.040382679087639,0.0,0.0,0.0,-0.07170662075467019,0.48739911020687343,0.1858298416075425,0.8501573606560198,0.01509709802975095,0.01837831702350029,0.0022514747350726853,-9.306510849999999,-0.9610517,3.3538743
1789565178.894830,4.524,6.0,-3.979832442016774,6,0,243,1.8192636399902118,-0.36690685017091207,-11.487940904267788,1.0,9.0,111.0,1.0,-0.5429370757483726,6.482602095757011,35.0,9.714971550175528,36.66391678980331,-9.040382679087639,0.13470534176518498,-0.6296685014694293,0.0,-11.557879446135065,1.0853804266594842,0.0035896190082506806,1.0556469293342192,6.0,6.0,nan,-0.4777727598332279,-0.14333182794996838,0.0,0.0,0.0,nan,0.5,,,3,2,1,1.860466480255127,-4,172,True,True,False,"A:1,B:1,ESTOP:0,MODE:1,J:0",DRIVE_RUN,,,,,,,,,,,,,,,,,,0,,,False,0,,,,-9999.0,-1.0,-1.0,False,36.96765758,127.87362849666667,121.828,2,0.00012995999999999998,36.96765758,127.87362849666667,4.0,0.011399999999999999,1.0,1.0,0.0,0.0,3.181054318028172,-9.040382679087639,0.0,0.0,0.0,-0.07168200800652053,0.4878951246923059,0.18619495873519157,0.8497949601940652,-0.018308503853420515,0.0022514747350726853,-0.0011519173063162576,-9.218250999999999,-0.26477955,2.4712758
1789565178.944820,4.574,6.0,-4.086771985306855,6,0,230,1.8642137734380413,-0.3870207625836478,-11.519315458931004,1.5,9.0,111.0,1.0,-0.5580960624509607,6.548141642271301,35.0,9.67083896929349,36.61659674435963,-9.040382679087639,0.13470534176518498,0.8875496888093828,0.0,-11.557879446135065,1.0853804266594842,0.0035896190082506806,1.0556469293342192,6.0,6.0,nan,-0.5049196136206465,-0.15147588408619395,0.0,0.0,0.0,nan,0.5,,,3,1,2,2.6024513244628906,-4,172,True,True,False,"A:1,B:1,ESTOP:0,MODE:1,J:0",DRIVE_RUN,,,,,,,,,,,,,,,,,,0,,,False,0,,,,-9999.0,-1.0,-1.0,False,36.96765758,127.87362849666667,121.828,2,0.00012995999999999998,36.967657481990365,127.87362928009568,4.0,0.03799440040588379,1.0,0.0,0.05318880081176758,0.07052834987640381,3.181054318028172,-9.040382679087639,0.0,0.0,0.0,-0.07173837560678752,0.4880277964662324,0.18652217914589986,0.8496422494369484,-0.006457718232379019,-0.043580871422298405,0.002949606435870417,-9.326124149999998,-0.1372931,0.0392266
1789565178.994823,4.624,6.0,-4.12441580021287,6,0,230,1.9338931227645442,-0.39793114535184143,-11.474956215129083,1.5,9.0,111.0,1.0,-0.5614433260045566,6.675771403204973,35.0,9.624337385758926,36.54607665290012,-9.040382679087639,0.13470534176518498,0.2744370208360902,0.0,-11.557879446135065,1.0853804266594842,0.0035896190082506806,1.0556469293342192,6.0,6.0,nan,-0.5328244167431946,-0.15984732502295837,0.0,0.0,0.0,nan,0.5,,,3,1,2,2.6719019412994385,-4,171,True,True,False,"A:1,B:1,ESTOP:0,MODE:1,J:0",DRIVE_RUN,,,,,,,,,,,,,,,,,,0,,,False,0,,,,-9999.0,-1.0,-1.0,False,36.96765758,127.87362849666667,121.828,2,0.00012995999999999998,36.967657389878156,127.87363001659205,4.0,0.06299544944763183,1.0,0.0,0.10319089889526367,0.13683113190336477,3.181054318028172,-9.040382679087639,0.0,0.0,0.0,-0.07159868793662001,0.48794283399991195,0.18700011454737048,0.8495977729450325,0.0096342174710087,-0.0016580627893946131,0.009564404300928926,-8.1002929,2.28494945,3.2361945
1789565179.044823,4.674,6.0,-4.177324495623743,6,0,233,1.9993982114970075,-0.40818502959982034,-11.46126460624211,1.5,10.0,111.0,1.0,-0.5645871894379617,6.661325683255394,35.0,9.55398694535885,36.47978162092278,-9.040382679087639,0.13470534176518498,-0.2121878957188248,0.0,-11.557879446135065,1.0853804266594842,0.0035896190082506806,1.0556469293342192,6.0,6.0,nan,-0.5608965830434224,-0.1682689749130267,0.0,0.0,0.0,nan,0.5,,,2,1,1,2.4282641410827637,-4,192,True,True,False,"A:1,B:1,ESTOP:0,MODE:1,J:0",DRIVE_RUN,,,,,,,,,,,,,,,,,,0,,,False,0,,,,-9999.0,-1.0,-1.0,False,36.96765758,127.87362849666667,121.828,2,0.00012995999999999998,36.96765729794304,127.87363075318065,4.0,0.08799840583801269,1.0,0.0,0.1531968116760254,0.20313896974293147,3.181054318028172,-9.040382679087639,0.0,0.0,0.0,-0.0726763734207437,0.4903439675168007,0.1866263431244139,0.8482048964243839,-0.014468779499032991,0.03869394951671429,0.0214850030920502,-9.16921775,1.2062179499999999,6.864654999999999
1789565179.094819,4.724,6.0,-4.5526203213415,6,0,230,2.0649115044295403,-0.4184191996478304,-11.471855981035105,1.5,10.0,111.0,1.0,-0.5677105701596734,6.676142696977506,35.0,9.487853618797457,36.41348124307884,-9.040382679087639,0.13470534176518498,1.4463970154810695,0.0,-11.557879446135065,1.0853804266594842,0.0035896190082506806,1.0556469293342192,6.0,6.0,nan,-0.5891259425153205,-0.17673778275459615,0.0,0.0,0.0,nan,0.5,,,3,2,1,2.9587562084198,-4,171,True,True,False,"A:1,B:1,ESTOP:0,MODE:1,J:0",DRIVE_RUN,,,,,,,,,,,,,,,,,,0,,,False,0,,,,-9999.0,-1.0,-1.0,False,36.967657233333334,127.87363090833334,121.84700000000001,2,0.00012995999999999998,36.967657233333334,127.87363090833334,4.0,0.011399999999999999,1.0,1.0,0.0,0.0,3.532996498219137,-11.445307416124425,0.0,0.0,0.0,-0.0728487174410194,0.49026404538431667,0.18706806756161887,0.8481390029171896,-0.05893976883984851,0.015760323145508796,0.013892820845874863,-10.100849499999999,-0.5099457999999999,2.8145085499999998
1789565179.144836,4.774,6.0,-4.556823296967341,6,0,232,2.078711016975947,-0.42561151942110603,-11.397941513846149,1.0,10.0,111.0,1.0,-0.5725348481572803,6.939002421855543,34.0,9.011885246429646,36.398813761440046,-11.445307416124425,0.0013274282455341792,3.375285377104708,0.0,-11.557879446135065,1.0853804266594842,0.0035896190082506806,1.0556469293342192,6.0,6.0,nan,-0.6175114710233042,-0.18525344130699126,0.0,0.0,0.0,nan,0.5,,,2,1,1,2.6391053199768066,-4,171,True,True,False,"A:1,B:1,ESTOP:0,MODE:1,J:0",DRIVE_RUN,,,,,,,,,,,,,,,,,,0,,,False,0,,,,-9999.0,-1.0,-1.0,False,36.967657233333334,127.87363090833334,121.84700000000001,2,0.00012995999999999998,36.967657162696575,127.87363134571305,4.0,0.033847943687438965,1.0,0.0,0.04489588737487793,0.0396879644393921,3.532996498219137,-11.445307416124425,0.0,0.0,0.0,-0.0731375955419975,0.4909261247270464,0.18732661877129791,0.8476739762895475,0.017767451785302275,0.0003316125578789226,0.024818581963359364,-7.87473995,1.01008495,6.69794195
1789565179.194828,4.824,6.0,-4.511402414942277,6,0,244,2.117612223162217,-0.433474767426923,-11.229997426564864,1.0,10.0,111.0,1.0,-0.5737042510021557,6.903800073845338,34.0,8.997562535793374,36.35919644599536,-11.445307416124425,0.0013274282455341792,-0.18011846635820994,0.0,-11.557879446135065,1.0853804266594842,0.0035896190082506806,1.0556469293342192,6.0,6.0,nan,-0.6461382134311682,-0.19384146402935046,0.0,0.0,0.0,nan,0.5,,,2,1,1,2.772921323776245,-4,170,True,True,False,"A:1,B:1,ESTOP:0,MODE:1,J:0",DRIVE_RUN,,,,,,,,,,,,,,,,,,0,,,False,0,,,,-9999.0,-1.0,-1.0,False,36.967657233333334,127.87363090833334,121.84700000000001,2,0.00012995999999999998,36.96765708440527,127.87363183282729,4.0,0.05884374752044678,1.0,0.0,0.09488749504089355,0.08388053653043606,3.532996498219137,-11.445307416124425,0.0,0.0,0.0,-0.07323920393805879,0.49108569352370873,0.18776316519656278,0.8474761674632662,0.017121679962064373,0.017243853009703977,0.019879300180215415,-8.4729456,0.5295591,4.05014645
1789565179.244818,4.874,6.0,-4.576091892414761,6,0,237,2.1609368923616454,-0.44219011592907675,-11.238996899755733,1.0,10.0,111.0,1.0,-0.5749652017523452,6.76649812938981,34.0,8.958166076479822,36.31508027141063,-11.445307416124425,0.0013274282455341792,-0.2360868277164081,0.0,-11.557879446135065,1.0853804266594842,0.0035896190082506806,1.0556469293342192,6.0,6.0,nan,-0.674823425981276,-0.20244702779438278,0.0,0.0,0.0,nan,0.5,,,3,1,2,2.8409197330474854,-4,172,True,True,False,"A:1,B:1,ESTOP:0,MODE:1,J:0",DRIVE_RUN,,,,,,,,,,,,,,,,,,0,,,False,0,,,,-9999.0,-1.0,-1.0,False,36.967657233333334,127.87363090833334,121.84700000000001,2,0.00012995999999999998,36.96765700654661,127.87363232006463,4.0,0.08384026660919189,1.0,0.0,0.1448805332183838,0.12807434713434143,3.532996498219137,-11.445307416124425,0.0,0.0,0.0,-0.07319146374347896,0.4912215282159839,0.1880877009446709,0.8473295914846761,-0.019233528356977513,0.01827359726838063,0.005759586531581287,-9.855683249999998,1.3925442999999997,4.99158485
1789565179.294817,4.924,6.0,-4.324331849491423,6,0,230,2.204272511027289,-0.45085730211233715,-11.250845584423018,1.5,10.0,111.0,1.0,-0.576176832058451,6.8096735070734145,34.0,8.914296128696884,36.27096014130435,-11.445307416124425,0.0013274282455341792,1.1774154770055476,0.0,-11.557879446135065,1.0853804266594842,0.0035896190082506806,1.0556469293342192,6.0,6.0,nan,-0.7035716860688932,-0.21107150582066794,0.0,0.0,0.0,nan,0.5,,,4,2,2,3.2344822883605957,-4,170,True,True,False,"A:1,B:1,ESTOP:0,MODE:1,J:0",DRIVE_RUN,,,,,,,,,,,,,,,,,,0,,,False,0,,,,-9999.0,-1.0,-1.0,False,36.96765693333333,127.87363367833333,121.84700000000001,2,0.00012995999999999998,36.96765693333333,127.87363367833333,4.0,0.011399999999999999,1.0,1.0,0.0,0.0,4.077987699364655,-11.445307416124425,0.0,0.0,0.0,-0.07336271878870515,0.4910507792040802,0.18846519880841572,0.8473298723478946,-0.090181162450547,0.0019198621771937625,0.024818581963359364,-8.99269805,0.7158854499999999,2.549729
1789565179.344831,4.974,6.0,-4.353031435822757,6,0,238,2.325078962702965,-0.45900736704935524,-11.191971217385856,1.5,10.0,111.0,1.0,-0.5637738337249817,6.6227479760630406,35.0,9.280168566699798,36.15019588823289,-11.445307416124425,0.0013274282455341792,5.196380582110685,0.0,-11.557879446135065,1.0853804266594842,0.0035896190082506806,1.0556469293342192,6.0,6.0,nan,-0.7323805276718157,-0.2197141583015447,0.0,0.0,0.0,nan,0.5,,,3,1,2,3.6997580528259277,-4,171,True,True,False,"A:1,B:1,ESTOP:0,MODE:1,J:0",DRIVE_RUN,,,,,,,,,,,,,,,,,,0,,,False,0,,,,-9999.0,-1.0,-1.0,False,36.96765693333333,127.87363367833333,121.84700000000001,2,0.00012995999999999998,36.96765683702737,127.87363428511726,4.0,0.03214766159057617,1.0,0.0,0.041495323181152344,0.055022798538208004,4.077987699364655,-11.445307416124425,0.0,0.0,0.0,-0.07327352237514814,0.49114224721515776,0.1890357546437995,0.8471574631586698,-0.017034413499464655,0.023911010752322315,0.014922565104551517,-9.0613446,0.53936575,2.20649625
1789565179.394846,5.024,6.0,-4.264537181832319,6,0,230,2.3790472335062156,-0.46972809753698797,-10.931778284133259,1.5,11.0,111.0,1.0,-0.5652107953490465,6.553713821103583,35.0,9.159098546739271,36.095260273928304,-11.445307416124425,0.0013274282455341792,1.3438523254305337,0.0,-11.557879446135065,1.0853804266594842,0.0035896190082506806,1.0556469293342192,6.0,6.0,nan,-0.7605692193580648,-0.2281707658074194,0.0,0.0,0.0,nan,0.5,,,2,1,1,4.073165416717529,-4,224,True,True,False,"A:1,B:1,ESTOP:0,MODE:1,J:0",DRIVE_RUN,,,,,,,,,,,,,,,,,,0,,,False,0,,,,-9999.0,-1.0,-1.0,False,36.96765693333333,127.87363367833333,121.84700000000001,2,0.00012995999999999998,36.96765672156954,127.8736350159637,4.0,0.057132975006103516,1.0,0.0,0.09146595001220703,0.12128383787019544,4.077987699364655,-11.445307416124425,0.0,0.0,0.0,-0.07337447451487644,0.49128712927683205,0.18935550465407477,0.846993291563632,-0.04647811798060899,-0.018989182261698306,0.022165681500327987,-8.42391235,1.01008495,2.3437893499999998
1789565179.444821,5.074,6.0,-4.298961166493694,6,0,230,2.4440498096126997,-0.4825808043766057,-10.86459726631864,1.5,11.0,111.0,1.0,-0.5668824464074955,6.333303183141575,35.0,9.104442284690295,36.02910127358259,-11.445307416124425,0.0013274282455341792,2.883230275900789,0.0,-11.557879446135065,1.0853804266594842,0.0035896190082506806,1.0556469293342192,6.0,6.0,nan,-0.7888297591255171,-0.2366489277376551,0.0,0.0,0.0,nan,0.5,,,4,2,2,3.994252920150757,-4,170,True,True,False,"A:1,B:1,ESTOP:0,MODE:1,J:0",DRIVE_RUN,,,,,,,,,,,,,,,,,,0,,,False,0,,,,-9999.0,-1.0,-1.0,False,36.96765693333333,127.87363367833333,121.84700000000001,2,0.00012995999999999998,36.96765660658015,127.87363574740763,4.0,0.0821341432571411,1.0,0.0,0.14146828651428223,0.18758689817047233,4.077987699364655,-11.445307416124425,0.0,0.0,0.0,-0.07337626423613512,0.4907129989602124,0.19004017535285894,0.8471725964938185,-0.020053833105414847,0.02028072590817411,-0.014887658519511631,-8.71811185,1.1571847,5.530950599999999
1789565179.494819,5.124,6.0,-4.288077428943001,6,0,259,2.5091055278532037,-0.4953813647685691,-10.720807094466153,1.5,11.0,111.0,1.0,-0.5698701337587064,6.3142980393016765,35.0,9.038621713876038,35.962897276819064,-11.445307416124425,0.0013274282455341792,0.641295836333853,0.0,-11.557879446135065,1.0853804266594842,0.0035896190082506806,1.0556469293342192,6.0,6.0,nan,-0.8171738814458919,-0.24515216443376756,0.0,0.0,0.0,nan,0.5,,,3,1,2,4.729766368865967,-4,172,True,True,False,"A:1,B:1,ESTOP:0,MODE:1,J:0",DRIVE_RUN,,,,,,,,,,,,,,,,,,0,,,False,0,,,,-9999.0,-1.0,-1.0,False,36.967656471666665,127.87363675833333,121.845,2,0.00012995999999999998,36.967656471666665,127.87363675833333,4.0,0.011399999999999999,1.0,1.0,0.0,0.0,4.849581027351261,-9.255454444742785,0.0,0.0,0.0,-0.073687122166306,0.4911224159110613,0.19015317887186442,0.8468829607339228,-0.01815142422074103,-0.012007865253720986,0.005253441048502932,-10.16949605,0.5982056499999999,1.14737805
1789565179.544819,5.174,6.0,-4.31221704722601,6,0,230,2.5990187728302545,-0.5103998652008018,-10.615512466262658,2.0,11.0,111.0,1.0,-0.5769926374228703,6.219031912772835,35.0,8.972758741648597,35.87176915056898,-9.255454444742785,0.07326763248616856,1.0172934707768264,0.0,-11.557879446135065,1.0853804266594842,0.0035896190082506806,1.0556469293342192,6.0,6.0,nan,-0.8456673881338272,-0.2537002164401482,0.0,0.0,0.0,nan,0.5,,,4,2,2,4.600934982299805,-4,267,True,True,False,"A:1,B:1,ESTOP:0,MODE:1,J:0",DRIVE_RUN,,,,,,,,,,,,,,,,,,0,,,False,0,,,,-9999.0,-1.0,-1.0,False,36.967656471666665,127.87363675833333,121.845,2,0.00012995999999999998,36.96765633508018,127.87363780831903,4.0,0.03815819396972656,1.0,0.0,0.053516387939453125,0.09461697387695313,4.849581027351261,-9.255454444742785,0.0,0.0,0.0,-0.07404865577204756,0.4910245060094908,0.19059472620628176,0.846808940327652,-0.048014007722364006,-0.010088003076527224,0.0026005405854715507,-8.4729456,0.45110589999999995,5.834956749999999
1789565179.594820,5.224,6.0,-4.068287655181002,6,0,231,2.6924060724866474,-0.5256046032850741,-10.564535059358462,2.0,11.0,111.0,1.0,-0.5840538180230509,6.164794684890895,35.0,8.881947612519472,35.77717495513253,-9.255454444742785,0.07326763248616856,2.43421681151925,0.0,-11.557879446135065,1.0853804266594842,0.0035896190082506806,1.0556469293342192,6.0,6.0,nan,-0.8745170200049708,-0.2623551060014912,0.0,0.0,0.0,nan,0.5,,,4,2,2,4.897573947906494,-4,172,True,True,False,"A:1,B:1,ESTOP:0,MODE:1,J:0",DRIVE_RUN,,,,,,,,,,,,,,,,,,0,,,False,0,,,,-9999.0,-1.0,-1.0,False,36.967656471666665,127.87363675833333,121.845,2,0.00012995999999999998,36.967656207535455,127.87363879007054,4.0,0.06317664756774902,1.0,0.0,0.10355329513549805,0.18308222483294037,4.849581027351261,-9.255454444742785,0.0,0.0,0.0,-0.07395565169627877,0.49083502420344194,0.1912044100777568,0.8467894745237462,0.003996803987067015,0.02748893571891069,0.013229595730117017,-9.306510849999999,-0.43149259999999995,3.7167203499999997
1789565179.644819,5.274,6.0,-4.075999842837634,6,0,231,2.7797245214789705,-0.5398028169281175,-10.443277597977982,2.0,11.0,111.0,1.0,-0.5906377592100235,5.9472373971003005,36.0,9.216828818699529,35.68873071130424,-9.255454444742785,0.07326763248616856,0.26037166766330766,0.0,-11.557879446135065,1.0853804266594842,0.0035896190082506806,1.0556469293342192,6.0,6.0,nan,-0.9037197109061234,-0.271115913271837,0.0,0.0,0.0,nan,0.5,,,4,2,2,4.727169513702393,-4,198,True,True,False,"A:1,B:1,ESTOP:0,MODE:1,J:0",DRIVE_RUN,,,,,,,,,,,,,,,,,,0,,,False,0,,,,-9999.0,-1.0,-1.0,False,36.967656471666665,127.87363675833333,121.845,2,0.00012995999999999998,36.96765608043873,127.87363977082319,4.0,0.08816804065704345,1.0,0.0,0.15353608131408691,0.2714517832880116,4.849581027351261,-9.255454444742785,0.0,0.0,0.0,-0.07442826097355784,0.4907931847880808,0.19137952037111167,0.8467327576730145,-0.04565781323217166,-0.011676252695842066,0.0068591439603377154,-8.69849855,-0.00980665,6.3743225
1789565179.694821,5.324,6.0,-4.148339959977665,6,0,230,2.8669541297659036,-0.5539511597515482,-10.430182982142583,2.0,12.0,111.0,1.0,-0.5971797096492607,5.8706873642699415,36.0,9.128653576133113,35.60038147722619,-9.255454444742785,0.07326763248616856,2.4323990752964932,0.0,-11.557879446135065,1.0853804266594842,0.0035896190082506806,1.0556469293342192,6.0,6.0,nan,-0.9332515988666246,-0.27997547965998737,0.0,0.0,0.0,nan,0.5,,,4,2,2,5.076690673828125,-4,188,True,True,False,"A:1,B:1,ESTOP:0,MODE:1,J:0",DRIVE_RUN,,,,,,,,,,,,,,,,,,0,,,False,0,,,,-9999.0,-1.0,-1.0,False,36.967655928333336,127.87364009166667,121.82600000000001,2,0.00012995999999999998,36.967655928333336,127.87364009166667,4.0,0.011399999999999999,1.0,1.0,0.0,0.0,5.358609513107737,-11.530755931161679,0.0,0.0,0.0,-0.07432586829115062,0.4908641936085694,0.19181000047139354,0.8466031729535032,0.016929693744344994,0.00710349005561692,0.003159045946109736,-9.3555441,1.0395048999999998,3.0792881
1789565179.744821,5.374,6.0,-4.19560588900424,6,0,344,2.8954904294195147,-0.5708834546661072,-10.363624847775043,2.0,12.0,111.0,1.0,-0.6115774356942553,5.902901609546909,36.0,9.04057649991432,35.5697726220562,-11.530755931161679,-0.055028647450954794,-0.7294813108480814,0.0,-11.557879446135065,1.0853804266594842,0.0035896190082506806,1.0556469293342192,6.0,6.0,nan,-0.9631105843490876,-0.2889331753047263,0.0,0.0,0.0,nan,0.5,,,4,2,2,4.916738510131836,-4,172,True,True,False,"A:1,B:1,ESTOP:0,MODE:1,J:0",DRIVE_RUN,,,,,,,,,,,,,,,,,,0,,,False,0,,,,-9999.0,-1.0,-1.0,False,36.967655928333336,127.87364009166667,121.82600000000001,2,0.00012995999999999998,36.967655766683144,127.87364108379319,4.0,0.03686870708465576,1.0,0.0,0.05093741416931152,0.09005734825134278,5.358609513107737,-11.530755931161679,0.0,0.0,0.0,-0.0742773952941536,0.49070388226284,0.19255248281194767,0.8465318126588318,-0.09005898940290741,-0.02183406894244906,0.011047934165124106,-8.149326149999998,0.73549875,5.8055368
1789565179.794816,5.424,6.0,-4.316154972590466,6,0,230,2.9837316467942037,-0.5888782717149215,-10.400024266038997,2.0,12.0,111.0,1.0,-0.617445384395726,5.929350146654994,36.0,9.01080457938509,35.47988993104321,-11.530755931161679,-0.055028647450954794,4.729291596393813,0.0,-11.557879446135065,1.0853804266594842,0.0035896190082506806,1.0556469293342192,6.0,6.0,nan,-0.9936894561338003,-0.2981068368401401,0.0,0.0,0.0,nan,0.5,,,4,2,2,5.134523391723633,-4,171,True,True,False,"A:1,B:1,ESTOP:0,MODE:1,J:0",DRIVE_RUN,,,,,,,,,,,,,,,,,,0,,,False,0,,,,-9999.0,-1.0,-1.0,False,36.967655928333336,127.87364009166667,121.82600000000001,2,0.00012995999999999998,36.96765560846277,127.87364205663978,4.0,0.06184066905975342,1.0,0.0,0.10088133811950684,0.17835820296452634,5.358609513107737,-11.530755931161679,0.0,0.0,0.0,-0.07450238874875595,0.49083464039319025,0.19291274540136424,0.8463541944851017,0.03413864016900908,0.000593411945678072,0.011990411961201045,-8.0218397,1.0198915999999998,3.16754795
1789565179.844826,5.474,6.0,-4.272409671169468,6,0,234,3.070258078919919,-0.6064912831473941,-10.164367238233012,2.0,12.0,111.0,1.0,-0.619775741297292,6.037155695651638,36.0,8.921443147059,35.391759224346956,-11.530755931161679,-0.055028647450954794,-1.3562178363264867,0.0,-11.557879446135065,1.0853804266594842,0.0035896190082506806,1.0556469293342192,6.0,6.0,nan,-1.0245617253535866,-0.307368517606076,0.0,0.0,0.0,nan,0.5,,,4,2,2,5.360488414764404,-4,171,True,True,False,"A:1,B:1,ESTOP:0,MODE:1,J:0",DRIVE_RUN,,,,,,,,,,,,,,,,,,0,,,False,0,,,,-9999.0,-1.0,-1.0,False,36.967655928333336,127.87364009166667,121.82600000000001,2,0.00012995999999999998,36.967655450486546,127.87364303085425,4.0,0.08684481754302978,1.0,0.0,0.15088963508605957,0.26677285512577953,5.358609513107737,-11.530755931161679,0.0,0.0,0.0,-0.07491284237908569,0.4908502534760674,0.19336180527781935,0.8462064210160956,-0.016266468628587154,0.008970992355250854,0.00027925268031909274,-9.44380395,-1.5984839499999999,4.56009225
1789565179.894823,5.524,2.0,-3.032621134112564,6,0,230,3.156906172343106,-0.6240771159718934,-10.232466814723665,2.0,12.0,111.0,1.0,-0.6220582193809442,5.872712180790816,36.0,8.833834397157835,35.303512623514806,-11.530755931161679,-0.055028647450954794,0.84675955871307,0.0,-11.557879446135065,1.0853804266594842,0.0035896190082506806,1.0556469293342192,6.0,6.0,nan,-1.0555505124184512,-0.31666515372553533,0.0,0.0,0.0,nan,0.5,,,4,2,2,5.676365375518799,-4,180,True,True,False,"A:1,B:1,ESTOP:0,MODE:1,J:0",DRIVE_RUN,,,,,,,,,,,,,,,,,,0,,,False,0,,,,-9999.0,-1.0,-1.0,False,36.967655475,127.87364375166666,121.842,2,0.00012995999999999998,36.967655475,127.87364375166666,4.0,0.011399999999999999,1.0,1.0,0.0,0.0,5.586861124633406,-8.812163891433377,0.0,0.0,0.0,-0.07460274857076782,0.4907278016105017,0.1937349118699923,0.8462194978579359,-0.020176006153054447,-0.03347541505325124,0.025080381351158518,-8.87501825,1.4808041499999998,2.8929617499999996
1789565179.944826,5.574,2.0,-2.9958329580583007,2,0,230,3.2210163069161646,-0.6213482907130077,-10.119173084664112,2.0,13.0,111.0,1.0,-0.6082454016710186,6.013215611972237,36.0,8.746120235344861,35.24039492542861,-8.812163891433377,0.07101514616451397,1.6127022836556038,0.0,-11.557879446135065,1.0853804266594842,0.0035896190082506806,1.0556469293342192,2.0,2.0,1.6840381876517088,-1.0866534233874985,-0.3259960270162495,0.0,0.0,0.0,nan,0.5,,,4,2,2,5.668272018432617,-4,169,True,True,False,"A:1,B:1,ESTOP:0,MODE:1,J:0",DRIVE_RUN,,,,,,,,,,,,,,,,,,0,,,False,0,,,,-9999.0,-1.0,-1.0,False,36.967655475,127.87364375166666,121.842,2,0.00012995999999999998,36.96765536254337,127.8736446630909,4.0,0.034596935653686524,1.0,0.0,0.04639387130737305,0.08202436447143555,5.586861124633406,-8.812163891433377,0.0,0.0,0.0,-0.07482291874015026,0.4907338949317503,0.1941129615769458,0.8461098825472646,0.008918632477691025,0.009878563566287904,0.02405063709248186,-7.89435325,1.0591182,4.5698989
1789565179.994818,5.624,2.0,-3.016840508611537,2,0,230,3.302079742831872,-0.6338669057737383,-10.038353488251232,2.0,13.0,111.0,1.0,-0.6065066812231742,5.850836440618261,36.0,8.682387806035077,35.15837908515091,-8.812163891433377,0.07101514616451397,0.26752567477227557,0.0,-11.557879446135065,1.0853804266594842,0.0035896190082506806,1.0556469293342192,2.0,2.0,1.6840381876517088,-1.1170656934710494,-0.3351197080413148,0.0,0.0,0.0,nan,0.5,,,4,2,2,5.732972145080566,-4,184,True,True,False,"A:1,B:1,ESTOP:0,MODE:1,J:0",DRIVE_RUN,,,,,,,,,,,,,,,,,,0,,,False,0,,,,-9999.0,-1.0,-1.0,False,36.967655475,127.87364375166666,121.842,2,0.00012995999999999998,36.96765524218863,127.87364564623942,4.0,0.05961479320526123,1.0,0.0,0.09642958641052246,0.1704874789675758,5.586861124633406,-8.812163891433377,0.0,0.0,0.0,-0.07497320066493848,0.4909535908806221,0.1945530380436048,0.8458680193573234,-0.021851522234969004,0.011397000015522973,0.0008552113334772215,-8.71811185,0.0784532,4.785645199999999
1789565180.044818,5.674,2.0,-2.8696381745655413,2,0,230,3.3895224441877794,-0.6472647342880566,-10.025029583187148,2.0,13.0,111.0,1.0,-0.6055998923185316,5.812989138526445,36.0,8.600619894295095,35.069923726462505,-8.812163891433377,0.07101514616451397,1.14831276321507,0.0,-11.557879446135065,1.0853804266594842,0.0035896190082506806,1.0556469293342192,2.0,2.0,1.6840381876517088,-1.1473910275322081,-0.3442173082596624,0.0,0.0,0.0,nan,0.5,,,4,2,2,5.638899803161621,-4,171,True,True,False,"A:1,B:1,ESTOP:0,MODE:1,J:0",DRIVE_RUN,,,,,,,,,,,,,,,,,,0,,,False,0,,,,-9999.0,-1.0,-1.0,False,36.967655475,127.87364375166666,121.842,2,0.00012995999999999998,36.9676551223462,127.87364662929423,4.0,0.0846278823852539,1.0,0.0,0.1464557647705078,0.25893372090273803,5.586861124633406,-8.812163891433377,0.0,0.0,0.0,-0.07481971529766591,0.4908230580111863,0.194946999357378,0.8458666581494263,-0.007173303225696694,-0.017296212887263806,0.005427973973702365,-8.95347145,1.4121575999999998,5.707470299999999
1789565180.094824,5.724,2.0,-2.9004484150762493,2,0,230,3.4769568098944106,-0.6606055320991916,-9.967553768380782,2.0,13.0,111.0,1.0,-0.6057390048538198,5.649103076519799,37.0,8.932084479221015,34.98148454864562,-8.812163891433377,0.07101514616451397,0.4598714116837066,0.0,-11.557879446135065,1.0853804266594842,0.0035896190082506806,1.0556469293342192,2.0,2.0,1.6840381876517088,-1.1776710221481348,-0.3533013066444404,0.0,0.0,0.0,nan,0.5,,,5,2,3,5.4337158203125,-4,171,True,True,False,"A:1,B:1,ESTOP:0,MODE:1,J:0",DRIVE_RUN,,,,,,,,,,,,,,,,,,0,,,False,0,,,,-9999.0,-1.0,-1.0,False,36.96765494,127.87364770666667,121.83500000000001,2,0.00012995999999999998,36.96765494,127.87364770666667,4.0,0.011399999999999999,1.0,1.0,0.0,0.0,6.020929912555148,-9.609431830306685,0.0,0.0,0.0,-0.0749521068456662,0.4903766944066479,0.19533880138135182,0.8460234228064266,0.003159045946109736,-0.0113271868454432,0.025586526834236872,-7.61976705,-0.02941995,5.9428298999999996
1789565180.144817,5.774,2.0,-2.958970965680378,2,0,230,3.572779927830287,-0.680904218073767,-9.926647215382275,2.0,13.0,111.0,1.0,-0.6115057693355123,5.63458445998213,37.0,8.843889575024544,34.88377578659547,-9.609431830306685,0.017906096903705305,0.5330869345963839,0.0,-11.557879446135065,1.0853804266594842,0.0035896190082506806,1.0556469293342192,2.0,2.0,1.6840381876517088,-1.2079579723908258,-0.3623873917172477,0.0,0.0,0.0,nan,0.5,,,4,2,2,5.528623580932617,-4,172,True,True,False,"A:1,B:1,ESTOP:0,MODE:1,J:0",DRIVE_RUN,,,,,,,,,,,,,,,,,,0,,,False,0,,,,-9999.0,-1.0,-1.0,False,36.96765494,127.87364770666667,121.83500000000001,2,0.00012995999999999998,36.967654832454365,127.87364850422257,4.0,0.03174473419189453,1.0,0.0,0.04068946838378906,0.07193898010253906,6.020929912555148,-9.609431830306685,0.0,0.0,0.0,-0.07507421548688006,0.4903999610541118,0.195581465696799,0.8459430421979053,-0.016091935703387718,0.004747295565424576,-0.0040666171571467884,-8.208166049999999,-0.196133,4.3737658999999995
1789565180.194820,5.824,2.0,-2.9998939255696078,2,0,230,3.6437157432562017,-0.6928761437521923,-9.899880920884243,2.0,13.0,111.0,1.0,-0.6127542514073094,5.678840571052662,37.0,8.74681638173503,34.81186643479426,-9.609431830306685,0.017906096903705305,0.7025262464108931,0.0,-11.557879446135065,1.0853804266594842,0.0035896190082506806,1.0556469293342192,2.0,2.0,1.6840381876517088,-1.2385332608576014,-0.37155997825728043,0.0,0.0,0.0,nan,0.5,,,4,2,2,5.393364906311035,-4,171,True,True,False,"A:1,B:1,ESTOP:0,MODE:1,J:0",DRIVE_RUN,,,,,,,,,,,,,,,,,,0,,,False,0,,,,-9999.0,-1.0,-1.0,False,36.96765494,127.87364770666667,121.83500000000001,2,0.00012995999999999998,36.96765470068056,127.87364948395492,4.0,0.05673481597900391,1.0,0.0,0.09066963195800781,0.1603039058220345,6.020929912555148,-9.609431830306685,0.0,0.0,0.0,-0.07523180245133408,0.4900119822208151,0.1958836654083256,0.846083933665065,-0.009285151620609835,-0.006684611035138282,0.02473131550075965,-8.46313895,1.7455836999999998,5.619210449999999
1789565180.244825,5.874,2.0,-3.047101500806038,2,0,230,3.7308546048242333,-0.7075451363504346,-9.86485765167808,2.0,14.0,111.0,1.0,-0.6142507891166161,5.696224417708972,37.0,8.675191236722869,34.723537010067105,-9.609431830306685,0.017906096903705305,1.1422804701675104,0.0,-11.557879446135065,1.0853804266594842,0.0035896190082506806,1.0556469293342192,2.0,2.0,1.8921841334239937,-1.2691709734279668,-0.38075129202839003,0.0,0.0,0.0,nan,0.5,,,4,2,2,5.314878463745117,-4,170,True,True,False,"A:1,B:1,ESTOP:0,MODE:1,J:0",DRIVE_RUN,,,,,,,,,,,,,,,,,,0,,,False,0,,,,-9999.0,-1.0,-1.0,False,36.96765494,127.87364770666667,121.83500000000001,2,0.00012995999999999998,36.967654569203006,127.87365046458102,4.0,0.08174552097320556,1.0,0.0,0.14069104194641113,0.24874174452078388,6.020929912555148,-9.609431830306685,0.0,0.0,0.0,-0.07544466772621866,0.48988430546670786,0.19614163711047472,0.8460791497021448,0.003246312408709453,0.006073745796940267,0.008709192967451705,-7.84532,0.7649187,5.08965135
1789565180.294826,5.924,2.0,-2.8611436061789313,2,0,230,3.8180729577727566,-0.7221811509299282,-9.807792976338362,2.0,14.0,111.0,1.0,-0.6156982382986949,5.716194189676341,37.0,8.587215487226988,34.63513358132409,-9.609431830306685,0.017906096903705305,0.1050198241979804,0.0,-11.557879446135065,1.0853804266594842,0.0035896190082506806,1.0556469293342192,2.0,2.0,1.8921841334239937,-1.2998835128837976,-0.38996505386513924,0.0,0.0,0.0,nan,0.5,,,4,2,2,5.109144687652588,-4,170,True,True,False,"A:1,B:1,ESTOP:0,MODE:1,J:0",DRIVE_RUN,,,,,,,,,,,,,,,,,,0,,,False,0,,,,-9999.0,-1.0,-1.0,False,36.967654511666666,127.87365175666666,121.856,2,0.00012995999999999998,36.967654511666666,127.87365175666666,4.0,0.011399999999999999,1.0,1.0,0.0,0.0,6.469380440581378,-7.540475438532356,0.0,0.0,0.0,-0.07542555856293776,0.48962318594977505,0.19667210535436305,0.846108860532345,-0.02504547476611863,0.012601277199399059,0.011693705988362009,-7.7864801,1.30428445,5.8055368
1789565180.344825,5.974,0.0,-2.4154105175939415,2,1,230,3.93299298879777,-0.7285860670160565,-9.689188933048655,2.0,14.0,111.0,1.0,-0.6048172016122185,5.458650734901431,38.0,8.923886018867137,34.5204293630136,-7.540475438532356,0.11336587689030041,1.6169633429403707,0.0,-11.557879446135065,1.0853804266594842,0.0035896190082506806,1.0556469293342192,2.0,2.0,1.8921841334239937,-1.3306684247987324,-0.3992005274396197,0.0,0.0,0.0,nan,0.5,,,4,2,2,5.241794586181641,-4,170,True,True,False,"A:1,B:1,ESTOP:0,MODE:1,J:0",DRIVE_RUN,,,,,,,,,,,,,,,,,,0,,"🔻 라이다 인계 서행 — L 구간 4.1m 앞, 2펄스로 내린다 (지금 6.5km/h)",False,0,,,,-9999.0,-1.0,-1.0,False,36.967654511666666,127.87365175666666,121.856,2,0.00012995999999999998,36.96765441643364,127.87365265897573,4.0,0.03429307117462158,1.0,0.0,0.045786142349243164,0.08094989967346192,6.469380440581378,-7.540475438532356,0.0,0.0,0.0,-0.07562047823126467,0.48974711045185193,0.19704915584967667,0.8459319956444882,-0.007819075048934596,0.01054178868204575,0.015603243512829306,-8.571012099999999,0.7943386499999999,4.14821295
1789565180.394823,6.024,2.0,-2.8604561365902557,0,0,238,4.013245707933139,-0.7391873590658914,-9.608248705133917,2.0,14.0,111.0,1.0,-0.6032779604712208,5.324902106596153,38.0,8.808811502354015,34.43948160022968,-7.540475438532356,0.11336587689030041,0.8638949830863328,0.0,-11.557879446135065,1.0853804266594842,0.0035896190082506806,1.0556469293342192,0.0,0.0,1.8921841334239937,-1.3609092848793434,-0.408272785463803,0.0,0.0,0.0,nan,1.5282103143723242,,,4,2,2,5.347353458404541,-4,174,True,True,False,"A:1,B:1,ESTOP:0,MODE:1,J:0",DRIVE_RUN,,,,,,,,,,,,,,,,,,0,,🛞 인계 서행 해제 — 엔코더 2.0펄스 도달. 2펄스로 인계 대기,False,0,,,,-9999.0,-1.0,-1.0,False,36.967654511666666,127.87365175666666,121.856,2,0.00012995999999999998,36.967654313009064,127.87365364388559,4.0,0.059279695892333985,1.0,0.0,0.09575939178466797,0.16930259554181756,6.469380440581378,-7.540475438532356,0.0,0.0,0.0,-0.07609399366623604,0.48965015501986514,0.19740382279220922,0.845862967958739,-0.03221877799181533,0.0004014257279586958,0.00773180858633488,-7.84532,-1.08853815,4.246279449999999
1789565180.444877,6.074,0.0,-2.452588365821391,0,1,245,4.100845065146267,-0.7507005301539036,-9.564901374430093,2.0,14.0,111.0,1.0,-0.6015398691055954,5.273263112255651,38.0,8.727985894836594,34.351131682319554,-7.540475438532356,0.11336587689030041,1.8249830344056794,0.0,-11.557879446135065,1.0853804266594842,0.0035896190082506806,1.0556469293342192,2.0,2.0,2.033117674601313,-1.3910731829029044,-0.4173219548708713,0.0,0.0,0.0,nan,1.5282103143723242,,,4,2,2,5.101991176605225,-4,169,True,True,False,"A:1,B:1,ESTOP:0,MODE:1,J:0",DRIVE_RUN,,,,,,,,,,,,,,,,,,0,,"🔻 라이다 인계 서행 — L 구간 3.7m 앞, 2펄스로 내린다 (지금 6.5km/h)",False,0,,,,-9999.0,-1.0,-1.0,False,36.967654511666666,127.87365175666666,121.856,2,0.00012995999999999998,36.96765420994424,127.87365462982004,4.0,0.08429040088653564,1.0,0.0,0.1457808017730713,0.25774042499594546,6.469380440581378,-7.540475438532356,0.0,0.0,0.0,-0.07620368312369888,0.4895955483951588,0.19786055938564737,0.8457779831076389,-0.01710422666954443,0.013473941825396225,0.016388641676226754,-8.16893945,0.48052585,6.472389
1789565180.494838,6.124,2.0,-2.683295606034593,0,0,253,4.188535550786573,-0.7621736535104675,-9.4740513054752,2.0,15.0,111.0,1.0,-0.5997485318386717,5.262137618411287,38.0,8.639768258147576,34.262697059997365,-7.540475438532356,0.11336587689030041,1.3570218624853152,0.0,-11.557879446135065,1.0853804266594842,0.0035896190082506806,1.0556469293342192,0.0,0.0,2.033117674601313,-1.4211501763581842,-0.4263450529074552,0.0,0.0,0.0,nan,1.5282103143723242,,,4,2,2,4.943459987640381,-4,167,True,True,False,"A:1,B:1,ESTOP:0,MODE:1,J:0",DRIVE_RUN,,,,,,,,,,,,,,,,,,0,,🛞 인계 서행 해제 — 엔코더 2.0펄스 도달. 2펄스로 인계 대기,False,0,,,,-9999.0,-1.0,-1.0,False,36.967653895,127.87365563666667,121.84800000000001,2,0.00012995999999999998,36.967653895,127.87365563666667,4.0,0.011399999999999999,1.0,1.0,0.0,0.0,6.652585414153071,-11.250599264955564,0.0,0.0,0.0,-0.07643703423272766,0.4894056528129906,0.19834808029267362,0.845752638681433,0.0007853981633974482,0.03251548396465436,0.004485496177625427,-9.4536106,1.1866046499999998,6.5116156
1789565180.544828,6.174,0.0,-2.3759198077588892,0,1,295,4.278085997214285,-0.7972330864816471,-9.494918642314246,2.0,15.0,111.0,1.0,-0.6209988044459752,4.932214817349087,39.0,8.982854059451101,34.169167725631056,-11.250599264955564,-0.08882739797401769,0.18852880042552456,0.0,-11.557879446135065,1.0853804266594842,0.0035896190082506806,1.0556469293342192,2.0,2.0,2.033117674601313,-1.4511376029501177,-0.4353412808850353,0.0,0.0,0.0,nan,1.5282103143723242,,,4,2,2,4.75993537902832,-4,168,True,True,False,"A:1,B:1,ESTOP:0,MODE:1,J:0",DRIVE_RUN,,,,,,,,,,,,,,,,,,0,,"🔻 라이다 인계 서행 — L 구간 3.7m 앞, 2펄스로 내린다 (지금 6.7km/h)",False,0,,,,-9999.0,-1.0,-1.0,False,36.967653895,127.87365563666667,121.84800000000001,2,0.00012995999999999998,36.9676537282049,127.87365668678628,4.0,0.03833068981170654,1.0,0.0,0.053861379623413086,0.09522691917419433,6.652585414153071,-11.250599264955564,0.0,0.0,0.0,-0.07662252591657318,0.48913678455993786,0.19865530982050175,0.8458192847131409,-0.014119713648634126,-0.001413716694115407,0.023858650874762483,-7.1980811,0.6668522,5.4328841
1789565180.594823,6.224,2.0,-2.865809501678321,0,0,490,4.371485206927257,-0.8158006317292877,-9.485487132071853,2.0,15.0,111.0,1.0,-0.6271438675846633,5.132609887734138,39.0,8.890852214298924,34.074102695414,-11.250599264955564,-0.08882739797401769,1.3742235818965076,0.0,-11.557879446135065,1.0853804266594842,0.0035896190082506806,1.0556469293342192,0.0,0.0,2.033117674601313,-1.4821875431724165,-0.44465626295172495,0.0,0.0,0.0,nan,1.6275440219807158,,,4,2,2,4.6068854331970215,-4,168,True,True,False,"A:1,B:1,ESTOP:0,MODE:1,J:0",DRIVE_RUN,,,,,,,,,,,,,,,,,,0,,🛞 인계 서행 해제 — 엔코더 2.0펄스 도달. 2펄스로 인계 대기,False,0,,,,-9999.0,-1.0,-1.0,False,36.967653895,127.87365563666667,121.84800000000001,2,0.00012995999999999998,36.967653573971845,127.87365766147124,4.0,0.06332327499389648,1.0,0.0,0.10384654998779297,0.18360068859361356,6.652585414153071,-11.250599264955564,0.0,0.0,0.0,-0.07682072712591737,0.4890700443724587,0.19905953453406852,0.8457448606361417,-0.01905899543177808,0.011187560505283653,0.014556045961632708,-7.698220249999999,-0.24516625,5.776116849999999
1789565180.644901,6.274,0.0,-2.4615258465522145,0,1,672,4.458175146700145,-0.832969777047756,-9.41672851064223,2.0,15.0,111.0,1.0,-0.6330860531150949,5.197495551967083,39.0,8.796318675840881,33.98587627770097,-11.250599264955564,-0.08882739797401769,1.3956000710114906,0.0,-11.557879446135065,1.0853804266594842,0.0035896190082506806,1.0556469293342192,2.0,2.0,2.090693090557219,-1.5135447365516497,-0.4540634209654949,0.0,0.0,0.0,nan,1.6275440219807158,,,4,2,2,4.350003242492676,-4,168,True,True,False,"A:1,B:1,ESTOP:0,MODE:1,J:0",DRIVE_RUN,,,,,,,,,,,,,,,,,,0,,"🔻 라이다 인계 서행 — L 구간 3.7m 앞, 2펄스로 내린다 (지금 6.7km/h)",False,0,,,,-9999.0,-1.0,-1.0,False,36.967653895,127.87365563666667,121.84800000000001,2,0.00012995999999999998,36.96765342039736,127.87365863690842,4.0,0.08833040370941161,1.0,0.0,0.15386080741882324,0.27202584276989683,6.652585414153071,-11.250599264955564,0.0,0.0,0.0,-0.0763958066552907,0.48857236354966677,0.19962775674895658,0.8459370455514755,-0.012479104151759455,-0.048485246620402475,0.005026548245743669,-8.394492399999999,1.3827376499999997,6.4920023
1789565180.694820,6.324,2.0,-2.9397679804638686,0,0,706,4.5449319890640165,-0.8500656102839621,-9.346950237323995,2.0,15.0,111.0,1.0,-0.6389469729226513,5.198735288175659,39.0,8.7085941629719,33.89759440853162,-11.250599264955564,-0.08882739797401769,0.6178207785505981,0.0,-11.557879446135065,1.0853804266594842,0.0035896190082506806,1.0556469293342192,0.0,0.0,2.090693090557219,-1.5451990392074044,-0.4635597117622213,0.0,0.0,0.0,nan,1.6275440219807158,,,4,2,2,4.045128345489502,-4,170,True,True,False,"A:1,B:1,ESTOP:0,MODE:1,J:0",DRIVE_RUN,,,,,,,,,,,,,,,,,,0,,🛞 인계 서행 해제 — 엔코더 2.0펄스 도달. 2펄스로 인계 대기,False,0,,,,-9999.0,-1.0,-1.0,False,36.96765341,127.87365950333333,121.87299999999999,2,0.00012995999999999998,36.96765341,127.87365950333333,4.0,0.011399999999999999,1.0,1.0,0.0,0.0,6.401711382555052,-8.922038713571027,0.0,0.0,0.0,-0.07665340781430971,0.48843381652051154,0.19992176335976225,0.8459243172322117,0.014276793281313614,0.024504422698000385,-0.005253441048502932,-7.1980811,0.8531785499999999,6.22722275
1789565180.744842,6.374,0.0,-2.3274980918529162,0,1,703,4.62199311764445,-0.8512230396331846,-9.29487021485042,2.0,15.0,111.0,1.0,-0.6302402479392868,5.199861722593618,39.0,8.620821486632263,33.821103656443114,-8.922038713571027,0.0212455761876484,-0.782163902298996,0.0,-11.557879446135065,1.0853804266594842,0.0035896190082506806,1.0556469293342192,2.0,2.0,2.090693090557219,-1.577146387853537,-0.47314391635606107,0.0,0.0,0.0,nan,1.6275440219807158,,,4,2,2,3.8419013023376465,-4,171,True,True,False,"A:1,B:1,ESTOP:0,MODE:1,J:0",DRIVE_RUN,,,,,,,,,,,,,,,,,,0,,"🔻 라이다 인계 서행 — L 구간 3.2m 앞, 2펄스로 내린다 (지금 6.4km/h)",False,0,,,,-9999.0,-1.0,-1.0,False,36.96765341,127.87365950333333,121.87299999999999,2,0.00012995999999999998,36.967653281224855,127.87366052907566,4.0,0.03751720561981201,1.0,0.0,0.05223441123962402,0.09235043907165527,6.401711382555052,-8.922038713571027,0.0,0.0,0.0,-0.07680498756621913,0.4885531359453741,0.20017815282321066,0.8457810203446168,-0.05721189288037412,-0.02892010570554604,-0.003682644721708035,-7.305954249999999,-0.14709974999999997,5.903603299999999
1789565180.794828,6.424,2.0,-2.815552385778177,0,0,703,4.7132241763189375,-0.865558222829742,-9.334117675026334,2.0,16.0,111.0,1.0,-0.6327910168709469,4.905117520342597,40.0,8.973542377583561,33.72876827964615,-8.922038713571027,0.0212455761876484,2.6572881021404835,0.0,-11.557879446135065,1.0853804266594842,0.0035896190082506806,1.0556469293342192,0.0,0.0,2.090693090557219,-1.6086584002505013,-0.4825975200751504,0.0,0.0,0.0,nan,1.4920239726652516,,,4,2,2,3.526177167892456,-4,170,True,True,False,"A:1,B:1,ESTOP:0,MODE:1,J:0",DRIVE_RUN,,,,,,,,,,,,,,,,,,0,,🛞 인계 서행 해제 — 엔코더 2.0펄스 도달. 2펄스로 인계 대기,False,0,,,,-9999.0,-1.0,-1.0,False,36.96765341,127.87365950333333,121.87299999999999,2,0.00012995999999999998,36.96765315774438,127.87366151117543,4.0,0.06252409591674804,1.0,0.0,0.1022481918334961,0.18077480197410747,6.401711382555052,-8.922038713571027,0.0,0.0,0.0,-0.07638495643065603,0.4869269157114125,0.20083154094120778,0.8466015646985526,-0.015027284859671176,-0.010314895879286487,0.013840460968315035,-7.95319315,1.0395048999999998,6.776395149999999
1789565180.844815,6.474,0.0,-2.3867775307290757,0,1,703,4.8005735992947605,-0.8793040064989247,-9.20179254500107,2.0,16.0,111.0,1.0,-0.634609983678646,4.991524436933082,40.0,8.881484732564346,33.64035878412038,-8.922038713571027,0.0212455761876484,1.109454328138624,0.0,-11.557879446135065,1.0853804266594842,0.0035896190082506806,1.0556469293342192,2.0,2.0,2.0118514715760694,-1.6402979510940487,-0.4920893853282146,0.0,0.0,0.0,nan,1.4920239726652516,,,4,2,2,3.3766629695892334,-4,170,True,True,False,"A:1,B:1,ESTOP:0,MODE:1,J:0",DRIVE_RUN,,,,,,,,,,,,,,,,,,0,,"🔻 라이다 인계 서행 — L 구간 3.2m 앞, 2펄스로 내린다 (지금 6.4km/h)",False,0,,,,-9999.0,-1.0,-1.0,False,36.96765341,127.87365950333333,121.87299999999999,2,0.00012995999999999998,36.96765303467433,127.87366249162882,4.0,0.0874880708694458,1.0,0.0,0.1521761417388916,0.26904741685605255,6.401711382555052,-8.922038713571027,0.0,0.0,0.0,-0.07715230349114882,0.4859067600395231,0.20104145661671674,0.8470681645153074,0.0018675022996339325,0.018500490071139894,0.015865042900628457,-7.71783355,0.02941995,5.864376699999999
1789565180.894823,6.524,2.0,-2.845780618763241,0,0,703,4.887776591645002,-0.893004102011367,-9.14639209396222,2.0,16.0,111.0,1.0,-0.6333665632402098,4.90541088041162,40.0,8.793348108630399,33.55210068227128,-8.922038713571027,0.0212455761876484,0.4134451935380277,0.0,-11.557879446135065,1.0853804266594842,0.0035896190082506806,1.0556469293342192,0.0,0.0,2.0118514715760694,-1.672028450277981,-0.5016085350833943,0.0,0.0,0.0,nan,1.4920239726652516,,,4,2,2,3.1175014972686768,-4,170,True,True,False,"A:1,B:1,ESTOP:0,MODE:1,J:0",DRIVE_RUN,,,,,,,,,,,,,,,,,,0,,🛞 인계 서행 해제 — 엔코더 2.0펄스 도달. 2펄스로 인계 대기,False,0,,,,-9999.0,-1.0,-1.0,False,36.96765303666667,127.87366287666667,121.87100000000001,2,0.00012100000000000003,36.96765303666667,127.87366287666667,4.0,0.011000000000000001,1.0,1.0,0.0,0.0,5.746717866678159,-7.886278810536655,0.0,0.0,0.0,-0.07730001658026561,0.4860553692566084,0.20124606325060962,0.8469208389688166,-0.012042771838760872,-0.022427480888127134,-0.0003839724354387525,-7.2373077,0.93163175,5.9820565
1789565180.944817,6.574,2.0,-2.8244605729127725,0,0,703,4.922022434400959,-0.8927823156797738,-9.062622714070187,2.0,16.0,111.0,1.0,-0.627356924957365,4.896929249480399,40.0,8.705366734168193,33.51820967928771,-7.886278810536655,0.0630056641712784,0.5224788701761587,0.0,-11.557879446135065,1.0853804266594842,0.0035896190082506806,1.0556469293342192,2.0,2.0,2.0118514715760694,-1.7036967784399915,-0.5111090335319974,0.0,0.0,0.0,nan,1.4920239726652516,,,4,2,2,2.6627707481384277,-4,170,True,True,False,"A:1,B:1,ESTOP:0,MODE:1,J:0",DRIVE_RUN,,,,,,,,,,,,,,,,,,0,,,False,0,,,,-9999.0,-1.0,-1.0,False,36.96765303666667,127.87366287666667,121.87100000000001,2,0.00012100000000000003,36.967652936271506,127.87366378374963,4.0,0.03403385734558106,1.0,0.0,0.04606771469116211,0.0814477195739746,5.746717866678159,-7.886278810536655,0.0,0.0,0.0,-0.07729064032625776,0.4857980859361602,0.20141837072634,0.8470283445981408,0.03139847324337799,-0.0015184364492350666,0.023527038316883565,-7.090207949999999,0.5099457999999999,7.4922806
1789565180.994818,6.624,2.0,-2.8613353359595064,0,0,703,5.002699750908373,-0.9039582540368817,-9.036565937988144,2.0,16.0,111.0,1.0,-0.6247292048252913,4.794931139670129,40.0,8.671231910378108,33.43676196107237,-7.886278810536655,0.0630056641712784,-0.9005074623061788,0.0,-11.557879446135065,1.0853804266594842,0.0035896190082506806,1.0556469293342192,2.0,2.0,2.0118514715760694,-1.7350646246878596,-0.5205193874063578,0.0,0.0,0.0,nan,0.5,,,3,2,1,2.405266761779785,-4,170,True,True,False,"A:1,B:1,ESTOP:0,MODE:1,J:0",DRIVE_RUN,,,,,,,,,,,,,,,,,,0,,,False,0,,,,-9999.0,-1.0,-1.0,False,36.96765303666667,127.87366287666667,121.87100000000001,2,0.00012100000000000003,36.967652827769776,127.87366476827229,4.0,0.059032164573669436,1.0,0.0,0.09606432914733887,0.16984172681999832,5.746717866678159,-7.886278810536655,0.0,0.0,0.0,-0.07741757984278684,0.4859136697286246,0.20164033374573173,0.8468976323671338,-0.05077162794051504,-0.009459684545809267,0.0023387411976724015,-8.28661925,-0.36284605,7.44324735
1789565181.044832,6.674,2.0,-2.7300703469440957,0,0,703,5.090264669693017,-0.9160366114004052,-9.081798451453722,1.5,16.0,111.0,1.0,-0.6218261991117175,4.803166888747973,40.0,8.589948156833064,33.34836797200727,-7.886278810536655,0.0630056641712784,2.5659557560333512,0.0,-11.557879446135065,1.0853804266594842,0.0035896190082506806,1.0556469293342192,2.0,2.0,2.0118514715760694,-1.766301084929124,-0.5298903254787372,0.0,0.0,0.0,nan,0.5,,,3,1,2,2.485246181488037,-4,170,True,True,False,"A:1,B:1,ESTOP:0,MODE:1,J:0",DRIVE_RUN,,,,,,,,,,,,,,,,,,0,,,False,0,,,,-9999.0,-1.0,-1.0,False,36.96765303666667,127.87366287666667,121.87100000000001,2,0.00012100000000000003,36.96765274678074,127.87366550667717,4.0,0.08402868366241455,1.0,0.0,0.1460573673248291,0.23613247507161308,5.746717866678159,-7.886278810536655,0.0,0.0,0.0,-0.07746010371860705,0.48588634120298063,0.20200146201437527,0.8468233612202359,0.008796459430051421,-0.0065100781099388496,0.013526301702956054,-7.9237732,1.5298374,3.6088471999999996
1789565181.094972,6.724,2.0,-2.715218832779194,0,0,703,5.155939504854278,-0.9250522692436086,-8.953396173075532,1.5,17.0,111.0,1.0,-0.6196062616937377,4.64485438975332,41.0,8.932636165418629,33.28207726799909,-7.886278810536655,0.0630056641712784,-0.07336240043290167,0.0,-11.557879446135065,1.0853804266594842,0.0035896190082506806,1.0556469293342192,2.0,2.0,2.0118514715760694,-1.79739239488471,-0.539217718465413,0.0,0.0,0.0,nan,0.5,,,2,1,1,2.1251187324523926,-4,170,True,True,False,"A:1,B:1,ESTOP:0,MODE:1,J:0",DRIVE_RUN,,,,,,,,,,,,,,,,,,0,,,False,0,,,,-9999.0,-1.0,-1.0,False,36.96765269833333,127.87366570833333,121.83600000000001,2,0.00012995999999999998,36.96765269833333,127.87366570833333,4.0,0.011399999999999999,1.0,1.0,0.0,0.0,4.927488206227186,-7.886278810536655,0.0,0.0,0.0,-0.07791729517891169,0.48573972607932975,0.20218115133035028,0.8468226471151525,0.0038048177693476384,0.0056199601914217415,-0.005707226654021458,-6.913688249999999,0.46091255,6.864654999999999
1789565181.144821,6.774,2.0,-2.745361870081701,0,0,703,5.173875105903167,-0.9304454104126859,-8.957044577287888,1.0,17.0,111.0,1.0,-0.6218887848051132,4.541705325077768,41.0,8.86646154541198,33.26357090863262,-7.886278810536655,0.0630056641712784,-0.33124080758271995,0.0,-11.557879446135065,1.0853804266594842,0.0035896190082506806,1.0556469293342192,2.0,2.0,2.0118514715760694,-1.8283727079693968,-0.548511812390819,0.0,0.0,0.0,nan,0.5,,,2,1,1,1.787608027458191,-4,170,True,True,False,"A:1,B:1,ESTOP:0,MODE:1,J:0",DRIVE_RUN,,,,,,,,,,,,,,,,,,0,,,False,0,,,,-9999.0,-1.0,-1.0,False,36.96765269833333,127.87366570833333,121.83600000000001,2,0.00012995999999999998,36.967652650072516,127.87366615033449,4.0,0.03384210243225098,1.0,0.0,0.04488420486450195,0.03967763710021972,4.927488206227186,-7.886278810536655,0.0,0.0,0.0,-0.0779726731451877,0.48539885830747476,0.2023295122312016,0.8469775552378457,-0.004677482395344803,-0.0008726646259971648,0.009180431865490174,-8.414105699999999,1.7259703999999998,6.913688249999999
1789565181.194827,6.824,2.0,-2.7812044311324136,0,0,703,5.213187349970133,-0.9358177798514881,-8.97364079759808,1.0,17.0,111.0,1.0,-0.6205359988094664,4.571239380476882,41.0,8.84816513544356,33.223893344928406,-7.886278810536655,0.0630056641712784,0.49152549985467675,0.0,-11.557879446135065,1.0853804266594842,0.0035896190082506806,1.0556469293342192,2.0,2.0,2.0118514715760694,-1.8594671472096524,-0.5578401441628957,0.0,0.0,0.0,nan,0.5,,,2,1,1,1.4798527956008911,-4,170,True,True,False,"A:1,B:1,ESTOP:0,MODE:1,J:0",DRIVE_RUN,,,,,,,,,,,,,,,,,,0,,,False,0,,,,-9999.0,-1.0,-1.0,False,36.96765269833333,127.87366570833333,121.83600000000001,2,0.00012995999999999998,36.96765259634102,127.8736666428118,4.0,0.05884672775268555,1.0,0.0,0.0948934555053711,0.08388581455909792,4.927488206227186,-7.886278810536655,0.0,0.0,0.0,-0.07820355514286394,0.48512662154840225,0.20244048331596737,0.8470857192414755,0.0013264502315156904,-0.011815879036001611,0.006597344572538566,-7.982613099999999,1.30428445,6.7077486
1789565181.244821,6.874,2.0,-2.801657459652989,0,0,703,5.256989019273832,-0.9417991427898053,-8.94912607016903,1.0,17.0,111.0,1.0,-0.6190242644035009,4.603123599464265,41.0,8.808557485980353,33.17968525854207,-7.886278810536655,0.0630056641712784,0.08657935196078044,0.0,-11.557879446135065,1.0853804266594842,0.0035896190082506806,1.0556469293342192,2.0,2.0,2.0118514715760694,-1.8904939471501259,-0.5671481841450378,0.0,0.0,0.0,nan,0.5,,,2,1,1,1.3401530981063843,-4,170,True,True,False,"A:1,B:1,ESTOP:0,MODE:1,J:0",DRIVE_RUN,,,,,,,,,,,,,,,,,,0,,,False,0,,,,-9999.0,-1.0,-1.0,False,36.96765269833333,127.87366570833333,121.83600000000001,2,0.00012995999999999998,36.96765254264231,127.87366713644268,4.0,0.08390857353210449,1.0,0.0,0.14501714706420898,0.1281951550534711,4.927488206227186,-7.886278810536655,0.0,0.0,0.0,-0.07814398226120262,0.48506566360590875,0.20259711046521228,0.8470886794533775,-0.004084070449666731,0.002617993877991494,0.003490658503988659,-7.6884136,0.9414384,5.4721107
1789565181.294823,6.924,2.0,-2.83078205205061,0,0,703,5.300893288475953,-0.9477768553897796,-8.944796755783273,1.0,17.0,111.0,1.0,-0.61781199387596,4.595775987372431,41.0,8.76442776553968,33.135376045592245,-7.886278810536655,0.0630056641712784,0.31193209063138094,0.0,-11.557879446135065,1.0853804266594842,0.0035896190082506806,1.0556469293342192,2.0,2.0,1.5485506619192917,-1.9214451603703009,-0.5764335481110903,0.0,0.0,0.0,nan,0.5,,,2,1,1,1.126833438873291,-4,170,True,True,False,"A:1,B:1,ESTOP:0,MODE:1,J:0",DRIVE_RUN,,,,,,,,,,,,,,,,,,0,,,False,0,,,,-9999.0,-1.0,-1.0,False,36.967652423333334,127.87366797333334,121.833,2,0.00012100000000000003,36.967652423333334,127.87366797333334,4.0,0.011000000000000001,1.0,1.0,0.0,0.0,4.080446588595292,-8.565396729028421,0.0,0.0,0.0,-0.07832816765152406,0.48493990600089837,0.20291613154041052,0.8470673109504754,-0.01658062789394613,0.01647590813882647,0.0013439035240356337,-7.8845466,0.8924051499999999,6.2174160999999994
1789565181.344864,6.974,2.0,-2.86851403689594,0,0,703,5.375327596758431,-0.9610582701453515,-8.91024288212742,1.0,17.0,111.0,1.0,-0.621919687554387,4.60871265406625,41.0,8.72019680963241,33.05982321984056,-8.565396729028421,0.01897000133774327,0.9152529360604267,0.0,-11.557879446135065,1.0853804266594842,0.0035896190082506806,1.0556469293342192,2.0,2.0,1.5485506619192917,-1.952335760064099,-0.5857007280192297,0.0,0.0,0.0,nan,0.5,,,2,1,1,1.0501738786697388,-4,170,True,True,False,"A:1,B:1,ESTOP:0,MODE:1,J:0",DRIVE_RUN,,,,,,,,,,,,,,,,,,0,,,False,0,,,,-9999.0,-1.0,-1.0,False,36.967652423333334,127.87366797333334,121.833,2,0.00012100000000000003,36.9676523741244,127.87366838232656,4.0,0.03180690860748291,1.0,0.0,0.04161381721496582,0.03678661441802979,4.080446588595292,-8.565396729028421,0.0,0.0,0.0,-0.07856517247585548,0.48485511764854944,0.20299089207610882,0.8470759861417368,-0.014678219009272311,-0.008848819307611252,0.008133234314293577,-8.1002929,0.17651969999999997,5.93302325
1789565181.394822,7.024,2.0,-2.8789809302479434,2,0,703,5.4117040655958775,-0.9665361837980451,-8.864360479862881,1.0,17.0,111.0,1.0,-0.622963479476625,4.624632673767721,41.0,8.64497474371539,33.02303917200254,-8.565396729028421,0.01897000133774327,0.9353772416714974,0.0,-11.557879446135065,1.0853804266594842,0.0035896190082506806,1.0556469293342192,2.0,2.0,1.5485506619192917,-1.9834317444418184,-0.5950295233325454,0.0,0.0,0.0,nan,0.5,,,2,1,1,0.9371171593666077,-4,170,True,True,False,"A:1,B:1,ESTOP:0,MODE:1,J:0",DRIVE_RUN,,,,,,,,,,,,,,,,,,0,,,False,0,,,,-9999.0,-1.0,-1.0,False,36.967652423333334,127.87366797333334,121.833,2,0.00012100000000000003,36.967652315146616,127.87366887328264,4.0,0.056782685279846194,1.0,0.0,0.09156537055969238,0.08094378703889289,4.080446588595292,-8.565396729028421,0.0,0.0,0.0,-0.07858217527537568,0.4846564849735866,0.20319997848190852,0.8471379474719508,-0.008656833089891874,0.0060911990894602095,0.006457718232379019,-6.6881353,0.5982056499999999,4.99158485
1789565181.444823,7.074,2.0,-2.6853379631335406,2,0,673,5.45537043448287,-0.9731015605316078,-8.81770249900407,1.0,17.0,111.0,1.0,-0.6242062052557548,4.59701565260954,41.0,8.608291068268088,32.97888496798167,-8.565396729028421,0.01897000133774327,0.6338130300725672,0.0,-11.557879446135065,1.0853804266594842,0.0035896190082506806,1.0556469293342192,2.0,2.0,1.5485506619192917,-2.0145799184156497,-0.6043739755246949,0.0,0.0,0.0,nan,0.5,,,2,1,1,1.1562954187393188,-5,166,True,True,False,"A:1,B:1,ESTOP:0,MODE:1,J:0",DRIVE_RUN,,,,,,,,,,,,,,,,,,0,,,False,0,,,,-9999.0,-1.0,-1.0,False,36.967652423333334,127.87366797333334,121.833,2,0.00012100000000000003,36.967652256177985,127.87366936538345,4.0,0.08181532478332519,1.0,0.0,0.1416306495666504,0.1252014905232398,4.080446588595292,-8.565396729028421,0.0,0.0,0.0,-0.0787359098066385,0.4854342597814231,0.20316394744947364,0.8466868644275344,-0.0029845130209103037,0.01658062789394613,0.01398008730847458,-9.16921775,0.1569064,4.1089863499999995
1789565181.494822,7.124,2.0,-2.70308335775076,2,0,504,5.499138617100908,-0.9796659184925192,-8.785938436901205,1.0,18.0,111.0,1.0,-0.6254356213686283,4.298180922105929,42.0,8.992081988011536,32.93463006050387,-8.565396729028421,0.01897000133774327,0.5958292552718583,0.0,-11.557879446135065,1.0853804266594842,0.0035896190082506806,1.0556469293342192,2.0,2.0,1.5485506619192917,-2.0457902286784373,-0.6137370686035312,0.0,0.0,0.0,nan,0.5,,,2,1,1,1.1109583377838135,-4,166,True,True,False,"A:1,B:1,ESTOP:0,MODE:1,J:0",DRIVE_RUN,,,,,,,,,,,,,,,,,,0,,,False,0,,,,-9999.0,-1.0,-1.0,False,36.96765226,127.87366982,121.851,2,0.00012100000000000003,36.96765226,127.87366982,4.0,0.011000000000000001,1.0,1.0,0.0,0.0,3.3829217288799636,-8.565396729028421,0.0,0.0,0.0,-0.0787797347925726,0.48515416207037754,0.20334004691951285,0.8468010496749351,-0.012548917321839229,-0.03522074430524556,0.005532693728822024,-8.845598299999999,0.44129925,6.01147645
1789565181.544821,7.174,3.0,-2.7028874960146965,2,0,289,5.539572893909775,-0.9792404535640418,-8.756022134653023,1.0,18.0,111.0,1.0,-0.6201291071889107,4.286235329153023,42.0,8.947933172691062,32.89463696155751,-8.565396729028421,0.01897000133774327,0.6758793270261948,0.0,-11.557879446135065,1.0853804266594842,0.0035896190082506806,1.0556469293342192,2.0,2.0,1.5485506619192917,-2.077062009746869,-0.6231186029240606,0.0,0.0,0.0,nan,0.5,,,2,1,1,0.8524280190467834,-4,169,True,True,False,"A:1,B:1,ESTOP:0,MODE:1,J:0",DRIVE_RUN,,,,,,,,,,,,,,,,,,0,,,False,0,,,,-9999.0,-1.0,-1.0,False,36.96765226,127.87366982,121.851,2,0.00012100000000000003,36.9676521985304,127.87367033404513,4.0,0.037147723197937015,1.0,0.0,0.05229544639587402,0.04622917461395263,3.3829217288799636,-8.565396729028421,0.0,0.0,0.0,-0.07865841351364498,0.4848459206720791,0.20360455284741782,0.8469253055913275,0.00312413936106985,0.029199358385865133,0.013142329267517301,-7.22750105,1.4415775499999999,5.785923499999999
1789565181.594886,7.224,3.0,-2.720591876703659,3,0,197,5.585292836891719,-0.9860832180449737,-8.722530664418514,1.0,18.0,111.0,1.0,-0.620752375027556,4.233186404045611,42.0,8.907657630223127,32.84841047003507,-8.565396729028421,0.01897000133774327,0.30652800996913115,0.0,-11.557879446135065,1.0853804266594842,0.0035896190082506806,1.0556469293342192,2.0,3.0,1.063143220892509,-2.108068465106314,-0.6324205395318943,0.0,0.0,0.0,nan,0.5,,,2,1,1,1.0440477132797241,-4,169,True,True,False,"A:1,B:1,ESTOP:0,MODE:1,J:0",DRIVE_RUN,,,,,,,,,,,,,,,,,,0,,,False,0,,,,-9999.0,-1.0,-1.0,False,36.96765226,127.87366982,121.851,2,0.00012100000000000003,36.96765213996239,127.87367082541347,4.0,0.062140189170837405,1.0,0.0,0.1022803783416748,0.09041585192539715,3.3829217288799636,-8.565396729028421,0.0,0.0,0.0,-0.07905376224576555,0.48520766603782833,0.2036103772192197,0.8466798909750723,-0.0170518667919846,0.009494591130849153,0.0051836278784231585,-8.757338449999999,-0.4707192,4.9131316499999995
1789565181.644844,7.274,3.0,-2.74517272628739,3,0,194,5.6289958725240545,-0.9926029793912713,-8.707136312301941,1.0,18.0,111.0,1.0,-0.6208580335244398,4.220489459018989,42.0,8.861541047590832,32.804226142049444,-8.565396729028421,0.01897000133774327,1.0259220754354625,0.0,-11.557879446135065,1.0853804266594842,0.0035896190082506806,1.0556469293342192,2.0,3.0,1.063143220892509,-2.139106083857692,-0.6417318251573075,0.0,0.0,0.0,nan,0.5,,,2,1,1,0.9432802200317383,-4,174,True,True,False,"A:1,B:1,ESTOP:0,MODE:1,J:0",DRIVE_RUN,,,,,,,,,,,,,,,,,,0,,,False,0,,,,-9999.0,-1.0,-1.0,False,36.96765226,127.87366982,121.851,2,0.00012100000000000003,36.96765208153135,127.87367131717632,4.0,0.08715101337432861,1.0,0.0,0.15230202674865723,0.1346349818413915,3.3829217288799636,-8.565396729028421,0.0,0.0,0.0,-0.07901085765902914,0.4853185703618242,0.20377713098084582,0.8465802091492306,-0.015027284859671176,-0.004468042885105484,-0.007871434926494426,-8.502365549999999,1.0395048999999998,5.609403799999999
1789565181.694824,7.324,3.0,-2.754685819345766,3,0,193,5.672733996247304,-0.9991074931596201,-8.655683714164496,1.0,18.0,111.0,1.0,-0.620943511735936,4.225038687346177,42.0,8.817461624046297,32.760009158496985,-8.565396729028421,0.01897000133774327,0.5141150922303459,0.0,-11.557879446135065,1.0853804266594842,0.0035896190082506806,1.0556469293342192,2.0,3.0,1.063143220892509,-2.1701489855339138,-0.6510446956601741,0.0,0.0,0.0,nan,0.5,,,2,1,1,0.937659502029419,-4,253,True,True,False,"A:1,B:1,ESTOP:0,MODE:1,J:0",DRIVE_RUN,,,,,,,,,,,,,,,,,,0,,,False,0,,,,-9999.0,-1.0,-1.0,False,36.967652,127.87367146166666,121.858,2,0.00012100000000000003,36.967652,127.87367146166666,4.0,0.011000000000000001,1.0,1.0,0.0,0.0,2.871401814931717,-8.636683095060784,0.0,0.0,0.0,-0.07915367654424654,0.48521194737014545,0.20373337387297671,0.8466385143549364,0.012566370614359171,0.009215338450530061,0.0054105206811824215,-7.44324735,0.00980665,5.746696899999999
1789565181.744827,7.374,3.0,-2.7824796091301396,3,0,193,5.685585183651925,-1.0081835211921355,-8.629201641306452,1.0,18.0,111.0,1.0,-0.6280575760483844,4.193612967086528,42.0,8.773349484053762,32.74603419369656,-8.636683095060784,0.0009500309551853548,-0.4423642674080869,0.0,-11.557879446135065,1.0853804266594842,0.0035896190082506806,1.0556469293342192,2.0,3.0,1.063143220892509,-2.2011961611207105,-0.6603588483362132,0.0,0.0,0.0,nan,0.5,,,2,1,1,1.0283368825912476,-4,171,True,True,False,"A:1,B:1,ESTOP:0,MODE:1,J:0",DRIVE_RUN,,,,,,,,,,,,,,,,,,0,,,False,0,,,,-9999.0,-1.0,-1.0,False,36.967652,127.87367146166666,121.858,2,0.00012100000000000003,36.96765194258701,127.87367193517451,4.0,0.0350931510925293,1.0,0.0,0.048186302185058594,0.0425966911315918,2.871401814931717,-8.636683095060784,0.0,0.0,0.0,-0.07899156902900972,0.4852090273585732,0.20397129156571175,0.8465980415811851,-0.0027925268031909274,0.017767451785302275,-0.004363323129985824,-8.91424485,0.34323275000000003,4.7268053
1789565181.794820,7.424,3.0,-2.8233641217790773,3,0,192,5.727699680887813,-1.0145747059947035,-8.651383747106479,1.0,19.0,111.0,1.0,-0.6282666521937901,4.219775386572198,42.0,8.759834838479318,32.703441147460204,-8.636683095060784,0.0009500309551853548,0.07190042887108061,0.0,-11.557879446135065,1.0853804266594842,0.0035896190082506806,1.0556469293342192,2.0,3.0,1.063143220892509,-2.2325990399231297,-0.6697797119769389,0.0,0.0,0.0,nan,0.5,,,2,1,1,1.187524676322937,-4,170,True,True,False,"A:1,B:1,ESTOP:0,MODE:1,J:0",DRIVE_RUN,,,,,,,,,,,,,,,,,,0,,,False,0,,,,-9999.0,-1.0,-1.0,False,36.967652,127.87367146166666,121.858,2,0.00012100000000000003,36.96765188308909,127.87367242594839,4.0,0.060064755439758304,1.0,0.0,0.0981295108795166,0.0867464876125297,2.871401814931717,-8.636683095060784,0.0,0.0,0.0,-0.07892204474529185,0.48503960675596236,0.20425520229855323,0.8466331573150326,0.0013788101090755204,-0.0020594885173533086,-0.0008028514559173916,-8.69849855,-0.20593965,4.9131316499999995
1789565181.844823,7.474,3.0,-2.8542348103993516,3,0,191,5.771349843604219,-1.021197984292233,-8.64775583282946,1.0,19.0,111.0,1.0,-0.6284824071830484,4.2625585286298975,42.0,8.71735418486683,32.65929512684347,-8.636683095060784,0.0009500309551853548,-0.09535670073150913,0.0,-11.557879446135065,1.0853804266594842,0.0035896190082506806,1.0556469293342192,2.0,3.0,1.063143220892509,-2.2640123725328194,-0.6792037117598458,0.0,0.0,0.0,nan,0.5,,,2,1,1,1.216799020767212,-4,184,True,True,False,"A:1,B:1,ESTOP:0,MODE:1,J:0",DRIVE_RUN,,,,,,,,,,,,,,,,,,0,,,False,0,,,,-9999.0,-1.0,-1.0,False,36.967652,127.87367146166666,121.858,2,0.00012100000000000003,36.96765182340866,127.87367291779971,4.0,0.08509167289733886,1.0,0.0,0.14818334579467773,0.1309940774716465,2.871401814931717,-8.636683095060784,0.0,0.0,0.0,-0.07893576741028456,0.4850771438981938,0.20439533117477576,0.8465765515798758,-0.01937315469713706,0.0064053583548191895,-0.0016580627893946131,-8.031646349999999,0.6962721499999999,4.1972461999999995
1789565181.894850,7.524,3.0,-2.8890194446257498,3,0,193,5.815095836584846,-1.0278415795108187,-8.652481944944384,1.0,19.0,111.0,1.0,-0.6287366463037983,4.280489527945636,42.0,8.67332578818944,32.61505140599906,-8.636683095060784,0.0009500309551853548,0.9388534646504241,0.0,-11.557879446135065,1.0853804266594842,0.0035896190082506806,1.0556469293342192,2.0,3.0,0.9023890053210927,-2.2954364928919717,-0.6886309478675915,0.0,0.0,0.0,nan,0.5,,,2,1,1,1.1931568384170532,-4,171,True,True,False,"A:1,B:1,ESTOP:0,MODE:1,J:0",DRIVE_RUN,,,,,,,,,,,,,,,,,,0,,,False,0,,,,-9999.0,-1.0,-1.0,False,36.967651833333335,127.87367282666666,121.868,2,0.00012100000000000003,36.967651833333335,127.87367282666666,4.0,0.011000000000000001,1.0,1.0,0.0,0.0,2.4499706682356033,-8.636683095060784,0.0,0.0,0.0,-0.07909878299732499,0.485232274369225,0.20452789871575472,0.8464404061041327,-0.002949606435870417,0.011571532940722405,-0.00757472895365539,-9.16921775,0.36284605,6.668522
1789565181.944816,7.574,3.0,-2.879761430309635,3,0,192,5.806990327063777,-1.0267367696108385,-8.605509545745377,1.0,19.0,111.0,1.0,-0.6287880447652909,4.307080845972591,42.0,8.629201537839652,32.6232318472128,-8.636683095060784,0.0009500309551853548,-0.029787222357059166,0.0,-11.557879446135065,1.0853804266594842,0.0035896190082506806,1.0556469293342192,2.0,3.0,0.9023890053210927,-2.3268733252071616,-0.6980619975621485,0.0,0.0,0.0,nan,0.5,,,2,1,1,1.1629631519317627,-4,173,True,True,False,"A:1,B:1,ESTOP:0,MODE:1,J:0",DRIVE_RUN,,,,,,,,,,,,,,,,,,0,,,False,0,,,,-9999.0,-1.0,-1.0,False,36.967651833333335,127.87367282666666,121.868,2,0.00012100000000000003,36.967651769807674,127.87367334942778,4.0,0.03760059928894043,1.0,0.0,0.05320119857788086,0.04702985954284668,2.4499706682356033,-8.636683095060784,0.0,0.0,0.0,-0.07905721068464772,0.48513233440579945,0.20465200638903644,0.8464715776880429,-0.009337511498169663,-0.05143485305627289,0.006667157742618339,-8.87501825,1.2944778,4.30511935
1789565181.994845,7.624,3.0,-2.9145484449134798,3,0,187,5.85348548290063,-1.0338084138652397,-8.607000744816105,1.0,19.0,111.0,1.0,-0.6293587585735461,4.2568747015446515,42.0,8.63736747127924,32.576206251900544,-8.636683095060784,0.0009500309551853548,0.49885849851692576,0.0,-11.557879446135065,1.0853804266594842,0.0035896190082506806,1.0556469293342192,2.0,3.0,0.9023890053210927,-2.3583127274454263,-0.7074938182336279,0.0,0.0,0.0,nan,0.5,,,2,1,1,1.384400486946106,-4,170,True,True,False,"A:1,B:1,ESTOP:0,MODE:1,J:0",DRIVE_RUN,,,,,,,,,,,,,,,,,,0,,,False,0,,,,-9999.0,-1.0,-1.0,False,36.967651833333335,127.87367282666666,121.868,2,0.00012100000000000003,36.96765171009625,127.87367384068597,4.0,0.06259831047058105,1.0,0.0,0.10319662094116211,0.09122581289816814,2.4499706682356033,-8.636683095060784,0.0,0.0,0.0,-0.07921863382055046,0.4850474957010344,0.20477690887534214,0.8464748977738326,-0.00809832772925369,0.04379031093253773,-0.0070685834705770355,-8.933858149999999,-0.18632634999999997,4.2364728
1789565182.044820,7.674,3.0,-2.7685602109891403,3,0,187,5.897178721775187,-1.0404554593061113,-8.58206783439698,1.0,19.0,111.0,1.0,-0.6299240735051441,4.2818817875657995,42.0,8.590470684043222,32.53201433716118,-8.636683095060784,0.0009500309551853548,0.33858012082402644,0.0,-11.557879446135065,1.0853804266594842,0.0035896190082506806,1.0556469293342192,2.0,3.0,0.9023890053210927,-2.3897806653741034,-0.716934199612231,0.0,0.0,0.0,nan,0.5,,,2,1,1,1.536064624786377,-4,171,True,True,False,"A:1,B:1,ESTOP:0,MODE:1,J:0",DRIVE_RUN,,,,,,,,,,,,,,,,,,0,,,False,0,,,,-9999.0,-1.0,-1.0,False,36.967651833333335,127.87367282666666,121.868,2,0.00012100000000000003,36.9676516504764,127.87367433115861,4.0,0.08755608654022216,1.0,0.0,0.15311217308044434,0.13535116097787758,2.4499706682356033,-8.636683095060784,0.0,0.0,0.0,-0.07939011478138962,0.4855907641366572,0.2047731259450495,0.8461482059018194,-0.04771730174952497,0.01473057888683214,0.014137166941154071,-9.1201845,0.67665885,3.8834334
1789565182.094826,7.724,3.0,-2.792452310054143,3,0,186,5.94080209286798,-1.0470923106926902,-8.565215693549874,1.0,19.0,111.0,1.0,-0.6304889152431059,4.086077100538528,43.0,8.97507146715525,32.48789303899416,-8.636683095060784,0.0009500309551853548,2.8206115578550555,0.0,-11.557879446135065,1.0853804266594842,0.0035896190082506806,1.0556469293342192,2.0,3.0,0.9023890053210927,-2.4212768690493607,-0.7263830607148082,0.0,0.0,0.0,nan,0.5,,,2,1,1,1.8026525974273682,-4,171,True,True,False,"A:1,B:1,ESTOP:0,MODE:1,J:0",DRIVE_RUN,,,,,,,,,,,,,,,,,,0,,,False,0,,,,-9999.0,-1.0,-1.0,False,36.967651751666665,127.87367429,121.869,2,0.00012100000000000003,36.967651751666665,127.87367429,4.0,0.011000000000000001,1.0,1.0,0.0,0.0,2.2382430424419275,-8.636683095060784,0.0,0.0,0.0,-0.07952147719045241,0.4854546089232958,0.2048419033987778,0.8461973481124506,-0.01090830782496456,0.01022762941668677,-0.002670353755551324,-8.669078599999999,0.21574629999999997,3.2558078
1789565182.144827,7.774,3.0,-2.7177440784434466,3,0,186,5.937141384105497,-1.03582786171567,-8.423935757774217,1.0,19.0,111.0,1.0,-0.6198360681228554,4.089733648410419,43.0,8.931062646729975,32.49306413032429,-8.636683095060784,0.0009500309551853548,0.5006562401966361,0.0,-11.557879446135065,1.0853804266594842,0.0035896190082506806,1.0556469293342192,2.0,3.0,0.9023890053210927,-2.452801314811516,-0.7358403944434547,0.0,0.0,0.0,nan,0.5,,,2,1,1,1.818070411682129,-4,181,True,True,False,"A:1,B:1,ESTOP:0,MODE:1,J:0",DRIVE_RUN,,,,,,,,,,,,,,,,,,0,,,False,0,,,,-9999.0,-1.0,-1.0,False,36.967651751666665,127.87367429,121.869,2,0.00012100000000000003,36.96765170276787,127.8736746935661,4.0,0.031534038543701175,1.0,0.0,0.041068077087402344,0.036304180145263674,2.2382430424419275,-8.636683095060784,0.0,0.0,0.0,-0.07960802226933858,0.4852950856356023,0.20509073080205983,0.846220441012491,-0.001710422666954443,-0.022671826983406338,0.0040666171571467884,-7.8845466,1.1571847,4.08937305
1789565182.194823,7.824,3.0,-2.7346177865556083,3,0,186,5.97303515754896,-1.041271250998269,-8.398897717544571,1.0,19.0,111.0,1.0,-0.6202835099625503,3.878277009384424,43.0,8.935597888766946,32.45676290621164,-8.636683095060784,0.0009500309551853548,0.13325999561759713,0.0,-11.557879446135065,1.0853804266594842,0.0035896190082506806,1.0556469293342192,2.0,3.0,0.9023890053210927,-2.4837931182176587,-0.7451379354652976,0.0,0.0,0.0,nan,0.5,,,2,1,1,1.9332202672958374,-4,172,True,True,False,"A:1,B:1,ESTOP:0,MODE:1,J:0",DRIVE_RUN,,,,,,,,,,,,,,,,,,0,,,False,0,,,,-9999.0,-1.0,-1.0,False,36.967651751666665,127.87367429,121.869,2,0.00012100000000000003,36.96765164317762,127.87367518552563,4.0,0.05656548595428467,1.0,0.0,0.09113097190856934,0.08055977914518477,2.2382430424419275,-8.636683095060784,0.0,0.0,0.0,-0.07971900508333471,0.48493196545137696,0.20514795609163616,0.8464042681977756,-0.01996656664281513,0.00019198621771937625,0.0014660765716752368,-7.87473995,0.392266,3.9814999
1789565182.244822,7.874,3.0,-2.762256387625138,3,0,189,6.016790774128315,-1.0479048071931822,-8.392230021912525,1.0,20.0,111.0,1.0,-0.6208268722261697,3.8698594943061564,43.0,8.899385986149275,32.4125108923957,-8.636683095060784,0.0009500309551853548,1.0377281462265482,0.0,-11.557879446135065,1.0853804266594842,0.0035896190082506806,1.0556469293342192,2.0,3.0,0.7034076186178276,-2.514807293715786,-0.7544421881147358,0.0,0.0,0.0,nan,0.5,,,2,1,1,2.018341541290283,-4,170,True,True,False,"A:1,B:1,ESTOP:0,MODE:1,J:0",DRIVE_RUN,,,,,,,,,,,,,,,,,,0,,,False,0,,,,-9999.0,-1.0,-1.0,False,36.967651751666665,127.87367429,121.869,2,0.00012100000000000003,36.96765158369168,127.87367567708311,4.0,0.08157595252990722,1.0,0.0,0.14115190505981445,0.12477828368718409,2.2382430424419275,-8.636683095060784,0.0,0.0,0.0,-0.07975714902847847,0.48510445361823856,0.20513749350184207,0.8463043631096208,0.017872171540421936,0.009180431865490174,0.0022165681500327986,-9.6301303,0.25497289999999995,5.50153065
1789565182.294827,7.924,3.0,-2.771137271561976,3,0,187,6.060510632731367,-1.054526751120011,-8.340463412300267,1.0,20.0,111.0,1.0,-0.6213636582646901,3.8836230173005593,43.0,8.855243747683572,32.368295901873125,-8.636683095060784,0.0009500309551853548,-0.7966850906602191,0.0,-11.557879446135065,1.0853804266594842,0.0035896190082506806,1.0556469293342192,2.0,3.0,0.7034076186178276,-2.5458486373270945,-0.7637545911981284,0.0,0.0,0.0,nan,0.5,,,2,1,1,1.7825257778167725,-4,174,True,True,False,"A:1,B:1,ESTOP:0,MODE:1,J:0",DRIVE_RUN,,,,,,,,,,,,,,,,,,0,,,False,0,,,,-9999.0,-1.0,-1.0,False,36.967651565,127.873675805,121.85300000000001,2,0.00012100000000000003,36.967651565,127.873675805,4.0,0.011000000000000001,1.0,1.0,0.0,0.0,2.403858234226183,-7.144899510085977,0.0,0.0,0.0,-0.07979667130477269,0.48471753312341326,0.20537739586968726,0.846464133674438,-0.03714060648243934,-0.03377212102609028,0.005864306286700947,-7.7374468499999995,0.8825985,6.36451585
1789565182.344826,7.974,3.0,-2.7819975210838277,3,0,187,6.071887752512563,-1.0566075001344508,-8.320590852875938,1.0,20.0,111.0,1.0,-0.6218574724714026,3.852435253830007,43.0,8.811139203510713,32.356740861498466,-7.144899510085977,0.059778195110715165,1.91336068186501,0.0,-11.557879446135065,1.0853804266594842,0.0035896190082506806,1.0556469293342192,2.0,3.0,0.7034076186178276,-2.576916820240329,-0.7730750460720988,0.0,0.0,0.0,nan,0.5,,,2,1,1,1.513499140739441,-4,170,True,True,False,"A:1,B:1,ESTOP:0,MODE:1,J:0",DRIVE_RUN,,,,,,,,,,,,,,,,,,0,,,False,0,,,,-9999.0,-1.0,-1.0,False,36.967651565,127.873675805,121.85300000000001,2,0.00012100000000000003,36.96765151174699,127.8736763373967,4.0,0.03799196338653565,1.0,0.0,0.05398392677307129,0.04772179126739502,2.403858234226183,-7.144899510085977,0.0,0.0,0.0,-0.07989090164002509,0.4847500590190312,0.20554293210101807,0.8463964361807687,0.005061454830783556,0.0016231562043547264,0.0003141592653589793,-8.44352565,1.10815145,6.992141449999999
1789565182.394822,8.024,3.0,-2.7703391074346877,3,0,234,6.119239911682016,-1.0625355973989479,-8.225056114793489,1.0,20.0,111.0,1.0,-0.6209027192923394,3.840272554069579,43.0,8.799634228738757,32.30902319961592,-7.144899510085977,0.059778195110715165,-0.2358818331589127,0.0,-11.557879446135065,1.0853804266594842,0.0035896190082506806,1.0556469293342192,2.0,3.0,0.7034076186178276,-2.6080096938638992,-0.7824029081591698,0.0,0.0,0.0,nan,0.5,,,2,1,1,1.5952813625335693,-4,175,True,True,False,"A:1,B:1,ESTOP:0,MODE:1,J:0",DRIVE_RUN,,,,,,,,,,,,,,,,,,0,,,False,0,,,,-9999.0,-1.0,-1.0,False,36.967651565,127.873675805,121.85300000000001,2,0.00012100000000000003,36.967651462510624,127.87367683030155,4.0,0.06298121070861816,1.0,0.0,0.10396242141723633,0.09190278021621527,2.403858234226183,-7.144899510085977,0.0,0.0,0.0,-0.0800123763473852,0.4849893625675296,0.20544596099109222,0.8462714073747456,0.013142329267517301,-0.017592918860102842,0.008674286382411817,-8.81617835,0.40207265,4.85429175
1789565182.444831,8.074,3.0,-2.802996614025469,3,0,201,6.16307960646085,-1.0680165649966773,-8.236855312917356,1.0,20.0,111.0,1.0,-0.6199179258958745,3.7592123319707444,43.0,8.751963963287293,32.2648461408051,-7.144899510085977,0.059778195110715165,-0.4602950302714159,0.0,-11.557879446135065,1.0853804266594842,0.0035896190082506806,1.0556469293342192,2.0,3.0,0.7034076186178276,-2.6390548298285164,-0.7917164489485549,0.0,0.0,0.0,nan,0.5,,,2,1,1,1.539617657661438,-4,178,True,True,False,"A:1,B:1,ESTOP:0,MODE:1,J:0",DRIVE_RUN,,,,,,,,,,,,,,,,,,0,,,False,0,,,,-9999.0,-1.0,-1.0,False,36.967651565,127.873675805,121.85300000000001,2,0.00012100000000000003,36.96765141334048,127.87367732344362,4.0,0.087981782913208,1.0,0.0,0.15396356582641602,0.13610379043070464,2.403858234226183,-7.144899510085977,0.0,0.0,0.0,-0.07995824684348296,0.4848550362325715,0.20560225933399703,0.8463155342768938,0.02488839513343914,-0.021903882112528833,-0.005811946409141118,-8.482752249999999,0.5687857,5.707470299999999
1789565182.494819,8.124,3.0,-2.840672317735368,3,0,186,6.206940400101455,-1.0734901607301914,-8.259905489434885,1.0,20.0,111.0,1.0,-0.6189227563100614,3.7845051113064136,43.0,8.707830836073715,32.22064920598391,-7.144899510085977,0.059778195110715165,-1.4669522609140455,0.0,-11.557879446135065,1.0853804266594842,0.0035896190082506806,1.0556469293342192,2.0,3.0,0.7034076186178276,-2.67005072612331,-0.801015217836993,0.0,0.0,0.0,nan,0.5,,,2,1,1,1.6244118213653564,-4,171,True,True,False,"A:1,B:1,ESTOP:0,MODE:1,J:0",DRIVE_RUN,,,,,,,,,,,,,,,,,,0,,,False,0,,,,-9999.0,-1.0,-1.0,False,36.96765134333333,127.87367741833333,121.852,2,0.00012100000000000003,36.96765134333333,127.87367741833333,4.0,0.011000000000000001,1.0,1.0,0.0,0.0,2.577094531114079,-7.144899510085977,0.0,0.0,0.0,-0.08006076095084255,0.4847069230644926,0.2057324707454689,0.8463590395159071,-0.019512781037296607,-0.0072082098107365804,0.011798425743481668,-7.6688003,0.8924051499999999,3.530394
1789565182.544823,8.174,3.0,-2.9079074018901228,3,0,186,6.215380033285561,-1.0812833206578816,-8.333312140056705,1.0,20.0,111.0,1.0,-0.6253988407447004,3.8211269363857796,43.0,8.663677731703858,32.21122010309737,-7.144899510085977,0.059778195110715165,1.2844328352547574,0.0,-11.557879446135065,1.0853804266594842,0.0035896190082506806,1.0556469293342192,2.0,3.0,0.7554551333206107,-2.7009968639388133,-0.810299059181644,0.0,0.0,0.0,nan,0.5,,,2,1,1,1.6508234739303589,-4,170,True,True,False,"A:1,B:1,ESTOP:0,MODE:1,J:0",DRIVE_RUN,,,,,,,,,,,,,,,,,,0,,,False,0,,,,-9999.0,-1.0,-1.0,False,36.96765134333333,127.87367741833333,121.852,2,0.00012100000000000003,36.967651296907505,127.8736778847304,4.0,0.03464408969879151,1.0,0.0,0.04728817939758301,0.04180275058746338,2.577094531114079,-7.144899510085977,0.0,0.0,0.0,-0.0803022292398317,0.48481693626575295,0.20576198258389533,0.8462659728549573,0.009773843811168246,0.005777039824101231,0.0009773843811168245,-8.237585999999999,-0.12748644999999997,5.5113373
1789565182.594817,8.224,3.0,-2.9080969094523366,3,0,186,6.256862086673325,-1.086451419852328,-8.2691998845971,1.0,20.0,111.0,1.0,-0.6244490935385995,3.941647117675804,43.0,8.654663195817458,32.16942121914493,-7.144899510085977,0.059778195110715165,-0.4390310357067035,0.0,-11.557879446135065,1.0853804266594842,0.0035896190082506806,1.0556469293342192,2.0,3.0,0.7554551333206107,-2.732266805976048,-0.8196800417928144,0.0,0.0,0.0,nan,0.5,,,2,1,1,1.578345775604248,-4,170,True,True,False,"A:1,B:1,ESTOP:0,MODE:1,J:0",DRIVE_RUN,,,,,,,,,,,,,,,,,,0,,,False,0,,,,-9999.0,-1.0,-1.0,False,36.96765134333333,127.87367741833333,121.852,2,0.00012100000000000003,36.96765124786489,127.87367837863738,4.0,0.059681855201721194,1.0,0.0,0.09736371040344238,0.08606951900687511,2.577094531114079,-7.144899510085977,0.0,0.0,0.0,-0.08021296613218135,0.4846794571570236,0.20596357318765282,0.8463041476880667,-0.018552849948699723,-0.00013962634015954637,0.00809832772925369,-8.46313895,1.46119085,4.8837117
1789565182.644870,8.274,3.0,-2.946190365834363,3,0,203,6.300790912862526,-1.0919108184194468,-8.291190039842263,1.0,21.0,111.0,1.0,-0.6234299366601271,3.890683025256612,43.0,8.612907422633787,32.12515874174093,-7.144899510085977,0.059778195110715165,1.1536535278243398,0.0,-11.557879446135065,1.0853804266594842,0.0035896190082506806,1.0556469293342192,2.0,3.0,0.7554551333206107,-2.763489260652978,-0.8290467781958935,0.0,0.0,0.0,nan,0.5,,,2,1,1,1.8371071815490723,-4,170,True,True,False,"A:1,B:1,ESTOP:0,MODE:1,J:0",DRIVE_RUN,,,,,,,,,,,,,,,,,,0,,,False,0,,,,-9999.0,-1.0,-1.0,False,36.96765134333333,127.87367741833333,121.852,2,0.00012100000000000003,36.967651199048085,127.87367887118256,4.0,0.08464988327026367,1.0,0.0,0.14729976654052734,0.13021299059089134,2.577094531114079,-7.144899510085977,0.0,0.0,0.0,-0.08052079519794529,0.484813865634877,0.20591932823309583,0.8462086902702479,0.0013962634015954637,-0.0023038346126325153,0.003490658503988659,-8.571012099999999,0.0588399,3.5205873499999996
1789565182.694822,8.324,3.0,-2.7598047290875978,3,0,186,6.344598618718304,-1.0973450806697298,-8.233545100645102,1.0,21.0,111.0,1.0,-0.622403614370008,3.9266463340510023,43.0,8.568690261076434,32.081019699520155,-7.144899510085977,0.059778195110715165,0.024272518491807907,0.0,-11.557879446135065,1.0853804266594842,0.0035896190082506806,1.0556469293342192,2.0,3.0,0.7554551333206107,-2.7946607574859845,-0.8383982272457954,0.0,0.0,0.0,nan,0.5,,,2,1,1,1.765366792678833,-4,170,True,True,False,"A:1,B:1,ESTOP:0,MODE:1,J:0",DRIVE_RUN,,,,,,,,,,,,,,,,,,0,,,False,0,,,,-9999.0,-1.0,-1.0,False,36.967651205,127.87367908666667,121.857,2,0.00012100000000000003,36.967651205,127.87367908666667,4.0,0.011000000000000001,1.0,1.0,0.0,0.0,2.6332323278033356,-7.144899510085977,0.0,0.0,0.0,-0.08077020387409224,0.48503439421071204,0.2059623599863587,0.8460480582494323,-0.02790781473938933,-0.020804324683772406,-0.004118977034706617,-8.747531799999999,1.4317708999999998,5.2171378
1789565182.744822,8.374,3.0,-2.7704203806536865,3,0,252,6.363764097736476,-1.0966825161809883,-8.232324843953705,1.0,21.0,111.0,1.0,-0.6188377129054453,3.6160242025810407,44.0,8.945313616784718,32.06212641338841,-7.144899510085977,0.059778195110715165,1.2114072605010202,0.0,-11.557879446135065,1.0853804266594842,0.0035896190082506806,1.0556469293342192,2.0,3.0,0.7554551333206107,-2.8257809382044847,-0.8477342814613454,0.0,0.0,0.0,nan,0.5,,,2,1,1,1.9159541130065918,-4,172,True,True,False,"A:1,B:1,ESTOP:0,MODE:1,J:0",DRIVE_RUN,,,,,,,,,,,,,,,,,,0,,,False,0,,,,-9999.0,-1.0,-1.0,False,36.967651205,127.87367908666667,121.857,2,0.00012100000000000003,36.96765115499416,127.87367959160873,4.0,0.03659614181518555,1.0,0.0,0.051192283630371094,0.045253978729248044,2.6332323278033356,-7.144899510085977,0.0,0.0,0.0,-0.0809596228876972,0.48484428112354,0.2059468442887977,0.8461426947336751,0.0079412480965742,-0.0035779249665883754,0.0023911010752322315,-7.7864801,-0.1176798,4.020726499999999
1789565182.794824,8.424,3.0,-2.7718304286060724,3,0,186,6.408674400810436,-1.1022491413606232,-8.172068488204616,1.0,21.0,111.0,1.0,-0.6174171632520626,3.6006613917610304,44.0,8.92626395386348,32.01687711901975,-7.144899510085977,0.059778195110715165,-0.3363345184063184,0.0,-11.557879446135065,1.0853804266594842,0.0035896190082506806,1.0556469293342192,2.0,3.0,0.7554551333206107,-2.856722823849757,-0.857016847154927,0.0,0.0,0.0,nan,0.5,,,2,1,1,1.8893340826034546,-4,173,True,True,False,"A:1,B:1,ESTOP:0,MODE:1,J:0",DRIVE_RUN,,,,,,,,,,,,,,,,,,0,,,False,0,,,,-9999.0,-1.0,-1.0,False,36.967651205,127.87367908666667,121.857,2,0.00012100000000000003,36.967651106145276,127.8736800846838,4.0,0.061590872764587405,1.0,0.0,0.1011817455291748,0.08944466302447904,2.6332323278033356,-7.144899510085977,0.0,0.0,0.0,-0.08073998018660579,0.48496407331043284,0.20610101294031677,0.8460574895730166,0.0015009831567151233,-0.0012740903539558606,0.0006283185307179586,-8.81617835,1.24544455,5.099458
1789565182.845068,8.475,3.0,-2.8051466139923007,3,0,186,6.45252923499898,-1.1076869740610211,-8.188837566178847,1.0,21.0,111.0,1.0,-0.6160320073904431,3.55280443021032,44.0,8.88105101391324,31.972690994104994,-7.144899510085977,0.059778195110715165,-0.05863717684831924,0.0,-11.557879446135065,1.0853804266594842,0.0035896190082506806,1.0556469293342192,2.0,3.0,0.7554551333206107,-2.8875936820123598,-0.8662781046037079,0.0,0.0,0.0,nan,0.5,,,2,1,1,1.883140206336975,-4,171,True,True,False,"A:1,B:1,ESTOP:0,MODE:1,J:0",DRIVE_RUN,,,,,,,,,,,,,,,,,,0,,,False,0,,,,-9999.0,-1.0,-1.0,False,36.967651205,127.87367908666667,121.857,2,0.00012100000000000003,36.96765105729539,127.87368057807392,4.0,0.08660133934020996,1.0,0.0,0.15120267868041992,0.13366316788959395,2.6332323278033356,-7.144899510085977,0.0,0.0,0.0,-0.0809924003490882,0.4848752546456194,0.20619493278213896,0.8460613856056829,-0.03103195410045918,0.0006632251157578452,0.005986479334340551,-8.2768126,1.0296982499999998,4.77583855
1789565182.894821,8.524,3.0,-2.832878238594879,3,0,186,6.49641209061959,-1.1131249182885492,-8.19184509700662,1.0,21.0,111.0,1.0,-0.6146426436179122,3.581817074078382,44.0,8.836900897502293,31.928477110533684,-7.144899510085977,0.059778195110715165,1.717435719783201,0.0,-11.557879446135065,1.0853804266594842,0.0035896190082506806,1.0556469293342192,2.0,3.0,0.8275400150230471,-2.9183952823818817,-0.8755185847145645,0.0,0.0,0.0,nan,0.5,,,2,1,1,1.8777118921279907,-4,277,True,True,False,"A:1,B:1,ESTOP:0,MODE:1,J:0",DRIVE_RUN,,,,,,,,,,,,,,,,,,0,,,False,0,,,,-9999.0,-1.0,-1.0,False,36.967650883333334,127.87368087166666,121.864,2,0.00012100000000000003,36.967650883333334,127.87368087166666,4.0,0.011000000000000001,1.0,1.0,0.0,0.0,2.835838364127941,-9.558370738965088,0.0,0.0,0.0,-0.08108247800834648,0.4849986244133771,0.20626851170396876,0.8459641051230175,0.01345648853287628,0.0031764992386296795,0.004101523742186674,-8.6494653,0.08825984999999999,5.609403799999999
1789565182.944868,8.574,3.0,-2.8928100196019986,3,0,187,6.522524669112631,-1.1324902859138355,-8.17659515589105,1.0,22.0,111.0,1.0,-0.6297527452276221,3.597177222335509,44.0,8.792723248353884,31.899956387006952,-9.558370738965088,-0.06832628209792375,-0.5419646600125068,0.0,-11.557879446135065,1.0853804266594842,0.0035896190082506806,1.0556469293342192,2.0,3.0,0.8275400150230471,-2.9491274145627773,-0.8847382243688332,0.0,0.0,0.0,nan,0.5,,,2,1,1,2.009571075439453,-4,174,True,True,False,"A:1,B:1,ESTOP:0,MODE:1,J:0",DRIVE_RUN,,,,,,,,,,,,,,,,,,0,,,False,0,,,,-9999.0,-1.0,-1.0,False,36.967650883333334,127.87368087166666,121.864,2,0.00012100000000000003,36.96765081479176,127.87368138145199,4.0,0.037005983352661136,1.0,0.0,0.052011966705322266,0.04597857856750488,2.835838364127941,-9.558370738965088,0.0,0.0,0.0,-0.08127389224028794,0.48514766277933324,0.2063153723194606,0.8458488439931492,-0.015655603390389135,-0.010838494654884786,-0.0017976891295541594,-8.2571993,0.36284605,4.1384063
1789565182.994831,8.624,3.0,-2.937994269572414,3,0,187,6.567865738823855,-1.1401202990512935,-8.203825549425176,1.0,22.0,111.0,1.0,-0.6303045556676607,3.6944339142066926,44.0,8.76516019983102,31.853997770337582,-9.558370738965088,-0.06832628209792375,0.6975404859232369,0.0,-11.557879446135065,1.0853804266594842,0.0035896190082506806,1.0556469293342192,2.0,3.0,0.8275400150230471,-2.9806150518241585,-0.8941845155472475,0.0,0.0,0.0,nan,0.5,,,2,1,1,2.063934087753296,-4,173,True,True,False,"A:1,B:1,ESTOP:0,MODE:1,J:0",DRIVE_RUN,,,,,,,,,,,,,,,,,,0,,,False,0,,,,-9999.0,-1.0,-1.0,False,36.967650883333334,127.87368087166666,121.864,2,0.00012100000000000003,36.96765074893868,127.87368187142621,4.0,0.06200107192993164,1.0,0.0,0.10200214385986328,0.09016989512918486,2.835838364127941,-9.558370738965088,0.0,0.0,0.0,-0.08127155938578506,0.4852138621344204,0.2064620122687234,0.8457753124308797,-0.008342673824532895,0.010978120995044333,-0.009704030641088473,-8.63965865,0.8924051499999999,4.63854545
1789565183.044823,8.674,3.0,-2.9562942285225966,3,0,186,6.611444779935282,-1.1474510303210514,-8.168891681529203,1.0,22.0,111.0,1.0,-0.6308321878985856,3.748364861524069,44.0,8.719362467235474,31.809825613943318,-9.558370738965088,-0.06832628209792375,0.17664971925755762,0.0,-11.557879446135065,1.0853804266594842,0.0035896190082506806,1.0556469293342192,2.0,3.0,0.8275400150230471,-3.0121302796075415,-0.9036390838822624,0.0,0.0,0.0,nan,0.5,,,2,1,1,2.1336710453033447,-4,185,True,True,False,"A:1,B:1,ESTOP:0,MODE:1,J:0",DRIVE_RUN,,,,,,,,,,,,,,,,,,0,,,False,0,,,,-9999.0,-1.0,-1.0,False,36.967650883333334,127.87368087166666,121.864,2,0.00012100000000000003,36.96765068301684,127.87368236105193,4.0,0.08697959041595459,1.0,0.0,0.15195918083190918,0.1343319148422602,2.835838364127941,-9.558370738965088,0.0,0.0,0.0,-0.08142887426019274,0.4853597935735006,0.20643773840102003,0.8456823690859817,-0.008691739674931762,0.0072954762733362976,-0.0031764992386296795,-8.9632781,1.1767979999999998,4.609125499999999
1789565183.094820,8.724,3.0,-2.9860102945986626,3,0,186,6.654992824312385,-1.1547894158322272,-8.160093908047486,1.0,22.0,111.0,1.0,-0.631564311122873,3.7393413824458497,44.0,8.675346526704159,31.76568317005932,-9.558370738965088,-0.06832628209792375,0.36715752343810437,0.0,-11.557879446135065,1.0853804266594842,0.0035896190082506806,1.0556469293342192,2.0,3.0,0.8275400150230471,-3.043671889002471,-0.9131015667007413,0.0,0.0,0.0,nan,0.5,,,2,1,1,2.163111448287964,-4,202,True,True,False,"A:1,B:1,ESTOP:0,MODE:1,J:0",DRIVE_RUN,,,,,,,,,,,,,,,,,,0,,,False,0,,,,-9999.0,-1.0,-1.0,False,36.967650778333336,127.87368275166666,121.87,2,0.00012100000000000003,36.967650778333336,127.87368275166666,4.0,0.011000000000000001,1.0,1.0,0.0,0.0,2.8955876142852066,-9.558370738965088,0.0,0.0,0.0,-0.08175624967013836,0.4852338817104401,0.20640954215909346,0.845729919410308,-0.028326693759867967,-0.016563174601426187,0.0013439035240356337,-8.24739265,0.20593965,4.95235825
1789565183.144849,8.774,3.0,-2.9601254910960804,3,0,280,6.689734683070017,-1.144178832227785,-8.141724144327213,1.0,22.0,111.0,1.0,-0.6160271557411379,3.7567847125548743,44.0,8.631362695982943,31.73272184912613,-9.558370738965088,-0.06832628209792375,1.3993946919410496,0.0,-11.557879446135065,1.0853804266594842,0.0035896190082506806,1.0556469293342192,2.0,3.0,0.8275400150230471,-3.0752501045586147,-0.9225750313675843,0.0,0.0,0.0,nan,0.5,,,2,1,1,2.180410385131836,-4,170,True,True,False,"A:1,B:1,ESTOP:0,MODE:1,J:0",DRIVE_RUN,,,,,,,,,,,,,,,,,,0,,,False,0,,,,-9999.0,-1.0,-1.0,False,36.967650778333336,127.87368275166666,121.87,2,0.00012100000000000003,36.96765072323758,127.87368315995332,4.0,0.031830273628234866,1.0,0.0,0.04166054725646973,0.03682792377471924,2.8955876142852066,-9.558370738965088,0.0,0.0,0.0,-0.08176600214805543,0.4850584381480924,0.2065810215332429,0.8457877476154047,-0.013805554383275147,0.02075196480621258,-0.000593411945678072,-8.227779349999999,0.97085835,4.648352099999999
1789565183.194822,8.824,3.0,-2.781988899298296,3,0,186,6.7260483090747005,-1.150312063478668,-8.071778832302158,1.0,22.0,111.0,1.0,-0.6168288164342812,3.650136745540439,44.0,8.597548233614724,31.69591017460898,-9.558370738965088,-0.06832628209792375,0.7354444340255716,0.0,-11.557879446135065,1.0853804266594842,0.0035896190082506806,1.0556469293342192,2.0,3.0,0.9099898222140813,-3.1060514623456714,-0.9318154387037014,0.0,0.0,0.0,nan,0.5,,,2,1,1,2.3326611518859863,-4,171,True,True,False,"A:1,B:1,ESTOP:0,MODE:1,J:0",DRIVE_RUN,,,,,,,,,,,,,,,,,,0,,,False,0,,,,-9999.0,-1.0,-1.0,False,36.967650778333336,127.87368275166666,121.87,2,0.00012100000000000003,36.96765065711882,127.87368364996522,4.0,0.056830011367797854,1.0,0.0,0.0916600227355957,0.08102746009652735,2.8955876142852066,-9.558370738965088,0.0,0.0,0.0,-0.08208190566436835,0.48545005268941144,0.20659778128909764,0.845528334163188,0.008796459430051421,0.0030019663134302466,0.006073745796940267,-8.9044382,-0.1176798,4.63854545
1789565183.244837,8.874,3.0,-2.7973173966330274,3,0,198,6.769630700876989,-1.1576723707942145,-8.035078887239791,1.0,22.0,111.0,1.0,-0.6177903584421942,3.3474291312390636,45.0,8.978914238746924,31.651730172613554,-9.558370738965088,-0.06832628209792375,-0.25491370964535986,0.0,-11.557879446135065,1.0853804266594842,0.0035896190082506806,1.0556469293342192,2.0,3.0,0.9099898222140813,-3.1368929031673853,-0.9410678709502156,0.0,0.0,0.0,nan,0.5,,,2,1,1,2.3312816619873047,-4,296,True,True,False,"A:1,B:1,ESTOP:0,MODE:1,J:0",DRIVE_RUN,,,,,,,,,,,,,,,,,,0,,,False,0,,,,-9999.0,-1.0,-1.0,False,36.967650778333336,127.87368275166666,121.87,2,0.00012100000000000003,36.967650591095236,127.87368413968001,4.0,0.08181401348114013,1.0,0.0,0.14162802696228027,0.1251991755410652,2.8955876142852066,-9.558370738965088,0.0,0.0,0.0,-0.08184088578658075,0.4854501761759615,0.20678529362101786,0.8455057883932346,-0.004223696789826277,-0.01726130630222392,-0.004049163864626845,-8.2964259,-0.0588399,5.36423755
1789565183.294831,8.924,3.0,-2.8334223551352684,3,0,187,6.813186667596726,-1.1650220822414097,-8.047942891758993,1.0,22.0,111.0,1.0,-0.6187452491593861,3.334749281869573,45.0,8.934874494371932,31.60757785332902,-9.558370738965088,-0.06832628209792375,0.04558589351889243,0.0,-11.557879446135065,1.0853804266594842,0.0035896190082506806,1.0556469293342192,2.0,3.0,0.9099898222140813,-3.167782421089495,-0.9503347263268485,0.0,0.0,0.0,nan,0.5,,,2,1,1,2.360320806503296,-4,170,True,True,False,"A:1,B:1,ESTOP:0,MODE:1,J:0",DRIVE_RUN,,,,,,,,,,,,,,,,,,0,,,False,0,,,,-9999.0,-1.0,-1.0,False,36.967650565,127.87368468166666,121.86099999999999,2,0.00012100000000000003,36.967650565,127.87368468166666,4.0,0.011000000000000001,1.0,1.0,0.0,0.0,3.028766493429284,-5.969952779801641,0.0,0.0,0.0,-0.08189705216793604,0.4854412645595091,0.20689173203166983,0.8454794277367148,-0.014451326206513048,0.022741640153486113,0.0011693705988362008,-8.5317855,0.10787314999999999,5.22694445
1789565183.344835,8.974,3.0,-2.8074858834843486,3,0,186,6.861391771604494,-1.1679269906466696,-7.941783787424299,1.0,23.0,111.0,1.0,-0.6146280489878627,3.3718171659038267,45.0,8.89086353682046,31.559429811339815,-5.969952779801641,0.10389950559786741,0.8234001259388457,0.0,-11.557879446135065,1.0853804266594842,0.0035896190082506806,1.0556469293342192,2.0,3.0,0.9099898222140813,-3.1987196835474645,-0.9596159050642393,0.0,0.0,0.0,nan,0.5,,,2,1,1,2.618858814239502,-4,170,True,True,False,"A:1,B:1,ESTOP:0,MODE:1,J:0",DRIVE_RUN,,,,,,,,,,,,,,,,,,0,,,False,0,,,,-9999.0,-1.0,-1.0,False,36.967650565,127.87368468166666,121.86099999999999,2,0.00012100000000000003,36.967650526149434,127.87368514677672,4.0,0.03452547645568848,1.0,0.0,0.04705095291137695,0.04159304237365723,3.028766493429284,-5.969952779801641,0.0,0.0,0.0,-0.08199510283331243,0.48569411141759866,0.20702672157438776,0.8452916477759524,-0.003193952531149623,-0.0069638637154573755,0.01733111947230369,-8.89463155,-0.34323275000000003,4.0403398
1789565183.394825,9.024,3.0,-2.8127389220650887,3,0,186,6.902759356747105,-1.1722518158075244,-7.900410635515982,1.0,23.0,111.0,1.0,-0.612907427078136,3.258954365664404,45.0,8.84258212930136,31.51786008090167,-5.969952779801641,0.10389950559786741,0.6293591951177224,0.0,-11.557879446135065,1.0853804266594842,0.0035896190082506806,1.0556469293342192,2.0,3.0,0.9099898222140813,-3.2294510859968577,-0.9688353257990573,0.0,0.0,0.0,nan,0.5,,,2,1,1,2.60797119140625,-4,170,True,True,False,"A:1,B:1,ESTOP:0,MODE:1,J:0",DRIVE_RUN,,,,,,,,,,,,,,,,,,0,,,False,0,,,,-9999.0,-1.0,-1.0,False,36.967650565,127.87368468166666,121.86099999999999,2,0.00012100000000000003,36.96765048506708,127.87368564080519,4.0,0.059512458801269534,1.0,0.0,0.09702491760253906,0.08577002488854094,3.028766493429284,-5.969952779801641,0.0,0.0,0.0,-0.08128313750606744,0.48501582875046567,0.20774965035828408,0.8455724570932283,-0.003612831551628262,0.007801621756414653,-0.008237954069413234,-8.433719,0.5197524499999999,5.2367511
1789565183.444823,9.074,3.0,-2.8226277184318596,3,0,186,6.946698988313967,-1.1768250822841135,-7.869018631538353,1.0,23.0,111.0,1.0,-0.6111504637681147,3.2236561281393565,45.0,8.800999604872334,31.473708611395782,-5.969952779801641,0.10389950559786741,-0.026963750520816916,0.0,-11.557879446135065,1.0853804266594842,0.0035896190082506806,1.0556469293342192,2.0,3.0,0.9099898222140813,-3.2600964573507647,-0.9780289372052293,0.0,0.0,0.0,nan,0.5,,,2,1,1,2.522095203399658,-4,174,True,True,False,"A:1,B:1,ESTOP:0,MODE:1,J:0",DRIVE_RUN,,,,,,,,,,,,,,,,,,0,,,False,0,,,,-9999.0,-1.0,-1.0,False,36.967650565,127.87368468166666,121.86099999999999,2,0.00012100000000000003,36.96765044411244,127.87368613438808,4.0,0.08447631454467773,1.0,0.0,0.14695262908935547,0.12990611888261522,3.028766493429284,-5.969952779801641,0.0,0.0,0.0,-0.08136681450433876,0.4849648276318944,0.2079411021126438,0.8455466016190725,0.009128071987930343,0.0068591439603377154,0.0019024088846738192,-7.93357985,1.34351105,4.93274495
1789565183.494827,9.124,3.0,-2.8463951300912824,3,0,240,6.99059898920864,-1.1813841326109662,-7.870363339874103,1.0,23.0,111.0,1.0,-0.610869784313881,3.1986465337498196,45.0,8.756833445104345,31.429598421109684,-5.969952779801641,0.10389950559786741,-0.37748874105290225,0.0,-11.557879446135065,1.0853804266594842,0.0035896190082506806,1.0556469293342192,2.0,3.0,0.9099898222140813,-3.2906539805391706,-0.9871961941617511,0.0,0.0,0.0,nan,0.5,,,2,1,1,2.6923675537109375,-4,171,True,True,False,"A:1,B:1,ESTOP:0,MODE:1,J:0",DRIVE_RUN,,,,,,,,,,,,,,,,,,0,,,False,0,,,,-9999.0,-1.0,-1.0,False,36.967650305,127.87368678333333,121.86099999999999,2,0.00012100000000000003,36.967650305,127.87368678333333,4.0,0.011000000000000001,1.0,1.0,0.0,0.0,3.35679737687163,-5.969952779801641,0.0,0.0,0.0,-0.08164027244865747,0.48541402187044114,0.20792338941955618,0.8452667965904941,0.00767944870877505,0.002076941809873252,0.0048345620280242935,-9.0025047,-0.2745862,4.7366119499999995
1789565183.544829,9.174,3.0,-2.908048156186962,3,0,186,7.048317150742129,-1.1968700582747633,-7.889229118895059,1.0,23.0,111.0,1.0,-0.620128503600178,3.2063663723175377,45.0,8.712708050480648,31.370301291615007,-5.969952779801641,0.10389950559786741,-0.23713154259057986,0.0,-11.557879446135065,1.0853804266594842,0.0035896190082506806,1.0556469293342192,2.0,3.0,0.9518436497263622,-3.3211974697548645,-0.9963592409264593,0.0,0.0,0.0,nan,0.5,,,2,1,1,2.5774364471435547,-4,196,True,True,False,"A:1,B:1,ESTOP:0,MODE:1,J:0",DRIVE_RUN,,,,,,,,,,,,,,,,,,0,,,False,0,,,,-9999.0,-1.0,-1.0,False,36.967650305,127.87368678333333,121.86099999999999,2,0.00012100000000000003,36.96765026160049,127.87368730598551,4.0,0.03743430233001709,1.0,0.0,0.05286860466003418,0.046735846519470214,3.35679737687163,-5.969952779801641,0.0,0.0,0.0,-0.08138071908983444,0.4858909838736544,0.2082052705658052,0.8449483390476209,-0.021938788697568722,-0.019704767255015982,0.009930923443847734,-8.414105699999999,1.0296982499999998,5.648630399999999
1789565183.594851,9.224,3.0,-2.9378135628514683,3,0,186,7.094802618519586,-1.2017012696023395,-7.901154659327119,1.0,23.0,111.0,1.0,-0.6199877509364684,3.296349002607014,45.0,8.653928483433086,31.323592455383388,-5.969952779801641,0.10389950559786741,1.3144605996087497,0.0,-11.557879446135065,1.0853804266594842,0.0035896190082506806,1.0556469293342192,2.0,3.0,0.9518436497263622,-3.3522038949348736,-1.005661168480462,0.0,0.0,0.0,nan,0.5,,,2,1,1,2.5453433990478516,-4,177,True,True,False,"A:1,B:1,ESTOP:0,MODE:1,J:0",DRIVE_RUN,,,,,,,,,,,,,,,,,,0,,,False,0,,,,-9999.0,-1.0,-1.0,False,36.967650305,127.87368678333333,121.86099999999999,2,0.00012100000000000003,36.96765022070358,127.8736878003073,4.0,0.062434755325317386,1.0,0.0,0.10286951065063477,0.09093664580872957,3.35679737687163,-5.969952779801641,0.0,0.0,0.0,-0.08150645700257819,0.48561330822734344,0.2084168994723723,0.8450436724535042,-0.043545964837258526,0.004485496177625427,0.01111774733520388,-7.7668668,0.6472389,4.8640984
1789565183.644828,9.274,3.0,-2.7911996487622592,3,0,187,7.13876833769844,-1.2062538924862076,-7.835790525668614,1.0,23.0,111.0,1.0,-0.6198380103564624,3.315552810285192,45.0,8.607205497998436,31.279417842569252,-5.969952779801641,0.10389950559786741,2.4966574468545684,0.0,-11.557879446135065,1.0853804266594842,0.0035896190082506806,1.0556469293342192,2.0,3.0,0.9518436497263622,-3.383203282481697,-1.0149609847445091,0.0,0.0,0.0,nan,0.5,,,2,1,1,2.5837583541870117,-4,171,True,True,False,"A:1,B:1,ESTOP:0,MODE:1,J:0",DRIVE_RUN,,,,,,,,,,,,,,,,,,0,,,False,0,,,,-9999.0,-1.0,-1.0,False,36.967650305,127.87368678333333,121.86099999999999,2,0.00012100000000000003,36.96765018001994,127.87368829458994,4.0,0.08743187046051025,1.0,0.0,0.1528637409210205,0.13513153767027017,3.35679737687163,-5.969952779801641,0.0,0.0,0.0,-0.08172310186306464,0.48613119217045153,0.20858727915031575,0.8446828668781455,0.006352998477259359,0.01858775653373961,-0.004310963252425994,-9.34573745,1.53964405,4.8052585
1789565183.694830,9.324,3.0,-2.7618176217017627,3,0,187,7.182730576001159,-1.2107827751198004,-7.711094679765608,1.0,24.0,111.0,1.0,-0.6196650344610973,3.070272988940667,46.0,8.97852566324303,31.235250010036047,-5.969952779801641,0.10389950559786741,-0.3792234696272544,0.0,-11.557879446135065,1.0853804266594842,0.0035896190082506806,1.0556469293342192,2.0,3.0,0.9518436497263622,-3.4141951829995203,-1.024258554899856,0.0,0.0,0.0,nan,0.5,,,2,1,1,2.8085734844207764,-4,321,True,True,False,"A:1,B:1,ESTOP:0,MODE:1,J:0",DRIVE_RUN,,,,,,,,,,,,,,,,,,0,,,False,0,,,,-9999.0,-1.0,-1.0,False,36.967650111666664,127.87368893166666,121.88,2,0.00012100000000000003,36.967650111666664,127.87368893166666,4.0,0.011000000000000001,1.0,1.0,0.0,0.0,3.46956233114155,-7.604272012926624,0.0,0.0,0.0,-0.0817885100666684,0.4858893303865912,0.2088373979586251,0.8447538928299859,-0.046321038347929507,-0.02623229865747477,0.016510814723866358,-8.3552658,1.06892485,3.18716125
1789565183.744822,9.374,3.0,-2.7970301438145255,3,0,191,7.239393133408219,-1.2183918266935703,-7.7247652432039615,1.0,24.0,111.0,1.0,-0.6212038485633055,2.9510982543091906,46.0,8.934339191177973,31.178079339827956,-7.604272012926624,0.00534113334194899,2.693730327967081,0.0,-11.557879446135065,1.0853804266594842,0.0035896190082506806,1.0556469293342192,2.0,3.0,0.9518436497263622,-3.445178434722575,-1.0335535304167724,0.0,0.0,0.0,nan,0.5,,,2,1,1,2.864292621612549,-4,249,True,True,False,"A:1,B:1,ESTOP:0,MODE:1,J:0",DRIVE_RUN,,,,,,,,,,,,,,,,,,0,,,False,0,,,,-9999.0,-1.0,-1.0,False,36.967650111666664,127.87368893166666,121.88,2,0.00012100000000000003,36.967650057954714,127.87368943684643,4.0,0.03663774585723877,1.0,0.0,0.05127549171447754,0.045327534675598136,3.46956233114155,-7.604272012926624,0.0,0.0,0.0,-0.08207488308539451,0.4857188752124761,0.2089489131669223,0.8447965669409457,-0.020734511513692634,0.020734511513692634,-0.014765485471872028,-7.95319315,0.25497289999999995,4.5306723
1789565183.794990,9.424,3.0,-2.7668101705244887,3,0,187,7.2843245783177295,-1.2243710136663877,-7.5900576614859006,1.0,24.0,111.0,1.0,-0.6210318721126874,2.9833623749754183,46.0,8.877241113213833,31.13275246483658,-7.604272012926624,0.00534113334194899,0.679995678330227,0.0,-11.557879446135065,1.0853804266594842,0.0035896190082506806,1.0556469293342192,2.0,3.0,0.9518436497263622,-3.4762386271507406,-1.0428715881452222,0.0,0.0,0.0,nan,0.5,,,2,1,1,3.1181421279907227,-6,172,True,True,False,"A:1,B:1,ESTOP:0,MODE:1,J:0",DRIVE_RUN,,,,,,,,,,,,,,,,,,0,,,False,0,,,,-9999.0,-1.0,-1.0,False,36.967650111666664,127.87368893166666,121.88,2,0.00012100000000000003,36.967650005569936,127.873689929747,4.0,0.06165214633941651,1.0,0.0,0.10130429267883301,0.08955299469551128,3.46956233114155,-7.604272012926624,0.0,0.0,0.0,-0.08256153906350733,0.486264463972511,0.20913730505777778,0.8443885663473668,-0.03155555287605748,0.020978857608971842,-0.001413716694115407,-9.306510849999999,0.93163175,3.6873004
1789565183.844835,9.474,3.0,-2.778386231758501,3,0,241,7.3281638926522215,-1.2302024604124053,-7.556072014747599,1.0,24.0,111.0,1.0,-0.6200727977397095,2.863217209985593,46.0,8.831969481060998,31.088527664177494,-7.604272012926624,0.00534113334194899,1.5962347578061216,0.0,-11.557879446135065,1.0853804266594842,0.0035896190082506806,1.0556469293342192,2.0,3.0,0.9518436497263622,-3.507290220756375,-1.0521870662269126,0.0,0.0,0.0,nan,0.5,,,2,1,1,3.6032960414886475,-4,171,True,True,False,"A:1,B:1,ESTOP:0,MODE:1,J:0",DRIVE_RUN,,,,,,,,,,,,,,,,,,0,,,False,0,,,,-9999.0,-1.0,-1.0,False,36.967650111666664,127.87368893166666,121.88,2,0.00012100000000000003,36.967649953090906,127.87369042201031,4.0,0.08663555240631103,1.0,0.0,0.15127110481262207,0.13372365451561602,3.46956233114155,-7.604272012926624,0.0,0.0,0.0,-0.08286886536927918,0.4862535354092845,0.20909254325454263,0.8443758397832847,-0.022287854547967587,-0.029321531433504737,0.0059515727493006645,-8.79656505,-0.1372931,2.22610955
1789565183.894833,9.524,3.0,-2.7703889519928455,3,0,186,7.371946528363433,-1.2360443994093695,-7.475828023153724,1.0,24.0,111.0,1.0,-0.6191327816898273,2.8435689935914636,46.0,8.787799001483352,31.044357567087676,-7.604272012926624,0.00534113334194899,1.1902501559555732,0.0,-11.557879446135065,1.0853804266594842,0.0035896190082506806,1.0556469293342192,2.0,3.0,1.0903715685548554,-3.5382938606433605,-1.061488158193008,0.0,0.0,0.0,nan,0.5,,,2,1,1,3.5054454803466797,-4,186,True,True,False,"A:1,B:1,ESTOP:0,MODE:1,J:0",DRIVE_RUN,,,,,,,,,,,,,,,,,,0,,,False,0,,,,-9999.0,-1.0,-1.0,False,36.96764981166667,127.87369121166667,121.87100000000001,2,0.00012100000000000003,36.96764981166667,127.87369121166667,4.0,0.011000000000000001,1.0,1.0,0.0,0.0,3.510032858928668,-7.604272012926624,0.0,0.0,0.0,-0.08282354252558755,0.48586696757474374,0.2094601084807573,0.8445117012679363,-0.031625366046137256,0.012688543661998775,0.016667894356545847,-7.168661149999999,0.7158854499999999,4.89351835
1789565183.944819,9.574,3.0,-2.7968083432337045,3,0,186,7.4421797465102175,-1.2517876735308469,-7.416759684291748,1.0,24.0,111.0,1.0,-0.6239215487098403,2.7779062315555665,46.0,8.743684706587699,30.972628654945723,-7.604272012926624,0.00534113334194899,2.085113958106972,0.0,-11.557879446135065,1.0853804266594842,0.0035896190082506806,1.0556469293342192,2.0,3.0,1.0903715685548554,-3.569250499727852,-1.0707751499183555,0.0,0.0,0.0,nan,0.5,,,2,1,1,3.774585247039795,-4,171,True,True,False,"A:1,B:1,ESTOP:0,MODE:1,J:0",DRIVE_RUN,,,,,,,,,,,,,,,,,,0,,,False,0,,,,-9999.0,-1.0,-1.0,False,36.96764981166667,127.87369121166667,121.87100000000001,2,0.00012100000000000003,36.96764976458981,127.87369165541448,4.0,0.033519230842590335,1.0,0.0,0.045038461685180664,0.039814000129699705,3.510032858928668,-7.604272012926624,0.0,0.0,0.0,-0.08303514908369541,0.48631371828450476,0.2096293413005701,0.8441917262629602,-0.03651228795172137,-0.011571532940722405,0.010053096491487338,-8.5121722,1.24544455,3.0400614999999998
1789565183.994817,9.624,3.0,-2.7771126009505074,3,0,186,7.48164734078987,-1.2570282455856743,-7.31232362765607,1.0,25.0,111.0,1.0,-0.6230488708721774,2.7844958408366134,46.0,8.672403729887534,30.932815260020938,-7.604272012926624,0.00534113334194899,2.0678136797361173,0.0,-11.557879446135065,1.0853804266594842,0.0035896190082506806,1.0556469293342192,2.0,3.0,1.0903715685548554,-3.6004465771633436,-1.080133973149003,0.0,0.0,0.0,nan,0.5,,,2,1,1,3.1551027297973633,-4,184,True,True,False,"A:1,B:1,ESTOP:0,MODE:1,J:0",DRIVE_RUN,,,,,,,,,,,,,,,,,,0,,,False,0,,,,-9999.0,-1.0,-1.0,False,36.96764981166667,127.87369121166667,121.87100000000001,2,0.00012100000000000003,36.96764971261516,127.87369214769228,4.0,0.05849917984008789,1.0,0.0,0.09499835968017578,0.08397854584845316,3.510032858928668,-7.604272012926624,0.0,0.0,0.0,-0.08389003707600423,0.48765103907428514,0.20949642826268686,0.8433683491300424,-0.013194689145077132,-0.011484266478122689,0.009564404300928926,-7.9237732,0.8727918499999999,8.79656505
1789565184.044879,9.674,3.0,-2.7586995609740894,3,0,193,7.525431265714464,-1.2628140366048266,-7.208879304703572,1.0,25.0,111.0,1.0,-0.6220531730642644,2.69357322146349,46.0,8.632642064568053,30.888651544728408,-7.604272012926624,0.00534113334194899,0.8939626355438779,0.0,-11.557879446135065,1.0853804266594842,0.0035896190082506806,1.0556469293342192,2.0,3.0,1.0903715685548554,-3.6315990207069526,-1.0894797062120858,0.0,0.0,0.0,nan,0.5,,,2,1,1,2.992072105407715,-4,172,True,True,False,"A:1,B:1,ESTOP:0,MODE:1,J:0",DRIVE_RUN,,,,,,,,,,,,,,,,,,0,,,False,0,,,,-9999.0,-1.0,-1.0,False,36.96764981166667,127.87369121166667,121.87100000000001,2,0.00012100000000000003,36.967649660788865,127.87369264042482,4.0,0.08350058650970459,1.0,0.0,0.14500117301940918,0.12818102386611868,3.510032858928668,-7.604272012926624,0.0,0.0,0.0,-0.08412156929321252,0.48786339146529406,0.20960260830519423,0.8431960741365485,-0.004258603374866164,0.03707079331235956,0.008203047484373348,-8.4533323,-0.5883989999999999,6.6292954
1789565184.094836,9.724,3.0,-2.6463075858497556,3,0,187,7.569255635285186,-1.268583313698969,-7.164193151242728,1.0,25.0,111.0,1.0,-0.6210519219252244,2.605081020098107,46.0,8.588534715379474,30.844450033385655,-7.604272012926624,0.00534113334194899,0.5583385782170852,0.0,-11.557879446135065,1.0853804266594842,0.0035896190082506806,1.0556469293342192,2.0,3.0,1.0903715685548554,-3.6627016793601657,-1.0988105038080496,0.0,0.0,0.0,nan,0.5,,,2,1,1,3.2621123790740967,-4,170,True,True,False,"A:1,B:1,ESTOP:0,MODE:1,J:0",DRIVE_RUN,,,,,,,,,,,,,,,,,,0,,,False,0,,,,-9999.0,-1.0,-1.0,False,36.96764959666667,127.87369359833333,121.87700000000001,2,0.00012100000000000003,36.96764959666667,127.87369359833333,4.0,0.011000000000000001,1.0,1.0,0.0,0.0,3.76197058773974,-7.864128292978363,0.0,0.0,0.0,-0.08426816657587301,0.48802728618620134,0.2099369388696264,0.8430033960416312,0.0026529004630313807,0.026982790235832336,-0.003961897402027128,-9.875296549999998,0.57859235,4.0011132
1789565184.144822,9.774,3.0,-2.6727950543801975,3,0,186,7.65445345212761,-1.2757213640542517,-7.171293639377353,1.0,25.0,111.0,1.0,-0.6158442669548584,2.4085754368971344,47.0,8.943578969132927,30.75907849185471,-7.864128292978363,-0.03499675708678183,-0.15974387552016786,0.0,-11.557879446135065,1.0853804266594842,0.0035896190082506806,1.0556469293342192,2.0,3.0,1.0903715685548554,-3.6937542754564268,-1.108126282636928,0.0,0.0,0.0,nan,0.5,,,2,1,1,4.130019187927246,-4,171,True,True,False,"A:1,B:1,ESTOP:0,MODE:1,J:0",DRIVE_RUN,,,,,,,,,,,,,,,,,,0,,,False,0,,,,-9999.0,-1.0,-1.0,False,36.96764959666667,127.87369359833333,121.87700000000001,2,0.00012100000000000003,36.96764954197403,127.87369409356592,4.0,0.03615017986297608,1.0,0.0,0.05030035972595215,0.044465517997741705,3.76197058773974,-7.864128292978363,0.0,0.0,0.0,-0.08459699200998727,0.4879957206857787,0.21004284049920305,0.8429623542544803,0.022776546738526,-0.03645992807416154,0.0010297442586766543,-9.26728425,-1.3827376499999997,0.3138128
1789565184.194819,9.824,3.0,-2.701593944403124,3,0,274,7.698500179408582,-1.2818097202681815,-7.179288518889564,1.0,25.0,111.0,1.0,-0.6155256265698502,2.4159998102689686,47.0,8.858082669645578,30.714612976709674,-7.864128292978363,-0.03499675708678183,-1.2128835715836115,0.0,-11.557879446135065,1.0853804266594842,0.0035896190082506806,1.0556469293342192,2.0,3.0,1.1822660552293338,-3.7245464888041697,-1.1173639466412508,0.0,0.0,0.0,nan,0.5,,,2,1,1,3.8870320320129395,-4,186,True,True,False,"A:1,B:1,ESTOP:0,MODE:1,J:0",DRIVE_RUN,,,,,,,,,,,,,,,,,,0,,,False,0,,,,-9999.0,-1.0,-1.0,False,36.96764959666667,127.87369359833333,121.87700000000001,2,0.00012100000000000003,36.9676494875782,127.87369458584286,4.0,0.06115051364898682,1.0,0.0,0.10030102729797363,0.08866610807088368,3.76197058773974,-7.864128292978363,0.0,0.0,0.0,-0.0846003296510461,0.4877859741699881,0.21039053622691992,0.8429967081146398,-0.05625196179177724,-0.03546509040052478,-0.003543018381548489,-7.93357985,1.5886772999999998,5.9428298999999996
1789565184.244822,9.874,3.0,-2.7528604291068186,3,0,186,7.74228402723316,-1.287865036767503,-7.240027777872626,1.0,25.0,111.0,1.0,-0.615212150306359,2.439699998678909,47.0,8.813683162579645,30.67041238791815,-7.864128292978363,-0.03499675708678183,2.5935824080273218,0.0,-11.557879446135065,1.0853804266594842,0.0035896190082506806,1.0556469293342192,2.0,3.0,1.1822660552293338,-3.755322770132662,-1.1265968310397987,0.0,0.0,0.0,nan,0.5,,,2,1,1,3.5137767791748047,-4,213,True,True,False,"A:1,B:1,ESTOP:0,MODE:1,J:0",DRIVE_RUN,,,,,,,,,,,,,,,,,,0,,,False,0,,,,-9999.0,-1.0,-1.0,False,36.96764959666667,127.87369359833333,121.87700000000001,2,0.00012100000000000003,36.96764943314623,127.87369507821879,4.0,0.08615609264373779,1.0,0.0,0.15031218528747559,0.13287597158636325,3.76197058773974,-7.864128292978363,0.0,0.0,0.0,-0.08501994481300165,0.48819833346740704,0.21035538173546064,0.8427245158167461,0.0013962634015954637,0.017121679962064373,0.02426007660272118,-8.34545915,0.10787314999999999,7.77667345
1789565184.294830,9.924,3.0,0.17797351077164666,3,0,209,7.786076679626784,-1.293924376153241,-7.1112113908772585,1.0,25.0,111.0,1.0,-0.6149013869736377,2.516229907902459,47.0,8.769549031863411,30.626202525713392,-7.864128292978363,-0.03499675708678183,0.6697650361556371,0.0,-11.557879446135065,1.0853804266594842,0.0035896190082506806,1.0556469293342192,2.0,3.0,1.1822660552293338,-3.78608337764798,-1.135825013294394,0.0,0.0,0.0,nan,0.5,,,2,1,1,4.163125991821289,-4,171,True,True,False,"A:1,B:1,ESTOP:0,MODE:1,J:0",DRIVE_RUN,,,,0.0,0.0,-0.13519601453528235,0.17797351077164666,3.0,93.45215172656772,1.0,8.512679425837321,-0.24234449760765525,-1.05,1.0,3646.0,5.0,0.0,L,,🛞 라이다 구간 진입 — WP 26/111 에서 조종권 이양 (CTE -0.61m). 이제 /cmd_vel_raw 는 mppi 가 낸다,False,0,,,,-9999.0,-1.0,-1.0,False,36.96764932333333,127.87369606666667,121.869,2,0.00012100000000000003,36.96764932333333,127.87369606666667,4.0,0.011000000000000001,1.0,1.0,0.0,0.0,3.9285988658806437,-7.864128292978363,0.0,0.0,0.0,-0.08501276687718069,0.4882249991828977,0.21060717060414208,0.8426469007424543,0.0045204027626653135,0.01764527873766267,-0.010035643198967395,-9.46341725,-0.34323275000000003,1.4808041499999998
1789565184.344841,9.974,3.0,0.7384914153955514,3,0,190,7.873990713603816,-1.3061486916823972,-7.077500570913372,1.0,26.0,111.0,1.0,-0.6143370528562607,2.516229907902459,47.0,8.769549031863411,30.537442683805224,-7.864128292978363,-0.03499675708678183,-0.4525470438584145,0.0,-11.557879446135065,1.0853804266594842,0.0035896190082506806,1.0556469293342192,0.0,0.0,1.1822660552293338,0.0,0.0,0.0,0.0,0.0,nan,0.5,,,2,1,1,3.9625415802001953,-4,173,True,True,False,"A:1,B:1,ESTOP:0,MODE:1,J:0",DRIVE_RUN,,,,-0.6149013869736377,0.05288204536656008,-0.5609877948468036,0.7384914153955514,3.0,90.64465416522225,1.0,8.512679425837321,-0.24234449760765525,-1.05,1.0,3646.0,5.0,0.0,L,,,False,0,,,,-9999.0,-1.0,-1.0,False,36.96764932333333,127.87369606666667,121.869,2,0.00012100000000000003,36.96764927330527,127.87369652219897,4.0,0.0341316089630127,1.0,0.0,0.04626321792602539,0.040896684646606445,3.9285988658806437,-7.864128292978363,0.0,0.0,0.0,-0.08529014531012202,0.48795256178707164,0.21096088169974686,0.8426881955687272,-0.0012740903539558606,-0.004345869837465881,0.018622663118779494,-7.050981349999999,1.8828768,4.95235825
1789565184.394831,10.024,3.0,1.3586349156616517,3,0,186,7.914506438364077,-1.3117177902332127,-7.100092080180275,1.0,26.0,111.0,1.0,-0.6140130963025279,2.516229907902459,47.0,8.769549031863411,30.496546023745317,-7.864128292978363,-0.03499675708678183,0.5782470841388121,0.0,-11.557879446135065,1.0853804266594842,0.0035896190082506806,1.0556469293342192,0.0,0.0,1.1822660552293338,0.0,0.0,0.0,0.0,0.0,nan,0.5,,,3,1,2,3.637190580368042,-4,225,True,True,False,"A:1,B:1,ESTOP:0,MODE:1,J:0",DRIVE_RUN,,,,-0.6143370528562607,0.10413288462237684,-1.0320703805710456,1.3586349156616517,3.0,90.69227818757659,1.0,8.472270742358079,-0.24170305676855874,-1.05,1.0,3880.0,6.0,0.0,L,,,False,0,,,,-9999.0,-1.0,-1.0,False,36.96764932333333,127.87369606666667,121.869,2,0.00012100000000000003,36.96764921932563,127.87369701456441,4.0,0.059132777214050296,1.0,0.0,0.09626555442810059,0.08509874953560309,3.9285988658806437,-7.864128292978363,0.0,0.0,0.0,-0.08571125012821507,0.48827637293813103,0.21117054533710425,0.8424053454328692,-0.01984439359517553,0.03077015471266003,-0.007487462491055674,-8.95347145,1.1375714,7.32556755
1789565184.444835,10.074,3.0,1.9445476422826975,3,0,180,7.958298157973901,-1.317726776306079,-7.071189679815376,1.0,26.0,111.0,1.0,-0.614221974464457,2.516229907902459,47.0,8.769549031863411,30.452343997091365,-7.864128292978363,-0.03499675708678183,0.8717027511633921,0.0,-11.557879446135065,1.0853804266594842,0.0035896190082506806,1.0556469293342192,0.0,0.0,1.1822660552293338,0.0,0.0,0.0,0.0,0.0,nan,0.5,,,2,1,1,4.040933132171631,-4,169,True,True,False,"A:1,B:1,ESTOP:0,MODE:1,J:0",DRIVE_RUN,,,,-0.6140130963025279,0.14341895648619432,-1.4771446295875041,1.9445476422826975,3.0,90.68695004545113,1.0,8.424583333333336,-0.263333333333333,-1.05,1.0,3509.0,4.0,0.0,L,,,False,0,,,,-9999.0,-1.0,-1.0,False,36.96764932333333,127.87369606666667,121.869,2,0.00012100000000000003,36.96764916546478,127.87369750686412,4.0,0.08412965393066406,1.0,0.0,0.14625930786132812,0.12929322535144047,3.9285988658806437,-7.864128292978363,0.0,0.0,0.0,-0.0859643750792595,0.4880857859289501,0.21145101557340173,0.8424196459035892,-0.012723450247038663,-0.04551818689201212,0.02403318379996192,-9.384964049999999,1.22583125,2.5693422999999997
1789565184.494821,10.124,3.0,2.5137983897564804,3,0,186,8.002084030621852,-1.3237225388997658,-7.027490485081131,1.0,26.0,111.0,1.0,-0.6145039163506771,2.516229907902459,47.0,8.769549031863411,30.408149577286782,-7.864128292978363,-0.03499675708678183,1.1757009954305933,0.0,-11.557879446135065,1.0853804266594842,0.0035896190082506806,1.0556469293342192,0.0,0.0,1.1822660552293338,0.0,0.0,0.0,0.0,0.0,nan,0.5,,,2,1,1,3.4992969036102295,-3,170,True,True,False,"A:1,B:1,ESTOP:0,MODE:1,J:0",DRIVE_RUN,,,,-0.614221974464457,0.20139291868466627,-1.9095547125020471,2.5137983897564804,3.0,90.78927336181805,1.0,8.407258064516132,-0.2895161290322578,-1.05,1.0,3911.0,4.0,0.0,L,,,False,0,,,,-9999.0,-1.0,-1.0,False,36.96764909666667,127.87369866833333,121.875,2,0.00012100000000000003,36.96764909666667,127.87369866833333,4.0,0.011000000000000001,1.0,1.0,0.0,0.0,4.104341683209233,-7.036558633437065,0.0,0.0,0.0,-0.0858963985512432,0.48776817719725757,0.2119155884598411,0.8424937966521238,-0.018901915799098588,0.004084070449666731,0.014748032179352085,-6.805815099999999,0.5295591,7.7080269
1789565184.544822,10.174,3.0,3.5456842332876475,3,0,189,8.10538684104025,-1.3313811093103611,-6.9694498594904815,1.0,26.0,111.0,1.0,-0.60873651908493,2.516229907902459,47.0,8.769549031863411,30.304774057992294,-7.036558633437065,-0.00045340741779682504,1.3716274217592415,0.0,-11.557879446135065,1.0853804266594842,0.0035896190082506806,1.0556469293342192,0.0,0.0,1.1822660552293338,0.0,0.0,0.0,0.0,0.0,nan,0.5,,,3,1,2,3.977625608444214,-3,182,True,True,False,"A:1,B:1,ESTOP:0,MODE:1,J:0",DRIVE_RUN,,,,-0.6145039163506771,0.24226675623419025,-2.6933630156905206,3.5456842332876475,3.0,100.91554201476947,1.0,8.367624521072795,-0.24999999999999983,-1.05,1.0,3929.0,4.0,0.0,L,,,False,0,,,,-9999.0,-1.0,-1.0,False,36.96764909666667,127.87369866833333,121.875,2,0.00012100000000000003,36.96764904630814,127.87369918058207,4.0,0.03696366405487061,1.0,0.0,0.05192732810974121,0.04590375804901123,4.104341683209233,-7.036558633437065,0.0,0.0,0.0,-0.08576847954010515,0.48776930284126024,0.21233957863189662,0.8423994174200015,0.02431243648028101,0.03324852225049198,0.018500490071139894,-9.561483749999999,-0.5491724,2.83412185
1789565184.594874,10.224,3.0,4.7584943579913475,3,0,194,8.150947010038093,-1.3369869952037519,-6.900851875712306,1.5,27.0,111.0,1.0,-0.6084023641491694,2.516229907902459,47.0,8.769549031863411,30.258875815188638,-7.036558633437065,-0.00045340741779682504,-0.5842282263592707,0.0,-11.557879446135065,1.0853804266594842,0.0035896190082506806,1.0556469293342192,0.0,0.0,1.1822660552293338,0.0,0.0,0.0,0.0,0.0,nan,0.5,,,3,2,1,3.667508840560913,-3,170,True,True,False,"A:1,B:1,ESTOP:0,MODE:1,J:0",DRIVE_RUN,,,,-0.60873651908493,0.2688049585640298,-3.430593221791222,4.7584943579913475,3.0,99.16278443985718,1.0,8.330384615384615,-0.27423076923076894,-1.05,1.0,4081.0,4.0,0.0,L,,,False,0,,,,-9999.0,-1.0,-1.0,False,36.96764909666667,127.87369866833333,121.875,2,0.00012100000000000003,36.96764897398257,127.8736999214509,4.0,0.061995349884033206,1.0,0.0,0.1019906997680664,0.1122877791561049,4.104341683209233,-7.036558633437065,0.0,0.0,0.0,-0.08582950375165235,0.48845538057562643,0.21209931211035896,0.8420561259647587,0.004345869837465881,-0.018360863730980347,-0.012793263417118436,-7.58054045,0.5883989999999999,6.5900688
1789565184.644844,10.274,3.0,4.453235952019025,3,0,189,8.216840993779428,-1.345038240775544,-6.930107135794117,1.5,27.0,111.0,1.0,-0.607862963413525,2.516229907902459,47.0,8.769549031863411,30.192500685342637,-7.036558633437065,-0.00045340741779682504,-0.631103261406816,0.0,-11.557879446135065,1.0853804266594842,0.0035896190082506806,1.0556469293342192,0.0,0.0,1.1822660552293338,0.0,0.0,0.0,0.0,0.0,nan,0.5,,,3,1,2,3.625859260559082,-1,169,True,True,False,"A:1,B:1,ESTOP:0,MODE:1,J:0",DRIVE_RUN,,,,-0.6084023641491694,0.22294284915936474,-3.2105636580090997,4.453235952019025,3.0,98.37653050166645,1.0,8.330384615384615,-0.27423076923076894,-1.05,1.0,4081.0,4.0,0.0,L,,,False,0,,,,-9999.0,-1.0,-1.0,False,36.96764909666667,127.87369866833333,121.875,2,0.00012100000000000003,36.967648902026134,127.8737006594219,4.0,0.0869286880493164,1.0,0.0,0.1518573760986328,0.17841098697493415,4.104341683209233,-7.036558633437065,0.0,0.0,0.0,-0.0854840791094886,0.4885195451729532,0.21167765362798996,0.8421601374782366,0.023108159296404925,0.0019198621771937625,-0.03230604445441504,-8.845598299999999,0.9218251,5.3740442
1789565184.694848,10.324,3.0,3.6779414825487633,3,0,194,8.28247723848675,-1.3530483945321148,-6.961718392866203,1.5,27.0,111.0,1.0,-0.6073156473675707,2.516229907902459,47.0,8.769549031863411,30.126386536217215,-7.036558633437065,-0.00045340741779682504,-2.0541377625610377,0.0,-11.557879446135065,1.0853804266594842,0.0035896190082506806,1.0556469293342192,0.0,0.0,1.1822660552293338,0.0,0.0,0.0,0.0,0.0,nan,0.5,,,4,2,2,3.588716506958008,0,180,True,True,False,"A:1,B:1,ESTOP:0,MODE:1,J:0",DRIVE_RUN,,,,-0.607862963413525,0.12242711232380392,-2.651695444399652,3.6779414825487633,3.0,97.4326597156953,1.0,8.246400000000001,-0.3203999999999998,-1.05,1.0,4141.0,4.0,0.0,L,,,False,0,,,,-9999.0,-1.0,-1.0,False,36.96764888166667,127.87370137666667,121.888,2,0.00012100000000000003,36.96764888166667,127.87370137666667,4.0,0.011000000000000001,1.0,1.0,0.0,0.0,4.316020855548183,-7.036558633437065,0.0,0.0,0.0,-0.08516148167096495,0.48842998853477737,0.2108507447116009,0.8424521540088117,0.013561208287995941,0.009145525280450288,0.0045204027626653135,-8.0806796,-0.29419949999999995,5.42307745
1789565184.744848,10.374,3.0,2.123683947307063,3,0,181,8.346270062256012,-1.355314799833766,-7.064636752715387,1.5,27.0,111.0,1.0,-0.6009661475113501,2.516229907902459,47.0,8.769549031863411,30.062889207477,-7.036558633437065,-0.00045340741779682504,-0.5172159599354537,0.0,-11.557879446135065,1.0853804266594842,0.0035896190082506806,1.0556469293342192,0.0,0.0,1.1822660552293338,0.0,0.0,0.0,0.0,0.0,nan,0.5,,,2,1,1,3.4950990676879883,2,171,True,True,False,"A:1,B:1,ESTOP:0,MODE:1,J:0",DRIVE_RUN,,,,-0.6073156473675707,0.015447734391359012,-1.5311849338592547,2.123683947307063,3.0,96.65059418639913,1.0,8.184732824427481,-0.2748091603053433,-1.05,1.0,3940.0,5.0,0.0,L,,,False,0,,,,-9999.0,-1.0,-1.0,False,36.96764888166667,127.87370137666667,121.888,2,0.00012100000000000003,36.967648809094555,127.87370211968218,4.0,0.03610440349578858,1.0,0.0,0.05020880699157715,0.0665768780708313,4.316020855548183,-7.036558633437065,0.0,0.0,0.0,-0.08453935676943286,0.488715251007191,0.2099196190705637,0.8425818975739143,0.03876376268679406,-0.005777039824101231,-0.04773475504204491,-8.6886919,2.549729,4.93274495
1789565184.794822,10.424,3.0,0.951408782850861,3,0,190,8.412354973443673,-1.3633934905712826,-7.0904426513664305,2.0,27.0,111.0,1.0,-0.6000671048998277,2.516229907902459,47.0,8.769549031863411,29.9963215076591,-7.036558633437065,-0.00045340741779682504,-3.292237786935072,0.0,-11.557879446135065,1.0853804266594842,0.0035896190082506806,1.0556469293342192,0.0,0.0,1.1822660552293338,0.0,0.0,0.0,0.0,0.0,nan,0.5,,,4,2,2,3.6544907093048096,2,169,True,True,False,"A:1,B:1,ESTOP:0,MODE:1,J:0",DRIVE_RUN,,,,-0.6009661475113501,-0.1746496573595867,-0.6403978485527115,0.951408782850861,3.0,96.82699879975556,1.0,8.063380281690142,-0.2345070422535209,-1.05,1.0,3988.0,5.0,0.0,L,,,False,0,,,,-9999.0,-1.0,-1.0,False,36.96764888166667,127.87370137666667,121.888,2,0.00012100000000000003,36.967648711898995,127.87370310595782,4.0,0.06110032653808594,1.0,0.0,0.10020065307617188,0.15496243981498556,4.316020855548183,-7.036558633437065,0.0,0.0,0.0,-0.08380522635674739,0.4887655101058004,0.20834808016268985,0.8430160364185444,0.09232791743050003,-0.032969269570172884,-0.030874874467779687,-9.218250999999999,0.35303939999999995,4.4522191
1789565184.844820,10.474,3.0,-0.15871919713666707,3,0,184,8.500075804891937,-1.374213250822841,-7.254962546840403,1.0,27.0,111.0,1.0,-0.5989689832336336,2.516229907902459,47.0,8.769549031863411,29.907946632474857,-7.036558633437065,-0.00045340741779682504,-5.564175452098627,0.0,-11.557879446135065,1.0853804266594842,0.0035896190082506806,1.0556469293342192,0.0,0.0,1.1822660552293338,0.0,0.0,0.0,0.0,0.0,nan,0.5,,,2,1,1,3.483593702316284,3,171,True,True,False,"A:1,B:1,ESTOP:0,MODE:1,J:0",DRIVE_RUN,,,,-0.6000671048998277,-0.34844719513773703,0.12056964623197952,-0.15871919713666707,3.0,96.80195768532015,1.0,8.00318352059925,-0.23426966292134804,-1.05,1.0,3912.0,5.0,0.0,L,,,False,0,,,,-9999.0,-1.0,-1.0,False,36.96764888166667,127.87370137666667,121.888,2,0.00012100000000000003,36.96764866252049,127.873703599041,4.0,0.08609958744049072,1.0,0.0,0.15019917488098145,0.1991610316483219,4.316020855548183,-7.036558633437065,0.0,0.0,0.0,-0.08293730893060075,0.48866167126354626,0.2069037313983765,0.8435176463825144,0.032864549815053226,0.006544984694978736,-0.04539601384437251,-8.36507245,-1.0002783,6.8450416999999995
1789565184.894828,10.524,3.0,-0.6848881790435556,3,0,185,8.54393136078719,-1.379710041035567,-7.5338794600227175,1.5,28.0,111.0,1.0,-0.5985066947892028,2.516229907902459,47.0,8.769549031863411,29.86375204767763,-7.036558633437065,-0.00045340741779682504,-2.895214224266941,0.0,-11.557879446135065,1.0853804266594842,0.0035896190082506806,1.0556469293342192,0.0,0.0,1.1822660552293338,0.0,0.0,0.0,0.0,0.0,nan,0.5,,,3,1,2,4.1318182945251465,3,170,True,True,False,"A:1,B:1,ESTOP:0,MODE:1,J:0",DRIVE_RUN,,,,-0.5989689832336336,-0.5466599499358462,0.4938168598504224,-0.6848881790435556,3.0,96.9436392453897,1.0,7.919076305220883,-0.18534136546184712,-1.05,1.0,3804.0,5.0,0.0,L,,,False,0,,,,-9999.0,-1.0,-1.0,False,36.967648515,127.873704165,121.88300000000001,2,0.00012100000000000003,36.967648515,127.873704165,4.0,0.011000000000000001,1.0,1.0,0.0,0.0,4.343057565279562,-7.544731644606654,0.0,0.0,0.0,-0.08241209975100655,0.48888407878743334,0.20523561748506644,0.8438477022770853,0.031241393610698498,-0.006283185307179586,-0.06422811647339133,-9.208444349999999,0.7649187,0.784532
1789565184.944831,10.574,3.0,-0.7649679528496932,3,0,180,8.594268602542336,-1.396131946671302,-7.678672530766022,1.5,28.0,111.0,1.0,-0.6079965789215356,2.516229907902459,47.0,8.769549031863411,29.811632667562524,-7.544731644606654,-0.0005426092291969554,-3.3851903979067433,0.0,-11.557879446135065,1.0853804266594842,0.0035896190082506806,1.0556469293342192,0.0,0.0,1.1822660552293338,0.0,0.0,0.0,0.0,0.0,nan,0.5,,,3,2,1,3.9221601486206055,3,170,True,True,False,"A:1,B:1,ESTOP:0,MODE:1,J:0",DRIVE_RUN,,,,-0.5985066947892028,-0.727027300735267,0.5515555269254335,-0.7649679528496932,3.0,96.89931744261666,1.0,7.919076305220883,-0.18534136546184712,-1.05,1.0,3804.0,5.0,0.0,L,,,False,0,,,,-9999.0,-1.0,-1.0,False,36.967648515,127.873704165,121.88300000000001,2,0.00012100000000000003,36.96764844692915,127.87370480149444,4.0,0.03253682708740235,1.0,0.0,0.04307365417480469,0.05711566543579101,4.343057565279562,-7.544731644606654,0.0,0.0,0.0,-0.08164053060523682,0.4884044249124725,0.203849512913913,0.8445361552788447,0.06152285613280011,-0.023945917337362205,-0.001780235837034216,-7.87473995,0.50013915,6.129156249999999
1789565184.994824,10.624,3.0,-0.9780588793678362,3,0,185,8.650879370225494,-1.4037095594589155,-7.848792249618356,1.5,28.0,111.0,1.0,-0.6076736867770332,2.516229907902459,47.0,8.769549031863411,29.75451770519738,-7.544731644606654,-0.0005426092291969554,-3.182290066830355,0.0,-11.557879446135065,1.0853804266594842,0.0035896190082506806,1.0556469293342192,0.0,0.0,1.1822660552293338,0.0,0.0,0.0,0.0,0.0,nan,0.5,,,3,2,1,3.6509108543395996,3,171,True,True,False,"A:1,B:1,ESTOP:0,MODE:1,J:0",DRIVE_RUN,,,,-0.6079965789215356,-0.879605358189093,0.7051966171391393,-0.9780588793678362,3.0,96.897505995982,1.0,7.889473684210523,-0.16578947368421018,-1.05,1.0,3778.0,5.0,0.0,L,,,False,0,,,,-9999.0,-1.0,-1.0,False,36.967648515,127.873704165,121.88300000000001,2,0.00012100000000000003,36.96764836703804,127.87370554048839,4.0,0.05754669761657715,1.0,0.0,0.0930933952331543,0.1234418107983174,4.343057565279562,-7.544731644606654,0.0,0.0,0.0,-0.08096813082325227,0.4884896567285174,0.20251950382760336,0.8448715095383825,0.06590363255530587,0.030682888250060315,-0.06726498937186146,-7.61976705,1.4317708999999998,6.01147645
1789565185.044834,10.674,3.0,-1.2572950454306648,3,0,186,8.716606598007505,-1.4126029970138438,-8.006928614905462,1.5,28.0,111.0,1.0,-0.606690633773697,2.516229907902459,47.0,8.769549031863411,29.688191944773127,-7.544731644606654,-0.0005426092291969554,-5.083499618977784,0.0,-11.557879446135065,1.0853804266594842,0.0035896190082506806,1.0556469293342192,0.0,0.0,1.1822660552293338,0.0,0.0,0.0,0.0,0.0,nan,0.5,,,3,2,1,3.888352394104004,2,173,True,True,False,"A:1,B:1,ESTOP:0,MODE:1,J:0",DRIVE_RUN,,,,-0.6076736867770332,-1.10105993161034,0.9065277741562308,-1.2572950454306648,3.0,97.0579692379632,1.0,7.802380952380953,-0.14926739926739893,-1.05,1.0,3885.0,5.0,0.0,L,,,False,0,,,,-9999.0,-1.0,-1.0,False,36.967648515,127.873704165,121.88300000000001,2,0.00012100000000000003,36.96764828618408,127.87370627879805,4.0,0.08253928279876709,1.0,0.0,0.14307856559753418,0.1897220239175824,4.343057565279562,-7.544731644606654,0.0,0.0,0.0,-0.08011158809276518,0.48904443962061556,0.2009097262075546,0.8450165391544822,0.06054547175168329,-0.02066469834361286,-0.03129375348825833,-9.2574776,1.4415775499999999,3.5205873499999996
1789565185.094822,10.724,3.0,-1.3481975719441275,3,0,185,8.78227296480635,-1.4216036184687706,-8.26197841800004,1.5,28.0,111.0,1.0,-0.605822625719496,2.516229907902459,47.0,8.769549031863411,29.62191171908459,-7.544731644606654,-0.0005426092291969554,-3.9570884556741506,0.0,-11.557879446135065,1.0853804266594842,0.0035896190082506806,1.0556469293342192,0.0,0.0,1.1822660552293338,0.0,0.0,0.0,0.0,0.0,nan,0.5,,,3,2,1,3.7822458744049072,1,199,True,True,False,"A:1,B:1,ESTOP:0,MODE:1,J:0",DRIVE_RUN,,,,-0.606690633773697,-1.2721157612180436,0.9720686881342067,-1.3481975719441275,3.0,97.1995745989217,1.0,7.746296296296296,-0.13444444444444412,-1.05,1.0,3803.0,6.0,0.0,L,,,False,0,,,,-9999.0,-1.0,-1.0,False,36.96764803166667,127.87370701833333,121.89500000000001,2,0.00012100000000000003,36.96764803166667,127.87370701833333,4.0,0.011000000000000001,1.0,1.0,0.0,0.0,4.470922030446766,-7.544731644606654,0.0,0.0,0.0,-0.07961831683658566,0.48850831145667684,0.19961833336817525,0.8456790610185212,0.061121430404841415,-0.0356745299107641,-0.03038618227722128,-7.65899365,-1.0493115499999999,5.913409949999999
1789565185.144826,10.774,3.0,-1.6243934605268047,3,0,185,8.848048339652486,-1.4499363669273466,-8.460570424839318,1.5,28.0,111.0,1.0,-0.6240554285086897,2.516229907902459,47.0,8.769549031863411,29.55286945920859,-7.544731644606654,-0.0005426092291969554,-4.005714628958902,0.0,-11.557879446135065,1.0853804266594842,0.0035896190082506806,1.0556469293342192,0.0,0.0,1.1822660552293338,0.0,0.0,0.0,0.0,0.0,nan,0.5,,,4,2,2,3.4556407928466797,0,170,True,True,False,"A:1,B:1,ESTOP:0,MODE:1,J:0",DRIVE_RUN,,,,-0.605822625719496,-1.3580537470871585,1.1712050139699561,-1.6243934605268047,3.0,97.32895047622755,1.0,7.672556390977445,-0.13383458646616508,-1.05,1.0,3662.0,5.0,0.0,L,,,False,0,,,,-9999.0,-1.0,-1.0,False,36.96764803166667,127.87370701833333,121.89500000000001,2,0.00012100000000000003,36.967647966739136,127.87370759475463,4.0,0.030522905349731448,1.0,0.0,0.03904581069946289,0.05177474498748779,4.470922030446766,-7.544731644606654,0.0,0.0,0.0,-0.07906693353881407,0.48849176534396227,0.19912199568667627,0.8458573437912941,-0.011903145498601329,-0.006370451769779303,-0.008848819307611252,-8.5121722,1.6279039,6.864654999999999
1789565185.194829,10.824,3.0,-2.3318353342125544,3,0,185,8.89931611287686,-1.4571640669030215,-8.660599060383362,2.0,29.0,111.0,1.0,-0.6235761503667767,2.516229907902459,47.0,8.769549031863411,29.501094897392246,-7.544731644606654,-0.0005426092291969554,0.3252754691298711,0.0,-11.557879446135065,1.0853804266594842,0.0035896190082506806,1.0556469293342192,0.0,0.0,1.1822660552293338,0.0,0.0,0.0,0.0,0.0,nan,0.5,,,4,2,2,3.3507273197174072,-1,186,True,True,False,"A:1,B:1,ESTOP:0,MODE:1,J:0",DRIVE_RUN,,,,-0.6240554285086897,-1.3877812107433949,1.5695199127570918,-2.3318353342125544,3.0,97.37597662340882,1.0,7.672556390977445,-0.13383458646616508,-1.05,1.0,3662.0,5.0,0.0,L,,,False,0,,,,-9999.0,-1.0,-1.0,False,36.96764803166667,127.87370701833333,121.89500000000001,2,0.00012100000000000003,36.96764785523703,127.87370857886211,4.0,0.055523954391479495,1.0,0.0,0.08904790878295898,0.1401784435694996,4.470922030446766,-7.544731644606654,0.0,0.0,0.0,-0.07877690202822127,0.4886506856540432,0.19912761714481306,0.8457912858423752,-0.008464846872172497,-0.016702800941585733,-0.01038470904936626,-9.218250999999999,0.16671305,6.4331624
1789565185.244820,10.874,3.0,-2.79902221899134,3,0,197,8.986844104545616,-1.469576424292616,-8.644331347299726,2.0,29.0,111.0,1.0,-0.6228297970824378,2.516229907902459,47.0,8.769549031863411,29.412691723317362,-7.544731644606654,-0.0005426092291969554,0.07942514288673116,0.0,-11.557879446135065,1.0853804266594842,0.0035896190082506806,1.0556469293342192,0.0,0.0,1.1822660552293338,0.0,0.0,0.0,0.0,0.0,nan,0.5,,,3,1,2,3.3487131595611572,-3,171,True,True,False,"A:1,B:1,ESTOP:0,MODE:1,J:0",DRIVE_RUN,,,,-0.6235761503667767,-1.3918595066469284,1.8839441307013478,-2.79902221899134,3.0,99.44763645985306,1.0,7.558303249097473,-0.049638989169674796,-1.05,1.0,3660.0,5.0,0.0,L,,,False,0,,,,-9999.0,-1.0,-1.0,False,36.96764803166667,127.87370701833333,121.89500000000001,2,0.00012100000000000003,36.96764774330769,127.873709563334,4.0,0.0805359706878662,1.0,0.0,0.13907194137573242,0.2286209166214344,4.470922030446766,-7.544731644606654,0.0,0.0,0.0,-0.07829062014106913,0.48848063069271225,0.19912262121362276,0.845935833238546,0.018832102629018816,-0.00013962634015954637,-0.021624629432209747,-8.7867584,0.73549875,5.16810455
1789565185.294811,10.924,2.0,-2.6644434591373556,3,0,192,9.07440450855555,-1.4820363420709888,-8.640382192756135,2.0,29.0,111.0,1.0,-0.6243239911160442,2.516229907902459,47.0,8.769549031863411,29.32424993252821,-7.544731644606654,-0.0005426092291969554,-1.5459897302421333,0.0,-11.557879446135065,1.0853804266594842,0.0035896190082506806,1.0556469293342192,0.0,0.0,1.1822660552293338,0.0,0.0,0.0,0.0,0.0,nan,0.5,,,4,2,2,3.290419816970825,-2,170,True,True,False,"A:1,B:1,ESTOP:0,MODE:1,J:0",DRIVE_RUN,,,,-0.6228297970824378,-1.4149334745744857,1.7933721232351059,-2.6644434591373556,2.0,99.60603827335777,1.0,7.399999999999999,-0.04852941176470559,-1.05,1.0,3246.0,4.0,0.0,L,,,False,0,,,,-9999.0,-1.0,-1.0,False,36.96764761,127.87370993833333,121.90700000000001,2,0.00012100000000000003,36.96764761,127.87370993833333,4.0,0.011000000000000001,1.0,1.0,0.0,0.0,4.712751324841187,-11.10017414020896,0.0,0.0,0.0,-0.0779452292531975,0.48870310701420927,0.19877032662498217,0.845922083696083,0.004380776422505767,-0.018238690683340743,0.011344640137963142,-8.5317855,0.0588399,5.7663101999999995
1789565185.344783,10.974,2.0,-2.2525219420828866,2,0,184,9.107757510374718,-1.4968760858696102,-8.840542195486194,1.5,29.0,111.0,1.0,-0.6352330729536103,2.516229907902459,47.0,8.769549031863411,29.2891807362277,-11.10017414020896,-0.12298959737264142,0.04913588424375579,0.0,-11.557879446135065,1.0853804266594842,0.0035896190082506806,1.0556469293342192,0.0,0.0,1.1822660552293338,0.0,0.0,0.0,0.0,0.0,nan,0.5,,,3,1,2,3.068734884262085,-2,171,True,True,False,"A:1,B:1,ESTOP:0,MODE:1,J:0",DRIVE_RUN,,,,-0.6243239911160442,-1.451890802546746,1.6240732367461361,-2.2525219420828866,2.0,99.60266561560509,1.0,7.399999999999999,-0.04852941176470559,-1.05,1.0,3246.0,4.0,0.0,L,,,False,0,,,,-9999.0,-1.0,-1.0,False,36.96764761,127.87370993833333,121.90700000000001,2,0.00012100000000000003,36.967647510712624,127.87371057255004,4.0,0.0326745138168335,1.0,0.0,0.04334902763366699,0.05748081064224244,4.712751324841187,-11.10017414020896,0.0,0.0,0.0,-0.0771281889764506,0.48966346124176674,0.1986015397214158,0.8454811444439365,0.008063421144213804,0.002408554367752175,-0.034505159311927894,-8.9044382,1.34351105,6.4821956499999995
1789565185.394822,11.024,2.0,-2.0863075832341496,2,0,190,9.16416569334191,-1.5079287060685362,-8.838085907358021,2.0,29.0,111.0,1.0,-0.6397309957733495,2.516229907902459,47.0,8.769549031863411,29.231791708352315,-11.10017414020896,-0.12298959737264142,-1.3661045319676632,0.0,-11.557879446135065,1.0853804266594842,0.0035896190082506806,1.0556469293342192,0.0,0.0,1.1822660552293338,0.0,0.0,0.0,0.0,0.0,nan,0.5,,,4,2,2,2.659748077392578,-2,173,True,True,False,"A:1,B:1,ESTOP:0,MODE:1,J:0",DRIVE_RUN,,,,-0.6352330729536103,-1.5320656767575385,1.404269880044823,-2.0863075832341496,2.0,99.60695871291576,1.0,7.399999999999999,-0.04852941176470559,-1.05,1.0,3246.0,4.0,0.0,L,,,False,0,,,,-9999.0,-1.0,-1.0,False,36.96764761,127.87370993833333,121.90700000000001,2,0.00012100000000000003,36.96764735765798,127.8737115470333,4.0,0.05765493965148926,1.0,0.0,0.09330987930297852,0.14581158978566797,4.712751324841187,-11.10017414020896,0.0,0.0,0.0,-0.07698607030154442,0.48933088011408377,0.1981675254147751,0.845788428992314,0.019547687622336492,-0.047036623341247176,0.011658799403322121,-7.71783355,1.5494507,6.982334799999999
1789565185.444823,11.074,2.0,-1.4138431530478814,2,0,184,9.250837692825815,-1.5249666709616228,-8.906565320830708,2.0,29.0,111.0,1.0,-0.6466972048427224,2.516229907902459,47.0,8.769549031863411,29.143605772221296,-11.10017414020896,-0.12298959737264142,-0.7841958224904462,0.0,-11.557879446135065,1.0853804266594842,0.0035896190082506806,1.0556469293342192,0.0,0.0,1.1822660552293338,0.0,0.0,0.0,0.0,0.0,nan,0.5,,,4,2,2,2.251866102218628,-2,175,True,True,False,"A:1,B:1,ESTOP:0,MODE:1,J:0",DRIVE_RUN,,,,-0.6397309957733495,-1.5329370410591203,0.9516573834859618,-1.4138431530478814,2.0,99.8922940390997,1.0,7.2976868327402125,-0.06459074733096054,-1.05,1.0,3252.0,4.0,0.0,L,,,False,0,,,,-9999.0,-1.0,-1.0,False,36.96764761,127.87370993833333,121.90700000000001,2,0.00012100000000000003,36.96764720415243,127.87371252144892,4.0,0.08263643836975097,1.0,0.0,0.14327287673950195,0.2341461510486986,4.712751324841187,-11.10017414020896,0.0,0.0,0.0,-0.07681252640323225,0.48852573413123296,0.19803768840922445,0.8462998977009413,-0.011972958668681102,0.019792033717615697,-0.011903145498601329,-7.60015375,1.16699135,7.1588544999999995
1789565185.494882,11.124,2.0,0.645084899689164,2,0,184,9.337503677244532,-1.54205483097307,-8.945764417451187,2.0,30.0,111.0,1.0,-0.6537139677230688,2.516229907902459,47.0,8.769549031863411,29.055419841464815,-11.10017414020896,-0.12298959737264142,0.3219722797343274,0.0,-11.557879446135065,1.0853804266594842,0.0035896190082506806,1.0556469293342192,0.0,0.0,1.1822660552293338,0.0,0.0,0.0,0.0,0.0,nan,0.5,,,4,2,2,2.115596055984497,-3,171,True,True,False,"A:1,B:1,ESTOP:0,MODE:1,J:0",DRIVE_RUN,,,,-0.6466972048427224,-1.5579687497892891,-0.434211246589319,0.645084899689164,2.0,100.115693556801,1.0,7.204779411764704,-0.050735294117646774,-1.05,1.0,3438.0,4.0,0.0,L,,,False,0,,,,-9999.0,-1.0,-1.0,False,36.967647211666666,127.873713055,121.90299999999999,2,0.00012100000000000003,36.967647211666666,127.873713055,4.0,0.011000000000000001,1.0,1.0,0.0,0.0,4.951322070541923,-11.10017414020896,0.0,0.0,0.0,-0.0767587682846601,0.4884682928779843,0.1979113999745458,0.8463674710812112,0.012356931104119853,0.008709192967451705,0.006492624817418906,-9.36535075,0.7943386499999999,6.52142225
1789565185.544827,11.174,2.0,0.9864243326845301,2,0,184,9.384958508356684,-1.541218349811783,-8.929669964082677,2.0,30.0,111.0,1.0,-0.6473687686541002,2.516229907902459,47.0,8.769549031863411,29.008521637625705,-11.10017414020896,-0.12298959737264142,-0.4029233145459697,0.0,-11.557879446135065,1.0853804266594842,0.0035896190082506806,1.0556469293342192,0.0,0.0,1.1822660552293338,0.0,0.0,0.0,0.0,0.0,nan,0.5,,,4,2,2,2.0345075130462646,-2,174,True,True,False,"A:1,B:1,ESTOP:0,MODE:1,J:0",DRIVE_RUN,,,,-0.6537139677230688,-1.60025210140441,-0.663966669503268,0.9864243326845301,2.0,102.43420934628115,1.0,6.977241379310343,-0.07482758620689624,-1.05,1.0,3172.0,4.0,0.0,L,,,False,0,,,,-9999.0,-1.0,-1.0,False,36.967647211666666,127.873713055,121.90299999999999,2,0.00012100000000000003,36.967647079206,127.87371389509688,4.0,0.03253861522674561,1.0,0.0,0.04307723045349121,0.07616054344177245,4.951322070541923,-11.10017414020896,0.0,0.0,0.0,-0.07652159578089332,0.48841795301174074,0.19750057115387754,0.8465139531920658,-0.011501719770642632,-0.019303341527057285,-0.01832595714594046,-8.6102387,1.4023509499999998,5.2563644
1789565185.594826,11.224,2.0,0.8565660485544211,2,0,211,9.459677983055936,-1.55596380335403,-8.94990228036761,2.0,30.0,111.0,1.0,-0.6509212004030053,2.516229907902459,47.0,8.769549031863411,28.932489603342056,-11.10017414020896,-0.12298959737264142,-0.0015997638236556718,0.0,-11.557879446135065,1.0853804266594842,0.0035896190082506806,1.0556469293342192,0.0,0.0,1.1822660552293338,0.0,0.0,0.0,0.0,0.0,nan,0.5,,,4,2,2,1.8874518871307373,-2,170,True,True,False,"A:1,B:1,ESTOP:0,MODE:1,J:0",DRIVE_RUN,,,,-0.6473687686541002,-1.6399423793211947,-0.5765594366997608,0.8565660485544211,2.0,102.42762748466184,1.0,6.977241379310343,-0.07482758620689624,-1.05,1.0,3172.0,4.0,0.0,L,,,False,0,,,,-9999.0,-1.0,-1.0,False,36.967647211666666,127.873713055,121.90299999999999,2,0.00012100000000000003,36.96764692522279,127.87371487006114,4.0,0.057536564826965335,1.0,0.0,0.09307312965393066,0.16455329115610365,4.951322070541923,-11.10017414020896,0.0,0.0,0.0,-0.07641142108258853,0.4880218748424831,0.19707667085650313,0.8468510673120064,0.00942477796076938,-0.010489428804485921,-0.009250245035569947,-8.227779349999999,1.26505785,5.619210449999999
1789565185.644825,11.274,2.0,-1.0153949331062255,2,0,184,9.546392762937275,-1.5731051364955084,-8.949981978226901,2.0,30.0,111.0,1.0,-0.6550722936475571,2.516229907902459,47.0,8.769549031863411,28.844248496730085,-11.10017414020896,-0.12298959737264142,-0.7598791257222429,0.0,-11.557879446135065,1.0853804266594842,0.0035896190082506806,1.0556469293342192,0.0,0.0,1.1822660552293338,0.0,0.0,0.0,0.0,0.0,nan,0.5,,,4,2,2,1.9338799715042114,-2,171,True,True,False,"A:1,B:1,ESTOP:0,MODE:1,J:0",DRIVE_RUN,,,,-0.6509212004030053,-1.6695342264037776,0.6834666343972475,-1.0153949331062255,2.0,102.5318492877123,1.0,6.880388692579504,-0.027738515901059767,-1.05,1.0,3249.0,4.0,0.0,L,,,False,0,,,,-9999.0,-1.0,-1.0,False,36.967647211666666,127.873713055,121.90299999999999,2,0.00012100000000000003,36.967646770731406,127.873715844711,4.0,0.08252986526489257,1.0,0.0,0.14305973052978516,0.25292958138314875,4.951322070541923,-11.10017414020896,0.0,0.0,0.0,-0.07600254329313941,0.4879408422017875,0.19694609700832166,0.8469649241837429,0.015341444125030157,0.005969026041820607,-0.02504547476611863,-8.5317855,-0.08825984999999999,5.1582979
1789565185.694803,11.324,2.0,-2.716460512863601,2,0,181,9.63307958079148,-1.590303038412198,-8.9879675644913,2.0,30.0,111.0,1.0,-0.6592834640140764,2.516229907902459,47.0,8.769549031863411,28.756028337596348,-11.10017414020896,-0.12298959737264142,-1.4503317970067666,0.0,-11.557879446135065,1.0853804266594842,0.0035896190082506806,1.0556469293342192,0.0,0.0,1.1822660552293338,0.0,0.0,0.0,0.0,0.0,nan,0.5,,,4,2,2,1.907595157623291,-2,180,True,True,False,"A:1,B:1,ESTOP:0,MODE:1,J:0",DRIVE_RUN,,,,-0.6550722936475571,-1.6988413436929204,1.8283799598210264,-2.716460512863601,2.0,104.64436058643201,1.0,6.793877551020408,-0.041836734693877276,-1.05,1.0,2810.0,3.0,0.0,L,,,False,0,,,,-9999.0,-1.0,-1.0,False,36.967646735,127.87371609333333,121.898,2,0.00012100000000000003,36.967646735,127.87371609333333,4.0,0.011000000000000001,1.0,1.0,0.0,0.0,5.073715070306025,-10.088997493294869,0.0,0.0,0.0,-0.07585301645064137,0.48788618302453124,0.19683205570098744,0.8470363239894826,0.012391837689159739,-0.02066469834361286,0.001064650843716541,-8.73772515,0.25497289999999995,5.6682437
1789565185.744819,11.374,2.0,-3.61239145921337,2,0,182,9.655192422792405,-1.5942806400678016,-9.11529076510385,2.0,31.0,111.0,1.0,-0.6599527813866306,2.516229907902459,47.0,8.769549031863411,28.733580123373496,-10.088997493294869,-0.05505149644017848,-0.647160848632578,0.0,-11.557879446135065,1.0853804266594842,0.0035896190082506806,1.0556469293342192,0.0,0.0,1.1822660552293338,0.0,0.0,0.0,0.0,0.0,nan,0.5,,,4,2,2,1.8719727993011475,-1,169,True,True,False,"A:1,B:1,ESTOP:0,MODE:1,J:0",DRIVE_RUN,,,,-0.6592834640140764,-1.7149249777136029,2.4313117167273104,-3.61239145921337,2.0,115.19090643709212,1.0,6.691694915254236,0.001525423728813864,-1.05,1.0,3116.0,3.0,0.0,L,,,False,0,,,,-9999.0,-1.0,-1.0,False,36.967646735,127.87371609333333,121.898,2,0.00012100000000000003,36.96764659903782,127.87371704987446,4.0,0.03543778514862061,1.0,0.0,0.04887557029724121,0.08641200828552247,5.073715070306025,-10.088997493294869,0.0,0.0,0.0,-0.07564945266715796,0.4878621070202413,0.19659929013667926,0.8471224492142113,0.02715732316103177,0.0075223690760955605,-0.0014835298641951802,-8.061066299999998,0.3334261,5.2759777
1789565185.794823,11.424,2.0,-3.630467969809364,2,0,185,9.740268622575073,-1.6094158809304462,-9.147730861706862,2.0,31.0,111.0,1.0,-0.6623616828575556,2.516229907902459,47.0,8.769549031863411,28.64723671803216,-10.088997493294869,-0.05505149644017848,-1.3682469775498418,0.0,-11.557879446135065,1.0853804266594842,0.0035896190082506806,1.0556469293342192,0.0,0.0,1.1822660552293338,0.0,0.0,0.0,0.0,0.0,nan,0.5,,,4,2,2,1.713776707649231,0,349,True,True,False,"A:1,B:1,ESTOP:0,MODE:1,J:0",DRIVE_RUN,,,,-0.6599527813866306,-1.7953578390245004,2.443475832814069,-3.630467969809364,2.0,104.89718713304384,1.0,6.675174825174824,0.020979020979021195,-1.05,1.0,3096.0,3.0,0.0,L,,,False,0,,,,-9999.0,-1.0,-1.0,False,36.967646735,127.87371609333333,121.898,2,0.00012100000000000003,36.96764646020321,127.87371802656178,4.0,0.06039031600952149,1.0,0.0,0.09878063201904297,0.17464415740702674,5.073715070306025,-10.088997493294869,0.0,0.0,0.0,-0.0751621477504745,0.48823849734216107,0.19585261147329155,0.8471219368176558,0.03171263250873697,0.029530970943744055,-0.02642428487519415,-8.26700595,0.9512450499999999,5.923216599999999
1789565185.844828,11.474,2.0,-3.333247631897865,2,0,183,9.827136654537513,-1.6248708787763577,-9.21608768870621,2.0,31.0,111.0,1.0,-0.6644181641093801,2.516229907902459,47.0,8.769549031863411,28.5590750857248,-10.088997493294869,-0.05505149644017848,-2.232348518837916,0.0,-11.557879446135065,1.0853804266594842,0.0035896190082506806,1.0556469293342192,0.0,0.0,1.1822660552293338,0.0,0.0,0.0,0.0,0.0,nan,0.5,,,3,2,1,1.7656149864196777,0,170,True,True,False,"A:1,B:1,ESTOP:0,MODE:1,J:0",DRIVE_RUN,,,,-0.6623616828575556,-1.8970834256110405,2.2434650297606566,-3.333247631897865,2.0,104.91313249783448,1.0,6.641785714285716,0.041785714285714565,-1.05,1.0,3082.0,4.0,0.0,L,,,False,0,,,,-9999.0,-1.0,-1.0,False,36.967646735,127.87371609333333,121.898,2,0.00012100000000000003,36.967646320555225,127.8737190050125,4.0,0.08539100742340087,1.0,0.0,0.14878201484680176,0.26304658773967565,5.073715070306025,-10.088997493294869,0.0,0.0,0.0,-0.07490912620762133,0.4884685977516246,0.19517867539720715,0.8471672423385856,-0.013281955607676848,-0.022741640153486113,-0.004014257279586958,-8.85540495,1.0198915999999998,4.609125499999999
1789565185.894844,11.524,2.0,-2.7556023891977217,2,0,252,9.91416152689164,-1.6404164216235944,-9.327964205848701,1.5,31.0,111.0,1.0,-0.6664492777913374,2.516229907902459,47.0,8.769549031863411,28.470746228688753,-10.088997493294869,-0.05505149644017848,0.48067628912740784,0.0,-11.557879446135065,1.0853804266594842,0.0035896190082506806,1.0556469293342192,0.0,0.0,1.1822660552293338,0.0,0.0,0.0,0.0,0.0,nan,0.5,,,3,2,1,1.5152703523635864,-1,174,True,True,False,"A:1,B:1,ESTOP:0,MODE:1,J:0",DRIVE_RUN,,,,-0.6644181641093801,-1.9478307944529178,1.9867711399683268,-2.7556023891977217,2.0,104.90681664165876,1.0,6.641785714285716,0.041785714285714565,-1.05,1.0,3082.0,4.0,0.0,L,,,False,0,,,,-9999.0,-1.0,-1.0,False,36.967646265,127.87371909,121.906,2,0.00012100000000000003,36.967646265,127.87371909,4.0,0.011000000000000001,1.0,1.0,0.0,0.0,5.089022076117078,-10.088997493294869,0.0,0.0,0.0,-0.07463131442905307,0.4882798422138129,0.194807458943007,0.8473859902868435,0.004991641660703782,0.01795943800302165,0.0016231562043547264,-7.080401299999999,0.4707192,6.24683605
1789565185.944870,11.574,3.0,-2.4810879397194245,2,0,184,9.921720441536563,-1.646600801114767,-9.3040556744713,1.5,31.0,111.0,1.0,-0.6714027493841033,2.516229907902459,47.0,8.769549031863411,28.462419592547413,-10.088997493294869,-0.05505149644017848,-0.14582161460746956,0.0,-11.557879446135065,1.0853804266594842,0.0035896190082506806,1.0556469293342192,0.0,0.0,1.1822660552293338,0.0,0.0,0.0,0.0,0.0,nan,0.5,,,3,1,2,1.5901539325714111,-1,170,True,True,False,"A:1,B:1,ESTOP:0,MODE:1,J:0",DRIVE_RUN,,,,-0.6664492777913374,-1.984915038045081,1.7888604647520356,-2.4810879397194245,3.0,117.25052639008099,1.0,6.513176895306859,0.018953068592058035,-1.05,1.0,3000.0,3.0,0.0,L,,,False,0,,,,-9999.0,-1.0,-1.0,False,36.967646265,127.87371909,121.906,2,0.00012100000000000003,36.96764614718178,127.87371991257604,4.0,0.03902693843841553,1.0,0.0,0.056053876876831055,0.07432744073867799,5.089022076117078,-10.088997493294869,0.0,0.0,0.0,-0.0745928849030271,0.4886440255840813,0.19438760900184984,0.8472758554622996,-0.012479104151759455,0.015184364492350668,-0.02069960492865275,-8.825985,0.38245935,4.873905049999999
1789565185.994865,11.624,3.0,-2.1077940308057332,3,0,180,9.994881585878446,-1.6597162650823982,-9.311375430678623,1.5,31.0,111.0,1.0,-0.6731561879842056,2.516229907902459,47.0,8.769549031863411,28.388156820475626,-10.088997493294869,-0.05505149644017848,0.0847685835333276,0.0,-11.557879446135065,1.0853804266594842,0.0035896190082506806,1.0556469293342192,0.0,0.0,1.1822660552293338,0.0,0.0,0.0,0.0,0.0,nan,0.5,,,3,1,2,1.6104329824447632,-2,174,True,True,False,"A:1,B:1,ESTOP:0,MODE:1,J:0",DRIVE_RUN,,,,-0.6714027493841033,-2.0105804073491393,1.5197287320139896,-2.1077940308057332,3.0,117.24907777614347,1.0,6.513176895306859,0.018953068592058035,-1.05,1.0,3000.0,3.0,0.0,L,,,False,0,,,,-9999.0,-1.0,-1.0,False,36.967646265,127.87371909,121.906,2,0.00012100000000000003,36.967646041839174,127.87372064605775,4.0,0.06402035808563232,1.0,0.0,0.10604071617126465,0.14060998574249287,5.089022076117078,-10.088997493294869,0.0,0.0,0.0,-0.07463614365118192,0.4887523642498208,0.19415722047510042,0.847262383349145,-0.008447393579652554,0.00471238898038469,0.003560471674068432,-7.71783355,0.6080123,4.3933792
1789565186.044831,11.674,3.0,-1.6529832536991484,3,0,184,10.060118547297686,-1.6714429505110198,-9.307066087232045,1.5,32.0,111.0,1.0,-0.6747511094182517,2.516229907902459,47.0,8.769549031863411,28.321933543470216,-10.088997493294869,-0.05505149644017848,0.5373904570394888,0.0,-11.557879446135065,1.0853804266594842,0.0035896190082506806,1.0556469293342192,0.0,0.0,1.1822660552293338,0.0,0.0,0.0,0.0,0.0,nan,0.5,,,4,2,2,1.7107211351394653,-4,186,True,True,False,"A:1,B:1,ESTOP:0,MODE:1,J:0",DRIVE_RUN,,,,-0.6731561879842056,-1.95492721560443,1.1918180202225206,-1.6529832536991484,3.0,105.0221411095523,1.0,6.379368029739777,0.021747211895911066,-1.05,1.0,2971.0,3.0,0.0,L,,,False,0,,,,-9999.0,-1.0,-1.0,False,36.967646265,127.87371909,121.906,2,0.00012100000000000003,36.967645936068344,127.87372138071429,4.0,0.08905573940277099,1.0,0.0,0.156111478805542,0.20700380664076504,5.089022076117078,-10.088997493294869,0.0,0.0,0.0,-0.0749288166497187,0.4886248468327087,0.19461581049280954,0.8472048853727246,-0.0015533430342749533,0.013927727430914751,0.023055799418845092,-8.01203305,-0.5883989999999999,5.01119815
1789565186.094846,11.724,3.0,-1.3270431875923852,3,0,184,10.125459999461638,-1.683217305482633,-9.280600052068934,2.0,32.0,111.0,1.0,-0.676377131301763,2.516229907902459,47.0,8.769549031863411,28.255600574848817,-10.088997493294869,-0.05505149644017848,0.7728333711706517,0.0,-11.557879446135065,1.0853804266594842,0.0035896190082506806,1.0556469293342192,0.0,0.0,1.1822660552293338,0.0,0.0,0.0,0.0,0.0,nan,0.5,,,4,2,2,1.7542747259140015,-3,171,True,True,False,"A:1,B:1,ESTOP:0,MODE:1,J:0",DRIVE_RUN,,,,-0.6747511094182517,-1.890547547607152,0.8932338390025574,-1.3270431875923852,3.0,104.99293131943038,1.0,6.316176470588236,-0.03713235294117614,-1.05,1.0,2937.0,3.0,0.0,L,,,False,0,,,,-9999.0,-1.0,-1.0,False,36.967646265,127.87371909,121.906,2,0.00012100000000000003,36.96764579575284,127.87372235903948,4.0,0.11405702686309814,1.0,0.0,0.2061140537261963,0.29540835779544916,5.089022076117078,-10.088997493294869,0.0,0.0,0.0,-0.07515269742636355,0.48893877903015587,0.1949802070235308,0.8469201032559699,-0.014102260356114183,0.003787364476827695,0.0002617993877991494,-8.825985,0.37265269999999995,5.1386845999999995
1789565186.144822,11.774,3.0,-1.3753072290851445,3,0,185,10.178020188879799,-1.686861350056797,-9.281958286591248,2.0,32.0,111.0,1.0,-0.6714941981916775,2.516229907902459,47.0,8.769549031863411,28.203029808709648,-10.041665170343094,-0.0399845728290444,0.7228269685204587,0.0,-11.557879446135065,1.0853804266594842,0.0035896190082506806,1.0556469293342192,0.0,0.0,1.1822660552293338,0.0,0.0,0.0,0.0,0.0,nan,0.5,,,2,1,1,1.6836698055267334,-4,171,True,True,False,"A:1,B:1,ESTOP:0,MODE:1,J:0",DRIVE_RUN,,,,-0.676377131301763,-1.835968633622316,0.9257195604697696,-1.3753072290851445,3.0,105.13994824244931,1.0,6.303488372093018,0.2375000000000001,-1.05,1.0,3036.0,3.0,0.0,L,,,False,0,,,,-9999.0,-1.0,-1.0,False,36.967645903333334,127.87372197166667,121.91399999999999,2,0.00012100000000000003,36.96764581162218,127.87372261990997,4.0,0.027559004783630374,1.0,0.0,0.03311800956726074,0.05855264091491699,4.598375581776456,-10.041665170343094,0.0,0.0,0.0,-0.07521685161758844,0.4885772741963649,0.19530560756259588,0.8470480458782684,-0.02179916235740918,-0.024661502330679878,0.009075712110370514,-7.65899365,0.7158854499999999,5.0210048
1789565186.194819,11.824,3.0,-0.24274373399067703,3,0,184,10.2356759183593,-1.6970705894408362,-9.245572773400568,1.0,32.0,111.0,1.0,-0.6721367720694477,2.516229907902459,47.0,8.769549031863411,28.14452344597343,-10.041665170343094,-0.0399845728290444,1.268306680883902,0.0,-11.557879446135065,1.0853804266594842,0.0035896190082506806,1.0556469293342192,0.0,0.0,1.1822660552293338,0.0,0.0,0.0,0.0,0.0,nan,0.5,,,2,1,1,1.4793099164962769,-4,171,True,True,False,"A:1,B:1,ESTOP:0,MODE:1,J:0",DRIVE_RUN,,,,-0.6714941981916775,-1.811122150318941,0.18439813318971332,-0.24274373399067703,3.0,102.75802130763648,1.0,6.243674698795179,0.27018072289156647,-1.05,1.0,3120.0,3.0,0.0,L,,,False,0,,,,-9999.0,-1.0,-1.0,False,36.967645903333334,127.87372197166667,121.91399999999999,2,0.00012100000000000003,36.96764574240075,127.87372310984942,4.0,0.05258842563629151,1.0,0.0,0.08317685127258301,0.10280465630708599,4.598375581776456,-10.041665170343094,0.0,0.0,0.0,-0.0751599313877321,0.4884469703462614,0.1956284825480591,0.8470537401424384,0.02464404903815993,0.013212142437597075,0.007853981633974483,-8.09048625,1.7259703999999998,5.46230405
1789565186.244818,11.874,3.0,0.2114100695068184,3,0,184,10.279251866622541,-1.7047762836233598,-9.18275320395108,1.0,32.0,111.0,1.0,-0.6726121623708932,2.516229907902459,47.0,8.769549031863411,28.100306125077285,-10.041665170343094,-0.0399845728290444,-0.9622275367227732,0.0,-11.557879446135065,1.0853804266594842,0.0035896190082506806,1.0556469293342192,0.0,0.0,1.1822660552293338,0.0,0.0,0.0,0.0,0.0,nan,0.5,,,3,2,1,1.5515841245651245,-4,169,True,True,False,"A:1,B:1,ESTOP:0,MODE:1,J:0",DRIVE_RUN,,,,-0.6721367720694477,-1.7703199293926632,-0.16059579749632114,0.2114100695068184,3.0,102.70173556096815,1.0,6.128518518518518,-0.01925925925925894,-1.05,1.0,3118.0,4.0,0.0,L,,,False,0,,,,-9999.0,-1.0,-1.0,False,36.967645903333334,127.87372197166667,121.91399999999999,2,0.00012100000000000003,36.96764567346938,127.87372359894339,4.0,0.07757278537750244,1.0,0.0,0.13314557075500488,0.1469769995670183,4.598375581776456,-10.041665170343094,0.0,0.0,0.0,-0.0753969241478657,0.4888128011263757,0.19586848496957432,0.8467661341124544,-0.019024088846738195,0.013421581947836395,0.004747295565424576,-9.306510849999999,1.0591182,4.609125499999999
1789565186.294861,11.924,3.0,1.8308330823959895,3,0,189,10.322752615827497,-1.71244968872423,-9.230866829033857,1.5,32.0,111.0,1.0,-0.6730679966301962,2.516229907902459,47.0,8.769549031863411,28.056167781427344,-10.041665170343094,-0.0399845728290444,1.1236700443144165,0.0,-11.557879446135065,1.0853804266594842,0.0035896190082506806,1.0556469293342192,0.0,0.0,1.1822660552293338,0.0,0.0,0.0,0.0,0.0,nan,0.5,,,4,2,2,1.7382543087005615,-4,179,True,True,False,"A:1,B:1,ESTOP:0,MODE:1,J:0",DRIVE_RUN,,,,-0.6726121623708932,-1.700002640687453,-1.3200456336085171,1.8308330823959895,3.0,103.00946701726328,1.0,6.062727272727275,-0.0009090909090905538,-1.05,1.0,3208.0,4.0,0.0,L,,,False,0,,,,-9999.0,-1.0,-1.0,False,36.967645585,127.87372472333334,121.892,2,0.00012100000000000003,36.967645585,127.87372472333334,4.0,0.011000000000000001,1.0,1.0,0.0,0.0,4.392457848407136,-10.041665170343094,0.0,0.0,0.0,-0.07560006138519207,0.4885672448712593,0.19623031984347072,0.846805963330202,-0.034016467121369486,-0.006283185307179586,0.018622663118779494,-7.9041599,0.0392266,3.6480737999999997
1789565186.344823,11.974,3.0,1.8110440850184495,3,0,183,10.422757541311444,-1.7222980547896314,-9.174741783430648,1.5,32.0,111.0,1.0,-0.6664286274906451,2.516229907902459,47.0,8.769549031863411,27.955748747319547,-10.041665170343094,-0.0399845728290444,2.2016689658456423,0.0,-11.557879446135065,1.0853804266594842,0.0035896190082506806,1.0556469293342192,0.0,0.0,1.1822660552293338,0.0,0.0,0.0,0.0,0.0,nan,0.5,,,2,1,1,1.7765837907791138,-3,332,True,True,False,"A:1,B:1,ESTOP:0,MODE:1,J:0",DRIVE_RUN,,,,-0.6730679966301962,-1.6418821312093674,-1.3057780593354895,1.8110440850184495,3.0,102.81585361817075,1.0,6.062727272727275,-0.0009090909090905538,-1.05,1.0,3208.0,4.0,0.0,L,,,False,0,,,,-9999.0,-1.0,-1.0,False,36.967645585,127.87372472333334,121.892,2,0.00012100000000000003,36.96764550105847,127.87372532177403,4.0,0.03137715911865235,1.0,0.0,0.04075431823730469,0.054040225982666015,4.392457848407136,-10.041665170343094,0.0,0.0,0.0,-0.07580931311409914,0.48857166416195474,0.19654874303141534,0.8467108530283269,0.019320794819577228,-0.010821041362364843,-0.004642575810304917,-7.9433865,0.65704555,4.3737658999999995
1789565186.394819,12.024,3.0,1.0454506655547866,3,0,186,10.475983752266691,-1.7316423830858279,-9.064230106392358,1.0,33.0,111.0,1.0,-0.6669423535114479,2.516229907902459,47.0,8.769549031863411,27.901748280171965,-10.041665170343094,-0.0399845728290444,-1.1232149633247632,0.0,-11.557879446135065,1.0853804266594842,0.0035896190082506806,1.0556469293342192,0.0,0.0,1.1822660552293338,0.0,0.0,0.0,0.0,0.0,nan,0.5,,,2,1,1,1.595681071281433,-3,175,True,True,False,"A:1,B:1,ESTOP:0,MODE:1,J:0",DRIVE_RUN,,,,-0.6664286274906451,-1.5942969826201734,-0.7941653007733831,1.0454506655547866,3.0,105.13566774338129,1.0,5.925886524822696,-0.05744680851063802,-1.05,1.0,3255.0,4.0,0.0,L,,,False,0,,,,-9999.0,-1.0,-1.0,False,36.967645585,127.87372472333334,121.892,2,0.00012100000000000003,36.967645432491594,127.87372581136205,4.0,0.05638202285766602,1.0,0.0,0.09076404571533203,0.09824882422978101,4.392457848407136,-10.041665170343094,0.0,0.0,0.0,-0.07587986205301736,0.48857895159595116,0.1969442790174159,0.8466084133497177,0.02476622208579954,-0.00020943951023931956,0.015323990832510213,-8.52197885,0.8629851999999999,6.32528925
1789565186.444850,12.074,3.0,-0.5927015152215126,3,0,185,10.519528443425061,-1.7392752128765556,-9.12025717113707,1.0,33.0,111.0,1.0,-0.667350972347112,2.516229907902459,47.0,8.769549031863411,27.85757187500259,-10.041665170343094,-0.0399845728290444,-0.7981384313850833,0.0,-11.557879446135065,1.0853804266594842,0.0035896190082506806,1.0556469293342192,0.0,0.0,1.1822660552293338,0.0,0.0,0.0,0.0,0.0,nan,0.5,,,2,1,1,1.589582085609436,-1,171,True,True,False,"A:1,B:1,ESTOP:0,MODE:1,J:0",DRIVE_RUN,,,,-0.6669423535114479,-1.5970391977018277,0.4502401397337429,-0.5927015152215126,3.0,102.87470812860941,1.0,5.8668421052631565,-0.04999999999999971,-1.05,1.0,3320.0,4.0,0.0,L,,,False,0,,,,-9999.0,-1.0,-1.0,False,36.967645585,127.87372472333334,121.892,2,0.00012100000000000003,36.96764536408456,127.87372630057614,4.0,0.08136662101745605,1.0,0.0,0.1407332420349121,0.1424215911944276,4.392457848407136,-10.041665170343094,0.0,0.0,0.0,-0.0757370609140007,0.48845353784725953,0.19663243101691283,0.8467660397305645,0.008988445647770798,0.008831366015091307,-0.0077492618788548235,-8.325845849999999,0.77472535,4.8837117
1789565186.494825,12.124,3.0,-1.1070070954025368,3,0,188,10.563039876669947,-1.7468902489486786,-9.160102019772097,1.0,33.0,111.0,1.0,-0.6682535403460387,2.516229907902459,47.0,8.769549031863411,27.813430925834147,-10.041665170343094,-0.0399845728290444,-0.6370933942436592,0.0,-11.557879446135065,1.0853804266594842,0.0035896190082506806,1.0556469293342192,0.0,0.0,1.1822660552293338,0.0,0.0,0.0,0.0,0.0,nan,0.5,,,2,1,1,1.7726290225982666,0,170,True,True,False,"A:1,B:1,ESTOP:0,MODE:1,J:0",DRIVE_RUN,,,,-0.667350972347112,-1.672040290718268,0.840925697715474,-1.1070070954025368,3.0,102.77458570785856,1.0,5.808122743682308,-0.05794223826714771,-1.05,1.0,3292.0,4.0,0.0,L,,,False,0,,,,-9999.0,-1.0,-1.0,False,36.967645188333336,127.873727625,121.911,2,0.00012100000000000003,36.967645188333336,127.873727625,4.0,0.011000000000000001,1.0,1.0,0.0,0.0,4.681061453304812,-8.99502172375911,0.0,0.0,0.0,-0.07502317442437031,0.4885863041285174,0.1959699260886446,0.8469065679200614,0.024015730507441973,-0.004049163864626845,-0.03616322210132251,-9.14960445,2.0005566,3.34406765
1789565186.544816,12.174,3.0,-1.2111589219547803,3,0,213,10.680836117474371,-1.7664547858363115,-9.183766743953214,1.0,33.0,111.0,1.0,-0.6740484987270219,2.516229907902459,47.0,8.769549031863411,27.69407255523564,-8.99502172375911,0.00825401480064869,-2.2263500044502,0.0,-11.557879446135065,1.0853804266594842,0.0035896190082506806,1.0556469293342192,0.0,0.0,1.1822660552293338,0.0,0.0,0.0,0.0,0.0,nan,0.5,,,4,2,2,1.4958451986312866,1,172,True,True,False,"A:1,B:1,ESTOP:0,MODE:1,J:0",DRIVE_RUN,,,,-0.6682535403460387,-1.8212206334868295,0.9200429231004936,-1.2111589219547803,3.0,102.78305047663561,1.0,5.808122743682308,-0.05794223826714771,-1.05,1.0,3292.0,4.0,0.0,L,,,False,0,,,,-9999.0,-1.0,-1.0,False,36.967645188333336,127.873727625,121.911,2,0.00012100000000000003,36.967645136461456,127.87372803315108,4.0,0.03179069614410401,1.0,0.0,0.04158139228820801,0.036757950782775876,4.681061453304812,-8.99502172375911,0.0,0.0,0.0,-0.07391021046110643,0.4892953915592256,0.1953016820018517,0.8467494042488288,0.03944444109507184,-0.03577924966588375,-0.005358160803622592,-7.85512665,-0.0980665,7.060788
1789565186.594832,12.224,2.0,-2.5691397277235635,3,0,184,10.717137685542118,-1.772229137019396,-9.29524709459892,2.0,33.0,111.0,1.0,-0.6755906039058774,2.516229907902459,47.0,8.769549031863411,27.657324005735582,-8.99502172375911,0.00825401480064869,-2.2206151554760902,0.0,-11.557879446135065,1.0853804266594842,0.0035896190082506806,1.0556469293342192,0.0,0.0,1.1822660552293338,0.0,0.0,0.0,0.0,0.0,nan,0.5,,,4,2,2,1.2604800462722778,1,173,True,True,False,"A:1,B:1,ESTOP:0,MODE:1,J:0",DRIVE_RUN,,,,-0.6740484987270219,-1.8920894817323082,1.729231528063413,-2.5691397277235635,2.0,102.93674595228781,1.0,5.633617747440271,-0.06058020477815667,-1.05,1.0,3330.0,4.0,0.0,L,,,False,0,,,,-9999.0,-1.0,-1.0,False,36.967645188333336,127.873727625,121.911,2,0.00012100000000000003,36.96764501098499,127.87372901484964,4.0,0.05679746723175049,1.0,0.0,0.09159493446350098,0.12518188316116366,4.681061453304812,-8.99502172375911,0.0,0.0,0.0,-0.07307820402577783,0.48932753326054357,0.19493073510440787,0.846888510844948,0.04091051766674708,0.02288126649364566,-0.021153390534171274,-8.3356525,1.5494507,6.14876955
1789565186.644823,12.274,2.0,-2.089376053600453,2,0,185,10.804451425113786,-1.7861971135800656,-9.405825608218322,2.0,33.0,111.0,1.0,-0.6793785105262993,2.516229907902459,47.0,8.769549031863411,27.56892459621872,-8.99502172375911,0.00825401480064869,-2.561407953654175,0.0,-11.557879446135065,1.0853804266594842,0.0035896190082506806,1.0556469293342192,0.0,0.0,1.1822660552293338,0.0,0.0,0.0,0.0,0.0,nan,0.5,,,2,1,1,1.533568263053894,1,170,True,True,False,"A:1,B:1,ESTOP:0,MODE:1,J:0",DRIVE_RUN,,,,-0.6755906039058774,-1.969088514045254,1.4063351065628202,-2.089376053600453,2.0,102.92409513696906,1.0,5.633617747440271,-0.06058020477815667,-1.05,1.0,3330.0,4.0,0.0,L,,,False,0,,,,-9999.0,-1.0,-1.0,False,36.967645188333336,127.873727625,121.911,2,0.00012100000000000003,36.96764488508677,127.87372999568122,4.0,0.08178480720520019,1.0,0.0,0.1415696144104004,0.21353709525936487,4.681061453304812,-8.99502172375911,0.0,0.0,0.0,-0.0729443733143062,0.4893976904082393,0.1942780547360655,0.8470094783842945,-0.001762782544514273,0.005934119456780721,-0.015550883635269477,-9.022118,-0.0784532,3.81478685
1789565186.694824,12.324,2.0,-1.545902286081155,2,0,185,10.891688053293985,-1.8002120391077283,-9.534349013699227,1.0,34.0,111.0,1.0,-0.6832219597646185,2.516229907902459,47.0,8.769549031863411,27.480595437772692,-8.99502172375911,0.00825401480064869,-0.3311996571974099,0.0,-11.557879446135065,1.0853804266594842,0.0035896190082506806,1.0556469293342192,0.0,0.0,1.1822660552293338,0.0,0.0,0.0,0.0,0.0,nan,0.5,,,2,1,1,1.5723859071731567,0,171,True,True,False,"A:1,B:1,ESTOP:0,MODE:1,J:0",DRIVE_RUN,,,,-0.6793785105262993,-2.0795515240976816,1.1743241416558985,-1.545902286081155,2.0,105.12442458369193,1.0,5.4973684210526335,-0.009298245614034778,-1.05,1.0,3128.0,5.0,0.0,L,,,False,0,,,,-9999.0,-1.0,-1.0,False,36.967644765,127.87373044166667,121.899,2,0.00012100000000000003,36.967644765,127.87373044166667,4.0,0.011000000000000001,1.0,1.0,0.0,0.0,4.647388036393317,-8.99502172375911,0.0,0.0,0.0,-0.0724463325219068,0.48941208425370886,0.1933603024177443,0.847253878208583,0.010873401239924673,-0.013212142437597075,-0.020176006153054447,-7.7668668,0.25497289999999995,4.5502856
1789565186.744823,12.374,2.0,-1.4336782253465,2,0,185,10.931354666729844,-1.8135800368830952,-9.550915613754995,1.0,34.0,111.0,1.0,-0.6919181397016653,2.516229907902459,47.0,8.769549031863411,27.439492004388637,-8.99502172375911,0.00825401480064869,-1.1487562753632854,0.0,-11.557879446135065,1.0853804266594842,0.0035896190082506806,1.0556469293342192,0.0,0.0,1.1822660552293338,0.0,0.0,0.0,0.0,0.0,nan,0.5,,,4,2,2,1.5297132730484009,-1,171,True,True,False,"A:1,B:1,ESTOP:0,MODE:1,J:0",DRIVE_RUN,,,,-0.6832219597646185,-2.1532087554767783,1.0890755389094102,-1.4336782253465,2.0,105.04778128784889,1.0,5.4973684210526335,-0.009298245614034778,-1.05,1.0,3128.0,5.0,0.0,L,,,False,0,,,,-9999.0,-1.0,-1.0,False,36.967644765,127.87373044166667,121.899,2,0.00012100000000000003,36.967644713322734,127.87373083990374,4.0,0.03129633522033692,1.0,0.0,0.04059267044067383,0.03588392066955566,4.647388036393317,-8.99502172375911,0.0,0.0,0.0,-0.07200164672931027,0.4890189192125305,0.19297261111627828,0.8476071205926965,0.01884955592153876,0.01001818990644745,-0.002076941809873252,-7.5315072,0.46091255,4.903325
1789565186.794823,12.424,2.0,-1.7092750838971162,2,0,240,10.966774468456553,-1.8193327241188626,-9.608175073716069,2.0,34.0,111.0,1.0,-0.6926659586508043,2.516229907902459,47.0,8.769549031863411,27.40362054588407,-8.99502172375911,0.00825401480064869,-0.9640162909563667,0.0,-11.557879446135065,1.0853804266594842,0.0035896190082506806,1.0556469293342192,0.0,0.0,1.1822660552293338,0.0,0.0,0.0,0.0,0.0,nan,0.5,,,4,2,2,1.6879533529281616,-2,173,True,True,False,"A:1,B:1,ESTOP:0,MODE:1,J:0",DRIVE_RUN,,,,-0.6919181397016653,-2.153567801279025,1.1505051048926818,-1.7092750838971162,2.0,104.8619024220523,1.0,5.491947565543072,0.0320224719101126,-1.05,1.0,3165.0,5.0,0.0,L,,,False,0,,,,-9999.0,-1.0,-1.0,False,36.967644765,127.87373044166667,121.899,2,0.00012100000000000003,36.967644585769385,127.87373182000171,4.0,0.05627378082275391,1.0,0.0,0.09054756164550781,0.12420416560386702,4.647388036393317,-8.99502172375911,0.0,0.0,0.0,-0.07190278947707517,0.4892579574538056,0.19305316372283032,0.8474592119448294,0.002286381320112572,-0.012356931104119853,0.0033161255787892262,-9.11037785,0.9218251,4.08937305
1789565186.844822,12.474,2.0,-1.5734419258856265,2,0,185,11.053945848536276,-1.833531898002588,-9.65641583435061,2.0,34.0,111.0,1.0,-0.6920398174412359,2.516229907902459,47.0,8.769549031863411,27.315332198611124,-8.99502172375911,0.00825401480064869,-0.055486572071679806,0.0,-11.557879446135065,1.0853804266594842,0.0035896190082506806,1.0556469293342192,0.0,0.0,1.1822660552293338,0.0,0.0,0.0,0.0,0.0,nan,0.5,,,3,2,1,1.3721317052841187,-3,224,True,True,False,"A:1,B:1,ESTOP:0,MODE:1,J:0",DRIVE_RUN,,,,-0.6926659586508043,-2.1063621885355084,1.0590797387425197,-1.5734419258856265,2.0,104.90574838101152,1.0,5.352491103202846,-0.0008896797153021435,-1.05,1.0,3048.0,6.0,0.0,L,,,False,0,,,,-9999.0,-1.0,-1.0,False,36.967644765,127.87373044166667,121.899,2,0.00012100000000000003,36.96764445813625,127.87373280090453,4.0,0.08127161121368408,1.0,0.0,0.14054322242736816,0.21259649359609778,4.647388036393317,-8.99502172375911,0.0,0.0,0.0,-0.0716725746096051,0.4879231893991369,0.19369159626501556,0.8481023339383725,-0.008988445647770798,-0.014137166941154071,0.01329940890019679,-7.93357985,0.0980665,7.6295737
1789565186.894819,12.524,2.0,-1.3197626052951303,2,0,185,11.141188814085007,-1.847739953717137,-9.659194711094585,1.5,34.0,111.0,1.0,-0.6914104228369186,2.516229907902459,47.0,8.769549031863411,27.22697192827333,-8.99502172375911,0.00825401480064869,0.7820645386492757,0.0,-11.557879446135065,1.0853804266594842,0.0035896190082506806,1.0556469293342192,0.0,0.0,1.1822660552293338,0.0,0.0,0.0,0.0,0.0,nan,0.5,,,2,1,1,1.296994924545288,-3,171,True,True,False,"A:1,B:1,ESTOP:0,MODE:1,J:0",DRIVE_RUN,,,,-0.6920398174412359,-2.081788020006599,0.9515670413001504,-1.3197626052951303,2.0,104.74580571392995,1.0,5.299999999999998,-0.001937984496123735,-1.05,1.0,3017.0,6.0,0.0,L,,,False,0,,,,-9999.0,-1.0,-1.0,False,36.96764430333333,127.87373330166666,121.89599999999999,2,0.00012100000000000003,36.96764430333333,127.87373330166666,4.0,0.011000000000000001,1.0,1.0,0.0,0.0,4.709137569711571,-11.041201244706839,0.0,0.0,0.0,-0.07144605230457483,0.48790840832013294,0.19374842802263914,0.848116969137726,0.01637118838370681,0.006562437987498679,-0.009337511498169663,-7.79628675,1.2356379,4.746418599999999
1789565186.944797,12.574,3.0,-1.0445967335976603,2,0,185,11.185727347201203,-1.8649725358255145,-9.689285636868647,1.5,35.0,111.0,1.0,-0.7009268859552163,2.516229907902459,47.0,8.769549031863411,27.180527540714568,-11.041201244706839,-0.06910032668061206,-1.0562100181351421,0.0,-11.557879446135065,1.0853804266594842,0.0035896190082506806,1.0556469293342192,0.0,0.0,1.1822660552293338,0.0,0.0,0.0,0.0,0.0,nan,0.5,,,4,2,2,1.5074599981307983,-3,171,True,True,False,"A:1,B:1,ESTOP:0,MODE:1,J:0",DRIVE_RUN,,,,-0.6914104228369186,-2.0950884969982466,0.7531710200373802,-1.0445967335976603,3.0,104.75178376149393,1.0,5.205078125000001,-0.001562499999999696,-1.05,1.0,3227.0,7.0,0.0,L,,,False,0,,,,-9999.0,-1.0,-1.0,False,36.96764430333333,127.87373330166666,121.89599999999999,2,0.00012100000000000003,36.96764419284391,127.8737340095297,4.0,0.035188756942749026,1.0,0.0,0.04837751388549805,0.06414858341217042,4.709137569711571,-11.041201244706839,0.0,0.0,0.0,-0.07155581120110147,0.48781018645957425,0.1935641910491463,0.8482062790460333,0.0192684349420174,-0.012356931104119853,0.011588986233242348,-8.87501825,-0.48052585,4.6287388
1789565186.994823,12.624,3.0,-0.7106818244370517,3,0,186,11.248685745303222,-1.8772721614336074,-9.742176921660842,1.5,35.0,111.0,1.0,-0.702490144981471,2.516229907902459,47.0,8.769549031863411,27.116490378826036,-11.041201244706839,-0.06910032668061206,-0.6669287363664661,0.0,-11.557879446135065,1.0853804266594842,0.0035896190082506806,1.0556469293342192,0.0,0.0,1.1822660552293338,0.0,0.0,0.0,0.0,0.0,nan,0.5,,,3,2,1,1.1491737365722656,-3,171,True,True,False,"A:1,B:1,ESTOP:0,MODE:1,J:0",DRIVE_RUN,,,,-0.7009268859552163,-2.0709038730356775,0.5124144591834352,-0.7106818244370517,3.0,104.74157431499229,1.0,5.205078125000001,-0.001562499999999696,-1.05,1.0,3227.0,7.0,0.0,L,,,False,0,,,,-9999.0,-1.0,-1.0,False,36.96764430333333,127.87373330166666,121.89599999999999,2,0.00012100000000000003,36.96764407868689,127.87373474113801,4.0,0.060188613891601565,1.0,0.0,0.09837722778320312,0.1304482039740474,4.709137569711571,-11.041201244706839,0.0,0.0,0.0,-0.07134675016928138,0.4875325254268927,0.19380308365088694,0.8483289707764116,-0.015550883635269477,-0.0040666171571467884,-0.0054105206811824215,-8.070872949999998,1.32389775,7.345180849999999
1789565187.044821,12.674,3.0,-0.2514650097642283,3,0,185,11.313756083476278,-1.889980063345578,-9.7756141203607,1.5,35.0,111.0,1.0,-0.7041015899421827,2.516229907902459,47.0,8.769549031863411,27.050306220051944,-11.041201244706839,-0.06910032668061206,0.610880652462702,0.0,-11.557879446135065,1.0853804266594842,0.0035896190082506806,1.0556469293342192,0.0,0.0,1.1822660552293338,0.0,0.0,0.0,0.0,0.0,nan,0.5,,,3,1,2,1.2236486673355103,-3,170,True,True,False,"A:1,B:1,ESTOP:0,MODE:1,J:0",DRIVE_RUN,,,,-0.702490144981471,-2.0600849711163187,0.18131121071103298,-0.2514650097642283,3.0,105.17608711642805,1.0,5.131412639405205,-0.0027881040892190206,-1.05,1.0,3207.0,5.0,0.0,L,,,False,0,,,,-9999.0,-1.0,-1.0,False,36.96764430333333,127.87373330166666,121.89599999999999,2,0.00012100000000000003,36.96764396460273,127.87373547288003,4.0,0.08519228553771972,1.0,0.0,0.14838457107543945,0.19675794042036568,4.709137569711571,-11.041201244706839,0.0,0.0,0.0,-0.07121917302903003,0.4877511845464116,0.19381730208090853,0.8482107431415328,0.018465583486100008,0.011065387457644049,0.011135200627723822,-8.18855275,1.2748645,3.5892338999999995
1789565187.094823,12.724,3.0,0.40652323105150173,3,0,225,11.37883831401083,-1.9026798538339942,-9.745282904645762,1.5,35.0,111.0,1.0,-0.7061107543494642,2.516229907902459,47.0,8.769549031863411,26.984111922473275,-11.041201244706839,-0.06910032668061206,-0.568644449214183,0.0,-11.557879446135065,1.0853804266594842,0.0035896190082506806,1.0556469293342192,0.0,0.0,1.1822660552293338,0.0,0.0,0.0,0.0,0.0,nan,0.5,,,3,1,2,1.2272469997406006,-3,171,True,True,False,"A:1,B:1,ESTOP:0,MODE:1,J:0",DRIVE_RUN,,,,-0.7041015899421827,-2.0623605437463994,-0.2931110890722637,0.40652323105150173,3.0,105.17708525575631,1.0,5.131412639405205,-0.0027881040892190206,-1.05,1.0,3207.0,5.0,0.0,L,,,False,0,,,,-9999.0,-1.0,-1.0,False,36.967643923333334,127.87373603666667,121.89500000000001,2,0.00012544000000000005,36.967643923333334,127.87373603666667,4.0,0.011200000000000002,1.0,1.0,0.0,0.0,4.550085470223924,-11.041201244706839,0.0,0.0,0.0,-0.0709199636467659,0.4886827006716031,0.19400936403722394,0.8476555571023655,0.01715658654710426,-0.00788888821901437,0.004694935687864747,-8.38468575,0.36284605,5.26617105
1789565187.144956,12.774,3.0,0.5345482951186242,3,0,185,11.428982341861797,-1.9072739418721298,-9.773943680118492,1.5,35.0,111.0,1.0,-0.702738410640863,2.516229907902459,47.0,8.769549031863411,26.933802929040542,-11.041201244706839,-0.06910032668061206,-0.7429420310587931,0.0,-11.557879446135065,1.0853804266594842,0.0035896190082506806,1.0556469293342192,0.0,0.0,1.1822660552293338,0.0,0.0,0.0,0.0,0.0,nan,0.5,,,2,1,1,0.9501139521598816,-3,171,True,True,False,"A:1,B:1,ESTOP:0,MODE:1,J:0",DRIVE_RUN,,,,-0.7061107543494642,-2.040761951227935,-0.38541940480141457,0.5345482951186242,3.0,105.13852469426683,1.0,5.03118081180812,-0.021217712177121446,-1.05,1.0,2983.0,5.0,0.0,L,,,False,0,,,,-9999.0,-1.0,-1.0,False,36.967643923333334,127.87373603666667,121.89500000000001,2,0.00012544000000000005,36.967643832530925,127.87373662067877,4.0,0.03115372772216797,1.0,0.0,0.03990745544433594,0.05291728591918946,4.550085470223924,-11.041201244706839,0.0,0.0,0.0,-0.0705086289982493,0.4885219006170784,0.19443119381595747,0.8476859068815324,-0.011257373675363426,0.017086773377024488,0.005567600313861911,-7.3549875,1.4023509499999998,6.01147645
1789565187.194823,12.824,3.0,-0.09512201861117363,3,0,185,11.480925252120239,-1.9173820198212066,-9.811031053036402,1.0,35.0,111.0,1.0,-0.7045273119687262,2.516229907902459,47.0,8.769549031863411,26.880976325129613,-11.041201244706839,-0.06910032668061206,0.7714844463928076,0.0,-11.557879446135065,1.0853804266594842,0.0035896190082506806,1.0556469293342192,0.0,0.0,1.1822660552293338,0.0,0.0,0.0,0.0,0.0,nan,0.5,,,2,1,1,1.253412127494812,-3,170,True,True,False,"A:1,B:1,ESTOP:0,MODE:1,J:0",DRIVE_RUN,,,,-0.702738410640863,-2.023240219513527,0.07225861020344226,-0.09512201861117363,3.0,102.90599410404133,1.0,4.950000000000002,3.489272363107635e-16,-1.05,1.0,3059.0,5.0,0.0,L,,,False,0,,,,-9999.0,-1.0,-1.0,False,36.967643923333334,127.87373603666667,121.89500000000001,2,0.00012544000000000005,36.967643756833915,127.87373710814285,4.0,0.05613510723114014,1.0,0.0,0.08987021446228027,0.09708436423887933,4.550085470223924,-11.041201244706839,0.0,0.0,0.0,-0.07099054629688227,0.488736139850629,0.1941305218556416,0.847591097419288,0.03893829561199349,0.009128071987930343,0.0040666171571467884,-9.0613446,0.7943386499999999,2.8929617499999996
1789565187.244825,12.874,3.0,-1.9381154508169296,3,0,185,11.52428103686385,-1.9258085723788259,-9.772705365344677,1.0,35.0,111.0,1.0,-0.706010133032615,2.516229907902459,47.0,8.769549031863411,26.836884605146686,-11.041201244706839,-0.06910032668061206,-1.79288244876101,0.0,-11.557879446135065,1.0853804266594842,0.0035896190082506806,1.0556469293342192,0.0,0.0,1.1822660552293338,0.0,0.0,0.0,0.0,0.0,nan,0.5,,,2,1,1,0.9677636027336121,-2,171,True,True,False,"A:1,B:1,ESTOP:0,MODE:1,J:0",DRIVE_RUN,,,,-0.7045273119687262,-2.0200229584423544,1.4722586102034425,-1.9381154508169296,3.0,102.87938178415712,1.0,4.8412727272727265,-0.013636363636363336,-1.05,1.0,3107.0,5.0,0.0,L,,,False,0,,,,-9999.0,-1.0,-1.0,False,36.967643923333334,127.87373603666667,121.89500000000001,2,0.00012544000000000005,36.967643681135094,127.87373759624619,4.0,0.08114807720184326,1.0,0.0,0.13989615440368652,0.14130729309337908,4.550085470223924,-11.041201244706839,0.0,0.0,0.0,-0.07083572911035918,0.48866986907856585,0.19428733351800684,0.8476063299495845,-0.02933898472602468,-0.03185225884889652,0.013805554383275147,-8.159132799999998,0.8433718999999998,6.982334799999999
1789565187.294820,12.924,3.0,-3.7812081815425382,3,0,184,11.567693678445538,-1.9342353266344465,-9.86271872469527,1.0,35.0,111.0,1.0,-0.707484185568576,2.516229907902459,47.0,8.769549031863411,26.79273675486264,-11.041201244706839,-0.06910032668061206,1.7552173780288225,0.0,-11.557879446135065,1.0853804266594842,0.0035896190082506806,1.0556469293342192,0.0,0.0,1.1822660552293338,0.0,0.0,0.0,0.0,0.0,nan,0.5,,,2,1,1,0.7910162806510925,-2,190,True,True,False,"A:1,B:1,ESTOP:0,MODE:1,J:0",DRIVE_RUN,,,,-0.706010133032615,-2.0011675291017457,2.872258610203443,-3.7812081815425382,3.0,102.72350525544516,1.0,4.7974903474903465,-0.0005791505791502514,-1.05,1.0,3451.0,6.0,0.0,L,,,False,0,,,,-9999.0,-1.0,-1.0,False,36.96764357,127.87373876,121.90100000000001,2,0.00012544000000000005,36.96764357,127.87373876,4.0,0.011200000000000002,1.0,1.0,0.0,0.0,4.349902837127247,-9.545237271074825,0.0,0.0,0.0,-0.07076428273821678,0.4885867671996966,0.19430375447664464,0.8476564387782204,0.03717551306747922,0.02701769682087222,0.0015184364492350666,-7.609960399999999,2.2359162,4.834678449999999
1789565187.344841,12.974,3.0,-5.624495115381906,3,0,185,11.671199684060358,-1.9466068287096139,-9.759424088148364,1.0,36.0,111.0,1.0,-0.7033754303980989,2.516229907902459,47.0,8.769549031863411,26.688504927016186,-9.545237271074825,0.015874072681022255,-1.722778096942853,0.0,-11.557879446135065,1.0853804266594842,0.0035896190082506806,1.0556469293342192,0.0,0.0,1.1822660552293338,0.0,0.0,0.0,0.0,0.0,nan,0.5,,,2,1,1,0.7941560745239258,-1,174,True,True,False,"A:1,B:1,ESTOP:0,MODE:1,J:0",DRIVE_RUN,,,,-0.707484185568576,-2.0328512889876174,4.272258610203443,-5.624495115381906,3.0,105.5907631514401,1.0,4.7404382470119515,0.01653386454183301,-1.05,1.0,3487.0,7.0,0.0,L,,,False,0,,,,-9999.0,-1.0,-1.0,False,36.96764357,127.87373876,121.90100000000001,2,0.00012544000000000005,36.96764351613346,127.87373916101465,4.0,0.031656671714782716,1.0,0.0,0.04091334342956543,0.03616739559173584,4.349902837127247,-9.545237271074825,0.0,0.0,0.0,-0.0707916480581767,0.48888962236133,0.1939652423008476,0.8475570567765788,-0.003787364476827695,0.010838494654884786,-0.0018675022996339325,-9.1790244,0.00980665,5.903603299999999
1789565187.394832,13.024,3.0,-6.550868722601011,3,0,185,11.706866528141802,-1.952603224872317,-9.84586891386499,1.0,36.0,111.0,1.0,-0.7036712451417219,2.516229907902459,47.0,8.769549031863411,26.652357383150292,-9.545237271074825,0.015874072681022255,0.17083453867237003,0.0,-11.557879446135065,1.0853804266594842,0.0035896190082506806,1.0556469293342192,0.0,0.0,1.1822660552293338,0.0,0.0,0.0,0.0,0.0,nan,0.5,,,2,1,1,0.5785375237464905,-1,173,True,True,False,"A:1,B:1,ESTOP:0,MODE:1,J:0",DRIVE_RUN,,,,-0.7033754303980989,-2.0458472037901894,4.975772644437285,-6.550868722601011,3.0,106.70017988815847,1.0,4.682246376811594,0.015579710144927855,-1.05,1.0,3396.0,6.0,0.0,L,,,False,0,,,,-9999.0,-1.0,-1.0,False,36.96764357,127.87373876,121.90100000000001,2,0.00012544000000000005,36.967643450219164,127.87373965167285,4.0,0.05668633098602295,1.0,0.0,0.0909726619720459,0.08041983318084178,4.349902837127247,-9.545237271074825,0.0,0.0,0.0,-0.0705483913433547,0.4885146429323845,0.19382389767665367,0.8478258458014476,-0.010768681484805013,-0.01911135530933791,-0.010524335389525807,-7.46286065,1.0002783,5.88399
1789565187.444829,13.074,3.0,-7.271829642462362,3,0,185,11.750506402429833,-1.9599407703706393,-9.837283165809055,1.0,36.0,111.0,1.0,-0.7040338822262899,2.516229907902459,47.0,8.769549031863411,26.60812933235155,-9.545237271074825,0.015874072681022255,0.1828082404809149,0.0,-11.557879446135065,1.0853804266594842,0.0035896190082506806,1.0556469293342192,0.0,0.0,1.1822660552293338,0.0,0.0,0.0,0.0,0.0,nan,0.5,,,3,2,1,0.5646873712539673,-1,168,True,True,False,"A:1,B:1,ESTOP:0,MODE:1,J:0",DRIVE_RUN,,,,-0.7036712451417219,-2.069022543756304,5.523246091010046,-7.271829642462362,3.0,104.03616787735596,1.0,4.623134328358208,-0.020895522388059376,-1.05,1.0,3347.0,6.0,0.0,L,,,False,0,,,,-9999.0,-1.0,-1.0,False,36.96764357,127.87373876,121.90100000000001,2,0.00012544000000000005,36.96764338427306,127.87374014163949,4.0,0.08168201560974121,1.0,0.0,0.14096403121948242,0.12461220216388418,4.349902837127247,-9.545237271074825,0.0,0.0,0.0,-0.07047247454220493,0.4885955332028611,0.19377667741142782,0.8477963402595564,0.018256143975860686,0.008290313946973065,0.0003665191429188092,-8.7083052,0.32361945,5.776116849999999
1789565187.494840,13.124,3.0,-6.3546233786563535,3,0,185,11.794084768600136,-1.9672818570530912,-9.828210711331366,1.0,36.0,111.0,1.0,-0.7046793378601082,2.516229907902459,47.0,8.769549031863411,26.563961854632183,-9.545237271074825,0.015874072681022255,-0.8707375063784349,0.0,-11.557879446135065,1.0853804266594842,0.0035896190082506806,1.0556469293342192,0.0,0.0,1.1822660552293338,0.0,0.0,0.0,0.0,0.0,nan,0.5,,,2,1,1,0.40594348311424255,-1,241,True,True,False,"A:1,B:1,ESTOP:0,MODE:1,J:0",DRIVE_RUN,,,,-0.7040338822262899,-2.0606153901184796,4.826743544806661,-6.3546233786563535,3.0,104.67206285507243,1.0,4.570392156862744,-0.016274509803921238,-1.05,1.0,3265.0,6.0,0.0,L,,,False,0,,,,-9999.0,-1.0,-1.0,False,36.96764321,127.87374152,121.929,2,0.00012544000000000005,36.96764321,127.87374152,4.0,0.011200000000000002,1.0,1.0,0.0,0.0,4.530992586172735,-9.545237271074825,0.0,0.0,0.0,-0.07051546054275282,0.488776975906563,0.19347112422095397,0.8477579617678379,0.01514945790731078,0.008848819307611252,-0.009704030641088473,-8.237585999999999,1.1571847,5.913409949999999
1789565187.544829,13.174,3.0,-6.207380932065881,3,0,186,11.916678215377532,-1.9866818455471236,-9.871777439530149,1.5,36.0,111.0,1.0,-0.7060324772011578,2.516229907902459,47.0,8.769549031863411,26.43987777598992,-9.545237271074825,0.015874072681022255,-0.9988196711309483,0.0,-11.557879446135065,1.0853804266594842,0.0035896190082506806,1.0556469293342192,0.0,0.0,1.1822660552293338,0.0,0.0,0.0,0.0,0.0,nan,0.5,,,4,2,2,0.6126534342765808,-2,170,True,True,False,"A:1,B:1,ESTOP:0,MODE:1,J:0",DRIVE_RUN,,,,-0.7046793378601082,-2.076322673900617,4.4748102679947195,-6.207380932065881,3.0,105.28485094648913,1.0,4.502509652509652,-0.0005791505791502514,-1.05,1.0,3134.0,6.0,0.0,L,,,False,0,,,,-9999.0,-1.0,-1.0,False,36.96764321,127.87374152,121.929,2,0.00012544000000000005,36.96764311613838,127.87374221536008,4.0,0.034851123046875,1.0,0.0,0.04730224609375,0.0627227783203125,4.530992586172735,-9.545237271074825,0.0,0.0,0.0,-0.07056737600872251,0.4888841070397637,0.19316247838409828,0.8477622498505635,0.004572762640225144,-0.0016231562043547264,-0.0062482787221397,-8.2768126,1.1964112999999998,2.7458620000000002
1789565187.594822,13.224,3.0,-6.849055306375642,3,0,184,11.978524582252843,-1.9971304727750296,-9.92183220502497,1.5,36.0,111.0,1.0,-0.7073697239058638,2.516229907902459,47.0,8.769549031863411,26.37719171698668,-9.545237271074825,0.015874072681022255,-0.4067345975947342,0.0,-11.557879446135065,1.0853804266594842,0.0035896190082506806,1.0556469293342192,0.0,0.0,1.1822660552293338,0.0,0.0,0.0,0.0,0.0,nan,0.5,,,3,2,1,0.43066737055778503,-3,194,True,True,False,"A:1,B:1,ESTOP:0,MODE:1,J:0",DRIVE_RUN,,,,-0.7060324772011578,-2.078358737505054,4.937183252517061,-6.849055306375642,3.0,104.82599352320507,1.0,4.502509652509652,-0.0005791505791502514,-1.05,1.0,3134.0,6.0,0.0,L,,,False,0,,,,-9999.0,-1.0,-1.0,False,36.96764321,127.87374152,121.929,2,0.00012544000000000005,36.967643016665896,127.87374295056077,4.0,0.05985896701812744,1.0,0.0,0.09731793403625488,0.12904357813346612,4.530992586172735,-9.545237271074825,0.0,0.0,0.0,-0.07067922778060332,0.4890533896424792,0.1932759649895879,0.8476294179633471,-0.020315632493213994,0.016249015336067207,0.008674286382411817,-8.492558899999999,0.08825984999999999,7.080401299999999
1789565187.644842,13.274,3.0,-5.607782294607988,3,0,186,12.043914431739994,-2.0082036993909664,-9.94219141326576,1.5,36.0,111.0,1.0,-0.7088092579798613,2.516229907902459,47.0,8.769549031863411,26.310910814498154,-9.545237271074825,0.015874072681022255,1.3074178247682948,0.0,-11.557879446135065,1.0853804266594842,0.0035896190082506806,1.0556469293342192,0.0,0.0,1.1822660552293338,0.0,0.0,0.0,0.0,0.0,nan,0.5,,,3,1,2,0.32207050919532776,-5,171,True,True,False,"A:1,B:1,ESTOP:0,MODE:1,J:0",DRIVE_RUN,,,,-0.7073697239058638,-2.014440016707786,4.042707215549511,-5.607782294607988,3.0,107.01201815843552,1.0,4.425088967971531,0.010854092526690728,-1.05,1.0,3048.0,7.0,0.0,L,,,False,0,,,,-9999.0,-1.0,-1.0,False,36.96764321,127.87374152,121.929,2,0.00012544000000000005,36.96764291727354,127.87374368543956,4.0,0.08485560531616211,1.0,0.0,0.14731121063232422,0.19533466254704876,4.530992586172735,-9.545237271074825,0.0,0.0,0.0,-0.07104198110548583,0.48906034122393127,0.19373547841788272,0.8474901674737789,-0.03721041965251911,-0.015812683023068628,0.01329940890019679,-7.58054045,0.8237586,5.609403799999999
1789565187.694834,13.324,3.0,-5.6860161012288755,3,0,185,12.109275651842491,-2.0192680062093973,-9.876963037073807,1.5,37.0,111.0,1.0,-0.7102441334827065,2.516229907902459,47.0,8.769549031863411,26.24465967263123,-9.545237271074825,0.015874072681022255,2.181340069607239,0.0,-11.557879446135065,1.0853804266594842,0.0035896190082506806,1.0556469293342192,0.0,0.0,1.1822660552293338,0.0,0.0,0.0,0.0,0.0,nan,0.5,,,3,1,2,0.46859654784202576,-6,170,True,True,False,"A:1,B:1,ESTOP:0,MODE:1,J:0",DRIVE_RUN,,,,-0.7088092579798613,-1.8738354336327638,4.099089207890468,-5.6860161012288755,3.0,154.65769198200599,1.0,4.338095238095238,-0.00918367346938748,-1.05,1.0,3187.0,7.0,0.0,L,,,False,0,,,,-9999.0,-1.0,-1.0,False,36.967642785,127.873744255,121.928,2,0.00012544000000000005,36.967642785,127.873744255,4.0,0.011200000000000002,1.0,1.0,0.0,0.0,4.543467968604187,-10.137390522847424,0.0,0.0,0.0,-0.07076827995631971,0.48923819108559186,0.19525642402960122,0.8470612562326849,-0.050160762702317035,0.00486946861306418,0.014451326206513048,-8.659271949999999,0.22555294999999997,4.0991797
1789565187.744825,13.374,3.0,-7.297155297776349,3,0,185,12.159933210038126,-2.033992628698428,-9.780972639528528,1.5,37.0,111.0,1.0,-0.7174401000297053,2.516229907902459,47.0,8.769549031863411,26.192498627938765,-10.137390522847424,-0.013021374288680932,2.9211188746569468,0.0,-11.557879446135065,1.0853804266594842,0.0035896190082506806,1.0556469293342192,0.0,0.0,1.1822660552293338,0.0,0.0,0.0,0.0,0.0,nan,0.5,,,2,1,1,0.5381324887275696,-8,170,True,True,False,"A:1,B:1,ESTOP:0,MODE:1,J:0",DRIVE_RUN,,,,-0.7102441334827065,-1.714553525826891,5.260036956202441,-7.297155297776349,3.0,154.41531307091682,1.0,4.338095238095238,-0.00918367346938748,-1.05,1.0,3187.0,7.0,0.0,L,,,False,0,,,,-9999.0,-1.0,-1.0,False,36.967642785,127.873744255,121.928,2,0.00012544000000000005,36.967642685508125,127.87374495282677,4.0,0.03497307415008545,1.0,0.0,0.0475461483001709,0.06304619264602661,4.543467968604187,-10.137390522847424,0.0,0.0,0.0,-0.07131375313627222,0.4892568995173775,0.19644311352835905,0.846730262855619,-0.043493604959698694,0.010454522219446033,0.06642723133090418,-8.061066299999998,0.38245935,4.4718324
1789565187.794870,13.424,3.0,-6.588400163284396,3,0,223,12.221998966905035,-2.0450680138784683,-9.634831868306094,1.0,37.0,111.0,1.0,-0.7186317321908587,2.516229907902459,47.0,8.769549031863411,26.12951348637269,-10.137390522847424,-0.013021374288680932,4.074010083696876,0.0,-11.557879446135065,1.0853804266594842,0.0035896190082506806,1.0556469293342192,0.0,0.0,1.1822660552293338,0.0,0.0,0.0,0.0,0.0,nan,0.5,,,2,1,1,0.4802514612674713,-8,170,True,True,False,"A:1,B:1,ESTOP:0,MODE:1,J:0",DRIVE_RUN,,,,-0.7174401000297053,-1.5190617227876508,5.004273765077366,-6.588400163284396,3.0,177.4370712507352,1.0,4.270363636363636,-0.007818181818181523,-1.05,1.0,3145.0,7.0,0.0,L,,,False,0,,,,-9999.0,-1.0,-1.0,False,36.967642785,127.873744255,121.928,2,0.00012544000000000005,36.96764261650709,127.87374544246842,4.0,0.05998532886505127,1.0,0.0,0.09757065773010254,0.10726780673722783,4.543467968604187,-10.137390522847424,0.0,0.0,0.0,-0.07194786383237839,0.48905842451410897,0.1979427223725656,0.8464419891294811,-0.05089380098815465,0.01583013631558857,0.009704030641088473,-8.26700595,0.46091255,6.825428399999999
1789565187.844790,13.474,3.0,-4.785187054415417,3,0,185,12.265548428152925,-2.0527491736742713,-9.430898441658286,1.0,37.0,111.0,1.0,-0.7190472853018198,2.516229907902459,47.0,8.769549031863411,26.085330994271963,-10.137390522847424,-0.013021374288680932,2.8568359138502264,0.0,-11.557879446135065,1.0853804266594842,0.0035896190082506806,1.0556469293342192,0.0,0.0,1.1822660552293338,0.0,0.0,0.0,0.0,0.0,nan,0.5,,,3,1,2,0.3740310072898865,-8,170,True,True,False,"A:1,B:1,ESTOP:0,MODE:1,J:0",DRIVE_RUN,,,,-0.7186317321908587,-1.3633802977978517,3.634816321071339,-4.785187054415417,3.0,258.8057428125551,1.0,4.113082437275984,-0.05752688172042983,-1.05,1.0,3516.0,7.0,0.0,L,,,False,0,,,,-9999.0,-1.0,-1.0,False,36.967642785,127.873744255,121.928,2,0.00012544000000000005,36.96764254828362,127.87374593204018,4.0,0.08498566265106201,1.0,0.0,0.14757132530212402,0.15146824815159493,4.543467968604187,-10.137390522847424,0.0,0.0,0.0,-0.07234790469931485,0.4890196353091383,0.19911452543465258,0.8461554128696863,-0.058346356894170434,-0.018500490071139894,0.04597197249753064,-8.845598299999999,1.34351105,5.815343449999999
1789565187.894839,13.524,3.0,-5.4760939563813755,3,0,208,12.30909167337001,-2.0603437757614,-9.288193687864947,1.5,37.0,111.0,1.0,-0.7193784810649507,2.516229907902459,47.0,8.769549031863411,26.04116622201724,-10.137390522847424,-0.013021374288680932,4.147535925956932,0.0,-11.557879446135065,1.0853804266594842,0.0035896190082506806,1.0556469293342192,0.0,0.0,1.1822660552293338,0.0,0.0,0.0,0.0,0.0,nan,0.5,,,4,2,2,0.2888638973236084,-8,171,True,True,False,"A:1,B:1,ESTOP:0,MODE:1,J:0",DRIVE_RUN,,,,-0.7190472853018198,-1.2039871927135901,3.9477996791535475,-5.4760939563813755,3.0,283.002679663108,1.0,4.067266187050359,-0.0417266187050357,-1.05,1.0,3123.0,6.0,0.0,L,,,False,0,,,,-9999.0,-1.0,-1.0,False,36.967642571666666,127.87374706166666,121.929,2,0.00012544000000000005,36.967642571666666,127.87374706166666,4.0,0.011200000000000002,1.0,1.0,0.0,0.0,4.506723350084396,-10.137390522847424,0.0,0.0,0.0,-0.07311957056682764,0.4882163143474077,0.20033671487054647,0.8462644737196718,-0.05030038904247658,0.00747000919853573,0.030682888250060315,-7.217694399999999,1.0591182,4.295312699999999
1789565187.944818,13.574,3.0,-4.08902165838869,3,0,185,12.40956234361982,-2.057740787117312,-9.081249216621956,1.5,37.0,111.0,1.0,-0.7002900421833059,2.516229907902459,47.0,8.769549031863411,25.9419230817286,-10.137390522847424,-0.013021374288680932,3.3943123559379353,0.0,-11.557879446135065,1.0853804266594842,0.0035896190082506806,1.0556469293342192,0.0,0.0,1.1822660552293338,0.0,0.0,0.0,0.0,0.0,nan,0.5,,,3,2,1,0.19691896438598633,-8,170,True,True,False,"A:1,B:1,ESTOP:0,MODE:1,J:0",DRIVE_RUN,,,,-0.7193784810649507,-1.0253711358528679,2.948027492132254,-4.08902165838869,3.0,287.24380031116897,1.0,4.004779411764706,-0.04889705882352913,-1.05,1.0,3154.0,6.0,0.0,L,,,False,0,,,,-9999.0,-1.0,-1.0,False,36.967642571666666,127.87374706166666,121.929,2,0.00012544000000000005,36.96764247219551,127.87374778966362,4.0,0.03596966381072998,1.0,0.0,0.04953932762145996,0.06568914842605592,4.506723350084396,-10.137390522847424,0.0,0.0,0.0,-0.07393043450247205,0.4884184674745384,0.20137176453527322,0.8458316049498561,-0.047176249681406726,0.019355701404617114,0.031817352263856624,-8.87501825,1.4121575999999998,4.3541526
1789565187.994856,13.624,3.0,-2.1470448458128053,3,0,186,12.474311483125975,-2.0688138658213817,-8.911282078601374,1.5,38.0,111.0,1.0,-0.7005653767245318,2.516229907902459,47.0,8.769549031863411,25.876277515551244,-10.137390522847424,-0.013021374288680932,3.3069895216068392,0.0,-11.557879446135065,1.0853804266594842,0.0035896190082506806,1.0556469293342192,0.0,0.0,1.1822660552293338,0.0,0.0,0.0,0.0,0.0,nan,0.5,,,3,2,1,0.4044555127620697,-8,170,True,True,False,"A:1,B:1,ESTOP:0,MODE:1,J:0",DRIVE_RUN,,,,-0.7002900421833059,-0.8383519388645191,1.5480274921322537,-2.1470448458128053,3.0,285.81733954753145,1.0,4.004779411764706,-0.04889705882352913,-1.05,1.0,3154.0,6.0,0.0,L,,,False,0,,,,-9999.0,-1.0,-1.0,False,36.967642571666666,127.87374706166666,121.929,2,0.00012544000000000005,36.9676423727415,127.87374852441039,4.0,0.060962368202209474,1.0,0.0,0.09952473640441895,0.13196976057418333,4.506723350084396,-10.137390522847424,0.0,0.0,0.0,-0.0747346185400224,0.488950906443018,0.20263746969784768,0.8451507580039684,-0.051242866838553516,-0.00153588974175501,0.025429447201557383,-8.42391235,-0.0784532,3.97169325
1789565188.044844,13.674,3.0,-1.9055804055735859,3,0,185,12.539660960011272,-2.0798850351177025,-8.745710417947095,1.5,38.0,111.0,1.0,-0.7007401114460816,2.516229907902459,47.0,8.769549031863411,25.81003737337801,-10.137390522847424,-0.013021374288680932,3.265508771915103,0.0,-11.557879446135065,1.0853804266594842,0.0035896190082506806,1.0556469293342192,0.0,0.0,1.1822660552293338,0.0,0.0,0.0,0.0,0.0,nan,0.5,,,3,1,2,0.36117127537727356,-7,171,True,True,False,"A:1,B:1,ESTOP:0,MODE:1,J:0",DRIVE_RUN,,,,-0.7005653767245318,-0.6920091186750319,1.373937210899237,-1.9055804055735859,3.0,351.5763132546969,1.0,3.939323843416371,-0.07241992882562243,-1.05,1.0,3135.0,6.0,0.0,L,,,False,0,,,,-9999.0,-1.0,-1.0,False,36.967642571666666,127.87374706166666,121.929,2,0.00012544000000000005,36.967642274094715,127.8737492595799,4.0,0.08596341724395752,1.0,0.0,0.14952683448791504,0.19827243534191505,4.506723350084396,-10.137390522847424,0.0,0.0,0.0,-0.07520387748991425,0.48860532862795913,0.2038536701643485,0.8450165032751555,-0.036931166972200016,-0.020786871391252466,0.03242821750205464,-8.571012099999999,0.83356525,5.3936575
1789565188.094819,13.724,3.0,-0.07984129606061133,3,0,184,12.605048036425714,-2.090866345185904,-8.582829863949371,1.5,38.0,111.0,1.0,-0.7007671436791632,2.516229907902459,47.0,8.769549031863411,25.743772062357053,-10.137390522847424,-0.013021374288680932,2.6924929888966425,0.0,-11.557879446135065,1.0853804266594842,0.0035896190082506806,1.0556469293342192,0.0,0.0,1.1822660552293338,0.0,0.0,0.0,0.0,0.0,nan,0.5,,,4,2,2,0.3698132634162903,-7,170,True,True,False,"A:1,B:1,ESTOP:0,MODE:1,J:0",DRIVE_RUN,,,,-0.7007401114460816,-0.509961892918964,0.057567158323047485,-0.07984129606061133,3.0,356.47410208516243,1.0,3.883823529411767,-0.0584558823529408,-1.05,1.0,3096.0,7.0,0.0,L,,,False,0,,,,-9999.0,-1.0,-1.0,False,36.967642571666666,127.87374706166666,121.929,2,0.00012544000000000005,36.967642176303244,127.87374999488515,4.0,0.11096303577423096,1.0,0.0,0.19952607154846191,0.26457121271396766,4.506723350084396,-10.137390522847424,0.0,0.0,0.0,-0.07584718454011194,0.48840710268053683,0.20524809353394824,0.8447360100938172,-0.03715805977495928,-0.0007330382858376184,0.05059709501531561,-8.835791649999999,0.30400615,7.54131385
1789565188.144831,13.774,3.0,1.8618839809210734,3,0,186,12.664676204240639,-2.088353646849978,-8.332566851612825,1.5,38.0,111.0,1.0,-0.688030139082748,2.516229907902459,47.0,8.769549031863411,25.68500294965443,-6.147083524995895,0.11502543824299637,3.277750632860312,0.0,-11.557879446135065,1.0853804266594842,0.0035896190082506806,1.0556469293342192,0.0,0.0,1.1822660552293338,0.0,0.0,0.0,0.0,0.0,nan,0.5,,,3,1,2,0.23961274325847626,-5,180,True,True,False,"A:1,B:1,ESTOP:0,MODE:1,J:0",DRIVE_RUN,,,,-0.7007671436791632,-0.33596351721177287,-1.3424328416769526,1.8618839809210734,3.0,458.0197120961085,1.0,3.7620274914089356,-0.09123711340206157,-1.05,1.0,3437.0,7.0,0.0,L,,,False,0,,,,-9999.0,-1.0,-1.0,False,36.96764229666667,127.87374993,121.91900000000001,2,0.00012544000000000005,36.96764225066055,127.87375046930607,4.0,0.02938978786468506,1.0,0.0,0.03637957572937012,0.04823931741714478,4.444817026121753,-6.147083524995895,0.0,0.0,0.0,-0.07620485700046657,0.4885664846424982,0.20626720570599252,0.8443633398625568,-0.04105014400690663,0.017383479349863524,-0.005166174585903215,-9.09076455,1.4709975,5.30539765
1789565188.194855,13.824,3.0,3.8038129476918012,3,0,191,12.712642893511866,-2.0934750240865547,-8.168427840784318,1.5,38.0,111.0,1.0,-0.684820209411874,2.516229907902459,47.0,8.769549031863411,25.636780939465474,-6.147083524995895,0.11502543824299637,1.9518159441479581,0.0,-11.557879446135065,1.0853804266594842,0.0035896190082506806,1.0556469293342192,0.0,0.0,1.1822660552293338,0.0,0.0,0.0,0.0,0.0,nan,0.5,,,3,1,2,0.3126824200153351,-4,170,True,True,False,"A:1,B:1,ESTOP:0,MODE:1,J:0",DRIVE_RUN,,,,-0.688030139082748,-0.2765367195200673,-2.742432841676953,3.8038129476918012,3.0,458.18147225761106,1.0,3.7620274914089356,-0.09123711340206157,-1.05,1.0,3437.0,7.0,0.0,L,,,False,0,,,,-9999.0,-1.0,-1.0,False,36.96764229666667,127.87374993,121.91900000000001,2,0.00012544000000000005,36.96764218774268,127.87375121242671,4.0,0.054451752853393556,1.0,0.0,0.08650350570678711,0.11470363982543157,4.444817026121753,-6.147083524995895,0.0,0.0,0.0,-0.07541609224863327,0.48864149858083183,0.207176345214997,0.8441681472775319,0.0044156830075456534,-0.03597123588360313,0.022933626371205492,-8.433719,0.29419949999999995,3.8442068
1789565188.244878,13.874,3.0,5.746158997396189,3,0,186,12.778737155288356,-2.1004790093395465,-8.071620784672746,1.5,38.0,111.0,1.0,-0.6803451087363391,2.516229907902459,47.0,8.769549031863411,25.570341996058726,-6.147083524995895,0.11502543824299637,0.32078406866990894,0.0,-11.557879446135065,1.0853804266594842,0.0035896190082506806,1.0556469293342192,0.0,0.0,1.1822660552293338,0.0,0.0,0.0,0.0,0.0,nan,0.5,,,3,2,1,0.5165814757347107,-3,170,True,True,False,"A:1,B:1,ESTOP:0,MODE:1,J:0",DRIVE_RUN,,,,-0.684820209411874,-0.22147747427945383,-4.142432841676953,5.746158997396189,3.0,502.9633722314036,1.0,3.719798657718121,-0.11543624161073798,-1.05,1.0,3502.0,8.0,0.0,L,,,False,0,,,,-9999.0,-1.0,-1.0,False,36.96764229666667,127.87374993,121.91900000000001,2,0.00012544000000000005,36.96764212536546,127.87375195228763,4.0,0.07940261478424072,1.0,0.0,0.13640522956848145,0.18087331305287827,4.444817026121753,-6.147083524995895,0.0,0.0,0.0,-0.07559615220826492,0.48834275639846614,0.2073115753614747,0.8442917059675505,0.023596851486963336,0.015603243512829306,0.005794493116621174,-7.87473995,-0.48052585,4.5698989
1789565188.294821,13.924,3.0,7.689137524792892,3,0,186,12.844541493197903,-2.107422810281777,-8.055524159393144,1.5,38.0,111.0,1.0,-0.675860616559195,2.516229907902459,47.0,8.769549031863411,25.504198536158125,-6.147083524995895,0.11502543824299637,-0.96101009121284,0.0,-11.557879446135065,1.0853804266594842,0.0035896190082506806,1.0556469293342192,0.0,0.0,1.1822660552293338,0.0,0.0,0.0,0.0,0.0,nan,0.5,,,3,2,1,0.413385808467865,-2,190,True,True,False,"A:1,B:1,ESTOP:0,MODE:1,J:0",DRIVE_RUN,,,,-0.6803451087363391,-0.23658257985204503,-5.542432841676954,7.689137524792892,3.0,507.27518078920014,1.0,3.6271126760563352,-0.17183098591549265,-1.05,1.0,3721.0,7.0,0.0,L,,,False,0,,,,-9999.0,-1.0,-1.0,False,36.96764202666667,127.87375289833334,121.92599999999999,2,0.00012544000000000005,36.96764202666667,127.87375289833334,4.0,0.011200000000000002,1.0,1.0,0.0,0.0,4.6396771589872765,-6.147083524995895,0.0,0.0,0.0,-0.07546285898770469,0.48919036338444966,0.2072815767619621,0.8438201782490548,-0.024486969405480445,-0.013159782560037244,0.025324727446437722,-9.894909849999998,1.7848102999999997,5.1190713
1789565188.344838,13.974,3.0,9.632966973365955,3,0,185,12.928684214015647,-2.118409909478111,-8.103538645871566,1.5,39.0,111.0,1.0,-0.6722031266255355,2.516229907902459,47.0,8.769549031863411,25.41934203258171,-6.147083524995895,0.11502543824299637,1.8958321324610423,0.0,-11.557879446135065,1.0853804266594842,0.0035896190082506806,1.0556469293342192,0.0,0.0,1.1822660552293338,0.0,0.0,0.0,0.0,0.0,nan,0.5,,,3,1,2,0.21697880327701569,0,170,True,True,False,"A:1,B:1,ESTOP:0,MODE:1,J:0",DRIVE_RUN,,,,-0.675860616559195,-0.23804443363065386,-6.942432841676954,9.632966973365955,3.0,564.3190096421899,1.0,3.534561403508772,-0.17175438596491194,-1.05,1.0,3805.0,7.0,0.0,L,,,False,0,,,,-9999.0,-1.0,-1.0,False,36.96764202666667,127.87375289833334,121.92599999999999,2,0.00012544000000000005,36.96764197249224,127.8737535497494,4.0,0.0331649076461792,1.0,0.0,0.0439298152923584,0.05825093507766724,4.6396771589872765,-6.147083524995895,0.0,0.0,0.0,-0.07505399742559718,0.4886199143682624,0.20729415607813523,0.8441839903771239,0.006003932626860493,-0.022898719786165606,-0.0030368728984701333,-7.65899365,2.549729,4.8248717999999995
1789565188.394876,14.024,3.0,11.577869913794123,3,0,190,12.986622133345728,-2.1244405792726084,-8.00887414209933,1.5,39.0,111.0,1.0,-0.668172909760198,2.516229907902459,47.0,8.769549031863411,25.361116709435233,-6.147083524995895,0.11502543824299637,-0.45189439369827017,0.0,-11.557879446135065,1.0853804266594842,0.0035896190082506806,1.0556469293342192,0.0,0.0,1.1822660552293338,0.0,0.0,0.0,0.0,0.0,nan,0.5,,,3,1,2,0.3208736479282379,1,171,True,True,False,"A:1,B:1,ESTOP:0,MODE:1,J:0",DRIVE_RUN,,,,-0.6722031266255355,-0.3170767669009893,-8.342432841676954,11.577869913794123,3.0,633.2530611229772,1.0,3.4727272727272736,-0.1279720279720277,-1.05,1.0,3695.0,8.0,0.0,L,,,False,0,,,,-9999.0,-1.0,-1.0,False,36.96764202666667,127.87375289833334,121.92599999999999,2,0.00012544000000000005,36.96764191111576,127.87375429122444,4.0,0.05816524143218994,1.0,0.0,0.09393048286437988,0.12455181670110933,4.6396771589872765,-6.147083524995895,0.0,0.0,0.0,-0.074404819505518,0.4890581297126816,0.20649263695185105,0.8441841383732319,0.06447246256867054,0.02288126649364566,-0.014538592669112765,-7.9433865,0.12748644999999997,4.158019599999999
1789565188.444822,14.074,3.0,13.524074165226693,3,0,249,13.052570034013044,-2.1312729772672303,-8.03143253184976,1.5,39.0,111.0,1.0,-0.6639251003329618,2.516229907902459,47.0,8.769549031863411,25.294846075826303,-6.147083524995895,0.11502543824299637,-3.5470950489253497,0.0,-11.557879446135065,1.0853804266594842,0.0035896190082506806,1.0556469293342192,0.0,0.0,1.1822660552293338,0.0,0.0,0.0,0.0,0.0,nan,0.5,,,4,2,2,0.36009252071380615,3,176,True,True,False,"A:1,B:1,ESTOP:0,MODE:1,J:0",DRIVE_RUN,,,,-0.668172909760198,-0.46561874791335933,-9.742432841676955,13.524074165226693,3.0,655.0895076038493,1.0,3.4183274021352323,-0.1567615658362986,-1.05,1.0,3976.0,8.0,0.0,L,,,False,0,,,,-9999.0,-1.0,-1.0,False,36.96764202666667,127.87375289833334,121.92599999999999,2,0.00012544000000000005,36.96764184949078,127.87375503252427,4.0,0.08316080684661865,1.0,0.0,0.1439216136932373,0.19084005518323888,4.6396771589872765,-6.147083524995895,0.0,0.0,0.0,-0.07381294397857273,0.4890361468186979,0.20518031833385886,0.8445687262587656,0.047420595776685934,-0.031066860685499065,-0.02556907354171693,-7.9237732,-0.6472389,5.903603299999999
1789565188.494827,14.124,3.0,15.471813971581714,3,0,186,13.118502350365645,-2.138133038736002,-8.20954654779598,1.5,39.0,111.0,1.0,-0.6608284030505668,2.516229907902459,47.0,8.769549031863411,25.228587362873768,-6.147083524995895,0.11502543824299637,-3.1739203814059156,0.0,-11.557879446135065,1.0853804266594842,0.0035896190082506806,1.0556469293342192,0.0,0.0,1.1822660552293338,0.0,0.0,0.0,0.0,0.0,nan,0.5,,,2,1,1,0.26124438643455505,4,169,True,True,False,"A:1,B:1,ESTOP:0,MODE:1,J:0",DRIVE_RUN,,,,-0.6639251003329618,-0.6759463174861834,-11.142432841676955,15.471813971581714,3.0,680.579836447765,1.0,3.3231182795698935,-0.15788530465949785,-1.05,1.0,3923.0,8.0,0.0,L,,,False,0,,,,-9999.0,-1.0,-1.0,False,36.967641676666666,127.87375582666667,121.94,2,0.00012544000000000005,36.967641676666666,127.87375582666667,4.0,0.011200000000000002,1.0,1.0,0.0,0.0,4.947788534189018,-7.49697507662736,0.0,0.0,0.0,-0.07270537143695666,0.4890528110350074,0.20360749357577235,0.8450356593320563,0.02441715623540067,-0.01001818990644745,-0.06368706440527308,-8.0806796,3.5107806999999998,4.38357255
1789565188.544844,14.174,3.0,17.421331246081685,3,0,184,13.189134563623403,-2.157371731315582,-8.332352773015828,1.5,39.0,111.0,1.0,-0.6692663515834175,2.516229907902459,47.0,8.769549031863411,25.156024143030727,-7.49697507662736,0.03562857355843079,-3.0416739491338367,0.0,-11.557879446135065,1.0853804266594842,0.0035896190082506806,1.0556469293342192,0.0,0.0,1.1822660552293338,0.0,0.0,0.0,0.0,0.0,nan,0.5,,,3,2,1,0.26114723086357117,6,169,True,True,False,"A:1,B:1,ESTOP:0,MODE:1,J:0",DRIVE_RUN,,,,-0.6608284030505668,-0.9139652305615875,-12.542432841676955,17.421331246081685,3.0,712.6089324256035,1.0,3.3000000000000016,-0.14999999999999966,-1.05,1.0,3768.0,9.0,0.0,L,,,False,0,,,,-9999.0,-1.0,-1.0,False,36.967641676666666,127.87375582666667,121.94,2,0.00012544000000000005,36.96764159571314,127.87375658696465,4.0,0.036923934173583986,1.0,0.0,0.05144786834716797,0.06821987342834474,4.947788534189018,-7.49697507662736,0.0,0.0,0.0,-0.07212493994644796,0.48957146536011076,0.20119371580300588,0.8453631539547098,0.06513568768442839,0.018395770316020233,-0.07845254987714512,-8.0806796,-0.21574629999999997,4.4326058
1789565188.594823,14.224,3.0,19.37287689850156,3,0,186,13.25675660392795,-2.1663834366689265,-8.48428621077693,1.5,39.0,111.0,1.0,-0.6680438180788771,2.516229907902459,47.0,8.769549031863411,25.087804285728968,-7.49697507662736,0.03562857355843079,-5.398522581627885,0.0,-11.557879446135065,1.0853804266594842,0.0035896190082506806,1.0556469293342192,0.0,0.0,1.1822660552293338,0.0,0.0,0.0,0.0,0.0,nan,0.5,,,3,1,2,0.31589898467063904,8,172,True,True,False,"A:1,B:1,ESTOP:0,MODE:1,J:0",DRIVE_RUN,,,,-0.6692663515834175,-1.2569799447162504,-13.942432841676956,19.37287689850156,3.0,736.1291407114774,1.0,3.236428571428571,-0.13428571428571398,-1.05,1.0,4136.0,7.0,0.0,L,,,False,0,,,,-9999.0,-1.0,-1.0,False,36.967641676666666,127.87375582666667,121.94,2,0.00012544000000000005,36.96764151489343,127.87375732568559,4.0,0.061929990005493166,1.0,0.0,0.10145998001098633,0.13453571558150032,4.947788534189018,-7.49697507662736,0.0,0.0,0.0,-0.07075365003716272,0.4899618605499314,0.19829548913236247,0.8459374653026223,0.15207053772626591,-0.012740903539558606,-0.07937757438070212,-8.52197885,-0.8433718999999998,5.825150099999999
1789565188.644823,14.274,3.0,17.421331246081685,3,0,186,13.322459550260643,-2.1753802456361364,-8.754542869214077,1.5,40.0,111.0,1.0,-0.6670941137537333,2.516229907902459,47.0,8.769549031863411,25.021488507066582,-7.49697507662736,0.03562857355843079,-9.845223826854482,0.0,-11.557879446135065,1.0853804266594842,0.0035896190082506806,1.0556469293342192,0.0,0.0,1.1822660552293338,0.0,0.0,0.0,0.0,0.0,nan,0.5,,,4,2,2,0.3142940104007721,10,177,True,True,False,"A:1,B:1,ESTOP:0,MODE:1,J:0",DRIVE_RUN,,,,-0.6680438180788771,-1.6531371938725794,-12.542432841676955,17.421331246081685,3.0,804.9533773139109,1.0,3.145112781954887,-0.1372180451127816,-1.05,1.0,4090.0,8.0,0.0,L,,,False,0,,,,-9999.0,-1.0,-1.0,False,36.967641676666666,127.87375582666667,121.94,2,0.00012544000000000005,36.96764143181206,127.87375806341394,4.0,0.08691613788604736,1.0,0.0,0.15143227577209473,0.20079824055399148,4.947788534189018,-7.49697507662736,0.0,0.0,0.0,-0.0688063738338291,0.48976022406322045,0.19524598133527088,0.8469236167552601,0.15081390066483003,-0.02176425577236929,-0.08405505677604691,-6.73716855,1.3140911,6.7077486
1789565188.694834,14.324,3.0,15.471813971581714,3,0,180,13.388074214547077,-2.184628821167704,-9.247322340924882,1.5,40.0,111.0,1.0,-0.6664065618043089,2.516229907902459,47.0,8.769549031863411,24.955226804445534,-7.49697507662736,0.03562857355843079,-9.942183526021216,0.0,-11.557879446135065,1.0853804266594842,0.0035896190082506806,1.0556469293342192,0.0,0.0,1.1822660552293338,0.0,0.0,0.0,0.0,0.0,nan,0.5,,,3,2,1,0.22551557421684265,12,171,True,True,False,"A:1,B:1,ESTOP:0,MODE:1,J:0",DRIVE_RUN,,,,-0.6670941137537333,-2.1540443671703104,-11.142432841676955,15.471813971581714,3.0,779.0927510696031,1.0,2.9999999999999987,-0.04999999999999971,-1.05,1.0,4162.0,8.0,0.0,L,,,False,0,,,,-9999.0,-1.0,-1.0,False,36.967641156666666,127.87375875333333,121.94,2,0.00012544000000000005,36.967641156666666,127.87375875333333,4.0,0.011200000000000002,1.0,1.0,0.0,0.0,4.768975714615542,-7.49697507662736,0.0,0.0,0.0,-0.06628054167025019,0.48998186510604186,0.19150286485747448,0.8478509977669912,0.14594443205176583,-0.0025132741228718345,-0.08791223442295437,-8.8848249,0.4118793,3.04986815
1789565188.744826,14.374,3.0,13.524074165226693,3,0,187,13.449436677706842,-2.215257866571769,-9.743319324950335,1.5,40.0,111.0,1.0,-0.6874952497403787,2.516229907902459,47.0,8.769549031863411,24.89035109456115,-7.49697507662736,0.03562857355843079,-9.750314275227787,0.0,-11.557879446135065,1.0853804266594842,0.0035896190082506806,1.0556469293342192,0.0,0.0,1.1822660552293338,0.0,0.0,0.0,0.0,0.0,nan,0.5,,,3,2,1,0.1751679927110672,13,170,True,True,False,"A:1,B:1,ESTOP:0,MODE:1,J:0",DRIVE_RUN,,,,-0.6664065618043089,-2.6748265657019648,-9.742432841676955,13.524074165226693,3.0,757.0398059527538,1.0,2.9999999999999987,-0.04999999999999971,-1.05,1.0,4162.0,8.0,0.0,L,,,False,0,,,,-9999.0,-1.0,-1.0,False,36.967641156666666,127.87375875333333,121.94,2,0.00012544000000000005,36.96764107916089,127.87375940330182,4.0,0.03323977108001709,1.0,0.0,0.04407954216003418,0.05844947290420533,4.768975714615542,-7.49697507662736,0.0,0.0,0.0,-0.0642366574755688,0.4901760448805148,0.18727274455573795,0.8488403948966045,0.18484782107871944,-0.0006632251157578452,-0.152978108937303,-8.16893945,1.0983448,6.040896399999999
1789565188.794830,14.424,3.0,11.577869913794123,3,0,187,13.507245847593712,-2.223885769894042,-10.232294457795803,1.5,40.0,111.0,1.0,-0.6869204514611394,2.516229907902459,47.0,8.769549031863411,24.831909021162467,-7.49697507662736,0.03562857355843079,-13.517909095962153,0.0,-11.557879446135065,1.0853804266594842,0.0035896190082506806,1.0556469293342192,0.0,0.0,1.1822660552293338,0.0,0.0,0.0,0.0,0.0,nan,0.5,,,3,2,1,0.1455714851617813,15,190,True,True,False,"A:1,B:1,ESTOP:0,MODE:1,J:0",DRIVE_RUN,,,,-0.6874952497403787,-3.292186018015976,-8.342432841676954,11.577869913794123,3.0,779.7970029254112,1.0,2.970557491289198,-0.03466898954703804,-1.05,1.0,4003.0,8.0,0.0,L,,,False,0,,,,-9999.0,-1.0,-1.0,False,36.967641156666666,127.87375875333333,121.94,2,0.00012544000000000005,36.967640987880145,127.87376013970496,4.0,0.05823235626220703,1.0,0.0,0.09406471252441406,0.12472929340905664,4.768975714615542,-7.49697507662736,0.0,0.0,0.0,-0.06167664520809115,0.49100461225251146,0.18230875904629865,0.8496316722896073,0.22893483798409622,-0.006824237375297829,-0.10574949937833643,-7.7080269,2.04958985,4.6287388
1789565188.844824,14.474,3.0,9.632966973365955,3,0,197,13.572742644914614,-2.234047096115543,-10.907290073140302,1.5,40.0,111.0,1.0,-0.686498684154703,2.516229907902459,47.0,8.769549031863411,24.765644318757563,-7.49697507662736,0.03562857355843079,-14.39681619244589,0.0,-11.557879446135065,1.0853804266594842,0.0035896190082506806,1.0556469293342192,0.0,0.0,1.1822660552293338,0.0,0.0,0.0,0.0,0.0,nan,0.5,,,3,2,1,0.057585492730140686,15,171,True,True,False,"A:1,B:1,ESTOP:0,MODE:1,J:0",DRIVE_RUN,,,,-0.6869204514611394,-3.924211959559424,-6.942432841676954,9.632966973365955,3.0,756.8827634439738,1.0,2.9265517241379326,-0.01620689655172386,-1.05,1.0,3930.0,9.0,0.0,L,,,False,0,,,,-9999.0,-1.0,-1.0,False,36.967641156666666,127.87375875333333,121.94,2,0.00012544000000000005,36.967640892771435,127.87376087554685,4.0,0.08323149795532227,1.0,0.0,0.14406299591064453,0.19102519850646515,4.768975714615542,-7.49697507662736,0.0,0.0,0.0,-0.05946299156922796,0.4914616141978209,0.1770405996819329,0.8506387367548998,0.15732397877476886,-0.02864085302522695,-0.14615387156200516,-7.9237732,0.2745862,3.8442068
1789565188.894825,14.524,3.0,7.689137524792892,3,0,253,13.638189524398888,-2.2446345493095503,-11.625945994650152,1.5,40.0,111.0,1.0,-0.6865055486383612,2.516229907902459,47.0,8.769549031863411,24.699373055892202,-7.49697507662736,0.03562857355843079,-12.040565931996392,0.0,-11.557879446135065,1.0853804266594842,0.0035896190082506806,1.0556469293342192,0.0,0.0,1.1822660552293338,0.0,0.0,0.0,0.0,0.0,nan,0.5,,,4,2,2,0.3388131558895111,15,173,True,True,False,"A:1,B:1,ESTOP:0,MODE:1,J:0",DRIVE_RUN,,,,-0.686498684154703,-4.5918874162122965,-5.542432841676954,7.689137524792892,3.0,758.2402979164978,1.0,2.760256410256411,0.05036630036630061,-1.05,1.0,3913.0,6.0,0.0,L,,,False,0,,,,-9999.0,-1.0,-1.0,False,36.96764034,127.87376155,121.945,2,0.00012544000000000005,36.96764034,127.87376155,4.0,0.011200000000000002,1.0,1.0,0.0,0.0,4.758494195227308,-16.294069106519085,0.0,0.0,0.0,-0.05697987419209862,0.4916444661000737,0.17199703868811222,0.851737067159077,0.1835388241397237,-0.03408628029144926,-0.11655308744818133,-8.62004535,1.96133,6.835235049999999
1789565188.944835,14.574,3.0,5.746158997396189,3,0,215,13.69817639687869,-2.30616878366522,-12.228823442718891,1.5,40.0,111.0,1.0,-0.7376775820882424,2.516229907902459,47.0,8.769549031863411,24.63186152339253,-7.49697507662736,0.0,-12.525728772836676,0.0,-11.557879446135065,1.0853804266594842,0.0035896190082506806,1.0556469293342192,0.0,0.0,1.1822660552293338,0.0,0.0,0.0,0.0,0.0,nan,0.5,,,3,2,1,0.552365243434906,15,170,True,True,False,"A:1,B:1,ESTOP:0,MODE:1,J:0",DRIVE_RUN,,,,-0.6865055486383612,-5.233926970170124,-4.142432841676953,5.746158997396189,3.0,757.2229478675862,1.0,2.760256410256411,0.05036630036630061,-1.05,1.0,3913.0,6.0,0.0,L,,,False,0,,,,-9999.0,-1.0,-1.0,False,36.96764034,127.87376155,121.945,2,0.00012544000000000005,36.967640170500935,127.87376226795195,4.0,0.036307502937316896,1.0,0.0,0.05021500587463379,0.0665850977897644,4.758494195227308,-16.294069106519085,0.0,0.0,0.0,-0.05437446897084025,0.49195846357099604,0.16709927019083842,0.8527004873615899,0.15858061583620478,-0.004049163864626845,-0.12051498485020846,-8.36507245,1.4415775499999999,1.2552512
1789565188.994837,14.624,0.0,5.746158997396189,3,0,281,13.762032117829905,-2.325037333518786,-12.854918156634227,2.0,41.0,111.0,1.0,-0.7461133414274299,2.516229907902459,47.0,8.769549031863411,24.566101515779277,-7.49697507662736,0.0,-11.304408916257941,0.0,-11.557879446135065,1.0853804266594842,0.0035896190082506806,1.0556469293342192,0.0,0.0,1.1822660552293338,0.0,0.0,0.0,0.0,0.0,nan,0.5,,,4,2,2,0.5592637658119202,15,171,False,True,False,"A:1,B:1,ESTOP:0,MODE:1,J:0",DRIVE_RUN,,,,,,,,,,,,,,,,,,L,,,False,0,,,,-9999.0,-1.0,-1.0,False,36.96764034,127.87376155,121.945,2,0.00012544000000000005,36.96763994086696,127.87376321977646,4.0,0.061316539001464845,1.0,0.0,0.10023307800292969,0.15501637912525343,4.758494195227308,-16.294069106519085,0.0,0.0,0.0,-0.05144122056398546,0.49230974823222834,0.1621800509591281,0.8536290433749908,0.2070833157491272,-0.00034906585039886593,-0.1356120828799594,-8.6102387,1.6082906,7.54131385
1789565189.044898,14.674,0.0,5.746158997396189,0,0,396,13.846688815161261,-2.350600070777521,-13.42005451279644,2.0,41.0,111.0,1.0,-0.7578377899136554,2.516229907902459,47.0,8.769549031863411,24.478856659533662,-7.49697507662736,0.0,-14.133043181942671,0.0,-11.557879446135065,1.0853804266594842,0.0035896190082506806,1.0556469293342192,0.0,0.0,1.1822660552293338,0.0,0.0,0.0,0.0,0.0,nan,0.5,,,4,2,2,0.6520904898643494,13,169,False,True,False,"A:1,B:1,ESTOP:0,MODE:1,J:0",DRIVE_RUN,,,,,,,,,,,,,,,,,,L,,,False,0,,,,-9999.0,-1.0,-1.0,False,36.96764034,127.87376155,121.945,2,0.00012544000000000005,36.967639706498666,127.87376416921124,4.0,0.08631162757873535,1.0,0.0,0.1502232551574707,0.24339675527850999,4.758494195227308,-16.294069106519085,0.0,0.0,0.0,-0.048770668715350435,0.4924675252591271,0.15696125228884664,0.8546697161583097,0.19952604008799177,-0.020088739690454733,-0.1305331747566559,-7.982613099999999,1.0296982499999998,3.77556025
1789565189.094828,14.724,0.0,5.746158997396189,0,0,397,13.931132965443425,-2.376689829885973,-14.12823915691115,2.0,41.0,111.0,1.0,-0.7692125887002538,2.516229907902459,47.0,8.769549031863411,24.391763712674805,-7.49697507662736,0.0,-13.673525463192686,0.0,-11.557879446135065,1.0853804266594842,0.0035896190082506806,1.0556469293342192,0.0,0.0,1.1822660552293338,0.0,0.0,0.0,0.0,0.0,nan,0.5,,,4,2,2,0.6699651479721069,12,192,False,True,False,"A:1,B:1,ESTOP:0,MODE:1,J:0",DRIVE_RUN,,,,,,,,,,,,,,,,,,L,,,False,0,,,,-9999.0,-1.0,-1.0,False,36.967639401666666,127.87376441333333,121.946,2,0.00012544000000000005,36.967639401666666,127.87376441333333,4.0,0.011200000000000002,1.0,1.0,0.0,0.0,4.823508749057221,-16.294069106519085,0.0,0.0,0.0,-0.04660076316977244,0.4927540014341126,0.15229521105553706,0.8554694802459142,0.1509186204199497,-0.0010297442586766543,-0.11178833859023682,-7.58054045,0.8531785499999999,6.18799615
1789565189.144841,14.774,0.0,5.746158997396189,0,0,378,13.952845549662623,-2.4106235728636576,-14.809202439336104,2.0,41.0,111.0,1.0,-0.7988645748688309,2.516229907902459,47.0,8.769549031863411,24.365907228135956,-7.49697507662736,0.0,-10.667542882619395,0.0,-11.557879446135065,1.0853804266594842,0.0035896190082506806,1.0556469293342192,0.0,0.0,1.1822660552293338,0.0,0.0,0.0,0.0,0.0,nan,0.5,,,4,2,2,0.8279086947441101,10,170,False,True,False,"A:1,B:1,ESTOP:0,MODE:1,J:0",DRIVE_RUN,,,,,,,,,,,,,,,,,,L,,,False,0,,,,-9999.0,-1.0,-1.0,False,36.967639401666666,127.87376441333333,121.946,2,0.00012544000000000005,36.96763920131416,127.87376519115811,4.0,0.03175633068084717,1.0,0.0,0.041112661361694336,0.07268718528747557,4.823508749057221,-16.294069106519085,0.0,0.0,0.0,-0.044611232508380956,0.49309601065536707,0.14863409628465452,0.8560222354772622,0.14679964338524304,-0.02799508120198905,-0.0821177413063332,-8.38468575,1.46119085,5.8447634
1789565189.194821,14.824,0.0,5.746158997396189,0,0,378,14.022026449913174,-2.4329267122219322,-15.343387857051454,2.0,41.0,111.0,1.0,-0.8088266288698881,2.516229907902459,47.0,8.769549031863411,24.294461763155976,-7.49697507662736,0.0,-9.706649273182046,0.0,-11.557879446135065,1.0853804266594842,0.0035896190082506806,1.0556469293342192,0.0,0.0,1.1822660552293338,0.0,0.0,0.0,0.0,0.0,nan,0.5,,,3,2,1,0.924875020980835,10,170,False,True,False,"A:1,B:1,ESTOP:0,MODE:1,J:0",DRIVE_RUN,,,,,,,,,,,,,,,,,,L,,,False,0,,,,-9999.0,-1.0,-1.0,False,36.967639401666666,127.87376441333333,121.946,2,0.00012544000000000005,36.967638954244634,127.87376613624794,4.0,0.05676846618652344,1.0,0.0,0.09113693237304688,0.16112971862725703,4.823508749057221,-16.294069106519085,0.0,0.0,0.0,-0.04284900739359387,0.49325188891660227,0.14523959067846115,0.8566049252398333,0.16713272917097702,0.004782202150464463,-0.09072221451866526,-7.87473995,0.81395195,6.07031635
1789565189.244819,14.874,0.0,5.746158997396189,0,0,357,14.10608415342796,-2.460430365620943,-15.827886729471544,1.5,41.0,111.0,1.0,-0.821329211353704,2.516229907902459,47.0,8.769549031863411,24.20761172468537,-7.49697507662736,0.0,-10.861861161988383,0.0,-11.557879446135065,1.0853804266594842,0.0035896190082506806,1.0556469293342192,0.0,0.0,1.1822660552293338,0.0,0.0,0.0,0.0,0.0,nan,0.5,,,3,2,1,1.04013991355896,8,169,False,True,False,"A:1,B:1,ESTOP:0,MODE:1,J:0",DRIVE_RUN,,,,,,,,,,,,,,,,,,L,,,False,0,,,,-9999.0,-1.0,-1.0,False,36.967639401666666,127.87376441333333,121.946,2,0.00012544000000000005,36.96763876629954,127.87376684479091,4.0,0.08180658931732178,1.0,0.0,0.14121317863464355,0.22752989136352111,4.823508749057221,-16.294069106519085,0.0,0.0,0.0,-0.04149472908672663,0.4929188481921403,0.14174215428767672,0.8574487496362925,0.10803588069844901,-0.013002702927357754,-0.08344419153784889,-9.1790244,1.4808041499999998,5.3544309
1789565189.294837,14.924,0.0,5.746158997396189,0,0,326,14.16910302574913,-2.4813523181947943,-16.374216356517877,1.5,42.0,111.0,1.0,-0.8310001330176222,2.516229907902459,47.0,8.769549031863411,24.14246923921506,-7.49697507662736,0.0,-7.769625657102059,0.0,-11.557879446135065,1.0853804266594842,0.0035896190082506806,1.0556469293342192,0.0,0.0,1.1822660552293338,0.0,0.0,0.0,0.0,0.0,nan,0.5,,,3,2,1,0.8407924771308899,7,170,False,True,False,"A:1,B:1,ESTOP:0,MODE:1,J:0",DRIVE_RUN,,,,,,,,,,,,,,,,,,L,,,False,0,,,,-9999.0,-1.0,-1.0,False,36.96763838333333,127.87376715833334,121.946,2,0.00012100000000000003,36.96763838333333,127.87376715833334,4.0,0.011000000000000001,1.0,1.0,0.0,0.0,4.833101999900935,-23.589278375321154,0.0,0.0,0.0,-0.040231679697138194,0.49264802136571173,0.1386385641490614,0.8581717121438359,0.11805407060489645,-0.02965314399138366,-0.05419247327442393,-7.89435325,-0.5491724,4.5993188499999995
1789565189.344819,14.974,0.0,5.746158997396189,0,0,327,14.196989958733061,-2.523983921271434,-17.12202585645747,1.5,42.0,111.0,1.0,-0.8681468224949979,2.516229907902459,47.0,8.769549031863411,24.109505692271796,-23.589278375321154,-0.36075310094016405,-7.49271325283244,0.0,-11.557879446135065,1.0853804266594842,0.0035896190082506806,1.0556469293342192,0.0,0.0,1.1822660552293338,0.0,0.0,0.0,0.0,0.0,nan,0.5,,,3,2,1,1.0157854557037354,6,170,False,True,False,"A:1,B:1,ESTOP:0,MODE:1,J:0",DRIVE_RUN,,,,,,,,,,,,,,,,,,L,,,False,0,,,,-9999.0,-1.0,-1.0,False,36.96763838333333,127.87376715833334,121.946,2,0.00012100000000000003,36.96763816894221,127.8737677708053,4.0,0.03342565155029297,1.0,0.0,0.04485130310058594,0.05947282791137695,4.833101999900935,-23.589278375321154,0.0,0.0,0.0,-0.038583429340139426,0.4926465568344799,0.13644519584338052,0.8585996724613559,0.07148868616168774,-0.017366026057343577,-0.06188937527571892,-7.6295737,1.32389775,5.50153065
1789565189.394833,15.024,0.0,5.746158997396189,0,0,323,14.251464132035128,-2.5478498317746285,-17.496914830909418,1.5,42.0,111.0,1.0,-0.882199553080778,2.516229907902459,47.0,8.769549031863411,24.052509785250106,-23.589278375321154,-0.36075310094016405,-5.355575969376244,0.0,-11.557879446135065,1.0853804266594842,0.0035896190082506806,1.0556469293342192,0.0,0.0,1.1822660552293338,0.0,0.0,0.0,0.0,0.0,nan,0.5,,,3,2,1,1.0049196481704712,5,170,False,True,False,"A:1,B:1,ESTOP:0,MODE:1,J:0",DRIVE_RUN,,,,,,,,,,,,,,,,,,L,,,False,0,,,,-9999.0,-1.0,-1.0,False,36.96763838333333,127.87376715833334,121.946,2,0.00012100000000000003,36.967637928413495,127.87376845281474,4.0,0.058427773475646975,1.0,0.0,0.09485554695129395,0.12577833561372323,4.833101999900935,-23.589278375321154,0.0,0.0,0.0,-0.03735629468417191,0.4927904186400696,0.13411391639519105,0.858938628758282,0.10658725741929372,-0.005166174585903215,-0.05129522671611335,-7.972806449999999,0.8433718999999998,4.05014645
1789565189.444826,15.074,0.0,5.746158997396189,0,0,314,14.312123072715574,-2.5746253656704856,-17.76989916815461,1.5,42.0,111.0,1.0,-0.899088429531218,2.516229907902459,47.0,8.769549031863411,23.98903258549208,-23.589278375321154,-0.36075310094016405,-6.76591499601271,0.0,-11.557879446135065,1.0853804266594842,0.0035896190082506806,1.0556469293342192,0.0,0.0,1.1822660552293338,0.0,0.0,0.0,0.0,0.0,nan,0.5,,,3,2,1,1.0449177026748657,5,170,False,True,False,"A:1,B:1,ESTOP:0,MODE:1,J:0",DRIVE_RUN,,,,,,,,,,,,,,,,,,L,,,False,0,,,,-9999.0,-1.0,-1.0,False,36.96763838333333,127.87376715833334,121.946,2,0.00012100000000000003,36.967637686667835,127.87376913306068,4.0,0.08339651679992675,1.0,0.0,0.14479303359985352,0.19199507215414957,4.833101999900935,-23.589278375321154,0.0,0.0,0.0,-0.03611931540115459,0.49263765955824146,0.13145831024773638,0.859489525303677,0.09587093581204853,-0.022689280275926284,-0.08606218541584039,-8.73772515,0.8727918499999999,5.4328841
1789565189.494818,15.124,0.0,5.746158997396189,0,0,310,14.37262516415679,-2.601536369435892,-18.101482403678403,1.5,42.0,111.0,1.0,-0.9169370692972416,2.516229907902459,47.0,8.769549031863411,23.925710025383854,-23.589278375321154,-0.36075310094016405,-7.267631500809643,0.0,-11.557879446135065,1.0853804266594842,0.0035896190082506806,1.0556469293342192,0.0,0.0,1.1822660552293338,0.0,0.0,0.0,0.0,0.0,nan,0.5,,,3,2,1,1.0683826208114624,5,170,False,True,False,"A:1,B:1,ESTOP:0,MODE:1,J:0",DRIVE_RUN,,,,,,,,,,,,,,,,,,L,,,False,0,,,,-9999.0,-1.0,-1.0,False,36.96763751,127.87376989666667,121.95500000000001,2,0.00012100000000000003,36.96763751,127.87376989666667,4.0,0.011000000000000001,1.0,1.0,0.0,0.0,4.966111927092082,-23.589278375321154,0.0,0.0,0.0,-0.035105328198535374,0.4920522140501258,0.1287127443176904,0.8602820839879505,0.10712830948741195,-0.04232423436086249,-0.07195992505972622,-8.208166049999999,0.8825985,4.56009225
1789565189.544846,15.174,0.0,5.746158997396189,0,0,311,14.440541424442292,-2.621202942574133,-18.466258486563788,1.5,42.0,111.0,1.0,-0.9265422773981686,2.516229907902459,47.0,8.769549031863411,23.855915252745618,-23.589278375321154,-0.36075310094016405,-7.48923803967892,0.0,-11.557879446135065,1.0853804266594842,0.0035896190082506806,1.0556469293342192,0.0,0.0,1.1822660552293338,0.0,0.0,0.0,0.0,0.0,nan,0.5,,,3,2,1,1.216856837272644,5,170,False,True,False,"A:1,B:1,ESTOP:0,MODE:1,J:0",DRIVE_RUN,,,,,,,,,,,,,,,,,,L,,,False,0,,,,-9999.0,-1.0,-1.0,False,36.96763751,127.87376989666667,121.95500000000001,2,0.00012100000000000003,36.96763723708916,127.8737706578453,4.0,0.038980566024780276,1.0,0.0,0.05596113204956055,0.07420446109771728,4.966111927092082,-23.589278375321154,0.0,0.0,0.0,-0.03310538699420603,0.4893469960840197,0.1268110953943827,0.8621847231657419,0.09522516398881063,-0.02176425577236929,-0.04686209041604775,-7.9041599,1.12776475,6.089929649999999
1789565189.594823,15.224,0.0,5.746158997396189,0,0,312,14.508241790779548,-2.651583238974139,-18.839645116190866,1.5,42.0,111.0,1.0,-0.9467791786851807,2.516229907902459,47.0,8.769549031863411,23.785055815613106,-23.589278375321154,-0.36075310094016405,-6.1257566286017395,0.0,-11.557879446135065,1.0853804266594842,0.0035896190082506806,1.0556469293342192,0.0,0.0,1.1822660552293338,0.0,0.0,0.0,0.0,0.0,nan,0.5,,,2,1,1,1.2638860940933228,5,170,False,True,False,"A:1,B:1,ESTOP:0,MODE:1,J:0",DRIVE_RUN,,,,,,,,,,,,,,,,,,L,,,False,0,,,,-9999.0,-1.0,-1.0,False,36.96763751,127.87376989666667,121.95500000000001,2,0.00012100000000000003,36.96763699148275,127.87377133706855,4.0,0.06398435688018798,1.0,0.0,0.10596871376037598,0.14051433680899308,4.966111927092082,-23.589278375321154,0.0,0.0,0.0,-0.032318925659581416,0.4893086577593984,0.12428209784117733,0.8626044775226376,0.11784463109465712,-0.02626720524251466,-0.04452334921837535,-8.81617835,0.5883989999999999,6.3154826
1789565189.644846,15.274,0.0,5.746158997396189,0,0,312,14.568652923160835,-2.678924019259422,-19.14682501747302,1.0,43.0,111.0,1.0,-0.9650662442449923,2.516229907902459,47.0,8.769549031863411,23.72181550745128,-23.589278375321154,-0.36075310094016405,-7.198969886549582,0.0,-11.557879446135065,1.0853804266594842,0.0035896190082506806,1.0556469293342192,0.0,0.0,1.1822660552293338,0.0,0.0,0.0,0.0,0.0,nan,0.5,,,2,1,1,1.2261931896209717,5,170,False,True,False,"A:1,B:1,ESTOP:0,MODE:1,J:0",DRIVE_RUN,,,,,,,,,,,,,,,,,,L,,,False,0,,,,-9999.0,-1.0,-1.0,False,36.96763751,127.87376989666667,121.95500000000001,2,0.00012100000000000003,36.96763682693934,127.87377178935854,4.0,0.08898504829406738,1.0,0.0,0.15597009658813477,0.18471529466567996,4.966111927092082,-23.589278375321154,0.0,0.0,0.0,-0.031139819644337617,0.48853603226348197,0.12174010885259712,0.8634478575509525,0.05197590512439114,-0.08272860654453122,-0.1144063324682283,-9.24767095,0.93163175,4.5306723
1789565189.694819,15.324,0.0,5.746158997396189,0,0,312,14.608880272374146,-2.6972409076772,-19.50570902026064,1.0,43.0,111.0,1.0,-0.977353154696963,2.516229907902459,47.0,8.769549031863411,23.679700434628323,-23.589278375321154,-0.36075310094016405,-6.066108362480146,0.0,-11.557879446135065,1.0853804266594842,0.0035896190082506806,1.0556469293342192,0.0,0.0,1.1822660552293338,0.0,0.0,0.0,0.0,0.0,nan,0.5,,,2,1,1,1.4490677118301392,5,170,False,True,False,"A:1,B:1,ESTOP:0,MODE:1,J:0",DRIVE_RUN,,,,,,,,,,,,,,,,,,L,,,False,0,,,,-9999.0,-1.0,-1.0,False,36.96763663,127.87377245166667,121.96100000000001,2,0.00012100000000000003,36.96763663,127.87377245166667,4.0,0.011000000000000001,1.0,1.0,0.0,0.0,4.626459810689923,-22.517623111876837,0.0,0.0,0.0,-0.029672665738535484,0.48790127913667347,0.11925490606666336,0.8642049190462864,0.11145672603235789,-0.01947787445225672,-0.012566370614359171,-6.6292954,0.14709974999999997,7.60015375
1789565189.744826,15.374,0.0,5.746158997396189,0,0,313,14.667786948350269,-2.71916409466783,-19.958744982494864,1.0,43.0,111.0,1.0,-0.990498212032929,2.516229907902459,47.0,8.769549031863411,23.6186190685961,-22.517623111876837,-0.15059570458081029,-5.958075877241173,0.0,-11.557879446135065,1.0853804266594842,0.0035896190082506806,1.0556469293342192,0.0,0.0,1.1822660552293338,0.0,0.0,0.0,0.0,0.0,nan,0.5,,,2,1,1,1.4864832162857056,5,171,False,True,False,"A:1,B:1,ESTOP:0,MODE:1,J:0",DRIVE_RUN,,,,,,,,,,,,,,,,,,L,,,False,0,,,,-9999.0,-1.0,-1.0,False,36.96763663,127.87377245166667,121.96100000000001,2,0.00012100000000000003,36.967636483271754,127.87377289426189,4.0,0.03510590648651123,1.0,0.0,0.04821181297302246,0.04261924266815186,4.626459810689923,-22.517623111876837,0.0,0.0,0.0,-0.02860049280382427,0.48878295506168273,0.11734403249968489,0.8640044054802385,0.01837831702350029,0.06054547175168329,-0.08538150700756261,-8.061066299999998,0.8433718999999998,5.0406181
1789565189.794818,15.424,0.0,5.746158997396189,0,0,318,14.707152029942993,-2.7354978084455928,-20.25668968721729,1.0,43.0,111.0,1.0,-1.0002961728197848,2.516229907902459,47.0,8.769549031863411,23.577608656392695,-22.517623111876837,-0.15059570458081029,-3.1394365099899133,0.0,-11.557879446135065,1.0853804266594842,0.0035896190082506806,1.0556469293342192,0.0,0.0,1.1822660552293338,0.0,0.0,0.0,0.0,0.0,nan,0.5,,,3,2,1,1.490027904510498,5,171,False,True,False,"A:1,B:1,ESTOP:0,MODE:1,J:0",DRIVE_RUN,,,,,,,,,,,,,,,,,,L,,,False,0,,,,-9999.0,-1.0,-1.0,False,36.96763663,127.87377245166667,121.96100000000001,2,0.00012100000000000003,36.96763632981333,127.87377335398233,4.0,0.06017001724243164,1.0,0.0,0.09834003448486328,0.08693252565827207,4.626459810689923,-22.517623111876837,0.0,0.0,0.0,-0.028750929670728023,0.4911156021044365,0.11476952922477775,0.863021902719849,0.10663961729685355,-0.007609635538695277,-0.032812189937493394,-8.9828914,0.9512450499999999,5.08965135
1789565189.844821,15.474,0.0,5.746158997396189,0,0,324,14.748040253951332,-2.75258072193608,-20.414580521006826,1.0,43.0,111.0,1.0,-1.0100117949388865,2.516229907902459,47.0,8.769549031863411,23.53500382145457,-22.517623111876837,-0.15059570458081029,-6.254019552101995,0.0,-11.557879446135065,1.0853804266594842,0.0035896190082506806,1.0556469293342192,0.0,0.0,1.1822660552293338,0.0,0.0,0.0,0.0,0.0,nan,0.5,,,2,1,1,1.4832402467727661,5,171,False,True,False,"A:1,B:1,ESTOP:0,MODE:1,J:0",DRIVE_RUN,,,,,,,,,,,,,,,,,,L,,,False,0,,,,-9999.0,-1.0,-1.0,False,36.96763663,127.87377245166667,121.96100000000001,2,0.00012100000000000003,36.96763617591852,127.87377381120196,4.0,0.08512874698638916,1.0,0.0,0.14825749397277832,0.13105930699143195,4.626459810689923,-22.517623111876837,0.0,0.0,0.0,-0.027932673011223548,0.4906845591116646,0.11263753997565956,0.8635746718240821,0.08272860654453122,-0.005113814708343385,-0.0665144977935039,-7.22750105,0.38245935,4.5502856
1789565189.894881,15.524,0.0,5.746158997396189,0,0,326,14.78870605199695,-2.769712213797025,-20.726532681020473,1.5,43.0,111.0,1.0,-1.0198139182881598,2.516229907902459,47.0,8.769549031863411,23.492620587927302,-22.517623111876837,-0.15059570458081029,-6.0082770752122565,0.0,-11.557879446135065,1.0853804266594842,0.0035896190082506806,1.0556469293342192,0.0,0.0,1.1822660552293338,0.0,0.0,0.0,0.0,0.0,nan,0.5,,,3,2,1,1.632476806640625,5,170,False,True,False,"A:1,B:1,ESTOP:0,MODE:1,J:0",DRIVE_RUN,,,,,,,,,,,,,,,,,,L,,,False,0,,,,-9999.0,-1.0,-1.0,False,36.967635728333335,127.87377477,121.957,2,0.00012100000000000003,36.967635728333335,127.87377477,4.0,0.011000000000000001,1.0,1.0,0.0,0.0,4.229377623159458,-22.517623111876837,0.0,0.0,0.0,-0.027530465845926458,0.49055284525443965,0.1101537792703213,0.8639827106924914,0.0915076126820627,0.029967303256742638,-0.051173053668473745,-8.52197885,1.5298374,5.4132708
1789565189.944824,15.574,0.0,5.746158997396189,0,0,328,14.873982984831262,-2.8195371688661255,-21.027630976058248,1.0,43.0,111.0,1.0,-1.0540574565446266,2.516229907902459,47.0,8.769549031863411,23.40216830395357,-22.517623111876837,-0.15059570458081029,-5.905359911060578,0.0,-11.557879446135065,1.0853804266594842,0.0035896190082506806,1.0556469293342192,0.0,0.0,1.1822660552293338,0.0,0.0,0.0,0.0,0.0,nan,0.5,,,2,1,1,1.646836519241333,5,170,False,True,False,"A:1,B:1,ESTOP:0,MODE:1,J:0",DRIVE_RUN,,,,,,,,,,,,,,,,,,L,,,False,0,,,,-9999.0,-1.0,-1.0,False,36.967635728333335,127.87377477,121.957,2,0.00012100000000000003,36.967635572505394,127.87377523025161,4.0,0.036146603584289554,1.0,0.0,0.0502932071685791,0.04445919513702393,4.229377623159458,-22.517623111876837,0.0,0.0,0.0,-0.02662831464785518,0.49065781644431306,0.1079270759627848,0.8642323682293074,0.0558330827712986,-0.028361600344907856,-0.051050880620834134,-8.34545915,0.6080123,5.2171378
1789565189.994834,15.624,0.0,5.746158997396189,0,0,341,14.914918452190427,-2.83688385588436,-21.323301363012234,1.0,44.0,111.0,1.0,-1.0640246249273773,2.516229907902459,47.0,8.769549031863411,23.359519982019226,-22.517623111876837,-0.15059570458081029,-4.303874214200217,0.0,-11.557879446135065,1.0853804266594842,0.0035896190082506806,1.0556469293342192,0.0,0.0,1.1822660552293338,0.0,0.0,0.0,0.0,0.0,nan,0.5,,,2,1,1,1.91932213306427,5,170,False,True,False,"A:1,B:1,ESTOP:0,MODE:1,J:0",DRIVE_RUN,,,,,,,,,,,,,,,,,,L,,,False,0,,,,-9999.0,-1.0,-1.0,False,36.967635728333335,127.87377477,121.957,2,0.00012100000000000003,36.96763541662943,127.87377568737988,4.0,0.061149798393249515,1.0,0.0,0.10029959678649902,0.08866477074031762,4.229377623159458,-22.517623111876837,0.0,0.0,0.0,-0.02546375030092656,0.4900876826241569,0.10607313962907367,0.8648202991430801,0.04661774432076854,-0.02453932928304027,-0.0534943415736262,-7.77667345,1.5494507,6.20760945
1789565190.044842,15.674,0.0,5.746158997396189,0,0,340,14.955576124399922,-2.8542358890860964,-21.5374954241357,1.0,44.0,111.0,1.0,-1.074045344808313,2.516229907902459,47.0,8.769549031863411,23.31715382320975,-22.517623111876837,-0.15059570458081029,-3.9026939072117974,0.0,-11.557879446135065,1.0853804266594842,0.0035896190082506806,1.0556469293342192,0.0,0.0,1.1822660552293338,0.0,0.0,0.0,0.0,0.0,nan,0.5,,,2,1,1,1.8678078651428223,5,170,False,True,False,"A:1,B:1,ESTOP:0,MODE:1,J:0",DRIVE_RUN,,,,,,,,,,,,,,,,,,L,,,False,0,,,,-9999.0,-1.0,-1.0,False,36.967635728333335,127.87377477,121.957,2,0.00012100000000000003,36.96763525957126,127.87377614465804,4.0,0.0861892328262329,1.0,0.0,0.15037846565246582,0.13293426612644077,4.229377623159458,-22.517623111876837,0.0,0.0,0.0,-0.024372971902031804,0.48950998853151734,0.10419353963428579,0.8654072080050033,0.07721336610822914,0.024678955623199817,-0.06291911953439558,-8.36507245,0.6472389,4.4718324
1789565190.094821,15.724,0.0,5.746158997396189,0,0,351,14.996247128592525,-2.871719524301586,-21.73244290797939,1.0,44.0,111.0,1.0,-1.084193345972756,2.516229907902459,47.0,8.769549031863411,23.274766411246382,-22.517623111876837,-0.15059570458081029,-5.541806809521874,0.0,-11.557879446135065,1.0853804266594842,0.0035896190082506806,1.0556469293342192,0.0,0.0,1.1822660552293338,0.0,0.0,0.0,0.0,0.0,nan,0.5,,,2,1,1,1.9087893962860107,5,171,False,True,False,"A:1,B:1,ESTOP:0,MODE:1,J:0",DRIVE_RUN,,,,,,,,,,,,,,,,,,L,,,False,0,,,,-9999.0,-1.0,-1.0,False,36.967635728333335,127.87377477,121.957,2,0.00012100000000000003,36.967635101875665,127.87377660013362,4.0,0.11116131401062011,1.0,0.0,0.20032262802124023,0.17708440205179038,4.229377623159458,-22.517623111876837,0.0,0.0,0.0,-0.023065242811494358,0.48951924928367124,0.10254127965450499,0.8656351339459453,0.05541420375081996,0.00020943951023931956,-0.051487212933832724,-8.0022264,0.5197524499999999,5.46230405
1789565190.144823,15.774,0.0,5.746158997396189,0,0,395,15.072618994404806,-2.912303410959641,-22.183962967800966,1.0,44.0,111.0,1.0,-1.1108905170131727,2.516229907902459,47.0,8.769549031863411,23.19432498096699,-25.505111602772413,-0.17479729657744514,-4.2085644182737,0.0,-11.557879446135065,1.0853804266594842,0.0035896190082506806,1.0556469293342192,0.0,0.0,1.1822660552293338,0.0,0.0,0.0,0.0,0.0,nan,0.5,,,2,1,1,1.9462370872497559,5,171,False,True,False,"A:1,B:1,ESTOP:0,MODE:1,J:0",DRIVE_RUN,,,,,,,,,,,,,,,,,,L,,,False,0,,,,-9999.0,-1.0,-1.0,False,36.967634895,127.87377700333333,121.957,2,0.00012100000000000003,36.967634779987186,127.87377730439259,4.0,0.02778740978240967,1.0,0.0,0.033574819564819336,0.029680140495300295,3.894293985038461,-25.505111602772413,0.0,0.0,0.0,-0.021883135986387782,0.4887034974318983,0.10081454694339644,0.8663292948306835,0.07346090821644133,-0.00916297857297023,-0.05133013330115323,-8.139519499999999,0.9610517,4.834678449999999
1789565190.194843,15.824,0.0,5.746158997396189,0,0,500,15.099395655559116,-2.9251065791881192,-22.394351855436668,1.0,44.0,111.0,1.0,-1.118887496863331,2.516229907902459,47.0,8.769549031863411,23.166290107360627,-25.505111602772413,-0.17479729657744514,-5.130627665780899,0.0,-11.557879446135065,1.0853804266594842,0.0035896190082506806,1.0556469293342192,0.0,0.0,1.1822660552293338,0.0,0.0,0.0,0.0,0.0,nan,0.5,,,2,1,1,2.0556068420410156,5,171,False,True,False,"A:1,B:1,ESTOP:0,MODE:1,J:0",DRIVE_RUN,,,,,,,,,,,,,,,,,,L,,,False,0,,,,-9999.0,-1.0,-1.0,False,36.967634895,127.87377700333333,121.957,2,0.00012100000000000003,36.967634607657914,127.87377775300368,4.0,0.05282827472686768,1.0,0.0,0.08365654945373535,0.07395234866209803,3.894293985038461,-25.505111602772413,0.0,0.0,0.0,-0.02069873597251712,0.4877562883619069,0.09913330085548737,0.8670858977944755,0.05900958200992828,0.0012042771838760874,-0.05899212871740834,-7.8060934,0.73549875,5.8055368
1789565190.244830,15.874,3.0,7.297097444637375,0,0,592,15.13929579736001,-2.9442901860660293,-22.651070149332895,1.0,44.0,111.0,1.0,-1.1309077811653503,2.516229907902459,47.0,8.769549031863411,23.124511061642295,-25.505111602772413,-0.17479729657744514,-4.596377060462606,0.0,-11.557879446135065,1.0853804266594842,0.0035896190082506806,1.0556469293342192,0.0,0.0,1.1822660552293338,0.0,0.0,0.0,0.0,0.0,nan,0.5,,,2,1,1,2.22025990486145,5,171,True,True,False,"A:1,B:1,ESTOP:0,MODE:1,J:0",DRIVE_RUN,,,,-1.118887496863331,-13.308928320981472,-5.542432841676954,7.297097444637375,3.0,174.27318907841027,1.0,1.0770270270270277,0.9103603603603604,-1.05,2.0,1596.0,6.0,0.0,L,,,False,0,,,,-9999.0,-1.0,-1.0,False,36.967634895,127.87377700333333,121.957,2,0.00012100000000000003,36.96763443481665,127.87377819978745,4.0,0.07780035591125488,1.0,0.0,0.13360071182250977,0.11810280692913336,3.894293985038461,-25.505111602772413,0.0,0.0,0.0,-0.019749837160577113,0.4867031430953482,0.0973336034274242,0.8679033149361011,0.06993534312741279,-0.05607742886657781,-0.05592034923389832,-7.85512665,0.784532,6.3154826
1789565190.294832,15.924,3.0,8.639490211977114,3,0,750,15.179033414854919,-2.963530787262385,-22.881229596168595,1.0,44.0,111.0,1.0,-1.1430122160884864,2.516229907902459,47.0,8.769549031863411,23.082896595088666,-25.505111602772413,-0.17479729657744514,-5.227315469456965,0.0,-11.557879446135065,1.0853804266594842,0.0035896190082506806,1.0556469293342192,0.0,0.0,1.1822660552293338,0.0,0.0,0.0,0.0,0.0,nan,0.5,,,2,1,1,2.7093608379364014,5,171,True,True,False,"A:1,B:1,ESTOP:0,MODE:1,J:0",DRIVE_RUN,,,,-1.1309077811653503,-13.471581688532503,-6.561677632786019,8.639490211977114,3.0,154.8856629506784,1.0,1.0255102040816337,0.9183673469387756,-1.05,2.0,1572.0,6.0,0.0,L,,,False,0,,,,-9999.0,-1.0,-1.0,False,36.967634088333334,127.87377899166667,121.969,2,0.00012100000000000003,36.967634088333334,127.87377899166667,4.0,0.011000000000000001,1.0,1.0,0.0,0.0,3.73815335626146,-25.505111602772413,0.0,0.0,0.0,-0.018562743037880657,0.48263233590576554,0.0961074758581204,0.8703360305038709,0.04155628948998498,-0.04391248398017733,-0.04476769531365455,-6.089929649999999,-0.06864655,8.79656505
1789565190.344818,15.974,3.0,7.927332941476474,3,0,827,15.249464337665836,-3.0021011338440258,-23.143150965334144,1.0,44.0,111.0,1.0,-1.1688675717533457,2.516229907902459,47.0,8.769549031863411,23.008677294996765,-25.505111602772413,-0.17479729657744514,-3.4632537391565643,0.0,-11.557879446135065,1.0853804266594842,0.0035896190082506806,1.0556469293342192,0.0,0.0,1.1822660552293338,0.0,0.0,0.0,0.0,0.0,nan,0.5,,,2,1,1,3.1375575065612793,5,170,True,True,False,"A:1,B:1,ESTOP:0,MODE:1,J:0",DRIVE_RUN,,,,-1.1430122160884864,-13.643076563359402,-6.0209753772321815,7.927332941476474,3.0,151.34328877532238,1.0,1.0255102040816337,0.9183673469387756,-1.05,2.0,1598.0,6.0,0.0,L,,,False,0,,,,-9999.0,-1.0,-1.0,False,36.967634088333334,127.87377899166667,121.969,2,0.00012100000000000003,36.96763391985541,127.87377942130136,4.0,0.03507622337341309,1.0,0.0,0.04815244674682617,0.04256676292419433,3.73815335626146,-25.505111602772413,0.0,0.0,0.0,-0.01784465173755418,0.48126125253744784,0.09469607172383321,0.8712645001436287,0.04687954370856769,0.008883725892651137,-0.03307398932529255,-6.2370294,0.12748644999999997,7.6295737
1789565190.394822,16.024,3.0,6.0836686620597,3,0,855,15.287676690598792,-3.02085601065875,-23.31563806125007,1.0,44.0,111.0,1.0,-1.180756410227484,2.516229907902459,47.0,8.769549031863411,22.96866073815796,-25.505111602772413,-0.17479729657744514,-3.2375671017153445,0.0,-11.557879446135065,1.0853804266594842,0.0035896190082506806,1.0556469293342192,0.0,0.0,1.1822660552293338,0.0,0.0,0.0,0.0,0.0,nan,0.5,,,2,1,1,3.4132938385009766,5,171,True,True,False,"A:1,B:1,ESTOP:0,MODE:1,J:0",DRIVE_RUN,,,,-1.1688675717533457,-13.792275823235965,-4.620975377232181,6.0836686620597,3.0,144.14589204391567,1.0,1.0255102040816337,0.9183673469387756,-1.05,2.0,1245.0,4.0,0.0,L,,,False,0,,,,-9999.0,-1.0,-1.0,False,36.967634088333334,127.87377899166667,121.969,2,0.00012100000000000003,36.96763374391601,127.87377986780963,4.0,0.060121499061584475,1.0,0.0,0.09824299812316895,0.08684677091108468,3.73815335626146,-25.505111602772413,0.0,0.0,0.0,-0.017152600044724298,0.4789750205779742,0.09383893293093798,0.8726299173420642,0.028501226685067403,-0.01595230936322817,-0.023911010752322315,-7.36479415,0.3334261,6.982334799999999
1789565190.444839,16.074,3.0,4.240318493196445,3,0,854,15.327389804191876,-3.0404414948725647,-23.477611205182825,1.0,45.0,111.0,1.0,-1.1932047909513668,2.516229907902459,47.0,8.769549031863411,22.927072218599765,-25.505111602772413,-0.17479729657744514,-2.139733997412302,0.0,-11.557879446135065,1.0853804266594842,0.0035896190082506806,1.0556469293342192,0.0,0.0,1.1822660552293338,0.0,0.0,0.0,0.0,0.0,nan,0.5,,,2,1,1,4.145533561706543,5,170,True,True,False,"A:1,B:1,ESTOP:0,MODE:1,J:0",DRIVE_RUN,,,,-1.180756410227484,-13.895485988006092,-3.2209753772321807,4.240318493196445,3.0,81.51835905960658,1.0,8.288076923076925,3.6584615384615384,-0.7597529071194922,1.0,1158.0,3.0,0.0,L,,,False,0,,,,-9999.0,-1.0,-1.0,False,36.967634088333334,127.87377899166667,121.969,2,0.00012100000000000003,36.967633567837616,127.87378031306898,4.0,0.08511432266235351,1.0,0.0,0.14822864532470703,0.13103400146366753,3.73815335626146,-25.505111602772413,0.0,0.0,0.0,-0.016731375283932884,0.4785952869330571,0.0931133307506444,0.8729241204383655,0.04150392961242516,-0.02626720524251466,-0.010629055144645466,-5.952636549999999,0.22555294999999997,9.26728425
1789565190.494827,16.124,3.0,2.397186293674417,3,0,849,15.366991836884775,-3.0600424520915075,-23.585171724404717,1.0,45.0,111.0,1.0,-1.205687556592423,2.516229907902459,47.0,8.769549031863411,22.88560259876649,-25.505111602772413,-0.17479729657744514,-2.4430438436999733,0.0,-11.557879446135065,1.0853804266594842,0.0035896190082506806,1.0556469293342192,0.0,0.0,1.1822660552293338,0.0,0.0,0.0,0.0,0.0,nan,0.5,,,2,1,1,3.7877132892608643,6,171,True,True,False,"A:1,B:1,ESTOP:0,MODE:1,J:0",DRIVE_RUN,,,,-1.1932047909513668,-13.941236952178711,-1.8209753772321806,2.397186293674417,3.0,78.5063868205119,1.0,8.232962962962963,3.7403703703703695,-0.6865532436913813,1.0,1162.0,3.0,0.0,L,,,False,0,,,,-9999.0,-1.0,-1.0,False,36.96763343166667,127.87378037333333,121.96600000000001,2,0.00012100000000000003,36.96763343166667,127.87378037333333,4.0,0.011000000000000001,1.0,1.0,0.0,0.0,3.1925401990664084,-28.523005942520637,0.0,0.0,0.0,-0.016567085376553346,0.4755609346310523,0.09249521463321185,0.8746496237951068,0.011711159280881952,0.006841690667817772,-0.02590068609959585,-8.8063717,-1.7455836999999998,4.16782625
1789565190.544840,16.174,3.0,0.554176969700321,3,0,850,15.372351838848742,-3.0752009325187992,-23.95378506785815,1.0,45.0,111.0,1.0,-1.2196955048007203,2.516229907902459,47.0,8.769549031863411,22.878663081971283,-28.523005942520637,-0.2468917109057955,-1.2911823536269313,0.0,-11.557879446135065,1.0853804266594842,0.0035896190082506806,1.0556469293342192,0.0,0.0,1.1822660552293338,0.0,0.0,0.0,0.0,0.0,nan,0.5,,,1,1,0,4.2145185470581055,6,171,True,True,False,"A:1,B:1,ESTOP:0,MODE:1,J:0",DRIVE_RUN,,,,-1.205687556592423,-14.024617999705567,-0.4209753772321805,0.554176969700321,3.0,76.6285407090421,1.0,8.194696969696968,3.749999999999999,-0.6933615435413691,1.0,1147.0,3.0,0.0,L,,,False,0,,,,-9999.0,-1.0,-1.0,False,36.96763343166667,127.87378037333333,121.96600000000001,2,0.00012100000000000003,36.967633245809836,127.87378080070837,4.0,0.03547807788848877,1.0,0.0,0.04895615577697754,0.043277241706848144,3.1925401990664084,-28.523005942520637,0.0,0.0,0.0,-0.016292767360364745,0.475639549838909,0.09182971056735799,0.8746821529092131,0.03155555287605748,-0.01577777643802874,-0.01853539665617978,-6.8450416999999995,1.2944778,7.256920999999999
1789565190.594954,16.224,3.0,-1.247379264506441,3,0,851,15.410363214790653,-3.0958904206315605,-24.018220371542554,0.5,45.0,111.0,1.0,-1.2335246446976929,2.516229907902459,47.0,8.769549031863411,22.838680687260723,-28.523005942520637,-0.2468917109057955,-2.1393950495146496,0.0,-11.557879446135065,1.0853804266594842,0.0035896190082506806,1.0556469293342192,0.0,0.0,1.1822660552293338,0.0,0.0,0.0,0.0,0.0,nan,0.5,,,0,0,0,4.786192417144775,6,170,True,True,False,"A:1,B:1,ESTOP:0,MODE:1,J:0",DRIVE_RUN,,,,-1.2196955048007203,-14.084118845552458,0.9790246227678197,-1.247379264506441,3.0,75.80787608789727,1.0,8.206470588235293,3.7162745098039234,-0.7521472807485283,1.0,1146.0,3.0,0.0,L,,,False,0,,,,-9999.0,-1.0,-1.0,False,36.96763343166667,127.87378037333333,121.96600000000001,2,0.00012100000000000003,36.96763315070153,127.87378101883809,4.0,0.060479961395263675,1.0,0.0,0.09895992279052734,0.06537889791712488,3.1925401990664084,-28.523005942520637,0.0,0.0,0.0,-0.016062731599692272,0.4753546089556203,0.09175385831798993,0.8748492520897344,-0.004433136300065597,0.0071907565182166375,-0.005270894341022875,-6.54103555,1.08853815,8.139519499999999
1789565190.644840,16.274,3.0,-2.9975710246874527,3,0,851,15.4297639980021,-3.106477828740132,-24.125187981717858,0.0,45.0,111.0,1.0,-1.2406101581625524,2.516229907902459,47.0,8.769549031863411,22.818275647718796,-28.523005942520637,-0.2468917109057955,0.09559234271886645,0.0,-11.557879446135065,1.0853804266594842,0.0035896190082506806,1.0556469293342192,0.0,0.0,1.1822660552293338,0.0,0.0,0.0,0.0,0.0,nan,0.5,,,0,0,0,4.805075168609619,6,171,True,True,False,"A:1,B:1,ESTOP:0,MODE:1,J:0",DRIVE_RUN,,,,-1.2335246446976929,-14.083684040055399,2.37902462276782,-2.9975710246874527,3.0,75.4976699094054,1.0,8.200000000000001,3.7000000000000015,-0.780119927493546,1.0,1153.0,3.0,0.0,L,,,False,0,,,,-9999.0,-1.0,-1.0,False,36.96763343166667,127.87378037333333,121.96600000000001,2,0.00012100000000000003,36.96763315070153,127.87378101883809,4.0,0.08547481155395507,1.0,0.0,0.14894962310791016,0.06537889791712488,3.1925401990664084,-28.523005942520637,0.0,0.0,0.0,-0.016003950468915243,0.4754322198750671,0.09160336700530752,0.8748239257286836,0.029251718263424962,0.018308503853420515,-0.006597344572538566,-6.982334799999999,0.30400615,4.8444851
1789565190.694885,16.324,3.0,-4.761571024687453,3,0,850,15.4297639980021,-3.106477828740132,-24.120420152082204,0.0,45.0,111.0,1.0,-1.2406101581625524,2.516229907902459,47.0,8.769549031863411,22.818275647718796,-28.523005942520637,-0.2468917109057955,-1.5811298738585047,0.0,-11.557879446135065,1.0853804266594842,0.0035896190082506806,1.0556469293342192,0.0,0.0,1.1822660552293338,0.0,0.0,0.0,0.0,0.0,nan,0.5,,,0,0,0,4.834630012512207,5,172,True,True,False,"A:1,B:1,ESTOP:0,MODE:1,J:0",DRIVE_RUN,,,,-1.2406101581625524,-14.090353958078497,3.77902462276782,-4.761571024687453,3.0,74.87578002616038,1.0,8.208984374999998,3.717187500000002,-0.7737530306905405,1.0,1160.0,3.0,0.0,L,,,False,0,,,,-9999.0,-1.0,-1.0,False,36.967633255,127.873780795,121.96799999999999,2,0.00012100000000000003,36.967633255,127.873780795,4.0,0.011000000000000001,1.0,1.0,0.0,0.0,1.6634499817999744,-28.523005942520637,0.0,0.0,0.0,-0.01585494809408204,0.4763487180823297,0.09146675699316127,0.8743422394963023,-0.016807520696705394,0.0762708883121522,0.000890117918517108,-7.2765343,0.980665,4.89351835
1789565190.744868,16.374,0.0,0.0,0,0,850,15.409855503601296,-3.0948673759375414,-24.199427564185044,0.0,45.0,111.0,1.0,-1.2326044046103124,2.516229907902459,47.0,8.769549031863411,22.83929319100124,-28.523005942520637,-0.2468917109057955,1.0961420613227886,0.0,-11.557879446135065,1.0853804266594842,0.0035896190082506806,1.0556469293342192,0.0,0.0,1.1822660552293338,0.0,0.0,0.0,0.0,0.0,nan,0.5,,,0,0,0,4.979343414306641,5,172,True,True,True,"A:1,B:1,ESTOP:1,MODE:1,J:0",DRIVE_RUN,,,,,,,,,,,,,,,,,,0,,"🚨 E-STOP — 자율주행 ★일시정지★ (경로·헤딩 유지, 해제하면 재개) | 🛰️ 라이다 조종권 회수 — E-STOP 일시정지",False,0,,,,-9999.0,-1.0,-1.0,False,36.967633255,127.873780795,121.96799999999999,2,0.00012100000000000003,36.967633255,127.873780795,4.0,0.034620724678039554,1.0,0.0,0.0472414493560791,0.0,1.6634499817999744,-28.523005942520637,0.0,0.0,0.0,-0.015771986740352448,0.47699020918220325,0.09145447777421481,0.8739952306927228,0.03548254369304472,-0.0031764992386296795,-0.0045204027626653135,-8.8652116,0.196133,6.97252815
1789565190.794829,16.424,0.0,0.0,0,0,850,15.409855503601296,-3.0948673759375414,-24.144452732700813,0.0,45.0,111.0,1.0,-1.2326044046103124,2.516229907902459,47.0,8.769549031863411,22.83929319100124,-28.523005942520637,-0.2468917109057955,-1.8961950848272187,0.0,-11.557879446135065,1.0853804266594842,0.0035896190082506806,1.0556469293342192,0.0,0.0,1.1822660552293338,0.0,0.0,0.0,0.0,0.0,nan,0.5,,,0,0,0,5.0373053550720215,5,172,True,True,True,"A:1,B:1,ESTOP:1,MODE:1,J:0",DRIVE_RUN,,,,,,,,,,,,,,,,,,0,,,False,0,,,,-9999.0,-1.0,-1.0,False,36.967633255,127.873780795,121.96799999999999,2,0.00012100000000000003,36.967633255,127.873780795,4.0,0.05962141609191895,1.0,0.0,0.09724283218383789,0.0,1.6634499817999744,-28.523005942520637,0.0,0.0,0.0,-0.015807911021976116,0.4765345952197996,0.09147308144177213,0.8742411365746696,-5.235987755982989e-05,-0.026075219024795284,0.0074176493209759005,-8.031646349999999,0.9512450499999999,5.609403799999999
1789565190.844823,16.474,0.0,0.0,0,0,850,15.409855503601296,-3.0948673759375414,-24.239298563575574,0.0,45.0,111.0,1.0,-1.2326044046103124,2.516229907902459,47.0,8.769549031863411,22.83929319100124,-28.523005942520637,-0.2468917109057955,0.1393417710147319,0.0,-11.557879446135065,1.0853804266594842,0.0035896190082506806,1.0556469293342192,0.0,0.0,1.1822660552293338,0.0,0.0,0.0,0.0,0.0,nan,0.5,,,0,0,0,5.181615352630615,5,171,True,True,True,"A:1,B:1,ESTOP:1,MODE:1,J:0",DRIVE_RUN,,,,,,,,,,,,,,,,,,0,,,False,0,,,,-9999.0,-1.0,-1.0,False,36.967633255,127.873780795,121.96799999999999,2,0.00012100000000000003,36.967633255,127.873780795,4.0,0.0846088752746582,1.0,0.0,0.1472177505493164,0.0,1.6634499817999744,-28.523005942520637,0.0,0.0,0.0,-0.015514729216809943,0.47636734110193263,0.09167591984563725,0.8743162901543471,0.02530727415391778,-0.037716565135597464,-0.00747000919853573,-7.2765343,-0.37265269999999995,6.0605097
1789565190.894822,16.524,0.0,0.0,0,0,850,15.409855503601296,-3.0948673759375414,-24.232315734598984,0.0,45.0,111.0,1.0,-1.2326044046103124,2.516229907902459,47.0,8.769549031863411,22.83929319100124,-28.523005942520637,-0.2468917109057955,-1.5751911216559185,0.0,-11.557879446135065,1.0853804266594842,0.0035896190082506806,1.0556469293342192,0.0,0.0,1.1822660552293338,0.0,0.0,0.0,0.0,0.0,nan,0.5,,,0,0,0,5.276381969451904,5,171,True,True,True,"A:1,B:1,ESTOP:1,MODE:1,J:0",DRIVE_RUN,,,,,,,,,,,,,,,,,,0,,,False,0,,,,-9999.0,-1.0,-1.0,False,36.967633315,127.87378078166667,121.975,2,0.00012100000000000003,36.967633315,127.87378078166667,4.0,0.011000000000000001,1.0,1.0,0.0,0.0,0.3483316384114552,-28.523005942520637,0.0,0.0,0.0,-0.01561332171735242,0.47638950861424373,0.09161408709088432,0.8743089381412805,-0.016632987771505958,0.009023352232810684,0.003909537524467298,-7.79628675,0.46091255,5.8447634
1789565190.944836,16.574,0.0,0.0,0,0,850,15.40866961687888,-3.0881882067282804,-24.310816082738768,0.0,45.0,111.0,1.0,-1.2262295424673733,2.516229907902459,47.0,8.769549031863411,22.841176115219966,-28.523005942520637,-0.2468917109057955,0.9731764755474187,0.0,-11.557879446135065,1.0853804266594842,0.0035896190082506806,1.0556469293342192,0.0,0.0,1.1822660552293338,0.0,0.0,0.0,0.0,0.0,nan,0.5,,,0,0,0,4.999061107635498,5,171,True,True,True,"A:1,B:1,ESTOP:1,MODE:1,J:0",DRIVE_RUN,,,,,,,,,,,,,,,,,,0,,,False,0,,,,-9999.0,-1.0,-1.0,False,36.967633315,127.87378078166667,121.975,2,0.00012100000000000003,36.967633315,127.87378078166667,4.0,0.03617020702362061,1.0,0.0,0.05034041404724121,0.0,0.3483316384114552,-28.523005942520637,0.0,0.0,0.0,-0.01554983756350354,0.4767645148923566,0.09147879585665958,0.8741198028873504,-0.005235987755982988,0.004433136300065597,-0.0064228116473391324,-9.11037785,0.5687857,4.14821295
1789565190.994823,16.624,0.0,0.0,0,0,850,15.40866961687888,-3.0881882067282804,-24.26211136474228,0.0,45.0,111.0,1.0,-1.2262295424673733,2.516229907902459,47.0,8.769549031863411,22.841176115219966,-28.523005942520637,-0.2468917109057955,0.1001375009450853,0.0,-11.557879446135065,1.0853804266594842,0.0035896190082506806,1.0556469293342192,0.0,0.0,1.1822660552293338,0.0,0.0,0.0,0.0,0.0,nan,0.5,,,0,0,0,4.9380645751953125,5,171,True,True,True,"A:1,B:1,ESTOP:1,MODE:1,J:0",DRIVE_RUN,,,,,,,,,,,,,,,,,,0,,,False,0,,,,-9999.0,-1.0,-1.0,False,36.967633315,127.87378078166667,121.975,2,0.00012100000000000003,36.967633315,127.87378078166667,4.0,0.06116696453094483,1.0,0.0,0.10033392906188965,0.0,0.3483316384114552,-28.523005942520637,0.0,0.0,0.0,-0.015532774395221494,0.4766721222843455,0.09145714749835171,0.8741727580564324,-0.0005585053606381855,-0.009442231253289324,-0.0033859387488689996,-8.316039199999999,0.9218251,5.0013914999999995
1789565191.044824,16.674,0.0,0.0,0,0,850,15.40866961687888,-3.0881882067282804,-24.25709628159356,0.0,45.0,111.0,1.0,-1.2262295424673733,2.516229907902459,47.0,8.769549031863411,22.841176115219966,-28.523005942520637,-0.2468917109057955,-0.08883507169350614,0.0,-11.557879446135065,1.0853804266594842,0.0035896190082506806,1.0556469293342192,0.0,0.0,1.1822660552293338,0.0,0.0,0.0,0.0,0.0,nan,0.5,,,0,0,0,4.868282318115234,5,167,True,True,True,"A:1,B:1,ESTOP:1,MODE:1,J:0",DRIVE_RUN,,,,,,,,,,,,,,,,,,0,,,False,0,,,,-9999.0,-1.0,-1.0,False,36.967633315,127.87378078166667,121.975,2,0.00012100000000000003,36.967633315,127.87378078166667,4.0,0.08614417171478271,1.0,0.0,0.15028834342956543,0.0,0.3483316384114552,-28.523005942520637,0.0,0.0,0.0,-0.015589399580401841,0.4765995226933267,0.09141007947610483,0.8742162564030642,-0.010157816246606997,-0.0027576202181510408,-0.00942477796076938,-8.09048625,0.5197524499999999,4.89351835
1789565191.094828,16.724,0.0,0.0,0,0,850,15.40866961687888,-3.0881882067282804,-24.261545062679545,0.0,45.0,111.0,1.0,-1.2262295424673733,2.516229907902459,47.0,8.769549031863411,22.841176115219966,-28.523005942520637,-0.2468917109057955,0.23814346846637674,0.0,-11.557879446135065,1.0853804266594842,0.0035896190082506806,1.0556469293342192,0.0,0.0,1.1822660552293338,0.0,0.0,0.0,0.0,0.0,nan,0.5,,,0,0,0,4.843039035797119,5,170,True,True,True,"A:1,B:1,ESTOP:1,MODE:1,J:0",DRIVE_RUN,,,,,,,,,,,,,,,,,,0,,,False,0,,,,-9999.0,-1.0,-1.0,False,36.967633293333336,127.87378078333333,121.97900000000001,2,0.00012100000000000003,36.967633293333336,127.87378078333333,4.0,0.011000000000000001,1.0,1.0,0.0,0.0,0.03890529400261219,-28.523005942520637,0.0,0.0,0.0,-0.015743420847371105,0.47646224112141333,0.09127572769808068,0.8743023613251701,0.0008726646259971648,0.0031764992386296795,-0.0006283185307179586,-8.34545915,0.57859235,5.3544309
1789565191.144825,16.774,0.0,0.0,0,0,850,15.4088178524032,-3.090600128832879,-24.24969382677176,0.0,45.0,111.0,1.0,-1.2285798306820523,2.516229907902459,47.0,8.769549031863411,22.84077439798038,-28.523005942520637,-0.2468917109057955,-0.04424067876352293,0.0,-11.557879446135065,1.0853804266594842,0.0035896190082506806,1.0556469293342192,0.0,0.0,1.1822660552293338,0.0,0.0,0.0,0.0,0.0,nan,0.5,,,0,0,0,4.753510475158691,5,170,True,True,True,"A:1,B:1,ESTOP:1,MODE:1,J:0",DRIVE_RUN,,,,,,,,,,,,,,,,,,0,,,False,0,,,,-9999.0,-1.0,-1.0,False,36.967633293333336,127.87378078333333,121.97900000000001,2,0.00012100000000000003,36.967633293333336,127.87378078333333,4.0,0.031430207252502444,1.0,0.0,0.04086041450500488,0.0,0.03890529400261219,-28.523005942520637,0.0,0.0,0.0,-0.015753976693161593,0.4766358481012794,0.09120085886522748,0.8742153532542026,-0.0035953782591083188,0.0004188790204786391,0.003525565089028546,-8.5121722,0.7453053999999999,4.97197155
1789565191.194820,16.824,0.0,0.0,0,0,850,15.4088178524032,-3.090600128832879,-24.25190276809505,0.0,45.0,111.0,1.0,-1.2285798306820523,2.516229907902459,47.0,8.769549031863411,22.84077439798038,-28.523005942520637,-0.2468917109057955,0.28644205347446017,0.0,-11.557879446135065,1.0853804266594842,0.0035896190082506806,1.0556469293342192,0.0,0.0,1.1822660552293338,0.0,0.0,0.0,0.0,0.0,nan,0.5,,,0,0,0,4.677819728851318,5,170,True,True,True,"A:1,B:1,ESTOP:1,MODE:1,J:0",DRIVE_RUN,,,,,,,,,,,,,,,,,,0,,,False,0,,,,-9999.0,-1.0,-1.0,False,36.967633293333336,127.87378078333333,121.97900000000001,2,0.00012100000000000003,36.967633293333336,127.87378078333333,4.0,0.056442581176757815,1.0,0.0,0.09088516235351562,0.0,0.03890529400261219,-28.523005942520637,0.0,0.0,0.0,-0.015534160357481612,0.4773610938126669,0.09124499982893544,0.8738188748145578,0.00012217304763960306,-0.002775073510670984,0.0072954762733362976,-8.34545915,0.6864655000000001,4.95235825
1789565191.244845,16.874,0.0,0.0,0,0,850,15.4088178524032,-3.090600128832879,-24.237578083941855,0.0,45.0,111.0,1.0,-1.2285798306820523,2.516229907902459,47.0,8.769549031863411,22.84077439798038,-28.523005942520637,-0.2468917109057955,0.19780775751967006,0.0,-11.557879446135065,1.0853804266594842,0.0035896190082506806,1.0556469293342192,0.0,0.0,1.1822660552293338,0.0,0.0,0.0,0.0,0.0,nan,0.5,,,0,0,0,4.643141746520996,5,170,True,True,True,"A:1,B:1,ESTOP:1,MODE:1,J:0",DRIVE_RUN,,,,,,,,,,,,,,,,,,0,,,False,0,,,,-9999.0,-1.0,-1.0,False,36.967633293333336,127.87378078333333,121.97900000000001,2,0.00012100000000000003,36.967633293333336,127.87378078333333,4.0,0.08143862342834472,1.0,0.0,0.14087724685668945,0.0,0.03890529400261219,-28.523005942520637,0.0,0.0,0.0,-0.015493011345034488,0.47745862613509915,0.091218728139172,0.8737690602014461,0.0007155849933176752,-0.00034906585039886593,-0.001710422666954443,-8.18855275,0.7453053999999999,5.10926465
1789565191.294834,16.924,0.0,0.0,0,0,850,15.4088178524032,-3.090600128832879,-24.227610408546184,0.0,45.0,111.0,1.0,-1.2285798306820523,2.516229907902459,47.0,8.769549031863411,22.84077439798038,-28.523005942520637,-0.2468917109057955,-0.07850290214342326,0.0,-11.557879446135065,1.0853804266594842,0.0035896190082506806,1.0556469293342192,0.0,0.0,1.1822660552293338,0.0,0.0,0.0,0.0,0.0,nan,0.5,,,0,0,0,4.892256259918213,5,171,True,True,True,"A:1,B:1,ESTOP:1,MODE:1,J:0",DRIVE_RUN,,,,,,,,,,,,,,,,,,0,,,False,0,,,,-9999.0,-1.0,-1.0,False,36.96763331333333,127.87378076833333,121.97900000000001,2,0.00012100000000000003,36.96763331333333,127.87378076833333,4.0,0.011000000000000001,1.0,1.0,0.0,0.0,0.010852903352290541,-28.523005942520637,0.0,0.0,0.0,-0.015237746801970362,0.4770390747087831,0.09131614424997353,0.8739925022977629,-0.002007128639793479,-0.012863076587198208,-0.006178465552059927,-7.14904785,0.3138128,6.5116156
1789565191.344819,16.974,0.0,0.0,0,0,850,15.407483730156464,-3.088373739623773,-24.231521980411003,0.0,45.0,111.0,1.0,-1.2266166723263598,2.516229907902459,47.0,8.769549031863411,22.84233581543091,-28.523005942520637,-0.2468917109057955,-0.10698320078649531,0.0,-11.557879446135065,1.0853804266594842,0.0035896190082506806,1.0556469293342192,0.0,0.0,1.1822660552293338,0.0,0.0,0.0,0.0,0.0,nan,0.5,,,0,0,0,4.7347025871276855,5,170,True,True,True,"A:1,B:1,ESTOP:1,MODE:1,J:0",DRIVE_RUN,,,,,,,,,,,,,,,,,,0,,,False,0,,,,-9999.0,-1.0,-1.0,False,36.96763331333333,127.87378076833333,121.97900000000001,2,0.00012100000000000003,36.96763331333333,127.87378076833333,4.0,0.03706749534606934,1.0,0.0,0.05213499069213867,0.0,0.010852903352290541,-28.523005942520637,0.0,0.0,0.0,-0.01530057484845277,0.4771597276460642,0.09125802943031518,0.8739316099023633,-0.0037175513067479217,-0.008691739674931762,-0.009337511498169663,-8.3748791,0.21574629999999997,4.5502856
1789565191.394818,17.024,0.0,0.0,0,0,850,15.407483730156464,-3.088373739623773,-24.236874400217147,0.0,45.0,111.0,1.0,-1.2266166723263598,2.516229907902459,47.0,8.769549031863411,22.84233581543091,-28.523005942520637,-0.2468917109057955,-0.09820757175935282,0.0,-11.557879446135065,1.0853804266594842,0.0035896190082506806,1.0556469293342192,0.0,0.0,1.1822660552293338,0.0,0.0,0.0,0.0,0.0,nan,0.5,,,0,0,0,4.70914888381958,5,171,True,True,True,"A:1,B:1,ESTOP:1,MODE:1,J:0",DRIVE_RUN,,,,,,,,,,,,,,,,,,0,,,False,0,,,,-9999.0,-1.0,-1.0,False,36.96763331333333,127.87378076833333,121.97900000000001,2,0.00012100000000000003,36.96763331333333,127.87378076833333,4.0,0.062065564155578616,1.0,0.0,0.10213112831115723,0.0,0.010852903352290541,-28.523005942520637,0.0,0.0,0.0,-0.015273066395618325,0.47710571476780667,0.09120106525772761,0.8739675257551798,0.001186823891356144,-0.008412486994612669,-0.003926990816987242,-8.36507245,0.81395195,5.28578435
1789565191.444829,17.074,0.0,0.0,0,0,850,15.407483730156464,-3.088373739623773,-24.2417712405356,0.0,45.0,111.0,1.0,-1.2266166723263598,2.516229907902459,47.0,8.769549031863411,22.84233581543091,-28.523005942520637,-0.2468917109057955,-0.18824862265109893,0.0,-11.557879446135065,1.0853804266594842,0.0035896190082506806,1.0556469293342192,0.0,0.0,1.1822660552293338,0.0,0.0,0.0,0.0,0.0,nan,0.5,,,0,0,0,4.636072635650635,5,171,True,True,True,"A:1,B:1,ESTOP:1,MODE:1,J:0",DRIVE_RUN,,,,,,,,,,,,,,,,,,0,,,False,0,,,,-9999.0,-1.0,-1.0,False,36.96763331333333,127.87378076833333,121.97900000000001,2,0.00012100000000000003,36.96763331333333,127.87378076833333,4.0,0.08705218887329101,1.0,0.0,0.15210437774658203,0.0,0.010852903352290541,-28.523005942520637,0.0,0.0,0.0,-0.015082961381775423,0.47711608695810664,0.09134317812018108,0.8739503233323078,0.00017453292519943296,0.0006457718232379018,-0.002373647782712288,-8.316039199999999,0.43149259999999995,5.03081145
1789565191.494819,17.124,0.0,0.0,0,0,850,15.407483730156464,-3.088373739623773,-24.251164812264733,0.0,45.0,111.0,1.0,-1.2266166723263598,2.516229907902459,47.0,8.769549031863411,22.84233581543091,-28.523005942520637,-0.2468917109057955,-0.06636416004502342,0.0,-11.557879446135065,1.0853804266594842,0.0035896190082506806,1.0556469293342192,0.0,0.0,1.1822660552293338,0.0,0.0,0.0,0.0,0.0,nan,0.5,,,0,0,0,4.548609733581543,5,171,True,True,True,"A:1,B:1,ESTOP:1,MODE:1,J:0",DRIVE_RUN,,,,,,,,,,,,,,,,,,0,,,False,0,,,,-9999.0,-1.0,-1.0,False,36.96763331333333,127.873780775,121.983,2,0.00012100000000000003,36.96763331333333,127.873780775,4.0,0.011000000000000001,1.0,1.0,0.0,0.0,0.021673651693779553,-28.523005942520637,0.0,0.0,0.0,-0.015181446989828706,0.4783701623754238,0.09117204554808206,0.873280693435269,0.0051836278784231585,0.0030543261909900766,-0.000767944870877505,-8.4729456,0.5491724,4.97197155
1789565191.544817,17.174,0.0,0.0,0,0,850,15.408076673517671,-3.088373739623773,-24.25448933025953,0.0,45.0,111.0,1.0,-1.226514485867212,2.516229907902459,47.0,8.769549031863411,22.841746179701296,-28.523005942520637,-0.2468917109057955,-0.26243987451938516,0.0,-11.557879446135065,1.0853804266594842,0.0035896190082506806,1.0556469293342192,0.0,0.0,1.1822660552293338,0.0,0.0,0.0,0.0,0.0,nan,0.5,,,0,0,0,4.4810357093811035,5,171,True,True,True,"A:1,B:1,ESTOP:1,MODE:1,J:0",DRIVE_RUN,,,,,,,,,,,,,,,,,,0,,,False,0,,,,-9999.0,-1.0,-1.0,False,36.96763331333333,127.873780775,121.983,2,0.00012100000000000003,36.96763331333333,127.873780775,4.0,0.036517702102661136,1.0,0.0,0.051035404205322266,0.0,0.021673651693779553,-28.523005942520637,0.0,0.0,0.0,-0.015134145835187136,0.4783440373382488,0.09114747379742529,0.8732983897804525,-0.00614355896702004,-0.0026354471705114374,-0.017453292519943295,-8.46313895,0.7649187,5.0406181
1789565191.594825,17.224,0.0,0.0,0,0,850,15.408076673517671,-3.088373739623773,-24.26765798909571,0.0,45.0,111.0,1.0,-1.226514485867212,2.516229907902459,47.0,8.769549031863411,22.841746179701296,-28.523005942520637,-0.2468917109057955,-0.18685195921610215,0.0,-11.557879446135065,1.0853804266594842,0.0035896190082506806,1.0556469293342192,0.0,0.0,1.1822660552293338,0.0,0.0,0.0,0.0,0.0,nan,0.5,,,0,0,0,4.440173625946045,5,171,True,True,True,"A:1,B:1,ESTOP:1,MODE:1,J:0",DRIVE_RUN,,,,,,,,,,,,,,,,,,0,,,False,0,,,,-9999.0,-1.0,-1.0,False,36.96763331333333,127.873780775,121.983,2,0.00012100000000000003,36.96763331333333,127.873780775,4.0,0.06151732063293457,1.0,0.0,0.10103464126586914,0.0,0.021673651693779553,-28.523005942520637,0.0,0.0,0.0,-0.015041149198823378,0.4784379441675449,0.09120783453821064,0.8732422506557743,-0.003403392041388943,0.0020245819323134223,-0.004642575810304917,-8.24739265,0.67665885,5.099458
1789565191.644847,17.274,0.0,0.0,0,0,850,15.408076673517671,-3.088373739623773,-24.276981021145104,0.0,45.0,111.0,1.0,-1.226514485867212,2.516229907902459,47.0,8.769549031863411,22.841746179701296,-28.523005942520637,-0.2468917109057955,0.05259176315881128,0.0,-11.557879446135065,1.0853804266594842,0.0035896190082506806,1.0556469293342192,0.0,0.0,1.1822660552293338,0.0,0.0,0.0,0.0,0.0,nan,0.5,,,0,0,0,4.398417949676514,5,171,True,True,True,"A:1,B:1,ESTOP:1,MODE:1,J:0",DRIVE_RUN,,,,,,,,,,,,,,,,,,0,,,False,0,,,,-9999.0,-1.0,-1.0,False,36.96763331333333,127.873780775,121.983,2,0.00012100000000000003,36.96763331333333,127.873780775,4.0,0.08654841041564941,1.0,0.0,0.15109682083129883,0.0,0.021673651693779553,-28.523005942520637,0.0,0.0,0.0,-0.015059532054109766,0.47861043194243336,0.09113679195790039,0.8731548259511659,-0.002897246558310587,0.005794493116621174,-0.0048520153205442364,-8.2964259,0.6472389,5.12887795
1789565191.694826,17.324,0.0,0.0,0,0,850,15.408076673517671,-3.088373739623773,-24.27435691497388,0.0,45.0,111.0,1.0,-1.226514485867212,2.516229907902459,47.0,8.769549031863411,22.841746179701296,-28.523005942520637,-0.2468917109057955,0.03287664485035251,0.0,-11.557879446135065,1.0853804266594842,0.0035896190082506806,1.0556469293342192,0.0,0.0,1.1822660552293338,0.0,0.0,0.0,0.0,0.0,nan,0.5,,,0,0,0,4.334375858306885,5,171,True,True,True,"A:1,B:1,ESTOP:1,MODE:1,J:0",DRIVE_RUN,,,,,,,,,,,,,,,,,,0,,,False,0,,,,-9999.0,-1.0,-1.0,False,36.967633303333336,127.87378077,121.981,2,0.00012100000000000003,36.967633303333336,127.87378077,4.0,0.011000000000000001,1.0,1.0,0.0,0.0,0.010002095291683733,-28.523005942520637,0.0,0.0,0.0,-0.015032014113058448,0.47881379893538184,0.0910888670681404,0.8730487974890151,-0.0067369709126981125,-0.000767944870877505,0.0016580627893946131,-8.3748791,0.6472389,5.0210048
1789565191.744825,17.374,0.0,0.0,0,0,850,15.407631965680784,-3.0894869338328395,-24.272714205190653,0.0,45.0,111.0,1.0,-1.2276876642936192,2.516229907902459,47.0,8.769549031863411,22.84207101726692,-28.523005942520637,-0.2468917109057955,0.3870683711915703,0.0,-11.557879446135065,1.0853804266594842,0.0035896190082506806,1.0556469293342192,0.0,0.0,1.1822660552293338,0.0,0.0,0.0,0.0,0.0,nan,0.5,,,0,0,0,4.280998706817627,5,171,True,True,True,"A:1,B:1,ESTOP:1,MODE:1,J:0",DRIVE_RUN,,,,,,,,,,,,,,,,,,0,,,False,0,,,,-9999.0,-1.0,-1.0,False,36.967633303333336,127.87378077,121.981,2,0.00012100000000000003,36.967633303333336,127.87378077,4.0,0.03501280403137207,1.0,0.0,0.04802560806274414,0.0,0.010002095291683733,-28.523005942520637,0.0,0.0,0.0,-0.014815032760055094,0.47933689540776653,0.09114611907936755,0.872759440213586,-0.0009773843811168245,-0.009093165402890457,0.009023352232810684,-8.28661925,0.7453053999999999,4.99158485
1789565191.794836,17.424,0.0,0.0,0,0,850,15.407631965680784,-3.0894869338328395,-24.25332481421441,0.0,45.0,111.0,1.0,-1.2276876642936192,2.516229907902459,47.0,8.769549031863411,22.84207101726692,-28.523005942520637,-0.2468917109057955,0.28258910737024495,0.0,-11.557879446135065,1.0853804266594842,0.0035896190082506806,1.0556469293342192,0.0,0.0,1.1822660552293338,0.0,0.0,0.0,0.0,0.0,nan,0.5,,,0,0,0,4.228348731994629,5,171,True,True,True,"A:1,B:1,ESTOP:1,MODE:1,J:0",DRIVE_RUN,,,,,,,,,,,,,,,,,,0,,,False,0,,,,-9999.0,-1.0,-1.0,False,36.967633303333336,127.87378077,121.981,2,0.00012100000000000003,36.967633303333336,127.87378077,4.0,0.059991680145263675,1.0,0.0,0.09798336029052734,0.0,0.010002095291683733,-28.523005942520637,0.0,0.0,0.0,-0.014880106495179679,0.4794426015715874,0.09110874242622838,0.8727041716884774,0.0065100781099388496,-0.0005759586531581288,0.009704030641088473,-8.306232549999999,0.5687857,5.0602314
1789565191.844832,17.474,0.0,0.0,0,0,850,15.407631965680784,-3.0894869338328395,-24.239146525813055,0.0,45.0,111.0,1.0,-1.2276876642936192,2.516229907902459,47.0,8.769549031863411,22.84207101726692,-28.523005942520637,-0.2468917109057955,-0.04481503591855193,0.0,-11.557879446135065,1.0853804266594842,0.0035896190082506806,1.0556469293342192,0.0,0.0,1.1822660552293338,0.0,0.0,0.0,0.0,0.0,nan,0.5,,,0,0,0,0.0,5,171,True,True,True,"A:1,B:1,ESTOP:1,MODE:1,J:0",DRIVE_RUN,,,,,,,,,,,,,,,,,,0,,,False,0,,,,-9999.0,-1.0,-1.0,False,36.967633303333336,127.87378077,121.981,2,0.00012100000000000003,36.967633303333336,127.87378077,4.0,0.08498557662963867,1.0,0.0,0.14797115325927734,0.0,0.010002095291683733,-28.523005942520637,0.0,0.0,0.0,-0.014884434933198062,0.4795942908381091,0.091050874242691,0.8726267862562164,0.0004363323129985824,0.0021467549799530253,-0.005445427266222308,-8.4533323,0.6472389,5.1190713
1789565191.894822,17.524,0.0,0.0,0,0,850,15.407631965680784,-3.0894869338328395,-24.24137848193334,0.0,45.0,111.0,1.0,-1.2276876642936192,2.516229907902459,47.0,8.769549031863411,22.84207101726692,-28.523005942520637,-0.2468917109057955,-0.16177196629844942,0.0,-11.557879446135065,1.0853804266594842,0.0035896190082506806,1.0556469293342192,0.0,0.0,1.1822660552293338,0.0,0.0,0.0,0.0,0.0,nan,0.5,,,0,0,0,0.0,5,171,True,True,True,"A:1,B:1,ESTOP:1,MODE:1,J:0",DRIVE_RUN,,,,,,,,,,,,,,,,,,0,,,False,0,,,,-9999.0,-1.0,-1.0,False,36.967633305,127.87378083833333,121.97300000000001,2,0.00012100000000000003,36.967633305,127.87378083833333,4.0,0.011000000000000001,1.0,1.0,0.0,0.0,0.05118520270319152,-28.523005942520637,0.0,0.0,0.0,-0.014821932980879984,0.4798199237555626,0.09103840457964932,0.8725051059801934,-0.012356931104119853,-0.0024260076602721182,-0.0022165681500327986,-8.3552658,0.6864655000000001,4.9131316499999995
1789565191.944820,17.574,0.0,0.0,0,0,850,15.413709634817183,-3.08930140172832,-24.249486357255535,0.0,45.0,111.0,1.0,-1.226457496980256,2.516229907902459,47.0,8.769549031863411,22.836046795188736,-28.523005942520637,-0.2468917109057955,0.5510207635585332,0.0,-11.557879446135065,1.0853804266594842,0.0035896190082506806,1.0556469293342192,0.0,0.0,1.1822660552293338,0.0,0.0,0.0,0.0,0.0,nan,0.5,,,0,0,0,0.0,5,171,True,True,True,"A:1,B:1,ESTOP:1,MODE:1,J:0",DRIVE_RUN,,,,,,,,,,,,,,,,,,0,,,False,0,,,,-9999.0,-1.0,-1.0,False,36.967633305,127.87378083833333,121.97300000000001,2,0.00012100000000000003,36.967633305,127.87378083833333,4.0,0.035793028831481936,1.0,0.0,0.04958605766296387,0.0,0.05118520270319152,-28.523005942520637,0.0,0.0,0.0,-0.014752270344179759,0.4801879259630967,0.09104977415401817,0.8723026223194872,-0.0011519173063162576,0.009302604913129777,0.0008377580409572782,-8.3552658,0.6962721499999999,5.08965135
1789565191.994832,17.624,0.0,0.0,0,0,850,15.413709634817183,-3.08930140172832,-24.222007469451853,0.0,45.0,111.0,1.0,-1.226457496980256,2.516229907902459,47.0,8.769549031863411,22.836046795188736,-28.523005942520637,-0.2468917109057955,0.11508747458451665,0.0,-11.557879446135065,1.0853804266594842,0.0035896190082506806,1.0556469293342192,0.0,0.0,1.1822660552293338,0.0,0.0,0.0,0.0,0.0,nan,0.5,,,0,0,0,0.0,5,171,True,True,True,"A:1,B:1,ESTOP:1,MODE:1,J:0",DRIVE_RUN,,,,,,,,,,,,,,,,,,0,,,False,0,,,,-9999.0,-1.0,-1.0,False,36.967633305,127.87378083833333,121.97300000000001,2,0.00012100000000000003,36.967633305,127.87378083833333,4.0,0.060792647361755374,1.0,0.0,0.09958529472351074,0.0,0.05118520270319152,-28.523005942520637,0.0,0.0,0.0,-0.014954948138679286,0.4803695229692541,0.0909019197860905,0.8722146019803062,-0.006841690667817772,0.0042935099599060505,-0.0012217304763960308,-8.26700595,0.67665885,5.2563644
1789565192.044817,17.674,0.0,0.0,0,0,850,15.413709634817183,-3.08930140172832,-24.216253156088413,0.0,45.0,111.0,1.0,-1.226457496980256,2.516229907902459,47.0,8.769549031863411,22.836046795188736,-28.523005942520637,-0.2468917109057955,0.32419760259572133,0.0,-11.557879446135065,1.0853804266594842,0.0035896190082506806,1.0556469293342192,0.0,0.0,1.1822660552293338,0.0,0.0,0.0,0.0,0.0,nan,0.5,,,0,0,0,0.0,5,171,True,True,True,"A:1,B:1,ESTOP:1,MODE:1,J:0",DRIVE_RUN,,,,,,,,,,,,,,,,,,0,,,False,0,,,,-9999.0,-1.0,-1.0,False,36.967633305,127.87378083833333,121.97300000000001,2,0.00012100000000000003,36.967633305,127.87378083833333,4.0,0.08582945919036865,1.0,0.0,0.1496589183807373,0.0,0.05118520270319152,-28.523005942520637,0.0,0.0,0.0,-0.014890440881653907,0.48081359920781,0.09089899668259976,0.871971289658827,-0.0019722220547535923,0.007958701389094143,-0.0040666171571467884,-8.3552658,0.6668522,5.03081145
1789565192.094820,17.724,0.0,0.0,0,0,850,15.413709634817183,-3.08930140172832,-24.200039735859917,0.0,45.0,111.0,1.0,-1.226457496980256,2.516229907902459,47.0,8.769549031863411,22.836046795188736,-28.523005942520637,-0.2468917109057955,0.01266017932640405,0.0,-11.557879446135065,1.0853804266594842,0.0035896190082506806,1.0556469293342192,0.0,0.0,1.1822660552293338,0.0,0.0,0.0,0.0,0.0,nan,0.5,,,0,0,0,0.0,5,171,True,True,True,"A:1,B:1,ESTOP:1,MODE:1,J:0",DRIVE_RUN,,,,,,,,,,,,,,,,,,0,,,False,0,,,,-9999.0,-1.0,-1.0,False,36.967633305,127.87378083833333,121.97300000000001,2,0.00012100000000000003,36.967633305,127.87378083833333,4.0,0.11080320930480957,1.0,0.0,0.19960641860961914,0.0,0.05118520270319152,-28.523005942520637,0.0,0.0,0.0,-0.014926294834615599,0.4808675928021266,0.09084170025957405,0.8719468730428179,0.003979350694547071,0.0019198621771937625,-0.0009250245035569946,-8.34545915,0.7060787999999999,4.9131316499999995
1789565192.144830,17.774,0.0,0.0,0,0,850,15.413709634817183,-3.0889303367283065,-24.199408067676643,0.0,45.0,111.0,1.0,-1.2260919838780124,2.516229907902459,47.0,8.769549031863411,22.836085932434674,-28.523005942520637,-0.2468917109057955,-0.21270350372738142,0.0,-11.557879446135065,1.0853804266594842,0.0035896190082506806,1.0556469293342192,0.0,0.0,1.1822660552293338,0.0,0.0,0.0,0.0,0.0,nan,0.5,,,0,0,0,0.0,5,171,True,True,True,"A:1,B:1,ESTOP:1,MODE:1,J:0",DRIVE_RUN,,,,,,,,,,,,,,,,,,0,,,False,0,,,,-9999.0,-1.0,-1.0,False,36.96763330833333,127.87378083833333,121.97300000000001,2,0.00012100000000000003,36.96763330833333,127.87378083833333,4.0,0.028524600028991702,1.0,0.0,0.0350492000579834,0.0,0.05320822064862722,-28.523005942520637,0.0,0.0,0.0,-0.014865724394779248,0.48086745460063035,0.09083116655228222,0.8719490813842747,0.01567305668290908,-0.011972958668681102,-0.0023038346126325153,-8.306232549999999,0.8237586,5.2171378
1789565192.194856,17.824,0.0,0.0,0,0,861,15.413709634817183,-3.0889303367283065,-24.21011980854587,0.0,45.0,111.0,1.0,-1.2260919838780124,2.516229907902459,47.0,8.769549031863411,22.836085932434674,-28.523005942520637,-0.2468917109057955,-0.8739826454179777,0.0,-11.557879446135065,1.0853804266594842,0.0035896190082506806,1.0556469293342192,0.0,0.0,1.1822660552293338,0.0,0.0,0.0,0.0,0.0,nan,0.5,,,0,0,0,0.0,4,167,True,True,False,"A:1,B:1,ESTOP:0,MODE:1,J:0",DRIVE_RUN,,,,,,,,,,,,,,,,,,0,,✅ E-STOP 해제 — 1.5s 뒤 그 자리에서 재개,False,0,,,,-9999.0,-1.0,-1.0,False,36.96763330833333,127.87378083833333,121.97300000000001,2,0.00012100000000000003,36.96763330833333,127.87378083833333,4.0,0.05353053665161133,1.0,0.0,0.08506107330322266,0.0,0.05320822064862722,-28.523005942520637,0.0,0.0,0.0,-0.014753471768627055,0.48082787165696117,0.0908234695379381,0.8719736178862871,0.006475171524898963,0.00019198621771937625,0.0018500490071139892,-8.3552658,0.53936575,4.8837117
1789565192.244835,17.874,0.0,0.0,0,0,854,15.413709634817183,-3.0889303367283065,-24.253537386272683,0.0,45.0,111.0,1.0,-1.2260919838780124,2.516229907902459,47.0,8.769549031863411,22.836085932434674,-28.523005942520637,-0.2468917109057955,-0.2615096832328005,0.0,-11.557879446135065,1.0853804266594842,0.0035896190082506806,1.0556469293342192,0.0,0.0,1.1822660552293338,0.0,0.0,0.0,0.0,0.0,nan,0.5,,,0,0,0,0.0,4,169,True,True,False,"A:1,B:1,ESTOP:0,MODE:1,J:0",DRIVE_RUN,,,,,,,,,,,,,,,,,,0,,,False,0,,,,-9999.0,-1.0,-1.0,False,36.96763330833333,127.87378083833333,121.97300000000001,2,0.00012100000000000003,36.96763330833333,127.87378083833333,4.0,0.07850750541687011,1.0,0.0,0.13501501083374023,0.0,0.05320822064862722,-28.523005942520637,0.0,0.0,0.0,-0.014789571757998998,0.4810135608883751,0.09075871247688473,0.8718773302008939,0.015533430342749533,0.007801621756414653,-0.0037524578917878084,-8.38468575,0.6080123,5.0013914999999995
1789565192.294850,17.924,0.0,0.0,0,0,848,15.413709634817183,-3.0889303367283065,-24.266602757464284,0.0,45.0,111.0,1.0,-1.2260919838780124,2.516229907902459,47.0,8.769549031863411,22.836085932434674,-28.523005942520637,-0.2468917109057955,-0.8456550949018893,0.0,-11.557879446135065,1.0853804266594842,0.0035896190082506806,1.0556469293342192,0.0,0.0,1.1822660552293338,0.0,0.0,0.0,0.0,0.0,nan,0.5,,,0,0,0,0.0,4,168,True,True,False,"A:1,B:1,ESTOP:0,MODE:1,J:0",DRIVE_RUN,,,,,,,,,,,,,,,,,,0,,,False,0,,,,-9999.0,-1.0,-1.0,False,36.96763332166667,127.87378084,121.96799999999999,2,0.00012100000000000003,36.96763332166667,127.87378084,4.0,0.011000000000000001,1.0,1.0,0.0,0.0,0.01636881158806445,-28.523005942520637,0.0,0.0,0.0,-0.014683746246153345,0.4810414680867443,0.09072340280286213,0.8718673968907186,-0.011763519158441782,-0.005689773361501515,0.00010471975511965978,-8.3748791,0.8041453,4.9817782
1789565192.344939,17.974,0.0,0.0,0,0,848,15.413857870341499,-3.0874460767282548,-24.309022976647753,0.0,45.0,111.0,1.0,-1.2246043849087105,2.516229907902459,47.0,8.769549031863411,22.83609513348921,-28.523005942520637,-0.2468917109057955,0.5794557734727563,0.0,-11.557879446135065,1.0853804266594842,0.0035896190082506806,1.0556469293342192,0.0,0.0,1.1822660552293338,0.0,0.0,0.0,0.0,0.0,nan,0.5,,,0,0,0,0.0,3,170,True,True,False,"A:1,B:1,ESTOP:0,MODE:1,J:0",DRIVE_RUN,,,,,,,,,,,,,,,,,,0,,,False,0,,,,-9999.0,-1.0,-1.0,False,36.96763332166667,127.87378084,121.96799999999999,2,0.00012100000000000003,36.96763332166667,127.87378084,4.0,0.031103693008422854,1.0,0.0,0.0402073860168457,0.0,0.01636881158806445,-28.523005942520637,0.0,0.0,0.0,-0.014680828470080322,0.48127573497901593,0.09073441365714896,0.8717370052797653,0.005061454830783556,-0.015969762655748117,0.0023911010752322315,-8.44352565,0.5883989999999999,3.9618866
1789565192.394877,18.024,0.0,0.0,0,0,847,15.413857870341499,-3.0874460767282548,-24.28013711385566,0.0,45.0,111.0,1.0,-1.2246043849087105,2.516229907902459,47.0,8.769549031863411,22.83609513348921,-28.523005942520637,-0.2468917109057955,-0.22399326391506333,0.0,-11.557879446135065,1.0853804266594842,0.0035896190082506806,1.0556469293342192,0.0,0.0,1.1822660552293338,0.0,0.0,0.0,0.0,0.0,nan,0.5,,,0,0,0,0.09493173658847809,2,170,True,True,False,"A:1,B:1,ESTOP:0,MODE:1,J:0",DRIVE_RUN,,,,,,,,,,,,,,,,,,0,,,False,0,,,,-9999.0,-1.0,-1.0,False,36.96763332166667,127.87378084,121.96799999999999,2,0.00012100000000000003,36.96763332166667,127.87378084,4.0,0.05610617256164551,1.0,0.0,0.09021234512329102,0.0,0.01636881158806445,-28.523005942520637,0.0,0.0,0.0,-0.01470110791895532,0.48129170868492394,0.09065590624753077,0.8717360123566884,-0.008726646259971648,0.004468042885105484,-0.0009948376736367678,-8.26700595,0.6962721499999999,5.825150099999999
1789565192.444824,18.074,0.0,0.0,0,0,846,15.413857870341499,-3.0874460767282548,-24.29136186632377,0.0,45.0,111.0,1.0,-1.2246043849087105,2.516229907902459,47.0,8.769549031863411,22.83609513348921,-28.523005942520637,-0.2468917109057955,0.427734377404353,0.0,-11.557879446135065,1.0853804266594842,0.0035896190082506806,1.0556469293342192,0.0,0.0,1.1822660552293338,0.0,0.0,0.0,0.0,0.0,nan,0.5,,,0,0,0,0.11632588505744934,2,170,True,True,False,"A:1,B:1,ESTOP:0,MODE:1,J:0",DRIVE_RUN,,,,,,,,,,,,,,,,,,0,,,False,0,,,,-9999.0,-1.0,-1.0,False,36.96763332166667,127.87378084,121.96799999999999,2,0.00012100000000000003,36.96763332166667,127.87378084,4.0,0.08110078430175781,1.0,0.0,0.14020156860351562,0.0,0.01636881158806445,-28.523005942520637,0.0,0.0,0.0,-0.014726611250124144,0.4813179047033304,0.09063148074727875,0.8717236581799528,-0.010890854532444616,0.0045553093477052,-0.01096066770252439,-8.42391235,0.65704555,5.442690750000001
1789565192.494826,18.124,0.0,0.0,0,0,845,15.413857870341499,-3.0874460767282548,-24.26999790934994,0.0,45.0,111.0,1.0,-1.2246043849087105,2.516229907902459,47.0,8.769549031863411,22.83609513348921,-28.523005942520637,-0.2468917109057955,0.25377028079790426,0.0,-11.557879446135065,1.0853804266594842,0.0035896190082506806,1.0556469293342192,0.0,0.0,1.1822660552293338,0.0,0.0,0.0,0.0,0.0,nan,0.5,,,0,0,0,0.035695552825927734,1,171,True,True,False,"A:1,B:1,ESTOP:0,MODE:1,J:0",DRIVE_RUN,,,,,,,,,,,,,,,,,,0,,,False,0,,,,-9999.0,-1.0,-1.0,False,36.967633303333336,127.873780865,121.969,2,0.00012100000000000003,36.967633303333336,127.873780865,4.0,0.011000000000000001,1.0,1.0,0.0,0.0,0.022763493546365997,-28.523005942520637,0.0,0.0,0.0,-0.014604604924889235,0.4816385112794363,0.09064590187429503,0.8715471131504665,-0.007382742735936014,-0.0030543261909900766,-0.0064053583548191895,-8.4533323,0.6276256,4.746418599999999
1789565192.544882,18.174,0.0,0.0,0,0,843,15.416081408262015,-3.0894869338328395,-24.257285448005035,0.0,45.0,111.0,1.0,-1.2262315073052161,2.516229907902459,47.0,8.769549031863411,22.8336686820198,-28.523005942520637,-0.2468917109057955,0.1843499904762847,0.0,-11.557879446135065,1.0853804266594842,0.0035896190082506806,1.0556469293342192,0.0,0.0,1.1822660552293338,0.0,0.0,0.0,0.0,0.0,nan,0.5,,,0,0,0,0.026761095970869064,0,171,True,True,False,"A:1,B:1,ESTOP:0,MODE:1,J:0",DRIVE_RUN,,,,,,,,,,,,,,,,,,0,,,False,0,,,,-9999.0,-1.0,-1.0,False,36.967633303333336,127.873780865,121.969,2,0.00012100000000000003,36.967633303333336,127.873780865,4.0,0.0358870849609375,1.0,0.0,0.049774169921875,0.0,0.022763493546365997,-28.523005942520637,0.0,0.0,0.0,-0.014505346995423087,0.48170045611733525,0.09067591875873036,0.8715114131450911,-0.0077492618788548235,-8.726646259971648e-05,0.002286381320112572,-8.28661925,0.63743225,5.01119815
1789565192.594830,18.224,0.0,0.0,0,0,833,15.416081408262015,-3.0894869338328395,-24.248089845598173,0.0,45.0,111.0,1.0,-1.2262315073052161,2.516229907902459,47.0,8.769549031863411,22.8336686820198,-28.523005942520637,-0.2468917109057955,0.45612406731000515,0.0,-11.557879446135065,1.0853804266594842,0.0035896190082506806,1.0556469293342192,0.0,0.0,1.1822660552293338,0.0,0.0,0.0,0.0,0.0,nan,0.5,,,0,0,0,0.03973788395524025,0,171,True,True,False,"A:1,B:1,ESTOP:0,MODE:1,J:0",DRIVE_RUN,,,,,,,,,,,,,,,,,,0,,,False,0,,,,-9999.0,-1.0,-1.0,False,36.967633303333336,127.873780865,121.969,2,0.00012100000000000003,36.967633303333336,127.873780865,4.0,0.060887537956237796,1.0,0.0,0.09977507591247559,0.0,0.022763493546365997,-28.523005942520637,0.0,0.0,0.0,-0.014519317602305334,0.48178339621399713,0.09066490224641735,0.8714664790165584,-0.005794493116621174,0.00153588974175501,0.0045204027626653135,-8.316039199999999,0.5491724,4.99158485
1789565192.644840,18.274,0.0,0.0,0,0,817,15.416081408262015,-3.0894869338328395,-24.22531726725404,0.0,45.0,111.0,1.0,-1.2262315073052161,2.516229907902459,47.0,8.769549031863411,22.8336686820198,-28.523005942520637,-0.2468917109057955,0.42601296536102345,0.0,-11.557879446135065,1.0853804266594842,0.0035896190082506806,1.0556469293342192,0.0,0.0,1.1822660552293338,0.0,0.0,0.0,0.0,0.0,nan,0.5,,,0,0,0,0.05132995918393135,0,171,True,True,False,"A:1,B:1,ESTOP:0,MODE:1,J:0",DRIVE_RUN,,,,,,,,,,,,,,,,,,0,,,False,0,,,,-9999.0,-1.0,-1.0,False,36.967633303333336,127.873780865,121.969,2,0.00012100000000000003,36.967633303333336,127.873780865,4.0,0.08589526271820068,1.0,0.0,0.14979052543640137,0.0,0.022763493546365997,-28.523005942520637,0.0,0.0,0.0,-0.014504945691205175,0.48187757319006025,0.09064706658071883,0.8714165022119239,0.0050789081233034985,-0.002827433388230814,0.0015533430342749533,-8.316039199999999,0.6962721499999999,5.18771785
1789565192.694838,18.324,0.0,0.0,0,0,799,15.416081408262015,-3.0894869338328395,-24.204021514631364,0.0,45.0,111.0,1.0,-1.2262315073052161,2.516229907902459,47.0,8.769549031863411,22.8336686820198,-28.523005942520637,-0.2468917109057955,-0.21167620381024602,0.0,-11.557879446135065,1.0853804266594842,0.0035896190082506806,1.0556469293342192,0.0,0.0,1.1822660552293338,0.0,0.0,0.0,0.0,0.0,nan,0.5,,,0,0,0,0.06380702555179596,0,171,True,True,False,"A:1,B:1,ESTOP:0,MODE:1,J:0",DRIVE_RUN,,,,,,,,,,,,,,,,,,0,,,False,0,,,,-9999.0,-1.0,-1.0,False,36.96763331166667,127.873780855,121.96799999999999,2,0.00012100000000000003,36.96763331166667,127.873780855,4.0,0.011000000000000001,1.0,1.0,0.0,0.0,0.015982477663183902,-28.523005942520637,0.0,0.0,0.0,-0.014431284867861653,0.48212002906470763,0.09063428826944323,0.8712849369647104,-0.007923794804054257,-0.010838494654884786,-0.01054178868204575,-8.2964259,0.73549875,5.22694445
1789565192.744825,18.374,0.0,0.0,0,0,777,15.415191993852169,-3.0885592717282937,-24.21467516180337,0.0,45.0,111.0,1.0,-1.2254710045189885,2.516229907902459,47.0,8.769549031863411,22.834650989245233,-28.523005942520637,-0.2468917109057955,0.0693415356491089,0.0,-11.557879446135065,1.0853804266594842,0.0035896190082506806,1.0556469293342192,0.0,0.0,1.1822660552293338,0.0,0.0,0.0,0.0,0.0,nan,0.5,,,0,0,0,0.10459449142217636,1,171,True,True,False,"A:1,B:1,ESTOP:0,MODE:1,J:0",DRIVE_RUN,,,,,,,,,,,,,,,,,,0,,,False,0,,,,-9999.0,-1.0,-1.0,False,36.96763331166667,127.873780855,121.96799999999999,2,0.00012100000000000003,36.96763331166667,127.873780855,4.0,0.03541811561584473,1.0,0.0,0.04883623123168945,0.0,0.015982477663183902,-28.523005942520637,0.0,0.0,0.0,-0.014417269730743608,0.4822240028214904,0.09065178468102772,0.8712258073372682,-0.008203047484373348,0.0009599310885968813,-0.011100294042683936,-8.26700595,0.73549875,4.9425516
1789565192.794836,18.424,0.0,0.0,0,0,753,15.415191993852169,-3.0885592717282937,-24.211226389594998,0.0,45.0,111.0,1.0,-1.2254710045189885,2.516229907902459,47.0,8.769549031863411,22.834650989245233,-28.523005942520637,-0.2468917109057955,0.10309858511599972,0.0,-11.557879446135065,1.0853804266594842,0.0035896190082506806,1.0556469293342192,0.0,0.0,1.1822660552293338,0.0,0.0,0.0,0.0,0.0,nan,0.5,,,0,0,0,0.1121767982840538,1,171,True,True,False,"A:1,B:1,ESTOP:0,MODE:1,J:0",DRIVE_RUN,,,,,,,,,,,,,,,,,,0,,,False,0,,,,-9999.0,-1.0,-1.0,False,36.96763331166667,127.873780855,121.96799999999999,2,0.00012100000000000003,36.96763331166667,127.873780855,4.0,0.060431085586547854,1.0,0.0,0.0988621711730957,0.0,0.015982477663183902,-28.523005942520637,0.0,0.0,0.0,-0.014441638346864114,0.48225526578352396,0.0907111651448812,0.8712019181705117,-0.006911503837897545,0.01054178868204575,0.006457718232379019,-8.2571993,0.5982056499999999,5.08965135
1789565192.844820,18.474,0.0,0.0,0,0,733,15.415191993852169,-3.0885592717282937,-24.206075594799188,0.0,45.0,111.0,1.0,-1.2254710045189885,2.516229907902459,47.0,8.769549031863411,22.834650989245233,-28.523005942520637,-0.2468917109057955,0.5626101387692388,0.0,-11.557879446135065,1.0853804266594842,0.0035896190082506806,1.0556469293342192,0.0,0.0,1.1822660552293338,0.0,0.0,0.0,0.0,0.0,nan,0.5,,,0,0,0,0.1283208131790161,1,171,True,True,False,"A:1,B:1,ESTOP:0,MODE:1,J:0",DRIVE_RUN,,,,,,,,,,,,,,,,,,0,,,False,0,,,,-9999.0,-1.0,-1.0,False,36.96763331166667,127.873780855,121.96799999999999,2,0.00012100000000000003,36.96763331166667,127.873780855,4.0,0.0854560956954956,1.0,0.0,0.1489121913909912,0.0,0.015982477663183902,-28.523005942520637,0.0,0.0,0.0,-0.014472119977017535,0.4822818337946052,0.09070537762745694,0.8711873076466072,-0.0025656340004316645,-0.00022689280275926284,-0.00017453292519943296,-8.36507245,0.6864655000000001,5.16810455
1789565192.894829,18.524,0.0,0.0,0,0,718,15.415191993852169,-3.0885592717282937,-24.177846121796193,0.0,45.0,111.0,1.0,-1.2254710045189885,2.516229907902459,47.0,8.769549031863411,22.834650989245233,-28.523005942520637,-0.2468917109057955,0.12610885125334045,0.0,-11.557879446135065,1.0853804266594842,0.0035896190082506806,1.0556469293342192,0.0,0.0,1.1822660552293338,0.0,0.0,0.0,0.0,0.0,nan,0.5,,,0,0,0,0.15332695841789246,1,172,True,True,False,"A:1,B:1,ESTOP:0,MODE:1,J:0",DRIVE_RUN,,,,,,,,,,,,,,,,,,0,,,False,0,,,,-9999.0,-1.0,-1.0,False,36.967633325,127.87378088,121.96000000000001,2,0.00012100000000000003,36.967633325,127.87378088,4.0,0.011000000000000001,1.0,1.0,0.0,0.0,0.02469907386474061,-28.523005942520637,0.0,0.0,0.0,-0.014472287983949797,0.4823250259033772,0.0906477599123125,0.8711693898953841,0.0026005405854715507,0.0002443460952792061,-0.009023352232810684,-8.24739265,0.7649187,5.10926465
1789565192.944871,18.574,0.0,0.0,0,0,713,15.417415530508748,-3.087075011728242,-24.17155241125718,0.0,45.0,111.0,1.0,-1.2236257530515795,2.516229907902459,47.0,8.769549031863411,22.83259652127945,-28.523005942520637,-0.2468917109057955,-0.378649567149026,0.0,-11.557879446135065,1.0853804266594842,0.0035896190082506806,1.0556469293342192,0.0,0.0,1.1822660552293338,0.0,0.0,0.0,0.0,0.0,nan,0.5,,,0,0,0,0.17419210076332092,1,171,True,True,False,"A:1,B:1,ESTOP:0,MODE:1,J:0",DRIVE_RUN,,,,,,,,,,,,,,,,,,0,,,False,0,,,,-9999.0,-1.0,-1.0,False,36.967633325,127.87378088,121.96000000000001,2,0.00012100000000000003,36.967633325,127.87378088,4.0,0.03499051189422608,1.0,0.0,0.04798102378845215,0.0,0.02469907386474061,-28.523005942520637,0.0,0.0,0.0,-0.014419745273289819,0.482412488912982,0.09069116791741905,0.8711173133102164,-0.0016231562043547264,0.00017453292519943296,0.006946410422937432,-8.1983594,0.6962721499999999,5.0406181
1789565192.994834,18.624,0.0,0.0,0,0,711,15.417415530508748,-3.087075011728242,-24.190442351049,0.0,45.0,111.0,1.0,-1.2236257530515795,2.516229907902459,47.0,8.769549031863411,22.83259652127945,-28.523005942520637,-0.2468917109057955,0.28170435416497575,0.0,-11.557879446135065,1.0853804266594842,0.0035896190082506806,1.0556469293342192,0.0,0.0,1.1822660552293338,0.0,0.0,0.0,0.0,0.0,nan,0.5,,,0,0,0,0.1942814290523529,1,171,True,True,False,"A:1,B:1,ESTOP:0,MODE:1,J:0",DRIVE_RUN,,,,,,,,,,,,,,,,,,0,,,False,0,,,,-9999.0,-1.0,-1.0,False,36.967633325,127.87378088,121.96000000000001,2,0.00012100000000000003,36.967633325,127.87378088,4.0,0.05997689819335938,1.0,0.0,0.09795379638671875,0.0,0.02469907386474061,-28.523005942520637,0.0,0.0,0.0,-0.014413530416563777,0.48249655175800443,0.09065307780130166,0.8710748229444571,0.006562437987498679,-0.0013439035240356337,-0.0048345620280242935,-8.2571993,0.7060787999999999,5.08965135
1789565193.044820,18.674,0.0,0.0,0,0,708,15.417415530508748,-3.087075011728242,-24.176336729053702,0.0,45.0,111.0,1.0,-1.2236257530515795,2.516229907902459,47.0,8.769549031863411,22.83259652127945,-28.523005942520637,-0.2468917109057955,-0.4619794431564517,0.0,-11.557879446135065,1.0853804266594842,0.0035896190082506806,1.0556469293342192,0.0,0.0,1.1822660552293338,0.0,0.0,0.0,0.0,0.0,nan,0.5,,,0,0,0,0.2265017181634903,1,171,True,True,False,"A:1,B:1,ESTOP:0,MODE:1,J:0",DRIVE_RUN,,,,,,,,,,,,,,,,,,0,,,False,0,,,,-9999.0,-1.0,-1.0,False,36.967633325,127.87378088,121.96000000000001,2,0.00012100000000000003,36.967633325,127.87378088,4.0,0.08498056983947753,1.0,0.0,0.14796113967895508,0.0,0.02469907386474061,-28.523005942520637,0.0,0.0,0.0,-0.014339637307790067,0.48257481648083805,0.09062306543375344,0.8710358094313667,-0.004642575810304917,-0.0023911010752322315,0.000296705972839036,-8.3356525,0.7256921,5.0406181
1789565193.094820,18.724,0.0,0.0,0,0,705,15.417415530508748,-3.087075011728242,-24.199487336944884,0.0,45.0,111.0,1.0,-1.2236257530515795,2.516229907902459,47.0,8.769549031863411,22.83259652127945,-28.523005942520637,-0.2468917109057955,0.23683871403663875,0.0,-11.557879446135065,1.0853804266594842,0.0035896190082506806,1.0556469293342192,0.0,0.0,1.1822660552293338,0.0,0.0,0.0,0.0,0.0,nan,0.5,,,0,0,0,0.26670753955841064,1,171,True,True,False,"A:1,B:1,ESTOP:0,MODE:1,J:0",DRIVE_RUN,,,,,,,,,,,,,,,,,,0,,,False,0,,,,-9999.0,-1.0,-1.0,False,36.96763331,127.873780835,121.964,2,0.00012100000000000003,36.96763331,127.873780835,4.0,0.011000000000000001,1.0,1.0,0.0,0.0,0.016107707977397624,-28.523005942520637,0.0,0.0,0.0,-0.014329565737613244,0.4828124603403044,0.09067658608836135,0.8708987015843309,0.0004014257279586958,0.0037000980142279784,0.013334315485236678,-8.2964259,0.7551120499999999,4.97197155
1789565193.144849,18.774,0.0,0.0,0,0,704,15.413413163768546,-3.0887448046237864,-24.187715431306003,0.0,45.0,111.0,1.0,-1.2259603208371226,2.516229907902459,47.0,8.769549031863411,22.836400320158436,-28.523005942520637,-0.2468917109057955,0.3717550727397059,0.0,-11.557879446135065,1.0853804266594842,0.0035896190082506806,1.0556469293342192,0.0,0.0,1.1822660552293338,0.0,0.0,0.0,0.0,0.0,nan,0.5,,,0,0,0,0.2795509696006775,1,171,True,True,False,"A:1,B:1,ESTOP:0,MODE:1,J:0",DRIVE_RUN,,,,,,,,,,,,,,,,,,0,,,False,0,,,,-9999.0,-1.0,-1.0,False,36.96763331,127.873780835,121.964,2,0.00012100000000000003,36.96763331,127.873780835,4.0,0.03554054355621338,1.0,0.0,0.04908108711242676,0.0,0.016107707977397624,-28.523005942520637,0.0,0.0,0.0,-0.01435415493307858,0.4830007912350653,0.09076472743908956,0.8707846795593994,-0.008866272600131194,0.005375614096142535,0.003543018381548489,-8.36507245,0.63743225,5.1190713
1789565193.194917,18.824,0.0,0.0,0,0,704,15.413413163768546,-3.0887448046237864,-24.169094457902105,0.0,45.0,111.0,1.0,-1.2259603208371226,2.516229907902459,47.0,8.769549031863411,22.836400320158436,-28.523005942520637,-0.2468917109057955,0.560409002141107,0.0,-11.557879446135065,1.0853804266594842,0.0035896190082506806,1.0556469293342192,0.0,0.0,1.1822660552293338,0.0,0.0,0.0,0.0,0.0,nan,0.5,,,0,0,0,0.29402998089790344,1,171,True,True,False,"A:1,B:1,ESTOP:0,MODE:1,J:0",DRIVE_RUN,,,,,,,,,,,,,,,,,,0,,,False,0,,,,-9999.0,-1.0,-1.0,False,36.96763331,127.873780835,121.964,2,0.00012100000000000003,36.96763331,127.873780835,4.0,0.060539566040039065,1.0,0.0,0.09907913208007812,0.0,0.016107707977397624,-28.523005942520637,0.0,0.0,0.0,-0.01444796297591655,0.4830197929940456,0.09077831420682458,0.8707711717848742,0.0024260076602721182,0.007853981633974483,-0.0037699111843077517,-8.38468575,0.61781895,5.099458
1789565193.244841,18.874,0.0,0.0,0,0,704,15.413413163768546,-3.0887448046237864,-24.141102894691727,0.0,45.0,111.0,1.0,-1.2259603208371226,2.516229907902459,47.0,8.769549031863411,22.836400320158436,-28.523005942520637,-0.2468917109057955,-0.20008367696826918,0.0,-11.557879446135065,1.0853804266594842,0.0035896190082506806,1.0556469293342192,0.0,0.0,1.1822660552293338,0.0,0.0,0.0,0.0,0.0,nan,0.5,,,0,0,0,0.0,1,171,True,True,False,"A:1,B:1,ESTOP:0,MODE:1,J:0",DRIVE_RUN,,,,,,,,,,,,,,,,,,0,,,False,0,,,,-9999.0,-1.0,-1.0,False,36.96763331,127.873780835,121.964,2,0.00012100000000000003,36.96763331,127.873780835,4.0,0.08553858852386474,1.0,0.0,0.1490771770477295,0.0,0.016107707977397624,-28.523005942520637,0.0,0.0,0.0,-0.014537328982915994,0.4831182689494381,0.09068114157151622,0.8707251775598474,0.0008028514559173916,0.006946410422937432,-0.006667157742618339,-8.306232549999999,0.63743225,4.99158485
1789565193.294826,18.924,0.0,0.0,0,0,705,15.413413163768546,-3.0887448046237864,-24.151135929717327,0.0,45.0,111.0,1.0,-1.2259603208371226,2.516229907902459,47.0,8.769549031863411,22.836400320158436,-28.523005942520637,-0.2468917109057955,-0.20347452213476713,0.0,-11.557879446135065,1.0853804266594842,0.0035896190082506806,1.0556469293342192,0.0,0.0,1.1822660552293338,0.0,0.0,0.0,0.0,0.0,nan,0.5,,,0,0,0,0.0,1,171,True,True,False,"A:1,B:1,ESTOP:0,MODE:1,J:0",DRIVE_RUN,,,,,,,,,,,,,,,,,,0,,,False,0,,,,-9999.0,-1.0,-1.0,False,36.96763334,127.873780805,121.971,2,0.00012100000000000003,36.96763334,127.873780805,4.0,0.011000000000000001,1.0,1.0,0.0,0.0,0.061079160230542086,-28.523005942520637,0.0,0.0,0.0,-0.014377095491298328,0.4833076416426925,0.09062275964481331,0.8706288176308956,0.0029321531433504737,-0.003944444109507185,-0.0038571776469074684,-8.394492399999999,0.6864655000000001,5.0406181
1789565193.344852,18.974,0.0,0.0,0,0,705,15.410744918011142,-3.0854052196236696,-24.16129659636502,0.0,45.0,111.0,1.0,-1.2231305420920142,2.516229907902459,47.0,8.769549031863411,22.83940616537047,-28.523005942520637,-0.2468917109057955,-0.26263902169244396,0.0,-11.557879446135065,1.0853804266594842,0.0035896190082506806,1.0556469293342192,0.0,0.0,1.1822660552293338,0.0,0.0,0.0,0.0,0.0,nan,0.5,,,0,0,0,0.0,1,171,True,True,False,"A:1,B:1,ESTOP:0,MODE:1,J:0",DRIVE_RUN,,,,,,,,,,,,,,,,,,0,,,False,0,,,,-9999.0,-1.0,-1.0,False,36.96763334,127.873780805,121.971,2,0.00012100000000000003,36.96763334,127.873780805,4.0,0.03236766910552979,1.0,0.0,0.04273533821105957,0.0,0.061079160230542086,-28.523005942520637,0.0,0.0,0.0,-0.01433661195974463,0.48336160598704087,0.09065302566118748,0.8705963751093939,0.0007155849933176752,-0.0018500490071139892,-0.0011519173063162576,-8.325845849999999,0.8433718999999998,5.0406181
1789565193.394831,19.024,0.0,0.0,0,0,704,15.410744918011142,-3.0854052196236696,-24.174430476084723,0.0,45.0,111.0,1.0,-1.2231305420920142,2.516229907902459,47.0,8.769549031863411,22.83940616537047,-28.523005942520637,-0.2468917109057955,-0.06944738535341637,0.0,-11.557879446135065,1.0853804266594842,0.0035896190082506806,1.0556469293342192,0.0,0.0,1.1822660552293338,0.0,0.0,0.0,0.0,0.0,nan,0.5,,,0,0,0,0.0,1,171,True,True,False,"A:1,B:1,ESTOP:0,MODE:1,J:0",DRIVE_RUN,,,,,,,,,,,,,,,,,,0,,,False,0,,,,-9999.0,-1.0,-1.0,False,36.96763334,127.873780805,121.971,2,0.00012100000000000003,36.96763334,127.873780805,4.0,0.05737134075164795,1.0,0.0,0.0927426815032959,0.0,0.061079160230542086,-28.523005942520637,0.0,0.0,0.0,-0.014307578504419605,0.4834593139471287,0.0907913299468928,0.8705281841282256,-0.006021385919380436,-0.009023352232810684,-0.0008552113334772215,-8.2571993,0.7158854499999999,5.1190713
1789565193.444833,19.074,0.0,0.0,0,0,703,15.410744918011142,-3.0854052196236696,-24.17790704765781,0.0,45.0,111.0,1.0,-1.2231305420920142,2.516229907902459,47.0,8.769549031863411,22.83940616537047,-28.523005942520637,-0.2468917109057955,0.25187784317922596,0.0,-11.557879446135065,1.0853804266594842,0.0035896190082506806,1.0556469293342192,0.0,0.0,1.1822660552293338,0.0,0.0,0.0,0.0,0.0,nan,0.5,,,0,0,0,0.0,1,171,True,True,False,"A:1,B:1,ESTOP:0,MODE:1,J:0",DRIVE_RUN,,,,,,,,,,,,,,,,,,0,,,False,0,,,,-9999.0,-1.0,-1.0,False,36.96763334,127.873780805,121.971,2,0.00012100000000000003,36.96763334,127.873780805,4.0,0.08240445709228515,1.0,0.0,0.1428089141845703,0.0,0.061079160230542086,-28.523005942520637,0.0,0.0,0.0,-0.014396682304340082,0.48347143588711244,0.09080936790461913,0.8705181014319261,-0.009704030641088473,0.0037699111843077517,0.005427973973702365,-8.316039199999999,0.5295591,4.97197155
1789565193.494825,19.124,0.0,0.0,0,0,700,15.410744918011142,-3.0854052196236696,-24.165350580128035,0.0,45.0,111.0,1.0,-1.2231305420920142,2.516229907902459,47.0,8.769549031863411,22.83940616537047,-28.523005942520637,-0.2468917109057955,0.6501134928796186,0.0,-11.557879446135065,1.0853804266594842,0.0035896190082506806,1.0556469293342192,0.0,0.0,1.1822660552293338,0.0,0.0,0.0,0.0,0.0,nan,0.5,,,0,0,0,0.0,1,171,True,True,False,"A:1,B:1,ESTOP:0,MODE:1,J:0",DRIVE_RUN,,,,,,,,,,,,,,,,,,0,,,False,0,,,,-9999.0,-1.0,-1.0,False,36.967633373333335,127.87378076,121.97,2,0.00012100000000000003,36.967633373333335,127.87378076,4.0,0.011000000000000001,1.0,1.0,0.0,0.0,0.0871544105185154,-28.523005942520637,0.0,0.0,0.0,-0.014394309264580747,0.48354265813630215,0.09069624632582574,0.8704903747461427,0.0025830872929516074,-0.009180431865490174,-0.003682644721708035,-8.414105699999999,0.6276256,5.14849125
1789565193.544828,19.174,0.0,0.0,0,0,693,15.406742551270938,-3.0816945696235405,-24.132599572852826,0.0,45.0,111.0,1.0,-1.220165169505467,2.516229907902459,47.0,8.769549031863411,22.843778296944073,-28.523005942520637,-0.2468917109057955,-0.25739790940908747,0.0,-11.557879446135065,1.0853804266594842,0.0035896190082506806,1.0556469293342192,0.0,0.0,1.1822660552293338,0.0,0.0,0.0,0.0,0.0,nan,0.5,,,0,0,0,0.0,1,171,True,True,False,"A:1,B:1,ESTOP:0,MODE:1,J:0",DRIVE_RUN,,,,,,,,,,,,,,,,,,0,,,False,0,,,,-9999.0,-1.0,-1.0,False,36.967633373333335,127.87378076,121.97,2,0.00012100000000000003,36.967633373333335,127.87378076,4.0,0.035121403694152835,1.0,0.0,0.048242807388305664,0.0,0.0871544105185154,-28.523005942520637,0.0,0.0,0.0,-0.014247123494222039,0.4836141449590384,0.09064441661848095,0.8704584814932725,-0.0002443460952792061,-0.004799655442984407,0.0028099800957108708,-8.208166049999999,0.7256921,5.10926465
1789565193.594828,19.224,0.0,0.0,0,0,649,15.406742551270938,-3.0816945696235405,-24.145438710459246,0.0,45.0,111.0,1.0,-1.220165169505467,2.516229907902459,47.0,8.769549031863411,22.843778296944073,-28.523005942520637,-0.2468917109057955,0.07978467867612071,0.0,-11.557879446135065,1.0853804266594842,0.0035896190082506806,1.0556469293342192,0.0,0.0,1.1822660552293338,0.0,0.0,0.0,0.0,0.0,nan,0.5,,,0,0,0,0.0,1,171,True,True,False,"A:1,B:1,ESTOP:0,MODE:1,J:0",DRIVE_RUN,,,,,,,,,,,,,,,,,,0,,,False,0,,,,-9999.0,-1.0,-1.0,False,36.967633373333335,127.87378076,121.97,2,0.00012100000000000003,36.967633373333335,127.87378076,4.0,0.0600872859954834,1.0,0.0,0.0981745719909668,0.0,0.0871544105185154,-28.523005942520637,0.0,0.0,0.0,-0.01411614025060002,0.48373909371284884,0.09074340333727304,0.8703808698202563,-0.007557275661135447,0.010245082709206713,0.007086036763096978,-8.38468575,0.8727918499999999,5.0798447
1789565193.644831,19.274,0.0,0.0,0,0,589,15.406742551270938,-3.0816945696235405,-24.141446760162466,0.0,45.0,111.0,1.0,-1.220165169505467,2.516229907902459,47.0,8.769549031863411,22.843778296944073,-28.523005942520637,-0.2468917109057955,0.6089128000354695,0.0,-11.557879446135065,1.0853804266594842,0.0035896190082506806,1.0556469293342192,0.0,0.0,1.1822660552293338,0.0,0.0,0.0,0.0,0.0,nan,0.5,,,0,0,0,0.0,1,171,True,True,False,"A:1,B:1,ESTOP:0,MODE:1,J:0",DRIVE_RUN,,,,,,,,,,,,,,,,,,0,,,False,0,,,,-9999.0,-1.0,-1.0,False,36.967633373333335,127.87378076,121.97,2,0.00012100000000000003,36.967633373333335,127.87378076,4.0,0.08510371303558349,1.0,0.0,0.148207426071167,0.0,0.0871544105185154,-28.523005942520637,0.0,0.0,0.0,-0.014239540725405661,0.48379257996721386,0.09088210284789455,0.8703346588701044,-0.012932889757277981,0.004049163864626845,-0.001117010721276371,-8.3356525,0.6962721499999999,5.0504247499999995
1789565193.694829,19.324,4.0,-0.0,0,0,532,15.406742551270938,-3.0816945696235405,-24.11109522332464,0.0,45.0,111.0,1.0,-1.220165169505467,2.516229907902459,47.0,8.769549031863411,22.843778296944073,-28.523005942520637,-0.2468917109057955,0.6247010918771649,0.0,-11.557879446135065,1.0853804266594842,0.0035896190082506806,1.0556469293342192,0.0,0.0,1.1822660552293338,0.0,0.0,0.0,0.0,0.0,nan,0.5,,,0,0,0,0.0,1,171,True,True,False,"A:1,B:1,ESTOP:0,MODE:1,J:0",DRIVE_RUN,,,,0.0,0.0,3.4487505364071584e-41,-0.0,4.0,20.875986634666667,1.0,nan,nan,0.0,0.0,1351.0,5.0,0.0,L,,🛞 라이다 구간 진입 — WP 45/111 에서 조종권 이양 (CTE -1.22m). 이제 /cmd_vel_raw 는 mppi 가 낸다,False,0,,,,-9999.0,-1.0,-1.0,False,36.967633385,127.87378073166667,121.97,2,0.00012100000000000003,36.967633385,127.87378073166667,4.0,0.011000000000000001,1.0,1.0,0.0,0.0,0.07496576911764968,-28.523005942520637,0.0,0.0,0.0,-0.014337518859967632,0.48382484143734406,0.09086844152530338,0.870316542814068,0.002356194490192345,-0.006702064327658226,0.0026529004630313807,-8.316039199999999,0.43149259999999995,5.16810455
1789565193.744872,19.374,4.0,-1.5127907377319358,4,0,490,15.404222542301786,-3.0803958425189815,-24.07989013552853,0.0,45.0,111.0,1.0,-1.2193201664341087,2.516229907902459,47.0,8.769549031863411,22.846421551352943,-28.523005942520637,-0.2468917109057955,-0.06218376096378165,0.0,-11.557879446135065,1.0853804266594842,0.0035896190082506806,1.0556469293342192,0.0,0.0,1.1822660552293338,0.0,0.0,0.0,0.0,0.0,nan,0.5,,,0,0,0,0.0,1,171,True,True,False,"A:1,B:1,ESTOP:0,MODE:1,J:0",DRIVE_RUN,,,,-1.220165169505467,-0.011171668707981851,1.2006275696285205,-1.5127907377319358,4.0,22.500865837103948,1.0,nan,nan,0.0,0.0,1258.0,4.0,0.0,L,,,False,0,,,,-9999.0,-1.0,-1.0,False,36.967633385,127.87378073166667,121.97,2,0.00012100000000000003,36.967633385,127.87378073166667,4.0,0.03490825748443604,1.0,0.0,0.04781651496887207,0.0,0.07496576911764968,-28.523005942520637,0.0,0.0,0.0,-0.01428072040706651,0.48392373460505783,0.09070416752378771,0.8702796298342076,0.00788888821901437,-0.002530727415391778,0.005759586531581287,-8.3552658,0.65704555,5.099458
1789565193.794840,19.424,4.0,-3.276790737731936,4,0,419,15.404222542301786,-3.0803958425189815,-24.082998505194553,0.0,45.0,111.0,1.0,-1.2193201664341087,2.516229907902459,47.0,8.769549031863411,22.846421551352943,-28.523005942520637,-0.2468917109057955,-0.23662692090525522,0.0,-11.557879446135065,1.0853804266594842,0.0035896190082506806,1.0556469293342192,0.0,0.0,1.1822660552293338,0.0,0.0,0.0,0.0,0.0,nan,0.5,,,0,0,0,0.0,1,171,True,True,False,"A:1,B:1,ESTOP:0,MODE:1,J:0",DRIVE_RUN,,,,-1.2193201664341087,-0.024682275585509336,2.6006275696285206,-3.276790737731936,4.0,22.22169938820577,1.0,nan,nan,0.0,0.0,1259.0,4.0,0.0,L,,,False,0,,,,-9999.0,-1.0,-1.0,False,36.967633385,127.87378073166667,121.97,2,0.00012100000000000003,36.967633385,127.87378073166667,4.0,0.059898816108703616,1.0,0.0,0.09779763221740723,0.0,0.07496576911764968,-28.523005942520637,0.0,0.0,0.0,-0.014193482692083724,0.4839720762255643,0.09066273707334097,0.8702584918226058,-0.004694935687864747,0.004956735075663896,0.004258603374866164,-8.26700595,0.8727918499999999,5.03081145
1789565193.844832,19.474,4.0,-5.040790737731936,4,0,373,15.404222542301786,-3.0803958425189815,-24.094842420781276,0.0,45.0,111.0,1.0,-1.2193201664341087,2.516229907902459,47.0,8.769549031863411,22.846421551352943,-28.523005942520637,-0.2468917109057955,0.3691810807472378,0.0,-11.557879446135065,1.0853804266594842,0.0035896190082506806,1.0556469293342192,0.0,0.0,1.1822660552293338,0.0,0.0,0.0,0.0,0.0,nan,0.5,,,0,0,0,0.0,1,171,True,True,False,"A:1,B:1,ESTOP:0,MODE:1,J:0",DRIVE_RUN,,,,-1.2193201664341087,-0.009011386190742734,4.000627569628521,-5.040790737731936,4.0,22.064987021152334,1.0,nan,nan,0.0,0.0,1254.0,4.0,0.0,L,,,False,0,,,,-9999.0,-1.0,-1.0,False,36.967633385,127.87378073166667,121.97,2,0.00012100000000000003,36.967633385,127.87378073166667,4.0,0.08490141487121582,1.0,0.0,0.14780282974243164,0.0,0.07496576911764968,-28.523005942520637,0.0,0.0,0.0,-0.014071693854195787,0.48409606010207223,0.09089407264351176,0.870167374465396,-0.01473057888683214,-0.006387905062299246,-0.0009599310885968813,-8.1983594,0.6472389,4.795451849999999
1789565193.894842,19.524,4.0,-6.8047907377319365,4,0,339,15.404222542301786,-3.0803958425189815,-24.07631015201676,0.0,45.0,111.0,1.0,-1.2193201664341087,2.516229907902459,47.0,8.769549031863411,22.846421551352943,-28.523005942520637,-0.2468917109057955,0.6853742476185317,0.0,-11.557879446135065,1.0853804266594842,0.0035896190082506806,1.0556469293342192,0.0,0.0,1.1822660552293338,0.0,0.0,0.0,0.0,0.0,nan,0.5,,,0,0,0,0.0,0,170,True,True,False,"A:1,B:1,ESTOP:0,MODE:1,J:0",DRIVE_RUN,,,,-1.2193201664341087,0.014416536174071464,5.400627569628521,-6.8047907377319365,4.0,21.99935326804713,1.0,nan,nan,0.0,0.0,1243.0,4.0,0.0,L,,,False,0,,,,-9999.0,-1.0,-1.0,False,36.967633405,127.87378066166667,121.96799999999999,2,0.00012100000000000003,36.967633405,127.87378066166667,4.0,0.011000000000000001,1.0,1.0,0.0,0.0,0.08514845854827947,-28.523005942520637,0.0,0.0,0.0,-0.014188673981170352,0.48412245451154734,0.09095569370234768,0.8701443514449173,-0.008133234314293577,-0.0003316125578789226,-0.0013439035240356337,-8.36507245,0.7060787999999999,5.3152043
1789565193.944824,19.574,4.0,-8.568790737731938,4,0,339,15.397996637641068,-3.0781694525189027,-24.04209065750925,0.0,45.0,111.0,1.0,-1.2182000455327926,2.516229907902459,47.0,8.769549031863411,22.85284812802165,-28.523005942520637,-0.2468917109057955,0.3639057467482366,0.0,-11.557879446135065,1.0853804266594842,0.0035896190082506806,1.0556469293342192,0.0,0.0,1.1822660552293338,0.0,0.0,0.0,0.0,0.0,nan,0.5,,,0,0,0,0.0,0,171,True,True,False,"A:1,B:1,ESTOP:0,MODE:1,J:0",DRIVE_RUN,,,,-1.2193201664341087,0.0023127105823335958,6.800627569628522,-8.568790737731938,4.0,21.922974251567787,1.0,nan,nan,0.0,0.0,1252.0,4.0,0.0,L,,,False,0,,,,-9999.0,-1.0,-1.0,False,36.967633405,127.87378066166667,121.96799999999999,2,0.00012100000000000003,36.967633405,127.87378066166667,4.0,0.03579243278503418,1.0,0.0,0.04958486557006836,0.0,0.08514845854827947,-28.523005942520637,0.0,0.0,0.0,-0.014130137459696199,0.4840596640076804,0.09081119644447522,0.8701953272090496,0.005497787143782138,0.009564404300928926,-0.01033234917180643,-8.44352565,0.50013915,5.32501095
1789565193.994848,19.624,4.0,-10.332790737731937,4,0,339,15.397996637641068,-3.0781694525189027,-24.023961153037646,0.0,45.0,111.0,1.0,-1.2182000455327926,2.516229907902459,47.0,8.769549031863411,22.85284812802165,-28.523005942520637,-0.2468917109057955,-0.5370720690040185,0.0,-11.557879446135065,1.0853804266594842,0.0035896190082506806,1.0556469293342192,0.0,0.0,1.1822660552293338,0.0,0.0,0.0,0.0,0.0,nan,0.5,,,0,0,0,0.11432790011167526,-1,170,True,True,False,"A:1,B:1,ESTOP:0,MODE:1,J:0",DRIVE_RUN,,,,-1.2182000455327926,-0.010822346813807258,8.200627569628521,-10.332790737731937,4.0,19.945460995220262,1.0,nan,nan,0.0,0.0,1248.0,4.0,0.0,L,,,False,0,,,,-9999.0,-1.0,-1.0,False,36.967633405,127.87378066166667,121.96799999999999,2,0.00012100000000000003,36.967633405,127.87378066166667,4.0,0.060797534942626956,1.0,0.0,0.0995950698852539,0.0,0.08514845854827947,-28.523005942520637,0.0,0.0,0.0,-0.014011932410701845,0.48404199132117576,0.09076288718432318,0.8702121090273993,-0.0016231562043547264,0.00932005820564972,0.0014660765716752368,-8.26700595,0.8924051499999999,4.4326058
1789565194.044845,19.674,4.0,-12.096790737731936,4,0,335,15.397996637641068,-3.0781694525189027,-24.0508569867049,0.0,45.0,111.0,1.0,-1.2182000455327926,2.516229907902459,47.0,8.769549031863411,22.85284812802165,-28.523005942520637,-0.2468917109057955,0.14939786958250753,0.0,-11.557879446135065,1.0853804266594842,0.0035896190082506806,1.0556469293342192,0.0,0.0,1.1822660552293338,0.0,0.0,0.0,0.0,0.0,nan,0.5,,,0,0,0,0.1629960536956787,-3,171,True,True,False,"A:1,B:1,ESTOP:0,MODE:1,J:0",DRIVE_RUN,,,,-1.2182000455327926,0.007583291389376579,9.600627569628521,-12.096790737731936,4.0,19.638538118635815,1.0,nan,nan,0.0,0.0,1252.0,4.0,0.0,L,,,False,0,,,,-9999.0,-1.0,-1.0,False,36.967633405,127.87378066166667,121.96799999999999,2,0.00012100000000000003,36.967633405,127.87378066166667,4.0,0.08577962970733642,1.0,0.0,0.14955925941467285,0.0,0.08514845854827947,-28.523005942520637,0.0,0.0,0.0,-0.013866398283177657,0.4841963920760929,0.09105421786686363,0.8700981015424643,-0.011571532940722405,0.0027401669256310974,-0.00047123889803846896,-8.433719,0.7649187,4.922938299999999
1789565194.094829,19.724,4.0,-13.860790737731937,4,0,335,15.397996637641068,-3.0781694525189027,-24.043385960534323,0.0,45.0,111.0,1.0,-1.2182000455327926,2.516229907902459,47.0,8.769549031863411,22.85284812802165,-28.523005942520637,-0.2468917109057955,0.5686107667804197,0.0,-11.557879446135065,1.0853804266594842,0.0035896190082506806,1.0556469293342192,0.0,0.0,1.1822660552293338,0.0,0.0,0.0,0.0,0.0,nan,0.5,,,0,0,0,0.19360597431659698,-3,171,True,True,False,"A:1,B:1,ESTOP:0,MODE:1,J:0",DRIVE_RUN,,,,-1.2182000455327926,0.025280432466621604,11.000627569628522,-13.860790737731937,4.0,18.47563348492982,1.0,nan,nan,0.0,0.0,1255.0,4.0,0.0,L,,,False,0,,,,-9999.0,-1.0,-1.0,False,36.967633405,127.87378066166667,121.96799999999999,2,0.00012100000000000003,36.967633405,127.87378066166667,4.0,0.1107931957244873,1.0,0.0,0.1995863914489746,0.0,0.08514845854827947,-28.523005942520637,0.0,0.0,0.0,-0.013983306424423046,0.48429426863931757,0.09114194233152209,0.8700325711446592,-0.0016231562043547264,0.004206243497306334,-0.0027925268031909274,-8.590625399999999,0.53936575,5.0406181
1789565194.144825,19.774,4.0,-15.624790737731939,4,0,340,15.392956618438834,-3.0750154004142796,-24.014897833176065,0.0,45.0,111.0,1.0,-1.215961769564967,2.516229907902459,47.0,8.769549031863411,22.858193901120963,-28.523005942520637,-0.2468917109057955,0.012445538117468452,0.0,-11.557879446135065,1.0853804266594842,0.0035896190082506806,1.0556469293342192,0.0,0.0,1.1822660552293338,0.0,0.0,0.0,0.0,0.0,nan,0.5,,,0,0,0,0.29941463470458984,-5,172,True,True,False,"A:1,B:1,ESTOP:0,MODE:1,J:0",DRIVE_RUN,,,,-1.2182000455327926,0.020494095743594277,12.400627569628522,-15.624790737731939,4.0,17.48013882839817,1.0,nan,nan,0.0,0.0,1325.0,5.0,0.0,L,,,False,0,,,,-9999.0,-1.0,-1.0,False,36.96763343333333,127.873780605,121.96700000000001,2,0.00012100000000000003,36.96763343333333,127.873780605,4.0,0.02735265350341797,1.0,0.0,0.03270530700683594,0.0,0.10827513002998154,-28.523005942520637,0.0,0.0,0.0,-0.014051288592927515,0.4846936386016498,0.09097009070327713,0.869827040615207,0.013107422682477415,0.001710422666954443,-0.007155849933176751,-8.5317855,0.46091255,4.52086565
1789565194.194851,19.824,4.0,-17.388790737731938,4,0,335,15.392956618438834,-3.0750154004142796,-24.01427779120101,0.0,45.0,111.0,1.0,-1.215961769564967,2.516229907902459,47.0,8.769549031863411,22.858193901120963,-28.523005942520637,-0.2468917109057955,-0.8496586134447899,0.0,-11.557879446135065,1.0853804266594842,0.0035896190082506806,1.0556469293342192,0.0,0.0,1.1822660552293338,0.0,0.0,0.0,0.0,0.0,nan,0.5,,,0,0,0,0.49227219820022583,-6,170,True,True,False,"A:1,B:1,ESTOP:0,MODE:1,J:0",DRIVE_RUN,,,,-1.215961769564967,0.011064010431794905,13.800627569628523,-17.388790737731938,4.0,17.279680134474074,1.0,nan,nan,0.0,0.0,1357.0,5.0,0.0,L,,,False,0,,,,-9999.0,-1.0,-1.0,False,36.96763343333333,127.873780605,121.96700000000001,2,0.00012100000000000003,36.96763343333333,127.873780605,4.0,0.052348695755004886,1.0,0.0,0.08269739151000977,0.0,0.10827513002998154,-28.523005942520637,0.0,0.0,0.0,-0.014008801526473241,0.48480815504231284,0.09096900267775107,0.8697640179014512,0.0004014257279586958,-0.0009424777960769379,0.007330382858376184,-8.669078599999999,0.9022117999999999,4.0991797
1789565194.244831,19.874,4.0,-19.152790737731937,4,0,335,15.392956618438834,-3.0750154004142796,-24.056718748457712,0.0,45.0,111.0,1.0,-1.215961769564967,2.516229907902459,47.0,8.769549031863411,22.858193901120963,-28.523005942520637,-0.2468917109057955,0.1832455926028928,0.0,-11.557879446135065,1.0853804266594842,0.0035896190082506806,1.0556469293342192,0.0,0.0,1.1822660552293338,0.0,0.0,0.0,0.0,0.0,nan,0.5,,,0,0,0,0.709832489490509,-8,171,True,True,False,"A:1,B:1,ESTOP:0,MODE:1,J:0",DRIVE_RUN,,,,-1.215961769564967,0.02911425347576189,15.200627569628523,-19.152790737731937,4.0,17.212712999285944,1.0,nan,nan,0.0,0.0,1363.0,5.0,0.0,L,,,False,0,,,,-9999.0,-1.0,-1.0,False,36.96763343333333,127.873780605,121.96700000000001,2,0.00012100000000000003,36.96763343333333,127.873780605,4.0,0.0773541555404663,1.0,0.0,0.13270831108093262,0.0,0.10827513002998154,-28.523005942520637,0.0,0.0,0.0,-0.014195218044304653,0.48519056771899405,0.09104460912229931,0.8695398138848863,-0.005323254218582705,-0.0010471975511965976,0.0007155849933176752,-8.7083052,0.7256921,3.93246665
1789565194.294830,19.924,4.0,-20.916790737731937,4,0,339,15.392956618438834,-3.0750154004142796,-24.04752947766835,0.0,45.0,111.0,1.0,-1.215961769564967,2.516229907902459,47.0,8.769549031863411,22.858193901120963,-28.523005942520637,-0.2468917109057955,0.28044523012687095,0.0,-11.557879446135065,1.0853804266594842,0.0035896190082506806,1.0556469293342192,0.0,0.0,1.1822660552293338,0.0,0.0,0.0,0.0,0.0,nan,0.5,,,0,0,0,0.8634790778160095,-10,171,True,True,False,"A:1,B:1,ESTOP:0,MODE:1,J:0",DRIVE_RUN,,,,-1.215961769564967,0.03753328397105483,16.60062756962852,-20.916790737731937,4.0,17.202898685670846,1.0,nan,nan,0.0,0.0,1378.0,5.0,0.0,L,,,False,0,,,,-9999.0,-1.0,-1.0,False,36.967633435,127.87378056166666,121.97,2,0.00012100000000000003,36.967633435,127.87378056166666,4.0,0.011000000000000001,1.0,1.0,0.0,0.0,0.08418557881062455,-28.523005942520637,0.0,0.0,0.0,-0.014319317313773838,0.48563741838766844,0.09101915838187487,0.8692909569418534,-0.004991641660703782,-0.01202531854624093,-0.006073745796940267,-9.022118,0.38245935,4.4914457
1789565194.344845,19.974,4.0,-22.680790737731936,4,0,368,15.38910248722295,-3.074829867518786,-24.033511843106055,0.0,45.0,111.0,1.0,-1.2164432244998258,2.516229907902459,47.0,8.769549031863411,22.862045989058622,-28.523005942520637,-0.2468917109057955,0.03880218662885557,0.0,-11.557879446135065,1.0853804266594842,0.0035896190082506806,1.0556469293342192,0.0,0.0,1.1822660552293338,0.0,0.0,0.0,0.0,0.0,nan,0.5,,,0,0,0,0.673401951789856,-12,172,True,True,False,"A:1,B:1,ESTOP:0,MODE:1,J:0",DRIVE_RUN,,,,-1.215961769564967,0.0300463358723776,18.00062756962852,-22.680790737731936,4.0,17.18007052614352,1.0,nan,nan,0.0,0.0,1421.0,5.0,0.0,L,,,False,0,,,,-9999.0,-1.0,-1.0,False,36.967633435,127.87378056166666,121.97,2,0.00012100000000000003,36.967633435,127.87378056166666,4.0,0.0326289758682251,1.0,0.0,0.043257951736450195,0.0,0.08418557881062455,-28.523005942520637,0.0,0.0,0.0,-0.014495743371295645,0.4858115406509569,0.09096785742898708,0.8691961052082762,-0.007871434926494426,-0.012880529879718152,-0.0007330382858376184,-8.061066299999998,1.46119085,6.32528925
1789565194.394833,20.024,4.0,-24.406568563977142,4,0,340,15.38910248722295,-3.074829867518786,-24.03156522280665,0.0,45.0,111.0,1.0,-1.2164432244998258,2.516229907902459,47.0,8.769549031863411,22.862045989058622,-28.523005942520637,-0.2468917109057955,0.32965699035766705,0.0,-11.557879446135065,1.0853804266594842,0.0035896190082506806,1.0556469293342192,0.0,0.0,1.1822660552293338,0.0,0.0,0.0,0.0,0.0,nan,0.5,,,0,0,0,0.6701065897941589,-13,178,True,True,False,"A:1,B:1,ESTOP:0,MODE:1,J:0",DRIVE_RUN,,,,-1.2164432244998258,0.052548863727505876,19.37029251109297,-24.406568563977142,4.0,17.175922463499834,1.0,nan,nan,0.0,0.0,1436.0,5.0,0.0,L,,,False,0,,,,-9999.0,-1.0,-1.0,False,36.967633435,127.87378056166666,121.97,2,0.00012100000000000003,36.967633435,127.87378056166666,4.0,0.05766697978973389,1.0,0.0,0.09333395957946777,0.0,0.08418557881062455,-28.523005942520637,0.0,0.0,0.0,-0.01460784269167989,0.48598307063731777,0.09111017545792485,0.8690834263256002,0.024277529895241123,0.01408480706359424,0.005375614096142535,-8.9828914,0.4903325,5.46230405
1789565194.444823,20.074,4.0,-25.559776347838646,4,0,336,15.38910248722295,-3.074829867518786,-24.015233372598743,0.0,45.0,111.0,1.0,-1.2164432244998258,2.516229907902459,47.0,8.769549031863411,22.862045989058622,-28.523005942520637,-0.2468917109057955,-1.0136838920440392,0.0,-11.557879446135065,1.0853804266594842,0.0035896190082506806,1.0556469293342192,0.0,0.0,1.1822660552293338,0.0,0.0,0.0,0.0,0.0,nan,0.5,,,0,0,0,1.054512619972229,-15,172,True,True,False,"A:1,B:1,ESTOP:0,MODE:1,J:0",DRIVE_RUN,,,,-1.2164432244998258,0.0931183350349817,20.285536783998925,-25.559776347838646,4.0,17.14974631338718,1.0,nan,nan,0.0,0.0,1392.0,5.0,0.0,L,,,False,0,,,,-9999.0,-1.0,-1.0,False,36.967633435,127.87378056166666,121.97,2,0.00012100000000000003,36.967633435,127.87378056166666,4.0,0.0826181993484497,1.0,0.0,0.14323639869689941,0.0,0.08418557881062455,-28.523005942520637,0.0,0.0,0.0,-0.014708186681199345,0.4860046479772299,0.09156587285988892,0.8690217732119756,-0.05811946409141117,-0.007120943348136864,0.0046251225177849735,-8.8848249,-0.28439285,2.83412185
1789565194.494823,20.124,4.0,-26.717541517499363,4,0,356,15.38910248722295,-3.074829867518786,-24.066230254173462,0.0,45.0,111.0,1.0,-1.2164432244998258,2.516229907902459,47.0,8.769549031863411,22.862045989058622,-28.523005942520637,-0.2468917109057955,3.000899631114081,0.0,-11.557879446135065,1.0853804266594842,0.0035896190082506806,1.0556469293342192,0.0,0.0,1.1822660552293338,0.0,0.0,0.0,0.0,0.0,nan,0.5,,,0,0,0,1.3061224222183228,-17,172,True,True,False,"A:1,B:1,ESTOP:0,MODE:1,J:0",DRIVE_RUN,,,,-1.2164432244998258,0.16342241477031888,21.2043980297614,-26.717541517499363,4.0,15.163109974278647,1.0,nan,nan,0.0,0.0,1395.0,5.0,0.0,L,,,False,0,,,,-9999.0,-1.0,-1.0,False,36.967633371666665,127.873780775,121.957,2,0.00012100000000000003,36.967633371666665,127.873780775,4.0,0.011000000000000001,1.0,1.0,0.0,0.0,0.15543073074675648,-28.523005942520637,0.0,0.0,0.0,-0.015108587990228045,0.48601901424028154,0.0923368989675178,0.8689252818596712,-0.03960152072775134,0.0042935099599060505,0.023422318561763904,-7.7864801,2.0201699,3.2558078
1789565194.544830,20.174,4.0,-27.061056347486854,4,0,364,15.408076673517671,-3.081880102519033,-23.916415797124614,0.0,45.0,111.0,1.0,-1.22011800696753,2.516229907902459,47.0,8.769549031863411,22.842432034869955,-28.523005942520637,-0.2468917109057955,2.6448875017800706,0.0,-11.557879446135065,1.0853804266594842,0.0035896190082506806,1.0556469293342192,0.0,0.0,1.1822660552293338,0.0,0.0,0.0,0.0,0.0,nan,0.5,,,0,0,0,1.3852874040603638,-19,171,True,True,False,"A:1,B:1,ESTOP:0,MODE:1,J:0",DRIVE_RUN,,,,-1.2164432244998258,0.29246974523693703,21.477028847211788,-27.061056347486854,4.0,15.057300692557614,1.0,nan,nan,0.0,0.0,1492.0,5.0,0.0,L,,,False,0,,,,-9999.0,-1.0,-1.0,False,36.967633371666665,127.873780775,121.957,2,0.00012100000000000003,36.967633371666665,127.873780775,4.0,0.03508838272094727,1.0,0.0,0.04817676544189453,0.0,0.15543073074675648,-28.523005942520637,0.0,0.0,0.0,-0.015704839861663697,0.48621005127266786,0.09315557249233763,0.8687204287686424,0.015114551322270894,0.018936822384138473,0.025603980126756815,-9.1790244,0.46091255,5.03081145
1789565194.594845,20.224,4.0,-27.20288579525357,4,0,368,15.408076673517671,-3.081880102519033,-23.784563775332742,0.0,45.0,111.0,1.0,-1.22011800696753,2.516229907902459,47.0,8.769549031863411,22.842432034869955,-28.523005942520637,-0.2468917109057955,0.028168429529946595,0.0,-11.557879446135065,1.0853804266594842,0.0035896190082506806,1.0556469293342192,0.0,0.0,1.1822660552293338,0.0,0.0,0.0,0.0,0.0,nan,0.5,,,0,0,0,1.4451414346694946,-20,186,True,True,False,"A:1,B:1,ESTOP:0,MODE:1,J:0",DRIVE_RUN,,,,-1.22011800696753,0.39137502197714225,21.589591900994897,-27.20288579525357,4.0,15.14052237210329,1.0,nan,nan,0.0,0.0,1489.0,5.0,0.0,L,,,False,0,,,,-9999.0,-1.0,-1.0,False,36.967633371666665,127.873780775,121.957,2,0.00012100000000000003,36.967633371666665,127.873780775,4.0,0.06002005195617676,1.0,0.0,0.09804010391235352,0.0,0.15543073074675648,-28.523005942520637,0.0,0.0,0.0,-0.01642217908014837,0.48626867539914487,0.09413258009307962,0.868569021278586,-0.0746128255227576,0.016004669240788003,0.03635520831904189,-8.159132799999998,-0.00980665,4.4914457
1789565194.644833,20.274,4.0,-27.321367161654308,4,0,380,15.408076673517671,-3.081880102519033,-23.78314852515257,0.0,45.0,111.0,1.0,-1.22011800696753,2.516229907902459,47.0,8.769549031863411,22.842432034869955,-28.523005942520637,-0.2468917109057955,4.787814719667936,0.0,-11.557879446135065,1.0853804266594842,0.0035896190082506806,1.0556469293342192,0.0,0.0,1.1822660552293338,0.0,0.0,0.0,0.0,0.0,nan,0.5,,,0,0,0,1.644118309020996,-22,171,True,True,False,"A:1,B:1,ESTOP:0,MODE:1,J:0",DRIVE_RUN,,,,-1.22011800696753,0.5373628265586511,21.683624731471674,-27.321367161654308,4.0,15.119999366184407,1.0,nan,nan,0.0,0.0,1450.0,5.0,0.0,L,,,False,0,,,,-9999.0,-1.0,-1.0,False,36.967633371666665,127.873780775,121.957,2,0.00012100000000000003,36.967633371666665,127.873780775,4.0,0.08500524616241455,1.0,0.0,0.1480104923248291,0.0,0.15543073074675648,-28.523005942520637,0.0,0.0,0.0,-0.016865995123483565,0.48621046976728555,0.09536504150562526,0.8684586496522448,-0.0393048147549123,-0.003246312408709453,0.03735004599267865,-8.404299049999999,2.22610955,4.1089863499999995
1789565194.694864,20.324,4.0,-27.400542620552766,4,0,393,15.408076673517671,-3.081880102519033,-23.54386075282838,0.0,45.0,111.0,1.0,-1.22011800696753,2.516229907902459,47.0,8.769549031863411,22.842432034869955,-28.523005942520637,-0.2468917109057955,3.000454247100236,0.0,-11.557879446135065,1.0853804266594842,0.0035896190082506806,1.0556469293342192,0.0,0.0,1.1822660552293338,0.0,0.0,0.0,0.0,0.0,nan,0.5,,,0,0,0,1.1345057487487793,-24,191,True,True,False,"A:1,B:1,ESTOP:0,MODE:1,J:0",DRIVE_RUN,,,,-1.22011800696753,0.7370677290483321,21.7464623972641,-27.400542620552766,4.0,15.084397182685093,1.0,nan,nan,0.0,0.0,1450.0,5.0,0.0,L,,,False,0,,,,-9999.0,-1.0,-1.0,False,36.967633238333335,127.873781365,121.964,2,0.00012100000000000003,36.967633238333335,127.873781365,4.0,0.011000000000000001,1.0,1.0,0.0,0.0,0.6672656165191123,-28.523005942520637,0.0,0.0,0.0,-0.017096314770923854,0.48575088097730273,0.09726605212701639,0.8685004966922312,-0.06972590361717347,0.03159045946109736,0.0545415391248228,-7.95319315,0.784532,8.3748791
1789565194.744838,20.374,4.0,-27.475203013807192,4,0,446,15.460552156560812,-3.0967227009376064,-23.393565629847615,0.0,45.0,111.0,1.0,-1.2256950286267556,2.516229907902459,47.0,8.769549031863411,22.788682957430407,-28.523005942520637,-0.2468917109057955,5.105522555617251,0.0,-11.557879446135065,1.0853804266594842,0.0035896190082506806,1.0556469293342192,0.0,0.0,1.1822660552293338,0.0,0.0,0.0,0.0,0.0,nan,0.5,,,0,0,0,1.4507557153701782,-25,214,True,True,False,"A:1,B:1,ESTOP:0,MODE:1,J:0",DRIVE_RUN,,,,-1.22011800696753,0.9548789416433319,21.805716677624755,-27.475203013807192,4.0,15.040194912834794,1.0,nan,nan,0.0,0.0,1572.0,6.0,0.0,L,,,False,0,,,,-9999.0,-1.0,-1.0,False,36.967633238333335,127.873781365,121.964,2,0.00012100000000000003,36.967633238333335,127.873781365,4.0,0.031038604736328128,1.0,0.0,0.04007720947265625,0.0,0.6672656165191123,-28.523005942520637,0.0,0.0,0.0,-0.018099240117103135,0.48578832645480124,0.09899580707998162,0.8682637557608919,-0.05307546255314756,0.01827359726838063,0.0357967029584037,-9.7085835,-1.4219642499999998,3.3734875999999994
1789565194.794854,20.424,4.0,-27.627861460770717,4,0,524,15.460552156560812,-3.0967227009376064,-23.138930019770953,0.0,45.0,111.0,1.0,-1.2256950286267556,2.516229907902459,47.0,8.769549031863411,22.788682957430407,-28.523005942520637,-0.2468917109057955,3.70720630830408,0.0,-11.557879446135065,1.0853804266594842,0.0035896190082506806,1.0556469293342192,0.0,0.0,1.1822660552293338,0.0,0.0,0.0,0.0,0.0,nan,0.5,,,0,0,0,0.5000729560852051,-26,175,True,True,False,"A:1,B:1,ESTOP:0,MODE:1,J:0",DRIVE_RUN,,,,-1.2256950286267556,1.2213020657996039,21.926874175214856,-27.627861460770717,4.0,15.163016199374235,1.0,nan,nan,0.0,0.0,1723.0,7.0,0.0,L,,,False,0,,,,-9999.0,-1.0,-1.0,False,36.967633238333335,127.873781365,121.964,2,0.00012100000000000003,36.967633238333335,127.873781365,4.0,0.05603881931304932,1.0,0.0,0.09007763862609863,0.0,0.6672656165191123,-28.523005942520637,0.0,0.0,0.0,-0.01930754995462728,0.4857401083821362,0.10075401776208315,0.868062436422898,-0.08436921604140589,0.04052654523130833,0.03338814859065153,-7.9629998,-0.7060787999999999,11.48358715
1789565194.844827,20.474,4.0,-27.5068253396854,4,0,534,15.460552156560812,-3.0967227009376064,-22.953736048098904,0.0,45.0,111.0,1.0,-1.2256950286267556,2.516229907902459,47.0,8.769549031863411,22.788682957430407,-28.523005942520637,-0.2468917109057955,5.2640099574606625,0.0,-11.557879446135065,1.0853804266594842,0.0035896190082506806,1.0556469293342192,0.0,0.0,1.1822660552293338,0.0,0.0,0.0,0.0,0.0,nan,0.5,,,1,1,0,0.48295748233795166,-27,180,True,True,False,"A:1,B:1,ESTOP:0,MODE:1,J:0",DRIVE_RUN,,,,-1.2256950286267556,1.4888579137118796,21.83081376165508,-27.5068253396854,4.0,15.133837155318739,1.0,nan,nan,0.0,0.0,1780.0,7.0,0.0,L,,,False,0,,,,-9999.0,-1.0,-1.0,False,36.967633238333335,127.873781365,121.964,2,0.00012100000000000003,36.967633238333335,127.873781365,4.0,0.0811068639755249,1.0,0.0,0.1402137279510498,0.0,0.6672656165191123,-28.523005942520637,0.0,0.0,0.0,-0.020495996024171542,0.48586579598239704,0.10267979245091345,0.8677391328409744,-0.1267458102798282,0.006056292504420323,0.057805304826052194,-9.1005712,-0.38245935,9.5516771
1789565194.894832,20.524,4.0,-27.87775671734472,4,0,528,15.460552156560812,-3.0967227009376064,-22.69021451156317,0.5,45.0,111.0,1.0,-1.2256950286267556,2.516229907902459,47.0,8.769549031863411,22.788682957430407,-28.523005942520637,-0.2468917109057955,7.957513073126173,0.0,-11.557879446135065,1.0853804266594842,0.0035896190082506806,1.0556469293342192,0.0,0.0,1.1822660552293338,0.0,0.0,0.0,0.0,0.0,nan,0.5,,,1,0,1,0.7090938091278076,-28,190,True,True,False,"A:1,B:1,ESTOP:0,MODE:1,J:0",DRIVE_RUN,,,,-1.2256950286267556,1.8011857344073972,21.867825008360768,-27.87775671734472,4.0,15.07491832911148,1.0,nan,nan,0.0,0.0,1623.0,5.0,0.0,L,,,False,0,,,,-9999.0,-1.0,-1.0,False,36.96763313333334,127.873782255,121.958,2,0.00012100000000000003,36.96763313333334,127.873782255,4.0,0.011000000000000001,1.0,1.0,0.0,0.0,1.2273294754968957,-28.523005942520637,0.0,0.0,0.0,-0.021922170692194105,0.4857379037345949,0.10517227223355179,0.8674773198538943,-0.09649925434276647,0.04553564018453206,0.05982988675836562,-8.71811185,-0.73549875,4.81506515
1789565194.944845,20.574,4.0,-27.852080877661294,4,0,633,15.539710088330445,-3.1084112472515555,-22.29219694592865,0.5,45.0,111.0,1.0,-1.2250184756272748,2.516229907902459,47.0,8.769549031863411,22.708734345076213,-28.523005942520637,-0.2468917109057955,6.6294938523186975,0.0,-11.557879446135065,1.0853804266594842,0.0035896190082506806,1.0556469293342192,0.0,0.0,1.1822660552293338,0.0,0.0,0.0,0.0,0.0,nan,0.5,,,2,1,1,0.2475867122411728,-29,172,True,True,False,"A:1,B:1,ESTOP:0,MODE:1,J:0",DRIVE_RUN,,,,-1.2256950286267556,2.1050930433864377,21.84770874211639,-27.852080877661294,4.0,15.022891128872626,1.0,nan,nan,0.0,0.0,1669.0,5.0,0.0,L,,,False,0,,,,-9999.0,-1.0,-1.0,False,36.96763313333334,127.873782255,121.958,2,0.00012100000000000003,36.96763313333334,127.873782255,4.0,0.0381071195602417,1.0,0.0,0.0542142391204834,0.0,1.2273294754968957,-28.523005942520637,0.0,0.0,0.0,-0.022869272153122573,0.48570471138194926,0.1080245446008117,0.8671208840158047,-0.13421581947836395,-0.03700098014227979,0.0641408500107916,-6.36451585,3.2558078,2.42224255
1789565194.994847,20.624,4.0,-27.765492512329054,4,0,555,15.539710088330445,-3.1084112472515555,-21.960692538136044,0.5,45.0,111.0,1.0,-1.2250184756272748,2.516229907902459,47.0,8.769549031863411,22.708734345076213,-28.523005942520637,-0.2468917109057955,8.37734399701886,0.0,-11.557879446135065,1.0853804266594842,0.0035896190082506806,1.0556469293342192,0.0,0.0,1.1822660552293338,0.0,0.0,0.0,0.0,0.0,nan,0.5,,,1,0,1,0.5704890489578247,-29,175,True,True,False,"A:1,B:1,ESTOP:0,MODE:1,J:0",DRIVE_RUN,,,,-1.2250184756272748,2.4779749294352027,21.77986876617653,-27.765492512329054,4.0,14.988992273150162,1.0,nan,nan,0.0,0.0,1651.0,6.0,0.0,L,,,False,0,,,,-9999.0,-1.0,-1.0,False,36.96763313333334,127.873782255,121.958,2,0.00012100000000000003,36.96763313333334,127.873782255,4.0,0.0631245002746582,1.0,0.0,0.1042490005493164,0.0,1.2273294754968957,-28.523005942520637,0.0,0.0,0.0,-0.024494615010499196,0.4858055416011253,0.11069245837964661,0.8666834308113862,-0.03830997708127553,0.10564477962321676,0.06986552995733301,-10.69905515,-1.08853815,8.325845849999999
1789565195.044824,20.674,4.0,-27.619723554132698,4,0,608,15.539710088330445,-3.1084112472515555,-21.542426929398175,0.5,45.0,111.0,1.0,-1.2250184756272748,2.516229907902459,47.0,8.769549031863411,22.708734345076213,-28.523005942520637,-0.2468917109057955,4.199886289469469,0.0,-11.557879446135065,1.0853804266594842,0.0035896190082506806,1.0556469293342192,0.0,0.0,1.1822660552293338,0.0,0.0,0.0,0.0,0.0,nan,0.5,,,1,0,1,0.8381404280662537,-29,173,True,True,False,"A:1,B:1,ESTOP:0,MODE:1,J:0",DRIVE_RUN,,,,-1.2250184756272748,2.8160261843872014,21.665660312365105,-27.619723554132698,4.0,14.937972850291244,1.0,nan,nan,0.0,0.0,1827.0,5.0,0.0,L,,,False,0,,,,-9999.0,-1.0,-1.0,False,36.96763313333334,127.873782255,121.958,2,0.00012100000000000003,36.96763313333334,127.873782255,4.0,0.08812113857269287,1.0,0.0,0.15424227714538574,0.0,1.2273294754968957,-28.523005942520637,0.0,0.0,0.0,-0.026130815994198905,0.4856644302717624,0.1134676364405975,0.8663557797492126,-0.20820032647040357,0.0165282680163863,0.0631285590446349,-8.8848249,-0.81395195,3.4323274999999995
1789565195.095198,20.725,4.0,-27.46755586822617,4,0,608,15.539710088330445,-3.1084112472515555,-21.33220250907894,0.5,45.0,111.0,1.0,-1.2250184756272748,2.516229907902459,47.0,8.769549031863411,22.708734345076213,-28.523005942520637,-0.2468917109057955,12.192931477069283,0.0,-11.557879446135065,1.0853804266594842,0.0035896190082506806,1.0556469293342192,0.0,0.0,1.1822660552293338,0.0,0.0,0.0,0.0,0.0,nan,0.5,,,2,1,1,0.8381404280662537,-29,173,True,True,False,"A:1,B:1,ESTOP:0,MODE:1,J:0",DRIVE_RUN,,,,-1.2250184756272748,3.152507513889545,21.546436054020063,-27.46755586822617,4.0,14.897815923262767,1.0,nan,nan,0.0,0.0,1750.0,5.0,0.0,L,,,False,0,,,,-9999.0,-1.0,-1.0,False,36.96763313333334,127.873782255,121.958,2,0.00012100000000000003,36.96763313333334,127.873782255,4.0,0.11311110115051269,1.0,0.0,0.2042222023010254,0.0,1.2273294754968957,-28.523005942520637,0.0,0.0,0.0,-0.027155772837493222,0.48515463682634186,0.11626468895518173,0.8662390342565114,-0.2073276618444064,-0.014102260356114183,0.062412974051317224,-6.894074949999999,2.7654752999999994,6.6587153500000005
1789565195.145020,20.775,4.0,-28.243035118436914,4,0,764,15.63606337757511,-3.121398521461037,-20.693910727775375,1.0,45.0,111.0,1.0,-1.2234376217515983,2.516229907902459,47.0,8.769549031863411,22.611549580987525,-28.523005942520637,-0.2468917109057955,12.036257014777949,0.0,-11.557879446135065,1.0853804266594842,0.0035896190082506806,1.0556469293342192,0.0,0.0,1.1822660552293338,0.0,0.0,0.0,0.0,0.0,nan,0.5,,,2,1,1,1.281921625137329,-29,171,True,True,False,"A:1,B:1,ESTOP:0,MODE:1,J:0",DRIVE_RUN,,,,-1.2250184756272748,3.4630962962159897,21.409349021450986,-28.243035118436914,4.0,14.893535534432434,1.0,nan,nan,0.0,0.0,1506.0,4.0,0.0,L,,,False,0,,,,-9999.0,-1.0,-1.0,False,36.96763301666667,127.87378333833334,121.965,2,0.00012100000000000003,36.96763301666667,127.87378333833334,4.0,0.02948244667053223,1.0,0.0,0.03696489334106445,0.0,1.5825891512495254,-28.523005942520637,0.0,0.0,0.0,-0.02827780845184792,0.4842961398543203,0.1181830449008775,0.8664239045463382,0.013718287920675431,0.05468116546498235,0.02431243648028101,-6.923494899999999,-3.0400614999999998,7.5315072
1789565195.194957,20.824,4.0,-28.120423041877153,4,0,840,15.63606337757511,-3.121398521461037,-20.09741881413518,1.0,45.0,111.0,1.0,-1.2234376217515983,2.516229907902459,47.0,8.769549031863411,22.611549580987525,-28.523005942520637,-0.2468917109057955,0.1697543330554834,0.0,-11.557879446135065,1.0853804266594842,0.0035896190082506806,1.0556469293342192,0.0,0.0,1.1822660552293338,0.0,0.0,0.0,0.0,0.0,nan,0.5,,,1,0,1,1.281921625137329,-29,172,True,True,False,"A:1,B:1,ESTOP:0,MODE:1,J:0",DRIVE_RUN,,,,-1.2234376217515983,3.677352256292926,21.316814518677376,-28.120423041877153,4.0,14.836913368773482,1.0,nan,nan,0.0,0.0,1536.0,4.0,0.0,L,,,False,0,,,,-9999.0,-1.0,-1.0,False,36.96763301666667,127.87378333833334,121.965,2,0.00012100000000000003,36.96763301666667,127.87378333833334,4.0,0.05448218441009522,1.0,0.0,0.08696436882019043,0.0,1.5825891512495254,-28.523005942520637,0.0,0.0,0.0,-0.02929805989513777,0.4845147632396543,0.11985211718975287,0.8660384159460459,-0.10714576277993189,0.0470017167562073,0.03246312408709453,-6.3743225,2.69682875,9.973363049999998
1789565195.244884,20.874,4.0,-27.114512820299318,4,0,858,15.63606337757511,-3.121398521461037,-20.088932198336778,0.5,45.0,111.0,1.0,-1.2234376217515983,2.516229907902459,47.0,8.769549031863411,22.611549580987525,-28.523005942520637,-0.2468917109057955,6.390950976155025,0.0,-11.557879446135065,1.0853804266594842,0.0035896190082506806,1.0556469293342192,0.0,0.0,1.1822660552293338,0.0,0.0,0.0,0.0,0.0,nan,0.5,,,0,0,0,1.7680882215499878,-29,189,True,True,False,"A:1,B:1,ESTOP:0,MODE:1,J:0",DRIVE_RUN,,,,-1.2234376217515983,3.8923815787501286,21.269815187310172,-27.114512820299318,4.0,14.818782701274756,1.0,nan,nan,0.0,0.0,1425.0,3.0,0.0,L,,,False,0,,,,-9999.0,-1.0,-1.0,False,36.96763301666667,127.87378333833334,121.965,2,0.00012100000000000003,36.96763301666667,127.87378333833334,4.0,0.07947476959228515,1.0,0.0,0.1369495391845703,0.0,1.5825891512495254,-28.523005942520637,0.0,0.0,0.0,-0.03009122862934998,0.4849242343257961,0.12134370870304598,0.8655742078420005,-0.020420352248333655,-0.009843656981248018,0.04221951460574283,-7.139241199999999,1.0395048999999998,5.2171378
1789565195.294834,20.924,4.0,-26.625956517237263,4,0,857,15.63606337757511,-3.121398521461037,-19.76898116808883,0.0,45.0,111.0,1.0,-1.2234376217515983,2.516229907902459,47.0,8.769549031863411,22.611549580987525,-28.523005942520637,-0.2468917109057955,2.1782007290041996,0.0,-11.557879446135065,1.0853804266594842,0.0035896190082506806,1.0556469293342192,0.0,0.0,1.1822660552293338,0.0,0.0,0.0,0.0,0.0,nan,0.5,,,0,0,0,1.8550374507904053,-29,173,True,True,False,"A:1,B:1,ESTOP:0,MODE:1,J:0",DRIVE_RUN,,,,-1.2234376217515983,4.041451380886527,21.131711521616875,-26.625956517237263,4.0,14.779085693614222,1.0,nan,nan,0.0,0.0,1452.0,4.0,0.0,L,,,False,0,,,,-9999.0,-1.0,-1.0,False,36.967632853333335,127.87378434833333,121.94800000000001,2,0.00012100000000000003,36.967632853333335,127.87378434833333,4.0,0.011000000000000001,1.0,1.0,0.0,0.0,1.6459930983628395,-10.320427710270069,0.0,0.0,0.0,-0.030687819944496625,0.48463472148344894,0.12225540346891325,0.8655871191060824,-0.008342673824532895,0.0004014257279586958,-0.006544984694978736,-7.2471143499999995,-0.14709974999999997,9.9831697
1789565195.344791,20.974,4.0,-26.542069976040196,4,0,852,15.725894288582554,-3.1395807048797275,-19.18766589352387,0.0,45.0,111.0,1.0,-1.2279694035100055,2.516229907902459,47.0,8.769549031863411,22.520306961311608,-10.320427710270069,0.47242767289093734,0.2308464304646595,0.0,-11.557879446135065,1.0853804266594842,0.0035896190082506806,1.0556469293342192,0.0,0.0,1.1822660552293338,0.0,0.0,0.0,0.0,0.0,nan,0.5,,,0,0,0,2.7039835453033447,-29,173,True,True,False,"A:1,B:1,ESTOP:0,MODE:1,J:0",DRIVE_RUN,,,,-1.2234376217515983,4.048670485067983,21.065134901619203,-26.542069976040196,4.0,14.79544984179873,1.0,nan,nan,0.0,0.0,1437.0,4.0,0.0,L,,,False,0,,,,-9999.0,-1.0,-1.0,False,36.967632853333335,127.87378434833333,121.94800000000001,2,0.00012100000000000003,36.967632853333335,127.87378434833333,4.0,0.03166659927368164,1.0,0.0,0.04133319854736328,0.0,1.6459930983628395,-10.320427710270069,0.0,0.0,0.0,-0.03073123077899264,0.484819216480297,0.12208058935095063,0.865506931508907,0.01546361717266976,0.016266468628587154,-0.005288347633542819,-7.71783355,0.2745862,5.6780503499999995
1789565195.395012,21.025,4.0,-26.440586876775452,4,0,852,15.725894288582554,-3.1395807048797275,-19.17609166092305,0.0,46.0,111.0,1.0,-1.2279694035100055,2.516229907902459,47.0,8.769549031863411,22.520306961311608,-10.320427710270069,0.47242767289093734,-0.8683715569624645,0.0,-11.557879446135065,1.0853804266594842,0.0035896190082506806,1.0556469293342192,0.0,0.0,1.1822660552293338,0.0,0.0,0.0,0.0,0.0,nan,0.5,,,0,0,0,3.0727474689483643,-29,175,True,True,False,"A:1,B:1,ESTOP:0,MODE:1,J:0",DRIVE_RUN,,,,-1.2279694035100055,4.037226146965215,20.984592759345595,-26.440586876775452,4.0,14.903929900797836,1.0,nan,nan,0.0,0.0,1437.0,4.0,0.0,L,,,False,0,,,,-9999.0,-1.0,-1.0,False,36.967632853333335,127.87378434833333,121.94800000000001,2,0.00012100000000000003,36.967632853333335,127.87378434833333,4.0,0.05667849636077881,1.0,0.0,0.09135699272155762,0.0,1.6459930983628395,-10.320427710270069,0.0,0.0,0.0,-0.030368750572830262,0.4845824851422438,0.12214529067319684,0.8656431609204641,0.010786134777324957,0.013194689145077132,-0.0030019663134302466,-7.1588544999999995,1.1179581,6.0605097
1789565195.444910,21.074,4.0,-26.493167484804907,4,0,852,15.725894288582554,-3.1395807048797275,-19.219556159336605,0.0,46.0,111.0,1.0,-1.2279694035100055,2.516229907902459,47.0,8.769549031863411,22.520306961311608,-10.320427710270069,0.47242767289093734,-0.5792207564197359,0.0,-11.557879446135065,1.0853804266594842,0.0035896190082506806,1.0556469293342192,0.0,0.0,1.1822660552293338,0.0,0.0,0.0,0.0,0.0,nan,0.5,,,0,0,0,3.0727474689483643,-29,172,True,True,False,"A:1,B:1,ESTOP:0,MODE:1,J:0",DRIVE_RUN,,,,-1.2279694035100055,4.042497399329306,21.026323400638816,-26.493167484804907,4.0,14.919101159050134,1.0,nan,nan,0.0,0.0,1398.0,4.0,0.0,L,,,False,0,,,,-9999.0,-1.0,-1.0,False,36.967632853333335,127.87378434833333,121.94800000000001,2,0.00012100000000000003,36.967632853333335,127.87378434833333,4.0,0.08168002223968505,1.0,0.0,0.14136004447937012,0.0,1.6459930983628395,-10.320427710270069,0.0,0.0,0.0,-0.030555593033868525,0.4853355795845054,0.12209145156387455,0.8652221728427602,-0.00013962634015954637,0.04412192349041665,-0.006108652381980153,-8.9044382,0.53936575,4.5306723
1789565195.494976,21.124,4.0,-26.515492882302883,4,0,852,15.725894288582554,-3.1395807048797275,-19.248616737467785,0.0,46.0,111.0,1.0,-1.2279694035100055,2.516229907902459,47.0,8.769549031863411,22.520306961311608,-10.320427710270069,0.47242767289093734,-0.029263303201236598,0.0,-11.557879446135065,1.0853804266594842,0.0035896190082506806,1.0556469293342192,0.0,0.0,1.1822660552293338,0.0,0.0,0.0,0.0,0.0,nan,0.5,,,2,1,1,2.9374003410339355,-29,190,True,True,False,"A:1,B:1,ESTOP:0,MODE:1,J:0",DRIVE_RUN,,,,-1.2279694035100055,4.032796665273357,21.044041970081654,-26.515492882302883,4.0,14.882576394335377,1.0,nan,nan,0.0,0.0,1329.0,3.0,0.0,L,,,False,0,,,,-9999.0,-1.0,-1.0,False,36.96763287666667,127.87378451,121.953,2,0.00012100000000000003,36.96763287666667,127.87378451,4.0,0.011000000000000001,1.0,1.0,0.0,0.0,0.9632666968493299,-10.320427710270069,0.0,0.0,0.0,-0.030613988210945235,0.4855772123428523,0.12199854101878305,0.8650976306570566,0.011431906600562858,-0.01579522973054868,-0.007243116395776467,-9.44380395,0.784532,4.5502856
1789565195.544911,21.174,4.0,-27.832222537205716,4,0,849,15.740273163511928,-3.1369832498796364,-19.250072708032917,1.0,46.0,111.0,1.0,-1.2232490285900866,2.516229907902459,47.0,8.769549031863411,22.506279483903363,-10.320427710270069,0.47242767289093734,-0.8174790958415772,0.0,-11.557879446135065,1.0853804266594842,0.0035896190082506806,1.0556469293342192,0.0,0.0,1.1822660552293338,0.0,0.0,0.0,0.0,0.0,nan,0.5,,,2,1,1,2.7491672039031982,-29,174,True,True,False,"A:1,B:1,ESTOP:0,MODE:1,J:0",DRIVE_RUN,,,,-1.2279694035100055,4.038634636301944,21.099289079278428,-27.832222537205716,4.0,14.90598879967803,1.0,nan,nan,0.0,0.0,2001.0,6.0,0.0,L,,,False,0,,,,-9999.0,-1.0,-1.0,False,36.96763287666667,127.87378451,121.953,2,0.00012100000000000003,36.9676328148621,127.87378493204815,4.0,0.032585345268249515,1.0,0.0,0.04317069053649902,0.038162890434265136,0.9632666968493299,-10.320427710270069,0.0,0.0,0.0,-0.03050636936592386,0.48525139306894094,0.12198324908719996,0.8652863883679739,-0.010768681484805013,-0.017994344588061536,0.006981317007977318,-7.9237732,0.55897905,5.08965135
1789565195.594980,21.224,4.0,-27.70898387454566,4,0,861,15.777810758591226,-3.1438633031797436,-19.290844105285004,1.0,46.0,111.0,1.0,-1.2244330809686252,2.516229907902459,47.0,8.769549031863411,22.46822748744626,-10.320427710270069,0.47242767289093734,0.6822422535510281,0.0,-11.557879446135065,1.0853804266594842,0.0035896190082506806,1.0556469293342192,0.0,0.0,1.1822660552293338,0.0,0.0,0.0,0.0,0.0,nan,0.5,,,0,0,0,2.8507864475250244,-28,173,True,True,False,"A:1,B:1,ESTOP:0,MODE:1,J:0",DRIVE_RUN,,,,-1.2232490285900866,4.043757759673067,21.006262543744413,-27.70898387454566,4.0,14.80831759632961,1.0,nan,nan,0.0,0.0,1995.0,6.0,0.0,L,,,False,0,,,,-9999.0,-1.0,-1.0,False,36.96763287666667,127.87378451,121.953,2,0.00012100000000000003,36.967632743258655,127.87378542106076,4.0,0.05759545421600342,1.0,0.0,0.09319090843200684,0.0823807630504797,0.9632666968493299,-10.320427710270069,0.0,0.0,0.0,-0.030475738551645398,0.48493802816810655,0.12200996296170605,0.8654593619195783,0.0051836278784231585,-0.0016580627893946131,0.0018500490071139892,-7.972806449999999,0.38245935,5.2759777
1789565195.645167,21.275,4.0,-26.45517477429588,4,0,849,15.821304271770082,-3.1518341622107386,-19.25672551877014,0.0,46.0,111.0,1.0,-1.2258041899743461,2.516229907902459,47.0,8.769549031863411,22.42413851239661,-10.320427710270069,0.47242767289093734,-0.2068407525702703,0.0,-11.557879446135065,1.0853804266594842,0.0035896190082506806,1.0556469293342192,0.0,0.0,1.1822660552293338,0.0,0.0,0.0,0.0,0.0,nan,0.5,,,0,0,0,2.8392093181610107,-28,173,True,True,False,"A:1,B:1,ESTOP:0,MODE:1,J:0",DRIVE_RUN,,,,-1.2244330809686252,4.0391676635152995,20.99617045579038,-26.45517477429588,4.0,14.809869204668017,1.0,nan,nan,0.0,0.0,1585.0,5.0,0.0,L,,,False,0,,,,-9999.0,-1.0,-1.0,False,36.96763287666667,127.87378451,121.953,2,0.00012100000000000003,36.967632743258655,127.87378542106076,4.0,0.08259233093261718,1.0,0.0,0.14318466186523438,0.0823807630504797,0.9632666968493299,-10.320427710270069,0.0,0.0,0.0,-0.0305432949531562,0.4847328454868609,0.12192142200174731,0.865584393630504,0.006684611035138282,0.005253441048502932,0.00301941960595019,-8.52197885,0.6276256,5.16810455
1789565195.694909,21.324,4.0,-26.519161965852376,4,0,922,15.821304271770082,-3.1518341622107386,-19.26704136044151,0.0,46.0,111.0,1.0,-1.2258041899743461,2.516229907902459,47.0,8.769549031863411,22.42413851239661,-10.320427710270069,0.47242767289093734,-0.2270618435201086,0.0,-11.557879446135065,1.0853804266594842,0.0035896190082506806,1.0556469293342192,0.0,0.0,1.1822660552293338,0.0,0.0,0.0,0.0,0.0,nan,0.5,,,0,0,0,2.8392093181610107,-28,173,True,True,False,"A:1,B:1,ESTOP:0,MODE:1,J:0",DRIVE_RUN,,,,-1.2258041899743461,4.048659879562747,21.04695394115268,-26.519161965852376,4.0,14.853288219167931,1.0,nan,nan,0.0,0.0,1459.0,4.0,0.0,L,,,False,0,,,,-9999.0,-1.0,-1.0,False,36.9676329,127.87378451666666,121.953,2,0.00012100000000000003,36.9676329,127.87378451666666,4.0,0.011000000000000001,1.0,1.0,0.0,0.0,0.14542376401621535,-10.320427710270069,0.0,0.0,0.0,-0.030528292112125245,0.4849985540592339,0.1218787476638815,0.8654420817183858,0.0045029494701453706,-0.0045029494701453706,-0.0059515727493006645,-8.89463155,0.63743225,4.75622525
1789565195.744900,21.374,4.0,-26.54882682898796,4,0,849,15.740866106873137,-3.1343857956705183,-19.27840608097921,0.0,46.0,111.0,1.0,-1.2205920849489658,2.516229907902459,47.0,8.769549031863411,22.50596241749858,-10.320427710270069,0.47242767289093734,-0.4006547156237184,0.0,-11.557879446135065,1.0853804266594842,0.0035896190082506806,1.0556469293342192,0.0,0.0,1.1822660552293338,0.0,0.0,0.0,0.0,0.0,nan,0.5,,,0,0,0,2.787451982498169,-28,172,True,True,False,"A:1,B:1,ESTOP:0,MODE:1,J:0",DRIVE_RUN,,,,-1.2258041899743461,4.0444801932265415,21.070497483323777,-26.54882682898796,4.0,14.852988728064505,1.0,nan,nan,0.0,0.0,1459.0,4.0,0.0,L,,,False,0,,,,-9999.0,-1.0,-1.0,False,36.9676329,127.87378451666666,121.953,2,0.00012100000000000003,36.9676329,127.87378451666666,4.0,0.03554185485839844,1.0,0.0,0.049083709716796875,0.0,0.14542376401621535,-10.320427710270069,0.0,0.0,0.0,-0.03047721105606583,0.4847882649530831,0.12187196678653198,0.8655626502348664,0.004468042885105484,-0.004886921905584123,-0.004537856055185257,-8.129712849999999,0.6962721499999999,5.3936575
1789565195.795009,21.425,4.0,-26.501143264401847,4,0,847,15.740866106873137,-3.1343857956705183,-19.298434881191042,0.0,46.0,111.0,1.0,-1.2205920849489658,2.516229907902459,47.0,8.769549031863411,22.50596241749858,-10.320427710270069,0.47242767289093734,-0.35944326764057427,0.0,-11.557879446135065,1.0853804266594842,0.0035896190082506806,1.0556469293342192,0.0,0.0,1.1822660552293338,0.0,0.0,0.0,0.0,0.0,nan,0.5,,,0,0,0,2.787451982498169,-28,182,True,True,False,"A:1,B:1,ESTOP:0,MODE:1,J:0",DRIVE_RUN,,,,-1.2205920849489658,4.036957744224968,21.03265338444591,-26.501143264401847,4.0,14.749803475931902,1.0,nan,nan,0.0,0.0,1515.0,4.0,0.0,L,,,False,0,,,,-9999.0,-1.0,-1.0,False,36.9676329,127.87378451666666,121.953,2,0.00012100000000000003,36.9676329,127.87378451666666,4.0,0.060516439437866214,1.0,0.0,0.09903287887573242,0.0,0.14542376401621535,-10.320427710270069,0.0,0.0,0.0,-0.030479360594065412,0.4846088820358214,0.12188456930153163,0.8656612454048918,-0.005497787143782138,0.0031066860685499066,-0.0020594885173533086,-8.129712849999999,0.57859235,5.1582979
1789565195.844781,21.474,4.0,-26.44059196494051,4,0,847,15.740866106873137,-3.1343857956705183,-19.316461702727594,0.0,46.0,111.0,1.0,-1.2205920849489658,2.516229907902459,47.0,8.769549031863411,22.50596241749858,-10.320427710270069,0.47242767289093734,0.23027423852992498,0.0,-11.557879446135065,1.0853804266594842,0.0035896190082506806,1.0556469293342192,0.0,0.0,1.1822660552293338,0.0,0.0,0.0,0.0,0.0,nan,0.5,,,0,0,0,2.8111796379089355,-28,178,True,True,False,"A:1,B:1,ESTOP:0,MODE:1,J:0",DRIVE_RUN,,,,-1.2205920849489658,4.043934757063906,20.984596797571832,-26.44059196494051,4.0,14.756693591077182,1.0,nan,nan,0.0,0.0,1515.0,4.0,0.0,L,,,False,0,,,,-9999.0,-1.0,-1.0,False,36.9676329,127.87378451666666,121.953,2,0.00012100000000000003,36.9676329,127.87378451666666,4.0,0.08551295852661132,1.0,0.0,0.14902591705322266,0.0,0.14542376401621535,-10.320427710270069,0.0,0.0,0.0,-0.03053706444424538,0.484704084758995,0.1218204486885551,0.8656149352884295,0.0027925268031909274,0.003996803987067015,-0.0033335788713091696,-8.54159215,0.5295591,4.85429175
1789565195.894963,21.524,4.0,-26.366520151976147,4,0,847,15.740866106873137,-3.1343857956705183,-19.30495848799788,0.0,46.0,111.0,1.0,-1.2205920849489658,2.516229907902459,47.0,8.769549031863411,22.50596241749858,-10.320427710270069,0.47242767289093734,-0.2151062473004414,0.0,-11.557879446135065,1.0853804266594842,0.0035896190082506806,1.0556469293342192,0.0,0.0,1.1822660552293338,0.0,0.0,0.0,0.0,0.0,nan,0.5,,,0,0,0,2.757678985595703,-28,173,True,True,False,"A:1,B:1,ESTOP:0,MODE:1,J:0",DRIVE_RUN,,,,-1.2205920849489658,4.037173152647257,20.925809644425513,-26.366520151976147,4.0,14.741765170132473,1.0,nan,nan,0.0,0.0,1464.0,4.0,0.0,L,,,False,0,,,,-9999.0,-1.0,-1.0,False,36.967632886666664,127.87378450666667,121.957,2,0.00012100000000000003,36.967632886666664,127.87378450666667,4.0,0.011000000000000001,1.0,1.0,0.0,0.0,0.010527449477590779,-10.320427710270069,0.0,0.0,0.0,-0.03050751241689064,0.4848642530328833,0.12179874141311146,0.8655293261393164,-6.981317007977319e-05,0.005393067388662479,-0.0014311699866353504,-8.63965865,0.6668522,5.22694445
1789565195.945004,21.574,4.0,-26.331570386039044,4,0,866,15.739976692463292,-3.13587005567057,-19.315734150380194,0.0,46.0,111.0,1.0,-1.2221927492545097,2.516229907902459,47.0,8.769549031863411,22.506691109749408,-10.320427710270069,0.47242767289093734,-0.014681366568293065,0.0,-11.557879446135065,1.0853804266594842,0.0035896190082506806,1.0556469293342192,0.0,0.0,1.1822660552293338,0.0,0.0,0.0,0.0,0.0,nan,0.5,,,1,1,0,2.7430927753448486,-28,172,True,True,False,"A:1,B:1,ESTOP:0,MODE:1,J:0",DRIVE_RUN,,,,-1.2205920849489658,4.0309634140237645,20.89807173495162,-26.331570386039044,4.0,14.750911107572074,1.0,nan,nan,0.0,0.0,1500.0,4.0,0.0,L,,,False,0,,,,-9999.0,-1.0,-1.0,False,36.967632886666664,127.87378450666667,121.957,2,0.00012100000000000003,36.967632886666664,127.87378450666667,4.0,0.03561636066436768,1.0,0.0,0.04923272132873535,0.0,0.010527449477590779,-10.320427710270069,0.0,0.0,0.0,-0.030429902703053714,0.4848093057992841,0.12182576821562124,0.8655590333596969,-0.0037524578917878084,0.010122909661567111,0.0005061454830783556,-8.26700595,0.7453053999999999,5.2171378
1789565195.995004,21.624,4.0,-26.831295459860794,4,0,847,15.739976692463292,-3.13587005567057,-19.316467605454193,0.5,46.0,111.0,1.0,-1.2221927492545097,2.516229907902459,47.0,8.769549031863411,22.506691109749408,-10.320427710270069,0.47242767289093734,0.23717003279797286,0.0,-11.557879446135065,1.0853804266594842,0.0035896190082506806,1.0556469293342192,0.0,0.0,1.1822660552293338,0.0,0.0,0.0,0.0,0.0,nan,0.5,,,1,1,0,2.725154161453247,-28,182,True,True,False,"A:1,B:1,ESTOP:0,MODE:1,J:0",DRIVE_RUN,,,,-1.2221927492545097,4.031296548537939,21.0478954724741,-26.831295459860794,4.0,14.790959296397187,1.0,nan,nan,0.0,0.0,1543.0,4.0,0.0,L,,,False,0,,,,-9999.0,-1.0,-1.0,False,36.967632886666664,127.87378450666667,121.957,2,0.00012100000000000003,36.96763285079205,127.87378475108034,4.0,0.060618959426879886,1.0,0.0,0.09923791885375977,0.022102297306060795,0.010527449477590779,-10.320427710270069,0.0,0.0,0.0,-0.030420175792912375,0.48469176531220887,0.12179439977606255,0.8656296146311374,0.004572762640225144,0.0044156830075456534,-0.008447393579652554,-8.208166049999999,0.6668522,4.873905049999999
1789565196.044750,21.674,4.0,-26.834369443987395,4,0,847,15.761715210094449,-3.139863599378027,-19.30440532426846,0.5,46.0,111.0,1.0,-1.2228875597218394,2.516229907902459,47.0,8.769549031863411,22.484653602988477,-10.320427710270069,0.47242767289093734,-0.446375900082649,0.0,-11.557879446135065,1.0853804266594842,0.0035896190082506806,1.0556469293342192,0.0,0.0,1.1822660552293338,0.0,0.0,0.0,0.0,0.0,nan,0.5,,,1,1,0,2.725154161453247,-28,173,True,True,False,"A:1,B:1,ESTOP:0,MODE:1,J:0",DRIVE_RUN,,,,-1.2221927492545097,4.0292218775853925,21.050304189589855,-26.834369443987395,4.0,14.781069710815355,1.0,nan,nan,0.0,0.0,1527.0,4.0,0.0,L,,,False,0,,,,-9999.0,-1.0,-1.0,False,36.967632886666664,127.87378450666667,121.957,2,0.00012100000000000003,36.96763281488655,127.87378499543149,4.0,0.08561607456207275,1.0,0.0,0.1492321491241455,0.04419974686786301,0.010527449477590779,-10.320427710270069,0.0,0.0,0.0,-0.030458415452499207,0.4848144022633843,0.12173909976986275,0.8655673699218008,-0.0024609142453120045,-0.001780235837034216,0.0028623399732707008,-8.404299049999999,0.4707192,5.3936575
1789565196.094867,21.724,4.0,-26.92974018405643,4,0,847,15.783448167676905,-3.1438605814431813,-19.326301061364063,0.5,46.0,111.0,1.0,-1.2235866020226613,2.516229907902459,47.0,8.769549031863411,22.462621392677782,-10.320427710270069,0.47242767289093734,0.2037645181544374,0.0,-11.557879446135065,1.0853804266594842,0.0035896190082506806,1.0556469293342192,0.0,0.0,1.1822660552293338,0.0,0.0,0.0,0.0,0.0,nan,0.5,,,0,0,0,2.7756471633911133,-28,176,True,True,False,"A:1,B:1,ESTOP:0,MODE:1,J:0",DRIVE_RUN,,,,-1.2228875597218394,4.026477040550181,21.125034445789804,-26.92974018405643,4.0,14.786234454398485,1.0,nan,nan,0.0,0.0,1516.0,4.0,0.0,L,,,False,0,,,,-9999.0,-1.0,-1.0,False,36.967632886666664,127.87378450666667,121.957,2,0.00012100000000000003,36.967632778955675,127.87378523976355,4.0,0.11061187839508056,1.0,0.0,0.19922375679016113,0.06629603703592919,0.010527449477590779,-10.320427710270069,0.0,0.0,0.0,-0.03039195369928189,0.4849356220504388,0.12174020938249493,0.8655016424227057,0.0027401669256310974,-0.0061959188445798695,0.0005585053606381855,-8.36507245,0.67665885,5.22694445
1789565196.144868,21.774,4.0,-26.6035402273619,4,0,847,15.738197862379668,-3.1369832498796364,-19.31613475531495,0.0,46.0,111.0,1.0,-1.2235596524768397,2.516229907902459,47.0,8.769549031863411,22.508343338066037,-10.320427710270069,0.47242767289093734,-0.13325013324177634,0.0,-11.557879446135065,1.0853804266594842,0.0035896190082506806,1.0556469293342192,0.0,0.0,1.1822660552293338,0.0,0.0,0.0,0.0,0.0,nan,0.5,,,0,0,0,2.7756471633911133,-28,367,True,True,False,"A:1,B:1,ESTOP:0,MODE:1,J:0",DRIVE_RUN,,,,-1.2235866020226613,4.023765340423756,21.113920815366587,-26.6035402273619,4.0,14.80697509700231,1.0,nan,nan,0.0,0.0,1593.0,5.0,0.0,L,,,False,0,,,,-9999.0,-1.0,-1.0,False,36.96763287666667,127.87378448666666,121.958,2,0.00012100000000000003,36.96763287666667,127.87378448666666,4.0,0.02785750484466553,1.0,0.0,0.033715009689331055,0.0,0.03227743327457812,-10.320427710270069,0.0,0.0,0.0,-0.030341470874049155,0.4851855446339556,0.12172003894791428,0.8653661736756119,-0.0012740903539558606,0.006126105674500096,-0.0046251225177849735,-8.38468575,0.6472389,4.903325
1789565196.194914,21.824,4.0,-26.689653299080533,4,0,846,15.738197862379668,-3.1369832498796364,-19.322834679867327,0.0,46.0,111.0,1.0,-1.2235596524768397,2.516229907902459,47.0,8.769549031863411,22.508343338066037,-10.320427710270069,0.47242767289093734,-0.04235604533204734,0.0,-11.557879446135065,1.0853804266594842,0.0035896190082506806,1.0556469293342192,0.0,0.0,1.1822660552293338,0.0,0.0,0.0,0.0,0.0,nan,0.5,,,0,0,0,2.7382586002349854,-28,286,True,True,False,"A:1,B:1,ESTOP:0,MODE:1,J:0",DRIVE_RUN,,,,-1.2235596524768397,4.023130253064512,21.182264523079787,-26.689653299080533,4.0,14.799846021944571,1.0,nan,nan,0.0,0.0,1728.0,6.0,0.0,L,,,False,0,,,,-9999.0,-1.0,-1.0,False,36.96763287666667,127.87378448666666,121.958,2,0.00012100000000000003,36.96763287666667,127.87378448666666,4.0,0.05290623760223389,1.0,0.0,0.08381247520446777,0.0,0.03227743327457812,-10.320427710270069,0.0,0.0,0.0,-0.030350417277313267,0.4851732973062212,0.12167535344073707,0.8653790106751919,-0.004118977034706617,-0.006928957130417489,-0.003961897402027128,-8.2768126,0.6276256,5.2171378
1789565196.244973,21.874,4.0,-26.63605712343063,4,0,850,15.738197862379668,-3.1369832498796364,-19.324951631842907,0.0,46.0,111.0,1.0,-1.2235596524768397,2.516229907902459,47.0,8.769549031863411,22.508343338066037,-10.320427710270069,0.47242767289093734,0.078125223932149,0.0,-11.557879446135065,1.0853804266594842,0.0035896190082506806,1.0556469293342192,0.0,0.0,1.1822660552293338,0.0,0.0,0.0,0.0,0.0,nan,0.5,,,1,1,0,2.757227659225464,-28,173,True,True,False,"A:1,B:1,ESTOP:0,MODE:1,J:0",DRIVE_RUN,,,,-1.2235596524768397,4.031123999950328,21.139727875738593,-26.63605712343063,4.0,14.811685755477546,1.0,nan,nan,0.0,0.0,1660.0,5.0,0.0,L,,,False,0,,,,-9999.0,-1.0,-1.0,False,36.96763287666667,127.87378448666666,121.958,2,0.00012100000000000003,36.96763287666667,127.87378448666666,4.0,0.07785662269592285,1.0,0.0,0.1337132453918457,0.0,0.03227743327457812,-10.320427710270069,0.0,0.0,0.0,-0.030372559350797093,0.48518290842641687,0.12164218887946382,0.8653775077351955,0.0010821041362364843,-0.00153588974175501,-0.004014257279586958,-8.414105699999999,0.5295591,5.22694445
1789565196.294849,21.924,4.0,-26.69931195897826,4,0,899,15.738197862379668,-3.1369832498796364,-19.32105560032278,0.0,46.0,111.0,1.0,-1.2235596524768397,2.516229907902459,47.0,8.769549031863411,22.508343338066037,-10.320427710270069,0.47242767289093734,-0.1654529517858927,0.0,-11.557879446135065,1.0853804266594842,0.0035896190082506806,1.0556469293342192,0.0,0.0,1.1822660552293338,0.0,0.0,0.0,0.0,0.0,nan,0.5,,,0,0,0,2.7717928886413574,-28,184,True,True,False,"A:1,B:1,ESTOP:0,MODE:1,J:0",DRIVE_RUN,,,,-1.2235596524768397,4.030107393672718,21.189930126173223,-26.69931195897826,4.0,14.829960000515792,1.0,nan,nan,0.0,0.0,1526.0,4.0,0.0,L,,,False,0,,,,-9999.0,-1.0,-1.0,False,36.96763289166667,127.87378450666667,121.95599999999999,2,0.00012100000000000003,36.96763289166667,127.87378450666667,4.0,0.011000000000000001,1.0,1.0,0.0,0.0,0.004930010585967675,-10.320427710270069,0.0,0.0,0.0,-0.030473695688699294,0.4853154309997207,0.12154868309713915,0.8653127780993293,-0.004049163864626845,-0.006440264939859076,-1.7453292519943296e-05,-8.38468575,0.6276256,4.97197155
1789565196.344860,21.974,4.0,-26.754509542686655,4,0,847,15.739976692463292,-3.1353134577750645,-19.329347253504466,0.0,46.0,111.0,1.0,-1.2216424214247155,2.516229907902459,47.0,8.769549031863411,22.506749525354667,-10.320427710270069,0.47242767289093734,0.18747456986342054,0.0,-11.557879446135065,1.0853804266594842,0.0035896190082506806,1.0556469293342192,0.0,0.0,1.1822660552293338,0.0,0.0,0.0,0.0,0.0,nan,0.5,,,0,0,0,2.746232032775879,-28,219,True,True,False,"A:1,B:1,ESTOP:0,MODE:1,J:0",DRIVE_RUN,,,,-1.2235596524768397,4.023639050769863,21.233737732290997,-26.754509542686655,4.0,14.803161463051284,1.0,nan,nan,0.0,0.0,1539.0,4.0,0.0,L,,,False,0,,,,-9999.0,-1.0,-1.0,False,36.96763289166667,127.87378450666667,121.95599999999999,2,0.00012100000000000003,36.96763289166667,127.87378450666667,4.0,0.03239139175415039,1.0,0.0,0.04278278350830078,0.0,0.004930010585967675,-10.320427710270069,0.0,0.0,0.0,-0.03045842323533271,0.4853332698974332,0.12154114530071584,0.865304369331204,-0.0014486232791552935,-0.001832595714594046,-0.006544984694978736,-8.38468575,0.5982056499999999,5.16810455
1789565196.395019,22.025,4.0,-26.69519436668719,4,0,847,15.739976692463292,-3.1353134577750645,-19.31998712196662,0.0,46.0,111.0,1.0,-1.2216424214247155,2.516229907902459,47.0,8.769549031863411,22.506749525354667,-10.320427710270069,0.47242767289093734,-0.11203541920352364,0.0,-11.557879446135065,1.0853804266594842,0.0035896190082506806,1.0556469293342192,0.0,0.0,1.1822660552293338,0.0,0.0,0.0,0.0,0.0,nan,0.5,,,0,0,0,2.75710129737854,-28,173,True,True,False,"A:1,B:1,ESTOP:0,MODE:1,J:0",DRIVE_RUN,,,,-1.2216424214247155,4.023535658514598,21.186662195783484,-26.69519436668719,4.0,14.767279393903983,1.0,nan,nan,0.0,0.0,1537.0,4.0,0.0,L,,,False,0,,,,-9999.0,-1.0,-1.0,False,36.96763289166667,127.87378450666667,121.95599999999999,2,0.00012100000000000003,36.96763289166667,127.87378450666667,4.0,0.05739267921447754,1.0,0.0,0.09278535842895508,0.0,0.004930010585967675,-10.320427710270069,0.0,0.0,0.0,-0.03048434086575809,0.4853647521221301,0.12149356078154691,0.8652924806376304,-0.0012740903539558606,0.009704030641088473,0.0033684854563490563,-8.34545915,0.63743225,5.16810455
1789565196.444792,22.074,4.0,-26.530484550337533,4,0,847,15.739976692463292,-3.1353134577750645,-19.325581435124718,0.0,46.0,111.0,1.0,-1.2216424214247155,2.516229907902459,47.0,8.769549031863411,22.506749525354667,-10.320427710270069,0.47242767289093734,0.1938706497017131,0.0,-11.557879446135065,1.0853804266594842,0.0035896190082506806,1.0556469293342192,0.0,0.0,1.1822660552293338,0.0,0.0,0.0,0.0,0.0,nan,0.5,,,0,0,0,2.75710129737854,-28,173,True,True,False,"A:1,B:1,ESTOP:0,MODE:1,J:0",DRIVE_RUN,,,,-1.2216424214247155,4.018432903779256,21.0559401193155,-26.530484550337533,4.0,14.7478045955559,1.0,nan,nan,0.0,0.0,1537.0,4.0,0.0,L,,,False,0,,,,-9999.0,-1.0,-1.0,False,36.96763289166667,127.87378450666667,121.95599999999999,2,0.00012100000000000003,36.96763289166667,127.87378450666667,4.0,0.08241506671905517,1.0,0.0,0.14283013343811035,0.0,0.004930010585967675,-10.320427710270069,0.0,0.0,0.0,-0.030468870082545556,0.48546810290602793,0.12147862502341207,0.8652371424523664,-0.005061454830783556,0.00027925268031909274,-0.009983283321407565,-8.36507245,0.7158854499999999,5.0798447
1789565196.494939,22.124,4.0,-26.372198873802837,4,0,847,15.739976692463292,-3.1353134577750645,-19.315873814062826,0.0,46.0,111.0,1.0,-1.2216424214247155,2.516229907902459,47.0,8.769549031863411,22.506749525354667,-10.320427710270069,0.47242767289093734,-0.023273333210415456,0.0,-11.557879446135065,1.0853804266594842,0.0035896190082506806,1.0556469293342192,0.0,0.0,1.1822660552293338,0.0,0.0,0.0,0.0,0.0,nan,0.5,,,0,0,0,2.7716615200042725,-28,172,True,True,False,"A:1,B:1,ESTOP:0,MODE:1,J:0",DRIVE_RUN,,,,-1.2216424214247155,4.017259324533857,20.93031656651019,-26.372198873802837,4.0,14.77096392251453,1.0,nan,nan,0.0,0.0,1540.0,4.0,0.0,L,,,False,0,,,,-9999.0,-1.0,-1.0,False,36.96763291,127.87378449833334,121.957,2,0.00012100000000000003,36.96763291,127.87378449833334,4.0,0.011000000000000001,1.0,1.0,0.0,0.0,0.035524958761432975,-10.320427710270069,0.0,0.0,0.0,-0.030443050173847054,0.4855261553623799,0.12145996203622507,0.8652080968052123,-0.0016231562043547264,0.010192722831646885,-0.006806784082777886,-8.482752249999999,0.5687857,5.36423755
1789565196.544847,22.174,4.0,-26.359685330191528,4,0,847,15.739235513577768,-3.133272600670479,-19.317033723079362,0.0,46.0,111.0,1.0,-1.2197354916291803,2.516229907902459,47.0,8.769549031863411,22.507700909973213,-10.320427710270069,0.47242767289093734,-0.07440794988910596,0.0,-11.557879446135065,1.0853804266594842,0.0035896190082506806,1.0556469293342192,0.0,0.0,1.1822660552293338,0.0,0.0,0.0,0.0,0.0,nan,0.5,,,0,0,0,2.7716615200042725,-28,186,True,True,False,"A:1,B:1,ESTOP:0,MODE:1,J:0",DRIVE_RUN,,,,-1.2216424214247155,4.012923523274994,20.92038518269169,-26.359685330191528,4.0,14.757282685085748,1.0,nan,nan,0.0,0.0,1603.0,5.0,0.0,L,,,False,0,,,,-9999.0,-1.0,-1.0,False,36.96763291,127.87378449833334,121.957,2,0.00012100000000000003,36.96763291,127.87378449833334,4.0,0.03262790298461914,1.0,0.0,0.04325580596923828,0.0,0.035524958761432975,-10.320427710270069,0.0,0.0,0.0,-0.03041425495416343,0.4855535700189773,0.12144274955991259,0.865196140951136,-0.008045967851693859,-0.003490658503988659,0.0011693705988362008,-8.3356525,0.6472389,5.0210048
1789565196.594788,22.224,4.0,-26.48489182908757,4,0,847,15.739235513577768,-3.133272600670479,-19.32075457827196,0.0,46.0,111.0,1.0,-1.2197354916291803,2.516229907902459,47.0,8.769549031863411,22.507700909973213,-10.320427710270069,0.47242767289093734,0.42800832700511193,0.0,-11.557879446135065,1.0853804266594842,0.0035896190082506806,1.0556469293342192,0.0,0.0,1.1822660552293338,0.0,0.0,0.0,0.0,0.0,nan,0.5,,,0,0,0,2.7902581691741943,-28,172,True,True,False,"A:1,B:1,ESTOP:0,MODE:1,J:0",DRIVE_RUN,,,,-1.2197354916291803,4.009366644876918,21.01975541991077,-26.48489182908757,4.0,14.72943786979099,1.0,nan,nan,0.0,0.0,1593.0,5.0,0.0,L,,,False,0,,,,-9999.0,-1.0,-1.0,False,36.96763291,127.87378449833334,121.957,2,0.00012100000000000003,36.96763291,127.87378449833334,4.0,0.05759402370452881,1.0,0.0,0.09318804740905762,0.0,0.035524958761432975,-10.320427710270069,0.0,0.0,0.0,-0.03038372207071132,0.48558923813527805,0.12142765421204917,0.8651793143810644,0.003141592653589793,0.0049741883681838385,-0.005253441048502932,-8.42391235,0.50013915,5.3348176
1789565196.644883,22.274,4.0,-26.44238073896824,4,0,846,15.739235513577768,-3.133272600670479,-19.29941081738187,0.0,46.0,111.0,1.0,-1.2197354916291803,2.516229907902459,47.0,8.769549031863411,22.507700909973213,-10.320427710270069,0.47242767289093734,-0.28378606902086306,0.0,-11.557879446135065,1.0853804266594842,0.0035896190082506806,1.0556469293342192,0.0,0.0,1.1822660552293338,0.0,0.0,0.0,0.0,0.0,nan,0.5,,,0,0,0,2.7902581691741943,-28,180,True,True,False,"A:1,B:1,ESTOP:0,MODE:1,J:0",DRIVE_RUN,,,,-1.2197354916291803,4.011179846665091,20.986016459498604,-26.44238073896824,4.0,14.741427743874857,1.0,nan,nan,0.0,0.0,1593.0,5.0,0.0,L,,,False,0,,,,-9999.0,-1.0,-1.0,False,36.96763291,127.87378449833334,121.957,2,0.00012100000000000003,36.96763291,127.87378449833334,4.0,0.0826017484664917,1.0,0.0,0.1432034969329834,0.0,0.035524958761432975,-10.320427710270069,0.0,0.0,0.0,-0.030385666197910687,0.4856100304860828,0.12139148804820056,0.8651726510994546,-0.0017453292519943296,-0.003560471674068432,-0.0015009831567151233,-8.3552658,0.6962721499999999,5.3348176
1789565196.694799,22.324,0.0,0.0,4,2,846,15.739235513577768,-3.133272600670479,-19.313660527566043,0.0,46.0,111.0,1.0,-1.2197354916291803,2.516229907902459,47.0,8.769549031863411,22.507700909973213,-10.320427710270069,0.47242767289093734,0.03935215886496326,0.0,-11.557879446135065,1.0853804266594842,0.0035896190082506806,1.0556469293342192,0.0,0.0,1.1822660552293338,0.0,0.0,0.0,0.0,0.0,nan,0.5,,,0,0,0,0.0,-28,180,True,True,False,"A:1,B:1,ESTOP:0,MODE:1,J:0",DRIVE_RUN,,,,-1.2197354916291803,4.018096551089984,20.960709732150313,-26.410494262509395,4.0,14.734539295414105,1.0,nan,nan,0.0,0.0,1534.0,4.0,0.0,0,STOP,🛑 정지 명령 — 리니어 2단 체결,False,0,,,,-9999.0,-1.0,-1.0,False,36.967632898333335,127.87378451,121.95599999999999,2,0.00012100000000000003,36.967632898333335,127.87378451,4.0,0.011000000000000001,1.0,1.0,0.0,0.0,0.007417835627805149,-10.320427710270069,0.0,0.0,0.0,-0.030385334466946898,0.48564145834537786,0.1213933410218552,0.8651547619594184,8.726646259971648e-05,0.0014311699866353504,0.004049163864626845,-8.3552658,0.65704555,4.962164899999999
1789565196.744992,22.374,0.0,0.0,0,2,846,15.740273163511928,-3.134571327775038,-19.31170389877363,0.0,46.0,111.0,1.0,-1.2208642767464775,2.516229907902459,47.0,8.769549031863411,22.50653260162343,-10.320427710270069,0.47242767289093734,0.1198068597427039,1.0,-11.557879446135065,1.0853804266594842,0.0035896190082506806,1.0556469293342192,0.0,0.0,1.1822660552293338,0.0,0.0,0.0,0.0,0.0,nan,0.5,,,0,0,0,0.0,-28,172,True,True,False,"A:1,B:1,ESTOP:0,MODE:1,J:0",DRIVE_DONE,,,,,,,,,,,,,,,,,,0,,,False,0,,,,-9999.0,-1.0,-1.0,False,36.967632898333335,127.87378451,121.95599999999999,2,0.00012100000000000003,36.967632898333335,127.87378451,4.0,0.038531862258911136,1.0,0.0,0.055063724517822266,0.0,0.007417835627805149,-10.320427710270069,0.0,0.0,0.0,-0.030429459310512753,0.4856857384907938,0.12135187790799082,0.8651341706122387,-0.013264502315156905,0.002007128639793479,0.005777039824101231,-8.237585999999999,0.5295591,5.530950599999999
1789565196.794970,22.424,0.0,0.0,0,2,847,15.740273163511928,-3.134571327775038,-19.305685711422598,0.0,46.0,111.0,1.0,-1.2208642767464775,2.516229907902459,47.0,8.769549031863411,22.50653260162343,-10.320427710270069,0.47242767289093734,0.8330813249549778,1.0,-11.557879446135065,1.0853804266594842,0.0035896190082506806,1.0556469293342192,0.0,0.0,1.1822660552293338,0.0,0.0,0.0,0.0,0.0,nan,0.5,,,0,0,0,0.0,-28,165,True,True,False,"A:1,B:1,ESTOP:0,MODE:1,J:0",DRIVE_DONE,,,,,,,,,,,,,,,,,,0,,,False,0,,,,-9999.0,-1.0,-1.0,False,36.967632898333335,127.87378451,121.95599999999999,2,0.00012100000000000003,36.967632898333335,127.87378451,4.0,0.06347831344604492,1.0,0.0,0.10495662689208984,0.0,0.007417835627805149,-10.320427710270069,0.0,0.0,0.0,-0.03046589770227308,0.4857363613556077,0.12138883047658039,0.8650992822617166,-0.02192133540504878,-0.0021642082724729686,0.002495820830351891,-8.34545915,1.1179581,4.658158749999999
1789565196.844917,22.474,0.0,0.0,0,2,846,15.740273163511928,-3.134571327775038,-19.26372620416211,0.0,46.0,111.0,1.0,-1.2208642767464775,2.516229907902459,47.0,8.769549031863411,22.50653260162343,-10.320427710270069,0.47242767289093734,1.1562147316521556,1.0,-11.557879446135065,1.0853804266594842,0.0035896190082506806,1.0556469293342192,0.0,0.0,1.1822660552293338,0.0,0.0,0.0,0.0,0.0,nan,0.5,,,0,0,0,0.0,-28,176,True,True,False,"A:1,B:1,ESTOP:0,MODE:1,J:0",DRIVE_DONE,,,,,,,,,,,,,,,,,,0,,,False,0,,,,-9999.0,-1.0,-1.0,False,36.967632898333335,127.87378451,121.95599999999999,2,0.00012100000000000003,36.967632898333335,127.87378451,4.0,0.08847912406921386,1.0,0.0,0.15495824813842773,0.0,0.007417835627805149,-10.320427710270069,0.0,0.0,0.0,-0.030549974497931037,0.48580431861861006,0.12146180643377011,0.8650479134981651,-0.03728023282259888,-0.025778513051956248,0.0070685834705770355,-8.01203305,0.50013915,4.334539299999999
1789565196.894804,22.524,0.0,0.0,0,2,846,15.740273163511928,-3.134571327775038,-19.20630393198263,0.0,46.0,111.0,1.0,-1.2208642767464775,2.516229907902459,47.0,8.769549031863411,22.50653260162343,-10.320427710270069,0.47242767289093734,1.9739342940633449,1.0,-11.557879446135065,1.0853804266594842,0.0035896190082506806,1.0556469293342192,0.0,0.0,1.1822660552293338,0.0,0.0,0.0,0.0,0.0,nan,0.5,,,0,0,0,0.08774127066135406,-27,173,True,True,False,"A:1,B:1,ESTOP:0,MODE:1,J:0",DRIVE_DONE,,,,,,,,,,,,,,,,,,0,,,False,0,,,,-9999.0,-1.0,-1.0,False,36.9676329,127.87378451833334,121.95599999999999,2,0.00012100000000000003,36.9676329,127.87378451833334,4.0,0.011000000000000001,1.0,1.0,0.0,0.0,0.019110028153574227,-10.320427710270069,0.0,0.0,0.0,-0.030529125612364726,0.4857044473078298,0.12143055472359914,0.8651091160855138,-0.036320301734002,0.03223623128433527,-0.0004363323129985824,-9.3555441,0.28439285,3.5107806999999998
1789565196.944864,22.574,0.0,0.0,0,2,845,15.741014343661389,-3.1343857956705183,-19.10751601061773,0.0,46.0,111.0,1.0,-1.2205698973798411,2.516229907902459,47.0,8.769549031863411,22.505815000265656,-10.320427710270069,0.47242767289093734,1.8866869966030133,1.0,-11.557879446135065,1.0853804266594842,0.0035896190082506806,1.0556469293342192,0.0,0.0,1.1822660552293338,0.0,0.0,0.0,0.0,0.0,nan,0.5,,,0,0,0,0.4334883987903595,-25,169,True,True,False,"A:1,B:1,ESTOP:0,MODE:1,J:0",DRIVE_DONE,,,,,,,,,,,,,,,,,,0,,,False,0,,,,-9999.0,-1.0,-1.0,False,36.9676329,127.87378451833334,121.95599999999999,2,0.00012100000000000003,36.9676329,127.87378451833334,4.0,0.03497429943084717,1.0,0.0,0.047948598861694336,0.0,0.019110028153574227,-10.320427710270069,0.0,0.0,0.0,-0.030529125612364726,0.4857044473078298,0.12143055472359914,0.8651091160855138,-0.036320301734002,0.03223623128433527,-0.0004363323129985824,-9.3555441,0.28439285,3.5107806999999998
1789565196.994863,22.624,0.0,0.0,0,2,840,15.741014343661389,-3.1343857956705183,-19.010856174977533,0.0,46.0,111.0,1.0,-1.2205698973798411,2.516229907902459,47.0,8.769549031863411,22.505815000265656,-10.320427710270069,0.47242767289093734,0.31861032794935784,1.0,-11.557879446135065,1.0853804266594842,0.0035896190082506806,1.0556469293342192,0.0,0.0,1.1822660552293338,0.0,0.0,0.0,0.0,0.0,nan,0.5,,,0,0,0,0.703647792339325,-22,167,True,True,False,"A:1,B:1,ESTOP:0,MODE:1,J:0",DRIVE_DONE,,,,,,,,,,,,,,,,,,0,,,False,0,,,,-9999.0,-1.0,-1.0,False,36.9676329,127.87378451833334,121.95599999999999,2,0.00012100000000000003,36.9676329,127.87378451833334,4.0,0.05998500442504883,1.0,0.0,0.09797000885009766,0.0,0.019110028153574227,-10.320427710270069,0.0,0.0,0.0,-0.030165924352938196,0.4857235520745197,0.1214614065629458,0.8651067995824533,-0.006806784082777886,-0.007592182246175334,0.00034906585039886593,-8.9436648,0.980665,3.67749375
1789565197.044840,22.674,0.0,0.0,0,2,811,15.741014343661389,-3.1343857956705183,-18.995010220170514,0.0,46.0,111.0,1.0,-1.2205698973798411,2.516229907902459,47.0,8.769549031863411,22.505815000265656,-10.320427710270069,0.47242767289093734,0.40173441354344025,1.0,-11.557879446135065,1.0853804266594842,0.0035896190082506806,1.0556469293342192,0.0,0.0,1.1822660552293338,0.0,0.0,0.0,0.0,0.0,nan,0.5,,,0,0,0,0.6213328838348389,-20,169,True,True,False,"A:1,B:1,ESTOP:0,MODE:1,J:0",DRIVE_DONE,,,,,,,,,,,,,,,,,,0,,,False,0,,,,-9999.0,-1.0,-1.0,False,36.9676329,127.87378451833334,121.95599999999999,2,0.00012100000000000003,36.9676329,127.87378451833334,4.0,0.08494325733184814,1.0,0.0,0.1478865146636963,0.0,0.019110028153574227,-10.320427710270069,0.0,0.0,0.0,-0.030216884996400753,0.48556510750216064,0.12156787235061786,0.865179009598403,-0.00747000919853573,-0.0042935099599060505,0.0017976891295541594,-8.316039199999999,0.5883989999999999,5.6290170999999996
1789565197.094885,22.724,0.0,0.0,0,2,786,15.741014343661389,-3.1343857956705183,-18.974926679420832,0.0,46.0,111.0,1.0,-1.2205698973798411,2.516229907902459,47.0,8.769549031863411,22.505815000265656,-10.320427710270069,0.47242767289093734,-0.24356784021975303,1.0,-11.557879446135065,1.0853804266594842,0.0035896190082506806,1.0556469293342192,0.0,0.0,1.1822660552293338,0.0,0.0,0.0,0.0,0.0,nan,0.5,,,0,0,0,0.523198127746582,-17,168,True,True,False,"A:1,B:1,ESTOP:0,MODE:1,J:0",DRIVE_DONE,,,,,,,,,,,,,,,,,,0,,,False,0,,,,-9999.0,-1.0,-1.0,False,36.9676329,127.87378451833334,121.95599999999999,2,0.00012100000000000003,36.9676329,127.87378451833334,4.0,0.10994657135009765,1.0,0.0,0.1978931427001953,0.0,0.019110028153574227,-10.320427710270069,0.0,0.0,0.0,-0.03012413432370594,0.4855029891032368,0.121562519806221,0.8652178557342836,0.005759586531581287,-0.012985249634837812,0.0031764992386296795,-8.404299049999999,0.20593965,5.89379665
1789565197.144852,22.774,0.0,0.0,0,2,765,15.735826088934836,-3.1290053535658164,-18.987093445597935,0.0,46.0,111.0,1.0,-1.2160266258634842,2.516229907902459,47.0,8.769549031863411,22.511540078305558,-10.320427710270069,0.47242767289093734,0.9361945836000471,1.0,-11.557879446135065,1.0853804266594842,0.0035896190082506806,1.0556469293342192,0.0,0.0,1.1822660552293338,0.0,0.0,0.0,0.0,0.0,nan,0.5,,,0,0,0,0.4237442910671234,-15,169,True,True,False,"A:1,B:1,ESTOP:0,MODE:1,J:0",DRIVE_DONE,,,,,,,,,,,,,,,,,,0,,,False,0,,,,-9999.0,-1.0,-1.0,False,36.96763294833333,127.87378446,121.965,2,0.00012100000000000003,36.96763294833333,127.87378446,4.0,0.028012476921081546,1.0,0.0,0.034024953842163086,0.0,0.060939895177819184,-10.320427710270069,0.0,0.0,0.0,-0.02990256667728504,0.48537580162055866,0.1215285751141193,0.865301665974383,-0.015620696805349249,-0.0008377580409572782,0.00603883921190038,-8.18855275,0.5197524499999999,5.776116849999999
1789565197.194881,22.824,0.0,0.0,0,2,751,15.735826088934836,-3.1290053535658164,-18.940290010832285,0.0,46.0,111.0,1.0,-1.2160266258634842,2.516229907902459,47.0,8.769549031863411,22.511540078305558,-10.320427710270069,0.47242767289093734,3.5989454861650283,1.0,-11.557879446135065,1.0853804266594842,0.0035896190082506806,1.0556469293342192,0.0,0.0,1.1822660552293338,0.0,0.0,0.0,0.0,0.0,nan,0.5,,,0,0,0,0.24144943058490753,-12,168,True,True,False,"A:1,B:1,ESTOP:0,MODE:1,J:0",DRIVE_DONE,,,,,,,,,,,,,,,,,,0,,,False,0,,,,-9999.0,-1.0,-1.0,False,36.96763294833333,127.87378446,121.965,2,0.00012100000000000003,36.96763294833333,127.87378446,4.0,0.05300112819671631,1.0,0.0,0.08400225639343262,0.0,0.060939895177819184,-10.320427710270069,0.0,0.0,0.0,-0.029822486661874162,0.48549228582619525,0.12166036305711334,0.865220559021438,-0.07052875507309087,-0.032009338481576007,0.006928957130417489,-7.394214099999999,0.73549875,5.8545700499999995
1789565197.244870,22.874,0.0,0.0,0,2,855,15.735826088934836,-3.1290053535658164,-18.760151561765525,0.0,46.0,111.0,1.0,-1.2160266258634842,2.516229907902459,47.0,8.769549031863411,22.511540078305558,-10.320427710270069,0.47242767289093734,-1.169227675469394,1.0,-11.557879446135065,1.0853804266594842,0.0035896190082506806,1.0556469293342192,0.0,0.0,1.1822660552293338,0.0,0.0,0.0,0.0,0.0,nan,0.5,,,0,0,0,0.3633905053138733,-10,169,True,True,False,"A:1,B:1,ESTOP:0,MODE:1,J:0",DRIVE_DONE,,,,,,,,,,,,,,,,,,0,,,False,0,,,,-9999.0,-1.0,-1.0,False,36.96763294833333,127.87378446,121.965,2,0.00012100000000000003,36.96763294833333,127.87378446,4.0,0.07799824333190918,1.0,0.0,0.13399648666381836,0.0,0.060939895177819184,-10.320427710270069,0.0,0.0,0.0,-0.02975620095952626,0.4855790848383587,0.1216125724273227,0.8651808499380969,0.024661502330679878,-0.023963370629882144,0.00486946861306418,-8.11009955,0.4903325,4.0991797
1789565197.294882,22.924,0.0,0.0,0,2,860,15.735826088934836,-3.1290053535658164,-18.818583898163354,0.0,46.0,111.0,1.0,-1.2160266258634842,2.516229907902459,47.0,8.769549031863411,22.511540078305558,-10.320427710270069,0.47242767289093734,0.8674649081675985,1.0,-11.557879446135065,1.0853804266594842,0.0035896190082506806,1.0556469293342192,0.0,0.0,1.1822660552293338,0.0,0.0,0.0,0.0,0.0,nan,0.5,,,0,0,0,0.34171149134635925,-7,170,True,True,False,"A:1,B:1,ESTOP:0,MODE:1,J:0",DRIVE_DONE,,,,,,,,,,,,,,,,,,0,,,False,0,,,,-9999.0,-1.0,-1.0,False,36.96763294833333,127.87378446,121.965,2,0.00012100000000000003,36.96763294833333,127.87378446,4.0,0.10304471111297607,1.0,0.0,0.18408942222595215,0.0,0.060939895177819184,-10.320427710270069,0.0,0.0,0.0,-0.029672170183481658,0.4854599841096599,0.12159585183652641,0.8652529196489318,-0.01213003830136059,0.006911503837897545,0.00890117918517108,-8.34545915,0.30400615,5.6780503499999995
1789565197.344867,22.974,0.0,0.0,0,2,860,15.738346097903987,-3.130489613565868,-18.775168296070007,0.0,46.0,111.0,1.0,-1.2171169794844203,2.516229907902459,47.0,8.769549031863411,22.508877915148876,-10.320427710270069,0.47242767289093734,0.05662758950562333,1.0,-11.557879446135065,1.0853804266594842,0.0035896190082506806,1.0556469293342192,0.0,0.0,1.1822660552293338,0.0,0.0,0.0,0.0,0.0,nan,0.5,,,0,0,0,0.3386462926864624,-6,171,True,True,False,"A:1,B:1,ESTOP:0,MODE:1,J:0",DRIVE_DONE,,,,,,,,,,,,,,,,,,0,,,False,0,,,,-9999.0,-1.0,-1.0,False,36.967632935,127.87378448833333,121.96600000000001,2,0.00012100000000000003,36.967632935,127.87378448833333,4.0,0.029185496330261233,1.0,0.0,0.03637099266052246,0.0,0.04130483190923536,-10.320427710270069,0.0,0.0,0.0,-0.029465942338380666,0.48544340366621486,0.12174010822843717,0.8652489850485814,-0.0016231562043547264,0.00153588974175501,-0.0007155849933176752,-8.404299049999999,0.9218251,4.903325
1789565197.394897,23.024,0.0,0.0,0,2,860,15.738346097903987,-3.130489613565868,-18.77234119913396,0.0,46.0,111.0,1.0,-1.2171169794844203,2.516229907902459,47.0,8.769549031863411,22.508877915148876,-10.320427710270069,0.47242767289093734,-0.04168091712548562,1.0,-11.557879446135065,1.0853804266594842,0.0035896190082506806,1.0556469293342192,0.0,0.0,1.1822660552293338,0.0,0.0,0.0,0.0,0.0,nan,0.5,,,0,0,0,0.3383212089538574,-4,170,True,True,False,"A:1,B:1,ESTOP:0,MODE:1,J:0",DRIVE_DONE,,,,,,,,,,,,,,,,,,0,,,False,0,,,,-9999.0,-1.0,-1.0,False,36.967632935,127.87378448833333,121.96600000000001,2,0.00012100000000000003,36.967632935,127.87378448833333,4.0,0.05419584369659424,1.0,0.0,0.08639168739318848,0.0,0.04130483190923536,-10.320427710270069,0.0,0.0,0.0,-0.02949245345978163,0.4853765286915206,0.12174592131162276,0.8652847804210335,-0.003735004599267865,-0.006230825429619756,-0.007086036763096978,-8.16893945,0.6276256,5.0504247499999995
1789565197.444873,23.074,0.0,0.0,0,2,860,15.738346097903987,-3.130489613565868,-18.774422689063954,0.0,46.0,111.0,1.0,-1.2171169794844203,2.516229907902459,47.0,8.769549031863411,22.508877915148876,-10.320427710270069,0.47242767289093734,0.1934625552347026,1.0,-11.557879446135065,1.0853804266594842,0.0035896190082506806,1.0556469293342192,0.0,0.0,1.1822660552293338,0.0,0.0,0.0,0.0,0.0,nan,0.5,,,0,0,0,0.3330647945404053,-3,171,True,True,False,"A:1,B:1,ESTOP:0,MODE:1,J:0",DRIVE_DONE,,,,,,,,,,,,,,,,,,0,,,False,0,,,,-9999.0,-1.0,-1.0,False,36.967632935,127.87378448833333,121.96600000000001,2,0.00012100000000000003,36.967632935,127.87378448833333,4.0,0.07919021701812744,1.0,0.0,0.13638043403625488,0.0,0.04130483190923536,-10.320427710270069,0.0,0.0,0.0,-0.029546394600586355,0.48538927769532986,0.1217284794973922,0.8652782424999287,-0.004171336912266448,0.004939281783143952,-0.0007155849933176752,-8.36507245,0.5197524499999999,5.38385085
1789565197.494871,23.124,0.0,0.0,0,2,860,15.738346097903987,-3.130489613565868,-18.764756950538043,0.0,46.0,111.0,1.0,-1.2171169794844203,2.516229907902459,47.0,8.769549031863411,22.508877915148876,-10.320427710270069,0.47242767289093734,-0.07831310642412338,1.0,-11.557879446135065,1.0853804266594842,0.0035896190082506806,1.0556469293342192,0.0,0.0,1.1822660552293338,0.0,0.0,0.0,0.0,0.0,nan,0.5,,,0,0,0,0.3575502932071686,-2,170,True,True,False,"A:1,B:1,ESTOP:0,MODE:1,J:0",DRIVE_DONE,,,,,,,,,,,,,,,,,,0,,,False,0,,,,-9999.0,-1.0,-1.0,False,36.96763292166667,127.87378447666667,121.97300000000001,2,0.00012100000000000003,36.96763292166667,127.87378447666667,4.0,0.011000000000000001,1.0,1.0,0.0,0.0,0.03076980495032054,-10.320427710270069,0.0,0.0,0.0,-0.02952613187966576,0.4854515500492817,0.12166926991708696,0.8652523266936746,0.002495820830351891,0.004031710572106902,0.0015009831567151233,-8.4729456,0.53936575,5.1582979
1789565197.544828,23.174,0.0,0.0,0,2,860,15.737308447969824,-3.1319738727749478,-18.76867372240295,0.0,46.0,111.0,1.0,-1.2187398303878458,2.516229907902459,47.0,8.769549031863411,22.509753770337987,-10.320427710270069,0.47242767289093734,-0.09270506331808759,1.0,-11.557879446135065,1.0853804266594842,0.0035896190082506806,1.0556469293342192,0.0,0.0,1.1822660552293338,0.0,0.0,0.0,0.0,0.0,nan,0.5,,,0,0,0,0.3522029519081116,-1,170,True,True,False,"A:1,B:1,ESTOP:0,MODE:1,J:0",DRIVE_DONE,,,,,,,,,,,,,,,,,,0,,,False,0,,,,-9999.0,-1.0,-1.0,False,36.96763292166667,127.87378447666667,121.97300000000001,2,0.00012100000000000003,36.96763292166667,127.87378447666667,4.0,0.033900700569152835,1.0,0.0,0.045801401138305664,0.0,0.03076980495032054,-10.320427710270069,0.0,0.0,0.0,-0.029431251395578936,0.48568570156058516,0.12164510100725015,0.8651275455918788,0.0023911010752322315,-0.0050789081233034985,0.001780235837034216,-8.42391235,0.6472389,5.295591
1789565197.594842,23.224,0.0,0.0,0,2,860,15.737308447969824,-3.1319738727749478,-18.773328156213353,0.0,46.0,111.0,1.0,-1.2187398303878458,2.516229907902459,47.0,8.769549031863411,22.509753770337987,-10.320427710270069,0.47242767289093734,0.012537546089161565,1.0,-11.557879446135065,1.0853804266594842,0.0035896190082506806,1.0556469293342192,0.0,0.0,1.1822660552293338,0.0,0.0,0.0,0.0,0.0,nan,0.5,,,0,0,0,0.3367863595485687,-1,170,True,True,False,"A:1,B:1,ESTOP:0,MODE:1,J:0",DRIVE_DONE,,,,,,,,,,,,,,,,,,0,,,False,0,,,,-9999.0,-1.0,-1.0,False,36.96763292166667,127.87378447666667,121.97300000000001,2,0.00012100000000000003,36.96763292166667,127.87378447666667,4.0,0.058902345657348636,1.0,0.0,0.09580469131469727,0.0,0.03076980495032054,-10.320427710270069,0.0,0.0,0.0,-0.029434695954371454,0.4857296004254293,0.12160856396176042,0.8651079187683955,-0.0019896753472735357,0.001780235837034216,-0.002949606435870417,-8.237585999999999,0.6472389,5.3152043
1789565197.644887,23.274,0.0,0.0,0,2,860,15.737308447969824,-3.1319738727749478,-18.772703419762422,0.0,46.0,111.0,1.0,-1.2187398303878458,2.516229907902459,47.0,8.769549031863411,22.509753770337987,-10.320427710270069,0.47242767289093734,-0.13771594278598337,1.0,-11.557879446135065,1.0853804266594842,0.0035896190082506806,1.0556469293342192,0.0,0.0,1.1822660552293338,0.0,0.0,0.0,0.0,0.0,nan,0.5,,,0,0,0,0.35733988881111145,-1,171,True,True,False,"A:1,B:1,ESTOP:0,MODE:1,J:0",DRIVE_DONE,,,,,,,,,,,,,,,,,,0,,,False,0,,,,-9999.0,-1.0,-1.0,False,36.96763292166667,127.87378447666667,121.97300000000001,2,0.00012100000000000003,36.96763292166667,127.87378447666667,4.0,0.08389731502532959,1.0,0.0,0.14579463005065918,0.0,0.03076980495032054,-10.320427710270069,0.0,0.0,0.0,-0.02950660333277442,0.4857615076163127,0.12157429326604638,0.8650923703830421,0.005550147021341968,-0.002949606435870417,0.0055152404363020815,-8.414105699999999,0.5099457999999999,5.30539765
1789565197.694874,23.324,0.0,0.0,0,2,860,15.737308447969824,-3.1319738727749478,-18.779593216087733,0.0,46.0,111.0,1.0,-1.2187398303878458,2.516229907902459,47.0,8.769549031863411,22.509753770337987,-10.320427710270069,0.47242767289093734,-0.3821032466168449,1.0,-11.557879446135065,1.0853804266594842,0.0035896190082506806,1.0556469293342192,0.0,0.0,1.1822660552293338,0.0,0.0,0.0,0.0,0.0,nan,0.5,,,0,0,0,0.35291942954063416,-1,171,True,True,False,"A:1,B:1,ESTOP:0,MODE:1,J:0",DRIVE_DONE,,,,,,,,,,,,,,,,,,0,,,False,0,,,,-9999.0,-1.0,-1.0,False,36.967632898333335,127.873784455,121.975,2,0.00012100000000000003,36.967632898333335,127.873784455,4.0,0.011000000000000001,1.0,1.0,0.0,0.0,0.0461948398968186,-10.320427710270069,0.0,0.0,0.0,-0.029498495477924686,0.4858357197008993,0.12149187656262772,0.865062550430048,0.00783652834145454,-0.00012217304763960306,0.0005585053606381855,-8.42391235,0.67665885,5.30539765
1789565197.744889,23.374,0.0,0.0,0,2,860,15.735381382361881,-3.134571327775038,-18.79872159082933,0.0,46.0,111.0,1.0,-1.2215964616088826,2.516229907902459,47.0,8.769549031863411,22.511397349298193,-10.320427710270069,0.47242767289093734,0.2197111222978471,1.0,-11.557879446135065,1.0853804266594842,0.0035896190082506806,1.0556469293342192,0.0,0.0,1.1822660552293338,0.0,0.0,0.0,0.0,0.0,nan,0.5,,,0,0,0,0.3615685999393463,-1,171,True,True,False,"A:1,B:1,ESTOP:0,MODE:1,J:0",DRIVE_DONE,,,,,,,,,,,,,,,,,,0,,,False,0,,,,-9999.0,-1.0,-1.0,False,36.967632898333335,127.873784455,121.975,2,0.00012100000000000003,36.967632898333335,127.873784455,4.0,0.0325829610824585,1.0,0.0,0.04316592216491699,0.0,0.0461948398968186,-10.320427710270069,0.0,0.0,0.0,-0.029534739077217993,0.4859280896075054,0.12144876020512621,0.8650154851577391,-0.007819075048934596,-0.00153588974175501,-0.005550147021341968,-8.4729456,0.63743225,5.20733115
1789565197.794840,23.424,0.0,0.0,0,2,860,15.735381382361881,-3.134571327775038,-18.78775825567365,0.0,46.0,111.0,1.0,-1.2215964616088826,2.516229907902459,47.0,8.769549031863411,22.511397349298193,-10.320427710270069,0.47242767289093734,-0.34811649037502196,1.0,-11.557879446135065,1.0853804266594842,0.0035896190082506806,1.0556469293342192,0.0,0.0,1.1822660552293338,0.0,0.0,0.0,0.0,0.0,nan,0.5,,,0,0,0,0.3517862856388092,-1,171,True,True,False,"A:1,B:1,ESTOP:0,MODE:1,J:0",DRIVE_DONE,,,,,,,,,,,,,,,,,,0,,,False,0,,,,-9999.0,-1.0,-1.0,False,36.967632898333335,127.873784455,121.975,2,0.00012100000000000003,36.967632898333335,127.873784455,4.0,0.05761381244659424,1.0,0.0,0.09322762489318848,0.0,0.0461948398968186,-10.320427710270069,0.0,0.0,0.0,-0.029605332434324283,0.4858106025142665,0.12139682841181537,0.8650863499256771,0.003543018381548489,0.007330382858376184,-0.006614797865058509,-8.24739265,0.67665885,5.4524974
1789565197.844862,23.474,0.0,0.0,0,2,860,15.735381382361881,-3.134571327775038,-18.805162486641564,0.0,46.0,111.0,1.0,-1.2215964616088826,2.516229907902459,47.0,8.769549031863411,22.511397349298193,-10.320427710270069,0.47242767289093734,-0.15378025795817438,1.0,-11.557879446135065,1.0853804266594842,0.0035896190082506806,1.0556469293342192,0.0,0.0,1.1822660552293338,0.0,0.0,0.0,0.0,0.0,nan,0.5,,,0,0,0,0.33929598331451416,-2,171,True,True,False,"A:1,B:1,ESTOP:0,MODE:1,J:0",DRIVE_DONE,,,,,,,,,,,,,,,,,,0,,,False,0,,,,-9999.0,-1.0,-1.0,False,36.967632898333335,127.873784455,121.975,2,0.00012100000000000003,36.967632898333335,127.873784455,4.0,0.08261009311676025,1.0,0.0,0.1432201862335205,0.0,0.0461948398968186,-10.320427710270069,0.0,0.0,0.0,-0.0295825437547654,0.48582949512303814,0.12138500702427904,0.8650781784574194,0.004694935687864747,0.005707226654021458,0.0024609142453120045,-8.42391235,0.7551120499999999,5.2759777
1789565197.894830,23.524,0.0,0.0,0,2,860,15.735381382361881,-3.134571327775038,-18.812851638862952,0.0,46.0,111.0,1.0,-1.2215964616088826,2.516229907902459,47.0,8.769549031863411,22.511397349298193,-10.320427710270069,0.47242767289093734,-0.30627973342171017,1.0,-11.557879446135065,1.0853804266594842,0.0035896190082506806,1.0556469293342192,0.0,0.0,1.1822660552293338,0.0,0.0,0.0,0.0,0.0,nan,0.5,,,0,0,0,0.33698275685310364,-2,171,True,True,False,"A:1,B:1,ESTOP:0,MODE:1,J:0",DRIVE_DONE,,,,,,,,,,,,,,,,,,0,,,False,0,,,,-9999.0,-1.0,-1.0,False,36.967632965,127.87378448,121.963,2,0.00012100000000000003,36.967632965,127.87378448,4.0,0.011000000000000001,1.0,1.0,0.0,0.0,0.043880061009384554,-10.320427710270069,0.0,0.0,0.0,-0.029496820713589708,0.4859844589547962,0.1213714301645101,0.8649959648241288,0.004118977034706617,-0.0017278759594743863,-0.0031764992386296795,-8.4533323,0.7060787999999999,5.1975245
1789565197.944853,23.574,0.0,0.0,0,2,860,15.73760491901846,-3.1271500285657514,-18.828189927514842,0.0,46.0,111.0,1.0,-1.213925951940741,2.516229907902459,47.0,8.769549031863411,22.509966434224058,-10.320427710270069,0.47242767289093734,0.2543031125998319,1.0,-11.557879446135065,1.0853804266594842,0.0035896190082506806,1.0556469293342192,0.0,0.0,1.1822660552293338,0.0,0.0,0.0,0.0,0.0,nan,0.5,,,0,0,0,0.368463933467865,-2,170,True,True,False,"A:1,B:1,ESTOP:0,MODE:1,J:0",DRIVE_DONE,,,,,,,,,,,,,,,,,,0,,,False,0,,,,-9999.0,-1.0,-1.0,False,36.967632965,127.87378448,121.963,2,0.00012100000000000003,36.967632965,127.87378448,4.0,0.035690628051757815,1.0,0.0,0.049381256103515625,0.0,0.043880061009384554,-10.320427710270069,0.0,0.0,0.0,-0.0295833527906796,0.4860614182153198,0.12134837902442219,0.8649530009591964,-0.003351032163829113,-0.0018500490071139892,0.003543018381548489,-8.325845849999999,0.5295591,5.42307745
1789565197.994866,23.624,0.0,0.0,0,2,860,15.73760491901846,-3.1271500285657514,-18.815529715322583,0.0,46.0,111.0,1.0,-1.213925951940741,2.516229907902459,47.0,8.769549031863411,22.509966434224058,-10.320427710270069,0.47242767289093734,-0.24217678894246839,1.0,-11.557879446135065,1.0853804266594842,0.0035896190082506806,1.0556469293342192,0.0,0.0,1.1822660552293338,0.0,0.0,0.0,0.0,0.0,nan,0.5,,,0,0,0,0.3782903850078583,-2,170,True,True,False,"A:1,B:1,ESTOP:0,MODE:1,J:0",DRIVE_DONE,,,,,,,,,,,,,,,,,,0,,,False,0,,,,-9999.0,-1.0,-1.0,False,36.967632965,127.87378448,121.963,2,0.00012100000000000003,36.967632965,127.87378448,4.0,0.060693584442138675,1.0,0.0,0.09938716888427734,0.0,0.043880061009384554,-10.320427710270069,0.0,0.0,0.0,-0.02968923426902919,0.48597539424649905,0.12127484415194703,0.8650080217728616,0.005654866776461628,0.001710422666954443,0.0014311699866353504,-8.36507245,0.6864655000000001,5.4328841
1789565198.044831,23.674,0.0,0.0,0,2,860,15.73760491901846,-3.1271500285657514,-18.82769564753383,0.0,46.0,111.0,1.0,-1.213925951940741,2.516229907902459,47.0,8.769549031863411,22.509966434224058,-10.320427710270069,0.47242767289093734,-0.07846559489773221,1.0,-11.557879446135065,1.0853804266594842,0.0035896190082506806,1.0556469293342192,0.0,0.0,1.1822660552293338,0.0,0.0,0.0,0.0,0.0,nan,0.5,,,0,0,0,0.36714380979537964,-2,171,True,True,False,"A:1,B:1,ESTOP:0,MODE:1,J:0",DRIVE_DONE,,,,,,,,,,,,,,,,,,0,,,False,0,,,,-9999.0,-1.0,-1.0,False,36.967632965,127.87378448,121.963,2,0.00012100000000000003,36.967632965,127.87378448,4.0,0.08567806339263916,1.0,0.0,0.14935612678527832,0.0,0.043880061009384554,-10.320427710270069,0.0,0.0,0.0,-0.02959767342302711,0.4861231215422381,0.12125492647076505,0.8649309401544979,-0.0004188790204786391,-0.005654866776461628,-0.0026878070480712674,-8.306232549999999,0.8237586,5.3348176
1789565198.094844,23.724,0.0,0.0,0,2,860,15.73760491901846,-3.1271500285657514,-18.831627678720025,0.0,46.0,111.0,1.0,-1.213925951940741,2.516229907902459,47.0,8.769549031863411,22.509966434224058,-10.320427710270069,0.47242767289093734,0.1989213653899831,1.0,-11.557879446135065,1.0853804266594842,0.0035896190082506806,1.0556469293342192,0.0,0.0,1.1822660552293338,0.0,0.0,0.0,0.0,0.0,nan,0.5,,,0,0,0,0.0,-2,171,True,True,False,"A:1,B:1,ESTOP:0,MODE:1,J:0",DRIVE_DONE,,,,,,,,,,,,,,,,,,0,,,False,0,,,,-9999.0,-1.0,-1.0,False,36.967632965,127.87378448,121.963,2,0.00012100000000000003,36.967632965,127.87378448,4.0,0.11066230392456054,1.0,0.0,0.1993246078491211,0.0,0.043880061009384554,-10.320427710270069,0.0,0.0,0.0,-0.029594968648507698,0.486326802716142,0.12125564901970683,0.8648164235092892,-0.004921828490624009,0.0009948376736367678,-0.0015009831567151233,-8.5513988,0.57859235,5.0210048
1789565198.144867,23.774,0.0,0.0,0,2,860,15.733454315490002,-3.1258513014611924,-18.821712162633588,0.0,46.0,111.0,1.0,-1.2132631029373464,2.516229907902459,47.0,8.769549031863411,22.514230744160162,-10.320427710270069,0.47242767289093734,-0.2970275680481132,1.0,-11.557879446135065,1.0853804266594842,0.0035896190082506806,1.0556469293342192,0.0,0.0,1.1822660552293338,0.0,0.0,0.0,0.0,0.0,nan,0.5,,,0,0,0,0.0,-2,171,True,True,False,"A:1,B:1,ESTOP:0,MODE:1,J:0",DRIVE_DONE,,,,,,,,,,,,,,,,,,0,,,False,0,,,,-9999.0,-1.0,-1.0,False,36.967632976666664,127.87378443333333,121.96799999999999,2,0.00012100000000000003,36.967632976666664,127.87378443333333,4.0,0.028171263694763186,1.0,0.0,0.03434252738952637,0.0,0.07862610112941014,-10.320427710270069,0.0,0.0,0.0,-0.029665504685485067,0.4863645953358201,0.12118775225809765,0.8648022704284541,0.0002443460952792061,-0.006126105674500096,-0.009215338450530061,-8.44352565,0.55897905,5.295591
1789565198.194851,23.824,0.0,0.0,0,2,860,15.733454315490002,-3.1258513014611924,-18.8365728747022,0.0,46.0,111.0,1.0,-1.2132631029373464,2.516229907902459,47.0,8.769549031863411,22.514230744160162,-10.320427710270069,0.47242767289093734,-0.07528273430213503,1.0,-11.557879446135065,1.0853804266594842,0.0035896190082506806,1.0556469293342192,0.0,0.0,1.1822660552293338,0.0,0.0,0.0,0.0,0.0,nan,0.5,,,0,0,0,0.0,-2,171,True,True,False,"A:1,B:1,ESTOP:0,MODE:1,J:0",DRIVE_DONE,,,,,,,,,,,,,,,,,,0,,,False,0,,,,-9999.0,-1.0,-1.0,False,36.967632976666664,127.87378443333333,121.96799999999999,2,0.00012100000000000003,36.967632976666664,127.87378443333333,4.0,0.05316837882995606,1.0,0.0,0.08433675765991211,0.0,0.07862610112941014,-10.320427710270069,0.0,0.0,0.0,-0.029659879888649432,0.4863863967155393,0.12114734293403498,0.8647958637245485,0.006370451769779303,0.0018500490071139892,0.008569566627292158,-8.3356525,0.48052585,5.3152043
1789565198.244886,23.874,0.0,0.0,0,2,860,15.733454315490002,-3.1258513014611924,-18.840361938714267,0.0,46.0,111.0,1.0,-1.2132631029373464,2.516229907902459,47.0,8.769549031863411,22.514230744160162,-10.320427710270069,0.47242767289093734,0.0185666564595221,1.0,-11.557879446135065,1.0853804266594842,0.0035896190082506806,1.0556469293342192,0.0,0.0,1.1822660552293338,0.0,0.0,0.0,0.0,0.0,nan,0.5,,,0,0,0,0.0,-2,171,True,True,False,"A:1,B:1,ESTOP:0,MODE:1,J:0",DRIVE_DONE,,,,,,,,,,,,,,,,,,0,,,False,0,,,,-9999.0,-1.0,-1.0,False,36.967632976666664,127.87378443333333,121.96799999999999,2,0.00012100000000000003,36.967632976666664,127.87378443333333,4.0,0.07819386577606201,1.0,0.0,0.13438773155212402,0.0,0.07862610112941014,-10.320427710270069,0.0,0.0,0.0,-0.02964464765907275,0.4865147014282486,0.12115681147577861,0.8647228846239553,-0.004677482395344803,-0.0004188790204786391,-0.007330382858376184,-8.414105699999999,0.73549875,5.07003805
1789565198.294875,23.924,0.0,0.0,0,2,860,15.733454315490002,-3.1258513014611924,-18.839440653980887,0.0,46.0,111.0,1.0,-1.2132631029373464,2.516229907902459,47.0,8.769549031863411,22.514230744160162,-10.320427710270069,0.47242767289093734,-0.128732061662833,1.0,-11.557879446135065,1.0853804266594842,0.0035896190082506806,1.0556469293342192,0.0,0.0,1.1822660552293338,0.0,0.0,0.0,0.0,0.0,nan,0.5,,,0,0,0,0.0,-2,171,True,True,False,"A:1,B:1,ESTOP:0,MODE:1,J:0",DRIVE_DONE,,,,,,,,,,,,,,,,,,0,,,False,0,,,,-9999.0,-1.0,-1.0,False,36.96763295666667,127.87378447666667,121.96199999999999,2,0.00012100000000000003,36.96763295666667,127.87378447666667,4.0,0.011000000000000001,1.0,1.0,0.0,0.0,0.008563149737090315,-10.320427710270069,0.0,0.0,0.0,-0.029559636230268936,0.4865463395005031,0.12117182495417136,0.8647058900353757,0.0003316125578789226,0.0010995574287564276,-0.003892084231947355,-8.208166049999999,0.6080123,5.2759777
1789565198.344827,23.974,0.0,0.0,0,2,860,15.737308447969824,-3.128077690670298,-18.84588808524228,0.0,46.0,111.0,1.0,-1.2148875387075357,2.516229907902459,47.0,8.769549031863411,22.510163583813863,-10.320427710270069,0.47242767289093734,0.0013182365960685838,1.0,-11.557879446135065,1.0853804266594842,0.0035896190082506806,1.0556469293342192,0.0,0.0,1.1822660552293338,0.0,0.0,0.0,0.0,0.0,nan,0.5,,,0,0,0,0.0,-2,171,True,True,False,"A:1,B:1,ESTOP:0,MODE:1,J:0",DRIVE_DONE,,,,,,,,,,,,,,,,,,0,,,False,0,,,,-9999.0,-1.0,-1.0,False,36.96763295666667,127.87378447666667,121.96199999999999,2,0.00012100000000000003,36.96763295666667,127.87378447666667,4.0,0.030970774650573733,1.0,0.0,0.03994154930114746,0.0,0.008563149737090315,-10.320427710270069,0.0,0.0,0.0,-0.02961531991272063,0.48656021447547093,0.12117623032115923,0.8646955601373262,-0.003159045946109736,0.0044156830075456534,-0.005794493116621174,-8.34545915,0.55897905,5.48191735
1789565198.394840,24.024,0.0,0.0,0,2,860,15.737308447969824,-3.128077690670298,-18.845822166560907,0.0,46.0,111.0,1.0,-1.2148875387075357,2.516229907902459,47.0,8.769549031863411,22.510163583813863,-10.320427710270069,0.47242767289093734,-0.28072922097227226,1.0,-11.557879446135065,1.0853804266594842,0.0035896190082506806,1.0556469293342192,0.0,0.0,1.1822660552293338,0.0,0.0,0.0,0.0,0.0,nan,0.5,,,0,0,0,0.0,-2,171,True,True,False,"A:1,B:1,ESTOP:0,MODE:1,J:0",DRIVE_DONE,,,,,,,,,,,,,,,,,,0,,,False,0,,,,-9999.0,-1.0,-1.0,False,36.96763295666667,127.87378447666667,121.96199999999999,2,0.00012100000000000003,36.96763295666667,127.87378447666667,4.0,0.05598088359832764,1.0,0.0,0.08996176719665527,0.0,0.008563149737090315,-10.320427710270069,0.0,0.0,0.0,-0.029702525261146098,0.48664805354504603,0.12108250315252746,0.8646562666194278,0.006475171524898963,-0.00153588974175501,0.0018151424220741027,-8.3748791,0.5295591,5.14849125
1789565198.444890,24.074,0.0,0.0,0,2,860,15.737308447969824,-3.128077690670298,-18.859823341553636,0.0,46.0,111.0,1.0,-1.2148875387075357,2.516229907902459,47.0,8.769549031863411,22.510163583813863,-10.320427710270069,0.47242767289093734,-0.17502328727128247,1.0,-11.557879446135065,1.0853804266594842,0.0035896190082506806,1.0556469293342192,0.0,0.0,1.1822660552293338,0.0,0.0,0.0,0.0,0.0,nan,0.5,,,0,0,0,0.0,-2,172,True,True,False,"A:1,B:1,ESTOP:0,MODE:1,J:0",DRIVE_DONE,,,,,,,,,,,,,,,,,,0,,,False,0,,,,-9999.0,-1.0,-1.0,False,36.96763295666667,127.87378447666667,121.96199999999999,2,0.00012100000000000003,36.96763295666667,127.87378447666667,4.0,0.08097644901275634,1.0,0.0,0.1399528980255127,0.0,0.008563149737090315,-10.320427710270069,0.0,0.0,0.0,-0.029603827568741033,0.4867456785231334,0.1211142077348914,0.8646002582217313,0.0061959188445798695,1.7453292519943296e-05,0.004886921905584123,-8.3356525,0.6962721499999999,5.099458
1789565198.494863,24.124,0.0,0.0,0,2,860,15.737308447969824,-3.128077690670298,-18.868588727093424,0.0,46.0,111.0,1.0,-1.2148875387075357,2.516229907902459,47.0,8.769549031863411,22.510163583813863,-10.320427710270069,0.47242767289093734,0.24979166635809344,1.0,-11.557879446135065,1.0853804266594842,0.0035896190082506806,1.0556469293342192,0.0,0.0,1.1822660552293338,0.0,0.0,0.0,0.0,0.0,nan,0.5,,,0,0,0,0.0,-2,172,True,True,False,"A:1,B:1,ESTOP:0,MODE:1,J:0",DRIVE_DONE,,,,,,,,,,,,,,,,,,0,,,False,0,,,,-9999.0,-1.0,-1.0,False,36.967632951666666,127.87378448833333,121.96100000000001,2,0.00012100000000000003,36.967632951666666,127.87378448833333,4.0,0.011000000000000001,1.0,1.0,0.0,0.0,0.05353760091750705,-10.320427710270069,0.0,0.0,0.0,-0.029627412958754526,0.48674304758553216,0.12113779312490489,0.86459762728413,-0.0008552113334772215,0.0047298422729046335,0.007016223593017205,-8.3552658,0.7158854499999999,5.34462425
1789565198.544845,24.174,0.0,0.0,0,2,860,15.738346097903987,-3.128634288565803,-18.856108446262482,0.0,46.0,111.0,1.0,-1.2152825546885435,2.516229907902459,47.0,8.769549031863411,22.509073111198497,-10.320427710270069,0.47242767289093734,0.07955708494050301,1.0,-11.557879446135065,1.0853804266594842,0.0035896190082506806,1.0556469293342192,0.0,0.0,1.1822660552293338,0.0,0.0,0.0,0.0,0.0,nan,0.5,,,0,0,0,0.0,-2,171,True,True,False,"A:1,B:1,ESTOP:0,MODE:1,J:0",DRIVE_DONE,,,,,,,,,,,,,,,,,,0,,,False,0,,,,-9999.0,-1.0,-1.0,False,36.967632951666666,127.87378448833333,121.96100000000001,2,0.00012100000000000003,36.967632951666666,127.87378448833333,4.0,0.038964949607849124,1.0,0.0,0.05592989921569824,0.0,0.05353760091750705,-10.320427710270069,0.0,0.0,0.0,-0.02969943054561197,0.4867883018405203,0.12106878463341311,0.8645793441922361,-0.0016231562043547264,-0.0004014257279586958,0.00019198621771937625,-8.38468575,0.4903325,5.34462425
1789565198.594887,24.224,0.0,0.0,0,2,860,15.738346097903987,-3.128634288565803,-18.852134996358842,0.0,46.0,111.0,1.0,-1.2152825546885435,2.516229907902459,47.0,8.769549031863411,22.509073111198497,-10.320427710270069,0.47242767289093734,-0.4256362193645801,1.0,-11.557879446135065,1.0853804266594842,0.0035896190082506806,1.0556469293342192,0.0,0.0,1.1822660552293338,0.0,0.0,0.0,0.0,0.0,nan,0.5,,,0,0,0,0.0,-2,172,True,True,False,"A:1,B:1,ESTOP:0,MODE:1,J:0",DRIVE_DONE,,,,,,,,,,,,,,,,,,0,,,False,0,,,,-9999.0,-1.0,-1.0,False,36.967632951666666,127.87378448833333,121.96100000000001,2,0.00012100000000000003,36.967632951666666,127.87378448833333,4.0,0.06394489860534668,1.0,0.0,0.10588979721069336,0.0,0.05353760091750705,-10.320427710270069,0.0,0.0,0.0,-0.02973158282720538,0.48676409208402815,0.12102408729254953,0.8645981274182858,0.006824237375297829,0.003351032163829113,-0.003246312408709453,-8.2571993,0.55897905,5.08965135
1789565198.644859,24.274,0.0,0.0,0,2,861,15.738346097903987,-3.128634288565803,-18.87347229636285,0.0,46.0,111.0,1.0,-1.2152825546885435,2.516229907902459,47.0,8.769549031863411,22.509073111198497,-10.320427710270069,0.47242767289093734,0.10516421709851757,1.0,-11.557879446135065,1.0853804266594842,0.0035896190082506806,1.0556469293342192,0.0,0.0,1.1822660552293338,0.0,0.0,0.0,0.0,0.0,nan,0.5,,,0,0,0,0.0,-2,172,True,True,False,"A:1,B:1,ESTOP:0,MODE:1,J:0",DRIVE_DONE,,,,,,,,,,,,,,,,,,0,,,False,0,,,,-9999.0,-1.0,-1.0,False,36.967632951666666,127.87378448833333,121.96100000000001,2,0.00012100000000000003,36.967632951666666,127.87378448833333,4.0,0.08895321941375732,1.0,0.0,0.15590643882751465,0.0,0.05353760091750705,-10.320427710270069,0.0,0.0,0.0,-0.02970362319257861,0.4867630148705475,0.12105167083689744,0.8645958333874643,-0.0045553093477052,0.008133234314293577,-0.005009094953223725,-8.36507245,0.7158854499999999,5.38385085
1789565198.694887,24.324,0.0,0.0,0,2,861,15.738346097903987,-3.128634288565803,-18.868214165741847,0.0,46.0,111.0,1.0,-1.2152825546885435,2.516229907902459,47.0,8.769549031863411,22.509073111198497,-10.320427710270069,0.47242767289093734,0.03730034180559191,1.0,-11.557879446135065,1.0853804266594842,0.0035896190082506806,1.0556469293342192,0.0,0.0,1.1822660552293338,0.0,0.0,0.0,0.0,0.0,nan,0.5,,,0,0,0,0.0,-2,172,True,True,False,"A:1,B:1,ESTOP:0,MODE:1,J:0",DRIVE_DONE,,,,,,,,,,,,,,,,,,0,,,False,0,,,,-9999.0,-1.0,-1.0,False,36.967632965,127.87378450166666,121.95400000000001,2,0.00012100000000000003,36.967632965,127.87378450166666,4.0,0.011000000000000001,1.0,1.0,0.0,0.0,0.022098355379241996,-10.320427710270069,0.0,0.0,0.0,-0.02968950420787409,0.48689577932695477,0.1210132149981957,0.8645269430210307,-0.002234021442552742,0.004049163864626845,-0.0028797932657906437,-8.433719,0.6080123,5.1975245
1789565198.744863,24.374,0.0,0.0,0,2,860,15.739531984626401,-3.1271500285657514,-18.866346936049666,0.0,46.0,111.0,1.0,-1.2136375154339316,2.516229907902459,47.0,8.769549031863411,22.508050085308515,-10.320427710270069,0.47242767289093734,-0.11547366120277673,1.0,-11.557879446135065,1.0853804266594842,0.0035896190082506806,1.0556469293342192,0.0,0.0,1.1822660552293338,0.0,0.0,0.0,0.0,0.0,nan,0.5,,,0,0,0,0.0,-2,172,True,True,False,"A:1,B:1,ESTOP:0,MODE:1,J:0",DRIVE_DONE,,,,,,,,,,,,,,,,,,0,,,False,0,,,,-9999.0,-1.0,-1.0,False,36.967632965,127.87378450166666,121.95400000000001,2,0.00012100000000000003,36.967632965,127.87378450166666,4.0,0.034720264434814456,1.0,0.0,0.047440528869628906,0.0,0.022098355379241996,-10.320427710270069,0.0,0.0,0.0,-0.029710317206111524,0.48704665994928203,0.12098812079926301,0.8644447482107944,0.0036477381366681488,-0.002373647782712288,0.0027576202181510408,-8.433719,0.6472389,5.1190713
1789565198.794853,24.424,0.0,0.0,0,0,861,15.739531984626401,-3.1271500285657514,-18.87210258075521,0.0,46.0,111.0,1.0,-1.2136375154339316,2.516229907902459,47.0,8.769549031863411,22.508050085308515,-10.320427710270069,0.47242767289093734,0.46683691612056655,1.0,-11.557879446135065,1.0853804266594842,0.0035896190082506806,1.0556469293342192,0.0,0.0,1.1822660552293338,0.0,0.0,0.0,0.0,0.0,nan,0.5,,,0,0,0,0.0,-2,172,True,True,False,"A:1,B:1,ESTOP:0,MODE:1,J:0",DRIVE_DONE,,,,,,,,,,,,,,,,,,0,,"🏁 완전정지 확인 — 리니어 해제, 메뉴로 복귀",False,0,,,,-9999.0,-1.0,-1.0,False,36.967632965,127.87378450166666,121.95400000000001,2,0.00012100000000000003,36.967632965,127.87378450166666,4.0,0.05971797561645508,1.0,0.0,0.09743595123291016,0.0,0.022098355379241996,-10.320427710270069,0.0,0.0,0.0,-0.029761304240314423,0.4869120649134226,0.12097829835454338,0.8645201889712592,-0.009197885158010117,0.0037000980142279784,0.00012217304763960306,-8.316039199999999,0.6668522,5.28578435
1789565198.819658,24.449,0.0,0.0,0,0,861,15.739531984626401,-3.1271500285657514,-18.87210258075521,0.0,46.0,111.0,1.0,-1.2136375154339316,2.516229907902459,47.0,8.769549031863411,22.508050085308515,-10.320427710270069,0.47242767289093734,0.46683691612056655,1.0,-11.557879446135065,1.0853804266594842,0.0035896190082506806,1.0556469293342192,0.0,0.0,1.1822660552293338,0.0,0.0,0.0,0.0,0.0,nan,0.5,,,0,0,0,0.0,-2,172,True,True,False,"A:1,B:1,ESTOP:0,MODE:1,J:0",IDLE,,,,,,,,,,,,,,,,,,0,,,False,0,,,,-9999.0,-1.0,-1.0,False,36.967632965,127.87378450166666,121.95400000000001,2,0.00012100000000000003,36.967632965,127.87378450166666,4.0,0.05971797561645508,1.0,0.0,0.09743595123291016,0.0,0.022098355379241996,-10.320427710270069,0.0,0.0,0.0,-0.02983062092503882,0.48683495926317616,0.1209413545898426,0.8645663914613049,-0.0013962634015954637,-0.0016755160819145565,0.000593411945678072,-8.414105699999999,0.5197524499999999,5.3152043
