t_wall,t_rel,cmd_pulse,cmd_steer_deg,drive_pulse_cmd,brake_level,brake_pot,ego_x_m,ego_y_m,ego_heading_deg,ego_pulse,ego_wp_idx,ego_wp_total,ego_fix_ok,cte_m,heading_err_deg,target_idx,target_dist_m,goal_dist_m,gps_course_deg,fuse_corr_deg,gyro_z_dps,brake_latched,head_init_deg,head_sigma_deg,head_resid_m,head_dist_m,ref_pulse,out_pulse,meas_pulse,cte_integral,cte_i_term_deg,goal_phase,cb_state,cb_v0_ms,cb_v_corner_ms,goal_need_m,lidar_zone,rejoin,encoder_sum,encoder_l,encoder_r,speed_kmh,steer_measured_deg,throttle_raw,control_state,vehicle_mode,estop,board_status,drive_state,cone_stop,cone_dist_m,aeb_stop,lstatus,drive_cmd,drive_event,tl_permit,tl_req,tl_state,tl_near_metric,tl_red_far,sl_bev_y,sl_px,sl_y,sl_wait,fix_lat,fix_lon,fix_alt_m,fix_status,fix_cov_xx,gps_lat,gps_lon,gps_quality,gps_sigma_m,gps_pos_ok,gps_is_raw,gps_raw_age_s,gps_dr_dist_m,gps_kmh,gps_fix_course_deg,gps_mode,gps_reject_n,gps_resid_m,imu_quat_x,imu_quat_y,imu_quat_z,imu_quat_w,imu_gyro_x,imu_gyro_y,imu_gyro_z,imu_acc_x,imu_acc_y,imu_acc_z
1789045240.743095,0.042,0.0,0.0,0,0,234,1.497922955193804,0.11595780340786721,0.0,0.0,0.0,107.0,1.0,-0.7944334637066388,0.0,0.0,0.0,38.25245285996356,nan,0.0,0.10147327156019116,0.0,0.0,0.0,0.0,0.0,0.0,0.0,nan,0.0,0.0,0.0,0.0,0.0,nan,nan,,,0,0,0,0.0,-3,178,True,True,False,"A:1,B:1,ESTOP:0,MODE:1",DRIVE_HEADING,,,,0,route_20260910_212627.csv | DRIVE_START,prompt 에서 1)매핑 또는 2)주행 선택 — 스위치는 취소·정리만 한다 | 주행모드 최초 인식: 수동조종 | 📶 GPS 품질 ↘ 저하 : RTK_FLOAT → DGPS (σ=0.06m) | 📶 GPS 품질 ↗ 회복 : DGPS → RTK_FLOAT (σ=2.32m) | 📶 GPS 품질 ↗ 회복 : RTK_FLOAT → RTK_FIXED (σ=0.01m) | 📶 GPS 품질 ↘ 저하 : RTK_FIXED → RTK_FLOAT (σ=2.64m) | 📶 GPS 품질 ↗ 회복 : RTK_FLOAT → RTK_FIXED (σ=0.01m) | 📶 GPS 품질 ↘ 저하 : RTK_FIXED → RTK_FLOAT (σ=2.32m) | 📶 GPS 품질 ↗ 회복 : RTK_FLOAT → RTK_FIXED (σ=0.01m) | 📁 경로 선택: route_20260910_212627.csv (WP 107개) — 스위치를 자율로 올리면 출발 | ⏸️ 일시정지 지점 없음 (terrain 열에 'S' 가 없다) | 🚦 신호등 구간 없음 (terrain 열에 'T' 가 없다) — ★이 경로에서는 신호등 개입이 전혀 없다★ | 🛞 라이다 구간 1곳 / WP 32개 (49~80) — terrain 열의 'L' | ▶ 주행 시작(prompt) [route_20260910_212627.csv] | 📶 출발 GPS : RTK_FIXED σ=0.075m,False,0,UNKNOWN,0.0,False,-9999.0,-1.0,-1.0,False,36.967666513333334,127.87359845833333,121.744,2,0.00016384,36.967666513333334,127.87359845833333,4.0,0.0128,1.0,1.0,0.0,0.0,0.03637839631762944,-0.21101898583410605,0.0,5.0,0.0,0.48953234352278246,-0.03254371565813159,-0.8713747678196125,-0.0022372356987243464,-0.013613568165555772,-0.0024434609527920616,0.005235987755982988,-8.394492399999999,0.55897905,5.14849125
1789045240.793262,0.092,0.0,0.0,0,0,234,1.497922955193804,0.11595780340786721,0.0,0.0,0.0,107.0,1.0,-0.7944334637066388,0.0,0.0,0.0,38.25245285996356,nan,0.0,0.22302632501707076,0.0,0.0,0.0,0.0,0.0,0.0,0.0,nan,0.0,0.0,0.0,0.0,0.0,nan,nan,,,0,0,0,0.0,-3,178,True,True,False,"A:1,B:1,ESTOP:0,MODE:1",DRIVE_HEADING,,,,0,,,False,0,UNKNOWN,0.0,False,-9999.0,-1.0,-1.0,False,36.967666513333334,127.87359845833333,121.744,2,0.00016384,36.967666513333334,127.87359845833333,4.0,0.048390529441833495,1.0,0.0,0.07118105888366699,0.0,0.03637839631762944,-0.21101898583410605,0.0,5.0,0.0,0.4895345571639374,-0.03253235230506032,-0.8713740704882649,-0.0021892182439388723,-0.012531464029319286,-0.009878563566287904,-0.003490658503988659,-8.3356525,0.5099457999999999,5.10926465
1789045240.843223,0.142,0.0,-3.0,0,0,234,1.497922955193804,0.11595780340786721,0.0,0.0,0.0,107.0,1.0,-0.7944334637066388,0.0,0.0,0.0,38.25245285996356,nan,0.0,-0.27641972763296335,0.0,0.0,0.0,0.0,0.0,0.0,0.0,nan,0.0,0.0,0.0,0.0,0.0,nan,nan,,,0,0,0,0.0,-3,178,False,True,False,"A:1,B:1,ESTOP:0,MODE:1",DRIVE_HEADING,,,,0,,,False,0,UNKNOWN,0.0,False,-9999.0,-1.0,-1.0,False,36.967666513333334,127.87359845833333,121.744,2,0.00016384,36.967666513333334,127.87359845833333,4.0,0.07340063838958741,1.0,0.0,0.1212012767791748,0.0,0.03637839631762944,-0.21101898583410605,0.0,5.0,0.0,0.48952830867083497,-0.03254183737064267,-0.8713772802844476,-0.0021677717808244942,-0.013159782560037244,-0.00947713783832921,0.006283185307179586,-8.316039199999999,0.44129925,5.20733115
1789045240.893211,0.192,0.0,0.0,0,0,234,1.497922955193804,0.11595780340786721,0.0,0.0,0.0,107.0,1.0,-0.7944334637066388,0.0,0.0,0.0,38.25245285996356,nan,0.0,0.28301311182230254,0.0,0.0,0.0,0.0,0.0,0.0,0.0,nan,0.0,0.0,0.0,0.0,0.0,nan,nan,,,0,0,0,0.0,-3,178,True,True,False,"A:1,B:1,ESTOP:0,MODE:1",DRIVE_HEADING,,,,0,,,False,0,UNKNOWN,0.0,False,-9999.0,-1.0,-1.0,False,36.96766653833333,127.87359844833334,121.74,2,0.00016384,36.96766653833333,127.87359844833334,4.0,0.0128,1.0,1.0,0.0,0.0,0.05701335363974323,-0.21101898583410605,0.0,5.0,0.0,0.48953486006316205,-0.03252047613423101,-0.8713743733874895,-0.0021773420731095346,-0.014154620233674014,-0.0006108652381980154,-0.003298672286269283,-8.28661925,0.50013915,5.1386845999999995
1789045240.943122,0.242,0.0,0.0,0,0,234,1.4970335408355435,0.11874079051247817,0.0,0.0,0.0,107.0,1.0,-0.7918198025973595,0.0,0.0,0.0,38.2537632162719,nan,0.0,-0.26545491440134206,0.0,0.0,0.0,0.0,0.0,0.0,0.0,nan,0.0,0.0,0.0,0.0,0.0,nan,nan,,,0,0,0,0.0,-3,178,True,True,False,"A:1,B:1,ESTOP:0,MODE:1",DRIVE_HEADING,,,,0,,,False,0,UNKNOWN,0.0,False,-9999.0,-1.0,-1.0,False,36.96766653833333,127.87359844833334,121.74,2,0.00016384,36.96766653833333,127.87359844833334,4.0,0.0128,1.0,1.0,0.0,0.0,0.05701335363974323,-0.21101898583410605,0.0,5.0,0.0,0.4895421492928161,-0.03253192438770258,-0.8713698199029671,-0.0021897314158381836,-0.009965830028887622,0.001762782544514273,0.0032114058236695662,-8.316039199999999,0.5099457999999999,5.1190713
1789045240.993189,0.292,0.0,0.0,0,0,234,1.4970335408355435,0.11874079051247817,0.0,0.0,0.0,107.0,1.0,-0.7918198025973595,0.0,0.0,0.0,38.2537632162719,nan,0.0,0.10732999542746065,0.0,0.0,0.0,0.0,0.0,0.0,0.0,nan,0.0,0.0,0.0,0.0,0.0,nan,nan,,,0,0,0,0.0,-3,178,True,True,False,"A:1,B:1,ESTOP:0,MODE:1",DRIVE_HEADING,,,,0,,,False,0,UNKNOWN,0.0,False,-9999.0,-1.0,-1.0,False,36.96766653833333,127.87359844833334,121.74,2,0.00016384,36.96766653833333,127.87359844833334,4.0,0.04534139423370361,1.0,0.0,0.06508278846740723,0.0,0.05701335363974323,-0.21101898583410605,0.0,5.0,0.0,0.4895824376566016,-0.03258258037947066,-0.8713453282141262,-0.0021751306746162526,0.007487462491055674,-0.006056292504420323,0.004782202150464463,-8.3552658,0.57859235,5.16810455
1789045241.043120,0.342,0.0,0.0,0,0,234,1.4970335408355435,0.11874079051247817,0.0,0.0,0.0,107.0,1.0,-0.7918198025973595,0.0,0.0,0.0,38.2537632162719,nan,0.0,0.19693533543660577,0.0,0.0,0.0,0.0,0.0,0.0,0.0,nan,0.0,0.0,0.0,0.0,0.0,nan,nan,,,0,0,0,0.0,-3,177,True,True,False,"A:1,B:1,ESTOP:0,MODE:1",DRIVE_HEADING,,,,0,,,False,0,UNKNOWN,0.0,False,-9999.0,-1.0,-1.0,False,36.96766653833333,127.87359844833334,121.74,2,0.00016384,36.96766653833333,127.87359844833334,4.0,0.07034148960113526,1.0,0.0,0.11508297920227051,0.0,0.05701335363974323,-0.21101898583410605,0.0,5.0,0.0,0.489643948334752,-0.03259674416623947,-0.8713102386140579,-0.002173525989952362,-0.01033234917180643,-0.004956735075663896,0.007958701389094143,-8.28661925,0.44129925,5.12887795
1789045241.093347,0.392,0.0,0.0,0,0,234,1.4970335408355435,0.11874079051247817,0.0,0.0,0.0,107.0,1.0,-0.7918198025973595,0.0,0.0,0.0,38.2537632162719,nan,0.0,0.37817746476573255,0.0,0.0,0.0,0.0,0.0,0.0,0.0,nan,0.0,0.0,0.0,0.0,0.0,nan,nan,,,0,0,0,0.0,-3,176,True,True,False,"A:1,B:1,ESTOP:0,MODE:1",DRIVE_HEADING,,,,0,,,False,0,UNKNOWN,0.0,False,-9999.0,-1.0,-1.0,False,36.96766653833333,127.87359844833334,121.74,2,0.00016384,36.96766653833333,127.87359844833334,4.0,0.09532000808715821,1.0,0.0,0.1650400161743164,0.0,0.05701335363974323,-0.21101898583410605,0.0,5.0,0.0,0.48963633782546784,-0.03260477715649035,-0.8713142054511449,-0.0021772841982330357,-0.012566370614359171,-0.007138396640656807,0.006387905062299246,-8.3552658,0.50013915,5.0210048
1789045241.143108,0.442,0.0,0.0,0,0,234,1.496737068540167,0.11985398551251707,0.0,0.0,0.0,107.0,1.0,-0.7907652445861322,0.0,0.0,0.0,38.25422883359725,nan,0.0,0.287601109836201,0.0,0.0,0.0,0.0,0.0,0.0,0.0,nan,0.0,0.0,0.0,0.0,0.0,nan,nan,,,0,0,0,0.0,-3,174,True,True,False,"A:1,B:1,ESTOP:0,MODE:1",DRIVE_HEADING,,,,0,,,False,0,UNKNOWN,0.0,False,-9999.0,-1.0,-1.0,False,36.967666548333334,127.873598445,121.74,2,0.00016384,36.967666548333334,127.873598445,4.0,0.0128,1.0,1.0,0.0,0.0,0.035509238226946835,-0.21101898583410605,0.0,5.0,0.0,0.4896059333209912,-0.032621702226213134,-0.8713306408862764,-0.002183770467813418,-0.0048520153205442364,0.00022689280275926284,0.003490658503988659,-8.24739265,0.5197524499999999,5.10926465
1789045241.193366,0.492,0.0,0.0,0,0,233,1.496737068540167,0.11985398551251707,0.0,0.0,0.0,107.0,1.0,-0.7907652445861322,0.0,0.0,0.0,38.25422883359725,nan,0.0,0.12135790761652866,0.0,0.0,0.0,0.0,0.0,0.0,0.0,nan,0.0,0.0,0.0,0.0,0.0,nan,nan,,,0,0,0,0.0,-3,170,True,True,False,"A:1,B:1,ESTOP:0,MODE:1",DRIVE_HEADING,,,,0,,,False,0,UNKNOWN,0.0,False,-9999.0,-1.0,-1.0,False,36.967666548333334,127.873598445,121.74,2,0.00016384,36.967666548333334,127.873598445,4.0,0.04193177013397217,1.0,0.0,0.058263540267944336,0.0,0.035509238226946835,-0.21101898583410605,0.0,5.0,0.0,0.48962032005799455,-0.032610850414442435,-0.8713229352568413,-0.0021947931465528675,-0.011135200627723822,-0.0003665191429188092,-0.0017453292519943296,-8.2571993,0.57859235,5.1190713
1789045241.243100,0.542,0.0,0.0,0,0,232,1.496737068540167,0.11985398551251707,0.0,0.0,0.0,107.0,1.0,-0.7907652445861322,0.0,0.0,0.0,38.25422883359725,nan,0.0,-0.1782848081987044,0.0,0.0,0.0,0.0,0.0,0.0,0.0,nan,0.0,0.0,0.0,0.0,0.0,nan,nan,,,0,0,0,0.0,-3,170,True,True,False,"A:1,B:1,ESTOP:0,MODE:1",DRIVE_HEADING,,,,0,,,False,0,UNKNOWN,0.0,False,-9999.0,-1.0,-1.0,False,36.967666548333334,127.873598445,121.74,2,0.00016384,36.967666548333334,127.873598445,4.0,0.06692662029266358,1.0,0.0,0.10825324058532715,0.0,0.035509238226946835,-0.21101898583410605,0.0,5.0,0.0,0.4895950998832394,-0.03260496753797646,-0.8713372219454902,-0.002236048855394919,-0.013404128655316452,0.0033684854563490563,-0.0013962634015954637,-8.3552658,0.45110589999999995,5.14849125
1789045241.293130,0.592,0.0,0.0,0,0,229,1.496737068540167,0.11985398551251707,0.0,0.0,0.0,107.0,1.0,-0.7907652445861322,0.0,0.0,0.0,38.25422883359725,nan,0.0,-0.15796823858230702,0.0,0.0,0.0,0.0,0.0,0.0,0.0,nan,0.0,0.0,0.0,0.0,0.0,nan,nan,,,0,0,0,0.0,-3,170,True,True,False,"A:1,B:1,ESTOP:0,MODE:1",DRIVE_HEADING,,,,0,,,False,0,UNKNOWN,0.0,False,-9999.0,-1.0,-1.0,False,36.967666555,127.87359845833333,121.742,2,0.00016384,36.967666555,127.87359845833333,4.0,0.0128,1.0,1.0,0.0,0.0,0.01898900134336156,-0.21101898583410605,0.0,5.0,0.0,0.48955704247499504,-0.0326451291963955,-0.8713570527611234,-0.0022548406452778808,-0.005654866776461628,-0.003351032163829113,-0.00022689280275926284,-8.3552658,0.53936575,5.16810455
1789045241.343168,0.642,0.0,0.0,0,0,227,1.497922955193804,0.12059611551254301,0.0,0.0,0.0,107.0,1.0,-0.7898500230868131,0.0,0.0,0.0,38.25317249190393,nan,0.0,-0.09078630210514238,0.0,0.0,0.0,0.0,0.0,0.0,0.0,nan,0.0,0.0,0.0,0.0,0.0,nan,nan,,,0,0,0,0.0,-3,170,True,True,False,"A:1,B:1,ESTOP:0,MODE:1",DRIVE_HEADING,,,,0,,,False,0,UNKNOWN,0.0,False,-9999.0,-1.0,-1.0,False,36.967666555,127.87359845833333,121.742,2,0.00016384,36.967666555,127.87359845833333,4.0,0.0128,1.0,1.0,0.0,0.0,0.01898900134336156,-0.21101898583410605,0.0,5.0,0.0,0.4895640248893536,-0.03266845319466069,-0.8713521924973654,-0.0022791072899428673,-0.002234021442552742,-0.0026354471705114374,0.0031764992386296795,-8.325845849999999,0.48052585,5.0602314
1789045241.393155,0.692,0.0,-3.0,0,0,222,1.497922955193804,0.12059611551254301,0.0,0.0,0.0,107.0,1.0,-0.7898500230868131,0.0,0.0,0.0,38.25317249190393,nan,0.0,0.1040052704990679,0.0,0.0,0.0,0.0,0.0,0.0,0.0,nan,0.0,0.0,0.0,0.0,0.0,nan,nan,,,0,0,0,0.0,-3,170,False,True,False,"A:1,B:1,ESTOP:0,MODE:1",DRIVE_HEADING,,,,0,,,False,0,UNKNOWN,0.0,False,-9999.0,-1.0,-1.0,False,36.967666555,127.87359845833333,121.742,2,0.00016384,36.967666555,127.87359845833333,4.0,0.050305388259887694,1.0,0.0,0.07501077651977539,0.0,0.01898900134336156,-0.21101898583410605,0.0,5.0,0.0,0.4895720676548817,-0.03270510375648894,-0.8713462701145732,-0.0022900475590590177,-0.013351768777756621,-0.00027925268031909274,-0.0010821041362364843,-8.325845849999999,0.5883989999999999,5.099458
1789045241.443186,0.742,3.0,0.0,0,0,217,1.497922955193804,0.12059611551254301,0.0,0.0,0.0,107.0,1.0,-0.7898500230868131,0.0,0.0,0.0,38.25317249190393,nan,0.0,-0.13971474004193024,0.0,0.0,0.0,0.0,0.0,0.0,0.0,nan,0.0,0.0,0.0,0.0,0.0,nan,nan,,,0,0,0,0.0,-3,169,True,True,False,"A:1,B:1,ESTOP:0,MODE:1",DRIVE_HEADING,,,,0,,,False,0,UNKNOWN,0.0,False,-9999.0,-1.0,-1.0,False,36.967666555,127.87359845833333,121.742,2,0.00016384,36.967666555,127.87359845833333,4.0,0.0753673532485962,1.0,0.0,0.12513470649719238,0.0,0.01898900134336156,-0.21101898583410605,0.0,5.0,0.0,0.4895956792596498,-0.032698603644600574,-0.8713332918013299,-0.0022730527125654314,-0.008307767239493008,-0.00466002910282486,0.0040666171571467884,-8.394492399999999,0.4707192,5.16810455
1789045241.493132,0.792,3.0,0.0,3,0,203,1.497922955193804,0.12059611551254301,0.0,0.0,0.0,107.0,1.0,-0.7898500230868131,0.0,0.0,0.0,38.25317249190393,nan,0.0,0.15497468943815368,0.0,0.0,0.0,0.0,0.0,3.0,3.0,nan,0.0,0.0,0.0,0.0,0.0,nan,nan,,,0,0,0,0.0,-3,170,True,True,False,"A:1,B:1,ESTOP:0,MODE:1",DRIVE_HEADING,,,,0,,,False,0,UNKNOWN,0.0,False,-9999.0,-1.0,-1.0,False,36.96766654,127.873598445,121.747,2,0.00016384,36.96766654,127.873598445,4.0,0.0128,1.0,1.0,0.0,0.0,0.008643428308099234,-0.21101898583410605,0.0,5.0,0.0,0.4895717219102198,-0.0327321878577684,-0.8713453934688908,-0.002310468448139154,0.00890117918517108,-0.005497787143782138,0.004694935687864747,-8.571012099999999,0.6668522,4.75622525
1789045241.543124,0.842,3.0,0.0,3,0,193,1.496737068540167,0.11892632340797094,0.0,0.0,0.0,107.0,1.0,-0.7916819323974512,0.0,0.0,0.0,38.25408488532064,nan,0.0,0.19059274005927734,0.0,0.0,0.0,0.0,0.0,3.0,3.0,nan,0.0,0.0,0.0,0.0,0.0,nan,nan,,,0,0,0,0.0,-3,169,True,True,False,"A:1,B:1,ESTOP:0,MODE:1",DRIVE_HEADING,,,,0,,,False,0,UNKNOWN,0.0,False,-9999.0,-1.0,-1.0,False,36.96766654,127.873598445,121.747,2,0.00016384,36.96766654,127.873598445,4.0,0.0128,1.0,1.0,0.0,0.0,0.008643428308099234,-0.21101898583410605,0.0,5.0,0.0,0.48957047617292176,-0.03268511402264451,-0.871347861596533,-0.002310037292903258,-0.016824973989225337,-0.0063006385996995295,-0.0029146998508305304,-8.227779349999999,0.34323275000000003,5.71727695
1789045241.593265,0.892,3.0,0.0,3,0,193,1.496737068540167,0.11892632340797094,0.0,0.0,0.0,107.0,1.0,-0.7916819323974512,0.0,0.0,0.0,38.25408488532064,nan,0.0,-0.24491644542084123,0.0,0.0,0.0,0.0,0.0,3.0,3.0,nan,0.0,0.0,0.0,0.0,0.0,nan,nan,,,0,0,0,0.0,-3,170,True,True,False,"A:1,B:1,ESTOP:0,MODE:1",DRIVE_HEADING,,,,0,,,False,0,UNKNOWN,0.0,False,-9999.0,-1.0,-1.0,False,36.96766654,127.873598445,121.747,2,0.00016384,36.96766654,127.873598445,4.0,0.04875459461212158,1.0,0.0,0.07190918922424316,0.0,0.008643428308099234,-0.21101898583410605,0.0,5.0,0.0,0.48958639493328837,-0.03271706354115607,-0.871337708107138,-0.002313888517240254,0.005811946409141118,6.981317007977319e-05,-0.0022689280275926286,-8.394492399999999,0.5982056499999999,5.24655775
1789045241.643154,0.942,3.0,0.0,3,0,192,1.496737068540167,0.11892632340797094,0.0,0.0,0.0,107.0,1.0,-0.7916819323974512,0.0,0.0,0.0,38.25408488532064,nan,0.0,-0.20750061252999957,0.0,0.0,0.0,0.0,0.0,3.0,3.0,nan,0.0,0.0,0.0,0.0,0.0,nan,nan,,,0,0,0,0.0,-3,170,True,True,False,"A:1,B:1,ESTOP:0,MODE:1",DRIVE_HEADING,,,,0,,,False,0,UNKNOWN,0.0,False,-9999.0,-1.0,-1.0,False,36.96766654,127.873598445,121.747,2,0.00016384,36.96766654,127.873598445,4.0,0.07379772453308106,1.0,0.0,0.12199544906616211,0.0,0.008643428308099234,-0.21101898583410605,0.0,5.0,0.0,0.4895542724143909,-0.03275961892329441,-0.8713540174806833,-0.0023659985397021625,-0.0010995574287564276,-0.010576695267085637,0.0046251225177849735,-8.227779349999999,0.50013915,5.099458
1789045241.693082,0.992,3.0,0.0,3,0,191,1.496737068540167,0.11892632340797094,0.0,0.0,0.0,107.0,1.0,-0.7916819323974512,0.0,0.0,0.0,38.25408488532064,nan,0.0,0.18712438869506046,0.0,0.0,0.0,0.0,0.0,3.0,3.0,nan,0.0,0.0,0.0,0.0,0.0,nan,nan,,,0,0,0,0.0,-3,170,True,True,False,"A:1,B:1,ESTOP:0,MODE:1",DRIVE_HEADING,,,,0,,,False,0,UNKNOWN,0.0,False,-9999.0,-1.0,-1.0,False,36.967666548333334,127.87359847,121.742,2,0.00016384,36.967666548333334,127.87359847,4.0,0.0128,1.0,1.0,0.0,0.0,0.011374513100165072,-0.21101898583410605,0.0,5.0,0.0,0.48952429251385055,-0.03271903925338453,-0.8713724688054281,-0.0023349768912764336,-0.020263272615654165,-0.004345869837465881,0.004310963252425994,-8.149326149999998,0.5099457999999999,4.962164899999999
1789045241.743089,1.042,3.0,0.0,3,0,192,1.49896060633172,0.11985398551251707,0.0,0.0,0.0,107.0,1.0,-0.7904242365296388,0.0,0.0,0.0,38.252032234577925,nan,0.0,0.16878613991767036,0.0,0.0,0.0,0.0,0.0,3.0,3.0,nan,0.0,0.0,0.0,0.0,0.0,nan,nan,,,0,0,0,0.0,-3,171,True,True,False,"A:1,B:1,ESTOP:0,MODE:1",DRIVE_HEADING,,,,0,,,False,0,UNKNOWN,0.0,False,-9999.0,-1.0,-1.0,False,36.967666548333334,127.87359847,121.742,2,0.00016384,36.967666548333334,127.87359847,4.0,0.0128,1.0,1.0,0.0,0.0,0.011374513100165072,-0.21101898583410605,0.0,5.0,0.0,0.4895242516862571,-0.03273424756699224,-0.8713718976177475,-0.0023435207015932193,-0.0045029494701453706,-0.007504915783575617,-0.00012217304763960306,-8.3748791,0.46091255,5.2171378
1789045241.793220,1.092,3.0,0.0,3,0,191,1.49896060633172,0.11985398551251707,0.0,0.0,0.0,107.0,1.0,-0.7904242365296388,0.0,0.0,0.0,38.252032234577925,nan,0.0,-0.08504343236216502,0.0,0.0,0.0,0.0,0.0,3.0,3.0,nan,0.0,0.0,0.0,0.0,0.0,nan,nan,,,0,0,0,0.0,-2,170,True,True,False,"A:1,B:1,ESTOP:0,MODE:1",DRIVE_HEADING,,,,0,,,False,0,UNKNOWN,0.0,False,-9999.0,-1.0,-1.0,False,36.967666548333334,127.87359847,121.742,2,0.00016384,36.967666548333334,127.87359847,4.0,0.048387549209594725,1.0,0.0,0.07117509841918945,0.0,0.011374513100165072,-0.21101898583410605,0.0,5.0,0.0,0.4895660952092173,-0.03282010164455663,-0.8713452293116684,-0.002317478249466775,-0.010471975511965976,0.001954768762233649,0.0045204027626653135,-8.227779349999999,0.57859235,5.099458
1789045241.843137,1.142,3.0,0.0,3,0,192,1.49896060633172,0.11985398551251707,0.0,0.0,0.0,107.0,1.0,-0.7904242365296388,0.0,0.0,0.0,38.252032234577925,nan,0.0,0.18059465450255935,0.0,0.0,0.0,0.0,0.0,3.0,3.0,nan,0.0,0.0,0.0,0.0,0.0,nan,nan,,,0,0,0,0.0,-3,170,True,True,False,"A:1,B:1,ESTOP:0,MODE:1",DRIVE_HEADING,,,,0,,,False,0,UNKNOWN,0.0,False,-9999.0,-1.0,-1.0,False,36.967666548333334,127.87359847,121.742,2,0.00016384,36.967666548333334,127.87359847,4.0,0.07340206890106202,1.0,0.0,0.12120413780212402,0.0,0.011374513100165072,-0.21101898583410605,0.0,5.0,0.0,0.48961389562689334,-0.03279854788780986,-0.8713193119173162,-0.002268291304765503,-0.011885692206081384,-0.005934119456780721,0.009948376736367677,-8.414105699999999,0.5687857,5.18771785
1789045241.893068,1.192,0.0,-3.0,3,0,192,1.49896060633172,0.11985398551251707,0.0,0.0,0.0,107.0,1.0,-0.7904242365296388,0.0,0.0,0.0,38.252032234577925,nan,0.0,0.4906114651935541,0.0,0.0,0.0,0.0,0.0,3.0,3.0,nan,0.0,0.0,0.0,0.0,0.0,nan,nan,,,0,0,0,0.0,-3,177,False,True,False,"A:1,B:1,ESTOP:0,MODE:1",DRIVE_HEADING,,,,0,,,False,0,UNKNOWN,0.0,False,-9999.0,-1.0,-1.0,False,36.967666565,127.87359844,121.738,2,0.00016384,36.967666565,127.87359844,4.0,0.0128,1.0,1.0,0.0,0.0,0.025068048755344064,-0.21101898583410605,0.0,5.0,0.0,0.4896701621331534,-0.03275613248231083,-0.8712894816625237,-0.0021925431679690986,-0.016563174601426187,-0.007260569688296411,-0.0026529004630313807,-8.237585999999999,0.2745862,5.48191735
1789045241.943363,1.242,3.0,0.0,0,0,192,1.4962923607290692,0.1217093105125819,0.0,0.0,0.0,107.0,1.0,-0.7890000698319457,0.0,0.0,0.0,38.254956113255105,nan,0.0,-0.2309257577368329,0.0,0.0,0.0,0.0,0.0,3.0,3.0,nan,0.0,0.0,0.0,0.0,0.0,nan,nan,,,0,0,0,0.03887016326189041,-3,170,True,True,False,"A:1,B:1,ESTOP:0,MODE:1",DRIVE_HEADING,,,,0,,,False,0,UNKNOWN,0.0,False,-9999.0,-1.0,-1.0,False,36.967666565,127.87359844,121.738,2,0.00016384,36.967666565,127.87359844,4.0,0.0128,1.0,1.0,0.0,0.0,0.025068048755344064,-0.21101898583410605,0.0,5.0,0.0,0.4898254112705877,-0.03280597637352061,-0.8712003979759542,-0.0021681684248646173,-0.010454522219446033,0.006789330790257942,-0.0028623399732707008,-8.669078599999999,0.5883989999999999,5.10926465
1789045241.993236,1.292,3.0,0.0,3,0,192,1.4962923607290692,0.1217093105125819,0.0,0.0,0.0,107.0,1.0,-0.7890000698319457,0.0,0.0,0.0,38.254956113255105,nan,0.0,-0.2424399062213593,0.0,0.0,0.0,0.0,0.0,3.0,3.0,nan,0.0,0.0,0.0,0.0,0.0,nan,nan,,,0,0,0,0.10784467309713364,-3,170,True,True,False,"A:1,B:1,ESTOP:0,MODE:1",DRIVE_HEADING,,,,0,,,False,0,UNKNOWN,0.0,False,-9999.0,-1.0,-1.0,False,36.967666565,127.87359844,121.738,2,0.00016384,36.967666565,127.87359844,4.0,0.046347282218933104,1.0,0.0,0.06709456443786621,0.0,0.025068048755344064,-0.21101898583410605,0.0,5.0,0.0,0.48987800831651,-0.032796291775432286,-0.8711711626050596,-0.002178453345591587,-0.0200363798128949,-0.0029670597283903604,-0.00926769832808989,-8.6102387,0.57859235,4.873905049999999
1789045242.043107,1.342,3.0,0.0,3,0,191,1.4962923607290692,0.1217093105125819,0.0,0.0,0.0,107.0,1.0,-0.7890000698319457,0.0,0.0,0.0,38.254956113255105,nan,0.0,-0.6082210264089165,0.0,0.0,0.0,0.0,0.0,3.0,3.0,nan,0.0,0.0,0.0,0.0,0.0,nan,nan,,,0,0,0,0.09653923660516739,-3,189,True,True,False,"A:1,B:1,ESTOP:0,MODE:1",DRIVE_HEADING,,,,0,,,False,0,UNKNOWN,0.0,False,-9999.0,-1.0,-1.0,False,36.967666565,127.87359844,121.738,2,0.00016384,36.967666565,127.87359844,4.0,0.07134380130767823,1.0,0.0,0.11708760261535645,0.0,0.025068048755344064,-0.21101898583410605,0.0,5.0,0.0,0.489754997088973,-0.03276803302057225,-0.8712413784488144,-0.0021815858801170103,-0.03478441199224699,-0.0029845130209103037,0.002129301687433082,-7.7374468499999995,0.9218251,5.687856999999999
1789045242.093074,1.392,3.0,0.0,3,0,191,1.4962923607290692,0.1217093105125819,0.0,0.0,0.0,107.0,1.0,-0.7890000698319457,0.0,0.0,0.0,38.254956113255105,nan,0.0,0.04468941564390129,0.0,0.0,0.0,0.0,0.0,3.0,3.0,nan,0.0,0.0,0.0,0.0,0.0,nan,nan,,,0,0,0,0.2346101552248001,-3,169,True,True,False,"A:1,B:1,ESTOP:0,MODE:1",DRIVE_HEADING,,,,0,,,False,0,UNKNOWN,0.0,False,-9999.0,-1.0,-1.0,False,36.967666565,127.87359844,121.738,2,0.00016384,36.967666565,127.87359844,4.0,0.09635605602264405,1.0,0.0,0.16711211204528809,0.0,0.025068048755344064,-0.21101898583410605,0.0,5.0,0.0,0.4896706765905958,-0.03277039641580698,-0.87128866216853,-0.0021901558465273266,-0.012601277199399059,-0.006771877497737999,0.004485496177625427,-8.62004535,0.7256921,6.44296905
1789045242.143066,1.442,3.0,0.0,3,0,191,1.4962923607290692,0.1217093105125819,0.0,0.0,0.0,107.0,1.0,-0.7890000698319457,0.0,0.0,0.0,38.254956113255105,nan,0.0,0.1793300368126135,0.0,0.0,0.0,0.0,0.0,3.0,3.0,nan,0.0,0.0,0.0,0.0,0.0,nan,nan,,,0,0,0,0.26175013184547424,-3,170,True,True,False,"A:1,B:1,ESTOP:0,MODE:1",DRIVE_HEADING,,,,0,,,False,0,UNKNOWN,0.0,False,-9999.0,-1.0,-1.0,False,36.967666505,127.873598435,121.739,2,0.00016384,36.967666505,127.873598435,4.0,0.0128,1.0,1.0,0.0,0.0,0.04946289959265178,-0.21101898583410605,0.0,5.0,0.0,0.4897158986176508,-0.032787286791077605,-0.8712625614423541,-0.0022094105310135267,-0.028937558998065983,-0.006161012259539983,0.0009948376736367678,-8.227779349999999,0.67665885,5.18771785
1789045242.193106,1.492,3.0,0.0,3,0,191,1.4958476541819066,0.11503014051234853,0.0,0.0,0.0,107.0,1.0,-0.795668426343484,0.0,0.0,0.0,38.25435919890019,nan,0.0,-0.020628623261011732,0.0,0.0,0.0,0.0,0.0,3.0,3.0,nan,0.0,0.0,0.0,0.0,0.0,nan,nan,,,0,0,0,0.2805710732936859,-3,169,True,True,False,"A:1,B:1,ESTOP:0,MODE:1",DRIVE_HEADING,,,,0,,,False,0,UNKNOWN,0.0,False,-9999.0,-1.0,-1.0,False,36.967666505,127.873598435,121.739,2,0.00016384,36.967666505,127.873598435,4.0,0.039447448539733886,1.0,0.0,0.05329489707946777,0.0,0.04946289959265178,-0.21101898583410605,0.0,5.0,0.0,0.48967655126218385,-0.03279560426974636,-0.871284294863391,-0.0022362935763331065,0.0038746309394274117,-0.01621410875102732,0.001832595714594046,-8.24739265,0.6962721499999999,5.10926465
1789045242.243144,1.542,3.0,0.0,3,0,191,1.4958476541819066,0.11503014051234853,0.0,0.0,0.0,107.0,1.0,-0.795668426343484,0.0,0.0,0.0,38.25435919890019,nan,0.0,0.027316633985510305,0.0,0.0,0.0,0.0,0.0,3.0,3.0,nan,0.0,0.0,0.0,0.0,0.0,nan,nan,,,0,0,0,0.39917072653770447,-3,170,True,True,False,"A:1,B:1,ESTOP:0,MODE:1",DRIVE_HEADING,,,,0,,,False,0,UNKNOWN,0.0,False,-9999.0,-1.0,-1.0,False,36.967666505,127.873598435,121.739,2,0.00016384,36.967666505,127.873598435,4.0,0.06444849758148194,1.0,0.0,0.10329699516296387,0.0,0.04946289959265178,-0.21101898583410605,0.0,5.0,0.0,0.48965242509524676,-0.03278784897986653,-0.8712980956720762,-0.002255667491237713,0.01137954672300303,-0.0016929693744344998,-0.0053058009260627615,-8.11009955,0.4903325,5.962443199999999
1789045242.293159,1.592,3.0,0.0,3,0,191,1.4958476541819066,0.11503014051234853,0.0,0.0,0.0,107.0,1.0,-0.795668426343484,0.0,0.0,0.0,38.25435919890019,nan,0.0,-0.38091999928246073,0.0,0.0,0.0,0.0,0.0,3.0,3.0,nan,0.0,0.0,0.0,0.0,0.0,nan,nan,,,0,0,0,0.3815831243991852,-3,174,True,True,False,"A:1,B:1,ESTOP:0,MODE:1",DRIVE_HEADING,,,,0,,,False,0,UNKNOWN,0.0,False,-9999.0,-1.0,-1.0,False,36.96766652833333,127.87359847833334,121.742,2,0.00016384,36.96766652833333,127.87359847833334,4.0,0.0128,1.0,1.0,0.0,0.0,0.04869028256421777,-0.21101898583410605,0.0,5.0,0.0,0.4896444284506717,-0.032838173884749494,-0.8713006090236373,-0.00228839204877963,-0.01174606586592184,-0.007260569688296411,0.002495820830351891,-8.492558899999999,0.53936575,5.12887795
1789045242.343068,1.642,3.0,0.0,3,0,191,1.4997017851742596,0.11762759551243929,0.0,0.0,0.0,107.0,1.0,-0.7925106189271918,0.0,0.0,0.0,38.25095457043526,nan,0.0,0.06594784071610418,0.0,0.0,0.0,0.0,0.0,3.0,3.0,nan,0.0,0.0,0.0,0.0,0.0,nan,nan,,,0,0,0,0.394533634185791,-3,170,True,True,False,"A:1,B:1,ESTOP:0,MODE:1",DRIVE_HEADING,,,,0,,,False,0,UNKNOWN,0.0,False,-9999.0,-1.0,-1.0,False,36.96766652833333,127.87359847833334,121.742,2,0.00016384,36.96766652833333,127.87359847833334,4.0,0.0128,1.0,1.0,0.0,0.0,0.04869028256421777,-0.21101898583410605,0.0,5.0,0.0,0.48965327382873663,-0.03288480924904902,-0.8712938767321402,-0.0022893489318894372,-0.0069638637154573755,-0.009913470151327791,0.006021385919380436,-8.316039199999999,0.63743225,5.1779112
1789045242.393225,1.692,0.0,-3.0,3,0,191,1.4997017851742596,0.11762759551243929,0.0,0.0,0.0,107.0,1.0,-0.7925106189271918,0.0,0.0,0.0,38.25095457043526,nan,0.0,0.267411945034672,0.0,0.0,0.0,0.0,0.0,3.0,3.0,nan,0.0,0.0,0.0,0.0,0.0,nan,nan,,,0,0,0,0.36653611063957214,-3,309,False,True,False,"A:1,B:1,ESTOP:0,MODE:1",DRIVE_HEADING,,,,0,,,False,0,UNKNOWN,0.0,False,-9999.0,-1.0,-1.0,False,36.96766652833333,127.87359847833334,121.742,2,0.00016384,36.96766652833333,127.87359847833334,4.0,0.04981639175415039,1.0,0.0,0.07403278350830078,0.0,0.04869028256421777,-0.21101898583410605,0.0,5.0,0.0,0.48970575678452943,-0.032920748271670366,-0.8712629277116626,-0.002325274312168703,-0.006021385919380436,-0.0021118483949131386,0.007155849933176751,-8.325845849999999,0.45110589999999995,4.99158485
1789045242.443101,1.742,3.0,0.0,0,0,230,1.4997017851742596,0.11762759551243929,0.0,0.0,0.0,107.0,1.0,-0.7925106189271918,0.0,0.0,0.0,38.25095457043526,nan,0.0,0.3317471211446026,0.0,0.0,0.0,0.0,0.0,3.0,3.0,nan,0.0,0.0,0.0,0.0,0.0,nan,nan,,,0,0,0,0.3126958906650543,-3,422,True,True,False,"A:1,B:1,ESTOP:0,MODE:1",DRIVE_HEADING,,,,0,,,False,0,UNKNOWN,0.0,False,-9999.0,-1.0,-1.0,False,36.96766652833333,127.87359847833334,121.742,2,0.00016384,36.96766652833333,127.87359847833334,4.0,0.07473673610687256,1.0,0.0,0.12387347221374512,0.0,0.04869028256421777,-0.21101898583410605,0.0,5.0,0.0,0.4900134989300845,-0.033009903990897906,-0.8710865181334949,-0.002322720575583387,-0.0064053583548191895,0.002373647782712288,-0.0006283185307179586,-8.669078599999999,0.67665885,4.81506515
1789045242.493324,1.792,3.0,0.0,3,0,192,1.4997017851742596,0.11762759551243929,0.0,0.0,0.0,107.0,1.0,-0.7925106189271918,0.0,0.0,0.0,38.25095457043526,nan,0.0,-0.11402437309768657,0.0,0.0,0.0,0.0,0.0,3.0,3.0,nan,0.0,0.0,0.0,0.0,0.0,nan,nan,,,0,0,0,0.26107415556907654,-3,170,True,True,False,"A:1,B:1,ESTOP:0,MODE:1",DRIVE_HEADING,,,,0,,,False,0,UNKNOWN,0.0,False,-9999.0,-1.0,-1.0,False,36.96766653833333,127.87359846666666,121.741,2,0.00016384,36.96766653833333,127.87359846666666,4.0,0.0128,1.0,1.0,0.0,0.0,0.043948449344974175,-0.21101898583410605,0.0,5.0,0.0,0.4901453110199458,-0.03299016374511167,-0.8710132365170099,-0.002272662182274055,-0.004747295565424576,-0.0014486232791552935,-0.006021385919380436,-8.4533323,0.50013915,4.77583855
1789045242.543145,1.842,3.0,0.0,3,0,191,1.4986641340363436,0.11874079051247817,0.0,0.0,0.0,107.0,1.0,-0.7915697302035155,0.0,0.0,0.0,38.25215237088231,nan,0.0,-0.42217832435149116,0.0,0.0,0.0,0.0,0.0,3.0,3.0,nan,0.0,0.0,0.0,0.0,0.0,nan,nan,,,0,0,0,0.1827104538679123,0,269,True,True,False,"A:1,B:1,ESTOP:0,MODE:1",DRIVE_HEADING,,,,0,,,False,0,UNKNOWN,0.0,False,-9999.0,-1.0,-1.0,False,36.96766653833333,127.87359846666666,121.741,2,0.00016384,36.96766653833333,127.87359846666666,4.0,0.0128,1.0,1.0,0.0,0.0,0.043948449344974175,-0.21101898583410605,0.0,5.0,0.0,0.49013105593609874,-0.032955397711386406,-0.8710226691289832,-0.0022359857045742525,-0.0079412480965742,0.0009075712110370514,-0.006056292504420323,-9.4339973,0.08825984999999999,5.6682437
1789045242.593082,1.892,3.0,0.0,3,0,191,1.4986641340363436,0.11874079051247817,0.0,0.0,0.0,107.0,1.0,-0.7915697302035155,0.0,0.0,0.0,38.25215237088231,nan,0.0,-0.4233299677027882,0.0,0.0,0.0,0.0,0.0,3.0,3.0,nan,0.0,0.0,0.0,0.0,0.0,nan,nan,,,0,0,0,0.20258460938930511,-3,170,True,True,False,"A:1,B:1,ESTOP:0,MODE:1",DRIVE_HEADING,,,,0,,,False,0,UNKNOWN,0.0,False,-9999.0,-1.0,-1.0,False,36.96766653833333,127.87359846666666,121.741,2,0.00016384,36.96766653833333,127.87359846666666,4.0,0.04866399555206299,1.0,0.0,0.07172799110412598,0.0,0.043948449344974175,-0.21101898583410605,0.0,5.0,0.0,0.48998322382535,-0.03293463241707186,-0.8711068744970482,-0.002136249342514985,-0.053581608036225914,-0.008011061266653973,0.007592182246175334,-7.46286065,0.5295591,4.7366119499999995
1789045242.643019,1.942,3.0,0.0,3,0,191,1.4986641340363436,0.11874079051247817,0.0,0.0,0.0,107.0,1.0,-0.7915697302035155,0.0,0.0,0.0,38.25215237088231,nan,0.0,0.35795269223261744,0.0,0.0,0.0,0.0,0.0,3.0,3.0,nan,0.0,0.0,0.0,0.0,0.0,nan,nan,,,0,0,0,0.2546739876270294,-3,170,True,True,False,"A:1,B:1,ESTOP:0,MODE:1",DRIVE_HEADING,,,,0,,,False,0,UNKNOWN,0.0,False,-9999.0,-1.0,-1.0,False,36.96766653833333,127.87359846666666,121.741,2,0.00016384,36.96766653833333,127.87359846666666,4.0,0.07370700626373292,1.0,0.0,0.12181401252746582,0.0,0.043948449344974175,-0.21101898583410605,0.0,5.0,0.0,0.4899589035244527,-0.03300292922543022,-0.8711178145245998,-0.002198348821775647,-0.001186823891356144,0.0066322511575784525,-0.013648474750595658,-8.38468575,0.7256921,5.442690750000001
1789045242.693179,1.992,3.0,0.0,3,0,191,1.4986641340363436,0.11874079051247817,0.0,0.0,0.0,107.0,1.0,-0.7915697302035155,0.0,0.0,0.0,38.25215237088231,nan,0.0,-0.8573292131518478,0.0,0.0,0.0,0.0,0.0,3.0,3.0,nan,0.0,0.0,0.0,0.0,0.0,nan,nan,,,0,0,0,0.2242533564567566,-3,170,True,True,False,"A:1,B:1,ESTOP:0,MODE:1",DRIVE_HEADING,,,,0,,,False,0,UNKNOWN,0.0,False,-9999.0,-1.0,-1.0,False,36.9676665,127.873598485,121.73700000000001,2,0.000144,36.9676665,127.873598485,4.0,0.012,1.0,1.0,0.0,0.0,0.028858934108334483,-0.21101898583410605,0.0,5.0,0.0,0.4900210068321875,-0.03303987689597155,-0.8710811111371327,-0.0023403456937878403,0.005602506898901798,0.0025132741228718345,-0.004118977034706617,-8.590625399999999,0.6472389,4.9131316499999995
1789045242.743103,2.042,3.0,0.0,3,0,191,1.5002947285010781,0.11447354340781536,0.0,0.0,0.0,107.0,1.0,-0.7955364229548059,0.0,0.0,0.0,38.24987960578259,nan,0.0,-0.3107065547255441,0.0,0.0,0.0,0.0,0.0,3.0,3.0,nan,0.0,0.0,0.0,0.0,0.0,nan,nan,,,0,0,0,0.3186556100845337,-3,170,True,True,False,"A:1,B:1,ESTOP:0,MODE:1",DRIVE_HEADING,,,,0,,,False,0,UNKNOWN,0.0,False,-9999.0,-1.0,-1.0,False,36.9676665,127.873598485,121.73700000000001,2,0.000144,36.9676665,127.873598485,4.0,0.012,1.0,1.0,0.0,0.0,0.028858934108334483,-0.21101898583410605,0.0,5.0,0.0,0.48990153526221497,-0.03322023882612467,-0.8711417086102322,-0.002241651111413081,-0.010943214410004447,0.004206243497306334,0.007120943348136864,-8.149326149999998,0.8041453,5.599597149999999
1789045242.793080,2.092,3.0,0.0,3,0,192,1.5002947285010781,0.11447354340781536,0.0,0.0,0.0,107.0,1.0,-0.7955364229548059,0.0,0.0,0.0,38.24987960578259,nan,0.0,0.33262685838390693,0.0,0.0,0.0,0.0,0.0,3.0,3.0,nan,0.0,0.0,0.0,0.0,0.0,nan,nan,,,0,0,0,0.28881990909576416,-2,170,True,True,False,"A:1,B:1,ESTOP:0,MODE:1",DRIVE_HEADING,,,,0,,,False,0,UNKNOWN,0.0,False,-9999.0,-1.0,-1.0,False,36.9676665,127.873598485,121.73700000000001,2,0.000144,36.9676665,127.873598485,4.0,0.048794900894165036,1.0,0.0,0.07358980178833008,0.0,0.028858934108334483,-0.21101898583410605,0.0,5.0,0.0,0.4899853470405937,-0.033195944904832006,-0.871095523102713,-0.0022312682033045414,-0.008237954069413234,-0.009145525280450288,0.0013264502315156904,-8.2571993,0.4903325,4.8640984
1789045242.843114,2.142,3.0,0.0,3,0,191,1.5002947285010781,0.11447354340781536,0.0,0.0,0.0,107.0,1.0,-0.7955364229548059,0.0,0.0,0.0,38.24987960578259,nan,0.0,0.0006256046671391097,0.0,0.0,0.0,0.0,0.0,3.0,3.0,nan,0.0,0.0,0.0,0.0,0.0,nan,nan,,,0,0,0,0.24189749360084534,-2,169,True,True,False,"A:1,B:1,ESTOP:0,MODE:1",DRIVE_HEADING,,,,0,,,False,0,UNKNOWN,0.0,False,-9999.0,-1.0,-1.0,False,36.9676665,127.873598485,121.73700000000001,2,0.000144,36.9676665,127.873598485,4.0,0.07378057193756103,1.0,0.0,0.12356114387512207,0.0,0.028858934108334483,-0.21101898583410605,0.0,5.0,0.0,0.49002252117864215,-0.0331685773831301,-0.8710756440072756,-0.0022353141651250998,-0.009040805525330627,-0.006579891280018622,0.003543018381548489,-8.404299049999999,0.34323275000000003,4.9817782
1789045242.893109,2.192,0.0,-3.0,3,0,191,1.5002947285010781,0.11447354340781536,0.0,0.0,0.0,107.0,1.0,-0.7955364229548059,0.0,0.0,0.0,38.24987960578259,nan,0.0,0.12737035345780484,0.0,0.0,0.0,0.0,0.0,3.0,3.0,nan,0.0,0.0,0.0,0.0,0.0,nan,nan,,,0,0,0,0.21771122515201569,-3,242,False,True,False,"A:1,B:1,ESTOP:0,MODE:1",DRIVE_HEADING,,,,0,,,False,0,UNKNOWN,0.0,False,-9999.0,-1.0,-1.0,False,36.96766651,127.873598525,121.747,2,0.000144,36.96766651,127.873598525,4.0,0.012,1.0,1.0,0.0,0.0,0.05400523596327287,-0.21101898583410605,0.0,5.0,0.0,0.49005814908827566,-0.03320060335854274,-0.8710542154295712,-0.002298745565826616,-0.0076270888312152205,0.0004537856055185257,0.002897246558310587,-8.433719,0.5687857,4.8837117
1789045242.943206,2.242,3.0,0.0,0,0,192,1.5038523884619897,0.11558673840785426,0.0,0.0,0.0,107.0,1.0,-0.7938907842994004,0.0,0.0,0.0,38.246537626521054,nan,0.0,0.09018961275088923,0.0,0.0,0.0,0.0,0.0,3.0,3.0,nan,0.0,0.0,0.0,0.0,0.0,nan,nan,,,0,0,0,0.20048770308494568,-3,277,True,True,False,"A:1,B:1,ESTOP:0,MODE:1",DRIVE_HEADING,,,,0,,,False,0,UNKNOWN,0.0,False,-9999.0,-1.0,-1.0,False,36.96766651,127.873598525,121.747,2,0.000144,36.96766651,127.873598525,4.0,0.012,1.0,1.0,0.0,0.0,0.05400523596327287,-0.21101898583410605,0.0,5.0,0.0,0.490284634262698,-0.03329045816269291,-0.870923460228262,-0.002247048117261164,-0.024591689160600103,-0.004363323129985824,0.00942477796076938,-8.5317855,0.55897905,4.9425516
1789045242.993116,2.292,3.0,0.0,3,0,191,1.5038523884619897,0.11558673840785426,0.0,0.0,0.0,107.0,1.0,-0.7938907842994004,0.0,0.0,0.0,38.246537626521054,nan,0.0,0.46326123352538756,0.0,0.0,0.0,0.0,0.0,3.0,3.0,nan,0.0,0.0,0.0,0.0,0.0,nan,nan,,,0,0,0,0.1982658952474594,-2,170,True,True,False,"A:1,B:1,ESTOP:0,MODE:1",DRIVE_HEADING,,,,0,,,False,0,UNKNOWN,0.0,False,-9999.0,-1.0,-1.0,False,36.96766651,127.873598525,121.747,2,0.000144,36.96766651,127.873598525,4.0,0.045480525016784665,1.0,0.0,0.06696105003356934,0.0,0.05400523596327287,-0.21101898583410605,0.0,5.0,0.0,0.49043744160211744,-0.03330254632891116,-0.8708369538427831,-0.002248578351502311,-0.007086036763096978,0.0059515727493006645,-0.0015707963267948964,-8.5513988,0.57859235,4.99158485
1789045243.043174,2.342,3.0,0.0,3,0,191,1.5038523884619897,0.11558673840785426,0.0,0.0,0.0,107.0,1.0,-0.7938907842994004,0.0,0.0,0.0,38.246537626521054,nan,0.0,-0.16640528894166334,0.0,0.0,0.0,0.0,0.0,3.0,3.0,nan,0.0,0.0,0.0,0.0,0.0,nan,nan,,,0,0,0,0.22517800331115723,-2,174,True,True,False,"A:1,B:1,ESTOP:0,MODE:1",DRIVE_HEADING,,,,0,,,False,0,UNKNOWN,0.0,False,-9999.0,-1.0,-1.0,False,36.96766651,127.873598525,121.747,2,0.000144,36.96766651,127.873598525,4.0,0.07049790573120117,1.0,0.0,0.11699581146240234,0.0,0.05400523596327287,-0.21101898583410605,0.0,5.0,0.0,0.49042954447349163,-0.033314865622740636,-0.8708409007097832,-0.0022599307590739533,-0.012566370614359171,-0.0030543261909900766,-0.00603883921190038,-8.237585999999999,0.6668522,4.7660319
1789045243.093080,2.392,3.0,0.0,3,0,191,1.5038523884619897,0.11558673840785426,0.0,0.0,0.0,107.0,1.0,-0.7938907842994004,0.0,0.0,0.0,38.246537626521054,nan,0.0,-0.42156047836377997,0.0,0.0,0.0,0.0,0.0,3.0,3.0,nan,0.0,0.0,0.0,0.0,0.0,nan,nan,,,0,0,0,0.28435343503952026,-3,170,True,True,False,"A:1,B:1,ESTOP:0,MODE:1",DRIVE_HEADING,,,,0,,,False,0,UNKNOWN,0.0,False,-9999.0,-1.0,-1.0,False,36.96766653833333,127.87359851166667,121.743,2,0.000144,36.96766653833333,127.87359851166667,4.0,0.012,1.0,1.0,0.0,0.0,0.04326352801553257,-0.21101898583410605,0.0,5.0,0.0,0.4905509920334927,-0.0334956776504684,-0.8707656528314561,-0.002222980589257951,0.025237460983838004,-0.010297442586766544,0.006876597252857658,-7.95319315,0.5687857,4.069759749999999
1789045243.143317,2.442,3.0,0.0,3,0,191,1.5026665018083525,0.11874079051247817,0.0,0.0,0.0,107.0,1.0,-0.7909559157405952,0.0,0.0,0.0,38.248198482137965,nan,0.0,0.31780264259294755,0.0,0.0,0.0,0.0,0.0,3.0,3.0,nan,0.0,0.0,0.0,0.0,0.0,nan,nan,,,0,0,0,0.21227526664733887,-3,170,True,True,False,"A:1,B:1,ESTOP:0,MODE:1",DRIVE_HEADING,,,,0,,,False,0,UNKNOWN,0.0,False,-9999.0,-1.0,-1.0,False,36.96766653833333,127.87359851166667,121.743,2,0.000144,36.96766653833333,127.87359851166667,4.0,0.012,1.0,1.0,0.0,0.0,0.04326352801553257,-0.21101898583410605,0.0,5.0,0.0,0.49050338261406007,-0.033440250783316056,-0.8707949372170346,-0.0020877233759830187,-0.03251548396465436,0.002286381320112572,0.0056374134839416844,-8.1002929,0.40207265,5.903603299999999
1789045243.193222,2.492,3.0,0.0,3,0,191,1.5026665018083525,0.11874079051247817,0.0,0.0,0.0,107.0,1.0,-0.7909559157405952,0.0,0.0,0.0,38.248198482137965,nan,0.0,0.24630903730776166,0.0,0.0,0.0,0.0,0.0,3.0,3.0,nan,0.0,0.0,0.0,0.0,0.0,nan,nan,,,0,0,0,0.18942616879940033,-3,170,True,True,False,"A:1,B:1,ESTOP:0,MODE:1",DRIVE_HEADING,,,,0,,,False,0,UNKNOWN,0.0,False,-9999.0,-1.0,-1.0,False,36.96766653833333,127.87359851166667,121.743,2,0.000144,36.96766653833333,127.87359851166667,4.0,0.045671259880065915,1.0,0.0,0.06734251976013184,0.0,0.04326352801553257,-0.21101898583410605,0.0,5.0,0.0,0.4905497195413822,-0.03344753625743244,-0.8707685711975042,-0.0020809591145101378,-0.034540065896967787,-0.01096066770252439,0.005131268000863329,-8.3748791,0.40207265,5.07003805
1789045243.243193,2.542,3.0,0.0,3,0,191,1.5026665018083525,0.11874079051247817,0.0,0.0,0.0,107.0,1.0,-0.7909559157405952,0.0,0.0,0.0,38.248198482137965,nan,0.0,0.21687441923314613,0.0,0.0,0.0,0.0,0.0,3.0,3.0,nan,0.0,0.0,0.0,0.0,0.0,nan,nan,,,0,0,0,0.15886567533016205,-2,253,True,True,False,"A:1,B:1,ESTOP:0,MODE:1",DRIVE_HEADING,,,,0,,,False,0,UNKNOWN,0.0,False,-9999.0,-1.0,-1.0,False,36.96766653833333,127.87359851166667,121.743,2,0.000144,36.96766653833333,127.87359851166667,4.0,0.07067648124694824,1.0,0.0,0.11735296249389648,0.0,0.04326352801553257,-0.21101898583410605,0.0,5.0,0.0,0.4904839999994409,-0.033436951959664535,-0.8708057999357297,-0.002162125456455336,-0.018256143975860686,-0.010995574287564275,5.235987755982989e-05,-8.129712849999999,0.37265269999999995,5.2563644
1789045243.293101,2.592,3.0,0.0,3,0,191,1.5026665018083525,0.11874079051247817,0.0,0.0,0.0,107.0,1.0,-0.7909559157405952,0.0,0.0,0.0,38.248198482137965,nan,0.0,-0.07397732960532015,0.0,0.0,0.0,0.0,0.0,3.0,3.0,nan,0.0,0.0,0.0,0.0,0.0,nan,nan,,,0,0,0,0.11584394425153732,-3,170,True,True,False,"A:1,B:1,ESTOP:0,MODE:1",DRIVE_HEADING,,,,0,,,False,0,UNKNOWN,0.0,False,-9999.0,-1.0,-1.0,False,36.96766654,127.87359856666667,121.74,2,0.000144,36.96766654,127.87359856666667,4.0,0.012,1.0,1.0,0.0,0.0,0.04550252535096315,-0.21101898583410605,0.0,5.0,0.0,0.4904247068421473,-0.033443017471991104,-0.8708386758285188,-0.0022742432573751234,0.003665191429188092,-0.0052010811709431014,0.004014257279586958,-8.2768126,0.28439285,5.2367511
1789045243.343225,2.642,3.0,0.0,3,0,191,1.507558283938622,0.11892632340797094,0.0,0.0,0.0,107.0,1.0,-0.7900223601401489,0.0,0.0,0.0,38.243394760982035,nan,0.0,0.1527166250538905,0.0,0.0,0.0,0.0,0.0,3.0,3.0,nan,0.0,0.0,0.0,0.0,0.0,nan,nan,,,0,0,0,0.12187127023935318,-2,176,True,True,False,"A:1,B:1,ESTOP:0,MODE:1",DRIVE_HEADING,,,,0,,,False,0,UNKNOWN,0.0,False,-9999.0,-1.0,-1.0,False,36.96766654,127.87359856666667,121.74,2,0.000144,36.96766654,127.87359856666667,4.0,0.012,1.0,1.0,0.0,0.0,0.04550252535096315,-0.21101898583410605,0.0,5.0,0.0,0.4905276882979112,-0.03349037126122838,-0.8707789719271469,-0.002228024998347417,-0.00747000919853573,-0.009407324668249437,-0.0005585053606381855,-8.4729456,0.5883989999999999,5.16810455
1789045243.393092,2.692,0.0,-3.0,3,0,199,1.507558283938622,0.11892632340797094,0.0,0.0,0.0,107.0,1.0,-0.7900223601401489,0.0,0.0,0.0,38.243394760982035,nan,0.0,-0.1090648081962173,0.0,0.0,0.0,0.0,0.0,3.0,3.0,nan,0.0,0.0,0.0,0.0,0.0,nan,nan,,,0,0,0,0.08761309087276459,-2,174,False,True,False,"A:1,B:1,ESTOP:0,MODE:1",DRIVE_HEADING,,,,0,,,False,0,UNKNOWN,0.0,False,-9999.0,-1.0,-1.0,False,36.96766654,127.87359856666667,121.74,2,0.000144,36.96766654,127.87359856666667,4.0,0.04815438938140869,1.0,0.0,0.07230877876281738,0.0,0.04550252535096315,-0.21101898583410605,0.0,5.0,0.0,0.49049736312775977,-0.033484544919544515,-0.8707962944396664,-0.0022216224682362444,-0.006946410422937432,-0.007347836150896127,-0.0069638637154573755,-8.208166049999999,0.24516625,5.2759777
1789045243.443173,2.742,3.0,0.0,0,0,191,1.507558283938622,0.11892632340797094,0.0,0.0,0.0,107.0,1.0,-0.7900223601401489,0.0,0.0,0.0,38.243394760982035,nan,0.0,-0.47511267857982487,0.0,0.0,0.0,0.0,0.0,3.0,3.0,nan,0.0,0.0,0.0,0.0,0.0,nan,nan,,,0,0,0,0.07186150550842285,-3,178,True,True,False,"A:1,B:1,ESTOP:0,MODE:1",DRIVE_HEADING,,,,0,,,False,0,UNKNOWN,0.0,False,-9999.0,-1.0,-1.0,False,36.96766654,127.87359856666667,121.74,2,0.000144,36.96766654,127.87359856666667,4.0,0.07315913391113281,1.0,0.0,0.12231826782226562,0.0,0.04550252535096315,-0.21101898583410605,0.0,5.0,0.0,0.4906277646170266,-0.03346320177467389,-0.8707237129049525,-0.0021969294254781217,-0.020106192982974676,-0.005009094953223725,-0.0008552113334772215,-8.6886919,0.45110589999999995,4.67777205
1789045243.493150,2.792,3.0,0.0,3,0,191,1.507558283938622,0.11892632340797094,0.0,0.0,0.0,107.0,1.0,-0.7900223601401489,0.0,0.0,0.0,38.243394760982035,nan,0.0,-0.1248624532226652,0.0,0.0,0.0,0.0,0.0,3.0,3.0,nan,0.0,0.0,0.0,0.0,0.0,nan,nan,,,0,0,0,0.08693574368953705,-2,171,True,True,False,"A:1,B:1,ESTOP:0,MODE:1",DRIVE_HEADING,,,,0,,,False,0,UNKNOWN,0.0,False,-9999.0,-1.0,-1.0,False,36.96766653833333,127.87359850333333,121.72800000000001,2,0.000144,36.96766653833333,127.87359850333333,4.0,0.012,1.0,1.0,0.0,0.0,0.006715349082324004,-0.21101898583410605,0.0,5.0,0.0,0.4905687930009765,-0.033456261732623956,-0.8707573089241235,-0.0021556529548583704,-0.01111774733520388,0.004537856055185257,0.0021991148575128553,-8.414105699999999,0.7453053999999999,5.579983849999999
1789045243.543186,2.842,3.0,0.0,3,0,191,1.5019253217018782,0.11874079051247817,0.0,0.0,0.0,107.0,1.0,-0.7910695852219867,0.0,0.0,0.0,38.24893068387514,nan,0.0,0.050037271683780124,0.0,0.0,0.0,0.0,0.0,3.0,3.0,nan,0.0,0.0,0.0,0.0,0.0,nan,nan,,,0,0,0,0.08221028000116348,-2,170,True,True,False,"A:1,B:1,ESTOP:0,MODE:1",DRIVE_HEADING,,,,0,,,False,0,UNKNOWN,0.0,False,-9999.0,-1.0,-1.0,False,36.96766653833333,127.87359850333333,121.72800000000001,2,0.000144,36.96766653833333,127.87359850333333,4.0,0.012,1.0,1.0,0.0,0.0,0.006715349082324004,-0.21101898583410605,0.0,5.0,0.0,0.4904419220973893,-0.0334121751064185,-0.8708302991130473,-0.002222105028395323,-0.024486969405480445,0.0033161255787892262,0.006789330790257942,-7.9237732,0.4118793,5.1190713
1789045243.593222,2.892,3.0,0.0,3,0,191,1.5019253217018782,0.11874079051247817,0.0,0.0,0.0,107.0,1.0,-0.7910695852219867,0.0,0.0,0.0,38.24893068387514,nan,0.0,0.31241119714041254,0.0,0.0,0.0,0.0,0.0,3.0,3.0,nan,0.0,0.0,0.0,0.0,0.0,nan,nan,,,0,0,0,0.31341734528541565,-3,170,True,True,False,"A:1,B:1,ESTOP:0,MODE:1",DRIVE_HEADING,,,,0,,,False,0,UNKNOWN,0.0,False,-9999.0,-1.0,-1.0,False,36.96766653833333,127.87359850333333,121.72800000000001,2,0.000144,36.96766653833333,127.87359850333333,4.0,0.046995913505554196,1.0,0.0,0.0699918270111084,0.0,0.006715349082324004,-0.21101898583410605,0.0,5.0,0.0,0.4903876167829131,-0.03344647942675209,-0.8708598288984312,-0.002115828661782452,-0.0057421332390613445,-0.0046251225177849735,0.010122909661567111,-8.306232549999999,1.53964405,3.61865385
1789045243.643091,2.942,3.0,0.0,3,0,191,1.5019253217018782,0.11874079051247817,0.0,0.0,0.0,107.0,1.0,-0.7910695852219867,0.0,0.0,0.0,38.24893068387514,nan,0.0,0.5024043747461318,0.0,0.0,0.0,0.0,0.0,3.0,3.0,nan,0.0,0.0,0.0,0.0,0.0,nan,nan,,,0,0,0,0.22422344982624054,-3,170,True,True,False,"A:1,B:1,ESTOP:0,MODE:1",DRIVE_HEADING,,,,0,,,False,0,UNKNOWN,0.0,False,-9999.0,-1.0,-1.0,False,36.96766653833333,127.87359850333333,121.72800000000001,2,0.000144,36.96766653833333,127.87359850333333,4.0,0.07203868579864502,1.0,0.0,0.12007737159729004,0.0,0.006715349082324004,-0.21101898583410605,0.0,5.0,0.0,0.490351320949399,-0.03335130556170629,-0.8708841150704261,-0.002032382471416426,0.011466813185602746,-0.0013439035240356337,-0.004607669225265031,-8.1787461,0.20593965,5.50153065
1789045243.693130,2.992,3.0,0.0,3,0,191,1.5019253217018782,0.11874079051247817,0.0,0.0,0.0,107.0,1.0,-0.7910695852219867,0.0,0.0,0.0,38.24893068387514,nan,0.0,-0.3409124340033605,0.0,0.0,0.0,0.0,0.0,3.0,3.0,nan,0.0,0.0,0.0,0.0,0.0,nan,nan,,,0,0,0,0.17345120012760162,-3,170,True,True,False,"A:1,B:1,ESTOP:0,MODE:1",DRIVE_HEADING,,,,0,,,False,0,UNKNOWN,0.0,False,-9999.0,-1.0,-1.0,False,36.96766656,127.87359858666667,121.733,2,0.000144,36.96766656,127.87359858666667,4.0,0.012,1.0,1.0,0.0,0.0,0.025642270616118578,-0.21101898583410605,0.0,5.0,0.0,0.49036469324913934,-0.03339889236695193,-0.8708746210790883,-0.002091880420262822,-0.0060911990894602095,-0.004782202150464463,-0.0050789081233034985,-8.0806796,0.30400615,5.1975245
1789045243.743105,3.042,3.0,0.0,3,0,192,1.5093371139190777,0.12115271261707616,0.0,0.0,0.0,107.0,1.0,-0.7875495028302335,0.0,0.0,0.0,38.24198311250681,nan,0.0,-0.36717660913535377,0.0,0.0,0.0,0.0,0.0,3.0,3.0,nan,0.0,0.0,0.0,0.0,0.0,nan,nan,,,0,0,0,0.1728023737668991,-2,180,True,True,False,"A:1,B:1,ESTOP:0,MODE:1",DRIVE_HEADING,,,,0,,,False,0,UNKNOWN,0.0,False,-9999.0,-1.0,-1.0,False,36.96766656,127.87359858666667,121.733,2,0.000144,36.96766656,127.87359858666667,4.0,0.012,1.0,1.0,0.0,0.0,0.025642270616118578,-0.21101898583410605,0.0,5.0,0.0,0.4903270094880007,-0.0335293530346741,-0.8708906815699338,-0.0021510477183348184,-0.01090830782496456,-0.007906341511534314,-0.005602506898901798,-8.18855275,0.5982056499999999,5.24655775
1789045243.793074,3.092,3.0,0.0,3,0,230,1.5093371139190777,0.12115271261707616,0.0,0.0,0.0,107.0,1.0,-0.7875495028302335,0.0,0.0,0.0,38.24198311250681,nan,0.0,-0.39638225591708315,0.0,0.0,0.0,0.0,0.0,3.0,3.0,nan,0.0,0.0,0.0,0.0,0.0,nan,nan,,,0,0,0,0.16847047209739685,-3,170,True,True,False,"A:1,B:1,ESTOP:0,MODE:1",DRIVE_HEADING,,,,0,,,False,0,UNKNOWN,0.0,False,-9999.0,-1.0,-1.0,False,36.96766656,127.87359858666667,121.733,2,0.000144,36.96766656,127.87359858666667,4.0,0.048138653755187985,1.0,0.0,0.07227730751037598,0.0,0.025642270616118578,-0.21101898583410605,0.0,5.0,0.0,0.4903752712598413,-0.033559889561563326,-0.8708624049525802,-0.002121035044702506,-0.018709929581379212,0.009965830028887622,-0.013404128655316452,-8.28661925,0.53936575,5.22694445
1789045243.843307,3.142,3.0,0.0,3,0,191,1.5093371139190777,0.12115271261707616,0.0,0.0,0.0,107.0,1.0,-0.7875495028302335,0.0,0.0,0.0,38.24198311250681,nan,0.0,-0.8416954914052489,0.0,0.0,0.0,0.0,0.0,3.0,3.0,nan,0.0,0.0,0.0,0.0,0.0,nan,nan,,,0,0,0,0.16243097186088562,-2,253,True,True,False,"A:1,B:1,ESTOP:0,MODE:1",DRIVE_HEADING,,,,0,,,False,0,UNKNOWN,0.0,False,-9999.0,-1.0,-1.0,False,36.96766656,127.87359858666667,121.733,2,0.000144,36.96766656,127.87359858666667,4.0,0.07314614009857177,1.0,0.0,0.12229228019714355,0.0,0.025642270616118578,-0.21101898583410605,0.0,5.0,0.0,0.4904227851064159,-0.03355005607395528,-0.8708361172167683,-0.002083875409830075,-0.01603957582582789,0.0006632251157578452,0.0018849555921538759,-8.404299049999999,0.5197524499999999,5.2367511
1789045243.893055,3.192,3.0,0.0,3,0,192,1.5093371139190777,0.12115271261707616,0.0,0.0,0.0,107.0,1.0,-0.7875495028302335,0.0,0.0,0.0,38.24198311250681,nan,0.0,0.03423589957756157,0.0,0.0,0.0,0.0,0.0,3.0,3.0,nan,0.0,0.0,0.0,0.0,0.0,nan,nan,,,0,0,0,0.13431943953037262,-2,170,True,True,False,"A:1,B:1,ESTOP:0,MODE:1",DRIVE_HEADING,,,,0,,,False,0,UNKNOWN,0.0,False,-9999.0,-1.0,-1.0,False,36.967666513333334,127.87359853,121.73100000000001,2,0.000144,36.967666513333334,127.87359853,4.0,0.012,1.0,1.0,0.0,0.0,0.03258534536190766,-0.21101898583410605,0.0,5.0,0.0,0.49059550537014485,-0.03356548010945628,-0.8707380901439504,-0.0021417348340820666,-0.006440264939859076,0.0007504915783575617,0.002617993877991494,-8.6494653,0.392266,5.2759777
1789045243.943069,3.242,3.0,0.0,3,0,191,1.5042970950091525,0.11595780340786721,0.0,0.0,0.0,107.0,1.0,-0.7934559075623235,0.0,0.0,0.0,38.246155858177524,nan,0.0,0.07608342777840645,0.0,0.0,0.0,0.0,0.0,3.0,3.0,nan,0.0,0.0,0.0,0.0,0.0,nan,nan,,,0,0,0,0.16361430287361145,-3,170,True,True,False,"A:1,B:1,ESTOP:0,MODE:1",DRIVE_HEADING,,,,0,,,False,0,UNKNOWN,0.0,False,-9999.0,-1.0,-1.0,False,36.967666513333334,127.87359853,121.73100000000001,2,0.000144,36.967666513333334,127.87359853,4.0,0.012,1.0,1.0,0.0,0.0,0.03258534536190766,-0.21101898583410605,0.0,5.0,0.0,0.49077684789898196,-0.033608930448029144,-0.8706340824241993,-0.00219542293229601,0.0045204027626653135,0.0,0.0023038346126325153,-8.5513988,0.53936575,4.81506515
1789045243.993129,3.292,3.0,0.0,3,0,192,1.5042970950091525,0.11595780340786721,0.0,0.0,0.0,107.0,1.0,-0.7934559075623235,0.0,0.0,0.0,38.246155858177524,nan,0.0,0.05796726092284965,0.0,0.0,0.0,0.0,0.0,3.0,3.0,nan,0.0,0.0,0.0,0.0,0.0,nan,nan,,,0,0,0,0.18181221187114716,-2,173,True,True,False,"A:1,B:1,ESTOP:0,MODE:1",DRIVE_HEADING,,,,0,,,False,0,UNKNOWN,0.0,False,-9999.0,-1.0,-1.0,False,36.967666513333334,127.87359853,121.73100000000001,2,0.000144,36.967666513333334,127.87359853,4.0,0.04501703929901123,1.0,0.0,0.06603407859802246,0.0,0.03258534536190766,-0.21101898583410605,0.0,5.0,0.0,0.4908641000519407,-0.033658013222813296,-0.8705830869916007,-0.0021591827774378146,-0.01398008730847458,-0.006108652381980153,0.004468042885105484,-8.56120545,0.5982056499999999,5.1386845999999995
1789045244.043134,3.342,3.0,0.0,3,0,192,1.5042970950091525,0.11595780340786721,0.0,0.0,0.0,107.0,1.0,-0.7934559075623235,0.0,0.0,0.0,38.246155858177524,nan,0.0,0.18160332640100396,0.0,0.0,0.0,0.0,0.0,3.0,3.0,nan,0.0,0.0,0.0,0.0,0.0,nan,nan,,,0,0,0,0.23469872772693634,-2,173,True,True,False,"A:1,B:1,ESTOP:0,MODE:1",DRIVE_HEADING,,,,0,,,False,0,UNKNOWN,0.0,False,-9999.0,-1.0,-1.0,False,36.967666513333334,127.87359853,121.73100000000001,2,0.000144,36.967666513333334,127.87359853,4.0,0.07000545215606689,1.0,0.0,0.11601090431213379,0.0,0.03258534536190766,-0.21101898583410605,0.0,5.0,0.0,0.4908943983596033,-0.033671417292744935,-0.8705654581317679,-0.002169890431787093,-0.005026548245743669,-0.0029321531433504737,0.004276056667386108,-8.394492399999999,0.4707192,4.648352099999999
1789045244.093073,3.392,3.0,0.0,3,0,192,1.5042970950091525,0.11595780340786721,0.0,0.0,0.0,107.0,1.0,-0.7934559075623235,0.0,0.0,0.0,38.246155858177524,nan,0.0,0.17026211974820196,0.0,0.0,0.0,0.0,0.0,3.0,3.0,nan,0.0,0.0,0.0,0.0,0.0,nan,nan,,,0,0,0,0.285377562046051,-3,169,True,True,False,"A:1,B:1,ESTOP:0,MODE:1",DRIVE_HEADING,,,,0,,,False,0,UNKNOWN,0.0,False,-9999.0,-1.0,-1.0,False,36.967666513333334,127.87359853,121.73100000000001,2,0.000144,36.967666513333334,127.87359853,4.0,0.0950312967300415,1.0,0.0,0.166062593460083,0.0,0.03258534536190766,-0.21101898583410605,0.0,5.0,0.0,0.49117212815845274,-0.03368877540975235,-0.8704082446683378,-0.0021200342145632003,-0.004380776422505767,-0.0010995574287564276,-0.004049163864626845,-8.7867584,0.40207265,4.922938299999999
1789045244.143116,3.442,3.0,0.0,3,0,192,1.5108194716041567,0.12041058261705025,0.0,0.0,0.0,107.0,1.0,-0.7880555148168329,0.0,0.0,0.0,38.240403506214285,nan,0.0,-0.30612440449129447,0.0,0.0,0.0,0.0,0.0,3.0,3.0,nan,0.0,0.0,0.0,0.0,0.0,nan,nan,,,0,0,0,0.15540917217731476,-3,170,True,True,False,"A:1,B:1,ESTOP:0,MODE:1",DRIVE_HEADING,,,,0,,,False,0,UNKNOWN,0.0,False,-9999.0,-1.0,-1.0,False,36.96766655333333,127.87359860333333,121.73700000000001,2,0.000144,36.96766655333333,127.87359860333333,4.0,0.012,1.0,1.0,0.0,0.0,0.014505753335904124,-0.21101898583410605,0.0,5.0,0.0,0.4910743042264428,-0.03361767985079472,-0.8704663340010207,-0.0020592961875975195,-0.01069886831472524,0.0012566370614359172,0.008796459430051421,-8.659271949999999,0.196133,6.0605097
1789045244.193115,3.492,3.0,0.0,3,0,191,1.5108194716041567,0.12041058261705025,0.0,0.0,0.0,107.0,1.0,-0.7880555148168329,0.0,0.0,0.0,38.240403506214285,nan,0.0,0.42901584431768813,0.0,0.0,0.0,0.0,0.0,3.0,3.0,nan,0.0,0.0,0.0,0.0,0.0,nan,nan,,,0,0,0,0.29874059557914734,-2,170,True,True,False,"A:1,B:1,ESTOP:0,MODE:1",DRIVE_HEADING,,,,0,,,False,0,UNKNOWN,0.0,False,-9999.0,-1.0,-1.0,False,36.96766655333333,127.87359860333333,121.73700000000001,2,0.000144,36.96766655333333,127.87359860333333,4.0,0.042411839485168454,1.0,0.0,0.060823678970336914,0.0,0.014505753335904124,-0.21101898583410605,0.0,5.0,0.0,0.49119355459586544,-0.03364809456516061,-0.870397714051126,-0.002125330606482956,-0.022427480888127134,0.00757472895365539,0.005811946409141118,-8.669078599999999,0.5687857,4.38357255
1789045244.243072,3.542,3.0,0.0,3,0,192,1.5108194716041567,0.12041058261705025,0.0,0.0,0.0,107.0,1.0,-0.7880555148168329,0.0,0.0,0.0,38.240403506214285,nan,0.0,0.25749981262905275,0.0,0.0,0.0,0.0,0.0,3.0,3.0,nan,0.0,0.0,0.0,0.0,0.0,nan,nan,,,0,0,0,0.2752787470817566,-2,204,True,True,False,"A:1,B:1,ESTOP:0,MODE:1",DRIVE_HEADING,,,,0,,,False,0,UNKNOWN,0.0,False,-9999.0,-1.0,-1.0,False,36.96766655333333,127.87359860333333,121.73700000000001,2,0.000144,36.96766655333333,127.87359860333333,4.0,0.06741682243347168,1.0,0.0,0.11083364486694336,0.0,0.014505753335904124,-0.21101898583410605,0.0,5.0,0.0,0.49128871278997854,-0.03364813749914975,-0.8703438249172806,-0.00219771616962542,0.0017976891295541594,0.0021467549799530253,8.726646259971648e-05,-8.8652116,0.28439285,5.570177199999999
1789045244.293192,3.592,3.0,0.0,3,0,191,1.5108194716041567,0.12041058261705025,0.0,0.0,0.0,107.0,1.0,-0.7880555148168329,0.0,0.0,0.0,38.240403506214285,nan,0.0,-0.07035918699620536,0.0,0.0,0.0,0.0,0.0,3.0,3.0,nan,0.0,0.0,0.0,0.0,0.0,nan,nan,,,0,0,0,0.4010697603225708,-2,170,True,True,False,"A:1,B:1,ESTOP:0,MODE:1",DRIVE_HEADING,,,,0,,,False,0,UNKNOWN,0.0,False,-9999.0,-1.0,-1.0,False,36.967666496666666,127.87359867333333,121.73,2,0.000144,36.967666496666666,127.87359867333333,4.0,0.012,1.0,1.0,0.0,0.0,0.11748270508009052,-0.21101898583410605,0.0,5.0,0.0,0.4912520800328703,-0.03370489491748656,-0.870362300547305,-0.002199933631373059,-0.009354964790689606,0.0026529004630313807,0.001780235837034216,-8.79656505,-0.0980665,4.71699865
1789045244.343148,3.642,3.0,0.0,3,0,191,1.517045375903784,0.1141024784078024,0.0,0.0,0.0,107.0,1.0,-0.7933341714841057,0.0,0.0,0.0,38.23327408878689,nan,0.0,0.026587531377787035,0.0,0.0,0.0,0.0,0.0,3.0,3.0,nan,0.0,0.0,0.0,0.0,0.0,nan,nan,,,0,0,0,0.49409082531929016,-2,192,True,True,False,"A:1,B:1,ESTOP:0,MODE:1",DRIVE_HEADING,,,,0,,,False,0,UNKNOWN,0.0,False,-9999.0,-1.0,-1.0,False,36.967666496666666,127.87359867333333,121.73,2,0.000144,36.967666496666666,127.87359867333333,4.0,0.012,1.0,1.0,0.0,0.0,0.11748270508009052,-0.21101898583410605,0.0,5.0,0.0,0.491313304782748,-0.03370032729012325,-0.87032793465287,-0.0021933186870411944,-0.01960004749989632,-0.0026529004630313807,0.0012217304763960308,-8.208166049999999,0.6864655000000001,4.3541526
1789045244.393270,3.692,3.0,0.0,3,0,191,1.517045375903784,0.1141024784078024,0.0,0.0,0.0,107.0,1.0,-0.7933341714841057,0.0,0.0,0.0,38.23327408878689,nan,0.0,-0.005401643684968524,0.0,0.0,0.0,0.0,0.0,3.0,3.0,nan,0.0,0.0,0.0,0.0,0.0,nan,nan,,,0,0,0,0.39977675676345825,-2,171,True,True,False,"A:1,B:1,ESTOP:0,MODE:1",DRIVE_HEADING,,,,0,,,False,0,UNKNOWN,0.0,False,-9999.0,-1.0,-1.0,False,36.967666496666666,127.87359867333333,121.73,2,0.000144,36.967666496666666,127.87359867333333,4.0,0.047656332969665524,1.0,0.0,0.07131266593933105,0.0,0.11748270508009052,-0.21101898583410605,0.0,5.0,0.0,0.49129589309749855,-0.03377819199966301,-0.870334165339507,-0.002412428972818955,-0.003473205211468716,-0.007871434926494426,-0.0035779249665883754,-8.09048625,1.4808041499999998,5.550563899999999
1789045244.443108,3.742,0.0,-3.0,3,0,192,1.517045375903784,0.1141024784078024,0.0,0.0,0.0,107.0,1.0,-0.7933341714841057,0.0,0.0,0.0,38.23327408878689,nan,0.0,-0.2798408403975986,0.0,0.0,0.0,0.0,0.0,3.0,3.0,nan,0.0,0.0,0.0,0.0,0.0,nan,nan,,,0,0,0,0.7280579209327698,-2,170,False,True,False,"A:1,B:1,ESTOP:0,MODE:1",DRIVE_HEADING,,,,0,,,False,0,UNKNOWN,0.0,False,-9999.0,-1.0,-1.0,False,36.967666496666666,127.87359867333333,121.73,2,0.000144,36.967666496666666,127.87359867333333,4.0,0.07264236164093017,1.0,0.0,0.12128472328186035,0.0,0.11748270508009052,-0.21101898583410605,0.0,5.0,0.0,0.49139942130367215,-0.03387602469222792,-0.8702711906745646,-0.0026605216299260617,0.050021136362157485,0.0006108652381980154,-0.008168140899333463,-9.42419065,-0.26477955,3.59904055
1789045244.493102,3.792,3.0,0.0,0,0,191,1.517045375903784,0.1141024784078024,0.0,0.0,0.0,107.0,1.0,-0.7933341714841057,0.0,0.0,0.0,38.23327408878689,nan,0.0,-0.5417551587168035,0.0,0.0,0.0,0.0,0.0,3.0,3.0,nan,0.0,0.0,0.0,0.0,0.0,nan,nan,,,0,0,0,0.6690933108329773,-2,171,True,True,False,"A:1,B:1,ESTOP:0,MODE:1",DRIVE_HEADING,,,,0,,,False,0,UNKNOWN,0.0,False,-9999.0,-1.0,-1.0,False,36.967666475,127.87359899,121.747,2,0.000144,36.967666475,127.87359899,4.0,0.012,1.0,1.0,0.0,0.0,0.32978809879847254,-10.826618643255564,0.0,5.0,0.0,0.4918774293561611,-0.03409506414215313,-0.869992515615262,-0.0026728008802349226,-0.032340951039454925,-0.0205599785884932,0.008464846872172497,-8.52197885,0.980665,5.560370549999999
1789045244.543118,3.842,3.0,0.0,3,0,191,1.5452101820317639,0.1116905563032044,0.0,0.0,0.0,107.0,1.0,-0.7913981259411652,0.0,0.0,0.0,38.2050761132848,nan,0.0,0.4104223516006301,0.0,0.0,0.0,0.0,0.0,3.0,3.0,nan,0.0,0.0,0.0,0.0,0.0,nan,nan,,,0,0,0,0.6151619553565979,-2,173,True,True,False,"A:1,B:1,ESTOP:0,MODE:1",DRIVE_HEADING,,,,0,,,False,0,UNKNOWN,0.0,False,-9999.0,-1.0,-1.0,False,36.967666475,127.87359899,121.747,2,0.000144,36.967666475,127.87359899,4.0,0.012,1.0,1.0,0.0,0.0,0.32978809879847254,-10.826618643255564,0.0,5.0,0.0,0.4918001968272902,-0.03410581409966355,-0.870035681487354,-0.0026968099809334886,-0.007976154681614086,-0.011362093430483085,-0.00853466004225227,-8.34545915,0.73549875,5.4524974
1789045244.593233,3.892,3.0,0.0,3,0,191,1.5452101820317639,0.1116905563032044,0.0,0.0,0.0,107.0,1.0,-0.7913981259411652,0.0,0.0,0.0,38.2050761132848,nan,0.0,-0.562450493102571,0.0,0.0,0.0,0.0,0.0,3.0,3.0,nan,0.0,0.0,0.0,0.0,0.0,nan,nan,,,0,0,0,0.35979121923446655,-2,170,True,True,False,"A:1,B:1,ESTOP:0,MODE:1",DRIVE_HEADING,,,,0,,,False,0,UNKNOWN,0.0,False,-9999.0,-1.0,-1.0,False,36.967666475,127.87359899,121.747,2,0.000144,36.967666475,127.87359899,4.0,0.04874054145812988,1.0,0.0,0.07348108291625977,0.0,0.32978809879847254,-10.826618643255564,0.0,5.0,0.0,0.4917584673247761,-0.034061832127240316,-0.8700608552959282,-0.0027403445477699497,0.05890486225480862,-0.00013962634015954637,-0.0032812189937493396,-9.7674234,0.06864655,7.6688003
1789045244.643084,3.942,3.0,0.0,3,0,191,1.5452101820317639,0.1116905563032044,0.0,0.0,0.0,107.0,1.0,-0.7913981259411652,0.0,0.0,0.0,38.2050761132848,nan,0.0,-0.2609275921163659,0.0,0.0,0.0,0.0,0.0,3.0,3.0,nan,0.0,0.0,0.0,0.0,0.0,nan,nan,,,0,0,0,0.3048950135707855,-3,169,True,True,False,"A:1,B:1,ESTOP:0,MODE:1",DRIVE_HEADING,,,,0,,,False,0,UNKNOWN,0.0,False,-9999.0,-1.0,-1.0,False,36.967666475,127.87359899,121.747,2,0.000144,36.967666475,127.87359899,4.0,0.07373038482666015,1.0,0.0,0.12346076965332031,0.0,0.32978809879847254,-10.826618643255564,0.0,5.0,0.0,0.4914830242958981,-0.03416534707747162,-0.8702121921556227,-0.0028118520123180737,-0.018901915799098588,-0.0075223690760955605,-0.007853981633974483,-8.502365549999999,-0.12748644999999997,8.87501825
1789045244.693104,3.992,3.0,0.0,3,0,191,1.5452101820317639,0.1116905563032044,0.0,0.0,0.0,107.0,1.0,-0.7913981259411652,0.0,0.0,0.0,38.2050761132848,nan,0.0,-0.5218817369321331,0.0,0.0,0.0,0.0,0.0,3.0,3.0,nan,0.0,0.0,0.0,0.0,0.0,nan,nan,,,0,0,0,0.15926344692707062,-3,169,True,True,False,"A:1,B:1,ESTOP:0,MODE:1",DRIVE_HEADING,,,,0,,,False,0,UNKNOWN,0.0,False,-9999.0,-1.0,-1.0,False,36.967666485,127.87359954333333,121.748,2,0.000144,36.967666485,127.87359954333333,4.0,0.012,1.0,1.0,0.0,0.0,0.6893501276986543,-10.826618643255564,0.0,5.0,0.0,0.4915281946453194,-0.03431172337093413,-0.8701801718095011,-0.0030344847366177083,-0.010297442586766544,-0.005497787143782138,-0.007696902001294993,-7.698220249999999,0.8629851999999999,3.7461403
1789045244.743110,4.042,3.0,0.0,3,0,191,1.5944244731019657,0.1128037513032433,0.0,0.0,0.0,107.0,1.0,-0.7827504569628365,0.0,0.0,0.0,38.156631659764315,nan,0.0,-0.5118559734582689,0.0,0.0,0.0,0.0,0.0,3.0,3.0,nan,0.0,0.0,0.0,0.0,0.0,nan,nan,,,0,0,0,0.4288269579410553,-3,170,True,True,False,"A:1,B:1,ESTOP:0,MODE:1",DRIVE_HEADING,,,,0,,,False,0,UNKNOWN,0.0,False,-9999.0,-1.0,-1.0,False,36.967666485,127.87359954333333,121.748,2,0.000144,36.967666485,127.87359954333333,4.0,0.012,1.0,1.0,0.0,0.0,0.6893501276986543,-10.826618643255564,0.0,5.0,0.0,0.49150152829840377,-0.034297164615778405,-0.8701955901332722,-0.0030963029983752874,0.02118829711921116,0.0009773843811168245,-0.0025830872929516074,-8.845598299999999,-0.34323275000000003,6.874461649999999
1789045244.793299,4.092,3.0,0.0,3,0,192,1.5944244731019657,0.1128037513032433,0.0,0.0,0.0,107.0,1.0,-0.7827504569628365,0.0,0.0,0.0,38.156631659764315,nan,0.0,-0.21841826151135235,0.0,0.0,0.0,0.0,0.0,3.0,3.0,nan,0.0,0.0,0.0,0.0,0.0,nan,nan,,,0,0,0,0.4393090009689331,-2,174,True,True,False,"A:1,B:1,ESTOP:0,MODE:1",DRIVE_HEADING,,,,0,,,False,0,UNKNOWN,0.0,False,-9999.0,-1.0,-1.0,False,36.967666485,127.87359954333333,121.748,2,0.000144,36.967666485,127.87359954333333,4.0,0.04555789184570312,1.0,0.0,0.06711578369140625,0.0,0.6893501276986543,-10.826618643255564,0.0,5.0,0.0,0.49140834881166523,-0.03428362141135735,-0.8702486596654541,-0.0031206364088550084,-0.06356489135763348,-0.0073129295658562405,0.0,-7.305954249999999,0.20593965,4.22666615
1789045244.843131,4.142,3.0,0.0,3,0,191,1.5944244731019657,0.1128037513032433,0.0,0.0,0.0,107.0,1.0,-0.7827504569628365,0.0,0.0,0.0,38.156631659764315,nan,0.0,-0.07027742498832966,0.0,0.0,0.0,0.0,0.0,3.0,3.0,nan,0.0,0.0,0.0,0.0,0.0,nan,nan,,,0,0,0,0.5529347062110901,-2,173,True,True,False,"A:1,B:1,ESTOP:0,MODE:1",DRIVE_HEADING,,,,0,,,False,0,UNKNOWN,0.0,False,-9999.0,-1.0,-1.0,False,36.967666485,127.87359954333333,121.748,2,0.000144,36.967666485,127.87359954333333,4.0,0.0705637092590332,1.0,0.0,0.1171274185180664,0.0,0.6893501276986543,-10.826618643255564,0.0,5.0,0.0,0.49149706899264733,-0.034274664029605495,-0.8701987433311783,-0.0031663357580203437,-0.009843656981248018,0.011641346110802179,-0.00020943951023931956,-8.8063717,0.5883989999999999,6.4821956499999995
1789045244.893216,4.192,3.0,0.0,3,0,191,1.5944244731019657,0.1128037513032433,0.0,0.0,0.0,107.0,1.0,-0.7827504569628365,0.0,0.0,0.0,38.156631659764315,nan,0.0,-0.082112870138353,0.0,0.0,0.0,0.0,0.0,3.0,3.0,nan,0.0,0.0,0.0,0.0,0.0,nan,nan,,,0,0,0,0.6692314743995667,-2,170,True,True,False,"A:1,B:1,ESTOP:0,MODE:1",DRIVE_HEADING,,,,0,,,False,0,UNKNOWN,0.0,False,-9999.0,-1.0,-1.0,False,36.967666351666665,127.873599935,121.729,2,0.000144,36.967666351666665,127.873599935,4.0,0.012,1.0,1.0,0.0,0.0,0.7640405099335282,-10.826618643255564,0.0,5.0,0.0,0.49132954552395336,-0.03415243658794419,-0.8702973355141672,-0.003381799413482236,-0.00476474885794452,-0.0016231562043547264,-0.015603243512829306,-8.42391235,0.1569064,5.7663101999999995
1789045244.943161,4.242,0.0,-3.0,3,0,191,1.6292598913406702,0.09796115209369725,0.0,0.0,0.0,107.0,1.0,-0.7920750089619457,0.0,0.0,0.0,38.119914043711056,nan,0.0,-0.9621846443980763,0.0,0.0,0.0,0.0,0.0,3.0,3.0,nan,0.0,0.0,0.0,0.0,0.0,nan,nan,,,0,0,0,0.7755264043807983,-2,170,False,True,False,"A:1,B:1,ESTOP:0,MODE:1",DRIVE_HEADING,,,,0,,,False,0,UNKNOWN,0.0,False,-9999.0,-1.0,-1.0,False,36.967666351666665,127.873599935,121.729,2,0.000144,36.967666351666665,127.873599935,4.0,0.012,1.0,1.0,0.0,0.0,0.7640405099335282,-10.826618643255564,0.0,5.0,0.0,0.49131522216477014,-0.03422110657172832,-0.8703020999664215,-0.0035388032194034608,-0.027768188399229784,0.00466002910282486,-0.008360127117052838,-7.7864801,-0.21574629999999997,4.9425516
1789045244.993179,4.292,3.0,0.0,0,0,191,1.6292598913406702,0.09796115209369725,0.0,0.0,0.0,107.0,1.0,-0.7920750089619457,0.0,0.0,0.0,38.119914043711056,nan,0.0,-0.5460902751092801,0.0,0.0,0.0,0.0,0.0,3.0,3.0,nan,0.0,0.0,0.0,0.0,0.0,nan,nan,,,0,0,0,0.5700961351394653,-2,186,True,True,False,"A:1,B:1,ESTOP:0,MODE:1",DRIVE_HEADING,,,,0,,,False,0,UNKNOWN,0.0,False,-9999.0,-1.0,-1.0,False,36.967666351666665,127.873599935,121.729,2,0.000144,36.967666351666665,127.873599935,4.0,0.04811159324645996,1.0,0.0,0.07222318649291992,0.0,0.7640405099335282,-10.826618643255564,0.0,5.0,0.0,0.4914416802984982,-0.03432729114685619,-0.870226064602685,-0.0036480726460819853,-0.017208946424664088,-0.0025656340004316645,-0.0005235987755982988,-8.316039199999999,1.16699135,3.97169325
1789045245.043072,4.342,3.0,0.0,3,0,191,1.6292598913406702,0.09796115209369725,0.0,0.0,0.0,107.0,1.0,-0.7920750089619457,0.0,0.0,0.0,38.119914043711056,nan,0.0,-0.09689609455906159,0.0,0.0,0.0,0.0,0.0,3.0,3.0,nan,0.0,0.0,0.0,0.0,0.0,nan,nan,,,0,0,0,0.518968403339386,-2,320,True,True,False,"A:1,B:1,ESTOP:0,MODE:1",DRIVE_HEADING,,,,0,,,False,0,UNKNOWN,0.0,False,-9999.0,-1.0,-1.0,False,36.967666351666665,127.873599935,121.729,2,0.000144,36.967666351666665,127.873599935,4.0,0.07316139888763427,1.0,0.0,0.12232279777526855,0.0,0.7640405099335282,-10.826618643255564,0.0,5.0,0.0,0.4914833263403859,-0.03430266494303581,-0.8702026386752739,-0.0038515905527716603,-0.016667894356545847,-0.019250981649497456,0.009389871375729494,-7.79628675,0.50013915,4.246279449999999
1789045245.093398,4.392,3.0,0.0,3,0,213,1.6292598913406702,0.09796115209369725,0.0,0.0,0.0,107.0,1.0,-0.7920750089619457,0.0,0.0,0.0,38.119914043711056,nan,0.0,0.47016169763005655,0.0,0.0,0.0,0.0,0.0,3.0,3.0,nan,0.0,0.0,0.0,0.0,0.0,nan,nan,,,0,0,0,0.6192905306816101,-2,170,True,True,False,"A:1,B:1,ESTOP:0,MODE:1",DRIVE_HEADING,,,,0,,,False,0,UNKNOWN,0.0,False,-9999.0,-1.0,-1.0,False,36.967666351666665,127.873599935,121.729,2,0.000144,36.967666351666665,127.873599935,4.0,0.09810260486602783,1.0,0.0,0.17220520973205566,0.0,0.7640405099335282,-10.826618643255564,0.0,5.0,0.0,0.4912992882670113,-0.03433539981761549,-0.8703051038281884,-0.0038879195334458293,0.0048520153205442364,-0.00015707963267948965,0.006544984694978736,-7.9041599,0.65704555,6.03108975
1789045245.143162,4.442,3.0,0.0,3,0,191,1.6292598913406702,0.09796115209369725,0.0,0.0,0.0,107.0,1.0,-0.7920750089619457,0.0,0.0,0.0,38.119914043711056,nan,0.0,0.3065473742347965,0.0,0.0,0.0,0.0,0.0,3.0,3.0,nan,0.0,0.0,0.0,0.0,0.0,nan,nan,,,0,0,0,0.5548446774482727,-3,401,True,True,False,"A:1,B:1,ESTOP:0,MODE:1",DRIVE_HEADING,,,,0,,,False,0,UNKNOWN,0.0,False,-9999.0,-1.0,-1.0,False,36.967666316666666,127.87360025166667,121.71300000000001,2,0.00016384,36.967666316666666,127.87360025166667,4.0,0.0128,1.0,1.0,0.0,0.0,0.5648664340733494,-10.826618643255564,0.0,5.0,0.0,0.4913570717478588,-0.03454899533730799,-0.8702645474240006,-0.003769941836635437,-0.037803831598197175,-0.003543018381548489,0.004031710572106902,-8.28661925,0.93163175,4.9425516
1789045245.193290,4.492,3.0,0.0,3,0,191,1.6574246974686497,0.09406496998904738,0.0,0.0,0.0,107.0,1.0,-0.7916056645424081,0.0,0.0,0.0,38.09148580222114,nan,0.0,0.16222227948632686,0.0,0.0,0.0,0.0,0.0,3.0,3.0,nan,0.0,0.0,0.0,0.0,0.0,nan,nan,,,0,0,0,0.7127737998962402,-3,170,True,True,False,"A:1,B:1,ESTOP:0,MODE:1",DRIVE_HEADING,,,,0,,,False,0,UNKNOWN,0.0,False,-9999.0,-1.0,-1.0,False,36.967666316666666,127.87360025166667,121.71300000000001,2,0.00016384,36.967666316666666,127.87360025166667,4.0,0.036940477180480956,1.0,0.0,0.048280954360961914,0.0,0.5648664340733494,-10.826618643255564,0.0,5.0,0.0,0.4913115289488097,-0.03442488095884652,-0.8702948448147767,-0.0038460605527913423,-0.022375121010567305,-0.009093165402890457,-0.013055062804917585,-8.051259649999999,0.53936575,6.178189499999999
1789045245.243181,4.542,3.0,0.0,3,0,191,1.6574246974686497,0.09406496998904738,0.0,0.0,0.0,107.0,1.0,-0.7916056645424081,0.0,0.0,0.0,38.09148580222114,nan,0.0,-0.8151441650726459,0.0,0.0,0.0,0.0,0.0,3.0,3.0,nan,0.0,0.0,0.0,0.0,0.0,nan,nan,,,0,0,0,0.9755567908287048,-3,170,True,True,False,"A:1,B:1,ESTOP:0,MODE:1",DRIVE_HEADING,,,,0,,,False,0,UNKNOWN,0.0,False,-9999.0,-1.0,-1.0,False,36.967666316666666,127.87360025166667,121.71300000000001,2,0.00016384,36.967666316666666,127.87360025166667,4.0,0.061922095108032225,1.0,0.0,0.09824419021606445,0.0,0.5648664340733494,-10.826618643255564,0.0,5.0,0.0,0.49122468135787883,-0.034443091384166236,-0.8703428622079931,-0.003909997998802595,0.0035779249665883754,0.014329153158873445,-0.0012217304763960308,-8.414105699999999,0.50013915,7.0215613999999995
1789045245.293249,4.592,3.0,0.0,3,0,191,1.6574246974686497,0.09406496998904738,0.0,0.0,0.0,107.0,1.0,-0.7916056645424081,0.0,0.0,0.0,38.09148580222114,nan,0.0,-0.13686987674250053,0.0,0.0,0.0,0.0,0.0,3.0,3.0,nan,0.0,0.0,0.0,0.0,0.0,nan,nan,,,0,0,0,1.0845470428466797,-2,170,True,True,False,"A:1,B:1,ESTOP:0,MODE:1",DRIVE_HEADING,,,,0,,,False,0,UNKNOWN,0.0,False,-9999.0,-1.0,-1.0,False,36.967666316666666,127.87360025166667,121.71300000000001,2,0.00016384,36.967666316666666,127.87360025166667,4.0,0.086910746383667,1.0,0.0,0.14822149276733398,0.0,0.5648664340733494,-10.826618643255564,0.0,5.0,0.0,0.49120012787067635,-0.03447010175009292,-0.8703554517342551,-0.003953998182872526,-0.0069638637154573755,-0.01085594794740473,0.003909537524467298,-8.3748791,0.35303939999999995,5.815343449999999
1789045245.343117,4.642,3.0,0.0,3,0,191,1.6861824456595134,0.08460281367517561,0.0,0.0,0.0,107.0,1.0,-0.7965455132790467,0.0,0.0,0.0,38.061608439897284,nan,0.0,0.1568158630109845,0.0,0.0,0.0,0.0,0.0,3.0,3.0,nan,0.0,0.0,0.0,0.0,0.0,nan,nan,,,0,0,0,1.211745023727417,-2,174,True,True,False,"A:1,B:1,ESTOP:0,MODE:1",DRIVE_HEADING,,,,0,,,False,0,UNKNOWN,0.0,False,-9999.0,-1.0,-1.0,False,36.96766623166667,127.873600575,121.71900000000001,2,0.000144,36.96766623166667,127.873600575,4.0,0.012,1.0,1.0,0.0,0.0,0.509189224563628,-10.826618643255564,0.0,5.0,0.0,0.49111873182810484,-0.03446137456900609,-0.870401311587766,-0.0040449594145575245,-0.022130774915288098,0.002775073510670984,0.0031066860685499066,-8.316039199999999,0.392266,5.93302325
1789045245.393426,4.692,3.0,0.0,3,0,191,1.6861824456595134,0.08460281367517561,0.0,0.0,0.0,107.0,1.0,-0.7965455132790467,0.0,0.0,0.0,38.061608439897284,nan,0.0,0.1105942312849625,0.0,0.0,0.0,0.0,0.0,3.0,3.0,nan,0.0,0.0,0.0,0.0,0.0,nan,nan,,,0,0,0,1.1777310371398926,-2,170,True,True,False,"A:1,B:1,ESTOP:0,MODE:1",DRIVE_HEADING,,,,0,,,False,0,UNKNOWN,0.0,False,-9999.0,-1.0,-1.0,False,36.96766623166667,127.873600575,121.71900000000001,2,0.000144,36.96766623166667,127.873600575,4.0,0.04146090698242187,1.0,0.0,0.05892181396484375,0.0,0.509189224563628,-10.826618643255564,0.0,5.0,0.0,0.4911554621416619,-0.034532856142959784,-0.87037747313648,-0.004104645121849635,-0.01642354826126664,0.007138396640656807,0.0020420352248333657,-8.38468575,0.6864655000000001,4.99158485
1789045245.443114,4.742,0.0,-3.0,3,0,191,1.6861824456595134,0.08460281367517561,0.0,0.0,0.0,107.0,1.0,-0.7965455132790467,0.0,0.0,0.0,38.061608439897284,nan,0.0,0.04949504282239259,0.0,0.0,0.0,0.0,0.0,3.0,3.0,nan,0.0,0.0,0.0,0.0,0.0,nan,nan,,,0,0,0,1.4135130643844604,-2,170,False,True,False,"A:1,B:1,ESTOP:0,MODE:1",DRIVE_HEADING,,,,0,,,False,0,UNKNOWN,0.0,False,-9999.0,-1.0,-1.0,False,36.96766623166667,127.873600575,121.71900000000001,2,0.000144,36.96766623166667,127.873600575,4.0,0.06640855026245117,1.0,0.0,0.10881710052490234,0.0,0.509189224563628,-10.826618643255564,0.0,5.0,0.0,0.491167457858717,-0.03454876684398008,-0.8703697517023226,-0.0041720944144553115,-0.02066469834361286,0.003351032163829113,-0.009494591130849153,-8.2768126,0.8629851999999999,6.7960084499999995
1789045245.493088,4.792,3.0,0.0,0,0,191,1.6861824456595134,0.08460281367517561,0.0,0.0,0.0,107.0,1.0,-0.7965455132790467,0.0,0.0,0.0,38.061608439897284,nan,0.0,-0.6102819472632522,0.0,0.0,0.0,0.0,0.0,3.0,3.0,nan,0.0,0.0,0.0,0.0,0.0,nan,nan,,,0,0,0,1.254983901977539,-2,170,True,True,False,"A:1,B:1,ESTOP:0,MODE:1",DRIVE_HEADING,,,,0,,,False,0,UNKNOWN,0.0,False,-9999.0,-1.0,-1.0,False,36.96766614166667,127.87360085166667,121.743,2,0.000144,36.96766614166667,127.87360085166667,4.0,0.012,1.0,1.0,0.0,0.0,0.5350841882452587,-10.826618643255564,0.0,5.0,0.0,0.4912855487105062,-0.03463037004487282,-0.8702993224149664,-0.004282114293474675,-0.01387536755335492,-0.0037000980142279784,-0.005253441048502932,-8.629852,0.61781895,4.2756994
1789045245.543140,4.842,3.0,0.0,3,0,191,1.7107895918265814,0.0745840594657981,0.0,0.0,0.0,107.0,1.0,-0.8026719234155908,0.0,0.0,0.0,38.0357459913835,nan,0.0,-0.3665473833687257,0.0,0.0,0.0,0.0,0.0,3.0,3.0,nan,0.0,0.0,0.0,0.0,0.0,nan,nan,,,0,0,0,1.1068074703216553,-3,170,True,True,False,"A:1,B:1,ESTOP:0,MODE:1",DRIVE_HEADING,,,,0,,,False,0,UNKNOWN,0.0,False,-9999.0,-1.0,-1.0,False,36.96766614166667,127.87360085166667,121.743,2,0.000144,36.96766614166667,127.87360085166667,4.0,0.012,1.0,1.0,0.0,0.0,0.5350841882452587,-10.826618643255564,0.0,5.0,0.0,0.4913629375088446,-0.03471616520729537,-0.8702527984584489,-0.004161525107124989,-0.0113271868454432,0.002181661564992912,0.006614797865058509,-8.67888525,0.17651969999999997,4.18743955
1789045245.593207,4.892,3.0,0.0,3,0,191,1.7107895918265814,0.0745840594657981,0.0,0.0,0.0,107.0,1.0,-0.8026719234155908,0.0,0.0,0.0,38.0357459913835,nan,0.0,0.31282571139801174,0.0,0.0,0.0,0.0,0.0,3.0,3.0,nan,0.0,0.0,0.0,0.0,0.0,nan,nan,,,0,0,0,1.1597832441329956,-2,171,True,True,False,"A:1,B:1,ESTOP:0,MODE:1",DRIVE_HEADING,,,,0,,,False,0,UNKNOWN,0.0,False,-9999.0,-1.0,-1.0,False,36.96766614166667,127.87360085166667,121.743,2,0.000144,36.96766614166667,127.87360085166667,4.0,0.04501596641540527,1.0,0.0,0.06603193283081055,0.0,0.5350841882452587,-10.826618643255564,0.0,5.0,0.0,0.4912144196128393,-0.03465912120760175,-0.8703393807683258,-0.004062211878440806,-0.0053058009260627615,-0.010105456369047167,-0.002129301687433082,-8.3552658,0.3138128,5.4034641500000005
1789045245.643075,4.942,3.0,0.0,3,0,191,1.7107895918265814,0.0745840594657981,0.0,0.0,0.0,107.0,1.0,-0.8026719234155908,0.0,0.0,0.0,38.0357459913835,nan,0.0,-0.18779794002478428,0.0,0.0,0.0,0.0,0.0,3.0,3.0,nan,0.0,0.0,0.0,0.0,0.0,nan,nan,,,0,0,0,1.3095641136169434,-2,170,True,True,False,"A:1,B:1,ESTOP:0,MODE:1",DRIVE_HEADING,,,,0,,,False,0,UNKNOWN,0.0,False,-9999.0,-1.0,-1.0,False,36.96766614166667,127.87360085166667,121.743,2,0.000144,36.96766614166667,127.87360085166667,4.0,0.07000747871398925,1.0,0.0,0.11601495742797852,0.0,0.5350841882452587,-10.826618643255564,0.0,5.0,0.0,0.49100499395210107,-0.03463857069352883,-0.8704574259046773,-0.004258523430704427,-0.015323990832510213,6.981317007977319e-05,-0.009407324668249437,-7.6295737,0.53936575,5.75650355
1789045245.693262,4.992,3.0,0.0,3,0,191,1.7107895918265814,0.0745840594657981,0.0,0.0,0.0,107.0,1.0,-0.8026719234155908,0.0,0.0,0.0,38.0357459913835,nan,0.0,-0.6035883441447347,0.0,0.0,0.0,0.0,0.0,3.0,3.0,nan,0.0,0.0,0.0,0.0,0.0,nan,nan,,,0,0,0,1.4122265577316284,-2,169,True,True,False,"A:1,B:1,ESTOP:0,MODE:1",DRIVE_HEADING,,,,0,,,False,0,UNKNOWN,0.0,False,-9999.0,-1.0,-1.0,False,36.96766614166667,127.87360085166667,121.743,2,0.000144,36.96766614166667,127.87360085166667,4.0,0.0950003023147583,1.0,0.0,0.1660006046295166,0.0,0.5350841882452587,-10.826618643255564,0.0,5.0,0.0,0.49089158258247906,-0.0347397625641006,-0.8705165045752672,-0.004429256000470932,0.018901915799098588,0.0004886921905584122,-0.012880529879718152,-8.159132799999998,0.392266,5.6780503499999995
1789045245.743122,5.042,3.0,0.0,3,0,191,1.7260578815442083,0.06976021446562955,0.0,0.0,0.0,107.0,1.0,-0.8050971138902006,0.0,0.0,0.0,38.019914883255225,nan,0.0,-0.8009831674564453,0.0,0.0,0.0,0.0,0.0,3.0,3.0,nan,0.0,0.0,0.0,0.0,0.0,nan,nan,,,0,0,0,1.448639154434204,-3,169,True,True,False,"A:1,B:1,ESTOP:0,MODE:1",DRIVE_HEADING,,,,0,,,False,0,UNKNOWN,0.0,False,-9999.0,-1.0,-1.0,False,36.96766609833333,127.87360102333334,121.748,2,0.000144,36.96766609833333,127.87360102333334,4.0,0.012,1.0,1.0,0.0,0.0,0.3850215593977589,-10.826618643255564,0.0,5.0,0.0,0.4909133885495507,-0.034758935646007565,-0.8705032961074022,-0.004457892069475455,-0.008063421144213804,-0.009215338450530061,0.005480333851262195,-8.237585999999999,0.50013915,5.3152043
1789045245.793305,5.092,3.0,0.0,3,0,191,1.7260578815442083,0.06976021446562955,0.0,0.0,0.0,107.0,1.0,-0.8050971138902006,0.0,0.0,0.0,38.019914883255225,nan,0.0,0.25051479887846767,0.0,0.0,0.0,0.0,0.0,3.0,3.0,nan,0.0,0.0,0.0,0.0,0.0,nan,nan,,,0,0,0,1.4675250053405762,-3,172,True,True,False,"A:1,B:1,ESTOP:0,MODE:1",DRIVE_HEADING,,,,0,,,False,0,UNKNOWN,0.0,False,-9999.0,-1.0,-1.0,False,36.96766609833333,127.87360102333334,121.748,2,0.000144,36.96766609833333,127.87360102333334,4.0,0.042526518821716305,1.0,0.0,0.06105303764343262,0.0,0.3850215593977589,-10.826618643255564,0.0,5.0,0.0,0.4908170555986325,-0.034760583729682784,-0.870557806169086,-0.004407478908498203,-0.01494001839707146,0.013910274138394808,-0.0053058009260627615,-7.9237732,0.55897905,5.0406181
1789045245.843077,5.142,3.0,0.0,3,0,191,1.7260578815442083,0.06976021446562955,0.0,0.0,0.0,107.0,1.0,-0.8050971138902006,0.0,0.0,0.0,38.019914883255225,nan,0.0,-0.36675023071928925,0.0,0.0,0.0,0.0,0.0,3.0,3.0,nan,0.0,0.0,0.0,0.0,0.0,nan,nan,,,0,0,0,1.488525390625,-2,185,True,True,False,"A:1,B:1,ESTOP:0,MODE:1",DRIVE_HEADING,,,,0,,,False,0,UNKNOWN,0.0,False,-9999.0,-1.0,-1.0,False,36.96766609833333,127.87360102333334,121.748,2,0.000144,36.96766609833333,127.87360102333334,4.0,0.06751660060882568,1.0,0.0,0.11103320121765137,0.0,0.3850215593977589,-10.826618643255564,0.0,5.0,0.0,0.4905199250581507,-0.034641154543730894,-0.870729610534178,-0.004487635437804633,-0.008395033702092726,-0.003490658503988659,0.0007504915783575617,-8.3356525,0.44129925,5.2563644
1789045245.893180,5.192,3.0,0.0,3,0,191,1.7260578815442083,0.06976021446562955,0.0,0.0,0.0,107.0,1.0,-0.8050971138902006,0.0,0.0,0.0,38.019914883255225,nan,0.0,-0.01971073025785071,0.0,0.0,0.0,0.0,0.0,3.0,3.0,nan,0.0,0.0,0.0,0.0,0.0,nan,nan,,,0,0,0,1.5356018543243408,-2,170,True,True,False,"A:1,B:1,ESTOP:0,MODE:1",DRIVE_HEADING,,,,0,,,False,0,UNKNOWN,0.0,False,-9999.0,-1.0,-1.0,False,36.96766609833333,127.87360102333334,121.748,2,0.000144,36.96766609833333,127.87360102333334,4.0,0.09251466941833496,1.0,0.0,0.16102933883666992,0.0,0.3850215593977589,-10.826618643255564,0.0,5.0,0.0,0.4905643810825501,-0.03468185900257719,-0.8707027218231853,-0.0045306598765053364,-0.01595230936322817,-0.010559241974565694,-0.0006806784082777885,-8.237585999999999,0.17651969999999997,5.26617105
1789045245.943172,5.242,0.0,-3.0,3,0,191,1.7468108954549886,0.07272873446573327,0.0,0.0,0.0,107.0,1.0,-0.7989809706227647,0.0,0.0,0.0,37.99987220189932,nan,0.0,-0.10150730879733501,0.0,0.0,0.0,0.0,0.0,3.0,3.0,nan,0.0,0.0,0.0,0.0,0.0,nan,nan,,,0,0,0,1.5269091129302979,-2,176,False,True,False,"A:1,B:1,ESTOP:0,MODE:1",DRIVE_HEADING,,,,0,,,False,0,UNKNOWN,0.0,False,-9999.0,-1.0,-1.0,False,36.967666125,127.87360125666666,121.735,2,0.000144,36.967666125,127.87360125666666,4.0,0.012,1.0,1.0,0.0,0.0,0.32185676643338185,-10.826618643255564,0.0,5.0,0.0,0.4906290850074708,-0.034665339999987284,-0.8706665814086337,-0.0045955593370150365,-0.013945180723434694,-0.005026548245743669,-0.011658799403322121,-8.38468575,0.4707192,5.08965135
1789045245.993104,5.292,3.0,0.0,0,0,191,1.7468108954549886,0.07272873446573327,0.0,0.0,0.0,107.0,1.0,-0.7989809706227647,0.0,0.0,0.0,37.99987220189932,nan,0.0,-0.7290462941797403,0.0,0.0,0.0,0.0,0.0,3.0,3.0,nan,0.0,0.0,0.0,0.0,0.0,nan,nan,,,0,0,0,1.4851819276809692,-2,278,True,True,False,"A:1,B:1,ESTOP:0,MODE:1",DRIVE_HEADING,,,,0,,,False,0,UNKNOWN,0.0,False,-9999.0,-1.0,-1.0,False,36.967666125,127.87360125666666,121.735,2,0.000144,36.967666125,127.87360125666666,4.0,0.043268000602722165,1.0,0.0,0.06253600120544434,0.0,0.32185676643338185,-10.826618643255564,0.0,5.0,0.0,0.49080870447243813,-0.03474599986636982,-0.870561591325653,-0.0046954037015057015,-0.0025656340004316645,0.0058468529941810045,-0.002286381320112572,-8.325845849999999,0.5197524499999999,4.8444851
1789045246.043162,5.342,3.0,0.0,3,0,191,1.7468108954549886,0.07272873446573327,0.0,0.0,0.0,107.0,1.0,-0.7989809706227647,0.0,0.0,0.0,37.99987220189932,nan,0.0,-0.19166220159138087,0.0,0.0,0.0,0.0,0.0,3.0,3.0,nan,0.0,0.0,0.0,0.0,0.0,nan,nan,,,0,0,0,1.4608818292617798,-3,170,True,True,False,"A:1,B:1,ESTOP:0,MODE:1",DRIVE_HEADING,,,,0,,,False,0,UNKNOWN,0.0,False,-9999.0,-1.0,-1.0,False,36.967666125,127.87360125666666,121.735,2,0.000144,36.967666125,127.87360125666666,4.0,0.06832603168487549,1.0,0.0,0.11265206336975098,0.0,0.32185676643338185,-10.826618643255564,0.0,5.0,0.0,0.4908932907999791,-0.034788323310918204,-0.8705121733736221,-0.004701661101702531,-0.0006632251157578452,0.001832595714594046,0.001308996938995747,-8.5513988,0.6080123,5.12887795
1789045246.093261,5.392,3.0,0.0,3,0,194,1.7468108954549886,0.07272873446573327,0.0,0.0,0.0,107.0,1.0,-0.7989809706227647,0.0,0.0,0.0,37.99987220189932,nan,0.0,0.014309122811801911,0.0,0.0,0.0,0.0,0.0,3.0,3.0,nan,0.0,0.0,0.0,0.0,0.0,nan,nan,,,0,0,0,1.296578288078308,-2,171,True,True,False,"A:1,B:1,ESTOP:0,MODE:1",DRIVE_HEADING,,,,0,,,False,0,UNKNOWN,0.0,False,-9999.0,-1.0,-1.0,False,36.967666125,127.87360125666666,121.735,2,0.000144,36.967666125,127.87360125666666,4.0,0.09326020431518554,1.0,0.0,0.1625204086303711,0.0,0.32185676643338185,-10.826618643255564,0.0,5.0,0.0,0.49098902194585453,-0.0347939858016987,-0.8704583621358387,-0.004625869483406611,-0.01085594794740473,0.0026529004630313807,0.0024609142453120045,-8.0806796,1.4023509499999998,4.2168595
1789045246.143159,5.442,3.0,0.0,3,0,191,1.7468108954549886,0.07272873446573327,0.0,0.0,0.0,107.0,1.0,-0.7989809706227647,0.0,0.0,0.0,37.99987220189932,nan,0.0,0.0801485045661783,0.0,0.0,0.0,0.0,0.0,3.0,3.0,nan,0.0,0.0,0.0,0.0,0.0,nan,nan,,,0,0,0,1.3863533735275269,-2,170,True,True,False,"A:1,B:1,ESTOP:0,MODE:1",DRIVE_HEADING,,,,0,,,False,0,UNKNOWN,0.0,False,-9999.0,-1.0,-1.0,False,36.967666075,127.873601335,121.73,2,0.000144,36.967666075,127.873601335,4.0,0.012,1.0,1.0,0.0,0.0,0.24338692123228403,-10.826618643255564,0.0,5.0,0.0,0.4908881129320665,-0.034705581180708926,-0.8705188438386865,-0.004617979932872201,-0.011658799403322121,-0.006056292504420323,-0.0027401669256310974,-7.9629998,0.196133,5.4034641500000005
1789045246.193122,5.492,3.0,0.0,3,0,191,1.7537779798610902,0.06716275946553879,0.0,0.0,0.0,107.0,1.0,-0.80341260802856,0.0,0.0,0.0,37.992126922540905,nan,0.0,-0.21741579244295406,0.0,0.0,0.0,0.0,0.0,3.0,3.0,nan,0.0,0.0,0.0,0.0,0.0,nan,nan,,,0,0,0,1.433027744293213,-2,169,True,True,False,"A:1,B:1,ESTOP:0,MODE:1",DRIVE_HEADING,,,,0,,,False,0,UNKNOWN,0.0,False,-9999.0,-1.0,-1.0,False,36.967666075,127.873601335,121.73,2,0.000144,36.967666075,127.873601335,4.0,0.036613499641418454,1.0,0.0,0.049226999282836914,0.0,0.24338692123228403,-10.826618643255564,0.0,5.0,0.0,0.49099340381233414,-0.03486679484042829,-0.8704524745528004,-0.00471948887484392,-0.015638150097869192,0.0052010811709431014,-0.003996803987067015,-8.659271949999999,0.196133,5.50153065
1789045246.243222,5.542,3.0,0.0,3,0,191,1.7537779798610902,0.06716275946553879,0.0,0.0,0.0,107.0,1.0,-0.80341260802856,0.0,0.0,0.0,37.992126922540905,nan,0.0,-0.2888369608580682,0.0,0.0,0.0,0.0,0.0,3.0,3.0,nan,0.0,0.0,0.0,0.0,0.0,nan,nan,,,0,0,0,1.4669827222824097,-3,169,True,True,False,"A:1,B:1,ESTOP:0,MODE:1",DRIVE_HEADING,,,,0,,,False,0,UNKNOWN,0.0,False,-9999.0,-1.0,-1.0,False,36.967666075,127.873601335,121.73,2,0.000144,36.967666075,127.873601335,4.0,0.06160882663726806,1.0,0.0,0.09921765327453613,0.0,0.24338692123228403,-10.826618643255564,0.0,5.0,0.0,0.49084875348690554,-0.034820578703363705,-0.8705352657243722,-0.004835248629642793,-0.02626720524251466,-0.0045553093477052,0.0029845130209103037,-8.28661925,0.46091255,5.3152043
1789045246.293754,5.593,3.0,0.0,3,0,191,1.7537779798610902,0.06716275946553879,0.0,0.0,0.0,107.0,1.0,-0.80341260802856,0.0,0.0,0.0,37.992126922540905,nan,0.0,0.110940713063648,0.0,0.0,0.0,0.0,0.0,3.0,3.0,nan,0.0,0.0,0.0,0.0,0.0,nan,nan,,,0,0,0,1.529323697090149,-3,170,True,True,False,"A:1,B:1,ESTOP:0,MODE:1",DRIVE_HEADING,,,,0,,,False,0,UNKNOWN,0.0,False,-9999.0,-1.0,-1.0,False,36.96766604166667,127.87360147666666,121.732,2,0.000144,36.96766604166667,127.87360147666666,4.0,0.012,1.0,1.0,0.0,0.0,0.19589782570550385,-10.826618643255564,0.0,5.0,0.0,0.4907177483492659,-0.034841250472091606,-0.8706088725068246,-0.004729675777812914,-0.018936822384138473,-0.0024260076602721182,0.007539822368615503,-7.9433865,0.5099457999999999,5.3348176
1789045246.343289,5.642,3.0,0.0,3,0,191,1.7663780239760662,0.0634521102563817,0.0,0.0,0.0,107.0,1.0,-0.8051469815855629,0.0,0.0,0.0,37.97910427244696,nan,0.0,0.3711968316375207,0.0,0.0,0.0,0.0,0.0,3.0,3.0,nan,0.0,0.0,0.0,0.0,0.0,nan,nan,,,0,0,0,1.5936983823776245,-2,207,True,True,False,"A:1,B:1,ESTOP:0,MODE:1",DRIVE_HEADING,,,,0,,,False,0,UNKNOWN,0.0,False,-9999.0,-1.0,-1.0,False,36.96766604166667,127.87360147666666,121.732,2,0.000144,36.96766604166667,127.87360147666666,4.0,0.012,1.0,1.0,0.0,0.0,0.19589782570550385,-10.826618643255564,0.0,5.0,0.0,0.4907094569637506,-0.034816530760709355,-0.8706145301051653,-0.004730539281283381,-0.004171336912266448,0.0006457718232379018,-0.0034557519189487725,-8.492558899999999,0.392266,5.619210449999999
1789045246.393331,5.692,3.0,0.0,3,0,191,1.7663780239760662,0.0634521102563817,0.0,0.0,0.0,107.0,1.0,-0.8051469815855629,0.0,0.0,0.0,37.97910427244696,nan,0.0,-0.25828556202575437,0.0,0.0,0.0,0.0,0.0,3.0,3.0,nan,0.0,0.0,0.0,0.0,0.0,nan,nan,,,0,0,0,1.5826538801193237,-3,170,True,True,False,"A:1,B:1,ESTOP:0,MODE:1",DRIVE_HEADING,,,,0,,,False,0,UNKNOWN,0.0,False,-9999.0,-1.0,-1.0,False,36.96766604166667,127.87360147666666,121.732,2,0.000144,36.96766604166667,127.87360147666666,4.0,0.0443258638381958,1.0,0.0,0.0646517276763916,0.0,0.19589782570550385,-10.826618643255564,0.0,5.0,0.0,0.4906647436879247,-0.03487790592069186,-0.8706372233517634,-0.004739862295704257,-0.008883725892651137,-0.013037609512397642,0.0057421332390613445,-8.404299049999999,0.7256921,5.18771785
1789045246.443583,5.743,0.0,-3.0,3,0,192,1.7663780239760662,0.0634521102563817,0.0,0.0,0.0,107.0,1.0,-0.8051469815855629,0.0,0.0,0.0,37.97910427244696,nan,0.0,0.26817700909829717,0.0,0.0,0.0,0.0,0.0,3.0,3.0,nan,0.0,0.0,0.0,0.0,0.0,nan,nan,,,0,0,0,1.6126996278762817,-2,170,False,True,False,"A:1,B:1,ESTOP:0,MODE:1",DRIVE_HEADING,,,,0,,,False,0,UNKNOWN,0.0,False,-9999.0,-1.0,-1.0,False,36.96766604166667,127.87360147666666,121.732,2,0.000144,36.96766604166667,127.87360147666666,4.0,0.06935969543457031,1.0,0.0,0.11471939086914062,0.0,0.19589782570550385,-10.826618643255564,0.0,5.0,0.0,0.4905732499437294,-0.03476451552430103,-0.8706928282512724,-0.00482842953847222,-0.008272860654453122,-0.0012042771838760874,0.004747295565424576,-8.325845849999999,0.2745862,5.24655775
1789045246.494294,5.793,3.0,0.0,0,0,191,1.7663780239760662,0.0634521102563817,0.0,0.0,0.0,107.0,1.0,-0.8051469815855629,0.0,0.0,0.0,37.97910427244696,nan,0.0,0.21075465508010058,0.0,0.0,0.0,0.0,0.0,3.0,3.0,nan,0.0,0.0,0.0,0.0,0.0,nan,nan,,,0,0,0,1.4758869409561157,-2,365,True,True,False,"A:1,B:1,ESTOP:0,MODE:1",DRIVE_HEADING,,,,0,,,False,0,UNKNOWN,0.0,False,-9999.0,-1.0,-1.0,False,36.96766605,127.87360149666667,121.71600000000001,2,0.000144,36.96766605,127.87360149666667,4.0,0.012,1.0,1.0,0.0,0.0,0.13703047206088542,-10.826618643255564,0.0,5.0,0.0,0.4909789832145324,-0.03488517064427758,-0.8704599085653898,-0.004712800767776974,-0.015236724369910496,0.003403392041388943,-0.0041887902047863905,-8.81617835,0.6276256,4.52086565
1789045246.543165,5.842,3.0,0.0,3,0,191,1.7681568539565222,0.06437977236092784,0.0,0.0,0.0,107.0,1.0,-0.803957487367817,0.0,0.0,0.0,37.97749053467203,nan,0.0,-0.30064285423005965,0.0,0.0,0.0,0.0,0.0,3.0,3.0,nan,0.0,0.0,0.0,0.0,0.0,nan,nan,,,0,0,0,1.366234302520752,-2,169,True,True,False,"A:1,B:1,ESTOP:0,MODE:1",DRIVE_HEADING,,,,0,,,False,0,UNKNOWN,0.0,False,-9999.0,-1.0,-1.0,False,36.96766605,127.87360149666667,121.71600000000001,2,0.000144,36.96766605,127.87360149666667,4.0,0.012,1.0,1.0,0.0,0.0,0.13703047206088542,-10.826618643255564,0.0,5.0,0.0,0.4911287014488317,-0.03487633488283754,-0.8703755452576216,-0.004759211680740286,-0.014154620233674014,-0.007278022980816354,0.005148721293383272,-8.492558899999999,0.5687857,4.48163905
1789045246.593117,5.892,3.0,0.0,3,0,192,1.7681568539565222,0.06437977236092784,0.0,0.0,0.0,107.0,1.0,-0.803957487367817,0.0,0.0,0.0,37.97749053467203,nan,0.0,0.2338884314784005,0.0,0.0,0.0,0.0,0.0,3.0,3.0,nan,0.0,0.0,0.0,0.0,0.0,nan,nan,,,0,0,0,1.686068058013916,-2,173,True,True,False,"A:1,B:1,ESTOP:0,MODE:1",DRIVE_HEADING,,,,0,,,False,0,UNKNOWN,0.0,False,-9999.0,-1.0,-1.0,False,36.96766605,127.87360149666667,121.71600000000001,2,0.000144,36.96766605,127.87360149666667,4.0,0.044277941703796383,1.0,0.0,0.06455588340759277,0.0,0.13703047206088542,-10.826618643255564,0.0,5.0,0.0,0.49106105143085527,-0.034872909325031405,-0.8704131794555112,-0.004880675463393595,0.0009599310885968813,-0.015655603390389135,-0.00013962634015954637,-8.3552658,-0.14709974999999997,7.041174699999999
1789045246.643255,5.942,3.0,0.0,3,0,191,1.7681568539565222,0.06437977236092784,0.0,0.0,0.0,107.0,1.0,-0.803957487367817,0.0,0.0,0.0,37.97749053467203,nan,0.0,-0.06897334538455632,0.0,0.0,0.0,0.0,0.0,3.0,3.0,nan,0.0,0.0,0.0,0.0,0.0,nan,nan,,,0,0,0,1.6231822967529297,-2,170,True,True,False,"A:1,B:1,ESTOP:0,MODE:1",DRIVE_HEADING,,,,0,,,False,0,UNKNOWN,0.0,False,-9999.0,-1.0,-1.0,False,36.96766605,127.87360149666667,121.71600000000001,2,0.000144,36.96766605,127.87360149666667,4.0,0.06923237991333007,1.0,0.0,0.11446475982666016,0.0,0.13703047206088542,-10.826618643255564,0.0,5.0,0.0,0.49110316685881855,-0.03492376824586052,-0.8703876596688764,-0.004830301117461272,-0.010925761117484502,0.013718287920675431,0.004363323129985824,-8.7279185,0.8727918499999999,5.0798447
1789045246.693040,5.992,3.0,0.0,3,0,191,1.7681568539565222,0.06437977236092784,0.0,0.0,0.0,107.0,1.0,-0.803957487367817,0.0,0.0,0.0,37.97749053467203,nan,0.0,0.1886486013062128,0.0,0.0,0.0,0.0,0.0,3.0,3.0,nan,0.0,0.0,0.0,0.0,0.0,nan,nan,,,0,0,0,1.6917665004730225,-3,170,True,True,False,"A:1,B:1,ESTOP:0,MODE:1",DRIVE_HEADING,,,,0,,,False,0,UNKNOWN,0.0,False,-9999.0,-1.0,-1.0,False,36.967666003333335,127.873601515,121.727,2,0.000144,36.967666003333335,127.873601515,4.0,0.012,1.0,1.0,0.0,0.0,0.049836885522692595,-10.826618643255564,0.0,5.0,0.0,0.49113636825928747,-0.03486072185000109,-0.8703718885268785,-0.004751158524957139,-0.008360127117052838,-0.001954768762233649,0.0028797932657906437,-8.38468575,0.5687857,5.648630399999999
1789045246.743037,6.042,3.0,0.0,3,0,191,1.7697874484212566,0.05918486315171888,0.0,0.0,0.0,107.0,1.0,-0.8088408679304265,0.0,0.0,0.0,37.97507546500876,nan,0.0,0.10344130410360038,0.0,0.0,0.0,0.0,0.0,3.0,3.0,nan,0.0,0.0,0.0,0.0,0.0,nan,nan,,,0,0,0,1.7881954908370972,-3,170,True,True,False,"A:1,B:1,ESTOP:0,MODE:1",DRIVE_HEADING,,,,0,,,False,0,UNKNOWN,0.0,False,-9999.0,-1.0,-1.0,False,36.967666003333335,127.873601515,121.727,2,0.000144,36.967666003333335,127.873601515,4.0,0.012,1.0,1.0,0.0,0.0,0.049836885522692595,-10.826618643255564,0.0,5.0,0.0,0.49090997216702154,-0.03487144106419305,-0.8704993751284086,-0.0047137804499937305,-0.008656833089891874,-0.014870205226991687,-0.0006108652381980154,-8.1002929,0.4216859499999999,5.619210449999999
1789045246.793007,6.092,3.0,0.0,3,0,191,1.7697874484212566,0.05918486315171888,0.0,0.0,0.0,107.0,1.0,-0.8088408679304265,0.0,0.0,0.0,37.97507546500876,nan,0.0,-0.09636557850460684,0.0,0.0,0.0,0.0,0.0,3.0,3.0,nan,0.0,0.0,0.0,0.0,0.0,nan,nan,,,0,0,0,1.7947242259979248,-2,174,True,True,False,"A:1,B:1,ESTOP:0,MODE:1",DRIVE_HEADING,,,,0,,,False,0,UNKNOWN,0.0,False,-9999.0,-1.0,-1.0,False,36.967666003333335,127.873601515,121.727,2,0.000144,36.967666003333335,127.873601515,4.0,0.047004734992980954,1.0,0.0,0.07000946998596191,0.0,0.049836885522692595,-10.826618643255564,0.0,5.0,0.0,0.49079600085734887,-0.034811634826488476,-0.8705654516388098,-0.0048197547713029545,-0.006457718232379019,0.0019722220547535923,0.0030892327760299633,-8.16893945,0.45110589999999995,5.0602314
1789045246.843098,6.142,3.0,0.0,3,0,192,1.7697874484212566,0.05918486315171888,0.0,0.0,0.0,107.0,1.0,-0.8088408679304265,0.0,0.0,0.0,37.97507546500876,nan,0.0,0.11540315265240238,0.0,0.0,0.0,0.0,0.0,3.0,3.0,nan,0.0,0.0,0.0,0.0,0.0,nan,nan,,,0,0,0,1.8128612041473389,-2,170,True,True,False,"A:1,B:1,ESTOP:0,MODE:1",DRIVE_HEADING,,,,0,,,False,0,UNKNOWN,0.0,False,-9999.0,-1.0,-1.0,False,36.967666003333335,127.873601515,121.727,2,0.000144,36.967666003333335,127.873601515,4.0,0.07199255180358886,1.0,0.0,0.11998510360717773,0.0,0.049836885522692595,-10.826618643255564,0.0,5.0,0.0,0.49080020851582434,-0.03491355651698829,-0.8705591670195036,-0.004789113745412153,-0.00809832772925369,-0.004694935687864747,0.0008028514559173916,-8.3748791,0.5197524499999999,5.28578435
1789045246.893007,6.192,3.0,0.0,3,0,191,1.7697874484212566,0.05918486315171888,0.0,0.0,0.0,107.0,1.0,-0.8088408679304265,0.0,0.0,0.0,37.97507546500876,nan,0.0,-0.015565653652902425,0.0,0.0,0.0,0.0,0.0,3.0,3.0,nan,0.0,0.0,0.0,0.0,0.0,nan,nan,,,0,0,0,1.8452720642089844,-2,170,True,True,False,"A:1,B:1,ESTOP:0,MODE:1",DRIVE_HEADING,,,,0,,,False,0,UNKNOWN,0.0,False,-9999.0,-1.0,-1.0,False,36.967666038333334,127.87360155833333,121.73,2,0.000144,36.967666038333334,127.87360155833333,4.0,0.012,1.0,1.0,0.0,0.0,0.05181774544174947,-10.826618643255564,0.0,5.0,0.0,0.4907736767726891,-0.034938852451143275,-0.8705734447917398,-0.00472779016633619,-0.011519173063162575,0.010943214410004447,0.003473205211468716,-8.316039199999999,0.46091255,5.32501095
1789045246.943029,6.242,3.0,0.0,3,0,191,1.77364157941361,0.06308104525636873,0.0,0.0,0.0,107.0,1.0,-0.8043996974219646,0.0,0.0,0.0,37.971870858352055,nan,0.0,0.1371594776544034,0.0,0.0,0.0,0.0,0.0,3.0,3.0,nan,0.0,0.0,0.0,0.0,0.0,nan,nan,,,0,0,0,1.8070331811904907,-2,170,True,True,False,"A:1,B:1,ESTOP:0,MODE:1",DRIVE_HEADING,,,,0,,,False,0,UNKNOWN,0.0,False,-9999.0,-1.0,-1.0,False,36.967666038333334,127.87360155833333,121.73,2,0.000144,36.967666038333334,127.87360155833333,4.0,0.012,1.0,1.0,0.0,0.0,0.05181774544174947,-10.826618643255564,0.0,5.0,0.0,0.490846467723045,-0.034928564703468126,-0.8705324975355551,-0.004786567253721077,-0.012409290981679682,0.009354964790689606,0.006806784082777886,-8.26700595,0.38245935,4.77583855
1789045246.993057,6.292,3.0,0.0,3,0,191,1.77364157941361,0.06308104525636873,0.0,0.0,0.0,107.0,1.0,-0.8043996974219646,0.0,0.0,0.0,37.971870858352055,nan,0.0,0.32750315869909463,0.0,0.0,0.0,0.0,0.0,3.0,3.0,nan,0.0,0.0,0.0,0.0,0.0,nan,nan,,,0,0,0,1.7579718828201294,-2,170,True,True,False,"A:1,B:1,ESTOP:0,MODE:1",DRIVE_HEADING,,,,0,,,False,0,UNKNOWN,0.0,False,-9999.0,-1.0,-1.0,False,36.967666038333334,127.87360155833333,121.73,2,0.000144,36.967666038333334,127.87360155833333,4.0,0.04842785549163818,1.0,0.0,0.07285571098327637,0.0,0.05181774544174947,-10.826618643255564,0.0,5.0,0.0,0.4910186595748985,-0.03502679596564622,-0.8704316390325014,-0.004749872087142577,-0.010053096491487338,-0.0032637657012293962,0.008482300164692442,-8.60043205,0.5982056499999999,4.9817782
1789045247.043088,6.342,3.0,0.0,3,0,191,1.77364157941361,0.06308104525636873,0.0,0.0,0.0,107.0,1.0,-0.8043996974219646,0.0,0.0,0.0,37.971870858352055,nan,0.0,0.4226561523816964,0.0,0.0,0.0,0.0,0.0,3.0,3.0,nan,0.0,0.0,0.0,0.0,0.0,nan,nan,,,0,0,0,1.697488784790039,-3,170,True,True,False,"A:1,B:1,ESTOP:0,MODE:1",DRIVE_HEADING,,,,0,,,False,0,UNKNOWN,0.0,False,-9999.0,-1.0,-1.0,False,36.967666038333334,127.87360155833333,121.73,2,0.000144,36.967666038333334,127.87360155833333,4.0,0.07342628192901611,1.0,0.0,0.12285256385803223,0.0,0.05181774544174947,-10.826618643255564,0.0,5.0,0.0,0.49115777152134726,-0.035059845605810755,-0.8703519251134794,-0.004730449401619225,-0.013892820845874863,0.0010122909661567112,0.007696902001294993,-8.580818749999999,0.6080123,4.89351835
1789045247.093091,6.392,3.0,0.0,3,0,246,1.77364157941361,0.06308104525636873,0.0,0.0,0.0,107.0,1.0,-0.8043996974219646,0.0,0.0,0.0,37.971870858352055,nan,0.0,0.376900840076933,0.0,0.0,0.0,0.0,0.0,3.0,3.0,nan,0.0,0.0,0.0,0.0,0.0,nan,nan,,,0,0,0,1.6103540658950806,-3,182,True,True,False,"A:1,B:1,ESTOP:0,MODE:1",DRIVE_HEADING,,,,0,,,False,0,UNKNOWN,0.0,False,-9999.0,-1.0,-1.0,False,36.967666038333334,127.87360155833333,121.73,2,0.000144,36.967666038333334,127.87360155833333,4.0,0.0984189863204956,1.0,0.0,0.1728379726409912,0.0,0.05181774544174947,-10.826618643255564,0.0,5.0,0.0,0.4912672786403407,-0.035063202852619144,-0.8702902514162517,-0.004680922224004347,-0.013962634015954637,-0.00019198621771937625,0.010454522219446033,-8.46313895,0.4903325,4.57970555
1789045247.143092,6.442,3.0,0.0,3,0,191,1.7694909761258801,0.06141125315179667,0.0,0.0,0.0,107.0,1.0,-0.8066862840766472,0.0,0.0,0.0,37.97571291322566,nan,0.0,0.533831038396779,0.0,0.0,0.0,0.0,0.0,3.0,3.0,nan,0.0,0.0,0.0,0.0,0.0,nan,nan,,,0,0,0,1.5458678007125854,-2,171,True,True,False,"A:1,B:1,ESTOP:0,MODE:1",DRIVE_HEADING,,,,0,,,False,0,UNKNOWN,0.0,False,-9999.0,-1.0,-1.0,False,36.96766602333334,127.87360151166666,121.74,2,0.000144,36.96766602333334,127.87360151166666,4.0,0.012,1.0,1.0,0.0,0.0,0.019722390931563853,-10.826618643255564,0.0,5.0,0.0,0.49135505686201486,-0.03508863126889951,-0.87023999173941,-0.004620912160279135,-0.0066322511575784525,0.005654866776461628,0.00486946861306418,-8.62004535,0.5099457999999999,4.8248717999999995
1789045247.193119,6.492,3.0,0.0,3,0,192,1.7694909761258801,0.06141125315179667,0.0,0.0,0.0,107.0,1.0,-0.8066862840766472,0.0,0.0,0.0,37.97571291322566,nan,0.0,0.21340337631998557,0.0,0.0,0.0,0.0,0.0,3.0,3.0,nan,0.0,0.0,0.0,0.0,0.0,nan,nan,,,0,0,0,1.4767180681228638,-2,170,True,True,False,"A:1,B:1,ESTOP:0,MODE:1",DRIVE_HEADING,,,,0,,,False,0,UNKNOWN,0.0,False,-9999.0,-1.0,-1.0,False,36.96766602333334,127.87360151166666,121.74,2,0.000144,36.96766602333334,127.87360151166666,4.0,0.04202691268920898,1.0,0.0,0.06005382537841797,0.0,0.019722390931563853,-10.826618643255564,0.0,5.0,0.0,0.49131455060155726,-0.03509898154263916,-0.8702621844823744,-0.004669488390100486,-0.03654719453676126,-0.009128071987930343,0.001064650843716541,-8.119906199999999,0.61781895,4.56009225
1789045247.243245,6.542,3.0,0.0,3,0,191,1.7694909761258801,0.06141125315179667,0.0,0.0,0.0,107.0,1.0,-0.8066862840766472,0.0,0.0,0.0,37.97571291322566,nan,0.0,-0.004587430432654416,0.0,0.0,0.0,0.0,0.0,3.0,3.0,nan,0.0,0.0,0.0,0.0,0.0,nan,nan,,,0,0,0,1.4985660314559937,-2,252,True,True,False,"A:1,B:1,ESTOP:0,MODE:1",DRIVE_HEADING,,,,0,,,False,0,UNKNOWN,0.0,False,-9999.0,-1.0,-1.0,False,36.96766602333334,127.87360151166666,121.74,2,0.000144,36.96766602333334,127.87360151166666,4.0,0.06703284931182861,1.0,0.0,0.11006569862365723,0.0,0.019722390931563853,-10.826618643255564,0.0,5.0,0.0,0.49136955006983124,-0.03516041085709884,-0.870228659127611,-0.004668147972371951,0.0038222710618675817,0.009930923443847734,0.0011519173063162576,-8.6494653,0.3138128,5.3348176
1789045247.293055,6.592,3.0,0.0,3,0,192,1.7694909761258801,0.06141125315179667,0.0,0.0,0.0,107.0,1.0,-0.8066862840766472,0.0,0.0,0.0,37.97571291322566,nan,0.0,0.00041174442821090285,0.0,0.0,0.0,0.0,0.0,3.0,3.0,nan,0.0,0.0,0.0,0.0,0.0,nan,nan,,,0,0,0,1.4690946340560913,-2,418,True,True,False,"A:1,B:1,ESTOP:0,MODE:1",DRIVE_HEADING,,,,0,,,False,0,UNKNOWN,0.0,False,-9999.0,-1.0,-1.0,False,36.967666025,127.873601635,121.727,2,0.000144,36.967666025,127.873601635,4.0,0.012,1.0,1.0,0.0,0.0,0.062037409198099386,-10.826618643255564,0.0,5.0,0.0,0.491974100078688,-0.03528591943103655,-0.8698818751931605,-0.00468102041249498,-0.0025656340004316645,-0.0018849555921538759,0.0009424777960769379,-8.8063717,0.5099457999999999,5.14849125
1789045247.343095,6.642,3.0,0.0,3,0,194,1.7804604270400564,0.06159678525631688,0.0,0.0,0.0,107.0,1.0,-0.8048206407509851,0.0,0.0,0.0,37.96490442683646,nan,0.0,-0.01156507906064553,0.0,0.0,0.0,0.0,0.0,3.0,3.0,nan,0.0,0.0,0.0,0.0,0.0,nan,nan,,,0,0,0,1.5684483051300049,-2,177,True,True,False,"A:1,B:1,ESTOP:0,MODE:1",DRIVE_HEADING,,,,0,,,False,0,UNKNOWN,0.0,False,-9999.0,-1.0,-1.0,False,36.967666025,127.873601635,121.727,2,0.000144,36.967666025,127.873601635,4.0,0.012,1.0,1.0,0.0,0.0,0.062037409198099386,-10.826618643255564,0.0,5.0,0.0,0.49198566719594394,-0.03526496007760428,-0.8698758755457888,-0.004737827343221715,-0.027977627909469102,0.01117010721276371,-0.008656833089891874,-8.669078599999999,-0.0980665,5.619210449999999
1789045247.393198,6.692,3.0,0.0,3,0,192,1.7804604270400564,0.06159678525631688,0.0,0.0,0.0,107.0,1.0,-0.8048206407509851,0.0,0.0,0.0,37.96490442683646,nan,0.0,-0.5604419489025242,0.0,0.0,0.0,0.0,0.0,3.0,3.0,nan,0.0,0.0,0.0,0.0,0.0,nan,nan,,,0,0,0,1.4937901496887207,-2,174,True,True,False,"A:1,B:1,ESTOP:0,MODE:1",DRIVE_HEADING,,,,0,,,False,0,UNKNOWN,0.0,False,-9999.0,-1.0,-1.0,False,36.967666025,127.873601635,121.727,2,0.000144,36.967666025,127.873601635,4.0,0.04600123119354248,1.0,0.0,0.06800246238708496,0.0,0.062037409198099386,-10.826618643255564,0.0,5.0,0.0,0.4920158207315068,-0.035426585035321895,-0.8698510317447126,-0.004956994582976777,0.004537856055185257,-0.012793263417118436,-0.001954768762233649,-8.28661925,0.37265269999999995,4.40318585
1789045247.443102,6.742,3.0,0.0,3,0,285,1.7804604270400564,0.06159678525631688,0.0,0.0,0.0,107.0,1.0,-0.8048206407509851,0.0,0.0,0.0,37.96490442683646,nan,0.0,-0.1760890650047192,0.0,0.0,0.0,0.0,0.0,3.0,3.0,nan,0.0,0.0,0.0,0.0,0.0,nan,nan,,,0,0,0,1.4361008405685425,-3,170,True,True,False,"A:1,B:1,ESTOP:0,MODE:1",DRIVE_HEADING,,,,0,,,False,0,UNKNOWN,0.0,False,-9999.0,-1.0,-1.0,False,36.967666025,127.873601635,121.727,2,0.000144,36.967666025,127.873601635,4.0,0.07097104740142822,1.0,0.0,0.11794209480285645,0.0,0.062037409198099386,-10.826618643255564,0.0,5.0,0.0,0.4920738912974532,-0.03557036824483836,-0.8698116313982105,-0.005075459653288622,-0.02968805057642355,-0.005777039824101231,0.005811946409141118,-8.0218397,0.9610517,4.8052585
1789045247.493058,6.792,0.0,-3.0,3,0,191,1.7804604270400564,0.06159678525631688,0.0,0.0,0.0,107.0,1.0,-0.8048206407509851,0.0,0.0,0.0,37.96490442683646,nan,0.0,0.2683731131252903,0.0,0.0,0.0,0.0,0.0,3.0,3.0,nan,0.0,0.0,0.0,0.0,0.0,nan,nan,,,0,0,0,1.1088491678237915,-2,173,False,True,False,"A:1,B:1,ESTOP:0,MODE:1",DRIVE_HEADING,,,,0,,,False,0,UNKNOWN,0.0,False,-9999.0,-1.0,-1.0,False,36.96766596333333,127.873601885,121.743,2,0.000144,36.96766596333333,127.873601885,4.0,0.012,1.0,1.0,0.0,0.0,0.3118507497259111,-10.826618643255564,0.0,5.0,0.0,0.49203590923966223,-0.03563653608439405,-0.8698302430801299,-0.005103874779699178,-0.002129301687433082,-0.01905899543177808,0.005497787143782138,-9.1790244,0.784532,3.22638785
1789045247.543099,6.842,3.0,0.0,0,0,192,1.8026957998998503,0.0547320831515633,0.0,0.0,0.0,107.0,1.0,-0.8081940532663417,0.0,0.0,0.0,37.94187446196926,nan,0.0,0.2498723668990397,0.0,0.0,0.0,0.0,0.0,3.0,3.0,nan,0.0,0.0,0.0,0.0,0.0,nan,nan,,,0,0,0,1.1594282388687134,-2,170,True,True,False,"A:1,B:1,ESTOP:0,MODE:1",DRIVE_HEADING,,,,0,,,False,0,UNKNOWN,0.0,False,-9999.0,-1.0,-1.0,False,36.96766596333333,127.873601885,121.743,2,0.000144,36.96766596333333,127.873601885,4.0,0.012,1.0,1.0,0.0,0.0,0.3118507497259111,-10.826618643255564,0.0,5.0,0.0,0.4919558686360451,-0.03556037310766437,-0.8698792308802191,-0.00500068617658107,-0.013212142437597075,-0.0024609142453120045,0.0016057029118347831,-8.11009955,1.4415775499999999,6.03108975
1789045247.593092,6.892,3.0,0.0,3,0,191,1.8026957998998503,0.0547320831515633,0.0,0.0,0.0,107.0,1.0,-0.8081940532663417,0.0,0.0,0.0,37.94187446196926,nan,0.0,0.026818622165241585,0.0,0.0,0.0,0.0,0.0,3.0,3.0,nan,0.0,0.0,0.0,0.0,0.0,nan,nan,,,0,0,0,1.2169095277786255,-2,171,True,True,False,"A:1,B:1,ESTOP:0,MODE:1",DRIVE_HEADING,,,,0,,,False,0,UNKNOWN,0.0,False,-9999.0,-1.0,-1.0,False,36.96766596333333,127.873601885,121.743,2,0.000144,36.96766596333333,127.873601885,4.0,0.04654136848449707,1.0,0.0,0.06908273696899414,0.0,0.3118507497259111,-10.826618643255564,0.0,5.0,0.0,0.49199172268963,-0.03556550491819739,-0.8698584953433649,-0.005043584417945897,0.02715732316103177,0.008447393579652554,0.001239183768915974,-9.1397978,-0.08825984999999999,5.560370549999999
1789045247.643083,6.942,3.0,0.0,3,0,191,1.8026957998998503,0.0547320831515633,0.0,0.0,0.0,107.0,1.0,-0.8081940532663417,0.0,0.0,0.0,37.94187446196926,nan,0.0,0.005806984920911099,0.0,0.0,0.0,0.0,0.0,3.0,3.0,nan,0.0,0.0,0.0,0.0,0.0,nan,nan,,,0,0,0,1.3703997135162354,-2,171,True,True,False,"A:1,B:1,ESTOP:0,MODE:1",DRIVE_HEADING,,,,0,,,False,0,UNKNOWN,0.0,False,-9999.0,-1.0,-1.0,False,36.96766596333333,127.873601885,121.743,2,0.000144,36.96766596333333,127.873601885,4.0,0.07153001976013183,1.0,0.0,0.11906003952026367,0.0,0.3118507497259111,-10.826618643255564,0.0,5.0,0.0,0.49194671504081056,-0.03554754772832717,-0.8698831667477906,-0.0052988319366871,-0.017435839227423353,-0.004956735075663896,-0.0061959188445798695,-8.590625399999999,0.1176798,6.089929649999999
1789045247.693120,6.992,3.0,0.0,3,0,191,1.8026957998998503,0.0547320831515633,0.0,0.0,0.0,107.0,1.0,-0.8081940532663417,0.0,0.0,0.0,37.94187446196926,nan,0.0,-0.41935262904893067,0.0,0.0,0.0,0.0,0.0,3.0,3.0,nan,0.0,0.0,0.0,0.0,0.0,nan,nan,,,0,0,0,1.3273701667785645,-2,170,True,True,False,"A:1,B:1,ESTOP:0,MODE:1",DRIVE_HEADING,,,,0,,,False,0,UNKNOWN,0.0,False,-9999.0,-1.0,-1.0,False,36.96766589333333,127.873602325,121.754,2,0.000144,36.96766589333333,127.873602325,4.0,0.012,1.0,1.0,0.0,0.0,0.5640258366697115,-12.31424309151987,0.0,5.0,0.0,0.4918085783057981,-0.03576604091886036,-0.8699507260334924,-0.005553998165227208,-0.05014330940979709,0.0011693705988362008,0.004694935687864747,-8.051259649999999,0.3138128,4.4522191
1789045247.743089,7.042,3.0,0.0,3,0,191,1.8418300556780713,0.04693971894226359,0.0,0.0,0.0,107.0,1.0,-0.8098924930227245,0.0,0.0,0.0,37.902005804224395,nan,0.0,0.20423807620916717,0.0,0.0,0.0,0.0,0.0,3.0,3.0,nan,0.0,0.0,0.0,0.0,0.0,nan,nan,,,0,0,0,1.3955775499343872,-3,170,True,True,False,"A:1,B:1,ESTOP:0,MODE:1",DRIVE_HEADING,,,,0,,,False,0,UNKNOWN,0.0,False,-9999.0,-1.0,-1.0,False,36.96766589333333,127.873602325,121.754,2,0.000144,36.96766589333333,127.873602325,4.0,0.012,1.0,1.0,0.0,0.0,0.5640258366697115,-12.31424309151987,0.0,5.0,0.0,0.4917627800238871,-0.035884195345071916,-0.8699722772327075,-0.005470790998710843,-0.008517206749732328,0.007051130178057092,0.005986479334340551,-7.9433865,0.6080123,5.4721107
1789045247.793212,7.092,3.0,0.0,3,0,191,1.8418300556780713,0.04693971894226359,0.0,0.0,0.0,107.0,1.0,-0.8098924930227245,0.0,0.0,0.0,37.902005804224395,nan,0.0,0.27768160005674886,0.0,0.0,0.0,0.0,0.0,3.0,3.0,nan,0.0,0.0,0.0,0.0,0.0,nan,nan,,,0,0,0,1.5139954090118408,-2,169,True,True,False,"A:1,B:1,ESTOP:0,MODE:1",DRIVE_HEADING,,,,0,,,False,0,UNKNOWN,0.0,False,-9999.0,-1.0,-1.0,False,36.96766589333333,127.873602325,121.754,2,0.000144,36.96766589333333,127.873602325,4.0,0.04460421752929687,1.0,0.0,0.06520843505859375,0.0,0.5640258366697115,-12.31424309151987,0.0,5.0,0.0,0.49180523239653084,-0.03584046259991546,-0.869950694977124,-0.0053724237395750725,-0.021694442602289518,0.012845623294678265,-0.0063006385996995295,-8.69849855,0.5099457999999999,6.178189499999999
1789045247.843085,7.142,3.0,0.0,3,0,191,1.8418300556780713,0.04693971894226359,0.0,0.0,0.0,107.0,1.0,-0.8098924930227245,0.0,0.0,0.0,37.902005804224395,nan,0.0,-0.42546576314336465,0.0,0.0,0.0,0.0,0.0,3.0,3.0,nan,0.0,0.0,0.0,0.0,0.0,nan,nan,,,0,0,0,1.461340069770813,-2,171,True,True,False,"A:1,B:1,ESTOP:0,MODE:1",DRIVE_HEADING,,,,0,,,False,0,UNKNOWN,0.0,False,-9999.0,-1.0,-1.0,False,36.96766589333333,127.873602325,121.754,2,0.000144,36.96766589333333,127.873602325,4.0,0.06961992931365966,1.0,0.0,0.11523985862731934,0.0,0.5640258366697115,-12.31424309151987,0.0,5.0,0.0,0.4916857239400571,-0.03590562052682266,-0.8700147874889815,-0.005495892887235027,-0.01572541656046891,-0.012863076587198208,-0.003438298626428829,-7.67860695,0.6864655000000001,4.46202575
1789045247.893280,7.192,3.0,0.0,3,0,191,1.8418300556780713,0.04693971894226359,0.0,0.0,0.0,107.0,1.0,-0.8098924930227245,0.0,0.0,0.0,37.902005804224395,nan,0.0,-0.260942831617078,0.0,0.0,0.0,0.0,0.0,3.0,3.0,nan,0.0,0.0,0.0,0.0,0.0,nan,nan,,,0,0,0,1.552262306213379,-2,171,True,True,False,"A:1,B:1,ESTOP:0,MODE:1",DRIVE_HEADING,,,,0,,,False,0,UNKNOWN,0.0,False,-9999.0,-1.0,-1.0,False,36.96766583666667,127.87360285333334,121.761,2,0.000144,36.96766583666667,127.87360285333334,4.0,0.012,1.0,1.0,0.0,0.0,0.7780808838860028,-12.31424309151987,0.0,5.0,0.0,0.49174709470906736,-0.03598860438941457,-0.8699755982237763,-0.005663364236598058,0.0004014257279586958,0.013177235852557189,0.002617993877991494,-8.414105699999999,0.18632634999999997,5.589790499999999
1789045247.943146,7.242,3.0,0.0,3,0,192,1.888820811484589,0.04063161473301574,0.0,0.0,0.0,107.0,1.0,-0.808919336548606,0.0,0.0,0.0,37.854604901051154,nan,0.0,0.0858850540461562,0.0,0.0,0.0,0.0,0.0,3.0,3.0,nan,0.0,0.0,0.0,0.0,0.0,nan,nan,,,0,0,0,1.5377253293991089,-2,174,True,True,False,"A:1,B:1,ESTOP:0,MODE:1",DRIVE_HEADING,,,,0,,,False,0,UNKNOWN,0.0,False,-9999.0,-1.0,-1.0,False,36.96766583666667,127.87360285333334,121.761,2,0.000144,36.96766583666667,127.87360285333334,4.0,0.012,1.0,1.0,0.0,0.0,0.7780808838860028,-12.31424309151987,0.0,5.0,0.0,0.49184187653260514,-0.03607584859760765,-0.8699176394976621,-0.005779457384871577,-0.004223696789826277,0.002129301687433082,0.001361356816555577,-8.5121722,0.784532,5.26617105
1789045247.993157,7.292,0.0,-3.0,3,0,191,1.888820811484589,0.04063161473301574,0.0,0.0,0.0,107.0,1.0,-0.808919336548606,0.0,0.0,0.0,37.854604901051154,nan,0.0,0.013857283938063902,0.0,0.0,0.0,0.0,0.0,3.0,3.0,nan,0.0,0.0,0.0,0.0,0.0,nan,nan,,,0,0,0,1.4659788608551025,-2,170,False,True,False,"A:1,B:1,ESTOP:0,MODE:1",DRIVE_HEADING,,,,0,,,False,0,UNKNOWN,0.0,False,-9999.0,-1.0,-1.0,False,36.96766583666667,127.87360285333334,121.761,2,0.000144,36.96766583666667,127.87360285333334,4.0,0.044725095748901364,1.0,0.0,0.06545019149780273,0.0,0.7780808838860028,-12.31424309151987,0.0,5.0,0.0,0.4917810974047165,-0.03614327461114434,-0.8699490232164022,-0.005806284579971562,-0.005026548245743669,-0.011571532940722405,-0.002356194490192345,-7.7080269,0.8433718999999998,4.4326058
1789045248.043319,7.342,3.0,0.0,0,0,191,1.888820811484589,0.04063161473301574,0.0,0.0,0.0,107.0,1.0,-0.808919336548606,0.0,0.0,0.0,37.854604901051154,nan,0.0,-0.19874443062981223,0.0,0.0,0.0,0.0,0.0,3.0,3.0,nan,0.0,0.0,0.0,0.0,0.0,nan,nan,,,0,0,0,1.4962214231491089,-2,177,True,True,False,"A:1,B:1,ESTOP:0,MODE:1",DRIVE_HEADING,,,,0,,,False,0,UNKNOWN,0.0,False,-9999.0,-1.0,-1.0,False,36.96766583666667,127.87360285333334,121.761,2,0.000144,36.96766583666667,127.87360285333334,4.0,0.06976822566986084,1.0,0.0,0.11553645133972168,0.0,0.7780808838860028,-12.31424309151987,0.0,5.0,0.0,0.4918813245801796,-0.03614236770845015,-0.8698925384576446,-0.005784749034377187,0.014503686084072877,0.006876597252857658,-0.0006806784082777885,-8.56120545,0.8433718999999998,5.6290170999999996
1789045248.093181,7.392,3.0,0.0,3,0,191,1.888820811484589,0.04063161473301574,0.0,0.0,0.0,107.0,1.0,-0.808919336548606,0.0,0.0,0.0,37.854604901051154,nan,0.0,-0.10253894176855262,0.0,0.0,0.0,0.0,0.0,3.0,3.0,nan,0.0,0.0,0.0,0.0,0.0,nan,nan,,,0,0,0,1.435800552368164,-2,171,True,True,False,"A:1,B:1,ESTOP:0,MODE:1",DRIVE_HEADING,,,,0,,,False,0,UNKNOWN,0.0,False,-9999.0,-1.0,-1.0,False,36.96766583666667,127.87360285333334,121.761,2,0.000144,36.96766583666667,127.87360285333334,4.0,0.09467867565155029,1.0,0.0,0.16535735130310059,0.0,0.7780808838860028,-12.31424309151987,0.0,5.0,0.0,0.49196109682720324,-0.03618758353075954,-0.869845839258559,-0.0057405514850571715,0.006073745796940267,-0.0022514747350726853,-0.006318091892219472,-8.217972699999999,-0.0588399,4.2364728
1789045248.143125,7.442,3.0,0.0,3,0,191,1.888820811484589,0.04063161473301574,0.0,0.0,0.0,107.0,1.0,-0.808919336548606,0.0,0.0,0.0,37.854604901051154,nan,0.0,-0.42468786388501545,0.0,0.0,0.0,0.0,0.0,3.0,3.0,nan,0.0,0.0,0.0,0.0,0.0,nan,nan,,,0,0,0,1.2790403366088867,-3,171,True,True,False,"A:1,B:1,ESTOP:0,MODE:1",DRIVE_HEADING,,,,0,,,False,0,UNKNOWN,0.0,False,-9999.0,-1.0,-1.0,False,36.967665805,127.873603195,121.755,2,0.000144,36.967665805,127.873603195,4.0,0.012,1.0,1.0,0.0,0.0,0.6825448102674506,-12.31424309151987,0.0,5.0,0.0,0.4918272076482911,-0.03613214431850405,-0.8699234980855131,-0.0057942594432508765,0.019390607989657,0.011309733552923256,0.006230825429619756,-8.36507245,1.5004174499999998,4.5895122
1789045248.193219,7.492,3.0,0.0,3,0,191,1.919209154140187,0.03710649762837885,0.0,0.0,0.0,107.0,1.0,-0.8077423089855648,0.0,0.0,0.0,37.82403711031749,nan,0.0,0.2937235118427545,0.0,0.0,0.0,0.0,0.0,3.0,3.0,nan,0.0,0.0,0.0,0.0,0.0,nan,nan,,,0,0,0,1.3785547018051147,-2,170,True,True,False,"A:1,B:1,ESTOP:0,MODE:1",DRIVE_HEADING,,,,0,,,False,0,UNKNOWN,0.0,False,-9999.0,-1.0,-1.0,False,36.967665805,127.873603195,121.755,2,0.000144,36.967665805,127.873603195,4.0,0.03892592144012451,1.0,0.0,0.05385184288024902,0.0,0.6825448102674506,-12.31424309151987,0.0,5.0,0.0,0.4916496718481396,-0.03627493192795477,-0.8700172039733562,-0.00589866727509444,-0.03378957431861022,-0.01329940890019679,0.0003141592653589793,-7.4236340499999995,1.12776475,5.570177199999999
1789045248.243127,7.542,3.0,0.0,3,0,191,1.919209154140187,0.03710649762837885,0.0,0.0,0.0,107.0,1.0,-0.8077423089855648,0.0,0.0,0.0,37.82403711031749,nan,0.0,-0.04518593518093096,0.0,0.0,0.0,0.0,0.0,3.0,3.0,nan,0.0,0.0,0.0,0.0,0.0,nan,nan,,,0,0,0,1.3780475854873657,-3,169,True,True,False,"A:1,B:1,ESTOP:0,MODE:1",DRIVE_HEADING,,,,0,,,False,0,UNKNOWN,0.0,False,-9999.0,-1.0,-1.0,False,36.967665805,127.873603195,121.755,2,0.000144,36.967665805,127.873603195,4.0,0.06391755294799804,1.0,0.0,0.1038351058959961,0.0,0.6825448102674506,-12.31424309151987,0.0,5.0,0.0,0.49175894566354017,-0.03641116355379857,-0.8699487192204987,-0.006049169790629506,-0.01747074581246324,0.0012915436464758037,-0.004328416544945937,-8.051259649999999,0.28439285,4.834678449999999
1789045248.293047,7.592,3.0,0.0,3,0,191,1.919209154140187,0.03710649762837885,0.0,0.0,0.0,107.0,1.0,-0.8077423089855648,0.0,0.0,0.0,37.82403711031749,nan,0.0,-0.3105635633105691,0.0,0.0,0.0,0.0,0.0,3.0,3.0,nan,0.0,0.0,0.0,0.0,0.0,nan,nan,,,0,0,0,1.5612075328826904,-3,170,True,True,False,"A:1,B:1,ESTOP:0,MODE:1",DRIVE_HEADING,,,,0,,,False,0,UNKNOWN,0.0,False,-9999.0,-1.0,-1.0,False,36.967665755,127.87360357833333,121.757,2,0.000144,36.967665755,127.87360357833333,4.0,0.012,1.0,1.0,0.0,0.0,0.5895963175689878,-12.31424309151987,0.0,5.0,0.0,0.4916840963464248,-0.03640253226434147,-0.8699915810819058,-0.0060211204396907955,-0.03316125578789226,-0.014678219009272311,0.005654866776461628,-8.38468575,-0.0980665,6.10954295
1789045248.343181,7.642,3.0,0.0,3,0,191,1.9533033922724172,0.03154052262818437,0.0,0.0,0.0,107.0,1.0,-0.8077036389845377,0.0,0.0,0.0,37.789492246163626,nan,0.0,0.260913563816052,0.0,0.0,0.0,0.0,0.0,3.0,3.0,nan,0.0,0.0,0.0,0.0,0.0,nan,nan,,,0,0,0,1.706068754196167,-2,170,True,True,False,"A:1,B:1,ESTOP:0,MODE:1",DRIVE_HEADING,,,,0,,,False,0,UNKNOWN,0.0,False,-9999.0,-1.0,-1.0,False,36.967665755,127.87360357833333,121.757,2,0.000144,36.967665755,127.87360357833333,4.0,0.012,1.0,1.0,0.0,0.0,0.5895963175689878,-12.31424309151987,0.0,5.0,0.0,0.4916041044636735,-0.03641645877913462,-0.8700366325254912,-0.005958529026591979,-0.039636427312791225,-0.008220500776893291,0.000296705972839036,-7.992419749999999,0.392266,5.8545700499999995
1789045248.393167,7.692,3.0,0.0,3,0,195,1.9533033922724172,0.03154052262818437,0.0,0.0,0.0,107.0,1.0,-0.8077036389845377,0.0,0.0,0.0,37.789492246163626,nan,0.0,-0.04599426331158006,0.0,0.0,0.0,0.0,0.0,3.0,3.0,nan,0.0,0.0,0.0,0.0,0.0,nan,nan,,,0,0,0,1.7682079076766968,-2,171,True,True,False,"A:1,B:1,ESTOP:0,MODE:1",DRIVE_HEADING,,,,0,,,False,0,UNKNOWN,0.0,False,-9999.0,-1.0,-1.0,False,36.967665755,127.87360357833333,121.757,2,0.000144,36.967665755,127.87360357833333,4.0,0.045854246139526364,1.0,0.0,0.06770849227905273,0.0,0.5895963175689878,-12.31424309151987,0.0,5.0,0.0,0.4916802334542105,-0.036449176515512896,-0.8699921335439808,-0.0059743730504953005,-0.020909044438892067,-0.001762782544514273,-0.0023911010752322315,-8.1983594,0.26477955,5.3348176
1789045248.443112,7.742,3.0,0.0,3,0,191,1.9533033922724172,0.03154052262818437,0.0,0.0,0.0,107.0,1.0,-0.8077036389845377,0.0,0.0,0.0,37.789492246163626,nan,0.0,-0.1995942747849569,0.0,0.0,0.0,0.0,0.0,3.0,3.0,nan,0.0,0.0,0.0,0.0,0.0,nan,nan,,,0,0,0,1.822524905204773,-3,189,True,True,False,"A:1,B:1,ESTOP:0,MODE:1",DRIVE_HEADING,,,,0,,,False,0,UNKNOWN,0.0,False,-9999.0,-1.0,-1.0,False,36.967665755,127.87360357833333,121.757,2,0.000144,36.967665755,127.87360357833333,4.0,0.07083204936981201,1.0,0.0,0.11766409873962402,0.0,0.5895963175689878,-12.31424309151987,0.0,5.0,0.0,0.49163829869070785,-0.03649189533278584,-0.8700134360088257,-0.006061847873698876,-0.006492624817418906,-0.0096342174710087,-0.004049163864626845,-8.208166049999999,0.61781895,5.4524974
1789045248.493151,7.792,0.0,-3.0,3,0,191,1.9533033922724172,0.03154052262818437,0.0,0.0,0.0,107.0,1.0,-0.8077036389845377,0.0,0.0,0.0,37.789492246163626,nan,0.0,-0.294005086235387,0.0,0.0,0.0,0.0,0.0,3.0,3.0,nan,0.0,0.0,0.0,0.0,0.0,nan,nan,,,0,0,0,2.1801741123199463,-2,170,False,True,False,"A:1,B:1,ESTOP:0,MODE:1",DRIVE_HEADING,,,,0,,,False,0,UNKNOWN,0.0,False,-9999.0,-1.0,-1.0,False,36.96766574833333,127.87360385333334,121.753,2,0.000144,36.96766574833333,127.87360385333334,4.0,0.012,1.0,1.0,0.0,0.0,0.5601907036399407,-12.31424309151987,0.0,5.0,0.0,0.4916491140486295,-0.036412138733447744,-0.8700103560177965,-0.006106163266816209,-0.025028021473598686,0.02324778563656447,0.0013264502315156904,-8.81617835,-0.08825984999999999,7.58054045
1789045248.543128,7.842,3.0,0.0,0,0,196,1.9777623029237648,0.03079839262815844,0.0,0.0,0.0,107.0,1.0,-0.8044671103668888,0.0,0.0,0.0,37.765213274602196,nan,0.0,0.013966923937083793,0.0,0.0,0.0,0.0,0.0,3.0,3.0,nan,0.0,0.0,0.0,0.0,0.0,nan,nan,,,0,0,0,2.0391111373901367,-2,171,True,True,False,"A:1,B:1,ESTOP:0,MODE:1",DRIVE_HEADING,,,,0,,,False,0,UNKNOWN,0.0,False,-9999.0,-1.0,-1.0,False,36.96766574833333,127.87360385333334,121.753,2,0.000144,36.96766574833333,127.87360385333334,4.0,0.024640833854675293,1.0,0.0,0.025281667709350586,0.0,0.5601907036399407,-12.31424309151987,0.0,5.0,0.0,0.49177982842799184,-0.03651056527340232,-0.869932194253728,-0.006128325680433866,-0.007923794804054257,0.008307767239493008,0.0045204027626653135,-8.44352565,0.29419949999999995,4.069759749999999
1789045248.593166,7.892,3.0,0.0,3,0,191,1.9777623029237648,0.03079839262815844,0.0,0.0,0.0,107.0,1.0,-0.8044671103668888,0.0,0.0,0.0,37.765213274602196,nan,0.0,0.19657299008920964,0.0,0.0,0.0,0.0,0.0,3.0,3.0,nan,0.0,0.0,0.0,0.0,0.0,nan,nan,,,0,0,0,1.9436994791030884,-2,171,True,True,False,"A:1,B:1,ESTOP:0,MODE:1",DRIVE_HEADING,,,,0,,,False,0,UNKNOWN,0.0,False,-9999.0,-1.0,-1.0,False,36.96766574833333,127.87360385333334,121.753,2,0.000144,36.96766574833333,127.87360385333334,4.0,0.04969230842590332,1.0,0.0,0.07538461685180664,0.0,0.5601907036399407,-12.31424309151987,0.0,5.0,0.0,0.4918815480758993,-0.036585887115555056,-0.8698716211969691,-0.006113768279977311,-0.009197885158010117,-0.008290313946973065,0.0045553093477052,-8.67888525,0.7453053999999999,4.746418599999999
1789045248.643094,7.942,3.0,0.0,3,0,195,1.9777623029237648,0.03079839262815844,0.0,0.0,0.0,107.0,1.0,-0.8044671103668888,0.0,0.0,0.0,37.765213274602196,nan,0.0,0.19817584410903122,0.0,0.0,0.0,0.0,0.0,3.0,3.0,nan,0.0,0.0,0.0,0.0,0.0,nan,nan,,,0,0,0,1.9585696458816528,-3,178,True,True,False,"A:1,B:1,ESTOP:0,MODE:1",DRIVE_HEADING,,,,0,,,False,0,UNKNOWN,0.0,False,-9999.0,-1.0,-1.0,False,36.96766574833333,127.87360385333334,121.753,2,0.000144,36.96766574833333,127.87360385333334,4.0,0.07468346309661865,1.0,0.0,0.1253669261932373,0.0,0.5601907036399407,-12.31424309151987,0.0,5.0,0.0,0.49196687338955986,-0.03651912235453124,-0.8698256076649148,-0.0061936612853440536,0.0021467549799530253,-0.01520181778487061,0.0077492618788548235,-8.99269805,-0.1569064,5.1779112
1789045248.693051,7.992,3.0,0.0,3,0,191,1.9777623029237648,0.03079839262815844,0.0,0.0,0.0,107.0,1.0,-0.8044671103668888,0.0,0.0,0.0,37.765213274602196,nan,0.0,0.3804134924208131,0.0,0.0,0.0,0.0,0.0,3.0,3.0,nan,0.0,0.0,0.0,0.0,0.0,nan,nan,,,0,0,0,2.1689982414245605,-2,169,True,True,False,"A:1,B:1,ESTOP:0,MODE:1",DRIVE_HEADING,,,,0,,,False,0,UNKNOWN,0.0,False,-9999.0,-1.0,-1.0,False,36.96766569166667,127.873604,121.751,2,0.000144,36.96766569166667,127.873604,4.0,0.012,1.0,1.0,0.0,0.0,0.34574693469723505,-12.31424309151987,0.0,5.0,0.0,0.49187777295275853,-0.03658855161240764,-0.8698731587047208,-0.006182404953769965,-0.01621410875102732,0.026686084262993296,-0.0008552113334772215,-8.26700595,1.08853815,6.874461649999999
1789045248.743099,8.042,3.0,0.0,3,0,191,1.9908070548498384,0.024490288418910586,0.0,0.0,0.0,107.0,1.0,-0.8085749090024015,0.0,0.0,0.0,37.75134935187776,nan,0.0,-0.11236133456402848,0.0,0.0,0.0,0.0,0.0,3.0,3.0,nan,0.0,0.0,0.0,0.0,0.0,nan,nan,,,0,0,0,2.1547250747680664,-3,169,True,True,False,"A:1,B:1,ESTOP:0,MODE:1",DRIVE_HEADING,,,,0,,,False,0,UNKNOWN,0.0,False,-9999.0,-1.0,-1.0,False,36.96766569166667,127.873604,121.751,2,0.000144,36.96766569166667,127.873604,4.0,0.012,1.0,1.0,0.0,0.0,0.34574693469723505,-12.31424309151987,0.0,5.0,0.0,0.4919669555126438,-0.036668943344946706,-0.869818799433052,-0.006257749629810929,0.004485496177625427,0.013247049022636962,-0.00757472895365539,-8.482752249999999,0.7060787999999999,5.1779112
1789045248.793096,8.092,3.0,0.0,3,0,191,1.9908070548498384,0.024490288418910586,0.0,0.0,0.0,107.0,1.0,-0.8085749090024015,0.0,0.0,0.0,37.75134935187776,nan,0.0,-0.49636661189490044,0.0,0.0,0.0,0.0,0.0,3.0,3.0,nan,0.0,0.0,0.0,0.0,0.0,nan,nan,,,0,0,0,2.146953821182251,-3,169,True,True,False,"A:1,B:1,ESTOP:0,MODE:1",DRIVE_HEADING,,,,0,,,False,0,UNKNOWN,0.0,False,-9999.0,-1.0,-1.0,False,36.96766569166667,127.873604,121.751,2,0.000144,36.96766569166667,127.873604,4.0,0.047206317901611325,1.0,0.0,0.07041263580322266,0.0,0.34574693469723505,-12.31424309151987,0.0,5.0,0.0,0.4919810982665479,-0.036688564284021626,-0.8698097700097973,-0.0062858726301199715,-0.019669860669976093,6.981317007977319e-05,-0.003420845333908886,-7.9237732,0.28439285,4.697385349999999
1789045248.843141,8.142,3.0,0.0,3,0,191,1.9908070548498384,0.024490288418910586,0.0,0.0,0.0,107.0,1.0,-0.8085749090024015,0.0,0.0,0.0,37.75134935187776,nan,0.0,-0.25784987867111064,0.0,0.0,0.0,0.0,0.0,3.0,3.0,nan,0.0,0.0,0.0,0.0,0.0,nan,nan,,,0,0,0,2.1955251693725586,-2,169,True,True,False,"A:1,B:1,ESTOP:0,MODE:1",DRIVE_HEADING,,,,0,,,False,0,UNKNOWN,0.0,False,-9999.0,-1.0,-1.0,False,36.96766569166667,127.873604,121.751,2,0.000144,36.96766569166667,127.873604,4.0,0.07218710136413574,1.0,0.0,0.12037420272827148,0.0,0.34574693469723505,-12.31424309151987,0.0,5.0,0.0,0.4918557084820087,-0.036738668841064026,-0.8698789396032671,-0.006233993915891807,-0.009023352232810684,-0.006771877497737999,0.0015533430342749533,-8.237585999999999,0.5099457999999999,5.38385085
1789045248.893057,8.192,3.0,0.0,3,0,191,1.9908070548498384,0.024490288418910586,0.0,0.0,0.0,107.0,1.0,-0.8085749090024015,0.0,0.0,0.0,37.75134935187776,nan,0.0,0.027095821086231594,0.0,0.0,0.0,0.0,0.0,3.0,3.0,nan,0.0,0.0,0.0,0.0,0.0,nan,nan,,,0,0,0,2.2650413513183594,-2,176,True,True,False,"A:1,B:1,ESTOP:0,MODE:1",DRIVE_HEADING,,,,0,,,False,0,UNKNOWN,0.0,False,-9999.0,-1.0,-1.0,False,36.967665705,127.87360422833333,121.742,2,0.000144,36.967665705,127.87360422833333,4.0,0.012,1.0,1.0,0.0,0.0,0.29668729518727593,-12.31424309151987,0.0,5.0,0.0,0.4916266586600405,-0.03673922655109965,-0.8700083291824595,-0.006242185541617713,-0.007120943348136864,0.003961897402027128,0.002617993877991494,-8.306232549999999,0.44129925,5.5407572499999995
1789045248.943077,8.242,3.0,0.0,3,0,191,2.011115362213456,0.025974548418962448,0.0,0.0,0.0,107.0,1.0,-0.8038149935591766,0.0,0.0,0.0,37.73151554446997,nan,0.0,0.08791962944405912,0.0,0.0,0.0,0.0,0.0,3.0,3.0,nan,0.0,0.0,0.0,0.0,0.0,nan,nan,,,0,0,0,2.298927068710327,-2,171,True,True,False,"A:1,B:1,ESTOP:0,MODE:1",DRIVE_HEADING,,,,0,,,False,0,UNKNOWN,0.0,False,-9999.0,-1.0,-1.0,False,36.967665705,127.87360422833333,121.742,2,0.000144,36.967665705,127.87360422833333,4.0,0.012,1.0,1.0,0.0,0.0,0.29668729518727593,-12.31424309151987,0.0,5.0,0.0,0.49165141690914227,-0.03682081050744783,-0.8699908755067275,-0.006244093196383964,-0.006178465552059927,-0.004782202150464463,-0.004084070449666731,-8.26700595,0.5982056499999999,5.34462425
1789045248.993244,8.292,0.0,-3.0,3,0,191,2.011115362213456,0.025974548418962448,0.0,0.0,0.0,107.0,1.0,-0.8038149935591766,0.0,0.0,0.0,37.73151554446997,nan,0.0,-0.295488209814829,0.0,0.0,0.0,0.0,0.0,3.0,3.0,nan,0.0,0.0,0.0,0.0,0.0,nan,nan,,,0,0,0,2.5850436687469482,-3,170,False,True,False,"A:1,B:1,ESTOP:0,MODE:1",DRIVE_HEADING,,,,0,,,False,0,UNKNOWN,0.0,False,-9999.0,-1.0,-1.0,False,36.967665705,127.87360422833333,121.742,2,0.000144,36.967665705,127.87360422833333,4.0,0.04520968151092529,1.0,0.0,0.06641936302185059,0.0,0.29668729518727593,-12.31424309151987,0.0,5.0,0.0,0.4916769903035146,-0.036793351053758944,-0.8699770401662943,-0.006319502180279324,-0.013805554383275147,0.018971728969178363,-0.010245082709206713,-9.316317499999998,-0.2353596,7.2765343
1789045249.043111,8.342,3.0,0.0,0,0,193,2.011115362213456,0.025974548418962448,0.0,0.0,0.0,107.0,1.0,-0.8038149935591766,0.0,0.0,0.0,37.73151554446997,nan,0.0,-0.6471912333951992,0.0,0.0,0.0,0.0,0.0,3.0,3.0,nan,0.0,0.0,0.0,0.0,0.0,nan,nan,,,0,0,0,2.333563804626465,-3,172,True,True,False,"A:1,B:1,ESTOP:0,MODE:1",DRIVE_HEADING,,,,0,,,False,0,UNKNOWN,0.0,False,-9999.0,-1.0,-1.0,False,36.967665705,127.87360422833333,121.742,2,0.000144,36.967665705,127.87360422833333,4.0,0.0702209825515747,1.0,0.0,0.11644196510314941,0.0,0.29668729518727593,-12.31424309151987,0.0,5.0,0.0,0.49177576398312556,-0.03691489899667293,-0.8699156366541733,-0.006377561872918956,-0.043947390565217216,-0.008848819307611252,0.005881759579220891,-8.34545915,0.97085835,3.59904055
1789045249.093066,8.392,3.0,0.0,3,0,201,2.011115362213456,0.025974548418962448,0.0,0.0,0.0,107.0,1.0,-0.8038149935591766,0.0,0.0,0.0,37.73151554446997,nan,0.0,0.27625514907159116,0.0,0.0,0.0,0.0,0.0,3.0,3.0,nan,0.0,0.0,0.0,0.0,0.0,nan,nan,,,0,0,0,2.249852180480957,-3,219,True,True,False,"A:1,B:1,ESTOP:0,MODE:1",DRIVE_HEADING,,,,0,,,False,0,UNKNOWN,0.0,False,-9999.0,-1.0,-1.0,False,36.967665705,127.87360422833333,121.742,2,0.000144,36.967665705,127.87360422833333,4.0,0.09527054977416992,1.0,0.0,0.16654109954833984,0.0,0.29668729518727593,-12.31424309151987,0.0,5.0,0.0,0.4917919449815616,-0.036893580748755456,-0.8699075837457645,-0.006351558264977963,-0.02204350845268838,0.00034906585039886593,0.0024609142453120045,-8.46313895,0.43149259999999995,4.5306723
1789045249.143267,8.442,3.0,0.0,3,0,191,2.011115362213456,0.025974548418962448,0.0,0.0,0.0,107.0,1.0,-0.8038149935591766,0.0,0.0,0.0,37.73151554446997,nan,0.0,0.08009463877344788,0.0,0.0,0.0,0.0,0.0,3.0,3.0,nan,0.0,0.0,0.0,0.0,0.0,nan,nan,,,0,0,0,2.3231236934661865,-2,176,True,True,False,"A:1,B:1,ESTOP:0,MODE:1",DRIVE_HEADING,,,,0,,,False,0,UNKNOWN,0.0,False,-9999.0,-1.0,-1.0,False,36.967665685,127.87360430666666,121.73100000000001,2,0.000144,36.967665685,127.87360430666666,4.0,0.012,1.0,1.0,0.0,0.0,0.23700709984175614,-12.31424309151987,0.0,5.0,0.0,0.4916718990479871,-0.03689082685600554,-0.8699758078884136,-0.006316982612633748,0.0108035880698449,-0.005148721293383272,0.0015707963267948964,-7.9041599,0.2745862,5.24655775
1789045249.193160,8.492,3.0,0.0,3,0,191,2.0180824453556228,0.023748158418884658,0.0,0.0,0.0,107.0,1.0,-0.8048813644882403,0.0,0.0,0.0,37.72428776214965,nan,0.0,0.02903644949590099,0.0,0.0,0.0,0.0,0.0,3.0,3.0,nan,0.0,0.0,0.0,0.0,0.0,nan,nan,,,0,0,0,2.6251189708709717,-2,170,True,True,False,"A:1,B:1,ESTOP:0,MODE:1",DRIVE_HEADING,,,,0,,,False,0,UNKNOWN,0.0,False,-9999.0,-1.0,-1.0,False,36.967665685,127.87360430666666,121.73100000000001,2,0.000144,36.967665685,127.87360430666666,4.0,0.03998700332641601,1.0,0.0,0.05597400665283203,0.0,0.23700709984175614,-12.31424309151987,0.0,5.0,0.0,0.49154672397292865,-0.03691064330156667,-0.8700461981502984,-0.006247851371297523,-0.014538592669112765,0.012915436464758038,0.004468042885105484,-7.9433865,0.9414384,7.217694399999999
1789045249.243124,8.542,3.0,0.0,3,0,191,2.0180824453556228,0.023748158418884658,0.0,0.0,0.0,107.0,1.0,-0.8048813644882403,0.0,0.0,0.0,37.72428776214965,nan,0.0,0.1946463765969092,0.0,0.0,0.0,0.0,0.0,3.0,3.0,nan,0.0,0.0,0.0,0.0,0.0,nan,nan,,,0,0,0,2.63580060005188,-2,170,True,True,False,"A:1,B:1,ESTOP:0,MODE:1",DRIVE_HEADING,,,,0,,,False,0,UNKNOWN,0.0,False,-9999.0,-1.0,-1.0,False,36.967665685,127.87360430666666,121.73100000000001,2,0.000144,36.967665685,127.87360430666666,4.0,0.06493083190917968,1.0,0.0,0.10586166381835938,0.0,0.23700709984175614,-12.31424309151987,0.0,5.0,0.0,0.4917474428486974,-0.03704343174288624,-0.8699270338278529,-0.00626038592667821,-0.014748032179352085,0.002548180707911721,0.0045553093477052,-8.2964259,0.34323275000000003,5.0798447
1789045249.293130,8.592,3.0,0.0,3,0,191,2.0180824453556228,0.023748158418884658,0.0,0.0,0.0,107.0,1.0,-0.8048813644882403,0.0,0.0,0.0,37.72428776214965,nan,0.0,0.1992470838437154,0.0,0.0,0.0,0.0,0.0,3.0,3.0,nan,0.0,0.0,0.0,0.0,0.0,nan,nan,,,0,0,0,2.556711435317993,-3,170,True,True,False,"A:1,B:1,ESTOP:0,MODE:1",DRIVE_HEADING,,,,0,,,False,0,UNKNOWN,0.0,False,-9999.0,-1.0,-1.0,False,36.967665706666665,127.87360439166666,121.72800000000001,2,0.000144,36.967665706666665,127.87360439166666,4.0,0.012,1.0,1.0,0.0,0.0,0.13096475806976937,-12.31424309151987,0.0,5.0,0.0,0.49164320127534167,-0.037155081816841976,-0.869981148471945,-0.006266086366565855,-0.0007330382858376184,-0.011815879036001611,0.0079412480965742,-8.051259649999999,0.48052585,4.38357255
1789045249.343139,8.642,3.0,0.0,3,0,191,2.025642471824608,0.026160080523482652,0.0,0.0,0.0,107.0,1.0,-0.8012746798961613,0.0,0.0,0.0,37.717192461120945,nan,0.0,0.392460589676028,0.0,0.0,0.0,0.0,0.0,3.0,3.0,nan,0.0,0.0,0.0,0.0,0.0,nan,nan,,,0,0,0,2.6080400943756104,-2,169,True,True,False,"A:1,B:1,ESTOP:0,MODE:1",DRIVE_HEADING,,,,0,,,False,0,UNKNOWN,0.0,False,-9999.0,-1.0,-1.0,False,36.967665706666665,127.87360439166666,121.72800000000001,2,0.000144,36.967665706666665,127.87360439166666,4.0,0.012,1.0,1.0,0.0,0.0,0.13096475806976937,-12.31424309151987,0.0,5.0,0.0,0.4913200151745125,-0.03710607576472569,-0.8701655631422168,-0.006298773820974667,-0.0023038346126325153,-0.009669124056048587,0.0023212879051524586,-8.061066299999998,0.5099457999999999,5.3152043
1789045249.393193,8.692,3.0,0.0,3,0,191,2.025642471824608,0.026160080523482652,0.0,0.0,0.0,107.0,1.0,-0.8012746798961613,0.0,0.0,0.0,37.717192461120945,nan,0.0,0.07031966849667594,0.0,0.0,0.0,0.0,0.0,3.0,3.0,nan,0.0,0.0,0.0,0.0,0.0,nan,nan,,,0,0,0,2.6520183086395264,-2,169,True,True,False,"A:1,B:1,ESTOP:0,MODE:1",DRIVE_HEADING,,,,0,,,False,0,UNKNOWN,0.0,False,-9999.0,-1.0,-1.0,False,36.967665706666665,127.87360439166666,121.72800000000001,2,0.000144,36.967665706666665,127.87360439166666,4.0,0.04552677822113037,1.0,0.0,0.06705355644226074,0.0,0.13096475806976937,-12.31424309151987,0.0,5.0,0.0,0.49130502155432143,-0.03704287756157852,-0.8701769528929933,-0.006266711364891438,-0.02183406894244906,0.0017976891295541594,-0.004206243497306334,-8.3552658,0.5491724,5.4524974
1789045249.443110,8.742,3.0,0.0,3,0,191,2.025642471824608,0.026160080523482652,0.0,0.0,0.0,107.0,1.0,-0.8012746798961613,0.0,0.0,0.0,37.717192461120945,nan,0.0,-0.3030729708403175,0.0,0.0,0.0,0.0,0.0,3.0,3.0,nan,0.0,0.0,0.0,0.0,0.0,nan,nan,,,0,0,0,2.6895804405212402,-3,170,True,True,False,"A:1,B:1,ESTOP:0,MODE:1",DRIVE_HEADING,,,,0,,,False,0,UNKNOWN,0.0,False,-9999.0,-1.0,-1.0,False,36.967665706666665,127.87360439166666,121.72800000000001,2,0.000144,36.967665706666665,127.87360439166666,4.0,0.07051161479949951,1.0,0.0,0.11702322959899902,0.0,0.13096475806976937,-12.31424309151987,0.0,5.0,0.0,0.4912897029992838,-0.0369839648323122,-0.8701882833307314,-0.006242245274932869,-0.002356194490192345,-0.0011519173063162576,-0.006056292504420323,-8.38468575,0.30400615,5.30539765
1789045249.493109,8.792,0.0,-3.0,3,0,194,2.025642471824608,0.026160080523482652,0.0,0.0,0.0,107.0,1.0,-0.8012746798961613,0.0,0.0,0.0,37.717192461120945,nan,0.0,-0.40825482489863685,0.0,0.0,0.0,0.0,0.0,3.0,3.0,nan,0.0,0.0,0.0,0.0,0.0,nan,nan,,,0,0,0,2.7240653038024902,-3,431,False,True,False,"A:1,B:1,ESTOP:0,MODE:1",DRIVE_HEADING,,,,0,,,False,0,UNKNOWN,0.0,False,-9999.0,-1.0,-1.0,False,36.96766566666667,127.87360440666667,121.738,2,0.000144,36.96766566666667,127.87360440666667,4.0,0.012,1.0,1.0,0.0,0.0,0.08446080707920478,-12.31424309151987,0.0,5.0,0.0,0.49132121259259315,-0.03698028978549083,-0.8701707899809723,-0.0062225788717997395,-0.057718038363452476,-0.005672320068981571,-0.005061454830783556,-8.01203305,-0.06864655,4.873905049999999
1789045249.543116,8.842,3.0,0.0,0,0,191,2.026976595257901,0.021707301314299626,0.0,0.0,0.0,107.0,1.0,-0.8054519660006656,0.0,0.0,0.0,37.71518489331735,nan,0.0,-0.3505523152488395,0.0,0.0,0.0,0.0,0.0,3.0,3.0,nan,0.0,0.0,0.0,0.0,0.0,nan,nan,,,0,0,0,2.6903023719787598,-2,431,True,True,False,"A:1,B:1,ESTOP:0,MODE:1",DRIVE_HEADING,,,,0,,,False,0,UNKNOWN,0.0,False,-9999.0,-1.0,-1.0,False,36.96766566666667,127.87360440666667,121.738,2,0.000144,36.96766566666667,127.87360440666667,4.0,0.012,1.0,1.0,0.0,0.0,0.08446080707920478,-12.31424309151987,0.0,5.0,0.0,0.49152090006091587,-0.037058637184548736,-0.870054623327822,-0.006230139582134916,-0.004049163864626845,-0.0008377580409572782,0.011274826967883369,-8.433719,0.38245935,4.85429175
1789045249.593074,8.892,3.0,0.0,3,0,191,2.026976595257901,0.021707301314299626,0.0,0.0,0.0,107.0,1.0,-0.8054519660006656,0.0,0.0,0.0,37.71518489331735,nan,0.0,0.5842767893816582,0.0,0.0,0.0,0.0,0.0,3.0,3.0,nan,0.0,0.0,0.0,0.0,0.0,nan,nan,,,0,0,0,2.769209384918213,-2,173,True,True,False,"A:1,B:1,ESTOP:0,MODE:1",DRIVE_HEADING,,,,0,,,False,0,UNKNOWN,0.0,False,-9999.0,-1.0,-1.0,False,36.96766566666667,127.87360440666667,121.738,2,0.000144,36.96766566666667,127.87360440666667,4.0,0.04548004817962646,1.0,0.0,0.06696009635925293,0.0,0.08446080707920478,-12.31424309151987,0.0,5.0,0.0,0.49147670959013573,-0.03700279197398945,-0.8700823320168208,-0.006178416362929148,-0.01806415775814131,0.0042935099599060505,0.001780235837034216,-8.394492399999999,0.35303939999999995,5.619210449999999
1789045249.643163,8.942,3.0,0.0,3,0,191,2.026976595257901,0.021707301314299626,0.0,0.0,0.0,107.0,1.0,-0.8054519660006656,0.0,0.0,0.0,37.71518489331735,nan,0.0,0.04019623580289482,0.0,0.0,0.0,0.0,0.0,3.0,3.0,nan,0.0,0.0,0.0,0.0,0.0,nan,nan,,,0,0,0,2.9612467288970947,-2,171,True,True,False,"A:1,B:1,ESTOP:0,MODE:1",DRIVE_HEADING,,,,0,,,False,0,UNKNOWN,0.0,False,-9999.0,-1.0,-1.0,False,36.96766566666667,127.87360440666667,121.738,2,0.000144,36.96766566666667,127.87360440666667,4.0,0.07050732326507568,1.0,0.0,0.11701464653015137,0.0,0.08446080707920478,-12.31424309151987,0.0,5.0,0.0,0.49144241382661086,-0.037032712548952136,-0.870100813804193,-0.006124206954526527,-0.019565140914856435,-0.008813912722571364,0.01001818990644745,-8.3748791,-0.1569064,6.1193496
1789045249.693043,8.992,3.0,0.0,3,0,191,2.026976595257901,0.021707301314299626,0.0,0.0,0.0,107.0,1.0,-0.8054519660006656,0.0,0.0,0.0,37.71518489331735,nan,0.0,0.511171843331289,0.0,0.0,0.0,0.0,0.0,3.0,3.0,nan,0.0,0.0,0.0,0.0,0.0,nan,nan,,,0,0,0,2.832223653793335,-3,170,True,True,False,"A:1,B:1,ESTOP:0,MODE:1",DRIVE_HEADING,,,,0,,,False,0,UNKNOWN,0.0,False,-9999.0,-1.0,-1.0,False,36.96766573,127.87360438166667,121.73100000000001,2,0.000144,36.96766573,127.87360438166667,4.0,0.012,1.0,1.0,0.0,0.0,0.0246049091432412,-12.31424309151987,0.0,5.0,0.0,0.49128825292297057,-0.0370680376069127,-0.870186040376101,-0.006169948332886279,-0.019896753472735354,-0.019024088846738195,-0.0024609142453120045,-8.26700595,0.67665885,4.246279449999999
1789045249.743129,9.042,3.0,0.0,3,0,191,2.0247530574663477,0.028757535523573408,0.0,0.0,0.0,107.0,1.0,-0.7988559691282238,0.0,0.0,0.0,37.71847359013265,nan,0.0,-0.20342050035537354,0.0,0.0,0.0,0.0,0.0,3.0,3.0,nan,0.0,0.0,0.0,0.0,0.0,nan,nan,,,0,0,0,2.7719173431396484,-2,170,True,True,False,"A:1,B:1,ESTOP:0,MODE:1",DRIVE_HEADING,,,,0,,,False,0,UNKNOWN,0.0,False,-9999.0,-1.0,-1.0,False,36.96766573,127.87360438166667,121.73100000000001,2,0.000144,36.96766573,127.87360438166667,4.0,0.012,1.0,1.0,0.0,0.0,0.0246049091432412,-12.31424309151987,0.0,5.0,0.0,0.49138783813998793,-0.03712452741399676,-0.8701272860684791,-0.006186116027006125,-0.00736528944341607,0.00874409955249159,-0.0024609142453120045,-8.3748791,0.73549875,4.834678449999999
1789045249.793061,9.092,3.0,0.0,3,0,191,2.0247530574663477,0.028757535523573408,0.0,0.0,0.0,107.0,1.0,-0.7988559691282238,0.0,0.0,0.0,37.71847359013265,nan,0.0,-0.20301365935466278,0.0,0.0,0.0,0.0,0.0,3.0,3.0,nan,0.0,0.0,0.0,0.0,0.0,nan,nan,,,0,0,0,2.8334178924560547,-2,170,True,True,False,"A:1,B:1,ESTOP:0,MODE:1",DRIVE_HEADING,,,,0,,,False,0,UNKNOWN,0.0,False,-9999.0,-1.0,-1.0,False,36.96766573,127.87360438166667,121.73100000000001,2,0.000144,36.96766573,127.87360438166667,4.0,0.04466763687133789,1.0,0.0,0.06533527374267578,0.0,0.0246049091432412,-12.31424309151987,0.0,5.0,0.0,0.4913633145480153,-0.037004950582840465,-0.8701463938023447,-0.006162799812137198,-0.00788888821901437,0.0048345620280242935,-0.005934119456780721,-8.590625399999999,0.53936575,5.71727695
1789045249.843193,9.142,3.0,0.0,3,0,191,2.0247530574663477,0.028757535523573408,0.0,0.0,0.0,107.0,1.0,-0.7988559691282238,0.0,0.0,0.0,37.71847359013265,nan,0.0,-0.4012096320359535,0.0,0.0,0.0,0.0,0.0,3.0,3.0,nan,0.0,0.0,0.0,0.0,0.0,nan,nan,,,0,0,0,2.9093945026397705,-2,170,True,True,False,"A:1,B:1,ESTOP:0,MODE:1",DRIVE_HEADING,,,,0,,,False,0,UNKNOWN,0.0,False,-9999.0,-1.0,-1.0,False,36.96766573,127.87360438166667,121.73100000000001,2,0.000144,36.96766573,127.87360438166667,4.0,0.0696486587524414,1.0,0.0,0.11529731750488281,0.0,0.0246049091432412,-12.31424309151987,0.0,5.0,0.0,0.4912225452046159,-0.03700393356550222,-0.870226421902544,-0.00609053413703561,-0.010506882097005864,0.002234021442552742,-0.0024434609527920616,-8.1002929,0.4118793,5.4721107
1789045249.893207,9.192,3.0,0.0,3,0,191,2.0247530574663477,0.028757535523573408,0.0,0.0,0.0,107.0,1.0,-0.7988559691282238,0.0,0.0,0.0,37.71847359013265,nan,0.0,-0.20080721277188157,0.0,0.0,0.0,0.0,0.0,3.0,3.0,nan,0.0,0.0,0.0,0.0,0.0,nan,nan,,,0,0,0,2.938511371612549,-2,255,True,True,False,"A:1,B:1,ESTOP:0,MODE:1",DRIVE_HEADING,,,,0,,,False,0,UNKNOWN,0.0,False,-9999.0,-1.0,-1.0,False,36.96766573,127.87360438166667,121.73100000000001,2,0.000144,36.96766573,127.87360438166667,4.0,0.09464148235321045,1.0,0.0,0.1652829647064209,0.0,0.0246049091432412,-12.31424309151987,0.0,5.0,0.0,0.4912467385344426,-0.03691855408869616,-0.8702158707862344,-0.0061644525327562635,-0.004276056667386108,0.004049163864626845,0.01174606586592184,-8.38468575,0.1372931,5.12887795
1789045249.943090,9.242,3.0,0.0,3,0,236,2.02504952849779,0.02634561341897541,0.0,0.0,0.0,107.0,1.0,-0.801187819731007,0.0,0.0,0.0,37.71780698784128,nan,0.0,0.6109684016536624,0.0,0.0,0.0,0.0,0.0,3.0,3.0,nan,0.0,0.0,0.0,0.0,0.0,nan,nan,,,0,0,0,2.95853328704834,-2,170,True,True,False,"A:1,B:1,ESTOP:0,MODE:1",DRIVE_HEADING,,,,0,,,False,0,UNKNOWN,0.0,False,-9999.0,-1.0,-1.0,False,36.967665708333335,127.873604385,121.73400000000001,2,0.000144,36.967665708333335,127.873604385,4.0,0.012,1.0,1.0,0.0,0.0,0.04467829600758505,-12.31424309151987,0.0,5.0,0.0,0.4913097803401812,-0.03686706844481966,-0.8701819196901075,-0.006240645063372255,-0.010471975511965976,-0.006667157742618339,-6.981317007977319e-05,-8.4533323,0.4118793,5.26617105
1789045249.993092,9.292,3.0,0.0,3,0,191,2.02504952849779,0.02634561341897541,0.0,0.0,0.0,107.0,1.0,-0.801187819731007,0.0,0.0,0.0,37.71780698784128,nan,0.0,-0.06589953514964512,0.0,0.0,0.0,0.0,0.0,3.0,3.0,nan,0.0,0.0,0.0,0.0,0.0,nan,nan,,,0,0,0,2.962345838546753,-2,411,True,True,False,"A:1,B:1,ESTOP:0,MODE:1",DRIVE_HEADING,,,,0,,,False,0,UNKNOWN,0.0,False,-9999.0,-1.0,-1.0,False,36.967665708333335,127.873604385,121.73400000000001,2,0.000144,36.967665708333335,127.873604385,4.0,0.0431058759689331,1.0,0.0,0.06221175193786621,0.0,0.04467829600758505,-12.31424309151987,0.0,5.0,0.0,0.4913790149237855,-0.03696942929246394,-0.8701392050402886,-0.00613912389305217,-0.010873401239924673,-0.004380776422505767,0.010873401239924673,-8.433719,0.55897905,5.22694445
1789045250.043340,9.342,3.0,0.0,3,0,191,2.02504952849779,0.02634561341897541,0.0,0.0,0.0,107.0,1.0,-0.801187819731007,0.0,0.0,0.0,37.71780698784128,nan,0.0,0.5599782639206542,0.0,0.0,0.0,0.0,0.0,3.0,3.0,nan,0.0,0.0,0.0,0.0,0.0,nan,nan,,,0,0,0,2.9158403873443604,-2,411,True,True,False,"A:1,B:1,ESTOP:0,MODE:1",DRIVE_HEADING,,,,0,,,False,0,UNKNOWN,0.0,False,-9999.0,-1.0,-1.0,False,36.967665708333335,127.873604385,121.73400000000001,2,0.000144,36.967665708333335,127.873604385,4.0,0.06811169338226318,1.0,0.0,0.11222338676452637,0.0,0.04467829600758505,-12.31424309151987,0.0,5.0,0.0,0.49185971764883224,-0.03704106942087457,-0.8698653109642716,-0.0060264509954276214,-0.013404128655316452,-0.008918632477691025,-0.0010995574287564276,-8.5317855,0.4707192,4.8444851
1789045250.093280,9.392,3.0,0.0,3,0,191,2.02504952849779,0.02634561341897541,0.0,0.0,0.0,107.0,1.0,-0.801187819731007,0.0,0.0,0.0,37.71780698784128,nan,0.0,-0.12576969260718712,0.0,0.0,0.0,0.0,0.0,3.0,3.0,nan,0.0,0.0,0.0,0.0,0.0,nan,nan,,,0,0,0,2.8592185974121094,-2,170,True,True,False,"A:1,B:1,ESTOP:0,MODE:1",DRIVE_HEADING,,,,0,,,False,0,UNKNOWN,0.0,False,-9999.0,-1.0,-1.0,False,36.967665708333335,127.873604385,121.73400000000001,2,0.000144,36.967665708333335,127.873604385,4.0,0.09315327358245849,1.0,0.0,0.162306547164917,0.0,0.04467829600758505,-12.31424309151987,0.0,5.0,0.0,0.4921771300181141,-0.03702055375252665,-0.8696863735714238,-0.006063242628703131,0.003298672286269283,-0.005916666164260778,0.005759586531581287,-8.5317855,0.50013915,4.77583855
1789045250.143269,9.442,3.0,0.0,3,0,191,2.02504952849779,0.02634561341897541,0.0,0.0,0.0,107.0,1.0,-0.801187819731007,0.0,0.0,0.0,37.71780698784128,nan,0.0,0.26669584677802727,0.0,0.0,0.0,0.0,0.0,3.0,3.0,nan,0.0,0.0,0.0,0.0,0.0,nan,nan,,,0,0,0,2.8599166870117188,-2,214,True,True,False,"A:1,B:1,ESTOP:0,MODE:1",DRIVE_HEADING,,,,0,,,False,0,UNKNOWN,0.0,False,-9999.0,-1.0,-1.0,False,36.967665695,127.87360433666667,121.745,2,0.000144,36.967665695,127.87360433666667,4.0,0.012,1.0,1.0,0.0,0.0,0.04779500384226734,-12.31424309151987,0.0,5.0,0.0,0.49229669209211946,-0.03704268449017166,-0.8696174011263831,-0.006114093482587301,-0.007173303225696694,0.0016231562043547264,0.0007330382858376184,-8.71811185,0.34323275000000003,5.18771785
1789045250.193157,9.492,3.0,0.0,3,0,191,2.0207506909582733,0.02486135341892355,0.0,0.0,0.0,107.0,1.0,-0.8033499597302429,0.0,0.0,0.0,37.72182405964319,nan,0.0,-0.02126154491552882,0.0,0.0,0.0,0.0,0.0,3.0,3.0,nan,0.0,0.0,0.0,0.0,0.0,nan,nan,,,0,0,0,2.8571889400482178,-2,182,True,True,False,"A:1,B:1,ESTOP:0,MODE:1",DRIVE_HEADING,,,,0,,,False,0,UNKNOWN,0.0,False,-9999.0,-1.0,-1.0,False,36.967665695,127.87360433666667,121.745,2,0.000144,36.967665695,127.87360433666667,4.0,0.03431514453887939,1.0,0.0,0.04463028907775879,0.0,0.04779500384226734,-12.31424309151987,0.0,5.0,0.0,0.4922367813586711,-0.037071210511915975,-0.8696501380789438,-0.006108499661211634,-0.013369222070276564,-0.004799655442984407,0.0021991148575128553,-8.3552658,0.5982056499999999,5.1386845999999995
1789045250.243211,9.542,3.0,0.0,3,0,191,2.0207506909582733,0.02486135341892355,0.0,0.0,0.0,107.0,1.0,-0.8033499597302429,0.0,0.0,0.0,37.72182405964319,nan,0.0,0.06261297817430224,0.0,0.0,0.0,0.0,0.0,3.0,3.0,nan,0.0,0.0,0.0,0.0,0.0,nan,nan,,,0,0,0,2.7996609210968018,-2,170,True,True,False,"A:1,B:1,ESTOP:0,MODE:1",DRIVE_HEADING,,,,0,,,False,0,UNKNOWN,0.0,False,-9999.0,-1.0,-1.0,False,36.967665695,127.87360433666667,121.745,2,0.000144,36.967665695,127.87360433666667,4.0,0.059355175018310544,1.0,0.0,0.0947103500366211,0.0,0.04779500384226734,-12.31424309151987,0.0,5.0,0.0,0.4924418122383325,-0.037042549879096436,-0.8695362146174993,-0.005973485293499083,-0.019634954084936207,0.014014993893514467,-0.012164944886400476,-8.482752249999999,0.4216859499999999,4.6679654
1789045250.293268,9.592,3.0,0.0,3,0,192,2.0207506909582733,0.02486135341892355,0.0,0.0,0.0,107.0,1.0,-0.8033499597302429,0.0,0.0,0.0,37.72182405964319,nan,0.0,-0.7588662477820464,0.0,0.0,0.0,0.0,0.0,3.0,3.0,nan,0.0,0.0,0.0,0.0,0.0,nan,nan,,,0,0,0,2.9222588539123535,-3,175,True,True,False,"A:1,B:1,ESTOP:0,MODE:1",DRIVE_HEADING,,,,0,,,False,0,UNKNOWN,0.0,False,-9999.0,-1.0,-1.0,False,36.967665675,127.873604365,121.757,2,0.00016384,36.967665675,127.873604365,4.0,0.0128,1.0,1.0,0.0,0.0,0.03761508560163923,-12.31424309151987,0.0,5.0,0.0,0.4924868806306897,-0.037010589160811895,-0.8695120717100058,-0.005970414323648941,-0.018971728969178363,0.0008726646259971648,0.0041887902047863905,-8.629852,0.1372931,5.89379665
1789045250.343739,9.643,3.0,0.0,3,0,238,2.023270699781269,0.02263496341884576,0.0,0.0,0.0,107.0,1.0,-0.8051379348467573,0.0,0.0,0.0,37.71898972118139,nan,0.0,0.17777748471351773,0.0,0.0,0.0,0.0,0.0,3.0,3.0,nan,0.0,0.0,0.0,0.0,0.0,nan,nan,,,0,0,0,2.6508054733276367,-3,172,True,True,False,"A:1,B:1,ESTOP:0,MODE:1",DRIVE_HEADING,,,,0,,,False,0,UNKNOWN,0.0,False,-9999.0,-1.0,-1.0,False,36.967665675,127.873604365,121.757,2,0.00016384,36.967665675,127.873604365,4.0,0.0128,1.0,1.0,0.0,0.0,0.03761508560163923,-12.31424309151987,0.0,5.0,0.0,0.4924656991638108,-0.03716039976524814,-0.8695164887425553,-0.006141306148016262,0.0005061454830783556,-0.00932005820564972,0.0006981317007977319,-8.217972699999999,0.8433718999999998,3.1969678999999998
1789045250.393203,9.692,3.0,0.0,3,0,191,2.023270699781269,0.02263496341884576,0.0,0.0,0.0,107.0,1.0,-0.8051379348467573,0.0,0.0,0.0,37.71898972118139,nan,0.0,-0.02217807025590931,0.0,0.0,0.0,0.0,0.0,3.0,3.0,nan,0.0,0.0,0.0,0.0,0.0,nan,nan,,,0,0,0,2.6292665004730225,-2,367,True,True,False,"A:1,B:1,ESTOP:0,MODE:1",DRIVE_HEADING,,,,0,,,False,0,UNKNOWN,0.0,False,-9999.0,-1.0,-1.0,False,36.967665675,127.873604365,121.757,2,0.00016384,36.967665675,127.873604365,4.0,0.047058365631103515,1.0,0.0,0.06851673126220703,0.0,0.03761508560163923,-12.31424309151987,0.0,5.0,0.0,0.4924487359069629,-0.03730568177376193,-0.8695201469365169,-0.006102678307665154,-0.01694714703686494,0.005113814708343385,-0.0023038346126325153,-8.3356525,1.0395048999999998,5.3152043
1789045250.443327,9.742,3.0,0.0,3,0,207,2.023270699781269,0.02263496341884576,0.0,0.0,0.0,107.0,1.0,-0.8051379348467573,0.0,0.0,0.0,37.71898972118139,nan,0.0,-0.1937897141153975,0.0,0.0,0.0,0.0,0.0,3.0,3.0,nan,0.0,0.0,0.0,0.0,0.0,nan,nan,,,0,0,0,2.5765841007232666,-2,172,True,True,False,"A:1,B:1,ESTOP:0,MODE:1",DRIVE_HEADING,,,,0,,,False,0,UNKNOWN,0.0,False,-9999.0,-1.0,-1.0,False,36.967665675,127.873604365,121.757,2,0.00016384,36.967665675,127.873604365,4.0,0.07200660495758057,1.0,0.0,0.11841320991516113,0.0,0.03761508560163923,-12.31424309151987,0.0,5.0,0.0,0.492476834565299,-0.037254072154375095,-0.8695072414379053,-0.00598820603385683,-0.022287854547967587,0.003839724354387525,0.004921828490624009,-8.7671451,0.97085835,5.24655775
1789045250.493144,9.792,3.0,0.0,3,0,191,2.023270699781269,0.02263496341884576,0.0,0.0,0.0,107.0,1.0,-0.8051379348467573,0.0,0.0,0.0,37.71898972118139,nan,0.0,0.21976986531283327,0.0,0.0,0.0,0.0,0.0,3.0,3.0,nan,0.0,0.0,0.0,0.0,0.0,nan,nan,,,0,0,0,2.3422391414642334,-2,181,True,True,False,"A:1,B:1,ESTOP:0,MODE:1",DRIVE_HEADING,,,,0,,,False,0,UNKNOWN,0.0,False,-9999.0,-1.0,-1.0,False,36.967665675,127.873604365,121.757,2,0.00016384,36.967665675,127.873604365,4.0,0.09702768115997315,1.0,0.0,0.1684553623199463,0.0,0.03761508560163923,-12.31424309151987,0.0,5.0,0.0,0.4925011399029168,-0.03733475875282469,-0.8694880663996153,-0.0062646126659320275,0.0026005405854715507,0.0025132741228718345,-0.016598081186466072,-8.757338449999999,0.3334261,3.3734875999999994
1789045250.543092,9.842,0.0,-3.0,3,0,191,2.044468421503147,0.019295378418729078,0.0,0.0,0.0,107.0,1.0,-0.8049936143343764,0.0,0.0,0.0,37.69753055250507,nan,0.0,-1.0112036744177924,0.0,0.0,0.0,0.0,0.0,3.0,3.0,nan,0.0,0.0,0.0,0.0,0.0,nan,nan,,,0,0,0,2.3554511070251465,-2,266,False,True,False,"A:1,B:1,ESTOP:0,MODE:1",DRIVE_HEADING,,,,0,,,False,0,UNKNOWN,0.0,False,-9999.0,-1.0,-1.0,False,36.967665645,127.87360460333333,121.752,2,0.00016384,36.967665645,127.87360460333333,4.0,0.0128,1.0,1.0,0.0,0.0,0.22773369713926842,-12.31424309151987,0.0,5.0,0.0,0.4925093283514521,-0.03743932054811276,-0.8694776979037897,-0.006433631293713025,0.01911135530933791,-0.008796459430051421,-0.0016231562043547264,-8.9240515,-0.12748644999999997,4.9131316499999995
1789045250.593253,9.892,3.0,0.0,0,0,200,2.044468421503147,0.019295378418729078,0.0,0.0,0.0,107.0,1.0,-0.8049936143343764,0.0,0.0,0.0,37.69753055250507,nan,0.0,-0.1528972670689568,0.0,0.0,0.0,0.0,0.0,3.0,3.0,nan,0.0,0.0,0.0,0.0,0.0,nan,nan,,,0,0,0,2.4590306282043457,-2,169,True,True,False,"A:1,B:1,ESTOP:0,MODE:1",DRIVE_HEADING,,,,0,,,False,0,UNKNOWN,0.0,False,-9999.0,-1.0,-1.0,False,36.967665645,127.87360460333333,121.752,2,0.00016384,36.967665645,127.87360460333333,4.0,0.042589209365844725,1.0,0.0,0.05957841873168945,0.0,0.22773369713926842,-12.31424309151987,0.0,5.0,0.0,0.4925188928340546,-0.03752919261812715,-0.8694683662000866,-0.006438950248325373,-0.0412770368096659,-0.010367255756846317,0.01064650843716541,-8.1002929,1.06892485,6.2566427
1789045250.643081,9.942,3.0,0.0,3,0,191,2.044468421503147,0.019295378418729078,0.0,0.0,0.0,107.0,1.0,-0.8049936143343764,0.0,0.0,0.0,37.69753055250507,nan,0.0,0.5490025274651811,0.0,0.0,0.0,0.0,0.0,3.0,3.0,nan,0.0,0.0,0.0,0.0,0.0,nan,nan,,,0,0,0,2.5039069652557373,-3,170,True,True,False,"A:1,B:1,ESTOP:0,MODE:1",DRIVE_HEADING,,,,0,,,False,0,UNKNOWN,0.0,False,-9999.0,-1.0,-1.0,False,36.967665645,127.87360460333333,121.752,2,0.00016384,36.967665645,127.87360460333333,4.0,0.067570827293396,1.0,0.0,0.10954165458679199,0.0,0.22773369713926842,-12.31424309151987,0.0,5.0,0.0,0.49242940878036817,-0.03750205341221104,-0.8695205555470543,-0.0063934997635669635,-0.018256143975860686,0.00312413936106985,-0.005602506898901798,-8.38468575,0.17651969999999997,5.16810455
1789045250.693284,9.992,3.0,0.0,3,0,191,2.044468421503147,0.019295378418729078,0.0,0.0,0.0,107.0,1.0,-0.8049936143343764,0.0,0.0,0.0,37.69753055250507,nan,0.0,-0.38123347758974924,0.0,0.0,0.0,0.0,0.0,3.0,3.0,nan,0.0,0.0,0.0,0.0,0.0,nan,nan,,,0,0,0,2.1445398330688477,-2,267,True,True,False,"A:1,B:1,ESTOP:0,MODE:1",DRIVE_HEADING,,,,0,,,False,0,UNKNOWN,0.0,False,-9999.0,-1.0,-1.0,False,36.967665545,127.873604985,121.756,2,0.000144,36.967665645,127.87360460333333,4.0,0.09255399494171143,1.0,0.0,0.15950798988342285,0.0,0.22773369713926842,-12.31424309151987,0.0,5.0,0.0,0.49231053399981756,-0.03751259679837808,-0.8695877624246187,-0.006345599703862063,-0.031066860685499065,0.0016929693744344998,-0.00020943951023931956,-7.5315072,2.36340265,3.334261
1789045250.743215,10.042,3.0,0.0,3,0,191,2.078414424119656,0.008163430000285233,0.0,0.0,0.0,107.0,1.0,-0.8104697879690761,0.0,0.0,0.0,37.662270899574615,nan,0.0,-0.07208901063456973,0.0,0.0,0.0,0.0,0.0,3.0,3.0,nan,0.0,0.0,0.0,0.0,0.0,nan,nan,,,0,0,0,2.476857900619507,-2,170,True,True,False,"A:1,B:1,ESTOP:0,MODE:1",DRIVE_HEADING,,,,0,,,False,0,UNKNOWN,0.0,False,-9999.0,-1.0,-1.0,False,36.967665545,127.873604985,121.756,2,0.000144,36.967665545,127.873604985,4.0,0.012,1.0,1.0,0.0,0.0,0.5054235984442049,-12.31424309151987,0.0,5.0,0.0,0.4920966212270007,-0.03762614517971906,-0.869702501436336,-0.006538162682621661,0.011309733552923256,-0.011990411961201045,0.0003665191429188092,-7.3157609,-0.00980665,6.6292954
1789045250.793123,10.092,3.0,0.0,3,0,191,2.078414424119656,0.008163430000285233,0.0,0.0,0.0,107.0,1.0,-0.8104697879690761,0.0,0.0,0.0,37.662270899574615,nan,0.0,-0.039010832613300586,0.0,0.0,0.0,0.0,0.0,3.0,3.0,nan,0.0,0.0,0.0,0.0,0.0,nan,nan,,,0,0,0,2.8807058334350586,-3,170,True,True,False,"A:1,B:1,ESTOP:0,MODE:1",DRIVE_HEADING,,,,0,,,False,0,UNKNOWN,0.0,False,-9999.0,-1.0,-1.0,False,36.967665545,127.873604985,121.756,2,0.000144,36.967665545,127.873604985,4.0,0.043176447868347165,1.0,0.0,0.062352895736694336,0.0,0.5054235984442049,-12.31424309151987,0.0,5.0,0.0,0.4922271297923844,-0.037729297108445047,-0.8696229552624233,-0.006698396577017367,0.0003665191429188092,0.009913470151327791,-0.0005585053606381855,-9.1201845,-0.50013915,7.7864801
1789045250.843063,10.142,3.0,0.0,3,0,191,2.078414424119656,0.008163430000285233,0.0,0.0,0.0,107.0,1.0,-0.8104697879690761,0.0,0.0,0.0,37.662270899574615,nan,0.0,-0.09182681094807399,0.0,0.0,0.0,0.0,0.0,3.0,3.0,nan,0.0,0.0,0.0,0.0,0.0,nan,nan,,,0,0,0,2.7775301933288574,-3,169,True,True,False,"A:1,B:1,ESTOP:0,MODE:1",DRIVE_HEADING,,,,0,,,False,0,UNKNOWN,0.0,False,-9999.0,-1.0,-1.0,False,36.967665545,127.873604985,121.756,2,0.000144,36.967665545,127.873604985,4.0,0.06817284774780273,1.0,0.0,0.11234569549560547,0.0,0.5054235984442049,-12.31424309151987,0.0,5.0,0.0,0.49228574229283434,-0.037792841922761077,-0.8695864903894238,-0.006766444176882224,-0.03255039054969425,-0.005253441048502932,0.005166174585903215,-8.659271949999999,0.5491724,4.511059
1789045250.893228,10.192,3.0,0.0,3,0,192,2.078414424119656,0.008163430000285233,0.0,0.0,0.0,107.0,1.0,-0.8104697879690761,0.0,0.0,0.0,37.662270899574615,nan,0.0,0.2357008426738222,0.0,0.0,0.0,0.0,0.0,3.0,3.0,nan,0.0,0.0,0.0,0.0,0.0,nan,nan,,,0,0,0,3.1250433921813965,-2,170,True,True,False,"A:1,B:1,ESTOP:0,MODE:1",DRIVE_HEADING,,,,0,,,False,0,UNKNOWN,0.0,False,-9999.0,-1.0,-1.0,False,36.967665545,127.873604985,121.756,2,0.000144,36.967665545,127.873604985,4.0,0.09317949962615966,1.0,0.0,0.16235899925231934,0.0,0.5054235984442049,-12.31424309151987,0.0,5.0,0.0,0.4921522216346951,-0.03775938095535727,-0.8696630855915425,-0.006821836211730513,-0.008813912722571364,-0.014276793281313614,0.0012915436464758037,-7.7864801,0.4707192,7.305954249999999
1789045250.943082,10.242,3.0,0.0,3,0,194,2.117400444382156,0.0022263900000777906,0.0,0.0,0.0,107.0,1.0,-0.8100020820251905,0.0,0.0,0.0,37.62283574618043,nan,0.0,0.01367344098847452,0.0,0.0,0.0,0.0,0.0,3.0,3.0,nan,0.0,0.0,0.0,0.0,0.0,nan,nan,,,0,0,0,3.0914065837860107,-2,174,True,True,False,"A:1,B:1,ESTOP:0,MODE:1",DRIVE_HEADING,,,,0,,,False,0,UNKNOWN,0.0,False,-9999.0,-1.0,-1.0,False,36.967665491666665,127.87360542333333,121.759,2,0.000144,36.967665491666665,127.87360542333333,4.0,0.012,1.0,1.0,0.0,0.0,0.6768717586567765,-12.31424309151987,0.0,5.0,0.0,0.49226293741295607,-0.037825217799189216,-0.8695968467917667,-0.006912119633570284,0.00010471975511965978,-0.0015707963267948964,-0.005497787143782138,-8.1983594,0.30400615,4.63854545
1789045250.993240,10.292,3.0,0.0,3,0,192,2.117400444382156,0.0022263900000777906,0.0,0.0,0.0,107.0,1.0,-0.8100020820251905,0.0,0.0,0.0,37.62283574618043,nan,0.0,-0.3745759058935024,0.0,0.0,0.0,0.0,0.0,3.0,3.0,nan,0.0,0.0,0.0,0.0,0.0,nan,nan,,,0,0,0,3.21519136428833,-2,181,True,True,False,"A:1,B:1,ESTOP:0,MODE:1",DRIVE_HEADING,,,,0,,,False,0,UNKNOWN,0.0,False,-9999.0,-1.0,-1.0,False,36.967665491666665,127.87360542333333,121.759,2,0.000144,36.967665491666665,127.87360542333333,4.0,0.042561685562133786,1.0,0.0,0.06112337112426758,0.0,0.6768717586567765,-12.31424309151987,0.0,5.0,0.0,0.4922694354597701,-0.037811615519005,-0.8695936508033008,-0.006925830386961589,-0.0013439035240356337,-0.009005898940290741,0.0056374134839416844,-8.69849855,0.06864655,5.913409949999999
1789045251.043258,10.342,0.0,-3.0,3,0,192,2.117400444382156,0.0022263900000777906,0.0,0.0,0.0,107.0,1.0,-0.8100020820251905,0.0,0.0,0.0,37.62283574618043,nan,0.0,0.26289724591828456,0.0,0.0,0.0,0.0,0.0,3.0,3.0,nan,0.0,0.0,0.0,0.0,0.0,nan,nan,,,0,0,0,2.7427639961242676,-3,181,False,True,False,"A:1,B:1,ESTOP:0,MODE:1",DRIVE_HEADING,,,,0,,,False,0,UNKNOWN,0.0,False,-9999.0,-1.0,-1.0,False,36.967665491666665,127.87360542333333,121.759,2,0.000144,36.967665491666665,127.87360542333333,4.0,0.0675415153503418,1.0,0.0,0.1110830307006836,0.0,0.6768717586567765,-12.31424309151987,0.0,5.0,0.0,0.4922598937860593,-0.03794635207697997,-0.8695924539673126,-0.007016789643048211,0.023806290997202658,0.013788101090755204,-0.006370451769779303,-8.0806796,2.06920315,2.4908891
1789045251.093160,10.392,3.0,0.0,0,0,191,2.117400444382156,0.0022263900000777906,0.0,0.0,0.0,107.0,1.0,-0.8100020820251905,0.0,0.0,0.0,37.62283574618043,nan,0.0,-0.42425254857355205,0.0,0.0,0.0,0.0,0.0,3.0,3.0,nan,0.0,0.0,0.0,0.0,0.0,nan,nan,,,0,0,0,2.9177911281585693,-2,213,True,True,False,"A:1,B:1,ESTOP:0,MODE:1",DRIVE_HEADING,,,,0,,,False,0,UNKNOWN,0.0,False,-9999.0,-1.0,-1.0,False,36.967665491666665,127.87360542333333,121.759,2,0.000144,36.967665491666665,127.87360542333333,4.0,0.09256318759918213,1.0,0.0,0.16112637519836426,0.0,0.6768717586567765,-12.31424309151987,0.0,5.0,0.0,0.492393431210815,-0.037995729472645276,-0.8695140147853825,-0.007100108033511594,0.00027925268031909274,0.01546361717266976,0.006457718232379019,-8.24739265,0.26477955,6.14876955
1789045251.143095,10.442,3.0,0.0,3,0,192,2.117400444382156,0.0022263900000777906,0.0,0.0,0.0,107.0,1.0,-0.8100020820251905,0.0,0.0,0.0,37.62283574618043,nan,0.0,0.3101259565235951,0.0,0.0,0.0,0.0,0.0,3.0,3.0,nan,0.0,0.0,0.0,0.0,0.0,nan,nan,,,0,0,0,2.8466038703918457,-2,170,True,True,False,"A:1,B:1,ESTOP:0,MODE:1",DRIVE_HEADING,,,,0,,,False,0,UNKNOWN,0.0,False,-9999.0,-1.0,-1.0,False,36.96766540666667,127.87360568333334,121.746,2,0.000144,36.96766540666667,127.87360568333334,4.0,0.012,1.0,1.0,0.0,0.0,0.5640662337904965,-10.280199199241178,0.0,5.0,0.0,0.4923954932653499,-0.03817939093136817,-0.8695044568372788,-0.007142258759753543,-0.021327923459370707,-0.0029845130209103037,0.001361356816555577,-8.67888525,0.99047165,5.0504247499999995
1789045251.193222,10.492,3.0,0.0,3,0,192,2.140525232864145,-0.007235766313793988,0.0,0.0,0.0,107.0,1.0,-0.8155864964439158,0.0,0.0,0.0,37.59852621004228,nan,0.0,0.018089704610547923,0.0,0.0,0.0,0.0,0.0,3.0,3.0,nan,0.0,0.0,0.0,0.0,0.0,nan,nan,,,0,0,0,3.016915798187256,-2,173,True,True,False,"A:1,B:1,ESTOP:0,MODE:1",DRIVE_HEADING,,,,0,,,False,0,UNKNOWN,0.0,False,-9999.0,-1.0,-1.0,False,36.96766540666667,127.87360568333334,121.746,2,0.000144,36.96766540666667,127.87360568333334,4.0,0.039030467987060544,1.0,0.0,0.054060935974121094,0.0,0.5640662337904965,-10.280199199241178,0.0,5.0,0.0,0.49226465865716834,-0.03814522946439319,-0.8695799638870755,-0.00715078404112655,-0.01137954672300303,-0.000767944870877505,0.003926990816987242,-8.5317855,0.9120184499999999,6.6292954
1789045251.243194,10.542,3.0,0.0,3,0,191,2.140525232864145,-0.007235766313793988,0.0,0.0,0.0,107.0,1.0,-0.8155864964439158,0.0,0.0,0.0,37.59852621004228,nan,0.0,0.16475952520132683,0.0,0.0,0.0,0.0,0.0,3.0,3.0,nan,0.0,0.0,0.0,0.0,0.0,nan,nan,,,0,0,0,2.8977882862091064,-3,169,True,True,False,"A:1,B:1,ESTOP:0,MODE:1",DRIVE_HEADING,,,,0,,,False,0,UNKNOWN,0.0,False,-9999.0,-1.0,-1.0,False,36.96766540666667,127.87360568333334,121.746,2,0.000144,36.96766540666667,127.87360568333334,4.0,0.0639644021987915,1.0,0.0,0.10392880439758301,0.0,0.5640662337904965,-10.280199199241178,0.0,5.0,0.0,0.49218649066170445,-0.03824621071986409,-0.8696202221125112,-0.00709613054238091,-0.022113321622768155,0.006161012259539983,-6.981317007977319e-05,-7.84532,1.0983448,4.2855060499999995
1789045251.293088,10.592,3.0,0.0,3,0,191,2.140525232864145,-0.007235766313793988,0.0,0.0,0.0,107.0,1.0,-0.8155864964439158,0.0,0.0,0.0,37.59852621004228,nan,0.0,-0.06411199384907583,0.0,0.0,0.0,0.0,0.0,3.0,3.0,nan,0.0,0.0,0.0,0.0,0.0,nan,nan,,,0,0,0,3.089588165283203,-3,169,True,True,False,"A:1,B:1,ESTOP:0,MODE:1",DRIVE_HEADING,,,,0,,,False,0,UNKNOWN,0.0,False,-9999.0,-1.0,-1.0,False,36.96766534,127.87360602166666,121.74,2,0.000144,36.96766534,127.87360602166666,4.0,0.012,1.0,1.0,0.0,0.0,0.5132123403864938,-10.280199199241178,0.0,5.0,0.0,0.4921572210096748,-0.03819382286495421,-0.8696394406833926,-0.007053007221794454,0.00952949771588904,0.004921828490624009,-0.003159045946109736,-8.0022264,-0.1372931,5.913409949999999
1789045251.343120,10.642,3.0,0.0,3,0,191,2.170617103224367,-0.014657065523080734,0.0,0.0,0.0,107.0,1.0,-0.8180265877414715,0.0,0.0,0.0,37.56764913379452,nan,0.0,-0.24062976986137768,0.0,0.0,0.0,0.0,0.0,3.0,3.0,nan,0.0,0.0,0.0,0.0,0.0,nan,nan,,,0,0,0,3.224282741546631,-3,169,True,True,False,"A:1,B:1,ESTOP:0,MODE:1",DRIVE_HEADING,,,,0,,,False,0,UNKNOWN,0.0,False,-9999.0,-1.0,-1.0,False,36.96766534,127.87360602166666,121.74,2,0.000144,36.96766534,127.87360602166666,4.0,0.012,1.0,1.0,0.0,0.0,0.5132123403864938,-10.280199199241178,0.0,5.0,0.0,0.49214196925444464,-0.038243519647743626,-0.8696457142151375,-0.007074394006076276,-0.016458454846306526,-0.005026548245743669,0.005899212871740834,-8.09048625,0.2745862,5.776116849999999
1789045251.393174,10.692,3.0,0.0,3,0,192,2.170617103224367,-0.014657065523080734,0.0,0.0,0.0,107.0,1.0,-0.8180265877414715,0.0,0.0,0.0,37.56764913379452,nan,0.0,0.27781348967834507,0.0,0.0,0.0,0.0,0.0,3.0,3.0,nan,0.0,0.0,0.0,0.0,0.0,nan,nan,,,0,0,0,3.3407649993896484,-2,169,True,True,False,"A:1,B:1,ESTOP:0,MODE:1",DRIVE_HEADING,,,,0,,,False,0,UNKNOWN,0.0,False,-9999.0,-1.0,-1.0,False,36.96766534,127.87360602166666,121.74,2,0.000144,36.96766534,127.87360602166666,4.0,0.046768223762512204,1.0,0.0,0.06953644752502441,0.0,0.5132123403864938,-10.280199199241178,0.0,5.0,0.0,0.4920614181413324,-0.03815555775279836,-0.869693756828461,-0.007244551256746123,0.006544984694978736,-0.0071907565182166375,-0.002897246558310587,-8.2768126,0.48052585,5.864376699999999
1789045251.443097,10.742,3.0,0.0,3,0,239,2.170617103224367,-0.014657065523080734,0.0,0.0,0.0,107.0,1.0,-0.8180265877414715,0.0,0.0,0.0,37.56764913379452,nan,0.0,-0.2257341373010116,0.0,0.0,0.0,0.0,0.0,3.0,3.0,nan,0.0,0.0,0.0,0.0,0.0,nan,nan,,,0,0,0,3.430194616317749,-3,170,True,True,False,"A:1,B:1,ESTOP:0,MODE:1",DRIVE_HEADING,,,,0,,,False,0,UNKNOWN,0.0,False,-9999.0,-1.0,-1.0,False,36.96766534,127.87360602166666,121.74,2,0.000144,36.96766534,127.87360602166666,4.0,0.07175425243377685,1.0,0.0,0.11950850486755371,0.0,0.5132123403864938,-10.280199199241178,0.0,5.0,0.0,0.49204615291877263,-0.03820525070173614,-0.8697000335454137,-0.007265938876680582,-0.0006806784082777885,-0.0028099800957108708,0.004328416544945937,-8.16893945,0.392266,5.570177199999999
1789045251.493252,10.792,3.0,0.0,3,0,192,2.170617103224367,-0.014657065523080734,0.0,0.0,0.0,107.0,1.0,-0.8180265877414715,0.0,0.0,0.0,37.56764913379452,nan,0.0,0.1878893309735904,0.0,0.0,0.0,0.0,0.0,3.0,3.0,nan,0.0,0.0,0.0,0.0,0.0,nan,nan,,,0,0,0,3.4536819458007812,-3,171,True,True,False,"A:1,B:1,ESTOP:0,MODE:1",DRIVE_HEADING,,,,0,,,False,0,UNKNOWN,0.0,False,-9999.0,-1.0,-1.0,False,36.967665276666665,127.873606185,121.746,2,0.000144,36.967665276666665,127.873606185,4.0,0.012,1.0,1.0,0.0,0.0,0.4332713883207943,-10.280199199241178,0.0,5.0,0.0,0.4917078285214155,-0.03825761158441247,-0.8698895346478894,-0.007208608512670276,0.005148721293383272,-0.007871434926494426,0.0029321531433504737,-8.433719,0.37265269999999995,5.2563644
1789045251.543257,10.842,0.0,-3.0,3,0,197,2.1851442140994544,-0.02170730052332707,0.0,0.0,0.0,107.0,1.0,-0.8226261470125645,0.0,0.0,0.0,37.55220777226684,nan,0.0,0.10767355231164324,0.0,0.0,0.0,0.0,0.0,3.0,3.0,nan,0.0,0.0,0.0,0.0,0.0,nan,nan,,,0,0,0,3.191776752471924,-3,169,False,True,False,"A:1,B:1,ESTOP:0,MODE:1",DRIVE_HEADING,,,,0,,,False,0,UNKNOWN,0.0,False,-9999.0,-1.0,-1.0,False,36.967665276666665,127.873606185,121.746,2,0.000144,36.967665276666665,127.873606185,4.0,0.012,1.0,1.0,0.0,0.0,0.4332713883207943,-10.280199199241178,0.0,5.0,0.0,0.49175595244270953,-0.03829561175376135,-0.8698608691397423,-0.007183153696031196,-0.01408480706359424,-0.0062482787221397,0.01207767842380076,-7.83551335,1.1964112999999998,3.34406765
1789045251.593128,10.892,3.0,0.0,0,0,191,2.1851442140994544,-0.02170730052332707,0.0,0.0,0.0,107.0,1.0,-0.8226261470125645,0.0,0.0,0.0,37.55220777226684,nan,0.0,0.6304102052070198,0.0,0.0,0.0,0.0,0.0,3.0,3.0,nan,0.0,0.0,0.0,0.0,0.0,nan,nan,,,0,0,0,3.224416971206665,-3,214,True,True,False,"A:1,B:1,ESTOP:0,MODE:1",DRIVE_HEADING,,,,0,,,False,0,UNKNOWN,0.0,False,-9999.0,-1.0,-1.0,False,36.967665276666665,127.873606185,121.746,2,0.000144,36.967665276666665,127.873606185,4.0,0.04411581707000732,1.0,0.0,0.06423163414001465,0.0,0.4332713883207943,-10.280199199241178,0.0,5.0,0.0,0.4918307172837684,-0.03827050438275678,-0.86981958489246,-0.00719748344435062,0.004136430327226561,0.0006283185307179586,0.010786134777324957,-8.26700595,0.196133,5.12887795
1789045251.643069,10.942,3.0,0.0,3,0,192,2.1851442140994544,-0.02170730052332707,0.0,0.0,0.0,107.0,1.0,-0.8226261470125645,0.0,0.0,0.0,37.55220777226684,nan,0.0,0.5552973847966058,0.0,0.0,0.0,0.0,0.0,3.0,3.0,nan,0.0,0.0,0.0,0.0,0.0,nan,nan,,,0,0,0,3.2084896564483643,-3,170,True,True,False,"A:1,B:1,ESTOP:0,MODE:1",DRIVE_HEADING,,,,0,,,False,0,UNKNOWN,0.0,False,-9999.0,-1.0,-1.0,False,36.967665276666665,127.873606185,121.746,2,0.000144,36.967665276666665,127.873606185,4.0,0.06908718299865722,1.0,0.0,0.11417436599731445,0.0,0.4332713883207943,-10.280199199241178,0.0,5.0,0.0,0.492559602645249,-0.038297579160084715,-0.8694053929492841,-0.007252308813923896,-0.013700834628155488,-0.01546361717266976,-0.005393067388662479,-8.502365549999999,0.8629851999999999,5.24655775
1789045251.693085,10.992,3.0,0.0,3,0,191,2.1851442140994544,-0.02170730052332707,0.0,0.0,0.0,107.0,1.0,-0.8226261470125645,0.0,0.0,0.0,37.55220777226684,nan,0.0,-0.3709592099729873,0.0,0.0,0.0,0.0,0.0,3.0,3.0,nan,0.0,0.0,0.0,0.0,0.0,nan,nan,,,0,0,0,3.515876293182373,-3,170,True,True,False,"A:1,B:1,ESTOP:0,MODE:1",DRIVE_HEADING,,,,0,,,False,0,UNKNOWN,0.0,False,-9999.0,-1.0,-1.0,False,36.96766524,127.87360629333334,121.738,2,0.000144,36.96766524,127.87360629333334,4.0,0.012,1.0,1.0,0.0,0.0,0.2381335707033288,-10.280199199241178,0.0,5.0,0.0,0.49247203692291897,-0.038115933728543286,-0.8694619606631698,-0.007373425577646267,-0.005707226654021458,-0.02579596634447619,-0.0029146998508305304,-8.659271949999999,0.20593965,7.266727649999999
1789045251.743096,11.042,3.0,0.0,3,0,191,2.1947795428442722,-0.02578901473249713,0.0,0.0,0.0,107.0,1.0,-0.8250902912870159,0.0,0.0,0.0,37.54205807135843,nan,0.0,-0.2285012915530413,0.0,0.0,0.0,0.0,0.0,3.0,3.0,nan,0.0,0.0,0.0,0.0,0.0,nan,nan,,,0,0,0,3.3689794540405273,-3,170,True,True,False,"A:1,B:1,ESTOP:0,MODE:1",DRIVE_HEADING,,,,0,,,False,0,UNKNOWN,0.0,False,-9999.0,-1.0,-1.0,False,36.96766524,127.87360629333334,121.738,2,0.000144,36.96766524,127.87360629333334,4.0,0.012,1.0,1.0,0.0,0.0,0.2381335707033288,-10.280199199241178,0.0,5.0,0.0,0.49250382134682924,-0.03814913223680364,-0.8694425770099558,-0.007364438243096162,-0.027296949501191315,0.0009599310885968813,-0.002548180707911721,-8.3748791,0.50013915,4.08937305
1789045251.793032,11.092,3.0,0.0,3,0,191,2.1947795428442722,-0.02578901473249713,0.0,0.0,0.0,107.0,1.0,-0.8250902912870159,0.0,0.0,0.0,37.54205807135843,nan,0.0,-0.20708628896993525,0.0,0.0,0.0,0.0,0.0,3.0,3.0,nan,0.0,0.0,0.0,0.0,0.0,nan,nan,,,0,0,0,3.337104558944702,-3,170,True,True,False,"A:1,B:1,ESTOP:0,MODE:1",DRIVE_HEADING,,,,0,,,False,0,UNKNOWN,0.0,False,-9999.0,-1.0,-1.0,False,36.96766524,127.87360629333334,121.738,2,0.000144,36.96766524,127.87360629333334,4.0,0.04565671634674072,1.0,0.0,0.06731343269348145,0.0,0.2381335707033288,-10.280199199241178,0.0,5.0,0.0,0.4924350917252294,-0.03811277031878504,-0.8694832035931213,-0.007352268060623994,-0.01207767842380076,-0.00027925268031909274,0.0019024088846738192,-8.217972699999999,0.81395195,4.95235825
1789045251.843314,11.142,3.0,0.0,3,0,192,2.1947795428442722,-0.02578901473249713,0.0,0.0,0.0,107.0,1.0,-0.8250902912870159,0.0,0.0,0.0,37.54205807135843,nan,0.0,0.04781788360800462,0.0,0.0,0.0,0.0,0.0,3.0,3.0,nan,0.0,0.0,0.0,0.0,0.0,nan,nan,,,0,0,0,3.4433491230010986,-3,169,True,True,False,"A:1,B:1,ESTOP:0,MODE:1",DRIVE_HEADING,,,,0,,,False,0,UNKNOWN,0.0,False,-9999.0,-1.0,-1.0,False,36.96766524,127.87360629333334,121.738,2,0.000144,36.96766524,127.87360629333334,4.0,0.07064608287811279,1.0,0.0,0.11729216575622559,0.0,0.2381335707033288,-10.280199199241178,0.0,5.0,0.0,0.4921423543905173,-0.03806974909588821,-0.8696504865986873,-0.007391101230603842,-0.0043982297150257105,-0.017523105690023067,0.0010122909661567112,-8.0218397,0.3334261,5.570177199999999
1789045251.893185,11.192,3.0,0.0,3,0,192,2.1947795428442722,-0.02578901473249713,0.0,0.0,0.0,107.0,1.0,-0.8250902912870159,0.0,0.0,0.0,37.54205807135843,nan,0.0,-0.003175752159211391,0.0,0.0,0.0,0.0,0.0,3.0,3.0,nan,0.0,0.0,0.0,0.0,0.0,nan,nan,,,0,0,0,3.5235016345977783,-3,174,True,True,False,"A:1,B:1,ESTOP:0,MODE:1",DRIVE_HEADING,,,,0,,,False,0,UNKNOWN,0.0,False,-9999.0,-1.0,-1.0,False,36.96766524,127.87360629333334,121.738,2,0.000144,36.96766524,127.87360629333334,4.0,0.09564152908325195,1.0,0.0,0.1672830581665039,0.0,0.2381335707033288,-10.280199199241178,0.0,5.0,0.0,0.49176466915983263,-0.03803752477356239,-0.8698649902377,-0.0074535651863379855,-0.005375614096142535,0.0005235987755982988,-0.0015882496193148398,-8.2964259,0.4118793,5.599597149999999
1789045251.943179,11.242,3.0,0.0,3,0,192,2.2023395693132577,-0.0337669118372896,0.0,0.0,0.0,107.0,1.0,-0.8317357320080098,0.0,0.0,0.0,37.533358538783126,nan,0.0,-0.15187140065489296,0.0,0.0,0.0,0.0,0.0,3.0,3.0,nan,0.0,0.0,0.0,0.0,0.0,nan,nan,,,0,0,0,3.5622355937957764,-3,170,True,True,False,"A:1,B:1,ESTOP:0,MODE:1",DRIVE_HEADING,,,,0,,,False,0,UNKNOWN,0.0,False,-9999.0,-1.0,-1.0,False,36.96766516833333,127.87360637833333,121.748,2,0.000144,36.96766516833333,127.87360637833333,4.0,0.012,1.0,1.0,0.0,0.0,0.18779376982325927,-10.280199199241178,0.0,5.0,0.0,0.491726374449132,-0.03805152711405205,-0.8698859470920964,-0.007462774757894707,0.002234021442552742,-0.0016406094968746698,-0.0011519173063162576,-8.208166049999999,0.6668522,5.38385085
1789045251.993176,11.292,3.0,0.0,3,0,191,2.2023395693132577,-0.0337669118372896,0.0,0.0,0.0,107.0,1.0,-0.8317357320080098,0.0,0.0,0.0,37.533358538783126,nan,0.0,-0.1266176578535832,0.0,0.0,0.0,0.0,0.0,3.0,3.0,nan,0.0,0.0,0.0,0.0,0.0,nan,nan,,,0,0,0,3.618013620376587,-3,199,True,True,False,"A:1,B:1,ESTOP:0,MODE:1",DRIVE_HEADING,,,,0,,,False,0,UNKNOWN,0.0,False,-9999.0,-1.0,-1.0,False,36.96766516833333,127.87360637833333,121.748,2,0.000144,36.96766516833333,127.87360637833333,4.0,0.04275325489044189,1.0,0.0,0.06150650978088379,0.0,0.18779376982325927,-10.280199199241178,0.0,5.0,0.0,0.4916642005600992,-0.038027521840063416,-0.8699220428293796,-0.007474012969043261,-0.0014835298641951802,-0.004258603374866164,0.0044156830075456534,-8.3356525,0.35303939999999995,5.42307745
1789045252.043149,11.342,0.0,-3.0,3,0,191,2.2023395693132577,-0.0337669118372896,0.0,0.0,0.0,107.0,1.0,-0.8317357320080098,0.0,0.0,0.0,37.533358538783126,nan,0.0,0.19199757746212398,0.0,0.0,0.0,0.0,0.0,3.0,3.0,nan,0.0,0.0,0.0,0.0,0.0,nan,nan,,,0,0,0,3.6288630962371826,-3,173,False,True,False,"A:1,B:1,ESTOP:0,MODE:1",DRIVE_HEADING,,,,0,,,False,0,UNKNOWN,0.0,False,-9999.0,-1.0,-1.0,False,36.96766516833333,127.87360637833333,121.748,2,0.000144,36.96766516833333,127.87360637833333,4.0,0.06775776100158691,1.0,0.0,0.11151552200317383,0.0,0.18779376982325927,-10.280199199241178,0.0,5.0,0.0,0.4916749071482338,-0.038030304165720646,-0.8699151736006367,-0.0075546267420857904,0.0015882496193148398,0.0021991148575128553,0.003560471674068432,-8.7279185,0.1569064,5.2367511
1789045252.093163,11.392,3.0,0.0,0,0,192,2.2023395693132577,-0.0337669118372896,0.0,0.0,0.0,107.0,1.0,-0.8317357320080098,0.0,0.0,0.0,37.533358538783126,nan,0.0,0.1427115823071997,0.0,0.0,0.0,0.0,0.0,3.0,3.0,nan,0.0,0.0,0.0,0.0,0.0,nan,nan,,,0,0,0,3.443190574645996,-3,171,True,True,False,"A:1,B:1,ESTOP:0,MODE:1",DRIVE_HEADING,,,,0,,,False,0,UNKNOWN,0.0,False,-9999.0,-1.0,-1.0,False,36.96766516833333,127.87360637833333,121.748,2,0.000144,36.96766516833333,127.87360637833333,4.0,0.09276894283294677,1.0,0.0,0.16153788566589355,0.0,0.18779376982325927,-10.280199199241178,0.0,5.0,0.0,0.491789672742995,-0.03813815838189948,-0.8698452592303285,-0.007591024509087899,-0.008604473212332044,0.000296705972839036,0.003612831551628262,-8.6886919,0.5982056499999999,4.0599530999999995
1789045252.143286,11.442,3.0,0.0,3,0,192,2.2023395693132577,-0.0337669118372896,0.0,0.0,0.0,107.0,1.0,-0.8317357320080098,0.0,0.0,0.0,37.533358538783126,nan,0.0,0.14542015914258533,0.0,0.0,0.0,0.0,0.0,3.0,3.0,nan,0.0,0.0,0.0,0.0,0.0,nan,nan,,,0,0,0,3.421199083328247,-3,199,True,True,False,"A:1,B:1,ESTOP:0,MODE:1",DRIVE_HEADING,,,,0,,,False,0,UNKNOWN,0.0,False,-9999.0,-1.0,-1.0,False,36.967665231666665,127.873606355,121.742,2,0.000144,36.967665231666665,127.873606355,4.0,0.012,1.0,1.0,0.0,0.0,0.04829897733429538,-10.280199199241178,0.0,5.0,0.0,0.49188208936476535,-0.03816804769866715,-0.8697917333210362,-0.007586233809519508,-0.010140362954087054,-0.0069638637154573755,0.0016755160819145565,-8.669078599999999,0.5491724,5.1582979
1789045252.193165,11.492,3.0,0.0,3,0,192,2.2002642683013596,-0.02671667762801582,0.0,0.0,0.0,107.0,1.0,-0.8251156815054155,0.0,0.0,0.0,37.536495896023396,nan,0.0,0.03435131882430016,0.0,0.0,0.0,0.0,0.0,3.0,3.0,nan,0.0,0.0,0.0,0.0,0.0,nan,nan,,,0,0,0,3.4182121753692627,-2,169,True,True,False,"A:1,B:1,ESTOP:0,MODE:1",DRIVE_HEADING,,,,0,,,False,0,UNKNOWN,0.0,False,-9999.0,-1.0,-1.0,False,36.967665231666665,127.873606355,121.742,2,0.000144,36.967665231666665,127.873606355,4.0,0.03838411521911621,1.0,0.0,0.05276823043823242,0.0,0.04829897733429538,-10.280199199241178,0.0,5.0,0.0,0.49189112834926646,-0.03810161371841414,-0.8697899887220024,-0.007533949981049361,-0.02129301687433082,0.003909537524467298,0.00027925268031909274,-8.159132799999998,0.93163175,5.20733115
1789045252.243141,11.542,3.0,0.0,3,0,191,2.2002642683013596,-0.02671667762801582,0.0,0.0,0.0,107.0,1.0,-0.8251156815054155,0.0,0.0,0.0,37.536495896023396,nan,0.0,-0.04555738381334844,0.0,0.0,0.0,0.0,0.0,3.0,3.0,nan,0.0,0.0,0.0,0.0,0.0,nan,nan,,,0,0,0,3.513979911804199,-3,170,True,True,False,"A:1,B:1,ESTOP:0,MODE:1",DRIVE_HEADING,,,,0,,,False,0,UNKNOWN,0.0,False,-9999.0,-1.0,-1.0,False,36.967665231666665,127.873606355,121.742,2,0.000144,36.967665231666665,127.873606355,4.0,0.06337240886688232,1.0,0.0,0.10274481773376465,0.0,0.04829897733429538,-10.280199199241178,0.0,5.0,0.0,0.4915467298255101,-0.03810660839232177,-0.869985351433605,-0.007428801089549315,-0.0010122909661567112,0.010210176124166827,-0.006230825429619756,-8.01203305,0.53936575,5.619210449999999
1789045252.293300,11.592,3.0,0.0,3,0,191,2.2002642683013596,-0.02671667762801582,0.0,0.0,0.0,107.0,1.0,-0.8251156815054155,0.0,0.0,0.0,37.536495896023396,nan,0.0,-0.41772026904572174,0.0,0.0,0.0,0.0,0.0,3.0,3.0,nan,0.0,0.0,0.0,0.0,0.0,nan,nan,,,0,0,0,3.545407295227051,-3,170,True,True,False,"A:1,B:1,ESTOP:0,MODE:1",DRIVE_HEADING,,,,0,,,False,0,UNKNOWN,0.0,False,-9999.0,-1.0,-1.0,False,36.967665231666665,127.873606355,121.742,2,0.000144,36.967665231666665,127.873606355,4.0,0.08837786865234375,1.0,0.0,0.1527557373046875,0.0,0.04829897733429538,-10.280199199241178,0.0,5.0,0.0,0.49153980522276686,-0.03806478330879926,-0.8699913468590398,-0.007399225879274423,-0.002356194490192345,-0.001832595714594046,0.002129301687433082,-8.404299049999999,0.18632634999999997,5.20733115
1789045252.343135,11.642,3.0,0.0,3,0,192,2.198040730509807,-0.02764433973256196,0.0,0.0,0.0,107.0,1.0,-0.826391851712653,0.0,0.0,0.0,37.53854975456588,nan,0.0,0.06115717149236971,0.0,0.0,0.0,0.0,0.0,3.0,3.0,nan,0.0,0.0,0.0,0.0,0.0,nan,nan,,,0,0,0,3.5124568939208984,-3,169,True,True,False,"A:1,B:1,ESTOP:0,MODE:1",DRIVE_HEADING,,,,0,,,False,0,UNKNOWN,0.0,False,-9999.0,-1.0,-1.0,False,36.967665223333334,127.87360633,121.746,2,0.000144,36.967665223333334,127.87360633,4.0,0.012,1.0,1.0,0.0,0.0,0.06752935631391582,-10.280199199241178,0.0,5.0,0.0,0.4915101759449526,-0.03815891978266299,-0.8700037563134104,-0.0074234617354796105,-0.0016057029118347831,-0.0079412480965742,0.00022689280275926284,-8.46313895,0.8825985,5.14849125
1789045252.393160,11.692,3.0,0.0,3,0,191,2.198040730509807,-0.02764433973256196,0.0,0.0,0.0,107.0,1.0,-0.826391851712653,0.0,0.0,0.0,37.53854975456588,nan,0.0,-0.047747142850615036,0.0,0.0,0.0,0.0,0.0,3.0,3.0,nan,0.0,0.0,0.0,0.0,0.0,nan,nan,,,0,0,0,3.5764710903167725,-3,173,True,True,False,"A:1,B:1,ESTOP:0,MODE:1",DRIVE_HEADING,,,,0,,,False,0,UNKNOWN,0.0,False,-9999.0,-1.0,-1.0,False,36.967665223333334,127.87360633,121.746,2,0.000144,36.967665223333334,127.87360633,4.0,0.043399488449096676,1.0,0.0,0.06279897689819336,0.0,0.06752935631391582,-10.280199199241178,0.0,5.0,0.0,0.4913158933166178,-0.038102466264136575,-0.8701156043376186,-0.007465261366157588,0.00471238898038469,-0.0019373154697137059,0.00874409955249159,-8.16893945,0.40207265,5.42307745
1789045252.443269,11.742,3.0,0.0,3,0,217,2.198040730509807,-0.02764433973256196,0.0,0.0,0.0,107.0,1.0,-0.826391851712653,0.0,0.0,0.0,37.53854975456588,nan,0.0,0.4393723514350862,0.0,0.0,0.0,0.0,0.0,3.0,3.0,nan,0.0,0.0,0.0,0.0,0.0,nan,nan,,,0,0,0,3.6059842109680176,-2,171,True,True,False,"A:1,B:1,ESTOP:0,MODE:1",DRIVE_HEADING,,,,0,,,False,0,UNKNOWN,0.0,False,-9999.0,-1.0,-1.0,False,36.967665223333334,127.87360633,121.746,2,0.000144,36.967665223333334,127.87360633,4.0,0.06841210079193115,1.0,0.0,0.1128242015838623,0.0,0.06752935631391582,-10.280199199241178,0.0,5.0,0.0,0.49131311318283966,-0.038095035804979666,-0.8701182477322535,-0.007377535154514534,-0.010978120995044333,-0.013735741213195374,0.0012566370614359172,-8.325845849999999,0.46091255,5.295591
1789045252.493315,11.792,3.0,0.0,3,0,192,2.198040730509807,-0.02764433973256196,0.0,0.0,0.0,107.0,1.0,-0.826391851712653,0.0,0.0,0.0,37.53854975456588,nan,0.0,0.010351606732216016,0.0,0.0,0.0,0.0,0.0,3.0,3.0,nan,0.0,0.0,0.0,0.0,0.0,nan,nan,,,0,0,0,3.5857951641082764,-3,169,True,True,False,"A:1,B:1,ESTOP:0,MODE:1",DRIVE_HEADING,,,,0,,,False,0,UNKNOWN,0.0,False,-9999.0,-1.0,-1.0,False,36.967665251666666,127.8736063,121.742,2,0.000144,36.967665223333334,127.87360633,4.0,0.09340695095062256,1.0,0.0,0.16281390190124512,0.0,0.06752935631391582,-10.280199199241178,0.0,5.0,0.0,0.4913157076510101,-0.038068328803418365,-0.8701184284852367,-0.007321076962028331,-0.010786134777324957,-0.005131268000863329,-0.000296705972839036,-8.0806796,0.4707192,4.81506515
1789045252.543187,11.842,0.0,-3.0,3,0,191,2.1953724861710904,-0.02449028762793803,0.0,0.0,0.0,107.0,1.0,-0.8237125620102327,0.0,0.0,0.0,37.54167257745372,nan,0.0,-0.07849109648124841,0.0,0.0,0.0,0.0,0.0,3.0,3.0,nan,0.0,0.0,0.0,0.0,0.0,nan,nan,,,0,0,0,3.549626588821411,-3,174,False,True,False,"A:1,B:1,ESTOP:0,MODE:1",DRIVE_HEADING,,,,0,,,False,0,UNKNOWN,0.0,False,-9999.0,-1.0,-1.0,False,36.967665251666666,127.8736063,121.742,2,0.000144,36.967665251666666,127.8736063,4.0,0.012,1.0,1.0,0.0,0.0,0.049767437878140044,-10.280199199241178,0.0,5.0,0.0,0.4914867956099614,-0.03802649148796258,-0.8700231552045309,-0.007377336519407744,-0.004642575810304917,-0.006946410422937432,0.007487462491055674,-8.502365549999999,0.3138128,4.85429175
1789045252.593334,11.892,3.0,0.0,0,0,284,2.1953724861710904,-0.02449028762793803,0.0,0.0,0.0,107.0,1.0,-0.8237125620102327,0.0,0.0,0.0,37.54167257745372,nan,0.0,0.3667738857117141,0.0,0.0,0.0,0.0,0.0,3.0,3.0,nan,0.0,0.0,0.0,0.0,0.0,nan,nan,,,0,0,0,3.492842435836792,-2,339,True,True,False,"A:1,B:1,ESTOP:0,MODE:1",DRIVE_HEADING,,,,0,,,False,0,UNKNOWN,0.0,False,-9999.0,-1.0,-1.0,False,36.967665251666666,127.8736063,121.742,2,0.000144,36.967665251666666,127.8736063,4.0,0.04398623657226562,1.0,0.0,0.06397247314453125,0.0,0.049767437878140044,-10.280199199241178,0.0,5.0,0.0,0.49173313026483684,-0.03812643614601946,-0.8698795884117572,-0.007375983415121096,-0.012514010736799343,0.0029670597283903604,0.005532693728822024,-8.73772515,0.63743225,5.0013914999999995
1789045252.643269,11.942,3.0,0.0,3,0,192,2.1953724861710904,-0.02449028762793803,0.0,0.0,0.0,107.0,1.0,-0.8237125620102327,0.0,0.0,0.0,37.54167257745372,nan,0.0,0.2542643379402907,0.0,0.0,0.0,0.0,0.0,3.0,3.0,nan,0.0,0.0,0.0,0.0,0.0,nan,nan,,,0,0,0,3.4320268630981445,-2,170,True,True,False,"A:1,B:1,ESTOP:0,MODE:1",DRIVE_HEADING,,,,0,,,False,0,UNKNOWN,0.0,False,-9999.0,-1.0,-1.0,False,36.967665251666666,127.8736063,121.742,2,0.000144,36.967665251666666,127.8736063,4.0,0.06899694156646728,1.0,0.0,0.11399388313293457,0.0,0.049767437878140044,-10.280199199241178,0.0,5.0,0.0,0.4918803421706541,-0.0381242477342076,-0.8697968162932306,-0.007332740752354766,-0.012618730491919002,-0.008220500776893291,0.00010471975511965978,-8.502365549999999,0.6080123,4.8248717999999995
1789045252.693248,11.992,3.0,0.0,3,0,191,2.1953724861710904,-0.02449028762793803,0.0,0.0,0.0,107.0,1.0,-0.8237125620102327,0.0,0.0,0.0,37.54167257745372,nan,0.0,-0.05662219073558994,0.0,0.0,0.0,0.0,0.0,3.0,3.0,nan,0.0,0.0,0.0,0.0,0.0,nan,nan,,,0,0,0,3.75050687789917,-2,169,True,True,False,"A:1,B:1,ESTOP:0,MODE:1",DRIVE_HEADING,,,,0,,,False,0,UNKNOWN,0.0,False,-9999.0,-1.0,-1.0,False,36.96766526166667,127.87360630333333,121.748,2,0.000144,36.96766526166667,127.87360630333333,4.0,0.012,1.0,1.0,0.0,0.0,0.044510922114311964,-10.280199199241178,0.0,5.0,0.0,0.49192516101322636,-0.03798804497475247,-0.8697777764891129,-0.00729135973342725,-0.031869712141416456,-0.0079412480965742,-0.0006632251157578452,-8.757338449999999,-0.18632634999999997,7.22750105
1789045252.743319,12.042,3.0,0.0,3,0,192,2.1956689572025327,-0.023377092627899138,0.0,0.0,0.0,107.0,1.0,-0.8225660130786592,0.0,0.0,0.0,37.5415514236919,nan,0.0,-0.10042094635411875,0.0,0.0,0.0,0.0,0.0,3.0,3.0,nan,0.0,0.0,0.0,0.0,0.0,nan,nan,,,1,0,1,3.7710695266723633,-2,170,True,True,False,"A:1,B:1,ESTOP:0,MODE:1",DRIVE_HEADING,,,,0,,,False,0,UNKNOWN,0.0,False,-9999.0,-1.0,-1.0,False,36.96766526166667,127.87360630333333,121.748,2,0.000144,36.96766526166667,127.87360630333333,4.0,0.012,1.0,1.0,0.0,0.0,0.044510922114311964,-10.280199199241178,0.0,5.0,0.0,0.4919318403965721,-0.03787408980182716,-0.8697781048297824,-0.007393651630752805,-0.042551127163621756,-0.028344147052387914,-0.0053058009260627615,-7.44324735,0.36284605,4.6679654
1789045252.793364,12.092,3.0,0.0,3,0,192,2.1956689572025327,-0.023377092627899138,0.0,0.0,0.0,107.0,1.0,-0.8225660130786592,0.0,0.0,0.0,37.5415514236919,nan,0.0,-0.36568810446141053,0.0,0.0,0.0,0.0,0.0,3.0,3.0,nan,0.0,0.0,0.0,0.0,0.0,nan,nan,,,0,0,0,3.8040060997009277,-2,170,True,True,False,"A:1,B:1,ESTOP:0,MODE:1",DRIVE_HEADING,,,,0,,,False,0,UNKNOWN,0.0,False,-9999.0,-1.0,-1.0,False,36.96766526166667,127.87360630333333,121.748,2,0.000144,36.96766526166667,127.87360630333333,4.0,0.04603115272521972,1.0,0.0,0.06806230545043945,0.0,0.044510922114311964,-10.280199199241178,0.0,5.0,0.0,0.4920239916373896,-0.03793432800839057,-0.8697232485600855,-0.007406033071318395,-0.017191493132144145,-0.0009250245035569946,-0.0028797932657906437,-8.159132799999998,0.18632634999999997,5.0602314
1789045252.843152,12.142,3.0,0.0,3,0,191,2.1956689572025327,-0.023377092627899138,0.0,0.0,0.0,107.0,1.0,-0.8225660130786592,0.0,0.0,0.0,37.5415514236919,nan,0.0,-0.22623472825248772,0.0,0.0,0.0,0.0,0.0,3.0,3.0,nan,0.0,0.0,0.0,0.0,0.0,nan,nan,,,0,0,0,3.925264835357666,-2,170,True,True,False,"A:1,B:1,ESTOP:0,MODE:1",DRIVE_HEADING,,,,0,,,False,0,UNKNOWN,0.0,False,-9999.0,-1.0,-1.0,False,36.96766526166667,127.87360630333333,121.748,2,0.000144,36.96766526166667,127.87360630333333,4.0,0.07096341800689697,1.0,0.0,0.11792683601379395,0.0,0.044510922114311964,-10.280199199241178,0.0,5.0,0.0,0.4919861080699316,-0.037970104000727534,-0.8697430225167777,-0.007417240171074958,-0.0026878070480712674,0.0019896753472735357,0.003351032163829113,-8.2571993,0.3138128,5.825150099999999
1789045252.893082,12.192,3.0,0.0,3,0,192,2.1956689572025327,-0.023377092627899138,0.0,0.0,0.0,107.0,1.0,-0.8225660130786592,0.0,0.0,0.0,37.5415514236919,nan,0.0,0.13050374120401728,0.0,0.0,0.0,0.0,0.0,3.0,3.0,nan,0.0,0.0,0.0,0.0,0.0,nan,nan,,,0,0,0,3.966557741165161,-2,198,True,True,False,"A:1,B:1,ESTOP:0,MODE:1",DRIVE_HEADING,,,,0,,,False,0,UNKNOWN,0.0,False,-9999.0,-1.0,-1.0,False,36.967665241666666,127.87360630833334,121.745,2,0.000144,36.967665241666666,127.87360630833334,4.0,0.012,1.0,1.0,0.0,0.0,0.012128918766520062,-10.280199199241178,0.0,5.0,0.0,0.491810333052394,-0.03797854616462597,-0.8698419517428685,-0.007430028416633476,-0.01069886831472524,0.005829399701661061,0.007819075048934596,-8.149326149999998,0.36284605,5.2171378
1789045252.943122,12.242,3.0,0.0,3,0,192,2.19611366501363,-0.025603482627976928,0.0,0.0,0.0,107.0,1.0,-0.8246907367612928,0.0,0.0,0.0,37.54076853626979,nan,0.0,0.38573073372160926,0.0,0.0,0.0,0.0,0.0,3.0,3.0,nan,0.0,0.0,0.0,0.0,0.0,nan,nan,,,0,0,0,3.9633820056915283,-2,284,True,True,False,"A:1,B:1,ESTOP:0,MODE:1",DRIVE_HEADING,,,,0,,,False,0,UNKNOWN,0.0,False,-9999.0,-1.0,-1.0,False,36.967665241666666,127.87360630833334,121.745,2,0.000144,36.967665241666666,127.87360630833334,4.0,0.012,1.0,1.0,0.0,0.0,0.012128918766520062,-10.280199199241178,0.0,5.0,0.0,0.49187023148403886,-0.03795767184832886,-0.8698089091189173,-0.007439902220569984,-0.013404128655316452,-0.0022165681500327986,-0.0006981317007977319,-8.3552658,0.46091255,5.07003805
1789045252.993300,12.292,3.0,0.0,3,0,192,2.19611366501363,-0.025603482627976928,0.0,0.0,0.0,107.0,1.0,-0.8246907367612928,0.0,0.0,0.0,37.54076853626979,nan,0.0,-0.10206472774583397,0.0,0.0,0.0,0.0,0.0,3.0,3.0,nan,0.0,0.0,0.0,0.0,0.0,nan,nan,,,0,0,0,3.964766502380371,-2,170,True,True,False,"A:1,B:1,ESTOP:0,MODE:1",DRIVE_HEADING,,,,0,,,False,0,UNKNOWN,0.0,False,-9999.0,-1.0,-1.0,False,36.967665241666666,127.87360630833334,121.745,2,0.000144,36.967665241666666,127.87360630833334,4.0,0.045471345901489255,1.0,0.0,0.06694269180297852,0.0,0.012128918766520062,-10.280199199241178,0.0,5.0,0.0,0.4918612506782711,-0.03791553395069188,-0.8698157708744373,-0.007446281256395716,-0.004084070449666731,-0.0064053583548191895,0.00034906585039886593,-8.34545915,0.43149259999999995,5.0798447
1789045253.043068,12.342,3.0,0.0,3,0,194,2.19611366501363,-0.025603482627976928,0.0,0.0,0.0,107.0,1.0,-0.8246907367612928,0.0,0.0,0.0,37.54076853626979,nan,0.0,-0.0419805982903423,0.0,0.0,0.0,0.0,0.0,3.0,3.0,nan,0.0,0.0,0.0,0.0,0.0,nan,nan,,,0,0,0,3.9796879291534424,-2,172,True,True,False,"A:1,B:1,ESTOP:0,MODE:1",DRIVE_HEADING,,,,0,,,False,0,UNKNOWN,0.0,False,-9999.0,-1.0,-1.0,False,36.967665241666666,127.87360630833334,121.745,2,0.000144,36.967665241666666,127.87360630833334,4.0,0.07045475196838379,1.0,0.0,0.11690950393676758,0.0,0.012128918766520062,-10.280199199241178,0.0,5.0,0.0,0.4919044036826732,-0.03790938796913143,-0.8697912707969716,-0.007488737329399,-0.006911503837897545,0.0032288591161895096,-0.00020943951023931956,-8.492558899999999,0.48052585,5.28578435
1789045253.093175,12.392,3.0,0.0,0,0,192,2.19611366501363,-0.025603482627976928,0.0,0.0,0.0,107.0,1.0,-0.8246907367612928,0.0,0.0,0.0,37.54076853626979,nan,0.0,-0.07383263709376162,0.0,0.0,0.0,0.0,0.0,3.0,3.0,nan,0.0,0.0,0.0,0.0,0.0,nan,nan,,,0,0,0,3.880242347717285,-2,169,True,True,False,"A:1,B:1,ESTOP:0,MODE:1",DRIVE_HEADING,,,,0,,,False,0,UNKNOWN,0.0,False,-9999.0,-1.0,-1.0,False,36.967665241666666,127.87360630833334,121.745,2,0.000144,36.967665241666666,127.87360630833334,4.0,0.09550229263305664,1.0,0.0,0.16700458526611328,0.0,0.012128918766520062,-10.280199199241178,0.0,5.0,0.0,0.492183074475472,-0.038000313137479896,-0.8696299817228716,-0.0074493147338103305,-0.0012566370614359172,-0.0006632251157578452,0.0029146998508305304,-8.77695175,0.7060787999999999,4.7366119499999995
1789045253.143072,12.442,3.0,0.0,3,0,192,2.19611366501363,-0.025603482627976928,0.0,0.0,0.0,107.0,1.0,-0.8246907367612928,0.0,0.0,0.0,37.54076853626979,nan,0.0,0.1049570281804259,0.0,0.0,0.0,0.0,0.0,3.0,3.0,nan,0.0,0.0,0.0,0.0,0.0,nan,nan,,,0,0,0,3.8555386066436768,-2,171,True,True,False,"A:1,B:1,ESTOP:0,MODE:1",DRIVE_HEADING,,,,0,,,False,0,UNKNOWN,0.0,False,-9999.0,-1.0,-1.0,False,36.967665233333335,127.87360627,121.755,2,0.000144,36.967665233333335,127.87360627,4.0,0.012,1.0,1.0,0.0,0.0,0.03785828904912055,-10.280199199241178,0.0,5.0,0.0,0.49225611041399053,-0.03794723354029793,-0.8695918140401229,-0.00734888978931738,-0.020594885173533087,-0.0027925268031909274,5.235987755982989e-05,-8.482752249999999,0.5883989999999999,5.0504247499999995
1789045253.193076,12.492,3.0,0.0,3,0,215,2.19270424056844,-0.026531144732523063,0.0,0.0,0.0,107.0,1.0,-0.826159334779196,0.0,0.0,0.0,37.54399407797097,nan,0.0,-0.058924885875934946,0.0,0.0,0.0,0.0,0.0,3.0,3.0,nan,0.0,0.0,0.0,0.0,0.0,nan,nan,,,0,0,0,4.116037368774414,-2,171,True,True,False,"A:1,B:1,ESTOP:0,MODE:1",DRIVE_HEADING,,,,0,,,False,0,UNKNOWN,0.0,False,-9999.0,-1.0,-1.0,False,36.967665233333335,127.87360627,121.755,2,0.000144,36.967665233333335,127.87360627,4.0,0.040117060661315915,1.0,0.0,0.056234121322631836,0.0,0.03785828904912055,-10.280199199241178,0.0,5.0,0.0,0.49230079273464017,-0.037792630365751964,-0.8695736459272422,-0.0073021141928710995,0.00614355896702004,-0.017592918860102842,0.0029670597283903604,-10.09104285,-0.04903325,7.61976705
1789045253.243160,12.542,3.0,0.0,3,0,195,2.19270424056844,-0.026531144732523063,0.0,0.0,0.0,107.0,1.0,-0.826159334779196,0.0,0.0,0.0,37.54399407797097,nan,0.0,0.10785896389581694,0.0,0.0,0.0,0.0,0.0,3.0,3.0,nan,0.0,0.0,0.0,0.0,0.0,nan,nan,,,0,0,0,3.983062744140625,-2,170,True,True,False,"A:1,B:1,ESTOP:0,MODE:1",DRIVE_HEADING,,,,0,,,False,0,UNKNOWN,0.0,False,-9999.0,-1.0,-1.0,False,36.967665233333335,127.87360627,121.755,2,0.000144,36.967665233333335,127.87360627,4.0,0.06512144756317138,1.0,0.0,0.10624289512634277,0.0,0.03785828904912055,-10.280199199241178,0.0,5.0,0.0,0.4921757903143402,-0.03782819220909185,-0.8696422692447553,-0.007371759998758484,0.014503686084072877,0.00603883921190038,-0.0006981317007977319,-7.63938035,0.65704555,3.8442068
1789045253.293077,12.592,3.0,0.0,3,0,191,2.19270424056844,-0.026531144732523063,0.0,0.0,0.0,107.0,1.0,-0.826159334779196,0.0,0.0,0.0,37.54399407797097,nan,0.0,-0.10193675403197472,0.0,0.0,0.0,0.0,0.0,3.0,3.0,nan,0.0,0.0,0.0,0.0,0.0,nan,nan,,,0,0,0,4.150269508361816,-2,170,True,True,False,"A:1,B:1,ESTOP:0,MODE:1",DRIVE_HEADING,,,,0,,,False,0,UNKNOWN,0.0,False,-9999.0,-1.0,-1.0,False,36.967665221666664,127.87360631333334,121.759,2,0.000144,36.967665221666664,127.87360631333334,4.0,0.012,1.0,1.0,0.0,0.0,0.020394966970602647,-10.280199199241178,0.0,5.0,0.0,0.49224571005144874,-0.03782896303432882,-0.8696028601301388,-0.007348206936047444,0.0019024088846738192,-0.00022689280275926284,-0.0012042771838760874,-8.16893945,0.3138128,6.089929649999999
1789045253.343077,12.642,3.0,0.0,3,0,191,2.1965583728247275,-0.027829872628054718,0.0,0.0,0.0,107.0,1.0,-0.8268154604439263,0.0,0.0,0.0,37.53998576982973,nan,0.0,-0.13067488052391077,0.0,0.0,0.0,0.0,0.0,3.0,3.0,nan,0.0,0.0,0.0,0.0,0.0,nan,nan,,,0,0,0,4.253336429595947,-2,170,True,True,False,"A:1,B:1,ESTOP:0,MODE:1",DRIVE_HEADING,,,,0,,,False,0,UNKNOWN,0.0,False,-9999.0,-1.0,-1.0,False,36.967665221666664,127.87360631333334,121.759,2,0.000144,36.967665221666664,127.87360631333334,4.0,0.012,1.0,1.0,0.0,0.0,0.020394966970602647,-10.280199199241178,0.0,5.0,0.0,0.49216300897118404,-0.0377913852901262,-0.8696515967929449,-0.007313275173585605,-0.01942551457469689,-0.00968657734856853,0.003525565089028546,-8.1983594,0.38245935,5.697663649999999
1789045253.393192,12.692,3.0,0.0,3,0,191,2.1965583728247275,-0.027829872628054718,0.0,0.0,0.0,107.0,1.0,-0.8268154604439263,0.0,0.0,0.0,37.53998576982973,nan,0.0,0.14004446923713706,0.0,0.0,0.0,0.0,0.0,3.0,3.0,nan,0.0,0.0,0.0,0.0,0.0,nan,nan,,,0,0,0,4.208071708679199,-2,170,True,True,False,"A:1,B:1,ESTOP:0,MODE:1",DRIVE_HEADING,,,,0,,,False,0,UNKNOWN,0.0,False,-9999.0,-1.0,-1.0,False,36.967665221666664,127.87360631333334,121.759,2,0.000144,36.967665221666664,127.87360631333334,4.0,0.04512873840332031,1.0,0.0,0.06625747680664062,0.0,0.020394966970602647,-10.280199199241178,0.0,5.0,0.0,0.4921603694354059,-0.03782574465785516,-0.8696510841107336,-0.007373988290551171,0.003159045946109736,-0.003996803987067015,0.006073745796940267,-8.0806796,0.4903325,4.6287388
1789045253.443093,12.742,3.0,0.0,3,0,192,2.1965583728247275,-0.027829872628054718,0.0,0.0,0.0,107.0,1.0,-0.8268154604439263,0.0,0.0,0.0,37.53998576982973,nan,0.0,0.28547238029866273,0.0,0.0,0.0,0.0,0.0,3.0,3.0,nan,0.0,0.0,0.0,0.0,0.0,nan,nan,,,0,0,0,4.209843158721924,-2,171,True,True,False,"A:1,B:1,ESTOP:0,MODE:1",DRIVE_HEADING,,,,0,,,False,0,UNKNOWN,0.0,False,-9999.0,-1.0,-1.0,False,36.967665221666664,127.87360631333334,121.759,2,0.000144,36.967665221666664,127.87360631333334,4.0,0.07012454223632812,1.0,0.0,0.11624908447265625,0.0,0.020394966970602647,-10.280199199241178,0.0,5.0,0.0,0.4921567308902239,-0.03783933767467918,-0.8696519590205111,-0.007443583517137944,-0.0027401669256310974,-0.006876597252857658,0.007906341511534314,-8.3356525,0.5099457999999999,5.1190713
1789045253.493086,12.792,3.0,0.0,3,0,191,2.1965583728247275,-0.027829872628054718,0.0,0.0,0.0,107.0,1.0,-0.8268154604439263,0.0,0.0,0.0,37.53998576982973,nan,0.0,0.3896914355380655,0.0,0.0,0.0,0.0,0.0,3.0,3.0,nan,0.0,0.0,0.0,0.0,0.0,nan,nan,,,0,0,0,4.2703704833984375,-2,170,True,True,False,"A:1,B:1,ESTOP:0,MODE:1",DRIVE_HEADING,,,,0,,,False,0,UNKNOWN,0.0,False,-9999.0,-1.0,-1.0,False,36.96766523833333,127.87360627333334,121.747,2,0.000144,36.96766523833333,127.87360627333334,4.0,0.012,1.0,1.0,0.0,0.0,0.005852619414270363,-10.280199199241178,0.0,5.0,0.0,0.4921185820468655,-0.03787180619588214,-0.8696720095674964,-0.007458101264832484,-0.0067369709126981125,-0.008831366015091307,0.0027401669256310974,-8.3356525,0.34323275000000003,5.442690750000001
1789045253.543243,12.842,3.0,0.0,3,0,192,2.1930007128638165,-0.025974547627989893,0.0,0.0,0.0,107.0,1.0,-0.8255620070735019,0.0,0.0,0.0,37.54378699665461,nan,0.0,0.09350405266698933,0.0,0.0,0.0,0.0,0.0,3.0,3.0,nan,0.0,0.0,0.0,0.0,0.0,nan,nan,,,0,0,0,4.250175952911377,-2,171,True,True,False,"A:1,B:1,ESTOP:0,MODE:1",DRIVE_HEADING,,,,0,,,False,0,UNKNOWN,0.0,False,-9999.0,-1.0,-1.0,False,36.96766523833333,127.87360627333334,121.747,2,0.000144,36.96766523833333,127.87360627333334,4.0,0.012,1.0,1.0,0.0,0.0,0.005852619414270363,-10.280199199241178,0.0,5.0,0.0,0.49216365270302176,-0.03788115586447191,-0.8696459673786407,-0.00747317940766545,-0.006230825429619756,0.005480333851262195,0.004031710572106902,-8.492558899999999,0.4216859499999999,4.99158485
1789045253.593217,12.892,0.0,-3.0,3,0,192,2.1930007128638165,-0.025974547627989893,0.0,0.0,0.0,107.0,1.0,-0.8255620070735019,0.0,0.0,0.0,37.54378699665461,nan,0.0,0.16716904456165538,0.0,0.0,0.0,0.0,0.0,3.0,3.0,nan,0.0,0.0,0.0,0.0,0.0,nan,nan,,,0,0,0,4.155579090118408,-2,175,False,True,False,"A:1,B:1,ESTOP:0,MODE:1",DRIVE_HEADING,,,,0,,,False,0,UNKNOWN,0.0,False,-9999.0,-1.0,-1.0,False,36.96766523833333,127.87360627333334,121.747,2,0.000144,36.96766523833333,127.87360627333334,4.0,0.04615417671203613,1.0,0.0,0.06830835342407227,0.0,0.005852619414270363,-10.280199199241178,0.0,5.0,0.0,0.49264787286052897,-0.03794001759551031,-0.8693696300258962,-0.007421241101374657,-0.0037524578917878084,-0.011658799403322121,0.00022689280275926284,-8.69849855,0.5099457999999999,4.6287388
1789045253.643096,12.942,3.0,0.0,0,0,305,2.1930007128638165,-0.025974547627989893,0.0,0.0,0.0,107.0,1.0,-0.8255620070735019,0.0,0.0,0.0,37.54378699665461,nan,0.0,-0.05072929352746797,0.0,0.0,0.0,0.0,0.0,3.0,3.0,nan,0.0,0.0,0.0,0.0,0.0,nan,nan,,,0,0,0,4.108066558837891,-2,170,True,True,False,"A:1,B:1,ESTOP:0,MODE:1",DRIVE_HEADING,,,,0,,,False,0,UNKNOWN,0.0,False,-9999.0,-1.0,-1.0,False,36.96766523833333,127.87360627333334,121.747,2,0.000144,36.96766523833333,127.87360627333334,4.0,0.07122472476959228,1.0,0.0,0.11844944953918457,0.0,0.005852619414270363,-10.280199199241178,0.0,5.0,0.0,0.4927208275441198,-0.03792808450339778,-0.8693295028438839,-0.007339073193987487,-0.003682644721708035,-0.011309733552923256,-5.235987755982989e-05,-8.571012099999999,0.5197524499999999,4.873905049999999
1789045253.693079,12.992,3.0,0.0,3,0,198,2.1930007128638165,-0.025974547627989893,0.0,0.0,0.0,107.0,1.0,-0.8255620070735019,0.0,0.0,0.0,37.54378699665461,nan,0.0,-0.06659583494041303,0.0,0.0,0.0,0.0,0.0,3.0,3.0,nan,0.0,0.0,0.0,0.0,0.0,nan,nan,,,0,0,0,4.037837505340576,-2,405,True,True,False,"A:1,B:1,ESTOP:0,MODE:1",DRIVE_HEADING,,,,0,,,False,0,UNKNOWN,0.0,False,-9999.0,-1.0,-1.0,False,36.967665196666665,127.87360625,121.755,2,0.000144,36.967665196666665,127.87360625,4.0,0.012,1.0,1.0,0.0,0.0,0.056539600212496384,-10.280199199241178,0.0,5.0,0.0,0.49287316556238947,-0.037888192352775386,-0.869245028712653,-0.007321721593151129,-0.007243116395776467,-0.006440264939859076,-0.008604473212332044,-8.6886919,0.5982056499999999,4.81506515
1789045253.743050,13.042,3.0,0.0,3,0,192,2.190925410587984,-0.030612859732665677,0.0,0.0,0.0,107.0,1.0,-0.8304755974605232,0.0,0.0,0.0,37.54512238463864,nan,0.0,-0.5554826432705322,0.0,0.0,0.0,0.0,0.0,3.0,3.0,nan,0.0,0.0,0.0,0.0,0.0,nan,nan,,,0,0,0,3.9974844455718994,-1,192,True,True,False,"A:1,B:1,ESTOP:0,MODE:1",DRIVE_HEADING,,,,0,,,False,0,UNKNOWN,0.0,False,-9999.0,-1.0,-1.0,False,36.967665196666665,127.87360625,121.755,2,0.000144,36.967665196666665,127.87360625,4.0,0.012,1.0,1.0,0.0,0.0,0.056539600212496384,-10.280199199241178,0.0,5.0,0.0,0.49288289129274276,-0.03779323650497914,-0.8692420233185831,-0.0075120997331386725,0.003787364476827695,-0.0026878070480712674,-0.00783652834145454,-8.54159215,0.40207265,4.8248717999999995
1789045253.793038,13.092,3.0,0.0,3,0,192,2.190925410587984,-0.030612859732665677,0.0,0.0,0.0,107.0,1.0,-0.8304755974605232,0.0,0.0,0.0,37.54512238463864,nan,0.0,-0.5104596779839912,0.0,0.0,0.0,0.0,0.0,3.0,3.0,nan,0.0,0.0,0.0,0.0,0.0,nan,nan,,,0,0,0,4.032442569732666,-2,173,True,True,False,"A:1,B:1,ESTOP:0,MODE:1",DRIVE_HEADING,,,,0,,,False,0,UNKNOWN,0.0,False,-9999.0,-1.0,-1.0,False,36.967665196666665,127.87360625,121.755,2,0.000144,36.967665196666665,127.87360625,4.0,0.04510132026672363,1.0,0.0,0.06620264053344727,0.0,0.056539600212496384,-10.280199199241178,0.0,5.0,0.0,0.492849227212346,-0.03787914774065754,-0.8692565719204126,-0.007604049960851365,-0.0009250245035569946,0.001186823891356144,-3.490658503988659e-05,-7.6491869999999995,0.67665885,5.0798447
1789045253.843163,13.142,3.0,0.0,3,0,191,2.190925410587984,-0.030612859732665677,0.0,0.0,0.0,107.0,1.0,-0.8304755974605232,0.0,0.0,0.0,37.54512238463864,nan,0.0,-0.06333275862802316,0.0,0.0,0.0,0.0,0.0,3.0,3.0,nan,0.0,0.0,0.0,0.0,0.0,nan,nan,,,1,0,1,4.2845635414123535,-2,169,True,True,False,"A:1,B:1,ESTOP:0,MODE:1",DRIVE_HEADING,,,,0,,,False,0,UNKNOWN,0.0,False,-9999.0,-1.0,-1.0,False,36.967665196666665,127.87360625,121.755,2,0.000144,36.967665196666665,127.87360625,4.0,0.07019487571716308,1.0,0.0,0.11638975143432617,0.0,0.056539600212496384,-10.280199199241178,0.0,5.0,0.0,0.49275084286472004,-0.03777856532825993,-0.8693183322414443,-0.007417822241080181,0.0032637657012293962,-0.000593411945678072,0.0029845130209103037,-7.8649333,-0.0588399,6.3056759499999995
1789045253.893089,13.192,3.0,0.0,3,0,192,2.190925410587984,-0.030612859732665677,0.0,0.0,0.0,107.0,1.0,-0.8304755974605232,0.0,0.0,0.0,37.54512238463864,nan,0.0,0.10944790688923291,0.0,0.0,0.0,0.0,0.0,3.0,3.0,nan,0.0,0.0,0.0,0.0,0.0,nan,nan,,,0,0,0,4.370640277862549,-2,169,True,True,False,"A:1,B:1,ESTOP:0,MODE:1",DRIVE_HEADING,,,,0,,,False,0,UNKNOWN,0.0,False,-9999.0,-1.0,-1.0,False,36.96766517333333,127.873606365,121.756,2,0.000144,36.96766517333333,127.873606365,4.0,0.012,1.0,1.0,0.0,0.0,0.09807020992570382,-10.280199199241178,0.0,5.0,0.0,0.4927397844076221,-0.03774627134446157,-0.8693267393721917,-0.007331034990639789,-0.022863813201125717,-0.008517206749732328,-0.0006283185307179586,-8.38468575,0.37265269999999995,5.658437049999999
1789045253.943092,13.242,3.0,0.0,3,0,191,2.20115368265962,-0.03321031473275643,0.0,0.0,0.0,107.0,1.0,-0.8313789391681942,0.0,0.0,0.0,37.53461602355058,nan,0.0,-0.09735698892454558,0.0,0.0,0.0,0.0,0.0,3.0,3.0,nan,0.0,0.0,0.0,0.0,0.0,nan,nan,,,0,0,0,4.448660850524902,-2,169,True,True,False,"A:1,B:1,ESTOP:0,MODE:1",DRIVE_HEADING,,,,0,,,False,0,UNKNOWN,0.0,False,-9999.0,-1.0,-1.0,False,36.96766517333333,127.873606365,121.756,2,0.000144,36.96766517333333,127.873606365,4.0,0.012,1.0,1.0,0.0,0.0,0.09807020992570382,-10.280199199241178,0.0,5.0,0.0,0.49211186342904994,-0.03753279067802097,-0.8696895290340898,-0.007571432147959505,-0.005166174585903215,-0.005375614096142535,-0.004241150082346221,-8.139519499999999,0.21574629999999997,5.38385085
1789045253.993084,13.292,3.0,0.0,3,0,192,2.20115368265962,-0.03321031473275643,0.0,0.0,0.0,107.0,1.0,-0.8313789391681942,0.0,0.0,0.0,37.53461602355058,nan,0.0,-0.30374827494669654,0.0,0.0,0.0,0.0,0.0,3.0,3.0,nan,0.0,0.0,0.0,0.0,0.0,nan,nan,,,0,0,0,4.458439350128174,-2,170,True,True,False,"A:1,B:1,ESTOP:0,MODE:1",DRIVE_HEADING,,,,0,,,False,0,UNKNOWN,0.0,False,-9999.0,-1.0,-1.0,False,36.96766517333333,127.873606365,121.756,2,0.000144,36.96766517333333,127.873606365,4.0,0.04615262699127197,1.0,0.0,0.06830525398254395,0.0,0.09807020992570382,-10.280199199241178,0.0,5.0,0.0,0.4917728089588942,-0.037590365657197186,-0.869878002554676,-0.007663514201999143,-0.014172073526193957,0.008552113334772215,-0.0021991148575128553,-8.237585999999999,0.48052585,5.1190713
1789045254.043210,13.342,3.0,0.0,3,0,192,2.20115368265962,-0.03321031473275643,0.0,0.0,0.0,107.0,1.0,-0.8313789391681942,0.0,0.0,0.0,37.53461602355058,nan,0.0,-0.1863747783968031,0.0,0.0,0.0,0.0,0.0,3.0,3.0,nan,0.0,0.0,0.0,0.0,0.0,nan,nan,,,0,0,0,4.4752020835876465,-2,172,True,True,False,"A:1,B:1,ESTOP:0,MODE:1",DRIVE_HEADING,,,,0,,,False,0,UNKNOWN,0.0,False,-9999.0,-1.0,-1.0,False,36.96766517333333,127.873606365,121.756,2,0.000144,36.96766517333333,127.873606365,4.0,0.07110313129425049,1.0,0.0,0.11820626258850098,0.0,0.09807020992570382,-10.280199199241178,0.0,5.0,0.0,0.4917977683459912,-0.03763399872133593,-0.8698621769078354,-0.007643976406745245,-0.006981317007977318,0.004241150082346221,0.007906341511534314,-8.34545915,0.6962721499999999,5.3740442
1789045254.093219,13.392,0.0,-3.0,3,0,192,2.20115368265962,-0.03321031473275643,0.0,0.0,0.0,107.0,1.0,-0.8313789391681942,0.0,0.0,0.0,37.53461602355058,nan,0.0,0.3918399711599906,0.0,0.0,0.0,0.0,0.0,3.0,3.0,nan,0.0,0.0,0.0,0.0,0.0,nan,nan,,,0,0,0,4.528658390045166,-2,170,False,True,False,"A:1,B:1,ESTOP:0,MODE:1",DRIVE_HEADING,,,,0,,,False,0,UNKNOWN,0.0,False,-9999.0,-1.0,-1.0,False,36.96766517333333,127.873606365,121.756,2,0.000144,36.96766517333333,127.873606365,4.0,0.09607831192016601,1.0,0.0,0.16815662384033203,0.0,0.09807020992570382,-10.280199199241178,0.0,5.0,0.0,0.4916489867989021,-0.03752271777640136,-0.8699508553126069,-0.007669991600343498,-0.013631021458075715,-0.00757472895365539,-0.0076270888312152205,-8.041452999999999,0.28439285,5.20733115
1789045254.143086,13.442,3.0,0.0,0,0,192,2.20115368265962,-0.03321031473275643,0.0,0.0,0.0,107.0,1.0,-0.8313789391681942,0.0,0.0,0.0,37.53461602355058,nan,0.0,-0.49716370878232957,0.0,0.0,0.0,0.0,0.0,3.0,3.0,nan,0.0,0.0,0.0,0.0,0.0,nan,nan,,,0,0,0,4.610374450683594,-2,169,True,True,False,"A:1,B:1,ESTOP:0,MODE:1",DRIVE_HEADING,,,,0,,,False,0,UNKNOWN,0.0,False,-9999.0,-1.0,-1.0,False,36.96766520166667,127.87360637833333,121.756,2,0.00016384,36.96766520166667,127.87360637833333,4.0,0.0128,1.0,1.0,0.0,0.0,0.09854664945529723,-10.280199199241178,0.0,5.0,0.0,0.4917509296636637,-0.037526586605007295,-0.8698935071398979,-0.007620020245887062,-0.031276300195738384,-0.012426744274199627,0.0009075712110370514,-8.18855275,1.0983448,6.01147645
1789045254.193106,13.492,3.0,0.0,3,0,192,2.2023395693132577,-0.030056261837159953,0.0,0.0,0.0,107.0,1.0,-0.828074258403166,0.0,0.0,0.0,37.53393042732986,nan,0.0,-0.00814738136476481,0.0,0.0,0.0,0.0,0.0,3.0,3.0,nan,0.0,0.0,0.0,0.0,0.0,nan,nan,,,0,0,0,4.587230682373047,-2,169,True,True,False,"A:1,B:1,ESTOP:0,MODE:1",DRIVE_HEADING,,,,0,,,False,0,UNKNOWN,0.0,False,-9999.0,-1.0,-1.0,False,36.96766520166667,127.87360637833333,121.756,2,0.00016384,36.96766520166667,127.87360637833333,4.0,0.037185929107666015,1.0,0.0,0.04877185821533203,0.0,0.09854664945529723,-10.280199199241178,0.0,5.0,0.0,0.4921358380035156,-0.03758925861047413,-0.8696734952372709,-0.007574712633555136,0.01942551457469689,-0.010733774899765127,0.007661995416255106,-8.2571993,0.22555294999999997,4.7268053
1789045254.243132,13.542,3.0,0.0,3,0,192,2.2023395693132577,-0.030056261837159953,0.0,0.0,0.0,107.0,1.0,-0.828074258403166,0.0,0.0,0.0,37.53393042732986,nan,0.0,0.37809491339796475,0.0,0.0,0.0,0.0,0.0,3.0,3.0,nan,0.0,0.0,0.0,0.0,0.0,nan,nan,,,0,0,0,4.715395927429199,-2,257,True,True,False,"A:1,B:1,ESTOP:0,MODE:1",DRIVE_HEADING,,,,0,,,False,0,UNKNOWN,0.0,False,-9999.0,-1.0,-1.0,False,36.96766520166667,127.87360637833333,121.756,2,0.00016384,36.96766520166667,127.87360637833333,4.0,0.06213691024780273,1.0,0.0,0.09867382049560547,0.0,0.09854664945529723,-10.280199199241178,0.0,5.0,0.0,0.4920286257963332,-0.03758949331413393,-0.8697340580780664,-0.0075848275139934855,0.00874409955249159,-0.013089969389957472,0.008307767239493008,-8.01203305,0.32361945,5.75650355
1789045254.293085,13.592,3.0,0.0,3,0,192,2.2023395693132577,-0.030056261837159953,0.0,0.0,0.0,107.0,1.0,-0.828074258403166,0.0,0.0,0.0,37.53393042732986,nan,0.0,0.4142647235711688,0.0,0.0,0.0,0.0,0.0,3.0,3.0,nan,0.0,0.0,0.0,0.0,0.0,nan,nan,,,0,0,0,4.421082496643066,-2,170,True,True,False,"A:1,B:1,ESTOP:0,MODE:1",DRIVE_HEADING,,,,0,,,False,0,UNKNOWN,0.0,False,-9999.0,-1.0,-1.0,False,36.967665176666664,127.873606365,121.758,2,0.000144,36.967665176666664,127.873606365,4.0,0.012,1.0,1.0,0.0,0.0,0.0033244276125147933,-10.280199199241178,0.0,5.0,0.0,0.49205710922621,-0.037564759458122515,-0.8697187924893124,-0.00760999985095499,0.017558012275062956,-0.013578661580515884,0.0006981317007977319,-9.07115125,0.93163175,3.6480737999999997
1789045254.343209,13.642,3.0,0.0,3,0,191,2.20115368265962,-0.03283924973274347,0.0,0.0,0.0,107.0,1.0,-0.8310127918077097,0.0,0.0,0.0,37.53467319987646,nan,0.0,-0.021691805875973552,0.0,0.0,0.0,0.0,0.0,3.0,3.0,nan,0.0,0.0,0.0,0.0,0.0,nan,nan,,,0,0,0,4.510334491729736,-2,169,True,True,False,"A:1,B:1,ESTOP:0,MODE:1",DRIVE_HEADING,,,,0,,,False,0,UNKNOWN,0.0,False,-9999.0,-1.0,-1.0,False,36.967665176666664,127.873606365,121.758,2,0.000144,36.967665176666664,127.873606365,4.0,0.012,1.0,1.0,0.0,0.0,0.0033244276125147933,-10.280199199241178,0.0,5.0,0.0,0.4920269341816155,-0.037483929250872794,-0.8697396867107502,-0.0075715551930722325,0.003438298626428829,-0.0064228116473391324,-0.0004537856055185257,-8.11009955,0.53936575,5.658437049999999
1789045254.393289,13.692,3.0,0.0,3,0,191,2.20115368265962,-0.03283924973274347,0.0,0.0,0.0,107.0,1.0,-0.8310127918077097,0.0,0.0,0.0,37.53467319987646,nan,0.0,-0.0875164222642216,0.0,0.0,0.0,0.0,0.0,3.0,3.0,nan,0.0,0.0,0.0,0.0,0.0,nan,nan,,,0,0,0,4.616918563842773,-2,169,True,True,False,"A:1,B:1,ESTOP:0,MODE:1",DRIVE_HEADING,,,,0,,,False,0,UNKNOWN,0.0,False,-9999.0,-1.0,-1.0,False,36.967665176666664,127.873606365,121.758,2,0.000144,36.967665176666664,127.873606365,4.0,0.04517809104919433,1.0,0.0,0.06635618209838867,0.0,0.0033244276125147933,-10.280199199241178,0.0,5.0,0.0,0.4920550304363414,-0.037471083931324395,-0.8697240217537678,-0.007608605375105191,-0.011135200627723822,-0.0040666171571467884,-0.005811946409141118,-8.2964259,0.3138128,5.746696899999999
1789045254.443126,13.742,3.0,0.0,3,0,192,2.20115368265962,-0.03283924973274347,0.0,0.0,0.0,107.0,1.0,-0.8310127918077097,0.0,0.0,0.0,37.53467319987646,nan,0.0,-0.3937273894196932,0.0,0.0,0.0,0.0,0.0,3.0,3.0,nan,0.0,0.0,0.0,0.0,0.0,nan,nan,,,0,0,0,4.5901265144348145,-2,169,True,True,False,"A:1,B:1,ESTOP:0,MODE:1",DRIVE_HEADING,,,,0,,,False,0,UNKNOWN,0.0,False,-9999.0,-1.0,-1.0,False,36.967665176666664,127.873606365,121.758,2,0.000144,36.967665176666664,127.873606365,4.0,0.07017341804504394,1.0,0.0,0.11634683609008789,0.0,0.0033244276125147933,-10.280199199241178,0.0,5.0,0.0,0.49193173559546494,-0.03751105436778103,-0.8697916789570174,-0.007650067410413564,-0.00017453292519943296,-0.001361356816555577,-0.0026354471705114374,-8.26700595,0.5491724,4.9131316499999995
1789045254.493071,13.792,3.0,0.0,3,0,192,2.20115368265962,-0.03283924973274347,0.0,0.0,0.0,107.0,1.0,-0.8310127918077097,0.0,0.0,0.0,37.53467319987646,nan,0.0,-0.21130393464085379,0.0,0.0,0.0,0.0,0.0,3.0,3.0,nan,0.0,0.0,0.0,0.0,0.0,nan,nan,,,0,0,0,4.658547401428223,-2,171,True,True,False,"A:1,B:1,ESTOP:0,MODE:1",DRIVE_HEADING,,,,0,,,False,0,UNKNOWN,0.0,False,-9999.0,-1.0,-1.0,False,36.96766522,127.873606365,121.758,2,0.000144,36.96766522,127.873606365,4.0,0.012,1.0,1.0,0.0,0.0,0.022256373406397804,-10.280199199241178,0.0,5.0,0.0,0.49193963594552587,-0.037540006479270985,-0.8697859016832542,-0.007656874843449422,-0.009599310885968814,-0.010262536001726658,0.002234021442552742,-8.2964259,0.34323275000000003,5.4917240000000005
1789045254.543121,13.842,3.0,0.0,3,0,193,2.20115368265962,-0.02801540473257492,0.0,0.0,0.0,107.0,1.0,-0.8262528761214127,0.0,0.0,0.0,37.5354168179978,nan,0.0,0.06756067322842793,0.0,0.0,0.0,0.0,0.0,3.0,3.0,nan,0.0,0.0,0.0,0.0,0.0,nan,nan,,,0,0,0,4.649596691131592,-2,228,True,True,False,"A:1,B:1,ESTOP:0,MODE:1",DRIVE_HEADING,,,,0,,,False,0,UNKNOWN,0.0,False,-9999.0,-1.0,-1.0,False,36.96766522,127.873606365,121.758,2,0.000144,36.96766522,127.873606365,4.0,0.012,1.0,1.0,0.0,0.0,0.022256373406397804,-10.280199199241178,0.0,5.0,0.0,0.49196896999713036,-0.03755123079732622,-0.8697686062983229,-0.007681739610366015,0.001710422666954443,-0.009913470151327791,0.0019198621771937625,-8.414105699999999,0.5099457999999999,5.099458
1789045254.593132,13.892,0.0,-3.0,3,0,192,2.20115368265962,-0.02801540473257492,0.0,0.0,0.0,107.0,1.0,-0.8262528761214127,0.0,0.0,0.0,37.5354168179978,nan,0.0,0.04946155188197107,0.0,0.0,0.0,0.0,0.0,3.0,3.0,nan,0.0,0.0,0.0,0.0,0.0,nan,nan,,,0,0,0,4.627588748931885,-2,170,False,True,False,"A:1,B:1,ESTOP:0,MODE:1",DRIVE_HEADING,,,,0,,,False,0,UNKNOWN,0.0,False,-9999.0,-1.0,-1.0,False,36.96766522,127.873606365,121.758,2,0.000144,36.96766522,127.873606365,4.0,0.045428668975830075,1.0,0.0,0.06685733795166016,0.0,0.022256373406397804,-10.280199199241178,0.0,5.0,0.0,0.49199190099041423,-0.03756087646188371,-0.869755196217995,-0.007684306803515565,-0.006213372137099813,-0.0064053583548191895,0.004328416544945937,-8.52197885,0.5687857,5.099458
1789045254.643191,13.942,3.0,0.0,0,0,192,2.20115368265962,-0.02801540473257492,0.0,0.0,0.0,107.0,1.0,-0.8262528761214127,0.0,0.0,0.0,37.5354168179978,nan,0.0,0.18708662877820717,0.0,0.0,0.0,0.0,0.0,3.0,3.0,nan,0.0,0.0,0.0,0.0,0.0,nan,nan,,,0,0,0,4.56874418258667,-2,170,True,True,False,"A:1,B:1,ESTOP:0,MODE:1",DRIVE_HEADING,,,,0,,,False,0,UNKNOWN,0.0,False,-9999.0,-1.0,-1.0,False,36.96766522,127.873606365,121.758,2,0.000144,36.96766522,127.873606365,4.0,0.07048610401153564,1.0,0.0,0.11697220802307129,0.0,0.022256373406397804,-10.280199199241178,0.0,5.0,0.0,0.49239770385998355,-0.037625241080149315,-0.8695228363720232,-0.007673297506832089,-0.0009424777960769379,-0.005113814708343385,0.005148721293383272,-8.69849855,0.5295591,4.89351835
1789045254.693178,13.992,3.0,0.0,3,0,191,2.20115368265962,-0.02801540473257492,0.0,0.0,0.0,107.0,1.0,-0.8262528761214127,0.0,0.0,0.0,37.5354168179978,nan,0.0,0.2336184555206507,0.0,0.0,0.0,0.0,0.0,3.0,3.0,nan,0.0,0.0,0.0,0.0,0.0,nan,nan,,,0,0,0,4.5571160316467285,-2,171,True,True,False,"A:1,B:1,ESTOP:0,MODE:1",DRIVE_HEADING,,,,0,,,False,0,UNKNOWN,0.0,False,-9999.0,-1.0,-1.0,False,36.967665235,127.87360627,121.752,2,0.000144,36.967665235,127.87360627,4.0,0.012,1.0,1.0,0.0,0.0,0.09653708564221662,-10.280199199241178,0.0,5.0,0.0,0.49262747477101426,-0.037660816572752,-0.8693912152036303,-0.00766478457374925,-0.012339477811599909,-0.0028448866807507574,0.00015707963267948965,-8.580818749999999,0.4903325,5.1386845999999995
1789045254.743142,14.042,3.0,0.0,3,0,192,2.19270424056844,-0.02634561262800286,0.0,0.0,0.0,107.0,1.0,-0.8259762614891989,0.0,0.0,0.0,37.54402269149106,nan,0.0,-0.05227678139039059,0.0,0.0,0.0,0.0,0.0,3.0,3.0,nan,0.0,0.0,0.0,0.0,0.0,nan,nan,,,0,0,0,4.479115009307861,-2,342,True,True,False,"A:1,B:1,ESTOP:0,MODE:1",DRIVE_HEADING,,,,0,,,False,0,UNKNOWN,0.0,False,-9999.0,-1.0,-1.0,False,36.967665235,127.87360627,121.752,2,0.000144,36.967665235,127.87360627,4.0,0.012,1.0,1.0,0.0,0.0,0.09653708564221662,-10.280199199241178,0.0,5.0,0.0,0.49254995146775604,-0.03763437727186513,-0.8694361641717335,-0.007678241127534638,-0.02118829711921116,-0.0256388867117967,0.004433136300065597,-7.031368049999999,1.3925442999999997,4.3737658999999995
1789045254.793126,14.092,3.0,0.0,3,0,191,2.19270424056844,-0.02634561262800286,0.0,0.0,0.0,107.0,1.0,-0.8259762614891989,0.0,0.0,0.0,37.54402269149106,nan,0.0,0.1923377721723902,0.0,0.0,0.0,0.0,0.0,3.0,3.0,nan,0.0,0.0,0.0,0.0,0.0,nan,nan,,,0,0,0,4.624567031860352,-2,169,True,True,False,"A:1,B:1,ESTOP:0,MODE:1",DRIVE_HEADING,,,,0,,,False,0,UNKNOWN,0.0,False,-9999.0,-1.0,-1.0,False,36.967665235,127.87360627,121.752,2,0.000144,36.967665235,127.87360627,4.0,0.04652169895172119,1.0,0.0,0.06904339790344238,0.0,0.09653708564221662,-10.280199199241178,0.0,5.0,0.0,0.49248422699916816,-0.03758776757088232,-0.869477189344362,-0.007474161885949095,0.016964600329384884,-0.009965830028887622,-0.0005410520681182421,-8.4533323,1.0296982499999998,6.52142225
1789045254.843257,14.142,3.0,0.0,3,0,192,2.19270424056844,-0.02634561262800286,0.0,0.0,0.0,107.0,1.0,-0.8259762614891989,0.0,0.0,0.0,37.54402269149106,nan,0.0,-0.09247690337195458,0.0,0.0,0.0,0.0,0.0,3.0,3.0,nan,0.0,0.0,0.0,0.0,0.0,nan,nan,,,0,0,0,4.7901082038879395,-2,169,True,True,False,"A:1,B:1,ESTOP:0,MODE:1",DRIVE_HEADING,,,,0,,,False,0,UNKNOWN,0.0,False,-9999.0,-1.0,-1.0,False,36.967665235,127.87360627,121.752,2,0.000144,36.967665235,127.87360627,4.0,0.07151464176177978,1.0,0.0,0.11902928352355957,0.0,0.09653708564221662,-10.280199199241178,0.0,5.0,0.0,0.49256867531174847,-0.03752145229488823,-0.8694325539465693,-0.007434706265741858,0.004345869837465881,0.0015533430342749533,-0.015934856070708228,-8.571012099999999,0.02941995,6.138962899999999
1789045254.893018,14.192,3.0,0.0,3,0,191,2.19270424056844,-0.02634561262800286,0.0,0.0,0.0,107.0,1.0,-0.8259762614891989,0.0,0.0,0.0,37.54402269149106,nan,0.0,-0.9725279495652108,0.0,0.0,0.0,0.0,0.0,3.0,3.0,nan,0.0,0.0,0.0,0.0,0.0,nan,nan,,,0,0,0,4.907505512237549,-2,169,True,True,False,"A:1,B:1,ESTOP:0,MODE:1",DRIVE_HEADING,,,,0,,,False,0,UNKNOWN,0.0,False,-9999.0,-1.0,-1.0,False,36.967665185,127.87360633333333,121.755,2,0.000144,36.967665185,127.87360633333333,4.0,0.012,1.0,1.0,0.0,0.0,0.043220733891326656,-10.280199199241178,0.0,5.0,0.0,0.4925116451566167,-0.03754990759451854,-0.8694629645901287,-0.007512458379968657,-0.011920598791121272,-0.0038222710618675817,-0.000767944870877505,-8.24739265,0.4118793,5.8447634
1789045254.943024,14.242,3.0,0.0,3,0,192,2.1983372015412486,-0.03191158683722478,0.0,0.0,0.0,107.0,1.0,-0.8305544391178581,0.0,0.0,0.0,37.537598990856004,nan,0.0,-0.10332089366608024,0.0,0.0,0.0,0.0,0.0,3.0,3.0,nan,0.0,0.0,0.0,0.0,0.0,nan,nan,,,0,0,0,5.0009684562683105,-2,170,True,True,False,"A:1,B:1,ESTOP:0,MODE:1",DRIVE_HEADING,,,,0,,,False,0,UNKNOWN,0.0,False,-9999.0,-1.0,-1.0,False,36.967665185,127.87360633333333,121.755,2,0.000144,36.967665185,127.87360633333333,4.0,0.012,1.0,1.0,0.0,0.0,0.043220733891326656,-10.280199199241178,0.0,5.0,0.0,0.49242692565349644,-0.03761292176547653,-0.8695078549450118,-0.007555209900072964,-0.003560471674068432,-0.0016580627893946131,0.0009599310885968813,-8.3552658,0.5982056499999999,5.834956749999999
1789045254.993019,14.292,3.0,0.0,3,0,191,2.1983372015412486,-0.03191158683722478,0.0,0.0,0.0,107.0,1.0,-0.8305544391178581,0.0,0.0,0.0,37.537598990856004,nan,0.0,-0.004312251878748091,0.0,0.0,0.0,0.0,0.0,3.0,3.0,nan,0.0,0.0,0.0,0.0,0.0,nan,nan,,,0,0,0,5.046957969665527,-2,170,True,True,False,"A:1,B:1,ESTOP:0,MODE:1",DRIVE_HEADING,,,,0,,,False,0,UNKNOWN,0.0,False,-9999.0,-1.0,-1.0,False,36.967665185,127.87360633333333,121.755,2,0.000144,36.967665185,127.87360633333333,4.0,0.04521123123168945,1.0,0.0,0.0664224624633789,0.0,0.043220733891326656,-10.280199199241178,0.0,5.0,0.0,0.49247849727654974,-0.037678497148504235,-0.8694764712293451,-0.007478405674158542,-0.01038470904936626,-0.008220500776893291,0.0027401669256310974,-8.4533323,0.36284605,5.42307745
1789045255.043027,14.342,3.0,0.0,3,0,193,2.1983372015412486,-0.03191158683722478,0.0,0.0,0.0,107.0,1.0,-0.8305544391178581,0.0,0.0,0.0,37.537598990856004,nan,0.0,0.0974923726250094,0.0,0.0,0.0,0.0,0.0,3.0,3.0,nan,0.0,0.0,0.0,0.0,0.0,nan,nan,,,0,0,0,5.044921875,-2,172,True,True,False,"A:1,B:1,ESTOP:0,MODE:1",DRIVE_HEADING,,,,0,,,False,0,UNKNOWN,0.0,False,-9999.0,-1.0,-1.0,False,36.967665185,127.87360633333333,121.755,2,0.000144,36.967665185,127.87360633333333,4.0,0.07021716785430908,1.0,0.0,0.11643433570861816,0.0,0.043220733891326656,-10.280199199241178,0.0,5.0,0.0,0.4924720983427472,-0.037609620696179145,-0.8694835069446478,-0.007428319878516811,-0.008360127117052838,-0.0028623399732707008,-0.001954768762233649,-8.414105699999999,0.53936575,5.1582979
1789045255.093047,14.392,0.0,-3.0,3,0,191,2.1983372015412486,-0.03191158683722478,0.0,0.0,0.0,107.0,1.0,-0.8305544391178581,0.0,0.0,0.0,37.537598990856004,nan,0.0,-0.17116461212024062,0.0,0.0,0.0,0.0,0.0,3.0,3.0,nan,0.0,0.0,0.0,0.0,0.0,nan,nan,,,0,0,0,5.029508590698242,-2,170,False,True,False,"A:1,B:1,ESTOP:0,MODE:1",DRIVE_HEADING,,,,0,,,False,0,UNKNOWN,0.0,False,-9999.0,-1.0,-1.0,False,36.967665185,127.87360633333333,121.755,2,0.000144,36.967665185,127.87360633333333,4.0,0.09521249485015869,1.0,0.0,0.16642498970031738,0.0,0.043220733891326656,-10.280199199241178,0.0,5.0,0.0,0.4925407692637969,-0.037583893302500136,-0.8694446708768381,-0.007550222587456253,0.0027576202181510408,-0.001239183768915974,0.004782202150464463,-8.56120545,0.4216859499999999,5.0798447
1789045255.143022,14.442,3.0,0.0,0,0,192,2.195965429497909,-0.03042732683717292,0.0,0.0,0.0,107.0,1.0,-0.82947470509216,0.0,0.0,0.0,37.54017117844865,nan,0.0,0.2144057171039999,0.0,0.0,0.0,0.0,0.0,3.0,3.0,nan,0.0,0.0,0.0,0.0,0.0,nan,nan,,,0,0,0,4.982119560241699,-2,170,True,True,False,"A:1,B:1,ESTOP:0,MODE:1",DRIVE_HEADING,,,,0,,,False,0,UNKNOWN,0.0,False,-9999.0,-1.0,-1.0,False,36.967665198333336,127.87360630666667,121.745,2,0.000144,36.967665198333336,127.87360630666667,4.0,0.012,1.0,1.0,0.0,0.0,0.045737125330790294,-10.280199199241178,0.0,5.0,0.0,0.4927223815662801,-0.03766389215674265,-0.8693378349571522,-0.007603594102107519,-0.004049163864626845,-0.0029146998508305304,-0.0056199601914217415,-8.7279185,0.46091255,4.962164899999999
1789045255.193010,14.492,3.0,0.0,3,0,192,2.195965429497909,-0.03042732683717292,0.0,0.0,0.0,107.0,1.0,-0.82947470509216,0.0,0.0,0.0,37.54017117844865,nan,0.0,-0.3808310943302081,0.0,0.0,0.0,0.0,0.0,3.0,3.0,nan,0.0,0.0,0.0,0.0,0.0,nan,nan,,,0,0,0,4.880906581878662,-2,171,True,True,False,"A:1,B:1,ESTOP:0,MODE:1",DRIVE_HEADING,,,,0,,,False,0,UNKNOWN,0.0,False,-9999.0,-1.0,-1.0,False,36.967665198333336,127.87360630666667,121.745,2,0.000144,36.967665198333336,127.87360630666667,4.0,0.04085174751281738,1.0,0.0,0.057703495025634766,0.0,0.045737125330790294,-10.280199199241178,0.0,5.0,0.0,0.4927399593523573,-0.03771867793589313,-0.8693256618368679,-0.007584686156795022,-0.005166174585903215,-0.009704030641088473,0.0012740903539558606,-8.5317855,0.6080123,4.5502856
1789045255.243048,14.542,3.0,0.0,3,0,192,2.195965429497909,-0.03042732683717292,0.0,0.0,0.0,107.0,1.0,-0.82947470509216,0.0,0.0,0.0,37.54017117844865,nan,0.0,0.014140567858452281,0.0,0.0,0.0,0.0,0.0,3.0,3.0,nan,0.0,0.0,0.0,0.0,0.0,nan,nan,,,0,0,0,4.790972709655762,-2,170,True,True,False,"A:1,B:1,ESTOP:0,MODE:1",DRIVE_HEADING,,,,0,,,False,0,UNKNOWN,0.0,False,-9999.0,-1.0,-1.0,False,36.967665198333336,127.87360630666667,121.745,2,0.000144,36.967665198333336,127.87360630666667,4.0,0.06587604236602783,1.0,0.0,0.10775208473205566,0.0,0.045737125330790294,-10.280199199241178,0.0,5.0,0.0,0.4927018190271563,-0.03775112137787968,-0.8693457436062535,-0.007599239154946487,-0.0030543261909900766,-0.023823744289722597,0.0079412480965742,-6.923494899999999,1.4317708999999998,4.18743955
1789045255.293059,14.592,3.0,0.0,3,0,192,2.195965429497909,-0.03042732683717292,0.0,0.0,0.0,107.0,1.0,-0.82947470509216,0.0,0.0,0.0,37.54017117844865,nan,0.0,0.3953482867227354,0.0,0.0,0.0,0.0,0.0,3.0,3.0,nan,0.0,0.0,0.0,0.0,0.0,nan,nan,,,0,0,0,4.833642959594727,-2,170,True,True,False,"A:1,B:1,ESTOP:0,MODE:1",DRIVE_HEADING,,,,0,,,False,0,UNKNOWN,0.0,False,-9999.0,-1.0,-1.0,False,36.967665231666665,127.87360631833333,121.748,2,0.000144,36.967665231666665,127.87360631833333,4.0,0.012,1.0,1.0,0.0,0.0,0.04856390767451982,-10.280199199241178,0.0,5.0,0.0,0.4925804104280485,-0.03768214981927765,-0.8694190073129795,-0.007428631801772393,0.03495894491744642,0.014713125594312197,0.002373647782712288,-8.69849855,0.9610517,5.8447634
1789045255.343066,14.642,3.0,0.0,3,0,191,2.1970030793718904,-0.02671667762801582,0.0,0.0,0.0,107.0,1.0,-0.8256448580872927,0.0,0.0,0.0,37.53971805917748,nan,0.0,0.07619559014928992,0.0,0.0,0.0,0.0,0.0,3.0,3.0,nan,0.0,0.0,0.0,0.0,0.0,nan,nan,,,0,0,0,5.024359703063965,-2,170,True,True,False,"A:1,B:1,ESTOP:0,MODE:1",DRIVE_HEADING,,,,0,,,False,0,UNKNOWN,0.0,False,-9999.0,-1.0,-1.0,False,36.967665231666665,127.87360631833333,121.748,2,0.000144,36.967665231666665,127.87360631833333,4.0,0.012,1.0,1.0,0.0,0.0,0.04856390767451982,-10.280199199241178,0.0,5.0,0.0,0.49264805347199625,-0.037604513784607156,-0.8693841819323957,-0.007412162910736916,-0.0045204027626653135,0.010035643198967395,0.0029146998508305304,-8.580818749999999,0.1569064,6.3939357999999995
1789045255.393069,14.692,3.0,0.0,3,0,192,2.1970030793718904,-0.02671667762801582,0.0,0.0,0.0,107.0,1.0,-0.8256448580872927,0.0,0.0,0.0,37.53971805917748,nan,0.0,0.10698119896899133,0.0,0.0,0.0,0.0,0.0,3.0,3.0,nan,0.0,0.0,0.0,0.0,0.0,nan,nan,,,0,0,0,5.117186069488525,-2,170,True,True,False,"A:1,B:1,ESTOP:0,MODE:1",DRIVE_HEADING,,,,0,,,False,0,UNKNOWN,0.0,False,-9999.0,-1.0,-1.0,False,36.967665231666665,127.87360631833333,121.748,2,0.000144,36.967665231666665,127.87360631833333,4.0,0.04643634510040283,1.0,0.0,0.06887269020080566,0.0,0.04856390767451982,-10.280199199241178,0.0,5.0,0.0,0.4925734341606115,-0.037578183286397074,-0.8694267707046393,-0.0075088269535338,-0.017575465567582896,-0.0021467549799530253,-0.0037000980142279784,-8.18855275,0.4216859499999999,5.6290170999999996
1789045255.443208,14.742,3.0,0.0,3,0,192,2.1970030793718904,-0.02671667762801582,0.0,0.0,0.0,107.0,1.0,-0.8256448580872927,0.0,0.0,0.0,37.53971805917748,nan,0.0,-0.2714747634289467,0.0,0.0,0.0,0.0,0.0,3.0,3.0,nan,0.0,0.0,0.0,0.0,0.0,nan,nan,,,0,0,0,5.172920227050781,-2,170,True,True,False,"A:1,B:1,ESTOP:0,MODE:1",DRIVE_HEADING,,,,0,,,False,0,UNKNOWN,0.0,False,-9999.0,-1.0,-1.0,False,36.967665231666665,127.87360631833333,121.748,2,0.000144,36.967665231666665,127.87360631833333,4.0,0.07143548679351806,1.0,0.0,0.11887097358703613,0.0,0.04856390767451982,-10.280199199241178,0.0,5.0,0.0,0.49248701525026317,-0.03756935983042635,-0.8694757321008041,-0.007552105639477051,-0.00778416846389471,0.005218534463463045,0.0016929693744344998,-8.306232549999999,0.67665885,5.570177199999999
1789045255.493091,14.792,3.0,0.0,3,0,296,2.1970030793718904,-0.02671667762801582,0.0,0.0,0.0,107.0,1.0,-0.8256448580872927,0.0,0.0,0.0,37.53971805917748,nan,0.0,0.03745018609791124,0.0,0.0,0.0,0.0,0.0,3.0,3.0,nan,0.0,0.0,0.0,0.0,0.0,nan,nan,,,0,0,0,5.183907508850098,-2,171,True,True,False,"A:1,B:1,ESTOP:0,MODE:1",DRIVE_HEADING,,,,0,,,False,0,UNKNOWN,0.0,False,-9999.0,-1.0,-1.0,False,36.96766520833334,127.87360633833333,121.753,2,0.000144,36.96766520833334,127.87360633833333,4.0,0.012,1.0,1.0,0.0,0.0,0.02813372249948667,-10.280199199241178,0.0,5.0,0.0,0.49255050952377105,-0.03760220022734523,-0.8694386221063231,-0.007520139346741443,-0.008028514559173916,-0.005986479334340551,-0.003525565089028546,-8.44352565,0.36284605,5.1779112
1789045255.543091,14.842,3.0,0.0,3,0,192,2.198781909352346,-0.029314131837134022,0.0,0.0,0.0,107.0,1.0,-0.8279192471141947,0.0,0.0,0.0,37.53755996757632,nan,0.0,-0.2610267142742846,0.0,0.0,0.0,0.0,0.0,3.0,3.0,nan,0.0,0.0,0.0,0.0,0.0,nan,nan,,,0,0,0,5.1984100341796875,-2,170,True,True,False,"A:1,B:1,ESTOP:0,MODE:1",DRIVE_HEADING,,,,0,,,False,0,UNKNOWN,0.0,False,-9999.0,-1.0,-1.0,False,36.96766520833334,127.87360633833333,121.753,2,0.000144,36.96766520833334,127.87360633833333,4.0,0.012,1.0,1.0,0.0,0.0,0.02813372249948667,-10.280199199241178,0.0,5.0,0.0,0.4925213201891528,-0.037575805036714705,-0.8694565876490962,-0.007486670058607193,-0.003403392041388943,-0.00905825881785057,0.00895353906273091,-8.34545915,0.50013915,5.2171378
1789045255.593082,14.892,0.0,-3.0,3,0,218,2.198781909352346,-0.029314131837134022,0.0,0.0,0.0,107.0,1.0,-0.8279192471141947,0.0,0.0,0.0,37.53755996757632,nan,0.0,0.453065339154264,0.0,0.0,0.0,0.0,0.0,3.0,3.0,nan,0.0,0.0,0.0,0.0,0.0,nan,nan,,,0,0,0,5.162036895751953,-2,170,False,True,False,"A:1,B:1,ESTOP:0,MODE:1",DRIVE_HEADING,,,,0,,,False,0,UNKNOWN,0.0,False,-9999.0,-1.0,-1.0,False,36.96766520833334,127.87360633833333,121.753,2,0.000144,36.96766520833334,127.87360633833333,4.0,0.047125732421875,1.0,0.0,0.07025146484375,0.0,0.02813372249948667,-10.280199199241178,0.0,5.0,0.0,0.49255983000775055,-0.03757023451699106,-0.8694339265153553,-0.007611751780377332,0.0008203047484373349,-0.0031066860685499066,-0.003525565089028546,-8.54159215,0.36284605,4.903325
1789045255.643111,14.942,3.0,0.0,0,0,192,2.198781909352346,-0.029314131837134022,0.0,0.0,0.0,107.0,1.0,-0.8279192471141947,0.0,0.0,0.0,37.53755996757632,nan,0.0,-0.26141079152404456,0.0,0.0,0.0,0.0,0.0,3.0,3.0,nan,0.0,0.0,0.0,0.0,0.0,nan,nan,,,0,0,0,5.094805717468262,-2,169,True,True,False,"A:1,B:1,ESTOP:0,MODE:1",DRIVE_HEADING,,,,0,,,False,0,UNKNOWN,0.0,False,-9999.0,-1.0,-1.0,False,36.96766520833334,127.87360633833333,121.753,2,0.000144,36.96766520833334,127.87360633833333,4.0,0.07211390686035156,1.0,0.0,0.12022781372070312,0.0,0.02813372249948667,-10.280199199241178,0.0,5.0,0.0,0.49283442274620387,-0.03770516296832826,-0.8692720467503658,-0.007659058713547155,-0.0046251225177849735,-0.011187560505283653,0.0014835298641951802,-8.7671451,0.57859235,4.9131316499999995
1789045255.693112,14.992,3.0,0.0,3,0,197,2.198781909352346,-0.029314131837134022,0.0,0.0,0.0,107.0,1.0,-0.8279192471141947,0.0,0.0,0.0,37.53755996757632,nan,0.0,0.025538030059003555,0.0,0.0,0.0,0.0,0.0,3.0,3.0,nan,0.0,0.0,0.0,0.0,0.0,nan,nan,,,0,0,0,5.04905366897583,-2,170,True,True,False,"A:1,B:1,ESTOP:0,MODE:1",DRIVE_HEADING,,,,0,,,False,0,UNKNOWN,0.0,False,-9999.0,-1.0,-1.0,False,36.967665215,127.87360631166666,121.756,2,0.000144,36.967665215,127.87360631166666,4.0,0.012,1.0,1.0,0.0,0.0,0.017812607316933016,-10.280199199241178,0.0,5.0,0.0,0.49276117646557843,-0.037656486089840915,-0.8693163047444749,-0.007587774972681444,-0.015969762655748117,-0.004886921905584123,0.0052010811709431014,-8.4533323,0.5491724,4.873905049999999
1789045255.743174,15.042,3.0,0.0,3,0,192,2.1964101360450723,-0.02857200262808065,0.0,0.0,0.0,107.0,1.0,-0.8275718087950475,0.0,0.0,0.0,37.54001780209867,nan,0.0,0.23806095399888552,0.0,0.0,0.0,0.0,0.0,3.0,3.0,nan,0.0,0.0,0.0,0.0,0.0,nan,nan,,,0,0,0,4.99689245223999,-2,170,True,True,False,"A:1,B:1,ESTOP:0,MODE:1",DRIVE_HEADING,,,,0,,,False,0,UNKNOWN,0.0,False,-9999.0,-1.0,-1.0,False,36.967665215,127.87360631166666,121.756,2,0.000144,36.967665215,127.87360631166666,4.0,0.024602925300598145,1.0,0.0,0.02520585060119629,0.0,0.017812607316933016,-10.280199199241178,0.0,5.0,0.0,0.4926785103544328,-0.0375515903404176,-0.8693682401294256,-0.007525061601595356,0.02895501229058593,0.0038222710618675817,0.0075223690760955605,-8.6102387,0.67665885,4.9817782
1789045255.793162,15.092,3.0,0.0,3,0,192,2.1964101360450723,-0.02857200262808065,0.0,0.0,0.0,107.0,1.0,-0.8275718087950475,0.0,0.0,0.0,37.54001780209867,nan,0.0,0.3703188320908878,0.0,0.0,0.0,0.0,0.0,3.0,3.0,nan,0.0,0.0,0.0,0.0,0.0,nan,nan,,,0,0,0,5.374975681304932,-2,170,True,True,False,"A:1,B:1,ESTOP:0,MODE:1",DRIVE_HEADING,,,,0,,,False,0,UNKNOWN,0.0,False,-9999.0,-1.0,-1.0,False,36.967665215,127.87360631166666,121.756,2,0.000144,36.967665215,127.87360631166666,4.0,0.049612795829772946,1.0,0.0,0.0752255916595459,0.0,0.017812607316933016,-10.280199199241178,0.0,5.0,0.0,0.49261833774432184,-0.03757154918294622,-0.8694026742022288,-0.0073852623533568265,-0.029408797896104455,-0.007330382858376184,0.0016755160819145565,-7.75706015,-0.02941995,7.139241199999999
1789045255.843053,15.142,3.0,0.0,3,0,191,2.1964101360450723,-0.02857200262808065,0.0,0.0,0.0,107.0,1.0,-0.8275718087950475,0.0,0.0,0.0,37.54001780209867,nan,0.0,0.035248194426705994,0.0,0.0,0.0,0.0,0.0,3.0,3.0,nan,0.0,0.0,0.0,0.0,0.0,nan,nan,,,1,0,1,5.532686233520508,-2,170,True,True,False,"A:1,B:1,ESTOP:0,MODE:1",DRIVE_HEADING,,,,0,,,False,0,UNKNOWN,0.0,False,-9999.0,-1.0,-1.0,False,36.967665215,127.87360631166666,121.756,2,0.000144,36.967665215,127.87360631166666,4.0,0.0746370906829834,1.0,0.0,0.1252741813659668,0.0,0.017812607316933016,-10.280199199241178,0.0,5.0,0.0,0.4925805447967838,-0.0377006125680139,-0.8694180854051322,-0.007433940420414474,-0.015184364492350668,0.0061959188445798695,0.00010471975511965978,-8.3748791,0.35303939999999995,6.138962899999999
1789045255.893097,15.192,3.0,0.0,3,0,191,2.1964101360450723,-0.02857200262808065,0.0,0.5,0.0,107.0,1.0,-0.8275718087950475,0.0,0.0,0.0,37.54001780209867,nan,0.0,-0.05464230196214742,0.0,0.0,0.0,0.0,0.0,3.0,3.0,nan,0.0,0.0,0.0,0.0,0.0,nan,nan,,,1,0,1,5.527398109436035,-2,170,True,True,False,"A:1,B:1,ESTOP:0,MODE:1",DRIVE_HEADING,,,,0,,,False,0,UNKNOWN,0.0,False,-9999.0,-1.0,-1.0,False,36.967665235,127.87360635666667,121.748,2,0.000144,36.967665235,127.87360635666667,4.0,0.012,1.0,1.0,0.0,0.0,0.030257238960810028,-10.280199199241178,0.0,5.0,0.0,0.4925218488124672,-0.03768330082021504,-0.8694513326265537,-0.00752180002075073,-0.008813912722571364,-0.0028797932657906437,-0.0023212879051524586,-8.4729456,0.6080123,5.20733115
1789045255.943093,15.242,3.0,0.0,3,0,192,2.200412503817081,-0.02634561262800286,0.0,0.5,0.0,107.0,1.0,-0.824725480719871,0.0,0.0,0.0,37.53640667244074,nan,0.0,-0.19325501735822317,0.0,0.0,0.0,0.0,0.0,3.0,3.0,nan,0.0,0.0,0.0,0.0,0.0,nan,nan,,,0,0,0,5.529399394989014,-2,380,True,True,False,"A:1,B:1,ESTOP:0,MODE:1",DRIVE_HEADING,,,,0,,,False,0,UNKNOWN,0.0,False,-9999.0,-1.0,-1.0,False,36.967665235,127.87360635666667,121.748,2,0.000144,36.967665235,127.87360635666667,4.0,0.012,1.0,1.0,0.0,0.0,0.030257238960810028,-10.280199199241178,0.0,5.0,0.0,0.4921930193943512,-0.03775016432704302,-0.8696353428013739,-0.00743823255149316,-0.012863076587198208,-0.008290313946973065,0.005218534463463045,-8.26700595,0.6668522,5.1779112
1789045255.993057,15.292,3.0,0.0,3,0,192,2.200412503817081,-0.02634561262800286,0.0,0.0,0.0,107.0,1.0,-0.824725480719871,0.0,0.0,0.0,37.53640667244074,nan,0.0,0.2382674926764933,0.0,0.0,0.0,0.0,0.0,3.0,3.0,nan,0.0,0.0,0.0,0.0,0.0,nan,nan,,,0,0,0,5.545856952667236,-2,173,True,True,False,"A:1,B:1,ESTOP:0,MODE:1",DRIVE_HEADING,,,,0,,,False,0,UNKNOWN,0.0,False,-9999.0,-1.0,-1.0,False,36.967665235,127.87360635666667,121.748,2,0.000144,36.967665235,127.87360635666667,4.0,0.04563704681396484,1.0,0.0,0.06727409362792969,0.0,0.030257238960810028,-10.280199199241178,0.0,5.0,0.0,0.4922235187583971,-0.03769206431044778,-0.8696208108660086,-0.007413580637216543,-0.0031066860685499066,0.0019896753472735357,0.0029670597283903604,-8.404299049999999,0.40207265,5.22694445
1789045256.043113,15.342,3.0,0.0,3,0,192,2.200412503817081,-0.02634561262800286,0.0,0.0,0.0,107.0,1.0,-0.824725480719871,0.0,0.0,0.0,37.53640667244074,nan,0.0,0.10904895769114034,0.0,0.0,0.0,0.0,0.0,3.0,3.0,nan,0.0,0.0,0.0,0.0,0.0,nan,nan,,,0,0,0,5.557464599609375,-2,170,True,True,False,"A:1,B:1,ESTOP:0,MODE:1",DRIVE_HEADING,,,,0,,,False,0,UNKNOWN,0.0,False,-9999.0,-1.0,-1.0,False,36.967665235,127.87360635666667,121.748,2,0.000144,36.967665235,127.87360635666667,4.0,0.07067183208465576,1.0,0.0,0.11734366416931152,0.0,0.030257238960810028,-10.280199199241178,0.0,5.0,0.0,0.49228690375869044,-0.03763660027808395,-0.8695867476439987,-0.0074819134666228825,-0.0045553093477052,0.0014835298641951802,0.004572762640225144,-8.36507245,0.46091255,5.1975245
1789045256.093269,15.392,3.0,0.0,3,0,192,2.200412503817081,-0.02634561262800286,0.0,0.0,0.0,107.0,1.0,-0.824725480719871,0.0,0.0,0.0,37.53640667244074,nan,0.0,0.2006468597757581,0.0,0.0,0.0,0.0,0.0,3.0,3.0,nan,0.0,0.0,0.0,0.0,0.0,nan,nan,,,0,0,0,5.532017230987549,-2,260,True,True,False,"A:1,B:1,ESTOP:0,MODE:1",DRIVE_HEADING,,,,0,,,False,0,UNKNOWN,0.0,False,-9999.0,-1.0,-1.0,False,36.967665235,127.87360635666667,121.748,2,0.000144,36.967665235,127.87360635666667,4.0,0.09569028568267822,1.0,0.0,0.16738057136535645,0.0,0.030257238960810028,-10.280199199241178,0.0,5.0,0.0,0.492333508266989,-0.037637129253732124,-0.8695593067597533,-0.0076009977340974685,-0.007260569688296411,-0.00020943951023931956,-0.00022689280275926284,-8.42391235,0.50013915,4.99158485
1789045256.143111,15.442,3.0,0.0,3,0,192,2.200412503817081,-0.02634561262800286,0.0,0.0,0.0,107.0,1.0,-0.824725480719871,0.0,0.0,0.0,37.53640667244074,nan,0.0,-0.07420443394379346,0.0,0.0,0.0,0.0,0.0,3.0,3.0,nan,0.0,0.0,0.0,0.0,0.0,nan,nan,,,0,0,0,5.4540510177612305,-2,170,True,True,False,"A:1,B:1,ESTOP:0,MODE:1",DRIVE_HEADING,,,,0,,,False,0,UNKNOWN,0.0,False,-9999.0,-1.0,-1.0,False,36.96766523,127.87360634666666,121.751,2,0.000144,36.96766523,127.87360634666666,4.0,0.012,1.0,1.0,0.0,0.0,0.030109028080054213,-10.280199199241178,0.0,5.0,0.0,0.492703662306294,-0.037774129133379186,-0.8693439003271157,-0.007576231399447044,-0.00942477796076938,0.0020943951023931952,-0.008621926504851989,-8.62004535,0.53936575,4.746418599999999
1789045256.193157,15.492,3.0,0.0,3,0,192,2.1995230881948857,-0.026902209732536028,0.0,0.0,0.0,107.0,1.0,-0.825419022330898,0.0,0.0,0.0,37.53719958916867,nan,0.0,-0.5540940250759059,0.0,0.0,0.0,0.0,0.0,3.0,3.0,nan,0.0,0.0,0.0,0.0,0.0,nan,nan,,,0,0,0,5.391098976135254,-2,170,True,True,False,"A:1,B:1,ESTOP:0,MODE:1",DRIVE_HEADING,,,,0,,,False,0,UNKNOWN,0.0,False,-9999.0,-1.0,-1.0,False,36.96766523,127.87360634666666,121.751,2,0.000144,36.96766523,127.87360634666666,4.0,0.038438832283020016,1.0,0.0,0.05287766456604004,0.0,0.030109028080054213,-10.280199199241178,0.0,5.0,0.0,0.4928509441983613,-0.03778280213093095,-0.8692604015896949,-0.007533982614857382,-0.007923794804054257,-0.0035779249665883754,0.0007155849933176752,-8.60043205,0.5491724,4.834678449999999
1789045256.243193,15.542,3.0,0.0,3,0,192,2.1995230881948857,-0.026902209732536028,0.0,0.0,0.0,107.0,1.0,-0.825419022330898,0.0,0.0,0.0,37.53719958916867,nan,0.0,-0.01905583702575405,0.0,0.0,0.0,0.0,0.0,3.0,3.0,nan,0.0,0.0,0.0,0.0,0.0,nan,nan,,,0,0,0,5.366245746612549,-2,178,True,True,False,"A:1,B:1,ESTOP:0,MODE:1",DRIVE_HEADING,,,,0,,,False,0,UNKNOWN,0.0,False,-9999.0,-1.0,-1.0,False,36.96766523,127.87360634666666,121.751,2,0.000144,36.96766523,127.87360634666666,4.0,0.06341258239746093,1.0,0.0,0.10282516479492188,0.0,0.030109028080054213,-10.280199199241178,0.0,5.0,0.0,0.4929326108953437,-0.037766048162583686,-0.8692145622444408,-0.007563828679060185,-0.008412486994612669,0.010663961729685353,0.004886921905584123,-8.5513988,0.5099457999999999,5.0504247499999995
1789045256.293069,15.592,3.0,0.0,3,0,191,2.1995230881948857,-0.026902209732536028,0.0,0.0,0.0,107.0,1.0,-0.825419022330898,0.0,0.0,0.0,37.53719958916867,nan,0.0,0.21950427464829747,0.0,0.0,0.0,0.0,0.0,3.0,3.0,nan,0.0,0.0,0.0,0.0,0.0,nan,nan,,,0,0,0,5.333485126495361,-2,376,True,True,False,"A:1,B:1,ESTOP:0,MODE:1",DRIVE_HEADING,,,,0,,,False,0,UNKNOWN,0.0,False,-9999.0,-1.0,-1.0,False,36.96766523833333,127.87360631,121.759,2,0.000144,36.96766523833333,127.87360631,4.0,0.012,1.0,1.0,0.0,0.0,0.03755734613060124,-10.280199199241178,0.0,5.0,0.0,0.4929830649607083,-0.03775865280897135,-0.8691870221649965,-0.007476784064251785,-0.006283185307179586,-0.004118977034706617,0.00047123889803846896,-8.69849855,0.4216859499999999,5.03081145
1789045256.343163,15.642,3.0,0.0,3,0,285,2.196261900529351,-0.025974547627989893,0.0,0.0,0.0,107.0,1.0,-0.825032830696717,0.0,0.0,0.0,37.54056483630251,nan,0.0,-0.03342873390099914,0.0,0.0,0.0,0.0,0.0,3.0,3.0,nan,0.0,0.0,0.0,0.0,0.0,nan,nan,,,0,0,0,5.111871242523193,-2,170,True,True,False,"A:1,B:1,ESTOP:0,MODE:1",DRIVE_HEADING,,,,0,,,False,0,UNKNOWN,0.0,False,-9999.0,-1.0,-1.0,False,36.96766523833333,127.87360631,121.759,2,0.000144,36.96766523833333,127.87360631,4.0,0.012,1.0,1.0,0.0,0.0,0.03755734613060124,-10.280199199241178,0.0,5.0,0.0,0.49306788571749094,-0.03764448052298834,-0.8691432738012417,-0.007544717774525169,0.014468779499032991,-0.0019024088846738192,-0.00013962634015954637,-8.6102387,1.0395048999999998,3.97169325
1789045256.393173,15.692,3.0,0.0,3,0,196,2.196261900529351,-0.025974547627989893,0.0,0.0,0.0,107.0,1.0,-0.825032830696717,0.0,0.0,0.0,37.54056483630251,nan,0.0,-0.06829187643319715,0.0,0.0,0.0,0.0,0.0,3.0,3.0,nan,0.0,0.0,0.0,0.0,0.0,nan,nan,,,0,0,0,5.17296028137207,-2,170,True,True,False,"A:1,B:1,ESTOP:0,MODE:1",DRIVE_HEADING,,,,0,,,False,0,UNKNOWN,0.0,False,-9999.0,-1.0,-1.0,False,36.96766523833333,127.87360631,121.759,2,0.000144,36.96766523833333,127.87360631,4.0,0.04589763832092285,1.0,0.0,0.0677952766418457,0.0,0.03755734613060124,-10.280199199241178,0.0,5.0,0.0,0.49307040815775105,-0.037622911487853364,-0.8691420688184764,-0.007625833742252546,-0.0051836278784231585,0.0017976891295541594,-0.01387536755335492,-8.5317855,0.38245935,5.570177199999999
1789045256.443116,15.742,3.0,0.0,3,0,191,2.196261900529351,-0.025974547627989893,0.0,0.0,0.0,107.0,1.0,-0.825032830696717,0.0,0.0,0.0,37.54056483630251,nan,0.0,-0.8535812926803308,0.0,0.0,0.0,0.0,0.0,3.0,3.0,nan,0.0,0.0,0.0,0.0,0.0,nan,nan,,,0,0,0,5.100764751434326,-2,178,True,True,False,"A:1,B:1,ESTOP:0,MODE:1",DRIVE_HEADING,,,,0,,,False,0,UNKNOWN,0.0,False,-9999.0,-1.0,-1.0,False,36.96766523833333,127.87360631,121.759,2,0.000144,36.96766523833333,127.87360631,4.0,0.07092753601074218,1.0,0.0,0.11785507202148438,0.0,0.03755734613060124,-10.280199199241178,0.0,5.0,0.0,0.4931442979321361,-0.037662999705140074,-0.8690979160337381,-0.007681940903495686,-0.0076270888312152205,0.011449359893082803,0.0023212879051524586,-8.87501825,0.5883989999999999,4.93274495
1789045256.493044,15.792,3.0,0.0,3,0,192,2.196261900529351,-0.025974547627989893,0.0,0.0,0.0,107.0,1.0,-0.825032830696717,0.0,0.0,0.0,37.54056483630251,nan,0.0,0.07426986990502996,0.0,0.0,0.0,0.0,0.0,3.0,3.0,nan,0.0,0.0,0.0,0.0,0.0,nan,nan,,,0,0,0,5.014132499694824,-2,172,True,True,False,"A:1,B:1,ESTOP:0,MODE:1",DRIVE_HEADING,,,,0,,,False,0,UNKNOWN,0.0,False,-9999.0,-1.0,-1.0,False,36.967665205,127.87360647166666,121.761,2,0.000144,36.967665205,127.87360647166666,4.0,0.012,1.0,1.0,0.0,0.0,0.10783652630339124,-10.280199199241178,0.0,5.0,0.0,0.4931519245430687,-0.03772223290169123,-0.8690908062658637,-0.007706031957436993,-0.003735004599267865,-0.003735004599267865,-0.004258603374866164,-8.44352565,0.4903325,4.54047895
1789045256.543245,15.842,3.0,0.0,3,0,191,2.2106407746247827,-0.029685196837146988,0.0,0.0,0.0,107.0,1.0,-0.826361116573113,0.0,0.0,0.0,37.52578571016124,nan,0.0,-0.30212466983478015,0.0,0.0,0.0,0.0,0.0,3.0,3.0,nan,0.0,0.0,0.0,0.0,0.0,nan,nan,,,0,0,0,4.9201436042785645,-2,170,True,True,False,"A:1,B:1,ESTOP:0,MODE:1",DRIVE_HEADING,,,,0,,,False,0,UNKNOWN,0.0,False,-9999.0,-1.0,-1.0,False,36.967665205,127.87360647166666,121.761,2,0.000144,36.967665205,127.87360647166666,4.0,0.012,1.0,1.0,0.0,0.0,0.10783652630339124,-10.280199199241178,0.0,5.0,0.0,0.49316613493279576,-0.0377290090483791,-0.8690834488565744,-0.007592374808758504,0.016458454846306526,-0.0064228116473391324,-0.005061454830783556,-8.5121722,0.1372931,4.30511935
1789045256.593291,15.892,3.0,0.0,3,0,193,2.2106407746247827,-0.029685196837146988,0.0,0.0,0.0,107.0,1.0,-0.826361116573113,0.0,0.0,0.0,37.52578571016124,nan,0.0,-0.3474284204951106,0.0,0.0,0.0,0.0,0.0,3.0,3.0,nan,0.0,0.0,0.0,0.0,0.0,nan,nan,,,0,0,0,4.975152969360352,-2,172,True,True,False,"A:1,B:1,ESTOP:0,MODE:1",DRIVE_HEADING,,,,0,,,False,0,UNKNOWN,0.0,False,-9999.0,-1.0,-1.0,False,36.967665205,127.87360647166666,121.761,2,0.000144,36.967665205,127.87360647166666,4.0,0.047134553909301755,1.0,0.0,0.07026910781860352,0.0,0.10783652630339124,-10.280199199241178,0.0,5.0,0.0,0.49320846746911057,-0.03781400594960482,-0.8690549053556028,-0.007686354674271988,0.02377138441216277,0.0021467549799530253,-0.0036477381366681488,-8.580818749999999,0.0784532,5.36423755
1789045256.643157,15.942,0.0,-3.0,3,0,192,2.2106407746247827,-0.029685196837146988,0.0,0.0,0.0,107.0,1.0,-0.826361116573113,0.0,0.0,0.0,37.52578571016124,nan,0.0,-0.26589556365412037,0.0,0.0,0.0,0.0,0.0,3.0,3.0,nan,0.0,0.0,0.0,0.0,0.0,nan,nan,,,0,0,0,4.917326927185059,-2,172,False,True,False,"A:1,B:1,ESTOP:0,MODE:1",DRIVE_HEADING,,,,0,,,False,0,UNKNOWN,0.0,False,-9999.0,-1.0,-1.0,False,36.967665205,127.87360647166666,121.761,2,0.000144,36.967665205,127.87360647166666,4.0,0.07212630462646484,1.0,0.0,0.12025260925292969,0.0,0.10783652630339124,-10.280199199241178,0.0,5.0,0.0,0.4934211939345576,-0.03788686735114882,-0.8689306400283167,-0.007723566436063041,0.020786871391252466,0.0024434609527920616,0.005270894341022875,-9.26728425,0.4118793,5.1190713
1789045256.693086,15.992,3.0,0.0,0,0,191,2.2106407746247827,-0.029685196837146988,0.0,0.0,0.0,107.0,1.0,-0.826361116573113,0.0,0.0,0.0,37.52578571016124,nan,0.0,0.24461422747318787,0.0,0.0,0.0,0.0,0.0,3.0,3.0,nan,0.0,0.0,0.0,0.0,0.0,nan,nan,,,0,0,0,4.681687355041504,-2,171,True,True,False,"A:1,B:1,ESTOP:0,MODE:1",DRIVE_HEADING,,,,0,,,False,0,UNKNOWN,0.0,False,-9999.0,-1.0,-1.0,False,36.967665115,127.87360679166666,121.77,2,0.000144,36.967665115,127.87360679166666,4.0,0.012,1.0,1.0,0.0,0.0,0.4096442640864679,-10.280199199241178,0.0,5.0,0.0,0.49348584959486663,-0.03807572973522889,-0.8688843653920841,-0.007868585130621351,-0.04082325120414737,-0.019565140914856435,0.0031764992386296795,-8.227779349999999,0.392266,3.22638785
1789045256.743085,16.042,3.0,0.0,3,0,191,2.2391020517842044,-0.039703951046524494,0.0,0.0,0.0,107.0,1.0,-0.8316288274799057,0.0,0.0,0.0,37.496120283125705,nan,0.0,0.1243649990182415,0.0,0.0,0.0,0.0,0.0,3.0,3.0,nan,0.0,0.0,0.0,0.0,0.0,nan,nan,,,0,0,0,4.776157379150391,-2,276,True,True,False,"A:1,B:1,ESTOP:0,MODE:1",DRIVE_HEADING,,,,0,,,False,0,UNKNOWN,0.0,False,-9999.0,-1.0,-1.0,False,36.967665115,127.87360679166666,121.77,2,0.000144,36.967665115,127.87360679166666,4.0,0.012,1.0,1.0,0.0,0.0,0.4096442640864679,-10.280199199241178,0.0,5.0,0.0,0.4933679815478607,-0.0382312709939797,-0.868943299309748,-0.007996704712836474,-0.008866272600131194,0.0020245819323134223,-0.0038048177693476384,-7.95319315,1.1964112999999998,5.9918631499999995
1789045256.793084,16.092,3.0,0.0,3,0,200,2.2391020517842044,-0.039703951046524494,0.0,0.0,0.0,107.0,1.0,-0.8316288274799057,0.0,0.0,0.0,37.496120283125705,nan,0.0,-0.275083730979795,0.0,0.0,0.0,0.0,0.0,3.0,3.0,nan,0.0,0.0,0.0,0.0,0.0,nan,nan,,,0,0,0,4.875982761383057,-2,252,True,True,False,"A:1,B:1,ESTOP:0,MODE:1",DRIVE_HEADING,,,,0,,,False,0,UNKNOWN,0.0,False,-9999.0,-1.0,-1.0,False,36.967665115,127.87360679166666,121.77,2,0.000144,36.967665115,127.87360679166666,4.0,0.04824475002288818,1.0,0.0,0.07248950004577637,0.0,0.4096442640864679,-10.280199199241178,0.0,5.0,0.0,0.4933024475386033,-0.03817459706089239,-0.8689836842919492,-0.007921605017421677,0.00952949771588904,0.02663372438543347,-0.003839724354387525,-9.5516771,1.1866046499999998,6.874461649999999
1789045256.843308,16.142,3.0,0.0,3,0,191,2.2391020517842044,-0.039703951046524494,0.0,0.0,0.0,107.0,1.0,-0.8316288274799057,0.0,0.0,0.0,37.496120283125705,nan,0.0,-0.2765295635178354,0.0,0.0,0.0,0.0,0.0,3.0,3.0,nan,0.0,0.0,0.0,0.0,0.0,nan,nan,,,0,0,0,4.880936145782471,-2,252,True,True,False,"A:1,B:1,ESTOP:0,MODE:1",DRIVE_HEADING,,,,0,,,False,0,UNKNOWN,0.0,False,-9999.0,-1.0,-1.0,False,36.967665115,127.87360679166666,121.77,2,0.000144,36.967665115,127.87360679166666,4.0,0.07323268604278564,1.0,0.0,0.12246537208557129,0.0,0.4096442640864679,-10.280199199241178,0.0,5.0,0.0,0.49319650644254015,-0.03817291788725215,-0.8690439970578183,-0.007909838848997694,0.007871434926494426,0.0059515727493006645,1.7453292519943296e-05,-8.73772515,-0.30400615,4.8640984
1789045256.893050,16.192,3.0,0.0,3,0,191,2.2391020517842044,-0.039703951046524494,0.0,0.0,0.0,107.0,1.0,-0.8316288274799057,0.0,0.0,0.0,37.496120283125705,nan,0.0,-0.05541850439079972,0.0,0.0,0.0,0.0,0.0,3.0,3.0,nan,0.0,0.0,0.0,0.0,0.0,nan,nan,,,0,0,0,4.763531684875488,-2,170,True,True,False,"A:1,B:1,ESTOP:0,MODE:1",DRIVE_HEADING,,,,0,,,False,0,UNKNOWN,0.0,False,-9999.0,-1.0,-1.0,False,36.96766509,127.87360722833333,121.771,2,0.000144,36.96766509,127.87360722833333,4.0,0.012,1.0,1.0,0.0,0.0,0.6089758602319253,-10.280199199241178,0.0,5.0,0.0,0.49326248935196915,-0.038277342393210706,-0.8690011597608137,-0.00799662378583699,-0.0035081117965086025,-0.021170843826691217,-0.003351032163829113,-8.4533323,-0.0196133,3.95207995
1789045256.943116,16.242,3.0,0.0,3,0,192,2.277939836530983,-0.04248693894210801,0.0,0.0,0.0,107.0,1.0,-0.828072922787208,0.0,0.0,0.0,37.45731757977946,nan,0.0,-0.24792166738201815,0.0,0.0,0.0,0.0,0.0,3.0,3.0,nan,0.0,0.0,0.0,0.0,0.0,nan,nan,,,0,0,0,4.916522026062012,-2,170,True,True,False,"A:1,B:1,ESTOP:0,MODE:1",DRIVE_HEADING,,,,0,,,False,0,UNKNOWN,0.0,False,-9999.0,-1.0,-1.0,False,36.96766509,127.87360722833333,121.771,2,0.000144,36.96766509,127.87360722833333,4.0,0.012,1.0,1.0,0.0,0.0,0.6089758602319253,-10.280199199241178,0.0,5.0,0.0,0.4931741461480837,-0.0382868925443985,-0.8690500985200089,-0.008080946279052564,-0.025953045977155684,-0.01722639971718403,-0.0013962634015954637,-7.9629998,0.38245935,5.923216599999999
1789045256.993083,16.292,3.0,0.0,3,0,192,2.277939836530983,-0.04248693894210801,0.0,0.0,0.0,107.0,1.0,-0.828072922787208,0.0,0.0,0.0,37.45731757977946,nan,0.0,-0.1356498240472541,0.0,0.0,0.0,0.0,0.0,3.0,3.0,nan,0.0,0.0,0.0,0.0,0.0,nan,nan,,,0,0,0,4.954824924468994,-2,345,True,True,False,"A:1,B:1,ESTOP:0,MODE:1",DRIVE_HEADING,,,,0,,,False,0,UNKNOWN,0.0,False,-9999.0,-1.0,-1.0,False,36.96766509,127.87360722833333,121.771,2,0.000144,36.96766509,127.87360722833333,4.0,0.04463628482818603,1.0,0.0,0.06527256965637207,0.0,0.6089758602319253,-10.280199199241178,0.0,5.0,0.0,0.49310262689732864,-0.03836732564741881,-0.8690863393696469,-0.008165928648095493,-0.008429940287132611,-0.007330382858376184,-0.001832595714594046,-7.5903471,0.6276256,5.03081145
1789045257.043140,16.342,3.0,0.0,3,0,194,2.277939836530983,-0.04248693894210801,0.0,0.0,0.0,107.0,1.0,-0.828072922787208,0.0,0.0,0.0,37.45731757977946,nan,0.0,-0.1603285243991596,0.0,0.0,0.0,0.0,0.0,3.0,3.0,nan,0.0,0.0,0.0,0.0,0.0,nan,nan,,,0,0,0,5.009315013885498,-2,170,True,True,False,"A:1,B:1,ESTOP:0,MODE:1",DRIVE_HEADING,,,,0,,,False,0,UNKNOWN,0.0,False,-9999.0,-1.0,-1.0,False,36.96766509,127.87360722833333,121.771,2,0.000144,36.96766509,127.87360722833333,4.0,0.06967989158630371,1.0,0.0,0.11535978317260742,0.0,0.6089758602319253,-10.280199199241178,0.0,5.0,0.0,0.4932393668478831,-0.03840752061399205,-0.8690067659039896,-0.008187195177436234,-0.003159045946109736,0.01478293876439197,-0.0016057029118347831,-8.63965865,0.55897905,5.6780503499999995
1789045257.093185,16.392,3.0,0.0,3,0,192,2.277939836530983,-0.04248693894210801,0.0,0.0,0.0,107.0,1.0,-0.828072922787208,0.0,0.0,0.0,37.45731757977946,nan,0.0,-0.14703386735036125,0.0,0.0,0.0,0.0,0.0,3.0,3.0,nan,0.0,0.0,0.0,0.0,0.0,nan,nan,,,0,0,0,5.076772689819336,-2,170,True,True,False,"A:1,B:1,ESTOP:0,MODE:1",DRIVE_HEADING,,,,0,,,False,0,UNKNOWN,0.0,False,-9999.0,-1.0,-1.0,False,36.96766509,127.87360722833333,121.771,2,0.000144,36.96766509,127.87360722833333,4.0,0.09466746997833252,1.0,0.0,0.16533493995666504,0.0,0.6089758602319253,-10.280199199241178,0.0,5.0,0.0,0.4931831276319581,-0.038378688821264745,-0.8690395809396513,-0.008227127308812664,-0.011205013797803596,0.0004014257279586958,0.0015184364492350666,-8.4729456,0.5982056499999999,5.707470299999999
1789045257.143174,16.442,0.0,-3.0,3,0,192,2.305808171627521,-0.04193034104660229,0.0,0.0,0.0,107.0,1.0,-0.8230016480106814,0.0,0.0,0.0,37.42986846804469,nan,0.0,0.031902200384339455,0.0,0.0,0.0,0.0,0.0,3.0,3.0,nan,0.0,0.0,0.0,0.0,0.0,nan,nan,,,0,0,0,5.245299339294434,-2,171,False,True,False,"A:1,B:1,ESTOP:0,MODE:1",DRIVE_HEADING,,,,0,,,False,0,UNKNOWN,0.0,False,-9999.0,-1.0,-1.0,False,36.967665095,127.87360754166667,121.758,2,0.00016384,36.967665095,127.87360754166667,4.0,0.0128,1.0,1.0,0.0,0.0,0.5805132250324435,-10.280199199241178,0.0,5.0,0.0,0.49309485452735075,-0.03838061134357862,-0.8690888239436473,-0.008307178088382522,-0.029251718263424962,-0.002548180707911721,0.002076941809873252,-7.85512665,0.04903325,5.7663101999999995
1789045257.193187,16.492,3.0,0.0,0,0,192,2.305808171627521,-0.04193034104660229,0.0,0.0,0.0,107.0,1.0,-0.8230016480106814,0.0,0.0,0.0,37.42986846804469,nan,0.0,0.06377439598357078,0.0,0.0,0.0,0.0,0.0,3.0,3.0,nan,0.0,0.0,0.0,0.0,0.0,nan,nan,,,0,0,0,4.932382106781006,-2,170,True,True,False,"A:1,B:1,ESTOP:0,MODE:1",DRIVE_HEADING,,,,0,,,False,0,UNKNOWN,0.0,False,-9999.0,-1.0,-1.0,False,36.967665095,127.87360754166667,121.758,2,0.00016384,36.967665095,127.87360754166667,4.0,0.0420973518371582,1.0,0.0,0.058594703674316406,0.0,0.5805132250324435,-10.280199199241178,0.0,5.0,0.0,0.4931425837743727,-0.03841521329398621,-0.8690604236243888,-0.008285140053798528,-0.0064053583548191895,-0.0064053583548191895,-0.0014486232791552935,-8.5317855,0.8237586,3.12832135
1789045257.243127,16.542,3.0,0.0,3,0,192,2.305808171627521,-0.04193034104660229,0.0,0.0,0.0,107.0,1.0,-0.8230016480106814,0.0,0.0,0.0,37.42986846804469,nan,0.0,-0.13794915280839637,0.0,0.0,0.0,0.0,0.0,3.0,3.0,nan,0.0,0.0,0.0,0.0,0.0,nan,nan,,,0,0,0,4.994638919830322,-2,170,True,True,False,"A:1,B:1,ESTOP:0,MODE:1",DRIVE_HEADING,,,,0,,,False,0,UNKNOWN,0.0,False,-9999.0,-1.0,-1.0,False,36.967665095,127.87360754166667,121.758,2,0.00016384,36.967665095,127.87360754166667,4.0,0.06711759357452393,1.0,0.0,0.10863518714904785,0.0,0.5805132250324435,-10.280199199241178,0.0,5.0,0.0,0.4931736425534289,-0.0383637313855979,-0.8690453706237501,-0.00825385983555767,-0.008936085770210968,-0.005881759579220891,-0.0030368728984701333,-8.7671451,0.6276256,5.8545700499999995
1789045257.293067,16.592,3.0,0.0,3,0,191,2.305808171627521,-0.04193034104660229,0.0,0.0,0.0,107.0,1.0,-0.8230016480106814,0.0,0.0,0.0,37.42986846804469,nan,0.0,-0.22849125450277952,0.0,0.0,0.0,0.0,0.0,3.0,3.0,nan,0.0,0.0,0.0,0.0,0.0,nan,nan,,,0,0,0,4.8820624351501465,-2,170,True,True,False,"A:1,B:1,ESTOP:0,MODE:1",DRIVE_HEADING,,,,0,,,False,0,UNKNOWN,0.0,False,-9999.0,-1.0,-1.0,False,36.967665035,127.87360776166666,121.761,2,0.000144,36.967665035,127.87360776166666,4.0,0.012,1.0,1.0,0.0,0.0,0.4329850253613024,-10.280199199241178,0.0,5.0,0.0,0.4930238929975122,-0.03830474209633804,-0.8691310180595379,-0.008453467531252586,0.050562188430275726,-0.01420698011123384,-0.007138396640656807,-8.73772515,0.65704555,4.5993188499999995
1789045257.343110,16.642,3.0,0.0,3,0,191,2.3253752988846643,-0.048609510255863096,0.0,0.0,0.0,107.0,1.0,-0.8264172412531086,0.0,0.0,0.0,37.40950532206562,nan,0.0,-0.46256427199377403,0.0,0.0,0.0,0.0,0.0,3.0,3.0,nan,0.0,0.0,0.0,0.0,0.0,nan,nan,,,0,0,0,5.046059608459473,-2,202,True,True,False,"A:1,B:1,ESTOP:0,MODE:1",DRIVE_HEADING,,,,0,,,False,0,UNKNOWN,0.0,False,-9999.0,-1.0,-1.0,False,36.967665035,127.87360776166666,121.761,2,0.000144,36.967665035,127.87360776166666,4.0,0.012,1.0,1.0,0.0,0.0,0.4329850253613024,-10.280199199241178,0.0,5.0,0.0,0.4929230548046498,-0.0383738593751923,-0.8691845759000268,-0.008513634722936477,-0.008482300164692442,0.015114551322270894,-0.00301941960595019,-7.87473995,0.40207265,5.9820565
1789045257.393144,16.692,3.0,0.0,3,0,191,2.3253752988846643,-0.048609510255863096,0.0,0.0,0.0,107.0,1.0,-0.8264172412531086,0.0,0.0,0.0,37.40950532206562,nan,0.0,-0.22611114344978647,0.0,0.0,0.0,0.0,0.0,3.0,3.0,nan,0.0,0.0,0.0,0.0,0.0,nan,nan,,,0,0,0,5.081079006195068,-2,169,True,True,False,"A:1,B:1,ESTOP:0,MODE:1",DRIVE_HEADING,,,,0,,,False,0,UNKNOWN,0.0,False,-9999.0,-1.0,-1.0,False,36.967665035,127.87360776166666,121.761,2,0.000144,36.967665035,127.87360776166666,4.0,0.04580167484283447,1.0,0.0,0.06760334968566895,0.0,0.4329850253613024,-10.280199199241178,0.0,5.0,0.0,0.49301509634909985,-0.038400473943809625,-0.8691312108153789,-0.008512153627140803,-0.013770647798235261,-0.001780235837034216,0.0030892327760299633,-8.159132799999998,0.4118793,5.18771785
1789045257.443130,16.742,3.0,0.0,3,0,191,2.3253752988846643,-0.048609510255863096,0.0,0.0,0.0,107.0,1.0,-0.8264172412531086,0.0,0.0,0.0,37.40950532206562,nan,0.0,0.12364107883711309,0.0,0.0,0.0,0.0,0.0,3.0,3.0,nan,0.0,0.0,0.0,0.0,0.0,nan,nan,,,0,0,0,5.090573787689209,-2,170,True,True,False,"A:1,B:1,ESTOP:0,MODE:1",DRIVE_HEADING,,,,0,,,False,0,UNKNOWN,0.0,False,-9999.0,-1.0,-1.0,False,36.967665035,127.87360776166666,121.761,2,0.000144,36.967665035,127.87360776166666,4.0,0.07078520011901855,1.0,0.0,0.11757040023803711,0.0,0.4329850253613024,-10.280199199241178,0.0,5.0,0.0,0.4929463361236076,-0.03840522232569707,-0.869169941752069,-0.00851827183940999,0.008656833089891874,-0.0061959188445798695,-0.00013962634015954637,-8.502365549999999,0.7453053999999999,5.4034641500000005
1789045257.493113,16.792,3.0,0.0,3,0,192,2.3253752988846643,-0.048609510255863096,0.0,0.0,0.0,107.0,1.0,-0.8264172412531086,0.0,0.0,0.0,37.40950532206562,nan,0.0,-0.061236203320561115,0.0,0.0,0.0,0.0,0.0,3.0,3.0,nan,0.0,0.0,0.0,0.0,0.0,nan,nan,,,0,0,0,5.178244113922119,-2,170,True,True,False,"A:1,B:1,ESTOP:0,MODE:1",DRIVE_HEADING,,,,0,,,False,0,UNKNOWN,0.0,False,-9999.0,-1.0,-1.0,False,36.96766501,127.87360804,121.769,2,0.000144,36.96766501,127.87360804,4.0,0.012,1.0,1.0,0.0,0.0,0.4232266020153483,-10.280199199241178,0.0,5.0,0.0,0.4928307102532304,-0.03843724016062276,-0.8692337238528033,-0.008555870330929846,0.0014486232791552935,0.007609635538695277,0.005096361415823442,-7.9629998,0.196133,5.3348176
1789045257.543136,16.842,3.0,0.0,3,0,192,2.350130680567453,-0.05139249815144662,0.0,0.0,0.0,107.0,1.0,-0.8251464166582485,0.0,0.0,0.0,37.38461688658735,nan,0.0,0.23828626908608,0.0,0.0,0.0,0.0,0.0,3.0,3.0,nan,0.0,0.0,0.0,0.0,0.0,nan,nan,,,0,0,0,5.206428050994873,-2,170,True,True,False,"A:1,B:1,ESTOP:0,MODE:1",DRIVE_HEADING,,,,0,,,False,0,UNKNOWN,0.0,False,-9999.0,-1.0,-1.0,False,36.96766501,127.87360804,121.769,2,0.000144,36.96766501,127.87360804,4.0,0.012,1.0,1.0,0.0,0.0,0.4232266020153483,-10.280199199241178,0.0,5.0,0.0,0.4928534704409069,-0.03846203931043734,-0.8692196117786033,-0.008567071021698482,-0.0013788101090755204,0.002007128639793479,-0.003420845333908886,-8.42391235,0.50013915,5.34462425
1789045257.593068,16.892,3.0,0.0,3,0,192,2.350130680567453,-0.05139249815144662,0.0,0.0,0.0,107.0,1.0,-0.8251464166582485,0.0,0.0,0.0,37.38461688658735,nan,0.0,-0.24921430345209217,0.0,0.0,0.0,0.0,0.0,3.0,3.0,nan,0.0,0.0,0.0,0.0,0.0,nan,nan,,,0,0,0,5.258552074432373,-2,170,True,True,False,"A:1,B:1,ESTOP:0,MODE:1",DRIVE_HEADING,,,,0,,,False,0,UNKNOWN,0.0,False,-9999.0,-1.0,-1.0,False,36.96766501,127.87360804,121.769,2,0.000144,36.96766501,127.87360804,4.0,0.048571860313415524,1.0,0.0,0.07314372062683105,0.0,0.4232266020153483,-10.280199199241178,0.0,5.0,0.0,0.49272738933337207,-0.03855402681664432,-0.869287236148784,-0.008544465211433223,-0.008866272600131194,0.006352998477259359,-0.008552113334772215,-8.394492399999999,0.65704555,5.599597149999999
1789045257.643329,16.942,0.0,-3.0,3,0,192,2.350130680567453,-0.05139249815144662,0.0,0.0,0.0,107.0,1.0,-0.8251464166582485,0.0,0.0,0.0,37.38461688658735,nan,0.0,-0.542127874845188,0.0,0.0,0.0,0.0,0.0,3.0,3.0,nan,0.0,0.0,0.0,0.0,0.0,nan,nan,,,0,0,0,5.1898674964904785,-2,170,False,True,False,"A:1,B:1,ESTOP:0,MODE:1",DRIVE_HEADING,,,,0,,,False,0,UNKNOWN,0.0,False,-9999.0,-1.0,-1.0,False,36.96766501,127.87360804,121.769,2,0.000144,36.96766501,127.87360804,4.0,0.07353678894042968,1.0,0.0,0.12307357788085938,0.0,0.4232266020153483,-10.280199199241178,0.0,5.0,0.0,0.492794402805963,-0.03845902054447932,-0.8692535644489799,-0.008533521817891212,-0.005026548245743669,0.01473057888683214,-0.002530727415391778,-8.580818749999999,0.5982056499999999,4.795451849999999
1789045257.693164,16.992,3.0,0.0,0,0,192,2.350130680567453,-0.05139249815144662,0.0,0.0,0.0,107.0,1.0,-0.8251464166582485,0.0,0.0,0.0,37.38461688658735,nan,0.0,-0.19673361909549758,0.0,0.0,0.0,0.0,0.0,3.0,3.0,nan,0.0,0.0,0.0,0.0,0.0,nan,nan,,,0,0,0,5.256037712097168,-2,176,True,True,False,"A:1,B:1,ESTOP:0,MODE:1",DRIVE_HEADING,,,,0,,,False,0,UNKNOWN,0.0,False,-9999.0,-1.0,-1.0,False,36.96766506,127.873608175,121.751,2,0.000144,36.96766506,127.873608175,4.0,0.012,1.0,1.0,0.0,0.0,0.3331242121218179,-10.280199199241178,0.0,5.0,0.0,0.492860933524945,-0.03844317029524745,-0.8692162620467925,-0.008562281002887872,0.002617993877991494,0.011711159280881952,-0.004206243497306334,-8.63965865,0.40207265,5.6780503499999995
1789045257.743049,17.042,3.0,0.0,3,0,271,2.3621377826195453,-0.04582652315125214,0.0,0.0,0.0,107.0,1.0,-0.817705874719264,0.0,0.0,0.0,37.37361249508454,nan,0.0,-0.29214815185730664,0.0,0.0,0.0,0.0,0.0,3.0,3.0,nan,0.0,0.0,0.0,0.0,0.0,nan,nan,,,0,0,0,5.222458362579346,-2,171,True,True,False,"A:1,B:1,ESTOP:0,MODE:1",DRIVE_HEADING,,,,0,,,False,0,UNKNOWN,0.0,False,-9999.0,-1.0,-1.0,False,36.96766506,127.873608175,121.751,2,0.000144,36.96766506,127.873608175,4.0,0.012,1.0,1.0,0.0,0.0,0.3331242121218179,-10.280199199241178,0.0,5.0,0.0,0.4927600733845295,-0.038512280057138235,-0.8692697900543649,-0.00862243942941954,-0.0009075712110370514,-0.007609635538695277,0.001710422666954443,-8.26700595,0.5982056499999999,4.873905049999999
1789045257.793115,17.092,3.0,0.0,3,0,191,2.3621377826195453,-0.04582652315125214,0.0,0.0,0.0,107.0,1.0,-0.817705874719264,0.0,0.0,0.0,37.37361249508454,nan,0.0,0.04675814444640802,0.0,0.0,0.0,0.0,0.0,3.0,3.0,nan,0.0,0.0,0.0,0.0,0.0,nan,nan,,,0,0,0,5.453417778015137,-2,171,True,True,False,"A:1,B:1,ESTOP:0,MODE:1",DRIVE_HEADING,,,,0,,,False,0,UNKNOWN,0.0,False,-9999.0,-1.0,-1.0,False,36.96766506,127.873608175,121.751,2,0.000144,36.96766506,127.873608175,4.0,0.04666510772705078,1.0,0.0,0.06933021545410156,0.0,0.3331242121218179,-10.280199199241178,0.0,5.0,0.0,0.4926573062707604,-0.038542342579446956,-0.8693272529687678,-0.0085670095309166,0.017505652397503124,-0.02111848394913139,0.004345869837465881,-8.85540495,-0.12748644999999997,6.668522
1789045257.843126,17.142,3.0,0.0,3,0,191,2.3621377826195453,-0.04582652315125214,0.0,0.0,0.0,107.0,1.0,-0.817705874719264,0.0,0.0,0.0,37.37361249508454,nan,0.0,0.19736262815751524,0.0,0.0,0.0,0.0,0.0,3.0,3.0,nan,0.0,0.0,0.0,0.0,0.0,nan,nan,,,0,0,0,5.404411315917969,-2,169,True,True,False,"A:1,B:1,ESTOP:0,MODE:1",DRIVE_HEADING,,,,0,,,False,0,UNKNOWN,0.0,False,-9999.0,-1.0,-1.0,False,36.96766506,127.873608175,121.751,2,0.000144,36.96766506,127.873608175,4.0,0.07159749221801757,1.0,0.0,0.11919498443603516,0.0,0.3331242121218179,-10.280199199241178,0.0,5.0,0.0,0.4928269825024299,-0.03855417942405454,-0.8692308743914979,-0.008533907140313962,-0.014014993893514467,-0.010262536001726658,-0.003665191429188092,-8.208166049999999,0.29419949999999995,4.54047895
1789045257.893349,17.192,3.0,0.0,3,0,191,2.3621377826195453,-0.04582652315125214,0.0,0.0,0.0,107.0,1.0,-0.817705874719264,0.0,0.0,0.0,37.37361249508454,nan,0.0,-0.26111409709879985,0.0,0.0,0.0,0.0,0.0,3.0,3.0,nan,0.0,0.0,0.0,0.0,0.0,nan,nan,,,0,0,0,5.41771125793457,-2,170,True,True,False,"A:1,B:1,ESTOP:0,MODE:1",DRIVE_HEADING,,,,0,,,False,0,UNKNOWN,0.0,False,-9999.0,-1.0,-1.0,False,36.96766506,127.873608175,121.751,2,0.000144,36.96766506,127.873608175,4.0,0.09658364009857177,1.0,0.0,0.16916728019714355,0.0,0.3331242121218179,-10.280199199241178,0.0,5.0,0.0,0.4928083942550097,-0.0385459336520205,-0.8692412315119307,-0.008589469734217984,-0.006719517620178169,-0.010297442586766544,0.0033859387488689996,-8.1983594,0.7060787999999999,5.24655775
1789045257.943141,17.242,3.0,0.0,3,0,191,2.3636201403046244,-0.04805291315132993,0.0,0.0,0.0,107.0,1.0,-0.8196622242213842,0.0,0.0,0.0,37.37180419365814,nan,0.0,0.14260013109539776,0.0,0.0,0.0,0.0,0.0,3.0,3.0,nan,0.0,0.0,0.0,0.0,0.0,nan,nan,,,0,0,0,5.47550630569458,-2,170,True,True,False,"A:1,B:1,ESTOP:0,MODE:1",DRIVE_HEADING,,,,0,,,False,0,UNKNOWN,0.0,False,-9999.0,-1.0,-1.0,False,36.96766504,127.87360819166666,121.746,2,0.000144,36.96766504,127.87360819166666,4.0,0.012,1.0,1.0,0.0,0.0,0.12180023849994791,-10.280199199241178,0.0,5.0,0.0,0.4926543928053996,-0.03853981701094839,-0.8693285211777547,-0.008617077300544954,0.0018500490071139892,-0.009232791743050004,-0.0008726646259971648,-7.992419749999999,0.35303939999999995,5.2367511
1789045257.993062,17.292,3.0,0.0,3,0,192,2.3636201403046244,-0.04805291315132993,0.0,0.0,0.0,107.0,1.0,-0.8196622242213842,0.0,0.0,0.0,37.37180419365814,nan,0.0,-0.10119706916679302,0.0,0.0,0.0,0.0,0.0,3.0,3.0,nan,0.0,0.0,0.0,0.0,0.0,nan,nan,,,0,0,0,5.541811466217041,-2,170,True,True,False,"A:1,B:1,ESTOP:0,MODE:1",DRIVE_HEADING,,,,0,,,False,0,UNKNOWN,0.0,False,-9999.0,-1.0,-1.0,False,36.96766504,127.87360819166666,121.746,2,0.000144,36.96766504,127.87360819166666,4.0,0.04315260601043701,1.0,0.0,0.06230521202087402,0.0,0.12180023849994791,-10.280199199241178,0.0,5.0,0.0,0.4926489463971482,-0.038532895774390764,-0.8693323173038952,-0.00857634234739476,-0.020245819323134222,0.006108652381980153,0.004607669225265031,-8.38468575,0.40207265,5.550563899999999
1789045258.043103,17.342,3.0,0.0,3,0,191,2.3636201403046244,-0.04805291315132993,0.0,0.0,0.0,107.0,1.0,-0.8196622242213842,0.0,0.0,0.0,37.37180419365814,nan,0.0,0.21237732497154058,0.0,0.0,0.0,0.0,0.0,3.0,3.0,nan,0.0,0.0,0.0,0.0,0.0,nan,nan,,,0,0,0,5.570419788360596,-2,169,True,True,False,"A:1,B:1,ESTOP:0,MODE:1",DRIVE_HEADING,,,,0,,,False,0,UNKNOWN,0.0,False,-9999.0,-1.0,-1.0,False,36.96766504,127.87360819166666,121.746,2,0.000144,36.96766504,127.87360819166666,4.0,0.0681453104019165,1.0,0.0,0.11229062080383301,0.0,0.12180023849994791,-10.280199199241178,0.0,5.0,0.0,0.49261651882847635,-0.03848220524995069,-0.8693527945197145,-0.00859092062454038,-0.0024609142453120045,-0.013142329267517301,0.004223696789826277,-8.394492399999999,0.44129925,5.30539765
1789045258.093144,17.392,3.0,0.0,3,0,192,2.3636201403046244,-0.04805291315132993,0.0,0.0,0.0,107.0,1.0,-0.8196622242213842,0.0,0.0,0.0,37.37180419365814,nan,0.0,0.18999657032159747,0.0,0.0,0.0,0.0,0.0,3.0,3.0,nan,0.0,0.0,0.0,0.0,0.0,nan,nan,,,0,0,0,5.5852460861206055,-2,172,True,True,False,"A:1,B:1,ESTOP:0,MODE:1",DRIVE_HEADING,,,,0,,,False,0,UNKNOWN,0.0,False,-9999.0,-1.0,-1.0,False,36.96766504,127.87360819166666,121.746,2,0.000144,36.96766504,127.87360819166666,4.0,0.09318367195129394,1.0,0.0,0.1623673439025879,0.0,0.12180023849994791,-10.280199199241178,0.0,5.0,0.0,0.49250376617942565,-0.03839488687540864,-0.8694198036141277,-0.008664758766283136,-0.006178465552059927,0.0024434609527920616,0.005881759579220891,-8.36507245,0.46091255,5.20733115
1789045258.143182,17.442,0.0,-3.0,3,0,199,2.3636201403046244,-0.04805291315132993,0.0,0.0,0.0,107.0,1.0,-0.8196622242213842,0.0,0.0,0.0,37.37180419365814,nan,0.0,0.2844265771809543,0.0,0.0,0.0,0.0,0.0,3.0,3.0,nan,0.0,0.0,0.0,0.0,0.0,nan,nan,,,0,0,0,5.55196475982666,-2,173,False,True,False,"A:1,B:1,ESTOP:0,MODE:1",DRIVE_HEADING,,,,0,,,False,0,UNKNOWN,0.0,False,-9999.0,-1.0,-1.0,False,36.96766505,127.87360825,121.738,2,0.00016384,36.96766505,127.87360825,4.0,0.0128,1.0,1.0,0.0,0.0,0.058761784851461246,-10.280199199241178,0.0,5.0,0.0,0.49260968037123626,-0.038404311556444665,-0.8693592221345767,-0.008680699740668187,-0.008656833089891874,0.0005235987755982988,0.0041887902047863905,-8.46313895,0.5295591,4.95235825
1789045258.193262,17.492,3.0,0.0,0,0,191,2.3688083947302703,-0.046939718151291034,0.0,0.0,0.0,107.0,1.0,-0.817721910416995,0.0,0.0,0.0,37.366849996303905,nan,0.0,0.18705172402659237,0.0,0.0,0.0,0.0,0.0,3.0,3.0,nan,0.0,0.0,0.0,0.0,0.0,nan,nan,,,0,0,0,5.52626371383667,-2,177,True,True,False,"A:1,B:1,ESTOP:0,MODE:1",DRIVE_HEADING,,,,0,,,False,0,UNKNOWN,0.0,False,-9999.0,-1.0,-1.0,False,36.96766505,127.87360825,121.738,2,0.00016384,36.96766505,127.87360825,4.0,0.04025187282562256,1.0,0.0,0.05490374565124512,0.0,0.058761784851461246,-10.280199199241178,0.0,5.0,0.0,0.49280139972483217,-0.0384236094520999,-0.8692498705482664,-0.008664249404341361,-0.008011061266653973,0.0013439035240356337,0.0019722220547535923,-8.6494653,0.5197524499999999,5.099458
1789045258.243135,17.542,3.0,0.0,3,0,192,2.3688083947302703,-0.046939718151291034,0.0,0.0,0.0,107.0,1.0,-0.817721910416995,0.0,0.0,0.0,37.366849996303905,nan,0.0,0.0599316205785392,0.0,0.0,0.0,0.0,0.0,3.0,3.0,nan,0.0,0.0,0.0,0.0,0.0,nan,nan,,,0,0,0,5.474246025085449,-2,177,True,True,False,"A:1,B:1,ESTOP:0,MODE:1",DRIVE_HEADING,,,,0,,,False,0,UNKNOWN,0.0,False,-9999.0,-1.0,-1.0,False,36.96766505,127.87360825,121.738,2,0.00016384,36.96766505,127.87360825,4.0,0.06523992805480958,1.0,0.0,0.10487985610961914,0.0,0.058761784851461246,-10.280199199241178,0.0,5.0,0.0,0.49294698191454933,-0.03845393836176145,-0.8691660224209895,-0.00865985650473593,-0.018099064343181197,-0.008813912722571364,-0.0024434609527920616,-8.3356525,0.65704555,4.81506515
1789045258.293187,17.592,3.0,0.0,3,0,191,2.3688083947302703,-0.046939718151291034,0.0,0.0,0.0,107.0,1.0,-0.817721910416995,0.0,0.0,0.0,37.366849996303905,nan,0.0,-0.1926822426626179,0.0,0.0,0.0,0.0,0.0,3.0,3.0,nan,0.0,0.0,0.0,0.0,0.0,nan,nan,,,0,0,0,5.506483554840088,-2,170,True,True,False,"A:1,B:1,ESTOP:0,MODE:1",DRIVE_HEADING,,,,0,,,False,0,UNKNOWN,0.0,False,-9999.0,-1.0,-1.0,False,36.967665061666665,127.87360820666666,121.746,2,0.00016384,36.967665061666665,127.87360820666666,4.0,0.0128,1.0,1.0,0.0,0.0,0.025265226409884572,-10.280199199241178,0.0,5.0,0.0,0.49284904371644245,-0.03840620361225525,-0.8692240385030676,-0.008622906719880488,-0.026459191460234035,-0.007086036763096978,0.014224433403753785,-7.8649333,0.7453053999999999,5.22694445
1789045258.343066,17.642,3.0,0.0,3,0,191,2.3649542624739825,-0.04564099104673194,0.0,0.0,0.0,107.0,1.0,-0.8170657855327547,0.0,0.0,0.0,37.37085844584172,nan,0.0,0.7607931218227073,0.0,0.0,0.0,0.0,0.0,3.0,3.0,nan,0.0,0.0,0.0,0.0,0.0,nan,nan,,,0,0,0,5.586698055267334,-2,170,True,True,False,"A:1,B:1,ESTOP:0,MODE:1",DRIVE_HEADING,,,,0,,,False,0,UNKNOWN,0.0,False,-9999.0,-1.0,-1.0,False,36.967665061666665,127.87360820666666,121.746,2,0.00016384,36.967665061666665,127.87360820666666,4.0,0.0128,1.0,1.0,0.0,0.0,0.025265226409884572,-10.280199199241178,0.0,5.0,0.0,0.49279365905925926,-0.03829380931945945,-0.8692604698500623,-0.008615643611489813,0.007452555906015787,0.0005585053606381855,-0.001064650843716541,-8.7279185,0.06864655,5.6290170999999996
1789045258.393115,17.692,3.0,0.0,3,0,192,2.3649542624739825,-0.04564099104673194,0.0,0.0,0.0,107.0,1.0,-0.8170657855327547,0.0,0.0,0.0,37.37085844584172,nan,0.0,-0.11497646442093806,0.0,0.0,0.0,0.0,0.0,3.0,3.0,nan,0.0,0.0,0.0,0.0,0.0,nan,nan,,,0,0,0,5.5173258781433105,-2,170,True,True,False,"A:1,B:1,ESTOP:0,MODE:1",DRIVE_HEADING,,,,0,,,False,0,UNKNOWN,0.0,False,-9999.0,-1.0,-1.0,False,36.967665061666665,127.87360820666666,121.746,2,0.00016384,36.967665061666665,127.87360820666666,4.0,0.047625921058654784,1.0,0.0,0.06965184211730957,0.0,0.025265226409884572,-10.280199199241178,0.0,5.0,0.0,0.4929596312597135,-0.03829337860927469,-0.8691661112923259,-0.00864234250364224,-0.017715091907742442,-0.006841690667817772,0.002076941809873252,-8.69849855,0.5197524499999999,4.8052585
1789045258.443081,17.742,3.0,0.0,3,0,192,2.3649542624739825,-0.04564099104673194,0.0,0.0,0.0,107.0,1.0,-0.8170657855327547,0.0,0.0,0.0,37.37085844584172,nan,0.0,0.0648934885079038,0.0,0.0,0.0,0.0,0.0,3.0,3.0,nan,0.0,0.0,0.0,0.0,0.0,nan,nan,,,0,0,0,5.542758464813232,-2,170,True,True,False,"A:1,B:1,ESTOP:0,MODE:1",DRIVE_HEADING,,,,0,,,False,0,UNKNOWN,0.0,False,-9999.0,-1.0,-1.0,False,36.967665061666665,127.87360820666666,121.746,2,0.00016384,36.967665061666665,127.87360820666666,4.0,0.07260765819549561,1.0,0.0,0.11961531639099121,0.0,0.025265226409884572,-10.280199199241178,0.0,5.0,0.0,0.4928341987135354,-0.03822893592872094,-0.8692396895251613,-0.008681197518010927,-0.01577777643802874,-0.003735004599267865,-0.007976154681614086,-8.26700595,0.5295591,5.26617105
1789045258.493060,17.792,3.0,0.0,3,0,206,2.3649542624739825,-0.04564099104673194,0.0,0.0,0.0,107.0,1.0,-0.8170657855327547,0.0,0.0,0.0,37.37085844584172,nan,0.0,-0.510084298469112,0.0,0.0,0.0,0.0,0.0,3.0,3.0,nan,0.0,0.0,0.0,0.0,0.0,nan,nan,,,0,0,0,5.529090404510498,-2,170,True,True,False,"A:1,B:1,ESTOP:0,MODE:1",DRIVE_HEADING,,,,0,,,False,0,UNKNOWN,0.0,False,-9999.0,-1.0,-1.0,False,36.96766504166666,127.87360826666666,121.752,2,0.000144,36.96766504166666,127.87360826666666,4.0,0.012,1.0,1.0,0.0,0.0,0.016439497757349826,-10.280199199241178,0.0,5.0,0.0,0.4927659165295438,-0.038214156443311456,-0.8692791498257944,-0.00867118401769371,-0.008447393579652554,-0.0009948376736367678,-0.0010821041362364843,-8.3748791,0.6472389,5.1190713
1789045258.543254,17.842,3.0,0.0,3,0,191,2.37029075241535,-0.04786738104680972,0.0,0.0,0.0,107.0,1.0,-0.8183967445476648,0.0,0.0,0.0,37.36524218499335,nan,0.0,-0.11485412987217378,0.0,0.0,0.0,0.0,0.0,3.0,3.0,nan,0.0,0.0,0.0,0.0,0.0,nan,nan,,,0,0,0,5.567494869232178,-2,170,True,True,False,"A:1,B:1,ESTOP:0,MODE:1",DRIVE_HEADING,,,,0,,,False,0,UNKNOWN,0.0,False,-9999.0,-1.0,-1.0,False,36.96766504166666,127.87360826666666,121.752,2,0.000144,36.96766504166666,127.87360826666666,4.0,0.012,1.0,1.0,0.0,0.0,0.016439497757349826,-10.280199199241178,0.0,5.0,0.0,0.49272177708116416,-0.03811368767349764,-0.8693092422085489,-0.008604569292253436,0.0003839724354387525,-0.0013264502315156904,-0.003961897402027128,-8.5317855,0.37265269999999995,5.4132708
1789045258.593126,17.892,3.0,0.0,3,0,192,2.37029075241535,-0.04786738104680972,0.0,0.0,0.0,107.0,1.0,-0.8183967445476648,0.0,0.0,0.0,37.36524218499335,nan,0.0,-0.27929442161242946,0.0,0.0,0.0,0.0,0.0,3.0,3.0,nan,0.0,0.0,0.0,0.0,0.0,nan,nan,,,0,0,0,5.578057289123535,-2,174,True,True,False,"A:1,B:1,ESTOP:0,MODE:1",DRIVE_HEADING,,,,0,,,False,0,UNKNOWN,0.0,False,-9999.0,-1.0,-1.0,False,36.96766504166666,127.87360826666666,121.752,2,0.000144,36.96766504166666,127.87360826666666,4.0,0.04814664077758789,1.0,0.0,0.07229328155517578,0.0,0.016439497757349826,-10.280199199241178,0.0,5.0,0.0,0.49265802306687995,-0.03802541204630092,-0.8693490812948921,-0.008620626326997165,-0.020176006153054447,0.0008377580409572782,-0.006126105674500096,-8.38468575,0.34323275000000003,5.10926465
1789045258.643085,17.942,0.0,-3.0,3,0,191,2.37029075241535,-0.04786738104680972,0.0,0.0,0.0,107.0,1.0,-0.8183967445476648,0.0,0.0,0.0,37.36524218499335,nan,0.0,-0.4024878327692045,0.0,0.0,0.0,0.0,0.0,3.0,3.0,nan,0.0,0.0,0.0,0.0,0.0,nan,nan,,,0,0,0,5.552553653717041,-2,170,False,True,False,"A:1,B:1,ESTOP:0,MODE:1",DRIVE_HEADING,,,,0,,,False,0,UNKNOWN,0.0,False,-9999.0,-1.0,-1.0,False,36.96766504166666,127.87360826666666,121.752,2,0.000144,36.96766504166666,127.87360826666666,4.0,0.07296947193145752,1.0,0.0,0.12193894386291504,0.0,0.016439497757349826,-10.280199199241178,0.0,5.0,0.0,0.49270921375568155,-0.038033193350978246,-0.8693193261780728,-0.00866117873540909,-0.0019722220547535923,-0.0024609142453120045,0.0038222710618675817,-8.5317855,0.5197524499999999,5.0406181
1789045258.693412,17.992,3.0,0.0,0,0,191,2.37029075241535,-0.04786738104680972,0.0,0.0,0.0,107.0,1.0,-0.8183967445476648,0.0,0.0,0.0,37.36524218499335,nan,0.0,0.16717714289633384,0.0,0.0,0.0,0.0,0.0,3.0,3.0,nan,0.0,0.0,0.0,0.0,0.0,nan,nan,,,0,0,0,5.47904634475708,-2,178,True,True,False,"A:1,B:1,ESTOP:0,MODE:1",DRIVE_HEADING,,,,0,,,False,0,UNKNOWN,0.0,False,-9999.0,-1.0,-1.0,False,36.96766503166667,127.87360820833334,121.766,2,0.000144,36.96766503166667,127.87360820833334,4.0,0.012,1.0,1.0,0.0,0.0,0.0302286900237613,-10.280199199241178,0.0,5.0,0.0,0.49317060142784425,-0.038017036163056746,-0.8690579000733877,-0.008707994528529595,-0.008342673824532895,-0.005253441048502932,0.0025132741228718345,-8.590625399999999,0.5491724,4.7268053
1789045258.743069,18.042,3.0,0.0,3,0,192,2.3651024992536382,-0.04898057525587606,0.0,0.0,0.0,107.0,1.0,-0.8203370573664718,0.0,0.0,0.0,37.37019641620157,nan,0.0,0.09199278861054117,0.0,0.0,0.0,0.0,0.0,3.0,3.0,nan,0.0,0.0,0.0,0.0,0.0,nan,nan,,,0,0,0,5.452103614807129,-2,178,True,True,False,"A:1,B:1,ESTOP:0,MODE:1",DRIVE_HEADING,,,,0,,,False,0,UNKNOWN,0.0,False,-9999.0,-1.0,-1.0,False,36.96766503166667,127.87360820833334,121.766,2,0.000144,36.96766503166667,127.87360820833334,4.0,0.012,1.0,1.0,0.0,0.0,0.0302286900237613,-10.280199199241178,0.0,5.0,0.0,0.49334027991282076,-0.03804744009994778,-0.8689605381623486,-0.008680071081609723,0.0030543261909900766,-0.014556045961632708,-0.0016231562043547264,-8.502365549999999,0.55897905,5.0210048
1789045258.793174,18.092,3.0,0.0,3,0,192,2.3651024992536382,-0.04898057525587606,0.0,0.0,0.0,107.0,1.0,-0.8203370573664718,0.0,0.0,0.0,37.37019641620157,nan,0.0,-0.1447171969666799,0.0,0.0,0.0,0.0,0.0,3.0,3.0,nan,0.0,0.0,0.0,0.0,0.0,nan,nan,,,0,0,0,5.592851638793945,-2,170,True,True,False,"A:1,B:1,ESTOP:0,MODE:1",DRIVE_HEADING,,,,0,,,False,0,UNKNOWN,0.0,False,-9999.0,-1.0,-1.0,False,36.96766503166667,127.87360820833334,121.766,2,0.000144,36.96766503166667,127.87360820833334,4.0,0.04771784496307373,1.0,0.0,0.07143568992614746,0.0,0.0302286900237613,-10.280199199241178,0.0,5.0,0.0,0.4932132457917236,-0.03799922761383904,-0.8690353613216322,-0.008619376365181352,0.03944444109507184,-0.013631021458075715,-0.00010471975511965978,-8.933858149999999,0.784532,6.63910205
1789045258.843177,18.142,3.0,0.0,3,0,191,2.3651024992536382,-0.04898057525587606,0.0,0.0,0.0,107.0,1.0,-0.8203370573664718,0.0,0.0,0.0,37.37019641620157,nan,0.0,-0.05760176257274655,0.0,0.0,0.0,0.0,0.0,3.0,3.0,nan,0.0,0.0,0.0,0.0,0.0,nan,nan,,,0,0,0,5.894567966461182,-2,170,True,True,False,"A:1,B:1,ESTOP:0,MODE:1",DRIVE_HEADING,,,,0,,,False,0,UNKNOWN,0.0,False,-9999.0,-1.0,-1.0,False,36.96766503166667,127.87360820833334,121.766,2,0.000144,36.96766503166667,127.87360820833334,4.0,0.07272092056274414,1.0,0.0,0.12144184112548828,0.0,0.0302286900237613,-10.280199199241178,0.0,5.0,0.0,0.49293879801829044,-0.037739044688322745,-0.8692019797745297,-0.008661655172893842,0.01567305668290908,0.0053058009260627615,0.011309733552923256,-8.1002929,0.5491724,7.207887749999999
1789045258.893167,18.192,3.0,0.0,3,0,191,2.3651024992536382,-0.04898057525587606,0.0,0.0,0.0,107.0,1.0,-0.8203370573664718,0.0,0.0,0.0,37.37019641620157,nan,0.0,0.595205440952399,0.0,0.0,0.0,0.0,0.0,3.0,3.0,nan,0.0,0.0,0.0,0.0,0.0,nan,nan,,,0,0,0,6.023460388183594,-2,170,True,True,False,"A:1,B:1,ESTOP:0,MODE:1",DRIVE_HEADING,,,,0,,,False,0,UNKNOWN,0.0,False,-9999.0,-1.0,-1.0,False,36.96766503166667,127.87360820833334,121.766,2,0.000144,36.96766503166667,127.87360820833334,4.0,0.09770897579193115,1.0,0.0,0.1714179515838623,0.0,0.0302286900237613,-10.280199199241178,0.0,5.0,0.0,0.49299980106335967,-0.03772394026430674,-0.869168114237064,-0.00865388213515451,-0.015009831567151233,0.00027925268031909274,0.0026878070480712674,-8.227779349999999,0.32361945,5.864376699999999
1789045258.916547,18.215,3.0,0.0,3,0,191,2.365250734769359,-0.05102143315143365,0.0,0.0,0.0,107.0,1.0,-0.8223268148143208,0.0,0.0,0.0,37.369735027698546,nan,0.0,0.10100303007049415,0.0,0.0,0.0,0.0,0.0,3.0,3.0,nan,0.0,0.0,0.0,0.0,0.0,nan,nan,,,0,0,0,6.023460388183594,-2,170,True,True,False,"A:1,B:1,ESTOP:0,MODE:1",DRIVE_HEADING,,,,0,,,False,0,UNKNOWN,0.0,False,-9999.0,-1.0,-1.0,False,36.96766501333333,127.87360821,121.767,2,0.000144,36.96766501333333,127.87360821,4.0,0.012,1.0,1.0,0.0,0.0,0.052069601326136576,-10.280199199241178,0.0,5.0,0.0,0.49299980106335967,-0.03772394026430674,-0.869168114237064,-0.00865388213515451,-0.015009831567151233,0.00027925268031909274,0.0026878070480712674,-8.227779349999999,0.32361945,5.864376699999999
