t_wall,t_rel,cmd_pulse,cmd_steer_deg,drive_pulse_cmd,brake_level,brake_pot,ego_x_m,ego_y_m,ego_heading_deg,ego_pulse,ego_wp_idx,ego_wp_total,ego_fix_ok,cte_m,heading_err_deg,target_idx,target_dist_m,goal_dist_m,gps_course_deg,fuse_corr_deg,gyro_z_dps,brake_latched,head_init_deg,head_sigma_deg,head_resid_m,head_dist_m,ref_pulse,out_pulse,meas_pulse,cte_integral,cte_i_term_deg,goal_phase,cb_state,cb_v0_ms,cb_v_corner_ms,goal_need_m,lidar_zone,rejoin,encoder_sum,encoder_l,encoder_r,speed_kmh,steer_measured_deg,throttle_raw,control_state,vehicle_mode,estop,board_status,drive_state,cone_stop,cone_dist_m,aeb_stop,lstatus,drive_cmd,drive_event,tl_permit,tl_req,tl_state,tl_near_metric,tl_red_far,sl_bev_y,sl_px,sl_y,sl_wait,fix_lat,fix_lon,fix_alt_m,fix_status,fix_cov_xx,gps_lat,gps_lon,gps_quality,gps_sigma_m,gps_pos_ok,gps_is_raw,gps_raw_age_s,gps_dr_dist_m,gps_kmh,gps_fix_course_deg,gps_mode,gps_reject_n,gps_resid_m,imu_quat_x,imu_quat_y,imu_quat_z,imu_quat_w,imu_gyro_x,imu_gyro_y,imu_gyro_z,imu_acc_x,imu_acc_y,imu_acc_z
1789045853.483885,0.005,0.0,0.0,0,0,183,-1.591459762435727,0.9976081698782248,0.0,0.0,0.0,107.0,1.0,-0.09458417561526822,0.22911164771291084,106.0,0.9206522403060041,39.27852153781616,170.85227885820495,0.057237425678141565,0.2794008630228936,0.0,-12.527148158325845,0.9951942356117509,0.006067921254977305,1.1513333853072856,0.0,0.0,1.4447304920800506,0.0,0.0,0.0,0.0,0.0,2.05459458897706,0.5,,,0,0,0,0.0,-5,169,True,True,False,"A:1,B:1,ESTOP:0,MODE:1",DRIVE_HEADING,,,,0,route_20260910_102030.csv | DRIVE_START,🚨 E-STOP — 새 시작만 막힌다(진행 중인 매핑·정리는 그대로) | ✅ E-STOP 해제 | 📁 경로 선택: route_20260910_102030.csv (WP 107개) — 스위치를 자율로 올리면 출발 | ⏸️ 일시정지 지점 1곳 — WP 74 (terrain 열의 'S') | 🚦 신호등 구간 없음 (terrain 열에 'T' 가 없다) — ★이 경로에서는 신호등 개입이 전혀 없다★ | 🛰️ 라이다 구간 없음 — 전 구간 GPS 추종 (terrain 열에 'L' 이 없다) | ▶ 주행 시작(prompt) [route_20260910_102030.csv] | 📶 출발 GPS : RTK_FIXED σ=0.081m,False,0,UNKNOWN,0.0,False,-9999.0,-1.0,-1.0,False,36.967674208333335,127.873588365,121.789,2,0.00012995999999999998,36.967674208333335,127.873588365,4.0,0.10645689144134521,1.0,0.0,0.19011378288269043,0.0,0.045463064042447134,170.85227885820495,0.0,0.0,0.0,-0.47687379731958496,0.10619090922864427,0.8634788002196063,0.12537636858077655,0.015236724369910496,0.008761552845011534,-0.003525565089028546,-8.3748791,0.55897905,5.0504247499999995
1789045853.533899,0.055,0.0,0.0,0,0,183,-1.5883468102767124,0.9966805069827059,0.0,0.0,0.0,107.0,1.0,-0.09504250462944717,0.22911164771291084,106.0,0.9206522403060041,39.27529509757306,170.85227885820495,0.057237425678141565,0.2349300612968477,0.0,-12.527148158325845,0.9951942356117509,0.006067921254977305,1.1513333853072856,0.0,0.0,1.4447304920800506,0.0,0.0,0.0,0.0,0.0,2.05459458897706,0.5,,,0,0,0,0.0,-5,169,True,True,False,"A:1,B:1,ESTOP:0,MODE:1",DRIVE_HEADING,,,,0,,,False,0,UNKNOWN,0.0,False,-9999.0,-1.0,-1.0,False,36.9676742,127.8735884,121.793,2,0.00012995999999999998,36.9676742,127.8735884,4.0,0.03282894268035889,1.0,0.0,0.04285788536071777,0.0,0.050556866415459686,170.85227885820495,0.0,0.0,0.0,-0.476867634395243,0.1061760444793081,0.8634836552367374,0.12537896148882383,0.01598721594826806,0.005166174585903215,-0.0042935099599060505,-8.5513988,0.4903325,5.26617105
1789045853.583999,0.105,0.0,0.0,0,0,183,-1.5883468102767124,0.9966805069827059,0.0,0.0,0.0,107.0,1.0,-0.09504250462944717,0.22911164771291084,106.0,0.9206522403060041,39.27529509757306,170.85227885820495,0.057237425678141565,0.012904201174254004,0.0,-12.527148158325845,0.9951942356117509,0.006067921254977305,1.1513333853072856,0.0,0.0,1.4447304920800506,0.0,0.0,0.0,0.0,0.0,2.05459458897706,0.5,,,0,0,0,0.0,-4,169,True,True,False,"A:1,B:1,ESTOP:0,MODE:1",DRIVE_HEADING,,,,0,,,False,0,UNKNOWN,0.0,False,-9999.0,-1.0,-1.0,False,36.9676742,127.8735884,121.793,2,0.00012995999999999998,36.9676742,127.8735884,4.0,0.057787553215026856,1.0,0.0,0.09277510643005371,0.0,0.050556866415459686,170.85227885820495,0.0,0.0,0.0,-0.47689244222699917,0.10620334240550308,0.8634600352905771,0.12542414466386942,-0.002286381320112572,0.007138396640656807,-0.008168140899333463,-8.070872949999998,0.81395195,5.07003805
1789045853.633852,0.155,0.0,0.0,0,0,183,-1.5883468102767124,0.9966805069827059,0.0,0.0,0.0,107.0,1.0,-0.09504250462944717,0.22911164771291084,106.0,0.9206522403060041,39.27529509757306,170.85227885820495,0.057237425678141565,0.43503239277190553,0.0,-12.527148158325845,0.9951942356117509,0.006067921254977305,1.1513333853072856,0.0,0.0,1.4447304920800506,0.0,0.0,0.0,0.0,0.0,2.05459458897706,0.5,,,0,0,0,0.08413692563772202,-4,169,True,True,False,"A:1,B:1,ESTOP:0,MODE:1",DRIVE_HEADING,,,,0,,,False,0,UNKNOWN,0.0,False,-9999.0,-1.0,-1.0,False,36.9676742,127.8735884,121.793,2,0.00012995999999999998,36.9676742,127.8735884,4.0,0.08278454914093017,1.0,0.0,0.14276909828186035,0.0,0.050556866415459686,170.85227885820495,0.0,0.0,0.0,-0.4768591960339014,0.10616354156503977,0.8634847232427496,0.1254142827857394,-0.004031710572106902,0.0017976891295541594,-0.0007853981633974482,-8.0218397,0.7943386499999999,4.36395925
1789045853.683862,0.205,0.0,0.0,0,0,183,-1.5883468102767124,0.9966805069827059,0.0,0.0,0.0,107.0,1.0,-0.09504250462944717,0.22911164771291084,106.0,0.9206522403060041,39.27529509757306,170.85227885820495,0.057237425678141565,1.0898483279863616,0.0,-12.527148158325845,0.9951942356117509,0.006067921254977305,1.1513333853072856,0.0,0.0,1.4447304920800506,0.0,0.0,0.0,0.0,0.0,2.05459458897706,0.5,,,0,0,0,0.07451226562261581,-3,169,True,True,False,"A:1,B:1,ESTOP:0,MODE:1",DRIVE_HEADING,,,,0,,,False,0,UNKNOWN,0.0,False,-9999.0,-1.0,-1.0,False,36.9676742,127.8735884,121.793,2,0.00012995999999999998,36.9676742,127.8735884,4.0,0.10777391567230224,1.0,0.0,0.1927478313446045,0.0,0.050556866415459686,170.85227885820495,0.0,0.0,0.0,-0.47706306253878394,0.10614954750122958,0.8633815158619597,0.12536134170590757,0.017575465567582896,0.018552849948699723,0.010681415022205296,-8.394492399999999,0.36284605,6.0605097
1789045853.733824,0.255,0.0,0.0,0,0,183,-1.591459762435727,1.0000200919828228,0.0,0.0,0.0,107.0,1.0,-0.09219863793567043,0.22911164771291084,106.0,0.9206522403060041,39.27893850411367,170.85227885820495,0.057237425678141565,0.27330063133038895,0.0,-12.527148158325845,0.9951942356117509,0.006067921254977305,1.1513333853072856,0.0,0.0,1.4447304920800506,0.0,0.0,0.0,0.0,0.0,2.05459458897706,0.5,,,0,0,0,0.018877951428294182,-2,169,True,True,False,"A:1,B:1,ESTOP:0,MODE:1",DRIVE_HEADING,,,,0,,,False,0,UNKNOWN,0.0,False,-9999.0,-1.0,-1.0,False,36.96767423,127.873588365,121.782,2,0.00012995999999999998,36.96767423,127.873588365,4.0,0.032711163902282715,1.0,0.0,0.04262232780456543,0.0,0.021842458233842333,170.85227885820495,0.0,0.0,0.0,-0.4770914167508185,0.10620083359125228,0.8633495828132419,0.1254299041832571,0.022532200643246795,0.0025830872929516074,-0.003560471674068432,-8.38468575,0.6668522,4.5306723
1789045853.783805,0.305,0.0,0.0,0,0,183,-1.591459762435727,1.0000200919828228,0.0,0.0,0.0,107.0,1.0,-0.09219863793567043,0.22911164771291084,106.0,0.9206522403060041,39.27893850411367,170.85227885820495,0.057237425678141565,0.37854203006772824,0.0,-12.527148158325845,0.9951942356117509,0.006067921254977305,1.1513333853072856,0.0,0.0,1.4447304920800506,0.0,0.0,0.0,0.0,0.0,2.05459458897706,0.5,,,0,0,0,0.017405446618795395,-1,169,True,True,False,"A:1,B:1,ESTOP:0,MODE:1",DRIVE_HEADING,,,,0,,,False,0,UNKNOWN,0.0,False,-9999.0,-1.0,-1.0,False,36.96767423,127.873588365,121.782,2,0.00012995999999999998,36.96767423,127.873588365,4.0,0.0577031530380249,1.0,0.0,0.0926063060760498,0.0,0.021842458233842333,170.85227885820495,0.0,0.0,0.0,-0.47706511099913657,0.1062496273864774,0.8633449735662072,0.1255203296903784,0.023422318561763904,0.004677482395344803,-0.001710422666954443,-8.316039199999999,0.7453053999999999,5.0210048
1789045853.834181,0.355,0.0,0.0,0,0,183,-1.591459762435727,1.0000200919828228,0.0,0.0,0.0,107.0,1.0,-0.09219863793567043,0.22911164771291084,106.0,0.9206522403060041,39.27893850411367,170.85227885820495,0.057237425678141565,0.9775829460075928,0.0,-12.527148158325845,0.9951942356117509,0.006067921254977305,1.1513333853072856,0.0,0.0,1.4447304920800506,0.0,0.0,0.0,0.0,0.0,2.05459458897706,0.5,,,0,0,0,0.038868896663188934,-1,169,True,True,False,"A:1,B:1,ESTOP:0,MODE:1",DRIVE_HEADING,,,,0,,,False,0,UNKNOWN,0.0,False,-9999.0,-1.0,-1.0,False,36.96767423,127.873588365,121.782,2,0.00012995999999999998,36.96767423,127.873588365,4.0,0.0826982416152954,1.0,0.0,0.14259648323059082,0.0,0.021842458233842333,170.85227885820495,0.0,0.0,0.0,-0.47707506084445045,0.10623177167591574,0.8633423943940868,0.12551536578740158,0.006073745796940267,-0.002722713633111154,0.008779006137531478,-8.306232549999999,0.81395195,5.0798447
1789045853.883832,0.405,0.0,0.0,0,0,183,-1.591459762435727,1.0000200919828228,0.0,0.0,0.0,107.0,1.0,-0.09219863793567043,0.22911164771291084,106.0,0.9206522403060041,39.27893850411367,170.85227885820495,0.057237425678141565,0.023535780115577554,0.0,-12.527148158325845,0.9951942356117509,0.006067921254977305,1.1513333853072856,0.0,0.0,1.4447304920800506,0.0,0.0,0.0,0.0,0.0,2.05459458897706,0.5,,,0,0,0,0.022068647667765617,-1,169,True,True,False,"A:1,B:1,ESTOP:0,MODE:1",DRIVE_HEADING,,,,0,,,False,0,UNKNOWN,0.0,False,-9999.0,-1.0,-1.0,False,36.96767423,127.873588365,121.782,2,0.00012995999999999998,36.96767423,127.873588365,4.0,0.10767175331115722,1.0,0.0,0.19254350662231445,0.0,0.021842458233842333,170.85227885820495,0.0,0.0,0.0,-0.47705750108837197,0.10614576892424864,0.8633709115367192,0.1254587004039691,0.010157816246606997,0.004572762640225144,-0.007871434926494426,-8.18855275,0.4707192,5.1582979
1789045853.933846,0.455,0.0,0.0,0,0,183,-1.5929421213891222,0.9985358319827708,0.0,0.0,0.0,107.0,1.0,-0.09388532148856901,0.22911164771291084,106.0,0.9206522403060041,39.28014193469927,170.85227885820495,0.057237425678141565,0.43067270855534645,0.0,-12.527148158325845,0.9951942356117509,0.006067921254977305,1.1513333853072856,0.0,0.0,1.4447304920800506,0.0,0.0,0.0,0.0,0.0,2.05459458897706,0.5,,,0,0,0,0.011177342385053635,-1,169,True,True,False,"A:1,B:1,ESTOP:0,MODE:1",DRIVE_HEADING,,,,0,,,False,0,UNKNOWN,0.0,False,-9999.0,-1.0,-1.0,False,36.967674216666666,127.87358834833333,121.784,2,0.00012995999999999998,36.967674216666666,127.87358834833333,4.0,0.03136588706970215,1.0,0.0,0.0399317741394043,0.0,0.04428617320828514,170.85227885820495,0.0,0.0,0.0,-0.4771152063860857,0.10612486461924686,0.8633276832803491,0.1255543875238721,0.020909044438892067,0.012112585008840646,-0.0007504915783575617,-8.36507245,0.5883989999999999,5.01119815
1789045853.983862,0.505,0.0,0.0,0,0,183,-1.5929421213891222,0.9985358319827708,0.0,0.0,0.0,107.0,1.0,-0.09388532148856901,0.22911164771291084,106.0,0.9206522403060041,39.28014193469927,170.85227885820495,0.057237425678141565,1.0685313631382356,0.0,-12.527148158325845,0.9951942356117509,0.006067921254977305,1.1513333853072856,0.0,0.0,1.4447304920800506,0.0,0.0,0.0,0.0,0.0,2.05459458897706,0.5,,,0,0,0,0.0267845019698143,-1,169,True,True,False,"A:1,B:1,ESTOP:0,MODE:1",DRIVE_HEADING,,,,0,,,False,0,UNKNOWN,0.0,False,-9999.0,-1.0,-1.0,False,36.967674216666666,127.87358834833333,121.784,2,0.00012995999999999998,36.967674216666666,127.87358834833333,4.0,0.056368247413635254,1.0,0.0,0.08993649482727051,0.0,0.04428617320828514,170.85227885820495,0.0,0.0,0.0,-0.47708307298125074,0.10620955282311975,0.8633356854523521,0.12554985698278187,0.02111848394913139,0.010192722831646885,0.010419615634406148,-8.316039199999999,0.7649187,5.0602314
1789045854.033826,0.555,0.0,0.0,0,0,183,-1.5929421213891222,0.9985358319827708,0.0,0.0,0.0,107.0,1.0,-0.09388532148856901,0.22911164771291084,106.0,0.9206522403060041,39.28014193469927,170.85227885820495,0.057237425678141565,-0.061345699588040765,0.0,-12.527148158325845,0.9951942356117509,0.006067921254977305,1.1513333853072856,0.0,0.0,1.4447304920800506,0.0,0.0,0.0,0.0,0.0,2.05459458897706,0.5,,,0,0,0,0.05314148589968681,-1,169,True,True,False,"A:1,B:1,ESTOP:0,MODE:1",DRIVE_HEADING,,,,0,,,False,0,UNKNOWN,0.0,False,-9999.0,-1.0,-1.0,False,36.967674216666666,127.87358834833333,121.784,2,0.00012995999999999998,36.967674216666666,127.87358834833333,4.0,0.08134271278381347,1.0,0.0,0.13988542556762695,0.0,0.04428617320828514,170.85227885820495,0.0,0.0,0.0,-0.47704452868175806,0.10623280909586628,0.8633596230303434,0.12551202829730662,0.017697638615222503,0.010471975511965976,-0.009302604913129777,-8.36507245,0.7551120499999999,5.18771785
1789045854.083868,0.605,0.0,0.0,0,0,183,-1.5929421213891222,0.9985358319827708,0.0,0.0,0.0,107.0,1.0,-0.09388532148856901,0.22911164771291084,106.0,0.9206522403060041,39.28014193469927,170.85227885820495,0.057237425678141565,0.21821699181113535,0.0,-12.527148158325845,0.9951942356117509,0.006067921254977305,1.1513333853072856,0.0,0.0,1.4447304920800506,0.0,0.0,0.0,0.0,0.0,2.05459458897706,0.5,,,0,0,0,0.04437589645385742,-2,169,True,True,False,"A:1,B:1,ESTOP:0,MODE:1",DRIVE_HEADING,,,,0,,,False,0,UNKNOWN,0.0,False,-9999.0,-1.0,-1.0,False,36.967674216666666,127.87358834833333,121.784,2,0.00012995999999999998,36.967674216666666,127.87358834833333,4.0,0.10636855735778808,1.0,0.0,0.18993711471557617,0.0,0.04428617320828514,170.85227885820495,0.0,0.0,0.0,-0.477082315291992,0.10623909654483668,0.8633384655729582,0.12550861589189546,0.009826203688728075,0.01832595714594046,-0.0044156830075456534,-8.36507245,0.5687857,5.0798447
1789045854.133899,0.655,0.0,0.0,0,0,183,-1.5941280080462643,0.992227727773523,0.0,0.0,0.0,107.0,1.0,-0.10029934830113868,0.22911164771291084,106.0,0.9206522403060041,39.28022004964163,170.85227885820495,0.057237425678141565,0.756700557827513,0.0,-12.527148158325845,0.9951942356117509,0.006067921254977305,1.1513333853072856,0.0,0.0,1.4447304920800506,0.0,0.0,0.0,0.0,0.0,2.05459458897706,0.5,,,0,0,0,0.05198054760694504,-1,169,True,True,False,"A:1,B:1,ESTOP:0,MODE:1",DRIVE_HEADING,,,,0,,,False,0,UNKNOWN,0.0,False,-9999.0,-1.0,-1.0,False,36.96767416,127.873588335,121.788,2,0.00014884000000000002,36.96767416,127.873588335,4.0,0.0122,1.0,1.0,0.0,0.0,0.07065643741731718,170.85227885820495,0.0,0.0,0.0,-0.4770672208734206,0.10619311436495982,0.8633408410664548,0.12558853998772215,0.015044738152191121,0.006544984694978736,0.005009094953223725,-8.26700595,0.5982056499999999,5.099458
1789045854.183819,0.705,3.0,0.0,0,0,183,-1.5941280080462643,0.992227727773523,0.0,0.0,0.0,107.0,1.0,-0.10029934830113868,0.22911164771291084,106.0,0.9206522403060041,39.28022004964163,170.85227885820495,0.057237425678141565,0.6703571567118581,0.0,-12.527148158325845,0.9951942356117509,0.006067921254977305,1.1513333853072856,0.0,0.0,1.4447304920800506,0.0,0.0,0.0,0.0,0.0,2.05459458897706,0.5,,,0,0,0,0.054627444595098495,-2,169,True,True,False,"A:1,B:1,ESTOP:0,MODE:1",DRIVE_HEADING,,,,0,,,False,0,UNKNOWN,0.0,False,-9999.0,-1.0,-1.0,False,36.96767416,127.873588335,121.788,2,0.00014884000000000002,36.96767416,127.873588335,4.0,0.04866385669708252,1.0,0.0,0.07292771339416504,0.0,0.07065643741731718,170.85227885820495,0.0,0.0,0.0,-0.47706300588449363,0.10621987970307137,0.863336964532732,0.12560856357639405,0.017191493132144145,0.007714355293814937,0.003525565089028546,-8.306232549999999,0.6962721499999999,5.01119815
1789045854.233901,0.755,3.0,0.0,3,0,183,-1.5941280080462643,0.992227727773523,0.0,0.0,0.0,107.0,1.0,-0.10029934830113868,0.22911164771291084,106.0,0.9206522403060041,39.28022004964163,170.85227885820495,0.057237425678141565,0.3047464423984343,0.0,-12.527148158325845,0.9951942356117509,0.006067921254977305,1.1513333853072856,3.0,3.0,1.4447304920800506,0.0,0.0,0.0,0.0,0.0,2.05459458897706,0.5,,,0,0,0,0.07400037348270416,-2,170,True,True,False,"A:1,B:1,ESTOP:0,MODE:1",DRIVE_HEADING,,,,0,,,False,0,UNKNOWN,0.0,False,-9999.0,-1.0,-1.0,False,36.96767416,127.873588335,121.788,2,0.00014884000000000002,36.96767416,127.873588335,4.0,0.07374727935791016,1.0,0.0,0.12309455871582031,0.0,0.07065643741731718,170.85227885820495,0.0,0.0,0.0,-0.4770611482638531,0.10625695951966618,0.8633388221533724,0.1255714837597991,0.016022122533307946,0.016406094968746697,-0.0028448866807507574,-8.3552658,0.6962721499999999,5.1779112
1789045854.283877,0.805,3.0,0.0,3,0,183,-1.5941280080462643,0.992227727773523,0.0,0.0,0.0,107.0,1.0,-0.10029934830113868,0.22911164771291084,106.0,0.9206522403060041,39.28022004964163,170.85227885820495,0.057237425678141565,0.6733969495136376,0.0,-12.527148158325845,0.9951942356117509,0.006067921254977305,1.1513333853072856,3.0,3.0,1.4447304920800506,0.0,0.0,0.0,0.0,0.0,2.05459458897706,0.5,,,0,0,0,0.06707523763179779,-1,169,True,True,False,"A:1,B:1,ESTOP:0,MODE:1",DRIVE_HEADING,,,,0,,,False,0,UNKNOWN,0.0,False,-9999.0,-1.0,-1.0,False,36.96767416,127.873588335,121.788,2,0.00014884000000000002,36.96767416,127.873588335,4.0,0.09891867847442627,1.0,0.0,0.17343735694885254,0.0,0.07065643741731718,170.85227885820495,0.0,0.0,0.0,-0.4770450391254648,0.10625995448580476,0.8633462564729902,0.12557903548177146,0.013142329267517301,0.003909537524467298,0.003612831551628262,-8.2964259,0.5197524499999999,5.0504247499999995
1789045854.333835,0.855,3.0,0.0,3,0,184,-1.5942762435624236,0.9903724027734582,0.0,0.0,0.0,107.0,1.0,-0.10215624354287853,0.22911164771291084,106.0,0.9206522403060041,39.28004568137775,170.85227885820495,0.057237425678141565,0.45149215561461026,0.0,-12.527148158325845,0.9951942356117509,0.006067921254977305,1.1513333853072856,3.0,3.0,1.4447304920800506,0.0,0.0,0.0,0.0,0.0,2.05459458897706,0.5,,,0,0,0,0.06987224519252777,-2,169,True,True,False,"A:1,B:1,ESTOP:0,MODE:1",DRIVE_HEADING,,,,0,,,False,0,UNKNOWN,0.0,False,-9999.0,-1.0,-1.0,False,36.96767414333333,127.87358833333333,121.784,2,0.00012995999999999998,36.96767414333333,127.87358833333333,4.0,0.03322662487030029,1.0,0.0,0.043653249740600586,0.0,0.07515196728319623,170.85227885820495,0.0,0.0,0.0,-0.47704200536088665,0.10629187832620418,0.8633452436797061,0.12557050584743304,0.011868238913561441,-0.00153588974175501,-0.0002443460952792061,-8.394492399999999,0.6864655000000001,5.08965135
1789045854.383828,0.905,3.0,0.0,3,0,184,-1.5942762435624236,0.9903724027734582,0.0,0.0,0.0,107.0,1.0,-0.10215624354287853,0.22911164771291084,106.0,0.9206522403060041,39.28004568137775,170.85227885820495,0.057237425678141565,0.6342211713033811,0.0,-12.527148158325845,0.9951942356117509,0.006067921254977305,1.1513333853072856,3.0,3.0,1.4447304920800506,0.0,0.0,0.0,0.0,0.0,2.05459458897706,0.5,,,0,0,0,0.07677780836820602,-1,169,True,True,False,"A:1,B:1,ESTOP:0,MODE:1",DRIVE_HEADING,,,,0,,,False,0,UNKNOWN,0.0,False,-9999.0,-1.0,-1.0,False,36.96767414333333,127.87358833333333,121.784,2,0.00012995999999999998,36.96767414333333,127.87358833333333,4.0,0.058239237213134766,1.0,0.0,0.09367847442626953,0.0,0.07515196728319623,170.85227885820495,0.0,0.0,0.0,-0.4770420884332582,0.10627581457043886,0.8633431371752885,0.12559826667974355,0.0073129295658562405,0.01017526953912694,0.0029670597283903604,-8.26700595,0.55897905,5.08965135
1789045854.433879,0.955,3.0,0.0,3,0,184,-1.5942762435624236,0.9903724027734582,0.0,0.0,0.0,107.0,1.0,-0.10215624354287853,0.22911164771291084,106.0,0.9206522403060041,39.28004568137775,170.85227885820495,0.057237425678141565,0.35151672896077424,0.0,-12.527148158325845,0.9951942356117509,0.006067921254977305,1.1513333853072856,3.0,3.0,1.4447304920800506,0.0,0.0,0.0,0.0,0.0,2.05459458897706,0.5,,,0,0,0,0.08503640443086624,-1,169,True,True,False,"A:1,B:1,ESTOP:0,MODE:1",DRIVE_HEADING,,,,0,,,False,0,UNKNOWN,0.0,False,-9999.0,-1.0,-1.0,False,36.96767414333333,127.87358833333333,121.784,2,0.00012995999999999998,36.96767414333333,127.87358833333333,4.0,0.08324350490570068,1.0,0.0,0.14368700981140137,0.0,0.07515196728319623,170.85227885820495,0.0,0.0,0.0,-0.47706351241754247,0.10627578105647847,0.8633276433166321,0.12562342045185293,0.015428710587629874,0.01075122819228507,-0.001954768762233649,-8.3552658,0.57859235,5.12887795
1789045854.483848,1.005,3.0,0.0,3,0,184,-1.5942762435624236,0.9903724027734582,0.0,0.0,0.0,107.0,1.0,-0.10215624354287853,0.22911164771291084,106.0,0.9206522403060041,39.28004568137775,170.85227885820495,0.057237425678141565,0.6731676955028527,0.0,-12.527148158325845,0.9951942356117509,0.006067921254977305,1.1513333853072856,3.0,3.0,1.4447304920800506,0.0,0.0,0.0,0.0,0.0,2.05459458897706,0.5,,,0,0,0,0.0,-2,169,True,True,False,"A:1,B:1,ESTOP:0,MODE:1",DRIVE_HEADING,,,,0,,,False,0,UNKNOWN,0.0,False,-9999.0,-1.0,-1.0,False,36.96767414333333,127.87358833333333,121.784,2,0.00012995999999999998,36.96767414333333,127.87358833333333,4.0,0.1082329906463623,1.0,0.0,0.1936659812927246,0.0,0.07515196728319623,170.85227885820495,0.0,0.0,0.0,-0.47705988605474625,0.10630512448049877,0.8633251981131854,0.12562916830675663,0.01546361717266976,0.01942551457469689,0.003682644721708035,-8.404299049999999,0.5982056499999999,5.22694445
1789045854.533962,1.055,3.0,0.0,3,0,184,-1.5890879891214427,0.991114532773484,0.0,0.0,0.0,107.0,1.0,-0.10065692167187157,0.22911164771291084,106.0,0.9206522403060041,39.27506351086114,170.85227885820495,0.057237425678141565,0.031105360111847006,0.0,-12.527148158325845,0.9951942356117509,0.006067921254977305,1.1513333853072856,3.0,3.0,1.4447304920800506,0.0,0.0,0.0,0.0,0.0,2.05459458897706,0.5,,,0,0,0,0.0,-1,170,True,True,False,"A:1,B:1,ESTOP:0,MODE:1",DRIVE_HEADING,,,,0,,,False,0,UNKNOWN,0.0,False,-9999.0,-1.0,-1.0,False,36.96767415,127.87358839166667,121.786,2,0.00012995999999999998,36.96767415,127.87358839166667,4.0,0.031373158836364747,1.0,0.0,0.03994631767272949,0.0,0.048522224066074086,170.85227885820495,0.0,0.0,0.0,-0.47707203283537414,0.10633821376741323,0.8633156540813826,0.1256206240914055,0.006894050545377602,0.010838494654884786,-0.0075223690760955605,-8.316039199999999,0.6864655000000001,5.0798447
1789045854.583848,1.105,3.0,0.0,3,0,184,-1.5890879891214427,0.991114532773484,0.0,0.0,0.0,107.0,1.0,-0.10065692167187157,0.22911164771291084,106.0,0.9206522403060041,39.27506351086114,170.85227885820495,0.057237425678141565,0.1547951493916233,0.0,-12.527148158325845,0.9951942356117509,0.006067921254977305,1.1513333853072856,3.0,3.0,1.4447304920800506,0.0,0.0,0.0,0.0,0.0,2.05459458897706,0.5,,,0,0,0,0.0,-1,170,True,True,False,"A:1,B:1,ESTOP:0,MODE:1",DRIVE_HEADING,,,,0,,,False,0,UNKNOWN,0.0,False,-9999.0,-1.0,-1.0,False,36.96767415,127.87358839166667,121.786,2,0.00012995999999999998,36.96767415,127.87358839166667,4.0,0.05638136043548584,1.0,0.0,0.08996272087097168,0.0,0.048522224066074086,170.85227885820495,0.0,0.0,0.0,-0.47707068855169166,0.10636517875292811,0.863316998365065,0.12559365910589088,0.011728612573401895,0.006126105674500096,-0.005358160803622592,-8.28661925,0.67665885,5.0013914999999995
1789045854.633828,1.155,3.0,0.0,3,0,184,-1.5890879891214427,0.991114532773484,0.0,0.0,0.0,107.0,1.0,-0.10065692167187157,0.22911164771291084,106.0,0.9206522403060041,39.27506351086114,170.85227885820495,0.057237425678141565,0.29520355909284,0.0,-12.527148158325845,0.9951942356117509,0.006067921254977305,1.1513333853072856,3.0,3.0,1.4447304920800506,0.0,0.0,0.0,0.0,0.0,2.05459458897706,0.5,,,0,0,0,0.0,-1,172,True,True,False,"A:1,B:1,ESTOP:0,MODE:1",DRIVE_HEADING,,,,0,,,False,0,UNKNOWN,0.0,False,-9999.0,-1.0,-1.0,False,36.96767415,127.87358839166667,121.786,2,0.00012995999999999998,36.96767415,127.87358839166667,4.0,0.08137644901275634,1.0,0.0,0.1399528980255127,0.0,0.048522224066074086,170.85227885820495,0.0,0.0,0.0,-0.47710138723116274,0.10636076967002803,0.8632996004007449,0.1256003699246684,0.011484266478122689,0.008045967851693859,-0.002897246558310587,-8.34545915,0.61781895,4.962164899999999
1789045854.683821,1.205,3.0,0.0,3,0,211,-1.5890879891214427,0.991114532773484,0.0,0.0,0.0,107.0,1.0,-0.10065692167187157,0.22911164771291084,106.0,0.9206522403060041,39.27506351086114,170.85227885820495,0.057237425678141565,0.5331351519746543,0.0,-12.527148158325845,0.9951942356117509,0.006067921254977305,1.1513333853072856,3.0,3.0,1.4447304920800506,0.0,0.0,0.0,0.0,0.0,2.05459458897706,0.5,,,0,0,0,0.0,-1,169,True,True,False,"A:1,B:1,ESTOP:0,MODE:1",DRIVE_HEADING,,,,0,,,False,0,UNKNOWN,0.0,False,-9999.0,-1.0,-1.0,False,36.96767415,127.87358839166667,121.786,2,0.00012995999999999998,36.96767415,127.87358839166667,4.0,0.10639990940093993,1.0,0.0,0.18999981880187988,0.0,0.048522224066074086,170.85227885820495,0.0,0.0,0.0,-0.477156798346965,0.10639973121084564,0.8632606631246411,0.12562449797367764,0.011815879036001611,0.013037609512397642,0.0012740903539558606,-8.2964259,0.57859235,4.6679654
1789045854.733892,1.255,3.0,0.0,3,0,184,-1.5902738757785848,0.9846208956687434,0.0,0.0,0.0,107.0,1.0,-0.10725445180412103,0.22911164771291084,106.0,0.9206522403060041,39.27511070075205,170.85227885820495,0.057237425678141565,0.33047288167070504,0.0,-12.527148158325845,0.9951942356117509,0.006067921254977305,1.1513333853072856,3.0,3.0,1.4447304920800506,0.0,0.0,0.0,0.0,0.0,2.05459458897706,0.5,,,0,0,0,0.0,-1,169,True,True,False,"A:1,B:1,ESTOP:0,MODE:1",DRIVE_HEADING,,,,0,,,False,0,UNKNOWN,0.0,False,-9999.0,-1.0,-1.0,False,36.967674091666666,127.87358837833334,121.789,2,0.00012995999999999998,36.967674091666666,127.87358837833334,4.0,0.03222347869873047,1.0,0.0,0.04164695739746094,0.0,0.06273577700112767,170.85227885820495,0.0,0.0,0.0,-0.47728650594918864,0.10646215290420491,0.863178622237812,0.12564261756844053,0.020525072003453316,0.01811651763570114,-0.0022514747350726853,-8.56120545,0.6276256,4.707191999999999
1789045854.783761,1.305,3.0,0.0,3,0,184,-1.5902738757785848,0.9846208956687434,0.0,0.0,0.0,107.0,1.0,-0.10725445180412103,0.22911164771291084,106.0,0.9206522403060041,39.27511070075205,170.85227885820495,0.057237425678141565,0.3886939359073636,0.0,-12.527148158325845,0.9951942356117509,0.006067921254977305,1.1513333853072856,3.0,3.0,1.4447304920800506,0.0,0.0,0.0,0.0,0.0,2.05459458897706,0.5,,,0,0,0,0.0,-1,169,True,True,False,"A:1,B:1,ESTOP:0,MODE:1",DRIVE_HEADING,,,,0,,,False,0,UNKNOWN,0.0,False,-9999.0,-1.0,-1.0,False,36.967674091666666,127.87358837833334,121.789,2,0.00012995999999999998,36.967674091666666,127.87358837833334,4.0,0.05720581188201904,1.0,0.0,0.09161162376403809,0.0,0.06273577700112767,170.85227885820495,0.0,0.0,0.0,-0.477449540159241,0.10653970348407321,0.8630866275030085,0.12558941678636087,0.006789330790257942,0.009459684545809267,-0.0012217304763960308,-8.6494653,0.65704555,4.71699865
1789045854.833781,1.355,3.0,0.0,3,0,185,-1.5902738757785848,0.9846208956687434,0.0,0.0,0.0,107.0,1.0,-0.10725445180412103,0.22911164771291084,106.0,0.9206522403060041,39.27511070075205,170.85227885820495,0.057237425678141565,0.0625685480355489,0.0,-12.527148158325845,0.9951942356117509,0.006067921254977305,1.1513333853072856,3.0,3.0,1.4447304920800506,0.0,0.0,0.0,0.0,0.0,2.05459458897706,0.5,,,0,0,0,0.0,-1,170,True,True,False,"A:1,B:1,ESTOP:0,MODE:1",DRIVE_HEADING,,,,0,,,False,0,UNKNOWN,0.0,False,-9999.0,-1.0,-1.0,False,36.967674091666666,127.87358837833334,121.789,2,0.00012995999999999998,36.967674091666666,127.87358837833334,4.0,0.08216954841613769,1.0,0.0,0.1415390968322754,0.0,0.06273577700112767,170.85227885820495,0.0,0.0,0.0,-0.477383070243067,0.10649745160895899,0.8631232131546739,0.12562649386037905,0.005445427266222308,-0.00022689280275926284,-0.006911503837897545,-8.502365549999999,0.29419949999999995,5.48191735
1789045854.883788,1.405,3.0,0.0,3,0,184,-1.5902738757785848,0.9846208956687434,0.0,0.0,0.0,107.0,1.0,-0.10725445180412103,0.22911164771291084,106.0,0.9206522403060041,39.27511070075205,170.85227885820495,0.057237425678141565,0.5903854109394778,0.0,-12.527148158325845,0.9951942356117509,0.006067921254977305,1.1513333853072856,3.0,3.0,1.4447304920800506,0.0,0.0,0.0,0.0,0.0,2.05459458897706,0.5,,,0,0,0,0.18787066638469696,-1,171,True,True,False,"A:1,B:1,ESTOP:0,MODE:1",DRIVE_HEADING,,,,0,,,False,0,UNKNOWN,0.0,False,-9999.0,-1.0,-1.0,False,36.967674091666666,127.87358837833334,121.789,2,0.00012995999999999998,36.967674091666666,127.87358837833334,4.0,0.10716940536499023,1.0,0.0,0.19153881072998047,0.0,0.06273577700112767,170.85227885820495,0.0,0.0,0.0,-0.4774066311490365,0.10652823186946472,0.8630797767051485,0.1258091546441851,0.030647981665020425,0.019687313962496036,0.0023212879051524586,-8.5121722,1.1866046499999998,4.0991797
1789045854.933737,1.455,3.0,0.0,3,0,193,-1.583306792615825,0.9890736756688991,0.0,0.0,0.0,107.0,1.0,-0.10182267951133465,0.22911164771291084,106.0,0.9206522403060041,39.26901673969558,170.85227885820495,0.057237425678141565,1.188004640117599,0.0,-12.527148158325845,0.9951942356117509,0.006067921254977305,1.1513333853072856,3.0,3.0,1.4447304920800506,0.0,0.0,0.0,0.0,0.0,2.05459458897706,0.5,,,0,0,0,0.2085721343755722,-1,170,True,True,False,"A:1,B:1,ESTOP:0,MODE:1",DRIVE_HEADING,,,,0,,,False,0,UNKNOWN,0.0,False,-9999.0,-1.0,-1.0,False,36.96767413166667,127.87358845666667,121.791,2,0.00012995999999999998,36.96767413166667,127.87358845666667,4.0,0.03132321014404297,1.0,0.0,0.03984642028808594,0.0,0.055161499981678484,170.85227885820495,0.0,0.0,0.0,-0.4774423795464926,0.10654621567333958,0.8630565733870559,0.12581744422800217,0.03488913174736665,0.0071907565182166375,0.012793263417118436,-8.6494653,0.9218251,5.295591
1789045854.983812,1.505,3.0,0.0,3,0,186,-1.583306792615825,0.9890736756688991,0.0,0.0,0.0,107.0,1.0,-0.10182267951133465,0.22911164771291084,106.0,0.9206522403060041,39.26901673969558,170.85227885820495,0.057237425678141565,0.8712586308373639,0.0,-12.527148158325845,0.9951942356117509,0.006067921254977305,1.1513333853072856,3.0,3.0,1.4447304920800506,0.0,0.0,0.0,0.0,0.0,2.05459458897706,0.5,,,0,0,0,0.28150659799575806,-2,209,True,True,False,"A:1,B:1,ESTOP:0,MODE:1",DRIVE_HEADING,,,,0,,,False,0,UNKNOWN,0.0,False,-9999.0,-1.0,-1.0,False,36.96767413166667,127.87358845666667,121.791,2,0.00012995999999999998,36.96767413166667,127.87358845666667,4.0,0.05630816593170166,1.0,0.0,0.08981633186340332,0.0,0.055161499981678484,170.85227885820495,0.0,0.0,0.0,-0.47737394202497896,0.10653574453350335,0.8631120796329124,0.12570518129326835,0.008866272600131194,-0.02303834612632515,0.0072954762733362976,-8.061066299999998,1.06892485,4.77583855
1789045855.033794,1.555,3.0,0.0,3,0,220,-1.583306792615825,0.9890736756688991,0.0,0.0,0.0,107.0,1.0,-0.10182267951133465,0.22911164771291084,106.0,0.9206522403060041,39.26901673969558,170.85227885820495,0.057237425678141565,-0.5586218864243109,0.0,-12.527148158325845,0.9951942356117509,0.006067921254977305,1.1513333853072856,3.0,3.0,1.4447304920800506,0.0,0.0,0.0,0.0,0.0,2.05459458897706,0.5,,,0,0,0,0.24243685603141785,-1,184,True,True,False,"A:1,B:1,ESTOP:0,MODE:1",DRIVE_HEADING,,,,0,,,False,0,UNKNOWN,0.0,False,-9999.0,-1.0,-1.0,False,36.96767413166667,127.87358845666667,121.791,2,0.00012995999999999998,36.96767413166667,127.87358845666667,4.0,0.08135582580566406,1.0,0.0,0.13991165161132812,0.0,0.055161499981678484,170.85227885820495,0.0,0.0,0.0,-0.47738904864575277,0.10662004948318797,0.8630608471996628,0.12592789727580594,0.034801865284766934,0.00307177948351002,-0.017680185322702557,-8.5121722,0.6668522,5.736890249999999
1789045855.083799,1.605,3.0,0.0,3,0,224,-1.583306792615825,0.9890736756688991,0.0,0.0,0.0,107.0,1.0,-0.10182267951133465,0.22911164771291084,106.0,0.9206522403060041,39.26901673969558,170.85227885820495,0.057237425678141565,0.9744253573485375,0.0,-12.527148158325845,0.9951942356117509,0.006067921254977305,1.1513333853072856,3.0,3.0,1.4447304920800506,0.0,0.0,0.0,0.0,0.0,2.05459458897706,0.5,,,0,0,0,0.8035170435905457,-1,171,True,True,False,"A:1,B:1,ESTOP:0,MODE:1",DRIVE_HEADING,,,,0,,,False,0,UNKNOWN,0.0,False,-9999.0,-1.0,-1.0,False,36.96767413166667,127.87358845666667,121.791,2,0.00012995999999999998,36.96767413166667,127.87358845666667,4.0,0.10630847587585449,1.0,0.0,0.18981695175170898,0.0,0.055161499981678484,170.85227885820495,0.0,0.0,0.0,-0.47749948892164495,0.10673460163326279,0.862951257646318,0.1261629494756466,0.05157447939643244,-0.005288347633542819,0.0091106186954104,-8.77695175,0.4707192,0.65704555
1789045855.133787,1.655,3.0,0.0,3,0,232,-1.555883166513263,0.977385128563977,0.0,0.0,0.0,107.0,1.0,-0.10933815345330791,0.22911164771291084,106.0,0.9206522403060041,39.23998733466008,170.85227885820495,0.057237425678141565,0.8706805066338406,0.0,-12.527148158325845,0.9951942356117509,0.006067921254977305,1.1513333853072856,3.0,3.0,1.4447304920800506,0.0,0.0,0.0,0.0,0.0,2.05459458897706,0.5,,,0,0,0,0.4208539128303528,-1,172,True,True,False,"A:1,B:1,ESTOP:0,MODE:1",DRIVE_HEADING,,,,0,,,False,0,UNKNOWN,0.0,False,-9999.0,-1.0,-1.0,False,36.967674026666664,127.873588765,121.791,2,0.00012995999999999998,36.967674026666664,127.873588765,4.0,0.0304885066986084,1.0,0.0,0.0381770133972168,0.0,0.3136481471688147,170.85227885820495,0.0,0.0,0.0,-0.4773647620937397,0.10674439063913135,0.8630343677599894,0.1260959913850682,-0.005759586531581287,0.022427480888127134,0.007330382858376184,-8.16893945,1.0591182,7.93357985
1789045855.183814,1.705,3.0,0.0,3,0,232,-1.555883166513263,0.977385128563977,0.0,0.0,0.0,107.0,1.0,-0.10933815345330791,0.22911164771291084,106.0,0.9206522403060041,39.23998733466008,170.85227885820495,0.057237425678141565,0.6942891456205729,0.0,-12.527148158325845,0.9951942356117509,0.006067921254977305,1.1513333853072856,3.0,3.0,1.4447304920800506,0.0,0.0,0.0,0.0,0.0,2.05459458897706,0.5,,,0,0,0,0.8035417795181274,-1,172,True,True,False,"A:1,B:1,ESTOP:0,MODE:1",DRIVE_HEADING,,,,0,,,False,0,UNKNOWN,0.0,False,-9999.0,-1.0,-1.0,False,36.967674026666664,127.873588765,121.791,2,0.00012995999999999998,36.967674026666664,127.873588765,4.0,0.05549587383270264,1.0,0.0,0.08819174766540527,0.0,0.3136481471688147,170.85227885820495,0.0,0.0,0.0,-0.47741239252000334,0.10681482848689582,0.8630038793345916,0.12606468235428572,0.0158824961931484,-0.0003665191429188092,0.004276056667386108,-8.46313895,0.7060787999999999,2.2751428
1789045855.233852,1.755,3.0,0.0,3,0,232,-1.555883166513263,0.977385128563977,0.0,0.0,0.0,107.0,1.0,-0.10933815345330791,0.22911164771291084,106.0,0.9206522403060041,39.23998733466008,170.85227885820495,0.057237425678141565,0.7956945673293316,0.0,-12.527148158325845,0.9951942356117509,0.006067921254977305,1.1513333853072856,3.0,3.0,1.4447304920800506,0.0,0.0,0.0,0.0,0.0,2.05459458897706,0.5,,,0,0,0,0.8543246388435364,-1,174,True,True,False,"A:1,B:1,ESTOP:0,MODE:1",DRIVE_HEADING,,,,0,,,False,0,UNKNOWN,0.0,False,-9999.0,-1.0,-1.0,False,36.967674026666664,127.873588765,121.791,2,0.00012995999999999998,36.967674026666664,127.873588765,4.0,0.08047606124877929,1.0,0.0,0.1381521224975586,0.0,0.3136481471688147,170.85227885820495,0.0,0.0,0.0,-0.47741278294257194,0.10685803579868157,0.8629925799116551,0.1261039328716671,-0.01699950691442477,0.002949606435870417,0.006073745796940267,-7.296147599999999,0.6668522,4.079566399999999
1789045855.283808,1.805,3.0,0.0,3,0,232,-1.555883166513263,0.977385128563977,0.0,0.0,0.0,107.0,1.0,-0.10933815345330791,0.22911164771291084,106.0,0.9206522403060041,39.23998733466008,170.85227885820495,0.057237425678141565,-0.33862682180532705,0.0,-12.527148158325845,0.9951942356117509,0.006067921254977305,1.1513333853072856,3.0,3.0,1.4447304920800506,0.0,0.0,0.0,0.0,0.0,2.05459458897706,0.5,,,0,0,0,1.057160496711731,-1,254,True,True,False,"A:1,B:1,ESTOP:0,MODE:1",DRIVE_HEADING,,,,0,,,False,0,UNKNOWN,0.0,False,-9999.0,-1.0,-1.0,False,36.967674026666664,127.873588765,121.791,2,0.00012995999999999998,36.967674026666664,127.873588765,4.0,0.1054861701965332,1.0,0.0,0.1881723403930664,0.0,0.3136481471688147,170.85227885820495,0.0,0.0,0.0,-0.47747321468433174,0.10694186122071209,0.8628966795663793,0.12645982749860607,0.03040363556974122,0.02956587752878394,-0.013735741213195374,-9.316317499999998,1.0493115499999999,4.3541526
1789045855.333849,1.855,3.0,0.0,3,0,231,-1.516600673839278,0.977385128563977,0.0,0.0,0.0,107.0,1.0,-0.10354366303753701,0.22911164771291084,106.0,0.9206522403060041,39.20129430332788,170.85227885820495,0.057237425678141565,0.9434824318382836,0.0,-12.527148158325845,0.9951942356117509,0.006067921254977305,1.1513333853072856,3.0,3.0,1.4447304920800506,0.0,0.0,0.0,0.0,0.0,2.05459458897706,0.5,,,0,0,0,1.086930513381958,-1,171,True,True,False,"A:1,B:1,ESTOP:0,MODE:1",DRIVE_HEADING,,,,0,,,False,0,UNKNOWN,0.0,False,-9999.0,-1.0,-1.0,False,36.967674026666664,127.87358920666667,121.779,2,0.00012995999999999998,36.967674026666664,127.87358920666667,4.0,0.03201021327972412,1.0,0.0,0.04122042655944824,0.0,0.6115759458063926,170.85227885820495,0.0,0.0,0.0,-0.4773493506270831,0.10707535907643786,0.8629264524972875,0.12661122586485266,0.026982790235832336,-0.010681415022205296,0.008674286382411817,-8.757338449999999,-0.2353596,4.7366119499999995
1789045855.383806,1.905,3.0,0.0,3,0,231,-1.516600673839278,0.977385128563977,0.0,0.0,0.0,107.0,1.0,-0.10354366303753701,0.22911164771291084,106.0,0.9206522403060041,39.20129430332788,170.85227885820495,0.057237425678141565,0.733013466974607,0.0,-12.527148158325845,0.9951942356117509,0.006067921254977305,1.1513333853072856,3.0,3.0,1.4447304920800506,0.0,0.0,0.0,0.0,0.0,2.05459458897706,0.5,,,0,0,0,1.2383761405944824,-1,449,True,True,False,"A:1,B:1,ESTOP:0,MODE:1",DRIVE_HEADING,,,,0,,,False,0,UNKNOWN,0.0,False,-9999.0,-1.0,-1.0,False,36.967674026666664,127.87358920666667,121.779,2,0.00012995999999999998,36.967674026666664,127.87358920666667,4.0,0.05699338092803955,1.0,0.0,0.0911867618560791,0.0,0.6115759458063926,170.85227885820495,0.0,0.0,0.0,-0.47743247765271346,0.10711724070079254,0.8628839072300407,0.12655231594268881,0.002286381320112572,0.016545721308906244,0.005026548245743669,-9.63993695,-0.3334261,4.6679654
1789045855.433795,1.955,3.0,0.0,3,0,230,-1.516600673839278,0.977385128563977,0.0,0.0,0.0,107.0,1.0,-0.10354366303753701,0.22911164771291084,106.0,0.9206522403060041,39.20129430332788,170.85227885820495,0.057237425678141565,0.26049144004065783,0.0,-12.527148158325845,0.9951942356117509,0.006067921254977305,1.1513333853072856,3.0,3.0,1.4447304920800506,0.0,0.0,0.0,0.0,0.0,2.05459458897706,0.5,,,1,1,0,1.161271333694458,-1,356,True,True,False,"A:1,B:1,ESTOP:0,MODE:1",DRIVE_HEADING,,,,0,,,False,0,UNKNOWN,0.0,False,-9999.0,-1.0,-1.0,False,36.967674026666664,127.87358920666667,121.779,2,0.00012995999999999998,36.967674026666664,127.87358920666667,4.0,0.08200790061950683,1.0,0.0,0.14121580123901367,0.0,0.6115759458063926,170.85227885820495,0.0,0.0,0.0,-0.47698634201837437,0.10767567799497221,0.8630770154676125,0.12644383443953353,-0.00019198621771937625,-0.0016231562043547264,-0.0032114058236695662,-10.012589649999999,-0.53936575,6.63910205
1789045855.483829,2.005,3.0,0.0,3,0,230,-1.516600673839278,0.977385128563977,0.0,0.0,0.0,107.0,1.0,-0.10354366303753701,0.22911164771291084,106.0,0.9206522403060041,39.20129430332788,170.85227885820495,0.057237425678141565,-0.10928954283942355,0.0,-12.527148158325845,0.9951942356117509,0.006067921254977305,1.1513333853072856,3.0,3.0,1.4447304920800506,0.0,0.0,0.0,0.0,0.0,2.05459458897706,0.5,,,0,0,0,1.9240407943725586,-1,170,True,True,False,"A:1,B:1,ESTOP:0,MODE:1",DRIVE_HEADING,,,,0,,,False,0,UNKNOWN,0.0,False,-9999.0,-1.0,-1.0,False,36.967674026666664,127.87358920666667,121.779,2,0.00012995999999999998,36.967674026666664,127.87358920666667,4.0,0.10701169147491454,1.0,0.0,0.1912233829498291,0.0,0.6115759458063926,170.85227885820495,0.0,0.0,0.0,-0.4769450899491216,0.1079214343590003,0.8630193086863824,0.12678335069636842,0.030019663134302467,-0.01764527873766267,-0.009669124056048587,-10.5715687,-0.45110589999999995,1.5494507
1789045855.533788,2.055,3.0,0.0,3,0,237,-1.4513769127521914,0.9682940372501181,0.0,0.5,0.0,107.0,1.0,-0.10291426472044068,0.22911164771291084,106.0,0.9206522403060041,39.13548053472602,170.85227885820495,0.057237425678141565,0.9737590362462554,0.0,-12.527148158325845,0.9951942356117509,0.006067921254977305,1.1513333853072856,3.0,3.0,1.4447304920800506,0.0,0.0,0.0,0.0,0.0,2.05459458897706,0.5,,,1,1,0,2.0383176803588867,-1,186,True,True,False,"A:1,B:1,ESTOP:0,MODE:1",DRIVE_HEADING,,,,0,,,False,0,UNKNOWN,0.0,False,-9999.0,-1.0,-1.0,False,36.967673945,127.87358994,121.767,2,0.00012995999999999998,36.967673945,127.87358994,4.0,0.030752316856384278,1.0,0.0,0.038704633712768555,0.0,0.9453929160226837,170.85227885820495,0.0,0.0,0.0,-0.4769312449053637,0.10804310945823789,0.8629934417418016,0.12690781552865513,-0.056653387519735934,-0.04131194339470578,0.00926769832808989,-4.8052585,3.726527,1.93191005
1789045855.583831,2.105,3.0,0.0,3,0,231,-1.4513769127521914,0.9682940372501181,0.0,0.5,0.0,107.0,1.0,-0.10291426472044068,0.22911164771291084,106.0,0.9206522403060041,39.13548053472602,170.85227885820495,0.057237425678141565,-0.40742448182623714,0.0,-12.527148158325845,0.9951942356117509,0.006067921254977305,1.1513333853072856,3.0,3.0,1.4447304920800506,0.0,0.0,0.0,0.0,0.0,2.05459458897706,0.5,,,1,1,0,1.538189172744751,-1,197,True,True,False,"A:1,B:1,ESTOP:0,MODE:1",DRIVE_HEADING,,,,0,,,False,0,UNKNOWN,0.0,False,-9999.0,-1.0,-1.0,False,36.967673945,127.87358994,121.767,2,0.00012995999999999998,36.967673945,127.87358994,4.0,0.05576743259429932,1.0,0.0,0.08873486518859863,0.0,0.9453929160226837,170.85227885820495,0.0,0.0,0.0,-0.4771216293098864,0.10819393875943809,0.8628529609058414,0.12701885811335595,0.17175785168876195,0.10875146569176668,-0.014852751934471744,-12.77806495,-3.4519407999999996,11.67972015
1789045855.633950,2.155,3.0,0.0,3,0,231,-1.4513769127521914,0.9682940372501181,0.0,0.5,0.0,107.0,1.0,-0.10291426472044068,0.22911164771291084,106.0,0.9206522403060041,39.13548053472602,170.85227885820495,0.057237425678141565,0.4247243671374153,0.0,-12.527148158325845,0.9951942356117509,0.006067921254977305,1.1513333853072856,3.0,3.0,1.4447304920800506,0.0,0.0,0.0,0.0,0.0,2.05459458897706,0.5,,,1,0,1,1.0291796922683716,-1,172,True,True,False,"A:1,B:1,ESTOP:0,MODE:1",DRIVE_HEADING,,,,0,,,False,0,UNKNOWN,0.0,False,-9999.0,-1.0,-1.0,False,36.967673945,127.87358994,121.767,2,0.00012995999999999998,36.967673945,127.87358994,4.0,0.08077384605407714,1.0,0.0,0.1387476921081543,0.0,0.9453929160226837,170.85227885820495,0.0,0.0,0.0,-0.47699762167749876,0.10799867249242226,0.8628909914878308,0.127391885389269,-0.23425809220267893,-0.010890854532444616,-0.0003141592653589793,-7.001948099999999,1.3140911,7.4922806
1789045855.683816,2.205,3.0,0.0,3,0,231,-1.4513769127521914,0.9682940372501181,0.0,0.5,0.0,107.0,1.0,-0.10291426472044068,0.22911164771291084,106.0,0.9206522403060041,39.13548053472602,170.85227885820495,0.057237425678141565,0.48076091840314045,0.0,-12.527148158325845,0.9951942356117509,0.006067921254977305,1.1513333853072856,3.0,3.0,1.4447304920800506,0.0,0.0,0.0,0.0,0.0,2.05459458897706,0.5,,,1,0,1,1.194703221321106,-1,183,True,True,False,"A:1,B:1,ESTOP:0,MODE:1",DRIVE_HEADING,,,,0,,,False,0,UNKNOWN,0.0,False,-9999.0,-1.0,-1.0,False,36.967673945,127.87358994,121.767,2,0.00012995999999999998,36.967673945,127.87358994,4.0,0.10575713291168212,1.0,0.0,0.18871426582336426,0.0,0.9453929160226837,170.85227885820495,0.0,0.0,0.0,-0.4770553602404768,0.10838324408999958,0.8627608758217409,0.12772989790044975,-0.014887658519511631,-0.003298672286269283,0.0006806784082777885,-5.952636549999999,1.2944778,1.9809433
1789045855.733864,2.255,3.0,0.0,3,0,231,-1.373553107512887,0.9554922959361297,0.0,0.5,0.0,107.0,1.0,-0.1040963149388775,0.22911164771291084,106.0,0.9206522403060041,39.05661524687133,170.85227885820495,0.057237425678141565,1.2053453965663343,0.0,-12.527148158325845,0.9951942356117509,0.006067921254977305,1.1513333853072856,3.0,3.0,1.4447304920800506,0.0,0.0,0.0,0.0,0.0,2.05459458897706,0.5,,,1,1,0,1.0335274934768677,-1,185,True,True,False,"A:1,B:1,ESTOP:0,MODE:1",DRIVE_HEADING,,,,0,,,False,0,UNKNOWN,0.0,False,-9999.0,-1.0,-1.0,False,36.96767383,127.873590815,121.794,2,0.00012995999999999998,36.96767383,127.873590815,4.0,0.02819050922393799,1.0,0.0,0.03358101844787598,0.0,1.2780893844046288,170.85227885820495,0.0,0.0,0.0,-0.47710515088820654,0.1085563672130569,0.8626947880729292,0.12784323511726853,-0.07682939367279039,0.01244419756671957,0.013369222070276564,-7.65899365,2.3045627499999997,5.36423755
1789045855.783821,2.305,3.0,0.0,3,0,231,-1.373553107512887,0.9554922959361297,0.0,0.5,0.0,107.0,1.0,-0.1040963149388775,0.22911164771291084,106.0,0.9206522403060041,39.05661524687133,170.85227885820495,0.057237425678141565,-0.6413692942267986,0.0,-12.527148158325845,0.9951942356117509,0.006067921254977305,1.1513333853072856,3.0,3.0,1.4447304920800506,0.0,0.0,0.0,0.0,0.0,2.05459458897706,0.5,,,1,1,0,0.4362795352935791,-1,205,True,True,False,"A:1,B:1,ESTOP:0,MODE:1",DRIVE_HEADING,,,,0,,,False,0,UNKNOWN,0.0,False,-9999.0,-1.0,-1.0,False,36.96767383,127.873590815,121.794,2,0.00012995999999999998,36.96767383,127.873590815,4.0,0.053185478591918946,1.0,0.0,0.08357095718383789,0.0,1.2780893844046288,170.85227885820495,0.0,0.0,0.0,-0.4772185247727127,0.10849117389064397,0.862601464914226,0.12810486926505668,0.03961897402027128,0.024120450262561634,-0.018884462506578648,-8.031646349999999,1.30428445,8.747531799999999
1789045855.833840,2.355,3.0,0.0,3,0,231,-1.373553107512887,0.9554922959361297,0.0,0.5,0.0,107.0,1.0,-0.1040963149388775,0.22911164771291084,106.0,0.9206522403060041,39.05661524687133,170.85227885820495,0.057237425678141565,1.3279694443616552,0.0,-12.527148158325845,0.9951942356117509,0.006067921254977305,1.1513333853072856,3.0,3.0,1.4447304920800506,0.0,0.0,0.0,0.0,0.0,2.05459458897706,0.5,,,2,1,1,0.5374576449394226,-1,170,True,True,False,"A:1,B:1,ESTOP:0,MODE:1",DRIVE_HEADING,,,,0,,,False,0,UNKNOWN,0.0,False,-9999.0,-1.0,-1.0,False,36.96767383,127.873590815,121.794,2,0.00012995999999999998,36.96767383,127.873590815,4.0,0.07818664684295654,1.0,0.0,0.13357329368591309,0.0,1.2780893844046288,170.85227885820495,0.0,0.0,0.0,-0.47724795781282575,0.10872985529015985,0.8625080327070813,0.1284215669108136,0.052935836212988016,-0.004572762640225144,0.015533430342749533,-8.77695175,0.0784532,4.5698989
1789045855.883886,2.405,3.0,0.0,3,0,231,-1.373553107512887,0.9554922959361297,0.0,0.5,0.0,107.0,1.0,-0.1040963149388775,0.22911164771291084,106.0,0.9206522403060041,39.05661524687133,170.85227885820495,0.057237425678141565,-1.1167924945270682,0.0,-12.527148158325845,0.9951942356117509,0.006067921254977305,1.1513333853072856,3.0,3.0,1.4447304920800506,0.0,0.0,0.0,0.0,0.0,2.05459458897706,0.5,,,1,1,0,0.7359235286712646,-1,180,True,True,False,"A:1,B:1,ESTOP:0,MODE:1",DRIVE_HEADING,,,,0,,,False,0,UNKNOWN,0.0,False,-9999.0,-1.0,-1.0,False,36.96767383,127.873590815,121.794,2,0.00012995999999999998,36.96767383,127.873590815,4.0,0.10318507328033447,1.0,0.0,0.18357014656066895,0.0,1.2780893844046288,170.85227885820495,0.0,0.0,0.0,-0.47727126752028537,0.10890378929358055,0.8624304477011645,0.12870829326445435,0.043580871422298405,-0.0062482787221397,-0.02717477645355171,-7.9629998,2.3437893499999998,3.89324005
1789045855.933790,2.455,3.0,0.0,3,0,231,-1.28298102134127,0.9308164754126989,0.0,1.0,0.0,107.0,1.0,-0.11286695054705412,0.22911164771291084,106.0,0.9206522403060041,38.96314305240381,170.85227885820495,0.057237425678141565,-0.15148890953801403,0.0,-12.527148158325845,0.9951942356117509,0.006067921254977305,1.1513333853072856,3.0,3.0,1.4447304920800506,0.0,0.0,0.0,0.0,0.0,2.05459458897706,0.5,,,2,1,1,0.4796985983848572,-1,210,True,True,False,"A:1,B:1,ESTOP:0,MODE:1",DRIVE_HEADING,,,,0,,,False,0,UNKNOWN,0.0,False,-9999.0,-1.0,-1.0,False,36.967673608333335,127.87359183333334,121.792,2,0.00012995999999999998,36.967673608333335,127.87359183333334,4.0,0.027028814697265625,1.0,0.0,0.03125762939453125,0.0,1.5242444158869306,170.85227885820495,0.0,0.0,0.0,-0.47731899824142904,0.10907458021347621,0.862342369852108,0.1289765367301458,6.981317007977319e-05,0.034732052114687155,-0.01033234917180643,-9.757616749999999,-1.1767979999999998,7.168661149999999
1789045855.983791,2.505,3.0,0.0,3,0,232,-1.28298102134127,0.9308164754126989,0.0,1.0,0.0,107.0,1.0,-0.11286695054705412,0.22911164771291084,106.0,0.9206522403060041,38.96314305240381,170.85227885820495,0.057237425678141565,-0.3634889095380141,0.0,-12.527148158325845,0.9951942356117509,0.006067921254977305,1.1513333853072856,3.0,3.0,1.4447304920800506,0.0,0.0,0.0,0.0,0.0,2.05459458897706,0.5,,,2,1,1,0.755036473274231,-1,171,True,True,False,"A:1,B:1,ESTOP:0,MODE:1",DRIVE_HEADING,,,,0,,,False,0,UNKNOWN,0.0,False,-9999.0,-1.0,-1.0,False,36.967673608333335,127.87359183333334,121.792,2,0.00012995999999999998,36.967673608333335,127.87359183333334,4.0,0.052034870529174805,1.0,0.0,0.08126974105834961,0.0,1.5242444158869306,170.85227885820495,0.0,0.0,0.0,-0.4774692102264348,0.10918666048263875,0.8622142700545736,0.12918196070911955,-0.038781215979314,0.01174606586592184,-0.01403244718603441,-10.914801449999999,-1.1375714,5.550563899999999
1789045856.033819,2.555,3.0,0.0,3,0,232,-1.28298102134127,0.9308164754126989,0.0,1.0,0.0,107.0,1.0,-0.11286695054705412,0.22911164771291084,106.0,0.9206522403060041,38.96314305240381,170.85227885820495,0.057237425678141565,-0.44048890953801406,0.0,-12.527148158325845,0.9951942356117509,0.006067921254977305,1.1513333853072856,3.0,3.0,1.4447304920800506,0.0,0.0,0.0,0.0,0.0,2.05459458897706,0.5,,,2,1,1,0.8980473279953003,-1,170,True,True,False,"A:1,B:1,ESTOP:0,MODE:1",DRIVE_HEADING,,,,0,,,False,0,UNKNOWN,0.0,False,-9999.0,-1.0,-1.0,False,36.967673608333335,127.87359183333334,121.792,2,0.00012995999999999998,36.967673608333335,127.87359183333334,4.0,0.0770297206878662,1.0,0.0,0.13125944137573242,0.0,1.5242444158869306,170.85227885820495,0.0,0.0,0.0,-0.47748499543340184,0.10929956825384887,0.8621321101991732,0.12957587768951057,-0.04939281783143953,-0.057665678485892644,-0.015376350710070043,-7.9041599,0.7551120499999999,3.5500073
1789045856.084186,2.605,3.0,0.0,3,0,232,-1.28298102134127,0.9308164754126989,0.0,1.0,0.0,107.0,1.0,-0.11286695054705412,0.22911164771291084,106.0,0.9206522403060041,38.96314305240381,170.85227885820495,0.057237425678141565,-0.3654889095380141,0.0,-12.527148158325845,0.9951942356117509,0.006067921254977305,1.1513333853072856,3.0,3.0,1.4447304920800506,0.0,0.0,0.0,0.0,0.0,2.05459458897706,0.5,,,2,1,1,0.6938446760177612,-1,171,True,True,False,"A:1,B:1,ESTOP:0,MODE:1",DRIVE_HEADING,,,,0,,,False,0,UNKNOWN,0.0,False,-9999.0,-1.0,-1.0,False,36.967673608333335,127.87359183333334,121.792,2,0.00012995999999999998,36.967673608333335,127.87359183333334,4.0,0.10204924716949462,1.0,0.0,0.18129849433898926,0.0,1.5242444158869306,170.85227885820495,0.0,0.0,0.0,-0.47758622638996134,0.10934841567473147,0.862014094005153,0.1299462276809058,0.04413937678293659,0.006841690667817772,-0.014067353771074298,-8.129712849999999,-0.980665,9.9439431
1789045856.133840,2.655,3.0,0.0,3,0,232,-1.1692841478832483,0.912819824098529,0.0,1.0,0.0,107.0,1.0,-0.10598630099955662,0.22911164771291084,106.0,0.9206522403060041,38.84804623531182,170.85227885820495,0.057237425678141565,-0.04848890953801399,0.0,-12.527148158325845,0.9951942356117509,0.006067921254977305,1.1513333853072856,3.0,3.0,1.4447304920800506,0.0,0.0,0.0,0.0,0.0,2.05459458897706,0.5,,,2,1,1,0.8189971446990967,-2,171,True,True,False,"A:1,B:1,ESTOP:0,MODE:1",DRIVE_HEADING,,,,0,,,False,0,UNKNOWN,0.0,False,-9999.0,-1.0,-1.0,False,36.967673446666666,127.87359311166666,121.794,2,0.00014884000000000002,36.96767340742284,127.87359340512506,4.0,0.027168156814575198,1.0,0.0,0.02993631362915039,0.026463701248168946,1.860418732937325,-9.494506896924133,0.0,0.0,0.0,-0.4777588483831911,0.10965772587012786,0.8618100805258072,0.13040341656820445,-0.016702800941585733,0.03858922976159462,-0.00853466004225227,-7.482473949999999,1.97113665,0.0588399
1789045856.183836,2.705,3.0,0.0,3,0,231,-1.1431835200653975,0.9084512217706279,0.0,1.0,0.0,107.0,1.0,-0.10463843536187696,0.22911164771291084,106.0,0.9206522403060041,38.82158330141487,170.85227885820495,0.057237425678141565,0.14451109046198596,0.0,-12.527148158325845,0.9951942356117509,0.006067921254977305,1.1513333853072856,3.0,3.0,1.4447304920800506,0.0,0.0,0.0,0.0,0.0,2.05459458897706,0.5,,,2,1,1,0.887130081653595,-1,172,True,True,False,"A:1,B:1,ESTOP:0,MODE:1",DRIVE_HEADING,,,,0,,,False,0,UNKNOWN,0.0,False,-9999.0,-1.0,-1.0,False,36.967673446666666,127.87359311166666,121.794,2,0.00014884000000000002,36.96767334191995,127.87359389417334,4.0,0.05211365432739258,1.0,0.0,0.07982730865478516,0.07056734030623289,1.860418732937325,-9.494506896924133,0.0,0.0,0.0,-0.4779917624191685,0.10964039360732145,0.8616492991911662,0.13062673674413214,0.0985587428601198,-0.035430183815484885,-0.005166174585903215,-10.1793027,-0.5197524499999999,6.776395149999999
1789045856.233873,2.755,3.0,0.0,3,0,231,-1.0996868368046209,0.9011594727922861,0.0,1.0,0.0,107.0,1.0,-0.10240342471051983,0.22911164771291084,106.0,0.9206522403060041,38.77748085700251,170.85227885820495,0.057237425678141565,-0.391488909538014,0.0,-12.527148158325845,0.9951942356117509,0.006067921254977305,1.1513333853072856,3.0,3.0,1.4447304920800506,0.0,0.0,0.0,0.0,0.0,2.05459458897706,0.5,,,2,1,1,0.852114200592041,-1,259,True,True,False,"A:1,B:1,ESTOP:0,MODE:1",DRIVE_HEADING,,,,0,,,False,0,UNKNOWN,0.0,False,-9999.0,-1.0,-1.0,False,36.967673446666666,127.87359311166666,121.794,2,0.00014884000000000002,36.967673276081065,127.8735943842515,4.0,0.07711374969482422,1.0,0.0,0.12982749938964844,0.11476750421541088,1.860418732937325,-9.494506896924133,0.0,0.0,0.0,-0.47804181094009573,0.10978988443996493,0.8615620988605878,0.13089292599186486,-0.034400439556808236,0.04070107815650776,-0.014521139376592822,-9.492837199999999,0.04903325,7.384407449999999
1789045856.283846,2.805,3.0,0.0,3,0,247,-1.0560985536740695,0.8938303218856939,0.0,1.0,0.0,107.0,1.0,-0.10018523748937568,0.22911164771291084,106.0,0.9206522403060041,38.733281734568855,170.85227885820495,0.057237425678141565,-1.367488909538014,0.0,-12.527148158325845,0.9951942356117509,0.006067921254977305,1.1513333853072856,3.0,3.0,1.4447304920800506,0.0,0.0,0.0,0.0,0.0,2.05459458897706,0.5,,,2,1,1,0.9644847512245178,-1,240,True,True,False,"A:1,B:1,ESTOP:0,MODE:1",DRIVE_HEADING,,,,0,,,False,0,UNKNOWN,0.0,False,-9999.0,-1.0,-1.0,False,36.967673446666666,127.87359311166666,121.794,2,0.00014884000000000002,36.96767320983628,127.8735948739027,4.0,0.10209691734313965,1.0,0.0,0.1797938346862793,0.15893770811033464,1.860418732937325,-9.494506896924133,0.0,0.0,0.0,-0.4777660285255924,0.10981949314174325,0.8616063479153777,0.13158192180120462,0.03256784384221419,-0.0030019663134302466,-0.03155555287605748,-8.38468575,0.22555294999999997,4.246279449999999
1789045856.333848,2.855,3.0,0.0,3,0,231,-1.0471378323090712,0.8955653027843848,0.0,1.0,0.0,107.0,1.0,-0.09656342959964326,0.22911164771291084,106.0,0.9206522403060041,38.724755094351316,170.85227885820495,0.057237425678141565,-0.7314889095380139,0.0,-12.527148158325845,0.9951942356117509,0.006067921254977305,1.1513333853072856,3.0,3.0,1.4447304920800506,0.0,0.0,0.0,0.0,0.0,2.05459458897706,0.5,,,2,1,1,1.148260474205017,-1,172,True,True,False,"A:1,B:1,ESTOP:0,MODE:1",DRIVE_HEADING,,,,0,,,False,0,UNKNOWN,0.0,False,-9999.0,-1.0,-1.0,False,36.967673291666664,127.873594485,121.784,2,0.00016900000000000004,36.96767323791684,127.87359487941804,4.0,0.03312825012207031,1.0,0.0,0.040256500244140625,0.035586746215820315,2.1954355655830886,-9.494506896924133,0.0,0.0,0.0,-0.4776997634585005,0.10979254775267339,0.861549723591389,0.13221424367015408,0.0586954227445693,-0.0010471975511965976,-0.02045525883337354,-8.5121722,-0.7649187,9.60071035
1789045856.383849,2.905,3.0,0.0,3,0,245,-1.0120577035856393,0.8895818999278475,0.0,1.0,0.0,107.0,1.0,-0.09486108747188027,0.22911164771291084,106.0,0.9206522403060041,38.68916872710291,170.85227885820495,0.057237425678141565,-0.3324889095380141,0.0,-12.527148158325845,0.9951942356117509,0.006067921254977305,1.1513333853072856,3.0,3.0,1.4447304920800506,0.0,0.0,0.0,0.0,0.0,2.05459458897706,0.5,,,2,1,1,1.1120392084121704,-1,193,True,True,False,"A:1,B:1,ESTOP:0,MODE:1",DRIVE_HEADING,,,,0,,,False,0,UNKNOWN,0.0,False,-9999.0,-1.0,-1.0,False,36.967673291666664,127.873594485,121.784,2,0.00016900000000000004,36.967673170900454,127.87359536897443,4.0,0.05811487483978271,1.0,0.0,0.09022974967956543,0.07976309319066995,2.1954355655830886,-9.494506896924133,0.0,0.0,0.0,-0.47813053435908376,0.11002731733948637,0.8612031508986734,0.13271893020503886,0.04337143191205909,0.016598081186466072,-0.013491395117916168,-8.8652116,0.7453053999999999,4.707191999999999
1789045856.434015,2.955,3.0,0.0,3,0,231,-0.9685158270785929,0.8821216698403606,0.0,1.0,0.0,107.0,1.0,-0.09493069967310268,0.22911164771291084,106.0,0.9206522403060041,38.644992706886356,170.85227885820495,0.057237425678141565,-0.025488909538014137,0.0,-12.527148158325845,0.9951942356117509,0.006067921254977305,1.1513333853072856,3.0,3.0,1.4447304920800506,0.0,0.0,0.0,0.0,0.0,2.05459458897706,0.5,,,2,1,1,1.0056006908416748,-1,172,True,True,False,"A:1,B:1,ESTOP:0,MODE:1",DRIVE_HEADING,,,,0,,,False,0,UNKNOWN,0.0,False,-9999.0,-1.0,-1.0,False,36.967673291666664,127.873594485,121.784,2,0.00016900000000000004,36.967673103599836,127.87359585901558,4.0,0.08312856006622314,1.0,0.0,0.1402571201324463,0.12398727778883502,2.1954355655830886,-9.494506896924133,0.0,0.0,0.0,-0.4782277793457394,0.11023748316277732,0.8610645677176729,0.13309281945002172,0.0380132711084365,0.04159119607502487,-0.008133234314293577,-8.9044382,1.1571847,4.32473265
1789045856.483863,3.005,3.0,0.0,3,0,231,-0.9249308364977263,0.874629799268716,0.0,1.0,0.0,107.0,1.0,-0.09676404646478799,0.22911164771291084,106.0,0.9206522403060041,38.600768756935274,170.85227885820495,0.057237425678141565,-0.47848890953801404,0.0,-12.527148158325845,0.9951942356117509,0.006067921254977305,1.1513333853072856,3.0,3.0,1.4447304920800506,0.0,0.0,0.0,0.0,0.0,2.05459458897706,0.5,,,2,1,1,1.0254364013671875,-1,170,True,True,False,"A:1,B:1,ESTOP:0,MODE:1",DRIVE_HEADING,,,,0,,,False,0,UNKNOWN,0.0,False,-9999.0,-1.0,-1.0,False,36.967673291666664,127.873594485,121.784,2,0.00016900000000000004,36.96767303610217,127.87359634871848,4.0,0.10812758255004883,1.0,0.0,0.19025516510009766,0.16818552734954093,2.1954355655830886,-9.494506896924133,0.0,0.0,0.0,-0.47820100390856785,0.11049864867822426,0.8609610433327168,0.13364105044694788,0.03316125578789226,0.0045553093477052,-0.01603957582582789,-8.7671451,0.5295591,4.77583855
1789045856.533850,3.055,3.0,0.0,3,0,231,-0.9123914713187412,0.871260547260967,0.0,1.0,0.0,107.0,1.0,-0.09849529757338896,0.22911164771291084,106.0,0.9206522403060041,38.587835954023774,170.85227885820495,0.057237425678141565,-0.31348890953801406,0.0,-12.527148158325845,0.9951942356117509,0.006067921254977305,1.1513333853072856,3.0,3.0,1.4447304920800506,0.0,0.0,0.0,0.0,0.0,2.05459458897706,0.5,,,2,1,1,0.9760223031044006,-1,189,True,True,False,"A:1,B:1,ESTOP:0,MODE:1",DRIVE_HEADING,,,,0,,,False,0,UNKNOWN,0.0,False,-9999.0,-1.0,-1.0,False,36.96767307333333,127.873596,121.776,2,0.00014884000000000002,36.96767301437584,127.87359642599539,4.0,0.03394937725067139,1.0,0.0,0.04349875450134277,0.038452898979187015,2.424805976782918,-9.494506896924133,0.0,0.0,0.0,-0.4783012082932248,0.1108877734545193,0.8607828586304884,0.13410714422231618,0.04246386070102204,-0.00027925268031909274,-0.013159782560037244,-7.7276402,0.83356525,5.0210048
1789045856.583811,3.105,3.0,0.0,3,0,231,-0.8745028065616337,0.8646974295450224,0.0,1.0,0.0,107.0,1.0,-0.10013901321700443,0.22911164771291084,106.0,0.9206522403060041,38.549383133490345,170.85227885820495,0.057237425678141565,-0.3604889095380141,0.0,-12.527148158325845,0.9951942356117509,0.006067921254977305,1.1513333853072856,3.0,3.0,1.4447304920800506,0.0,0.0,0.0,0.0,0.0,2.05459458897706,0.5,,,2,1,1,0.9407500624656677,-1,175,True,True,False,"A:1,B:1,ESTOP:0,MODE:1",DRIVE_HEADING,,,,0,,,False,0,UNKNOWN,0.0,False,-9999.0,-1.0,-1.0,False,36.96767307333333,127.873596,121.776,2,0.00014884000000000002,36.967672946382415,127.8735969154297,4.0,0.05894041271209717,1.0,0.0,0.09348082542419434,0.08263704552209919,2.424805976782918,-9.494506896924133,0.0,0.0,0.0,-0.47844446634826715,0.11112877228551173,0.8606051939745073,0.13453619845653922,0.00809832772925369,0.010489428804485921,-0.01398008730847458,-8.6102387,0.8237586,4.873905049999999
1789045856.633964,3.155,3.0,0.0,3,0,231,-0.8309717885169071,0.857128435985344,0.0,1.0,0.0,107.0,1.0,-0.1020557748760684,0.22911164771291084,106.0,0.9206522403060041,38.505199024894914,170.85227885820495,0.057237425678141565,-0.06348890953801406,0.0,-12.527148158325845,0.9951942356117509,0.006067921254977305,1.1513333853072856,3.0,3.0,1.4447304920800506,0.0,0.0,0.0,0.0,0.0,2.05459458897706,0.5,,,2,1,1,0.8537662029266357,-1,170,True,True,False,"A:1,B:1,ESTOP:0,MODE:1",DRIVE_HEADING,,,,0,,,False,0,UNKNOWN,0.0,False,-9999.0,-1.0,-1.0,False,36.96767307333333,127.873596,121.776,2,0.00014884000000000002,36.96767287822604,127.8735974043883,4.0,0.08390963287353516,1.0,0.0,0.1434192657470703,0.12678261600838492,2.424805976782918,-9.494506896924133,0.0,0.0,0.0,-0.47846340136742316,0.11125449837296414,0.8605095233513896,0.13497618443733084,0.030805061297699915,0.010140362954087054,-0.008796459430051421,-8.54159215,1.10815145,5.5113373
1789045856.683890,3.205,3.0,0.0,3,0,231,-0.7874830806835823,0.8495413030520547,0.0,1.0,0.0,107.0,1.0,-0.10399595856697522,0.22911164771291084,106.0,0.9206522403060041,38.46105345892821,170.85227885820495,0.057237425678141565,-0.39948890953801414,0.0,-12.527148158325845,0.9951942356117509,0.006067921254977305,1.1513333853072856,3.0,3.0,1.4447304920800506,0.0,0.0,0.0,0.0,0.0,2.05459458897706,0.5,,,2,1,1,0.8752094507217407,-1,171,True,True,False,"A:1,B:1,ESTOP:0,MODE:1",DRIVE_HEADING,,,,0,,,False,0,UNKNOWN,0.0,False,-9999.0,-1.0,-1.0,False,36.96767307333333,127.873596,121.776,2,0.00014884000000000002,36.967672809738445,127.87359789402743,4.0,0.10891616554260254,1.0,0.0,0.19343233108520508,0.17099414409442232,2.424805976782918,-9.494506896924133,0.0,0.0,0.0,-0.4784710604250081,0.11155350218419102,0.8603840450544331,0.1355011273088944,0.017924531417981764,0.0015533430342749533,-0.014660765716752368,-8.63965865,0.7256921,3.16754795
1789045856.733862,3.255,3.0,0.0,3,0,240,-0.7613391719525416,0.8254340241097149,0.0,1.0,0.0,107.0,1.0,-0.12454668146569409,0.22911164771291084,106.0,0.9206522403060041,38.43114441939285,170.85227885820495,0.057237425678141565,0.36351109046198593,0.0,-12.527148158325845,0.9951942356117509,0.006067921254977305,1.1513333853072856,3.0,3.0,1.4447304920800506,0.0,0.0,0.0,0.0,0.0,2.05459458897706,0.5,,,2,1,1,0.9804168343544006,-1,171,True,True,False,"A:1,B:1,ESTOP:0,MODE:1",DRIVE_HEADING,,,,0,,,False,0,UNKNOWN,0.0,False,-9999.0,-1.0,-1.0,False,36.96767266166667,127.87359769833333,121.822,2,0.00014884000000000002,36.96767259992248,127.87359805905375,4.0,0.030758263778686526,1.0,0.0,0.03711652755737305,0.03281101036071778,2.627770736827803,-12.090596827456382,0.0,0.0,0.0,-0.4786361725085038,0.11178204221099441,0.86018889791687,0.13596782452517966,0.05504768460790115,0.010978120995044333,-0.0013439035240356337,-8.835791649999999,0.25497289999999995,4.4914457
1789045856.783833,3.305,3.0,0.0,3,0,231,-0.7292561595720125,0.8185606924943828,0.0,1.0,0.0,107.0,1.0,-0.1272435144247068,0.22911164771291084,106.0,0.9206522403060041,38.398357122548326,170.85227885820495,0.057237425678141565,-0.16648890953801404,0.0,-12.527148158325845,0.9951942356117509,0.006067921254977305,1.1513333853072856,3.0,3.0,1.4447304920800506,0.0,0.0,0.0,0.0,0.0,2.05459458897706,0.5,,,2,1,1,0.9636496305465698,-1,170,True,True,False,"A:1,B:1,ESTOP:0,MODE:1",DRIVE_HEADING,,,,0,,,False,0,UNKNOWN,0.0,False,-9999.0,-1.0,-1.0,False,36.96767266166667,127.87359769833333,121.822,2,0.00014884000000000002,36.967672516652996,127.87359854484154,4.0,0.05575251789093018,1.0,0.0,0.08710503578186035,0.07700085084082536,2.627770736827803,-12.090596827456382,0.0,0.0,0.0,-0.47866791850096013,0.11211562808950785,0.8600796110469013,0.13627241979749313,0.003298672286269283,0.017889624832941875,-0.01059414855960558,-9.03192465,0.55897905,6.01147645
1789045856.833873,3.355,3.0,0.0,3,0,232,-0.6860494684146926,0.8092911759644134,0.0,1.0,0.0,107.0,1.0,-0.13088836694140285,0.22911164771291084,106.0,0.9206522403060041,38.35419977111905,170.85227885820495,0.057237425678141565,-0.17248890953801405,0.0,-12.527148158325845,0.9951942356117509,0.006067921254977305,1.1513333853072856,3.0,3.0,1.4447304920800506,0.0,0.0,0.0,0.0,0.0,2.05459458897706,0.5,,,2,1,1,1.0343633890151978,-1,171,True,True,False,"A:1,B:1,ESTOP:0,MODE:1",DRIVE_HEADING,,,,0,,,False,0,UNKNOWN,0.0,False,-9999.0,-1.0,-1.0,False,36.96767266166667,127.87359769833333,121.822,2,0.00014884000000000002,36.96767243315823,127.87359903068268,4.0,0.08075237483978272,1.0,0.0,0.13710474967956543,0.12120059188941283,2.627770736827803,-12.090596827456382,0.0,0.0,0.0,-0.47868262444515924,0.11248949040355498,0.8599435617113789,0.13677035597742368,0.01630137521362704,-0.00614355896702004,-0.01069886831472524,-8.502365549999999,0.9414384,3.18716125
1789045856.883899,3.405,3.0,0.0,3,0,231,-0.6428380324468095,0.7999965808586049,0.0,1.0,0.0,107.0,1.0,-0.1345574811760872,0.22911164771291084,106.0,0.9206522403060041,38.310033505568654,170.85227885820495,0.057237425678141565,-0.42348890953801405,0.0,-12.527148158325845,0.9951942356117509,0.006067921254977305,1.1513333853072856,3.0,3.0,1.4447304920800506,0.0,0.0,0.0,0.0,0.0,2.05459458897706,0.5,,,2,1,1,0.8576124310493469,-1,174,True,True,False,"A:1,B:1,ESTOP:0,MODE:1",DRIVE_HEADING,,,,0,,,False,0,UNKNOWN,0.0,False,-9999.0,-1.0,-1.0,False,36.96767266166667,127.87359769833333,121.822,2,0.00014884000000000002,36.96767234943011,127.87359951635908,4.0,0.10574722499847412,1.0,0.0,0.18709444999694824,0.16539146874341284,2.627770736827803,-12.090596827456382,0.0,0.0,0.0,-0.4787206325963288,0.11270426682473862,0.8598043629196921,0.13733448827709366,0.01244419756671957,0.026895523773232618,-0.015079644737231007,-8.52197885,1.67693715,5.34462425
1789045856.933849,3.455,0.0,0.0,3,0,232,-0.5871620827720677,0.8113335549001948,0.0,1.0,0.0,107.0,1.0,-0.11568897475185198,0.22911164771291084,106.0,0.9206522403060041,38.25714412118888,170.85227885820495,0.057237425678141565,-0.6714889095380141,0.0,-12.527148158325845,0.9951942356117509,0.006067921254977305,1.1513333853072856,3.0,3.0,1.4447304920800506,0.0,0.0,0.0,0.0,0.0,2.05459458897706,0.5,,,2,1,1,0.8817154169082642,-1,170,True,True,False,"A:1,B:1,ESTOP:0,MODE:1",DRIVE_HEADING,,,,0,,"📍 출발 WP 5/107 (최근접 0.12m) | 🧭 헤딩 확정 -10.5° (±1.1°, 1.02m, 11점, 잔차 0.8cm) | 📐 IMU 축 확정 — z축이 수직에서 60.9° 기울어져 있다 (위 = [-0.871, +0.073, +0.486], 표본 56개). 요레이트는 이 축에 투영해서 적분한다 — ★장착 방향과 무관하다★",False,0,UNKNOWN,0.0,False,-9999.0,-1.0,-1.0,False,36.967672535,127.87359965666667,121.792,2,0.00014884000000000002,36.96767248911476,127.87359992200395,4.0,0.025857212257385256,1.0,0.0,0.027314424514770508,0.02414595127105713,2.8609803207065734,-12.090596827456382,0.0,0.0,0.0,-0.47874911989681496,0.11285292259954838,0.8596720433688126,0.13794011711194037,0.01689478715930511,0.04323180557189954,-0.019408061282176946,-8.16893945,0.6472389,4.52086565
1789045856.983883,3.505,4.0,-1.4419148535819235,0,0,232,-0.5635625894489814,0.8062256336887293,-10.521494637982755,1.0,5.0,107.0,1.0,-0.11711718381865491,0.22911164771291084,106.0,0.9206522403060041,38.23301720066805,170.85227885820495,0.057237425678141565,0.37114241409392323,0.0,-10.488288444017824,1.1252917448330217,0.007734279755114115,1.018196617179033,0.0,0.0,1.4447304920800506,0.0,0.0,0.0,0.0,0.0,2.05459458897706,0.5,,,2,1,1,0.9834215641021729,-1,249,True,True,False,"A:1,B:1,ESTOP:0,MODE:1",DRIVE_RUN,,,,0,,,False,0,UNKNOWN,0.0,False,-9999.0,-1.0,-1.0,False,36.967672535,127.87359965666667,121.792,2,0.00014884000000000002,36.96767240474678,127.87360040776876,4.0,0.05086493701934815,1.0,0.0,0.07732987403869629,0.06835960239089897,2.8609803207065734,-12.090596827456382,0.0,0.0,0.0,-0.47877170760140364,0.11291629965492846,0.859549614482456,0.13857135893010256,-0.010576695267085637,0.02530727415391778,-0.025202554398798118,-8.87501825,-0.08825984999999999,5.2367511
1789045857.033803,3.555,4.0,-1.4562248896818328,4,0,231,-0.5203579420739418,0.7968338328017078,-10.502960718634228,1.0,5.0,107.0,1.0,-0.11977189206005841,2.0746250354254316,27.0,7.797410340320011,38.18884004370912,170.85227885820495,0.057237425678141565,-2.7805493819259657,0.0,-10.488288444017824,1.1252917448330217,0.007734279755114115,1.018196617179033,4.0,4.0,1.4447304920800506,-0.005855859190932746,-0.0017567577572798238,0.0,0.0,0.0,3.3667039349629215,0.5,,,2,1,1,1.0945024490356445,-1,201,True,True,False,"A:1,B:1,ESTOP:0,MODE:1",DRIVE_RUN,,,,0,,,False,0,UNKNOWN,0.0,False,-9999.0,-1.0,-1.0,False,36.967672535,127.87359965666667,121.792,2,0.00014884000000000002,36.96767231999146,127.87360089292828,4.0,0.07584810466766358,1.0,0.0,0.12729620933532715,0.11252981142597791,2.8609803207065734,-12.090596827456382,0.0,0.0,0.0,-0.4785544602185575,0.11306822407853373,0.8595508407259794,0.139188927418504,0.05197590512439114,0.005218534463463045,-0.023317598806644243,-8.6494653,0.25497289999999995,4.48163905
1789045857.084036,3.605,4.0,-1.5816854718785116,4,0,232,-0.47720713073010335,0.7873989136277785,-10.642139867174507,1.0,5.0,107.0,1.0,-0.1224774649429649,2.0778431462973708,27.0,7.7532953314152895,38.1447085637456,170.85227885820495,0.057237425678141565,-2.1716870116953473,0.0,-10.488288444017824,1.1252917448330217,0.007734279755114115,1.018196617179033,4.0,4.0,1.4447304920800506,-0.011844453793935667,-0.0035533361381806998,0.0,0.0,0.0,3.3667039349629215,0.5,,,2,1,1,1.2024964094161987,-1,187,True,True,False,"A:1,B:1,ESTOP:0,MODE:1",DRIVE_RUN,,,,0,,,False,0,UNKNOWN,0.0,False,-9999.0,-1.0,-1.0,False,36.967672535,127.87359965666667,121.792,2,0.00014884000000000002,36.9676722347377,127.87360137858178,4.0,0.10086226673126221,1.0,0.0,0.17732453346252441,0.15675479006837476,2.8609803207065734,-12.090596827456382,0.0,0.0,0.0,-0.47850280183155797,0.11341758734880264,0.85945356034267,0.13968212889856008,0.04293509959906051,0.002356194490192345,-0.01722639971718403,-8.38468575,0.6668522,3.83440015
1789045857.133850,3.655,4.0,-1.6244038152678812,4,0,231,-0.4066108550213397,0.7868432672722568,-10.750337339618085,1.0,5.0,107.0,1.0,-0.11219969311360321,2.2393987602042627,27.0,7.70922840984583,38.07507618333274,170.85227885820495,0.057237425678141565,-0.9996154427500231,0.0,-10.488288444017824,1.1252917448330217,0.007734279755114115,1.018196617179033,4.0,4.0,1.4447304920800506,-0.017968327041083913,-0.005390498112325174,0.0,0.0,0.0,3.3667039349629215,0.5,,,2,1,1,1.0767812728881836,-1,169,True,True,False,"A:1,B:1,ESTOP:0,MODE:1",DRIVE_RUN,,,,0,,,False,0,UNKNOWN,0.0,False,-9999.0,-1.0,-1.0,False,36.967672315,127.87360168666666,121.802,2,0.00016900000000000004,36.967672315,127.87360168666666,4.0,0.013000000000000001,1.0,1.0,0.0,0.0,3.0903356167113545,-6.208768626826376,0.0,0.0,0.0,-0.4784347839806247,0.11376965419493014,0.8593633445606742,0.14018297074634622,0.032724923474893676,0.027052603405912107,0.0028623399732707008,-7.6295737,0.6668522,5.579983849999999
1789045857.183831,3.705,4.0,-1.663611479338961,4,0,232,-0.4066108550213397,0.7868432672722568,-10.800640282050239,1.0,5.0,107.0,1.0,-0.11219969311360321,2.274345710982441,27.0,7.6393150072442575,38.07507618333274,170.85227885820495,0.057237425678141565,-1.9082270312681153,0.0,-10.488288444017824,1.1252917448330217,0.007734279755114115,1.018196617179033,4.0,4.0,1.4447304920800506,-0.023578311696764075,-0.007073493509029222,0.0,0.0,0.0,3.3667039349629215,0.5,,,2,1,1,0.9024811387062073,-1,170,True,True,False,"A:1,B:1,ESTOP:0,MODE:1",DRIVE_RUN,,,,0,,,False,0,UNKNOWN,0.0,False,-9999.0,-1.0,-1.0,False,36.967672315,127.87360168666666,121.802,2,0.00016900000000000004,36.967672253510024,127.87360239208579,4.0,0.048697579383850095,1.0,0.0,0.0713951587677002,0.06311332035064697,3.0903356167113545,-6.208768626826376,0.0,0.0,0.0,-0.47823941440248835,0.11418741548290359,0.8593453281077128,0.14061971311571944,0.04298745947662034,0.008429940287132611,-0.008587019919812101,-8.414105699999999,0.7943386499999999,6.6881353
1789045857.233953,3.755,4.0,-1.735287599472037,4,0,233,-0.3438698255409515,0.7799982342820362,-10.895737622445893,1.0,5.0,107.0,1.0,-0.10934160695020992,2.3246486534145947,27.0,7.6393150072442575,38.01209626696007,170.85227885820495,0.057237425678141565,-1.3847066803282222,0.0,-10.488288444017824,1.1252917448330217,0.007734279755114115,1.018196617179033,4.0,4.0,1.4447304920800506,-0.029188296352444236,-0.008756488905733271,0.0,0.0,0.0,3.3667039349629215,0.5,,,2,1,1,0.9967474937438965,-1,169,True,True,False,"A:1,B:1,ESTOP:0,MODE:1",DRIVE_RUN,,,,0,,,False,0,UNKNOWN,0.0,False,-9999.0,-1.0,-1.0,False,36.967672315,127.87360168666666,121.802,2,0.00016900000000000004,36.96767221023807,127.87360288674867,4.0,0.0737309341430664,1.0,0.0,0.12146186828613281,0.10737228965689788,3.0903356167113545,-6.208768626826376,0.0,0.0,0.0,-0.47831458336989113,0.11444915932739186,0.8592122758872649,0.14096387561913692,0.03476695869972705,-0.001361356816555577,-0.0030543261909900766,-8.237585999999999,0.7060787999999999,3.5892338999999995
1789045857.283788,3.805,4.0,-1.8777553904112567,4,0,233,-0.2998737705593861,0.7751812224937731,-10.964770514737438,1.0,5.0,107.0,1.0,-0.10735427358399321,2.4010102058755147,27.0,7.5762507349251145,37.96793001180773,170.85227885820495,0.057237425678141565,-0.4134524689775954,0.0,-10.488288444017824,1.1252917448330217,0.007734279755114115,1.018196617179033,4.0,4.0,1.4447304920800506,-0.034655376699954735,-0.01039661300998642,0.0,0.0,0.0,3.3667039349629215,0.5,,,2,1,1,1.0660276412963867,-1,169,True,True,False,"A:1,B:1,ESTOP:0,MODE:1",DRIVE_RUN,,,,0,,,False,0,UNKNOWN,0.0,False,-9999.0,-1.0,-1.0,False,36.967672315,127.87360168666666,121.802,2,0.00016900000000000004,36.96767216670375,127.87360338154238,4.0,0.09877263355255127,1.0,0.0,0.17154526710510254,0.151646002827627,3.0903356167113545,-6.208768626826376,0.0,0.0,0.0,-0.478356915017061,0.11469236772157387,0.8590875008293192,0.14138241955990902,0.006178465552059927,0.016126842288427607,-0.02199114857512855,-8.36507245,0.08825984999999999,4.9817782
1789045857.334153,3.855,4.0,-2.1539266829817496,4,0,233,-0.22294667384766223,0.7328533141207193,-11.045163203300007,1.0,5.0,107.0,1.0,-0.1373836829943107,2.449821275070397,26.0,7.1499497934484415,37.8848520225732,-12.160029811636713,-0.05976296484496402,-0.7588751917642771,0.0,-10.488288444017824,1.1252917448330217,0.007734279755114115,1.018196617179033,4.0,4.0,1.4447304920800506,-0.0400230903791544,-0.01200692711374632,0.0,0.0,0.0,3.3667039349629215,0.5,,,2,1,1,1.0630319118499756,-1,170,True,True,False,"A:1,B:1,ESTOP:0,MODE:1",DRIVE_RUN,,,,0,,,False,0,UNKNOWN,0.0,False,-9999.0,-1.0,-1.0,False,36.96767183,127.87360375166666,121.795,2,0.00016900000000000004,36.967671796808474,127.87360412594678,4.0,0.03194426345825195,1.0,0.0,0.037888526916503906,0.033493457794189455,3.4444493802838516,-6.208768626826376,0.0,0.0,0.0,-0.47831870318826697,0.11490609107113336,0.8589900558651762,0.141929180719782,0.015969762655748117,0.012863076587198208,-0.01637118838370681,-8.4729456,0.50013915,5.2367511
1789045857.383868,3.905,4.0,-2.1906356100234907,4,0,233,-0.18965764159543022,0.7291584503508487,-11.08328858036694,1.0,5.0,107.0,1.0,-0.13592953602304786,2.777234822277462,26.0,7.067668943385198,37.85142410118413,-12.160029811636713,-0.05976296484496402,-1.293201874400932,0.0,-10.488288444017824,1.1252917448330217,0.007734279755114115,1.018196617179033,4.0,4.0,1.4447304920800506,-0.04689227452886993,-0.01406768235866098,0.0,0.0,0.0,3.3667039349629215,0.5,,,2,1,1,1.1270548105239868,-1,171,True,True,False,"A:1,B:1,ESTOP:0,MODE:1",DRIVE_RUN,,,,0,,,False,0,UNKNOWN,0.0,False,-9999.0,-1.0,-1.0,False,36.96767183,127.87360375166666,121.795,2,0.00016900000000000004,36.967671752635425,127.87360461984825,4.0,0.0569457893371582,1.0,0.0,0.0878915786743164,0.07769614722657552,3.4444493802838516,-6.208768626826376,0.0,0.0,0.0,-0.478264682881647,0.11517401582281278,0.8588912266023855,0.14249105253598848,0.0226543736908864,0.022218041377887812,-0.024975661596038857,-8.44352565,0.29419949999999995,4.785645199999999
1789045857.433769,3.955,4.0,-2.2490561674985963,4,0,233,-0.14572930823080016,0.7242411290050654,-11.147615006553963,1.0,5.0,107.0,1.0,-0.13386694788255865,2.806151277910033,26.0,7.034194663746843,37.807305503254945,-12.160029811636713,-0.05976296484496402,-0.5299457002192762,0.0,-10.488288444017824,1.1252917448330217,0.007734279755114115,1.018196617179033,4.0,4.0,1.4447304920800506,-0.05368875133002232,-0.016106625399006695,0.0,0.0,0.0,3.3667039349629215,0.5,,,2,1,1,1.0613340139389038,-1,170,True,True,False,"A:1,B:1,ESTOP:0,MODE:1",DRIVE_RUN,,,,0,,,False,0,UNKNOWN,0.0,False,-9999.0,-1.0,-1.0,False,36.96767183,127.87360375166666,121.795,2,0.00016900000000000004,36.967671708177,127.87360511372391,4.0,0.08194803047180176,1.0,0.0,0.13789606094360352,0.12190009179083001,3.4444493802838516,-6.208768626826376,0.0,0.0,0.0,-0.4781407045943204,0.11546165390014859,0.8588539480348837,0.1428984570720845,0.017523105690023067,0.0024609142453120045,-0.0038222710618675817,-8.031646349999999,0.57859235,5.599597149999999
1789045857.483787,4.005,4.0,-2.2788529474637147,4,0,232,-0.10180327017143989,0.719292039828543,-11.174214356207017,1.0,5.0,107.0,1.0,-0.1316227925974423,2.8585277289925544,26.0,6.990016165960736,37.76318388574444,-12.160029811636713,-0.05976296484496402,-1.220931151361131,0.0,-10.488288444017824,1.1252917448330217,0.007734279755114115,1.018196617179033,4.0,4.0,1.4447304920800506,-0.060382098724150256,-0.018114629617245075,0.0,0.0,0.0,3.3667039349629215,0.5,,,2,1,1,1.0785009860992432,-1,375,True,True,False,"A:1,B:1,ESTOP:0,MODE:1",DRIVE_RUN,,,,0,,,False,0,UNKNOWN,0.0,False,-9999.0,-1.0,-1.0,False,36.96767183,127.87360375166666,121.795,2,0.00016900000000000004,36.96767166358642,127.87360560783846,4.0,0.1069631462097168,1.0,0.0,0.1879262924194336,0.166126800433475,3.4444493802838516,-6.208768626826376,0.0,0.0,0.0,-0.47812591972743884,0.11570389865157002,0.8587722244341567,0.14324272847871944,0.030979594222899347,0.020629791758572973,-0.007243116395776467,-8.3552658,0.26477955,5.530950599999999
1789045857.533814,4.055,4.0,-2.494158197687055,4,0,232,-0.03898602164166658,0.6883255180740263,-11.235065823467437,1.0,5.0,107.0,1.0,-0.1519858859430625,2.873287129135385,26.0,6.945835660901607,37.69597343804345,-12.160029811636713,-0.05976296484496402,0.6863169040654853,0.0,-10.488288444017824,1.1252917448330217,0.007734279755114115,1.018196617179033,4.0,4.0,1.4447304920800506,-0.06696323835402238,-0.020088971506206713,0.0,0.0,0.0,3.3667039349629215,0.5,,,2,1,1,1.1685723066329956,-1,175,True,True,False,"A:1,B:1,ESTOP:0,MODE:1",DRIVE_RUN,,,,0,,,False,0,UNKNOWN,0.0,False,-9999.0,-1.0,-1.0,False,36.96767143,127.87360582,121.8,2,0.00014884000000000002,36.96767135742801,127.87360615873988,4.0,0.029842736434936526,1.0,0.0,0.03528547286987305,0.031192358016967774,3.5483591899990254,-15.001886286561124,0.0,0.0,0.0,-0.4781788221572003,0.11595619274402377,0.8586519696158663,0.14358262596657304,-0.0072082098107365804,0.02944370448114434,-0.008482300164692442,-9.0809579,0.1176798,5.3544309
1789045857.583945,4.105,4.0,-2.50788070431852,4,0,232,-0.00885799128696029,0.6802468407830433,-11.20076031972448,1.0,5.0,107.0,1.0,-0.15506877575687905,3.113816279345314,26.0,6.879239641106819,37.664905261553436,-12.160029811636713,-0.05976296484496402,-2.154474384256218,0.0,-10.488288444017824,1.1252917448330217,0.007734279755114115,1.018196617179033,4.0,4.0,1.4447304920800506,-0.0745625326511755,-0.02236875979535265,0.0,0.0,0.0,3.3667039349629215,0.5,,,2,1,1,1.2565869092941284,-1,182,True,True,False,"A:1,B:1,ESTOP:0,MODE:1",DRIVE_RUN,,,,0,,,False,0,UNKNOWN,0.0,False,-9999.0,-1.0,-1.0,False,36.96767143,127.87360582,121.8,2,0.00014884000000000002,36.96767125453044,127.87360663850905,4.0,0.0548325798034668,1.0,0.0,0.0852651596069336,0.07537440042161841,3.5483591899990254,-15.001886286561124,0.0,0.0,0.0,-0.4781638457226728,0.11628986496286767,0.8585491973097593,0.14397666390561303,0.05049237526019595,0.01420698011123384,-0.0048520153205442364,-8.316039199999999,1.0787315,2.6870221
1789045857.633822,4.155,4.0,-2.8746550648531235,4,0,232,0.0338133944883262,0.6687923353384864,-11.308797786570722,1.0,5.0,107.0,1.0,-0.15944740800727955,3.110814043050788,26.0,6.848273515028951,37.62090053759943,-12.160029811636713,-0.05976296484496402,-1.5502652929607788,0.0,-10.488288444017824,1.1252917448330217,0.007734279755114115,1.018196617179033,4.0,4.0,1.4447304920800506,-0.08231597143901946,-0.02469479143170584,0.0,0.0,0.0,3.3667039349629215,0.5,,,2,1,1,1.2302175760269165,-1,391,True,True,False,"A:1,B:1,ESTOP:0,MODE:1",DRIVE_RUN,,,,0,,,False,0,UNKNOWN,0.0,False,-9999.0,-1.0,-1.0,False,36.96767143,127.87360582,121.8,2,0.00014884000000000002,36.96767115151688,127.87360711833247,4.0,0.079826953125,1.0,0.0,0.13525390625,0.11956445058849369,3.5483591899990254,-15.001886286561124,0.0,0.0,0.0,-0.47862004328038293,0.11665179648404195,0.858181693473724,0.1443585589215307,0.03775147172063734,0.009704030641088473,-0.0053058009260627615,-8.1983594,0.8825985,4.6875786999999995
1789045857.683809,4.205,4.0,-3.005956849025689,4,0,221,0.07648960596599157,0.657324918848909,-11.386085513946853,1.0,5.0,107.0,1.0,-0.16383799715333705,3.35019998697313,25.0,6.4275832408430045,37.57688925989474,-12.160029811636713,-0.05976296484496402,-2.225848401101837,0.0,-10.488288444017824,1.1252917448330217,0.007734279755114115,1.018196617179033,4.0,4.0,1.4447304920800506,-0.09028834183938345,-0.027086502551815033,0.0,0.0,0.0,3.3667039349629215,0.5,,,2,1,1,1.2610890865325928,-1,170,True,True,False,"A:1,B:1,ESTOP:0,MODE:1",DRIVE_RUN,,,,0,,,False,0,UNKNOWN,0.0,False,-9999.0,-1.0,-1.0,False,36.96767143,127.87360582,121.8,2,0.00014884000000000002,36.96767104843801,127.87360759827135,4.0,0.10482800216674805,1.0,0.0,0.1852560043334961,0.16376630354464702,3.5483591899990254,-15.001886286561124,0.0,0.0,0.0,-0.47861838682218744,0.11697032521819456,0.8580839907828793,0.14468672218349546,0.054279739737023644,0.0008552113334772215,0.001361356816555577,-8.89463155,0.7158854499999999,4.8444851
1789045857.733823,4.255,4.0,-2.9318558417274225,4,0,211,0.13444988869407704,0.6686590746552843,-11.437155900441496,1.0,6.0,107.0,1.0,-0.14324912933066472,3.4763861643786003,25.0,6.383732645622048,37.521740006724,-10.18267649168148,0.06017045111326809,-1.9802359130708989,0.0,-10.488288444017824,1.1252917448330217,0.007734279755114115,1.018196617179033,4.0,4.0,1.4447304920800506,-0.0984802416970503,-0.029544072509115088,0.0,0.0,0.0,3.3667039349629215,0.5,,,2,1,1,1.25327467918396,-1,170,True,True,False,"A:1,B:1,ESTOP:0,MODE:1",DRIVE_RUN,,,,0,,,False,0,UNKNOWN,0.0,False,-9999.0,-1.0,-1.0,False,36.967671253333336,127.87360777,121.806,2,0.00014884000000000002,36.967671175167375,127.87360813401646,4.0,0.031162144851684573,1.0,0.0,0.03792428970336914,0.03352507209777832,3.265213095392094,-15.001886286561124,0.0,0.0,0.0,-0.47861708030781963,0.1174921138575403,0.8579505547002703,0.1450590890237609,0.049480084294039245,0.0057246799465414016,0.0008552113334772215,-8.394492399999999,0.93163175,4.63854545
1789045857.783880,4.305,4.0,-3.069154752978278,4,0,194,0.16682605554248167,0.659957679699979,-11.537164729739061,1.0,6.0,107.0,1.0,-0.14658169037233554,3.353589369436281,25.0,6.327912640212507,37.48834929566808,-10.18267649168148,0.06017045111326809,-1.8929600432066518,0.0,-10.488288444017824,1.1252917448330217,0.007734279755114115,1.018196617179033,4.0,4.0,1.4447304920800506,-0.10564269816358354,-0.031692809449075064,0.0,0.0,0.0,3.3667039349629215,0.5,,,2,1,1,1.17216956615448,-2,170,True,True,False,"A:1,B:1,ESTOP:0,MODE:1",DRIVE_RUN,,,,0,,,False,0,UNKNOWN,0.0,False,-9999.0,-1.0,-1.0,False,36.967671253333336,127.87360777,121.806,2,0.00014884000000000002,36.96767107259048,127.87360861046552,4.0,0.055985452842712405,1.0,0.0,0.0875709056854248,0.07741267652863804,3.265213095392094,-15.001886286561124,0.0,0.0,0.0,-0.4788866645992176,0.11761925595952621,0.8577089005370494,0.14549472511431338,0.03171263250873697,0.0009599310885968813,-0.027104963283471936,-7.67860695,1.6671305,4.1384063
1789045857.833824,4.355,4.0,-3.2179042402992044,4,0,192,0.20920214574464643,0.648538871637816,-11.630421683123444,1.0,6.0,107.0,1.0,-0.15097301444390362,3.4905744576712348,25.0,6.294635906401896,37.44464053265304,-10.18267649168148,0.06017045111326809,-0.5131980816188739,0.0,-10.488288444017824,1.1252917448330217,0.007734279755114115,1.018196617179033,4.0,4.0,1.4447304920800506,-0.11297178268220032,-0.033891534804660096,0.0,0.0,0.0,3.3667039349629215,0.5,,,2,1,1,1.3512910604476929,-2,200,True,True,False,"A:1,B:1,ESTOP:0,MODE:1",DRIVE_RUN,,,,0,,,False,0,UNKNOWN,0.0,False,-9999.0,-1.0,-1.0,False,36.967671253333336,127.87360777,121.806,2,0.00014884000000000002,36.967670969172495,127.87360909036127,4.0,0.08098995895385742,1.0,0.0,0.13757991790771484,0.12162063945305993,3.265213095392094,-15.001886286561124,0.0,0.0,0.0,-0.4797129830550011,0.11716063318049602,0.8572005475558655,0.14613713145926288,0.030508355324860882,0.020821777976292352,0.017278759594743863,-9.3359308,0.0392266,4.54047895
1789045857.883893,4.405,4.0,-3.3113174595440675,4,0,191,0.25188478938559256,0.6370264345723352,-11.656178591007432,1.0,6.0,107.0,1.0,-0.15540698380397938,3.6330940786434796,25.0,6.251080952203016,37.40061410405383,-10.18267649168148,0.06017045111326809,-0.8179892849158114,0.0,-10.488288444017824,1.1252917448330217,0.007734279755114115,1.018196617179033,4.0,4.0,1.4447304920800506,-0.1205204334043955,-0.03615613002131865,0.0,0.0,0.0,3.3667039349629215,0.5,,,2,1,1,1.3660932779312134,-3,178,True,True,False,"A:1,B:1,ESTOP:0,MODE:1",DRIVE_RUN,,,,0,,,False,0,UNKNOWN,0.0,False,-9999.0,-1.0,-1.0,False,36.967671253333336,127.87360777,121.806,2,0.00014884000000000002,36.96767086581798,127.87360957024408,4.0,0.10599279613494873,1.0,0.0,0.18758559226989746,0.1658256550239595,3.265213095392094,-15.001886286561124,0.0,0.0,0.0,-0.4798195260197258,0.1175952039810245,0.8570535159917791,0.14630058501932286,0.022514747350726852,0.04366813788489812,-0.01137954672300303,-9.228057649999998,0.32361945,5.579983849999999
1789045857.933813,4.455,4.0,-3.3252545779636087,4,0,191,0.30655167559258467,0.636376422027074,-11.698565073051554,1.0,6.0,107.0,1.0,-0.14717786363605018,3.709269623711197,25.0,6.207214129545193,37.346650123895444,-10.18267649168148,0.06017045111326809,-2.4774565775821493,0.0,-10.488288444017824,1.1252917448330217,0.007734279755114115,1.018196617179033,4.0,4.0,1.4447304920800506,-0.12829078259459448,-0.03848723477837834,0.0,0.0,0.0,3.3667039349629215,0.5,,,2,1,1,1.3945693969726562,-4,186,True,True,False,"A:1,B:1,ESTOP:0,MODE:1",DRIVE_RUN,,,,0,,,False,0,UNKNOWN,0.0,False,-9999.0,-1.0,-1.0,False,36.96767096333333,127.873609705,121.82300000000001,2,0.00014884000000000002,36.96767092360153,127.87361003595575,4.0,0.02903604717254639,1.0,0.0,0.03367209434509277,0.02976613140106201,3.1321545354295193,-8.549972001828937,0.0,0.0,0.0,-0.4794417003957063,0.11778970636211969,0.8571102251881179,0.1470486411864221,0.06359979794267337,0.02790781473938933,0.0049741883681838385,-8.7279185,0.3138128,5.1779112
1789045857.983804,4.505,4.0,-3.8466132872364827,4,0,204,0.3359873731198822,0.6319534980769914,-11.820973508709017,1.0,6.0,107.0,1.0,-0.14705301807182836,3.6872717645480324,25.0,6.1529862481838675,37.31689245525871,-10.18267649168148,0.06017045111326809,-0.39944828896380663,0.0,-10.488288444017824,1.1252917448330217,0.007734279755114115,1.018196617179033,4.0,4.0,1.4447304920800506,-0.13564967577639697,-0.04069490273291909,0.0,0.0,0.0,3.3667039349629215,0.5,,,2,1,1,1.601584792137146,-4,172,True,True,False,"A:1,B:1,ESTOP:0,MODE:1",DRIVE_RUN,,,,0,,,False,0,UNKNOWN,0.0,False,-9999.0,-1.0,-1.0,False,36.96767096333333,127.873609705,121.82300000000001,2,0.00014884000000000002,36.96767086467016,127.8736105270548,4.0,0.054018499565124514,1.0,0.0,0.08363699913024902,0.07393510719408118,3.1321545354295193,-8.549972001828937,0.0,0.0,0.0,-0.4794099323877982,0.11824314122193177,0.8570225927634694,0.14729885191296513,0.01603957582582789,-0.0044156830075456534,-0.000767944870877505,-8.227779349999999,0.9610517,2.8243151999999996
1789045858.033889,4.555,4.0,-3.904499738931088,4,0,191,0.3796664547856597,0.62539328797616,-11.840908857347472,1.0,6.0,107.0,1.0,-0.14722397875776147,3.9979527819456435,24.0,5.752377130251622,37.27273612812159,-10.18267649168148,0.06017045111326809,0.14162429349792327,0.0,-10.488288444017824,1.1252917448330217,0.007734279755114115,1.018196617179033,4.0,4.0,1.4447304920800506,-0.14300232667998838,-0.04290069800399651,0.0,0.0,0.0,3.3667039349629215,0.5,,,2,1,1,1.50645112991333,-3,197,True,True,False,"A:1,B:1,ESTOP:0,MODE:1",DRIVE_RUN,,,,0,,,False,0,UNKNOWN,0.0,False,-9999.0,-1.0,-1.0,False,36.96767096333333,127.873609705,121.82300000000001,2,0.00014884000000000002,36.967670805622774,127.87361101869992,4.0,0.07902920455932617,1.0,0.0,0.13365840911865234,0.11815403348629751,3.1321545354295193,-8.549972001828937,0.0,0.0,0.0,-0.4793743619836101,0.11827960065548415,0.8570159859097092,0.14742373294960145,0.002286381320112572,-0.0158824961931484,-0.004258603374866164,-7.7374468499999995,0.5687857,5.2563644
1789045858.083809,4.605,4.0,-3.9376883757284995,4,0,190,0.42339410566707686,0.6188201628754454,-11.833831633797558,1.0,6.0,107.0,1.0,-0.1474006907316146,4.023447234344693,24.0,5.7082116525265105,37.22852976338584,-10.18267649168148,0.06017045111326809,-3.050089248821165,0.0,-10.488288444017824,1.1252917448330217,0.007734279755114115,1.018196617179033,4.0,4.0,1.4447304920800506,-0.15036352561787647,-0.04510905768536294,0.0,0.0,0.0,3.3667039349629215,0.5,,,2,1,1,1.6426067352294922,-4,175,True,True,False,"A:1,B:1,ESTOP:0,MODE:1",DRIVE_RUN,,,,0,,,False,0,UNKNOWN,0.0,False,-9999.0,-1.0,-1.0,False,36.96767096333333,127.873609705,121.82300000000001,2,0.00014884000000000002,36.96767074642634,127.87361150997907,4.0,0.10402310104370117,1.0,0.0,0.18364620208740234,0.16234323772615825,3.1321545354295193,-8.549972001828937,0.0,0.0,0.0,-0.4801149265540502,0.11873616930190384,0.8565186660234246,0.14753695860007998,0.060039326268604934,-0.0187448361664191,-0.014974924982111348,-8.747531799999999,0.9414384,3.8638201
1789045858.133800,4.655,4.0,-4.356242941099959,4,0,191,0.49644175982035704,0.5890656380847974,-12.007441023223691,1.0,6.0,107.0,1.0,-0.16627234140351813,4.022078462259015,24.0,5.663996355488227,37.15145349310163,-12.40065856287674,-0.02069565998173886,-0.6529928035634687,0.0,-10.488288444017824,1.1252917448330217,0.007734279755114115,1.018196617179033,4.0,4.0,1.4447304920800506,-0.1577335601544572,-0.047320068046337156,0.0,0.0,0.0,3.3667039349629215,0.5,,,2,1,1,1.5484893321990967,-4,169,True,True,False,"A:1,B:1,ESTOP:0,MODE:1",DRIVE_RUN,,,,0,,,False,0,UNKNOWN,0.0,False,-9999.0,-1.0,-1.0,False,36.96767053833333,127.87361184,121.82600000000001,2,0.00014884000000000002,36.96767053833333,127.87361184,4.0,0.0122,1.0,1.0,0.0,0.0,3.150227310176078,-8.549972001828937,0.0,0.0,0.0,-0.4800410007593163,0.1188129731632438,0.8564787534575767,0.14794681434170762,0.01598721594826806,-0.020490165418413427,-0.007557275661135447,-8.11009955,1.06892485,5.1386845999999995
1789045858.183817,4.705,4.0,-4.393069090125735,4,0,190,0.49644175982035704,0.5890656380847974,-12.040042214038039,1.0,7.0,107.0,1.0,-0.16627234140351813,4.396153704199363,24.0,5.587616586061737,37.15145349310163,-12.40065856287674,-0.02069565998173886,-1.417777845042308,0.0,-10.488288444017824,1.1252917448330217,0.007734279755114115,1.018196617179033,4.0,4.0,1.4447304920800506,-0.1660471772246331,-0.04981415316738993,0.0,0.0,0.0,3.3667039349629215,0.5,,,2,1,1,1.6600393056869507,-3,171,True,True,False,"A:1,B:1,ESTOP:0,MODE:1",DRIVE_RUN,,,,0,,,False,0,UNKNOWN,0.0,False,-9999.0,-1.0,-1.0,False,36.96767053833333,127.87361184,121.82600000000001,2,0.00014884000000000002,36.96767046214861,127.8736124687401,4.0,0.04419124336242676,1.0,0.0,0.06398248672485352,0.05656051826477051,3.150227310176078,-8.549972001828937,0.0,0.0,0.0,-0.48000190282456134,0.11905355111814417,0.8564077897496207,0.14829067033070326,0.030019663134302467,0.008115781021773632,-0.014154620233674014,-7.8845466,0.46091255,3.8442068
1789045858.233788,4.755,4.0,-4.521137522550552,4,0,191,0.5523628432949598,0.5805847939619537,-12.110734984429257,1.0,7.0,107.0,1.0,-0.16657234868477377,4.428754895013709,24.0,5.5876165860617375,37.09490679735528,-12.40065856287674,-0.02069565998173886,-0.6794371461897608,0.0,-10.488288444017824,1.1252917448330217,0.007734279755114115,1.018196617179033,4.0,4.0,1.4447304920800506,-0.17436079429480902,-0.05230823828844271,0.0,0.0,0.0,3.3667039349629215,0.5,,,2,1,1,1.393653154373169,-4,170,True,True,False,"A:1,B:1,ESTOP:0,MODE:1",DRIVE_RUN,,,,0,,,False,0,UNKNOWN,0.0,False,-9999.0,-1.0,-1.0,False,36.96767053833333,127.87361184,121.82600000000001,2,0.00014884000000000002,36.9676704023866,127.87361295994553,4.0,0.06918680877685547,1.0,0.0,0.11397361755371094,0.10075267339567019,3.150227310176078,-8.549972001828937,0.0,0.0,0.0,-0.4800411178842341,0.11908426587417793,0.8563313867899955,0.1485800079418018,0.021101030656611446,0.02426007660272118,-0.00603883921190038,-8.414105699999999,0.53936575,6.923494899999999
1789045858.283801,4.805,4.0,-4.6035718083220765,4,0,190,0.5960513867753019,0.5739321175874608,-12.144619658484487,1.0,7.0,107.0,1.0,-0.16578502451831123,4.5097991450369195,24.0,5.531064985575908,37.05072488491987,-12.40065856287674,-0.02069565998173886,-1.2561509067462595,0.0,-10.488288444017824,1.1252917448330217,0.007734279755114115,1.018196617179033,4.0,4.0,1.4447304920800506,-0.1826894117290477,-0.05480682351871431,0.0,0.0,0.0,3.3667039349629215,0.5,,,2,1,1,1.2327560186386108,-4,171,True,True,False,"A:1,B:1,ESTOP:0,MODE:1",DRIVE_RUN,,,,0,,,False,0,UNKNOWN,0.0,False,-9999.0,-1.0,-1.0,False,36.96767053833333,127.87361184,121.82600000000001,2,0.00014884000000000002,36.967670342611946,127.87361345125642,4.0,0.09418773860931397,1.0,0.0,0.16397547721862793,0.14495431557956615,3.150227310176078,-8.549972001828937,0.0,0.0,0.0,-0.4799187828472652,0.11945128033232147,0.8563203282163061,0.14874424016037285,0.040160026088389526,0.03314380249537232,0.006056292504420323,-8.3748791,0.6472389,6.1193496
1789045858.333866,4.855,4.0,-4.86956301737672,4,0,191,0.7042683794214227,0.5495472191427931,-12.207644872946162,1.0,7.0,107.0,1.0,-0.16916671731182503,4.5521987554742775,24.0,5.486880410651457,36.93992792270469,-12.40065856287674,-0.02069565998173886,-1.5185332931358935,0.0,-10.488288444017824,1.1252917448330217,0.007734279755114115,1.018196617179033,4.0,4.0,1.4447304920800506,-0.19097866295496327,-0.05729359888648898,0.0,0.0,0.0,3.3667039349629215,0.5,,,3,2,1,1.4358712434768677,-4,229,True,True,False,"A:1,B:1,ESTOP:0,MODE:1",DRIVE_RUN,,,,0,,,False,0,UNKNOWN,0.0,False,-9999.0,-1.0,-1.0,False,36.96767018333333,127.87361417666666,121.813,2,0.00014884000000000002,36.9676701179625,127.87361455166985,4.0,0.031508805465698245,1.0,0.0,0.038617610931396484,0.03413796806335449,3.7098876816653323,-12.315530736106899,0.0,0.0,0.0,-0.47992432759649556,0.11973235284203021,0.8562530691369656,0.1488874912727391,0.046251225177849735,0.037734018428117404,0.0068591439603377154,-8.7867584,-0.53936575,4.50125235
1789045858.383900,4.905,4.0,-5.013221977981612,4,0,191,0.737621721931051,0.5422701711803646,-12.284035970917387,1.0,7.0,107.0,1.0,-0.1699747542502716,4.720438774163505,24.0,5.376399357243426,36.90582051808347,-12.40065856287674,-0.02069565998173886,-0.9662742170822679,0.0,-10.488288444017824,1.1252917448330217,0.007734279755114115,1.018196617179033,4.0,4.0,1.4447304920800506,-0.19943699882055452,-0.059831099646166355,0.0,0.0,0.0,3.3667039349629215,0.5,,,2,1,1,2.0620648860931396,-4,373,True,True,False,"A:1,B:1,ESTOP:0,MODE:1",DRIVE_RUN,,,,0,,,False,0,UNKNOWN,0.0,False,-9999.0,-1.0,-1.0,False,36.96767018333333,127.87361417666666,121.813,2,0.00014884000000000002,36.967670033257576,127.87361503750287,4.0,0.05652439804077149,1.0,0.0,0.08864879608154297,0.07836553572443265,3.7098876816653323,-12.315530736106899,0.0,0.0,0.0,-0.48071856531753565,0.12004253242772797,0.8557119089927101,0.14918639406943207,0.023736477827122883,-0.008726646259971648,-0.006684611035138282,-8.6102387,1.57887065,-0.28439285
1789045858.433796,4.955,4.0,-5.149374051028573,4,0,193,0.7808324361922662,0.53284086237477,-12.332218550769937,1.0,8.0,107.0,1.0,-0.17102314760669893,4.827598172139847,24.0,5.342382921919252,36.86163269731449,-12.40065856287674,-0.02069565998173886,2.412937280922717,0.0,-10.488288444017824,1.1252917448330217,0.007734279755114115,1.018196617179033,4.0,4.0,1.4447304920800506,-0.2079357365330681,-0.06238072095992043,0.0,0.0,0.0,3.3667039349629215,0.5,,,2,1,1,1.5448274612426758,-5,276,True,True,False,"A:1,B:1,ESTOP:0,MODE:1",DRIVE_RUN,,,,0,,,False,0,UNKNOWN,0.0,False,-9999.0,-1.0,-1.0,False,36.96767018333333,127.87361417666666,121.813,2,0.00014884000000000002,36.96766994866206,127.8736155230723,4.0,0.08152556629180908,1.0,0.0,0.13865113258361816,0.12256760091146386,3.7098876816653323,-12.315530736106899,0.0,0.0,0.0,-0.48064596784946434,0.12028817105232623,0.8556964007257173,0.14931135013786062,-0.03270747018237374,-0.0047298422729046335,0.012932889757277981,-8.061066299999998,1.7161637499999998,7.8060934
1789045858.483778,5.005,4.0,-5.1152565088893045,4,0,232,0.8240197057302163,0.5234237329645822,-12.211449265208017,1.0,8.0,107.0,1.0,-0.1720640374176198,4.916246781023227,24.0,5.29831526329566,36.81747015830705,-12.40065856287674,-0.02069565998173886,-2.3631497368926917,0.0,-10.488288444017824,1.1252917448330217,0.007734279755114115,1.018196617179033,4.0,4.0,1.4447304920800506,-0.21648689391340303,-0.0649460681740209,0.0,0.0,0.0,3.3667039349629215,0.5,,,2,1,1,1.9025585651397705,-5,171,True,True,False,"A:1,B:1,ESTOP:0,MODE:1",DRIVE_RUN,,,,0,,,False,0,UNKNOWN,0.0,False,-9999.0,-1.0,-1.0,False,36.96767018333333,127.87361417666666,121.813,2,0.00014884000000000002,36.96766986428569,127.87361600841531,4.0,0.10651266784667969,1.0,0.0,0.18862533569335938,0.16674479185609722,3.7098876816653323,-12.315530736106899,0.0,0.0,0.0,-0.48069945871046565,0.12041967140336343,0.855635072068605,0.1493845928492111,0.060178952608764484,0.01577777643802874,0.00476474885794452,-9.34573745,0.48052585,3.04986815
1789045858.533845,5.055,4.0,-4.760439822005743,4,0,191,0.9245468076585477,0.5053904880961131,-12.27390663413155,1.0,8.0,107.0,1.0,-0.16983803036274087,4.836523388208067,24.0,5.254275105994197,36.71533974440029,-11.05930570753371,0.05760717788371608,4.011355548322334,0.0,-10.488288444017824,1.1252917448330217,0.007734279755114115,1.018196617179033,4.0,4.0,1.4447304920800506,-0.22509009578428402,-0.0675270287352852,0.0,0.0,0.0,3.3667039349629215,0.5,,,2,1,1,1.7507023811340332,-5,173,True,True,False,"A:1,B:1,ESTOP:0,MODE:1",DRIVE_RUN,,,,0,,,False,0,UNKNOWN,0.0,False,-9999.0,-1.0,-1.0,False,36.96766978666667,127.87361665333333,121.805,2,0.00014884000000000002,36.96766972323691,127.87361701845174,4.0,0.03099692077636719,1.0,0.0,0.037593841552734375,0.033232955932617186,4.171270636161256,-12.315530736106899,0.0,0.0,0.0,-0.48067872178988796,0.12042653482354973,0.8556758936076373,0.14921186691279945,-0.07133160652900825,-0.007906341511534314,0.0016231562043547264,-8.306232549999999,0.9512450499999999,5.736890249999999
1789045858.583825,5.105,4.0,-4.624809158848953,4,0,191,0.9570209837891848,0.4983295195982911,-12.073194634356554,1.0,8.0,107.0,1.0,-0.1702850673572427,4.71470953393923,25.0,5.522939012928266,36.682135760700206,-11.05930570753371,0.05760717788371608,-4.864756093978723,0.0,-10.488288444017824,1.1252917448330217,0.007734279755114115,1.018196617179033,4.0,4.0,1.4447304920800506,-0.23358199730242107,-0.07007459919072632,0.0,0.0,0.0,3.3667039349629215,0.5,,,2,1,1,2.1825764179229736,-5,172,True,True,False,"A:1,B:1,ESTOP:0,MODE:1",DRIVE_RUN,,,,0,,,False,0,UNKNOWN,0.0,False,-9999.0,-1.0,-1.0,False,36.96766978666667,127.87361665333333,121.805,2,0.00014884000000000002,36.96766963899981,127.87361750329185,4.0,0.05595743865966797,1.0,0.0,0.08751487731933594,0.07736315154580209,4.171270636161256,-12.315530736106899,0.0,0.0,0.0,-0.480539475607621,0.12054091084359342,0.8556923851279957,0.14947321910533418,0.1041263431739817,-0.012566370614359171,-0.0020943951023931952,-9.0417313,-0.36284605,2.69682875
1789045858.633875,5.155,4.0,-4.942042608729332,4,0,198,1.000143386938506,0.48895228842573857,-12.313627694052144,1.0,8.0,107.0,1.0,-0.17087965043219394,4.542464895542424,25.0,5.489818858347618,36.63804415999443,-11.05930570753371,0.05760717788371608,0.9038360769710861,0.0,-10.488288444017824,1.1252917448330217,0.007734279755114115,1.018196617179033,4.0,4.0,1.4447304920800506,-0.2420962506702832,-0.07262887520108496,0.0,0.0,0.0,3.3667039349629215,0.5,,,3,2,1,1.697080135345459,-5,170,True,True,False,"A:1,B:1,ESTOP:0,MODE:1",DRIVE_RUN,,,,0,,,False,0,UNKNOWN,0.0,False,-9999.0,-1.0,-1.0,False,36.96766978666667,127.87361665333333,121.805,2,0.00014884000000000002,36.967669554424354,127.87361799041885,4.0,0.08103490085601807,1.0,0.0,0.13766980171203613,0.12170010445086013,4.171270636161256,-12.315530736106899,0.0,0.0,0.0,-0.48051073192883764,0.12065055087425051,0.8556981949740627,0.149443903164644,-0.0041887902047863905,0.008517206749732328,0.007853981633974483,-8.1002929,0.32361945,8.237585999999999
1789045858.683803,5.205,4.0,-4.981074854395633,4,0,191,1.0434691887665382,0.47953739193107436,-12.268915616965074,1.5,9.0,107.0,1.0,-0.1714706047629813,4.821245142119526,25.0,5.445840657597923,36.5937458078743,-11.05930570753371,0.05760717788371608,-1.3522703264942169,0.0,-10.488288444017824,1.1252917448330217,0.007734279755114115,1.018196617179033,4.0,4.0,1.4447304920800506,-0.2506402331918929,-0.07519206995756786,0.0,0.0,0.0,3.3667039349629215,0.5,,,3,2,1,2.195564031600952,-5,178,True,True,False,"A:1,B:1,ESTOP:0,MODE:1",DRIVE_RUN,,,,0,,,False,0,UNKNOWN,0.0,False,-9999.0,-1.0,-1.0,False,36.96766978666667,127.87361665333333,121.805,2,0.00014884000000000002,36.96766942818717,127.87361871905341,4.0,0.10603940696716309,1.0,0.0,0.18767881393432617,0.18801204868853658,4.171270636161256,-12.315530736106899,0.0,0.0,0.0,-0.48055964542363594,0.12097674984399784,0.8556109154875736,0.14952262198747054,0.04098033083682685,-0.004991641660703782,0.009773843811168246,-7.93357985,3.34406765,0.37265269999999995
1789045858.733829,5.255,4.0,-5.233268416885439,4,0,191,1.1651335433193155,0.45770863915382354,-12.336806015880171,1.5,9.0,107.0,1.0,-0.17144645643525844,4.815620903171202,25.0,5.401658369958934,36.470140477234715,-11.05930570753371,0.05760717788371608,-2.6910286101054366,0.0,-10.488288444017824,1.1252917448330217,0.007734279755114115,1.018196617179033,4.0,4.0,1.4447304920800506,-0.25921376343004193,-0.07776412902901257,0.0,0.0,0.0,3.3667039349629215,0.5,,,3,1,2,2.2776522636413574,-5,177,True,True,False,"A:1,B:1,ESTOP:0,MODE:1",DRIVE_RUN,,,,0,,,False,0,UNKNOWN,0.0,False,-9999.0,-1.0,-1.0,False,36.96766935833333,127.87361935833333,121.83,2,0.00014884000000000002,36.96766926190975,127.87361996380866,4.0,0.03290558071136475,1.0,0.0,0.04141116142272949,0.054911200046539314,4.258183751129248,-11.26994621464388,0.0,0.0,0.0,-0.4806053819873574,0.12097486755819972,0.8555844799520269,0.1495284116456877,0.06140068308516051,-0.001832595714594046,-0.002181661564992912,-9.306510849999999,0.5099457999999999,4.89351835
1789045858.783821,5.305,4.0,-5.47346203684836,4,0,191,1.2189854229964932,0.44697481490651003,-12.47219202824121,1.5,9.0,107.0,1.0,-0.17547193296189342,4.947147331882357,25.0,5.278193640003244,36.41524583419977,-11.05930570753371,0.05760717788371608,0.9980086676455463,0.0,-10.488288444017824,1.1252917448330217,0.007734279755114115,1.018196617179033,4.0,4.0,1.4447304920800506,-0.26778608625180483,-0.08033582587554144,0.0,0.0,0.0,3.3667039349629215,0.5,,,3,1,2,1.8598207235336304,-7,172,True,True,False,"A:1,B:1,ESTOP:0,MODE:1",DRIVE_RUN,,,,0,,,False,0,UNKNOWN,0.0,False,-9999.0,-1.0,-1.0,False,36.96766935833333,127.87361935833333,121.83,2,0.00014884000000000002,36.96766914536126,127.87362069396706,4.0,0.05787718505859375,1.0,0.0,0.0913543701171875,0.12113589182849423,4.258183751129248,-11.26994621464388,0.0,0.0,0.0,-0.4805253618028966,0.12095701076670176,0.8556361932337375,0.1495041238195701,-0.01905899543177808,0.012199851471440364,-0.015934856070708228,-9.218250999999999,-0.9512450499999999,8.492558899999999
1789045858.833966,5.355,4.0,-5.548286786862212,4,0,191,1.2839267996026003,0.43400069694354143,-12.422673542260299,1.5,9.0,107.0,1.0,-0.1803560532370726,5.12332091646962,25.0,5.223409808368657,36.3490419040828,-11.05930570753371,0.05760717788371608,1.9879295310492904,0.0,-10.488288444017824,1.1252917448330217,0.007734279755114115,1.018196617179033,4.0,4.0,1.4447304920800506,-0.2765596828998995,-0.08296790486996986,0.0,0.0,0.0,3.3667039349629215,0.5,,,3,2,1,1.9008746147155762,-5,172,True,True,False,"A:1,B:1,ESTOP:0,MODE:1",DRIVE_RUN,,,,0,,,False,0,UNKNOWN,0.0,False,-9999.0,-1.0,-1.0,False,36.96766935833333,127.87361935833333,121.83,2,0.00014884000000000002,36.967669028488075,127.87362142523315,4.0,0.08288789005279541,1.0,0.0,0.14137578010559082,0.18746427724380185,4.258183751129248,-11.26994621464388,0.0,0.0,0.0,-0.4805158218288593,0.12123296213300479,0.8555767854507771,0.1496511879749316,-0.02715732316103177,0.004904375198104067,0.006178465552059927,-8.306232549999999,0.5197524499999999,4.5698989
1789045858.883817,5.405,4.0,-5.049677699455602,4,0,191,1.348966697384461,0.4209904331167399,-12.323592817416255,1.5,10.0,107.0,1.0,-0.18526392109033601,5.124471471561227,25.0,5.157344369007473,36.28273479443012,-11.05930570753371,0.05760717788371608,-0.42217174972403565,0.0,-10.488288444017824,1.1252917448330217,0.007734279755114115,1.018196617179033,4.0,4.0,1.4447304920800506,-0.28557748556175316,-0.08567324566852595,0.0,0.0,0.0,3.3729670980523596,0.5,,,3,2,1,2.170926094055176,-5,170,True,True,False,"A:1,B:1,ESTOP:0,MODE:1",DRIVE_RUN,,,,0,,,False,0,UNKNOWN,0.0,False,-9999.0,-1.0,-1.0,False,36.96766935833333,127.87361935833333,121.83,2,0.00014884000000000002,36.96766891214148,127.87362215597841,4.0,0.10787713737487793,1.0,0.0,0.19135427474975586,0.25373575633373585,4.258183751129248,-11.26994621464388,0.0,0.0,0.0,-0.4803057494829056,0.12184592287034032,0.8556004705168114,0.1496923276088332,0.030368728984701335,0.0024609142453120045,0.02303834612632515,-8.316039199999999,1.55925735,2.7458620000000002
1789045858.933855,5.455,4.0,-5.507575903657069,4,0,190,1.419802682085697,0.38405224258354415,-12.415831717715008,1.5,10.0,107.0,1.0,-0.21304952948965464,4.9209886808596535,26.0,5.467870336067922,36.20662826580362,-13.766361396635373,-0.07108050941686202,0.4410940414192456,0.0,-10.488288444017824,1.1252917448330217,0.007734279755114115,1.018196617179033,4.0,4.0,1.4447304920800506,-0.29484068161627,-0.08845220448488099,0.0,0.0,0.0,3.3729670980523596,0.5,,,4,2,2,2.2150638103485107,-3,210,True,True,False,"A:1,B:1,ESTOP:0,MODE:1",DRIVE_RUN,,,,0,,,False,0,UNKNOWN,0.0,False,-9999.0,-1.0,-1.0,False,36.967668696666664,127.87362222166666,121.83500000000001,2,0.00014884000000000002,36.967668696666664,127.87362222166666,4.0,0.0122,1.0,1.0,0.0,0.0,4.4317054575102075,-11.26994621464388,0.0,0.0,0.0,-0.4798978117164299,0.12167848888126703,0.8558650655584983,0.14962428014831244,-0.012705996954518718,-0.003961897402027128,-0.022130774915288098,-7.482473949999999,1.7946169499999998,3.87362675
1789045858.983874,5.505,4.0,-5.4925778480921785,4,0,191,1.419802682085697,0.38405224258354415,-12.393855910437992,2.0,10.0,107.0,1.0,-0.21304952948965464,5.305435136512944,26.0,5.3929357408855845,36.20662826580362,-13.766361396635373,-0.07108050941686202,-1.0249031847201122,0.0,-10.488288444017824,1.1252917448330217,0.007734279755114115,1.018196617179033,4.0,4.0,1.4447304920800506,-0.3054931580907527,-0.09164794742722582,0.0,0.0,0.0,3.3729670980523596,0.5,,,4,2,2,2.4709651470184326,-5,201,True,True,False,"A:1,B:1,ESTOP:0,MODE:1",DRIVE_RUN,,,,0,,,False,0,UNKNOWN,0.0,False,-9999.0,-1.0,-1.0,False,36.967668696666664,127.87362222166666,121.83500000000001,2,0.00014884000000000002,36.96766846998045,127.87362365056399,4.0,0.048842909049987795,1.0,0.0,0.07328581809997559,0.12956932640075683,4.4317054575102075,-11.26994621464388,0.0,0.0,0.0,-0.48010289457262884,0.12174303198762942,0.8557202822250266,0.14974192256733948,0.03277728335245351,0.020088739690454733,0.0030892327760299633,-8.3356525,1.0493115499999999,3.14793465
1789045859.033805,5.555,4.0,-5.785348286765932,4,0,191,1.546890941577863,0.3588176489900805,-12.445187522813,2.0,10.0,107.0,1.0,-0.21876019677653127,5.283459329235927,26.0,5.392935740885585,36.07709830127745,-13.766361396635373,-0.07108050941686202,0.9127912419545915,0.0,-10.488288444017824,1.1252917448330217,0.007734279755114115,1.018196617179033,4.0,4.0,1.4447304920800506,-0.3161456345652355,-0.09484369036957065,0.0,0.0,0.0,3.3729670980523596,0.5,,,4,2,2,2.3865244388580322,-5,170,True,True,False,"A:1,B:1,ESTOP:0,MODE:1",DRIVE_RUN,,,,0,,,False,0,UNKNOWN,0.0,False,-9999.0,-1.0,-1.0,False,36.967668696666664,127.87362222166666,121.83500000000001,2,0.00014884000000000002,36.96766831524377,127.87362462568929,4.0,0.07384944171905518,1.0,0.0,0.12329888343811035,0.21799242585841128,4.4317054575102075,-11.26994621464388,0.0,0.0,0.0,-0.480382500787363,0.12233408174609875,0.8555467544872741,0.14935453212711688,-0.01153662635568252,0.018308503853420515,-0.006440264939859076,-8.041452999999999,1.4121575999999998,5.1975245
1789045859.083797,5.605,4.0,-5.915024838103118,4,0,191,1.6336200408572785,0.34159244032786396,-12.399622650092624,2.0,10.0,107.0,1.0,-0.22266160303534335,5.436123765206884,26.0,5.263709509894416,35.988702331820996,-13.766361396635373,-0.07108050941686202,-0.9972969418834603,0.0,-10.488288444017824,1.1252917448330217,0.007734279755114115,1.018196617179033,4.0,4.0,1.4447304920800506,-0.32708364440406207,-0.09812509332121862,0.0,0.0,0.0,3.3729670980523596,0.5,,,3,2,1,2.5264949798583984,-6,179,True,True,False,"A:1,B:1,ESTOP:0,MODE:1",DRIVE_RUN,,,,0,,,False,0,UNKNOWN,0.0,False,-9999.0,-1.0,-1.0,False,36.967668696666664,127.87362222166666,121.83500000000001,2,0.00014884000000000002,36.967668160671266,127.87362560033355,4.0,0.09884309978485108,1.0,0.0,0.17328619956970215,0.3063700005773585,4.4317054575102075,-11.26994621464388,0.0,0.0,0.0,-0.48075868054458404,0.1224030573056574,0.8552949998457816,0.14952941477202025,0.03481931857728687,-0.0003316125578789226,0.010786134777324957,-8.3748791,1.0002783,3.95207995
1789045859.133836,5.655,4.0,-5.4954401225230765,4,0,196,1.6841071496253759,0.3389678494323179,-12.449777058509909,2.0,11.0,107.0,1.0,-0.21761534870111035,5.462663889759941,26.0,5.175530718211962,35.938506990566395,-13.766361396635373,-0.07108050941686202,2.8100271958058984,0.0,-10.488288444017824,1.1252917448330217,0.007734279755114115,1.018196617179033,4.0,4.0,1.4447304920800506,-0.33821672455582924,-0.10146501736674877,0.0,0.0,0.0,3.3729670980523596,0.5,,,4,2,2,2.356306314468384,-5,172,True,True,False,"A:1,B:1,ESTOP:0,MODE:1",DRIVE_RUN,,,,0,,,False,0,UNKNOWN,0.0,False,-9999.0,-1.0,-1.0,False,36.96766829166667,127.87362519333334,121.821,2,0.00014884000000000002,36.967668178218304,127.8736258144331,4.0,0.02822566242218018,1.0,0.0,0.03205132484436035,0.0566667423248291,4.682807921694275,-12.887407918975969,0.0,0.0,0.0,-0.481144360819152,0.12256063395292323,0.8550627526040274,0.1494880736587742,-0.03979350694547071,0.018936822384138473,0.01096066770252439,-8.67888525,-0.28439285,6.0801229999999995
1789045859.183830,5.705,4.0,-5.4788677458486195,4,0,191,1.7393486887630538,0.32633883516815165,-12.310268047457896,2.0,11.0,107.0,1.0,-0.2211370922401851,5.376622290085652,27.0,5.507068424486288,35.8819209370985,-13.766361396635373,-0.07108050941686202,-1.5515998072208212,0.0,-10.488288444017824,1.1252917448330217,0.007734279755114115,1.018196617179033,4.0,4.0,1.4447304920800506,-0.34909749199088475,-0.10472924759726542,0.0,0.0,0.0,3.3729670980523596,0.5,,,4,2,2,2.342931032180786,-5,202,True,True,False,"A:1,B:1,ESTOP:0,MODE:1",DRIVE_RUN,,,,0,,,False,0,UNKNOWN,0.0,False,-9999.0,-1.0,-1.0,False,36.96766829166667,127.87362519333334,121.821,2,0.00014884000000000002,36.967668001406224,127.87362678410886,4.0,0.05324316234588623,1.0,0.0,0.08208632469177246,0.14512861961821596,4.682807921694275,-12.887407918975969,0.0,0.0,0.0,-0.48123682935407364,0.12281705196810103,0.8550088612180521,0.1492880874608315,0.04452334921837535,0.0015009831567151233,0.00799360797413403,-9.306510849999999,0.25497289999999995,5.48191735
1789045859.233797,5.755,4.0,-5.7466371133189185,4,0,192,1.8255930981862258,0.30665620449606507,-12.388004814246756,2.0,11.0,107.0,1.0,-0.22622931221332107,5.297351891105813,27.0,5.450695207424295,35.79358375785337,-13.766361396635373,-0.07108050941686202,-0.8660131416836059,0.0,-10.488288444017824,1.1252917448330217,0.007734279755114115,1.018196617179033,4.0,4.0,1.4447304920800506,-0.360154346602894,-0.1080463039808682,0.0,0.0,0.0,3.3729670980523596,0.5,,,4,2,2,2.4578261375427246,-6,239,True,True,False,"A:1,B:1,ESTOP:0,MODE:1",DRIVE_RUN,,,,0,,,False,0,UNKNOWN,0.0,False,-9999.0,-1.0,-1.0,False,36.96766829166667,127.87362519333334,121.821,2,0.00014884000000000002,36.96766782465765,127.87362775366667,4.0,0.07825732440948487,1.0,0.0,0.13211464881896973,0.2335786955955391,4.682807921694275,-12.887407918975969,0.0,0.0,0.0,-0.4812365637609752,0.12296176476231072,0.85501945420241,0.149109044130394,0.025220007691318064,0.028099800957108706,-0.005934119456780721,-8.5317855,1.2846711499999999,4.158019599999999
1789045859.283807,5.805,4.0,-5.991193460533491,4,0,191,1.9118270156881172,0.2869806435366779,-12.431226144165095,2.0,11.0,107.0,1.0,-0.2313163023183832,5.471304958599767,27.0,5.3627004705831265,35.705258738405846,-13.766361396635373,-0.07108050941686202,-0.14901677573757716,0.0,-10.488288444017824,1.1252917448330217,0.007734279755114115,1.018196617179033,4.0,4.0,1.4447304920800506,-0.37146581221356006,-0.11143974366406802,0.0,0.0,0.0,3.3729670980523596,0.5,,,4,2,2,2.5998644828796387,-6,172,True,True,False,"A:1,B:1,ESTOP:0,MODE:1",DRIVE_RUN,,,,0,,,False,0,UNKNOWN,0.0,False,-9999.0,-1.0,-1.0,False,36.96766829166667,127.87362519333334,121.821,2,0.00014884000000000002,36.967667648192105,127.87362872173514,4.0,0.1032329818725586,1.0,0.0,0.1820659637451172,0.32189261978083783,4.682807921694275,-12.887407918975969,0.0,0.0,0.0,-0.48133118111901274,0.12320102900677155,0.8549452142201208,0.14903181276613547,0.018500490071139894,0.03649483465920143,0.0065100781099388496,-8.659271949999999,0.7649187,4.069759749999999
1789045859.333791,5.855,4.0,-5.845680472546151,4,0,191,1.9613081323495911,0.2888740783854304,-12.315583251246352,2.0,12.0,107.0,1.0,-0.22123485650898617,5.6138898126774155,27.0,5.27473261814829,35.65682376801197,-9.968815884377534,0.12312051298937804,1.2308843261853615,0.0,-10.488288444017824,1.1252917448330217,0.007734279755114115,1.018196617179033,4.0,4.0,1.4447304920800506,-0.3830316273294792,-0.11490948819884375,0.0,0.0,0.0,3.3729670980523596,0.5,,,4,2,2,2.228330612182617,-5,180,True,True,False,"A:1,B:1,ESTOP:0,MODE:1",DRIVE_RUN,,,,0,,,False,0,UNKNOWN,0.0,False,-9999.0,-1.0,-1.0,False,36.96766784166667,127.87362831,121.821,2,0.00014884000000000002,36.967667683328806,127.87362917860922,4.0,0.03460967750549317,1.0,0.0,0.04481935501098633,0.07924061965942382,5.229498872352807,-12.887407918975969,0.0,0.0,0.0,-0.4811344134886961,0.12392220806526141,0.8550304830466889,0.14857939145811622,-0.01783726495538205,0.0256388867117967,-0.007400196028455957,-8.97308475,0.38245935,7.5707338
1789045859.384047,5.905,4.0,-5.355605892011502,4,0,191,2.0385635322870357,0.27124798822175566,-12.254214586114102,2.0,12.0,107.0,1.0,-0.22681946101326675,5.413235960506913,27.0,5.225831862184492,35.577694449925026,-9.968815884377534,0.12312051298937804,-1.945179686785468,0.0,-10.488288444017824,1.1252917448330217,0.007734279755114115,1.018196617179033,4.0,4.0,1.4447304920800506,-0.3940933701549285,-0.11822801104647855,0.0,0.0,0.0,3.3729670980523596,0.5,,,4,2,2,2.650326728820801,-6,170,True,True,False,"A:1,B:1,ESTOP:0,MODE:1",DRIVE_RUN,,,,0,,,False,0,UNKNOWN,0.0,False,-9999.0,-1.0,-1.0,False,36.96766784166667,127.87362831,121.821,2,0.00014884000000000002,36.96766750653329,127.87363014713273,4.0,0.059598805618286135,1.0,0.0,0.09479761123657227,0.1676021747842143,5.229498872352807,-12.887407918975969,0.0,0.0,0.0,-0.48119917883211466,0.12402245382643666,0.854965272709684,0.14866123805021664,0.04482005519121438,1.7453292519943296e-05,-0.005375614096142535,-8.73772515,0.7060787999999999,2.3045627499999997
1789045859.433810,5.955,4.0,-5.635410741222999,4,0,191,2.1247054580994207,0.2515672013066955,-12.351523100766514,2.0,12.0,107.0,1.0,-0.23455178314705602,5.210470118341517,28.0,5.522376819693988,35.48945900633413,-9.968815884377534,0.12312051298937804,0.24678226509173248,0.0,-10.488288444017824,1.1252917448330217,0.007734279755114115,1.018196617179033,4.0,4.0,1.4447304920800506,-0.40543434320559185,-0.12163030296167755,0.0,0.0,0.0,3.3729670980523596,0.5,,,4,2,2,2.5925087928771973,-6,219,True,True,False,"A:1,B:1,ESTOP:0,MODE:1",DRIVE_RUN,,,,0,,,False,0,UNKNOWN,0.0,False,-9999.0,-1.0,-1.0,False,36.96766784166667,127.87362831,121.821,2,0.00014884000000000002,36.96766732949818,127.87363111690517,4.0,0.08462023944854737,1.0,0.0,0.14484047889709473,0.25607796410201233,5.229498872352807,-12.887407918975969,0.0,0.0,0.0,-0.48120114660194535,0.12395087492617346,0.8549743779193764,0.148662201703676,0.0052010811709431014,-0.016336281798666925,0.004799655442984407,-8.2571993,1.1375714,5.1190713
1789045859.483780,6.005,4.0,-5.817468535766493,4,0,191,2.2109584660698114,0.23185974279707006,-12.339192177688716,2.0,12.0,107.0,1.0,-0.24229535692094248,5.402338086030682,28.0,5.434479025936174,35.401110191315055,-9.968815884377534,0.12312051298937804,-1.1588137792380448,0.0,-10.488288444017824,1.1252917448330217,0.007734279755114115,1.018196617179033,4.0,4.0,1.4447304920800506,-0.41716193236294463,-0.12514857970888338,0.0,0.0,0.0,3.3729670980523596,0.5,,,4,2,2,2.429462194442749,-6,175,True,True,False,"A:1,B:1,ESTOP:0,MODE:1",DRIVE_RUN,,,,0,,,False,0,UNKNOWN,0.0,False,-9999.0,-1.0,-1.0,False,36.96766737833333,127.87363166,121.848,2,0.00014884000000000002,36.96766737833333,127.87363166,4.0,0.0122,1.0,1.0,0.0,0.0,5.46344107252604,-10.02477585796497,0.0,0.0,0.0,-0.48135169434905656,0.12392012701733858,0.8548783510487779,0.14875265838102433,0.035203291012725624,0.028675759610266836,0.0013439035240356337,-9.0025047,-1.0296982499999998,6.34490255
1789045859.533800,6.055,4.0,-5.682986496133838,4,0,191,2.2592621303098617,0.23729604733849105,-12.271255228315141,2.0,13.0,107.0,1.0,-0.23031333808231244,5.487817227605133,28.0,5.346483050220025,35.354438454201684,-9.820994014511053,0.1259099081588829,0.6183866781114395,0.0,-10.488288444017824,1.1252917448330217,0.007734279755114115,1.018196617179033,4.0,4.0,1.4447304920800506,-0.4292767002089918,-0.12878301006269752,0.0,0.0,0.0,3.3729670980523596,0.5,,,4,2,2,2.5901260375976562,-5,171,True,True,False,"A:1,B:1,ESTOP:0,MODE:1",DRIVE_RUN,,,,0,,,False,0,UNKNOWN,0.0,False,-9999.0,-1.0,-1.0,False,36.96766737833333,127.87363166,121.848,2,0.00014884000000000002,36.96766724802897,127.87363258421446,4.0,0.03580606193542481,1.0,0.0,0.04721212387084961,0.08347103500366211,5.46344107252604,-10.02477585796497,0.0,0.0,0.0,-0.48145713170894755,0.12431649841101353,0.8547773880434504,0.14866087393471805,0.0032288591161895096,-0.0038746309394274117,0.012740903539558606,-8.44352565,2.20649625,3.7069137
1789045859.583799,6.105,4.0,-5.794654317308206,4,0,250,2.3414631433674975,0.22279063181955094,-12.240098848620562,2.0,13.0,107.0,1.0,-0.23231665285436817,5.2992179651232325,28.0,5.299184596381267,35.270967875211475,-9.820994014511053,0.1259099081588829,-3.3688843617464754,0.0,-10.488288444017824,1.1252917448330217,0.007734279755114115,1.018196617179033,4.0,4.0,1.4447304920800506,-0.44079236711310743,-0.13223771013393223,0.0,0.0,0.0,3.3729670980523596,0.5,,,4,2,2,2.549872875213623,-6,183,True,True,False,"A:1,B:1,ESTOP:0,MODE:1",DRIVE_RUN,,,,0,,,False,0,UNKNOWN,0.0,False,-9999.0,-1.0,-1.0,False,36.96766737833333,127.87363166,121.848,2,0.00014884000000000002,36.96766710998527,127.87363356380625,4.0,0.06082618446350098,1.0,0.0,0.09725236892700195,0.171942188109227,5.46344107252604,-10.02477585796497,0.0,0.0,0.0,-0.4813598036385298,0.12461201435103578,0.8548355773202558,0.14839380400811253,0.07154104603924757,8.726646259971648e-05,-0.008639379797371931,-9.46341725,-0.28439285,5.75650355
1789045859.633827,6.155,4.0,-5.565944534365882,4,0,191,2.4285894985618888,0.20742367791974411,-12.407648136117302,2.0,13.0,107.0,1.0,-0.232508865856044,5.31661727625544,28.0,5.21583255201679,35.18249718230311,-9.820994014511053,0.1259099081588829,-0.5631725528559923,0.0,-10.488288444017824,1.1252917448330217,0.007734279755114115,1.018196617179033,4.0,4.0,1.4447304920800506,-0.45240819975582586,-0.13572245992674775,0.0,0.0,0.0,3.3729670980523596,0.5,,,4,2,2,2.6578991413116455,-6,181,True,True,False,"A:1,B:1,ESTOP:0,MODE:1",DRIVE_RUN,,,,0,,,False,0,UNKNOWN,0.0,False,-9999.0,-1.0,-1.0,False,36.96766737833333,127.87363166,121.848,2,0.00014884000000000002,36.967666971684956,127.87363454234507,4.0,0.08582163066864014,1.0,0.0,0.14724326133728027,0.260326079680264,5.46344107252604,-10.02477585796497,0.0,0.0,0.0,-0.4812825216593647,0.12457999832559052,0.8548895671014634,0.14836032631223087,0.014521139376592822,0.009564404300928926,-0.011449359893082803,-9.208444349999999,1.1375714,4.57970555
1789045859.683841,6.205,4.0,-5.736001265161789,4,0,200,2.5156222012566833,0.19202815725512948,-12.436274267830981,2.0,13.0,107.0,1.0,-0.2327452886192504,5.375387863648227,29.0,5.510124398328753,35.09411390218504,-9.820994014511053,0.1259099081588829,-0.6461761168364408,0.0,-10.488288444017824,1.1252917448330217,0.007734279755114115,1.018196617179033,4.0,4.0,1.4447304920800506,-0.46403364304862804,-0.1392100929145884,0.0,0.0,0.0,3.3729670980523596,0.5,,,4,2,2,2.747183084487915,-6,171,True,True,False,"A:1,B:1,ESTOP:0,MODE:1",DRIVE_RUN,,,,0,,,False,0,UNKNOWN,0.0,False,-9999.0,-1.0,-1.0,False,36.96766737833333,127.87363166,121.848,2,0.00014884000000000002,36.96766683313666,127.87363552050645,4.0,0.1108090898513794,1.0,0.0,0.1972181797027588,0.34868172016608834,5.46344107252604,-10.02477585796497,0.0,0.0,0.0,-0.48129161976839424,0.12437958853069093,0.854907402934155,0.1483961829227082,0.020402898955813712,0.006946410422937432,-0.0035081117965086025,-9.09076455,0.24516625,4.6875786999999995
1789045859.733859,6.255,4.0,-5.889903548549715,4,0,191,2.5621079104148605,0.17569926287314672,-12.421207535544,2.0,14.0,107.0,1.0,-0.2408572675173247,5.452883088833438,29.0,5.421863536587737,35.045525711179216,-11.496750612198435,0.046976182781627074,0.8357628712089702,0.0,-10.488288444017824,1.1252917448330217,0.007734279755114115,1.018196617179033,4.0,4.0,1.4447304920800506,-0.47567090747959057,-0.14270127224387716,0.0,0.0,0.0,3.3729670980523596,0.5,,,4,2,2,2.918121337890625,-6,175,True,True,False,"A:1,B:1,ESTOP:0,MODE:1",DRIVE_RUN,,,,0,,,False,0,UNKNOWN,0.0,False,-9999.0,-1.0,-1.0,False,36.967666825,127.873635065,121.84700000000001,2,0.00014884000000000002,36.96766671230766,127.87363575939418,4.0,0.030022861671447756,1.0,0.0,0.03564572334289551,0.06302163887023926,5.378760144498272,-11.496750612198435,0.0,0.0,0.0,-0.4813678866986593,0.12444947299118342,0.8548774231372728,0.14826286702225766,0.00034906585039886593,0.0009773843811168245,0.014660765716752368,-8.669078599999999,-0.50013915,4.020726499999999
1789045859.784007,6.305,4.0,-5.976866618491,4,0,191,2.623868364249897,0.1631544088798387,-12.37960793311666,2.0,14.0,107.0,1.0,-0.24261216763086615,5.550365694085689,29.0,5.373747758969076,34.982531149827565,-11.496750612198435,0.046976182781627074,-2.3964721437354815,0.0,-10.488288444017824,1.1252917448330217,0.007734279755114115,1.018196617179033,4.0,4.0,1.4447304920800506,-0.4877137708554568,-0.14631413125663703,0.0,0.0,0.0,3.3729670980523596,0.5,,,4,2,2,2.8449957370758057,-6,259,True,True,False,"A:1,B:1,ESTOP:0,MODE:1",DRIVE_RUN,,,,0,,,False,0,UNKNOWN,0.0,False,-9999.0,-1.0,-1.0,False,36.967666825,127.873635065,121.84700000000001,2,0.00014884000000000002,36.96766655366353,127.87363673436732,4.0,0.055049898338317874,1.0,0.0,0.08569979667663574,0.15151723566136954,5.378760144498272,-11.496750612198435,0.0,0.0,0.0,-0.48129984302581047,0.12514268581035914,0.8548740250948716,0.14791947305744602,0.04122467693210607,0.019931660057775243,-0.030979594222899347,-9.375157399999999,1.8436502,5.736890249999999
1789045859.833848,6.355,4.0,-6.285663473000028,4,0,191,2.710583930581337,0.14549422463513956,-12.499833665923035,2.0,14.0,107.0,1.0,-0.245076669560147,5.563422277049812,29.0,5.310932502425013,34.89407508580212,-11.496750612198435,0.046976182781627074,1.7342570700706972,0.0,-10.488288444017824,1.1252917448330217,0.007734279755114115,1.018196617179033,4.0,4.0,1.4447304920800506,-0.4998443792370001,-0.14995331377110002,0.0,0.0,0.0,3.3729670980523596,0.5,,,4,2,2,2.9168055057525635,-5,171,True,True,False,"A:1,B:1,ESTOP:0,MODE:1",DRIVE_RUN,,,,0,,,False,0,UNKNOWN,0.0,False,-9999.0,-1.0,-1.0,False,36.967666825,127.873635065,121.84700000000001,2,0.00014884000000000002,36.967666395224335,127.87363770695985,4.0,0.08001697273254395,1.0,0.0,0.1356339454650879,0.2398008053391679,5.378760144498272,-11.496750612198435,0.0,0.0,0.0,-0.4818133167314645,0.12468903820915385,0.8545651408079414,0.14841493080753315,-0.016091935703387718,-0.029513517651224112,0.02202605516016844,-8.835791649999999,0.2745862,4.648352099999999
1789045859.883808,6.405,4.0,-5.776976802684902,4,0,216,2.7970877613213134,0.12785685441185343,-12.413105182909277,2.0,14.0,107.0,1.0,-0.2475551578211849,5.763113251249587,29.0,5.222738873533466,34.80583175378461,-11.496750612198435,0.046976182781627074,-3.699609365926895,0.0,-10.488288444017824,1.1252917448330217,0.007734279755114115,1.018196617179033,4.0,4.0,1.4447304920800506,-0.5120982127150074,-0.15362946381450224,0.0,0.0,0.0,3.3729670980523596,0.5,,,4,2,2,2.8214027881622314,-5,171,True,True,False,"A:1,B:1,ESTOP:0,MODE:1",DRIVE_RUN,,,,0,,,False,0,UNKNOWN,0.0,False,-9999.0,-1.0,-1.0,False,36.967666825,127.873635065,121.84700000000001,2,0.00014884000000000002,36.96766623624665,127.87363868075953,4.0,0.10501718730926514,1.0,0.0,0.18563437461853027,0.32820154828930004,5.378760144498272,-11.496750612198435,0.0,0.0,0.0,-0.481453212601034,0.12452325406456523,0.854771026513719,0.14853705095362021,0.05965535383316618,-0.019408061282176946,-0.03886848244191372,-9.69877685,1.01008495,6.178189499999999
1789045859.933911,6.455,4.0,-6.520566251324687,4,0,191,2.8865961201168036,0.08682920288428084,-12.742796594953631,2.0,15.0,107.0,1.0,-0.27255718694415637,5.559005656149115,30.0,5.517609768141583,34.710658926228795,-15.316448041081284,-0.14516714290860053,-0.06180866445862305,0.0,-10.488288444017824,1.1252917448330217,0.007734279755114115,1.018196617179033,4.0,4.0,1.4447304920800506,-0.5244759706060667,-0.15734279118181999,0.0,0.0,0.0,3.3729670980523596,0.5,,,4,2,2,2.858368396759033,-5,172,True,True,False,"A:1,B:1,ESTOP:0,MODE:1",DRIVE_RUN,,,,0,,,False,0,UNKNOWN,0.0,False,-9999.0,-1.0,-1.0,False,36.96766602666667,127.87363871333334,121.85900000000001,2,0.00014884000000000002,36.96766587267263,127.87363941983769,4.0,0.03062021942138672,1.0,0.0,0.03684043884277344,0.06513389587402343,5.659064785641871,-15.316448041081284,0.0,0.0,0.0,-0.4810507664351824,0.12404858892020447,0.8551026545528224,0.14832922124701586,0.03958406743523139,-0.008290313946973065,0.05407030022678433,-7.79628675,-1.53964405,4.648352099999999
1789045859.983865,6.505,4.0,-6.712512109739476,4,0,191,2.9494336712283764,0.06968666509160087,-12.745904266740013,2.0,15.0,107.0,1.0,-0.2783381445436663,6.206157617877718,30.0,5.423928057018885,34.64582644841539,-15.316448041081284,-0.14516714290860053,1.3171277022994263,0.0,-10.488288444017824,1.1252917448330217,0.007734279755114115,1.018196617179033,4.0,4.0,1.4447304920800506,-0.5381038299532744,-0.16143114898598232,0.0,0.0,0.0,3.3729670980523596,0.5,,,4,2,2,2.955073356628418,-6,170,True,True,False,"A:1,B:1,ESTOP:0,MODE:1",DRIVE_RUN,,,,0,,,False,0,UNKNOWN,0.0,False,-9999.0,-1.0,-1.0,False,36.96766602666667,127.87363871333334,121.85900000000001,2,0.00014884000000000002,36.967665663849864,127.87364037828203,4.0,0.055608393859863284,1.0,0.0,0.08681678771972656,0.15349208048527974,5.659064785641871,-15.316448041081284,0.0,0.0,0.0,-0.4810294978297025,0.12419359955710259,0.8551270195349941,0.14813626331169608,-0.03651228795172137,0.011972958668681102,-0.03569198320328404,-8.28661925,0.9610517,4.05014645
1789045860.033961,6.555,4.0,-6.909587063876356,4,0,191,3.0346791413001037,0.046440620796666617,-12.679885906129499,2.0,15.0,107.0,1.0,-0.28567467612995945,6.314862540722077,30.0,5.359556617139262,34.55787808216098,-15.316448041081284,-0.14516714290860053,0.49434612467116024,0.0,-10.488288444017824,1.1252917448330217,0.007734279755114115,1.018196617179033,4.0,4.0,1.4447304920800506,-0.5520207371804577,-0.1656062211541373,0.0,0.0,0.0,3.3729670980523596,0.5,,,4,2,2,2.6550793647766113,-6,179,True,True,False,"A:1,B:1,ESTOP:0,MODE:1",DRIVE_RUN,,,,0,,,False,0,UNKNOWN,0.0,False,-9999.0,-1.0,-1.0,False,36.96766602666667,127.87363871333334,121.85900000000001,2,0.00014884000000000002,36.96766545436952,127.87364133866336,4.0,0.08064902038574219,1.0,0.0,0.13689804077148438,0.24203573424302982,5.659064785641871,-15.316448041081284,0.0,0.0,0.0,-0.4812096754707878,0.12384231356685008,0.855027563451993,0.14841898578368265,0.013840460968315035,0.016720254234105676,0.024207716725161352,-8.63965865,1.0983448,6.864654999999999
1789045860.084141,6.605,4.0,-7.161633100086117,4,0,191,3.1200968894523307,0.023121375155628014,-12.654956119543158,2.0,15.0,107.0,1.0,-0.29305181819783754,6.396115554113934,30.0,5.272261253550181,34.46974965448741,-15.316448041081284,-0.14516714290860053,-1.3205677446026098,0.0,-10.488288444017824,1.1252917448330217,0.007734279755114115,1.018196617179033,4.0,4.0,1.4447304920800506,-0.5663044709869557,-0.1698913412960867,0.0,0.0,0.0,3.3729670980523596,0.5,,,4,2,2,2.951975107192993,-5,174,True,True,False,"A:1,B:1,ESTOP:0,MODE:1",DRIVE_RUN,,,,0,,,False,0,UNKNOWN,0.0,False,-9999.0,-1.0,-1.0,False,36.96766602666667,127.87363871333334,121.85900000000001,2,0.00014884000000000002,36.96766524515063,127.87364229700185,4.0,0.10563791007995606,1.0,0.0,0.1868758201599121,0.33039644360272413,5.659064785641871,-15.316448041081284,0.0,0.0,0.0,-0.4813355709024324,0.12392905901575396,0.8549062828332298,0.14863681942159918,0.01694714703686494,0.002408554367752175,-0.03321361566545209,-9.296704199999999,-0.63743225,3.77556025
1789045860.133898,6.655,4.0,-6.554819289737046,4,0,191,3.2241290817833774,0.02319156052337893,-12.618643532041688,2.0,16.0,107.0,1.0,-0.2740412864391787,6.5240160402923175,30.0,5.1848227845352035,34.367224687641176,-10.6770735139356,0.10218789568979361,1.6547998812087164,0.0,-10.488288444017824,1.1252917448330217,0.007734279755114115,1.018196617179033,4.0,4.0,1.4447304920800506,-0.5809570618968476,-0.17428711856905427,0.0,0.0,0.0,3.3729670980523596,0.5,,,4,2,2,2.782496929168701,-6,181,True,True,False,"A:1,B:1,ESTOP:0,MODE:1",DRIVE_RUN,,,,0,,,False,0,UNKNOWN,0.0,False,-9999.0,-1.0,-1.0,False,36.967665455,127.87364250833333,121.84700000000001,2,0.00014884000000000002,36.967665455,127.87364250833333,4.0,0.0122,1.0,1.0,0.0,0.0,5.904761349859133,-10.6770735139356,0.0,0.0,0.0,-0.4812218521475962,0.12394016325308695,0.8549743502433061,0.1486042575920073,-0.011257373675363426,-0.02139773662945048,0.026616271092913524,-8.5317855,1.4121575999999998,5.834956749999999
1789045860.183947,6.705,4.0,-6.483237688830885,4,0,191,3.2241290817833774,0.02319156052337893,-12.536656389737658,2.0,16.0,107.0,1.0,-0.2740412864391787,6.254455405379585,31.0,5.468171563467955,34.367224687641176,-10.6770735139356,0.10218789568979361,0.08256568343378667,0.0,-10.488288444017824,1.1252917448330217,0.007734279755114115,1.018196617179033,4.0,4.0,1.4447304920800506,-0.5946591262188066,-0.17839773786564198,0.0,0.0,0.0,3.3729670980523596,0.5,,,4,2,2,2.5109987258911133,-7,171,True,True,False,"A:1,B:1,ESTOP:0,MODE:1",DRIVE_RUN,,,,0,,,False,0,UNKNOWN,0.0,False,-9999.0,-1.0,-1.0,False,36.967665455,127.87364250833333,121.84700000000001,2,0.00014884000000000002,36.96766524532457,127.87364390567761,4.0,0.04796207160949707,1.0,0.0,0.07152414321899414,0.12645468521118164,5.904761349859133,-10.6770735139356,0.0,0.0,0.0,-0.4812108429784564,0.12351242065479151,0.8551194324043019,0.14816059823212688,0.021345376751890653,0.037646751965517686,0.019739673840055868,-8.835791649999999,-0.29419949999999995,7.296147599999999
1789045860.233903,6.755,4.0,-6.733090511054106,4,0,191,3.3484109665700674,-0.0001494020601384469,-12.532469093294623,2.0,16.0,107.0,1.0,-0.2757625432359816,6.172468263075556,31.0,5.468171563467955,34.240785507335595,-10.6770735139356,0.10218789568979361,1.7463138261630733,0.0,-10.488288444017824,1.1252917448330217,0.007734279755114115,1.018196617179033,4.0,4.0,1.4447304920800506,-0.6083611905407655,-0.18250835716222966,0.0,0.0,0.0,3.3729670980523596,0.5,,,4,2,2,2.7582848072052,-7,171,True,True,False,"A:1,B:1,ESTOP:0,MODE:1",DRIVE_RUN,,,,0,,,False,0,UNKNOWN,0.0,False,-9999.0,-1.0,-1.0,False,36.967665455,127.87364250833333,121.84700000000001,2,0.00014884000000000002,36.96766509997354,127.87364488238289,4.0,0.0729517957687378,1.0,0.0,0.12150359153747559,0.2148182918166503,5.904761349859133,-10.6770735139356,0.0,0.0,0.0,-0.48148125631854444,0.12316936684658783,0.8551968648457686,0.14711705965826996,-0.009093165402890457,-0.006318091892219472,0.03152064629101759,-8.325845849999999,-0.0588399,3.3931008999999994
1789045860.285037,6.806,4.0,-6.833736498347065,4,0,191,3.4352805913644606,-0.01632980479139391,-12.446323439044903,2.0,16.0,107.0,1.0,-0.2770580457694851,6.269322121554707,31.0,5.342076591679869,34.15243076872808,-10.6770735139356,0.10218789568979361,0.4954816352649022,0.0,-10.488288444017824,1.1252917448330217,0.007734279755114115,1.018196617179033,4.0,4.0,1.4447304920800506,-0.6221493177025647,-0.18664479531076938,0.0,0.0,0.0,3.3729670980523596,0.5,,,4,2,2,2.7048609256744385,-7,243,True,True,False,"A:1,B:1,ESTOP:0,MODE:1",DRIVE_RUN,,,,0,,,False,0,UNKNOWN,0.0,False,-9999.0,-1.0,-1.0,False,36.967665455,127.87364250833333,121.84700000000001,2,0.00014884000000000002,36.967664955426834,127.87364585888956,4.0,0.09793198318481446,1.0,0.0,0.1714639663696289,0.30314812866170743,5.904761349859133,-10.6770735139356,0.0,0.0,0.0,-0.4815205690626739,0.12280405705326584,0.8553937387622126,0.14614601201271454,0.004101523742186674,0.01619665545850738,0.006894050545377602,-8.9240515,0.20593965,5.75650355
1789045860.333862,6.855,4.0,-6.318572208044614,4,0,191,3.5637373457319175,-0.04081714683753594,-12.33300579227648,2.0,17.0,107.0,1.0,-0.2795265965819344,6.255225146556384,31.0,5.253964416349816,34.02168320356091,-10.673781279544901,0.08862710797500029,2.4776204484139934,0.0,-10.488288444017824,1.1252917448330217,0.007734279755114115,1.018196617179033,4.0,4.0,1.4447304920800506,-0.6360022199910389,-0.19080066599731166,0.0,0.0,0.0,3.3729670980523596,0.5,,,5,2,3,2.990211248397827,-8,171,True,True,False,"A:1,B:1,ESTOP:0,MODE:1",DRIVE_RUN,,,,0,,,False,0,UNKNOWN,0.0,False,-9999.0,-1.0,-1.0,False,36.96766488,127.87364632666667,121.828,2,0.00014884000000000002,36.96766477031109,127.87364705781404,4.0,0.030912043762207034,1.0,0.0,0.03742408752441406,0.06616578674316408,6.209884768217364,-10.673781279544901,0.0,0.0,0.0,-0.48151243260664384,0.12264501364344263,0.8555183450167418,0.14557588815956823,-0.017627825445142728,0.033178709080412205,0.03658210112180115,-8.149326149999998,1.8436502,2.22610955
1789045860.383833,6.905,4.0,-6.327301577386985,4,0,252,3.6287666833400287,-0.05302766068657436,-12.207727857081608,2.0,17.0,107.0,1.0,-0.2805259470617579,6.022926280775973,32.0,5.509804532883232,33.955525649542906,-10.673781279544901,0.08862710797500029,0.6802964483119911,0.0,-10.488288444017824,1.1252917448330217,0.007734279755114115,1.018196617179033,4.0,4.0,1.4447304920800506,-0.6499785498201356,-0.19499356494604067,0.0,0.0,0.0,3.3729670980523596,0.5,,,4,2,2,2.9212331771850586,-7,178,True,True,False,"A:1,B:1,ESTOP:0,MODE:1",DRIVE_RUN,,,,0,,,False,0,UNKNOWN,0.0,False,-9999.0,-1.0,-1.0,False,36.96766488,127.87364632666667,121.828,2,0.00014884000000000002,36.96766462454628,127.87364803411897,4.0,0.05589425773620606,1.0,0.0,0.08738851547241211,0.15450288100068782,6.209884768217364,-10.673781279544901,0.0,0.0,0.0,-0.48184299590142016,0.12229609946596112,0.8554819310259677,0.1449884721080864,0.002373647782712288,0.036023595761162965,0.00747000919853573,-9.483030549999999,0.0392266,6.1978028
1789045860.433802,6.955,4.0,-6.471150694931196,4,0,191,3.7156007005683094,-0.06925412491361614,-12.174126016370877,2.0,17.0,107.0,1.0,-0.2817538131765095,5.9501593884618185,32.0,5.44382940557466,33.86719839880008,-10.673781279544901,0.08862710797500029,1.4499534023735239,0.0,-10.488288444017824,1.1252917448330217,0.007734279755114115,1.018196617179033,4.0,4.0,1.4447304920800506,-0.6640048471732235,-0.19920145415196705,0.0,0.0,0.0,3.3729670980523596,0.5,,,4,2,2,2.9244184494018555,-7,180,True,True,False,"A:1,B:1,ESTOP:0,MODE:1",DRIVE_RUN,,,,0,,,False,0,UNKNOWN,0.0,False,-9999.0,-1.0,-1.0,False,36.96766488,127.87364632666667,121.828,2,0.00014884000000000002,36.96766447928941,127.87364901079317,4.0,0.08088267059326172,1.0,0.0,0.13736534118652344,0.2428618766611448,6.209884768217364,-10.673781279544901,0.0,0.0,0.0,-0.4825476420543447,0.12194727980620898,0.8552543905997824,0.14427945611019222,-0.008883725892651137,-0.0008028514559173916,0.0204378055408536,-8.070872949999998,1.4513842,4.30511935
1789045860.483829,7.005,4.0,-6.581875800504597,4,0,191,3.8024675611376884,-0.08542404567656854,-12.101828918972728,2.0,17.0,107.0,1.0,-0.28292037534164266,5.987860102191245,32.0,5.355748241941219,33.77884837993633,-10.673781279544901,0.08862710797500029,0.6157744305287511,0.0,-10.488288444017824,1.1252917448330217,0.007734279755114115,1.018196617179033,4.0,4.0,1.4447304920800506,-0.6780925378320489,-0.20342776134961468,0.0,0.0,0.0,3.3729670980523596,0.5,,,4,2,2,2.988086700439453,-8,170,True,True,False,"A:1,B:1,ESTOP:0,MODE:1",DRIVE_RUN,,,,0,,,False,0,UNKNOWN,0.0,False,-9999.0,-1.0,-1.0,False,36.96766488,127.87364632666667,121.828,2,0.00014884000000000002,36.967664334435625,127.87364998861678,4.0,0.105897190284729,1.0,0.0,0.187394380569458,0.3313131555471793,6.209884768217364,-10.673781279544901,0.0,0.0,0.0,-0.482553787710233,0.12144701887220681,0.855457544426426,0.1434742250631468,0.000767944870877505,-0.0020943951023931952,0.007976154681614086,-8.60043205,0.18632634999999997,4.6679654
1789045860.533919,7.055,4.0,-5.9718580480444565,4,0,192,3.930324527970607,-0.10445478919843784,-11.958359828985465,2.0,18.0,107.0,1.0,-0.279973321583289,5.988600393177271,32.0,5.267649014691736,33.649614214568174,-9.848109385338693,0.11268597668170202,2.8407917566117336,0.0,-10.488288444017824,1.1252917448330217,0.007734279755114115,1.018196617179033,4.0,4.0,1.4447304920800506,-0.692238556599131,-0.2076715669797393,0.0,0.0,0.0,3.3729670980523596,0.5,,,4,2,2,2.876389503479004,-7,170,True,True,False,"A:1,B:1,ESTOP:0,MODE:1",DRIVE_RUN,,,,0,,,False,0,UNKNOWN,0.0,False,-9999.0,-1.0,-1.0,False,36.96766430833333,127.87365044833334,121.862,2,0.00014884000000000002,36.9676642110162,127.87365115194982,4.0,0.030161382865905764,1.0,0.0,0.03592276573181152,0.06351144981384277,6.701044696663025,-9.848109385338693,0.0,0.0,0.0,-0.48257015925915675,0.12060346385027067,0.8556588762962873,0.1429291198996317,-0.03242821750205464,0.01223475805648025,0.026249751949994717,-9.1005712,0.44129925,6.0997363
1789045860.583785,7.105,4.0,-5.945186828599057,4,0,191,3.9929052273444583,-0.11528808299041776,-11.816172725751954,2.0,18.0,107.0,1.0,-0.2801143782454508,5.6544366899757765,33.0,5.533750252399712,33.586102845239296,-9.848109385338693,0.11268597668170202,2.7204357993146675,0.0,-10.488288444017824,1.1252917448330217,0.007734279755114115,1.018196617179033,4.0,4.0,1.4447304920800506,-0.7062372226782955,-0.21187116680348864,0.0,0.0,0.0,3.3729670980523596,1.6541518009584788,,,4,2,2,3.0369839668273926,-7,189,True,True,False,"A:1,B:1,ESTOP:0,MODE:1",DRIVE_RUN,,,,0,,,False,0,UNKNOWN,0.0,False,-9999.0,-1.0,-1.0,False,36.96766430833333,127.87365044833334,121.862,2,0.00014884000000000002,36.96766407616929,127.87365213118568,4.0,0.055155398559570315,1.0,0.0,0.08591079711914062,0.15189027936120458,6.701044696663025,-9.848109385338693,0.0,0.0,0.0,-0.48256732817365705,0.12002356948805266,0.8558513948178273,0.1422726485838512,-0.03717551306747922,0.031939525311496235,0.010489428804485921,-9.05153795,-0.1372931,4.44241245
1789045860.633795,7.155,4.0,-5.966458733599509,4,0,199,4.079999926032359,-0.13029917200980715,-11.680841827102967,2.0,18.0,107.0,1.0,-0.28024582575040774,5.553058685098162,33.0,5.470359817261467,33.49772403774008,-9.848109385338693,0.11268597668170202,2.730981317238994,0.0,-10.488288444017824,1.1252917448330217,0.007734279755114115,1.018196617179033,4.0,4.0,1.4447304920800506,-0.720242941590568,-0.2160728824771704,0.0,0.0,0.0,3.3729670980523596,1.6541518009584788,,,4,2,2,2.967160940170288,-7,170,True,True,False,"A:1,B:1,ESTOP:0,MODE:1",DRIVE_RUN,,,,0,,,False,0,UNKNOWN,0.0,False,-9999.0,-1.0,-1.0,False,36.96766430833333,127.87365044833334,121.862,2,0.00014884000000000002,36.967663941896255,127.87365311135771,4.0,0.08016956062316895,1.0,0.0,0.1359391212463379,0.24034031760633742,6.701044696663025,-9.848109385338693,0.0,0.0,0.0,-0.4820330154885573,0.11991888708533514,0.8563360928705969,0.14125200368965837,-0.030752701420140086,0.018552849948699723,0.024364796357840838,-8.5317855,0.7256921,5.38385085
1789045860.683962,7.205,4.0,-5.987717635422422,4,0,191,4.167177888941217,-0.1452463781307664,-11.543896361403057,2.0,19.0,107.0,1.0,-0.2803002821869164,5.475425978999823,33.0,5.382150055818133,33.40927396037426,-9.848109385338693,0.11268597668170202,1.8210653353962216,0.0,-10.488288444017824,1.1252917448330217,0.007734279755114115,1.018196617179033,4.0,4.0,1.4447304920800506,-0.7342552328780884,-0.2202765698634265,0.0,0.0,0.0,3.3729670980523596,1.6541518009584788,,,4,2,2,3.2449052333831787,-7,172,True,True,False,"A:1,B:1,ESTOP:0,MODE:1",DRIVE_RUN,,,,0,,,False,0,UNKNOWN,0.0,False,-9999.0,-1.0,-1.0,False,36.96766430833333,127.87365044833334,121.862,2,0.00014884000000000002,36.96766380863767,127.8736540908572,4.0,0.10516166896820069,1.0,0.0,0.18592333793640137,0.3287122973300396,6.701044696663025,-9.848109385338693,0.0,0.0,0.0,-0.4823792044269037,0.1195430464701446,0.8563245687605562,0.14045638509570102,-0.014398966328953218,0.015585790220309363,0.021432643214490368,-8.306232549999999,-0.30400615,3.26561445
1789045860.733814,7.255,4.0,-5.54991731347576,4,0,194,4.307584688859643,-0.16753583366383404,-11.350171709558111,2.0,19.0,107.0,1.0,-0.27882022279472146,5.39731751198643,33.0,5.293869988321622,33.26711990230933,-9.4925162330189,0.10256900641920766,-0.36445435947826227,0.0,-10.488288444017824,1.1252917448330217,0.007734279755114115,1.018196617179033,4.0,4.0,1.4447304920800506,-0.7482702469874342,-0.22448107409623025,0.0,0.0,0.0,3.3729670980523596,1.6541518009584788,,,5,3,2,3.3380239009857178,-7,171,True,True,False,"A:1,B:1,ESTOP:0,MODE:1",DRIVE_RUN,,,,0,,,False,0,UNKNOWN,0.0,False,-9999.0,-1.0,-1.0,False,36.96766374166667,127.87365469,121.86099999999999,2,0.00014884000000000002,36.967663645641935,127.87365541011135,4.0,0.0305635950088501,1.0,0.0,0.036727190017700195,0.06493367195129394,6.780181076691839,-9.4925162330189,0.0,0.0,0.0,-0.4823610420515236,0.11919949617732425,0.8565267907007789,0.13957493340089566,0.02366666465704311,-0.019931660057775243,0.016458454846306526,-8.404299049999999,-1.0787315,5.099458
1789045860.783839,7.305,4.0,-5.675358045625086,4,0,191,4.371632467481268,-0.17822525824869995,-11.368490426576528,2.0,19.0,107.0,1.0,-0.2787798066782726,5.1896585837689395,34.0,5.541034607708953,33.2021868890469,-9.4925162330189,0.10256900641920766,0.40621567466057146,0.0,-10.488288444017824,1.1252917448330217,0.007734279755114115,1.018196617179033,4.0,4.0,1.4447304920800506,-0.7622112581271703,-0.22866337743815107,0.0,0.0,0.0,3.3729670980523596,1.6979032696919425,,,4,2,2,3.2926368713378906,-8,171,True,True,False,"A:1,B:1,ESTOP:0,MODE:1",DRIVE_RUN,,,,0,,,False,0,UNKNOWN,0.0,False,-9999.0,-1.0,-1.0,False,36.96766374166667,127.87365469,121.86099999999999,2,0.00014884000000000002,36.967663515241675,127.8736563908475,4.0,0.05557143898010254,1.0,0.0,0.08674287796020508,0.15336140410881158,6.780181076691839,-9.4925162330189,0.0,0.0,0.0,-0.4825380409709435,0.1190022272052162,0.8566149179484847,0.1385871252470186,0.0041887902047863905,-0.0027925268031909274,0.006684611035138282,-8.54159215,0.9120184499999999,5.10926465
1789045860.833795,7.355,4.0,-5.803450242012678,4,0,240,4.458860603538799,-0.19274134873324658,-11.348336267634892,2.0,19.0,107.0,1.0,-0.2786832598965738,5.247258971345593,34.0,5.476210854990833,33.11376025090528,-9.4925162330189,0.10256900641920766,1.51006738079405,0.0,-10.488288444017824,1.1252917448330217,0.007734279755114115,1.018196617179033,4.0,4.0,1.4447304920800506,-0.7761502484610839,-0.23284507453832518,0.0,0.0,0.0,3.3729670980523596,1.6979032696919425,,,4,2,2,3.365222930908203,-8,170,True,True,False,"A:1,B:1,ESTOP:0,MODE:1",DRIVE_RUN,,,,0,,,False,0,UNKNOWN,0.0,False,-9999.0,-1.0,-1.0,False,36.96766374166667,127.87365469,121.86099999999999,2,0.00014884000000000002,36.967663385463794,127.87365737076658,4.0,0.08055579872131348,1.0,0.0,0.13671159744262695,0.2417060805049407,6.780181076691839,-9.4925162330189,0.0,0.0,0.0,-0.482856494283472,0.11863521520965009,0.8566600988255687,0.137509151406741,-0.01022762941668677,0.008045967851693859,0.018867009214058702,-9.384964049999999,0.34323275000000003,5.10926465
1789045860.883812,7.405,4.0,-5.880228377094065,4,0,192,4.546016068411422,-0.2071881563497279,-11.27265151642871,2.0,20.0,107.0,1.0,-0.27853039038042193,5.281678656017086,34.0,5.387934606964163,33.02541695862032,-9.4925162330189,0.10256900641920766,2.413391041728131,0.0,-10.488288444017824,1.1252917448330217,0.007734279755114115,1.018196617179033,4.0,4.0,1.4447304920800506,-0.7900844114559126,-0.23702532343677377,0.0,0.0,0.0,3.3729670980523596,1.6979032696919425,,,4,2,2,3.430258274078369,-7,176,True,True,False,"A:1,B:1,ESTOP:0,MODE:1",DRIVE_RUN,,,,0,,,False,0,UNKNOWN,0.0,False,-9999.0,-1.0,-1.0,False,36.96766374166667,127.87365469,121.86099999999999,2,0.00014884000000000002,36.96766325639083,127.87365835124938,4.0,0.10555052967071533,1.0,0.0,0.18670105934143066,0.3300873763397268,6.780181076691839,-9.4925162330189,0.0,0.0,0.0,-0.4825358130400161,0.11810933542577273,0.8570800160886264,0.13646691921712378,-0.03022910264454179,-0.021537362969610025,0.019896753472735354,-8.34545915,0.44129925,4.46202575
1789045860.933828,7.455,4.0,-5.438463271438628,4,0,192,4.690033104189659,-0.23803817812948952,-11.11091038801601,2.0,20.0,107.0,1.0,-0.2838062898630342,5.261723124706616,34.0,5.29974293640088,32.87825778323503,-10.44491133431095,0.041387009105888245,1.8502141811091988,0.0,-10.488288444017824,1.1252917448330217,0.007734279755114115,1.018196617179033,4.0,4.0,1.4447304920800506,-0.8040109309749337,-0.2412032792924801,0.0,0.0,0.0,3.3729670980523596,1.6979032696919425,,,4,2,2,3.285274028778076,-7,172,True,True,False,"A:1,B:1,ESTOP:0,MODE:1",DRIVE_RUN,,,,0,,,False,0,UNKNOWN,0.0,False,-9999.0,-1.0,-1.0,False,36.96766310833333,127.87365899,121.868,2,0.00014884000000000002,36.967662997579026,127.8736597436956,4.0,0.03147578449249268,1.0,0.0,0.03855156898498535,0.0681591739654541,6.987873444359286,-10.44491133431095,0.0,0.0,0.0,-0.48241254416732104,0.11762158459178437,0.8573573549487709,0.13557900273780416,-0.017016960206944712,-0.007609635538695277,0.02125811028929093,-8.24739265,1.9809433,5.07003805
1789045860.983822,7.505,4.0,-5.470278161428293,4,0,192,4.757067915483791,-0.2503672911944447,-11.017883209299981,2.0,20.0,107.0,1.0,-0.28402247975628286,5.047936488838293,35.0,5.552546503199596,32.81010366105688,-10.44491133431095,0.041387009105888245,1.283324766495021,0.0,-10.488288444017824,1.1252917448330217,0.007734279755114115,1.018196617179033,4.0,4.0,1.4447304920800506,-0.8182012454680854,-0.2454603736404256,0.0,0.0,0.0,3.3729670980523596,1.8144963415818882,,,5,2,3,3.622849941253662,-8,171,True,True,False,"A:1,B:1,ESTOP:0,MODE:1",DRIVE_RUN,,,,0,,,False,0,UNKNOWN,0.0,False,-9999.0,-1.0,-1.0,False,36.96766310833333,127.87365899,121.868,2,0.00014884000000000002,36.967662854760306,127.8736607206342,4.0,0.056456806373596194,1.0,0.0,0.08851361274719238,0.1564920511209494,6.987873444359286,-10.44491133431095,0.0,0.0,0.0,-0.48279670435363686,0.11693327979651322,0.857350388500039,0.13484903292248546,-0.005567600313861911,-0.0005061454830783556,0.02035053907825388,-9.46341725,-0.30400615,3.59904055
1789045861.033817,7.555,4.0,-5.5672969685679305,4,0,192,4.843958292820708,-0.2662657984257383,-10.95397924714544,2.0,21.0,107.0,1.0,-0.28422155559113943,5.009021428227568,35.0,5.484586884167585,32.72177639098892,-10.44491133431095,0.041387009105888245,2.0315003563211205,0.0,-10.488288444017824,1.1252917448330217,0.007734279755114115,1.018196617179033,4.0,4.0,1.4447304920800506,-0.8324023694558995,-0.24972071083676983,0.0,0.0,0.0,3.3729670980523596,1.8144963415818882,,,4,2,2,3.5504190921783447,-8,440,True,True,False,"A:1,B:1,ESTOP:0,MODE:1",DRIVE_RUN,,,,0,,,False,0,UNKNOWN,0.0,False,-9999.0,-1.0,-1.0,False,36.96766310833333,127.87365899,121.868,2,0.00014884000000000002,36.96766271262189,127.87366169837371,4.0,0.08145380229949951,1.0,0.0,0.13850760459899902,0.2448813743244146,6.987873444359286,-10.44491133431095,0.0,0.0,0.0,-0.4827554884546046,0.11640880734366812,0.8575902973923262,0.13392165530011357,-0.022444934180647077,-0.01520181778487061,0.01918116847941768,-9.1005712,0.9120184499999999,5.6780503499999995
1789045861.083782,7.605,4.0,-5.630523243778752,4,0,192,4.930919902984936,-0.2820885747806956,-10.852340392338334,2.0,21.0,107.0,1.0,-0.28434366016692525,5.016414776651552,35.0,5.39651379334602,32.63339172659723,-10.44491133431095,0.041387009105888245,1.5530761829398316,0.0,-10.488288444017824,1.1252917448330217,0.007734279755114115,1.018196617179033,4.0,4.0,1.4447304920800506,-0.8466134472354565,-0.2539840341706369,0.0,0.0,0.0,3.3729670980523596,1.8144963415818882,,,4,2,2,3.5970847606658936,-8,172,True,True,False,"A:1,B:1,ESTOP:0,MODE:1",DRIVE_RUN,,,,0,,,False,0,UNKNOWN,0.0,False,-9999.0,-1.0,-1.0,False,36.96766310833333,127.87365899,121.868,2,0.00014884000000000002,36.96766257142713,127.87366267639963,4.0,0.1064525863647461,1.0,0.0,0.1885051727294922,0.3332769305247119,6.987873444359286,-10.44491133431095,0.0,0.0,0.0,-0.48273521880929565,0.1158621157425809,0.8577944544547835,0.13315912497239774,-0.0053058009260627615,0.005148721293383272,0.02965314399138366,-9.1397978,0.5491724,5.0406181
1789045861.133812,7.655,4.0,-5.0869887005526575,4,0,192,5.092196883614748,-0.3014902875948987,-10.680282415945356,2.0,21.0,107.0,1.0,-0.2847594967409001,4.98754725149594,35.0,5.308386213759763,32.471155267036636,-8.966032920930214,0.09431537357040583,1.4497845737196682,0.0,-10.488288444017824,1.1252917448330217,0.007734279755114115,1.018196617179033,4.0,4.0,1.4447304920800506,-0.8608306302438028,-0.2582491890731408,0.0,0.0,0.0,3.3729670980523596,1.8144963415818882,,,4,2,2,3.4458014965057373,-8,170,True,True,False,"A:1,B:1,ESTOP:0,MODE:1",DRIVE_RUN,,,,0,,,False,0,UNKNOWN,0.0,False,-9999.0,-1.0,-1.0,False,36.967662538333336,127.87366351166666,121.864,2,0.00014884000000000002,36.96766245664344,127.87366416030305,4.0,0.028716685485839846,1.0,0.0,0.03303337097167969,0.05840299987792969,7.098763050570773,-8.966032920930214,0.0,0.0,0.0,-0.4825851446820381,0.1160019344952569,0.8580505468013588,0.1319256929466872,-0.015481070465189704,-0.0018500490071139892,0.008779006137531478,-8.6886919,0.34323275000000003,6.3350959
1789045861.183816,7.705,4.0,-5.1037084425990535,4,0,192,5.149887571616274,-0.31058396538901334,-10.607863078817246,2.0,21.0,107.0,1.0,-0.2872059150324088,4.632075882230573,36.0,5.5343577507500665,32.41275763787739,-8.966032920930214,0.09431537357040583,3.0028530420403157,0.0,-10.488288444017824,1.1252917448330217,0.007734279755114115,1.018196617179033,4.0,4.0,1.4447304920800506,-0.8750686050808478,-0.26252058152425434,0.0,0.0,0.0,3.3729670980523596,1.877795287051496,,,4,2,2,3.395192861557007,-8,171,True,True,False,"A:1,B:1,ESTOP:0,MODE:1",DRIVE_RUN,,,,0,,,False,0,UNKNOWN,0.0,False,-9999.0,-1.0,-1.0,False,36.967662538333336,127.87366351166666,121.864,2,0.00014884000000000002,36.967662332393125,127.87366515241729,4.0,0.05397618026733399,1.0,0.0,0.08355236053466797,0.14772056040444562,7.098763050570773,-8.966032920930214,0.0,0.0,0.0,-0.4828463108111064,0.11578319580396432,0.8580643066872445,0.1310699709882617,-0.03577924966588375,-0.0024260076602721182,0.028256880589788196,-8.590625399999999,0.63743225,5.3740442
1789045861.233813,7.755,4.0,-5.085901778903427,4,0,191,5.23812769209446,-0.3244154469797018,-10.457755650764256,2.0,22.0,107.0,1.0,-0.29087066611524093,4.5906738230717385,36.0,5.476030837783171,32.32344939447316,-8.966032920930214,0.09431537357040583,2.3175595824483937,0.0,-10.488288444017824,1.1252917448330217,0.007734279755114115,1.018196617179033,4.0,4.0,1.4447304920800506,-0.8894289008324683,-0.2668286702497405,0.0,0.0,0.0,3.3729670980523596,1.877795287051496,,,5,2,3,3.385845422744751,-7,172,True,True,False,"A:1,B:1,ESTOP:0,MODE:1",DRIVE_RUN,,,,0,,,False,0,UNKNOWN,0.0,False,-9999.0,-1.0,-1.0,False,36.967662538333336,127.87366351166666,121.864,2,0.00014884000000000002,36.96766221167972,127.87366612455342,4.0,0.07872200222015381,1.0,0.0,0.13304400444030762,0.23522171291139174,7.098763050570773,-8.966032920930214,0.0,0.0,0.0,-0.4833349624549896,0.11521933627772836,0.8579923217607033,0.13023438261853587,-0.024364796357840838,0.00012217304763960306,0.023719024534602937,-8.747531799999999,1.0395048999999998,4.9131316499999995
1789045861.283793,7.805,4.0,-5.09987825849371,4,0,191,5.324590930310183,-0.3378532014156949,-10.341902094319238,2.5,22.0,107.0,1.0,-0.2930986274102159,4.488486481137509,36.0,5.386828850796063,32.235959082349865,-8.966032920930214,0.09431537357040583,3.934486164201421,0.0,-10.488288444017824,1.1252917448330217,0.007734279755114115,1.018196617179033,4.0,4.0,1.4447304920800506,-0.9039724341382304,-0.2711917302414691,0.0,0.0,0.0,3.3729670980523596,1.877795287051496,,,5,2,3,3.402043104171753,-7,170,True,True,False,"A:1,B:1,ESTOP:0,MODE:1",DRIVE_RUN,,,,0,,,False,0,UNKNOWN,0.0,False,-9999.0,-1.0,-1.0,False,36.967662538333336,127.87366351166666,121.864,2,0.00014884000000000002,36.96766206025496,127.87366735216142,4.0,0.10371721000671387,1.0,0.0,0.18303442001342773,0.3457003753511768,7.098763050570773,-8.966032920930214,0.0,0.0,0.0,-0.4836087062467019,0.11455660599597858,0.8580604907767369,0.12935067619869117,-0.06030112565640409,0.004153883619746504,0.016807520696705394,-9.42419065,0.73549875,5.3348176
1789045861.333857,7.855,4.0,-4.586896490299932,4,0,191,5.505774821798848,-0.36494239785128035,-10.064053918080731,2.5,22.0,107.0,1.0,-0.29293086451867917,4.41991392992812,36.0,5.299438776789395,32.05280422562419,-8.722441517346848,0.08097302884861933,5.45538596025007,0.0,-10.488288444017824,1.1252917448330217,0.007734279755114115,1.018196617179033,4.0,4.0,1.4447304920800506,-0.9186273655087411,-0.2755882096526223,0.0,0.0,0.0,3.3729670980523596,1.877795287051496,,,5,3,2,3.5036494731903076,-8,257,True,True,False,"A:1,B:1,ESTOP:0,MODE:1",DRIVE_RUN,,,,0,,,False,0,UNKNOWN,0.0,False,-9999.0,-1.0,-1.0,False,36.96766196833333,127.87366816166667,121.874,2,0.00014884000000000002,36.96766183605144,127.87366924724286,4.0,0.03429711074829102,1.0,0.0,0.04419422149658203,0.0976692295074463,7.536823540402614,-8.722441517346848,0.0,0.0,0.0,-0.4837042383433405,0.1142200359130682,0.858238500398577,0.12810413591413983,-0.07840018999958528,-0.004084070449666731,0.04021238596594935,-7.75706015,0.83356525,3.59904055
1789045861.383864,7.905,4.0,-4.44291783520955,4,0,191,5.602327587485341,-0.3796679505240358,-9.789528981953026,2.5,23.0,107.0,1.0,-0.2931279786830216,4.0673013227782,37.0,5.517735869054618,31.955152263541066,-8.722441517346848,0.08097302884861933,2.8431051742324724,0.0,-10.488288444017824,1.1252917448330217,0.007734279755114115,1.018196617179033,4.0,4.0,1.4447304920800506,-0.9332739087346751,-0.27998217262040254,0.0,0.0,0.0,3.3729670980523596,2.134989245760911,,,6,3,3,3.5751278400421143,-8,352,True,True,False,"A:1,B:1,ESTOP:0,MODE:1",DRIVE_RUN,,,,0,,,False,0,UNKNOWN,0.0,False,-9999.0,-1.0,-1.0,False,36.96766196833333,127.87366816166667,121.874,2,0.00014884000000000002,36.967661687809425,127.87367047529148,4.0,0.059288980674743655,1.0,0.0,0.0941779613494873,0.20813324411346848,7.536823540402614,-8.722441517346848,0.0,0.0,0.0,-0.4837589043306669,0.11378145786777709,0.858438287202535,0.12694411916687576,-0.03700098014227979,-0.0020420352248333657,0.02028072590817411,-8.433719,1.14737805,4.1089863499999995
1789045861.433821,7.955,4.0,-4.444004286575338,4,0,192,5.711552063680937,-0.39617017625887296,-9.647975110959266,2.5,23.0,107.0,1.0,-0.29259460233959794,3.8409572258878373,37.0,5.420174964707568,31.844710876921646,-8.722441517346848,0.08097302884861933,1.5653014973006472,0.0,-10.488288444017824,1.1252917448330217,0.007734279755114115,1.018196617179033,4.0,4.0,1.4447304920800506,-0.9479303076688261,-0.28437909230064784,0.0,0.0,0.0,3.3729670980523596,2.134989245760911,,,4,2,2,3.4336788654327393,-8,171,True,True,False,"A:1,B:1,ESTOP:0,MODE:1",DRIVE_RUN,,,,0,,,False,0,UNKNOWN,0.0,False,-9999.0,-1.0,-1.0,False,36.96766196833333,127.87366816166667,121.874,2,0.00014884000000000002,36.96766154072972,127.8736717061228,4.0,0.08433187217712403,1.0,0.0,0.14426374435424805,0.3188226583694769,7.536823540402614,-8.722441517346848,0.0,0.0,0.0,-0.48376144119973014,0.1130123087768358,0.8586718047413683,0.126038953563931,-0.0016406094968746698,-0.012252211349000192,0.039252454877352475,-7.79628675,0.9512450499999999,5.3348176
1789045861.483826,8.005,4.0,-4.511491307698859,4,0,192,5.8210240384980665,-0.41254301391213893,-9.570020610603393,2.0,23.0,107.0,1.0,-0.29168224447797797,3.754368129136483,37.0,5.3098308503189315,31.734047662272285,-8.722441517346848,0.08097302884861933,1.831567429422711,0.0,-10.488288444017824,1.1252917448330217,0.007734279755114115,1.018196617179033,4.0,4.0,1.4447304920800506,-0.962560037785806,-0.2887680113357418,0.0,0.0,0.0,3.3729670980523596,2.134989245760911,,,4,2,2,3.4276442527770996,-8,272,True,True,False,"A:1,B:1,ESTOP:0,MODE:1",DRIVE_RUN,,,,0,,,False,0,UNKNOWN,0.0,False,-9999.0,-1.0,-1.0,False,36.96766196833333,127.87366816166667,121.874,2,0.00014884000000000002,36.96766142446684,127.87367268872013,4.0,0.10931682796478272,1.0,0.0,0.19423365592956543,0.4071691834689124,7.536823540402614,-8.722441517346848,0.0,0.0,0.0,-0.48403568620176224,0.11254138259398566,0.8587261238289278,0.1250333393170322,-0.016441001553786583,0.015254177662430441,0.018203784098300854,-8.4533323,0.8041453,4.85429175
1789045861.533811,8.055,4.0,-3.9615293373486873,4,0,192,5.932693982979897,-0.4244983252120397,-9.39685119138187,2.0,24.0,107.0,1.0,-0.28606346526751397,3.7320154772359717,37.0,5.199258773532706,31.621967970130427,-7.941604010568326,0.08142083000175404,1.7191954126942726,0.0,-10.488288444017824,1.1252917448330217,0.007734279755114115,1.018196617179033,4.0,4.0,1.4447304920800506,-0.9771441500097049,-0.29314324500291145,0.0,0.0,0.0,3.3729670980523596,2.134989245760911,,,6,3,3,3.1720526218414307,-7,335,True,True,False,"A:1,B:1,ESTOP:0,MODE:1",DRIVE_RUN,,,,0,,,False,0,UNKNOWN,0.0,False,-9999.0,-1.0,-1.0,False,36.96766143333333,127.87367296166667,121.85900000000001,2,0.00014884000000000002,36.96766133702639,127.87367382991854,4.0,0.0342487117767334,1.0,0.0,0.0440974235534668,0.0779642448425293,7.862257644412518,-7.941604010568326,0.0,0.0,0.0,-0.48425651319780494,0.1119640004946212,0.8588320445708764,0.12396455637379955,-0.00890117918517108,-1.7453292519943296e-05,0.029949849964222695,-9.26728425,0.5883989999999999,7.256920999999999
1789045861.583796,8.105,4.0,-3.9599863792991035,4,0,194,6.009917600017389,-0.43521916485388507,-9.311141534482545,3.0,24.0,107.0,1.0,-0.2837860476176851,3.3670397130572236,38.0,5.482296718430606,31.544045266339637,-7.941604010568326,0.08142083000175404,3.1832050356393746,0.0,-10.488288444017824,1.1252917448330217,0.007734279755114115,1.018196617179033,4.0,4.0,1.4447304920800506,-0.9914473232730806,-0.2974341969819242,0.0,0.0,0.0,3.3729670980523596,2.3334318192236085,,,6,3,3,3.0516042709350586,-7,184,True,True,False,"A:1,B:1,ESTOP:0,MODE:1",DRIVE_RUN,,,,0,,,False,0,UNKNOWN,0.0,False,-9999.0,-1.0,-1.0,False,36.96766143333333,127.87367296166667,121.85900000000001,2,0.00014884000000000002,36.967661175471484,127.87367530665747,4.0,0.0592428466796875,1.0,0.0,0.094085693359375,0.21053305072989967,7.862257644412518,-7.941604010568326,0.0,0.0,0.0,-0.48394775251335287,0.11120949883403615,0.8592599310943633,0.12287957935339479,-0.030962140930379408,-0.03562217003320427,0.04831071369520304,-7.4726672999999995,0.57859235,5.1975245
1789045861.633901,8.155,4.0,-3.9353306411684583,4,0,192,6.141260963659993,-0.4532033749607325,-9.151979916617165,3.0,24.0,107.0,1.0,-0.2766412891026984,3.3083591983582106,38.0,5.404374771840692,31.41155584171922,-7.941604010568326,0.08142083000175404,3.245559265387024,0.0,-10.488288444017824,1.1252917448330217,0.007734279755114115,1.018196617179033,4.0,4.0,1.4447304920800506,-1.0056366256539648,-0.30169098769618946,0.0,0.0,0.0,3.3729670980523596,2.3334318192236085,,,6,3,3,3.1182637214660645,-7,174,True,True,False,"A:1,B:1,ESTOP:0,MODE:1",DRIVE_RUN,,,,0,,,False,0,UNKNOWN,0.0,False,-9999.0,-1.0,-1.0,False,36.96766143333333,127.87367296166667,121.85900000000001,2,0.00014884000000000002,36.967661016203365,127.87367678376397,4.0,0.08423662395477295,1.0,0.0,0.1440732479095459,0.343099764564344,7.862257644412518,-7.941604010568326,0.0,0.0,0.0,-0.48415907770148997,0.11075796084256344,0.8593609930704353,0.12174294713959713,-0.03745476574779831,0.02982767691658309,0.0291469985083053,-8.18855275,1.9122967499999999,3.61865385
1789045861.683854,8.205,4.0,-3.446567583523561,4,0,192,6.272637018971542,-0.47093302083329447,-8.988683785165108,3.0,24.0,107.0,1.0,-0.2692403733150179,3.1943021077040417,38.0,5.2718724908909795,31.279078176225383,-7.941604010568326,0.08142083000175404,3.621310579534509,0.0,-10.488288444017824,1.1252917448330217,0.007734279755114115,1.018196617179033,4.0,4.0,1.4447304920800506,-1.0194686901090997,-0.3058406070327299,0.0,0.0,0.0,3.3729670980523596,2.3334318192236085,,,6,3,3,2.904764413833618,-6,187,True,True,False,"A:1,B:1,ESTOP:0,MODE:1",DRIVE_RUN,,,,0,,,False,0,UNKNOWN,0.0,False,-9999.0,-1.0,-1.0,False,36.96766143333333,127.87367296166667,121.85900000000001,2,0.00014884000000000002,36.96766085842134,127.87367826311413,4.0,0.10926354141235352,1.0,0.0,0.19412708282470703,0.47584209001339584,7.862257644412518,-7.941604010568326,0.0,0.0,0.0,-0.48491032046704013,0.10963153909293266,0.8591833740027239,0.12102411568758746,-0.04822344723260332,-0.0031066860685499066,0.028274333882308142,-8.38468575,1.6475172,5.89379665
1789045861.733849,8.255,4.0,-2.8877904910575616,4,0,192,6.377549678270302,-0.46067715994489983,-8.590669744752773,3.0,25.0,107.0,1.0,-0.23985262773453767,2.8474653204790545,39.0,5.542285911044226,31.177451552363845,-4.649468354339823,0.21696077154126386,2.3752615607254457,0.0,-10.488288444017824,1.1252917448330217,0.007734279755114115,1.018196617179033,4.0,4.0,1.4447304920800506,-1.0329307087748505,-0.30987921263245516,0.0,0.0,0.0,3.3729670980523596,2.3334318192236085,,,6,3,3,3.023207426071167,-6,176,True,True,False,"A:1,B:1,ESTOP:0,MODE:1",DRIVE_RUN,,,,0,,,False,0,UNKNOWN,0.0,False,-9999.0,-1.0,-1.0,False,36.96766110833333,127.87367796333334,121.86699999999999,2,0.00014884000000000002,36.96766102852688,127.87367919571258,4.0,0.03293323726654053,1.0,0.0,0.041466474533081055,0.10996909046173095,7.838179014885228,-4.649468354339823,0.0,0.0,0.0,-0.48470464648905565,0.10925153467571846,0.8595280094369563,0.11973766673968264,-0.029635690698863716,0.021153390534171274,0.013212142437597075,-9.77723005,1.0493115499999999,4.746418599999999
1789045861.783870,8.305,4.0,-2.783975113610671,4,0,226,6.487159327165909,-0.46956117385280416,-8.471676293237863,3.0,25.0,107.0,1.0,-0.2304881450955542,2.2238066289064475,39.0,5.439114665368817,31.067938637279077,-4.649468354339823,0.21696077154126386,1.7741618476388632,0.0,-10.488288444017824,1.1252917448330217,0.007734279755114115,1.018196617179033,4.0,4.0,1.4447304920800506,-1.0449233401615774,-0.31347700204847323,0.0,0.0,0.0,3.3729670980523596,2.318533855591652,,,6,3,3,3.0504119396209717,-6,171,True,True,False,"A:1,B:1,ESTOP:0,MODE:1",DRIVE_RUN,,,,0,,,False,0,UNKNOWN,0.0,False,-9999.0,-1.0,-1.0,False,36.96766110833333,127.87367796333334,121.86699999999999,2,0.00014884000000000002,36.96766093344156,127.87368068142906,4.0,0.05792665691375733,1.0,0.0,0.09145331382751465,0.24253416154042073,7.838179014885228,-4.649468354339823,0.0,0.0,0.0,-0.4848955831839826,0.10886113927457369,0.8596183198722436,0.11866705484054271,-0.009459684545809267,0.02775073510670984,0.026773350725593014,-8.44352565,0.3334261,4.8052585
1789045861.833822,8.355,4.0,-2.7040966145748984,4,0,192,6.6193011676013676,-0.4801460231651591,-8.383038502316907,3.0,25.0,107.0,1.0,-0.21907492535116352,2.0690559543135723,39.0,5.329196917040947,30.93593925377599,-4.649468354339823,0.21696077154126386,2.7386560450456905,0.0,-10.488288444017824,1.1252917448330217,0.007734279755114115,1.018196617179033,4.0,4.0,1.4447304920800506,-1.0564477474163552,-0.3169343242249065,0.0,0.0,0.0,3.3729670980523596,2.318533855591652,,,6,3,3,3.149981737136841,-6,255,True,True,False,"A:1,B:1,ESTOP:0,MODE:1",DRIVE_RUN,,,,0,,,False,0,UNKNOWN,0.0,False,-9999.0,-1.0,-1.0,False,36.96766110833333,127.87367796333334,121.86699999999999,2,0.00014884000000000002,36.967660839645724,127.87368216610444,4.0,0.0829005262374878,1.0,0.0,0.14140105247497559,0.3749954741216674,7.838179014885228,-4.649468354339823,0.0,0.0,0.0,-0.48515695695509614,0.1080089567143323,0.8596729742287563,0.11797953114094203,-0.03851941659151485,-0.004782202150464463,0.014224433403753785,-7.992419749999999,-1.1866046499999998,4.707191999999999
1789045861.883855,8.405,4.0,-2.397541187207039,4,0,194,6.751350410922638,-0.49058732756914764,-8.246331097190534,3.0,26.0,107.0,1.0,-0.20778541499399392,1.933925243654702,39.0,5.196700617007121,30.804060646747036,-4.649468354339823,0.21696077154126386,1.7983493913505622,0.0,-10.488288444017824,1.1252917448330217,0.007734279755114115,1.018196617179033,4.0,4.0,1.4447304920800506,-1.0674014936839133,-0.32022044810517397,0.0,0.0,0.0,3.3729670980523596,2.318533855591652,,,6,3,3,3.1539106369018555,-5,173,True,True,False,"A:1,B:1,ESTOP:0,MODE:1",DRIVE_RUN,,,,0,,,False,0,UNKNOWN,0.0,False,-9999.0,-1.0,-1.0,False,36.96766110833333,127.87367796333334,121.86699999999999,2,0.00014884000000000002,36.967660747018115,127.87368365175038,4.0,0.10788870067596436,1.0,0.0,0.1913774013519287,0.5075325615921973,7.838179014885228,-4.649468354339823,0.0,0.0,0.0,-0.4850634725551975,0.10774813765108157,0.8598962392007181,0.11697104015045014,-0.012514010736799343,-0.004433136300065597,0.026982790235832336,-7.4922806,-0.6962721499999999,5.0210048
1789045861.933903,8.455,4.0,-2.611367293839108,4,0,192,6.8312995222253425,-0.5256135294103608,-8.151620127753233,3.0,26.0,107.0,1.0,-0.2307912448772889,1.715746544434102,40.0,5.461213737194603,30.719283675624787,-8.144328118090487,0.005100148955001771,-1.4278884750632688,0.0,-10.488288444017824,1.1252917448330217,0.007734279755114115,1.018196617179033,4.0,4.0,1.4447304920800506,-1.077790764433613,-0.3233372293300839,0.0,0.0,0.0,3.3729670980523596,2.318533855591652,,,6,3,3,3.1784942150115967,-4,171,True,True,False,"A:1,B:1,ESTOP:0,MODE:1",DRIVE_RUN,,,,0,,,False,0,UNKNOWN,0.0,False,-9999.0,-1.0,-1.0,False,36.967660525,127.873683065,121.88399999999999,2,0.00016384,36.96766037455708,127.87368438327327,4.0,0.03513016490936279,1.0,0.0,0.044660329818725586,0.11843919467926026,8.149728132700123,-8.144328118090487,0.0,0.0,0.0,-0.48540160926591075,0.10792764357867712,0.8597647881831477,0.11636756624595013,0.04597197249753064,0.020996310901491785,0.012112585008840646,-10.189109349999999,1.3827376499999997,5.3740442
1789045861.983787,8.505,4.0,-2.778006651392541,4,0,192,6.948548714267088,-0.5423607588942074,-8.22268358046199,3.0,26.0,107.0,1.0,-0.2302793458823336,1.894908875523595,40.0,5.3778611753209065,30.600899410952564,-8.144328118090487,0.005100148955001771,-0.7256071864672198,0.0,-10.488288444017824,1.1252917448330217,0.007734279755114115,1.018196617179033,4.0,4.0,1.4447304920800506,-1.0893303266774776,-0.3267990980032433,0.0,0.0,0.0,3.3729670980523596,2.5139538824805334,,,6,3,3,3.3155429363250732,-4,170,True,True,False,"A:1,B:1,ESTOP:0,MODE:1",DRIVE_RUN,,,,0,,,False,0,UNKNOWN,0.0,False,-9999.0,-1.0,-1.0,False,36.967660525,127.873683065,121.88399999999999,2,0.00016384,36.96766020662474,127.87368585901217,4.0,0.060126207160949706,1.0,0.0,0.09465241432189941,0.2510181977869985,8.149728132700123,-8.144328118090487,0.0,0.0,0.0,-0.48574199628471515,0.1081146632238036,0.8595214841016343,0.11657079826898066,0.02633701841259443,0.0009075712110370514,0.005166174585903215,-8.73772515,1.93191005,3.4225208499999997
1789045862.033795,8.555,4.0,-2.504752216135559,4,0,193,7.079803133566553,-0.5610549008812714,-8.25901251768957,3.0,27.0,107.0,1.0,-0.22965335518214336,2.00812338194952,40.0,5.259486623513235,30.468384030192514,-8.144328118090487,0.005100148955001771,1.549426628746554,0.0,-10.488288444017824,1.1252917448330217,0.007734279755114115,1.018196617179033,4.0,4.0,1.4447304920800506,-1.1008442939715943,-0.3302532881914783,0.0,0.0,0.0,3.3729670980523596,2.5139538824805334,,,6,3,3,3.272890329360962,-4,219,True,True,False,"A:1,B:1,ESTOP:0,MODE:1",DRIVE_RUN,,,,0,,,False,0,UNKNOWN,0.0,False,-9999.0,-1.0,-1.0,False,36.967660525,127.873683065,121.88399999999999,2,0.00016384,36.96766003907895,127.87368733570307,4.0,0.08513691215515137,1.0,0.0,0.14467382431030273,0.38367496147089564,8.149728132700123,-8.144328118090487,0.0,0.0,0.0,-0.4858444989007094,0.1081863521073349,0.8594312209605406,0.1167425053007716,-0.015550883635269477,0.004537856055185257,0.011274826967883369,-8.404299049999999,1.2062179499999999,4.89351835
1789045862.083880,8.605,4.0,-2.5188438419249857,4,0,192,7.211142225110143,-0.5797060131703538,-8.181530547183911,3.0,27.0,107.0,1.0,-0.22573407893713848,1.8237652589162545,41.0,5.528840165748991,30.335793184933948,-8.144328118090487,0.005100148955001771,-1.2165878963441308,0.0,-10.488288444017824,1.1252917448330217,0.007734279755114115,1.018196617179033,4.0,4.0,1.4447304920800506,-1.1123269617307014,-0.3336980885192104,0.0,0.0,0.0,3.3729670980523596,2.5139538824805334,,,6,3,3,3.213773012161255,-4,242,True,True,False,"A:1,B:1,ESTOP:0,MODE:1",DRIVE_RUN,,,,0,,,False,0,UNKNOWN,0.0,False,-9999.0,-1.0,-1.0,False,36.967660525,127.873683065,121.88399999999999,2,0.00016384,36.967659871746385,127.87368881139072,4.0,0.11013033180236817,1.0,0.0,0.19466066360473633,0.5162400481661581,8.149728132700123,-8.144328118090487,0.0,0.0,0.0,-0.4856658381925659,0.10827397048224706,0.8595155361851856,0.11678392006185945,0.0334579617607313,0.05626941508429719,-0.007976154681614086,-8.5513988,1.0983448,5.1582979
1789045862.133844,8.655,4.0,-2.6122093287168635,4,0,192,7.298687062737518,-0.5905498988758219,-8.225917665019978,3.0,27.0,107.0,1.0,-0.22085328121572567,1.7867694711753817,41.0,5.396239546840601,30.247687338795075,-7.909740410689518,0.016640908122656128,-1.2241200228823406,0.0,-10.488288444017824,1.1252917448330217,0.007734279755114115,1.018196617179033,4.0,4.0,1.4447304920800506,-1.1236136656775584,-0.3370840997032675,0.0,0.0,0.0,3.3729670980523596,2.5139538824805334,,,6,3,3,3.3625919818878174,-4,188,True,True,False,"A:1,B:1,ESTOP:0,MODE:1",DRIVE_RUN,,,,0,,,False,0,UNKNOWN,0.0,False,-9999.0,-1.0,-1.0,False,36.96765994166667,127.87368832,121.899,2,0.00016384,36.96765994166667,127.87368832,4.0,0.0128,1.0,1.0,0.0,0.0,7.945429413782094,-7.909740410689518,0.0,0.0,0.0,-0.4857476806338415,0.10815343506047687,0.8594737296305938,0.11686288255190291,0.03038618227722128,-0.06562437987498679,0.004468042885105484,-9.316317499999998,-1.8142302499999998,5.5407572499999995
1789045862.183804,8.705,4.0,-2.6822119289814434,4,0,192,7.298687062737518,-0.5905498988758219,-8.287646900144523,3.0,28.0,107.0,1.0,-0.22085328121572567,1.8422296942121787,41.0,5.308031731916608,30.247687338795075,-7.909740410689518,0.016640908122656128,1.1297444981841511,0.0,-10.488288444017824,1.1252917448330217,0.007734279755114115,1.018196617179033,4.0,4.0,1.4447304920800506,-1.1346563297383447,-0.34039689892150343,0.0,0.0,0.0,3.3729670980523596,2.3851566996540803,,,6,3,3,3.4401886463165283,-4,179,True,True,False,"A:1,B:1,ESTOP:0,MODE:1",DRIVE_RUN,,,,0,,,False,0,UNKNOWN,0.0,False,-9999.0,-1.0,-1.0,False,36.96765994166667,127.87368832,121.899,2,0.00016384,36.967659712171155,127.87369038475566,4.0,0.04775681285858154,1.0,0.0,0.06991362571716309,0.18541093540191653,7.945429413782094,-7.909740410689518,0.0,0.0,0.0,-0.4853312827615066,0.10853881904297069,0.8597181933372272,0.11643667282605477,-0.017924531417981764,-0.01546361717266976,-0.005044001538263612,-7.384407449999999,-0.0196133,4.0403398
1789045862.233900,8.755,4.0,-2.5232124257439263,4,0,196,7.482329511819341,-0.6160972224523713,-8.231717287907202,3.0,28.0,107.0,1.0,-0.21337274965495873,1.903958929336724,41.0,5.308031731916609,30.06238792813086,-7.909740410689518,0.016640908122656128,0.5932204473473768,0.0,-10.488288444017824,1.1252917448330217,0.007734279755114115,1.018196617179033,4.0,4.0,1.4447304920800506,-1.145698993799131,-0.34370969813973934,0.0,0.0,0.0,3.3729670980523596,2.3851566996540803,,,6,3,3,3.4895944595336914,-4,170,True,True,False,"A:1,B:1,ESTOP:0,MODE:1",DRIVE_RUN,,,,0,,,False,0,UNKNOWN,0.0,False,-9999.0,-1.0,-1.0,False,36.96765994166667,127.87368832,121.899,2,0.00016384,36.96765954835859,127.87369186128437,4.0,0.07275392799377442,1.0,0.0,0.11990785598754883,0.3179956316392888,7.945429413782094,-7.909740410689518,0.0,0.0,0.0,-0.4859280002137104,0.108558497140566,0.8593882715471903,0.11636507222538345,0.015009831567151233,0.10201449477906856,0.01710422666954443,-9.326124149999998,0.26477955,5.30539765
1789045862.283994,8.805,4.0,-2.5804475999224703,4,0,193,7.613654178077112,-0.6343327538060274,-8.202041018870972,3.0,28.0,107.0,1.0,-0.21035726203616226,1.8134779229916436,42.0,5.529036270632247,29.92988499314111,-7.909740410689518,0.016640908122656128,-1.0794393823904955,0.0,-10.488288444017824,1.1252917448330217,0.007734279755114115,1.018196617179033,4.0,4.0,1.4447304920800506,-1.1563676312818791,-0.34691028938456375,0.0,0.0,0.0,3.3729670980523596,2.3851566996540803,,,6,3,3,3.837184429168701,-4,171,True,True,False,"A:1,B:1,ESTOP:0,MODE:1",DRIVE_RUN,,,,0,,,False,0,UNKNOWN,0.0,False,-9999.0,-1.0,-1.0,False,36.96765994166667,127.87368832,121.899,2,0.00016384,36.96765938563983,127.87369333787333,4.0,0.09774889736175538,1.0,0.0,0.16989779472351074,0.4505688964269749,7.945429413782094,-7.909740410689518,0.0,0.0,0.0,-0.48611037537810414,0.10885987585428916,0.8592428429292688,0.11639573554720714,0.0360759556387228,-0.063407811724954,0.019512781037296607,-9.5516771,0.97085835,2.8047018999999995
1789045862.333796,8.855,4.0,-2.4928140932536884,4,0,193,7.770521677582009,-0.6424989949227742,-8.159998496578623,3.0,28.0,107.0,1.0,-0.19333714037092087,1.8203362782416743,42.0,5.396497330065408,29.773962744677934,-6.282972098900742,0.09595344599851217,2.93722823029869,0.0,-10.488288444017824,1.1252917448330217,0.007734279755114115,1.018196617179033,4.0,4.0,1.4447304920800506,-1.1668854943836873,-0.35006564831510617,0.0,0.0,0.0,3.3729670980523596,2.3851566996540803,,,6,3,3,3.4192986488342285,-4,187,True,True,False,"A:1,B:1,ESTOP:0,MODE:1",DRIVE_RUN,,,,0,,,False,0,UNKNOWN,0.0,False,-9999.0,-1.0,-1.0,False,36.967659475,127.873693625,121.89699999999999,2,0.00016384,36.96765936940828,127.87369482781456,4.0,0.03309109001159668,1.0,0.0,0.04058218002319336,0.1076239414215088,8.432881303794336,-6.282972098900742,0.0,0.0,0.0,-0.4854978921966384,0.10894131081595115,0.8596131982364066,0.11614102155612323,-0.04199262180298357,0.023020892833805207,0.010978120995044333,-6.5900688,2.4614691499999997,5.7663101999999995
1789045862.383782,8.905,4.0,-2.150036747716947,4,0,193,7.877501798976289,-0.6542534110582129,-8.013558099280118,3.0,29.0,107.0,1.0,-0.18777269929788132,1.6763753928105056,42.0,5.23970246484438,29.666562554165758,-6.282972098900742,0.09595344599851217,0.023568072319538058,0.0,-10.488288444017824,1.1252917448330217,0.007734279755114115,1.018196617179033,4.0,4.0,1.4447304920800506,-1.1765523514022334,-0.35296570542067,0.0,0.0,0.0,3.3729670980523596,2.6965598586128112,,,6,3,3,3.6722183227539062,-4,176,True,True,False,"A:1,B:1,ESTOP:0,MODE:1",DRIVE_RUN,,,,0,,,False,0,UNKNOWN,0.0,False,-9999.0,-1.0,-1.0,False,36.967659475,127.873693625,121.89699999999999,2,0.00016384,36.96765924006386,127.87369631150302,4.0,0.0581183650970459,1.0,0.0,0.0906367301940918,0.24036859158334506,8.432881303794336,-6.282972098900742,0.0,0.0,0.0,-0.4857614853459361,0.10909954072648712,0.8594661918417483,0.11597816453463343,0.023404865269243957,0.03822271061867582,0.021223203704251046,-10.77750835,1.4317708999999998,4.1972461999999995
1789045862.433843,8.955,4.0,-2.179472074672309,4,0,194,8.009463264566074,-0.6686519661849296,-8.012375493726353,3.0,29.0,107.0,1.0,-0.18012689425854364,1.4150027711225102,43.0,5.540596673883456,29.534102635196316,-6.282972098900742,0.09595344599851217,-0.2466447297994226,0.0,-10.488288444017824,1.1252917448330217,0.007734279755114115,1.018196617179033,4.0,4.0,1.4447304920800506,-1.1859409863671275,-0.35578229591013827,0.0,0.0,0.0,3.3729670980523596,2.6965598586128112,,,6,3,3,3.716764450073242,-4,170,True,True,False,"A:1,B:1,ESTOP:0,MODE:1",DRIVE_RUN,,,,0,,,False,0,UNKNOWN,0.0,False,-9999.0,-1.0,-1.0,False,36.967659475,127.873693625,121.89699999999999,2,0.00016384,36.96765911124634,127.87369779264606,4.0,0.08310200958251954,1.0,0.0,0.14060401916503906,0.3728818269522034,8.432881303794336,-6.282972098900742,0.0,0.0,0.0,-0.4852772063559049,0.10895714429749152,0.8597798420539652,0.11581449346089007,0.0013788101090755204,-0.07443829259755814,-0.011065387457644049,-8.8652116,0.17651969999999997,5.03081145
1789045862.483960,9.005,4.0,-2.222871517388293,4,0,193,8.141198335450673,-0.6829918667418069,-8.024776167109906,3.0,29.0,107.0,1.0,-0.17246072269384735,1.4047001096777187,43.0,5.407854865722388,29.401878427106517,-6.282972098900742,0.09595344599851217,2.125019533598867,0.0,-10.488288444017824,1.1252917448330217,0.007734279755114115,1.018196617179033,4.0,4.0,1.4447304920800506,-1.1949473310800547,-0.3584841993240164,0.0,0.0,0.0,3.3729670980523596,2.6965598586128112,,,6,3,3,3.3339948654174805,-4,170,True,True,False,"A:1,B:1,ESTOP:0,MODE:1",DRIVE_RUN,,,,0,,,False,0,UNKNOWN,0.0,False,-9999.0,-1.0,-1.0,False,36.967659475,127.873693625,121.89699999999999,2,0.00016384,36.96765898251397,127.87369927646795,4.0,0.10813011913299561,1.0,0.0,0.1906602382659912,0.5056308995178486,8.432881303794336,-6.282972098900742,0.0,0.0,0.0,-0.48475410881253467,0.10864908488987798,0.8601346187929617,0.11566013961535584,-0.01457349925415265,0.08508480103472356,0.021642082724729686,-6.815621749999999,0.6864655000000001,6.54103555
1789045862.535692,9.057,4.0,-2.294087792313771,4,0,194,8.25480810106256,-0.709661754388313,-7.907453109646923,3.0,30.0,107.0,1.0,-0.18016056928942265,1.4071722836671583,43.0,5.275344847195678,29.285363520189346,-7.895643086773544,0.006456654016818675,-2.0330378586819755,0.0,-10.488288444017824,1.1252917448330217,0.007734279755114115,1.018196617179033,4.0,4.0,1.4447304920800506,-1.203570367214747,-0.3610711101644241,0.0,0.0,0.0,3.3729670980523596,2.6965598586128112,,,6,3,3,3.542008399963379,-4,198,True,True,False,"A:1,B:1,ESTOP:0,MODE:1",DRIVE_RUN,,,,0,,,False,0,UNKNOWN,0.0,False,-9999.0,-1.0,-1.0,False,36.967658871666664,127.87369907,121.9,2,0.00014884000000000002,36.967658740712906,127.87370024788932,4.0,0.032142045211791995,1.0,0.0,0.039884090423583984,0.10577260780334473,9.122601046483235,-7.895643086773544,0.0,0.0,0.0,-0.4853599884144453,0.10904925716796285,0.8597489051870191,0.11561038529114581,0.037821284890717115,0.01223475805648025,-0.02288126649364566,-9.77723005,1.3140911,3.97169325
1789045862.584397,9.105,4.0,-2.294087792313771,4,0,193,8.25480810106256,-0.709661754388313,-7.907453109646923,3.0,30.0,107.0,1.0,-0.18016056928942265,1.4071722836671583,43.0,5.275344847195678,29.285363520189346,-7.895643086773544,0.006456654016818675,-2.0330378586819755,0.0,-10.488288444017824,1.1252917448330217,0.007734279755114115,1.018196617179033,4.0,4.0,1.4447304920800506,-1.203570367214747,-0.3610711101644241,0.0,0.0,0.0,3.3729670980523596,2.6965598586128112,,,6,3,3,3.4418911933898926,-4,173,True,True,False,"A:1,B:1,ESTOP:0,MODE:1",DRIVE_RUN,,,,0,,,False,0,UNKNOWN,0.0,False,-9999.0,-1.0,-1.0,False,36.967658871666664,127.87369907,121.9,2,0.00014884000000000002,36.967658740712906,127.87370024788932,4.0,0.032142045211791995,1.0,0.0,0.039884090423583984,0.10577260780334473,9.122601046483235,-7.895643086773544,0.0,0.0,0.0,-0.48527449353037205,0.10875377456073279,0.8598369804994883,0.11559260103119294,-0.028518679977587343,0.015917402778188285,0.019233528356977513,-7.080401299999999,0.0392266,5.0013914999999995
1789045862.636491,9.157,4.0,-2.2203692736288767,4,0,194,8.491497496850664,-0.7425932718606068,-7.884256846831107,3.0,30.0,107.0,1.0,-0.1807815939215312,1.490658178416609,44.0,5.463594001348283,29.046551726204108,-7.895643086773544,0.006456654016818675,-0.553016389930949,0.0,-10.488288444017824,1.1252917448330217,0.007734279755114115,1.018196617179033,4.0,4.0,1.4447304920800506,-1.2216002467308453,-0.3664800740192536,0.0,0.0,0.0,3.3729670980523596,3.161274958469632,,,6,3,3,3.518531084060669,-4,186,True,True,False,"A:1,B:1,ESTOP:0,MODE:1",DRIVE_RUN,,,,0,,,False,0,UNKNOWN,0.0,False,-9999.0,-1.0,-1.0,False,36.967658871666664,127.87369907,121.9,2,0.00014884000000000002,36.96765841208897,127.8737032059335,4.0,0.08222198696136475,1.0,0.0,0.1400439739227295,0.37139661774114424,9.122601046483235,-7.895643086773544,0.0,0.0,0.0,-0.48504919979085875,0.1085579230136094,0.8600027579587182,0.11548899270760518,0.016004669240788003,0.04309217923174,-0.013439035240356337,-9.63993695,2.1770763,4.44241245
1789045862.685636,9.207,4.0,-2.329147008798723,4,0,193,8.62266419655964,-0.7608217089814141,-7.9119768608832715,3.0,31.0,107.0,1.0,-0.1811046475177346,1.4020810397820593,44.0,5.330438179507388,28.914213678877783,-7.895643086773544,0.006456654016818675,1.2274509721708518,0.0,-10.488288444017824,1.1252917448330217,0.007734279755114115,1.018196617179033,4.0,4.0,1.4447304920800506,-1.230639326426922,-0.3691917979280766,0.0,0.0,0.0,3.361972020829305,3.161274958469632,,,5,3,2,3.743119955062866,-4,187,True,True,False,"A:1,B:1,ESTOP:0,MODE:1",DRIVE_RUN,,,,0,,,False,0,UNKNOWN,0.0,False,-9999.0,-1.0,-1.0,False,36.967658871666664,127.87369907,121.9,2,0.00014884000000000002,36.96765824866322,127.87370467990254,4.0,0.10717547149658203,1.0,0.0,0.18995094299316406,0.5037498953495376,9.122601046483235,-7.895643086773544,0.0,0.0,0.0,-0.4857224886939479,0.10870186149553501,0.8596490232316113,0.11515696306042353,-0.001710422666954443,0.025743606466916362,0.021327923459370707,-8.5513988,0.7158854499999999,3.4029075499999997
1789045862.734624,9.256,4.0,-2.329147008798723,4,0,193,8.752435748803993,-0.7677334217490205,-7.788337598490045,3.0,31.0,107.0,1.0,-0.16689419915594406,1.4662190450044124,44.0,5.198053192054133,28.78522321686626,-6.656141236053998,0.0627917812414637,-1.9608276478983129,0.0,-10.488288444017824,1.1252917448330217,0.007734279755114115,1.018196617179033,4.0,4.0,1.4447304920800506,-1.2396945588028088,-0.3719083676408426,0.0,0.0,0.0,3.361972020829305,3.161274958469632,,,6,3,3,3.681588649749756,-4,184,True,True,False,"A:1,B:1,ESTOP:0,MODE:1",DRIVE_RUN,,,,0,,,False,0,UNKNOWN,0.0,False,-9999.0,-1.0,-1.0,False,36.96765835,127.873704665,121.89599999999999,2,0.00016384,36.967658247718894,127.87370576360796,4.0,0.0313469388961792,1.0,0.0,0.0370938777923584,0.09837296390533448,8.827378359215064,-6.656141236053998,0.0,0.0,0.0,-0.48558678171222,0.10874386757316015,0.8597430734419982,0.11498737478569948,0.05382595413150512,0.0069638637154573755,0.009145525280450288,-11.7875933,0.25497289999999995,7.521700549999999
1789045862.786550,9.307,4.0,-2.144373174167884,4,0,193,8.85014757919106,-0.7791193024146781,-7.887126883772083,3.0,31.0,107.0,1.0,-0.1620967804505625,1.2206560161113555,45.0,5.46977618661156,28.687024491320855,-6.656141236053998,0.0627917812414637,0.3043584600731826,0.0,-10.488288444017824,1.1252917448330217,0.007734279755114115,1.018196617179033,4.0,4.0,1.4447304920800506,-1.248039268760606,-0.37441178062818176,0.0,0.0,0.0,3.361972020829305,2.958905313686419,,,6,3,3,3.545135259628296,-4,171,True,True,False,"A:1,B:1,ESTOP:0,MODE:1",DRIVE_RUN,,,,0,,,False,0,UNKNOWN,0.0,False,-9999.0,-1.0,-1.0,False,36.96765835,127.873704665,121.89599999999999,2,0.00016384,36.96765810896319,127.87370725954815,4.0,0.0566004732131958,1.0,0.0,0.0876009464263916,0.23231770475156793,8.827378359215064,-6.656141236053998,0.0,0.0,0.0,-0.484795898036874,0.10873807617650885,0.8601762315252273,0.11509048073194961,0.0061959188445798695,-0.026686084262993296,0.010192722831646885,-4.9425516,0.32361945,3.7853669
1789045862.834127,9.355,4.0,-2.1693179632582886,4,0,193,8.98319873211013,-0.7945655165103629,-7.872040389974046,3.0,32.0,107.0,1.0,-0.15550748046438762,1.320887379474508,45.0,5.371403317057651,28.553322354790165,-6.656141236053998,0.0627917812414637,-0.8304368560887172,0.0,-10.488288444017824,1.1252917448330217,0.007734279755114115,1.018196617179033,4.0,4.0,1.4447304920800506,-1.2561441077831341,-0.3768432323349402,0.0,0.0,0.0,3.3350228950345944,2.958905313686419,,,6,3,3,3.7509515285491943,-4,179,True,True,False,"A:1,B:1,ESTOP:0,MODE:1",DRIVE_RUN,,,,0,,,False,0,UNKNOWN,0.0,False,-9999.0,-1.0,-1.0,False,36.96765835,127.873704665,121.89599999999999,2,0.00016384,36.967657974102806,127.87370872485747,4.0,0.08133437423706055,1.0,0.0,0.1370687484741211,0.3635062678445771,8.827378359215064,-6.656141236053998,0.0,0.0,0.0,-0.48505336116744335,0.10915514001717824,0.8600030974747832,0.11490458895002759,0.04366813788489812,0.04715879638888679,0.025516713664157097,-10.130269449999998,2.9125750499999996,3.7167203499999997
1789045862.883962,9.405,4.0,-1.9460558317413879,4,0,193,9.113525528305146,-0.8095781060046897,-7.913049592991825,3.0,32.0,107.0,1.0,-0.14875249994015646,1.307225797984133,45.0,5.237458636598219,28.42238068844778,-6.656141236053998,0.0627917812414637,-0.6755503017552531,0.0,-10.488288444017824,1.1252917448330217,0.007734279755114115,1.018196617179033,4.0,4.0,1.4447304920800506,-1.2639194818063535,-0.37917584454190606,0.0,0.0,0.0,3.3350228950345944,2.958905313686419,,,6,3,3,3.913972854614258,-4,176,True,True,False,"A:1,B:1,ESTOP:0,MODE:1",DRIVE_RUN,,,,0,,,False,0,UNKNOWN,0.0,False,-9999.0,-1.0,-1.0,False,36.96765835,127.873704665,121.89599999999999,2,0.00016384,36.96765783862155,127.8737102038023,4.0,0.1062969186782837,1.0,0.0,0.18699383735656738,0.4959075321567943,8.827378359215064,-6.656141236053998,0.0,0.0,0.0,-0.4846612745166306,0.10893785919083028,0.8602500390460713,0.11491676178898708,0.01780235837034216,-0.027523842303950576,-0.0040666171571467884,-7.8649333,0.38245935,3.4911673999999997
1789045862.933819,9.455,4.0,-2.079463405726195,4,0,194,9.26444227068336,-0.8352672462145723,-7.926168107490241,3.0,32.0,107.0,1.0,-0.14905158808336055,1.1424987053717504,46.0,5.508776050000669,28.26929758159831,-7.513956860427347,0.019954636628223457,-1.599467273063904,0.0,-10.488288444017824,1.1252917448330217,0.007734279755114115,1.018196617179033,4.0,4.0,1.4447304920800506,-1.2713571068033613,-0.3814071320410084,0.0,0.0,0.0,3.3350228950345944,2.958905313686419,,,6,3,3,3.7498462200164795,-4,171,True,True,False,"A:1,B:1,ESTOP:0,MODE:1",DRIVE_RUN,,,,0,,,False,0,UNKNOWN,0.0,False,-9999.0,-1.0,-1.0,False,36.96765774333333,127.87371042166667,121.888,2,0.00016384,36.96765762270773,127.8737115665858,4.0,0.03216507225036621,1.0,0.0,0.03873014450073242,0.10271234321594237,9.13367571059011,-7.513956860427347,0.0,0.0,0.0,-0.4846937796106063,0.10902779939634677,0.8602115289465879,0.11498262665702402,0.04598942579005058,0.04927064478379992,0.001762782544514273,-9.5124505,1.4808041499999998,6.4331624
1789045862.983815,9.505,4.0,-2.2078003102543393,4,0,193,9.36627308578197,-0.8486952266026994,-8.006454858586267,3.0,33.0,107.0,1.0,-0.1454017845058916,1.2381808818333433,46.0,5.355888741507509,28.166690184027736,-7.513956860427347,0.019954636628223457,0.46042205620031185,0.0,-10.488288444017824,1.1252917448330217,0.007734279755114115,1.018196617179033,4.0,4.0,1.4447304920800506,-1.2788096862075293,-0.3836429058622588,0.0,0.0,0.0,3.317848064828437,3.1689671030490754,,,6,3,3,4.041255950927734,-4,173,True,True,False,"A:1,B:1,ESTOP:0,MODE:1",DRIVE_RUN,,,,0,,,False,0,UNKNOWN,0.0,False,-9999.0,-1.0,-1.0,False,36.96765774333333,127.87371042166667,121.888,2,0.00016384,36.96765746724035,127.87371304550956,4.0,0.05717851905822754,1.0,0.0,0.08875703811645508,0.23538366265836932,9.13367571059011,-7.513956860427347,0.0,0.0,0.0,-0.48551859022987515,0.10918551093397855,0.8597031579912441,0.11515512530131952,0.004101523742186674,-0.014416419621473161,0.010210176124166827,-8.56120545,0.8727918499999999,2.941995
1789045863.033847,9.555,4.0,-2.0396533049964294,4,0,193,9.497810771788782,-0.8660017765095869,-7.983280644155343,3.0,33.0,107.0,1.0,-0.1440002265397001,1.3345785107788073,46.0,5.253187227481149,28.034157309937758,-7.513956860427347,0.019954636628223457,-2.660301632872449,0.0,-10.488288444017824,1.1252917448330217,0.007734279755114115,1.018196617179033,4.0,4.0,1.4447304920800506,-1.286079775432824,-0.38582393262984715,0.0,0.0,0.0,3.317848064828437,3.1689671030490754,,,6,3,3,4.269778251647949,-4,177,True,True,False,"A:1,B:1,ESTOP:0,MODE:1",DRIVE_RUN,,,,0,,,False,0,UNKNOWN,0.0,False,-9999.0,-1.0,-1.0,False,36.96765774333333,127.87371042166667,121.888,2,0.00016384,36.967657311447766,127.87371452212098,4.0,0.08215441493988038,1.0,0.0,0.13870882987976074,0.36785580930799955,9.13367571059011,-7.513956860427347,0.0,0.0,0.0,-0.485092890315817,0.10898118546524434,0.8599365575373082,0.11539976598988702,0.04436626958569585,-0.017819811662862103,-0.02918190509334519,-9.492837199999999,0.10787314999999999,4.118792999999999
1789045863.083838,9.605,4.0,-2.2247365034242,4,0,197,9.629142794146041,-0.8833445276483863,-8.115316293268222,3.0,33.0,107.0,1.0,-0.1442969333707113,1.2291045608873963,47.0,5.5345042546181045,27.901821840043603,-7.513956860427347,0.019954636628223457,2.028086037439909,0.0,-10.488288444017824,1.1252917448330217,0.007734279755114115,1.018196617179033,4.0,4.0,1.4447304920800506,-1.293279786759809,-0.3879839360279427,0.0,0.0,0.0,3.317848064828437,3.1689671030490754,,,6,3,3,4.060062408447266,-4,170,True,True,False,"A:1,B:1,ESTOP:0,MODE:1",DRIVE_RUN,,,,0,,,False,0,UNKNOWN,0.0,False,-9999.0,-1.0,-1.0,False,36.96765774333333,127.87371042166667,121.888,2,0.00016384,36.96765715492191,127.87371600074076,4.0,0.10716571598052979,1.0,0.0,0.18873143196105957,0.500515729057827,9.13367571059011,-7.513956860427347,0.0,0.0,0.0,-0.4847185173397758,0.1089662387299575,0.8601716631176333,0.11523466377102043,-0.02675589743307307,-0.018256143975860686,0.011798425743481668,-6.3743225,-0.04903325,5.20733115
1789045863.133823,9.655,4.0,-2.1221756378839247,4,0,196,9.774669962577011,-0.9005746806800462,-7.9731797964214195,3.0,34.0,107.0,1.0,-0.1426551286731783,1.3799819081948006,47.0,5.402044306255963,27.755534382245333,-7.294007369505587,0.041065446188132175,-2.0300894138728234,0.0,-10.488288444017824,1.1252917448330217,0.007734279755114115,1.018196617179033,4.0,4.0,1.4447304920800506,-1.3004946334283445,-0.3901483900285033,0.0,0.0,0.0,3.2966437056864155,3.1689671030490754,,,6,3,3,4.279574871063232,-4,171,True,True,False,"A:1,B:1,ESTOP:0,MODE:1",DRIVE_RUN,,,,0,,,False,0,UNKNOWN,0.0,False,-9999.0,-1.0,-1.0,False,36.96765715666667,127.87371615833334,121.90899999999999,2,0.00016384,36.96765706600662,127.87371704663755,4.0,0.027816794204711913,1.0,0.0,0.030033588409423828,0.07964907646179199,9.119920743927352,-7.294007369505587,0.0,0.0,0.0,-0.4848806959879851,0.10950364386330406,0.8600222925518687,0.1151578002251426,0.05736897251305361,-0.019320794819577228,0.016929693744344994,-10.208722649999999,0.8237586,4.4227991499999995
1789045863.183832,9.705,4.0,-2.260880238381302,4,0,193,9.853677064671423,-0.9106669107030047,-8.074473625513292,3.0,34.0,107.0,1.0,-0.14090489459473557,1.2383179789028755,47.0,5.255500684785398,27.67598550145361,-7.294007369505587,0.041065446188132175,-0.5381499508249983,0.0,-10.488288444017824,1.1252917448330217,0.007734279755114115,1.018196617179033,4.0,4.0,1.4447304920800506,-1.3076273898620034,-0.392288216958601,0.0,0.0,0.0,3.2966437056864155,3.1594143911815777,,,6,3,3,4.09960412979126,-4,192,True,True,False,"A:1,B:1,ESTOP:0,MODE:1",DRIVE_RUN,,,,0,,,False,0,UNKNOWN,0.0,False,-9999.0,-1.0,-1.0,False,36.96765715666667,127.87371615833334,121.90899999999999,2,0.00016384,36.9676569148784,127.87371852696809,4.0,0.05284192352294922,1.0,0.0,0.08008384704589844,0.21238236232900895,9.119920743927352,-7.294007369505587,0.0,0.0,0.0,-0.48454656768871074,0.10969292873689217,0.8601912810257626,0.11512187096060494,0.015376350710070043,0.027454029133870805,-0.011693705988362009,-7.2765343,0.6864655000000001,5.36423755
1789045863.233793,9.755,4.0,-2.136190325071713,4,0,197,9.985339871358063,-0.9274904279078665,-8.101404577198792,3.0,34.0,107.0,1.0,-0.13699257976124013,1.3479919860663765,47.0,5.1758552619664355,27.543420217067638,-7.294007369505587,0.041065446188132175,-1.4981089736464295,0.0,-10.488288444017824,1.1252917448330217,0.007734279755114115,1.018196617179033,4.0,4.0,1.4447304920800506,-1.3146726345917403,-0.3944017903775221,0.0,0.0,0.0,3.2966437056864155,3.1594143911815777,,,6,3,3,4.2903642654418945,-4,170,True,True,False,"A:1,B:1,ESTOP:0,MODE:1",DRIVE_RUN,,,,0,,,False,0,UNKNOWN,0.0,False,-9999.0,-1.0,-1.0,False,36.96765715666667,127.87371615833334,121.90899999999999,2,0.00016384,36.96765676372018,127.87372000431237,4.0,0.0778174617767334,1.0,0.0,0.1300349235534668,0.3448526137125326,9.119920743927352,-7.294007369505587,0.0,0.0,0.0,-0.48502938625263997,0.11024903768110003,0.8598356151786183,0.11521440462106368,0.03824016391119576,-0.011047934165124106,0.0005410520681182421,-8.18855275,-0.26477955,3.7167203499999997
1789045863.284134,9.805,4.0,-2.2606306377117873,4,0,193,10.116737076087608,-0.9443172838078842,-8.17631316903882,3.0,34.0,107.0,1.0,-0.13312497783532598,1.291295129767374,48.0,5.45887874796443,27.41111738443268,-7.294007369505587,0.041065446188132175,-0.6796961754184503,0.0,-10.488288444017824,1.1252917448330217,0.007734279755114115,1.018196617179033,4.0,4.0,1.4447304920800506,-1.3215222635798023,-0.39645667907394067,0.0,0.0,0.0,3.2966437056864155,3.1594143911815777,,,6,3,3,4.337871551513672,-4,170,True,True,False,"A:1,B:1,ESTOP:0,MODE:1",DRIVE_RUN,,,,0,,,False,0,UNKNOWN,0.0,False,-9999.0,-1.0,-1.0,False,36.96765715666667,127.87371615833334,121.90899999999999,2,0.00016384,36.96765661224468,127.87372148255183,4.0,0.10280873565673829,1.0,0.0,0.18001747131347656,0.4774063238613457,9.119920743927352,-7.294007369505587,0.0,0.0,0.0,-0.48513590110626054,0.11032139864920038,0.8597511785377966,0.11532674217531014,0.01918116847941768,0.014748032179352085,-0.008063421144213804,-9.4339973,0.61781895,5.16810455
1789045863.333870,9.855,4.0,-2.2145657279781785,4,0,193,10.298683585280024,-0.9742310772503256,-8.201532151791838,3.0,35.0,107.0,1.0,-0.13445254505425214,1.3783285345598937,48.0,5.32641340761538,27.226748592756053,-8.00118851848152,0.008756232527865393,0.8359531684648698,0.0,-10.488288444017824,1.1252917448330217,0.007734279755114115,1.018196617179033,4.0,4.0,1.4447304920800506,-1.3281785124715686,-0.39845355374147057,0.0,0.0,0.0,3.2628444560565186,3.1594143911815777,,,6,3,3,4.181169509887695,-4,172,True,True,False,"A:1,B:1,ESTOP:0,MODE:1",DRIVE_RUN,,,,0,,,False,0,UNKNOWN,0.0,False,-9999.0,-1.0,-1.0,False,36.967656495,127.87372205,121.9,2,0.00016900000000000004,36.9676563621585,127.87372323467262,4.0,0.033060181617736814,1.0,0.0,0.04012036323547363,0.10639920330047609,9.426426475701406,-8.00118851848152,0.0,0.0,0.0,-0.48507881088043137,0.1103587700758325,0.8597778184583823,0.11533252788836879,-0.0015707963267948964,0.005707226654021458,0.010524335389525807,-6.46258235,0.5883989999999999,4.7366119499999995
1789045863.383879,9.905,4.0,-2.226288798722029,4,0,193,10.404050136140146,-0.9890189253395926,-8.15955256615203,3.0,35.0,107.0,1.0,-0.13277614131590493,1.3835392731764202,49.0,5.546480358140364,27.120428276732024,-8.00118851848152,0.008756232527865393,-1.0645336833221166,0.0,-10.488288444017824,1.1252917448330217,0.007734279755114115,1.018196617179033,4.0,4.0,1.4447304920800506,-1.3349011397242811,-0.4004703419172843,0.0,0.0,0.0,3.2628444560565186,3.3749430365240762,,,7,3,4,4.3192644119262695,-4,227,True,True,False,"A:1,B:1,ESTOP:0,MODE:1",DRIVE_RUN,,,,0,,,False,0,UNKNOWN,0.0,False,-9999.0,-1.0,-1.0,False,36.967656495,127.87372205,121.9,2,0.00016900000000000004,36.9676561960439,127.87372471280851,4.0,0.058090675354003904,1.0,0.0,0.09018135070800781,0.23916093934943855,9.426426475701406,-8.00118851848152,0.0,0.0,0.0,-0.4852735742702428,0.10997460877405699,0.8596906732812812,0.11552960578636817,0.01630137521362704,-0.02841396022246768,-0.020577431881013145,-9.326124149999998,2.55953565,3.89324005
1789045863.433828,9.955,4.0,-2.3516365815815448,4,0,193,10.535517747083759,-1.007510718354638,-8.21487587942542,3.0,36.0,107.0,1.0,-0.13072472175672106,1.3644628108944958,49.0,5.440103814017692,26.987764285723234,-8.00118851848152,0.008756232527865393,-1.2042847109834587,0.0,-10.488288444017824,1.1252917448330217,0.007734279755114115,1.018196617179033,4.0,4.0,1.4447304920800506,-1.3415399467900764,-0.4024619840370229,0.0,0.0,0.0,3.158415893996724,3.3749430365240762,,,6,3,3,4.200586795806885,-5,172,True,True,False,"A:1,B:1,ESTOP:0,MODE:1",DRIVE_RUN,,,,0,,,False,0,UNKNOWN,0.0,False,-9999.0,-1.0,-1.0,False,36.967656495,127.87372205,121.9,2,0.00016900000000000004,36.96765602949166,127.87372618837598,4.0,0.08307980346679687,1.0,0.0,0.14015960693359375,0.3717032515568723,9.426426475701406,-8.00118851848152,0.0,0.0,0.0,-0.4851862752054491,0.10955246100924013,0.8597728864799636,0.11568543690971908,0.034348079679248404,0.040334559013588955,-0.003560471674068432,-9.4339973,-0.0196133,6.42335575
1789045863.483849,10.005,4.0,-2.4899239314183204,4,0,193,10.666756919539905,-1.0260512289513102,-8.27434698102698,3.0,36.0,107.0,1.0,-0.12997374139407197,1.4500869662470692,49.0,5.307372491486275,26.85531742867429,-8.00118851848152,0.008756232527865393,1.0100050196359498,0.0,-10.488288444017824,1.1252917448330217,0.007734279755114115,1.018196617179033,4.0,4.0,1.4447304920800506,-1.3480761828779124,-0.4044228548633737,0.0,0.0,0.0,3.158415893996724,3.3749430365240762,,,6,3,3,4.158687114715576,-4,174,True,True,False,"A:1,B:1,ESTOP:0,MODE:1",DRIVE_RUN,,,,0,,,False,0,UNKNOWN,0.0,False,-9999.0,-1.0,-1.0,False,36.967656495,127.87372205,121.9,2,0.00016900000000000004,36.96765586287384,127.87372766378107,4.0,0.10806642818450928,1.0,0.0,0.19013285636901855,0.5042322945273051,9.426426475701406,-8.00118851848152,0.0,0.0,0.0,-0.4851862251666885,0.10961033594448041,0.8597749020389714,0.11561582498306469,-0.011990411961201045,-0.01202531854624093,0.000767944870877505,-7.77667345,1.2160246,4.5698989
1789045863.533844,10.055,4.0,-2.1292835918325665,4,0,193,10.844339638843914,-1.043991291715955,-8.174448468352068,3.0,36.0,107.0,1.0,-0.12262942364238712,1.5422455667248935,49.0,5.174863881342183,26.677373143012865,-7.285542786162405,0.04944020974322854,0.28457657633253564,0.0,-10.488288444017824,1.1252917448330217,0.007734279755114115,1.018196617179033,4.0,4.0,1.4447304920800506,-1.3545748699476161,-0.4063724609842848,0.0,0.0,0.0,3.158415893996724,3.3749430365240762,,,6,3,3,4.344024658203125,-6,172,True,True,False,"A:1,B:1,ESTOP:0,MODE:1",DRIVE_RUN,,,,0,,,False,0,UNKNOWN,0.0,False,-9999.0,-1.0,-1.0,False,36.96765586833333,127.873728185,121.92099999999999,2,0.00016900000000000004,36.96765573070865,127.87372953058966,4.0,0.03574799346923828,1.0,0.0,0.04549598693847656,0.12065535736083985,10.101339633977096,-7.285542786162405,0.0,0.0,0.0,-0.4851184013432784,0.10956704088332808,0.8597992341553314,0.11576043009646395,-0.0030368728984701333,-0.025935592684635737,-0.007155849933176751,-9.0809579,1.30428445,3.83440015
1789045863.583810,10.105,4.0,-2.1556694280242343,4,0,198,10.964018390026833,-1.0593116011732024,-8.16021666777803,3.0,37.0,107.0,1.0,-0.12087733249772449,1.2465982788617822,50.0,5.40664920104016,26.556879084329253,-7.285542786162405,0.04944020974322854,-0.6239889925877242,0.0,-10.488288444017824,1.1252917448330217,0.007734279755114115,1.018196617179033,4.0,4.0,1.4447304920800506,-1.3607063411297355,-0.40821190233892063,0.0,0.0,0.0,3.01201479074721,3.869185653984764,,,6,3,3,4.131163120269775,-4,180,True,True,False,"A:1,B:1,ESTOP:0,MODE:1",DRIVE_RUN,,,,0,,,False,0,UNKNOWN,0.0,False,-9999.0,-1.0,-1.0,False,36.96765586833333,127.873728185,121.92099999999999,2,0.00016900000000000004,36.96765557925582,127.87373100691907,4.0,0.0607074384689331,1.0,0.0,0.09541487693786621,0.25304024906741185,10.101339633977096,-7.285542786162405,0.0,0.0,0.0,-0.4841927423315591,0.10839936829556934,0.860387222274903,0.11636491297913903,0.01900663555421825,0.030473448739820993,-0.008726646259971648,-8.4729456,-0.0588399,6.52142225
1789045863.634193,10.155,4.0,-1.9545192325600182,4,0,193,11.095325330865496,-1.0761712531682812,-8.191423526181751,3.0,37.0,107.0,1.0,-0.11806623423683762,1.2407438109044016,50.0,5.285996375152943,26.42467024847294,-7.285542786162405,0.04944020974322854,2.2419067163919055,0.0,-10.488288444017824,1.1252917448330217,0.007734279755114115,1.018196617179033,4.0,4.0,1.4447304920800506,-1.3667502077546219,-0.4100250623263865,0.0,0.0,0.0,3.01201479074721,3.869185653984764,,,6,3,3,4.0396552085876465,-4,182,True,True,False,"A:1,B:1,ESTOP:0,MODE:1",DRIVE_RUN,,,,0,,,False,0,UNKNOWN,0.0,False,-9999.0,-1.0,-1.0,False,36.96765586833333,127.873728185,121.92099999999999,2,0.00016900000000000004,36.967655427379896,127.8737324845136,4.0,0.08568905639648437,1.0,0.0,0.14537811279296875,0.3855427426684498,10.101339633977096,-7.285542786162405,0.0,0.0,0.0,-0.48414704923533425,0.10829145681734831,0.8604075965578106,0.11650477622272354,-0.03675663404700058,-0.0006283185307179586,-0.001064650843716541,-7.4138274,0.29419949999999995,4.9817782
1789045863.683800,10.205,4.0,-1.8787001256006366,4,0,194,11.226744792219762,-1.0930780036241663,-8.07980187508602,3.0,37.0,107.0,1.0,-0.11519248555160287,1.0938571140915594,51.0,5.558126823367828,26.29234405847821,-7.285542786162405,0.04944020974322854,0.49910398868531347,0.0,-10.488288444017824,1.1252917448330217,0.007734279755114115,1.018196617179033,4.0,4.0,1.4447304920800506,-1.3726535194664637,-0.4117960558399391,0.0,0.0,0.0,3.01201479074721,3.869185653984764,,,6,3,3,4.054292678833008,-4,295,True,True,False,"A:1,B:1,ESTOP:0,MODE:1",DRIVE_RUN,,,,0,,,False,0,UNKNOWN,0.0,False,-9999.0,-1.0,-1.0,False,36.96765586833333,127.873728185,121.92099999999999,2,0.00016900000000000004,36.96765527498609,127.87373396617475,4.0,0.11073969650268554,1.0,0.0,0.1954793930053711,0.5184113312987838,10.101339633977096,-7.285542786162405,0.0,0.0,0.0,-0.48404527812795767,0.10835083118394846,0.8604200379282871,0.11678023991780712,-0.0038746309394274117,-0.017278759594743863,-0.0022514747350726853,-8.580818749999999,0.9022117999999999,4.795451849999999
1789045863.733839,10.255,4.0,-1.7847190423425023,4,0,193,11.387772154609683,-1.1094842582859492,-7.9946195677541425,3.0,38.0,107.0,1.0,-0.1072460825310403,0.9879284422474038,51.0,5.42562544484386,26.130979942364352,-6.871984480483523,0.06039086973012502,-1.4861343606434856,0.0,-10.488288444017824,1.1252917448330217,0.007734279755114115,1.018196617179033,4.0,4.0,1.4447304920800506,-1.378413143744044,-0.41352394312321317,0.0,0.0,0.0,2.7647235608509297,3.869185653984764,,,6,3,3,4.078811168670654,-4,171,True,True,False,"A:1,B:1,ESTOP:0,MODE:1",DRIVE_RUN,,,,0,,,False,0,UNKNOWN,0.0,False,-9999.0,-1.0,-1.0,False,36.96765528,127.873734295,121.93199999999999,2,0.00015876,36.96765516354555,127.87373550729178,4.0,0.033075029945373535,1.0,0.0,0.04095005989074707,0.10859955883026123,9.896380815043221,-6.871984480483523,0.0,0.0,0.0,-0.4843348858275827,0.10833676890059366,0.8601850812748667,0.11732215829378881,0.048659779545601904,0.02799508120198905,0.013788101090755204,-9.492837199999999,-0.7256921,5.874183349999999
1789045863.783808,10.305,4.0,-1.7966712749279388,4,0,193,11.49559519400199,-1.122447908518121,-8.069305693829563,3.0,38.0,107.0,1.0,-0.10309188123053706,0.8635626294389331,51.0,5.263805731681574,26.02257986620222,-6.871984480483523,0.06039086973012502,1.6509351002241686,0.0,-10.488288444017824,1.1252917448330217,0.007734279755114115,1.018196617179033,4.0,4.0,1.4447304920800506,-1.383775447870596,-0.41513263436117875,0.0,0.0,0.0,2.7647235608509297,3.716234646017272,,,6,3,3,4.006378173828125,-4,328,True,True,False,"A:1,B:1,ESTOP:0,MODE:1",DRIVE_RUN,,,,0,,,False,0,UNKNOWN,0.0,False,-9999.0,-1.0,-1.0,False,36.96765528,127.873734295,121.93199999999999,2,0.00015876,36.96765502161841,127.8737369868359,4.0,0.05806332359313965,1.0,0.0,0.0909266471862793,0.24113746750827283,9.896380815043221,-6.871984480483523,0.0,0.0,0.0,-0.4841049076196095,0.10872373451444788,0.8602321563787508,0.11756795951195767,-0.024486969405480445,0.028274333882308142,-0.0046251225177849735,-7.1000146,0.50013915,4.618932149999999
1789045863.833795,10.355,4.0,-1.732526370369285,4,0,198,11.627188054546764,-1.138247165304146,-7.986981015611917,3.0,38.0,107.0,1.0,-0.09799989622390098,0.9224290313186796,52.0,5.568551316589308,25.89028902585183,-6.871984480483523,0.06039086973012502,0.28324784832039973,0.0,-10.488288444017824,1.1252917448330217,0.007734279755114115,1.018196617179033,4.0,4.0,1.4447304920800506,-1.3889300419321229,-0.41667901257963685,0.0,0.0,0.0,2.7647235608509297,3.716234646017272,,,6,3,3,4.083806037902832,-4,271,True,True,False,"A:1,B:1,ESTOP:0,MODE:1",DRIVE_RUN,,,,0,,,False,0,UNKNOWN,0.0,False,-9999.0,-1.0,-1.0,False,36.96765528,127.873734295,121.93199999999999,2,0.00015876,36.967654879380234,127.87373846618286,4.0,0.0830491138458252,1.0,0.0,0.1408982276916504,0.3736620972965524,9.896380815043221,-6.871984480483523,0.0,0.0,0.0,-0.48400119523042423,0.10865539099085016,0.8602051595460125,0.11825367865130221,0.0006457718232379018,0.012723450247038663,-0.006387905062299246,-7.22750105,0.02941995,3.8638201
1789045863.883894,10.405,4.0,-1.734359153120575,4,0,193,11.758763380526554,-1.1540810469137799,-7.972818771765304,3.0,39.0,107.0,1.0,-0.09294486273047725,0.8327748175584397,52.0,5.436015275866826,25.758011739838466,-6.871984480483523,0.06039086973012502,-1.0483793444018714,0.0,-10.488288444017824,1.1252917448330217,0.007734279755114115,1.018196617179033,4.0,4.0,1.4447304920800506,-1.3938300367433178,-0.41814901102299534,0.0,0.0,0.0,2.5546306145614044,3.716234646017272,,,6,3,3,3.9077553749084473,-4,175,True,True,False,"A:1,B:1,ESTOP:0,MODE:1",DRIVE_RUN,,,,0,,,False,0,UNKNOWN,0.0,False,-9999.0,-1.0,-1.0,False,36.96765528,127.873734295,121.93199999999999,2,0.00015876,36.96765473626461,127.8737399459701,4.0,0.1080444408416748,1.0,0.0,0.1908888816833496,0.5062372783551575,9.896380815043221,-6.871984480483523,0.0,0.0,0.0,-0.48444801338841675,0.10898856546493102,0.8598520884372602,0.11868445952185466,0.01942551457469689,0.01884955592153876,-0.021467549799530253,-9.1005712,1.5200307499999999,6.14876955
1789045863.933820,10.455,4.0,-1.879145210940215,4,0,193,11.941877649025795,-1.197241124065749,-8.076657410020346,3.0,39.0,107.0,1.0,-0.11327755412213593,0.8113114670891038,52.0,5.303492409633826,25.570120897370305,-8.999513511103906,-0.05133473696693045,-3.3646214652751607,0.0,-10.488288444017824,1.1252917448330217,0.007734279755114115,1.018196617179033,4.0,4.0,1.4447304920800506,-1.3984772798798417,-0.4195431839639525,0.0,0.0,0.0,2.5546306145614044,3.716234646017272,,,6,3,3,3.9300997257232666,-4,169,True,True,False,"A:1,B:1,ESTOP:0,MODE:1",DRIVE_RUN,,,,0,,,False,0,UNKNOWN,0.0,False,-9999.0,-1.0,-1.0,False,36.967654491666664,127.873740525,121.91900000000001,2,0.00015876,36.96765433343654,127.87374177447967,4.0,0.03381376991271973,1.0,0.0,0.04242753982543945,0.11251783561706542,9.89953846929959,-8.999513511103906,0.0,0.0,0.0,-0.48438601166917805,0.10879690629598227,0.8598283327457589,0.11928395989108842,0.07405432016211941,0.011362093430483085,-0.005672320068981571,-9.826263299999999,0.46091255,5.6780503499999995
1789045863.983855,10.505,4.0,-2.1110783446706707,4,0,193,12.053008234687265,-1.2148552207125674,-8.244471987134858,3.0,39.0,107.0,1.0,-0.11736065447272491,0.9871783095283723,53.0,5.512491567267937,25.457634175131638,-8.999513511103906,-0.05133473696693045,-0.050331236158929815,0.0,-10.488288444017824,1.1252917448330217,0.007734279755114115,1.018196617179033,4.0,4.0,1.4447304920800506,-1.4041411575859486,-0.4212423472757846,0.0,0.0,0.0,2.5546306145614044,3.7185721422452738,,,6,3,3,3.906590461730957,-4,183,True,True,False,"A:1,B:1,ESTOP:0,MODE:1",DRIVE_RUN,,,,0,,,False,0,UNKNOWN,0.0,False,-9999.0,-1.0,-1.0,False,36.967654491666664,127.873740525,121.91900000000001,2,0.00015876,36.9676541466965,127.87374324640034,4.0,0.05880528221130371,1.0,0.0,0.09241056442260742,0.24507281441872614,9.89953846929959,-8.999513511103906,0.0,0.0,0.0,-0.48440177049753325,0.10902846423208912,0.8597614761075861,0.11949026289765952,0.011449359893082803,0.06274458660919616,-0.006492624817418906,-7.75706015,0.53936575,4.6679654
1789045864.034005,10.555,4.0,-2.198607497460026,4,0,193,12.183923054977313,-1.2356430267139544,-8.246987058554993,3.0,40.0,107.0,1.0,-0.12093326585010349,1.1949275090007194,53.0,5.400038010366353,25.325115321225383,-8.999513511103906,-0.05133473696693045,0.18236623839163063,0.0,-10.488288444017824,1.1252917448330217,0.007734279755114115,1.018196617179033,4.0,4.0,1.4447304920800506,-1.4100091903095848,-0.42300275709287544,0.0,0.0,0.0,2.5546306145614044,3.7185721422452738,,,6,3,3,4.097314357757568,-4,174,True,True,False,"A:1,B:1,ESTOP:0,MODE:1",DRIVE_RUN,,,,0,,,False,0,UNKNOWN,0.0,False,-9999.0,-1.0,-1.0,False,36.967654491666664,127.873740525,121.91900000000001,2,0.00015876,36.96765395751371,127.87374473837163,4.0,0.08413689861297607,1.0,0.0,0.14307379722595215,0.37943170771706225,9.89953846929959,-8.999513511103906,0.0,0.0,0.0,-0.4848257405197778,0.10928378464812882,0.8594605128177086,0.11970247553643869,0.011658799403322121,0.012967796342317869,0.009669124056048587,-8.159132799999998,0.6080123,3.3734875999999994
1789045864.084335,10.605,4.0,-1.9851122357297433,4,0,196,12.316621207388188,-1.2567027587972162,-8.237827232409359,3.0,40.0,107.0,1.0,-0.11893490335618617,1.2470834765326062,53.0,5.267563594146727,25.190793697592163,-8.999513511103906,-0.05133473696693045,-1.1598175039799463,0.0,-10.488288444017824,1.1252917448330217,0.007734279755114115,1.018196617179033,4.0,4.0,1.4447304920800506,-1.41605585360209,-0.42481675608062697,0.0,0.0,0.0,2.5546306145614044,3.7185721422452738,,,6,3,3,3.9819235801696777,-4,172,True,True,False,"A:1,B:1,ESTOP:0,MODE:1",DRIVE_RUN,,,,0,,,False,0,UNKNOWN,0.0,False,-9999.0,-1.0,-1.0,False,36.967654491666664,127.873740525,121.91900000000001,2,0.00015876,36.967653772894366,127.87374619190517,4.0,0.10881691703796387,1.0,0.0,0.19243383407592773,0.5103345213177013,9.89953846929959,-8.999513511103906,0.0,0.0,0.0,-0.4850460085372464,0.10944293258015461,0.8593161550445868,0.11970112693591906,0.021101030656611446,0.0056199601914217415,-0.020490165418413427,-9.12999115,1.6475172,5.6682437
1789045864.133983,10.655,4.0,-2.134464844956569,4,0,193,12.502060812243778,-1.2825860669499778,-8.31753645653123,3.0,40.0,107.0,1.0,-0.1126480726829254,1.089666033484982,54.0,5.5442678661938665,25.00372538126053,-8.662505984627483,-0.021233937610905685,-0.8405885846929351,0.0,-10.488288444017824,1.1252917448330217,0.007734279755114115,1.018196617179033,4.0,4.0,1.4447304920800506,-1.4220025987698992,-0.42660077963096976,0.0,0.0,0.0,2.5546306145614044,3.7185721422452738,,,6,3,3,4.036917686462402,-4,190,True,True,False,"A:1,B:1,ESTOP:0,MODE:1",DRIVE_RUN,,,,0,,,False,0,UNKNOWN,0.0,False,-9999.0,-1.0,-1.0,False,36.967653725,127.87374682333333,121.91999999999999,2,0.00016900000000000004,36.967653595207715,127.87374789152886,4.0,0.03111826229095459,1.0,0.0,0.03623652458190918,0.09609926319122315,10.030706916314928,-8.662505984627483,0.0,0.0,0.0,-0.4851052778816282,0.10897890824982326,0.8593077438775133,0.11994443813784311,0.032934362985133,-0.012147491593880533,0.014800392056911913,-9.80665,-0.55897905,5.864376699999999
1789045864.184023,10.705,4.0,-2.2318510121297495,4,0,196,12.597067716373704,-1.2970344778678289,-8.359417941674735,3.0,41.0,107.0,1.0,-0.11223816884565303,1.1972566041795663,54.0,5.357049385523702,24.90767070266946,-8.662505984627483,-0.021233937610905685,-0.513652112809704,0.0,-10.488288444017824,1.1252917448330217,0.007734279755114115,1.018196617179033,4.0,4.0,1.4447304920800506,-1.4276350024040454,-0.4282905007212136,0.0,0.0,0.0,2.5546306145614044,3.8161942487594196,,,7,3,4,4.06795597076416,-4,276,True,True,False,"A:1,B:1,ESTOP:0,MODE:1",DRIVE_RUN,,,,0,,,False,0,UNKNOWN,0.0,False,-9999.0,-1.0,-1.0,False,36.967653725,127.87374682333333,121.91999999999999,2,0.00016900000000000004,36.96765341614462,127.87374936883323,4.0,0.056174266815185545,1.0,0.0,0.0863485336303711,0.2289963075122273,10.030706916314928,-8.662505984627483,0.0,0.0,0.0,-0.4849822355786365,0.10916323224626526,0.8593724763990588,0.11981054505528752,0.022008601867648494,0.009180431865490174,0.003787364476827695,-8.394492399999999,1.01008495,4.44241245
1789045864.233852,10.755,4.0,-2.1561799963120634,4,0,193,12.7284613707109,-1.316967690227385,-8.385104319212786,3.0,41.0,107.0,1.0,-0.1147241556185725,1.2670250626667303,54.0,5.260984866111901,24.774837370430685,-8.662505984627483,-0.021233937610905685,-0.8352316006736358,0.0,-10.488288444017824,1.1252917448330217,0.007734279755114115,1.018196617179033,4.0,4.0,1.4447304920800506,-1.433246910846328,-0.42997407325389836,0.0,0.0,0.0,2.5546306145614044,3.8161942487594196,,,6,3,3,4.3398590087890625,-4,171,True,True,False,"A:1,B:1,ESTOP:0,MODE:1",DRIVE_RUN,,,,0,,,False,0,UNKNOWN,0.0,False,-9999.0,-1.0,-1.0,False,36.967653725,127.87374682333333,121.91999999999999,2,0.00016900000000000004,36.967653238140784,127.8737508401981,4.0,0.08112846660614013,1.0,0.0,0.13625693321228027,0.3613533752846797,10.030706916314928,-8.662505984627483,0.0,0.0,0.0,-0.4852445061423077,0.10899554680821129,0.8592196977282203,0.11999687941989526,0.028815385950426382,-0.01137954672300303,0.007504915783575617,-9.2770909,0.0196133,3.7461403
1789045864.283891,10.805,4.0,-2.2678066413918794,4,0,193,12.859326757254028,-1.336782986771312,-8.426816673140848,3.5,41.0,107.0,1.0,-0.11716270096590391,1.2521526723419891,55.0,5.536871300934524,24.642545605844766,-8.662505984627483,-0.021233937610905685,1.4842173993895798,0.0,-10.488288444017824,1.1252917448330217,0.007734279755114115,1.018196617179033,4.0,4.0,1.4447304920800506,-1.4389831186272566,-0.43169493558817695,0.0,0.0,0.0,2.5546306145614044,3.8161942487594196,,,8,4,4,4.203135013580322,-4,181,True,True,False,"A:1,B:1,ESTOP:0,MODE:1",DRIVE_RUN,,,,0,,,False,0,UNKNOWN,0.0,False,-9999.0,-1.0,-1.0,False,36.967653725,127.87374682333333,121.91999999999999,2,0.00016900000000000004,36.967653030469315,127.87375256017084,4.0,0.10613070774078369,1.0,0.0,0.18626141548156738,0.5160672260692036,10.030706916314928,-8.662505984627483,0.0,0.0,0.0,-0.4847720041788813,0.10884297602089782,0.8594892241318257,0.12011487891421738,-0.018936822384138473,-0.003909537524467298,0.004136430327226561,-7.8649333,0.6472389,5.4721107
1789045864.333851,10.855,4.0,-2.102063309606202,4,0,193,13.073065190892201,-1.3556858656247517,-8.295996712778788,3.0,42.0,107.0,1.0,-0.10695899948253275,1.3300380134705083,55.0,5.404559291251822,24.42891971790327,-7.295305793335913,0.05657554399024605,0.5173310481288242,0.0,-10.488288444017824,1.1252917448330217,0.007734279755114115,1.018196617179033,4.0,4.0,1.4447304920800506,-1.4448412536755517,-0.4334523761026655,0.0,0.0,0.0,2.5546306145614044,3.8161942487594196,,,6,3,3,4.0521559715271,-4,282,True,True,False,"A:1,B:1,ESTOP:0,MODE:1",DRIVE_RUN,,,,0,,,False,0,UNKNOWN,0.0,False,-9999.0,-1.0,-1.0,False,36.967653068333334,127.87375324333334,121.917,2,0.00016900000000000004,36.967652937459306,127.87375452130865,4.0,0.03460537242889404,1.0,0.0,0.043210744857788086,0.11459489536285401,10.299838145281083,-7.295305793335913,0.0,0.0,0.0,-0.4844428467661939,0.10890396003509209,0.8596756135017117,0.12005371821062671,-0.007173303225696694,-0.02064724505109292,-0.006998770300497262,-8.404299049999999,0.5491724,5.9820565
1789045864.383873,10.905,4.0,-1.9829646101174376,4,0,193,13.186730222045346,-1.370254695786369,-8.270112177205931,3.0,42.0,107.0,1.0,-0.10559515970049059,1.1147844682158026,55.0,5.190128598613439,24.314499670036675,-7.295305793335913,0.05657554399024605,0.7952454002877664,0.0,-10.488288444017824,1.1252917448330217,0.007734279755114115,1.018196617179033,4.0,4.0,1.4447304920800506,-1.4501892036496784,-0.4350567610949035,0.0,0.0,0.0,2.5546306145614044,4.019692353718373,,,6,3,3,3.912705659866333,-4,171,True,True,False,"A:1,B:1,ESTOP:0,MODE:1",DRIVE_RUN,,,,0,,,False,0,UNKNOWN,0.0,False,-9999.0,-1.0,-1.0,False,36.967653068333334,127.87375324333334,121.917,2,0.00016900000000000004,36.967652784951085,127.87375599867929,4.0,0.05958496379852295,1.0,0.0,0.0931699275970459,0.24708661650536648,10.299838145281083,-7.295305793335913,0.0,0.0,0.0,-0.4841837771662388,0.10829019922415313,0.8598820211145862,0.12017575647742601,-0.03223623128433527,-0.07030186227033158,-0.03447025272688801,-7.7864801,0.12748644999999997,5.7663101999999995
1789045864.433857,10.955,4.0,-1.975850094950109,4,0,210,13.318129770109673,-1.3872318333080067,-8.230671129677376,3.0,43.0,107.0,1.0,-0.10415243093589314,1.0534160934758023,56.0,5.482980675522238,24.18220474055974,-7.295305793335913,0.05657554399024605,0.022244265321976323,0.0,-10.488288444017824,1.1252917448330217,0.007734279755114115,1.018196617179033,4.0,4.0,1.4447304920800506,-1.455468961634703,-0.4366406884904109,0.0,0.0,0.0,2.5546306145614044,4.019692353718373,,,6,3,3,3.589468240737915,-4,176,True,True,False,"A:1,B:1,ESTOP:0,MODE:1",DRIVE_RUN,,,,0,,,False,0,UNKNOWN,0.0,False,-9999.0,-1.0,-1.0,False,36.967653068333334,127.87375324333334,121.917,2,0.00016900000000000004,36.96765263136593,127.87375747736627,4.0,0.08458935070037842,1.0,0.0,0.14317870140075684,0.3797098169028069,10.299838145281083,-7.295305793335913,0.0,0.0,0.0,-0.4842294478551962,0.10851559585245844,0.8598275504538303,0.12017816260537412,0.011082840750163993,0.01153662635568252,0.0031066860685499066,-7.5118939,0.9120184499999999,6.5508422
1789045864.483825,11.005,4.0,-2.009281030134795,4,0,194,13.449646396437846,-1.404328854584991,-8.229548103745316,3.0,43.0,107.0,1.0,-0.1035308689886876,1.0175723488850097,56.0,5.350489359629322,24.049774994537657,-7.295305793335913,0.05657554399024605,-1.0054702603975723,0.0,-10.488288444017824,1.1252917448330217,0.007734279755114115,1.018196617179033,4.0,4.0,1.4447304920800506,-1.4606765831814976,-0.43820297495444926,0.0,0.0,0.0,2.5546306145614044,4.019692353718373,,,6,3,3,4.0316290855407715,-4,178,True,True,False,"A:1,B:1,ESTOP:0,MODE:1",DRIVE_RUN,,,,0,,,False,0,UNKNOWN,0.0,False,-9999.0,-1.0,-1.0,False,36.967653068333334,127.87375324333334,121.917,2,0.00016900000000000004,36.96765247797797,127.8737589548308,4.0,0.1095728759765625,1.0,0.0,0.193145751953125,0.5122224068396828,10.299838145281083,-7.295305793335913,0.0,0.0,0.0,-0.48636110958085355,0.10894418903362989,0.8585050856566621,0.12063603385694108,0.02623229865747477,-0.027838001569309555,-0.000767944870877505,-10.1204628,-0.45110589999999995,3.3146477
1789045864.533819,11.055,4.0,-2.1645507607695595,4,0,192,13.659930801368017,-1.4395465485089287,-8.274498270782942,3.0,43.0,107.0,1.0,-0.11104008110166158,1.021373969066937,56.0,5.217866869498284,23.83659491034865,-8.132277909246815,0.004863509724924598,-0.15481962530813903,0.0,-10.488288444017824,1.1252917448330217,0.007734279755114115,1.018196617179033,4.0,4.0,1.4447304920800506,-1.465853126630932,-0.4397559379892796,0.0,0.0,0.0,2.5546306145614044,4.019692353718373,,,8,4,4,3.933027505874634,-4,170,True,True,False,"A:1,B:1,ESTOP:0,MODE:1",DRIVE_RUN,,,,0,,,False,0,UNKNOWN,0.0,False,-9999.0,-1.0,-1.0,False,36.967652315,127.87375984166667,121.924,2,0.00016900000000000004,36.96765216832976,127.87376113040315,4.0,0.034828651428222654,1.0,0.0,0.04365730285644531,0.11577916717529298,10.714988009745971,-8.132277909246815,0.0,0.0,0.0,-0.4853297130563472,0.10968837336544898,0.8589976899771502,0.12060886777930271,0.02076941809873252,-0.02988003679414292,0.02028072590817411,-8.306232549999999,1.95152335,4.7268053
1789045864.583818,11.105,4.0,-2.225852360278398,4,0,192,13.774552947012095,-1.4558738055777218,-8.282232785087842,3.5,44.0,107.0,1.0,-0.11229573884872564,1.2104492435814536,57.0,5.40852530667039,23.720918908159366,-8.132277909246815,0.004863509724924598,-1.0464416543554405,0.0,-10.488288444017824,1.1252917448330217,0.007734279755114115,1.018196617179033,4.0,4.0,1.4447304920800506,-1.4714051306860152,-0.44142153920580457,0.0,0.0,0.0,2.5546306145614044,4.3420301306734395,,,7,4,3,3.886251926422119,-4,205,True,True,False,"A:1,B:1,ESTOP:0,MODE:1",DRIVE_RUN,,,,0,,,False,0,UNKNOWN,0.0,False,-9999.0,-1.0,-1.0,False,36.967652315,127.87375984166667,121.924,2,0.00016900000000000004,36.967651972856686,127.87376285123166,4.0,0.05981122303009033,1.0,0.0,0.09362244606018066,0.2703713179037019,10.714988009745971,-8.132277909246815,0.0,0.0,0.0,-0.4848174185861029,0.10974965005155374,0.8592714128600346,0.12066368132370697,0.02652900463031381,0.008045967851693859,-0.0070685834705770355,-8.44352565,0.37265269999999995,5.3740442
1789045864.633871,11.155,4.0,-2.101393482272349,4,0,193,13.927606001796377,-1.4776337682628093,-8.334397887985148,4.0,44.0,107.0,1.0,-0.11521959291335206,1.2409951313339793,57.0,5.292765736572111,23.566467842448258,-8.132277909246815,0.004863509724924598,0.2642626822470352,0.0,-10.488288444017824,1.1252917448330217,0.007734279755114115,1.018196617179033,4.0,4.0,1.4447304920800506,-1.4770199176284515,-0.44310597528853546,0.0,0.0,0.0,2.5546306145614044,4.3420301306734395,,,8,4,4,4.163575172424316,-4,178,True,True,False,"A:1,B:1,ESTOP:0,MODE:1",DRIVE_RUN,,,,0,,,False,0,UNKNOWN,0.0,False,-9999.0,-1.0,-1.0,False,36.967652315,127.87375984166667,121.924,2,0.00016900000000000004,36.967651749166606,127.87376482131617,4.0,0.08483706760406494,1.0,0.0,0.14367413520812988,0.44735408910976987,10.714988009745971,-8.132277909246815,0.0,0.0,0.0,-0.485088828115281,0.11029781700286535,0.8590756776940014,0.12046659452619221,0.00916297857297023,0.004136430327226561,0.009459684545809267,-9.326124149999998,1.53964405,2.9321883499999997
1789045864.683835,11.205,4.0,-2.1599418885755797,4,0,193,14.102828257473085,-1.5025348340408178,-8.321096937318117,4.0,44.0,107.0,1.0,-0.11855628579000325,1.1707363332260736,58.0,5.554956749272312,23.389649339124574,-8.132277909246815,0.004863509724924598,0.04157265864262527,0.0,-10.488288444017824,1.1252917448330217,0.007734279755114115,1.018196617179033,4.0,4.0,1.4447304920800506,-1.4827808972741192,-0.44483426918223573,0.0,0.0,0.0,2.5546306145614044,4.3420301306734395,,,8,4,4,4.290166854858398,-4,175,True,True,False,"A:1,B:1,ESTOP:0,MODE:1",DRIVE_RUN,,,,0,,,False,0,UNKNOWN,0.0,False,-9999.0,-1.0,-1.0,False,36.96765150833333,127.87376652,121.947,2,0.00016900000000000004,36.96765150833333,127.87376652,4.0,0.013000000000000001,1.0,1.0,0.0,0.0,10.853937590177788,-8.596845798959858,0.0,0.0,0.0,-0.4849887433483709,0.11020618870189618,0.8591387575938496,0.12050356840055321,0.011885692206081384,-0.001186823891356144,0.007138396640656807,-8.119906199999999,-0.53936575,4.3737658999999995
1789045864.733796,11.255,4.0,-2.300040060704698,4,0,192,14.253911731786683,-1.5293442713933134,-8.332816800989463,4.0,45.0,107.0,1.0,-0.12315922782004726,1.1878600572550218,58.0,5.3779977761629025,23.23621163883272,-8.596845798959858,-0.013787443082087236,0.21751196224981215,0.0,-10.488288444017824,1.1252917448330217,0.007734279755114115,1.018196617179033,4.0,4.0,1.4447304920800506,-1.4887087115636193,-0.44661261346908576,0.0,0.0,0.0,2.5546306145614044,4.3420301306734395,,,7,3,4,4.2696099281311035,-4,174,True,True,False,"A:1,B:1,ESTOP:0,MODE:1",DRIVE_RUN,,,,0,,,False,0,UNKNOWN,0.0,False,-9999.0,-1.0,-1.0,False,36.96765150833333,127.87376652,121.947,2,0.00016900000000000004,36.96765128346511,127.87376838154759,4.0,0.03667794513702392,1.0,0.0,0.04735589027404785,0.1674504280090332,10.853937590177788,-8.596845798959858,0.0,0.0,0.0,-0.4853202053821113,0.11032409531601048,0.858937960166579,0.12049262560607413,0.008412486994612669,0.04991641660703782,-0.0004014257279586958,-8.5317855,1.2552512,4.7366119499999995
1789045864.783837,11.305,4.0,-2.241509743848792,4,0,192,14.419480551562732,-1.5543764875397459,-8.321936131077251,4.0,45.0,107.0,1.0,-0.12087041846596801,1.285564040929645,58.0,5.224760442464225,23.068861127949912,-8.596845798959858,-0.013787443082087236,0.6637094386487927,0.0,-10.488288444017824,1.1252917448330217,0.007734279755114115,1.018196617179033,4.0,4.0,1.4447304920800506,-1.4948666729546216,-0.44846000188638646,0.0,0.0,0.0,2.5546306145614044,4.452200643569257,,,8,4,4,4.320794582366943,-4,190,True,True,False,"A:1,B:1,ESTOP:0,MODE:1",DRIVE_RUN,,,,0,,,False,0,UNKNOWN,0.0,False,-9999.0,-1.0,-1.0,False,36.96765150833333,127.87376652,121.947,2,0.00016900000000000004,36.967651046402416,127.87377034640099,4.0,0.061669219017028806,1.0,0.0,0.09733843803405762,0.3441887155387807,10.853937590177788,-8.596845798959858,0.0,0.0,0.0,-0.4860459813085467,0.11019476087390273,0.8584803570069741,0.12094583648449317,0.002181661564992912,0.029740410453983374,0.00747000919853573,-7.256920999999999,-0.9414384,4.609125499999999
1789045864.833812,11.355,4.0,-2.306528257447243,4,0,193,14.5942375440583,-1.580766185814092,-8.288732651357549,3.5,46.0,107.0,1.0,-0.11909609822541821,1.2831542414130233,59.0,5.471868950869506,22.892230980771394,-8.596845798959858,-0.013787443082087236,-0.18616491991082057,0.0,-10.488288444017824,1.1252917448330217,0.007734279755114115,1.018196617179033,4.0,4.0,1.4447304920800506,-1.50091019387792,-0.4502730581633759,0.0,0.0,0.0,2.5546306145614044,4.452200643569257,,,6,3,3,4.439260005950928,-4,170,True,True,False,"A:1,B:1,ESTOP:0,MODE:1",DRIVE_RUN,,,,0,,,False,0,UNKNOWN,0.0,False,-9999.0,-1.0,-1.0,False,36.96765150833333,127.87376652,121.947,2,0.00016900000000000004,36.96765083865366,127.87377206278569,4.0,0.08662067699432373,1.0,0.0,0.14724135398864746,0.4985883295078028,10.853937590177788,-8.596845798959858,0.0,0.0,0.0,-0.4869457158703097,0.11032109667033703,0.8579243698078061,0.1211565149502272,-0.0002617993877991494,0.02345722514680379,-0.026459191460234035,-10.1204628,-0.99047165,6.0801229999999995
1789045864.883783,11.405,4.0,-2.2150552169433286,4,0,193,14.746895360167262,-1.6038926714434,-8.298002051447327,3.0,46.0,107.0,1.0,-0.12065508994049107,1.3016274627335684,59.0,5.295197355914068,22.737924640407424,-8.596845798959858,-0.013787443082087236,-0.5233330463272894,0.0,-10.488288444017824,1.1252917448330217,0.007734279755114115,1.018196617179033,4.0,4.0,1.4447304920800506,-1.506864998789191,-0.45205949963675723,0.0,0.0,0.0,2.5546306145614044,4.452200643569257,,,6,3,3,4.244109153747559,-3,169,True,True,False,"A:1,B:1,ESTOP:0,MODE:1",DRIVE_RUN,,,,0,,,False,0,UNKNOWN,0.0,False,-9999.0,-1.0,-1.0,False,36.96765150833333,127.87376652,121.947,2,0.00016900000000000004,36.967650660254236,127.87377353850466,4.0,0.1116483097076416,1.0,0.0,0.1972966194152832,0.6313348930370613,10.853937590177788,-8.596845798959858,0.0,0.0,0.0,-0.48619260106120843,0.11047441969808557,0.8583460118121969,0.1210548688479893,0.032934362985133,-0.06211626807847819,0.033649947978450674,-9.03192465,0.77472535,6.6587153500000005
1789045864.933811,11.455,4.0,-2.233475473885676,4,0,192,14.846262067735799,-1.613761552172996,-8.31485750027747,3.0,46.0,107.0,1.0,-0.11653635038807589,1.2676752951143089,60.0,5.55589670614596,22.638441759061667,-8.110745365991963,0.00936283427276834,-1.3852497223980553,0.0,-10.488288444017824,1.1252917448330217,0.007734279755114115,1.018196617179033,4.0,4.0,1.4447304920800506,-1.5128977532862153,-0.4538693259858646,0.0,0.0,0.0,2.5546306145614044,4.452200643569257,,,8,4,4,4.213032245635986,-2,176,True,True,False,"A:1,B:1,ESTOP:0,MODE:1",DRIVE_RUN,,,,0,,,False,0,UNKNOWN,0.0,False,-9999.0,-1.0,-1.0,False,36.96765075,127.87377318,121.936,2,0.00015876,36.96765062395251,127.87377428587827,4.0,0.03133195171356201,1.0,0.0,0.03746390342712402,0.09935427188873291,10.626812313154044,-8.110745365991963,0.0,0.0,0.0,-0.48557941833795626,0.11116244412331407,0.8585809889294492,0.12121973829385947,0.034714598822167216,0.028134707542148595,-0.00757472895365539,-6.756781849999999,0.65704555,4.0011132
1789045864.983788,11.505,4.0,-2.3506739363892133,4,0,200,14.94462053086622,-1.6277930944521006,-8.384587251361296,4.0,47.0,107.0,1.0,-0.11668034345533478,1.2596712975461735,60.0,5.4560697015074755,22.539183667240707,-8.110745365991963,0.00936283427276834,-0.714074275080129,0.0,-10.488288444017824,1.1252917448330217,0.007734279755114115,1.018196617179033,4.0,4.0,1.4447304920800506,-1.5187245708056192,-0.4556173712416857,0.0,0.0,0.0,2.5546306145614044,4.272711618207485,,,8,4,4,3.8993589878082275,-3,172,True,True,False,"A:1,B:1,ESTOP:0,MODE:1",DRIVE_RUN,,,,0,,,False,0,UNKNOWN,0.0,False,-9999.0,-1.0,-1.0,False,36.96765075,127.87377318,121.936,2,0.00015876,36.96765039779291,127.8737762513458,4.0,0.05630582103729248,1.0,0.0,0.08741164207458496,0.27596941924275364,10.626812313154044,-8.110745365991963,0.0,0.0,0.0,-0.48581184760426416,0.11163652173361369,0.8582670911300883,0.1220726669883487,-0.005899212871740834,-0.028693212902786775,-0.04769984845700503,-8.669078599999999,3.4617474499999994,5.4034641500000005
1789045865.033804,11.555,4.0,-2.4793326291093667,4,0,193,15.119432145560324,-1.6529690659055996,-8.420226577104614,4.0,47.0,107.0,1.0,-0.11725744039949124,1.3491287353111492,60.0,5.356732867563367,22.36273124163966,-8.110745365991963,0.00936283427276834,-11.976021567134628,0.0,-10.488288444017824,1.1252917448330217,0.007734279755114115,1.018196617179033,4.0,4.0,1.4447304920800506,-1.5245585879783858,-0.4573675763935157,0.0,0.0,0.0,2.5546306145614044,4.272711618207485,,,8,4,4,3.7257730960845947,-3,171,True,True,False,"A:1,B:1,ESTOP:0,MODE:1",DRIVE_RUN,,,,0,,,False,0,UNKNOWN,0.0,False,-9999.0,-1.0,-1.0,False,36.96765075,127.87377318,121.936,2,0.00015876,36.96765017065081,127.87377822240123,4.0,0.08135145435333252,1.0,0.0,0.13750290870666504,0.45309211228588037,10.626812313154044,-8.110745365991963,0.0,0.0,0.0,-0.4847583566890402,0.1114382347452301,0.8585820608528991,0.12420829375930287,0.2655343923984173,-0.06251769380643689,0.03913028182971287,-5.12887795,-7.5707338,14.48442205
1789045865.083814,11.605,4.0,-3.009906206087517,4,0,196,15.294740755778138,-1.6782544082982123,-9.01809054401727,4.0,47.0,107.0,1.0,-0.11789359523379289,1.4243082518210508,60.0,5.1801550803630105,22.185772749835863,-8.110745365991963,0.00936283427276834,-6.078429703826586,0.0,-10.488288444017824,1.1252917448330217,0.007734279755114115,1.018196617179033,4.0,4.0,1.4447304920800506,-1.5304214599983603,-0.4591264379995081,0.0,0.0,0.0,2.5546306145614044,4.272711618207485,,,8,4,4,3.1324288845062256,-3,235,True,True,False,"A:1,B:1,ESTOP:0,MODE:1",DRIVE_RUN,,,,0,,,False,0,UNKNOWN,0.0,False,-9999.0,-1.0,-1.0,False,36.96765075,127.87377318,121.936,2,0.00015876,36.96764993942522,127.87378019202293,4.0,0.1063885046005249,1.0,0.0,0.1875770092010498,0.6301535337203358,10.626812313154044,-8.110745365991963,0.0,0.0,0.0,-0.4861030207851041,0.11621279603288848,0.8571477025782883,0.1244839555387659,0.05073672135547516,0.011065387457644049,-0.14474015486788974,-9.924329799999999,6.9333015499999995,2.0593964999999996
1789045865.133819,11.655,4.0,-3.389751808173253,4,0,192,15.448692440270623,-1.700405222161784,-9.29124782115261,4.0,48.0,107.0,1.0,-0.11815868022127184,2.017350998592946,61.0,5.416683274769294,22.030384412519997,-8.184358177942167,0.04168661830375556,-1.294674934148219,0.0,-10.488288444017824,1.1252917448330217,0.007734279755114115,1.018196617179033,4.0,4.0,1.4447304920800506,-1.53631613976005,-0.460894841928015,0.0,0.0,0.0,2.5546306145614044,4.272711618207485,,,8,4,4,3.515423059463501,-3,178,True,True,False,"A:1,B:1,ESTOP:0,MODE:1",DRIVE_RUN,,,,0,,,False,0,UNKNOWN,0.0,False,-9999.0,-1.0,-1.0,False,36.96764997166667,127.87377995333334,121.93799999999999,2,0.00015876,36.96764978792892,127.87378157155003,4.0,0.033156092262268066,1.0,0.0,0.04111218452453613,0.14537268447875976,10.69247307219395,-8.184358177942167,0.0,0.0,0.0,-0.4840274751234744,0.11559491412301702,0.8580686231280391,0.12678113880872838,0.06754424205218056,-0.1538333202707802,0.08162904911577479,-6.854848349999999,-1.8142302499999998,3.4225208499999997
1789045865.183808,11.705,4.0,-3.3192519861659675,4,0,194,15.592619046582543,-1.7208588145745107,-9.354920282994016,4.0,48.0,107.0,1.0,-0.11779993640811114,2.325593601914601,61.0,5.261180562462403,21.88516400877787,-8.184358177942167,0.04168661830375556,0.24764025209431853,0.0,-10.488288444017824,1.1252917448330217,0.007734279755114115,1.018196617179033,4.0,4.0,1.4447304920800506,-1.5422240737711135,-0.46266722213133404,0.0,0.0,0.0,2.5546306145614044,4.324286346606339,,,7,3,4,3.04689621925354,-3,170,True,True,False,"A:1,B:1,ESTOP:0,MODE:1",DRIVE_RUN,,,,0,,,False,0,UNKNOWN,0.0,False,-9999.0,-1.0,-1.0,False,36.96764997166667,127.87377995333334,121.93799999999999,2,0.00015876,36.96764956201932,127.87378353284895,4.0,0.05807750949859619,1.0,0.0,0.09095501899719238,0.32161678596197935,10.69247307219395,-8.184358177942167,0.0,0.0,0.0,-0.481142089716353,0.11549528532616783,0.8596727585625931,0.12698770316920321,-0.07599163563183312,0.03420845333908886,-0.14805628044667898,-4.295312699999999,1.4317708999999998,6.1585762
1789045865.233801,11.755,4.0,-3.426978630071341,4,0,222,15.76705989869524,-1.7460069564496232,-9.342438205944944,3.5,49.0,107.0,1.0,-0.11771957783340836,2.3716227378224657,62.0,5.537525721463772,21.70909104836211,-8.184358177942167,0.04168661830375556,-1.51047818712573,0.0,-10.488288444017824,1.1252917448330217,0.007734279755114115,1.018196617179033,4.0,4.0,1.4447304920800506,-1.548114070591519,-0.4644342211774557,0.0,0.0,0.0,2.5546306145614044,4.324286346606339,,,7,4,3,4.059560298919678,-3,262,True,True,False,"A:1,B:1,ESTOP:0,MODE:1",DRIVE_RUN,,,,0,,,False,0,UNKNOWN,0.0,False,-9999.0,-1.0,-1.0,False,36.96764997166667,127.87377995333334,121.93799999999999,2,0.00015876,36.967649358567684,127.8737852541146,4.0,0.08308690319061279,1.0,0.0,0.14097380638122559,0.4763738066108669,10.69247307219395,-8.184358177942167,0.0,0.0,0.0,-0.4837995375451696,0.11436360828554137,0.8579988913315384,0.1292163884530223,0.03789109806079689,-0.013177235852557189,-0.00020943951023931956,-9.60071035,-3.0890947499999997,0.35303939999999995
1789045865.284273,11.805,4.0,-3.6262406878341866,4,0,207,15.920151833372367,-1.7686550887705426,-9.417852925078876,3.5,49.0,107.0,1.0,-0.11668149184223624,2.399249199296254,62.0,5.36132273767368,21.55446122035137,-8.184358177942167,0.04168661830375556,-5.167369126440089,0.0,-10.488288444017824,1.1252917448330217,0.007734279755114115,1.018196617179033,4.0,4.0,1.4447304920800506,-1.5540000494831894,-0.46620001484495677,0.0,0.0,0.0,2.5546306145614044,4.324286346606339,,,8,4,4,4.176165580749512,-3,170,True,True,False,"A:1,B:1,ESTOP:0,MODE:1",DRIVE_RUN,,,,0,,,False,0,UNKNOWN,0.0,False,-9999.0,-1.0,-1.0,False,36.96764896166667,127.873787,121.95500000000001,2,0.00015876,36.96764896166667,127.873787,4.0,0.0126,1.0,1.0,0.0,0.0,11.465018389219901,-10.170259097874771,0.0,0.0,0.0,-0.4829897047581485,0.11509703728176005,0.8580703928737119,0.13110613250398043,0.018657569703819384,-0.10761700167797036,-0.15173892516838702,-11.40513395,3.26561445,2.4124358999999997
1789045865.333871,11.855,4.0,-4.025660578030203,4,0,200,16.07543348548506,-1.812837907674042,-9.714409394168342,3.5,49.0,107.0,1.0,-0.1363313975980538,2.518412010022997,62.0,5.206617197606618,21.39366669934567,-10.170259097874771,-0.03762030863979504,-0.6978860839057794,0.0,-10.488288444017824,1.1252917448330217,0.007734279755114115,1.018196617179033,4.0,4.0,1.4447304920800506,-1.559834124075301,-0.4679502372225903,0.0,0.0,0.0,2.5546306145614044,4.324286346606339,,,7,4,3,4.949687480926514,-3,185,True,True,False,"A:1,B:1,ESTOP:0,MODE:1",DRIVE_RUN,,,,0,,,False,0,UNKNOWN,0.0,False,-9999.0,-1.0,-1.0,False,36.96764896166667,127.873787,121.95500000000001,2,0.00015876,36.96764873463697,127.87378859227725,4.0,0.035847718811035156,1.0,0.0,0.04649543762207031,0.14385688400268554,11.465018389219901,-10.170259097874771,0.0,0.0,0.0,-0.4804167146508162,0.11377581516330393,0.8590116687855973,0.13547618631414549,0.03577924966588375,-0.10604620535117545,0.03904301536711315,-4.75622525,-1.96133,-1.67693715
1789045865.383836,11.905,4.0,-4.242050684861256,4,0,226,16.21705300033687,-1.8381107384627748,-9.75001431254114,3.5,50.0,107.0,1.0,-0.13911403056347113,3.0418596781571705,63.0,5.462431155236277,21.249817753814014,-10.170259097874771,-0.03762030863979504,-0.40463958080007795,0.0,-10.488288444017824,1.1252917448330217,0.007734279755114115,1.018196617179033,4.0,4.0,1.4447304920800506,-1.5666506939552038,-0.46999520818656115,0.0,0.0,0.0,2.5546306145614044,4.950317019612255,,,7,4,3,5.463993072509766,-3,183,True,True,False,"A:1,B:1,ESTOP:0,MODE:1",DRIVE_RUN,,,,0,,,False,0,UNKNOWN,0.0,False,-9999.0,-1.0,-1.0,False,36.96764896166667,127.873787,121.95500000000001,2,0.00015876,36.96764849127183,127.87379030515565,4.0,0.060853536224365234,1.0,0.0,0.09650707244873047,0.2985928683255748,11.465018389219901,-10.170259097874771,0.0,0.0,0.0,-0.4843772412181675,0.11824499818410507,0.8562567912066735,0.13498561444379698,0.021170843826691217,0.13056808134169579,-0.011938052083641215,-9.46341725,2.5006957499999998,-0.22555294999999997
1789045865.433847,11.955,4.0,-4.473459591398064,4,0,208,16.369398960801316,-1.865202021483961,-9.770010876717294,3.5,50.0,107.0,1.0,-0.14070305228028449,3.170603256117884,63.0,5.318841363284745,21.095091444107332,-10.170259097874771,-0.03762030863979504,2.0818277346034217,0.0,-10.488288444017824,1.1252917448330217,0.007734279755114115,1.018196617179033,4.0,4.0,1.4447304920800506,-1.5736063954833774,-0.4720819186450132,0.0,0.0,0.0,2.5546306145614044,4.950317019612255,,,8,4,4,5.9566330909729,-3,173,True,True,False,"A:1,B:1,ESTOP:0,MODE:1",DRIVE_RUN,,,,0,,,False,0,UNKNOWN,0.0,False,-9999.0,-1.0,-1.0,False,36.96764896166667,127.873787,121.95500000000001,2,0.00015876,36.96764825002575,127.87379201707186,4.0,0.08583908805847168,1.0,0.0,0.14647817611694336,0.4532033161019374,11.465018389219901,-10.170259097874771,0.0,0.0,0.0,-0.48976865337234593,0.11787064180646747,0.8531807048774599,0.13533611047599645,0.0030368728984701333,-0.025848326222036023,0.06819001387541845,-9.26728425,1.2748645,1.0296982499999998
1789045865.483799,12.005,4.0,-4.1001818900846425,4,0,196,16.52165934278052,-1.8920574119690026,-9.665893282896661,4.0,50.0,107.0,1.0,-0.14207353025690092,3.295519656339513,63.0,5.164403287545747,20.94049328578797,-10.170259097874771,-0.03762030863979504,-0.3253745818919102,0.0,-10.488288444017824,1.1252917448330217,0.007734279755114115,1.018196617179033,4.0,4.0,1.4447304920800506,-1.5806415480973917,-0.4741924644292175,0.0,0.0,0.0,2.5546306145614044,4.950317019612255,,,8,4,4,5.839812278747559,-7,266,True,True,False,"A:1,B:1,ESTOP:0,MODE:1",DRIVE_RUN,,,,0,,,False,0,UNKNOWN,0.0,False,-9999.0,-1.0,-1.0,False,36.96764896166667,127.873787,121.95500000000001,2,0.00015876,36.96764797860368,127.87379397578523,4.0,0.11084073314666748,1.0,0.0,0.19648146629333496,0.6300139462289474,11.465018389219901,-10.170259097874771,0.0,0.0,0.0,-0.4878079812351531,0.11966064122340804,0.8542373525930198,0.1341761894680125,0.024486969405480445,-0.19847884253679515,0.04600687908257053,-5.42307745,2.2555295,2.7850885999999995
1789045865.533792,12.055,4.0,-4.490928058998135,4,0,213,16.660075559426684,-1.9274969831863775,-9.75369201686226,4.0,51.0,107.0,1.0,-0.15701423182515614,3.0846615620582476,64.0,5.429450616712903,20.797900651201566,-11.095928942102988,-0.07150178296031698,1.9977240805187502,0.0,-10.488288444017824,1.1252917448330217,0.007734279755114115,1.018196617179033,4.0,4.0,1.4447304920800506,-1.5877452246102366,-0.47632356738307097,0.0,0.0,0.0,2.5546306145614044,4.950317019612255,,,8,4,4,5.340300559997559,-4,195,True,True,False,"A:1,B:1,ESTOP:0,MODE:1",DRIVE_RUN,,,,0,,,False,0,UNKNOWN,0.0,False,-9999.0,-1.0,-1.0,False,36.96764793166667,127.87379357333333,121.94900000000001,2,0.00015876,36.967647675243995,127.87379520282619,4.0,0.033487136459350586,1.0,0.0,0.04177427291870117,0.14771382904052732,11.11683437807145,-11.095928942102988,0.0,0.0,0.0,-0.4874073116727241,0.1199430457030117,0.8544182596960243,0.13422822286490516,-0.04310963252425994,0.11611675513518274,-0.038641589639154456,-5.560370549999999,-1.57887065,8.0022264
1789045865.583859,12.105,4.0,-4.252508950207242,4,0,211,16.805005085220163,-1.956041824607881,-9.653937841681909,4.0,51.0,107.0,1.0,-0.16698466434435874,3.3820346516970226,64.0,5.287920095751999,20.650191106555226,-11.095928942102988,-0.07150178296031698,-1.5713942368447784,0.0,-10.488288444017824,1.1252917448330217,0.007734279755114115,1.018196617179033,4.0,4.0,1.4447304920800506,-1.5955959362014944,-0.4786787808604483,0.0,0.0,0.0,2.5546306145614044,4.663781782044845,,,8,4,4,5.082295894622803,-4,176,True,True,False,"A:1,B:1,ESTOP:0,MODE:1",DRIVE_RUN,,,,0,,,False,0,UNKNOWN,0.0,False,-9999.0,-1.0,-1.0,False,36.96764793166667,127.87379357333333,121.94900000000001,2,0.00015876,36.96764736307979,127.8737971527239,4.0,0.058497603034973145,1.0,0.0,0.09179520606994629,0.3245874140737403,11.11683437807145,-11.095928942102988,0.0,0.0,0.0,-0.48926265176605915,0.12114696046687293,0.8531638328667157,0.13437613569624848,-0.018203784098300854,-0.03785619147575701,-0.09911724822075799,-12.17005265,5.8055368,5.815343449999999
1789045865.633828,12.155,4.0,-4.605696470682396,4,0,202,16.97843189649058,-1.990791784820958,-9.732550188646485,4.0,52.0,107.0,1.0,-0.17950319144902746,3.3075197027713688,65.0,5.564229715684936,20.473327743960212,-11.095928942102988,-0.07150178296031698,-1.8442886674442158,0.0,-10.488288444017824,1.1252917448330217,0.007734279755114115,1.018196617179033,4.0,4.0,1.4447304920800506,-1.6039451694187123,-0.4811835508256137,0.0,0.0,0.0,2.3300229159623322,4.663781782044845,,,8,4,4,5.01657247543335,-4,175,True,True,False,"A:1,B:1,ESTOP:0,MODE:1",DRIVE_RUN,,,,0,,,False,0,UNKNOWN,0.0,False,-9999.0,-1.0,-1.0,False,36.96764793166667,127.87379357333333,121.94900000000001,2,0.00015876,36.96764704882801,127.87379910144838,4.0,0.0835000825881958,1.0,0.0,0.1418001651763916,0.5014044681386337,11.11683437807145,-11.095928942102988,0.0,0.0,0.0,-0.48906616898108063,0.1193106877395356,0.8531947729688726,0.1365207732467189,0.07206464481484585,0.02707005669843205,0.0429700061841004,-6.3154826,-5.579983849999999,8.070872949999998
1789045865.683819,12.205,4.0,-5.011308475012949,4,0,202,17.15175435984664,-2.0257741327707866,-9.825362543325781,4.0,52.0,107.0,1.0,-0.18731525216422953,3.5495374546919787,65.0,5.388046379069336,20.29652398456368,-11.095928942102988,-0.07150178296031698,-0.47256585912704757,0.0,-10.488288444017824,1.1252917448330217,0.007734279755114115,1.018196617179033,4.0,4.0,1.4447304920800506,-1.6129203289911638,-0.4838760986973491,0.0,0.0,0.0,2.3300229159623322,4.663781782044845,,,8,4,4,4.867117404937744,-4,170,True,True,False,"A:1,B:1,ESTOP:0,MODE:1",DRIVE_RUN,,,,0,,,False,0,UNKNOWN,0.0,False,-9999.0,-1.0,-1.0,False,36.96764688,127.87380074166667,121.936,2,0.00015876,36.96764688,127.87380074166667,4.0,0.0126,1.0,1.0,0.0,0.0,11.295044814898265,-10.404905558188583,0.0,0.0,0.0,-0.48942268854368687,0.12056090470508073,0.8527566187216451,0.13688188127648102,-0.05653121447209633,0.03785619147575701,-0.1396088868670264,-7.81590005,3.4323274999999995,3.1969678999999998
1789045865.733831,12.255,4.0,-4.77785288568508,4,0,205,17.297637821335496,-2.0445679815942834,-9.877799750449952,4.0,52.0,107.0,1.0,-0.18292593508720806,3.819461985440847,65.0,5.211989284439833,20.149688360031572,-10.404905558188583,-0.028977150743139647,1.0169417034106727,0.0,-10.488288444017824,1.1252917448330217,0.007734279755114115,1.018196617179033,4.0,4.0,1.4447304920800506,-1.6222860915993753,-0.4866858274798126,0.0,0.0,0.0,2.3300229159623322,4.663781782044845,,,8,4,4,5.185184001922607,-5,172,True,True,False,"A:1,B:1,ESTOP:0,MODE:1",DRIVE_RUN,,,,0,,,False,0,UNKNOWN,0.0,False,-9999.0,-1.0,-1.0,False,36.96764688,127.87380074166667,121.936,2,0.00015876,36.96764659796839,127.87380269765492,4.0,0.03759699592590332,1.0,0.0,0.04999399185180664,0.17677875518798827,11.295044814898265,-10.404905558188583,0.0,0.0,0.0,-0.491156900941874,0.11992811559829789,0.8517778667841991,0.13731937737542543,0.06035348553396392,0.04366813788489812,0.12219050093212301,-14.592295199999999,-3.18716125,9.1594111
1789045865.783818,12.305,4.0,-4.992644185306267,4,0,204,17.471606334761052,-2.0759635964683887,-9.824714828314313,4.0,53.0,107.0,1.0,-0.1856012733737885,3.7817248266863914,66.0,5.492809403158235,19.97291605082502,-10.404905558188583,-0.028977150743139647,1.4128305121981508,0.0,-10.488288444017824,1.1252917448330217,0.007734279755114115,1.018196617179033,4.0,4.0,1.4447304920800506,-1.6314323883537356,-0.48942971650612066,0.0,0.0,0.0,2.05459458897706,4.80953967941763,,,8,4,4,5.578662395477295,-4,172,True,True,False,"A:1,B:1,ESTOP:0,MODE:1",DRIVE_RUN,,,,0,,,False,0,UNKNOWN,0.0,False,-9999.0,-1.0,-1.0,False,36.96764688,127.87380074166667,121.936,2,0.00015876,36.96764631727643,127.87380465442654,4.0,0.06259995231628418,1.0,0.0,0.09999990463256836,0.35359962698133635,11.295044814898265,-10.404905558188583,0.0,0.0,0.0,-0.48982029842462244,0.12042792230986585,0.8525529162429522,0.13684559103230387,-0.07379252077432025,-0.07384488065188008,-0.08616690517096005,-6.805815099999999,0.20593965,0.8433718999999998
1789045865.834006,12.355,4.0,-4.63682223750794,4,0,204,17.6456445213186,-2.107210082167887,-9.755109842271423,4.0,53.0,107.0,1.0,-0.18720785792788297,3.8659743876963435,66.0,5.316505828386487,19.796103155640523,-10.404905558188583,-0.028977150743139647,-1.9899086268718327,0.0,-10.488288444017824,1.1252917448330217,0.007734279755114115,1.018196617179033,4.0,4.0,1.4447304920800506,-1.640712452022425,-0.4922137356067275,0.0,0.0,0.0,2.05459458897706,4.80953967941763,,,8,4,4,6.392185688018799,-4,171,True,True,False,"A:1,B:1,ESTOP:0,MODE:1",DRIVE_RUN,,,,0,,,False,0,UNKNOWN,0.0,False,-9999.0,-1.0,-1.0,False,36.96764688,127.87380074166667,121.936,2,0.00015876,36.96764603743043,127.87380661029984,4.0,0.0875894380569458,1.0,0.0,0.1499788761138916,0.5303252229967437,11.295044814898265,-10.404905558188583,0.0,0.0,0.0,-0.4887872747598519,0.11991389940497832,0.8530786435089959,0.13771159991511733,0.10161306905110987,-0.062395520758797285,0.1040041701263421,-9.953749749999998,-1.63771055,0.8531785499999999
1789045865.883866,12.405,4.0,-5.395124749271867,4,0,255,17.939498920796524,-2.1788934997343885,-9.854343292713367,4.0,54.0,107.0,1.0,-0.21271332421643185,3.675171238868891,67.0,5.567531029156599,19.494047968570495,-10.404905558188583,-0.028977150743139647,-2.9263972221823273,0.0,-10.488288444017824,1.1252917448330217,0.007734279755114115,1.018196617179033,4.0,4.0,1.4447304920800506,-1.6500728449188191,-0.4950218534756457,0.0,0.0,0.0,2.05459458897706,4.80953967941763,,,8,4,4,6.333813667297363,-4,217,True,True,False,"A:1,B:1,ESTOP:0,MODE:1",DRIVE_RUN,,,,0,,📶 GPS 품질 ↘ 저하 : RTK_FIXED → RTK_FLOAT (σ=2.52m),False,0,UNKNOWN,0.0,False,-9999.0,-1.0,-1.0,False,36.96764567333334,127.87380795833333,121.958,2,6.3504000000000005,36.96764567333334,127.87380795833333,3.0,2.52,1.0,1.0,0.0,0.0,12.073981792014681,-10.404905558188583,0.0,0.0,0.0,-0.48775348399578866,0.12108354734111645,0.8533925983310933,0.13840659856728937,0.02569124658935653,0.016249015336067207,-0.07724827269326903,-6.01147645,2.6281822,2.0201699
1789045865.933866,12.455,4.0,-5.550579286033587,4,0,204,17.939498920796524,-2.1788934997343885,-9.999555054822451,4.0,54.0,107.0,1.0,-0.21271332421643185,4.211166183608197,67.0,5.267890174951603,19.494047968570495,-10.404905558188583,-0.028977150743139647,-2.931097440025754,0.0,-10.488288444017824,1.1252917448330217,0.007734279755114115,1.018196617179033,4.0,4.0,1.4447304920800506,-1.6607085111296407,-0.4982125533388922,0.0,0.0,0.0,2.05459458897706,5.468756396581008,,,8,4,4,5.422966480255127,-4,274,True,True,False,"A:1,B:1,ESTOP:0,MODE:1",DRIVE_RUN,,,,0,,,False,0,UNKNOWN,0.0,False,-9999.0,-1.0,-1.0,False,36.96764567333334,127.87380795833333,121.958,2,6.3504000000000005,36.96764538127997,127.87381004394769,3.0,2.546629686355591,1.0,0.0,0.05325937271118164,0.1883251419067383,12.073981792014681,-10.404905558188583,0.0,0.0,0.0,-0.48670978292903855,0.12224260498539893,0.8537222874527266,0.13902729456490184,0.09358455449193595,0.03522074430524556,0.0412770368096659,-7.4726672999999995,5.22694445,7.9433865
1789045865.983848,12.505,4.0,-5.466547335267508,4,0,204,18.12499657311347,-2.211404731566497,-10.146828881159507,4.0,54.0,107.0,1.0,-0.21863066614665208,4.356377945717283,67.0,5.267890174951603,19.305738642341645,-10.404905558188583,-0.028977150743139647,-2.2683792699859993,0.0,-10.488288444017824,1.1252917448330217,0.007734279755114115,1.018196617179033,4.0,4.0,1.4447304920800506,-1.6713441773404623,-0.5014032532021386,0.0,0.0,0.0,2.05459458897706,5.468756396581008,,,8,4,4,5.261127948760986,-4,173,True,True,False,"A:1,B:1,ESTOP:0,MODE:1",DRIVE_RUN,,,,0,,,False,0,UNKNOWN,0.0,False,-9999.0,-1.0,-1.0,False,36.96764567333334,127.87380795833333,121.958,2,6.3504000000000005,36.96764510817848,127.87381199383707,3.0,2.5715265464782715,1.0,0.0,0.10305309295654297,0.36439573664287617,12.073981792014681,-10.404905558188583,0.0,0.0,0.0,-0.4870384491909541,0.12241499190731434,0.8533259601249468,0.14015321809662604,0.030595621787460597,0.02054252529597326,-0.04550073359949217,-7.296147599999999,1.3533177,4.75622525
1789045866.034221,12.555,4.0,-5.874351713601753,4,0,204,18.298422643718197,-2.241806250551135,-10.260372125959407,4.0,55.0,107.0,1.0,-0.22501101147962832,4.463061990289441,68.0,5.5090869413891905,19.129683038432137,-10.404905558188583,-0.028977150743139647,-5.230284514080456,0.0,-10.488288444017824,1.1252917448330217,0.007734279755114115,1.018196617179033,4.0,4.0,1.4447304920800506,-1.6822757106477948,-0.5046827131943384,0.0,0.0,0.0,2.05459458897706,5.468756396581008,,,8,4,4,4.693721294403076,-4,237,True,True,False,"A:1,B:1,ESTOP:0,MODE:1",DRIVE_RUN,,,,0,,,False,0,UNKNOWN,0.0,False,-9999.0,-1.0,-1.0,False,36.96764567333334,127.87380795833333,121.958,2,6.3504000000000005,36.96764483249125,127.87381395097222,3.0,2.5965202045440674,1.0,0.0,0.15304040908813477,0.5411508279383673,12.073981792014681,-10.404905558188583,0.0,0.0,0.0,-0.487483553018971,0.12343263450303932,0.8528903857961468,0.14036438327488632,0.12159708898644493,0.05253441048502932,0.006335545184739416,-11.189387649999999,1.4121575999999998,10.2185293
1789045866.083949,12.605,4.0,-6.479194832952734,4,0,204,18.47249316425119,-2.272495612358379,-10.523848875545411,4.0,55.0,107.0,1.0,-0.23212148007262356,4.717078798055518,68.0,5.333518620128882,18.952941023390352,-10.404905558188583,-0.028977150743139647,-2.1793693102936973,0.0,-10.488288444017824,1.1252917448330217,0.007734279755114115,1.018196617179033,4.0,4.0,1.4447304920800506,-1.6935262612217763,-0.5080578783665328,0.0,0.0,0.0,2.05459458897706,5.468756396581008,,,8,4,4,5.452781677246094,-8,174,True,True,False,"A:1,B:1,ESTOP:0,MODE:1",DRIVE_RUN,,,,0,,,False,0,UNKNOWN,0.0,False,-9999.0,-1.0,-1.0,False,36.96764567333334,127.87380795833333,121.958,2,6.3504000000000005,36.96764455552852,127.8738159092114,3.0,2.6215310287475586,1.0,0.0,0.2030620574951172,0.7180272530497225,12.073981792014681,-10.404905558188583,0.0,0.0,0.0,-0.4872864773845864,0.12319431499049532,0.8528726473450725,0.14136229031375802,0.03029891581462156,-0.03803072440095644,-0.03408628029144926,-10.1400761,-4.4522191,3.9422733
1789045866.133818,12.655,4.0,-6.272892535185144,4,0,258,18.56801879726061,-2.2907695881421133,-10.632034716325421,4.0,56.0,107.0,1.0,-0.23744304442257333,5.133101850845979,68.0,5.157315894125985,18.855683446175615,-10.404905558188583,-0.028977150743139647,-2.3060428228395438,0.0,-10.488288444017824,1.1252917448330217,0.007734279755114115,1.018196617179033,4.0,4.0,1.4447304920800506,-1.7051323352254075,-0.5115397005676222,0.0,0.0,0.0,2.05459458897706,5.468756396581008,,,8,4,4,6.388067722320557,-5,267,True,True,False,"A:1,B:1,ESTOP:0,MODE:1",DRIVE_RUN,,,,0,,,False,0,UNKNOWN,0.0,False,-9999.0,-1.0,-1.0,False,36.967644668333335,127.873815025,121.94999999999999,2,6.3504000000000005,36.967644480206815,127.87381634667459,3.0,2.5368838500976563,1.0,0.0,0.0337677001953125,0.119402587890625,11.193695176461556,-10.404905558188583,0.0,0.0,0.0,-0.48682293690078854,0.12430021381594875,0.8529082834826879,0.1417756852186407,0.042690753503781306,-0.05082398781807487,-0.014538592669112765,-9.9439431,0.6080123,-1.7848102999999997
1789045866.183816,12.705,4.0,-6.617019544642708,4,0,204,18.685570506997895,-2.311711736618219,-10.748357732519253,4.0,56.0,107.0,1.0,-0.24434887597620436,5.237562407764536,69.0,5.480388247473239,18.736287411668712,-10.404905558188583,-0.028977150743139647,2.3572881768793845,0.0,-10.488288444017824,1.1252917448330217,0.007734279755114115,1.018196617179033,4.0,4.0,1.4447304920800506,-1.7170044874465362,-0.5151013462339609,0.0,0.0,0.0,2.05459458897706,4.726414869182183,,,8,4,4,6.4977545738220215,-6,171,True,True,False,"A:1,B:1,ESTOP:0,MODE:1",DRIVE_RUN,,,,0,,,False,0,UNKNOWN,0.0,False,-9999.0,-1.0,-1.0,False,36.967644668333335,127.873815025,121.94999999999999,2,6.3504000000000005,36.96764420058722,127.8738183053525,3.0,2.5619074296951294,1.0,0.0,0.08381485939025879,0.29636933355862355,11.193695176461556,-10.404905558188583,0.0,0.0,0.0,-0.4864466199245787,0.12361861285295443,0.8530571060553525,0.14276448553029886,-0.04920083161372015,-0.058573249696929695,-0.01054178868204575,-6.276256,-0.2745862,3.1773545999999997
1789045866.233819,12.755,4.0,-6.862918752533391,4,0,204,18.8597782428011,-2.342838847157724,-10.632378455511912,4.0,56.0,107.0,1.0,-0.2555817779089436,5.458595020840806,69.0,5.3613973039899,18.559329592198637,-10.404905558188583,-0.028977150743139647,3.5036716171303564,0.0,-10.488288444017824,1.1252917448330217,0.007734279755114115,1.018196617179033,4.0,4.0,1.4447304920800506,-1.7292219312453465,-0.5187665793736039,0.0,0.0,0.0,2.05459458897706,4.726414869182183,,,8,4,4,6.017928123474121,-6,178,True,True,False,"A:1,B:1,ESTOP:0,MODE:1",DRIVE_RUN,,,,0,,,False,0,UNKNOWN,0.0,False,-9999.0,-1.0,-1.0,False,36.967644668333335,127.873815025,121.94999999999999,2,6.3504000000000005,36.9676439196092,127.87382026041296,3.0,2.586890001296997,1.0,0.0,0.13378000259399414,0.4730459763443252,11.193695176461556,-10.404905558188583,0.0,0.0,0.0,-0.486258891007203,0.12391072451793722,0.853123827444824,0.14275208689115246,-0.08040731863937876,0.013177235852557189,-0.03598868917612307,-6.4331624,2.06920315,6.18799615
1789045866.283800,12.805,4.0,-6.366607409026155,4,0,203,19.033664236463192,-2.3741171774122996,-10.457343732316218,4.0,57.0,107.0,1.0,-0.26508741677172215,5.507636975588607,69.0,5.185083300844054,18.38265996410034,-10.404905558188583,-0.028977150743139647,0.35463976468056935,0.0,-10.488288444017824,1.1252917448330217,0.007734279755114115,1.018196617179033,4.0,4.0,1.4447304920800506,-1.7420010201407936,-0.5226003060422381,0.0,0.0,0.0,2.05459458897706,4.726414869182183,,,8,4,4,5.188160419464111,-6,175,True,True,False,"A:1,B:1,ESTOP:0,MODE:1",DRIVE_RUN,,,,0,,,False,0,UNKNOWN,0.0,False,-9999.0,-1.0,-1.0,False,36.967644668333335,127.873815025,121.94999999999999,2,6.3504000000000005,36.96764363889691,127.87382222048309,3.0,2.611933846473694,1.0,0.0,0.1838676929473877,0.6501560454923813,11.193695176461556,-10.404905558188583,0.0,0.0,0.0,-0.48629628899072075,0.12400130642762197,0.8531648078441532,0.14230040749887427,0.040194932673429405,0.0576831317784126,0.060248765778844256,-7.89435325,1.2846711499999999,10.581375349999998
1789045866.333817,12.855,4.0,-6.758605403166378,4,0,203,19.215661094491196,-2.4102525086546174,-10.439539806637555,4.0,57.0,107.0,1.0,-0.27210705684941117,5.267325991411803,70.0,5.438798256672308,18.19711806023597,-10.404905558188583,-0.028977150743139647,-0.011734204694605121,0.0,-10.488288444017824,1.1252917448330217,0.007734279755114115,1.018196617179033,4.0,4.0,1.4447304920800506,-1.7552553909793798,-0.5265766172938139,0.0,0.0,0.0,2.05459458897706,4.726414869182183,,,8,4,4,4.855257511138916,-6,171,True,True,False,"A:1,B:1,ESTOP:0,MODE:1",DRIVE_RUN,,,,0,,,False,0,UNKNOWN,0.0,False,-9999.0,-1.0,-1.0,False,36.967643595,127.87382230666667,121.98400000000001,2,6.3504000000000005,36.967643348354365,127.8738240427823,3.0,2.5421768617630005,1.0,0.0,0.04435372352600098,0.15683476638793947,11.42473077174512,-10.404905558188583,0.0,0.0,0.0,-0.4862683520571673,0.12392076239319519,0.8532773656953682,0.14179023812473474,0.010471975511965976,0.05201081170943102,-0.005253441048502932,-10.934414749999998,1.4023509499999998,8.482752249999999
1789045866.383820,12.905,4.0,-6.332193666617224,4,0,207,19.370073809247774,-2.4377089750038956,-10.440124174677692,4.0,58.0,107.0,1.0,-0.27490068347047114,5.462421469270995,70.0,5.254315059060039,18.040292743131868,-10.404905558188583,-0.028977150743139647,1.6680646652634505,0.0,-10.488288444017824,1.1252917448330217,0.007734279755114115,1.018196617179033,4.0,4.0,1.4447304920800506,-1.7688607438218504,-0.5306582231465551,0.0,0.0,0.0,2.05459458897706,4.9167945210055715,,,8,4,4,5.500714302062988,-7,220,True,True,False,"A:1,B:1,ESTOP:0,MODE:1",DRIVE_RUN,,,,0,,,False,0,UNKNOWN,0.0,False,-9999.0,-1.0,-1.0,False,36.967643595,127.87382230666667,121.98400000000001,2,6.3504000000000005,36.9676430722479,127.8738259989297,3.0,2.567159433364868,1.0,0.0,0.09431886672973633,0.33351146104521373,11.42473077174512,-10.404905558188583,0.0,0.0,0.0,-0.48753204249222204,0.12451615693204607,0.8525523446583259,0.14128953897520966,0.0037699111843077517,0.009843656981248018,0.049323004661359755,-11.414940599999998,0.7256921,1.2356379
1789045866.433846,12.955,4.0,-6.588109286205292,4,0,207,19.54405647747714,-2.4684450057738476,-10.356127258426284,4.0,58.0,107.0,1.0,-0.28169572766587886,5.313454606353975,71.0,5.541630377953586,17.86362914706495,-10.404905558188583,-0.028977150743139647,6.431975687017953,0.0,-10.488288444017824,1.1252917448330217,0.007734279755114115,1.018196617179033,4.0,4.0,1.4447304920800506,-1.782605777995374,-0.5347817333986121,0.0,0.0,0.0,2.05459458897706,4.9167945210055715,,,8,4,4,6.181034564971924,-7,176,True,True,False,"A:1,B:1,ESTOP:0,MODE:1",DRIVE_RUN,,,,0,,,False,0,UNKNOWN,0.0,False,-9999.0,-1.0,-1.0,False,36.967643595,127.87382230666667,121.98400000000001,2,6.3504000000000005,36.96764279843394,127.87382795818962,3.0,2.592174310684204,1.0,0.0,0.1443486213684082,0.5104163892513031,11.42473077174512,-10.404905558188583,0.0,0.0,0.0,-0.4874291967782344,0.12453312527101812,0.8528321476252076,0.1399342946362119,-0.11566296952966422,-0.07007496946757233,0.018413223608540176,-7.7374468499999995,0.8825985,-1.12776475
1789045866.483779,13.005,4.0,-6.6250497669073525,4,0,204,19.718315977722703,-2.49892583636758,-10.036442591901022,4.0,58.0,107.0,1.0,-0.2889804317916391,5.390341126081886,71.0,5.365618358608518,17.686741327943462,-10.404905558188583,-0.028977150743139647,2.9821537946596917,0.0,-10.488288444017824,1.1252917448330217,0.007734279755114115,1.018196617179033,4.0,4.0,1.4447304920800506,-1.796690564378668,-0.5390071693136004,0.0,0.0,0.0,2.05459458897706,4.9167945210055715,,,8,4,4,5.956853866577148,-7,175,True,True,False,"A:1,B:1,ESTOP:0,MODE:1",DRIVE_RUN,,,,0,,,False,0,UNKNOWN,0.0,False,-9999.0,-1.0,-1.0,False,36.967643595,127.87382230666667,121.98400000000001,2,6.3504000000000005,36.96764252667933,127.87382991571477,3.0,2.617162127494812,1.0,0.0,0.19432425498962402,0.6871297940845978,11.42473077174512,-10.404905558188583,0.0,0.0,0.0,-0.4878739638786772,0.12307132709342941,0.8528790398481539,0.13939077159001767,-0.03530801076784529,0.008761552845011534,0.026686084262993296,-6.776395149999999,1.9221034,4.5306723
1789045866.533804,13.055,4.0,-6.182618440064704,4,0,251,19.86167279725223,-2.544206962585682,-9.887404011452645,4.0,59.0,107.0,1.0,-0.3144167998045236,5.239388328329859,71.0,5.189396986052665,17.53746987116485,-10.404905558188583,-0.028977150743139647,-1.379243380763285,0.0,-10.488288444017824,1.1252917448330217,0.007734279755114115,1.018196617179033,4.0,4.0,1.4447304920800506,-1.81113958596825,-0.543341875790475,0.0,0.0,0.0,2.05459458897706,4.9167945210055715,,,8,4,4,5.278486728668213,-7,171,True,True,False,"A:1,B:1,ESTOP:0,MODE:1",DRIVE_RUN,,,,0,,,False,0,UNKNOWN,0.0,False,-9999.0,-1.0,-1.0,False,36.967642391666665,127.87382957,122.01599999999999,2,6.3504000000000005,36.96764217507826,127.8738311370686,3.0,2.5400010538101196,1.0,0.0,0.04000210762023926,0.141447452545166,12.051772728993884,-10.404905558188583,0.0,0.0,0.0,-0.4894855375144387,0.121510045174795,0.8522212854592244,0.13913338239275136,0.04239404753094226,0.04471533543609472,0.003909537524467298,-9.3359308,0.00980665,10.79712165
1789045866.583796,13.105,4.0,-6.527845745154805,4,0,203,20.001050217217824,-2.568317473441883,-9.957030365962453,4.0,59.0,107.0,1.0,-0.3184735863338251,5.078677213280093,72.0,5.486545586753905,17.396038354731456,-10.404905558188583,-0.028977150743139647,3.083679733035191,0.0,-10.488288444017824,1.1252917448330217,0.007734279755114115,1.018196617179033,4.0,4.0,1.4447304920800506,-1.8268604259584762,-0.5480581277875428,0.0,0.0,0.0,2.05459458897706,5.449462039416583,,,8,4,4,5.2994818687438965,-7,173,True,True,False,"A:1,B:1,ESTOP:0,MODE:1",DRIVE_RUN,,,,0,,,False,0,UNKNOWN,0.0,False,-9999.0,-1.0,-1.0,False,36.967642391666665,127.87382957,122.01599999999999,2,6.3504000000000005,36.96764190580786,127.87383309684344,3.0,2.5650100898742676,1.0,0.0,0.09002017974853516,0.3183113171426116,12.051772728993884,-10.404905558188583,0.0,0.0,0.0,-0.4897792451720708,0.12146748317192874,0.8522775471241476,0.13778579098949273,-0.03412118687648914,-0.017819811662862103,0.03642502148912166,-9.022118,-0.63743225,5.923216599999999
1789045866.633779,13.155,4.0,-6.73947334671549,4,0,206,20.1753555148704,-2.5982925174260902,-9.80219145732454,4.0,59.0,107.0,1.0,-0.3233712598839961,5.2805844006398335,72.0,5.345651832910446,17.2191974983507,-10.404905558188583,-0.028977150743139647,4.8282903117113705,0.0,-10.488288444017824,1.1252917448330217,0.007734279755114115,1.018196617179033,4.0,4.0,1.4447304920800506,-1.8427841052751674,-0.5528352315825502,0.0,0.0,0.0,2.05459458897706,5.449462039416583,,,8,4,4,6.021823883056641,-7,177,True,True,False,"A:1,B:1,ESTOP:0,MODE:1",DRIVE_RUN,,,,0,,,False,0,UNKNOWN,0.0,False,-9999.0,-1.0,-1.0,False,36.967642391666665,127.87382957,122.01599999999999,2,6.3504000000000005,36.967641638905675,127.87383505561608,3.0,2.590000410079956,1.0,0.0,0.1400008201599121,0.4950426725656915,12.051772728993884,-10.404905558188583,0.0,0.0,0.0,-0.4889708833181003,0.12140152025943875,0.8530494299380532,0.13592577470140124,-0.07883652231258387,-0.017627825445142728,0.01895427567665842,-7.87473995,-0.7649187,-0.2745862
1789045866.683827,13.205,4.0,-6.061824749560168,4,0,203,20.349571676061778,-2.6280039326305284,-9.563765568053924,4.0,60.0,107.0,1.0,-0.3294164743330644,5.299360299893017,72.0,5.169506703502742,17.042493642921798,-10.404905558188583,-0.028977150743139647,2.6736938938820116,0.0,-10.488288444017824,1.1252917448330217,0.007734279755114115,1.018196617179033,4.0,4.0,1.4447304920800506,-1.8589526682693673,-0.5576858004808102,0.0,0.0,0.0,2.05459458897706,5.449462039416583,,,7,4,3,5.411823272705078,-7,173,True,True,False,"A:1,B:1,ESTOP:0,MODE:1",DRIVE_RUN,,,,0,,,False,0,UNKNOWN,0.0,False,-9999.0,-1.0,-1.0,False,36.967642391666665,127.87382957,122.01599999999999,2,6.3504000000000005,36.96764137255846,127.87383701513201,3.0,2.6149984788894653,1.0,0.0,0.18999695777893066,0.6718288525270671,12.051772728993884,-10.404905558188583,0.0,0.0,0.0,-0.488861028105413,0.12075422333991907,0.8534523924420503,0.1343589467814931,-0.04370304446993801,0.030473448739820993,-0.0026529004630313807,-9.03192465,2.9321883499999997,8.159132799999998
1789045866.733816,13.255,4.0,-6.180390475521046,4,0,203,20.517764536598968,-2.6497749459931863,-9.430419491208312,4.0,60.0,107.0,1.0,-0.3288174319037103,4.886697890220167,73.0,5.445733483609003,16.87318552009254,-10.404905558188583,-0.028977150743139647,0.41640909669596293,0.0,-10.488288444017824,1.1252917448330217,0.007734279755114115,1.018196617179033,4.0,4.0,1.4447304920800506,-1.8754234919860207,-0.5626270475958062,0.0,0.0,0.0,2.05459458897706,5.449462039416583,,,8,4,4,5.269013404846191,-7,176,True,True,False,"A:1,B:1,ESTOP:0,MODE:1",DRIVE_RUN,,,,0,,,False,0,UNKNOWN,0.0,False,-9999.0,-1.0,-1.0,False,36.967641443333335,127.87383694666667,121.97900000000001,2,6.3504000000000005,36.96764125052479,127.87383837220649,3.0,2.538183469772339,1.0,0.0,0.036366939544677734,0.12859349822998048,11.681675626786603,-10.404905558188583,0.0,0.0,0.0,-0.48922718803701226,0.12013700907924502,0.8535021647720776,0.13325881683501567,0.028832839242946322,0.014311699866353502,0.04860741966804208,-10.44408225,-0.3138128,7.95319315
1789045866.783793,13.305,4.0,-5.736794607854581,4,0,205,20.644554175106023,-2.6712382947610025,-9.409532042455453,4.0,61.0,107.0,1.0,-0.3333713328165252,4.840051755978385,73.0,5.276331529072635,16.744616913390814,-10.404905558188583,-0.028977150743139647,7.285892253472205,0.0,-10.488288444017824,1.1252917448330217,0.007734279755114115,1.018196617179033,4.0,4.0,1.4447304920800506,-1.8918643635812062,-0.5675593090743618,0.0,0.0,0.0,2.05459458897706,5.132245148865076,,,8,4,4,5.139686107635498,-7,176,True,True,False,"A:1,B:1,ESTOP:0,MODE:1",DRIVE_RUN,,,,0,,,False,0,UNKNOWN,0.0,False,-9999.0,-1.0,-1.0,False,36.967641443333335,127.87383694666667,121.97900000000001,2,6.3504000000000005,36.967640987786965,127.873840339684,3.0,2.5632708263397217,1.0,0.0,0.08654165267944336,0.30601112190477114,11.681675626786603,-10.404905558188583,0.0,0.0,0.0,-0.4886107165735974,0.12011793476060004,0.8541237792614713,0.13154398161218026,-0.11266100321623397,-0.02611012560983517,0.04785692808968452,-7.01175475,1.5494507,4.08937305
1789045866.833812,13.355,4.0,-5.685690740220824,4,0,204,20.81954455944884,-2.7004861359792476,-9.044614161144068,4.0,61.0,107.0,1.0,-0.3392672894006093,4.646638443881173,74.0,5.577908393120948,16.567241875494574,-10.404905558188583,-0.028977150743139647,5.113407298740379,0.0,-10.488288444017824,1.1252917448330217,0.007734279755114115,1.018196617179033,4.0,4.0,1.4447304920800506,-1.9085329302220324,-0.5725598790666097,0.0,0.0,0.0,2.05459458897706,5.132245148865076,,,8,4,4,4.974183559417725,-6,171,True,True,False,"A:1,B:1,ESTOP:0,MODE:1",DRIVE_RUN,,,,0,,,False,0,UNKNOWN,0.0,False,-9999.0,-1.0,-1.0,False,36.967641443333335,127.87383694666667,121.97900000000001,2,6.3504000000000005,36.96764073053148,127.87384229286944,3.0,2.588166732788086,1.0,0.0,0.13633346557617188,0.4820744336956045,11.681675626786603,-10.404905558188583,0.0,0.0,0.0,-0.4883762183700501,0.1190605541031976,0.8545992864031879,0.13028166972514077,-0.06644468462342412,0.04977679026687828,0.04129449010218584,-8.38468575,-0.4707192,7.1588544999999995
1789045866.883775,13.405,4.0,-5.748145773959219,4,0,205,20.993263787049308,-2.729123685712015,-8.789974205983953,4.0,61.0,107.0,1.0,-0.34472606644812515,4.436779542514097,74.0,5.401113536572439,16.391230556181508,-10.404905558188583,-0.028977150743139647,0.1757999285599749,0.0,-10.488288444017824,1.1252917448330217,0.007734279755114115,1.018196617179033,4.0,4.0,1.4447304920800506,-1.9254962946920628,-0.5776488884076189,0.0,0.0,0.0,2.05459458897706,5.132245148865076,,,8,4,4,4.906048774719238,-7,173,True,True,False,"A:1,B:1,ESTOP:0,MODE:1",DRIVE_RUN,,,,0,,,False,0,UNKNOWN,0.0,False,-9999.0,-1.0,-1.0,False,36.967641443333335,127.87383694666667,121.97900000000001,2,6.3504000000000005,36.96764047433197,127.87384425538741,3.0,2.613175768852234,1.0,0.0,0.18635153770446777,0.6589375932911098,11.681675626786603,-10.404905558188583,0.0,0.0,0.0,-0.4889534587378482,0.11885654025716455,0.854492527515199,0.1289967381257353,0.013177235852557189,-0.010367255756846317,0.015638150097869192,-8.933858149999999,3.5794272499999997,3.03025485
1789045866.933789,13.455,4.0,-5.406315799543449,4,0,204,21.175486869151324,-2.7495914230869483,-8.78114708216205,4.0,62.0,107.0,1.0,-0.3414044982499645,4.34210008760783,74.0,5.225675547841002,16.208398089965613,-10.404905558188583,-0.028977150743139647,5.968256532649162,0.0,-10.488288444017824,1.1252917448330217,0.007734279755114115,1.018196617179033,4.0,4.0,1.4447304920800506,-1.9427325980144692,-0.5828197794043407,0.0,0.0,0.0,2.05459458897706,5.132245148865076,,,8,4,4,5.124058246612549,-7,229,True,True,False,"A:1,B:1,ESTOP:0,MODE:1",DRIVE_RUN,,,,0,,,False,0,UNKNOWN,0.0,False,-9999.0,-1.0,-1.0,False,36.967640546666665,127.87384434166667,122.005,2,6.3504000000000005,36.96764039413924,127.87384552218955,3.0,2.5350398015975952,1.0,0.0,0.03007960319519043,0.10636147689819336,11.677927863936521,-10.404905558188583,0.0,0.0,0.0,-0.48933525968259095,0.11772336979450368,0.8545704072390278,0.12806885221208134,-0.0697782634947333,-0.06323327879975456,0.0828856861772107,-6.776395149999999,-1.4219642499999998,3.6284604999999996
1789045866.984039,13.505,4.0,-5.290816631569472,4,0,204,21.280484335935213,-2.766570698607403,-8.482452797356274,4.0,62.0,107.0,1.0,-0.34473184149745023,4.201228545069705,75.0,5.488167056151878,16.10208001845141,-10.404905558188583,-0.028977150743139647,2.6971450158742343,0.0,-10.488288444017824,1.1252917448330217,0.007734279755114115,1.018196617179033,4.0,4.0,1.4447304920800506,-1.9598028229269675,-0.5879408468780902,0.0,0.0,0.0,2.05459458897706,5.1290744539069975,,,8,4,4,4.4830193519592285,-8,172,True,True,False,"A:1,B:1,ESTOP:0,MODE:1",DRIVE_RUN,,,,0,,,False,0,UNKNOWN,0.0,False,-9999.0,-1.0,-1.0,False,36.967640546666665,127.87384434166667,122.005,2,6.3504000000000005,36.967640142362,127.87384748462468,3.0,2.560036678314209,1.0,0.0,0.08007335662841797,0.28313934857505674,11.677927863936521,-10.404905558188583,0.0,0.0,0.0,-0.4895847456015338,0.11750163391440405,0.8546736486161317,0.12662186723830918,-0.04206243497306335,0.07620107514207242,-0.005707226654021458,-8.81617835,-0.25497289999999995,11.630686899999999
1789045867.033822,13.555,4.0,-5.461724612441749,4,0,205,21.45502624341258,-2.7945984124548837,-8.348400130074822,4.0,63.0,107.0,1.0,-0.34992615170911523,3.9934581922808543,75.0,5.38215584335879,15.925381294934228,-10.404905558188583,-0.028977150743139647,-1.9644191233041983,0.0,-10.488288444017824,1.1252917448330217,0.007734279755114115,1.018196617179033,4.0,4.0,1.4447304920800506,-1.97703941500184,-0.593111824500552,0.0,0.0,0.0,2.05459458897706,5.1290744539069975,,,8,4,4,5.149540424346924,-7,285,True,True,False,"A:1,B:1,ESTOP:0,MODE:1",DRIVE_RUN,,,,0,,,False,0,UNKNOWN,0.0,False,-9999.0,-1.0,-1.0,False,36.967640546666665,127.87384434166667,122.005,2,6.3504000000000005,36.96763989084836,127.87384945584812,3.0,2.585142035484314,1.0,0.0,0.13028407096862793,0.46068434566582733,11.677927863936521,-10.404905558188583,0.0,0.0,0.0,-0.4904113652730468,0.11745279159097524,0.8543398384236127,0.12571783899204103,0.07517133088339578,0.05541420375081996,0.03998549316319009,-10.149882749999998,0.7256921,-0.2745862
1789045867.083786,13.605,4.0,-5.287035291685935,4,0,204,21.630349797129398,-2.822596782802507,-8.446918397369473,4.0,63.0,107.0,1.0,-0.34967426243849487,4.016576499619201,75.0,5.205975288201539,15.747922250958057,-10.404905558188583,-0.028977150743139647,3.0758562391725177,0.0,-10.488288444017824,1.1252917448330217,0.007734279755114115,1.018196617179033,4.0,4.0,1.4447304920800506,-1.9945357225872957,-0.5983607167761887,0.0,0.0,0.0,2.05459458897706,5.1290744539069975,,,8,4,4,5.495138168334961,-11,188,True,True,False,"A:1,B:1,ESTOP:0,MODE:1",DRIVE_RUN,,,,0,,,False,0,UNKNOWN,0.0,False,-9999.0,-1.0,-1.0,False,36.967640546666665,127.87384434166667,122.005,2,6.3504000000000005,36.96763964460212,127.87385141190771,3.0,2.6100460481643677,1.0,0.0,0.18009209632873535,0.6368050007127406,11.677927863936521,-10.404905558188583,0.0,0.0,0.0,-0.49081044670542334,0.11699713232045997,0.8543356727328588,0.12460872653913682,-0.03160791275361731,-0.035028758087526195,0.0432143522793796,-7.070594649999999,-0.5491724,2.04958985
1789045867.133810,13.655,4.0,-5.676308889753578,4,0,204,21.858261055755897,-2.8720428628085837,-8.292997397356146,4.0,63.0,107.0,1.0,-0.3622307396558411,4.010613385018511,76.0,5.4412130696472145,15.514776953917345,-10.404905558188583,-0.028977150743139647,3.7850021267913396,0.0,-10.488288444017824,1.1252917448330217,0.007734279755114115,1.018196617179033,4.0,4.0,1.4447304920800506,-2.0120194357092203,-0.6036058307127661,0.0,0.0,0.0,2.05459458897706,5.1290744539069975,,,9,4,5,4.664567947387695,-7,171,True,True,False,"A:1,B:1,ESTOP:0,MODE:1",DRIVE_RUN,,,,0,,,False,0,UNKNOWN,0.0,False,-9999.0,-1.0,-1.0,False,36.96763944666667,127.87385201833334,122.00299999999999,2,6.3504000000000005,36.96763944666667,127.87385201833334,3.0,2.52,1.0,1.0,0.0,0.0,11.860775987907349,-10.404905558188583,0.0,0.0,0.0,-0.49069748585894807,0.1169469433126582,0.8546731780959274,0.1227727513129066,-0.04775220833456486,0.019303341527057285,0.031642819338657195,-9.610517,1.2846711499999999,12.3171524
1789045867.183819,13.705,4.0,-5.492319284872914,4,0,204,21.858261055755897,-2.8720428628085837,-8.103800713974465,4.0,64.0,107.0,1.0,-0.3622307396558411,4.204947999762021,76.0,5.210256198813125,15.514776953917345,-10.404905558188583,-0.028977150743139647,1.264783951814588,0.0,-10.488288444017824,1.1252917448330217,0.007734279755114115,1.018196617179033,4.0,4.0,1.4447304920800506,-2.0301309726920125,-0.6090392918076037,0.0,0.0,0.0,2.05459458897706,5.284740111024055,,,8,4,4,5.082821846008301,-7,176,True,True,False,"A:1,B:1,ESTOP:0,MODE:1",DRIVE_RUN,,,,0,,,False,0,UNKNOWN,0.0,False,-9999.0,-1.0,-1.0,False,36.96763944666667,127.87385201833334,122.00299999999999,2,6.3504000000000005,36.96763908564797,127.87385492135286,3.0,2.556949634552002,1.0,0.0,0.0738992691040039,0.26130781555175775,11.860775987907349,-10.404905558188583,0.0,0.0,0.0,-0.49062795606287773,0.11642615621793659,0.8549469492292899,0.1216341764530403,-0.0038746309394274117,0.008080874436733746,0.021432643214490368,-8.2768126,0.9610517,0.45110589999999995
1789045867.233928,13.755,2.0,-4.231316549470942,4,0,206,22.116459943025493,-2.9122312805903765,-8.04053504046999,4.0,64.0,107.0,1.0,-0.36735110085413936,4.01575131638034,76.0,5.210256198813126,15.253630953398664,-10.404905558188583,-0.028977150743139647,2.9148018149566646,0.0,-10.488288444017824,1.1252917448330217,0.007734279755114115,1.018196617179033,4.0,4.0,1.4447304920800506,-2.0482425096748047,-0.6144727529024414,0.0,0.0,0.0,2.05459458897706,5.284740111024055,,,7,3,4,5.184479236602783,-7,192,True,True,False,"A:1,B:1,ESTOP:0,MODE:1",DRIVE_RUN,,,,0,,,False,0,UNKNOWN,0.0,False,-9999.0,-1.0,-1.0,False,36.96763944666667,127.87385201833334,122.00299999999999,2,6.3504000000000005,36.967638843492615,127.87385688554006,3.0,2.5819447231292725,1.0,0.0,0.12388944625854492,0.4380729910494777,11.860775987907349,-10.404905558188583,0.0,0.0,0.0,-0.4906129792208973,0.11580580702782417,0.8552014090422524,0.12049261243236484,-0.04167846253762459,-0.04471533543609472,0.020856684561332238,-8.061066299999998,2.0103632499999997,2.3732092999999996
1789045867.283877,13.805,4.0,-5.328706502899104,2,0,205,22.291157683530013,-2.9391878910423497,-7.895152289364972,4.0,65.0,107.0,1.0,-0.3706597371183126,3.809060520935326,77.0,5.36433307866789,15.076986816765116,-10.404905558188583,-0.028977150743139647,2.7387298602643053,0.0,-10.488288444017824,1.1252917448330217,0.007734279755114115,1.018196617179033,3.0,2.0,3.727459455659129,-2.0666100647175116,-0.6199830194152535,0.0,0.0,0.0,2.05459458897706,5.284740111024055,,,8,4,4,4.539016246795654,-7,179,True,True,False,"A:1,B:1,ESTOP:0,MODE:1",DRIVE_RUN,,,,0,,,False,0,UNKNOWN,0.0,False,-9999.0,-1.0,-1.0,False,36.96763944666667,127.87385201833334,122.00299999999999,2,6.3504000000000005,36.96763860240683,127.87385885005804,3.0,2.606941361427307,1.0,0.0,0.17388272285461426,0.6148490801997948,11.860775987907349,-10.404905558188583,0.0,0.0,0.0,-0.49038271234811853,0.11465146568023818,0.8556113235730748,0.11962064964297286,-0.0366868208769208,0.06695083010650248,0.006789330790257942,-9.09076455,-0.48052585,12.11121275
1789045867.333796,13.855,2.0,-4.347835468087643,4,0,205,22.540145826735646,-2.9512652335880847,-7.758275346676015,4.0,65.0,107.0,1.0,-0.34960535225378775,3.8182097173448093,77.0,5.188141396066477,14.830252197278734,-10.404905558188583,-0.028977150743139647,3.914963309689463,0.0,-10.488288444017824,1.1252917448330217,0.007734279755114115,1.018196617179033,4.0,4.0,3.727459455659129,-2.0851430515734273,-0.6255429154720281,0.0,0.0,0.0,2.05459458897706,5.284740111024055,,,8,4,4,4.883759498596191,-7,171,True,True,False,"A:1,B:1,ESTOP:0,MODE:1",DRIVE_RUN,,,,0,,,False,0,UNKNOWN,0.0,False,-9999.0,-1.0,-1.0,False,36.967638735,127.873859685,121.995,2,6.3504000000000005,36.96763854382485,127.87386126078694,3.0,2.5400451612472534,1.0,0.0,0.040090322494506836,0.14175938034057617,12.73441768738252,-10.404905558188583,0.0,0.0,0.0,-0.49029502803090286,0.11441138929783742,0.8558829385400496,0.1182591011430594,-0.028152160834668535,-0.01780235837034216,0.07693411342791005,-10.0812362,1.2552512,1.99074995
1789045867.383785,13.905,2.0,-3.8721916143906205,2,0,205,22.680298668062694,-2.9725467543758577,-7.561639704481507,4.0,66.0,107.0,1.0,-0.3521094030890564,3.6157265625054857,77.0,4.938927910192837,14.68861914689296,-10.404905558188583,-0.028977150743139647,4.167473600072281,0.0,-10.488288444017824,1.1252917448330217,0.007734279755114115,1.018196617179033,3.0,2.0,4.002016872213237,-2.1026233191861166,-0.630786995755835,0.0,0.0,0.0,2.05459458897706,6.055896754848231,,,8,4,4,4.889070510864258,-7,181,True,True,False,"A:1,B:1,ESTOP:0,MODE:1",DRIVE_RUN,,,,0,,,False,0,UNKNOWN,0.0,False,-9999.0,-1.0,-1.0,False,36.967638735,127.873859685,121.995,2,6.3504000000000005,36.967638308784935,127.87386322603056,3.0,2.565036554336548,1.0,0.0,0.0900731086730957,0.3184983375808586,12.73441768738252,-10.404905558188583,0.0,0.0,0.0,-0.4899578467226537,0.11343695763143588,0.8563577836967796,0.11715251333268138,-0.06290166624187564,-0.009948376736367677,0.022619467105846513,-8.2964259,-0.196133,5.589790499999999
1789045867.433794,13.955,4.0,-4.802124148606129,2,0,205,22.855090368202926,-2.9987112777921836,-7.354271749570302,4.0,66.0,107.0,1.0,-0.3505472594787079,3.2346206763922427,78.0,5.199148889407883,14.512057359244467,-10.404905558188583,-0.028977150743139647,3.322664047051255,0.0,-10.488288444017824,1.1252917448330217,0.007734279755114115,1.018196617179033,3.0,2.0,4.002016872213237,-2.1202287893405694,-0.6360686368021707,0.0,0.0,0.0,2.05459458897706,6.055896754848231,,,8,4,4,4.928220272064209,-7,194,True,True,False,"A:1,B:1,ESTOP:0,MODE:1",DRIVE_RUN,,,,0,,,False,0,UNKNOWN,0.0,False,-9999.0,-1.0,-1.0,False,36.967638735,127.873859685,121.995,2,6.3504000000000005,36.967638076456325,127.87386519267984,3.0,2.59003915309906,1.0,0.0,0.14007830619812012,0.49531629208639155,12.73441768738252,-10.404905558188583,0.0,0.0,0.0,-0.489348172309421,0.1131052966693411,0.8569119356128995,0.11596332492182038,-0.029530970943744055,0.009756390518648303,0.049096111858600494,-7.36479415,0.0784532,4.4129925
1789045867.483802,14.005,2.0,-4.0243039508701415,4,0,204,23.03000708917216,-3.0245739803189062,-7.187459011061179,4.0,66.0,107.0,1.0,-0.34786980021769165,3.174425992404381,78.0,5.022897888601481,14.335435525972612,-10.404905558188583,-0.028977150743139647,2.0852148527117667,0.0,-10.488288444017824,1.1252917448330217,0.007734279755114115,1.018196617179033,4.0,4.0,4.002016872213237,-2.1377561523145046,-0.6413268456943514,0.0,0.0,0.0,2.05459458897706,6.055896754848231,,,8,4,4,4.915825366973877,-7,170,True,True,False,"A:1,B:1,ESTOP:0,MODE:1",DRIVE_RUN,,,,0,,,False,0,UNKNOWN,0.0,False,-9999.0,-1.0,-1.0,False,36.967638735,127.873859685,121.995,2,6.3504000000000005,36.96763784646795,127.87386715925227,3.0,2.615035433769226,1.0,0.0,0.19007086753845215,0.6720893185460912,12.73441768738252,-10.404905558188583,0.0,0.0,0.0,-0.4893596277002905,0.11277461237423858,0.8570953327454451,0.11487659538325451,-0.02626720524251466,0.02012364627549462,0.008988445647770798,-8.659271949999999,-0.00980665,5.962443199999999
1789045867.533837,14.055,2.0,-3.644766177765427,2,0,204,23.23092474764396,-3.039207631472405,-7.0835120720065845,4.0,67.0,107.0,1.0,-0.3320667794099673,3.16182649431878,78.0,4.8465789055191255,14.135492639423457,-10.404905558188583,-0.028977150743139647,3.6238945448026665,0.0,-10.488288444017824,1.1252917448330217,0.007734279755114115,1.018196617179033,3.0,2.0,4.002016872213237,-2.155149642325389,-0.6465448926976167,0.0,0.0,0.0,2.05459458897706,6.055896754848231,,,8,4,4,4.921456813812256,-7,170,True,True,False,"A:1,B:1,ESTOP:0,MODE:1",DRIVE_RUN,,,,0,,,False,0,UNKNOWN,0.0,False,-9999.0,-1.0,-1.0,False,36.967637945,127.87386745166667,122.0,2,6.3504000000000005,36.967637763619486,127.87386901375115,3.0,2.539852042198181,1.0,0.0,0.039704084396362305,0.14039364242553712,12.956803966500665,-10.404905558188583,0.0,0.0,0.0,-0.48945027745775205,0.11219187072985752,0.8572103358641985,0.11420091998864294,-0.0417657290002243,-0.004904375198104067,0.040194932673429405,-7.8649333,2.1182364,2.61837555
1789045867.583796,14.105,2.0,-3.666163609436081,2,0,205,23.369858871612117,-3.0593988179489324,-6.902934416271961,4.0,67.0,107.0,1.0,-0.33260805421144046,2.8403136160639453,79.0,5.032614674381611,13.995288074111787,-10.404905558188583,-0.028977150743139647,3.1360366783283378,0.0,-10.488288444017824,1.1252917448330217,0.007734279755114115,1.018196617179033,3.0,2.0,4.002016872213237,-2.1717529812958873,-0.6515258943887662,0.0,0.0,0.0,2.05459458897706,6.259428917553204,,,8,4,4,4.693607330322266,-7,170,True,True,False,"A:1,B:1,ESTOP:0,MODE:1",DRIVE_RUN,,,,0,,,False,0,UNKNOWN,0.0,False,-9999.0,-1.0,-1.0,False,36.967637945,127.87386745166667,122.0,2,6.3504000000000005,36.9676375379191,127.87387098029728,3.0,2.564838309288025,1.0,0.0,0.0896766185760498,0.317096417003084,12.956803966500665,-10.404905558188583,0.0,0.0,0.0,-0.4892660076239305,0.11145105753157045,0.8575148129912007,0.11342742639900105,-0.033876840781209935,0.013683381335635543,0.034033920413889425,-7.7276402,0.7551120499999999,6.38412915
1789045867.633824,14.155,2.0,-3.762925914047464,2,0,205,23.54476641894387,-3.0845236696371536,-6.745373827143425,4.0,68.0,107.0,1.0,-0.33299805296708507,2.775158318278581,79.0,4.892577351768167,13.818844250350782,-10.404905558188583,-0.028977150743139647,3.1019432404328007,0.0,-10.488288444017824,1.1252917448330217,0.007734279755114115,1.018196617179033,3.0,2.0,4.002016872213237,-2.1883833840064595,-0.6565150152019378,0.0,0.0,0.0,2.05459458897706,6.259428917553204,,,8,4,4,4.549946308135986,-7,170,True,True,False,"A:1,B:1,ESTOP:0,MODE:1",DRIVE_RUN,,,,0,,,False,0,UNKNOWN,0.0,False,-9999.0,-1.0,-1.0,False,36.967637945,127.87386745166667,122.0,2,6.3504000000000005,36.96763731474948,127.87387294838722,3.0,2.5898381662368775,1.0,0.0,0.13967633247375488,0.49389507365243396,12.956803966500665,-10.404905558188583,0.0,0.0,0.0,-0.4892514432388012,0.11072894795592989,0.8577024202666801,0.11277714148710419,-0.03354522822333101,0.013089969389957472,0.033492868345771185,-8.3356525,2.3143694,4.18743955
1789045867.683854,14.205,2.0,-3.876960633261545,2,0,205,23.719811273813065,-3.10936679825743,-6.590310832835371,4.0,68.0,107.0,1.0,-0.33679365806042205,2.7690840700879478,79.0,4.716331486822548,13.642327891144928,-10.404905558188583,-0.028977150743139647,2.5316269610541022,0.0,-10.488288444017824,1.1252917448330217,0.007734279755114115,1.018196617179033,3.0,2.0,4.002016872213237,-2.205033286654814,-0.6615099859964442,0.0,0.0,0.0,2.05459458897706,6.259428917553204,,,8,4,4,4.623367786407471,-7,170,True,True,False,"A:1,B:1,ESTOP:0,MODE:1",DRIVE_RUN,,,,0,,,False,0,UNKNOWN,0.0,False,-9999.0,-1.0,-1.0,False,36.967637945,127.87386745166667,122.0,2,6.3504000000000005,36.96763709365038,127.8738749199253,3.0,2.6148764085769653,1.0,0.0,0.18975281715393066,0.6709649035404797,12.956803966500665,-10.404905558188583,0.0,0.0,0.0,-0.48913357496349613,0.10962782941213614,0.8579863536222743,0.11220294942543768,-0.024068090385001805,0.028099800957108706,0.02775073510670984,-8.227779349999999,-0.8825985,5.815343449999999
1789045867.733819,14.255,2.0,-3.444489085969242,2,0,205,23.916367178595134,-3.1280776914612702,-6.4621657118347,4.0,68.0,107.0,1.0,-0.33245452569563755,2.7736047825856245,79.0,4.540002891014041,13.445944978669752,-10.404905558188583,-0.028977150743139647,3.877210854111083,0.0,-10.488288444017824,1.1252917448330217,0.007734279755114115,1.018196617179033,3.0,2.0,4.002016872213237,-2.221872969557835,-0.6665618908673505,0.0,0.0,0.0,2.05459458897706,6.259428917553204,,,8,4,4,4.55759859085083,-7,170,True,True,False,"A:1,B:1,ESTOP:0,MODE:1",DRIVE_RUN,,,,0,,,False,0,UNKNOWN,0.0,False,-9999.0,-1.0,-1.0,False,36.96763714666667,127.87387515833333,122.031,2,6.3504000000000005,36.96763695385927,127.87387689336796,3.0,2.542030830383301,1.0,0.0,0.04406166076660156,0.15580203247070312,12.613316659884292,-10.404905558188583,0.0,0.0,0.0,-0.4896118244956977,0.10960577900517857,0.857875280228113,0.11098125110215155,-0.051626839273992274,0.03766420525803763,0.02527236756887789,-8.16893945,1.2552512,4.5502856
1789045867.783908,14.305,2.0,-3.4717630358209997,2,0,205,24.07068374710911,-3.149540912882505,-6.269935069627053,4.0,69.0,107.0,1.0,-0.3336743656838952,2.415164588087979,80.0,4.726722845443241,13.29043813822938,-10.404905558188583,-0.028977150743139647,2.947364655088353,0.0,-10.488288444017824,1.1252917448330217,0.007734279755114115,1.018196617179033,3.0,2.0,4.002016872213237,-2.238495695842617,-0.6715487087527852,0.0,0.0,0.0,2.05459458897706,5.9462972544990205,,,8,4,4,4.524591445922852,-7,171,True,True,False,"A:1,B:1,ESTOP:0,MODE:1",DRIVE_RUN,,,,0,,,False,0,UNKNOWN,0.0,False,-9999.0,-1.0,-1.0,False,36.96763714666667,127.87387515833333,122.031,2,6.3504000000000005,36.9676367370218,127.87387886270996,3.0,2.5670324754714966,1.0,0.0,0.09406495094299316,0.33261360163374787,12.613316659884292,-10.404905558188583,0.0,0.0,0.0,-0.4901684372546316,0.10914443266772299,0.8577301600758551,0.11009708639760293,-0.030962140930379408,0.04499458811641381,0.02780309498426967,-8.237585999999999,-0.4707192,6.5312289
1789045867.833836,14.355,2.0,-3.5832960452308837,2,0,205,24.245839962201927,-3.1736791496996877,-6.123226116104519,4.0,69.0,107.0,1.0,-0.33310382379299114,2.3547755461258073,80.0,4.5712884068312745,13.113984012962128,-10.404905558188583,-0.028977150743139647,1.5935973311026956,0.0,-10.488288444017824,1.1252917448330217,0.007734279755114115,1.018196617179033,3.0,2.0,3.963958724036547,-2.255179414126812,-0.6765538242380436,0.0,0.0,0.0,2.05459458897706,5.9462972544990205,,,8,4,4,4.5936760902404785,-7,170,True,True,False,"A:1,B:1,ESTOP:0,MODE:1",DRIVE_RUN,,,,0,,,False,0,UNKNOWN,0.0,False,-9999.0,-1.0,-1.0,False,36.96763714666667,127.87387515833333,122.031,2,6.3504000000000005,36.96763652220472,127.87388083231268,3.0,2.5920330476760864,1.0,0.0,0.14406609535217285,0.5094174476113476,12.613316659884292,-10.404905558188583,0.0,0.0,0.0,-0.49208755740961346,0.10951876057110262,0.8567530268231552,0.10876455284223709,-0.012269664641520135,-0.026145032194875056,0.023317598806644243,-7.9041599,0.77472535,3.5598139499999997
1789045867.883849,14.405,2.0,-3.7842233011821826,2,0,204,24.421019366703216,-3.1975924774256286,-6.043638651738377,4.0,70.0,107.0,1.0,-0.3321018151108572,2.366104288945451,80.0,4.394909540387066,12.937562023613529,-10.404905558188583,-0.028977150743139647,2.5540051937149673,0.0,-10.488288444017824,1.1252917448330217,0.007734279755114115,1.018196617179033,3.0,2.0,3.963958724036547,-2.2718346053164615,-0.6815503815949384,0.0,0.0,0.0,2.05459458897706,5.9462972544990205,,,8,4,4,4.366154193878174,-6,169,True,True,False,"A:1,B:1,ESTOP:0,MODE:1",DRIVE_RUN,,,,0,,,False,0,UNKNOWN,0.0,False,-9999.0,-1.0,-1.0,False,36.96763714666667,127.87387515833333,122.031,2,6.3504000000000005,36.967636309480525,127.87388280201294,3.0,2.6170304012298584,1.0,0.0,0.1940608024597168,0.6861983119886896,12.613316659884292,-10.404905558188583,0.0,0.0,0.0,-0.4904393189643071,0.10810602229488925,0.8579426640273555,0.10824392638410597,-0.02398082392240209,0.02494075501099897,0.02918190509334519,-7.50208725,1.3140911,5.6290170999999996
1789045867.933816,14.455,2.0,-2.955689010294596,2,0,205,24.579722472136954,-3.2011774909270163,-5.915417276357431,4.0,70.0,107.0,1.0,-0.31179461725733715,2.454699959761596,80.0,4.218557835539779,12.781394161969002,-10.404905558188583,-0.028977150743139647,1.913998857862547,0.0,-10.488288444017824,1.1252917448330217,0.007734279755114115,1.018196617179033,3.0,2.0,3.963958724036547,-2.2884396960720044,-0.6865319088216013,0.0,0.0,0.0,2.05459458897706,5.9462972544990205,,,8,4,4,4.2261199951171875,-6,170,True,True,False,"A:1,B:1,ESTOP:0,MODE:1",DRIVE_RUN,,,,0,,,False,0,UNKNOWN,0.0,False,-9999.0,-1.0,-1.0,False,36.96763649,127.87388261666666,122.012,2,6.3504000000000005,36.9676363838515,127.87388360518251,3.0,2.5325439167022705,1.0,0.0,0.025087833404541016,0.08871057891845703,11.796483992843818,-10.404905558188583,0.0,0.0,0.0,-0.49024795490299633,0.1084971350186073,0.8581881634968246,0.10676324479956248,-0.024591689160600103,0.04405211032033688,0.0022689280275926286,-8.502365549999999,1.10815145,5.75650355
1789045867.983785,14.505,2.0,-2.9742357562528117,2,0,204,24.667642546674294,-3.2129938876718898,-5.819827857289795,4.0,70.0,107.0,1.0,-0.3102632932068214,1.7395698097597354,81.0,4.43334741379311,12.69290539260907,-10.404905558188583,-0.028977150743139647,3.3300282101689405,0.0,-10.488288444017824,1.1252917448330217,0.007734279755114115,1.018196617179033,3.0,2.0,3.963958724036547,-2.3040294269348713,-0.6912088280804614,0.0,0.0,0.0,2.05459458897706,5.229779651845335,,,8,4,4,4.232903003692627,-6,170,True,True,False,"A:1,B:1,ESTOP:0,MODE:1",DRIVE_RUN,,,,0,,,False,0,UNKNOWN,0.0,False,-9999.0,-1.0,-1.0,False,36.96763649,127.87388261666666,122.012,2,6.3504000000000005,36.96763617305958,127.8738855765566,3.0,2.557558078765869,1.0,0.0,0.07511615753173828,0.26561072377543676,11.796483992843818,-10.404905558188583,0.0,0.0,0.0,-0.49075687559060277,0.10799971816237422,0.8580978031674816,0.10564994148857343,-0.047874381382204456,-0.02179916235740918,0.021240656996770992,-7.992419749999999,0.8825985,4.16782625
1789045868.033779,14.555,2.0,-3.0384615375967865,2,0,205,24.842979499362016,-3.236459136563997,-5.653843460896326,4.0,71.0,107.0,1.0,-0.3070996117360905,1.7149655387695495,81.0,4.344803634756901,12.516464077338073,-10.404905558188583,-0.028977150743139647,2.5281045961605897,0.0,-10.488288444017824,1.1252917448330217,0.007734279755114115,1.018196617179033,3.0,2.0,3.963958724036547,-2.3195425915952126,-0.6958627774785637,0.0,0.0,0.0,2.05459458897706,5.229779651845335,,,8,4,4,4.149252891540527,-6,170,True,True,False,"A:1,B:1,ESTOP:0,MODE:1",DRIVE_RUN,,,,0,,,False,0,UNKNOWN,0.0,False,-9999.0,-1.0,-1.0,False,36.96763649,127.87388261666666,122.012,2,6.3504000000000005,36.967635963406785,127.87388754690654,3.0,2.582557101249695,1.0,0.0,0.12511420249938965,0.4424037742608662,11.796483992843818,-10.404905558188583,0.0,0.0,0.0,-0.49044822918415926,0.10811546300061019,0.8584426824117437,0.10415249475656488,-0.03944444109507184,-0.0010122909661567112,0.00445058959258554,-8.4533323,1.5298374,4.5698989
1789045868.083776,14.605,2.0,-3.1635708594042056,2,0,205,25.018225362809556,-3.259797579108953,-5.527107443476723,4.0,71.0,107.0,1.0,-0.3020872175159798,1.6981787345886203,81.0,4.168250912261504,12.340151067839235,-10.404905558188583,-0.028977150743139647,5.279780744863102,0.0,-10.488288444017824,1.1252917448330217,0.007734279755114115,1.018196617179033,3.0,2.0,3.963958724036547,-2.334897572182017,-0.7004692716546052,0.0,0.0,0.0,2.05459458897706,5.229779651845335,,,8,4,4,4.151844501495361,-6,169,True,True,False,"A:1,B:1,ESTOP:0,MODE:1",DRIVE_RUN,,,,0,,,False,0,UNKNOWN,0.0,False,-9999.0,-1.0,-1.0,False,36.96763649,127.87388261666666,122.012,2,6.3504000000000005,36.96763575606767,127.873889516225,3.0,2.607538480758667,1.0,0.0,0.17507696151733398,0.6190718683187449,11.796483992843818,-10.404905558188583,0.0,0.0,0.0,-0.49118399800778517,0.10606414914285361,0.8582772140615113,0.10415805389167646,-0.0735307213865211,-0.05777039824101231,0.050649454892875444,-8.404299049999999,-0.0588399,5.834956749999999
1789045868.133808,14.655,2.0,-2.3306402248093114,2,0,204,25.239816578003598,-3.269082379601609,-5.264844469808679,4.0,71.0,107.0,1.0,-0.2757843121478035,1.7321075011560236,81.0,3.9918282343574822,12.121423391317181,-10.404905558188583,-0.028977150743139647,2.7133667889172717,0.0,-10.488288444017824,1.1252917448330217,0.007734279755114115,1.018196617179033,3.0,2.0,3.963958724036547,-2.350001933057816,-0.7050005799173448,0.0,0.0,0.0,2.05459458897706,5.229779651845335,,,8,4,4,3.9084253311157227,-6,170,True,True,False,"A:1,B:1,ESTOP:0,MODE:1",DRIVE_RUN,,,,0,,,False,0,UNKNOWN,0.0,False,-9999.0,-1.0,-1.0,False,36.96763588,127.87389003833333,122.03,2,6.3504000000000005,36.96763577064852,127.87389108857239,3.0,2.5333200883865357,1.0,0.0,0.02664017677307129,0.0941996650695801,11.477192064877327,-10.404905558188583,0.0,0.0,0.0,-0.49072434700693185,0.10570581960833504,0.8586847803266021,0.10332639058345786,-0.033702307856010506,0.05806710421385134,0.012548917321839229,-8.139519499999999,0.6864655000000001,7.482473949999999
1789045868.183793,14.705,2.0,-2.2939214511157733,2,0,205,25.333226407210088,-3.281255330954968,-5.127918006075419,4.0,72.0,107.0,1.0,-0.27334048506416175,1.009075193395172,82.0,4.140228068054258,12.027527719045048,-10.404905558188583,-0.028977150743139647,2.74979576196059,0.0,-10.488288444017824,1.1252917448330217,0.007734279755114115,1.018196617179033,3.0,2.0,3.6069113968816238,-2.3637911486652063,-0.7091373445995619,0.0,0.0,0.0,2.05459458897706,4.960465438155021,,,8,4,4,4.142684459686279,-6,169,True,True,False,"A:1,B:1,ESTOP:0,MODE:1",DRIVE_RUN,,,,0,,,False,0,UNKNOWN,0.0,False,-9999.0,-1.0,-1.0,False,36.96763588,127.87389003833333,122.03,2,6.3504000000000005,36.96763556709561,127.87389306063129,3.0,2.558327932357788,1.0,0.0,0.07665586471557617,0.2710550997455595,11.477192064877327,-10.404905558188583,0.0,0.0,0.0,-0.49131639698244167,0.10559611477509107,0.8584498030955212,0.10257482228041383,-0.025586526834236872,-0.0043982297150257105,0.037716565135597464,-9.0613446,0.38245935,3.0596748
1789045868.233844,14.755,2.0,-2.3522385237702688,2,0,205,25.508624267643214,-3.3039147370077178,-4.986222004109834,4.0,72.0,107.0,1.0,-0.26947407252775496,0.9458900837124177,82.0,4.046175805835249,11.851272182360168,-10.404905558188583,-0.028977150743139647,3.2936061049151935,0.0,-10.488288444017824,1.1252917448330217,0.007734279755114115,1.018196617179033,3.0,2.0,3.6069113968816238,-2.3774581729184145,-0.7132374518755243,0.0,0.0,0.0,2.05459458897706,4.960465438155021,,,8,4,4,4.249579429626465,-6,170,True,True,False,"A:1,B:1,ESTOP:0,MODE:1",DRIVE_RUN,,,,0,,,False,0,UNKNOWN,0.0,False,-9999.0,-1.0,-1.0,False,36.96763588,127.87389003833333,122.03,2,6.3504000000000005,36.96763536598783,127.873895030828,3.0,2.5833076429367066,1.0,0.0,0.12661528587341309,0.447711440880058,11.477192064877327,-10.404905558188583,0.0,0.0,0.0,-0.49069205476507094,0.1054955254804939,0.8589372766326907,0.10158127930304736,-0.0466002910282486,0.002356194490192345,0.018605209826259555,-7.91396655,-0.196133,4.746418599999999
1789045868.283790,14.805,2.0,-1.8871445364110175,2,0,203,25.683856502083746,-3.32630195279376,-4.826742612282374,4.0,72.0,107.0,1.0,-0.26536334664451955,0.9494193720527232,82.0,3.869604944277958,11.67525415416269,-10.404905558188583,-0.028977150743139647,3.273856288884904,0.0,-10.488288444017824,1.1252917448330217,0.007734279755114115,1.018196617179033,3.0,2.0,3.6069113968816238,-2.390931876544802,-0.7172795629634406,0.0,0.0,0.0,2.05459458897706,4.960465438155021,,,8,4,4,4.058210849761963,-5,169,True,True,False,"A:1,B:1,ESTOP:0,MODE:1",DRIVE_RUN,,,,0,,,False,0,UNKNOWN,0.0,False,-9999.0,-1.0,-1.0,False,36.96763588,127.87389003833333,122.03,2,6.3504000000000005,36.96763516602603,127.87389700160873,3.0,2.608292360305786,1.0,0.0,0.17658472061157227,0.6244031477744795,11.477192064877327,-10.404905558188583,0.0,0.0,0.0,-0.49048405476055573,0.10551423003055682,0.8591593057147505,0.10068478877392895,-0.0473682358991261,0.03560471674068432,0.011554079648202462,-8.590625399999999,1.4513842,5.9820565
1789045868.333796,14.855,2.0,-1.575069063491016,2,0,205,25.877082367616154,-3.3310502298579387,-4.663256018663219,4.0,73.0,107.0,1.0,-0.24180886900191487,0.5633266720789653,83.0,4.066912328445005,11.485439302660872,-10.404905558188583,-0.028977150743139647,3.3048419708840804,0.0,-10.488288444017824,1.1252917448330217,0.007734279755114115,1.018196617179033,3.0,2.0,3.6069113968816238,-2.404200043877028,-0.7212600131631084,0.0,0.0,0.0,2.05459458897706,4.960465438155021,,,8,4,4,4.324869632720947,-4,169,True,True,False,"A:1,B:1,ESTOP:0,MODE:1",DRIVE_RUN,,,,0,,,False,0,UNKNOWN,0.0,False,-9999.0,-1.0,-1.0,False,36.96763532333333,127.87389720333333,122.023,2,6.3504000000000005,36.96763517990867,127.87389862789841,3.0,2.5380578231811524,1.0,0.0,0.03611564636230469,0.12770492553710935,12.066966011469445,-10.404905558188583,0.0,0.0,0.0,-0.49102629259235026,0.10528265186139366,0.8589353901613328,0.10019350641854655,-0.03549999698556466,0.011763519158441782,0.03747221904031825,-9.18883105,-0.1372931,3.726527
1789045868.383804,14.905,0.0,-1.575069063491016,2,2,205,26.003785311583698,-3.347016190437777,-4.49786121817516,4.0,73.0,107.0,1.0,-0.23926210789010993,0.25741455989080864,83.0,3.8738801288291285,11.358263479355717,-10.404905558188583,-0.028977150743139647,0.3757432923354487,0.0,-10.488288444017824,1.1252917448330217,0.007734279755114115,1.018196617179033,3.0,2.0,3.6069113968816238,-2.416290487327124,-0.7248871461981372,0.0,0.0,0.0,2.05459458897706,5.462658200053523,,,8,4,4,4.221588611602783,-3,170,True,True,False,"A:1,B:1,ESTOP:0,MODE:1",DRIVE_RUN,,,,S,,"🛑 일시정지 지점 — WP 74/107 (terrain='S'), 리니어 2단. 완전정지 뒤 3.5초 대기 후 재출발",False,0,UNKNOWN,0.0,False,-9999.0,-1.0,-1.0,False,36.96763532333333,127.87389720333333,122.023,2,6.3504000000000005,36.967634982155666,127.87390060048031,3.0,2.5630606603622437,1.0,0.0,0.0861213207244873,0.3045249797341223,12.066966011469445,-10.404905558188583,0.0,0.0,0.0,-0.490499268765364,0.10570698898000155,0.8592198230593369,0.09988891571794756,-0.004014257279586958,-0.02392846404484226,-0.005934119456780721,-6.854848349999999,1.0198915999999998,4.4129925
1789045868.433809,14.955,0.0,-1.575069063491016,0,2,205,26.179229688602643,-3.369029954068634,-4.479139288759626,4.0,74.0,107.0,1.0,-0.23582618310647746,0.25741455989080864,83.0,3.8738801288291285,11.182204619359997,-10.404905558188583,-0.028977150743139647,-1.7872174983430857,1.0,-10.488288444017824,1.1252917448330217,0.007734279755114115,1.018196617179033,0.0,0.0,3.6069113968816238,-2.416290487327124,-0.7248871461981372,0.0,0.0,0.0,2.05459458897706,5.462658200053523,,,8,4,4,4.011889457702637,-3,170,True,True,False,"A:1,B:1,ESTOP:0,MODE:1",DRIVE_RUN,,,,S,,,False,0,UNKNOWN,0.0,False,-9999.0,-1.0,-1.0,False,36.96763532333333,127.87389720333333,122.023,2,6.3504000000000005,36.967634782768165,127.87390257238407,3.0,2.5880582523345947,1.0,0.0,0.13611650466918945,0.48130791049817834,12.066966011469445,-10.404905558188583,0.0,0.0,0.0,-0.4905728468979107,0.10602597649186185,0.8590286208579119,0.100829572757103,0.02775073510670984,0.042551127163621756,-0.03661700770684103,-6.5508422,0.8924051499999999,5.815343449999999
1789045868.483798,15.005,0.0,-1.575069063491016,0,2,208,26.354613750661525,-3.391225669071254,-4.568678616809478,4.0,74.0,107.0,1.0,-0.23685670882686302,0.25741455989080864,83.0,3.8738801288291285,11.00618934444567,-10.404905558188583,-0.028977150743139647,-3.4341569694449987,1.0,-10.488288444017824,1.1252917448330217,0.007734279755114115,1.018196617179033,0.0,0.0,3.6069113968816238,-2.416290487327124,-0.7248871461981372,0.0,0.0,0.0,2.05459458897706,5.462658200053523,,,7,3,4,4.009209632873535,-4,169,True,True,False,"A:1,B:1,ESTOP:0,MODE:1",DRIVE_RUN,,,,S,,,False,0,UNKNOWN,0.0,False,-9999.0,-1.0,-1.0,False,36.96763532333333,127.87389720333333,122.023,2,6.3504000000000005,36.96763458100986,127.87390454422537,3.0,2.613059778213501,1.0,0.0,0.18611955642700195,0.6581184383187426,12.066966011469445,-10.404905558188583,0.0,0.0,0.0,-0.4914530896311683,0.10674601069607031,0.858315936281107,0.10184745170272905,0.06894050545377602,0.047874381382204456,-0.022776546738526,-10.24794925,1.2846711499999999,5.1190713
1789045868.533798,15.055,0.0,-1.575069063491016,0,2,249,26.51938817615353,-3.3915338201142164,-4.740618831306676,4.0,74.0,107.0,1.0,-0.21742791605919382,0.25741455989080864,83.0,3.8738801288291285,10.845372654431607,-10.404905558188583,-0.028977150743139647,-2.073733675823685,1.0,-10.488288444017824,1.1252917448330217,0.007734279755114115,1.018196617179033,0.0,0.0,3.6069113968816238,-2.416290487327124,-0.7248871461981372,0.0,0.0,0.0,2.05459458897706,5.462658200053523,,,8,4,4,3.939581871032715,-3,164,True,True,False,"A:1,B:1,ESTOP:0,MODE:1",DRIVE_RUN,,,,S,,,False,0,UNKNOWN,0.0,False,-9999.0,-1.0,-1.0,False,36.96763478,127.873904425,122.00999999999999,2,6.3504000000000005,36.96763462176748,127.87390596185764,3.0,2.539488215446472,1.0,0.0,0.038976430892944336,0.1378206596374512,11.937372167640044,-10.404905558188583,0.0,0.0,0.0,-0.49106523149713577,0.10713609273146182,0.8583977828517844,0.10261599506919383,0.040317105721069016,-0.046251225177849735,-0.011135200627723822,-9.7085835,1.34351105,5.4917240000000005
1789045868.583780,15.105,0.0,-1.575069063491016,0,2,258,26.65607858739916,-3.409148183318786,-4.844105177476791,4.0,75.0,107.0,1.0,-0.21796774154017146,0.25741455989080864,83.0,3.8738801288291285,10.708181254747991,-10.404905558188583,-0.028977150743139647,-2.9552182526167416,1.0,-10.488288444017824,1.1252917448330217,0.007734279755114115,1.018196617179033,0.0,0.0,3.6069113968816238,-2.416290487327124,-0.7248871461981372,0.0,0.0,0.0,2.05459458897706,5.462658200053523,,,8,4,4,4.0623979568481445,-3,166,True,True,False,"A:1,B:1,ESTOP:0,MODE:1",DRIVE_RUN,,,,S,,,False,0,UNKNOWN,0.0,False,-9999.0,-1.0,-1.0,False,36.96763478,127.873904425,122.00999999999999,2,6.3504000000000005,36.96763441772701,127.87390793411478,3.0,2.5644995164871216,1.0,0.0,0.08899903297424316,0.3147005661078742,11.937372167640044,-10.404905558188583,0.0,0.0,0.0,-0.4902247327519256,0.10731182713986809,0.8587674058764463,0.1033558211154328,0.059341194567807204,0.0010471975511965976,-0.01577777643802874,-6.982334799999999,-1.1375714,6.178189499999999
1789045868.633806,15.155,0.0,-1.575069063491016,0,2,452,26.831494079720233,-3.431861864326337,-4.991823674455645,4.0,75.0,107.0,1.0,-0.21682772172224288,0.25741455989080864,83.0,3.8738801288291285,10.532122474489622,-10.404905558188583,-0.028977150743139647,-0.2169720393811601,1.0,-10.488288444017824,1.1252917448330217,0.007734279755114115,1.018196617179033,0.0,0.0,3.6069113968816238,-2.416290487327124,-0.7248871461981372,0.0,0.0,0.0,2.05459458897706,5.462658200053523,,,8,4,4,4.002045154571533,-3,166,True,True,False,"A:1,B:1,ESTOP:0,MODE:1",DRIVE_RUN,,,,S,,,False,0,UNKNOWN,0.0,False,-9999.0,-1.0,-1.0,False,36.96763478,127.873904425,122.00999999999999,2,6.3504000000000005,36.967634212428216,127.87390990441808,3.0,2.589489002227783,1.0,0.0,0.1389780044555664,0.4914261304502853,11.937372167640044,-10.404905558188583,0.0,0.0,0.0,-0.4904138794618061,0.10782434548240832,0.8585499099113167,0.10373133347152672,0.004276056667386108,0.03199188518905606,-0.02071705822117269,-8.502365549999999,0.73549875,6.001669799999999
1789045868.683790,15.205,0.0,-1.575069063491016,0,2,658,27.00673579493435,-3.4547156218275994,-5.002645780234019,4.0,76.0,107.0,1.0,-0.2158499253797395,0.25741455989080864,83.0,3.8738801288291285,10.35622936463581,-10.404905558188583,-0.028977150743139647,0.09099689555784074,1.0,-10.488288444017824,1.1252917448330217,0.007734279755114115,1.018196617179033,0.0,0.0,3.6069113968816238,-2.416290487327124,-0.7248871461981372,0.0,0.0,0.0,2.05459458897706,5.462658200053523,,,8,4,4,4.077234745025635,-3,166,True,True,False,"A:1,B:1,ESTOP:0,MODE:1",DRIVE_RUN,,,,S,,,False,0,UNKNOWN,0.0,False,-9999.0,-1.0,-1.0,False,36.96763478,127.873904425,122.00999999999999,2,6.3504000000000005,36.967634005917525,127.87391187426486,3.0,2.614475269317627,1.0,0.0,0.1889505386352539,0.6681288566810409,11.937372167640044,-10.404905558188583,0.0,0.0,0.0,-0.4901726009932413,0.10800838040517458,0.858565369041301,0.10454911802949934,-0.002234021442552742,-0.038624136346634516,-0.010768681484805013,-7.521700549999999,0.16671305,4.4522191
1789045868.733847,15.255,0.0,-1.575069063491016,0,2,865,27.12552444291201,-3.4681587358936277,-4.998086480622362,4.0,76.0,107.0,1.0,-0.21105001685569902,0.25741455989080864,83.0,3.8738801288291285,10.237480177810205,-10.404905558188583,-0.028977150743139647,-0.7138466105597154,1.0,-10.488288444017824,1.1252917448330217,0.007734279755114115,1.018196617179033,0.0,0.0,3.6069113968816238,-2.416290487327124,-0.7248871461981372,0.0,0.0,0.0,2.05459458897706,5.462658200053523,,,7,3,4,3.5451908111572266,-3,170,True,True,False,"A:1,B:1,ESTOP:0,MODE:1",DRIVE_RUN,,,,S,,,False,0,UNKNOWN,0.0,False,-9999.0,-1.0,-1.0,False,36.96763409166667,127.87391124,121.99799999999999,2,6.3504000000000005,36.96763409166667,127.87391124,3.0,2.5395162296295166,1.0,0.0,0.0390324592590332,0.0,11.384069109461944,-10.404905558188583,0.0,0.0,0.0,-0.4897663350167752,0.10819038720032345,0.8587102509370285,0.10507369859934296,0.005044001538263612,-0.07637560806727187,-0.020978857608971842,-9.07115125,3.1087080499999997,8.492558899999999
1789045868.783829,15.305,0.0,-1.575069063491016,0,2,866,27.12552444291201,-3.4681587358936277,-5.033758183601833,3.5,76.0,107.0,1.0,-0.21105001685569902,0.25741455989080864,83.0,3.8738801288291285,10.237480177810205,-10.404905558188583,-0.028977150743139647,-0.9532963119540887,1.0,-10.488288444017824,1.1252917448330217,0.007734279755114115,1.018196617179033,0.0,0.0,3.6069113968816238,-2.416290487327124,-0.7248871461981372,0.0,0.0,0.0,2.05459458897706,5.462658200053523,,,6,3,3,3.3397536277770996,-3,170,True,True,False,"A:1,B:1,ESTOP:0,MODE:1",DRIVE_RUN,,,,S,,,False,0,UNKNOWN,0.0,False,-9999.0,-1.0,-1.0,False,36.96763409166667,127.87391124,121.99799999999999,2,6.3504000000000005,36.96763409166667,127.87391124,3.0,2.564479012489319,1.0,0.0,0.0889580249786377,0.0,11.384069109461944,-10.404905558188583,0.0,0.0,0.0,-0.4876335891993976,0.10770438309766063,0.8598738154194577,0.10597296873283224,0.0056374134839416844,-0.0911410935391439,-0.026302111827554545,-5.75650355,1.1866046499999998,6.854848349999999
1789045868.833763,15.355,0.0,-1.575069063491016,0,2,866,27.12552444291201,-3.4681587358936277,-5.081519549252505,3.0,76.0,107.0,1.0,-0.21105001685569902,0.25741455989080864,83.0,3.8738801288291285,10.237480177810205,-10.404905558188583,-0.028977150743139647,-1.3910029832832915,1.0,-10.488288444017824,1.1252917448330217,0.007734279755114115,1.018196617179033,0.0,0.0,3.6069113968816238,-2.416290487327124,-0.7248871461981372,0.0,0.0,0.0,2.05459458897706,5.462658200053523,,,6,3,3,3.257547378540039,-3,170,True,True,False,"A:1,B:1,ESTOP:0,MODE:1",DRIVE_RUN,,,,S,,,False,0,UNKNOWN,0.0,False,-9999.0,-1.0,-1.0,False,36.96763409166667,127.87391124,121.99799999999999,2,6.3504000000000005,36.96763409166667,127.87391124,3.0,2.589477677345276,1.0,0.0,0.13895535469055176,0.0,11.384069109461944,-10.404905558188583,0.0,0.0,0.0,-0.48383780861145614,0.10704291611600344,0.8619602182100126,0.10708581274283742,0.020978857608971842,-0.03605850234620284,-0.022776546738526,-7.060788,1.08853815,7.384407449999999
1789045868.883800,15.405,0.0,-1.575069063491016,0,2,866,27.12552444291201,-3.4681587358936277,-5.150663040277891,3.0,76.0,107.0,1.0,-0.21105001685569902,0.25741455989080864,83.0,3.8738801288291285,10.237480177810205,-10.404905558188583,-0.028977150743139647,-0.47907630733172274,1.0,-10.488288444017824,1.1252917448330217,0.007734279755114115,1.018196617179033,0.0,0.0,3.6069113968816238,-2.416290487327124,-0.7248871461981372,0.0,0.0,0.0,2.05459458897706,5.462658200053523,,,6,3,3,3.307514190673828,-3,170,True,True,False,"A:1,B:1,ESTOP:0,MODE:1",DRIVE_RUN,,,,S,,,False,0,UNKNOWN,0.0,False,-9999.0,-1.0,-1.0,False,36.96763409166667,127.87391124,121.99799999999999,2,6.3504000000000005,36.96763409166667,127.87391124,3.0,2.614480037689209,1.0,0.0,0.18896007537841797,0.0,11.384069109461944,-10.404905558188583,0.0,0.0,0.0,-0.4812670920382596,0.10693691014199946,0.863323222851919,0.10779376723584203,0.011501719770642632,-0.07918558816298273,-0.0005759586531581288,-6.4821956499999995,1.0493115499999999,8.492558899999999
1789045868.933871,15.455,0.0,-1.575069063491016,0,2,866,27.716095948875413,-3.538104482463777,-5.174750813672603,3.0,76.0,107.0,1.0,-0.19250624901461896,0.25741455989080864,83.0,3.8738801288291285,9.646669967360769,-10.404905558188583,-0.028977150743139647,-1.2329961812472416,1.0,-10.488288444017824,1.1252917448330217,0.007734279755114115,1.018196617179033,0.0,0.0,3.6069113968816238,-2.416290487327124,-0.7248871461981372,0.0,0.0,0.0,2.05459458897706,5.462658200053523,,,6,3,3,3.570967435836792,-3,171,True,True,False,"A:1,B:1,ESTOP:0,MODE:1",DRIVE_RUN,,,,S,,,False,0,UNKNOWN,0.0,False,-9999.0,-1.0,-1.0,False,36.967633463333335,127.87391788,122.0,2,6.3504000000000005,36.967633463333335,127.87391788,3.0,2.537539381980896,1.0,0.0,0.03507876396179199,0.0,10.747241118282584,-10.404905558188583,0.0,0.0,0.0,-0.4772184411754489,0.10722638432326274,0.8654606506573322,0.10836477320061938,0.008569566627292158,-0.03300417615521277,-0.03977605365295077,-5.2759777,0.5883989999999999,7.89435325
1789045868.983786,15.505,0.0,-1.575069063491016,0,2,866,27.716095948875413,-3.538104482463777,-5.236113062065897,3.0,78.0,107.0,1.0,-0.19250624901461896,0.25741455989080864,83.0,3.8738801288291285,9.646669967360769,-10.404905558188583,-0.028977150743139647,-0.773339189216802,1.0,-10.488288444017824,1.1252917448330217,0.007734279755114115,1.018196617179033,0.0,0.0,3.6069113968816238,-2.416290487327124,-0.7248871461981372,0.0,0.0,0.0,2.05459458897706,5.462658200053523,,,6,3,3,3.8030571937561035,-3,171,True,True,False,"A:1,B:1,ESTOP:0,MODE:1",DRIVE_RUN,,,,S,,,False,0,UNKNOWN,0.0,False,-9999.0,-1.0,-1.0,False,36.967633463333335,127.87391788,122.0,2,6.3504000000000005,36.967633463333335,127.87391788,3.0,2.562549252510071,1.0,0.0,0.0850985050201416,0.0,10.747241118282584,-10.404905558188583,0.0,0.0,0.0,-0.47685701876672304,0.10759701672329622,0.8655497247365218,0.10887579921034568,0.01780235837034216,0.021415189921970425,-0.014887658519511631,-5.20733115,2.06920315,8.54159215
1789045869.033782,15.555,0.0,-1.575069063491016,0,2,866,27.716095948875413,-3.538104482463777,-5.274658110508398,3.0,78.0,107.0,1.0,-0.19250624901461896,0.25741455989080864,83.0,3.8738801288291285,9.646669967360769,-10.404905558188583,-0.028977150743139647,-1.8078152971155637,1.0,-10.488288444017824,1.1252917448330217,0.007734279755114115,1.018196617179033,0.0,0.0,3.6069113968816238,-2.416290487327124,-0.7248871461981372,0.0,0.0,0.0,2.05459458897706,5.462658200053523,,,4,2,2,4.2168402671813965,-3,170,True,True,False,"A:1,B:1,ESTOP:0,MODE:1",DRIVE_RUN,,,,S,,,False,0,UNKNOWN,0.0,False,-9999.0,-1.0,-1.0,False,36.967633463333335,127.87391788,122.0,2,6.3504000000000005,36.967633463333335,127.87391788,3.0,2.5875675868988037,1.0,0.0,0.13513517379760742,0.0,10.747241118282584,-10.404905558188583,0.0,0.0,0.0,-0.47586643347530583,0.10699982571926192,0.8660457209145592,0.10984982509372221,0.05302310267558773,0.0360759556387228,0.008848819307611252,-7.5315072,0.4707192,8.217972699999999
1789045869.083775,15.605,0.0,-1.575069063491016,0,2,866,27.716095948875413,-3.538104482463777,-5.3658534974413215,2.0,78.0,107.0,1.0,-0.19250624901461896,0.25741455989080864,83.0,3.8738801288291285,9.646669967360769,-10.404905558188583,-0.028977150743139647,-1.8789415868428894,1.0,-10.488288444017824,1.1252917448330217,0.007734279755114115,1.018196617179033,0.0,0.0,3.6069113968816238,-2.416290487327124,-0.7248871461981372,0.0,0.0,0.0,2.05459458897706,5.462658200053523,,,4,2,2,4.599374771118164,-3,170,True,True,False,"A:1,B:1,ESTOP:0,MODE:1",DRIVE_RUN,,,,S,,,False,0,UNKNOWN,0.0,False,-9999.0,-1.0,-1.0,False,36.967633463333335,127.87391788,122.0,2,6.3504000000000005,36.967633463333335,127.87391788,3.0,2.612541813850403,1.0,0.0,0.18508362770080566,0.0,10.747241118282584,-10.404905558188583,0.0,0.0,0.0,-0.4755097557111396,0.10719915843586478,0.8661617369882451,0.11028444147603536,0.02535963403147761,-0.01583013631558857,-0.03546509040052478,-6.6489087,1.3533177,8.0806796
1789045869.133784,15.655,0.0,-1.575069063491016,0,2,866,28.159172815444037,-3.606380436929355,-5.459716715941454,2.0,78.0,107.0,1.0,-0.20430472418250034,0.25741455989080864,83.0,3.8738801288291285,9.199977475110822,-10.404905558188583,-0.028977150743139647,-0.7817429301825733,1.0,-10.488288444017824,1.1252917448330217,0.007734279755114115,1.018196617179033,0.0,0.0,3.6069113968816238,-2.416290487327124,-0.7248871461981372,0.0,0.0,0.0,2.05459458897706,5.462658200053523,,,4,2,2,5.003791809082031,-3,170,True,True,False,"A:1,B:1,ESTOP:0,MODE:1",DRIVE_RUN,,,,S,,,False,0,UNKNOWN,0.0,False,-9999.0,-1.0,-1.0,False,36.96763285,127.87392286166667,121.98500000000001,2,6.3504000000000005,36.96763285,127.87392286166667,3.0,2.535035629272461,1.0,0.0,0.030071258544921875,0.0,9.18145771796801,-10.404905558188583,0.0,0.0,0.0,-0.47531240179089684,0.10711096045957985,0.8661948442048562,0.11095879742553177,0.009913470151327791,-0.005375614096142535,-0.02530727415391778,-5.834956749999999,-0.14709974999999997,6.22722275
1789045869.183823,15.705,0.0,-1.575069063491016,0,2,866,28.159172815444037,-3.606380436929355,-5.498593027088475,2.0,79.0,107.0,1.0,-0.20430472418250034,0.25741455989080864,83.0,3.8738801288291285,9.199977475110822,-10.404905558188583,-0.028977150743139647,-0.9141702984615716,1.0,-10.488288444017824,1.1252917448330217,0.007734279755114115,1.018196617179033,0.0,0.0,3.6069113968816238,-2.416290487327124,-0.7248871461981372,0.0,0.0,0.0,2.05459458897706,5.462658200053523,,,4,2,2,5.5279998779296875,-3,170,True,True,False,"A:1,B:1,ESTOP:0,MODE:1",DRIVE_RUN,,,,S,,,False,0,UNKNOWN,0.0,False,-9999.0,-1.0,-1.0,False,36.96763285,127.87392286166667,121.98500000000001,2,6.3504000000000005,36.96763285,127.87392286166667,3.0,2.560022611618042,1.0,0.0,0.08004522323608398,0.0,9.18145771796801,-10.404905558188583,0.0,0.0,0.0,-0.47476557002975955,0.1071109354380291,0.8664120723385101,0.11160206955964584,0.018779742751458987,0.014957471689591405,-0.01722639971718403,-6.805815099999999,-0.0980665,7.7374468499999995
1789045869.233783,15.755,0.0,-1.575069063491016,0,2,866,28.159172815444037,-3.606380436929355,-5.544616879571208,2.0,79.0,107.0,1.0,-0.20430472418250034,0.25741455989080864,83.0,3.8738801288291285,9.199977475110822,-10.404905558188583,-0.028977150743139647,-1.3588601057799958,1.0,-10.488288444017824,1.1252917448330217,0.007734279755114115,1.018196617179033,0.0,0.0,3.6069113968816238,-2.416290487327124,-0.7248871461981372,0.0,0.0,0.0,2.05459458897706,5.462658200053523,,,4,2,2,5.981867790222168,-3,170,True,True,False,"A:1,B:1,ESTOP:0,MODE:1",DRIVE_RUN,,,,S,,,False,0,UNKNOWN,0.0,False,-9999.0,-1.0,-1.0,False,36.96763285,127.87392286166667,121.98500000000001,2,6.3504000000000005,36.96763285,127.87392286166667,3.0,2.5850312900543213,1.0,0.0,0.13006258010864258,0.0,9.18145771796801,-10.404905558188583,0.0,0.0,0.0,-0.47421333999873755,0.10750059406438124,0.8666320455330959,0.11186701076800393,0.028693212902786775,-0.0004014257279586958,-0.013142329267517301,-7.50208725,0.8237586,8.208166049999999
1789045869.283817,15.805,0.0,-1.575069063491016,0,2,866,28.159172815444037,-3.606380436929355,-5.612319428762959,2.0,79.0,107.0,1.0,-0.20430472418250034,0.25741455989080864,83.0,3.8738801288291285,9.199977475110822,-10.404905558188583,-0.028977150743139647,-1.1507971761111446,1.0,-10.488288444017824,1.1252917448330217,0.007734279755114115,1.018196617179033,0.0,0.0,3.6069113968816238,-2.416290487327124,-0.7248871461981372,0.0,0.0,0.0,2.05459458897706,5.462658200053523,,,3,2,1,6.7672624588012695,-3,170,True,True,False,"A:1,B:1,ESTOP:0,MODE:1",DRIVE_RUN,,,,S,,,False,0,UNKNOWN,0.0,False,-9999.0,-1.0,-1.0,False,36.96763285,127.87392286166667,121.98500000000001,2,6.3504000000000005,36.96763285,127.87392286166667,3.0,2.610045928955078,1.0,0.0,0.18009185791015625,0.0,9.18145771796801,-10.404905558188583,0.0,0.0,0.0,-0.47202375637802935,0.10651165566518286,0.8678306262532682,0.11277785580111317,0.028885199120506154,0.012147491593880533,-0.0072082098107365804,-6.5312289,-0.8825985,8.9632781
1789045869.333802,15.855,0.0,-1.575069063491016,0,2,866,28.49700224814293,-3.646455453766865,-5.669937428551094,1.5,79.0,107.0,1.0,-0.20070015374264624,0.25741455989080864,83.0,3.8738801288291285,8.862393611580334,-10.404905558188583,-0.028977150743139647,-0.26933179668263535,1.0,-10.488288444017824,1.1252917448330217,0.007734279755114115,1.018196617179033,0.0,0.0,3.6069113968816238,-2.416290487327124,-0.7248871461981372,0.0,0.0,0.0,2.05459458897706,5.462658200053523,,,2,1,1,6.951388835906982,-3,170,True,True,False,"A:1,B:1,ESTOP:0,MODE:1",DRIVE_RUN,,,,S,,,False,0,UNKNOWN,0.0,False,-9999.0,-1.0,-1.0,False,36.96763249,127.87392666,122.017,2,6.3504000000000005,36.96763249,127.87392666,3.0,2.5411145877838135,1.0,0.0,0.04222917556762695,0.0,7.223685024989576,-10.404905558188583,0.0,0.0,0.0,-0.4720874021840554,0.10702533896768143,0.8676964711824386,0.11305704496185243,0.01153662635568252,-0.0037524578917878084,-0.004258603374866164,-6.5116156,2.0790097999999997,6.4135491
1789045869.383785,15.905,0.0,-1.575069063491016,0,2,866,28.49700224814293,-3.646455453766865,-5.683387823689003,1.0,80.0,107.0,1.0,-0.20070015374264624,0.25741455989080864,83.0,3.8738801288291285,8.862393611580334,-10.404905558188583,-0.028977150743139647,-1.6498042770670216,1.0,-10.488288444017824,1.1252917448330217,0.007734279755114115,1.018196617179033,0.0,0.0,3.6069113968816238,-2.416290487327124,-0.7248871461981372,0.0,0.0,0.0,2.05459458897706,5.462658200053523,,,2,1,1,7.761098384857178,-3,170,True,True,False,"A:1,B:1,ESTOP:0,MODE:1",DRIVE_RUN,,,,S,,,False,0,UNKNOWN,0.0,False,-9999.0,-1.0,-1.0,False,36.96763249,127.87392666,122.017,2,6.3504000000000005,36.96763249,127.87392666,3.0,2.5660917949676514,1.0,0.0,0.09218358993530273,0.0,7.223685024989576,-10.404905558188583,0.0,0.0,0.0,-0.47198944274590504,0.10706124370687409,0.8677003294903058,0.11340191459919122,0.04084070449666731,0.011362093430483085,-0.0035953782591083188,-6.73716855,0.5883989999999999,10.012589649999999
1789045869.433815,15.955,0.0,-1.575069063491016,0,2,866,28.49700224814293,-3.646455453766865,-5.765839804506385,1.0,80.0,107.0,1.0,-0.20070015374264624,0.25741455989080864,83.0,3.8738801288291285,8.862393611580334,-10.404905558188583,-0.028977150743139647,-0.45527871346722243,1.0,-10.488288444017824,1.1252917448330217,0.007734279755114115,1.018196617179033,0.0,0.0,3.6069113968816238,-2.416290487327124,-0.7248871461981372,0.0,0.0,0.0,2.05459458897706,5.462658200053523,,,2,1,1,8.321327209472656,-3,170,True,True,False,"A:1,B:1,ESTOP:0,MODE:1",DRIVE_RUN,,,,S,,,False,0,UNKNOWN,0.0,False,-9999.0,-1.0,-1.0,False,36.96763249,127.87392666,122.017,2,6.3504000000000005,36.96763249,127.87392666,3.0,2.5910959434509278,1.0,0.0,0.14219188690185547,0.0,7.223685024989576,-10.404905558188583,0.0,0.0,0.0,-0.47186886338795975,0.10710393821350786,0.8677443201262831,0.11352672404630909,0.016283921921107097,0.0050789081233034985,-0.0037524578917878084,-6.7077486,0.8531785499999999,8.316039199999999
1789045869.483878,16.005,0.0,-1.575069063491016,0,2,866,28.49700224814293,-3.646455453766865,-5.788467057918268,1.0,80.0,107.0,1.0,-0.20070015374264624,0.25741455989080864,83.0,3.8738801288291285,8.862393611580334,-10.404905558188583,-0.028977150743139647,-0.3517595478808114,1.0,-10.488288444017824,1.1252917448330217,0.007734279755114115,1.018196617179033,0.0,0.0,3.6069113968816238,-2.416290487327124,-0.7248871461981372,0.0,0.0,0.0,2.05459458897706,5.462658200053523,,,2,1,1,8.80749797821045,-3,170,True,True,False,"A:1,B:1,ESTOP:0,MODE:1",DRIVE_RUN,,,,S,,,False,0,UNKNOWN,0.0,False,-9999.0,-1.0,-1.0,False,36.96763249,127.87392666,122.017,2,6.3504000000000005,36.96763249,127.87392666,3.0,2.6160859060287476,1.0,0.0,0.19217181205749512,0.0,7.223685024989576,-10.404905558188583,0.0,0.0,0.0,-0.4718203363579172,0.10714331972805843,0.8677406822478801,0.11371889732466016,0.02314306588144481,0.03244567079457458,0.00815068760681352,-6.59987545,0.9610517,7.7472535
1789045869.533798,16.055,0.0,-1.575069063491016,0,2,866,28.702012387881236,-3.6718734042903214,-5.806202119523448,1.0,80.0,107.0,1.0,-0.1955389957744248,0.25741455989080864,83.0,3.8738801288291285,8.657363219979164,-10.404905558188583,-0.028977150743139647,-2.1212849529611,1.0,-10.488288444017824,1.1252917448330217,0.007734279755114115,1.018196617179033,0.0,0.0,3.6069113968816238,-2.416290487327124,-0.7248871461981372,0.0,0.0,0.0,2.05459458897706,5.462658200053523,,,2,1,1,9.70833683013916,-3,170,True,True,False,"A:1,B:1,ESTOP:0,MODE:1",DRIVE_RUN,,,,S,,,False,0,UNKNOWN,0.0,False,-9999.0,-1.0,-1.0,False,36.967632261666665,127.873928965,122.011,2,6.3504000000000005,36.967632261666665,127.873928965,3.0,2.5407245349884033,1.0,0.0,0.04144906997680664,0.0,5.065408232552162,-10.404905558188583,0.0,0.0,0.0,-0.4717742063119735,0.10727842648616198,0.8677163341127084,0.1139684209917956,0.044436082755775624,-0.008325220532012952,-0.011135200627723822,-6.8842683,-0.29419949999999995,10.130269449999998
1789045869.583790,16.105,0.0,-1.575069063491016,0,2,866,28.702012387881236,-3.6718734042903214,-5.911590579018309,1.0,80.0,107.0,1.0,-0.1955389957744248,0.25741455989080864,83.0,3.8738801288291285,8.657363219979164,-10.404905558188583,-0.028977150743139647,-1.6418116841650756,1.0,-10.488288444017824,1.1252917448330217,0.007734279755114115,1.018196617179033,0.0,0.0,3.6069113968816238,-2.416290487327124,-0.7248871461981372,0.0,0.0,0.0,2.05459458897706,5.462658200053523,,,2,1,1,10.056449890136719,-3,170,True,True,False,"A:1,B:1,ESTOP:0,MODE:1",DRIVE_RUN,,,,S,,,False,0,UNKNOWN,0.0,False,-9999.0,-1.0,-1.0,False,36.967632261666665,127.873928965,122.011,2,6.3504000000000005,36.967632261666665,127.873928965,3.0,2.5657375049591065,1.0,0.0,0.09147500991821289,0.0,5.065408232552162,-10.404905558188583,0.0,0.0,0.0,-0.4716403187906322,0.10749137108864287,0.8677503126447872,0.11406318309353289,0.04838052686528281,-0.026284658535034602,0.015812683023068628,-5.619210449999999,2.1868829499999998,6.6587153500000005
1789045869.633790,16.155,0.0,-1.575069063491016,0,2,866,28.702012387881236,-3.6718734042903214,-5.993803996599269,1.0,80.0,107.0,1.0,-0.1955389957744248,0.25741455989080864,83.0,3.8738801288291285,8.657363219979164,-10.404905558188583,-0.028977150743139647,0.1517350316730503,1.0,-10.488288444017824,1.1252917448330217,0.007734279755114115,1.018196617179033,0.0,0.0,3.6069113968816238,-2.416290487327124,-0.7248871461981372,0.0,0.0,0.0,2.05459458897706,5.462658200053523,,,0,0,0,10.553787231445312,-3,170,True,True,False,"A:1,B:1,ESTOP:0,MODE:1",DRIVE_RUN,,,,S,,,False,0,UNKNOWN,0.0,False,-9999.0,-1.0,-1.0,False,36.967632261666665,127.873928965,122.011,2,6.3504000000000005,36.967632261666665,127.873928965,3.0,2.5907385540008545,1.0,0.0,0.14147710800170898,0.0,5.065408232552162,-10.404905558188583,0.0,0.0,0.0,-0.4717658218114824,0.10745803852382621,0.867699155411606,0.11396470956017021,0.014643312424232424,0.054332099614583476,0.00773180858633488,-7.58054045,1.2944778,8.404299049999999
1789045869.683809,16.205,0.0,-1.575069063491016,0,2,866,28.702012387881236,-3.6718734042903214,-5.986220110190516,0.0,80.0,107.0,1.0,-0.1955389957744248,0.25741455989080864,83.0,3.8738801288291285,8.657363219979164,-10.404905558188583,-0.028977150743139647,-1.4611872502206857,1.0,-10.488288444017824,1.1252917448330217,0.007734279755114115,1.018196617179033,0.0,0.0,3.6069113968816238,-2.416290487327124,-0.7248871461981372,0.0,0.0,0.0,2.05459458897706,5.462658200053523,,,0,0,0,10.980029106140137,-3,170,True,True,False,"A:1,B:1,ESTOP:0,MODE:1",DRIVE_RUN,,,,S,,,False,0,UNKNOWN,0.0,False,-9999.0,-1.0,-1.0,False,36.967632261666665,127.873928965,122.011,2,6.3504000000000005,36.967632261666665,127.873928965,3.0,2.6157237482070923,1.0,0.0,0.19144749641418457,0.0,5.065408232552162,-10.404905558188583,0.0,0.0,0.0,-0.47165807830513873,0.10741662540693639,0.8677692698552457,0.11391584635415414,0.03344050846821135,0.009704030641088473,-0.009826203688728075,-6.913688249999999,0.65704555,7.256920999999999
1789045869.733936,16.255,0.0,-1.575069063491016,0,2,866,28.795104482883293,-3.6887568606044523,-6.059310408329452,0.0,80.0,107.0,1.0,-0.19672115940157264,0.25741455989080864,83.0,3.8738801288291285,8.562973217168269,-10.404905558188583,-0.028977150743139647,0.42489714430391934,1.0,-10.488288444017824,1.1252917448330217,0.007734279755114115,1.018196617179033,0.0,0.0,3.6069113968816238,-2.416290487327124,-0.7248871461981372,0.0,0.0,0.0,2.05459458897706,5.462658200053523,,,0,0,0,11.200355529785156,-3,170,True,True,False,"A:1,B:1,ESTOP:0,MODE:1",DRIVE_RUN,,,,S,,,False,0,UNKNOWN,0.0,False,-9999.0,-1.0,-1.0,False,36.96763211,127.87393001166667,122.007,2,6.3504000000000005,36.96763211,127.87393001166667,3.0,2.5402252864837647,1.0,0.0,0.0404505729675293,0.0,2.6978923155666807,-10.404905558188583,0.0,0.0,0.0,-0.47187054484658025,0.1075365380980331,0.8676402211316576,0.11390578806491851,0.00799360797413403,0.05028293574995663,0.006265732014659643,-6.756781849999999,-0.0,5.579983849999999
1789045869.783794,16.305,0.0,-1.575069063491016,0,2,866,28.795104482883293,-3.6887568606044523,-6.038119464769579,0.0,81.0,107.0,1.0,-0.19672115940157264,0.25741455989080864,83.0,3.8738801288291285,8.562973217168269,-10.404905558188583,-0.028977150743139647,-0.8971941202923515,1.0,-10.488288444017824,1.1252917448330217,0.007734279755114115,1.018196617179033,0.0,0.0,3.6069113968816238,-2.416290487327124,-0.7248871461981372,0.0,0.0,0.0,2.05459458897706,5.462658200053523,,,0,0,0,10.902897834777832,-3,170,True,True,False,"A:1,B:1,ESTOP:0,MODE:1",DRIVE_RUN,,,,S,,,False,0,UNKNOWN,0.0,False,-9999.0,-1.0,-1.0,False,36.96763211,127.87393001166667,122.007,2,6.3504000000000005,36.96763211,127.87393001166667,3.0,2.5652247858047486,1.0,0.0,0.09044957160949707,0.0,2.6978923155666807,-10.404905558188583,0.0,0.0,0.0,-0.4743500747085441,0.10812126968197694,0.8662037453884066,0.1139862673371331,0.030124382889422128,0.10016444577195457,-0.009075712110370514,-9.326124149999998,0.73549875,3.7853669
1789045869.833928,16.355,0.0,-1.575069063491016,0,2,866,28.795104482883293,-3.6887568606044523,-6.083181912547133,0.0,81.0,107.0,1.0,-0.19672115940157264,0.25741455989080864,83.0,3.8738801288291285,8.562973217168269,-10.404905558188583,-0.028977150743139647,-0.08263305719172126,1.0,-10.488288444017824,1.1252917448330217,0.007734279755114115,1.018196617179033,0.0,0.0,3.6069113968816238,-2.416290487327124,-0.7248871461981372,0.0,0.0,0.0,2.05459458897706,5.462658200053523,,,0,0,0,10.652787208557129,-3,170,True,True,False,"A:1,B:1,ESTOP:0,MODE:1",DRIVE_RUN,,,,S,,,False,0,UNKNOWN,0.0,False,-9999.0,-1.0,-1.0,False,36.96763211,127.87393001166667,122.007,2,6.3504000000000005,36.96763211,127.87393001166667,3.0,2.5902518224716187,1.0,0.0,0.1405036449432373,0.0,2.6978923155666807,-10.404905558188583,0.0,0.0,0.0,-0.4751829269424065,0.10843135949673495,0.8657132208966231,0.11394931059436975,0.012618730491919002,0.02726204291615143,-0.000296705972839036,-9.52225715,1.01008495,4.2855060499999995
1789045869.883782,16.405,0.0,-1.575069063491016,0,2,866,28.795104482883293,-3.6887568606044523,-6.08730508992636,0.0,81.0,107.0,1.0,-0.19672115940157264,0.25741455989080864,83.0,3.8738801288291285,8.562973217168269,-10.404905558188583,-0.028977150743139647,0.7961339073150585,1.0,-10.488288444017824,1.1252917448330217,0.007734279755114115,1.018196617179033,0.0,0.0,3.6069113968816238,-2.416290487327124,-0.7248871461981372,0.0,0.0,0.0,2.05459458897706,5.462658200053523,,,0,0,0,10.560968399047852,-3,170,True,True,False,"A:1,B:1,ESTOP:0,MODE:1",DRIVE_RUN,,,,S,,,False,0,UNKNOWN,0.0,False,-9999.0,-1.0,-1.0,False,36.96763211,127.87393001166667,122.007,2,6.3504000000000005,36.96763211,127.87393001166667,3.0,2.6152093601226807,1.0,0.0,0.19041872024536133,0.0,2.6978923155666807,-10.404905558188583,0.0,0.0,0.0,-0.475307688501004,0.10844152778153178,0.8656621655105448,0.1138070802183857,-0.003665191429188092,0.006213372137099813,0.005288347633542819,-8.845598299999999,0.980665,4.9425516
1789045869.933794,16.455,0.0,-1.575069063491016,0,2,866,28.78798916294044,-3.690797717709038,-6.0476301628250155,0.0,81.0,107.0,1.0,-0.19991581548866488,0.25741455989080864,83.0,3.8738801288291285,8.569370287417605,-10.404905558188583,-0.028977150743139647,-0.22265113538918407,1.0,-10.488288444017824,1.1252917448330217,0.007734279755114115,1.018196617179033,0.0,0.0,3.6069113968816238,-2.416290487327124,-0.7248871461981372,0.0,0.0,0.0,2.05459458897706,5.462658200053523,,,0,0,0,10.655852317810059,-3,170,True,True,False,"A:1,B:1,ESTOP:0,MODE:1",DRIVE_RUN,,,,S,,,False,0,UNKNOWN,0.0,False,-9999.0,-1.0,-1.0,False,36.967632091666665,127.87392993166667,122.019,2,6.3504000000000005,36.967632091666665,127.87392993166667,3.0,2.537437219619751,1.0,0.0,0.03487443923950195,0.0,0.7794568310169379,-10.404905558188583,0.0,0.0,0.0,-0.4748902504210512,0.10819844929103603,0.8659169396602961,0.1138428708149664,0.012391837689159739,0.006614797865058509,-0.0026005405854715507,-8.09048625,0.4707192,5.589790499999999
1789045869.983992,16.505,0.0,-1.575069063491016,0,2,866,28.78798916294044,-3.690797717709038,-6.0588027344398085,0.0,81.0,107.0,1.0,-0.19991581548866488,0.25741455989080864,83.0,3.8738801288291285,8.569370287417605,-10.404905558188583,-0.028977150743139647,0.1423391714308042,1.0,-10.488288444017824,1.1252917448330217,0.007734279755114115,1.018196617179033,0.0,0.0,3.6069113968816238,-2.416290487327124,-0.7248871461981372,0.0,0.0,0.0,2.05459458897706,5.462658200053523,,,0,0,0,10.609814643859863,-3,170,True,True,False,"A:1,B:1,ESTOP:0,MODE:1",DRIVE_RUN,,,,S,,,False,0,UNKNOWN,0.0,False,-9999.0,-1.0,-1.0,False,36.967632091666665,127.87392993166667,122.019,2,6.3504000000000005,36.967632091666665,127.87392993166667,3.0,2.562427897453308,1.0,0.0,0.08485579490661621,0.0,0.7794568310169379,-10.404905558188583,0.0,0.0,0.0,-0.47480238547437137,0.1082349089618697,0.8659600117437553,0.11384707853352025,0.0077492618788548235,0.009512044423369097,0.001762782544514273,-8.4533323,0.8531785499999999,4.99158485
1789045870.033814,16.555,0.0,-1.575069063491016,0,2,866,28.78798916294044,-3.690797717709038,-6.051691551827048,0.0,81.0,107.0,1.0,-0.19991581548866488,0.25741455989080864,83.0,3.8738801288291285,8.569370287417605,-10.404905558188583,-0.028977150743139647,0.22171025775834102,1.0,-10.488288444017824,1.1252917448330217,0.007734279755114115,1.018196617179033,0.0,0.0,3.6069113968816238,-2.416290487327124,-0.7248871461981372,0.0,0.0,0.0,2.05459458897706,5.462658200053523,,,0,0,0,10.532672882080078,-3,170,True,True,False,"A:1,B:1,ESTOP:0,MODE:1",DRIVE_RUN,,,,S,,,False,0,UNKNOWN,0.0,False,-9999.0,-1.0,-1.0,False,36.967632091666665,127.87392993166667,122.019,2,6.3504000000000005,36.967632091666665,127.87392993166667,3.0,2.5874405097961426,1.0,0.0,0.13488101959228516,0.0,0.7794568310169379,-10.404905558188583,0.0,0.0,0.0,-0.47578106705525613,0.10844235612398302,0.8654130081640904,0.11372315916479322,0.006667157742618339,0.0033335788713091696,0.003612831551628262,-8.7083052,0.7256921,4.85429175
1789045870.083784,16.605,0.0,-1.575069063491016,0,2,866,28.78798916294044,-3.690797717709038,-6.040574069305109,0.0,81.0,107.0,1.0,-0.19991581548866488,0.25741455989080864,83.0,3.8738801288291285,8.569370287417605,-10.404905558188583,-0.028977150743139647,0.02980304856556132,1.0,-10.488288444017824,1.1252917448330217,0.007734279755114115,1.018196617179033,0.0,0.0,3.6069113968816238,-2.416290487327124,-0.7248871461981372,0.0,0.0,0.0,2.05459458897706,5.462658200053523,,,0,0,0,10.519509315490723,-3,170,True,True,False,"A:1,B:1,ESTOP:0,MODE:1",DRIVE_RUN,,,,S,,,False,0,UNKNOWN,0.0,False,-9999.0,-1.0,-1.0,False,36.967632091666665,127.87392993166667,122.019,2,6.3504000000000005,36.967632091666665,127.87392993166667,3.0,2.6124566984176636,1.0,0.0,0.18491339683532715,0.0,0.7794568310169379,-10.404905558188583,0.0,0.0,0.0,-0.47586764275373183,0.10860186876232446,0.8653608655315612,0.11360542719344155,0.005026548245743669,-0.002234021442552742,-0.005375614096142535,-8.36507245,0.8237586,5.1190713
1789045870.133811,16.655,0.0,-1.575069063491016,0,2,866,28.7962903682765,-3.6896845227089985,-6.0390847141252095,0.0,81.0,107.0,1.0,-0.19743890142296971,0.25741455989080864,83.0,3.8738801288291285,8.56159585938429,-10.404905558188583,-0.028977150743139647,0.46048662747368446,1.0,-10.488288444017824,1.1252917448330217,0.007734279755114115,1.018196617179033,0.0,0.0,3.6069113968816238,-2.416290487327124,-0.7248871461981372,0.0,0.0,0.0,2.05459458897706,5.462658200053523,,,0,0,0,10.547660827636719,-3,170,True,True,False,"A:1,B:1,ESTOP:0,MODE:1",DRIVE_RUN,,,,S,,,False,0,UNKNOWN,0.0,False,-9999.0,-1.0,-1.0,False,36.967632101666666,127.87393002499999,122.02799999999999,2,6.3504000000000005,36.967632101666666,127.87393002499999,3.0,2.52,1.0,1.0,0.0,0.0,0.012973263411113291,-10.404905558188583,0.0,0.0,0.0,-0.4756400077466289,0.10850665265523297,0.8655000003205815,0.11358978301509759,0.0070685834705770355,-0.0017976891295541594,0.013700834628155488,-8.24739265,0.7943386499999999,5.32501095
1789045870.183870,16.705,0.0,-1.575069063491016,0,2,866,28.7962903682765,-3.6896845227089985,-6.0159063713491605,0.0,81.0,107.0,1.0,-0.19743890142296971,0.25741455989080864,83.0,3.8738801288291285,8.56159585938429,-10.404905558188583,-0.028977150743139647,-0.31309908408430565,1.0,-10.488288444017824,1.1252917448330217,0.007734279755114115,1.018196617179033,0.0,0.0,3.6069113968816238,-2.416290487327124,-0.7248871461981372,0.0,0.0,0.0,2.05459458897706,5.462658200053523,,,0,0,0,10.546419143676758,-3,170,True,True,False,"A:1,B:1,ESTOP:0,MODE:1",DRIVE_RUN,,,,S,,,False,0,UNKNOWN,0.0,False,-9999.0,-1.0,-1.0,False,36.967632101666666,127.87393002499999,122.02799999999999,2,6.3504000000000005,36.967632101666666,127.87393002499999,3.0,2.5563006591796875,1.0,0.0,0.072601318359375,0.0,0.012973263411113291,-10.404905558188583,0.0,0.0,0.0,-0.4754137668059806,0.10830579872316402,0.8656376339500492,0.1136797738546598,0.01457349925415265,0.007086036763096978,-0.0019722220547535923,-8.38468575,0.5883989999999999,5.1386845999999995
1789045870.233832,16.755,0.0,-1.575069063491016,0,2,866,28.7962903682765,-3.6896845227089985,-6.031473225229917,0.0,81.0,107.0,1.0,-0.19743890142296971,0.25741455989080864,83.0,3.8738801288291285,8.56159585938429,-10.404905558188583,-0.028977150743139647,-0.24344646373232293,1.0,-10.488288444017824,1.1252917448330217,0.007734279755114115,1.018196617179033,0.0,0.0,3.6069113968816238,-2.416290487327124,-0.7248871461981372,0.0,0.0,0.0,2.05459458897706,5.462658200053523,,,0,0,0,10.516691207885742,-3,170,True,True,False,"A:1,B:1,ESTOP:0,MODE:1",DRIVE_RUN,,,,S,,⏸️ 완전정지 확인(엔코더 0) — 3.5초 대기 시작,False,0,UNKNOWN,0.0,False,-9999.0,-1.0,-1.0,False,36.967632101666666,127.87393002499999,122.02799999999999,2,6.3504000000000005,36.967632101666666,127.87393002499999,3.0,2.5813197088241577,1.0,0.0,0.12263941764831543,0.0,0.012973263411113291,-10.404905558188583,0.0,0.0,0.0,-0.4757014167039745,0.10804177300577622,0.8654921808086077,0.1138350666128867,0.014608405839192538,0.006475171524898963,0.0006632251157578452,-8.4533323,0.7453053999999999,5.0406181
1789045870.283831,16.805,0.0,-1.575069063491016,0,2,866,28.7962903682765,-3.6896845227089985,-6.043679201260886,0.0,81.0,107.0,1.0,-0.19743890142296971,0.25741455989080864,83.0,3.8738801288291285,8.56159585938429,-10.404905558188583,-0.028977150743139647,-0.10645509501216972,1.0,-10.488288444017824,1.1252917448330217,0.007734279755114115,1.018196617179033,0.0,0.0,3.6069113968816238,-2.416290487327124,-0.7248871461981372,0.0,0.0,0.0,2.05459458897706,5.462658200053523,,,0,0,0,10.486743927001953,-3,170,True,True,False,"A:1,B:1,ESTOP:0,MODE:1",DRIVE_RUN,,,,S,,,False,0,UNKNOWN,0.0,False,-9999.0,-1.0,-1.0,False,36.967632101666666,127.87393002499999,122.02799999999999,2,6.3504000000000005,36.967632101666666,127.87393002499999,3.0,2.6063258838653565,1.0,0.0,0.1726517677307129,0.0,0.012973263411113291,-10.404905558188583,0.0,0.0,0.0,-0.4759734781543883,0.10812025035294337,0.865338944371616,0.11378827229134157,0.00973893722612836,0.003996803987067015,-0.002775073510670984,-8.492558899999999,0.73549875,5.0504247499999995
1789045870.333959,16.855,0.0,-1.575069063491016,0,2,866,28.79673507608891,-3.699703276918376,-6.048993169153448,0.0,81.0,107.0,1.0,-0.20724452568073568,0.25741455989080864,83.0,3.8738801288291285,8.558710514524222,-10.404905558188583,-0.028977150743139647,-0.3295332859139605,1.0,-10.488288444017824,1.1252917448330217,0.007734279755114115,1.018196617179033,0.0,0.0,3.6069113968816238,-2.416290487327124,-0.7248871461981372,0.0,0.0,0.0,2.05459458897706,5.462658200053523,,,0,0,0,10.490351676940918,-3,170,True,True,False,"A:1,B:1,ESTOP:0,MODE:1",DRIVE_RUN,,,,S,,,False,0,UNKNOWN,0.0,False,-9999.0,-1.0,-1.0,False,36.967632011666666,127.87393003,122.029,2,6.3504000000000005,36.967632011666666,127.87393003,3.0,2.5408234786987305,1.0,0.0,0.04164695739746094,0.0,0.1142611329004531,-10.404905558188583,0.0,0.0,0.0,-0.4759512290760842,0.1082026031552129,0.8653550078649451,0.11368084523991256,0.009285151620609835,0.005689773361501515,-0.011868238913561441,-8.3356525,0.7453053999999999,5.18771785
1789045870.383803,16.905,0.0,-1.575069063491016,0,2,866,28.79673507608891,-3.699703276918376,-6.065419534946784,0.0,81.0,107.0,1.0,-0.20724452568073568,0.25741455989080864,83.0,3.8738801288291285,8.558710514524222,-10.404905558188583,-0.028977150743139647,-0.4488669012866926,1.0,-10.488288444017824,1.1252917448330217,0.007734279755114115,1.018196617179033,0.0,0.0,3.6069113968816238,-2.416290487327124,-0.7248871461981372,0.0,0.0,0.0,2.05459458897706,5.462658200053523,,,0,0,0,10.484883308410645,-3,170,True,True,False,"A:1,B:1,ESTOP:0,MODE:1",DRIVE_RUN,,,,S,,,False,0,UNKNOWN,0.0,False,-9999.0,-1.0,-1.0,False,36.967632011666666,127.87393003,122.029,2,6.3504000000000005,36.967632011666666,127.87393003,3.0,2.5658110570907593,1.0,0.0,0.09162211418151855,0.0,0.1142611329004531,-10.404905558188583,0.0,0.0,0.0,-0.47585167262111044,0.10777190496762423,0.8654357393426796,0.11389198054178507,0.016091935703387718,0.005096361415823442,-0.003909537524467298,-8.4533323,0.7060787999999999,5.18771785
1789045870.433816,16.955,0.0,-1.575069063491016,0,2,866,28.79673507608891,-3.699703276918376,-6.087875914828942,0.0,81.0,107.0,1.0,-0.20724452568073568,0.25741455989080864,83.0,3.8738801288291285,8.558710514524222,-10.404905558188583,-0.028977150743139647,0.3219746193221394,1.0,-10.488288444017824,1.1252917448330217,0.007734279755114115,1.018196617179033,0.0,0.0,3.6069113968816238,-2.416290487327124,-0.7248871461981372,0.0,0.0,0.0,2.05459458897706,5.462658200053523,,,0,0,0,10.466830253601074,-3,170,True,True,False,"A:1,B:1,ESTOP:0,MODE:1",DRIVE_RUN,,,,S,,,False,0,UNKNOWN,0.0,False,-9999.0,-1.0,-1.0,False,36.967632011666666,127.87393003,122.029,2,6.3504000000000005,36.967632011666666,127.87393003,3.0,2.590799946784973,1.0,0.0,0.1415998935699463,0.0,0.1142611329004531,-10.404905558188583,0.0,0.0,0.0,-0.47590751029523415,0.10772200383738617,0.8654072505517332,0.11392235174161229,0.006318091892219472,0.006806784082777886,0.006021385919380436,-8.580818749999999,0.73549875,5.18771785
1789045870.483823,17.005,0.0,-1.575069063491016,0,2,866,28.79673507608891,-3.699703276918376,-6.071812127168499,0.0,81.0,107.0,1.0,-0.20724452568073568,0.25741455989080864,83.0,3.8738801288291285,8.558710514524222,-10.404905558188583,-0.028977150743139647,0.003523783516185597,1.0,-10.488288444017824,1.1252917448330217,0.007734279755114115,1.018196617179033,0.0,0.0,3.6069113968816238,-2.416290487327124,-0.7248871461981372,0.0,0.0,0.0,2.05459458897706,5.462658200053523,,,0,0,0,10.440973281860352,-3,170,True,True,False,"A:1,B:1,ESTOP:0,MODE:1",DRIVE_RUN,,,,S,,,False,0,UNKNOWN,0.0,False,-9999.0,-1.0,-1.0,False,36.967632083333335,127.87393002,122.017,2,6.3504000000000005,36.967632083333335,127.87393002,3.0,2.52,1.0,1.0,0.0,0.0,0.020102462644487517,-10.404905558188583,0.0,0.0,0.0,-0.4762460527734045,0.10786922428533666,0.8652156644272494,0.11382346726200543,0.015236724369910496,0.006108652381980153,0.010663961729685353,-8.4729456,0.784532,5.0798447
1789045870.533789,17.055,0.0,-1.575069063491016,0,2,866,28.79584566172802,-3.6917253798135836,-6.071635417276724,0.0,81.0,107.0,1.0,-0.19952527894508582,0.25741455989080864,83.0,3.8738801288291285,8.561526174012823,-10.404905558188583,-0.028977150743139647,-0.6647455947936345,1.0,-10.488288444017824,1.1252917448330217,0.007734279755114115,1.018196617179033,0.0,0.0,3.6069113968816238,-2.416290487327124,-0.7248871461981372,0.0,0.0,0.0,2.05459458897706,5.462658200053523,,,0,0,0,10.447786331176758,-3,170,True,True,False,"A:1,B:1,ESTOP:0,MODE:1",DRIVE_RUN,,,,S,,,False,0,UNKNOWN,0.0,False,-9999.0,-1.0,-1.0,False,36.967632083333335,127.87393002,122.017,2,6.3504000000000005,36.967632083333335,127.87393002,3.0,2.5442815017700195,1.0,0.0,0.04856300354003906,0.0,0.020102462644487517,-10.404905558188583,0.0,0.0,0.0,-0.4762151933783984,0.10774399969857454,0.8652413815247725,0.11387568582288006,0.018360863730980347,0.006789330790257942,-0.007871434926494426,-8.306232549999999,0.73549875,5.18771785
1789045870.583810,17.105,0.0,-1.575069063491016,0,2,866,28.79584566172802,-3.6917253798135836,-6.104719566200487,0.0,81.0,107.0,1.0,-0.19952527894508582,0.25741455989080864,83.0,3.8738801288291285,8.561526174012823,-10.404905558188583,-0.028977150743139647,0.18567640978402292,1.0,-10.488288444017824,1.1252917448330217,0.007734279755114115,1.018196617179033,0.0,0.0,3.6069113968816238,-2.416290487327124,-0.7248871461981372,0.0,0.0,0.0,2.05459458897706,5.462658200053523,,,0,0,0,10.447784423828125,-3,170,True,True,False,"A:1,B:1,ESTOP:0,MODE:1",DRIVE_RUN,,,,S,,,False,0,UNKNOWN,0.0,False,-9999.0,-1.0,-1.0,False,36.967632083333335,127.87393002,122.017,2,6.3504000000000005,36.967632083333335,127.87393002,3.0,2.5693361949920654,1.0,0.0,0.09867238998413086,0.0,0.020102462644487517,-10.404905558188583,0.0,0.0,0.0,-0.4761582522932218,0.10756667874778643,0.8652875037280384,0.11393096281667751,0.006667157742618339,-0.0002443460952792061,0.002775073510670984,-8.42391235,0.6668522,5.18771785
1789045870.634045,17.155,0.0,-1.575069063491016,0,2,866,28.79584566172802,-3.6917253798135836,-6.09541866684458,0.0,81.0,107.0,1.0,-0.19952527894508582,0.25741455989080864,83.0,3.8738801288291285,8.561526174012823,-10.404905558188583,-0.028977150743139647,0.4622125081099347,1.0,-10.488288444017824,1.1252917448330217,0.007734279755114115,1.018196617179033,0.0,0.0,3.6069113968816238,-2.416290487327124,-0.7248871461981372,0.0,0.0,0.0,2.05459458897706,5.462658200053523,,,0,0,0,10.424202919006348,-3,170,True,True,False,"A:1,B:1,ESTOP:0,MODE:1",DRIVE_RUN,,,,S,,,False,0,UNKNOWN,0.0,False,-9999.0,-1.0,-1.0,False,36.967632083333335,127.87393002,122.017,2,6.3504000000000005,36.967632083333335,127.87393002,3.0,2.5942838382720947,1.0,0.0,0.14856767654418945,0.0,0.020102462644487517,-10.404905558188583,0.0,0.0,0.0,-0.47621343368671565,0.10755758761412801,0.8652596416849415,0.11392051349157364,0.004084070449666731,-6.981317007977319e-05,0.008080874436733746,-8.482752249999999,0.7943386499999999,5.10926465
1789045870.683801,17.205,0.0,-1.575069063491016,0,2,866,28.79584566172802,-3.6917253798135836,-6.072327568887829,0.0,81.0,107.0,1.0,-0.19952527894508582,0.25741455989080864,83.0,3.8738801288291285,8.561526174012823,-10.404905558188583,-0.028977150743139647,0.2827196842967122,1.0,-10.488288444017824,1.1252917448330217,0.007734279755114115,1.018196617179033,0.0,0.0,3.6069113968816238,-2.416290487327124,-0.7248871461981372,0.0,0.0,0.0,2.05459458897706,5.462658200053523,,,0,0,0,0.0,-3,170,True,True,False,"A:1,B:1,ESTOP:0,MODE:1",DRIVE_RUN,,,,S,,,False,0,UNKNOWN,0.0,False,-9999.0,-1.0,-1.0,False,36.967632083333335,127.87393002,122.017,2,6.3504000000000005,36.967632083333335,127.87393002,3.0,2.6193242263793945,1.0,0.0,0.19864845275878906,0.0,0.020102462644487517,-10.404905558188583,0.0,0.0,0.0,-0.4764870429730544,0.10763809115656897,0.8651085051945167,0.1138482035478553,0.006544984694978736,0.0059515727493006645,0.005166174585903215,-8.433719,0.8041453,5.03081145
1789045870.733810,17.255,0.0,-1.575069063491016,0,2,866,28.792880945085166,-3.6937662377091414,-6.058195103246646,0.0,81.0,107.0,1.0,-0.20203034035861317,0.25741455989080864,83.0,3.8738801288291285,8.563900208425446,-10.404905558188583,-0.028977150743139647,0.16557337074133288,1.0,-10.488288444017824,1.1252917448330217,0.007734279755114115,1.018196617179033,0.0,0.0,3.6069113968816238,-2.416290487327124,-0.7248871461981372,0.0,0.0,0.0,2.05459458897706,5.462658200053523,,,0,0,0,0.0,-3,169,True,True,False,"A:1,B:1,ESTOP:0,MODE:1",DRIVE_RUN,,,,S,,,False,0,UNKNOWN,0.0,False,-9999.0,-1.0,-1.0,False,36.967632065,127.87392998666667,122.01599999999999,2,6.3504000000000005,36.967632065,127.87392998666667,3.0,2.5425274562835694,1.0,0.0,0.04505491256713867,0.0,0.06426169113372715,-10.404905558188583,0.0,0.0,0.0,-0.4765264446918805,0.10760866103916032,0.8650877674878746,0.11386868806445569,0.0056374134839416844,0.005340707511102648,-0.0005585053606381855,-8.44352565,0.7060787999999999,5.14849125
1789045870.783801,17.305,0.0,-1.575069063491016,0,2,866,28.792880945085166,-3.6937662377091414,-6.049895559923584,0.0,81.0,107.0,1.0,-0.20203034035861317,0.25741455989080864,83.0,3.8738801288291285,8.563900208425446,-10.404905558188583,-0.028977150743139647,0.1824414740664375,1.0,-10.488288444017824,1.1252917448330217,0.007734279755114115,1.018196617179033,0.0,0.0,3.6069113968816238,-2.416290487327124,-0.7248871461981372,0.0,0.0,0.0,2.05459458897706,5.462658200053523,,,0,0,0,0.0,-3,170,True,True,False,"A:1,B:1,ESTOP:0,MODE:1",DRIVE_RUN,,,,S,,,False,0,UNKNOWN,0.0,False,-9999.0,-1.0,-1.0,False,36.967632065,127.87392998666667,122.01599999999999,2,6.3504000000000005,36.967632065,127.87392998666667,3.0,2.5675332736968994,1.0,0.0,0.09506654739379883,0.0,0.06426169113372715,-10.404905558188583,0.0,0.0,0.0,-0.47638503818879846,0.10728402148210327,0.8651878639625143,0.11400611464507543,0.004433136300065597,0.004747295565424576,-0.002007128639793479,-8.44352565,0.7551120499999999,5.1975245
1789045870.833861,17.355,0.0,-1.575069063491016,0,2,866,28.792880945085166,-3.6937662377091414,-6.040732085359707,0.0,81.0,107.0,1.0,-0.20203034035861317,0.25741455989080864,83.0,3.8738801288291285,8.563900208425446,-10.404905558188583,-0.028977150743139647,0.22449681699232069,1.0,-10.488288444017824,1.1252917448330217,0.007734279755114115,1.018196617179033,0.0,0.0,3.6069113968816238,-2.416290487327124,-0.7248871461981372,0.0,0.0,0.0,2.05459458897706,5.462658200053523,,,0,0,0,0.0,-3,170,True,True,False,"A:1,B:1,ESTOP:0,MODE:1",DRIVE_RUN,,,,S,,,False,0,UNKNOWN,0.0,False,-9999.0,-1.0,-1.0,False,36.967632065,127.87392998666667,122.01599999999999,2,6.3504000000000005,36.967632065,127.87392998666667,3.0,2.592550058364868,1.0,0.0,0.14510011672973633,0.0,0.06426169113372715,-10.404905558188583,0.0,0.0,0.0,-0.47642482325315916,0.10728438456553069,0.8651686807491608,0.11398509756695575,0.004258603374866164,0.0037524578917878084,-0.0006457718232379018,-8.42391235,0.7060787999999999,5.14849125
1789045870.883896,17.405,0.0,-1.575069063491016,0,2,866,28.792880945085166,-3.6937662377091414,-6.029496978566215,0.0,81.0,107.0,1.0,-0.20203034035861317,0.25741455989080864,83.0,3.8738801288291285,8.563900208425446,-10.404905558188583,-0.028977150743139647,0.3780714230601936,1.0,-10.488288444017824,1.1252917448330217,0.007734279755114115,1.018196617179033,0.0,0.0,3.6069113968816238,-2.416290487327124,-0.7248871461981372,0.0,0.0,0.0,2.05459458897706,5.462658200053523,,,0,0,0,0.0,-3,170,True,True,False,"A:1,B:1,ESTOP:0,MODE:1",DRIVE_RUN,,,,S,,,False,0,UNKNOWN,0.0,False,-9999.0,-1.0,-1.0,False,36.967632065,127.87392998666667,122.01599999999999,2,6.3504000000000005,36.967632065,127.87392998666667,3.0,2.6175524187088013,1.0,0.0,0.19510483741760254,0.0,0.06426169113372715,-10.404905558188583,0.0,0.0,0.0,-0.47651275775378665,0.10724139062500526,0.8651252880047811,0.11398733214415017,-0.001780235837034216,0.005497787143782138,-0.006178465552059927,-8.38468575,0.8041453,5.1190713
1789045870.933850,17.455,0.0,-1.575069063491016,0,2,866,28.795993897244184,-3.6963636919182594,-6.01065201595452,0.0,81.0,107.0,1.0,-0.20407449756770907,0.25741455989080864,83.0,3.8738801288291285,8.560246005084709,-10.404905558188583,-0.028977150743139647,0.2676401622528759,1.0,-10.488288444017824,1.1252917448330217,0.007734279755114115,1.018196617179033,0.0,0.0,3.6069113968816238,-2.416290487327124,-0.7248871461981372,0.0,0.0,0.0,2.05459458897706,5.462658200053523,,,0,0,0,0.0,-3,170,True,True,False,"A:1,B:1,ESTOP:0,MODE:1",DRIVE_RUN,,,,S,,,False,0,UNKNOWN,0.0,False,-9999.0,-1.0,-1.0,False,36.96763204166667,127.87393002166667,122.02699999999999,2,6.3504000000000005,36.96763204166667,127.87393002166667,3.0,2.5425690603256226,1.0,0.0,0.04513812065124512,0.0,0.04139651661233031,-10.404905558188583,0.0,0.0,0.0,-0.47650930498184035,0.10725074271759169,0.8651350457456967,0.11391888813906112,0.005166174585903215,0.0071907565182166375,0.0020594885173533086,-8.433719,0.7551120499999999,5.18771785
1789045870.983987,17.505,0.0,-1.575069063491016,0,2,866,28.795993897244184,-3.6963636919182594,-5.997163457257329,0.0,81.0,107.0,1.0,-0.20407449756770907,0.25741455989080864,83.0,3.8738801288291285,8.560246005084709,-10.404905558188583,-0.028977150743139647,-0.1419877497097582,1.0,-10.488288444017824,1.1252917448330217,0.007734279755114115,1.018196617179033,0.0,0.0,3.6069113968816238,-2.416290487327124,-0.7248871461981372,0.0,0.0,0.0,2.05459458897706,5.462658200053523,,,0,0,0,0.0,-3,170,True,True,False,"A:1,B:1,ESTOP:0,MODE:1",DRIVE_RUN,,,,S,,,False,0,UNKNOWN,0.0,False,-9999.0,-1.0,-1.0,False,36.96763204166667,127.87393002166667,122.02699999999999,2,6.3504000000000005,36.96763204166667,127.87393002166667,3.0,2.5675152730941773,1.0,0.0,0.09503054618835449,0.0,0.04139651661233031,-10.404905558188583,0.0,0.0,0.0,-0.47644529842172184,0.10719000471969233,0.8651766468926997,0.11392782878442567,0.008918632477691025,-3.490658503988659e-05,-0.0048520153205442364,-8.4533323,0.81395195,5.0798447
1789045871.033883,17.555,0.0,-1.575069063491016,0,2,866,28.795993897244184,-3.6963636919182594,-6.0042168662535005,0.0,81.0,107.0,1.0,-0.20407449756770907,0.25741455989080864,83.0,3.8738801288291285,8.560246005084709,-10.404905558188583,-0.028977150743139647,-0.11832594526841506,1.0,-10.488288444017824,1.1252917448330217,0.007734279755114115,1.018196617179033,0.0,0.0,3.6069113968816238,-2.416290487327124,-0.7248871461981372,0.0,0.0,0.0,2.05459458897706,5.462658200053523,,,0,0,0,0.0,-3,170,True,True,False,"A:1,B:1,ESTOP:0,MODE:1",DRIVE_RUN,,,,S,,,False,0,UNKNOWN,0.0,False,-9999.0,-1.0,-1.0,False,36.96763204166667,127.87393002166667,122.02699999999999,2,6.3504000000000005,36.96763204166667,127.87393002166667,3.0,2.5925094079971314,1.0,0.0,0.1450188159942627,0.0,0.04139651661233031,-10.404905558188583,0.0,0.0,0.0,-0.47650029191960425,0.1071911220593034,0.8651489436635112,0.11390715706271476,0.014329153158873445,0.0042935099599060505,0.005026548245743669,-8.3552658,0.7649187,5.0504247499999995
1789045871.083831,17.605,0.0,-1.575069063491016,0,2,866,28.795993897244184,-3.6963636919182594,-6.010130731719784,0.0,81.0,107.0,1.0,-0.20407449756770907,0.25741455989080864,83.0,3.8738801288291285,8.560246005084709,-10.404905558188583,-0.028977150743139647,0.008447391060732501,1.0,-10.488288444017824,1.1252917448330217,0.007734279755114115,1.018196617179033,0.0,0.0,3.6069113968816238,-2.416290487327124,-0.7248871461981372,0.0,0.0,0.0,2.05459458897706,5.462658200053523,,,0,0,0,0.0,-3,170,True,True,False,"A:1,B:1,ESTOP:0,MODE:1",DRIVE_RUN,,,,S,,,False,0,UNKNOWN,0.0,False,-9999.0,-1.0,-1.0,False,36.96763204166667,127.87393002166667,122.02699999999999,2,6.3504000000000005,36.96763204166667,127.87393002166667,3.0,2.6175059270858765,1.0,0.0,0.19501185417175293,0.0,0.04139651661233031,-10.404905558188583,0.0,0.0,0.0,-0.4765294850198657,0.10712321935585378,0.865141365916493,0.11390646496878115,0.011047934165124106,0.0016231562043547264,0.004101523742186674,-8.46313895,0.7943386499999999,5.07003805
1789045871.133881,17.655,0.0,-1.575069063491016,0,2,866,28.796142132760345,-3.6958070948137265,-6.009701815006878,0.0,81.0,107.0,1.0,-0.20350100791684184,0.25741455989080864,83.0,3.8738801288291285,8.560238531297987,-10.404905558188583,-0.028977150743139647,0.19660228822062928,1.0,-10.488288444017824,1.1252917448330217,0.007734279755114115,1.018196617179033,0.0,0.0,3.6069113968816238,-2.416290487327124,-0.7248871461981372,0.0,0.0,0.0,2.05459458897706,5.462658200053523,,,0,0,0,0.0,-3,170,True,True,False,"A:1,B:1,ESTOP:0,MODE:1",DRIVE_RUN,,,,S,,,False,0,UNKNOWN,0.0,False,-9999.0,-1.0,-1.0,False,36.967632046666665,127.87393002333333,122.029,2,6.3504000000000005,36.967632046666665,127.87393002333333,3.0,2.5378905725479126,1.0,0.0,0.035781145095825195,0.0,0.03383590353125897,-10.404905558188583,0.0,0.0,0.0,-0.47652924871343777,0.107136784477776,0.8651416022229207,0.11389289984685905,0.005969026041820607,0.0035779249665883754,0.0014835298641951802,-8.394492399999999,0.7256921,5.1779112
1789045871.183936,17.705,0.0,-1.575069063491016,0,2,866,28.796142132760345,-3.6958070948137265,-6.000005768575846,0.0,81.0,107.0,1.0,-0.20350100791684184,0.25741455989080864,83.0,3.8738801288291285,8.560238531297987,-10.404905558188583,-0.028977150743139647,0.2310316176530441,1.0,-10.488288444017824,1.1252917448330217,0.007734279755114115,1.018196617179033,0.0,0.0,3.6069113968816238,-2.416290487327124,-0.7248871461981372,0.0,0.0,0.0,2.05459458897706,5.462658200053523,,,0,0,0,0.0,-3,170,True,True,False,"A:1,B:1,ESTOP:0,MODE:1",DRIVE_RUN,,,,S,,,False,0,UNKNOWN,0.0,False,-9999.0,-1.0,-1.0,False,36.967632046666665,127.87393002333333,122.029,2,6.3504000000000005,36.967632046666665,127.87393002333333,3.0,2.562869210243225,1.0,0.0,0.0857384204864502,0.0,0.03383590353125897,-10.404905558188583,0.0,0.0,0.0,-0.4764559964897024,0.10712052249938893,0.8651871684316426,0.11386852352471685,0.0038746309394274117,-0.0004014257279586958,-0.0004188790204786391,-8.3356525,0.7551120499999999,5.1386845999999995
1789045871.233822,17.755,0.0,-1.575069063491016,0,2,866,28.796142132760345,-3.6958070948137265,-5.988481133920118,0.0,81.0,107.0,1.0,-0.20350100791684184,0.25741455989080864,83.0,3.8738801288291285,8.560238531297987,-10.404905558188583,-0.028977150743139647,0.44504412935033827,1.0,-10.488288444017824,1.1252917448330217,0.007734279755114115,1.018196617179033,0.0,0.0,3.6069113968816238,-2.416290487327124,-0.7248871461981372,0.0,0.0,0.0,2.05459458897706,5.462658200053523,,,0,0,0,0.0,-3,170,True,True,False,"A:1,B:1,ESTOP:0,MODE:1",DRIVE_RUN,,,,S,,,False,0,UNKNOWN,0.0,False,-9999.0,-1.0,-1.0,False,36.967632046666665,127.87393002333333,122.029,2,6.3504000000000005,36.967632046666665,127.87393002333333,3.0,2.587933201789856,1.0,0.0,0.13586640357971191,0.0,0.03383590353125897,-10.404905558188583,0.0,0.0,0.0,-0.4764036304251893,0.10711710715220998,0.8652180263561837,0.11385637066651902,-0.0026878070480712674,0.005061454830783556,-0.005270894341022875,-8.414105699999999,0.784532,5.16810455
1789045871.283895,17.805,0.0,-1.575069063491016,0,2,866,28.796142132760345,-3.6958070948137265,-5.966318715017422,0.0,81.0,107.0,1.0,-0.20350100791684184,0.25741455989080864,83.0,3.8738801288291285,8.560238531297987,-10.404905558188583,-0.028977150743139647,0.2645340037428303,1.0,-10.488288444017824,1.1252917448330217,0.007734279755114115,1.018196617179033,0.0,0.0,3.6069113968816238,-2.416290487327124,-0.7248871461981372,0.0,0.0,0.0,2.05459458897706,5.462658200053523,,,0,0,0,0.0,-3,170,True,True,False,"A:1,B:1,ESTOP:0,MODE:1",DRIVE_RUN,,,,S,,,False,0,UNKNOWN,0.0,False,-9999.0,-1.0,-1.0,False,36.967632046666665,127.87393001833334,122.03200000000001,2,6.3504000000000005,36.967632046666665,127.87393001833334,3.0,2.52,1.0,1.0,0.0,0.0,0.005741396037734929,-10.404905558188583,0.0,0.0,0.0,-0.4764294881792511,0.10709219903968467,0.8652079981202923,0.11384780931918591,0.0057246799465414016,0.00445058959258554,0.003420845333908886,-8.46313895,0.784532,5.07003805
1789045871.333833,17.855,0.0,-1.575069063491016,0,2,866,28.79569742621187,-3.6958070948137265,-5.952989538984639,0.0,81.0,107.0,1.0,-0.20357489298651102,0.25741455989080864,83.0,3.8738801288291285,8.560669704720143,-10.404905558188583,-0.028977150743139647,-0.32018778147327875,1.0,-10.488288444017824,1.1252917448330217,0.007734279755114115,1.018196617179033,0.0,0.0,3.6069113968816238,-2.416290487327124,-0.7248871461981372,0.0,0.0,0.0,2.05459458897706,5.462658200053523,,,0,0,0,0.0,-3,170,True,True,False,"A:1,B:1,ESTOP:0,MODE:1",DRIVE_RUN,,,,S,,,False,0,UNKNOWN,0.0,False,-9999.0,-1.0,-1.0,False,36.967632046666665,127.87393001833334,122.03200000000001,2,6.3504000000000005,36.967632046666665,127.87393001833334,3.0,2.5447992277145386,1.0,0.0,0.04959845542907715,0.0,0.005741396037734929,-10.404905558188583,0.0,0.0,0.0,-0.4764861245151197,0.10704845580679623,0.8651805801591248,0.11386028706033834,0.012828170002158322,0.008203047484373348,-0.005427973973702365,-8.36507245,0.7453053999999999,5.10926465
1789045871.383867,17.905,0.0,-1.575069063491016,0,2,866,28.79569742621187,-3.6958070948137265,-5.968850663004275,0.0,81.0,107.0,1.0,-0.20357489298651102,0.25741455989080864,83.0,3.8738801288291285,8.560669704720143,-10.404905558188583,-0.028977150743139647,0.055515225442292926,1.0,-10.488288444017824,1.1252917448330217,0.007734279755114115,1.018196617179033,0.0,0.0,3.6069113968816238,-2.416290487327124,-0.7248871461981372,0.0,0.0,0.0,2.05459458897706,5.462658200053523,,,0,0,0,0.0,-3,170,True,True,False,"A:1,B:1,ESTOP:0,MODE:1",DRIVE_RUN,,,,S,,,False,0,UNKNOWN,0.0,False,-9999.0,-1.0,-1.0,False,36.967632046666665,127.87393001833334,122.03200000000001,2,6.3504000000000005,36.967632046666665,127.87393001833334,3.0,2.5697827529907227,1.0,0.0,0.09956550598144531,0.0,0.005741396037734929,-10.404905558188583,0.0,0.0,0.0,-0.47644721011131264,0.10709744586550307,0.8652027560462379,0.11380854096343825,0.00874409955249159,0.005253441048502932,0.001186823891356144,-8.414105699999999,0.7943386499999999,5.1582979
1789045871.433807,17.955,0.0,-1.575069063491016,0,2,866,28.79569742621187,-3.6958070948137265,-5.966066592258528,0.0,81.0,107.0,1.0,-0.20357489298651102,0.25741455989080864,83.0,3.8738801288291285,8.560669704720143,-10.404905558188583,-0.028977150743139647,-0.25895137856204986,1.0,-10.488288444017824,1.1252917448330217,0.007734279755114115,1.018196617179033,0.0,0.0,3.6069113968816238,-2.416290487327124,-0.7248871461981372,0.0,0.0,0.0,2.05459458897706,5.462658200053523,,,0,0,0,0.0,-3,170,True,True,False,"A:1,B:1,ESTOP:0,MODE:1",DRIVE_RUN,,,,S,,,False,0,UNKNOWN,0.0,False,-9999.0,-1.0,-1.0,False,36.967632046666665,127.87393001833334,122.03200000000001,2,6.3504000000000005,36.967632046666665,127.87393001833334,3.0,2.5947963190078736,1.0,0.0,0.14959263801574707,0.0,0.005741396037734929,-10.404905558188583,0.0,0.0,0.0,-0.4764355669648825,0.10704011125124915,0.8652134858873538,0.1138296488302811,0.01207767842380076,0.002722713633111154,-0.0037699111843077517,-8.3552658,0.5982056499999999,5.08965135
1789045871.483837,18.005,0.0,-1.575069063491016,0,2,866,28.79569742621187,-3.6958070948137265,-5.9790105062485,0.0,81.0,107.0,1.0,-0.20357489298651102,0.25741455989080864,83.0,3.8738801288291285,8.560669704720143,-10.404905558188583,-0.028977150743139647,0.3093388169524799,1.0,-10.488288444017824,1.1252917448330217,0.007734279755114115,1.018196617179033,0.0,0.0,3.6069113968816238,-2.416290487327124,-0.7248871461981372,0.0,0.0,0.0,2.05459458897706,5.462658200053523,,,0,0,0,0.0,-3,170,True,True,False,"A:1,B:1,ESTOP:0,MODE:1",DRIVE_RUN,,,,S,,,False,0,UNKNOWN,0.0,False,-9999.0,-1.0,-1.0,False,36.967632046666665,127.87393001833334,122.03200000000001,2,6.3504000000000005,36.967632046666665,127.87393001833334,3.0,2.6197945070266724,1.0,0.0,0.19958901405334473,0.0,0.005741396037734929,-10.404905558188583,0.0,0.0,0.0,-0.47653216041821445,0.10698656216067765,0.8651666994807824,0.11383126861156442,0.004276056667386108,-0.001780235837034216,0.003351032163829113,-8.42391235,0.7453053999999999,5.1779112
1789045871.533820,18.055,0.0,-1.575069063491016,0,2,866,28.797920962746055,-3.6950649648137004,-5.963576694853714,0.0,81.0,107.0,1.0,-0.202473651429113,0.25741455989080864,83.0,3.8738801288291285,8.558695607881495,-10.404905558188583,-0.028977150743139647,-0.15466566671265047,1.0,-10.488288444017824,1.1252917448330217,0.007734279755114115,1.018196617179033,0.0,0.0,3.6069113968816238,-2.416290487327124,-0.7248871461981372,0.0,0.0,0.0,2.05459458897706,5.462658200053523,,,0,0,0,0.0,-3,170,True,True,False,"A:1,B:1,ESTOP:0,MODE:1",DRIVE_RUN,,,,S,,,False,0,UNKNOWN,0.0,False,-9999.0,-1.0,-1.0,False,36.96763205333333,127.87393004333333,122.03299999999999,2,6.3504000000000005,36.96763205333333,127.87393004333333,3.0,2.542698998451233,1.0,0.0,0.04539799690246582,0.0,0.01777520991333115,-10.404905558188583,0.0,0.0,0.0,-0.47651641394737826,0.10701632753294672,0.8651757517962705,0.11380040151005724,0.012967796342317869,0.006614797865058509,0.0009948376736367678,-8.404299049999999,0.7649187,5.0602314
1789045871.583817,18.105,0.0,-1.575069063491016,0,2,866,28.797920962746055,-3.6950649648137004,-5.971292786985799,0.0,81.0,107.0,1.0,-0.202473651429113,0.25741455989080864,83.0,3.8738801288291285,8.558695607881495,-10.404905558188583,-0.028977150743139647,0.5152947778152502,1.0,-10.488288444017824,1.1252917448330217,0.007734279755114115,1.018196617179033,0.0,0.0,3.6069113968816238,-2.416290487327124,-0.7248871461981372,0.0,0.0,0.0,2.05459458897706,5.462658200053523,,,0,0,0,0.0,-3,170,True,True,False,"A:1,B:1,ESTOP:0,MODE:1",DRIVE_RUN,,,,S,,,False,0,UNKNOWN,0.0,False,-9999.0,-1.0,-1.0,False,36.96763205333333,127.87393004333333,122.03299999999999,2,6.3504000000000005,36.96763205333333,127.87393004333333,3.0,2.5676903915405274,1.0,0.0,0.09538078308105469,0.0,0.01777520991333115,-10.404905558188583,0.0,0.0,0.0,-0.4765119556245305,0.10703323321566521,0.865184570009476,0.11373611102813533,0.006283185307179586,0.004380776422505767,0.013439035240356337,-8.316039199999999,0.7256921,5.2367511
1789045871.633942,18.155,0.0,-1.575069063491016,0,2,866,28.797920962746055,-3.6950649648137004,-5.945324623380685,0.0,81.0,107.0,1.0,-0.202473651429113,0.25741455989080864,83.0,3.8738801288291285,8.558695607881495,-10.404905558188583,-0.028977150743139647,0.3390039229076531,1.0,-10.488288444017824,1.1252917448330217,0.007734279755114115,1.018196617179033,0.0,0.0,3.6069113968816238,-2.416290487327124,-0.7248871461981372,0.0,0.0,0.0,2.05459458897706,5.462658200053523,,,0,0,0,0.0,-3,170,True,True,False,"A:1,B:1,ESTOP:0,MODE:1",DRIVE_RUN,,,,S,,,False,0,UNKNOWN,0.0,False,-9999.0,-1.0,-1.0,False,36.96763205333333,127.87393004333333,122.03299999999999,2,6.3504000000000005,36.96763205333333,127.87393004333333,3.0,2.5926916790008545,1.0,0.0,0.14538335800170898,0.0,0.01777520991333115,-10.404905558188583,0.0,0.0,0.0,-0.4764819396065023,0.10691743039234092,0.8652113316043183,0.11376720076808881,0.004014257279586958,0.0066322511575784525,0.0027401669256310974,-8.46313895,0.784532,5.1190713
1789045871.683796,18.205,0.0,-1.575069063491016,0,2,866,28.797920962746055,-3.6950649648137004,-5.928465128863593,0.0,81.0,107.0,1.0,-0.202473651429113,0.25741455989080864,83.0,3.8738801288291285,8.558695607881495,-10.404905558188583,-0.028977150743139647,0.43213783776443687,1.0,-10.488288444017824,1.1252917448330217,0.007734279755114115,1.018196617179033,0.0,0.0,3.6069113968816238,-2.416290487327124,-0.7248871461981372,0.0,0.0,0.0,2.05459458897706,5.462658200053523,,,0,0,0,0.0,-3,170,True,True,False,"A:1,B:1,ESTOP:0,MODE:1",DRIVE_RUN,,,,S,,,False,0,UNKNOWN,0.0,False,-9999.0,-1.0,-1.0,False,36.96763205333333,127.87393004333333,122.03299999999999,2,6.3504000000000005,36.96763205333333,127.87393004333333,3.0,2.6177002382278443,1.0,0.0,0.19540047645568848,0.0,0.01777520991333115,-10.404905558188583,0.0,0.0,0.0,-0.4765671707000655,0.10693024652039324,0.8651667722073513,0.11373702325248242,0.0030892327760299633,0.010297442586766544,0.003909537524467298,-8.482752249999999,0.7158854499999999,5.0013914999999995
1789045871.733848,18.255,0.0,-1.575069063491016,0,2,866,28.797920962746055,-3.6976624198137915,-5.906874536272198,0.0,81.0,107.0,1.0,-0.20503500595584895,0.25741455989080864,83.0,3.8738801288291285,8.558059712201965,-10.404905558188583,-0.028977150743139647,0.25234416512537455,1.0,-10.488288444017824,1.1252917448330217,0.007734279755114115,1.018196617179033,0.0,0.0,3.6069113968816238,-2.416290487327124,-0.7248871461981372,0.0,0.0,0.0,2.05459458897706,5.462658200053523,,,0,0,0,0.0,-3,170,True,True,False,"A:1,B:1,ESTOP:0,MODE:1",DRIVE_RUN,,,,S,,,False,0,UNKNOWN,0.0,False,-9999.0,-1.0,-1.0,False,36.96763203,127.87393004333333,122.05099999999999,2,6.5536,36.96763203,127.87393004333333,3.0,2.5819861268997193,1.0,0.0,0.04397225379943848,0.0,0.025704172086560725,-10.404905558188583,0.0,0.0,0.0,-0.4765459832479896,0.10693435778679225,0.8651817701425567,0.11370784312405821,0.0043982297150257105,0.012828170002158322,-0.0005585053606381855,-8.404299049999999,0.6962721499999999,5.2171378
1789045871.783790,18.305,0.0,-1.575069063491016,0,2,866,28.797920962746055,-3.6976624198137915,-5.894263416565906,0.0,81.0,107.0,1.0,-0.20503500595584895,0.25741455989080864,83.0,3.8738801288291285,8.558059712201965,-10.404905558188583,-0.028977150743139647,0.8115651641353882,1.0,-10.488288444017824,1.1252917448330217,0.007734279755114115,1.018196617179033,0.0,0.0,3.6069113968816238,-2.416290487327124,-0.7248871461981372,0.0,0.0,0.0,2.05459458897706,5.462658200053523,,,0,0,0,0.0,-3,170,True,True,False,"A:1,B:1,ESTOP:0,MODE:1",DRIVE_RUN,,,,S,,,False,0,UNKNOWN,0.0,False,-9999.0,-1.0,-1.0,False,36.96763203,127.87393004333333,122.05099999999999,2,6.5536,36.96763203,127.87393004333333,3.0,2.6069939708709717,1.0,0.0,0.09398794174194336,0.0,0.025704172086560725,-10.404905558188583,0.0,0.0,0.0,-0.47649939198629787,0.10689581550837324,0.865218405094208,0.11366057165843886,-0.005288347633542819,0.0051836278784231585,0.0033684854563490563,-8.227779349999999,0.81395195,5.36423755
1789045871.833791,18.355,0.0,-1.575069063491016,0,2,866,28.797920962746055,-3.6976624198137915,-5.852665880078007,0.0,81.0,107.0,1.0,-0.20503500595584895,0.25741455989080864,83.0,3.8738801288291285,8.558059712201965,-10.404905558188583,-0.028977150743139647,0.046682352834768015,1.0,-10.488288444017824,1.1252917448330217,0.007734279755114115,1.018196617179033,0.0,0.0,3.6069113968816238,-2.416290487327124,-0.7248871461981372,0.0,0.0,0.0,2.05459458897706,5.462658200053523,,,0,0,0,0.0,-3,170,True,True,False,"A:1,B:1,ESTOP:0,MODE:1",DRIVE_RUN,,,,S,,,False,0,UNKNOWN,0.0,False,-9999.0,-1.0,-1.0,False,36.96763203,127.87393004333333,122.05099999999999,2,6.5536,36.96763203,127.87393004333333,3.0,2.6320027685165406,1.0,0.0,0.14400553703308105,0.0,0.025704172086560725,-10.404905558188583,0.0,0.0,0.0,-0.47661201485098087,0.1069361657229794,0.8651540628403335,0.11364018352246848,0.01059414855960558,-0.0015184364492350666,0.005358160803622592,-8.5513988,0.61781895,5.01119815
1789045871.883816,18.405,0.0,-1.575069063491016,0,2,866,28.797920962746055,-3.6976624198137915,-5.850336762005412,0.0,81.0,107.0,1.0,-0.20503500595584895,0.25741455989080864,83.0,3.8738801288291285,8.558059712201965,-10.404905558188583,-0.028977150743139647,0.15487030452820483,1.0,-10.488288444017824,1.1252917448330217,0.007734279755114115,1.018196617179033,0.0,0.0,3.6069113968816238,-2.416290487327124,-0.7248871461981372,0.0,0.0,0.0,2.05459458897706,5.462658200053523,,,0,0,0,0.0,-3,170,True,True,False,"A:1,B:1,ESTOP:0,MODE:1",DRIVE_RUN,,,,S,,,False,0,UNKNOWN,0.0,False,-9999.0,-1.0,-1.0,False,36.96763203,127.87393004333333,122.05099999999999,2,6.5536,36.96763203,127.87393004333333,3.0,2.65701144695282,1.0,0.0,0.19402289390563965,0.0,0.025704172086560725,-10.404905558188583,0.0,0.0,0.0,-0.476471121452841,0.10691914688114854,0.8652390572597659,0.1135999130453495,0.0041887902047863905,0.0007155849933176752,-0.002548180707911721,-8.0022264,0.7551120499999999,5.0798447
1789045871.933811,18.455,0.0,-1.575069063491016,0,2,866,28.79673507608891,-3.6989611469183505,-5.84260174667412,0.0,81.0,107.0,1.0,-0.20651271010166858,0.25741455989080864,83.0,3.8738801288291285,8.5588919326137,-10.404905558188583,-0.028977150743139647,0.3711969722433958,1.0,-10.488288444017824,1.1252917448330217,0.007734279755114115,1.018196617179033,0.0,0.0,3.6069113968816238,-2.416290487327124,-0.7248871461981372,0.0,0.0,0.0,2.05459458897706,5.462658200053523,,,0,0,0,0.0,-3,170,True,True,False,"A:1,B:1,ESTOP:0,MODE:1",DRIVE_RUN,,,,S,,,False,0,UNKNOWN,0.0,False,-9999.0,-1.0,-1.0,False,36.96763201833333,127.87393003,122.047,2,6.5536,36.96763201833333,127.87393003,3.0,2.576637921333313,1.0,0.0,0.03327584266662598,0.0,0.035576063813072704,-10.404905558188583,0.0,0.0,0.0,-0.47651903498196224,0.10693946227916405,0.8652170040109137,0.11354777266719737,0.0042935099599060505,0.0037524578917878084,0.0049741883681838385,-8.52197885,0.9120184499999999,5.3544309
1789045871.983843,18.505,0.0,-1.575069063491016,0,2,866,28.79673507608891,-3.6989611469183505,-5.824058996311152,0.0,81.0,107.0,1.0,-0.20651271010166858,0.25741455989080864,83.0,3.8738801288291285,8.5588919326137,-10.404905558188583,-0.028977150743139647,-0.10927954969430026,1.0,-10.488288444017824,1.1252917448330217,0.007734279755114115,1.018196617179033,0.0,0.0,3.6069113968816238,-2.416290487327124,-0.7248871461981372,0.0,0.0,0.0,2.05459458897706,5.462658200053523,,,0,0,0,0.036692749708890915,-3,170,True,True,False,"A:1,B:1,ESTOP:0,MODE:1",DRIVE_RUN,,,,S,,,False,0,UNKNOWN,0.0,False,-9999.0,-1.0,-1.0,False,36.96763201833333,127.87393003,122.047,2,6.5536,36.96763201833333,127.87393003,3.0,2.6016535139083863,1.0,0.0,0.08330702781677246,0.0,0.035576063813072704,-10.404905558188583,0.0,0.0,0.0,-0.47639256632924637,0.1067764934972914,0.8653005110457158,0.11359546103027351,0.006440264939859076,-0.0005759586531581288,-0.00778416846389471,-8.217972699999999,0.5491724,5.07003805
1789045872.033807,18.555,0.0,-1.575069063491016,0,2,866,28.79673507608891,-3.6989611469183505,-5.829517419024455,0.0,81.0,107.0,1.0,-0.20651271010166858,0.25741455989080864,83.0,3.8738801288291285,8.5588919326137,-10.404905558188583,-0.028977150743139647,-0.49951210650605904,1.0,-10.488288444017824,1.1252917448330217,0.007734279755114115,1.018196617179033,0.0,0.0,3.6069113968816238,-2.416290487327124,-0.7248871461981372,0.0,0.0,0.0,2.05459458897706,5.462658200053523,,,0,0,0,0.045094091445207596,-3,170,True,True,False,"A:1,B:1,ESTOP:0,MODE:1",DRIVE_RUN,,,,S,,,False,0,UNKNOWN,0.0,False,-9999.0,-1.0,-1.0,False,36.96763201833333,127.87393003,122.047,2,6.5536,36.96763201833333,127.87393003,3.0,2.6266462182998658,1.0,0.0,0.13329243659973145,0.0,0.035576063813072704,-10.404905558188583,0.0,0.0,0.0,-0.4764956350659117,0.10687201970784971,0.8652265122007179,0.11363698232388753,0.014521139376592822,-0.0023911010752322315,-0.007086036763096978,-8.56120545,0.7649187,4.962164899999999
1789045872.083778,18.605,0.0,-1.575069063491016,0,2,866,28.79673507608891,-3.6989611469183505,-5.854490856857751,0.0,81.0,107.0,1.0,-0.20651271010166858,0.25741455989080864,83.0,3.8738801288291285,8.5588919326137,-10.404905558188583,-0.028977150743139647,0.15679654356681083,1.0,-10.488288444017824,1.1252917448330217,0.007734279755114115,1.018196617179033,0.0,0.0,3.6069113968816238,-2.416290487327124,-0.7248871461981372,0.0,0.0,0.0,2.05459458897706,5.462658200053523,,,0,0,0,0.042671602219343185,-3,170,True,True,False,"A:1,B:1,ESTOP:0,MODE:1",DRIVE_RUN,,,,S,,,False,0,UNKNOWN,0.0,False,-9999.0,-1.0,-1.0,False,36.96763201833333,127.87393003,122.047,2,6.5536,36.96763201833333,127.87393003,3.0,2.651639041900635,1.0,0.0,0.18327808380126953,0.0,0.035576063813072704,-10.404905558188583,0.0,0.0,0.0,-0.47650813417579635,0.1068881549207201,0.8652289049715143,0.11355114444046621,0.00603883921190038,0.0032114058236695662,0.0004537856055185257,-8.2768126,0.7158854499999999,5.18771785
1789045872.133852,18.655,0.0,-1.575069063491016,0,2,866,28.796142132760345,-3.701002004022935,-5.846668569881132,0.0,81.0,107.0,1.0,-0.20862371619033335,0.25741455989080864,83.0,3.8738801288291285,8.558968160862428,-10.404905558188583,-0.028977150743139647,0.18598004644389224,1.0,-10.488288444017824,1.1252917448330217,0.007734279755114115,1.018196617179033,0.0,0.0,3.6069113968816238,-2.416290487327124,-0.7248871461981372,0.0,0.0,0.0,2.05459458897706,5.462658200053523,,,0,0,0,0.0714302659034729,-3,169,True,True,False,"A:1,B:1,ESTOP:0,MODE:1",DRIVE_RUN,,,,S,,,False,0,UNKNOWN,0.0,False,-9999.0,-1.0,-1.0,False,36.967632,127.87393002333333,122.043,2,6.5536,36.967632,127.87393002333333,3.0,2.5746878957748414,1.0,0.0,0.029375791549682617,0.0,0.03285175018536218,-10.404905558188583,0.0,0.0,0.0,-0.47634405866407736,0.10684023901154115,0.8653250734890452,0.11355183087281989,0.0019373154697137059,0.005794493116621174,-0.006213372137099813,-8.3552658,0.61781895,5.2563644
1789045872.183798,18.705,0.0,-1.575069063491016,0,2,866,28.796142132760345,-3.701002004022935,-5.837291669117235,0.0,81.0,107.0,1.0,-0.20862371619033335,0.25741455989080864,83.0,3.8738801288291285,8.558968160862428,-10.404905558188583,-0.028977150743139647,0.038107009509428746,1.0,-10.488288444017824,1.1252917448330217,0.007734279755114115,1.018196617179033,0.0,0.0,3.6069113968816238,-2.416290487327124,-0.7248871461981372,0.0,0.0,0.0,2.05459458897706,5.462658200053523,,,0,0,0,0.10645828396081924,-3,170,True,True,False,"A:1,B:1,ESTOP:0,MODE:1",DRIVE_RUN,,,,S,,,False,0,UNKNOWN,0.0,False,-9999.0,-1.0,-1.0,False,36.967632,127.87393002333333,122.043,2,6.5536,36.967632,127.87393002333333,3.0,2.599676904678345,1.0,0.0,0.07935380935668945,0.0,0.03285175018536218,-10.404905558188583,0.0,0.0,0.0,-0.4763318763635225,0.1068134348664371,0.8653363247340723,0.11354240964400725,0.009773843811168246,0.0023911010752322315,0.00301941960595019,-8.2768126,0.5687857,5.1190713
1789045872.233804,18.755,0.0,-1.575069063491016,0,2,866,28.796142132760345,-3.701002004022935,-5.8353807238407,0.0,81.0,107.0,1.0,-0.20862371619033335,0.25741455989080864,83.0,3.8738801288291285,8.558968160862428,-10.404905558188583,-0.028977150743139647,0.36114660561006595,1.0,-10.488288444017824,1.1252917448330217,0.007734279755114115,1.018196617179033,0.0,0.0,3.6069113968816238,-2.416290487327124,-0.7248871461981372,0.0,0.0,0.0,2.05459458897706,5.462658200053523,,,0,0,0,0.09453818947076797,-3,170,True,True,False,"A:1,B:1,ESTOP:0,MODE:1",DRIVE_RUN,,,,S,,,False,0,UNKNOWN,0.0,False,-9999.0,-1.0,-1.0,False,36.967632,127.87393002333333,122.043,2,6.5536,36.967632,127.87393002333333,3.0,2.6246684169769288,1.0,0.0,0.12933683395385742,0.0,0.03285175018536218,-10.404905558188583,0.0,0.0,0.0,-0.47642432064874685,0.1068503735577383,0.865287922844076,0.11348865557903257,0.007592182246175334,0.002373647782712288,0.010733774899765127,-8.60043205,0.81395195,4.9131316499999995
1789045872.284065,18.805,0.0,-1.575069063491016,0,2,866,28.796142132760345,-3.701002004022935,-5.817524463762396,0.0,81.0,107.0,1.0,-0.20862371619033335,0.25741455989080864,83.0,3.8738801288291285,8.558968160862428,-10.404905558188583,-0.028977150743139647,-0.03888116189079288,1.0,-10.488288444017824,1.1252917448330217,0.007734279755114115,1.018196617179033,0.0,0.0,3.6069113968816238,-2.416290487327124,-0.7248871461981372,0.0,0.0,0.0,2.05459458897706,5.462658200053523,,,0,0,0,0.07805703580379486,-3,170,True,True,False,"A:1,B:1,ESTOP:0,MODE:1",DRIVE_RUN,,,,S,,,False,0,UNKNOWN,0.0,False,-9999.0,-1.0,-1.0,False,36.967631983333334,127.87393006333333,122.04400000000001,2,6.5536,36.967631983333334,127.87393006333333,3.0,2.56,1.0,1.0,0.0,0.0,0.04560390532371165,-10.404905558188583,0.0,0.0,0.0,-0.4764123491717923,0.10690395671076997,0.8652888530796786,0.11348135676070437,0.010262536001726658,0.00019198621771937625,0.0014835298641951802,-8.28661925,0.8433718999999998,5.07003805
1789045872.333785,18.855,0.0,-1.575069063491016,0,2,866,28.79969979273177,-3.7028573290230002,-5.8194715605601175,0.0,81.0,107.0,1.0,-0.20986217332067886,0.25741455989080864,83.0,3.8738801288291285,8.555065135841227,-10.404905558188583,-0.028977150743139647,-0.038943556875798924,1.0,-10.488288444017824,1.1252917448330217,0.007734279755114115,1.018196617179033,0.0,0.0,3.6069113968816238,-2.416290487327124,-0.7248871461981372,0.0,0.0,0.0,2.05459458897706,5.462658200053523,,,0,0,0,0.07372641563415527,-3,170,True,True,False,"A:1,B:1,ESTOP:0,MODE:1",DRIVE_RUN,,,,S,,,False,0,UNKNOWN,0.0,False,-9999.0,-1.0,-1.0,False,36.967631983333334,127.87393006333333,122.04400000000001,2,6.5536,36.967631983333334,127.87393006333333,3.0,2.583394823074341,1.0,0.0,0.04678964614868164,0.0,0.04560390532371165,-10.404905558188583,0.0,0.0,0.0,-0.47629600893155777,0.1068865916487581,0.8653631302179925,0.11341966875678416,0.011362093430483085,0.0037524578917878084,0.0029146998508305304,-8.316039199999999,0.8041453,5.3152043
1789045872.383781,18.905,0.0,-1.575069063491016,0,2,866,28.79969979273177,-3.7028573290230002,-5.82141752951415,0.0,81.0,107.0,1.0,-0.20986217332067886,0.25741455989080864,83.0,3.8738801288291285,8.555065135841227,-10.404905558188583,-0.028977150743139647,-0.3319273166316561,1.0,-10.488288444017824,1.1252917448330217,0.007734279755114115,1.018196617179033,0.0,0.0,3.6069113968816238,-2.416290487327124,-0.7248871461981372,0.0,0.0,0.0,2.05459458897706,5.462658200053523,,,0,0,0,0.11301208287477493,-3,169,True,True,False,"A:1,B:1,ESTOP:0,MODE:1",DRIVE_RUN,,,,S,,,False,0,UNKNOWN,0.0,False,-9999.0,-1.0,-1.0,False,36.967631983333334,127.87393006333333,122.04400000000001,2,6.5536,36.967631983333334,127.87393006333333,3.0,2.6083999252319336,1.0,0.0,0.09679985046386719,0.0,0.04560390532371165,-10.404905558188583,0.0,0.0,0.0,-0.47634175412324536,0.10683189348340599,0.8653355657058976,0.11348937632216574,0.015847589608108514,-0.006370451769779303,0.0019198621771937625,-8.54159215,0.5491724,4.81506515
1789045872.433801,18.955,0.0,-1.575069063491016,0,2,866,28.79969979273177,-3.7028573290230002,-5.838008181608188,0.0,81.0,107.0,1.0,-0.20986217332067886,0.25741455989080864,83.0,3.8738801288291285,8.555065135841227,-10.404905558188583,-0.028977150743139647,0.07493886364353847,1.0,-10.488288444017824,1.1252917448330217,0.007734279755114115,1.018196617179033,0.0,0.0,3.6069113968816238,-2.416290487327124,-0.7248871461981372,0.0,0.0,0.0,2.05459458897706,5.462658200053523,,,0,0,0,0.11408527195453644,-3,169,True,True,False,"A:1,B:1,ESTOP:0,MODE:1",DRIVE_RUN,,,,S,,,False,0,UNKNOWN,0.0,False,-9999.0,-1.0,-1.0,False,36.967631983333334,127.87393006333333,122.04400000000001,2,6.5536,36.967631983333334,127.87393006333333,3.0,2.633390245437622,1.0,0.0,0.14678049087524414,0.0,0.04560390532371165,-10.404905558188583,0.0,0.0,0.0,-0.47633248201214184,0.1067858308191206,0.8653496712351614,0.11346408863433902,0.007539822368615503,0.009599310885968814,-0.0007330382858376184,-8.44352565,0.7453053999999999,5.20733115
1789045872.483810,19.005,0.0,-1.575069063491016,0,2,866,28.79969979273177,-3.7028573290230002,-5.834255542484641,0.0,81.0,107.0,1.0,-0.20986217332067886,0.25741455989080864,83.0,3.8738801288291285,8.555065135841227,-10.404905558188583,-0.028977150743139647,-0.01748973348047589,1.0,-10.488288444017824,1.1252917448330217,0.007734279755114115,1.018196617179033,0.0,0.0,3.6069113968816238,-2.416290487327124,-0.7248871461981372,0.0,0.0,0.0,2.05459458897706,5.462658200053523,,,0,0,0,0.13851642608642578,-3,170,True,True,False,"A:1,B:1,ESTOP:0,MODE:1",DRIVE_RUN,,,,S,,,False,0,UNKNOWN,0.0,False,-9999.0,-1.0,-1.0,False,36.967631983333334,127.87393006333333,122.04400000000001,2,6.5536,36.967631983333334,127.87393006333333,3.0,2.6583893871307374,1.0,0.0,0.1967787742614746,0.0,0.04560390532371165,-10.404905558188583,0.0,0.0,0.0,-0.476380167038512,0.1068197447258774,0.8653278529508935,0.11339834873777717,0.010489428804485921,-0.0029670597283903604,0.0031066860685499066,-8.4729456,0.6276256,5.16810455
1789045872.534150,19.055,0.0,-1.575069063491016,0,2,866,28.79984802824793,-3.704712654023065,-5.83512857303748,0.0,81.0,107.0,1.0,-0.21166708391179043,0.25741455989080864,83.0,3.8738801288291285,8.554468589191753,-10.404905558188583,-0.028977150743139647,-0.28119643094410757,1.0,-10.488288444017824,1.1252917448330217,0.007734279755114115,1.018196617179033,0.0,0.0,3.6069113968816238,-2.416290487327124,-0.7248871461981372,0.0,0.0,0.0,2.05459458897706,5.462658200053523,,,0,0,0,0.13433925807476044,-3,170,True,True,False,"A:1,B:1,ESTOP:0,MODE:1",DRIVE_RUN,,,,S,,,False,0,UNKNOWN,0.0,False,-9999.0,-1.0,-1.0,False,36.967631966666666,127.873930065,122.048,2,6.5536,36.967631966666666,127.873930065,3.0,2.581060824394226,1.0,0.0,0.04212164878845215,0.0,0.04875621432201647,-10.404905558188583,0.0,0.0,0.0,-0.4763013589166138,0.10682506624136753,0.8653673916297857,0.11342265303093349,0.013910274138394808,0.007609635538695277,-0.001832595714594046,-8.237585999999999,0.7649187,5.20733115
1789045872.583782,19.105,0.0,-1.575069063491016,0,2,866,28.79984802824793,-3.704712654023065,-5.849199107968758,0.0,81.0,107.0,1.0,-0.21166708391179043,0.25741455989080864,83.0,3.8738801288291285,8.554468589191753,-10.404905558188583,-0.028977150743139647,0.23187709357033892,1.0,-10.488288444017824,1.1252917448330217,0.007734279755114115,1.018196617179033,0.0,0.0,3.6069113968816238,-2.416290487327124,-0.7248871461981372,0.0,0.0,0.0,2.05459458897706,5.462658200053523,,,0,0,0,0.13370570540428162,-3,170,True,True,False,"A:1,B:1,ESTOP:0,MODE:1",DRIVE_RUN,,,,S,,,False,0,UNKNOWN,0.0,False,-9999.0,-1.0,-1.0,False,36.967631966666666,127.873930065,122.048,2,6.5536,36.967631966666666,127.873930065,3.0,2.606060562133789,1.0,0.0,0.09212112426757812,0.0,0.04875621432201647,-10.404905558188583,0.0,0.0,0.0,-0.476355024396604,0.10685408913340322,0.8653391018099873,0.11338577179816664,0.0038746309394274117,0.0032288591161895096,-0.0007155849933176752,-8.492558899999999,0.77472535,5.18771785
1789045872.633801,19.155,0.0,-1.575069063491016,0,2,866,28.79984802824793,-3.704712654023065,-5.837599072560607,0.0,81.0,107.0,1.0,-0.21166708391179043,0.25741455989080864,83.0,3.8738801288291285,8.554468589191753,-10.404905558188583,-0.028977150743139647,-0.11893864635525798,1.0,-10.488288444017824,1.1252917448330217,0.007734279755114115,1.018196617179033,0.0,0.0,3.6069113968816238,-2.416290487327124,-0.7248871461981372,0.0,0.0,0.0,2.05459458897706,5.462658200053523,,,0,0,0,0.1575869768857956,-3,170,True,True,False,"A:1,B:1,ESTOP:0,MODE:1",DRIVE_RUN,,,,S,,,False,0,UNKNOWN,0.0,False,-9999.0,-1.0,-1.0,False,36.967631966666666,127.873930065,122.048,2,6.5536,36.967631966666666,127.873930065,3.0,2.631073293685913,1.0,0.0,0.14214658737182617,0.0,0.04875621432201647,-10.404905558188583,0.0,0.0,0.0,-0.4765631788296178,0.10680161440914993,0.8652252086654809,0.11342966998622497,0.010314895879286487,0.006126105674500096,-0.0022165681500327986,-8.44352565,0.63743225,4.89351835
1789045872.683789,19.205,0.0,-1.575069063491016,0,2,866,28.79984802824793,-3.704712654023065,-5.843541518772014,0.0,81.0,107.0,1.0,-0.21166708391179043,0.25741455989080864,83.0,3.8738801288291285,8.554468589191753,-10.404905558188583,-0.028977150743139647,0.17366327542993776,1.0,-10.488288444017824,1.1252917448330217,0.007734279755114115,1.018196617179033,0.0,0.0,3.6069113968816238,-2.416290487327124,-0.7248871461981372,0.0,0.0,0.0,2.05459458897706,5.462658200053523,,,0,0,0,0.16445699334144592,-3,170,True,True,False,"A:1,B:1,ESTOP:0,MODE:1",DRIVE_RUN,,,,S,,,False,0,UNKNOWN,0.0,False,-9999.0,-1.0,-1.0,False,36.967631966666666,127.873930065,122.048,2,6.5536,36.967631966666666,127.873930065,3.0,2.656058964729309,1.0,0.0,0.19211792945861816,0.0,0.04875621432201647,-10.404905558188583,0.0,0.0,0.0,-0.4765501206953421,0.1067755856892263,0.8652354152930781,0.1134311812888869,0.007120943348136864,-0.005358160803622592,0.0042935099599060505,-8.34545915,0.7060787999999999,5.18771785
1789045872.733807,19.255,0.0,-1.575069063491016,0,2,866,28.7949562461032,-3.7035994590230263,-5.834818656316656,0.0,81.0,107.0,1.0,-0.21138209798951083,0.25741455989080864,83.0,3.8738801288291285,8.559484144471309,-10.404905558188583,-0.028977150743139647,-0.1275105855979412,1.0,-10.488288444017824,1.1252917448330217,0.007734279755114115,1.018196617179033,0.0,0.0,3.6069113968816238,-2.416290487327124,-0.7248871461981372,0.0,0.0,0.0,2.05459458897706,5.462658200053523,,,0,0,0,0.1692921668291092,-3,170,True,True,False,"A:1,B:1,ESTOP:0,MODE:1",DRIVE_RUN,,,,S,,,False,0,UNKNOWN,0.0,False,-9999.0,-1.0,-1.0,False,36.96763197666667,127.87393001,122.031,2,6.3504000000000005,36.96763197666667,127.87393001,3.0,2.541925210952759,1.0,0.0,0.04385042190551758,0.0,0.042885497038160206,-10.404905558188583,0.0,0.0,0.0,-0.4763577707601225,0.10675104173088429,0.8653522196230224,0.11337118381372707,0.013055062804917585,0.007714355293814937,0.0021467549799530253,-8.2964259,0.7256921,5.18771785
1789045872.783800,19.305,0.0,-1.575069063491016,0,2,866,28.7949562461032,-3.7035994590230263,-5.8411620457728475,0.0,81.0,107.0,1.0,-0.21138209798951083,0.25741455989080864,83.0,3.8738801288291285,8.559484144471309,-10.404905558188583,-0.028977150743139647,0.1953077657660492,1.0,-10.488288444017824,1.1252917448330217,0.007734279755114115,1.018196617179033,0.0,0.0,3.6069113968816238,-2.416290487327124,-0.7248871461981372,0.0,0.0,0.0,2.05459458897706,5.462658200053523,,,0,0,0,0.0,-3,170,True,True,False,"A:1,B:1,ESTOP:0,MODE:1",DRIVE_RUN,,,,S,,,False,0,UNKNOWN,0.0,False,-9999.0,-1.0,-1.0,False,36.96763197666667,127.87393001,122.031,2,6.3504000000000005,36.96763197666667,127.87393001,3.0,2.5669032526016236,1.0,0.0,0.09380650520324707,0.0,0.042885497038160206,-10.404905558188583,0.0,0.0,0.0,-0.47643737132887826,0.10679216654922187,0.8653017816412126,0.11338293986969561,0.0053058009260627615,0.0016057029118347831,0.0007853981633974482,-8.44352565,0.6962721499999999,5.1779112
1789045872.833851,19.355,0.0,-1.575069063491016,0,2,866,28.7949562461032,-3.7035994590230263,-5.831374362162535,0.0,81.0,107.0,1.0,-0.21138209798951083,0.25741455989080864,83.0,3.8738801288291285,8.559484144471309,-10.404905558188583,-0.028977150743139647,0.057735742164537814,1.0,-10.488288444017824,1.1252917448330217,0.007734279755114115,1.018196617179033,0.0,0.0,3.6069113968816238,-2.416290487327124,-0.7248871461981372,0.0,0.0,0.0,2.05459458897706,5.462658200053523,,,0,0,0,0.0,-3,170,True,True,False,"A:1,B:1,ESTOP:0,MODE:1",DRIVE_RUN,,,,S,,,False,0,UNKNOWN,0.0,False,-9999.0,-1.0,-1.0,False,36.96763197666667,127.87393001,122.031,2,6.3504000000000005,36.96763197666667,127.87393001,3.0,2.5918799829483032,1.0,0.0,0.14375996589660645,0.0,0.042885497038160206,-10.404905558188583,0.0,0.0,0.0,-0.4765035842957064,0.10678379005186417,0.8652738855464309,0.11332545754103895,0.010524335389525807,-0.0020594885173533086,0.0057421332390613445,-8.4729456,0.5687857,5.01119815
1789045872.883811,19.405,0.0,-1.575069063491016,0,2,866,28.7949562461032,-3.7035994590230263,-5.828481369668964,0.0,81.0,107.0,1.0,-0.21138209798951083,0.25741455989080864,83.0,3.8738801288291285,8.559484144471309,-10.404905558188583,-0.028977150743139647,0.2129873729022667,1.0,-10.488288444017824,1.1252917448330217,0.007734279755114115,1.018196617179033,0.0,0.0,3.6069113968816238,-2.416290487327124,-0.7248871461981372,0.0,0.0,0.0,2.05459458897706,5.462658200053523,,,0,0,0,0.0,-3,170,True,True,False,"A:1,B:1,ESTOP:0,MODE:1",DRIVE_RUN,,,,S,,,False,0,UNKNOWN,0.0,False,-9999.0,-1.0,-1.0,False,36.96763197666667,127.87393001,122.031,2,6.3504000000000005,36.96763197666667,127.87393001,3.0,2.6168821048736572,1.0,0.0,0.19376420974731445,0.0,0.042885497038160206,-10.404905558188583,0.0,0.0,0.0,-0.47646102751287667,0.10675210309162231,0.8653021120656227,0.11331872132027464,0.01007054978400728,-0.005270894341022875,0.010995574287564275,-8.36507245,0.784532,5.22694445
1789045872.933811,19.455,0.0,-1.575069063491016,0,2,866,28.79569742621187,-3.7035994590230263,-5.817863748771629,0.0,81.0,107.0,1.0,-0.21125895578673845,0.25741455989080864,83.0,3.8738801288291285,8.558765356690184,-10.404905558188583,-0.028977150743139647,0.14596104124100856,1.0,-10.488288444017824,1.1252917448330217,0.007734279755114115,1.018196617179033,0.0,0.0,3.6069113968816238,-2.416290487327124,-0.7248871461981372,0.0,0.0,0.0,2.05459458897706,5.462658200053523,,,0,0,0,0.0,-3,169,True,True,False,"A:1,B:1,ESTOP:0,MODE:1",DRIVE_RUN,,,,S,,,False,0,UNKNOWN,0.0,False,-9999.0,-1.0,-1.0,False,36.96763197666667,127.87393001833334,122.029,2,6.3504000000000005,36.96763197666667,127.87393001833334,3.0,2.535978455543518,1.0,0.0,0.03195691108703613,0.0,0.0376953142521423,-10.404905558188583,0.0,0.0,0.0,-0.47634709920035706,0.10673629534735908,0.8653657936586274,0.11332628779105096,0.005532693728822024,0.004939281783143952,-0.0010471975511965976,-8.26700595,0.7551120499999999,5.0406181
1789045872.983804,19.505,0.0,-1.575069063491016,0,2,866,28.79569742621187,-3.7035994590230263,-5.810517297114274,0.0,81.0,107.0,1.0,-0.21125895578673845,0.25741455989080864,83.0,3.8738801288291285,8.558765356690184,-10.404905558188583,-0.028977150743139647,-0.21962535190864035,1.0,-10.488288444017824,1.1252917448330217,0.007734279755114115,1.018196617179033,0.0,0.0,3.6069113968816238,-2.416290487327124,-0.7248871461981372,0.0,0.0,0.0,2.05459458897706,5.462658200053523,,,0,0,0,0.0,-3,170,True,True,False,"A:1,B:1,ESTOP:0,MODE:1",DRIVE_RUN,,,,S,,,False,0,UNKNOWN,0.0,False,-9999.0,-1.0,-1.0,False,36.96763197666667,127.87393001833334,122.029,2,6.3504000000000005,36.96763197666667,127.87393001833334,3.0,2.560865659713745,1.0,0.0,0.08173131942749023,0.0,0.0376953142521423,-10.404905558188583,0.0,0.0,0.0,-0.4763826443811003,0.10668985500726584,0.8653532507112903,0.11331638210956696,0.011135200627723822,0.006352998477259359,-0.004363323129985824,-8.433719,0.7551120499999999,5.0798447
1789045873.033791,19.555,0.0,-1.575069063491016,0,2,866,28.79569742621187,-3.7035994590230263,-5.82150468068059,0.0,81.0,107.0,1.0,-0.21125895578673845,0.25741455989080864,83.0,3.8738801288291285,8.558765356690184,-10.404905558188583,-0.028977150743139647,0.2731672576586095,1.0,-10.488288444017824,1.1252917448330217,0.007734279755114115,1.018196617179033,0.0,0.0,3.6069113968816238,-2.416290487327124,-0.7248871461981372,0.0,0.0,0.0,2.05459458897706,5.462658200053523,,,0,0,0,0.0,-3,170,True,True,False,"A:1,B:1,ESTOP:0,MODE:1",DRIVE_RUN,,,,S,,,False,0,UNKNOWN,0.0,False,-9999.0,-1.0,-1.0,False,36.96763197666667,127.87393001833334,122.029,2,6.3504000000000005,36.96763197666667,127.87393001833334,3.0,2.58586754322052,1.0,0.0,0.13173508644104004,0.0,0.0376953142521423,-10.404905558188583,0.0,0.0,0.0,-0.47649111414264694,0.10668001203710115,0.8652955129797448,0.11331049550674144,-0.00022689280275926284,0.002373647782712288,-0.0064053583548191895,-8.394492399999999,0.6962721499999999,5.08965135
1789045873.083812,19.605,0.0,-1.575069063491016,0,2,866,28.79569742621187,-3.7035994590230263,-5.807917125121719,0.0,81.0,107.0,1.0,-0.21125895578673845,0.25741455989080864,83.0,3.8738801288291285,8.558765356690184,-10.404905558188583,-0.028977150743139647,-0.08665320594856368,1.0,-10.488288444017824,1.1252917448330217,0.007734279755114115,1.018196617179033,0.0,0.0,3.6069113968816238,-2.416290487327124,-0.7248871461981372,0.0,0.0,0.0,2.05459458897706,5.462658200053523,,,0,0,0,0.0,-3,170,True,True,False,"A:1,B:1,ESTOP:0,MODE:1",DRIVE_RUN,,,,S,,,False,0,UNKNOWN,0.0,False,-9999.0,-1.0,-1.0,False,36.96763197666667,127.87393001833334,122.029,2,6.3504000000000005,36.96763197666667,127.87393001833334,3.0,2.610860962867737,1.0,0.0,0.18172192573547363,0.0,0.0376953142521423,-10.404905558188583,0.0,0.0,0.0,-0.47647782108989273,0.10666755140624756,0.8653059476793771,0.11329843951758027,0.010262536001726658,-0.0006981317007977319,-8.726646259971648e-05,-8.306232549999999,0.7060787999999999,5.18771785
1789045873.133872,19.655,0.0,-1.575069063491016,0,2,866,28.798958613887038,-3.703784991127546,-5.812243004894384,0.0,81.0,107.0,1.0,-0.21090008439730004,0.25741455989080864,83.0,3.8738801288291285,8.55555746355378,-10.404905558188583,-0.028977150743139647,-0.13085973722511474,1.0,-10.488288444017824,1.1252917448330217,0.007734279755114115,1.018196617179033,0.0,0.0,3.6069113968816238,-2.416290487327124,-0.7248871461981372,0.0,0.0,0.0,2.05459458897706,5.462658200053523,,,0,0,0,0.0,-3,170,True,True,False,"A:1,B:1,ESTOP:0,MODE:1",DRIVE_RUN,,,,S,,,False,0,UNKNOWN,0.0,False,-9999.0,-1.0,-1.0,False,36.967631975,127.873930055,122.035,2,6.3504000000000005,36.967631975,127.873930055,3.0,2.5390831422805786,1.0,0.0,0.03816628456115723,0.0,0.03556031773052226,-10.404905558188583,0.0,0.0,0.0,-0.4764394999992958,0.1066826414004298,0.8653275227131922,0.11328060425023301,0.004956735075663896,0.006126105674500096,-0.012199851471440364,-8.3356525,0.7453053999999999,5.16810455
1789045873.183786,19.705,0.0,-1.575069063491016,0,2,866,28.798958613887038,-3.703784991127546,-5.818811756214046,0.0,81.0,107.0,1.0,-0.21090008439730004,0.25741455989080864,83.0,3.8738801288291285,8.55555746355378,-10.404905558188583,-0.028977150743139647,0.004274599533817314,1.0,-10.488288444017824,1.1252917448330217,0.007734279755114115,1.018196617179033,0.0,0.0,3.6069113968816238,-2.416290487327124,-0.7248871461981372,0.0,0.0,0.0,2.05459458897706,5.462658200053523,,,0,0,0,0.0,-3,170,True,True,False,"A:1,B:1,ESTOP:0,MODE:1",DRIVE_RUN,,,,S,,,False,0,UNKNOWN,0.0,False,-9999.0,-1.0,-1.0,False,36.967631975,127.873930055,122.035,2,6.3504000000000005,36.967631975,127.873930055,3.0,2.5641908836364746,1.0,0.0,0.08838176727294922,0.0,0.03556031773052226,-10.404905558188583,0.0,0.0,0.0,-0.4764687077989199,0.1067052664543755,0.8653097923516658,0.11327188468302767,0.007487462491055674,0.006754424205218055,-0.0029146998508305304,-8.5121722,0.7649187,5.07003805
1789045873.233782,19.755,0.0,-1.575069063491016,0,2,866,28.798958613887038,-3.703784991127546,-5.818599230050182,0.0,81.0,107.0,1.0,-0.21090008439730004,0.25741455989080864,83.0,3.8738801288291285,8.55555746355378,-10.404905558188583,-0.028977150743139647,0.37208351486688207,1.0,-10.488288444017824,1.1252917448330217,0.007734279755114115,1.018196617179033,0.0,0.0,3.6069113968816238,-2.416290487327124,-0.7248871461981372,0.0,0.0,0.0,2.05459458897706,5.462658200053523,,,0,0,0,0.0,-3,170,True,True,False,"A:1,B:1,ESTOP:0,MODE:1",DRIVE_RUN,,,,S,,,False,0,UNKNOWN,0.0,False,-9999.0,-1.0,-1.0,False,36.967631975,127.873930055,122.035,2,6.3504000000000005,36.967631975,127.873930055,3.0,2.5890646171569824,1.0,0.0,0.13812923431396484,0.0,0.03556031773052226,-10.404905558188583,0.0,0.0,0.0,-0.4765444848075189,0.10672597433423092,0.8652675007668299,0.11325666655287654,0.001832595714594046,0.006021385919380436,0.000296705972839036,-8.38468575,0.73549875,5.0406181
1789045873.283792,19.805,0.0,-1.575069063491016,0,2,866,28.798958613887038,-3.703784991127546,-5.799908400793555,0.0,81.0,107.0,1.0,-0.21090008439730004,0.25741455989080864,83.0,3.8738801288291285,8.55555746355378,-10.404905558188583,-0.028977150743139647,-0.25083632386650995,1.0,-10.488288444017824,1.1252917448330217,0.007734279755114115,1.018196617179033,0.0,0.0,3.6069113968816238,-2.416290487327124,-0.7248871461981372,0.0,0.0,0.0,2.05459458897706,5.462658200053523,,,0,0,0,0.0,-3,170,True,True,False,"A:1,B:1,ESTOP:0,MODE:1",DRIVE_RUN,,,,S,,,False,0,UNKNOWN,0.0,False,-9999.0,-1.0,-1.0,False,36.967631975,127.873930055,122.035,2,6.3504000000000005,36.967631975,127.873930055,3.0,2.614073534011841,1.0,0.0,0.18814706802368164,0.0,0.03556031773052226,-10.404905558188583,0.0,0.0,0.0,-0.4765822859419887,0.1066474807410137,0.8652565265460866,0.11325538771866431,0.015027284859671176,-0.0011519173063162576,0.002617993877991494,-8.394492399999999,0.6668522,5.22694445
1789045873.333870,19.855,0.0,-1.575069063491016,0,2,866,28.796438605056597,-3.701187536918428,-5.812405830428446,0.0,81.0,107.0,1.0,-0.20875741355198266,0.25741455989080864,83.0,3.8738801288291285,8.558635351622284,-10.404905558188583,-0.028977150743139647,-0.22478889039622135,1.0,-10.488288444017824,1.1252917448330217,0.007734279755114115,1.018196617179033,0.0,0.0,3.6069113968816238,-2.416290487327124,-0.7248871461981372,0.0,0.0,0.0,2.05459458897706,5.462658200053523,,,0,0,0,0.0,-3,170,True,True,False,"A:1,B:1,ESTOP:0,MODE:1",DRIVE_RUN,,,,S,,,False,0,UNKNOWN,0.0,False,-9999.0,-1.0,-1.0,False,36.96763199833333,127.87393002666667,122.03200000000001,2,5.9536,36.96763199833333,127.87393002666667,3.0,2.461237254142761,1.0,0.0,0.04247450828552246,0.0,0.023333158455117697,-10.404905558188583,0.0,0.0,0.0,-0.4765339287437941,0.10656036955173151,0.8652891227537042,0.11329181983324384,0.014870205226991687,0.007435102613495843,0.0019722220547535923,-8.3552658,0.6864655000000001,5.07003805
1789045873.383785,19.905,0.0,-1.575069063491016,0,2,866,28.796438605056597,-3.701187536918428,-5.823951928226876,0.0,81.0,107.0,1.0,-0.20875741355198266,0.25741455989080864,83.0,3.8738801288291285,8.558635351622284,-10.404905558188583,-0.028977150743139647,-0.354473997617096,1.0,-10.488288444017824,1.1252917448330217,0.007734279755114115,1.018196617179033,0.0,0.0,3.6069113968816238,-2.416290487327124,-0.7248871461981372,0.0,0.0,0.0,2.05459458897706,5.462658200053523,,,0,0,0,0.0,-3,170,True,True,False,"A:1,B:1,ESTOP:0,MODE:1",DRIVE_RUN,,,,S,,,False,0,UNKNOWN,0.0,False,-9999.0,-1.0,-1.0,False,36.96763199833333,127.87393002666667,122.03200000000001,2,5.9536,36.96763199833333,127.87393002666667,3.0,2.4862141036987304,1.0,0.0,0.09242820739746094,0.0,0.023333158455117697,-10.404905558188583,0.0,0.0,0.0,-0.47658786670983494,0.10657241674164683,0.8652605395736244,0.11327190274544512,0.015219271077390554,-0.003926990816987242,-0.0003839724354387525,-8.502365549999999,0.7256921,5.0798447
1789045873.433815,19.955,0.0,-1.575069063491016,0,2,866,28.796438605056597,-3.701187536918428,-5.841170982966474,0.0,81.0,107.0,1.0,-0.20875741355198266,0.25741455989080864,83.0,3.8738801288291285,8.558635351622284,-10.404905558188583,-0.028977150743139647,0.49256252759223446,1.0,-10.488288444017824,1.1252917448330217,0.007734279755114115,1.018196617179033,0.0,0.0,3.6069113968816238,-2.416290487327124,-0.7248871461981372,0.0,0.0,0.0,2.05459458897706,5.462658200053523,,,0,0,0,0.0,-3,170,True,True,False,"A:1,B:1,ESTOP:0,MODE:1",DRIVE_RUN,,,,S,,,False,0,UNKNOWN,0.0,False,-9999.0,-1.0,-1.0,False,36.96763199833333,127.87393002666667,122.03200000000001,2,5.9536,36.96763199833333,127.87393002666667,3.0,2.5112815523147582,1.0,0.0,0.1425631046295166,0.0,0.023333158455117697,-10.404905558188583,0.0,0.0,0.0,-0.476597739571005,0.10659084135158647,0.8652597694068681,0.1132188969286615,0.003141592653589793,0.001762782544514273,0.00757472895365539,-8.34545915,0.7943386499999999,5.14849125
1789045873.483801,20.005,0.0,-1.575069063491016,0,2,866,28.796438605056597,-3.701187536918428,-5.816492382569152,0.0,81.0,107.0,1.0,-0.20875741355198266,0.25741455989080864,83.0,3.8738801288291285,8.558635351622284,-10.404905558188583,-0.028977150743139647,0.08132060713001177,1.0,-10.488288444017824,1.1252917448330217,0.007734279755114115,1.018196617179033,0.0,0.0,3.6069113968816238,-2.416290487327124,-0.7248871461981372,0.0,0.0,0.0,2.05459458897706,5.462658200053523,,,0,0,0,0.0,-3,170,True,True,False,"A:1,B:1,ESTOP:0,MODE:1",DRIVE_RUN,,,,S,,,False,0,UNKNOWN,0.0,False,-9999.0,-1.0,-1.0,False,36.96763199833333,127.87393002666667,122.03200000000001,2,5.9536,36.96763199833333,127.87393002666667,3.0,2.5363008403778076,1.0,0.0,0.19260168075561523,0.0,0.023333158455117697,-10.404905558188583,0.0,0.0,0.0,-0.47656116240702734,0.10655427566936337,0.8652815254586095,0.11324101077728746,0.006230825429619756,0.002548180707911721,-0.001762782544514273,-8.394492399999999,0.6864655000000001,5.1779112
1789045873.533787,20.055,0.0,-1.575069063491016,0,2,866,28.796438605056597,-3.703413926918506,-5.81240533912586,0.0,81.0,107.0,1.0,-0.21095286028918436,0.25741455989080864,83.0,3.8738801288291285,8.55809184176052,-10.404905558188583,-0.028977150743139647,0.035548284271718744,1.0,-10.488288444017824,1.1252917448330217,0.007734279755114115,1.018196617179033,0.0,0.0,3.6069113968816238,-2.416290487327124,-0.7248871461981372,0.0,0.0,0.0,2.05459458897706,5.462658200053523,,,0,0,0,0.0,-3,170,True,True,False,"A:1,B:1,ESTOP:0,MODE:1",DRIVE_RUN,,,,S,,,False,0,UNKNOWN,0.0,False,-9999.0,-1.0,-1.0,False,36.96763197833333,127.87393002666667,122.03800000000001,2,5.9536,36.96763197833333,127.87393002666667,3.0,2.4613583707809448,1.0,0.0,0.04271674156188965,0.0,0.023192015508698434,-10.404905558188583,0.0,0.0,0.0,-0.4766209052655929,0.10657161894560054,0.8652466460294492,0.11323976436707005,0.006108652381980153,0.003543018381548489,-0.0037699111843077517,-8.325845849999999,0.67665885,5.099458
1789045873.583794,20.105,0.0,-1.575069063491016,0,2,866,28.796438605056597,-3.703413926918506,-5.8106284436049975,0.0,81.0,107.0,1.0,-0.21095286028918436,0.25741455989080864,83.0,3.8738801288291285,8.55809184176052,-10.404905558188583,-0.028977150743139647,-0.06606157451184186,1.0,-10.488288444017824,1.1252917448330217,0.007734279755114115,1.018196617179033,0.0,0.0,3.6069113968816238,-2.416290487327124,-0.7248871461981372,0.0,0.0,0.0,2.05459458897706,5.462658200053523,,,0,0,0,0.0,-3,170,True,True,False,"A:1,B:1,ESTOP:0,MODE:1",DRIVE_RUN,,,,S,,,False,0,UNKNOWN,0.0,False,-9999.0,-1.0,-1.0,False,36.96763197833333,127.87393002666667,122.03800000000001,2,5.9536,36.96763197833333,127.87393002666667,3.0,2.4863603734970092,1.0,0.0,0.09272074699401855,0.0,0.023192015508698434,-10.404905558188583,0.0,0.0,0.0,-0.47664134980015677,0.1065176616468947,0.8652424857134593,0.11323626775179566,0.00778416846389471,0.008761552845011534,-0.0052010811709431014,-8.394492399999999,0.6668522,5.1582979
1789045873.633782,20.155,0.0,-1.575069063491016,0,2,866,28.796438605056597,-3.703413926918506,-5.8139072479578715,0.0,81.0,107.0,1.0,-0.21095286028918436,0.25741455989080864,83.0,3.8738801288291285,8.55809184176052,-10.404905558188583,-0.028977150743139647,0.06731335823276147,1.0,-10.488288444017824,1.1252917448330217,0.007734279755114115,1.018196617179033,0.0,0.0,3.6069113968816238,-2.416290487327124,-0.7248871461981372,0.0,0.0,0.0,2.05459458897706,5.462658200053523,,,0,0,0,0.0,-3,170,True,True,False,"A:1,B:1,ESTOP:0,MODE:1",DRIVE_RUN,,,,S,,,False,0,UNKNOWN,0.0,False,-9999.0,-1.0,-1.0,False,36.96763197833333,127.87393002666667,122.03800000000001,2,5.9536,36.96763197833333,127.87393002666667,3.0,2.5113536739349365,1.0,0.0,0.14270734786987305,0.0,0.023192015508698434,-10.404905558188583,0.0,0.0,0.0,-0.47666915538242544,0.10657156767689532,0.8652242320626649,0.11320797463723878,0.009721483933608416,0.006911503837897545,0.0033335788713091696,-8.38468575,0.7158854499999999,5.07003805
1789045873.683855,20.205,0.0,-1.575069063491016,0,2,866,28.796438605056597,-3.703413926918506,-5.810550891534007,0.0,81.0,107.0,1.0,-0.21095286028918436,0.25741455989080864,83.0,3.8738801288291285,8.55809184176052,-10.404905558188583,-0.028977150743139647,-0.048570805287137864,1.0,-10.488288444017824,1.1252917448330217,0.007734279755114115,1.018196617179033,0.0,0.0,3.6069113968816238,-2.416290487327124,-0.7248871461981372,0.0,0.0,0.0,2.05459458897706,5.462658200053523,,,0,0,0,0.0,-3,170,True,True,False,"A:1,B:1,ESTOP:0,MODE:1",DRIVE_RUN,,,,S,,,False,0,UNKNOWN,0.0,False,-9999.0,-1.0,-1.0,False,36.96763197833333,127.87393002666667,122.03800000000001,2,5.9536,36.96763197833333,127.87393002666667,3.0,2.536362590789795,1.0,0.0,0.19272518157958984,0.0,0.023192015508698434,-10.404905558188583,0.0,0.0,0.0,-0.47669713630707455,0.10656520690431445,0.8652038827362034,0.11325165876168428,0.011065387457644049,0.004153883619746504,0.0019896753472735357,-8.3748791,0.65704555,5.07003805
1789045873.733782,20.255,0.0,-1.575069063491016,0,0,866,28.792880945085166,-3.7054547840230905,-5.812987095563074,0.0,81.0,107.0,1.0,-0.21355643455895373,0.25741455989080864,83.0,3.8738801288291285,8.561044478778218,-10.404905558188583,-0.028977150743139647,-0.03783854651456914,1.0,-10.488288444017824,1.1252917448330217,0.007734279755114115,1.018196617179033,0.0,0.0,3.6069113968816238,-2.416290487327124,-0.7248871461981372,0.0,0.0,0.0,2.05459458897706,5.462658200053523,,,0,0,0,0.0,-3,170,True,True,False,"A:1,B:1,ESTOP:0,MODE:1",DRIVE_RUN,,,,S,,🟢 3.5초 경과 — 리니어 0단,False,0,UNKNOWN,0.0,False,-9999.0,-1.0,-1.0,False,36.96763196,127.87392998666667,122.02199999999999,2,5.9536,36.96763196,127.87392998666667,3.0,2.461675705909729,1.0,0.0,0.04335141181945801,0.0,0.05009886395413726,-10.404905558188583,0.0,0.0,0.0,-0.47671919786524924,0.10656032540919819,0.8651899411803001,0.11326989501111072,0.013578661580515884,0.0036477381366681488,0.006946410422937432,-8.44352565,0.6864655000000001,5.099458
1789045873.783825,20.305,0.0,-1.575069063491016,0,0,866,28.792880945085166,-3.7054547840230905,-5.814876621388805,0.0,81.0,107.0,1.0,-0.21355643455895373,0.25741455989080864,83.0,3.8738801288291285,8.561044478778218,-10.404905558188583,-0.028977150743139647,-0.4178397000048749,0.0,-10.488288444017824,1.1252917448330217,0.007734279755114115,1.018196617179033,0.0,0.0,3.6069113968816238,-2.416290487327124,-0.7248871461981372,0.0,0.0,0.0,2.05459458897706,5.462658200053523,,,0,0,0,0.0,-3,170,True,True,False,"A:1,B:1,ESTOP:0,MODE:1",DRIVE_RUN,,,,S,,,False,0,UNKNOWN,0.0,False,-9999.0,-1.0,-1.0,False,36.96763196,127.87392998666667,122.02199999999999,2,5.9536,36.96763196,127.87392998666667,3.0,2.4866344356536865,1.0,0.0,0.09326887130737305,0.0,0.05009886395413726,-10.404905558188583,0.0,0.0,0.0,-0.4767400366515556,0.10657655512841449,0.8651753027974332,0.11327873048283736,0.017994344588061536,0.001186823891356144,0.0015533430342749533,-8.4533323,0.7060787999999999,5.10926465
1789045873.833808,20.355,0.0,-1.575069063491016,0,0,866,28.792880945085166,-3.7054547840230905,-5.836013454262428,0.0,81.0,107.0,1.0,-0.21355643455895373,0.25741455989080864,83.0,3.8738801288291285,8.561044478778218,-10.404905558188583,-0.028977150743139647,0.0776671418552189,0.0,-10.488288444017824,1.1252917448330217,0.007734279755114115,1.018196617179033,0.0,0.0,3.6069113968816238,-2.416290487327124,-0.7248871461981372,0.0,0.0,0.0,2.05459458897706,5.462658200053523,,,0,0,0,0.0,-3,170,True,True,False,"A:1,B:1,ESTOP:0,MODE:1",DRIVE_RUN,,,,S,,,False,0,UNKNOWN,0.0,False,-9999.0,-1.0,-1.0,False,36.96763196,127.87392998666667,122.02199999999999,2,5.9536,36.96763196,127.87392998666667,3.0,2.511623206138611,1.0,0.0,0.14324641227722168,0.0,0.05009886395413726,-10.404905558188583,0.0,0.0,0.0,-0.47674584022627925,0.10658186272068265,0.8651690073954156,0.11329739188683963,0.010140362954087054,-0.003193952531149623,0.005934119456780721,-8.3748791,0.6864655000000001,5.1975245
1789045873.883836,20.405,0.0,-1.575069063491016,0,0,866,28.792880945085166,-3.7054547840230905,-5.832150932823936,0.0,81.0,107.0,1.0,-0.21355643455895373,0.25741455989080864,83.0,3.8738801288291285,8.561044478778218,-10.404905558188583,-0.028977150743139647,0.10376207879410798,0.0,-10.488288444017824,1.1252917448330217,0.007734279755114115,1.018196617179033,0.0,0.0,3.6069113968816238,-2.416290487327124,-0.7248871461981372,0.0,0.0,0.0,2.05459458897706,5.462658200053523,,,0,0,0,0.0,-3,170,True,True,False,"A:1,B:1,ESTOP:0,MODE:1",DRIVE_RUN,,,,S,,,False,0,UNKNOWN,0.0,False,-9999.0,-1.0,-1.0,False,36.96763196,127.87392998666667,122.02199999999999,2,5.9536,36.96763196,127.87392998666667,3.0,2.536642732620239,1.0,0.0,0.19328546524047852,0.0,0.05009886395413726,-10.404905558188583,0.0,0.0,0.0,-0.47674572313650476,0.10658864198588522,0.8651691244851899,0.11329061262163743,0.007923794804054257,0.0014486232791552935,0.0022165681500327986,-8.414105699999999,0.7256921,5.0406181
1789045873.933836,20.455,0.0,-1.575069063491016,0,0,866,28.793029180601327,-3.706196914023117,-5.826952146667196,0.0,81.0,107.0,1.0,-0.21426362178146488,0.25741455989080864,83.0,3.8738801288291285,8.560719899088408,-10.404905558188583,-0.028977150743139647,-0.04534831116864885,0.0,-10.488288444017824,1.1252917448330217,0.007734279755114115,1.018196617179033,0.0,0.0,3.6069113968816238,-2.416290487327124,-0.7248871461981372,0.0,0.0,0.0,2.05459458897706,5.462658200053523,,,0,0,0,0.0,-3,169,True,True,False,"A:1,B:1,ESTOP:0,MODE:1",DRIVE_RUN,,,,S,,,False,0,UNKNOWN,0.0,False,-9999.0,-1.0,-1.0,False,36.96763195333333,127.87392998833333,122.02600000000001,2,6.3504000000000005,36.96763195333333,127.87392998833333,3.0,2.5396473598480225,1.0,0.0,0.03929471969604492,0.0,0.03926855432119687,-10.404905558188583,0.0,0.0,0.0,-0.47677005609672235,0.10655171752001152,0.8651567464106529,0.11331747104130607,0.0033684854563490563,0.0020420352248333657,-0.01137954672300303,-8.34545915,0.6962721499999999,5.01119815
1789045873.983989,20.505,0.0,-1.575069063491016,0,0,866,28.793029180601327,-3.706196914023117,-5.829220695310653,0.0,81.0,107.0,1.0,-0.21426362178146488,0.25741455989080864,83.0,3.8738801288291285,8.560719899088408,-10.404905558188583,-0.028977150743139647,0.24743018955164825,0.0,-10.488288444017824,1.1252917448330217,0.007734279755114115,1.018196617179033,0.0,0.0,3.6069113968816238,-2.416290487327124,-0.7248871461981372,0.0,0.0,0.0,2.05459458897706,5.462658200053523,,,0,0,0,0.0,-3,170,True,True,False,"A:1,B:1,ESTOP:0,MODE:1",DRIVE_RUN,,,,S,,,False,0,UNKNOWN,0.0,False,-9999.0,-1.0,-1.0,False,36.96763195333333,127.87392998833333,122.02600000000001,2,6.3504000000000005,36.96763195333333,127.87392998833333,3.0,2.5646512699127197,1.0,0.0,0.08930253982543945,0.0,0.03926855432119687,-10.404905558188583,0.0,0.0,0.0,-0.476770174299707,0.10654493889555695,0.8651566282076683,0.1133242496657606,0.006161012259539983,0.007452555906015787,0.0033335788713091696,-8.394492399999999,0.7060787999999999,5.1190713
1789045874.033886,20.555,0.0,-1.575069063491016,0,0,866,28.793029180601327,-3.706196914023117,-5.816955442141023,0.0,81.0,107.0,1.0,-0.21426362178146488,0.25741455989080864,83.0,3.8738801288291285,8.560719899088408,-10.404905558188583,-0.028977150743139647,0.3344044455486561,0.0,-10.488288444017824,1.1252917448330217,0.007734279755114115,1.018196617179033,0.0,0.0,3.6069113968816238,-2.416290487327124,-0.7248871461981372,0.0,0.0,0.0,2.05459458897706,5.462658200053523,,,0,0,0,0.0,-3,169,True,True,False,"A:1,B:1,ESTOP:0,MODE:1",DRIVE_RUN,,,,S,,,False,0,UNKNOWN,0.0,False,-9999.0,-1.0,-1.0,False,36.96763195333333,127.87392998833333,122.02600000000001,2,6.3504000000000005,36.96763195333333,127.87392998833333,3.0,2.5896861743927,1.0,0.0,0.1393723487854004,0.0,0.03926855432119687,-10.404905558188583,0.0,0.0,0.0,-0.4767795207355431,0.10654377355410485,0.8651544641899884,0.11330254196694678,0.004328416544945937,0.0035081117965086025,0.003787364476827695,-8.414105699999999,0.7158854499999999,5.08965135
1789045874.083915,20.605,0.0,-1.575069063491016,0,0,866,28.793029180601327,-3.706196914023117,-5.799878133054733,0.0,81.0,107.0,1.0,-0.21426362178146488,0.25741455989080864,83.0,3.8738801288291285,8.560719899088408,-10.404905558188583,-0.028977150743139647,-0.04164918920159761,0.0,-10.488288444017824,1.1252917448330217,0.007734279755114115,1.018196617179033,0.0,0.0,3.6069113968816238,-2.416290487327124,-0.7248871461981372,0.0,0.0,0.0,2.05459458897706,5.462658200053523,,,0,0,0,0.0,-3,169,True,True,False,"A:1,B:1,ESTOP:0,MODE:1",DRIVE_RUN,,,,S,,,False,0,UNKNOWN,0.0,False,-9999.0,-1.0,-1.0,False,36.96763195333333,127.87392998833333,122.02600000000001,2,6.3504000000000005,36.96763195333333,127.87392998833333,3.0,2.614649910926819,1.0,0.0,0.1892998218536377,0.0,0.03926855432119687,-10.404905558188583,0.0,0.0,0.0,-0.4767968263208017,0.10652265038024017,0.8651476855174997,0.11330133984244764,0.009983283321407565,0.008377580409572781,-0.0003141592653589793,-8.394492399999999,0.67665885,5.0504247499999995
1789045874.133825,20.655,0.0,-1.575069063491016,0,0,866,28.79421506725847,-3.7052692511275978,-5.922922822050708,0.0,81.0,107.0,1.0,-0.21315182464519866,0.25741455989080864,83.0,3.8738801288291285,8.559795796646407,-8.219622040901166,-0.12098719539232122,0.2691869868703787,0.0,-10.488288444017824,1.1252917448330217,0.007734279755114115,1.018196617179033,0.0,0.0,3.6069113968816238,-2.416290487327124,-0.7248871461981372,0.0,0.0,0.0,2.05459458897706,5.462658200053523,,,0,0,0,0.0,-3,170,True,True,False,"A:1,B:1,ESTOP:0,MODE:1",DRIVE_RUN,,,,S,,📶 GPS 품질 ↗ 회복 : RTK_FLOAT → RTK_FIXED (σ=0.01m),False,0,UNKNOWN,0.0,False,-9999.0,-1.0,-1.0,False,36.96763196166667,127.87393000166666,122.02799999999999,2,0.00015876,36.96763196166667,127.87393000166666,4.0,0.02778392562866211,1.0,0.0,0.03036785125732422,0.0,0.011745829788024709,-8.219622040901166,0.0,0.0,0.0,-0.4767758113388737,0.10651658580779481,0.8651625016528043,0.11328233932908935,0.005480333851262195,0.00047123889803846896,0.003979350694547071,-8.3748791,0.7256921,5.1779112
1789045874.183770,20.705,0.0,-1.575069063491016,0,0,866,28.79421506725847,-3.7052692511275978,-5.909594603605569,0.0,81.0,107.0,1.0,-0.21315182464519866,0.25741455989080864,83.0,3.8738801288291285,8.559795796646407,-8.219622040901166,-0.12098719539232122,-0.03540153968249782,0.0,-10.488288444017824,1.1252917448330217,0.007734279755114115,1.018196617179033,0.0,0.0,3.6069113968816238,-2.416290487327124,-0.7248871461981372,0.0,0.0,0.0,2.05459458897706,5.462658200053523,,,0,0,0,0.0,-3,170,True,True,False,"A:1,B:1,ESTOP:0,MODE:1",DRIVE_RUN,,,,S,,,False,0,UNKNOWN,0.0,False,-9999.0,-1.0,-1.0,False,36.96763196166667,127.87393000166666,122.02799999999999,2,0.00015876,36.96763196166667,127.87393000166666,4.0,0.05283456573486328,1.0,0.0,0.08046913146972656,0.0,0.011745829788024709,-8.219622040901166,0.0,0.0,0.0,-0.47676548438965954,0.10648147038760963,0.8651757271067163,0.11325780584202894,0.012880529879718152,0.0010122909661567112,0.006213372137099813,-8.325845849999999,0.7256921,5.099458
1789045874.233912,20.755,0.0,-1.575069063491016,0,0,866,28.79421506725847,-3.7052692511275978,-5.911365489178564,0.0,81.0,107.0,1.0,-0.21315182464519866,0.25741455989080864,83.0,3.8738801288291285,8.559795796646407,-8.219622040901166,-0.12098719539232122,-0.006328265873819239,0.0,-10.488288444017824,1.1252917448330217,0.007734279755114115,1.018196617179033,0.0,0.0,3.6069113968816238,-2.416290487327124,-0.7248871461981372,0.0,0.0,0.0,2.05459458897706,5.462658200053523,,,0,0,0,0.0,-3,170,True,True,False,"A:1,B:1,ESTOP:0,MODE:1",DRIVE_RUN,,,,S,,,False,0,UNKNOWN,0.0,False,-9999.0,-1.0,-1.0,False,36.96763196166667,127.87393000166666,122.02799999999999,2,0.00015876,36.96763196166667,127.87393000166666,4.0,0.07779770622253418,1.0,0.0,0.13039541244506836,0.0,0.011745829788024709,-8.219622040901166,0.0,0.0,0.0,-0.47672844656644536,0.10647203298714467,0.8651979537654387,0.11325279345793583,0.011501719770642632,-0.0,0.004939281783143952,-8.3552658,0.6864655000000001,5.0798447
1789045874.283777,20.805,0.0,-1.575069063491016,0,0,866,28.79421506725847,-3.7052692511275978,-5.911681882556422,0.0,81.0,107.0,1.0,-0.21315182464519866,0.25741455989080864,83.0,3.8738801288291285,8.559795796646407,-8.219622040901166,-0.12098719539232122,-1.0621073940520218,0.0,-10.488288444017824,1.1252917448330217,0.007734279755114115,1.018196617179033,0.0,0.0,3.6069113968816238,-2.416290487327124,-0.7248871461981372,0.0,0.0,0.0,2.05459458897706,5.462658200053523,,,0,0,0,0.0,-4,170,True,True,False,"A:1,B:1,ESTOP:0,MODE:1",DRIVE_RUN,,,,S,,,False,0,UNKNOWN,0.0,False,-9999.0,-1.0,-1.0,False,36.96763196166667,127.87393000166666,122.02799999999999,2,0.00015876,36.96763196166667,127.87393000166666,4.0,0.10280614624023438,1.0,0.0,0.18041229248046875,0.0,0.011745829788024709,-8.219622040901166,0.0,0.0,0.0,-0.4767440132247577,0.10645244898228445,0.8651890788938398,0.11327347316496983,0.02799508120198905,0.0067369709126981125,-0.0045029494701453706,-8.659271949999999,0.67665885,4.8444851
1789045874.333784,20.855,0.0,-1.575069063491016,0,0,720,28.793770359446057,-3.698033484813804,-5.965002443829178,0.0,81.0,107.0,1.0,-0.20609050919892621,0.25741455989080864,83.0,3.8738801288291285,8.561993482580897,-8.219622040901166,-0.12098719539232122,1.452736598457441,0.0,-10.488288444017824,1.1252917448330217,0.007734279755114115,1.018196617179033,0.0,0.0,3.6069113968816238,-2.416290487327124,-0.7248871461981372,0.0,0.0,0.0,2.05459458897706,5.462658200053523,,,0,0,0,0.0,-3,163,True,True,False,"A:1,B:1,ESTOP:0,MODE:1",DRIVE_RUN,,,,S,,📶 GPS 품질 ↘ 저하 : RTK_FIXED → RTK_FLOAT (σ=2.44m),False,0,UNKNOWN,0.0,False,-9999.0,-1.0,-1.0,False,36.967632026666664,127.87392999666666,122.02600000000001,2,5.9536,36.967632026666664,127.87392999666666,3.0,2.461045684814453,1.0,0.0,0.04209136962890625,0.0,0.07429804430191801,-8.219622040901166,0.0,0.0,0.0,-0.47675632227856957,0.10642863503011163,0.8651897016785489,0.11323928171100159,-0.021101030656611446,-0.012793263417118436,0.0008726646259971648,-8.4729456,0.8924051499999999,5.4917240000000005
1789045874.383821,20.905,0.0,-1.575069063491016,0,0,567,28.793770359446057,-3.698033484813804,-5.89279620790694,0.0,81.0,107.0,1.0,-0.20609050919892621,0.25741455989080864,83.0,3.8738801288291285,8.561993482580897,-8.219622040901166,-0.12098719539232122,-0.08310632966670933,0.0,-10.488288444017824,1.1252917448330217,0.007734279755114115,1.018196617179033,0.0,0.0,3.6069113968816238,-2.416290487327124,-0.7248871461981372,0.0,0.0,0.0,2.05459458897706,5.462658200053523,,,0,0,0,0.2704925239086151,-3,166,True,True,False,"A:1,B:1,ESTOP:0,MODE:1",DRIVE_RUN,,,,S,,,False,0,UNKNOWN,0.0,False,-9999.0,-1.0,-1.0,False,36.967632026666664,127.87392999666666,122.02600000000001,2,5.9536,36.967632026666664,127.87392999666666,3.0,2.4860485219955444,1.0,0.0,0.09209704399108887,0.0,0.07429804430191801,-8.219622040901166,0.0,0.0,0.0,-0.4767012825674636,0.10629943048293362,0.865253426581295,0.11310537594149356,0.012112585008840646,0.011222467090323538,0.0016231562043547264,-8.502365549999999,0.2353596,6.815621749999999
1789045874.433804,20.955,0.0,-1.575069063491016,0,0,534,28.793770359446057,-3.698033484813804,-5.896964875126173,0.0,81.0,107.0,1.0,-0.20609050919892621,0.25741455989080864,83.0,3.8738801288291285,8.561993482580897,-8.219622040901166,-0.12098719539232122,-0.3194606216814489,0.0,-10.488288444017824,1.1252917448330217,0.007734279755114115,1.018196617179033,0.0,0.0,3.6069113968816238,-2.416290487327124,-0.7248871461981372,0.0,0.0,0.0,2.05459458897706,5.462658200053523,,,0,0,0,0.3158446252346039,-3,167,True,True,False,"A:1,B:1,ESTOP:0,MODE:1",DRIVE_RUN,,,,S,,,False,0,UNKNOWN,0.0,False,-9999.0,-1.0,-1.0,False,36.967632026666664,127.87392999666666,122.02600000000001,2,5.9536,36.967632026666664,127.87392999666666,3.0,2.511057677268982,1.0,0.0,0.14211535453796387,0.0,0.07429804430191801,-8.219622040901166,0.0,0.0,0.0,-0.47672481622500845,0.1062598776870998,0.8652399329836343,0.11314657025129221,0.013194689145077132,0.0064053583548191895,-0.004223696789826277,-8.46313895,0.8433718999999998,5.50153065
1789045874.483790,21.005,0.0,-1.575069063491016,0,0,514,28.793770359446057,-3.698033484813804,-5.9129459645040185,0.0,81.0,107.0,1.0,-0.20609050919892621,0.25741455989080864,83.0,3.8738801288291285,8.561993482580897,-8.219622040901166,-0.12098719539232122,-0.11046283057845879,0.0,-10.488288444017824,1.1252917448330217,0.007734279755114115,1.018196617179033,0.0,0.0,3.6069113968816238,-2.416290487327124,-0.7248871461981372,0.0,0.0,0.0,2.05459458897706,5.462658200053523,,,0,0,0,0.2901405692100525,-3,168,True,True,False,"A:1,B:1,ESTOP:0,MODE:1",DRIVE_RUN,,,,S,,,False,0,UNKNOWN,0.0,False,-9999.0,-1.0,-1.0,False,36.967632026666664,127.87392999666666,122.02600000000001,2,5.9536,36.967632026666664,127.87392999666666,3.0,2.5360429906845092,1.0,0.0,0.19208598136901855,0.0,0.07429804430191801,-8.219622040901166,0.0,0.0,0.0,-0.4768119293312129,0.10630194829678405,0.8651714158605152,0.11326385572487638,0.006684611035138282,0.008220500776893291,-0.008656833089891874,-8.502365549999999,0.6864655000000001,4.9817782
1789045874.533796,21.055,0.0,-1.575069063491016,0,0,496,28.792139766240435,-3.698404549813817,-5.918473130233508,0.0,81.0,107.0,1.0,-0.20672732933057117,0.25741455989080864,83.0,3.8738801288291285,8.563483881432797,-8.219622040901166,-0.12098719539232122,-0.5000747527770548,0.0,-10.488288444017824,1.1252917448330217,0.007734279755114115,1.018196617179033,0.0,0.0,3.6069113968816238,-2.416290487327124,-0.7248871461981372,0.0,0.0,0.0,2.05459458897706,5.462658200053523,,,0,0,0,0.3201598823070526,-3,170,True,True,False,"A:1,B:1,ESTOP:0,MODE:1",DRIVE_RUN,,,,S,,,False,0,UNKNOWN,0.0,False,-9999.0,-1.0,-1.0,False,36.96763202333333,127.87392997833334,122.025,2,5.9536,36.96763202333333,127.87392997833334,3.0,2.459921541213989,1.0,0.0,0.039843082427978516,0.0,0.0661033299911448,-8.219622040901166,0.0,0.0,0.0,-0.47673248900602766,0.10634452990793487,0.8652116511130752,0.11325093228298151,0.01726130630222392,0.0036302848441482054,-0.0030543261909900766,-8.54159215,0.7453053999999999,5.4034641500000005
1789045874.583811,21.105,0.0,-1.575069063491016,0,0,443,28.792139766240435,-3.698404549813817,-5.943431895405723,0.0,81.0,107.0,1.0,-0.20672732933057117,0.25741455989080864,83.0,3.8738801288291285,8.563483881432797,-8.219622040901166,-0.12098719539232122,0.7679886464619786,0.0,-10.488288444017824,1.1252917448330217,0.007734279755114115,1.018196617179033,0.0,0.0,3.6069113968816238,-2.416290487327124,-0.7248871461981372,0.0,0.0,0.0,2.05459458897706,5.462658200053523,,,0,0,0,0.29917576909065247,-3,170,True,True,False,"A:1,B:1,ESTOP:0,MODE:1",DRIVE_RUN,,,,S,,,False,0,UNKNOWN,0.0,False,-9999.0,-1.0,-1.0,False,36.96763202333333,127.87392997833334,122.025,2,5.9536,36.96763202333333,127.87392997833334,3.0,2.4849373722076415,1.0,0.0,0.0898747444152832,0.0,0.0661033299911448,-8.219622040901166,0.0,0.0,0.0,-0.4767501834418114,0.10634975670846741,0.8652063973380903,0.11321166830981531,-0.005096361415823442,-0.0006806784082777885,0.00312413936106985,-8.36507245,0.8924051499999999,5.0013914999999995
1789045874.633818,21.155,0.0,-1.575069063491016,0,0,343,28.792139766240435,-3.698404549813817,-5.905022429051286,0.0,81.0,107.0,1.0,-0.20672732933057117,0.25741455989080864,83.0,3.8738801288291285,8.563483881432797,-8.219622040901166,-0.12098719539232122,0.14973854514914497,0.0,-10.488288444017824,1.1252917448330217,0.007734279755114115,1.018196617179033,0.0,0.0,3.6069113968816238,-2.416290487327124,-0.7248871461981372,0.0,0.0,0.0,2.05459458897706,5.462658200053523,,,0,0,0,0.3318987190723419,-3,170,True,True,False,"A:1,B:1,ESTOP:0,MODE:1",DRIVE_RUN,,,,S,,,False,0,UNKNOWN,0.0,False,-9999.0,-1.0,-1.0,False,36.96763202333333,127.87392997833334,122.025,2,5.9536,36.96763202333333,127.87392997833334,3.0,2.509911003112793,1.0,0.0,0.13982200622558594,0.0,0.0661033299911448,-8.219622040901166,0.0,0.0,0.0,-0.47672781568248007,0.10632775248814937,0.8652326204418938,0.11312608597792013,0.007016223593017205,0.0019896753472735357,0.002234021442552742,-8.316039199999999,0.7551120499999999,5.28578435
1789045874.683805,21.205,0.0,-1.575069063491016,0,0,237,28.792139766240435,-3.698404549813817,-5.897472104932632,0.0,81.0,107.0,1.0,-0.20672732933057117,0.25741455989080864,83.0,3.8738801288291285,8.563483881432797,-8.219622040901166,-0.12098719539232122,0.14721484658519768,0.0,-10.488288444017824,1.1252917448330217,0.007734279755114115,1.018196617179033,0.0,0.0,3.6069113968816238,-2.416290487327124,-0.7248871461981372,0.0,0.0,0.0,2.05459458897706,5.462658200053523,,,0,0,0,0.33989372849464417,-3,169,True,True,False,"A:1,B:1,ESTOP:0,MODE:1",DRIVE_RUN,,,,S,,,False,0,UNKNOWN,0.0,False,-9999.0,-1.0,-1.0,False,36.96763202333333,127.87392997833334,122.025,2,5.9536,36.96763202333333,127.87392997833334,3.0,2.534999670982361,1.0,0.0,0.18999934196472168,0.0,0.0661033299911448,-8.219622040901166,0.0,0.0,0.0,-0.4768131107778586,0.10624323838861172,0.8651980165118776,0.11311067107463951,0.005864306286700947,-0.003351032163829113,0.000890117918517108,-8.3748791,0.6864655000000001,5.1386845999999995
1789045874.733792,21.255,0.0,-1.575069063491016,0,0,195,28.787692691908124,-3.697476886918299,-5.890054614937014,0.0,81.0,107.0,1.0,-0.20655141163340424,0.25741455989080864,83.0,3.8738801288291285,8.56802281297077,-8.219622040901166,-0.12098719539232122,-0.38435457804970713,0.0,-10.488288444017824,1.1252917448330217,0.007734279755114115,1.018196617179033,0.0,0.0,3.6069113968816238,-2.416290487327124,-0.7248871461981372,0.0,0.0,0.0,2.05459458897706,5.462658200053523,,,0,0,0,0.33758148550987244,-3,169,True,True,False,"A:1,B:1,ESTOP:0,MODE:1",DRIVE_RUN,,,,S,,,False,0,UNKNOWN,0.0,False,-9999.0,-1.0,-1.0,False,36.96763203166667,127.87392992833334,122.024,2,5.9536,36.96763203166667,127.87392992833334,3.0,2.4594437503814697,1.0,0.0,0.03888750076293945,0.0,0.05449546696152813,-8.219622040901166,0.0,0.0,0.0,-0.4768617511491901,0.10621663786354482,0.8651613042839041,0.11321136736947503,0.01546361717266976,0.0010995574287564276,-0.0016929693744344998,-8.482752249999999,0.6080123,5.10926465
1789045874.783836,21.305,0.0,-1.575069063491016,0,0,195,28.787692691908124,-3.697476886918299,-5.909004744676736,0.0,81.0,107.0,1.0,-0.20655141163340424,0.25741455989080864,83.0,3.8738801288291285,8.56802281297077,-8.219622040901166,-0.12098719539232122,-0.37240652905089894,0.0,-10.488288444017824,1.1252917448330217,0.007734279755114115,1.018196617179033,0.0,0.0,3.6069113968816238,-2.416290487327124,-0.7248871461981372,0.0,0.0,0.0,2.05459458897706,5.462658200053523,,,0,0,0,0.37357938289642334,-3,170,True,True,False,"A:1,B:1,ESTOP:0,MODE:1",DRIVE_RUN,,,,S,,▶ 재출발 — 3펄스로 뗀다 (★4펄스는 A보드 적분 동결★),False,0,UNKNOWN,0.0,False,-9999.0,-1.0,-1.0,False,36.96763203166667,127.87392992833334,122.024,2,5.9536,36.96763203166667,127.87392992833334,3.0,2.4844936752319335,1.0,0.0,0.08898735046386719,0.0,0.05449546696152813,-8.219622040901166,0.0,0.0,0.0,-0.476796525333054,0.10626467779796786,0.8651782132542511,0.11331174252036678,0.014974924982111348,-0.0006632251157578452,-0.0019024088846738192,-8.3552658,0.83356525,5.3544309
1789045874.833802,21.355,5.0,-1.575069063491016,0,0,195,28.787692691908124,-3.697476886918299,-5.927579771167444,0.0,81.0,107.0,1.0,-0.20655141163340424,0.25741455989080864,83.0,3.8738801288291285,8.56802281297077,-8.219622040901166,-0.12098719539232122,0.6888266608003023,0.0,-10.488288444017824,1.1252917448330217,0.007734279755114115,1.018196617179033,0.0,0.0,3.6069113968816238,0.0,0.0,0.0,0.0,0.0,2.05459458897706,5.462658200053523,,,0,0,0,0.3932356834411621,-3,170,True,True,False,"A:1,B:1,ESTOP:0,MODE:1",DRIVE_RUN,,,,S,,,False,0,UNKNOWN,0.0,False,-9999.0,-1.0,-1.0,False,36.96763203166667,127.87392992833334,122.024,2,5.9536,36.96763203166667,127.87392992833334,3.0,2.509488763809204,1.0,0.0,0.1389775276184082,0.0,0.05449546696152813,-8.219622040901166,0.0,0.0,0.0,-0.476637891778165,0.10629532221463564,0.8652842950313254,0.11314023761993514,-0.0018849555921538759,0.0065100781099388496,0.0049741883681838385,-8.2768126,0.8041453,5.18771785
1789045874.883788,21.405,5.0,-1.575069063491016,5,0,195,28.787692691908124,-3.697476886918299,-5.893222392029912,0.0,81.0,107.0,1.0,-0.20655141163340424,0.25741455989080864,83.0,3.8738801288291285,8.56802281297077,-8.219622040901166,-0.12098719539232122,-0.1294963196522348,0.0,-10.488288444017824,1.1252917448330217,0.007734279755114115,1.018196617179033,3.0,5.0,0.01712616812115906,0.0,0.0,0.0,0.0,0.0,2.05459458897706,5.462658200053523,,,0,0,0,0.38522061705589294,-3,170,True,True,False,"A:1,B:1,ESTOP:0,MODE:1",DRIVE_RUN,,,,S,,,False,0,UNKNOWN,0.0,False,-9999.0,-1.0,-1.0,False,36.96763203166667,127.87392992833334,122.024,2,5.9536,36.96763203166667,127.87392992833334,3.0,2.534460606575012,1.0,0.0,0.18892121315002441,0.0,0.05449546696152813,-8.219622040901166,0.0,0.0,0.0,-0.4766720043211472,0.10619253701197419,0.865295156052544,0.11300990351037385,0.011466813185602746,0.0009599310885968813,0.0003316125578789226,-8.4729456,0.53936575,5.0602314
1789045874.933803,21.455,5.0,-1.575069063491016,5,0,195,28.78250443746714,-3.6950649648137004,-5.899754905957678,0.0,81.0,107.0,1.0,-0.20503500576085396,0.25741455989080864,83.0,3.8738801288291285,8.573643281991949,-8.219622040901166,-0.12098719539232122,-0.5804719207268039,0.0,-10.488288444017824,1.1252917448330217,0.007734279755114115,1.018196617179033,3.0,5.0,0.01712616812115906,0.0,0.0,0.0,0.0,0.0,2.05459458897706,5.462658200053523,,,0,0,0,0.38619551062583923,-3,170,True,True,False,"A:1,B:1,ESTOP:0,MODE:1",DRIVE_RUN,,,,S,,,False,0,UNKNOWN,0.0,False,-9999.0,-1.0,-1.0,False,36.96763205333333,127.87392987,122.031,2,5.9536,36.96763205333333,127.87392987,3.0,2.4601936960220336,1.0,0.0,0.04038739204406738,0.0,0.09190962666807372,-8.219622040901166,0.0,0.0,0.0,-0.47670215105091923,0.10602079466073606,0.8652707461396335,0.11323067675278888,0.01764527873766267,-0.004747295565424576,-0.003979350694547071,-8.394492399999999,0.6080123,5.0798447
1789045874.983794,21.505,5.0,-1.575069063491016,5,0,195,28.78250443746714,-3.6950649648137004,-5.928628730610598,0.0,81.0,107.0,1.0,-0.20503500576085396,0.25741455989080864,83.0,3.8738801288291285,8.573643281991949,-8.219622040901166,-0.12098719539232122,-0.09034654295376737,0.0,-10.488288444017824,1.1252917448330217,0.007734279755114115,1.018196617179033,3.0,5.0,0.01712616812115906,0.0,0.0,0.0,0.0,0.0,2.05459458897706,5.462658200053523,,,0,0,0,0.39048781991004944,-3,170,True,True,False,"A:1,B:1,ESTOP:0,MODE:1",DRIVE_RUN,,,,S,,,False,0,UNKNOWN,0.0,False,-9999.0,-1.0,-1.0,False,36.96763205333333,127.87392987,122.031,2,5.9536,36.96763205333333,127.87392987,3.0,2.4851765060424804,1.0,0.0,0.09035301208496094,0.0,0.09190962666807372,-8.219622040901166,0.0,0.0,0.0,-0.47662468343422154,0.10618263743774259,0.8652908078845845,0.11325182752801932,0.01551597705022959,0.0009599310885968813,0.008936085770210968,-8.316039199999999,0.97085835,5.16810455
1789045875.033806,21.555,5.0,-1.575069063491016,5,0,195,28.78250443746714,-3.6950649648137004,-5.933136058753632,0.0,81.0,107.0,1.0,-0.20503500576085396,0.25741455989080864,83.0,3.8738801288291285,8.573643281991949,-8.219622040901166,-0.12098719539232122,0.5829607544206893,0.0,-10.488288444017824,1.1252917448330217,0.007734279755114115,1.018196617179033,3.0,5.0,0.01712616812115906,0.0,0.0,0.0,0.0,0.0,2.05459458897706,5.462658200053523,,,0,0,0,0.3876529037952423,-3,170,True,True,False,"A:1,B:1,ESTOP:0,MODE:1",DRIVE_RUN,,,,S,,,False,0,UNKNOWN,0.0,False,-9999.0,-1.0,-1.0,False,36.96763205333333,127.87392987,122.031,2,5.9536,36.96763205333333,127.87392987,3.0,2.510180296897888,1.0,0.0,0.14036059379577637,0.0,0.09190962666807372,-8.219622040901166,0.0,0.0,0.0,-0.47665203935008277,0.10621936320841213,0.8652988600102014,0.11304053754318552,6.981317007977319e-05,0.0067369709126981125,0.0046251225177849735,-8.482752249999999,0.6962721499999999,5.1386845999999995
1789045875.083809,21.605,5.0,-1.575069063491016,5,0,195,28.78250443746714,-3.6950649648137004,-5.903994998264068,0.0,81.0,107.0,1.0,-0.20503500576085396,0.25741455989080864,83.0,3.8738801288291285,8.573643281991949,-8.219622040901166,-0.12098719539232122,0.08226797796572416,0.0,-10.488288444017824,1.1252917448330217,0.007734279755114115,1.018196617179033,3.0,5.0,0.01712616812115906,0.0,0.0,0.0,0.0,0.0,2.05459458897706,5.462658200053523,,,0,0,0,0.3849180340766907,-3,170,True,True,False,"A:1,B:1,ESTOP:0,MODE:1",DRIVE_RUN,,,,S,,,False,0,UNKNOWN,0.0,False,-9999.0,-1.0,-1.0,False,36.96763205333333,127.87392987,122.031,2,5.9536,36.96763205333333,127.87392987,3.0,2.535185399055481,1.0,0.0,0.19037079811096191,0.0,0.09190962666807372,-8.219622040901166,0.0,0.0,0.0,-0.4767316386810948,0.10611988339572853,0.86525655941539,0.11312206423663132,0.002076941809873252,0.0021642082724729686,-0.00905825881785057,-8.502365549999999,0.5982056499999999,5.1190713
1789045875.133825,21.655,5.0,-1.575069063491016,5,0,195,28.774944410975813,-3.6937662377091414,-5.899882172100831,0.0,81.0,107.0,1.0,-0.20501037759179142,0.25741455989080864,83.0,3.8738801288291285,8.581291396824156,-8.219622040901166,-0.12098719539232122,-0.16472269951431917,0.0,-10.488288444017824,1.1252917448330217,0.007734279755114115,1.018196617179033,3.0,5.0,0.01712616812115906,0.0,0.0,0.0,0.0,0.0,2.05459458897706,5.462658200053523,,,0,0,0,0.3859511613845825,-3,171,True,True,False,"A:1,B:1,ESTOP:0,MODE:1",DRIVE_RUN,,,,S,,,False,0,UNKNOWN,0.0,False,-9999.0,-1.0,-1.0,False,36.967632065,127.873929785,122.03999999999999,2,5.9536,36.967632065,127.873929785,3.0,2.455777349472046,1.0,0.0,0.0315546989440918,0.0,0.11733752773993587,-8.219622040901166,0.0,0.0,0.0,-0.47671742589279115,0.10610870650555984,0.8652521162427104,0.11322638204667435,0.017243853009703977,0.0019373154697137059,0.009250245035569947,-8.26700595,0.81395195,5.07003805
1789045875.183924,21.705,5.0,-1.575069063491016,5,0,195,28.774944410975813,-3.6937662377091414,-5.90812603599349,0.0,81.0,107.0,1.0,-0.20501037759179142,0.25741455989080864,83.0,3.8738801288291285,8.581291396824156,-8.219622040901166,-0.12098719539232122,0.479972390401521,0.0,-10.488288444017824,1.1252917448330217,0.007734279755114115,1.018196617179033,3.0,5.0,0.036875401552462564,0.0,0.0,0.0,0.0,0.0,2.05459458897706,5.462658200053523,,,0,0,0,0.3841657340526581,-3,170,True,True,False,"A:1,B:1,ESTOP:0,MODE:1",DRIVE_RUN,,,,S,,,False,0,UNKNOWN,0.0,False,-9999.0,-1.0,-1.0,False,36.967632065,127.873929785,122.03999999999999,2,5.9536,36.967632065,127.873929785,3.0,2.480790557861328,1.0,0.0,0.08158111572265625,0.0,0.11733752773993587,-8.219622040901166,0.0,0.0,0.0,-0.4767717014250555,0.10610329352332318,0.8652370552428692,0.11311796523280193,0.0014311699866353504,0.001308996938995747,0.004206243497306334,-8.482752249999999,0.6864655000000001,5.1386845999999995
1789045875.233779,21.755,5.0,-1.575069063491016,5,0,194,28.774944410975813,-3.6937662377091414,-5.884012203984611,0.0,81.0,107.0,1.0,-0.20501037759179142,0.25741455989080864,83.0,3.8738801288291285,8.581291396824156,-8.219622040901166,-0.12098719539232122,-0.37170183408582347,0.0,-10.488288444017824,1.1252917448330217,0.007734279755114115,1.018196617179033,3.0,5.0,0.036875401552462564,0.0,0.0,0.0,0.0,0.0,2.05459458897706,5.462658200053523,,,0,0,0,0.3798045217990875,-3,173,True,True,False,"A:1,B:1,ESTOP:0,MODE:1",DRIVE_RUN,,,,S,,,False,0,UNKNOWN,0.0,False,-9999.0,-1.0,-1.0,False,36.967632065,127.873929785,122.03999999999999,2,5.9536,36.967632065,127.873929785,3.0,2.505797209739685,1.0,0.0,0.13159441947937012,0.0,0.11733752773993587,-8.219622040901166,0.0,0.0,0.0,-0.47679644364781437,0.10613655949008362,0.8652142166537569,0.11315715339575501,0.013107422682477415,-0.005689773361501515,-0.004433136300065597,-8.482752249999999,0.6864655000000001,5.1190713
1789045875.283781,21.805,5.0,-1.575069063491016,5,0,194,28.774944410975813,-3.6937662377091414,-5.902496693557509,0.0,81.0,107.0,1.0,-0.20501037759179142,0.25741455989080864,83.0,3.8738801288291285,8.581291396824156,-8.219622040901166,-0.12098719539232122,0.1339793493567557,0.0,-10.488288444017824,1.1252917448330217,0.007734279755114115,1.018196617179033,3.0,5.0,0.036875401552462564,0.0,0.0,0.0,0.0,0.0,2.05459458897706,5.462658200053523,,,0,0,0,0.0,-3,176,True,True,False,"A:1,B:1,ESTOP:0,MODE:1",DRIVE_RUN,,,,S,,,False,0,UNKNOWN,0.0,False,-9999.0,-1.0,-1.0,False,36.967632065,127.873929785,122.03999999999999,2,5.9536,36.967632065,127.873929785,3.0,2.5307766819000244,1.0,0.0,0.18155336380004883,0.0,0.11733752773993587,-8.219622040901166,0.0,0.0,0.0,-0.47681611321643147,0.1061705199276424,0.8651988423168516,0.11315996698943082,0.011484266478122689,0.004084070449666731,0.009354964790689606,-8.404299049999999,0.8825985,4.9131316499999995
1789045875.333789,21.855,5.0,-1.575069063491016,5,0,195,28.765012611170196,-3.690797717709038,-5.895804025282018,0.0,81.0,107.0,1.0,-0.20373321852472165,0.25741455989080864,83.0,3.8738801288291285,8.591647557653944,-8.219622040901166,-0.12098719539232122,-0.10676109678483886,0.0,-10.488288444017824,1.1252917448330217,0.007734279755114115,1.018196617179033,3.0,5.0,0.036875401552462564,0.0,0.0,0.0,0.0,0.0,2.05459458897706,5.462658200053523,,,0,0,0,0.0,-3,170,True,True,False,"A:1,B:1,ESTOP:0,MODE:1",DRIVE_RUN,,,,S,,,False,0,UNKNOWN,0.0,False,-9999.0,-1.0,-1.0,False,36.967632091666665,127.87392967333334,122.03999999999999,2,5.9536,36.967632091666665,127.87392967333334,3.0,2.461157741546631,1.0,0.0,0.04231548309326172,0.0,0.1628348998699195,-8.219622040901166,0.0,0.0,0.0,-0.4769806883445588,0.106144140562825,0.8651140682681177,0.11313926486908343,0.010000736613927507,-0.012095131716320703,0.00047123889803846896,-7.992419749999999,0.3138128,5.01119815
1789045875.383827,21.905,5.0,-1.575069063491016,5,0,194,28.765012611170196,-3.690797717709038,-5.901147674872874,0.0,81.0,107.0,1.0,-0.20373321852472165,0.25741455989080864,83.0,3.8738801288291285,8.591647557653944,-8.219622040901166,-0.12098719539232122,0.8032832985748266,0.0,-10.488288444017824,1.1252917448330217,0.007734279755114115,1.018196617179033,3.0,5.0,0.036875401552462564,0.0,0.0,0.0,0.0,0.0,2.05459458897706,5.462658200053523,,,0,0,0,0.19119486212730408,-3,169,True,True,False,"A:1,B:1,ESTOP:0,MODE:1",DRIVE_RUN,,,,S,,,False,0,UNKNOWN,0.0,False,-9999.0,-1.0,-1.0,False,36.967632091666665,127.87392967333334,122.03999999999999,2,5.9536,36.967632091666665,127.87392967333334,3.0,2.4861853742599487,1.0,0.0,0.09237074851989746,0.0,0.1628348998699195,-8.219622040901166,0.0,0.0,0.0,-0.4770608733659729,0.10615142943355492,0.8650629981224686,0.11318483295863507,-0.006579891280018622,0.004223696789826277,0.001064650843716541,-8.73772515,0.37265269999999995,6.4527757
1789045875.433786,21.955,5.0,-1.575069063491016,5,0,241,28.765012611170196,-3.690797717709038,-5.860970716564253,0.0,81.0,107.0,1.0,-0.20373321852472165,0.25741455989080864,83.0,3.8738801288291285,8.591647557653944,-8.219622040901166,-0.12098719539232122,-1.0325499870244002,0.0,-10.488288444017824,1.1252917448330217,0.007734279755114115,1.018196617179033,3.0,5.0,0.036875401552462564,0.0,0.0,0.0,0.0,0.0,2.05459458897706,5.462658200053523,,,0,0,0,0.05674845352768898,-3,169,True,True,False,"A:1,B:1,ESTOP:0,MODE:1",DRIVE_RUN,,,,S,,,False,0,UNKNOWN,0.0,False,-9999.0,-1.0,-1.0,False,36.967632091666665,127.87392967333334,122.03999999999999,2,5.9536,36.967632091666665,127.87392967333334,3.0,2.511151852607727,1.0,0.0,0.1423037052154541,0.0,0.1628348998699195,-8.219622040901166,0.0,0.0,0.0,-0.4771457080370101,0.10636880682433403,0.8649986261706667,0.11311510491303386,0.03242821750205464,0.013596114873035827,0.003543018381548489,-9.07115125,0.8531785499999999,4.314926
1789045875.483797,22.005,5.0,-1.575069063491016,5,0,206,28.765012611170196,-3.690797717709038,-5.912738488767076,0.0,81.0,107.0,1.0,-0.20373321852472165,0.25741455989080864,83.0,3.8738801288291285,8.591647557653944,-8.219622040901166,-0.12098719539232122,0.8454016356151841,0.0,-10.488288444017824,1.1252917448330217,0.007734279755114115,1.018196617179033,3.0,5.0,0.05117375860148319,0.0,0.0,0.0,0.0,0.0,2.05459458897706,5.462658200053523,,,0,0,0,0.20298181474208832,-3,170,True,True,False,"A:1,B:1,ESTOP:0,MODE:1",DRIVE_RUN,,,,S,,,False,0,UNKNOWN,0.0,False,-9999.0,-1.0,-1.0,False,36.967632091666665,127.87392967333334,122.03999999999999,2,5.9536,36.967632091666665,127.87392967333334,3.0,2.536213102340698,1.0,0.0,0.19242620468139648,0.0,0.1628348998699195,-8.219622040901166,0.0,0.0,0.0,-0.4772812168100869,0.10632185568343094,0.8649591586427386,0.11288913572332952,-0.010314895879286487,0.005480333851262195,-0.004310963252425994,-8.89463155,0.8629851999999999,4.14821295
1789045875.533810,22.055,5.0,-1.575069063491016,5,0,194,28.76101024338636,-3.697476886918299,-5.870504728000412,0.0,81.0,107.0,1.0,-0.21098452505333534,0.25741455989080864,83.0,3.8738801288291285,8.593898514246927,-8.219622040901166,-0.12098719539232122,-0.9533774379651329,0.0,-10.488288444017824,1.1252917448330217,0.007734279755114115,1.018196617179033,3.0,5.0,0.05117375860148319,0.0,0.0,0.0,0.0,0.0,2.05459458897706,5.462658200053523,,,1,1,0,0.33255255222320557,-3,171,True,True,False,"A:1,B:1,ESTOP:0,MODE:1",DRIVE_RUN,,,,S,,,False,0,UNKNOWN,0.0,False,-9999.0,-1.0,-1.0,False,36.96763203166667,127.87392962833333,122.048,2,5.9536,36.96763203166667,127.87392962833333,3.0,2.461875023841858,1.0,0.0,0.04375004768371582,0.0,0.13386848167175666,-8.219622040901166,0.0,0.0,0.0,-0.4775846766536901,0.10633009563150052,0.8648011585944387,0.11280843710601848,0.026197392072434884,0.00486946861306418,-0.003473205211468716,-9.198637699999999,0.25497289999999995,4.8640984
1789045875.583816,22.105,5.0,-1.575069063491016,5,0,195,28.76101024338636,-3.697476886918299,-5.918163780413636,0.0,81.0,107.0,1.0,-0.21098452505333534,0.25741455989080864,83.0,3.8738801288291285,8.593898514246927,-8.219622040901166,-0.12098719539232122,-0.4340857793593674,0.0,-10.488288444017824,1.1252917448330217,0.007734279755114115,1.018196617179033,3.0,5.0,0.05117375860148319,0.0,0.0,0.0,0.0,0.0,2.05459458897706,5.462658200053523,,,0,0,0,0.6146817207336426,-3,416,True,True,False,"A:1,B:1,ESTOP:0,MODE:1",DRIVE_RUN,,,,S,,,False,0,UNKNOWN,0.0,False,-9999.0,-1.0,-1.0,False,36.96763203166667,127.87392962833333,122.048,2,5.9536,36.96763203166667,127.87392962833333,3.0,2.486878457069397,1.0,0.0,0.09375691413879395,0.0,0.13386848167175666,-8.219622040901166,0.0,0.0,0.0,-0.47771733465940963,0.10655588845446466,0.864672940753139,0.11301635426303397,0.014329153158873445,0.0037699111843077517,-0.0059515727493006645,-8.95347145,1.2748645,3.4225208499999997
1789045875.633835,22.155,5.0,-1.575069063491016,5,0,194,28.76101024338636,-3.697476886918299,-5.939920727187172,0.0,81.0,107.0,1.0,-0.21098452505333534,0.25741455989080864,83.0,3.8738801288291285,8.593898514246927,-8.219622040901166,-0.12098719539232122,-1.1325525494539121,0.0,-10.488288444017824,1.1252917448330217,0.007734279755114115,1.018196617179033,3.0,5.0,0.05117375860148319,0.0,0.0,0.0,0.0,0.0,2.05459458897706,5.462658200053523,,,0,0,0,0.7792040705680847,-3,170,True,True,False,"A:1,B:1,ESTOP:0,MODE:1",DRIVE_RUN,,,,S,,,False,0,UNKNOWN,0.0,False,-9999.0,-1.0,-1.0,False,36.96763203166667,127.87392962833333,122.048,2,5.9536,36.96763203166667,127.87392962833333,3.0,2.511951389312744,1.0,0.0,0.14390277862548828,0.0,0.13386848167175666,-8.219622040901166,0.0,0.0,0.0,-0.4782851882206455,0.10693694946920682,0.8643086146383177,0.11304152435699998,0.0335801348083709,-0.004433136300065597,0.004590215932745087,-8.44352565,1.7946169499999998,4.14821295
1789045875.683820,22.205,5.0,-1.575069063491016,5,0,194,28.76101024338636,-3.697476886918299,-5.997806601169884,0.0,81.0,107.0,1.0,-0.21098452505333534,0.25741455989080864,83.0,3.8738801288291285,8.593898514246927,-8.219622040901166,-0.12098719539232122,-0.4101048990612777,0.0,-10.488288444017824,1.1252917448330217,0.007734279755114115,1.018196617179033,3.0,5.0,0.05117375860148319,0.0,0.0,0.0,0.0,0.0,2.05459458897706,5.462658200053523,,,0,0,0,0.8033493757247925,-3,172,True,True,False,"A:1,B:1,ESTOP:0,MODE:1",DRIVE_RUN,,,,S,,,False,0,UNKNOWN,0.0,False,-9999.0,-1.0,-1.0,False,36.96763203166667,127.87392962833333,122.048,2,5.9536,36.96763203166667,127.87392962833333,3.0,2.536910834312439,1.0,0.0,0.19382166862487793,0.0,0.13386848167175666,-8.219622040901166,0.0,0.0,0.0,-0.4786729237438577,0.10697931098648185,0.8640782667405608,0.11312120951436674,0.013578661580515884,0.007504915783575617,-0.00710349005561692,-9.4536106,0.21574629999999997,5.42307745
1789045875.733852,22.255,5.0,-1.575069063491016,5,0,194,28.776723240961523,-3.6945083669181944,-6.01851295309001,0.0,81.0,107.0,1.0,-0.2054466514822183,0.25741455989080864,83.0,3.8738801288291285,8.579385120326673,-8.219622040901166,-0.12098719539232122,2.2859017044604384,0.0,-10.488288444017824,1.1252917448330217,0.007734279755114115,1.018196617179033,3.0,5.0,0.05117375860148319,0.0,0.0,0.0,0.0,0.0,2.05459458897706,5.462658200053523,,,1,1,0,0.9594566226005554,-3,172,True,True,False,"A:1,B:1,ESTOP:0,MODE:1",DRIVE_RUN,,,,S,,,False,0,UNKNOWN,0.0,False,-9999.0,-1.0,-1.0,False,36.967632058333336,127.873929805,122.02699999999999,2,5.9536,36.967632058333336,127.873929805,3.0,2.461282434463501,1.0,0.0,0.04256486892700195,0.0,0.1106252565630001,-8.219622040901166,0.0,0.0,0.0,-0.4790964967848403,0.10691706287198627,0.8638606774139251,0.11304874370498613,-0.038467056713955027,0.030019663134302467,-0.006894050545377602,-8.159132799999998,0.65704555,3.89324005
1789045875.783818,22.305,5.0,-1.575069063491016,5,0,194,28.776723240961523,-3.6945083669181944,-5.905045289047649,0.5,81.0,107.0,1.0,-0.2054466514822183,0.25741455989080864,83.0,3.8738801288291285,8.579385120326673,-8.219622040901166,-0.12098719539232122,-1.0281744087516245,0.0,-10.488288444017824,1.1252917448330217,0.007734279755114115,1.018196617179033,3.0,5.0,0.05117375860148319,0.0,0.0,0.0,0.0,0.0,2.05459458897706,5.462658200053523,,,1,1,0,1.388563871383667,-3,172,True,True,False,"A:1,B:1,ESTOP:0,MODE:1",DRIVE_RUN,,,,S,,,False,0,UNKNOWN,0.0,False,-9999.0,-1.0,-1.0,False,36.967632058333336,127.873929805,122.02699999999999,2,5.9536,36.967632030008275,127.87393005089736,3.0,2.4862785959243774,1.0,0.0,0.09255719184875488,0.022096606731414795,0.1106252565630001,-8.219622040901166,0.0,0.0,0.0,-0.4793793393021816,0.10713132790743962,0.8636979321508976,0.11289025480198078,0.03129375348825833,0.003996803987067015,0.0028797932657906437,-10.228335949999998,1.77500365,3.3931008999999994
1789045875.833852,22.355,5.0,-1.575069063491016,5,0,194,28.798593718490135,-3.6976614983307643,-5.956304917842033,0.5,81.0,107.0,1.0,-0.20492232333556762,0.25741455989080864,83.0,3.8738801288291285,8.557407631361443,-8.219622040901166,-0.12098719539232122,-2.9111816545395564,0.0,-10.488288444017824,1.1252917448330217,0.007734279755114115,1.018196617179033,3.0,5.0,0.03476595115116282,0.0,0.0,0.0,0.0,0.0,2.05459458897706,5.462658200053523,,,1,1,0,1.6695826053619385,-3,191,True,True,False,"A:1,B:1,ESTOP:0,MODE:1",DRIVE_RUN,,,,S,,,False,0,UNKNOWN,0.0,False,-9999.0,-1.0,-1.0,False,36.967632058333336,127.873929805,122.02699999999999,2,5.9536,36.967632001617986,127.8739302968775,3.0,2.5112841749191284,1.0,0.0,0.14256834983825684,0.04420153813700467,0.1106252565630001,-8.219622040901166,0.0,0.0,0.0,-0.479284957379914,0.10702912207174903,0.8637689955532065,0.1128442243931392,0.06328563867731439,0.04790928796724435,-0.01398008730847458,-8.2964259,1.4808041499999998,3.2950344
1789045875.883844,22.405,5.0,-1.575069063491016,5,0,194,28.820471559701847,-3.7008218908713917,-6.102355270246903,0.5,81.0,107.0,1.0,-0.20440393197135778,0.25741455989080864,83.0,3.8738801288291285,8.535421839505785,-8.219622040901166,-0.12098719539232122,-2.0908754553963145,0.0,-10.488288444017824,1.1252917448330217,0.007734279755114115,1.018196617179033,3.0,5.0,0.03476595115116282,0.0,0.0,0.0,0.0,0.0,2.05459458897706,5.462658200053523,,,1,0,1,2.0166571140289307,-3,172,True,True,False,"A:1,B:1,ESTOP:0,MODE:1",DRIVE_RUN,,,,S,,,False,0,UNKNOWN,0.0,False,-9999.0,-1.0,-1.0,False,36.967632058333336,127.873929805,122.02699999999999,2,5.9536,36.96763197306527,127.87393054321491,3.0,2.5363282585144042,1.0,0.0,0.1926565170288086,0.06634050397600419,0.1106252565630001,-8.219622040901166,0.0,0.0,0.0,-0.4792579223017992,0.10726865351291964,0.8637041263217241,0.1132274792588581,0.04375540434749784,-0.014887658519511631,-0.010122909661567111,-8.36507245,2.7458620000000002,3.4225208499999997
1789045875.933904,22.455,5.0,-1.575069063491016,5,0,194,28.82297281679827,-3.701002004022935,-6.206901435833771,0.5,81.0,107.0,1.0,-0.20416597441384482,0.25741455989080864,83.0,3.8738801288291285,8.532952674406717,-8.219622040901166,-0.12098719539232122,-0.8154131067590107,0.0,-10.488288444017824,1.1252917448330217,0.007734279755114115,1.018196617179033,3.0,5.0,0.03476595115116282,0.0,0.0,0.0,0.0,0.0,2.05459458897706,5.462658200053523,,,1,1,0,1.4761112928390503,-3,200,True,True,False,"A:1,B:1,ESTOP:0,MODE:1",DRIVE_RUN,,,,S,,,False,0,UNKNOWN,0.0,False,-9999.0,-1.0,-1.0,False,36.967632,127.873930325,121.99799999999999,2,5.9536,36.96763197973761,127.8739304997525,3.0,2.45776647567749,1.0,0.0,0.03553295135498047,0.015705564498901366,0.547221250463758,-8.219622040901166,0.0,0.0,0.0,-0.47929288769911516,0.10753042142677183,0.8636475079342883,0.11326304917190604,0.036250488563922226,0.05637413483941684,0.011501719770642632,-10.0616229,-0.77472535,9.03192465
1789045875.983824,22.505,5.0,-1.575069063491016,5,0,193,28.838515564908,-3.7032576030575357,-6.247597982219133,0.5,81.0,107.0,1.0,-0.2038078988013388,0.25741455989080864,83.0,3.8738801288291285,8.517331155222594,-8.219622040901166,-0.12098719539232122,6.693023180596589,0.0,-10.488288444017824,1.1252917448330217,0.007734279755114115,1.018196617179033,3.0,5.0,0.03476595115116282,0.0,0.0,0.0,0.0,0.0,2.05459458897706,5.462658200053523,,,2,1,1,1.5387769937515259,-3,171,True,True,False,"A:1,B:1,ESTOP:0,MODE:1",DRIVE_RUN,,,,S,,,False,0,UNKNOWN,0.0,False,-9999.0,-1.0,-1.0,False,36.967632,127.873930325,121.99799999999999,2,5.9536,36.96763195130915,127.87393074554737,3.0,2.482754292488098,1.0,0.0,0.08550858497619629,0.03779479398028775,0.547221250463758,-8.219622040901166,0.0,0.0,0.0,-0.47933260031815894,0.10745285750572442,0.8636523908846445,0.11313129277668454,-0.12487830798019428,-0.03429571980168858,0.00603883921190038,-7.8845466,1.4219642499999998,4.57970555
1789045876.033836,22.555,5.0,-1.575069063491016,5,0,193,28.860376926940138,-3.7064222447027304,-5.912032782700635,0.5,81.0,107.0,1.0,-0.2032964353932915,0.25741455989080864,83.0,3.8738801288291285,8.49536146988145,-8.219622040901166,-0.12098719539232122,-0.3736353334638428,0.0,-10.488288444017824,1.1252917448330217,0.007734279755114115,1.018196617179033,3.0,5.0,0.03476595115116282,0.0,0.0,0.0,0.0,0.0,2.05459458897706,5.462658200053523,,,1,0,1,1.8513423204421997,-3,173,True,True,False,"A:1,B:1,ESTOP:0,MODE:1",DRIVE_RUN,,,,S,,,False,0,UNKNOWN,0.0,False,-9999.0,-1.0,-1.0,False,36.967632,127.873930325,121.99799999999999,2,5.9536,36.96763192287337,127.87393099154083,3.0,2.507762017250061,1.0,0.0,0.13552403450012207,0.05990162231482475,0.547221250463758,-8.219622040901166,0.0,0.0,0.0,-0.47939924576783316,0.10749158292206835,0.8635995835342805,0.11321520250195263,0.00958185759344887,-0.060720004676882725,-0.0029146998508305304,-9.208444349999999,-1.08853815,2.8733484499999995
1789045876.083806,22.605,5.0,-1.575069063491016,5,0,194,28.882255952458586,-3.709587701049657,-5.930674712079934,1.0,81.0,107.0,1.0,-0.20278284069178734,0.25741455989080864,83.0,3.8738801288291285,8.473375083972902,-8.219622040901166,-0.12098719539232122,-2.18756467536026,0.0,-10.488288444017824,1.1252917448330217,0.007734279755114115,1.018196617179033,3.0,5.0,0.03476595115116282,0.0,0.0,0.0,0.0,0.0,2.05459458897706,5.462658200053523,,,2,1,1,2.6573379039764404,-3,408,True,True,False,"A:1,B:1,ESTOP:0,MODE:1",DRIVE_RUN,,,,S,,,False,0,UNKNOWN,0.0,False,-9999.0,-1.0,-1.0,False,36.967632,127.873930325,121.99799999999999,2,5.9536,36.96763186587592,127.87393148356958,3.0,2.5327729606628417,1.0,0.0,0.1855459213256836,0.1041209699459616,0.547221250463758,-8.219622040901166,0.0,0.0,0.0,-0.47933145350135725,0.10776646210300855,0.863580877642474,0.11338348689439455,0.04642575810304917,-0.013229595730117017,-0.009145525280450288,-7.001948099999999,2.1476563499999997,-0.81395195
1789045876.133878,22.655,5.0,-1.575069063491016,5,0,193,28.90909782737364,-3.7139892782324164,-6.039653329593563,0.5,81.0,107.0,1.0,-0.20266364191896863,0.25741455989080864,83.0,3.8738801288291285,8.446274899980317,-8.219622040901166,-0.12098719539232122,-0.7922162923803568,0.0,-10.488288444017824,1.1252917448330217,0.007734279755114115,1.018196617179033,3.0,5.0,0.03476595115116282,0.0,0.0,0.0,0.0,0.0,2.05459458897706,5.462658200053523,,,1,0,1,2.8780629634857178,-3,273,True,True,False,"A:1,B:1,ESTOP:0,MODE:1",DRIVE_RUN,,,,S,,✅ 재출발 확인(1.2km/h) — 평소 추종으로 복귀,False,0,UNKNOWN,0.0,False,-9999.0,-1.0,-1.0,False,36.96763188333333,127.87393129333333,121.99099999999999,2,5.9536,36.9676318690246,127.87393141658175,3.0,2.4525305652618408,1.0,0.0,0.02506113052368164,0.011077019691467287,1.1535952110960828,-8.219622040901166,0.0,0.0,0.0,-0.47924567056668016,0.10789020576594346,0.8635758872027534,0.11366608018601228,0.017715091907742442,-0.038571776469074684,-0.006684611035138282,-7.7276402,1.0198915999999998,3.22638785
1789045876.183877,22.705,4.0,3.297789222590667,5,0,193,28.920059726310875,-3.7155821189899996,-6.079254095845386,1.0,81.0,107.0,1.0,-0.20241309728726165,0.25741455989080864,83.0,3.8738801288291285,8.435258075111554,-8.219622040901166,-0.12098719539232122,2.2930539742306233,0.0,-10.488288444017824,1.1252917448330217,0.007734279755114115,1.018196617179033,3.0,5.0,0.03476595115116282,0.0,0.0,0.0,0.0,0.0,2.05459458897706,5.462658200053523,,,2,1,1,2.125748872756958,-3,171,True,True,False,"A:1,B:1,ESTOP:0,MODE:1",DRIVE_RUN,,,,0,,🐢 종점 8.4m — 이미 1.2km/h 라 제동 없이 2펄스 유지,False,0,UNKNOWN,0.0,False,-9999.0,-1.0,-1.0,False,36.96763188333333,127.87393129333333,121.99099999999999,2,5.9536,36.96763181205579,127.87393190835232,3.0,2.477528395652771,1.0,0.0,0.07505679130554199,0.05527318339885878,1.1535952110960828,-8.219622040901166,0.0,0.0,0.0,-0.4790661242295936,0.10791620010054542,0.8636696189506303,0.11368611029130993,-0.0301941960595019,-0.0216071761396898,0.01572541656046891,-7.031368049999999,2.1966896,9.845876599999999
1789045876.233832,22.755,4.0,3.455035429977519,4,0,193,28.963798533943187,-3.721923857725217,-5.964599319648499,1.0,81.0,107.0,1.0,-0.20139978062611658,-3.4827214968423617,92.0,3.9129505367221733,8.391305094446283,-8.219622040901166,-0.12098719539232122,-4.325673044588739,0.0,-10.488288444017824,1.1252917448330217,0.007734279755114115,1.018196617179033,2.0,4.0,0.36253777847142765,-0.010120654864363083,-0.0030361964593089248,2.0,0.0,0.0,2.05459458897706,0.5,,,3,2,1,2.6093099117279053,-3,213,True,True,False,"A:1,B:1,ESTOP:0,MODE:1",DRIVE_RUN,,,,0,,,False,0,UNKNOWN,0.0,False,-9999.0,-1.0,-1.0,False,36.96763188333333,127.87393129333333,121.99099999999999,2,5.9536,36.96763175514714,127.87393239988955,3.0,2.502514066696167,1.0,0.0,0.12502813339233398,0.09944784954688501,1.1535952110960828,-8.219622040901166,0.0,0.0,0.0,-0.4791129552824762,0.10818427471624159,0.8636138924285405,0.11365730767987617,0.0924326371856197,0.04644321139556911,-0.012426744274199627,-10.738281749999999,0.36284605,2.8635417999999997
1789045876.283846,22.805,4.0,3.295898971858066,4,0,235,29.007516589032964,-3.7282589000867814,-6.181030244491154,1.0,81.0,107.0,1.0,-0.20133743768907214,-3.612364030783902,92.0,3.868766092919556,8.347376445627665,-8.219622040901166,-0.12098719539232122,1.2220160258950383,0.0,-10.488288444017824,1.1252917448330217,0.007734279755114115,1.018196617179033,2.0,4.0,0.36253777847142765,-0.020190643895668912,-0.006057193168700673,2.0,0.0,0.0,2.05459458897706,0.5,,,2,1,1,1.9763602018356323,-3,169,True,True,False,"A:1,B:1,ESTOP:0,MODE:1",DRIVE_RUN,,,,0,,,False,0,UNKNOWN,0.0,False,-9999.0,-1.0,-1.0,False,36.96763188333333,127.87393129333333,121.99099999999999,2,5.9536,36.967631698082386,127.87393289155888,3.0,2.527507724761963,1.0,0.0,0.17501544952392578,0.14363663588635325,1.1535952110960828,-8.219622040901166,0.0,0.0,0.0,-0.4789779909540416,0.10811993292821007,0.863691180508297,0.11370008354180819,-0.014451326206513048,0.02590068609959585,-0.0016231562043547264,-8.9240515,0.8041453,9.6301303
1789045876.333840,22.855,4.0,3.833287658823275,4,0,193,29.03391238855835,-3.731058266651068,-6.116897699583575,1.0,81.0,107.0,1.0,-0.2003867321736878,-3.411314271412292,92.0,3.8246034982112915,8.321108653388045,-8.219622040901166,-0.12098719539232122,2.171955105964092,0.0,-10.488288444017824,1.1252917448330217,0.007734279755114115,1.018196617179033,2.0,4.0,0.36253777847142765,-0.03025751578012252,-0.009077254734036757,2.0,0.0,0.0,2.05459458897706,0.5,,,2,1,1,2.031214952468872,-3,170,True,True,False,"A:1,B:1,ESTOP:0,MODE:1",DRIVE_RUN,,,,0,,,False,0,UNKNOWN,0.0,False,-9999.0,-1.0,-1.0,False,36.96763173,127.87393269666667,122.02199999999999,2,5.9536,36.9676316853643,127.87393308072939,3.0,2.459524097442627,1.0,0.0,0.039048194885253906,0.03451860427856446,1.9349478230334511,-8.219622040901166,0.0,0.0,0.0,-0.47883384752078934,0.10838219012997896,0.8637011601158947,0.1139813728006649,-0.03584906283596353,0.03867649622419435,-0.0077492618788548235,-8.97308475,0.04903325,4.697385349999999
1789045876.383801,22.905,4.0,3.975580307485366,4,0,193,29.068071499499656,-3.736027089801873,-6.009403035231259,1.0,81.0,107.0,1.0,-0.20048909294718423,-4.251970452764508,93.0,4.094431706512036,8.28678379619003,-8.219622040901166,-0.12098719539232122,-0.7607763628820161,0.0,-10.488288444017824,1.1252917448330217,0.007734279755114115,1.018196617179033,2.0,4.0,0.36253777847142765,-0.04027685238880691,-0.012083055716642073,2.0,0.0,0.0,2.05459458897706,0.5,,,2,1,1,1.7426514625549316,-1,198,True,True,False,"A:1,B:1,ESTOP:0,MODE:1",DRIVE_RUN,,,,0,,,False,0,UNKNOWN,0.0,False,-9999.0,-1.0,-1.0,False,36.96763173,127.87393269666667,122.02199999999999,2,5.9536,36.967631628042625,127.87393357279252,3.0,2.4845396900177,1.0,0.0,0.08907938003540039,0.07874617086839064,1.9349478230334511,-8.219622040901166,0.0,0.0,0.0,-0.47878429224558416,0.10857789463249681,0.8636883434440921,0.11410034046780732,0.021642082724729686,0.02022836603061428,-0.0073129295658562405,-8.46313895,-0.10787314999999999,6.69794195
1789045876.433889,22.955,4.0,4.00140619886883,4,0,193,29.111836329017915,-3.7424081098161324,-6.047257894514189,1.0,81.0,107.0,1.0,-0.2006350269458479,-4.377253022362808,93.0,4.0599363175149135,8.242805262764037,-8.219622040901166,-0.12098719539232122,-1.4101228384734823,0.0,-10.488288444017824,1.1252917448330217,0.007734279755114115,1.018196617179033,2.0,4.0,0.36253777847142765,-0.05030130703616612,-0.015090392110849836,2.0,0.0,0.0,2.05459458897706,0.5,,,2,1,1,2.2813103199005127,0,223,True,True,False,"A:1,B:1,ESTOP:0,MODE:1",DRIVE_RUN,,,,0,,,False,0,UNKNOWN,0.0,False,-9999.0,-1.0,-1.0,False,36.96763173,127.87393269666667,122.02199999999999,2,5.9536,36.96763157051946,127.87393406406682,3.0,2.5095178508758544,1.0,0.0,0.13903570175170898,0.12290754835216834,1.9349478230334511,-8.219622040901166,0.0,0.0,0.0,-0.4787361692027555,0.10874039086559645,0.8636494990708475,0.11444103480020693,0.02642428487519415,0.019704767255015982,-0.021973695282608608,-9.659550249999999,0.8531785499999999,2.20649625
1789045876.483806,23.005,4.0,3.9972490120723654,4,0,192,29.155530997525425,-3.7488115594391433,-6.1179861970565526,1.0,81.0,107.0,1.0,-0.2008130599185626,-4.362425074287315,93.0,4.015738530737155,8.198891768504193,-8.219622040901166,-0.12098719539232122,-0.627885121383039,0.0,-10.488288444017824,1.1252917448330217,0.007734279755114115,1.018196617179033,2.0,4.0,0.36253777847142765,-0.06033305838345852,-0.018099917515037554,2.0,0.0,0.0,2.05459458897706,0.5,,,2,1,1,1.8787763118743896,1,171,True,True,False,"A:1,B:1,ESTOP:0,MODE:1",DRIVE_RUN,,,,0,,,False,0,UNKNOWN,0.0,False,-9999.0,-1.0,-1.0,False,36.96763173,127.87393269666667,122.02199999999999,2,5.9536,36.96763151251682,127.8739345559211,3.0,2.5345292711257934,1.0,0.0,0.18905854225158691,0.1671276983583327,1.9349478230334511,-8.219622040901166,0.0,0.0,0.0,-0.4785665178456436,0.10896119049872255,0.8636543471300194,0.11490307065355801,0.008569566627292158,-0.025970499269675623,-0.019041542139258134,-8.2768126,0.29419949999999995,7.482473949999999
1789045876.533849,23.055,3.0,3.9066705099773,4,0,193,29.161839900638146,-3.7548064250699524,-6.149427279122563,1.0,81.0,107.0,1.0,-0.20585839954068033,-4.314734674432519,93.0,3.971606346417793,8.19128928183617,-8.219622040901166,-0.12098719539232122,-2.4423781087180014,0.0,-10.488288444017824,1.1252917448330217,0.007734279755114115,1.018196617179033,2.0,4.0,0.36253777847142765,-0.07037371137938665,-0.021112113413815994,2.0,0.0,0.0,2.05459458897706,0.5,,,2,1,1,2.2353880405426025,2,184,True,True,False,"A:1,B:1,ESTOP:0,MODE:1",DRIVE_RUN,,,,0,,,False,0,UNKNOWN,0.0,False,-9999.0,-1.0,-1.0,False,36.967631516666664,127.873934135,122.024,2,5.9536,36.96763147501948,127.87393448662452,3.0,2.457882227897644,1.0,0.0,0.035764455795288086,0.03161577892303467,2.3677734646721937,-8.219622040901166,0.0,0.0,0.0,-0.47858800508106386,0.10945857703530334,0.8634821553570292,0.1156326454160464,0.051644292566512214,-0.01494001839707146,-0.008691739674931762,-8.9044382,1.14737805,3.0694814499999996
1789045876.583795,23.105,3.0,3.8333688483435524,3,0,193,29.1931139101783,-3.759442568327881,-6.271681163626653,1.0,82.0,107.0,1.0,-0.20603823588961467,-4.214594202721625,93.0,3.9643190352255857,8.15984537187048,-8.219622040901166,-0.12098719539232122,-0.5522544810077599,0.0,-10.488288444017824,1.1252917448330217,0.007734279755114115,1.018196617179033,2.0,3.0,0.7441148537624744,-0.08066663135642067,-0.024199989406926203,2.0,0.0,0.0,2.05459458897706,0.5,,,2,1,1,2.2453835010528564,3,169,True,True,False,"A:1,B:1,ESTOP:0,MODE:1",DRIVE_RUN,,,,0,,,False,0,UNKNOWN,0.0,False,-9999.0,-1.0,-1.0,False,36.967631516666664,127.873934135,122.024,2,5.9536,36.96763141665417,127.87393497794922,3.0,2.4828706407546997,1.0,0.0,0.08574128150939941,0.07579529116636394,2.3677734646721937,-8.219622040901166,0.0,0.0,0.0,-0.4782082362580477,0.11013490511330579,0.8635048860072664,0.11638942087762223,0.012740903539558606,-0.012269664641520135,-0.01090830782496456,-8.325845849999999,1.2356379,5.0406181
1789045876.633837,23.155,3.0,3.86732787814931,3,0,193,29.236813061861906,-3.765939764809121,-6.299176940400429,1.0,82.0,107.0,1.0,-0.20630844682567664,-4.107867042024971,93.0,3.9327213679963116,8.115906283719402,-8.219622040901166,-0.12098719539232122,-5.035977209253342,0.0,-10.488288444017824,1.1252917448330217,0.007734279755114115,1.018196617179033,2.0,3.0,0.7441148537624744,-0.09096854315090142,-0.027290562945270425,2.0,0.0,0.0,2.05459458897706,0.5,,,2,1,1,2.544074773788452,3,323,True,True,False,"A:1,B:1,ESTOP:0,MODE:1",DRIVE_RUN,,,,0,,,False,0,UNKNOWN,0.0,False,-9999.0,-1.0,-1.0,False,36.967631516666664,127.873934135,122.024,2,5.9536,36.96763135794487,127.87393546954037,3.0,2.5078755044937133,1.0,0.0,0.13575100898742676,0.12000387748435315,2.3677734646721937,-8.219622040901166,0.0,0.0,0.0,-0.47805003281960834,0.11087553854880516,0.8633395141613489,0.11755706852558803,0.10012953918691468,0.020176006153054447,-0.020210912738094333,-9.34573745,0.5982056499999999,3.5598139499999997
1789045876.683793,23.205,3.0,3.686048546950614,3,0,193,29.280535912319646,-3.7724752546446814,-6.5513369625587075,1.0,82.0,107.0,1.0,-0.206613226699091,-4.102212324276436,93.0,3.888567011347234,8.071937296089118,-8.219622040901166,-0.12098719539232122,-2.674836075866919,0.0,-10.488288444017824,1.1252917448330217,0.007734279755114115,1.018196617179033,2.0,3.0,0.7441148537624744,-0.10128396549218524,-0.03038518964765557,2.0,0.0,0.0,2.05459458897706,0.5,,,2,1,1,2.6134629249572754,3,170,True,True,False,"A:1,B:1,ESTOP:0,MODE:1",DRIVE_RUN,,,,0,,,False,0,UNKNOWN,0.0,False,-9999.0,-1.0,-1.0,False,36.967631516666664,127.873934135,122.024,2,5.9536,36.96763129888047,127.87393596093068,3.0,2.532873692512512,1.0,0.0,0.18574738502502441,0.16420063517994107,2.3677734646721937,-8.219622040901166,0.0,0.0,0.0,-0.477935118918758,0.11172616809958888,0.8631224741840795,0.11880606055352609,0.052080624879510796,-0.0061959188445798695,-0.017558012275062956,-9.1594111,1.1767979999999998,5.10926465
1789045876.734240,23.255,3.0,3.602995195932711,3,0,193,29.31793221892917,-3.7783690505933443,-6.684791022297873,1.0,82.0,107.0,1.0,-0.2071748374183543,-3.871897668460292,93.0,3.8443829969312193,8.034256380569229,-8.219622040901166,-0.12098719539232122,-3.819431024744102,0.0,-10.488288444017824,1.1252917448330217,0.007734279755114115,1.018196617179033,2.0,3.0,0.7441148537624744,-0.1116146268271398,-0.03348438804814194,2.0,0.0,0.0,2.05459458897706,0.5,,,2,1,1,2.6166491508483887,4,178,True,True,False,"A:1,B:1,ESTOP:0,MODE:1",DRIVE_RUN,,,,0,,,False,0,UNKNOWN,0.0,False,-9999.0,-1.0,-1.0,False,36.967631305,127.87393589,122.00299999999999,2,6.3504000000000005,36.96763125519432,127.87393630145671,3.0,2.54093505859375,1.0,0.0,0.0418701171875,0.03701318359375,2.6097103540873055,-8.219622040901166,0.0,0.0,0.0,-0.47739746644985814,0.11229225704449561,0.8631501559006917,0.12022444179001879,0.06890559886873612,-0.005323254218582705,-0.02864085302522695,-8.54159215,0.8629851999999999,5.1190713
1789045876.783838,23.305,3.0,3.8325209442910015,3,0,197,29.354527792622537,-3.7839133932851237,-6.875488293791733,1.0,82.0,107.0,1.0,-0.20752372131158558,-3.7530308507749535,93.0,3.8065376268863576,7.997439953143614,-8.219622040901166,-0.12098719539232122,-3.3698667632200734,0.0,-10.488288444017824,1.1252917448330217,0.007734279755114115,1.018196617179033,2.0,3.0,0.7441148537624744,-0.12197336869805751,-0.036592010609417254,2.0,0.0,0.0,2.05459458897706,0.5,,,2,1,1,2.5630733966827393,3,171,True,True,False,"A:1,B:1,ESTOP:0,MODE:1",DRIVE_RUN,,,,0,,,False,0,UNKNOWN,0.0,False,-9999.0,-1.0,-1.0,False,36.967631305,127.87393589,122.00299999999999,2,6.3504000000000005,36.96763119512205,127.87393679257649,3.0,2.5659293127059937,1.0,0.0,0.0918586254119873,0.08120300056834862,2.6097103540873055,-8.219622040901166,0.0,0.0,0.0,-0.4771632973320814,0.1129992102653831,0.8629970407218744,0.1215831972924826,0.055082591192941045,0.0006981317007977319,-0.03815289744859604,-7.77667345,0.7943386499999999,5.03081145
1789045876.833833,23.355,3.0,3.738843074851477,3,0,193,29.398208718368927,-3.7906006074762444,-7.045243673691175,1.0,82.0,107.0,1.0,-0.20804380391837513,-4.256514415291291,94.0,4.0563219921053015,7.953480339710779,-8.219622040901166,-0.12098719539232122,-3.7199886223085166,0.0,-10.488288444017824,1.1252917448330217,0.007734279755114115,1.018196617179033,2.0,3.0,0.7441148537624744,-0.1323495547636368,-0.03970486642909104,2.0,0.0,0.0,2.05459458897706,0.5,,,2,1,1,2.5419387817382812,3,169,True,True,False,"A:1,B:1,ESTOP:0,MODE:1",DRIVE_RUN,,,,0,,,False,0,UNKNOWN,0.0,False,-9999.0,-1.0,-1.0,False,36.967631305,127.87393589,122.00299999999999,2,6.3504000000000005,36.967631134259726,127.87393728361579,3.0,2.590927143096924,1.0,0.0,0.14185428619384766,0.12539906041909663,2.6097103540873055,-8.219622040901166,0.0,0.0,0.0,-0.47714502678138554,0.11361196396681686,0.862721813407778,0.12302852405758875,0.05886995566976874,-0.01546361717266976,-0.0415213829049451,-8.38468575,0.43149259999999995,5.0798447
1789045876.883807,23.405,3.0,3.6272371603375486,3,0,193,29.441882486453565,-3.797375770696764,-7.23139458978639,1.0,82.0,107.0,1.0,-0.2086519731194819,-4.11349330997113,94.0,4.012172260015961,7.909508043668513,-8.219622040901166,-0.12098719539232122,-4.167900937093922,0.0,-10.488288444017824,1.1252917448330217,0.007734279755114115,1.018196617179033,2.0,3.0,0.8201478171236032,-0.14275174495955556,-0.04282552348786667,2.0,0.0,0.0,2.05459458897706,0.5,,,2,1,1,2.621799945831299,3,172,True,True,False,"A:1,B:1,ESTOP:0,MODE:1",DRIVE_RUN,,,,0,,,False,0,UNKNOWN,0.0,False,-9999.0,-1.0,-1.0,False,36.967631305,127.87393589,122.00299999999999,2,6.3504000000000005,36.967631072556166,127.87393777479765,3.0,2.6159402322769165,1.0,0.0,0.191880464553833,0.16962196645613917,2.6097103540873055,-8.219622040901166,0.0,0.0,0.0,-0.4769554492673341,0.11419800995071241,0.8625468295949389,0.12443986778043421,0.06914994496401534,-0.007347836150896127,-0.04040437218366873,-8.63965865,0.7649187,4.648352099999999
1789045876.933852,23.455,3.0,3.20239391619451,3,0,193,29.481732800491613,-3.8249377037446224,-7.438675494573488,1.0,82.0,107.0,1.0,-0.23037719764915343,-3.953405717339888,94.0,3.968013381791619,7.864013579126433,-8.219622040901166,-0.12098719539232122,-4.493051999997109,0.0,-10.488288444017824,1.1252917448330217,0.007734279755114115,1.018196617179033,2.0,3.0,0.8201478171236032,-0.15318434361552966,-0.045955303084658894,2.0,0.0,0.0,2.05459458897706,0.5,,,2,1,1,2.6959595680236816,3,187,True,True,False,"A:1,B:1,ESTOP:0,MODE:1",DRIVE_RUN,,,,0,,,False,0,UNKNOWN,0.0,False,-9999.0,-1.0,-1.0,False,36.96763088666667,127.87393773166667,122.01400000000001,2,6.3504000000000005,36.96763084585812,127.87393805313947,3.0,2.536374945640564,1.0,0.0,0.03274989128112793,0.028950903892517088,2.9252817303105303,-8.219622040901166,0.0,0.0,0.0,-0.47663902698154204,0.1148695883603062,0.8624228957978506,0.1258847267609245,0.07817329719682602,-0.0020943951023931952,-0.036704274169440755,-8.492558899999999,0.7060787999999999,4.5895122
1789045876.983835,23.505,3.0,3.02113079732815,3,0,193,29.510325070655234,-3.829480490884765,-7.66340607990432,1.0,82.0,107.0,1.0,-0.23088153602951936,-3.464165732955305,94.0,3.923621167086927,7.83519425063378,-8.219622040901166,-0.12098719539232122,-3.4168375769460577,0.0,-10.488288444017824,1.1252917448330217,0.007734279755114115,1.018196617179033,2.0,3.0,0.8201478171236032,-0.16470320349798734,-0.0494109610493962,2.0,0.0,0.0,2.05459458897706,0.5,,,2,1,1,2.733421564102173,3,170,True,True,False,"A:1,B:1,ESTOP:0,MODE:1",DRIVE_RUN,,,,0,,,False,0,UNKNOWN,0.0,False,-9999.0,-1.0,-1.0,False,36.96763088666667,127.87393773166667,122.01400000000001,2,6.3504000000000005,36.967630783065204,127.87393854391543,3.0,2.561378617286682,1.0,0.0,0.08275723457336426,0.07315738223520542,2.9252817303105303,-8.219622040901166,0.0,0.0,0.0,-0.47636749895657027,0.11554577190579654,0.8622863392632281,0.12722204861020248,0.06293657282691552,-0.004799655442984407,-0.02495820830351891,-8.306232549999999,0.6080123,4.707191999999999
1789045877.033796,23.555,3.0,2.907629108904694,3,0,193,29.553975416767425,-3.836470566094399,-7.833841291681608,1.0,82.0,107.0,1.0,-0.2317057819189117,-3.253370744254595,94.0,3.894685880074762,7.791185387183936,-8.219622040901166,-0.12098719539232122,-3.6313590408196785,0.0,-10.488288444017824,1.1252917448330217,0.007734279755114115,1.018196617179033,2.0,3.0,0.8201478171236032,-0.1762472802994633,-0.05287418408983899,2.0,0.0,0.0,2.05459458897706,0.5,,,2,1,1,2.791720390319824,3,271,True,True,False,"A:1,B:1,ESTOP:0,MODE:1",DRIVE_RUN,,,,0,,,False,0,UNKNOWN,0.0,False,-9999.0,-1.0,-1.0,False,36.96763088666667,127.87393773166667,122.01400000000001,2,6.3504000000000005,36.967630719669074,127.87393903455309,3.0,2.5863814544677735,1.0,0.0,0.13276290893554688,0.11736234166581379,2.9252817303105303,-8.219622040901166,0.0,0.0,0.0,-0.4761932775394116,0.11638638336705784,0.8620735131148142,0.12854349528035872,0.06124360345248102,0.0026005405854715507,-0.036791540632040466,-8.669078599999999,1.4023509499999998,4.95235825
1789045877.083785,23.605,3.0,2.7803976887851367,3,0,193,29.597613462267898,-3.843527790919117,-8.015203014101758,1.0,83.0,107.0,1.0,-0.23259823729890894,-3.1038130891591624,94.0,3.8505019155884983,7.747173794154773,-8.219622040901166,-0.12098719539232122,-4.126930570600636,0.0,-10.488288444017824,1.1252917448330217,0.007734279755114115,1.018196617179033,2.0,3.0,0.8201478171236032,-0.18783256939540888,-0.05634977081862266,2.0,0.0,0.0,2.05459458897706,0.5,,,2,1,1,2.6572349071502686,3,188,True,True,False,"A:1,B:1,ESTOP:0,MODE:1",DRIVE_RUN,,,,0,,,False,0,UNKNOWN,0.0,False,-9999.0,-1.0,-1.0,False,36.96763088666667,127.87393773166667,122.01400000000001,2,6.3504000000000005,36.96763065564698,127.87393952508982,3.0,2.61138560295105,1.0,0.0,0.1827712059020996,0.1615695454890733,2.9252817303105303,-8.219622040901166,0.0,0.0,0.0,-0.47593875345147746,0.11723081428959213,0.8618978942861742,0.1298894105349296,0.07724827269326903,0.008045967851693859,-0.026738444140553128,-8.5317855,0.6864655000000001,5.9918631499999995
1789045877.133869,23.655,3.0,2.972762904515833,3,0,193,29.661246378365288,-3.8698365655823013,-8.22353001086978,1.0,83.0,107.0,1.0,-0.24976051667028393,-2.942786059344807,94.0,3.8063177855238313,7.6789758396804455,-8.219622040901166,-0.12098719539232122,-3.0849147653720106,0.0,-10.488288444017824,1.1252917448330217,0.007734279755114115,1.018196617179033,2.0,3.0,0.8201478171236032,-0.19946248126035432,-0.059838744378106296,2.0,0.0,0.0,2.05459458897706,0.5,,,2,1,1,2.7362101078033447,3,170,True,True,False,"A:1,B:1,ESTOP:0,MODE:1",DRIVE_RUN,,,,0,,,False,0,UNKNOWN,0.0,False,-9999.0,-1.0,-1.0,False,36.96763048333333,127.87393975,122.0,2,6.3504000000000005,36.96763048333333,127.87393975,3.0,2.5358969163894653,1.0,0.0,0.031793832778930664,0.0,3.118839998623656,-8.219622040901166,0.0,0.0,0.0,-0.4756030508751065,0.11826356135727181,0.8617428815155309,0.13120470346254853,0.05572836301617894,-0.010978120995044333,-0.025028021473598686,-8.394492399999999,0.1176798,4.3933792
1789045877.183797,23.705,3.0,2.8254231094789017,3,0,193,29.661246378365288,-3.8698365655823013,-8.377306352403366,1.0,83.0,107.0,1.0,-0.24976051667028393,-3.3211528163168005,95.0,4.017835556402148,7.6789758396804455,-8.219622040901166,-0.12098719539232122,-4.969978238172825,0.0,-10.488288444017824,1.1252917448330217,0.007734279755114115,1.018196617179033,2.0,3.0,0.8201478171236032,-0.2119505070938685,-0.06358515212816054,2.0,0.0,0.0,2.05459458897706,0.5,,,2,1,1,2.806523561477661,3,220,True,True,False,"A:1,B:1,ESTOP:0,MODE:1",DRIVE_RUN,,,,0,,,False,0,UNKNOWN,0.0,False,-9999.0,-1.0,-1.0,False,36.96763048333333,127.87393975,122.0,2,6.3504000000000005,36.96763048333333,127.87393975,3.0,2.560910243988037,1.0,0.0,0.08182048797607422,0.0,3.118839998623656,-8.219622040901166,0.0,0.0,0.0,-0.47558385673986564,0.1192219381381667,0.8614282920983315,0.1324666835380347,0.09187413182498151,-0.008674286382411817,-0.028309240467348028,-8.482752249999999,1.3140911,4.7268053
1789045877.233800,23.755,3.0,2.591738879851399,3,0,193,29.661246378365288,-3.8698365655823013,-8.624659195035207,1.0,83.0,107.0,1.0,-0.24976051667028393,-3.1673764747832154,95.0,4.017835556402147,7.6789758396804455,-8.219622040901166,-0.12098719539232122,-3.314061322329111,0.0,-10.488288444017824,1.1252917448330217,0.007734279755114115,1.018196617179033,2.0,3.0,0.9801508480904011,-0.2244385329273827,-0.0673315598782148,2.0,0.0,0.0,2.05459458897706,0.5,,,2,1,1,2.8505218029022217,3,175,True,True,False,"A:1,B:1,ESTOP:0,MODE:1",DRIVE_RUN,,,,0,,,False,0,UNKNOWN,0.0,False,-9999.0,-1.0,-1.0,False,36.96763048333333,127.87393975,122.0,2,6.3504000000000005,36.96763048333333,127.87393975,3.0,2.585898895263672,1.0,0.0,0.13179779052734375,0.0,3.118839998623656,-8.219622040901166,0.0,0.0,0.0,-0.47531383848979486,0.11998845109760106,0.8612549148142667,0.13386373015707398,0.05642649471697667,-0.006946410422937432,-0.03260275042725408,-7.93357985,1.16699135,4.56009225
1789045877.283791,23.805,3.0,2.4327214297677084,3,0,193,29.661246378365288,-3.8698365655823013,-8.790998160827087,1.0,83.0,107.0,1.0,-0.24976051667028393,-2.9200236321513735,95.0,4.017835556402147,7.6789758396804455,-8.219622040901166,-0.12098719539232122,-3.3377992691708047,0.0,-10.488288444017824,1.1252917448330217,0.007734279755114115,1.018196617179033,2.0,3.0,0.9801508480904011,-0.23692655876089688,-0.07107796762826907,2.0,0.0,0.0,2.05459458897706,0.5,,,2,1,1,2.81813383102417,3,170,True,True,False,"A:1,B:1,ESTOP:0,MODE:1",DRIVE_RUN,,,,0,,,False,0,UNKNOWN,0.0,False,-9999.0,-1.0,-1.0,False,36.96763048333333,127.87393975,122.0,2,6.3504000000000005,36.96763048333333,127.87393975,3.0,2.6108961296081543,1.0,0.0,0.1817922592163086,0.0,3.118839998623656,-8.219622040901166,0.0,0.0,0.0,-0.47514007558106974,0.12077907497702021,0.861008002208311,0.13534970911591876,0.05145230634879283,-0.015934856070708228,-0.041015237421866746,-8.7867584,0.7060787999999999,5.46230405
1789045877.333814,23.855,3.0,2.3308026877033954,3,0,193,29.84342820058557,-3.9112103095243698,-8.957268042100225,1.0,83.0,107.0,1.0,-0.26833881928064746,-2.753684666359494,95.0,4.017835556402148,7.492239141433839,-8.219622040901166,-0.12098719539232122,-2.7857714808021705,0.0,-10.488288444017824,1.1252917448330217,0.007734279755114115,1.018196617179033,2.0,3.0,0.9801508480904011,-0.24941458459441107,-0.07482437537832332,2.0,0.0,0.0,2.05459458897706,0.5,,,2,1,1,2.7273380756378174,3,171,True,True,False,"A:1,B:1,ESTOP:0,MODE:1",DRIVE_RUN,,,,0,,,False,0,UNKNOWN,0.0,False,-9999.0,-1.0,-1.0,False,36.967630111666665,127.87394179833333,122.01400000000001,2,6.3504000000000005,36.967630111666665,127.87394179833333,3.0,2.5421691131591797,1.0,0.0,0.044338226318359375,0.0,3.446770565102348,-8.219622040901166,0.0,0.0,0.0,-0.47485844134613536,0.12155912763882046,0.8608017705601518,0.1369421446104726,0.04701917004872724,-0.004345869837465881,-0.030874874467779687,-8.482752249999999,0.9022117999999999,5.707470299999999
1789045877.383773,23.905,3.0,2.1899773440959294,3,0,270,29.84342820058557,-3.9112103095243698,-9.096581057952477,1.0,83.0,107.0,1.0,-0.26833881928064746,-2.526451581083504,95.0,3.831061423070453,7.492239141433839,-8.219622040901166,-0.12098719539232122,-5.000421851489664,0.0,-10.488288444017824,1.1252917448330217,0.007734279755114115,1.018196617179033,2.0,3.0,0.9801508480904011,-0.26283152555844347,-0.07884945766753304,2.0,0.0,0.0,2.05459458897706,0.5,,,2,1,1,2.9759812355041504,3,170,True,True,False,"A:1,B:1,ESTOP:0,MODE:1",DRIVE_RUN,,,,0,,,False,0,UNKNOWN,0.0,False,-9999.0,-1.0,-1.0,False,36.967630111666665,127.87394179833333,122.01400000000001,2,6.3504000000000005,36.967630111666665,127.87394179833333,3.0,2.567168254852295,1.0,0.0,0.09433650970458984,0.0,3.446770565102348,-8.219622040901166,0.0,0.0,0.0,-0.47466297163473636,0.12241014721370236,0.8605425779877772,0.1384820951897809,0.08464846872172498,-0.007347836150896127,-0.04253367387110181,-8.36507245,0.43149259999999995,3.2852277500000002
1789045877.433795,23.955,3.0,1.9409867241865673,3,0,193,29.84342820058557,-3.9112103095243698,-9.347583087316337,1.0,83.0,107.0,1.0,-0.26833881928064746,-2.3871385652312513,95.0,3.8310614230704534,7.492239141433839,-8.219622040901166,-0.12098719539232122,-3.3925803278740703,0.0,-10.488288444017824,1.1252917448330217,0.007734279755114115,1.018196617179033,2.0,3.0,0.9801508480904011,-0.27624846652247587,-0.08287453995674275,2.0,0.0,0.0,2.05459458897706,0.5,,,2,1,1,2.972606897354126,3,170,True,True,False,"A:1,B:1,ESTOP:0,MODE:1",DRIVE_RUN,,,,0,,,False,0,UNKNOWN,0.0,False,-9999.0,-1.0,-1.0,False,36.967630111666665,127.87394179833333,122.01400000000001,2,6.3504000000000005,36.967630111666665,127.87394179833333,3.0,2.5921733570098877,1.0,0.0,0.1443467140197754,0.0,3.446770565102348,-8.219622040901166,0.0,0.0,0.0,-0.474650349205438,0.12308674538089912,0.8602093055247547,0.13998803448621164,0.05412266010434416,-0.008429940287132611,-0.039322268047432246,-8.7083052,0.38245935,5.16810455
1789045877.484037,24.005,3.0,1.7708950997506623,3,0,195,29.84342820058557,-3.9112103095243698,-9.517050979957133,1.0,83.0,107.0,1.0,-0.26833881928064746,-2.1361365358673896,95.0,3.8310614230704534,7.492239141433839,-8.219622040901166,-0.12098719539232122,-4.381944846245506,0.0,-10.488288444017824,1.1252917448330217,0.007734279755114115,1.018196617179033,2.0,3.0,0.9801508480904011,-0.28966540748650826,-0.08689962224595248,2.0,0.0,0.0,2.05459458897706,0.5,,,2,1,1,2.9730265140533447,2,188,True,True,False,"A:1,B:1,ESTOP:0,MODE:1",DRIVE_RUN,,,,0,,,False,0,UNKNOWN,0.0,False,-9999.0,-1.0,-1.0,False,36.96762959666667,127.87394377,122.02600000000001,2,6.3504000000000005,36.96762959666667,127.87394377,3.0,2.52,1.0,1.0,0.0,0.0,3.470509266208622,-8.219622040901166,0.0,0.0,0.0,-0.47444421026020234,0.12384562441507838,0.8599704696144108,0.14147700892718199,0.06995279641993273,-0.01642354826126664,-0.04529129408925286,-8.835791649999999,0.61781895,5.26617105
1789045877.533914,24.055,3.0,1.7895999956190214,3,0,195,30.01879117515925,-3.9685398468850517,-9.73555460266968,1.0,83.0,107.0,1.0,-0.3045865740206152,-1.9666686432265952,95.0,3.831061423070454,7.308109639090953,-8.219622040901166,-0.12098719539232122,-5.072593992006731,0.0,-10.488288444017824,1.1252917448330217,0.007734279755114115,1.018196617179033,2.0,3.0,0.9801508480904011,-0.30308234845054066,-0.0909247045351622,2.0,0.0,0.0,2.05459458897706,0.5,,,2,1,1,2.954150915145874,2,171,True,True,False,"A:1,B:1,ESTOP:0,MODE:1",DRIVE_RUN,,,,0,,,False,0,UNKNOWN,0.0,False,-9999.0,-1.0,-1.0,False,36.96762959666667,127.87394377,122.02600000000001,2,6.3504000000000005,36.96762959666667,127.87394377,3.0,2.5434999656677246,1.0,0.0,0.04699993133544922,0.0,3.470509266208622,-8.219622040901166,0.0,0.0,0.0,-0.47429287649949586,0.1246027635361319,0.8597031600272982,0.14293668269576687,0.09557422983920949,-0.03466223894460738,-0.0214850030920502,-8.18855275,1.3533177,5.12887795
1789045877.583839,24.105,3.0,1.5434831650096745,3,0,193,30.01879117515925,-3.9685398468850517,-9.988412462773965,1.0,84.0,107.0,1.0,-0.3045865740206152,-2.039446449005701,96.0,3.920322606395049,7.308109639090953,-8.219622040901166,-0.12098719539232122,-4.8057622513627924,0.0,-10.488288444017824,1.1252917448330217,0.007734279755114115,1.018196617179033,2.0,3.0,1.0906691597135834,-0.31831167715157144,-0.09549350314547143,2.0,0.0,0.0,2.05459458897706,0.5,,,2,1,1,2.8343489170074463,2,178,True,True,False,"A:1,B:1,ESTOP:0,MODE:1",DRIVE_RUN,,,,0,,,False,0,UNKNOWN,0.0,False,-9999.0,-1.0,-1.0,False,36.96762959666667,127.87394377,122.02600000000001,2,6.3504000000000005,36.96762959666667,127.87394377,3.0,2.568510193824768,1.0,0.0,0.09702038764953613,0.0,3.470509266208622,-8.219622040901166,0.0,0.0,0.0,-0.4741041705043094,0.1254496892039933,0.8594360901997627,0.1444202819938654,0.08520697408236316,-0.01827359726838063,-0.03291690969261305,-8.89463155,0.8531785499999999,6.129156249999999
1789045877.633823,24.155,3.0,1.307617241456812,3,0,193,30.01879117515925,-3.9685398468850517,-10.230384647206478,1.0,84.0,107.0,1.0,-0.3045865740206152,-1.7865885889014153,96.0,3.92032260639505,7.308109639090953,-8.219622040901166,-0.12098719539232122,-5.596620504445692,0.0,-10.488288444017824,1.1252917448330217,0.007734279755114115,1.018196617179033,2.0,3.0,1.0906691597135834,-0.3335410058526022,-0.10006230175578067,2.0,0.0,0.0,2.05459458897706,0.5,,,2,1,1,3.0967071056365967,2,170,True,True,False,"A:1,B:1,ESTOP:0,MODE:1",DRIVE_RUN,,,,0,,,False,0,UNKNOWN,0.0,False,-9999.0,-1.0,-1.0,False,36.96762959666667,127.87394377,122.02600000000001,2,6.3504000000000005,36.96762959666667,127.87394377,3.0,2.593543906211853,1.0,0.0,0.14708781242370605,0.0,3.470509266208622,-8.219622040901166,0.0,0.0,0.0,-0.473734539884042,0.12634710626198747,0.8592652343395547,0.145860383639517,0.09611528190732772,-0.03569198320328404,-0.039165188414752757,-8.79656505,1.6279039,3.7461403
1789045877.683799,24.205,3.0,1.0380856949179698,3,0,193,30.01879117515925,-3.9685398468850517,-10.507860298446701,1.0,84.0,107.0,1.0,-0.3045865740206152,-1.5446164044689052,96.0,3.9203226063950494,7.308109639090953,-8.219622040901166,-0.12098719539232122,-3.80396854802675,0.0,-10.488288444017824,1.1252917448330217,0.007734279755114115,1.018196617179033,2.0,3.0,1.0906691597135834,-0.348770334553633,-0.1046311003660899,2.0,0.0,0.0,2.05459458897706,0.5,,,2,1,1,2.953565835952759,2,180,True,True,False,"A:1,B:1,ESTOP:0,MODE:1",DRIVE_RUN,,,,0,,,False,0,UNKNOWN,0.0,False,-9999.0,-1.0,-1.0,False,36.967629091666666,127.87394588,122.03,2,6.3504000000000005,36.967629091666666,127.87394588,3.0,2.52,1.0,1.0,0.0,0.0,3.458476517365421,-8.219622040901166,0.0,0.0,0.0,-0.47348997785364166,0.12709824327611574,0.8590107960169685,0.14749145654775198,0.0684518132632176,0.0037000980142279784,-0.03024655593706173,-8.1787461,1.0198915999999998,5.923216599999999
1789045877.733890,24.255,3.0,1.338403508096214,3,0,193,30.206457722852836,-4.024756190036667,-10.698679796152362,1.0,84.0,107.0,1.0,-0.3338710313302747,-1.2671407532286802,96.0,3.92032260639505,7.112356549916079,-8.219622040901166,-0.12098719539232122,-4.283944625542681,0.0,-10.488288444017824,1.1252917448330217,0.007734279755114115,1.018196617179033,2.0,3.0,1.0906691597135834,-0.36399966325466376,-0.10919989897639913,2.0,0.0,0.0,2.05459458897706,0.5,,,2,1,1,3.230024814605713,2,170,True,True,False,"A:1,B:1,ESTOP:0,MODE:1",DRIVE_RUN,,,,0,,,False,0,UNKNOWN,0.0,False,-9999.0,-1.0,-1.0,False,36.967629091666666,127.87394588,122.03,2,6.3504000000000005,36.967629091666666,127.87394588,3.0,2.5442183208465576,1.0,0.0,0.048436641693115234,0.0,3.458476517365421,-8.219622040901166,0.0,0.0,0.0,-0.47333782577841876,0.12805485511075393,0.8587010278489369,0.14894898972837153,0.06881833240613641,-0.006597344572538566,-0.045273840796732905,-8.4729456,1.34351105,3.4127141999999995
1789045877.783828,24.305,3.0,1.1303385153907823,3,0,193,30.206457722852836,-4.024756190036667,-10.914443607788627,1.0,84.0,107.0,1.0,-0.3338710313302747,-1.62128514501516,97.0,3.992015411835143,7.112356549916079,-8.219622040901166,-0.12098719539232122,-2.8564754825865237,0.0,-10.488288444017824,1.1252917448330217,0.007734279755114115,1.018196617179033,2.0,3.0,1.0906691597135834,-0.3806932148211775,-0.11420796444635326,2.0,0.0,0.0,2.05459458897706,0.5,,,2,1,1,2.9311211109161377,2,170,True,True,False,"A:1,B:1,ESTOP:0,MODE:1",DRIVE_RUN,,,,0,,,False,0,UNKNOWN,0.0,False,-9999.0,-1.0,-1.0,False,36.967629091666666,127.87394588,122.03,2,6.3504000000000005,36.967629091666666,127.87394588,3.0,2.5692080450057984,1.0,0.0,0.09841609001159668,0.0,3.458476517365421,-8.219622040901166,0.0,0.0,0.0,-0.47307320213878135,0.12873096497700787,0.8584692711749827,0.15053436326149,0.04213224814314312,-0.0012566370614359172,-0.04262094033370153,-8.7083052,0.55897905,7.129434549999999
1789045877.833804,24.355,3.0,0.989905554638613,3,0,193,30.206457722852836,-4.024756190036667,-11.057453168764027,1.0,84.0,107.0,1.0,-0.3338710313302747,-1.4055213333788965,97.0,3.9920154118351436,7.112356549916079,-8.219622040901166,-0.12098719539232122,-4.660600973755165,0.0,-10.488288444017824,1.1252917448330217,0.007734279755114115,1.018196617179033,2.0,3.0,1.0906691597135834,-0.39738676638769127,-0.11921602991630738,2.0,0.0,0.0,2.05459458897706,0.5,,,2,1,1,3.2342312335968018,2,189,True,True,False,"A:1,B:1,ESTOP:0,MODE:1",DRIVE_RUN,,,,0,,,False,0,UNKNOWN,0.0,False,-9999.0,-1.0,-1.0,False,36.967629091666666,127.87394588,122.03,2,6.3504000000000005,36.967629091666666,127.87394588,3.0,2.5942210149765015,1.0,0.0,0.14844202995300293,0.0,3.458476517365421,-8.219622040901166,0.0,0.0,0.0,-0.47289315279361543,0.1296096803356361,0.8581518315516194,0.1521473982978654,0.06942919764433443,-0.008429940287132611,-0.05742133239061344,-8.580818749999999,1.10815145,3.2361945
1789045877.883905,24.405,3.0,0.7667749047857627,3,0,194,30.206457722852836,-4.024756190036667,-11.289361820790333,1.0,84.0,107.0,1.0,-0.3338710313302747,-1.2625117724034942,97.0,3.992015411835144,7.112356549916079,-8.219622040901166,-0.12098719539232122,-4.371702105910206,0.0,-10.488288444017824,1.1252917448330217,0.007734279755114115,1.018196617179033,2.0,3.0,1.086887654734576,-0.414080317954205,-0.1242240953862615,2.0,0.0,0.0,2.05459458897706,0.5,,,2,1,1,3.429694175720215,2,172,True,True,False,"A:1,B:1,ESTOP:0,MODE:1",DRIVE_RUN,,,,0,,,False,0,UNKNOWN,0.0,False,-9999.0,-1.0,-1.0,False,36.967629091666666,127.87394588,122.03,2,6.3504000000000005,36.967629091666666,127.87394588,3.0,2.6192242097854614,1.0,0.0,0.19844841957092285,0.0,3.458476517365421,-8.219622040901166,0.0,0.0,0.0,-0.47252661575201665,0.1301968200443568,0.8579537336531755,0.15389209325647513,0.07293730944084303,-0.01033234917180643,-0.040491638646268445,-8.36507245,0.53936575,3.65788045
1789045877.933839,24.455,3.0,1.1205014505344324,3,0,193,30.401980769334,-4.080415935292776,-11.50890667132586,1.0,84.0,107.0,1.0,-0.3600652145263342,-1.0306031203771888,97.0,3.992015411835144,6.909137771173836,-8.219622040901166,-0.12098719539232122,-3.814551703601007,0.0,-10.488288444017824,1.1252917448330217,0.007734279755114115,1.018196617179033,2.0,3.0,1.086887654734576,-0.4307738695207188,-0.12923216085621564,2.0,0.0,0.0,2.05459458897706,0.5,,,2,1,1,3.5346901416778564,2,170,True,True,False,"A:1,B:1,ESTOP:0,MODE:1",DRIVE_RUN,,,,0,,,False,0,UNKNOWN,0.0,False,-9999.0,-1.0,-1.0,False,36.96762859166667,127.87394807833333,122.006,2,6.3504000000000005,36.96762859166667,127.87394807833333,3.0,2.5403195810317993,1.0,0.0,0.04063916206359863,0.0,3.5360919422446497,-8.219622040901166,0.0,0.0,0.0,-0.4724460243536794,0.13114551252012305,0.8575739170979189,0.15544319004565188,0.05927138139772743,0.016982053621904827,-0.04904375198104066,-8.2964259,0.73549875,4.2756994
1789045877.983849,24.505,3.0,0.9373875577071751,3,0,193,30.401980769334,-4.080415935292776,-11.700110631652393,1.0,85.0,107.0,1.0,-0.3600652145263342,-1.4416380851370303,98.0,4.05404861600934,6.909137771173836,-8.219622040901166,-0.12098719539232122,-2.093291122771402,0.0,-10.488288444017824,1.1252917448330217,0.007734279755114115,1.018196617179033,2.0,3.0,1.086887654734576,-0.44877713024703547,-0.13463313907411065,2.0,0.0,0.0,2.05459458897706,0.5,,,2,1,1,3.528266429901123,2,293,True,True,False,"A:1,B:1,ESTOP:0,MODE:1",DRIVE_RUN,,,,0,,,False,0,UNKNOWN,0.0,False,-9999.0,-1.0,-1.0,False,36.96762859166667,127.87394807833333,122.006,2,6.3504000000000005,36.96762859166667,127.87394807833333,3.0,2.565324921607971,1.0,0.0,0.09064984321594238,0.0,3.5360919422446497,-8.219622040901166,0.0,0.0,0.0,-0.4720608801022545,0.13185226398237082,0.8573970271805116,0.15698357793676665,0.03342305517569141,-0.03457497248200767,-0.025848326222036023,-8.129712849999999,1.2062179499999999,5.03081145
1789045878.033841,24.555,3.0,0.8337442859864427,3,0,193,30.401980769334,-4.080415935292776,-11.804520058353035,1.0,85.0,107.0,1.0,-0.3600652145263342,-1.2504341248104973,98.0,4.05404861600934,6.909137771173836,-8.219622040901166,-0.12098719539232122,-4.983579165376938,0.0,-10.488288444017824,1.1252917448330217,0.007734279755114115,1.018196617179033,2.0,3.0,1.086887654734576,-0.46678039097335217,-0.14003411729200566,2.0,0.0,0.0,2.05459458897706,0.5,,,2,1,1,3.442275047302246,3,180,True,True,False,"A:1,B:1,ESTOP:0,MODE:1",DRIVE_RUN,,,,0,,,False,0,UNKNOWN,0.0,False,-9999.0,-1.0,-1.0,False,36.96762859166667,127.87394807833333,122.006,2,6.3504000000000005,36.96762859166667,127.87394807833333,3.0,2.590310950279236,1.0,0.0,0.14062190055847168,0.0,3.5360919422446497,-8.219622040901166,0.0,0.0,0.0,-0.4716665387297408,0.13267059039178675,0.857186337327102,0.15862147959071657,0.08686503687175778,-0.008988445647770798,-0.037716565135597464,-8.659271949999999,1.0493115499999999,5.8447634
1789045878.083995,24.605,3.0,0.5983604413228695,3,0,193,30.401980769334,-4.080415935292776,-12.052756553940583,1.0,85.0,107.0,1.0,-0.3600652145263342,-1.1460246981098559,98.0,4.05404861600934,6.909137771173836,-8.219622040901166,-0.12098719539232122,-5.09047501219463,0.0,-10.488288444017824,1.1252917448330217,0.007734279755114115,1.018196617179033,2.0,3.0,1.086887654734576,-0.48478365169966886,-0.14543509550990066,2.0,0.0,0.0,2.05459458897706,0.5,,,2,1,1,3.4199249744415283,2,171,True,True,False,"A:1,B:1,ESTOP:0,MODE:1",DRIVE_RUN,,,,0,,,False,0,UNKNOWN,0.0,False,-9999.0,-1.0,-1.0,False,36.96762859166667,127.87394807833333,122.006,2,6.3504000000000005,36.96762859166667,127.87394807833333,3.0,2.615378637313843,1.0,0.0,0.19075727462768555,0.0,3.5360919422446497,-8.219622040901166,0.0,0.0,0.0,-0.4719108622784973,0.13380060260078264,0.8565394044445186,0.16043000168628707,0.08272860654453122,-0.01085594794740473,-0.04867723283812185,-8.414105699999999,0.0196133,4.99158485
1789045878.133985,24.655,3.0,0.08160790680839367,3,0,196,30.603729720133195,-4.148506356862861,-12.309974395496539,1.0,85.0,107.0,1.0,-0.39101439001770827,-0.8977882025223085,98.0,4.05404861600934,6.6968296323398455,-8.219622040901166,-0.12098719539232122,-3.4179442103773523,0.0,-10.488288444017824,1.1252917448330217,0.007734279755114115,1.018196617179033,2.0,3.0,1.086887654734576,-0.5027869124259856,-0.15083607372779567,2.0,0.0,0.0,2.05459458897706,0.5,,,3,2,1,3.6161084175109863,1,184,True,True,False,"A:1,B:1,ESTOP:0,MODE:1",DRIVE_RUN,,,,0,,,False,0,UNKNOWN,0.0,False,-9999.0,-1.0,-1.0,False,36.96762798,127.87395034666666,122.02099999999999,2,6.3504000000000005,36.96762798,127.87395034666666,3.0,2.52,1.0,1.0,0.0,0.0,3.4962173773677465,-8.219622040901166,0.0,0.0,0.0,-0.4718561899410371,0.13500658185028125,0.8560747614945556,0.162052342172123,0.06995279641993273,0.01007054978400728,-0.014660765716752368,-8.8848249,0.99047165,4.069759749999999
1789045878.183849,24.705,3.0,-0.0906297646774099,3,0,194,30.603729720133195,-4.148506356862861,-12.479142222259895,1.0,86.0,107.0,1.0,-0.39101439001770827,-0.32525921634847393,98.0,3.8422298193274167,6.6968296323398455,-8.219622040901166,-0.12098719539232122,-0.8004864088734573,0.0,-10.488288444017824,1.1252917448330217,0.007734279755114115,1.018196617179033,2.0,3.0,1.0987483901218562,-0.522337631926871,-0.1567012895780613,2.0,0.0,0.0,2.05459458897706,0.5,,,2,1,1,3.8072502613067627,1,178,True,True,False,"A:1,B:1,ESTOP:0,MODE:1",DRIVE_RUN,,,,0,,,False,0,UNKNOWN,0.0,False,-9999.0,-1.0,-1.0,False,36.96762798,127.87395034666666,122.02099999999999,2,6.3504000000000005,36.96762798,127.87395034666666,3.0,2.555038709640503,1.0,0.0,0.07007741928100586,0.0,3.4962173773677465,-8.219622040901166,0.0,0.0,0.0,-0.4717465562553363,0.1357541203514494,0.8557718083990005,0.1633420258792554,0.012758356832078549,-0.008360127117052838,-0.020367992370773826,-7.63938035,1.4219642499999998,3.4715540999999996
1789045878.233914,24.755,3.0,-1.0578589980803086,3,0,193,30.603729720133195,-4.148506356862861,-12.51927395355193,1.0,86.0,107.0,1.0,-0.39101439001770827,-0.15609138958511654,98.0,3.8422298193274167,6.6968296323398455,-8.219622040901166,-0.12098719539232122,-3.010279359636566,0.0,-10.488288444017824,1.1252917448330217,0.007734279755114115,1.018196617179033,2.0,3.0,1.0987483901218562,-0.5418883514277564,-0.1625665054283269,2.0,0.0,0.0,2.05459458897706,0.5,,,2,1,1,3.4984188079833984,1,343,True,True,False,"A:1,B:1,ESTOP:0,MODE:1",DRIVE_RUN,,,,0,,,False,0,UNKNOWN,0.0,False,-9999.0,-1.0,-1.0,False,36.96762798,127.87395034666666,122.02099999999999,2,6.3504000000000005,36.96762798,127.87395034666666,3.0,2.5800085258483887,1.0,0.0,0.12001705169677734,0.0,3.4962173773677465,-8.219622040901166,0.0,0.0,0.0,-0.47141897595471943,0.13652303117562817,0.8556247594304878,0.1644137528248234,0.04977679026687828,0.005497787143782138,-0.03546509040052478,-8.34545915,0.67665885,7.001948099999999
1789045878.284202,24.805,3.0,-0.2927989099916167,3,0,254,30.603729720133195,-4.148506356862861,-12.670257158061531,1.0,86.0,107.0,1.0,-0.39101439001770827,0.7780004308894719,97.0,3.577669883019805,6.6968296323398455,-8.219622040901166,-0.12098719539232122,-4.746954072271111,0.0,-10.488288444017824,1.1252917448330217,0.007734279755114115,1.018196617179033,2.0,3.0,1.0987483901218562,-0.5614390709286418,-0.16843172127859252,2.0,0.0,0.0,2.05459458897706,0.5,,,2,1,1,3.543478012084961,1,172,True,True,False,"A:1,B:1,ESTOP:0,MODE:1",DRIVE_RUN,,,,0,,,False,0,UNKNOWN,0.0,False,-9999.0,-1.0,-1.0,False,36.96762798,127.87395034666666,122.02099999999999,2,6.3504000000000005,36.96762798,127.87395034666666,3.0,2.6050062370300293,1.0,0.0,0.1700124740600586,0.0,3.4962173773677465,-8.219622040901166,0.0,0.0,0.0,-0.47125222735578365,0.13736273767318774,0.8552890795651464,0.16593193450250748,0.08686503687175778,0.014660765716752368,-0.03275983005993357,-8.77695175,0.57859235,4.89351835
1789045878.333926,24.855,3.0,-0.8584208746711226,3,0,193,30.818968130709436,-4.216411246328426,-12.906247652630753,1.0,86.0,107.0,1.0,-0.4193566945816477,0.03502354621651801,98.0,3.8422298193274163,6.47152269352043,-8.219622040901166,-0.12098719539232122,-3.8949001909488454,0.0,-10.488288444017824,1.1252917448330217,0.007734279755114115,1.018196617179033,2.0,3.0,1.0987483901218562,-0.5809897904295271,-0.17429693712885813,2.0,0.0,0.0,2.05459458897706,0.5,,,3,2,1,3.7348835468292236,1,246,True,True,False,"A:1,B:1,ESTOP:0,MODE:1",DRIVE_RUN,,,,0,,,False,0,UNKNOWN,0.0,False,-9999.0,-1.0,-1.0,False,36.96762737,127.87395276666666,122.029,2,6.3504000000000005,36.96762737,127.87395276666666,3.0,2.541591305732727,1.0,0.0,0.0431826114654541,0.0,3.9721735518719528,-8.219622040901166,0.0,0.0,0.0,-0.4710708603933098,0.1385712240345568,0.8549108006659312,0.1673851345329327,0.06881833240613641,0.01265363707695889,-0.034191000046568915,-8.99269805,1.4709975,4.26589275
1789045878.383878,24.905,3.0,-1.0683805706134104,3,0,194,30.818968130709436,-4.216411246328426,-13.101661080384758,1.0,86.0,107.0,1.0,-0.4193566945816477,0.574781380448561,98.0,3.6174010574350346,6.47152269352043,-8.219622040901166,-0.12098719539232122,-3.1011856404066247,0.0,-10.488288444017824,1.1252917448330217,0.007734279755114115,1.018196617179033,2.0,3.0,1.0987483901218562,-0.6019576251586095,-0.18058728754758285,2.0,0.0,0.0,2.05459458897706,0.5,,,2,1,1,3.830382823944092,1,172,True,True,False,"A:1,B:1,ESTOP:0,MODE:1",DRIVE_RUN,,,,0,,,False,0,UNKNOWN,0.0,False,-9999.0,-1.0,-1.0,False,36.96762737,127.87395276666666,122.029,2,6.3504000000000005,36.96762737,127.87395276666666,3.0,2.5665636253356934,1.0,0.0,0.09312725067138672,0.0,3.9721735518719528,-8.219622040901166,0.0,0.0,0.0,-0.47082648346270545,0.13927719080306156,0.8546260695203082,0.16893361976948185,0.05539675045830002,0.01174606586592184,-0.029600784113823827,-8.9828914,-0.00980665,4.5306723
1789045878.434087,24.955,3.0,-1.2362769147017676,3,0,195,30.818968130709436,-4.216411246328426,-13.256112443943863,1.0,86.0,107.0,1.0,-0.4193566945816477,0.7701948082025663,98.0,3.6174010574350346,6.47152269352043,-8.219622040901166,-0.12098719539232122,-2.740088512813397,0.0,-10.488288444017824,1.1252917448330217,0.007734279755114115,1.018196617179033,2.0,3.0,1.0987483901218562,-0.6229254598876919,-0.18687763796630755,2.0,0.0,0.0,2.05459458897706,0.5,,,2,1,1,4.198059558868408,0,169,True,True,False,"A:1,B:1,ESTOP:0,MODE:1",DRIVE_RUN,,,,0,,,False,0,UNKNOWN,0.0,False,-9999.0,-1.0,-1.0,False,36.96762737,127.87395276666666,122.029,2,6.3504000000000005,36.96762737,127.87395276666666,3.0,2.5915540647506714,1.0,0.0,0.14310812950134277,0.0,3.9721735518719528,-8.219622040901166,0.0,0.0,0.0,-0.4706968926332882,0.14004946081136344,0.8543118387763512,0.17024061183625658,0.04492477494633404,-0.00783652834145454,-0.03246312408709453,-7.266727649999999,1.1375714,2.0103632499999997
1789045878.483844,25.005,3.0,-1.3859433226511852,3,0,193,30.818968130709436,-4.216411246328426,-13.392814919866396,1.0,86.0,107.0,1.0,-0.4193566945816477,0.92464617176167,98.0,3.6174010574350346,6.47152269352043,-8.219622040901166,-0.12098719539232122,-2.2427143234628457,0.0,-10.488288444017824,1.1252917448330217,0.007734279755114115,1.018196617179033,2.0,3.0,1.0987483901218562,-0.6438932946167742,-0.19316798838503227,2.0,0.0,0.0,2.05459458897706,0.5,,,3,2,1,3.7044684886932373,0,229,True,True,False,"A:1,B:1,ESTOP:0,MODE:1",DRIVE_RUN,,,,0,,,False,0,UNKNOWN,0.0,False,-9999.0,-1.0,-1.0,False,36.96762737,127.87395276666666,122.029,2,6.3504000000000005,36.96762737,127.87395276666666,3.0,2.6165964794158936,1.0,0.0,0.1931929588317871,0.0,3.9721735518719528,-8.219622040901166,0.0,0.0,0.0,-0.47033125473120896,0.14074737071362567,0.8541552088797846,0.17145718883645406,0.05174901232163187,-0.027296949501191315,0.0005061454830783556,-9.16921775,1.1767979999999998,8.825985
1789045878.533914,25.055,3.0,-1.3165283432543304,3,0,197,31.031093589126662,-4.292294032898783,-13.505759537404003,1.5,86.0,107.0,1.0,-0.4570112042423612,1.061348647684203,98.0,3.617401057435034,6.247345447329543,-8.219622040901166,-0.12098719539232122,-4.757692483151334,0.0,-10.488288444017824,1.1252917448330217,0.007734279755114115,1.018196617179033,2.0,3.0,1.2483260690986653,-0.6648611293458566,-0.199458338803757,2.0,0.0,0.0,2.05459458897706,0.5,,,3,1,2,3.8254001140594482,-1,363,True,True,False,"A:1,B:1,ESTOP:0,MODE:1",DRIVE_RUN,,,,0,,,False,0,UNKNOWN,0.0,False,-9999.0,-1.0,-1.0,False,36.96762668833333,127.87395515166666,122.03200000000001,2,6.3504000000000005,36.96762668833333,127.87395515166666,3.0,2.542430181503296,1.0,0.0,0.0448603630065918,0.0,4.326819808525514,-8.219622040901166,0.0,0.0,0.0,-0.46970155852629814,0.14143547861950506,0.8541348296202924,0.17271405309109025,0.08588765249064097,0.0031764992386296795,-0.033178709080412205,-8.2571993,0.77472535,4.14821295
1789045878.583784,25.105,3.0,-1.5678327211982144,3,0,193,31.031093589126662,-4.292294032898783,-13.74258674633063,1.5,87.0,107.0,1.0,-0.4570112042423612,0.9918009906556869,99.0,3.646816191546662,6.247345447329543,-8.219622040901166,-0.12098719539232122,-2.290359856956337,0.0,-10.488288444017824,1.1252917448330217,0.007734279755114115,1.018196617179033,2.0,3.0,1.2483260690986653,-0.6877116895579747,-0.2063135068673924,2.0,0.0,0.0,2.05459458897706,0.5,,,3,2,1,3.9062604904174805,-1,171,True,True,False,"A:1,B:1,ESTOP:0,MODE:1",DRIVE_RUN,,,,0,,,False,0,UNKNOWN,0.0,False,-9999.0,-1.0,-1.0,False,36.96762668833333,127.87395515166666,122.03200000000001,2,6.3504000000000005,36.96762668833333,127.87395515166666,3.0,2.5674236011505127,1.0,0.0,0.09484720230102539,0.0,4.326819808525514,-8.219622040901166,0.0,0.0,0.0,-0.469543695730527,0.14173912407231262,0.8539261463091012,0.17392203758184135,0.02923426497090502,-0.009546951008408983,-0.04415683007545653,-9.42419065,1.26505785,5.2171378
1789045878.633838,25.155,3.0,-1.6948677312840656,3,0,193,31.031093589126662,-4.292294032898783,-13.857369471171808,1.5,87.0,107.0,1.0,-0.4570112042423612,1.2286281995823127,99.0,3.6468161915466624,6.247345447329543,-8.219622040901166,-0.12098719539232122,-2.205979544513841,0.0,-10.488288444017824,1.1252917448330217,0.007734279755114115,1.018196617179033,2.0,3.0,1.2483260690986653,-0.7105622497700927,-0.2131686749310278,2.0,0.0,0.0,2.05459458897706,0.5,,,2,1,1,3.9889533519744873,-1,171,True,True,False,"A:1,B:1,ESTOP:0,MODE:1",DRIVE_RUN,,,,0,,,False,0,UNKNOWN,0.0,False,-9999.0,-1.0,-1.0,False,36.96762668833333,127.87395515166666,122.03200000000001,2,6.3504000000000005,36.96762668833333,127.87395515166666,3.0,2.5924176168441773,1.0,0.0,0.1448352336883545,0.0,4.326819808525514,-8.219622040901166,0.0,0.0,0.0,-0.4689297813253554,0.14138897772138162,0.8540707907279413,0.17514879842695477,0.02860594644018706,-0.025429447201557383,-0.03988077340807043,-7.4922806,0.93163175,4.01091985
1789045878.683803,25.205,3.0,-1.8172430035653728,3,0,193,31.031093589126662,-4.292294032898783,-13.967583665820314,1.5,87.0,107.0,1.0,-0.4570112042423612,1.3434109244234902,99.0,3.6468161915466624,6.247345447329543,-8.219622040901166,-0.12098719539232122,-4.7402488384126285,0.0,-10.488288444017824,1.1252917448330217,0.007734279755114115,1.018196617179033,2.0,3.0,1.2483260690986653,-0.7334128099822108,-0.22002384299466324,2.0,0.0,0.0,2.05459458897706,0.5,,,3,2,1,3.168346881866455,-1,170,True,True,False,"A:1,B:1,ESTOP:0,MODE:1",DRIVE_RUN,,,,0,,,False,0,UNKNOWN,0.0,False,-9999.0,-1.0,-1.0,False,36.96762668833333,127.87395515166666,122.03200000000001,2,6.3504000000000005,36.96762668833333,127.87395515166666,3.0,2.617500205039978,1.0,0.0,0.19500041007995605,0.0,4.326819808525514,-8.219622040901166,0.0,0.0,0.0,-0.46939770016129817,0.1414966086057393,0.8535035374603275,0.17656789169910142,0.08265879337445144,0.0715934059168074,-0.04855505979048225,-7.9041599,-1.765197,9.54187045
1789045878.733821,25.255,3.0,-2.5968270951489414,3,0,194,31.250779074035208,-4.364280636573517,-14.203750519490569,1.5,87.0,107.0,1.0,-0.4720160594324474,1.4536251190719989,99.0,3.6468161915466624,6.016828634730995,-8.219622040901166,-0.12098719539232122,-0.9479224930643947,0.0,-10.488288444017824,1.1252917448330217,0.007734279755114115,1.018196617179033,2.0,3.0,1.2483260690986653,-0.7562633701943289,-0.22687901105829866,2.0,0.0,0.0,2.05459458897706,0.5,,,3,2,1,3.8270554542541504,-2,170,True,True,False,"A:1,B:1,ESTOP:0,MODE:1",DRIVE_RUN,,,,0,,,False,0,UNKNOWN,0.0,False,-9999.0,-1.0,-1.0,False,36.96762604166667,127.87395762166666,122.03999999999999,2,6.3504000000000005,36.96762604166667,127.87395762166666,3.0,2.5398854207992554,1.0,0.0,0.03977084159851074,0.0,4.074099561058385,-8.219622040901166,0.0,0.0,0.0,-0.47029469310685923,0.14281772011097443,0.852602309260808,0.17746915985873699,0.021746802479849347,-0.0037175513067479217,-0.010262536001726658,-9.1201845,0.67665885,1.0983448
1789045878.783791,25.305,3.0,-2.658701576001917,3,0,193,31.250779074035208,-4.364280636573517,-14.251052807974759,1.5,88.0,107.0,1.0,-0.4720160594324474,2.070034364845576,99.0,3.4168270891903694,6.016828634730995,-8.219622040901166,-0.12098719539232122,-4.078397199554613,0.0,-10.488288444017824,1.1252917448330217,0.007734279755114115,1.018196617179033,2.0,3.0,1.2483260690986653,-0.7798641731659512,-0.23395925194978537,2.0,0.0,0.0,2.05459458897706,0.5,,,2,1,1,3.525078535079956,-2,172,True,True,False,"A:1,B:1,ESTOP:0,MODE:1",DRIVE_RUN,,,,0,,,False,0,UNKNOWN,0.0,False,-9999.0,-1.0,-1.0,False,36.96762604166667,127.87395762166666,122.03999999999999,2,6.3504000000000005,36.96762604166667,127.87395762166666,3.0,2.564892191886902,1.0,0.0,0.08978438377380371,0.0,4.074099561058385,-8.219622040901166,0.0,0.0,0.0,-0.46978140144962227,0.1438233135884047,0.8526318950330342,0.17787394663878425,0.10105456369047168,-0.00476474885794452,0.019530234329816546,-9.07115125,0.7453053999999999,7.36479415
1789045878.833836,25.355,3.0,-2.8908802717267816,3,0,193,31.250779074035208,-4.364280636573517,-14.455253487156625,1.5,88.0,107.0,1.0,-0.4720160594324474,2.117336653329766,99.0,3.41682708919037,6.016828634730995,-8.219622040901166,-0.12098719539232122,0.05828790196767985,0.0,-10.488288444017824,1.1252917448330217,0.007734279755114115,1.018196617179033,2.0,3.0,1.2803581272967899,-0.8034649761375736,-0.24103949284127207,2.0,0.0,0.0,2.05459458897706,0.5,,,3,2,1,3.781425714492798,-1,171,True,True,False,"A:1,B:1,ESTOP:0,MODE:1",DRIVE_RUN,,,,0,,,False,0,UNKNOWN,0.0,False,-9999.0,-1.0,-1.0,False,36.96762604166667,127.87395762166666,122.03999999999999,2,6.3504000000000005,36.96762604166667,127.87395762166666,3.0,2.589890022277832,1.0,0.0,0.13978004455566406,0.0,4.074099561058385,-8.219622040901166,0.0,0.0,0.0,-0.4693335315659396,0.1442151641774877,0.8526089272376824,0.17884641389670544,-0.014887658519511631,-0.004956735075663896,-0.03954916085019151,-7.266727649999999,1.7455836999999998,2.83412185
1789045878.883779,25.405,3.0,-2.89825103779721,3,0,192,31.250779074035208,-4.364280636573517,-14.45235139361074,1.0,88.0,107.0,1.0,-0.4720160594324474,2.3215373325116326,99.0,3.4168270891903694,6.016828634730995,-8.219622040901166,-0.12098719539232122,-4.636134987141896,0.0,-10.488288444017824,1.1252917448330217,0.007734279755114115,1.018196617179033,2.0,3.0,1.2803581272967899,-0.827065779109196,-0.24811973373275878,2.0,0.0,0.0,2.05459458897706,0.5,,,2,1,1,3.8836028575897217,-2,181,True,True,False,"A:1,B:1,ESTOP:0,MODE:1",DRIVE_RUN,,,,0,,,False,0,UNKNOWN,0.0,False,-9999.0,-1.0,-1.0,False,36.96762604166667,127.87395762166666,122.03999999999999,2,6.3504000000000005,36.96762604166667,127.87395762166666,3.0,2.614883918762207,1.0,0.0,0.18976783752441406,0.0,4.074099561058385,-8.219622040901166,0.0,0.0,0.0,-0.4689213893695709,0.14413636669977825,0.8525453985337489,0.18028805236407075,0.08206538142877337,-0.010035643198967395,-0.03368485456349056,-9.924329799999999,2.0103632499999997,5.530950599999999
1789045878.933794,25.455,3.0,-2.846550915171015,3,0,193,31.481730482186613,-4.443503008143992,-14.684975874029647,1.0,88.0,107.0,1.0,-0.48496546792025264,2.318635238965747,99.0,3.41682708919037,5.773719008057285,-8.219622040901166,-0.12098719539232122,-1.1284698130880935,0.0,-10.488288444017824,1.1252917448330217,0.007734279755114115,1.018196617179033,2.0,3.0,1.2803581272967899,-0.8506665820808184,-0.2551999746242455,2.0,0.0,0.0,2.05459458897706,0.5,,,2,1,1,3.8865129947662354,-3,170,True,True,False,"A:1,B:1,ESTOP:0,MODE:1",DRIVE_RUN,,,,0,,,False,0,UNKNOWN,0.0,False,-9999.0,-1.0,-1.0,False,36.96762533,127.87396021833334,122.05199999999999,2,6.3504000000000005,36.96762533,127.87396021833334,3.0,2.5375408124923706,1.0,0.0,0.03508162498474121,0.0,4.176107311998788,-8.219622040901166,0.0,0.0,0.0,-0.4686598310263189,0.14465233469929345,0.85239560916624,0.18126055920287903,0.00788888821901437,-0.019303341527057285,-0.03921754829231258,-8.2964259,-0.7256921,4.6287388
1789045878.983785,25.505,3.0,-2.9180516124924836,3,0,194,31.481730482186613,-4.443503008143992,-14.741061924469989,1.0,88.0,107.0,1.0,-0.48496546792025264,2.26790152058069,100.0,3.4271844416886132,5.773719008057285,-8.219622040901166,-0.12098719539232122,-2.164497284350664,0.0,-10.488288444017824,1.1252917448330217,0.007734279755114115,1.018196617179033,2.0,3.0,1.2803581272967899,-0.874914855476831,-0.2624744566430493,2.0,0.0,0.0,2.05459458897706,0.5,,,4,2,2,3.7081403732299805,-3,171,True,True,False,"A:1,B:1,ESTOP:0,MODE:1",DRIVE_RUN,,,,0,,,False,0,UNKNOWN,0.0,False,-9999.0,-1.0,-1.0,False,36.96762533,127.87396021833334,122.05199999999999,2,6.3504000000000005,36.96762533,127.87396021833334,3.0,2.5625198078155518,1.0,0.0,0.08503961563110352,0.0,4.176107311998788,-8.219622040901166,0.0,0.0,0.0,-0.4682094370069679,0.14514076705149048,0.8524381243108449,0.18183323419752412,0.0582939970166106,0.013124875974997358,0.008988445647770798,-8.492558899999999,1.0983448,6.32528925
1789045879.033834,25.555,3.0,-3.046400306004029,3,0,193,31.481730482186613,-4.443503008143992,-14.849693853949816,1.0,88.0,107.0,1.0,-0.48496546792025264,2.323987571021028,100.0,3.427184441688614,5.773719008057285,-8.219622040901166,-0.12098719539232122,0.5922773058362061,0.0,-10.488288444017824,1.1252917448330217,0.007734279755114115,1.018196617179033,2.0,3.0,1.2803581272967899,-0.8991631288728437,-0.26974893866185307,2.0,0.0,0.0,2.05459458897706,0.5,,,2,1,1,3.9797418117523193,-3,174,True,True,False,"A:1,B:1,ESTOP:0,MODE:1",DRIVE_RUN,,,,0,,,False,0,UNKNOWN,0.0,False,-9999.0,-1.0,-1.0,False,36.96762533,127.87396021833334,122.05199999999999,2,6.3504000000000005,36.96762533,127.87396021833334,3.0,2.587524790763855,1.0,0.0,0.13504958152770996,0.0,4.176107311998788,-8.219622040901166,0.0,0.0,0.0,-0.4684445911849992,0.14576735327055795,0.8522124986632355,0.18178393997320064,0.005550147021341968,0.02282890661608583,0.012042771838760872,-8.44352565,1.32389775,3.3931008999999994
1789045879.084003,25.605,3.0,-3.0249676137551424,3,0,193,31.481730482186613,-4.443503008143992,-14.81989361981391,2.0,88.0,107.0,1.0,-0.48496546792025264,2.4326195005008575,100.0,3.427184441688614,5.773719008057285,-8.219622040901166,-0.12098719539232122,-2.409413854397468,0.0,-10.488288444017824,1.1252917448330217,0.007734279755114115,1.018196617179033,2.0,3.0,1.2803581272967899,-0.9234114022688563,-0.2770234206806569,2.0,0.0,0.0,2.05459458897706,0.5,,,4,2,2,4.205596446990967,-3,171,True,True,False,"A:1,B:1,ESTOP:0,MODE:1",DRIVE_RUN,,,,0,,,False,0,UNKNOWN,0.0,False,-9999.0,-1.0,-1.0,False,36.96762533,127.87396021833334,122.05199999999999,2,6.3504000000000005,36.96762533,127.87396021833334,3.0,2.6125320386886597,1.0,0.0,0.18506407737731934,0.0,4.176107311998788,-8.219622040901166,0.0,0.0,0.0,-0.46901107113972196,0.14652178212020422,0.8517369747219337,0.18194534455219868,0.050335295627516465,0.026354471705114377,-0.016022122533307946,-8.629852,1.95152335,3.9422733
1789045879.133779,25.655,3.0,-3.0961356349573945,3,0,194,31.717573671218815,-4.524580703923558,-14.939344550619921,1.5,88.0,107.0,1.0,-0.4972314743400114,2.4028192663649532,100.0,3.4271844416886137,5.525515125495814,-8.219622040901166,-0.12098719539232122,-2.2280475369481945,0.0,-10.488288444017824,1.1252917448330217,0.007734279755114115,1.018196617179033,2.0,3.0,1.2803581272967899,-0.947659675664869,-0.2842979026994607,2.0,0.0,0.0,2.05459458897706,0.5,,,3,1,2,3.971097707748413,-3,172,True,True,False,"A:1,B:1,ESTOP:0,MODE:1",DRIVE_RUN,,,,0,,,False,0,UNKNOWN,0.0,False,-9999.0,-1.0,-1.0,False,36.967624601666664,127.87396287,122.047,2,6.3504000000000005,36.967624601666664,127.87396287,3.0,2.52,1.0,1.0,0.0,0.0,4.275365781474885,-8.219622040901166,0.0,0.0,0.0,-0.46926622435096993,0.14656304392066466,0.8514430100427806,0.18262881889062263,0.0413992098573055,0.0030368728984701333,-0.02202605516016844,-8.36507245,0.38245935,6.4331624
1789045879.183780,25.705,3.0,-4.117673558788788,3,0,194,31.717573671218815,-4.524580703923558,-15.05166368610935,1.5,89.0,107.0,1.0,-0.4972314743400114,2.4620854205947076,101.0,3.432381977552668,5.525515125495814,-8.219622040901166,-0.12098719539232122,1.0891912451313552,0.0,-10.488288444017824,1.1252917448330217,0.007734279755114115,1.018196617179033,2.0,3.0,1.3436096107714912,-0.9725212493818696,-0.29175637481456085,2.0,0.0,0.0,2.05459458897706,0.5,,,3,2,1,3.8331210613250732,-3,169,True,True,False,"A:1,B:1,ESTOP:0,MODE:1",DRIVE_RUN,,,,0,,,False,0,UNKNOWN,0.0,False,-9999.0,-1.0,-1.0,False,36.967624601666664,127.87396287,122.047,2,6.3504000000000005,36.967624601666664,127.87396287,3.0,2.557104845046997,1.0,0.0,0.07420969009399414,0.0,4.275365781474885,-8.219622040901166,0.0,0.0,0.0,-0.46953317861359284,0.14683705778499595,0.8511385100580169,0.18314122784965844,-0.020996310901491785,0.029251718263424962,-0.018605209826259555,-8.4533323,-0.36284605,5.658437049999999
1789045879.233780,25.755,3.0,-3.181411643062289,3,0,193,31.717573671218815,-4.524580703923558,-14.997769246931057,1.5,89.0,107.0,1.0,-0.4972314743400114,3.1476034208939985,100.0,3.1795516485340256,5.525515125495814,-8.219622040901166,-0.12098719539232122,0.6052428273123248,0.0,-10.488288444017824,1.1252917448330217,0.007734279755114115,1.018196617179033,2.0,3.0,1.3436096107714912,-0.9973828230988702,-0.29921484692966105,2.0,0.0,0.0,2.05459458897706,0.5,,,3,2,1,4.097216606140137,-3,171,True,True,False,"A:1,B:1,ESTOP:0,MODE:1",DRIVE_RUN,,,,0,,,False,0,UNKNOWN,0.0,False,-9999.0,-1.0,-1.0,False,36.967624601666664,127.87396287,122.047,2,6.3504000000000005,36.967624601666664,127.87396287,3.0,2.5821007680892945,1.0,0.0,0.12420153617858887,0.0,4.275365781474885,-8.219622040901166,0.0,0.0,0.0,-0.46979969432649255,0.14757772633059937,0.8508474354246944,0.18321491078251664,0.016493361431346415,0.014416419621473161,0.03335324200561164,-9.18883105,1.8044235999999998,3.92266
1789045879.283779,25.805,3.0,-3.1597140321223405,3,0,193,31.717573671218815,-4.524580703923558,-14.967421852454947,1.5,89.0,107.0,1.0,-0.4972314743400114,2.5205101169058457,101.0,3.4323819775526685,5.525515125495814,-8.219622040901166,-0.12098719539232122,-1.3503849661668472,0.0,-10.488288444017824,1.1252917448330217,0.007734279755114115,1.018196617179033,2.0,3.0,1.3436096107714912,-1.0222443968158708,-0.3066733190447612,2.0,0.0,0.0,2.05459458897706,0.5,,,3,1,2,4.283744812011719,-3,172,True,True,False,"A:1,B:1,ESTOP:0,MODE:1",DRIVE_RUN,,,,0,,,False,0,UNKNOWN,0.0,False,-9999.0,-1.0,-1.0,False,36.967624601666664,127.87396287,122.047,2,6.3504000000000005,36.967624601666664,127.87396287,3.0,2.607095618247986,1.0,0.0,0.17419123649597168,0.0,4.275365781474885,-8.219622040901166,0.0,0.0,0.0,-0.46967238564782715,0.14791715183196255,0.8507963852660285,0.18350443365776825,0.028326693759867967,-0.0033161255787892262,-0.012985249634837812,-7.5609271499999995,0.9512450499999999,3.30484105
1789045879.333796,25.855,3.0,-3.06594273302484,3,0,194,31.960680415710026,-4.605101801807618,-15.03508849261604,1.5,89.0,107.0,1.0,-0.499424708274976,2.4901627224297385,101.0,3.4323819775526685,5.2704708646417915,-8.219622040901166,-0.12098719539232122,-2.303933907850085,0.0,-10.488288444017824,1.1252917448330217,0.007734279755114115,1.018196617179033,2.0,3.0,1.3436096107714912,-1.0471059705328714,-0.3141317911598614,2.0,0.0,0.0,2.05459458897706,0.5,,,4,2,2,4.3747992515563965,-3,174,True,True,False,"A:1,B:1,ESTOP:0,MODE:1",DRIVE_RUN,,,,0,,,False,0,UNKNOWN,0.0,False,-9999.0,-1.0,-1.0,False,36.967623878333335,127.87396560333333,122.024,2,6.3504000000000005,36.967623878333335,127.87396560333333,3.0,2.539423723220825,1.0,0.0,0.03884744644165039,0.0,4.592878622875716,-8.219622040901166,0.0,0.0,0.0,-0.46957476045584773,0.14843129239075525,0.8506520639499248,0.18400750495503282,0.043406338497098976,0.0003316125578789226,-0.02075196480621258,-7.9629998,2.36340265,4.5698989
1789045879.383790,25.905,3.0,-4.159633952619522,3,0,194,31.960680415710026,-4.605101801807618,-15.150409769395651,1.5,90.0,107.0,1.0,-0.499424708274976,2.393105507760026,102.0,3.4324542790541543,5.2704708646417915,-8.219622040901166,-0.12098719539232122,-2.2458586895445545,0.0,-10.488288444017824,1.1252917448330217,0.007734279755114115,1.018196617179033,2.0,3.0,1.3436096107714912,-1.0720772059466201,-0.32162316178398603,2.0,0.0,0.0,2.05459458897706,0.5,,,2,1,1,4.295889854431152,-3,171,True,True,False,"A:1,B:1,ESTOP:0,MODE:1",DRIVE_RUN,,,,0,,,False,0,UNKNOWN,0.0,False,-9999.0,-1.0,-1.0,False,36.967623878333335,127.87396560333333,122.024,2,6.3504000000000005,36.967623878333335,127.87396560333333,3.0,2.564420599937439,1.0,0.0,0.08884119987487793,0.0,4.592878622875716,-8.219622040901166,0.0,0.0,0.0,-0.46966096831430904,0.1485167458120376,0.850444729794012,0.18467569580499268,0.04937536453891959,0.008691739674931762,-0.009232791743050004,-8.7867584,-0.25497289999999995,5.4034641500000005
1789045879.433797,25.955,3.0,-4.300986982602754,3,0,194,31.960680415710026,-4.605101801807618,-15.262170355070992,1.5,90.0,107.0,1.0,-0.499424708274976,3.1436709801218106,101.0,3.1777273665034005,5.2704708646417915,-8.219622040901166,-0.12098719539232122,-1.23692664899041,0.0,-10.488288444017824,1.1252917448330217,0.007734279755114115,1.018196617179033,2.0,3.0,1.3436096107714912,-1.097048441360369,-0.32911453240811067,2.0,0.0,0.0,2.05459458897706,0.5,,,3,1,2,4.363356113433838,-3,174,True,True,False,"A:1,B:1,ESTOP:0,MODE:1",DRIVE_RUN,,,,0,,,False,0,UNKNOWN,0.0,False,-9999.0,-1.0,-1.0,False,36.967623878333335,127.87396560333333,122.024,2,6.3504000000000005,36.967623878333335,127.87396560333333,3.0,2.5894183111190796,1.0,0.0,0.13883662223815918,0.0,4.592878622875716,-8.219622040901166,0.0,0.0,0.0,-0.4697442599485802,0.14906723606245725,0.8502446708980576,0.1849413122790959,0.032794736644973455,-0.01494001839707146,0.0008203047484373349,-8.60043205,0.81395195,4.63854545
1789045879.483818,26.005,3.0,-4.384485286233754,3,0,193,31.960680415710026,-4.605101801807618,-15.324287647423546,1.5,90.0,107.0,1.0,-0.499424708274976,3.2554315657971515,101.0,3.177727366503401,5.2704708646417915,-8.219622040901166,-0.12098719539232122,-2.7316616809330854,0.0,-10.488288444017824,1.1252917448330217,0.007734279755114115,1.018196617179033,2.0,3.0,1.4433936589804262,-1.1220196767741177,-0.3366059030322353,2.0,0.0,0.0,2.05459458897706,0.5,,,3,2,1,4.251500129699707,-3,171,True,True,False,"A:1,B:1,ESTOP:0,MODE:1",DRIVE_RUN,,,,0,,,False,0,UNKNOWN,0.0,False,-9999.0,-1.0,-1.0,False,36.967623878333335,127.87396560333333,122.024,2,6.3504000000000005,36.967623878333335,127.87396560333333,3.0,2.614420909881592,1.0,0.0,0.1888418197631836,0.0,4.592878622875716,-8.219622040901166,0.0,0.0,0.0,-0.46942462059861645,0.1493293747162635,0.8502772920594956,0.1853909114025437,0.0603883921190038,-0.02007128639793479,-0.0026529004630313807,-7.93357985,0.5687857,5.3740442
1789045879.533953,26.055,3.0,-4.433725207591088,3,0,193,32.21401543230311,-4.691374407587366,-15.460362603675094,1.5,90.0,107.0,1.0,-0.5029068633959163,3.317548858149707,101.0,3.177727366503401,5.004290034771473,-8.219622040901166,-0.12098719539232122,-2.749867596237052,0.0,-10.488288444017824,1.1252917448330217,0.007734279755114115,1.018196617179033,2.0,3.0,1.4433936589804262,-1.1469909121878665,-0.34409727365635995,2.0,0.0,0.0,2.05459458897706,0.5,,,3,1,2,4.359771251678467,-3,170,True,True,False,"A:1,B:1,ESTOP:0,MODE:1",DRIVE_RUN,,,,0,,,False,0,UNKNOWN,0.0,False,-9999.0,-1.0,-1.0,False,36.96762310333333,127.87396845166667,122.03200000000001,2,6.3504000000000005,36.96762310333333,127.87396845166667,3.0,2.538397331237793,1.0,0.0,0.03679466247558594,0.0,4.866605315208831,-8.219622040901166,0.0,0.0,0.0,-0.46966116051490897,0.1498873470641629,0.8499097881197052,0.1860256153119079,0.051853732076751535,0.0019198621771937625,-0.021868975527488947,-9.09076455,0.5099457999999999,4.5698989
1789045879.583804,26.105,3.0,-4.606310493742676,3,0,193,32.21401543230311,-4.691374407587366,-15.598431486305998,1.5,91.0,107.0,1.0,-0.5029068633959163,3.3383554916451663,102.0,3.16650987359965,5.004290034771473,-8.219622040901166,-0.12098719539232122,-2.0291774410436605,0.0,-10.488288444017824,1.1252917448330217,0.007734279755114115,1.018196617179033,2.0,3.0,1.4433936589804262,-1.1721362553576624,-0.3516408766072987,2.0,0.0,0.0,2.05459458897706,0.5,,,3,2,1,4.387125492095947,-3,189,True,True,False,"A:1,B:1,ESTOP:0,MODE:1",DRIVE_RUN,,,,0,,,False,0,UNKNOWN,0.0,False,-9999.0,-1.0,-1.0,False,36.96762310333333,127.87396845166667,122.03200000000001,2,6.3504000000000005,36.96762310333333,127.87396845166667,3.0,2.563430805206299,1.0,0.0,0.08686161041259766,0.0,4.866605315208831,-8.219622040901166,0.0,0.0,0.0,-0.46957582429369565,0.15012093342075755,0.8497723387694487,0.18667946552869213,0.03426081321664869,0.0065100781099388496,-0.02818706741970842,-7.7080269,1.6475172,4.609125499999999
1789045879.633810,26.155,3.0,-4.73594534722339,3,0,195,32.21401543230311,-4.691374407587366,-15.699778021483752,1.5,91.0,107.0,1.0,-0.5029068633959163,3.4764243742760685,102.0,3.16650987359965,5.004290034771473,-8.219622040901166,-0.12098719539232122,-1.4460793400405876,0.0,-10.488288444017824,1.1252917448330217,0.007734279755114115,1.018196617179033,2.0,3.0,1.4433936589804262,-1.1972815985274583,-0.35918447955823746,2.0,0.0,0.0,2.05459458897706,0.5,,,4,2,2,4.240962982177734,-6,325,True,True,False,"A:1,B:1,ESTOP:0,MODE:1",DRIVE_RUN,,,,0,,,False,0,UNKNOWN,0.0,False,-9999.0,-1.0,-1.0,False,36.96762310333333,127.87396845166667,122.03200000000001,2,6.3504000000000005,36.96762310333333,127.87396845166667,3.0,2.588416118621826,1.0,0.0,0.13683223724365234,0.0,4.866605315208831,-8.219622040901166,0.0,0.0,0.0,-0.47014830166126276,0.14981098291921807,0.8493244073326056,0.18752411831795412,0.02769837522915001,0.03766420525803763,-0.02366666465704311,-8.590625399999999,0.21574629999999997,5.864376699999999
1789045879.683790,26.205,3.0,-4.831687586529459,3,0,193,32.21401543230311,-4.691374407587366,-15.772132601042017,1.5,91.0,107.0,1.0,-0.5029068633959163,3.5777709094538244,102.0,3.1665098735996504,5.004290034771473,-8.219622040901166,-0.12098719539232122,-1.7031634701233138,0.0,-10.488288444017824,1.1252917448330217,0.007734279755114115,1.018196617179033,2.0,3.0,1.4433936589804262,-1.2224269416972542,-0.36672808250917627,2.0,0.0,0.0,2.05459458897706,0.5,,,3,2,1,4.339658737182617,-3,171,True,True,False,"A:1,B:1,ESTOP:0,MODE:1",DRIVE_RUN,,,,0,,,False,0,UNKNOWN,0.0,False,-9999.0,-1.0,-1.0,False,36.96762310333333,127.87396845166667,122.03200000000001,2,6.3504000000000005,36.96762310333333,127.87396845166667,3.0,2.6133936834335327,1.0,0.0,0.18678736686706543,0.0,4.866605315208831,-8.219622040901166,0.0,0.0,0.0,-0.4705947018875499,0.15016290932437704,0.8489760460326753,0.18770029430273036,0.053633967913785746,-0.027000243528352275,0.02319542575900464,-9.46341725,-0.83356525,4.54047895
1789045879.733800,26.255,3.0,-4.2256430067455435,3,0,193,32.480543436376976,-4.7752350904715435,-15.857400331104941,2.0,91.0,107.0,1.0,-0.48994042001171995,3.650125489012088,102.0,3.1665098735996504,4.725903152497243,-8.219622040901166,-0.12098719539232122,-1.2534267027037687,0.0,-10.488288444017824,1.1252917448330217,0.007734279755114115,1.018196617179033,2.0,3.0,1.4433936589804262,-1.24757228486705,-0.374271685460115,2.0,0.0,0.0,2.05459458897706,0.5,,,4,2,2,4.088604927062988,-4,334,True,True,False,"A:1,B:1,ESTOP:0,MODE:1",DRIVE_RUN,,,,0,,,False,0,UNKNOWN,0.0,False,-9999.0,-1.0,-1.0,False,36.96762235,127.87397144833334,122.043,2,6.3504000000000005,36.96762235,127.87397144833334,3.0,2.5409171772003174,1.0,0.0,0.041834354400634766,0.0,4.959703205086491,-8.219622040901166,0.0,0.0,0.0,-0.4697889958757825,0.15094225311887438,0.8492658312596075,0.18778254293823282,0.026773350725593014,-0.0412770368096659,-0.006614797865058509,-8.502365549999999,-0.24516625,6.472389
1789045879.783840,26.305,2.0,-4.304975903823282,3,0,193,32.480543436376976,-4.7752350904715435,-15.919930553891334,2.0,92.0,107.0,1.0,-0.48994042001171995,3.336878047865756,103.0,3.383909972205492,4.725903152497243,-8.219622040901166,-0.12098719539232122,-0.9043777329466831,0.0,-10.488288444017824,1.1252917448330217,0.007734279755114115,1.018196617179033,2.0,3.0,1.4433936589804262,-1.272069305867636,-0.3816207917602908,2.0,0.0,0.0,2.05459458897706,0.5,,,4,2,2,4.17102575302124,-4,171,True,True,False,"A:1,B:1,ESTOP:0,MODE:1",DRIVE_RUN,,,,0,,,False,0,UNKNOWN,0.0,False,-9999.0,-1.0,-1.0,False,36.96762235,127.87397144833334,122.043,2,6.3504000000000005,36.96762235,127.87397144833334,3.0,2.56591703414917,1.0,0.0,0.09183406829833984,0.0,4.959703205086491,-8.219622040901166,0.0,0.0,0.0,-0.4691157583497038,0.15168936268523844,0.84941231787981,0.18820057584974947,0.029618237406343773,-0.009930923443847734,0.006318091892219472,-7.5118939,1.96133,4.08937305
1789045879.833928,26.355,2.0,-4.365144641357593,2,0,193,32.480543436376976,-4.7752350904715435,-15.964948439151385,2.0,92.0,107.0,1.0,-0.48994042001171995,3.3994082706521502,103.0,3.3839099722054926,4.725903152497243,-8.219622040901166,-0.12098719539232122,-1.0914022978459517,0.0,-10.488288444017824,1.1252917448330217,0.007734279755114115,1.018196617179033,2.0,2.0,1.5586747973244788,-1.296566326868222,-0.38896989806046656,2.0,0.0,0.0,2.05459458897706,0.5,,,4,2,2,3.9977669715881348,-5,190,True,True,False,"A:1,B:1,ESTOP:0,MODE:1",DRIVE_RUN,,,,0,,,False,0,UNKNOWN,0.0,False,-9999.0,-1.0,-1.0,False,36.96762235,127.87397144833334,122.043,2,6.3504000000000005,36.96762235,127.87397144833334,3.0,2.590895552635193,1.0,0.0,0.14179110527038574,0.0,4.959703205086491,-8.219622040901166,0.0,0.0,0.0,-0.4693861068470678,0.15180852743095982,0.8491763049668999,0.18849524339080637,0.023719024534602937,0.0381354441560761,-0.018133970928221083,-7.1588544999999995,0.6668522,5.3348176
1789045879.883906,26.405,2.0,-4.436047963388971,2,0,193,32.480543436376976,-4.7752350904715435,-16.019784437219528,2.0,92.0,107.0,1.0,-0.48994042001171995,3.4444261559122014,103.0,3.3839099722054917,4.725903152497243,-8.219622040901166,-0.12098719539232122,0.2142190633179697,0.0,-10.488288444017824,1.1252917448330217,0.007734279755114115,1.018196617179033,2.0,2.0,1.5586747973244788,-1.3210633478688079,-0.3963190043606423,2.0,0.0,0.0,2.05459458897706,0.5,,,4,2,2,4.142414093017578,-5,169,True,True,False,"A:1,B:1,ESTOP:0,MODE:1",DRIVE_RUN,,,,0,,,False,0,UNKNOWN,0.0,False,-9999.0,-1.0,-1.0,False,36.96762235,127.87397144833334,122.043,2,6.3504000000000005,36.96762235,127.87397144833334,3.0,2.615897674560547,1.0,0.0,0.19179534912109375,0.0,4.959703205086491,-8.219622040901166,0.0,0.0,0.0,-0.47021245752036606,0.15201964249637206,0.8487101785947674,0.18836482112531314,0.0020594885173533086,0.04733332931408622,-0.011431906600562858,-8.747531799999999,1.3337044,4.30511935
1789045879.933797,26.455,2.0,-5.464358804856733,2,0,193,32.75107380697075,-4.86688813756502,-16.00912829646083,2.0,92.0,107.0,1.0,-0.4807462516837486,3.499262153980341,103.0,3.383909972205492,4.442102576626521,-8.219622040901166,-0.12098719539232122,0.3462569143664354,0.0,-10.488288444017824,1.1252917448330217,0.007734279755114115,1.018196617179033,2.0,2.0,1.5586747973244788,-1.3455603688693938,-0.40366811066081815,2.0,0.0,0.0,2.05459458897706,0.5,,,4,2,2,4.098854064941406,-5,173,True,True,False,"A:1,B:1,ESTOP:0,MODE:1",DRIVE_RUN,,,,0,,,False,0,UNKNOWN,0.0,False,-9999.0,-1.0,-1.0,False,36.96762152666667,127.87397449,122.043,2,6.760000000000001,36.96762152666667,127.87397449,3.0,2.6170542001724244,1.0,0.0,0.03410840034484863,0.0,5.050626356095555,-8.219622040901166,0.0,0.0,0.0,-0.4709401646174495,0.1520223134734822,0.8483226594539022,0.18829031577146685,0.007243116395776467,0.013700834628155488,0.007609635538695277,-9.404577349999999,0.02941995,5.619210449999999
1789045879.983789,26.505,2.0,-5.454306901018077,2,0,203,32.75107380697075,-4.86688813756502,-15.99170154262083,2.0,92.0,107.0,1.0,-0.4807462516837486,4.05832655992387,103.0,3.1000970991597803,4.442102576626521,-8.219622040901166,-0.12098719539232122,-1.4582855651910218,0.0,-10.488288444017824,1.1252917448330217,0.007734279755114115,1.018196617179033,2.0,2.0,1.5586747973244788,-1.3695976814535813,-0.4108793044360744,2.0,0.0,0.0,2.05459458897706,0.5,,,4,2,2,4.247333526611328,-5,172,True,True,False,"A:1,B:1,ESTOP:0,MODE:1",DRIVE_RUN,,,,0,,,False,0,UNKNOWN,0.0,False,-9999.0,-1.0,-1.0,False,36.96762152666667,127.87397449,122.043,2,6.760000000000001,36.96762152666667,127.87397449,3.0,2.642048454284668,1.0,0.0,0.08409690856933594,0.0,5.050626356095555,-8.219622040901166,0.0,0.0,0.0,-0.4707838371285295,0.1521308007490281,0.848329894651167,0.1885608336933658,0.023125612588924867,-0.04539601384437251,-0.019879300180215415,-9.581097049999999,0.392266,4.5698989
1789045880.033861,26.555,2.0,-5.551676909012887,2,0,194,32.75107380697075,-4.86688813756502,-16.064402274367268,2.0,92.0,107.0,1.0,-0.4807462516837486,4.040899806083876,103.0,3.1000970991597803,4.442102576626521,-8.219622040901166,-0.12098719539232122,-1.3580774853339286,0.0,-10.488288444017824,1.1252917448330217,0.007734279755114115,1.018196617179033,2.0,2.0,1.5586747973244788,-1.3936349940377688,-0.41809049821133065,2.0,0.0,0.0,2.05459458897706,0.5,,,4,2,2,4.1180243492126465,-5,169,True,True,False,"A:1,B:1,ESTOP:0,MODE:1",DRIVE_RUN,,,,0,,,False,0,UNKNOWN,0.0,False,-9999.0,-1.0,-1.0,False,36.96762152666667,127.87397449,122.043,2,6.760000000000001,36.96762152666667,127.87397449,3.0,2.6670491456985475,1.0,0.0,0.13409829139709473,0.0,5.050626356095555,-8.219622040901166,0.0,0.0,0.0,-0.46979915301558833,0.1519150222114885,0.8488053989881401,0.18905019571770662,0.02998475654926258,-0.05818927726149095,-0.0020943951023931952,-7.0215613999999995,0.392266,4.9131316499999995
1789045880.083781,26.605,2.0,-5.643507416227752,2,0,194,32.75107380697075,-4.86688813756502,-16.13246733174617,2.0,92.0,107.0,1.0,-0.4807462516837486,4.113600537830308,103.0,3.10009709915978,4.442102576626521,-8.219622040901166,-0.12098719539232122,-0.490060697966065,0.0,-10.488288444017824,1.1252917448330217,0.007734279755114115,1.018196617179033,2.0,2.0,1.5586747973244788,-1.4176723066219563,-0.4253016919865869,2.0,0.0,0.0,2.05459458897706,0.5,,,4,2,2,3.9315521717071533,-5,328,True,True,False,"A:1,B:1,ESTOP:0,MODE:1",DRIVE_RUN,,,,0,,,False,0,UNKNOWN,0.0,False,-9999.0,-1.0,-1.0,False,36.96762152666667,127.87397449,122.043,2,6.760000000000001,36.96762152666667,127.87397449,3.0,2.692067837715149,1.0,0.0,0.18413567543029785,0.0,5.050626356095555,-8.219622040901166,0.0,0.0,0.0,-0.4686370411562991,0.15200806385550183,0.8493892925859088,0.18923715760806636,0.01001818990644745,0.011047934165124106,-0.017034413499464655,-7.81590005,0.93163175,5.8545700499999995
1789045880.133814,26.655,2.0,-5.292275373850541,2,0,194,33.03035009197693,-4.951862015449236,-16.156888906092576,2.0,92.0,107.0,1.0,-0.4654702493576319,4.1816655952092106,103.0,3.1000970991597803,4.1513307239674795,-8.219622040901166,-0.12098719539232122,-0.5774055161114344,0.0,-10.488288444017824,1.1252917448330217,0.007734279755114115,1.018196617179033,2.0,2.0,1.5586747973244788,-1.4417096192061438,-0.43251288576184316,2.0,0.0,0.0,2.05459458897706,0.5,,,4,2,2,3.890204429626465,-5,262,True,True,False,"A:1,B:1,ESTOP:0,MODE:1",DRIVE_RUN,,,,0,,,False,0,UNKNOWN,0.0,False,-9999.0,-1.0,-1.0,False,36.967620763333336,127.87397763,122.023,2,6.3504000000000005,36.967620763333336,127.87397763,3.0,2.52,1.0,1.0,0.0,0.0,4.9727530491886185,-8.219622040901166,0.0,0.0,0.0,-0.4684449589144486,0.152154581428927,0.8494568855404759,0.1892915830820364,0.01583013631558857,-0.02790781473938933,-0.003944444109507185,-8.669078599999999,0.7551120499999999,5.3936575
1789045880.183774,26.705,2.0,-5.335081679524572,2,0,193,33.03035009197693,-4.951862015449236,-16.18567297657441,2.0,93.0,107.0,1.0,-0.4654702493576319,4.104285480891693,104.0,3.2804324699871983,4.1513307239674795,-8.219622040901166,-0.12098719539232122,0.05833900481133558,0.0,-10.488288444017824,1.1252917448330217,0.007734279755114115,1.018196617179033,2.0,2.0,1.5627759425482775,-1.4649831316740254,-0.4394949395022076,2.0,0.0,0.0,2.05459458897706,0.5,,,4,2,2,3.8651089668273926,-5,170,True,True,False,"A:1,B:1,ESTOP:0,MODE:1",DRIVE_RUN,,,,0,,,False,0,UNKNOWN,0.0,False,-9999.0,-1.0,-1.0,False,36.967620763333336,127.87397763,122.023,2,6.3504000000000005,36.967620763333336,127.87397763,3.0,2.556861777305603,1.0,0.0,0.07372355461120605,0.0,4.9727530491886185,-8.219622040901166,0.0,0.0,0.0,-0.46813105875599553,0.152311904285871,0.8495561779791044,0.18949589995126193,0.01174606586592184,0.00890117918517108,0.006056292504420323,-8.16893945,0.7060787999999999,4.99158485
1789045880.233791,26.755,2.0,-5.342160560796295,2,0,194,33.03035009197693,-4.951862015449236,-16.1827434970142,2.0,93.0,107.0,1.0,-0.4654702493576319,4.133069551373527,104.0,3.2804324699871983,4.1513307239674795,-8.219622040901166,-0.12098719539232122,-1.1430027047446591,0.0,-10.488288444017824,1.1252917448330217,0.007734279755114115,1.018196617179033,2.0,2.0,1.5627759425482775,-1.488256644141907,-0.44647699324257206,2.0,0.0,0.0,2.05459458897706,0.5,,,4,2,2,3.8182032108306885,-6,170,True,True,False,"A:1,B:1,ESTOP:0,MODE:1",DRIVE_RUN,,,,0,,,False,0,UNKNOWN,0.0,False,-9999.0,-1.0,-1.0,False,36.967620763333336,127.87397763,122.023,2,6.3504000000000005,36.967620763333336,127.87397763,3.0,2.581899185180664,1.0,0.0,0.12379837036132812,0.0,4.9727530491886185,-8.219622040901166,0.0,0.0,0.0,-0.4678686901290281,0.15238078207155933,0.8496141998227424,0.18982807356070497,0.018884462506578648,-0.003438298626428829,-0.022427480888127134,-8.1983594,1.67693715,5.3348176
1789045880.283824,26.805,2.0,-5.41703732124655,2,0,194,33.03035009197693,-4.951862015449236,-16.2400001303634,2.0,93.0,107.0,1.0,-0.4654702493576319,4.130140071813317,104.0,3.2804324699871983,4.1513307239674795,-8.219622040901166,-0.12098719539232122,0.8956972224565026,0.0,-10.488288444017824,1.1252917448330217,0.007734279755114115,1.018196617179033,2.0,2.0,1.5627759425482775,-1.5115301566097885,-0.45345904698293654,2.0,0.0,0.0,2.05459458897706,0.5,,,4,2,2,3.813605308532715,-6,277,True,True,False,"A:1,B:1,ESTOP:0,MODE:1",DRIVE_RUN,,,,0,,,False,0,UNKNOWN,0.0,False,-9999.0,-1.0,-1.0,False,36.967620763333336,127.87397763,122.023,2,6.3504000000000005,36.967620763333336,127.87397763,3.0,2.6069075059890747,1.0,0.0,0.17381501197814941,0.0,4.9727530491886185,-8.219622040901166,0.0,0.0,0.0,-0.46752126019987,0.15245926925286615,0.8498483157068639,0.18957289566341973,-0.0023911010752322315,-0.015446163880149816,0.014433872913993104,-7.972806449999999,0.4707192,4.707191999999999
1789045880.333936,26.855,2.0,-5.637441205532809,2,0,194,33.29598868168991,-5.039804413333556,-16.195285143081662,2.0,93.0,107.0,1.0,-0.4525204843526398,4.1873967051625165,104.0,3.2804324699871983,3.8735300259115784,-8.219622040901166,-0.12098719539232122,1.4506595578238988,0.0,-10.488288444017824,1.1252917448330217,0.007734279755114115,1.018196617179033,2.0,2.0,1.5627759425482775,-1.53480366907767,-0.460441100723301,2.0,0.0,0.0,2.05459458897706,0.5,,,4,2,2,3.750408887863159,-6,170,True,True,False,"A:1,B:1,ESTOP:0,MODE:1",DRIVE_RUN,,,,0,,,False,0,UNKNOWN,0.0,False,-9999.0,-1.0,-1.0,False,36.967619973333335,127.87398061666667,122.042,2,6.3504000000000005,36.967619973333335,127.87398061666667,3.0,2.536977071762085,1.0,0.0,0.03395414352416992,0.0,5.144044260610305,-8.219622040901166,0.0,0.0,0.0,-0.4673066020898645,0.1519418818870248,0.8501466468028632,0.1891794996866793,-0.014311699866353502,-0.0016231562043547264,0.010943214410004447,-7.93357985,-0.04903325,4.99158485
1789045880.383800,26.905,2.0,-5.570133124927385,2,0,194,33.29598868168991,-5.039804413333556,-16.122883662755697,2.0,95.0,107.0,1.0,-0.4525204843526398,4.60614232228511,105.0,3.454047330432531,3.8735300259115784,-8.219622040901166,-0.12098719539232122,0.5751082104490799,0.0,-10.488288444017824,1.1252917448330217,0.007734279755114115,1.018196617179033,2.0,2.0,1.5627759425482775,-1.557429693295302,-0.46722890798859057,2.0,0.0,0.0,2.05459458897706,0.5,,,4,2,2,3.7802302837371826,-6,171,True,True,False,"A:1,B:1,ESTOP:0,MODE:1",DRIVE_RUN,,,,0,,,False,0,UNKNOWN,0.0,False,-9999.0,-1.0,-1.0,False,36.967619973333335,127.87398061666667,122.042,2,6.3504000000000005,36.967619973333335,127.87398061666667,3.0,2.5620314073562622,1.0,0.0,0.08406281471252441,0.0,5.144044260610305,-8.219622040901166,0.0,0.0,0.0,-0.467383880675386,0.15191118778230384,0.8502221677846465,0.18867316851890328,0.0048345620280242935,-0.005986479334340551,0.014451326206513048,-8.56120545,0.7453053999999999,4.89351835
1789045880.433848,26.955,2.0,-5.549401195438195,2,0,194,33.29598868168991,-5.039804413333556,-16.094054922338472,2.0,95.0,107.0,1.0,-0.4525204843526398,4.533740841959148,105.0,3.4540473304325303,3.8735300259115784,-8.219622040901166,-0.12098719539232122,0.6111456654097859,0.0,-10.488288444017824,1.1252917448330217,0.007734279755114115,1.018196617179033,2.0,2.0,1.5627759425482775,-1.580055717512934,-0.47401671525388017,2.0,0.0,0.0,2.05459458897706,0.5,,,4,2,2,3.833380937576294,-6,203,True,True,False,"A:1,B:1,ESTOP:0,MODE:1",DRIVE_RUN,,,,0,,,False,0,UNKNOWN,0.0,False,-9999.0,-1.0,-1.0,False,36.967619973333335,127.87398061666667,122.042,2,6.3504000000000005,36.967619973333335,127.87398061666667,3.0,2.5870149326324463,1.0,0.0,0.13402986526489258,0.0,5.144044260610305,-8.219622040901166,0.0,0.0,0.0,-0.4669659989707842,0.1519679377839928,0.8505259601875341,0.18829257217949735,0.0011344640137963143,-0.025656340004316644,0.012060225131280817,-8.18855275,1.10815145,4.5895122
1789045880.483897,27.005,2.0,-5.5267422474263395,2,0,194,33.29598868168991,-5.039804413333556,-16.063426271053913,2.0,95.0,107.0,1.0,-0.4525204843526398,4.504912101541922,105.0,3.4540473304325308,3.8735300259115784,-8.219622040901166,-0.12098719539232122,0.38458956297083025,0.0,-10.488288444017824,1.1252917448330217,0.007734279755114115,1.018196617179033,2.0,2.0,1.5627759425482775,-1.6026817417305659,-0.4808045225191697,2.0,0.0,0.0,2.05459458897706,0.5,,,3,2,1,3.840320348739624,-6,170,True,True,False,"A:1,B:1,ESTOP:0,MODE:1",DRIVE_RUN,,,,0,,,False,0,UNKNOWN,0.0,False,-9999.0,-1.0,-1.0,False,36.967619973333335,127.87398061666667,122.042,2,6.3504000000000005,36.967619973333335,127.87398061666667,3.0,2.6120368432998657,1.0,0.0,0.18407368659973145,0.0,5.144044260610305,-8.219622040901166,0.0,0.0,0.0,-0.4660710897676946,0.15187153340065496,0.8511294650768197,0.1878600817186404,0.0009424777960769379,-0.024190263432641405,0.0033684854563490563,-8.051259649999999,1.14737805,4.8444851
1789045880.534331,27.055,2.0,-6.458260298564694,2,0,194,33.5628131567961,-5.120139979113096,-16.04416481028332,2.0,95.0,107.0,1.0,-0.4310897775751329,4.474283450257361,105.0,3.4540473304325308,3.5962890078495198,-8.219622040901166,-0.12098719539232122,-0.45657346417357864,0.0,-10.488288444017824,1.1252917448330217,0.007734279755114115,1.018196617179033,2.0,2.0,1.6166072472062556,-1.6253077659481978,-0.4875923297844593,2.0,0.0,0.0,2.05459458897706,0.5,,,4,2,2,3.8015859127044678,-6,177,True,True,False,"A:1,B:1,ESTOP:0,MODE:1",DRIVE_RUN,,,,0,,,False,0,UNKNOWN,0.0,False,-9999.0,-1.0,-1.0,False,36.96761925166667,127.87398361666666,122.055,2,6.3504000000000005,36.96761925166667,127.87398361666666,3.0,2.5381573629379273,1.0,0.0,0.03631472587585449,0.0,5.188118003749794,-8.219622040901166,0.0,0.0,0.0,-0.46594092057964137,0.15112810023882922,0.8513146311637162,0.18794348782063322,0.014870205226991687,-0.016231562043547264,-0.00307177948351002,-8.79656505,1.30428445,5.638823749999999
1789045880.583905,27.105,2.0,-6.494291360674265,2,0,194,33.5628131567961,-5.120139979113096,-16.066924664983844,1.5,95.0,107.0,1.0,-0.4310897775751329,4.907654157690671,105.0,3.1766228444253395,3.5962890078495198,-8.219622040901166,-0.12098719539232122,-0.09382136152506632,0.0,-10.488288444017824,1.1252917448330217,0.007734279755114115,1.018196617179033,2.0,2.0,1.6166072472062556,-1.6468622548269545,-0.4940586764480863,2.0,0.0,0.0,2.05459458897706,0.5,,,2,1,1,3.837862014770508,-6,175,True,True,False,"A:1,B:1,ESTOP:0,MODE:1",DRIVE_RUN,,,,0,,,False,0,UNKNOWN,0.0,False,-9999.0,-1.0,-1.0,False,36.96761925166667,127.87398361666666,122.055,2,6.3504000000000005,36.96761925166667,127.87398361666666,3.0,2.5631545972824097,1.0,0.0,0.08630919456481934,0.0,5.188118003749794,-8.219622040901166,0.0,0.0,0.0,-0.4660680095696007,0.15073767689190373,0.8513257665495119,0.1878914644946615,0.013683381335635543,-0.015760323145508796,0.0077492618788548235,-8.590625399999999,0.8629851999999999,4.93274495
1789045880.633888,27.155,2.0,-6.509345980594729,2,0,256,33.5628131567961,-5.120139979113096,-16.071611411416484,1.0,95.0,107.0,1.0,-0.4310897775751329,4.9304140123911955,105.0,3.17662284442534,3.5962890078495198,-8.219622040901166,-0.12098719539232122,1.540047354096755,0.0,-10.488288444017824,1.1252917448330217,0.007734279755114115,1.018196617179033,2.0,2.0,1.6166072472062556,-1.6684167437057111,-0.5005250231117133,2.0,0.0,0.0,2.05459458897706,0.5,,,2,1,1,3.720127582550049,-6,171,True,True,False,"A:1,B:1,ESTOP:0,MODE:1",DRIVE_RUN,,,,0,,,False,0,UNKNOWN,0.0,False,-9999.0,-1.0,-1.0,False,36.96761925166667,127.87398361666666,122.055,2,6.3504000000000005,36.96761925166667,127.87398361666666,3.0,2.5881411027908325,1.0,0.0,0.13628220558166504,0.0,5.188118003749794,-8.219622040901166,0.0,0.0,0.0,-0.46570887231890756,0.15069745037697968,0.8516239181704959,0.18746260078549523,-0.014503686084072877,0.008080874436733746,0.012356931104119853,-8.0218397,0.97085835,5.648630399999999
1789045880.683859,27.205,2.0,-6.428990093785716,2,0,194,33.5628131567961,-5.120139979113096,-15.994098375467274,1.0,95.0,107.0,1.0,-0.4310897775751329,4.9351007588238325,105.0,3.1766228444253395,3.5962890078495198,-8.219622040901166,-0.12098719539232122,0.5139726618491858,0.0,-10.488288444017824,1.1252917448330217,0.007734279755114115,1.018196617179033,2.0,2.0,1.6166072472062556,-1.6899712325844678,-0.5069913697753403,2.0,0.0,0.0,2.05459458897706,0.5,,,4,2,2,3.7537572383880615,-6,179,True,True,False,"A:1,B:1,ESTOP:0,MODE:1",DRIVE_RUN,,,,0,,,False,0,UNKNOWN,0.0,False,-9999.0,-1.0,-1.0,False,36.96761925166667,127.87398361666666,122.055,2,6.3504000000000005,36.96761925166667,127.87398361666666,3.0,2.613168616294861,1.0,0.0,0.18633723258972168,0.0,5.188118003749794,-8.219622040901166,0.0,0.0,0.0,-0.4655283129000932,0.15075233101024665,0.8517929870516632,0.18709845481183182,-0.0016755160819145565,0.0075223690760955605,-0.001413716694115407,-8.95347145,0.73549875,5.14849125
1789045880.733860,27.255,2.0,-7.741901763928734,2,0,196,33.81718582453016,-5.203815129892752,-15.968505274366862,1.0,95.0,107.0,1.0,-0.4152004125006762,4.857587722874626,105.0,3.17662284442534,3.330947550822053,-8.219622040901166,-0.12098719539232122,1.0396498772538556,0.0,-10.488288444017824,1.1252917448330217,0.007734279755114115,1.018196617179033,2.0,2.0,1.6166072472062556,-1.7115257214632245,-0.5134577164389673,2.0,0.0,0.0,2.05459458897706,0.5,,,2,1,1,3.7051427364349365,-6,174,True,True,False,"A:1,B:1,ESTOP:0,MODE:1",DRIVE_RUN,,,,0,,,False,0,UNKNOWN,0.0,False,-9999.0,-1.0,-1.0,False,36.9676185,127.87398647666667,122.005,2,6.3504000000000005,36.9676185,127.87398647666667,3.0,2.52,1.0,1.0,0.0,0.0,4.804527437131831,-8.219622040901166,0.0,0.0,0.0,-0.46534593910458116,0.15070506334227243,0.8519689469376616,0.18678879595899017,-0.008779006137531478,0.009878563566287904,0.004380776422505767,-8.747531799999999,0.7158854499999999,5.570177199999999
1789045880.783804,27.305,2.0,-7.6852121294795355,2,0,198,33.81718582453016,-5.203815129892752,-15.916295779467134,2.0,97.0,107.0,1.0,-0.4152004125006762,5.480889865613803,105.0,2.9110651348587506,3.330947550822053,-8.219622040901166,-0.12098719539232122,1.6133576009075576,0.0,-10.488288444017824,1.1252917448330217,0.007734279755114115,1.018196617179033,2.0,2.0,1.6166072472062556,-1.7322857420882583,-0.5196857226264775,2.0,0.0,0.0,2.05459458897706,0.5,,,4,2,2,3.4929487705230713,-6,170,True,True,False,"A:1,B:1,ESTOP:0,MODE:1",DRIVE_RUN,,,,0,,,False,0,UNKNOWN,0.0,False,-9999.0,-1.0,-1.0,False,36.9676185,127.87398647666667,122.005,2,6.3504000000000005,36.9676185,127.87398647666667,3.0,2.557314534187317,1.0,0.0,0.07462906837463379,0.0,4.804527437131831,-8.219622040901166,0.0,0.0,0.0,-0.4651697966124089,0.14991329716031482,0.8521872807541852,0.18686867628064602,-0.012182398178920419,-0.01530653753999027,0.022636920398366452,-7.95319315,-0.0588399,6.01147645
1789045880.833832,27.355,2.0,-7.59271732648474,2,0,196,33.81718582453016,-5.203815129892752,-15.83576260540201,2.0,97.0,107.0,1.0,-0.4152004125006762,5.4286803707140745,105.0,2.9110651348587506,3.330947550822053,-8.219622040901166,-0.12098719539232122,1.8785343124191285,0.0,-10.488288444017824,1.1252917448330217,0.007734279755114115,1.018196617179033,2.0,2.0,1.6166072472062556,-1.753045762713292,-0.5259137288139876,2.0,0.0,0.0,2.05459458897706,0.5,,,4,2,2,3.3041486740112305,-6,170,True,True,False,"A:1,B:1,ESTOP:0,MODE:1",DRIVE_RUN,,,,0,,,False,0,UNKNOWN,0.0,False,-9999.0,-1.0,-1.0,False,36.9676185,127.87398647666667,122.005,2,6.3504000000000005,36.9676185,127.87398647666667,3.0,2.582311291694641,1.0,0.0,0.12462258338928223,0.0,4.804527437131831,-8.219622040901166,0.0,0.0,0.0,-0.4650329085044337,0.14966995277905099,0.8523620131734648,0.18660733571299337,-0.02912954521578536,0.0019896753472735357,-0.000767944870877505,-7.93357985,1.1571847,6.129156249999999
1789045880.883825,27.405,2.0,-7.483788821533757,2,0,196,33.81718582453016,-5.203815129892752,-15.742253401169364,2.0,97.0,107.0,1.0,-0.4152004125006762,5.34814719664895,105.0,2.911065134858751,3.330947550822053,-8.219622040901166,-0.12098719539232122,-0.025375510582387073,0.0,-10.488288444017824,1.1252917448330217,0.007734279755114115,1.018196617179033,2.0,2.0,1.5099080569238943,-1.7738057833383258,-0.5321417350014978,2.0,0.0,0.0,2.05459458897706,0.5,,,3,1,2,3.548654794692993,-6,178,True,True,False,"A:1,B:1,ESTOP:0,MODE:1",DRIVE_RUN,,,,0,,,False,0,UNKNOWN,0.0,False,-9999.0,-1.0,-1.0,False,36.9676185,127.87398647666667,122.005,2,6.3504000000000005,36.9676185,127.87398647666667,3.0,2.6072886180877686,1.0,0.0,0.1745772361755371,0.0,4.804527437131831,-8.219622040901166,0.0,0.0,0.0,-0.46498070345816706,0.1486328740227173,0.8524983070828517,0.1869434422283034,0.014468779499032991,-0.011641346110802179,0.010995574287564275,-8.36507245,0.8041453,3.4519407999999996
1789045880.933854,27.455,2.0,-8.397848254364071,2,0,197,34.08149029080591,-5.288603475672449,-15.74352448658587,2.0,97.0,107.0,1.0,-0.38527658444656104,5.254637992416306,105.0,2.9110651348587506,3.0560507963643557,-8.219622040901166,-0.12098719539232122,-1.2093164044495985,0.0,-10.488288444017824,1.1252917448330217,0.007734279755114115,1.018196617179033,2.0,2.0,1.5099080569238943,-1.7945658039633596,-0.5383697411890078,2.0,0.0,0.0,2.05459458897706,0.5,,,4,2,2,3.5128896236419678,-8,172,True,True,False,"A:1,B:1,ESTOP:0,MODE:1",DRIVE_RUN,,,,0,,,False,0,UNKNOWN,0.0,False,-9999.0,-1.0,-1.0,False,36.96761773833333,127.87398944833333,122.03899999999999,2,6.3504000000000005,36.96761773833333,127.87398944833333,3.0,2.536961693763733,1.0,0.0,0.03392338752746582,0.0,4.8794894517959975,-8.219622040901166,0.0,0.0,0.0,-0.4648358398264266,0.14834402188202622,0.8526624981312386,0.18678425379383892,0.025726153174396416,0.011554079648202462,-0.014800392056911913,-8.71811185,0.6864655000000001,5.50153065
1789045880.983947,27.505,2.0,-8.478673126482253,2,0,195,34.08149029080591,-5.288603475672449,-15.80370653882079,1.5,98.0,107.0,1.0,-0.38527658444656104,6.270426899982507,106.0,3.0560507963643553,3.0560507963643557,-8.219622040901166,-0.12098719539232122,0.81018383288901,0.0,-10.488288444017824,1.1252917448330217,0.007734279755114115,1.018196617179033,2.0,2.0,1.5099080569238943,-1.8138296331856876,-0.5441488899557062,2.0,0.0,0.0,2.05459458897706,0.5,,,2,1,1,3.1867220401763916,-8,169,True,True,False,"A:1,B:1,ESTOP:0,MODE:1",DRIVE_RUN,,,,0,,,False,0,UNKNOWN,0.0,False,-9999.0,-1.0,-1.0,False,36.96761773833333,127.87398944833333,122.03899999999999,2,6.3504000000000005,36.96761773833333,127.87398944833333,3.0,2.561956424713135,1.0,0.0,0.08391284942626953,0.0,4.8794894517959975,-8.219622040901166,0.0,0.0,0.0,-0.46456114080981303,0.14791001579729463,0.8530284354599155,0.18613989892856914,0.01207767842380076,0.003839724354387525,0.03438298626428829,-8.28661925,0.0392266,7.050981349999999
1789045881.033864,27.555,2.0,-8.438187700558329,2,0,195,34.08149029080591,-5.288603475672449,-15.762806037817597,1.5,98.0,107.0,1.0,-0.38527658444656104,6.3306089522174265,106.0,3.0560507963643557,3.0560507963643557,-8.219622040901166,-0.12098719539232122,3.872824624710422,0.0,-10.488288444017824,1.1252917448330217,0.007734279755114115,1.018196617179033,2.0,2.0,1.5099080569238943,-1.8330934624080157,-0.5499280387224047,2.0,0.0,0.0,2.05459458897706,0.5,,,3,2,1,3.1737658977508545,-8,174,True,True,False,"A:1,B:1,ESTOP:0,MODE:1",DRIVE_RUN,,,,0,,,False,0,UNKNOWN,0.0,False,-9999.0,-1.0,-1.0,False,36.96761773833333,127.87398944833333,122.03899999999999,2,6.3504000000000005,36.96761773833333,127.87398944833333,3.0,2.5869652223587036,1.0,0.0,0.13393044471740723,0.0,4.8794894517959975,-8.219622040901166,0.0,0.0,0.0,-0.46465302780214174,0.14748650325904777,0.8532309797817358,0.1853164597423017,-0.06283185307179587,-0.0018151424220741027,0.011030480872604163,-8.11009955,0.77472535,5.0210048
1789045881.083817,27.605,2.0,-8.214756477390624,2,0,194,34.08149029080591,-5.288603475672449,-15.569552799657288,1.5,98.0,107.0,1.0,-0.38527658444656104,6.289708451214232,106.0,3.0560507963643557,3.0560507963643557,-8.219622040901166,-0.12098719539232122,1.1300039228499321,0.0,-10.488288444017824,1.1252917448330217,0.007734279755114115,1.018196617179033,2.0,2.0,1.5099080569238943,-1.852357291630344,-0.5557071874891032,2.0,0.0,0.0,2.05459458897706,0.5,,,3,1,2,3.4427266120910645,-8,179,True,True,False,"A:1,B:1,ESTOP:0,MODE:1",DRIVE_RUN,,,,0,,,False,0,UNKNOWN,0.0,False,-9999.0,-1.0,-1.0,False,36.96761773833333,127.87398944833333,122.03899999999999,2,6.3504000000000005,36.96761773833333,127.87398944833333,3.0,2.611949701309204,1.0,0.0,0.1838994026184082,0.0,4.8794894517959975,-8.219622040901166,0.0,0.0,0.0,-0.46467382553835473,0.14720103022375458,0.8534033646779413,0.18469647997995123,-0.01001818990644745,-0.003944444109507185,0.00747000919853573,-8.42391235,2.3535959999999996,3.7363336499999997
1789045881.133998,27.655,3.0,-9.330425537051715,2,0,217,34.333046477413276,-5.34964366303326,-15.513118124982498,1.5,98.0,107.0,1.0,-0.3430174286566158,6.096455213053927,106.0,3.0560507963643557,2.7979420147772025,-8.219622040901166,-0.12098719539232122,-0.1140777716710895,0.0,-10.488288444017824,1.1252917448330217,0.007734279755114115,1.018196617179033,2.0,2.0,1.5099080569238943,-1.871621120852672,-0.5614863362558016,2.0,0.0,0.0,2.05459458897706,0.5,,,3,1,2,3.32085919380188,-8,170,True,True,False,"A:1,B:1,ESTOP:0,MODE:1",DRIVE_RUN,,,,0,,,False,0,UNKNOWN,0.0,False,-9999.0,-1.0,-1.0,False,36.96761719,127.87399227666667,122.061,2,6.3504000000000005,36.96761719,127.87399227666667,3.0,2.52,1.0,1.0,0.0,0.0,4.76489048824631,-8.219622040901166,0.0,0.0,0.0,-0.4648231498178544,0.1466728695955075,0.8534870942017182,0.18435370554761007,0.016126842288427607,0.0035081117965086025,0.008517206749732328,-8.394492399999999,0.32361945,5.79573015
1789045881.183828,27.705,3.0,-9.345518873985263,3,0,205,34.333046477413276,-5.34964366303326,-15.518800684690376,1.5,98.0,107.0,1.0,-0.3430174286566158,6.425119968902091,106.0,2.7979420147772025,2.7979420147772025,-8.219622040901166,-0.12098719539232122,2.2756367731856204,0.0,-10.488288444017824,1.1252917448330217,0.007734279755114115,1.018196617179033,2.0,3.0,1.4974514419378726,-1.8887719922855029,-0.5666315976856509,2.0,0.0,0.0,2.05459458897706,0.5,,,3,2,1,3.1390600204467773,-8,171,True,True,False,"A:1,B:1,ESTOP:0,MODE:1",DRIVE_RUN,,,,0,,,False,0,UNKNOWN,0.0,False,-9999.0,-1.0,-1.0,False,36.96761719,127.87399227666667,122.061,2,6.3504000000000005,36.96761719,127.87399227666667,3.0,2.5547888469696045,1.0,0.0,0.06957769393920898,0.0,4.76489048824631,-8.219622040901166,0.0,0.0,0.0,-0.4647720634004789,0.14644100721373093,0.8537090152258503,0.1836378986233456,-0.025115287936198404,0.020804324683772406,0.01785471824790199,-8.227779349999999,0.8237586,6.2370294
1789045881.233863,27.755,3.0,-9.204128795401296,3,0,205,34.333046477413276,-5.34964366303326,-15.404915326711489,1.5,98.0,107.0,1.0,-0.3430174286566158,6.430802528609968,106.0,2.7979420147772025,2.7979420147772025,-8.219622040901166,-0.12098719539232122,1.4630985848176539,0.0,-10.488288444017824,1.1252917448330217,0.007734279755114115,1.018196617179033,2.0,3.0,1.4974514419378726,-1.9059228637183336,-0.5717768591155,2.0,0.0,0.0,2.05459458897706,0.5,,,3,2,1,3.244683027267456,-8,170,True,True,False,"A:1,B:1,ESTOP:0,MODE:1",DRIVE_RUN,,,,0,,,False,0,UNKNOWN,0.0,False,-9999.0,-1.0,-1.0,False,36.96761719,127.87399227666667,122.061,2,6.3504000000000005,36.96761719,127.87399227666667,3.0,2.5797918033599854,1.0,0.0,0.1195836067199707,0.0,4.76489048824631,-8.219622040901166,0.0,0.0,0.0,-0.4648073279533412,0.14601509250046563,0.8538707818132526,0.18313500104726144,-0.01731366617978375,-0.00890117918517108,0.00710349005561692,-8.6102387,0.55897905,4.48163905
1789045881.283880,27.805,3.0,-9.115517976568272,3,0,204,34.333046477413276,-5.34964366303326,-15.33138896340833,1.5,98.0,107.0,1.0,-0.3430174286566158,6.316917170631083,106.0,2.7979420147772025,2.7979420147772025,-8.219622040901166,-0.12098719539232122,2.29472603764421,0.0,-10.488288444017824,1.1252917448330217,0.007734279755114115,1.018196617179033,2.0,3.0,1.4974514419378726,-1.9230737351511644,-0.5769221205453493,2.0,0.0,0.0,2.05459458897706,0.5,,,3,1,2,3.136802911758423,-8,170,True,True,False,"A:1,B:1,ESTOP:0,MODE:1",DRIVE_RUN,,,,0,,,False,0,UNKNOWN,0.0,False,-9999.0,-1.0,-1.0,False,36.96761719,127.87399227666667,122.061,2,6.3504000000000005,36.96761719,127.87399227666667,3.0,2.6048071575164795,1.0,0.0,0.16961431503295898,0.0,4.76489048824631,-8.219622040901166,0.0,0.0,0.0,-0.46462396214427454,0.14570908631800217,0.8541386217611248,0.18259422439314751,-0.033021629447732716,0.003560471674068432,0.0069638637154573755,-8.325845849999999,1.53964405,6.03108975
1789045881.333872,27.855,3.0,-10.845416474115009,3,0,205,34.5847508995368,-5.422557929603513,-15.21725403969532,1.5,98.0,107.0,1.0,-0.3168697974659193,6.2433908073279225,106.0,2.7979420147772025,2.5380851588433537,-8.219622040901166,-0.12098719539232122,1.6423283167083633,0.0,-10.488288444017824,1.1252917448330217,0.007734279755114115,1.018196617179033,2.0,3.0,1.4974514419378726,-1.9402246065839952,-0.5820673819751986,2.0,0.0,0.0,2.05459458897706,0.5,,,4,2,2,3.22957181930542,-9,320,True,True,False,"A:1,B:1,ESTOP:0,MODE:1",DRIVE_RUN,,,,0,,,False,0,UNKNOWN,0.0,False,-9999.0,-1.0,-1.0,False,36.967616535,127.87399510666667,122.053,2,5.3824,36.967616535,127.87399510666667,3.0,2.335837788581848,1.0,0.0,0.03167557716369629,0.0,4.660799732341919,-8.219622040901166,0.0,0.0,0.0,-0.4646169303968242,0.14504335364313442,0.8543258333230876,0.18226602554891302,-0.018395770316020233,0.009494591130849153,0.008848819307611252,-8.041452999999999,0.4118793,4.1776329
1789045881.383858,27.905,3.0,-10.73313066610918,3,0,200,34.5847508995368,-5.422557929603513,-15.134186207523868,1.5,99.0,107.0,1.0,-0.3168697974659193,6.857118400611907,106.0,2.5380851588433537,2.5380851588433537,-8.219622040901166,-0.12098719539232122,1.8474685422596817,0.0,-10.488288444017824,1.1252917448330217,0.007734279755114115,1.018196617179033,2.0,3.0,1.4974514419378726,-1.9560680964572912,-0.5868204289371873,2.0,0.0,0.0,2.05459458897706,0.5,,,2,1,1,3.2420291900634766,-9,170,True,True,False,"A:1,B:1,ESTOP:0,MODE:1",DRIVE_RUN,,,,0,,,False,0,UNKNOWN,0.0,False,-9999.0,-1.0,-1.0,False,36.967616535,127.87399510666667,122.053,2,5.3824,36.967616535,127.87399510666667,3.0,2.3608393144607542,1.0,0.0,0.08167862892150879,0.0,4.660799732341919,-8.219622040901166,0.0,0.0,0.0,-0.4650928331961023,0.14429171276126396,0.8543880632341432,0.1813548883847727,-0.01905899543177808,-0.011798425743481668,0.018203784098300854,-8.669078599999999,0.4216859499999999,5.099458
1789045881.433876,27.955,3.0,-10.608962220324292,3,0,193,34.5847508995368,-5.422557929603513,-15.042892022025768,1.0,99.0,107.0,1.0,-0.3168697974659193,6.774050568440458,106.0,2.538085158843354,2.5380851588433537,-8.219622040901166,-0.12098719539232122,1.8679226582220068,0.0,-10.488288444017824,1.1252917448330217,0.007734279755114115,1.018196617179033,2.0,3.0,1.4974514419378726,-1.9719115863305872,-0.5915734758991761,2.0,0.0,0.0,2.05459458897706,0.5,,,2,1,1,3.1707797050476074,-9,345,True,True,False,"A:1,B:1,ESTOP:0,MODE:1",DRIVE_RUN,,,,0,,,False,0,UNKNOWN,0.0,False,-9999.0,-1.0,-1.0,False,36.967616535,127.87399510666667,122.053,2,5.3824,36.967616535,127.87399510666667,3.0,2.3858309459686278,1.0,0.0,0.13166189193725586,0.0,4.660799732341919,-8.219622040901166,0.0,0.0,0.0,-0.46504758104433236,0.14375075391733594,0.8547232073100968,0.18031834903457297,-0.011274826967883369,-0.005445427266222308,0.03192207201897629,-8.394492399999999,0.29419949999999995,5.4721107
1789045881.483826,28.005,3.0,-10.4800587648501,3,0,287,34.5847508995368,-5.422557929603513,-14.948350989848961,1.0,99.0,107.0,1.0,-0.3168697974659193,6.682756382942363,106.0,2.5380851588433537,2.5380851588433537,-8.219622040901166,-0.12098719539232122,3.5580459789881296,0.0,-10.488288444017824,1.1252917448330217,0.007734279755114115,1.018196617179033,2.0,3.0,1.4974514419378726,-1.9877550762038831,-0.5963265228611649,2.0,0.0,0.0,2.05459458897706,0.5,,,4,2,2,3.2016408443450928,-9,397,True,True,False,"A:1,B:1,ESTOP:0,MODE:1",DRIVE_RUN,,,,0,,,False,0,UNKNOWN,0.0,False,-9999.0,-1.0,-1.0,False,36.967616535,127.87399510666667,122.053,2,5.3824,36.967616535,127.87399510666667,3.0,2.410843677520752,1.0,0.0,0.1816873550415039,0.0,4.660799732341919,-8.219622040901166,0.0,0.0,0.0,-0.46523837891865993,0.14339019944401277,0.8548473835300925,0.17952284633521925,-0.05651376117957639,0.0012042771838760874,0.01059414855960558,-8.67888525,1.1179581,5.18771785
1789045881.533853,28.055,3.0,-12.145696722830484,3,0,193,34.824003513024266,-5.481186194859727,-14.773195669775959,1.0,99.0,107.0,1.0,-0.2848400661741058,6.588215350765553,106.0,2.538085158843354,2.292968233854295,-8.219622040901166,-0.12098719539232122,3.1935094407470705,0.0,-10.488288444017824,1.1252917448330217,0.007734279755114115,1.018196617179033,2.0,3.0,1.464739073646109,-2.003598566077179,-0.6010795698231537,2.0,0.0,0.0,2.05459458897706,0.5,,,2,1,1,3.454802989959717,-11,172,True,True,False,"A:1,B:1,ESTOP:0,MODE:1",DRIVE_RUN,,,,0,,,False,0,UNKNOWN,0.0,False,-9999.0,-1.0,-1.0,False,36.96761600833333,127.87399779666667,122.053,2,5.3824,36.96761600833333,127.87399779666667,3.0,2.3382440280914305,1.0,0.0,0.03648805618286133,0.0,4.758955607936472,-8.219622040901166,0.0,0.0,0.0,-0.46519022406245875,0.14276492550160125,0.8551512572194123,0.17869683477694906,-0.0413992098573055,0.0008203047484373349,0.024626595745639992,-8.1983594,0.6080123,3.2754211
1789045881.583834,28.105,3.0,-11.897910502748159,3,0,193,34.824003513024266,-5.481186194859727,-14.612909713646474,2.0,100.0,107.0,1.0,-0.2848400661741058,6.993262229160915,106.0,2.2929682338542947,2.292968233854295,-8.219622040901166,-0.12098719539232122,3.4883311011332045,0.0,-10.488288444017824,1.1252917448330217,0.007734279755114115,1.018196617179033,2.0,3.0,1.464739073646109,-2.0178405693858843,-0.6053521708157653,2.0,0.0,0.0,2.05459458897706,0.5,,,4,2,2,3.456328868865967,-11,172,True,True,False,"A:1,B:1,ESTOP:0,MODE:1",DRIVE_RUN,,,,0,,,False,0,UNKNOWN,0.0,False,-9999.0,-1.0,-1.0,False,36.96761600833333,127.87399779666667,122.053,2,5.3824,36.96761600833333,127.87399779666667,3.0,2.3625424575805662,1.0,0.0,0.08508491516113281,0.0,4.758955607936472,-8.219622040901166,0.0,0.0,0.0,-0.46532654396131606,0.14204269163716987,0.855495111847513,0.17726588741914295,-0.029269171555944908,0.005393067388662479,0.0562345084992573,-8.1787461,-0.1176798,4.77583855
1789045881.633846,28.155,3.0,-11.628867512893256,3,0,192,34.824003513024266,-5.481186194859727,-14.439395700921267,2.0,100.0,107.0,1.0,-0.2848400661741058,6.832976273031431,106.0,2.292968233854295,2.292968233854295,-8.219622040901166,-0.12098719539232122,6.514055955776779,0.0,-10.488288444017824,1.1252917448330217,0.007734279755114115,1.018196617179033,2.0,3.0,1.464739073646109,-2.0320825726945895,-0.6096247718083768,2.0,0.0,0.0,2.05459458897706,0.5,,,4,2,2,3.4794986248016357,-12,170,True,True,False,"A:1,B:1,ESTOP:0,MODE:1",DRIVE_RUN,,,,0,,,False,0,UNKNOWN,0.0,False,-9999.0,-1.0,-1.0,False,36.96761600833333,127.87399779666667,122.053,2,5.3824,36.96761600833333,127.87399779666667,3.0,2.387529797554016,1.0,0.0,0.13505959510803223,0.0,4.758955607936472,-8.219622040901166,0.0,0.0,0.0,-0.4656516046632642,0.14130563246386937,0.8558669069958318,0.1751945741679832,-0.09550441666912972,0.0016929693744344998,0.046792277245967975,-8.325845849999999,1.63771055,5.14849125
1789045881.683788,28.205,3.0,-11.117053414080127,3,0,194,34.824003513024266,-5.481186194859727,-14.1134136607931,2.0,100.0,107.0,1.0,-0.2848400661741058,6.659462260306222,106.0,2.292968233854295,2.292968233854295,-8.219622040901166,-0.12098719539232122,4.827520054635297,0.0,-10.488288444017824,1.1252917448330217,0.007734279755114115,1.018196617179033,2.0,3.0,1.464739073646109,-2.0463245760032946,-0.6138973728009883,2.0,0.0,0.0,2.05459458897706,0.5,,,3,1,2,3.6151533126831055,-12,171,True,True,False,"A:1,B:1,ESTOP:0,MODE:1",DRIVE_RUN,,,,0,,,False,0,UNKNOWN,0.0,False,-9999.0,-1.0,-1.0,False,36.96761600833333,127.87399779666667,122.053,2,5.3824,36.96761600833333,127.87399779666667,3.0,2.4125133228302,1.0,0.0,0.1850266456604004,0.0,4.758955607936472,-8.219622040901166,0.0,0.0,0.0,-0.4663571559155017,0.13960864049928376,0.8560883286311394,0.17358918228359793,-0.06065019150680295,-0.017767451785302275,0.05157447939643244,-8.208166049999999,1.1375714,4.2168595
1789045881.733820,28.255,3.0,-13.417919662089645,3,0,193,35.07333616183351,-5.544638304325136,-13.872072417369594,1.5,100.0,107.0,1.0,-0.2592722463884109,6.333480220178055,106.0,2.292968233854295,2.0375492365948737,-8.219622040901166,-0.12098719539232122,1.8890758286392948,0.0,-10.488288444017824,1.1252917448330217,0.007734279755114115,1.018196617179033,2.0,3.0,1.464739073646109,-2.060566579312,-0.6181699737936,2.0,0.0,0.0,2.05459458897706,0.5,,,3,1,2,3.6541709899902344,-12,172,True,True,False,"A:1,B:1,ESTOP:0,MODE:1",DRIVE_RUN,,,,0,,,False,0,UNKNOWN,0.0,False,-9999.0,-1.0,-1.0,False,36.96761543833333,127.8740006,122.036,2,5.3824,36.96761543833333,127.8740006,3.0,2.3391617012023924,1.0,0.0,0.038323402404785156,0.0,4.6093175449285875,-8.219622040901166,0.0,0.0,0.0,-0.4665518476170243,0.13875603519075375,0.8564625799290734,0.17189527441008637,-0.011030480872604163,0.026040312439755398,0.02841396022246768,-8.5121722,0.5295591,4.8640984
1789045881.783824,28.305,3.0,-13.25540408998728,3,0,193,35.07333616183351,-5.544638304325136,-13.77742684954569,1.5,101.0,107.0,1.0,-0.2592722463884109,6.910914199802,106.0,2.0375492365948737,2.0375492365948737,-8.219622040901166,-0.12098719539232122,6.787334171435926,0.0,-10.488288444017824,1.1252917448330217,0.007734279755114115,1.018196617179033,2.0,3.0,1.464739073646109,-2.0735301916314204,-0.6220590574894261,2.0,0.0,0.0,2.05459458897706,0.5,,,4,2,2,3.4734508991241455,-12,176,True,True,False,"A:1,B:1,ESTOP:0,MODE:1",DRIVE_RUN,,,,0,,,False,0,UNKNOWN,0.0,False,-9999.0,-1.0,-1.0,False,36.96761543833333,127.8740006,122.036,2,5.3824,36.96761543833333,127.8740006,3.0,2.364180870056152,1.0,0.0,0.08836174011230469,0.0,4.6093175449285875,-8.219622040901166,0.0,0.0,0.0,-0.4668030971437632,0.1378896621071175,0.8568094016226672,0.17017332009449215,-0.09522516398881063,0.04052654523130833,0.05129522671611335,-8.208166049999999,0.08825984999999999,6.0212831
1789045881.833821,28.355,3.0,-12.657557503079273,3,0,192,35.07333616183351,-5.544638304325136,-13.438510331605414,2.0,101.0,107.0,1.0,-0.2592722463884109,6.816268631978094,106.0,2.0375492365948737,2.0375492365948737,-8.219622040901166,-0.12098719539232122,4.897835891116199,0.0,-10.488288444017824,1.1252917448330217,0.007734279755114115,1.018196617179033,2.0,3.0,1.4485598821271488,-2.086493803950841,-0.6259481411852522,2.0,0.0,0.0,2.05459458897706,0.5,,,4,2,2,3.637155055999756,-12,281,True,True,False,"A:1,B:1,ESTOP:0,MODE:1",DRIVE_RUN,,,,0,,,False,0,UNKNOWN,0.0,False,-9999.0,-1.0,-1.0,False,36.96761543833333,127.8740006,122.036,2,5.3824,36.96761543833333,127.8740006,3.0,2.389159984588623,1.0,0.0,0.1383199691772461,0.0,4.6093175449285875,-8.219622040901166,0.0,0.0,0.0,-0.46689877647122896,0.13716459506588533,0.8572514776171688,0.16825965206567478,-0.06976081020221335,-0.00968657734856853,0.03658210112180115,-8.26700595,1.8338435499999999,4.2756994
1789045881.883800,28.405,3.0,-12.223540413207385,3,0,192,35.07333616183351,-5.544638304325136,-13.19207035388871,2.0,101.0,107.0,1.0,-0.2592722463884109,6.477352114037819,106.0,2.0375492365948737,2.0375492365948737,-8.219622040901166,-0.12098719539232122,3.354498810231794,0.0,-10.488288444017824,1.1252917448330217,0.007734279755114115,1.018196617179033,2.0,3.0,1.4485598821271488,-2.0994574162702615,-0.6298372248810784,2.0,0.0,0.0,2.05459458897706,0.5,,,3,1,2,3.6427934169769287,-12,184,True,True,False,"A:1,B:1,ESTOP:0,MODE:1",DRIVE_RUN,,,,0,,,False,0,UNKNOWN,0.0,False,-9999.0,-1.0,-1.0,False,36.96761543833333,127.8740006,122.036,2,5.3824,36.96761543833333,127.8740006,3.0,2.4141603183746336,1.0,0.0,0.18832063674926758,0.0,4.6093175449285875,-8.219622040901166,0.0,0.0,0.0,-0.4668601127266131,0.13610456626503226,0.8577756479439752,0.16654765078197617,-0.03452261260444784,-0.008848819307611252,0.04415683007545653,-7.5609271499999995,2.3045627499999997,5.1975245
1789045881.933810,28.455,3.0,-15.288265637733957,3,0,193,35.332304139416046,-5.602895504581335,-13.025630811499866,1.5,101.0,107.0,1.0,-0.22787023525513656,6.230912136321114,106.0,2.0375492365948733,1.7736267767228666,-8.219622040901166,-0.12098719539232122,4.011952197679162,0.0,-10.488288444017824,1.1252917448330217,0.007734279755114115,1.018196617179033,2.0,3.0,1.4485598821271488,-2.112421028589682,-0.6337263085769046,2.0,0.0,0.0,2.05459458897706,0.5,,,3,1,2,3.6807682514190674,-12,169,True,True,False,"A:1,B:1,ESTOP:0,MODE:1",DRIVE_RUN,,,,0,,,False,0,UNKNOWN,0.0,False,-9999.0,-1.0,-1.0,False,36.967614915,127.87400351166667,122.03299999999999,2,5.76,36.967614915,127.87400351166667,3.0,2.416807436943054,1.0,0.0,0.0336148738861084,0.0,4.686876648477744,-8.219622040901166,0.0,0.0,0.0,-0.46669682612173624,0.13510985385508612,0.8583604656861484,0.16479293318044214,-0.051557026103912496,0.017383479349863524,0.033335788713091695,-8.7083052,0.38245935,4.903325
1789045881.983769,28.505,3.0,-14.885665409609722,3,0,261,35.332304139416046,-5.602895504581335,-12.825033392920687,1.5,102.0,107.0,1.0,-0.22787023525513656,6.918686897257366,106.0,1.7736267767228666,1.7736267767228666,-8.219622040901166,-0.12098719539232122,6.106846271845568,0.0,-10.488288444017824,1.1252917448330217,0.007734279755114115,1.018196617179033,2.0,3.0,1.4485598821271488,-2.123814540352439,-0.6371443621057317,2.0,0.0,0.0,2.05459458897706,0.5,,,4,2,2,3.544135808944702,-12,345,True,True,False,"A:1,B:1,ESTOP:0,MODE:1",DRIVE_RUN,,,,0,,,False,0,UNKNOWN,0.0,False,-9999.0,-1.0,-1.0,False,36.967614915,127.87400351166667,122.03299999999999,2,5.76,36.967614915,127.87400351166667,3.0,2.441778326034546,1.0,0.0,0.0835566520690918,0.0,4.686876648477744,-8.219622040901166,0.0,0.0,0.0,-0.4673994895509372,0.13399360243759767,0.8584956875812875,0.16299873029459735,-0.09883799554043889,-0.010576695267085637,0.028047441079548877,-8.5121722,0.10787314999999999,5.874183349999999
1789045882.033855,28.555,3.0,-14.267853346364287,3,0,191,35.332304139416046,-5.602895504581335,-12.51921235125954,2.0,102.0,107.0,1.0,-0.22787023525513656,6.718089478678188,106.0,1.7736267767228668,1.7736267767228666,-8.219622040901166,-0.12098719539232122,5.575868474819411,0.0,-10.488288444017824,1.1252917448330217,0.007734279755114115,1.018196617179033,2.0,3.0,1.4485598821271488,-2.135208052115196,-0.6405624156345588,2.0,0.0,0.0,2.05459458897706,0.5,,,4,2,2,3.6231822967529297,-12,172,True,True,False,"A:1,B:1,ESTOP:0,MODE:1",DRIVE_RUN,,,,0,,,False,0,UNKNOWN,0.0,False,-9999.0,-1.0,-1.0,False,36.967614915,127.87400351166667,122.03299999999999,2,5.76,36.967614915,127.87400351166667,3.0,2.466779851913452,1.0,0.0,0.1335597038269043,0.0,4.686876648477744,-8.219622040901166,0.0,0.0,0.0,-0.4674913404949878,0.13280575100636555,0.8589429684533346,0.16134266641656916,-0.07356562797156099,0.023335052099164186,0.049165925028680266,-7.982613099999999,0.48052585,4.2560861
1789045882.083795,28.605,3.0,-13.704914846603906,3,0,192,35.332304139416046,-5.602895504581335,-12.241002795887226,2.0,102.0,107.0,1.0,-0.22787023525513656,6.4122684370170395,106.0,1.7736267767228668,1.7736267767228666,-8.219622040901166,-0.12098719539232122,4.5124173790302695,0.0,-10.488288444017824,1.1252917448330217,0.007734279755114115,1.018196617179033,2.0,3.0,1.4485598821271488,-2.146601563877953,-0.6439804691633859,2.0,0.0,0.0,2.05459458897706,0.5,,,3,1,2,3.8216567039489746,-11,170,True,True,False,"A:1,B:1,ESTOP:0,MODE:1",DRIVE_RUN,,,,0,,,False,0,UNKNOWN,0.0,False,-9999.0,-1.0,-1.0,False,36.967614915,127.87400351166667,122.03299999999999,2,5.76,36.967614915,127.87400351166667,3.0,2.491850757598877,1.0,0.0,0.1837015151977539,0.0,4.686876648477744,-8.219622040901166,0.0,0.0,0.0,-0.46814330243229757,0.13177202140132016,0.8590577921455259,0.1596799690557552,-0.06007423285364483,-0.01551597705022959,0.040962877544306914,-9.0417313,1.569064,4.48163905
1789045882.133804,28.655,3.0,-17.25688422673966,3,0,194,35.599425086818485,-5.6516905477326915,-12.01447843302708,1.5,102.0,107.0,1.0,-0.1925151741603804,6.134058881644727,106.0,1.7736267767228666,1.5029651031881974,-8.219622040901166,-0.12098719539232122,6.1692885390847225,0.0,-10.488288444017824,1.1252917448330217,0.007734279755114115,1.018196617179033,2.0,3.0,1.4485598821271488,-2.1579950756407102,-0.6473985226922131,2.0,0.0,0.0,2.05459458897706,0.5,,,3,1,2,3.851696491241455,-14,200,True,True,False,"A:1,B:1,ESTOP:0,MODE:1",DRIVE_RUN,,,,0,,,False,0,UNKNOWN,0.0,False,-9999.0,-1.0,-1.0,False,36.96761447666667,127.874006515,122.043,2,5.3824,36.96761447666667,127.874006515,3.0,2.3336775970458983,1.0,0.0,0.027355194091796875,0.0,4.702491770370213,-8.219622040901166,0.0,0.0,0.0,-0.4680979401559349,0.13063706262182356,0.8595786247071246,0.15793310051385925,-0.08487536152448426,-0.006562437987498679,0.05468116546498235,-8.3356525,-0.0588399,4.5895122
1789045882.183798,28.705,3.0,-16.525926494156963,3,0,193,35.599425086818485,-5.6516905477326915,-11.706204042865409,1.5,103.0,107.0,1.0,-0.1925151741603804,6.6738284285201965,106.0,1.5029651031881976,1.5029651031881974,-8.219622040901166,-0.12098719539232122,5.066175525908217,0.0,-10.488288444017824,1.1252917448330217,0.007734279755114115,1.018196617179033,2.0,3.0,1.4778415368856737,-2.167620834348729,-0.6502862503046187,2.0,0.0,0.0,2.05459458897706,0.5,,,4,2,2,3.8076579570770264,-15,194,True,True,False,"A:1,B:1,ESTOP:0,MODE:1",DRIVE_RUN,,,,0,,,False,0,UNKNOWN,0.0,False,-9999.0,-1.0,-1.0,False,36.96761447666667,127.874006515,122.043,2,5.3824,36.96761447666667,127.874006515,3.0,2.358662791252136,1.0,0.0,0.07732558250427246,0.0,4.702491770370213,-8.219622040901166,0.0,0.0,0.0,-0.4678477992812725,0.1288801816339794,0.8603428264978181,0.15594408095021703,-0.06257005368399671,-0.014294246573833559,0.056182148621697466,-8.1787461,0.784532,5.34462425
1789045882.233790,28.755,3.0,-15.924944413979624,3,0,191,35.599425086818485,-5.6516905477326915,-11.453175734069987,1.5,103.0,107.0,1.0,-0.1925151741603804,6.3655540383585265,106.0,1.5029651031881976,1.5029651031881974,-8.219622040901166,-0.12098719539232122,6.522392641159339,0.0,-10.488288444017824,1.1252917448330217,0.007734279755114115,1.018196617179033,2.0,3.0,1.4778415368856737,-2.177246593056748,-0.6531739779170244,2.0,0.0,0.0,2.05459458897706,0.5,,,3,1,2,3.7995645999908447,-14,170,True,True,False,"A:1,B:1,ESTOP:0,MODE:1",DRIVE_RUN,,,,0,,,False,0,UNKNOWN,0.0,False,-9999.0,-1.0,-1.0,False,36.96761447666667,127.874006515,122.043,2,5.3824,36.96761447666667,127.874006515,3.0,2.3836717081069945,1.0,0.0,0.12734341621398926,0.0,4.702491770370213,-8.219622040901166,0.0,0.0,0.0,-0.46853435702396967,0.12728871535605912,0.860667830469637,0.1533754374918866,-0.08808676734815381,-0.000890117918517108,0.06075491126192261,-9.286897549999999,0.9022117999999999,5.79573015
1789045882.283825,28.805,3.0,-15.145645216444233,3,0,193,35.599425086818485,-5.6516905477326915,-11.126565014194796,2.0,103.0,107.0,1.0,-0.1925151741603804,6.112525729563105,106.0,1.5029651031881974,1.5029651031881974,-8.219622040901166,-0.12098719539232122,8.11419290103573,0.0,-10.488288444017824,1.1252917448330217,0.007734279755114115,1.018196617179033,2.0,3.0,1.4778415368856737,-2.186872351764767,-0.65606170552943,2.0,0.0,0.0,2.05459458897706,0.5,,,4,2,2,4.021554946899414,-16,220,True,True,False,"A:1,B:1,ESTOP:0,MODE:1",DRIVE_RUN,,,,0,,,False,0,UNKNOWN,0.0,False,-9999.0,-1.0,-1.0,False,36.96761447666667,127.874006515,122.043,2,5.3824,36.96761447666667,127.874006515,3.0,2.40868134021759,1.0,0.0,0.17736268043518066,0.0,4.702491770370213,-8.219622040901166,0.0,0.0,0.0,-0.46919407499412713,0.1256814650661866,0.8610355666855736,0.1505949608442309,-0.12793263417118436,-0.009896016858807848,0.04789183467472441,-8.71811185,1.55925735,4.16782625
1789045882.333825,28.855,3.0,-18.24138945956703,3,0,192,35.872623703022796,-5.685828525360967,-10.721159484229588,2.0,103.0,107.0,1.0,-0.14633491258234946,5.785915009687914,106.0,1.5029651031881974,1.2278048536981636,-8.219622040901166,-0.12098719539232122,8.826720931671238,0.0,-10.488288444017824,1.1252917448330217,0.007734279755114115,1.018196617179033,2.0,3.0,1.4778415368856737,-2.1964981104727856,-0.6589494331418356,2.0,0.0,0.0,2.05459458897706,0.5,,,4,2,2,3.821997880935669,-17,270,True,True,False,"A:1,B:1,ESTOP:0,MODE:1",DRIVE_RUN,,,,0,,,False,0,UNKNOWN,0.0,False,-9999.0,-1.0,-1.0,False,36.96761417,127.87400958666667,122.036,2,5.3824,36.96761417,127.87400958666667,3.0,2.336995906829834,1.0,0.0,0.03399181365966797,0.0,4.924219985136083,-8.219622040901166,0.0,0.0,0.0,-0.4692140147861198,0.1234711188129681,0.8617353330171835,0.1483418584794223,-0.13304644887952774,0.022619467105846513,0.05944591432292687,-8.38468575,1.10815145,6.7273619
1789045882.383791,28.905,3.0,-16.958691462341726,3,0,193,35.872623703022796,-5.685828525360967,-10.280337345376978,2.0,103.0,107.0,1.0,-0.14633491258234946,5.780026334063472,106.0,1.2278048536981636,1.2278048536981636,-8.219622040901166,-0.12098719539232122,10.820172129861994,0.0,-10.488288444017824,1.1252917448330217,0.007734279755114115,1.018196617179033,2.0,3.0,1.4778415368856737,-2.203814856101903,-0.6611444568305709,2.0,0.0,0.0,2.05459458897706,0.5,,,4,2,2,3.890627384185791,-17,170,True,True,False,"A:1,B:1,ESTOP:0,MODE:1",DRIVE_RUN,,,,0,,,False,0,UNKNOWN,0.0,False,-9999.0,-1.0,-1.0,False,36.96761417,127.87400958666667,122.036,2,5.3824,36.96761417,127.87400958666667,3.0,2.3620113801956175,1.0,0.0,0.08402276039123535,0.0,4.924219985136083,-8.219622040901166,0.0,0.0,0.0,-0.469694494175559,0.12104078790747282,0.8622623355529976,0.14573906302221784,-0.17570229579826915,0.0036302848441482054,0.05745623897565333,-8.4729456,-0.16671305,4.334539299999999
1789045882.433798,28.955,3.0,-15.373971923738587,3,0,193,35.872623703022796,-5.685828525360967,-9.739275080498544,2.0,103.0,107.0,1.0,-0.14633491258234946,5.339204195210863,106.0,1.2278048536981636,1.2278048536981636,-8.219622040901166,-0.12098719539232122,9.758274019749157,0.0,-10.488288444017824,1.1252917448330217,0.007734279755114115,1.018196617179033,2.0,3.0,1.4778415368856737,-2.2111316017310205,-0.6633394805193061,2.0,0.0,0.0,2.05459458897706,0.5,,,4,2,2,3.922999858856201,-18,171,True,True,False,"A:1,B:1,ESTOP:0,MODE:1",DRIVE_RUN,,,,0,,,False,0,UNKNOWN,0.0,False,-9999.0,-1.0,-1.0,False,36.96761417,127.87400958666667,122.036,2,5.3824,36.96761417,127.87400958666667,3.0,2.3869786930084227,1.0,0.0,0.1339573860168457,0.0,4.924219985136083,-8.219622040901166,0.0,0.0,0.0,-0.469944377753345,0.11807613859172343,0.863035987236934,0.14275570758208,-0.16582373223198124,-0.007225663103256524,0.038659042931674395,-7.7472535,1.12776475,4.7660319
1789045882.483792,29.005,2.0,-13.93484052615711,3,0,193,35.872623703022796,-5.685828525360967,-9.250661552120135,2.0,103.0,107.0,1.0,-0.14633491258234946,4.7981419303324255,106.0,1.2278048536981636,1.2278048536981636,-8.219622040901166,-0.12098719539232122,7.720787960835343,0.0,-10.488288444017824,1.1252917448330217,0.007734279755114115,1.018196617179033,2.0,3.0,1.4778415368856737,-2.218448347360138,-0.6655345042080414,2.0,0.0,0.0,2.05459458897706,0.5,,,3,1,2,3.8152012825012207,-18,170,True,True,False,"A:1,B:1,ESTOP:0,MODE:1",DRIVE_RUN,,,,0,,,False,0,UNKNOWN,0.0,False,-9999.0,-1.0,-1.0,False,36.96761417,127.87400958666667,122.036,2,5.3824,36.96761417,127.87400958666667,3.0,2.411980695724487,1.0,0.0,0.1839613914489746,0.0,4.924219985136083,-8.219622040901166,0.0,0.0,0.0,-0.4702740458184483,0.11472784823658577,0.863733520650697,0.14015793938590468,-0.12423253615695638,-0.0011693705988362008,0.039095375244672985,-8.208166049999999,-0.22555294999999997,5.42307745
1789045882.533787,29.055,2.0,-15.27289340625661,2,0,194,36.154271760079325,-5.719038840093724,-8.865073513161548,2.0,103.0,107.0,1.0,-0.10194034663597891,4.3095284019540205,106.0,1.2278048536981634,0.9443842651293151,-8.219622040901166,-0.12098719539232122,8.964507717438282,0.0,-10.488288444017824,1.1252917448330217,0.007734279755114115,1.018196617179033,2.0,2.0,1.5475235654104598,-2.2257650929892554,-0.6677295278967766,2.0,0.0,0.0,2.05459458897706,0.5,,,4,2,2,3.8035550117492676,-18,173,True,True,False,"A:1,B:1,ESTOP:0,MODE:1",DRIVE_RUN,,,,0,,,False,0,UNKNOWN,0.0,False,-9999.0,-1.0,-1.0,False,36.967613871666664,127.87401275333333,122.02600000000001,2,5.3824,36.967613871666664,127.87401275333333,3.0,2.336996145248413,1.0,0.0,0.03399229049682617,0.0,5.1152787881114685,-8.219622040901166,0.0,0.0,0.0,-0.471095376422535,0.1122042000571063,0.8640980312336106,0.13716397566800548,-0.12311552543568001,0.018971728969178363,0.08271115325201127,-8.0022264,-0.08825984999999999,4.71699865
1789045882.583809,29.105,2.0,-13.85504294071157,2,0,194,36.154271760079325,-5.719038840093724,-8.41482025212315,1.5,104.0,107.0,1.0,-0.10194034663597891,4.459538725067596,106.0,0.9443842651293151,0.9443842651293151,-8.219622040901166,-0.12098719539232122,8.489633271954622,0.0,-10.488288444017824,1.1252917448330217,0.007734279755114115,1.018196617179033,2.0,2.0,1.5475235654104598,-2.230862110321054,-0.6692586330963163,2.0,0.0,0.0,2.05459458897706,0.5,,,3,1,2,3.6404945850372314,-17,173,True,True,False,"A:1,B:1,ESTOP:0,MODE:1",DRIVE_RUN,,,,0,,,False,0,UNKNOWN,0.0,False,-9999.0,-1.0,-1.0,False,36.967613871666664,127.87401275333333,122.02600000000001,2,5.3824,36.967613871666664,127.87401275333333,3.0,2.361987061500549,1.0,0.0,0.08397412300109863,0.0,5.1152787881114685,-8.219622040901166,0.0,0.0,0.0,-0.47224029434838866,0.10989512729136755,0.8642805674293642,0.1339076777311063,-0.0930784090088576,0.06164502918043972,0.11306242894419266,-8.149326149999998,-0.0980665,5.8447634
1789045882.633821,29.155,2.0,-12.523222935505803,2,0,194,36.154271760079325,-5.719038840093724,-7.993794108659841,1.5,104.0,107.0,1.0,-0.10194034663597891,4.009285464029199,106.0,0.9443842651293151,0.9443842651293151,-8.219622040901166,-0.12098719539232122,10.024027192968,0.0,-10.488288444017824,1.1252917448330217,0.007734279755114115,1.018196617179033,2.0,2.0,1.5475235654104598,-2.235959127652853,-0.6707877382958559,2.0,0.0,0.0,2.05459458897706,0.5,,,3,1,2,3.9131648540496826,-17,179,True,True,False,"A:1,B:1,ESTOP:0,MODE:1",DRIVE_RUN,,,,0,,,False,0,UNKNOWN,0.0,False,-9999.0,-1.0,-1.0,False,36.967613871666664,127.87401275333333,122.02600000000001,2,5.3824,36.967613871666664,127.87401275333333,3.0,2.3870591592788695,1.0,0.0,0.13411831855773926,0.0,5.1152787881114685,-8.219622040901166,0.0,0.0,0.0,-0.4732376166918371,0.10859587984976203,0.8645252540604276,0.1298043840524617,-0.1285085928243425,0.0062482787221397,0.11297516248159295,-8.7083052,0.8237586,3.5402006499999996
1789045882.683830,29.205,2.0,-10.91978254190058,2,0,193,36.154271760079325,-5.719038840093724,-7.489256906603288,1.5,104.0,107.0,1.0,-0.10194034663597891,3.588259320565891,106.0,0.9443842651293151,0.9443842651293151,-8.219622040901166,-0.12098719539232122,8.686336390979813,0.0,-10.488288444017824,1.1252917448330217,0.007734279755114115,1.018196617179033,2.0,2.0,1.5475235654104598,-2.2410561449846518,-0.6723168434953956,2.0,0.0,0.0,2.05459458897706,0.5,,,4,2,2,3.518705129623413,-17,314,True,True,False,"A:1,B:1,ESTOP:0,MODE:1",DRIVE_RUN,,,,0,,,False,0,UNKNOWN,0.0,False,-9999.0,-1.0,-1.0,False,36.967613871666664,127.87401275333333,122.02600000000001,2,5.3824,36.967613871666664,127.87401275333333,3.0,2.4120017957687376,1.0,0.0,0.18400359153747559,0.0,5.1152787881114685,-8.219622040901166,0.0,0.0,0.0,-0.4734019614033519,0.1065225778895808,0.8652176488029489,0.12626140954034332,-0.1349663110567215,-0.023579398194443393,0.057875117996131965,-7.6491869999999995,-1.10815145,6.73716855
1789045882.733808,29.255,0.0,0.0,2,2,220,36.44081160054452,-5.750208296930921,-7.056769180105363,1.5,104.0,107.0,1.0,-0.06733560627366413,3.0837221185093364,106.0,0.9443842651293151,0.6563593859863832,-8.219622040901166,-0.12098719539232122,7.840219037777864,0.0,-10.488288444017824,1.1252917448330217,0.007734279755114115,1.018196617179033,2.0,2.0,1.5475235654104598,-2.2461531623164506,-0.6738459486949352,2.0,0.0,0.0,2.05459458897706,0.5,,,3,1,2,3.491685390472412,-17,171,True,True,False,"A:1,B:1,ESTOP:0,MODE:1",DRIVE_RUN,,,,0,,"🎯 도착 — 마지막 WP 0.66m, 조향 0 + 리니어 2단",False,0,UNKNOWN,0.0,False,-9999.0,-1.0,-1.0,False,36.96761359166667,127.874015975,121.99600000000001,2,5.3824,36.96761359166667,127.874015975,3.0,2.3374869298934935,1.0,0.0,0.034973859786987305,0.0,5.15886470538071,-8.219622040901166,0.0,0.0,0.0,-0.4738929391108556,0.10502082518220152,0.865621490533364,0.12286392336939989,-0.09978047333651581,0.041852995462824026,0.08072147790473774,-8.01203305,1.0296982499999998,5.2367511
1789045882.783948,29.305,0.0,0.0,0,2,194,36.44081160054452,-5.750208296930921,-6.662881871168878,2.0,104.0,107.0,1.0,-0.06733560627366413,3.0837221185093364,106.0,0.9443842651293151,0.6563593859863832,-8.219622040901166,-0.12098719539232122,11.297096853879378,1.0,-10.488288444017824,1.1252917448330217,0.007734279755114115,1.018196617179033,0.0,0.0,1.5475235654104598,0.0,0.0,0.0,0.0,0.0,2.05459458897706,0.5,,,4,2,2,3.606757640838623,-16,171,True,True,False,"A:1,B:1,ESTOP:0,MODE:1",DRIVE_DONE,,,,0,,,False,0,UNKNOWN,0.0,False,-9999.0,-1.0,-1.0,False,36.96761359166667,127.874015975,121.99600000000001,2,5.3824,36.96761359166667,127.874015975,3.0,2.3624574613571165,1.0,0.0,0.0849149227142334,0.0,5.15886470538071,-8.219622040901166,0.0,0.0,0.0,-0.4749179228806453,0.10265108053437624,0.8658281405609329,0.1194041590760374,-0.17840755613886036,0.02535963403147761,0.06647959120846401,-9.198637699999999,0.16671305,4.67777205
1789045882.833797,29.355,0.0,0.0,0,2,206,36.44081160054452,-5.750208296930921,-6.101601759096354,1.5,104.0,107.0,1.0,-0.06733560627366413,3.0837221185093364,106.0,0.9443842651293151,0.6563593859863832,-8.219622040901166,-0.12098719539232122,8.93324537708128,1.0,-10.488288444017824,1.1252917448330217,0.007734279755114115,1.018196617179033,0.0,0.0,1.5475235654104598,0.0,0.0,0.0,0.0,0.0,2.05459458897706,0.5,,,3,1,2,3.4880154132843018,-16,160,True,True,False,"A:1,B:1,ESTOP:0,MODE:1",DRIVE_DONE,,,,0,,,False,0,UNKNOWN,0.0,False,-9999.0,-1.0,-1.0,False,36.96761359166667,127.874015975,121.99600000000001,2,5.3824,36.96761359166667,127.874015975,3.0,2.3874526691436766,1.0,0.0,0.13490533828735352,0.0,5.15886470538071,-8.219622040901166,0.0,0.0,0.0,-0.47553195316371166,0.1003892418255663,0.8662659330508468,0.11564901591254156,-0.11239920382843482,0.00890117918517108,0.10227629416686772,-7.9433865,1.0395048999999998,5.815343449999999
1789045882.883825,29.405,0.0,0.0,0,2,245,36.44081160054452,-5.750208296930921,-5.6540517680664095,2.0,104.0,107.0,1.0,-0.06733560627366413,3.0837221185093364,106.0,0.9443842651293151,0.6563593859863832,-8.219622040901166,-0.12098719539232122,7.9314872564660055,1.0,-10.488288444017824,1.1252917448330217,0.007734279755114115,1.018196617179033,0.0,0.0,1.5475235654104598,0.0,0.0,0.0,0.0,0.0,2.05459458897706,0.5,,,4,2,2,3.29477858543396,-14,163,True,True,False,"A:1,B:1,ESTOP:0,MODE:1",DRIVE_DONE,,,,0,,,False,0,UNKNOWN,0.0,False,-9999.0,-1.0,-1.0,False,36.96761359166667,127.874015975,121.99600000000001,2,5.3824,36.96761359166667,127.874015975,3.0,2.412461824417114,1.0,0.0,0.18492364883422852,0.0,5.15886470538071,-8.219622040901166,0.0,0.0,0.0,-0.47635290024972504,0.09815270038915935,0.8665114809892782,0.11230233810459699,-0.11225957748827528,0.012391837689159739,0.06606071218798537,-8.8063717,-1.12776475,6.0801229999999995
1789045882.933859,29.455,0.0,0.0,0,2,320,36.73505970301721,-5.754846609035598,-5.255968754336266,1.5,104.0,107.0,1.0,-0.013312682265481672,3.0837221185093364,106.0,0.9443842651293151,0.3626712704904226,-8.219622040901166,-0.12098719539232122,5.68991158157394,1.0,-10.488288444017824,1.1252917448330217,0.007734279755114115,1.018196617179033,0.0,0.0,1.5475235654104598,0.0,0.0,0.0,0.0,0.0,2.05459458897706,0.5,,,3,1,2,3.239814519882202,-11,165,True,True,False,"A:1,B:1,ESTOP:0,MODE:1",DRIVE_DONE,,,,0,,,False,0,UNKNOWN,0.0,False,-9999.0,-1.0,-1.0,False,36.96761355,127.87401928333334,121.97300000000001,2,5.3824,36.96761355,127.87401928333334,3.0,2.33408052444458,1.0,0.0,0.028161048889160156,0.0,5.161181444931392,-8.219622040901166,0.0,0.0,0.0,-0.4765035053940575,0.09650643331861075,0.8670084802654883,0.1092117796898498,-0.059428461030406915,-0.005009094953223725,0.082798419714611,-8.9632781,0.57859235,5.825150099999999
1789045882.983773,29.505,0.0,0.0,0,2,514,36.73505970301721,-5.754846609035598,-4.971917048441185,2.0,104.0,107.0,1.0,-0.013312682265481672,3.0837221185093364,106.0,0.9443842651293151,0.3626712704904226,-8.219622040901166,-0.12098719539232122,4.046975220635486,1.0,-10.488288444017824,1.1252917448330217,0.007734279755114115,1.018196617179033,0.0,0.0,1.5475235654104598,0.0,0.0,0.0,0.0,0.0,2.05459458897706,0.5,,,4,2,2,2.945711135864258,-9,165,True,True,False,"A:1,B:1,ESTOP:0,MODE:1",DRIVE_DONE,,,,0,,,False,0,UNKNOWN,0.0,False,-9999.0,-1.0,-1.0,False,36.96761355,127.87401928333334,121.97300000000001,2,5.3824,36.96761355,127.87401928333334,3.0,2.3590522480010985,1.0,0.0,0.07810449600219727,0.0,5.161181444931392,-8.219622040901166,0.0,0.0,0.0,-0.47613215622070604,0.09488532459753372,0.8676318291166648,0.1072844541036225,-0.037803831598197175,0.040805797911627424,0.055710909723659004,-7.4726672999999995,-0.4118793,6.266449349999999
1789045883.033822,29.555,0.0,0.0,0,2,724,36.73505970301721,-5.754846609035598,-4.768911401134545,2.0,104.0,107.0,1.0,-0.013312682265481672,3.0837221185093364,106.0,0.9443842651293151,0.3626712704904226,-8.219622040901166,-0.12098719539232122,2.7841917780343275,1.0,-10.488288444017824,1.1252917448330217,0.007734279755114115,1.018196617179033,0.0,0.0,1.5475235654104598,0.0,0.0,0.0,0.0,0.0,2.05459458897706,0.5,,,4,2,2,3.3389339447021484,-7,165,True,True,False,"A:1,B:1,ESTOP:0,MODE:1",DRIVE_DONE,,,,0,,,False,0,UNKNOWN,0.0,False,-9999.0,-1.0,-1.0,False,36.96761355,127.87401928333334,121.97300000000001,2,5.3824,36.96761355,127.87401928333334,3.0,2.384049482345581,1.0,0.0,0.1280989646911621,0.0,5.161181444931392,-8.219622040901166,0.0,0.0,0.0,-0.4767840563117982,0.09539605353581863,0.8674209729943854,0.1056286524865911,-0.010314895879286487,0.02038544566329377,0.06265732014659643,-9.914523149999999,2.83412185,4.079566399999999
1789045883.083785,29.605,0.0,0.0,0,2,866,36.73505970301721,-5.754846609035598,-4.630381015511205,2.0,104.0,107.0,1.0,-0.013312682265481672,3.0837221185093364,106.0,0.9443842651293151,0.3626712704904226,-8.219622040901166,-0.12098719539232122,-0.19232671626237924,1.0,-10.488288444017824,1.1252917448330217,0.007734279755114115,1.018196617179033,0.0,0.0,1.5475235654104598,0.0,0.0,0.0,0.0,0.0,2.05459458897706,0.5,,,4,2,2,3.4559338092803955,-5,168,True,True,False,"A:1,B:1,ESTOP:0,MODE:1",DRIVE_DONE,,,,0,,,False,0,UNKNOWN,0.0,False,-9999.0,-1.0,-1.0,False,36.96761355,127.87401928333334,121.97300000000001,2,5.3824,36.96761355,127.87401928333334,3.0,2.409043855667114,1.0,0.0,0.17808771133422852,0.0,5.161181444931392,-8.219622040901166,0.0,0.0,0.0,-0.47571321179194154,0.09339380178627425,0.8682740148515131,0.10523674761287521,-0.04951499087907913,-0.15243705686918474,-0.08848819307611251,-10.6892485,2.2751428,6.4331624
1789045883.133845,29.655,0.0,0.0,0,2,866,37.03034545536695,-5.77711050745443,-4.640037097798995,2.0,104.0,107.0,1.0,0.00530873900281945,3.0837221185093364,106.0,0.9443842651293151,0.06709937495504224,-8.219622040901166,-0.12098719539232122,-4.158339081313616,1.0,-10.488288444017824,1.1252917448330217,0.007734279755114115,1.018196617179033,0.0,0.0,1.5475235654104598,0.0,0.0,0.0,0.0,0.0,2.05459458897706,0.5,,,3,2,1,2.3512046337127686,-3,170,True,True,False,"A:1,B:1,ESTOP:0,MODE:1",DRIVE_DONE,,,,0,,,False,0,UNKNOWN,0.0,False,-9999.0,-1.0,-1.0,False,36.96761335,127.87402260333333,121.982,2,5.76,36.96761335,127.87402260333333,3.0,2.4,1.0,1.0,0.0,0.0,5.166994634694309,-8.219622040901166,0.0,0.0,0.0,-0.4715074329982734,0.09059349455325777,0.8705997372175686,0.1073762400566734,0.03214896482173555,-0.15594516866569336,-0.08408996336108679,-3.85401345,0.83356525,10.87557485
1789045883.183812,29.705,0.0,0.0,0,2,866,37.03034545536695,-5.77711050745443,-4.846933676950869,1.5,104.0,107.0,1.0,0.00530873900281945,3.0837221185093364,106.0,0.9443842651293151,0.06709937495504224,-8.219622040901166,-0.12098719539232122,0.04046815111508545,1.0,-10.488288444017824,1.1252917448330217,0.007734279755114115,1.018196617179033,0.0,0.0,1.5475235654104598,0.0,0.0,0.0,0.0,0.0,2.05459458897706,0.5,,,2,1,1,1.315853238105774,-2,172,True,True,False,"A:1,B:1,ESTOP:0,MODE:1",DRIVE_DONE,,,,0,,,False,0,UNKNOWN,0.0,False,-9999.0,-1.0,-1.0,False,36.96761335,127.87402260333333,121.982,2,5.76,36.96761335,127.87402260333333,3.0,2.436871075630188,1.0,0.0,0.07374215126037598,0.0,5.166994634694309,-8.219622040901166,0.0,0.0,0.0,-0.4715401204659573,0.08976072391775372,0.870459636408576,0.10905479639227711,-0.012199851471440364,0.10344566476570391,-0.05157447939643244,-4.648352099999999,-1.4513842,9.973363049999998
1789045883.233835,29.755,0.0,0.0,0,2,866,37.03034545536695,-5.77711050745443,-4.844913088645626,1.0,104.0,107.0,1.0,0.00530873900281945,3.0837221185093364,106.0,0.9443842651293151,0.06709937495504224,-8.219622040901166,-0.12098719539232122,-0.7117772799951847,1.0,-10.488288444017824,1.1252917448330217,0.007734279755114115,1.018196617179033,0.0,0.0,1.5475235654104598,0.0,0.0,0.0,0.0,0.0,2.05459458897706,0.5,,,2,1,1,1.1622790098190308,0,173,True,True,False,"A:1,B:1,ESTOP:0,MODE:1",DRIVE_DONE,,,,0,,,False,0,UNKNOWN,0.0,False,-9999.0,-1.0,-1.0,False,36.96761335,127.87402260333333,121.982,2,5.76,36.96761335,127.87402260333333,3.0,2.461925768852234,1.0,0.0,0.12385153770446777,0.0,5.166994634694309,-8.219622040901166,0.0,0.0,0.0,-0.47303929667169053,0.09008435322858224,0.8696358870245341,0.10886715347978991,0.03270747018237374,0.03548254369304472,0.011972958668681102,-7.7472535,1.14737805,8.1002929
1789045883.283802,29.805,0.0,0.0,0,2,866,37.03034545536695,-5.77711050745443,-4.88117732839757,1.0,104.0,107.0,1.0,0.00530873900281945,3.0837221185093364,106.0,0.9443842651293151,0.06709937495504224,-8.219622040901166,-0.12098719539232122,-2.4425617544926626,1.0,-10.488288444017824,1.1252917448330217,0.007734279755114115,1.018196617179033,0.0,0.0,1.5475235654104598,0.0,0.0,0.0,0.0,0.0,2.05459458897706,0.5,,,2,1,1,1.106118083000183,0,171,True,True,False,"A:1,B:1,ESTOP:0,MODE:1",DRIVE_DONE,,,,0,,,False,0,UNKNOWN,0.0,False,-9999.0,-1.0,-1.0,False,36.96761335,127.87402260333333,121.982,2,5.76,36.96761335,127.87402260333333,3.0,2.4868656635284423,1.0,0.0,0.17373132705688477,0.0,5.166994634694309,-8.219622040901166,0.0,0.0,0.0,-0.47287176054787283,0.09023829835600039,0.8696180166161902,0.10960772218549257,0.031503192998497645,-0.04391248398017733,-0.040421825476188666,-6.54103555,0.29419949999999995,8.492558899999999
1789045883.333808,29.855,0.0,0.0,0,2,866,37.277602803158146,-5.813103809291798,-5.001073726393571,1.0,104.0,107.0,1.0,0.18300700996008892,3.0837221185093364,106.0,0.9443842651293151,0.18300700996008892,-8.219622040901166,-0.12098719539232122,-2.613140883532639,1.0,-10.488288444017824,1.1252917448330217,0.007734279755114115,1.018196617179033,0.0,0.0,1.5475235654104598,0.0,0.0,0.0,0.0,0.0,2.05459458897706,0.5,,,2,1,1,1.4968762397766113,0,171,True,True,False,"A:1,B:1,ESTOP:0,MODE:1",DRIVE_DONE,,,,0,,,False,0,UNKNOWN,0.0,False,-9999.0,-1.0,-1.0,False,36.96761302666667,127.87402538333333,122.006,2,5.76,36.96761302666667,127.87402538333333,3.0,2.4200248956680297,1.0,0.0,0.04004979133605957,0.0,5.061442716111909,-8.219622040901166,0.0,0.0,0.0,-0.4725779584681149,0.09083000671964127,0.8695489923468901,0.1109257993341787,0.04900884539600077,0.03431317309420852,-0.026895523773232618,-5.8447634,0.9218251,8.11009955
1789045883.383827,29.905,0.0,0.0,0,2,866,37.277602803158146,-5.813103809291798,-5.132159907666733,1.0,104.0,107.0,1.0,0.18300700996008892,3.0837221185093364,106.0,0.9443842651293151,0.18300700996008892,-8.219622040901166,-0.12098719539232122,1.1814470195135123,1.0,-10.488288444017824,1.1252917448330217,0.007734279755114115,1.018196617179033,0.0,0.0,1.5475235654104598,0.0,0.0,0.0,0.0,0.0,2.05459458897706,0.5,,,1,0,1,1.8277944326400757,0,170,True,True,False,"A:1,B:1,ESTOP:0,MODE:1",DRIVE_DONE,,,,0,,,False,0,UNKNOWN,0.0,False,-9999.0,-1.0,-1.0,False,36.96761302666667,127.87402538333333,122.006,2,5.76,36.96761302666667,127.87402538333333,3.0,2.444990301132202,1.0,0.0,0.0899806022644043,0.0,5.061442716111909,-8.219622040901166,0.0,0.0,0.0,-0.47195647633590276,0.0914873686965568,0.869773040921182,0.11127444944954265,-0.007801621756414653,0.027838001569309555,0.00853466004225227,-7.7668668,1.5102240999999998,6.8842683
1789045883.433816,29.955,0.0,0.0,0,2,866,37.277602803158146,-5.813103809291798,-5.072752696791355,0.5,104.0,107.0,1.0,0.18300700996008892,3.0837221185093364,106.0,0.9443842651293151,0.18300700996008892,-8.219622040901166,-0.12098719539232122,1.2582914200219724,1.0,-10.488288444017824,1.1252917448330217,0.007734279755114115,1.018196617179033,0.0,0.0,1.5475235654104598,0.0,0.0,0.0,0.0,0.0,2.05459458897706,0.5,,,1,0,1,1.9843297004699707,0,170,True,True,False,"A:1,B:1,ESTOP:0,MODE:1",DRIVE_DONE,,,,0,,,False,0,UNKNOWN,0.0,False,-9999.0,-1.0,-1.0,False,36.96761302666667,127.87402538333333,122.006,2,5.76,36.96761302666667,127.87402538333333,3.0,2.470013880729675,1.0,0.0,0.14002776145935059,0.0,5.061442716111909,-8.219622040901166,0.0,0.0,0.0,-0.47198199199821533,0.09149765312263297,0.8697862321633106,0.11105444179139488,-0.006981317007977318,-0.02623229865747477,0.020839231268812295,-6.913688249999999,-0.93163175,7.080401299999999
1789045883.483807,30.005,0.0,0.0,0,2,866,37.277602803158146,-5.813103809291798,-5.010466085900049,0.5,104.0,107.0,1.0,0.18300700996008892,3.0837221185093364,106.0,0.9443842651293151,0.18300700996008892,-8.219622040901166,-0.12098719539232122,0.44729421276161774,1.0,-10.488288444017824,1.1252917448330217,0.007734279755114115,1.018196617179033,0.0,0.0,1.5475235654104598,0.0,0.0,0.0,0.0,0.0,2.05459458897706,0.5,,,0,0,0,2.44881010055542,0,170,True,True,False,"A:1,B:1,ESTOP:0,MODE:1",DRIVE_DONE,,,,0,,,False,0,UNKNOWN,0.0,False,-9999.0,-1.0,-1.0,False,36.96761302666667,127.87402538333333,122.006,2,5.76,36.96761302666667,127.87402538333333,3.0,2.4950103998184203,1.0,0.0,0.19002079963684082,0.0,5.061442716111909,-8.219622040901166,0.0,0.0,0.0,-0.4716152834018543,0.09137078925221373,0.8699914860126203,0.11110903473061441,-0.00942477796076938,0.01780235837034216,-0.01918116847941768,-6.9333015499999995,0.5197524499999999,7.9041599
1789045883.533817,30.055,0.0,0.0,0,2,866,37.38700083780002,-5.826091083501279,-4.988125817895025,0.0,104.0,107.0,1.0,0.2931732418156432,3.0837221185093364,106.0,0.9443842651293151,0.2931732418156432,-8.219622040901166,-0.12098719539232122,-1.8453503099015605,1.0,-10.488288444017824,1.1252917448330217,0.007734279755114115,1.018196617179033,0.0,0.0,1.5475235654104598,0.0,0.0,0.0,0.0,0.0,2.05459458897706,0.5,,,0,0,0,2.854991912841797,0,171,True,True,False,"A:1,B:1,ESTOP:0,MODE:1",DRIVE_DONE,,,,0,,,False,0,UNKNOWN,0.0,False,-9999.0,-1.0,-1.0,False,36.96761291,127.87402661333333,122.00299999999999,2,5.76,36.96761291,127.87402661333333,3.0,2.416508340835571,1.0,0.0,0.03301668167114258,0.0,3.3170344953103506,-8.219622040901166,0.0,0.0,0.0,-0.47152585260401275,0.09169268026198817,0.869939663560437,0.11162797354062108,0.03858922976159462,0.01773254520026239,-0.015620696805349249,-6.6292954,0.6276256,7.080401299999999
1789045883.583820,30.105,0.0,0.0,0,2,866,37.38700083780002,-5.826091083501279,-5.080273134733858,0.0,104.0,107.0,1.0,0.2931732418156432,3.0837221185093364,106.0,0.9443842651293151,0.2931732418156432,-8.219622040901166,-0.12098719539232122,-0.35751659647174383,1.0,-10.488288444017824,1.1252917448330217,0.007734279755114115,1.018196617179033,0.0,0.0,1.5475235654104598,0.0,0.0,0.0,0.0,0.0,2.05459458897706,0.5,,,0,0,0,2.9363088607788086,0,170,True,True,False,"A:1,B:1,ESTOP:0,MODE:1",DRIVE_DONE,,,,0,,,False,0,UNKNOWN,0.0,False,-9999.0,-1.0,-1.0,False,36.96761291,127.87402661333333,122.00299999999999,2,5.76,36.96761291,127.87402661333333,3.0,2.441526436805725,1.0,0.0,0.0830528736114502,0.0,3.3170344953103506,-8.219622040901166,0.0,0.0,0.0,-0.4717373394609811,0.09207045822205524,0.8697938705652204,0.1115595626032499,0.032271137869375154,0.07243116395776468,0.018256143975860686,-7.5118939,0.8041453,5.1975245
1789045883.633823,30.155,0.0,0.0,0,2,866,37.38700083780002,-5.826091083501279,-5.09818176437031,0.0,104.0,107.0,1.0,0.2931732418156432,3.0837221185093364,106.0,0.9443842651293151,0.2931732418156432,-8.219622040901166,-0.12098719539232122,-0.38709691367284876,1.0,-10.488288444017824,1.1252917448330217,0.007734279755114115,1.018196617179033,0.0,0.0,1.5475235654104598,0.0,0.0,0.0,0.0,0.0,2.05459458897706,0.5,,,0,0,0,2.609578847885132,0,170,True,True,False,"A:1,B:1,ESTOP:0,MODE:1",DRIVE_DONE,,,,0,,,False,0,UNKNOWN,0.0,False,-9999.0,-1.0,-1.0,False,36.96761291,127.87402661333333,122.00299999999999,2,5.76,36.96761291,127.87402661333333,3.0,2.4665044784545898,1.0,0.0,0.1330089569091797,0.0,3.3170344953103506,-8.219622040901166,0.0,0.0,0.0,-0.47426831191802155,0.09263909280569407,0.8683930417168783,0.1112703549570882,0.01572541656046891,0.07157595262428745,-0.012322024519079966,-9.79684335,1.10815145,3.4617474499999994
1789045883.683849,30.205,0.0,0.0,0,2,866,37.38700083780002,-5.826091083501279,-5.117586521078749,0.0,104.0,107.0,1.0,0.2931732418156432,3.0837221185093364,106.0,0.9443842651293151,0.2931732418156432,-8.219622040901166,-0.12098719539232122,0.3120327397141184,1.0,-10.488288444017824,1.1252917448330217,0.007734279755114115,1.018196617179033,0.0,0.0,1.5475235654104598,0.0,0.0,0.0,0.0,0.0,2.05459458897706,0.5,,,0,0,0,2.4564883708953857,0,170,True,True,False,"A:1,B:1,ESTOP:0,MODE:1",DRIVE_DONE,,,,0,,,False,0,UNKNOWN,0.0,False,-9999.0,-1.0,-1.0,False,36.96761291,127.87402661333333,122.00299999999999,2,5.76,36.96761291,127.87402661333333,3.0,2.491511845588684,1.0,0.0,0.18302369117736816,0.0,3.3170344953103506,-8.219622040901166,0.0,0.0,0.0,-0.4749613360192733,0.09254228309270918,0.8679880102348189,0.11155478123046035,-0.0033161255787892262,0.0076445421237351634,-0.01174606586592184,-9.502643849999998,0.4216859499999999,4.89351835
1789045883.734102,30.255,0.0,0.0,0,2,866,37.386407894471446,-5.834068980606071,-5.101927987254072,0.0,104.0,107.0,1.0,-0.2936322768709936,3.0837221185093364,106.0,0.9443842651293151,0.2936322768709936,-8.219622040901166,-0.12098719539232122,0.11312467008441007,1.0,-10.488288444017824,1.1252917448330217,0.007734279755114115,1.018196617179033,0.0,0.0,1.5475235654104598,0.0,0.0,0.0,0.0,0.0,2.05459458897706,0.5,,,0,0,0,2.5064332485198975,0,170,True,True,False,"A:1,B:1,ESTOP:0,MODE:1",DRIVE_DONE,,,,0,,,False,0,UNKNOWN,0.0,False,-9999.0,-1.0,-1.0,False,36.96761283833333,127.87402660666666,121.995,2,5.76,36.96761283833333,127.87402660666666,3.0,2.4187411308288573,1.0,0.0,0.037482261657714844,0.0,0.9909497469599653,-8.219622040901166,0.0,0.0,0.0,-0.47477409576954843,0.09227727868814137,0.8681210899957409,0.1115358011076515,0.002408554367752175,-0.010733774899765127,-0.005881759579220891,-8.139519499999999,0.46091255,5.50153065
1789045883.783819,30.305,0.0,0.0,0,2,866,37.386407894471446,-5.834068980606071,-5.096284381582876,0.0,104.0,107.0,1.0,-0.2936322768709936,3.0837221185093364,106.0,0.9443842651293151,0.2936322768709936,-8.219622040901166,-0.12098719539232122,-0.07719790320831554,1.0,-10.488288444017824,1.1252917448330217,0.007734279755114115,1.018196617179033,0.0,0.0,1.5475235654104598,0.0,0.0,0.0,0.0,0.0,2.05459458897706,0.5,,,0,0,0,2.5444817543029785,0,170,True,True,False,"A:1,B:1,ESTOP:0,MODE:1",DRIVE_DONE,,,,0,,,False,0,UNKNOWN,0.0,False,-9999.0,-1.0,-1.0,False,36.96761283833333,127.87402660666666,121.995,2,5.76,36.96761283833333,127.87402660666666,3.0,2.443829321861267,1.0,0.0,0.08765864372253418,0.0,0.9909497469599653,-8.219622040901166,0.0,0.0,0.0,-0.47466141462150285,0.092154372446617,0.8681900625894801,0.11158014307823098,0.01265363707695889,0.009023352232810684,0.002670353755551324,-8.149326149999998,0.21574629999999997,5.570177199999999
1789045883.833816,30.355,0.0,0.0,0,2,866,37.386407894471446,-5.834068980606071,-5.100150604524771,0.0,104.0,107.0,1.0,-0.2936322768709936,3.0837221185093364,106.0,0.9443842651293151,0.2936322768709936,-8.219622040901166,-0.12098719539232122,-0.13257472902779904,1.0,-10.488288444017824,1.1252917448330217,0.007734279755114115,1.018196617179033,0.0,0.0,1.5475235654104598,0.0,0.0,0.0,0.0,0.0,2.05459458897706,0.5,,,0,0,0,2.5563266277313232,0,170,True,True,False,"A:1,B:1,ESTOP:0,MODE:1",DRIVE_DONE,,,,0,,,False,0,UNKNOWN,0.0,False,-9999.0,-1.0,-1.0,False,36.96761283833333,127.87402660666666,121.995,2,5.76,36.96761283833333,127.87402660666666,3.0,2.4687211751937865,1.0,0.0,0.13744235038757324,0.0,0.9909497469599653,-8.219622040901166,0.0,0.0,0.0,-0.47471258049375886,0.092305281139959,0.8681392476659177,0.11163309391342788,0.012845623294678265,0.00905825881785057,0.0010122909661567112,-8.3748791,0.73549875,5.1975245
1789045883.883814,30.405,0.0,0.0,0,2,866,37.386407894471446,-5.834068980606071,-5.106825609174251,0.0,104.0,107.0,1.0,-0.2936322768709936,3.0837221185093364,106.0,0.9443842651293151,0.2936322768709936,-8.219622040901166,-0.12098719539232122,-0.35909155290041633,1.0,-10.488288444017824,1.1252917448330217,0.007734279755114115,1.018196617179033,0.0,0.0,1.5475235654104598,0.0,0.0,0.0,0.0,0.0,2.05459458897706,0.5,,,0,0,0,2.521517753601074,0,170,True,True,False,"A:1,B:1,ESTOP:0,MODE:1",DRIVE_DONE,,,,0,,,False,0,UNKNOWN,0.0,False,-9999.0,-1.0,-1.0,False,36.96761289166667,127.87402667,121.99199999999999,2,5.76,36.96761289166667,127.87402667,3.0,2.4,1.0,1.0,0.0,0.0,0.050810368971860934,-8.219622040901166,0.0,0.0,0.0,-0.47508224338077865,0.09244314755478206,0.8679413262109901,0.11148533872020641,0.020996310901491785,0.009965830028887622,0.0073129295658562405,-8.5317855,0.6668522,4.9817782
1789045883.933819,30.455,0.0,0.0,0,2,866,37.39204085672484,-5.828131940605864,-5.124747636339293,0.0,104.0,107.0,1.0,0.2984218926052751,3.0837221185093364,106.0,0.9443842651293151,0.2984218926052751,-8.219622040901166,-0.12098719539232122,-0.30606657580476776,1.0,-10.488288444017824,1.1252917448330217,0.007734279755114115,1.018196617179033,0.0,0.0,1.5475235654104598,0.0,0.0,0.0,0.0,0.0,2.05459458897706,0.5,,,0,0,0,2.525160551071167,0,170,True,True,False,"A:1,B:1,ESTOP:0,MODE:1",DRIVE_DONE,,,,0,,,False,0,UNKNOWN,0.0,False,-9999.0,-1.0,-1.0,False,36.96761289166667,127.87402667,121.99199999999999,2,5.76,36.96761289166667,127.87402667,3.0,2.4239019393920898,1.0,0.0,0.04780387878417969,0.0,0.050810368971860934,-8.219622040901166,0.0,0.0,0.0,-0.4754224474232089,0.09261561063479654,0.8677482131944467,0.11139516888409115,0.014224433403753785,-0.014887658519511631,0.0007853981633974482,-8.3748791,0.61781895,5.18771785
1789045883.983867,30.505,0.0,0.0,0,2,866,37.39204085672484,-5.828131940605864,-5.140038326386389,0.0,104.0,107.0,1.0,0.2984218926052751,3.0837221185093364,106.0,0.9443842651293151,0.2984218926052751,-8.219622040901166,-0.12098719539232122,0.04693281933828258,1.0,-10.488288444017824,1.1252917448330217,0.007734279755114115,1.018196617179033,0.0,0.0,1.5475235654104598,0.0,0.0,0.0,0.0,0.0,2.05459458897706,0.5,,,0,0,0,2.5588672161102295,0,170,True,True,False,"A:1,B:1,ESTOP:0,MODE:1",DRIVE_DONE,,,,0,,,False,0,UNKNOWN,0.0,False,-9999.0,-1.0,-1.0,False,36.96761289166667,127.87402667,121.99199999999999,2,5.76,36.96761289166667,127.87402667,3.0,2.4488877296447753,1.0,0.0,0.09777545928955078,0.0,0.050810368971860934,-8.219622040901166,0.0,0.0,0.0,-0.4752500614355903,0.09255791087998556,0.8678444112295903,0.11142930555543318,0.008709192967451705,-0.004694935687864747,0.0020594885173533086,-8.119906199999999,0.5197524499999999,5.3152043
1789045884.033801,30.555,0.0,0.0,0,2,866,37.39204085672484,-5.828131940605864,-5.137712086400484,0.0,104.0,107.0,1.0,0.2984218926052751,3.0837221185093364,106.0,0.9443842651293151,0.2984218926052751,-8.219622040901166,-0.12098719539232122,0.08973000451080482,1.0,-10.488288444017824,1.1252917448330217,0.007734279755114115,1.018196617179033,0.0,0.0,1.5475235654104598,0.0,0.0,0.0,0.0,0.0,2.05459458897706,0.5,,,0,0,0,2.5753538608551025,0,170,True,True,False,"A:1,B:1,ESTOP:0,MODE:1",DRIVE_DONE,,,,0,,,False,0,UNKNOWN,0.0,False,-9999.0,-1.0,-1.0,False,36.96761289166667,127.87402667,121.99199999999999,2,5.76,36.96761289166667,127.87402667,3.0,2.4738821029663085,1.0,0.0,0.1477642059326172,0.0,0.050810368971860934,-8.219622040901166,0.0,0.0,0.0,-0.4750367915785771,0.09254272882626166,0.8679626902104879,0.11143006053436827,0.008255407361933179,0.000890117918517108,0.001954768762233649,-8.3748791,0.5295591,5.3544309
1789045884.083836,30.605,0.0,0.0,0,2,866,37.39204085672484,-5.828131940605864,-5.133215621175708,0.0,104.0,107.0,1.0,0.2984218926052751,3.0837221185093364,106.0,0.9443842651293151,0.2984218926052751,-8.219622040901166,-0.12098719539232122,-0.2549746318409971,1.0,-10.488288444017824,1.1252917448330217,0.007734279755114115,1.018196617179033,0.0,0.0,1.5475235654104598,0.0,0.0,0.0,0.0,0.0,2.05459458897706,0.5,,,0,0,0,2.5645370483398438,0,170,True,True,False,"A:1,B:1,ESTOP:0,MODE:1",DRIVE_DONE,,,,0,,,False,0,UNKNOWN,0.0,False,-9999.0,-1.0,-1.0,False,36.96761289166667,127.87402667,121.99199999999999,2,5.76,36.96761289166667,127.87402667,3.0,2.498877429962158,1.0,0.0,0.1977548599243164,0.0,0.050810368971860934,-8.219622040901166,0.0,0.0,0.0,-0.47513725264615486,0.09261560987126574,0.8679008330191015,0.111422995834735,0.01069886831472524,-0.0005235987755982988,-0.0058468529941810045,-8.404299049999999,0.53936575,5.1582979
1789045884.133811,30.655,0.0,0.0,0,2,866,37.388927904565826,-5.834068980606071,-5.145981422793341,0.0,104.0,107.0,1.0,-0.2961259918686824,3.0837221185093364,106.0,0.9443842651293151,0.2961259918686824,-8.219622040901166,-0.12098719539232122,0.43477170100674034,1.0,-10.488288444017824,1.1252917448330217,0.007734279755114115,1.018196617179033,0.0,0.0,1.5475235654104598,0.0,0.0,0.0,0.0,0.0,2.05459458897706,0.5,,,0,0,0,2.534461736679077,0,170,True,True,False,"A:1,B:1,ESTOP:0,MODE:1",DRIVE_DONE,,,,0,,,False,0,UNKNOWN,0.0,False,-9999.0,-1.0,-1.0,False,36.96761283833333,127.874026635,121.99699999999999,2,6.969600000000001,36.96761283833333,127.874026635,3.0,2.64,1.0,1.0,0.0,0.0,0.02158441142740404,-8.219622040901166,0.0,0.0,0.0,-0.4753767537944884,0.09261236581738219,0.867773572528118,0.1113953251770867,0.00466002910282486,-0.0019896753472735357,0.008342673824532895,-8.404299049999999,0.5099457999999999,5.0210048
1789045884.183791,30.705,0.0,0.0,0,2,866,37.388927904565826,-5.834068980606071,-5.124347138071641,0.0,104.0,107.0,1.0,-0.2961259918686824,3.0837221185093364,106.0,0.9443842651293151,0.2961259918686824,-8.219622040901166,-0.12098719539232122,-0.38279334735355713,1.0,-10.488288444017824,1.1252917448330217,0.007734279755114115,1.018196617179033,0.0,0.0,1.5475235654104598,0.0,0.0,0.0,0.0,0.0,2.05459458897706,0.5,,,0,0,0,2.5565285682678223,0,170,True,True,False,"A:1,B:1,ESTOP:0,MODE:1",DRIVE_DONE,,,,0,,,False,0,UNKNOWN,0.0,False,-9999.0,-1.0,-1.0,False,36.96761283833333,127.874026635,121.99699999999999,2,6.969600000000001,36.96761283833333,127.874026635,3.0,2.673567190170288,1.0,0.0,0.06713438034057617,0.0,0.02158441142740404,-8.219622040901166,0.0,0.0,0.0,-0.475051832536745,0.09257323831654155,0.8679579967843236,0.11137714204096574,0.011868238913561441,-0.007138396640656807,-0.007347836150896127,-8.26700595,0.5883989999999999,5.28578435
1789045884.233890,30.755,0.0,0.0,0,2,866,37.388927904565826,-5.834068980606071,-5.14368127299926,0.0,104.0,107.0,1.0,-0.2961259918686824,3.0837221185093364,106.0,0.9443842651293151,0.2961259918686824,-8.219622040901166,-0.12098719539232122,-0.21027801223592157,1.0,-10.488288444017824,1.1252917448330217,0.007734279755114115,1.018196617179033,0.0,0.0,1.5475235654104598,0.0,0.0,0.0,0.0,0.0,2.05459458897706,0.5,,,0,0,0,2.571133852005005,0,170,True,True,False,"A:1,B:1,ESTOP:0,MODE:1",DRIVE_DONE,,,,0,,,False,0,UNKNOWN,0.0,False,-9999.0,-1.0,-1.0,False,36.96761283833333,127.874026635,121.99699999999999,2,6.969600000000001,36.96761283833333,127.874026635,3.0,2.6985893392562867,1.0,0.0,0.11717867851257324,0.0,0.02158441142740404,-8.219622040901166,0.0,0.0,0.0,-0.47504129922966404,0.09259542044787406,0.8679597964174254,0.1113896042783886,0.014678219009272311,0.0023212879051524586,0.0024434609527920616,-8.404299049999999,0.5687857,5.3348176
1789045884.283836,30.805,0.0,0.0,0,2,866,37.388927904565826,-5.834068980606071,-5.154127131495329,0.0,104.0,107.0,1.0,-0.2961259918686824,3.0837221185093364,106.0,0.9443842651293151,0.2961259918686824,-8.219622040901166,-0.12098719539232122,0.07581951415602767,1.0,-10.488288444017824,1.1252917448330217,0.007734279755114115,1.018196617179033,0.0,0.0,1.5475235654104598,0.0,0.0,0.0,0.0,0.0,2.05459458897706,0.5,,,0,0,0,2.5631678104400635,0,170,True,True,False,"A:1,B:1,ESTOP:0,MODE:1",DRIVE_DONE,,,,0,,,False,0,UNKNOWN,0.0,False,-9999.0,-1.0,-1.0,False,36.96761283833333,127.874026635,121.99699999999999,2,6.969600000000001,36.96761283833333,127.874026635,3.0,2.723573341369629,1.0,0.0,0.1671466827392578,0.0,0.02158441142740404,-8.219622040901166,0.0,0.0,0.0,-0.47510806828096985,0.09255430301735545,0.8679308539503326,0.11136452401165867,0.012932889757277981,0.01043706892692609,0.008377580409572781,-8.325845849999999,0.43149259999999995,5.1975245
1789045884.333822,30.855,0.0,0.0,0,2,866,37.39055849777144,-5.8327702527105405,-5.150335418254883,0.0,104.0,107.0,1.0,-0.2975572569488812,3.0837221185093364,106.0,0.9443842651293151,0.2975572569488812,-8.219622040901166,-0.12098719539232122,0.25674474974776446,1.0,-10.488288444017824,1.1252917448330217,0.007734279755114115,1.018196617179033,0.0,0.0,1.5475235654104598,0.0,0.0,0.0,0.0,0.0,2.05459458897706,0.5,,,0,0,0,2.5651140213012695,0,170,True,True,False,"A:1,B:1,ESTOP:0,MODE:1",DRIVE_DONE,,,,0,,,False,0,UNKNOWN,0.0,False,-9999.0,-1.0,-1.0,False,36.96761285,127.87402665333333,122.0,2,5.76,36.96761285,127.87402665333333,3.0,2.4195571184158324,1.0,0.0,0.03911423683166504,0.0,0.04289545481538491,-8.219622040901166,0.0,0.0,0.0,-0.4750529826680092,0.09254923711500793,0.8679568466530593,0.11140114324249928,0.0036302848441482054,-0.008726646259971648,0.0010995574287564276,-8.394492399999999,0.5295591,5.2563644
1789045884.383776,30.905,0.0,0.0,0,2,866,37.39055849777144,-5.8327702527105405,-5.137513373764222,0.0,104.0,107.0,1.0,-0.2975572569488812,3.0837221185093364,106.0,0.9443842651293151,0.2975572569488812,-8.219622040901166,-0.12098719539232122,-0.1312235007210643,1.0,-10.488288444017824,1.1252917448330217,0.007734279755114115,1.018196617179033,0.0,0.0,1.5475235654104598,0.0,0.0,0.0,0.0,0.0,2.05459458897706,0.5,,,0,0,0,2.590768575668335,0,170,True,True,False,"A:1,B:1,ESTOP:0,MODE:1",DRIVE_DONE,,,,0,,,False,0,UNKNOWN,0.0,False,-9999.0,-1.0,-1.0,False,36.96761285,127.87402665333333,122.0,2,5.76,36.96761285,127.87402665333333,3.0,2.4445886850357055,1.0,0.0,0.08917737007141113,0.0,0.04289545481538491,-8.219622040901166,0.0,0.0,0.0,-0.4748799217093126,0.09249217071603041,0.8680518239049644,0.11144635179699042,0.012758356832078549,-0.005218534463463045,0.0029845130209103037,-8.24739265,0.53936575,5.3348176
1789045884.433795,30.955,0.0,0.0,0,2,866,37.39055849777144,-5.8327702527105405,-5.144081488061829,0.0,104.0,107.0,1.0,-0.2975572569488812,3.0837221185093364,106.0,0.9443842651293151,0.2975572569488812,-8.219622040901166,-0.12098719539232122,0.1570313456116278,1.0,-10.488288444017824,1.1252917448330217,0.007734279755114115,1.018196617179033,0.0,0.0,1.5475235654104598,0.0,0.0,0.0,0.0,0.0,2.05459458897706,0.5,,,0,0,0,2.598581552505493,0,170,True,True,False,"A:1,B:1,ESTOP:0,MODE:1",DRIVE_DONE,,,,0,,,False,0,UNKNOWN,0.0,False,-9999.0,-1.0,-1.0,False,36.96761285,127.87402665333333,122.0,2,5.76,36.96761285,127.87402665333333,3.0,2.469552779197693,1.0,0.0,0.13910555839538574,0.0,0.04289545481538491,-8.219622040901166,0.0,0.0,0.0,-0.4749044102796885,0.09247250236989468,0.8680393028957899,0.11145584789746144,0.004782202150464463,-0.008813912722571364,-0.0004014257279586958,-8.36507245,0.55897905,5.26617105
1789045884.483784,31.005,0.0,0.0,0,2,866,37.39055849777144,-5.8327702527105405,-5.136244342357344,0.0,104.0,107.0,1.0,-0.2975572569488812,3.0837221185093364,106.0,0.9443842651293151,0.2975572569488812,-8.219622040901166,-0.12098719539232122,0.21756595518944385,1.0,-10.488288444017824,1.1252917448330217,0.007734279755114115,1.018196617179033,0.0,0.0,1.5475235654104598,0.0,0.0,0.0,0.0,0.0,2.05459458897706,0.5,,,0,0,0,2.604412794113159,0,170,True,True,False,"A:1,B:1,ESTOP:0,MODE:1",DRIVE_DONE,,,,0,,,False,0,UNKNOWN,0.0,False,-9999.0,-1.0,-1.0,False,36.96761285,127.87402665333333,122.0,2,5.76,36.96761285,127.87402665333333,3.0,2.4945429801940917,1.0,0.0,0.1890859603881836,0.0,0.04289545481538491,-8.219622040901166,0.0,0.0,0.0,-0.4747708248414823,0.09251001334566783,0.8681098055946307,0.11144472504598571,0.008325220532012952,-0.010716321607245184,0.008412486994612669,-8.325845849999999,0.6080123,5.1975245
1789045884.533836,31.055,0.0,0.0,0,2,866,37.39011378995903,-5.836109837710657,-5.125338096090417,0.0,104.0,107.0,1.0,-0.29759816939885936,3.0837221185093364,106.0,0.9443842651293151,0.29759816939885936,-8.219622040901166,-0.12098719539232122,-0.5172746935810477,1.0,-10.488288444017824,1.1252917448330217,0.007734279755114115,1.018196617179033,0.0,0.0,1.5475235654104598,0.0,0.0,0.0,0.0,0.0,2.05459458897706,0.5,,,0,0,0,0.0,0,170,True,True,False,"A:1,B:1,ESTOP:0,MODE:1",DRIVE_DONE,,,,0,,,False,0,UNKNOWN,0.0,False,-9999.0,-1.0,-1.0,False,36.96761282,127.87402664833333,122.01499999999999,2,5.76,36.96761282,127.87402664833333,3.0,2.419991874694824,1.0,0.0,0.03998374938964844,0.0,0.022529814560434337,-8.219622040901166,0.0,0.0,0.0,-0.47471358643026335,0.09254953975093527,0.868137918813592,0.11143674200375765,0.018011797880581482,0.0023212879051524586,-0.0026005405854715507,-8.325845849999999,0.5295591,5.2563644
1789045884.583827,31.105,0.0,0.0,0,2,866,37.39011378995903,-5.836109837710657,-5.1511687542273705,0.0,104.0,107.0,1.0,-0.29759816939885936,3.0837221185093364,106.0,0.9443842651293151,0.29759816939885936,-8.219622040901166,-0.12098719539232122,-0.3339518290230638,1.0,-10.488288444017824,1.1252917448330217,0.007734279755114115,1.018196617179033,0.0,0.0,1.5475235654104598,0.0,0.0,0.0,0.0,0.0,2.05459458897706,0.5,,,0,0,0,0.0,0,170,True,True,False,"A:1,B:1,ESTOP:0,MODE:1",DRIVE_DONE,,,,0,,,False,0,UNKNOWN,0.0,False,-9999.0,-1.0,-1.0,False,36.96761282,127.87402664833333,122.01499999999999,2,5.76,36.96761282,127.87402664833333,3.0,2.4449966192245483,1.0,0.0,0.08999323844909668,0.0,0.022529814560434337,-8.219622040901166,0.0,0.0,0.0,-0.47468522067370506,0.09252878466201617,0.8681562507637327,0.11143199514854366,0.01619665545850738,0.003996803987067015,0.0004537856055185257,-8.316039199999999,0.55897905,5.16810455
1789045884.633863,31.155,0.0,0.0,0,2,866,37.39011378995903,-5.836109837710657,-5.16783097833212,0.0,104.0,107.0,1.0,-0.29759816939885936,3.0837221185093364,106.0,0.9443842651293151,0.29759816939885936,-8.219622040901166,-0.12098719539232122,0.5084115526361646,1.0,-10.488288444017824,1.1252917448330217,0.007734279755114115,1.018196617179033,0.0,0.0,1.5475235654104598,0.0,0.0,0.0,0.0,0.0,2.05459458897706,0.5,,,0,0,0,0.0,0,170,True,True,False,"A:1,B:1,ESTOP:0,MODE:1",DRIVE_DONE,,,,0,,,False,0,UNKNOWN,0.0,False,-9999.0,-1.0,-1.0,False,36.96761282,127.87402664833333,122.01499999999999,2,5.76,36.96761282,127.87402664833333,3.0,2.470003628730774,1.0,0.0,0.14000725746154785,0.0,0.022529814560434337,-8.219622040901166,0.0,0.0,0.0,-0.4747202327419604,0.09255765793328292,0.8681328905240003,0.11144085863707504,0.0025656340004316645,-0.011205013797803596,0.008587019919812101,-8.3552658,0.5982056499999999,5.1779112
1789045884.683922,31.205,0.0,0.0,0,2,865,37.39011378995903,-5.836109837710657,-5.142195389959056,0.0,104.0,107.0,1.0,-0.29759816939885936,3.0837221185093364,106.0,0.9443842651293151,0.29759816939885936,-8.219622040901166,-0.12098719539232122,-0.008532095642332815,1.0,-10.488288444017824,1.1252917448330217,0.007734279755114115,1.018196617179033,0.0,0.0,1.5475235654104598,0.0,0.0,0.0,0.0,0.0,2.05459458897706,0.5,,,0,0,0,0.0,0,170,True,True,False,"A:1,B:1,ESTOP:0,MODE:1",DRIVE_DONE,,,,0,,,False,0,UNKNOWN,0.0,False,-9999.0,-1.0,-1.0,False,36.96761282,127.87402664833333,122.01499999999999,2,5.76,36.96761282,127.87402664833333,3.0,2.49500777721405,1.0,0.0,0.19001555442810059,0.0,0.022529814560434337,-8.219622040901166,0.0,0.0,0.0,-0.4746795502692055,0.09257080740046414,0.868151239966041,0.11146028314550535,0.007278022980816354,0.007661995416255106,-0.004345869837465881,-8.227779349999999,0.5295591,5.1975245
1789045884.733794,31.255,0.0,0.0,0,2,866,37.38981731892671,-5.836109837710657,-5.142618853513909,0.0,104.0,107.0,1.0,-0.2973050390545507,3.0837221185093364,106.0,0.9443842651293151,0.2973050390545507,-8.219622040901166,-0.12098719539232122,-0.0962402843645126,1.0,-10.488288444017824,1.1252917448330217,0.007734279755114115,1.018196617179033,0.0,0.0,1.5475235654104598,0.0,0.0,0.0,0.0,0.0,2.05459458897706,0.5,,,0,0,0,0.0,0,170,True,True,False,"A:1,B:1,ESTOP:0,MODE:1",DRIVE_DONE,,,,0,,,False,0,UNKNOWN,0.0,False,-9999.0,-1.0,-1.0,False,36.96761282,127.874026645,122.00200000000001,2,5.76,36.96761282,127.874026645,3.0,2.4150072574615478,1.0,0.0,0.030014514923095703,0.0,0.030103509031465303,-8.219622040901166,0.0,0.0,0.0,-0.47463638912553474,0.09264849832245103,0.8681738454775393,0.11140344655893991,0.011798425743481668,0.0016929693744344998,0.0014835298641951802,-8.3748791,0.55897905,5.2367511
1789045884.783793,31.305,0.0,0.0,0,2,866,37.38981731892671,-5.836109837710657,-5.147422786336961,0.0,104.0,107.0,1.0,-0.2973050390545507,3.0837221185093364,106.0,0.9443842651293151,0.2973050390545507,-8.219622040901166,-0.12098719539232122,0.262267999022625,1.0,-10.488288444017824,1.1252917448330217,0.007734279755114115,1.018196617179033,0.0,0.0,1.5475235654104598,0.0,0.0,0.0,0.0,0.0,2.05459458897706,0.5,,,0,0,0,0.0,0,170,True,True,False,"A:1,B:1,ESTOP:0,MODE:1",DRIVE_DONE,,,,0,,,False,0,UNKNOWN,0.0,False,-9999.0,-1.0,-1.0,False,36.96761282,127.874026645,122.00200000000001,2,5.76,36.96761282,127.874026645,3.0,2.4399993658065795,1.0,0.0,0.07999873161315918,0.0,0.030103509031465303,-8.219622040901166,0.0,0.0,0.0,-0.47474079259122737,0.09266505885044438,0.8681116772097741,0.11142927178318074,0.007260569688296411,0.004345869837465881,0.0058468529941810045,-8.34545915,0.48052585,5.12887795
1789045884.833860,31.355,0.0,0.0,0,2,866,37.38981731892671,-5.836109837710657,-5.1343149014933545,0.0,104.0,107.0,1.0,-0.2973050390545507,3.0837221185093364,106.0,0.9443842651293151,0.2973050390545507,-8.219622040901166,-0.12098719539232122,-0.06528687542711181,1.0,-10.488288444017824,1.1252917448330217,0.007734279755114115,1.018196617179033,0.0,0.0,1.5475235654104598,0.0,0.0,0.0,0.0,0.0,2.05459458897706,0.5,,,0,0,0,0.0,0,170,True,True,False,"A:1,B:1,ESTOP:0,MODE:1",DRIVE_DONE,,,,0,,,False,0,UNKNOWN,0.0,False,-9999.0,-1.0,-1.0,False,36.96761282,127.874026645,122.00200000000001,2,5.76,36.96761282,127.874026645,3.0,2.4650033950805663,1.0,0.0,0.1300067901611328,0.0,0.030103509031465303,-8.219622040901166,0.0,0.0,0.0,-0.4746962410954507,0.0926247567947445,0.8681340596229329,0.11147819356793548,0.009913470151327791,0.000890117918517108,-0.0006457718232379018,-8.26700595,0.5197524499999999,5.1582979
1789045884.883822,31.405,0.0,0.0,0,2,866,37.38981731892671,-5.836109837710657,-5.1375836627831575,0.0,104.0,107.0,1.0,-0.2973050390545507,3.0837221185093364,106.0,0.9443842651293151,0.2973050390545507,-8.219622040901166,-0.12098719539232122,0.2727057087770914,1.0,-10.488288444017824,1.1252917448330217,0.007734279755114115,1.018196617179033,0.0,0.0,1.5475235654104598,0.0,0.0,0.0,0.0,0.0,2.05459458897706,0.5,,,0,0,0,0.0,0,170,True,True,False,"A:1,B:1,ESTOP:0,MODE:1",DRIVE_DONE,,,,0,,,False,0,UNKNOWN,0.0,False,-9999.0,-1.0,-1.0,False,36.96761282,127.874026645,122.00200000000001,2,5.76,36.96761282,127.874026645,3.0,2.490003252029419,1.0,0.0,0.1800065040588379,0.0,0.030103509031465303,-8.219622040901166,0.0,0.0,0.0,-0.47470594614349065,0.09269047595080862,0.8681240255836105,0.11146038116089926,0.006684611035138282,0.0015707963267948964,0.0056199601914217415,-8.38468575,0.5295591,5.2367511
1789045884.933825,31.455,0.0,0.0,0,2,866,37.38744554561243,-5.834811110606098,-5.123931550658057,0.0,104.0,107.0,1.0,-0.294766969089875,3.0837221185093364,106.0,0.9443842651293151,0.294766969089875,-8.219622040901166,-0.12098719539232122,-0.1119251833681269,1.0,-10.488288444017824,1.1252917448330217,0.007734279755114115,1.018196617179033,0.0,0.0,1.5475235654104598,0.0,0.0,0.0,0.0,0.0,2.05459458897706,0.5,,,0,0,0,0.0,0,170,True,True,False,"A:1,B:1,ESTOP:0,MODE:1",DRIVE_DONE,,,,0,,,False,0,UNKNOWN,0.0,False,-9999.0,-1.0,-1.0,False,36.96761283166666,127.87402661833333,121.99600000000001,2,5.76,36.96761283166666,127.87402661833333,3.0,2.4190290212631225,1.0,0.0,0.03805804252624512,0.0,0.026580378948264656,-8.219622040901166,0.0,0.0,0.0,-0.4747015730624319,0.09266034100020457,0.8681303447171318,0.11145484430518178,0.012199851471440364,0.009215338450530061,0.0005410520681182421,-8.42391235,0.57859235,5.24655775
1789045884.983811,31.505,0.0,0.0,0,2,866,37.38744554561243,-5.834811110606098,-5.129515182464019,0.0,104.0,107.0,1.0,-0.294766969089875,3.0837221185093364,106.0,0.9443842651293151,0.294766969089875,-8.219622040901166,-0.12098719539232122,-0.43750123383927786,1.0,-10.488288444017824,1.1252917448330217,0.007734279755114115,1.018196617179033,0.0,0.0,1.5475235654104598,0.0,0.0,0.0,0.0,0.0,2.05459458897706,0.5,,,0,0,0,0.0,0,170,True,True,False,"A:1,B:1,ESTOP:0,MODE:1",DRIVE_DONE,,,,0,,,False,0,UNKNOWN,0.0,False,-9999.0,-1.0,-1.0,False,36.96761283166666,127.87402661833333,121.99600000000001,2,5.76,36.96761283166666,127.87402661833333,3.0,2.4440160036087035,1.0,0.0,0.08803200721740723,0.0,0.026580378948264656,-8.219622040901166,0.0,0.0,0.0,-0.47468944563252324,0.09260704741476333,0.8681374567325307,0.11149538641657193,0.014974924982111348,-0.008133234314293577,-0.003612831551628262,-8.34545915,0.55897905,5.1779112
1789045885.033844,31.555,0.0,0.0,0,2,866,37.38744554561243,-5.834811110606098,-5.151373325329843,0.0,104.0,107.0,1.0,-0.294766969089875,3.0837221185093364,106.0,0.9443842651293151,0.294766969089875,-8.219622040901166,-0.12098719539232122,0.17605096278515014,1.0,-10.488288444017824,1.1252917448330217,0.007734279755114115,1.018196617179033,0.0,0.0,1.5475235654104598,0.0,0.0,0.0,0.0,0.0,2.05459458897706,0.5,,,0,0,0,0.0,0,170,True,True,False,"A:1,B:1,ESTOP:0,MODE:1",DRIVE_DONE,,,,0,,,False,0,UNKNOWN,0.0,False,-9999.0,-1.0,-1.0,False,36.96761283166666,127.87402661833333,121.99600000000001,2,5.76,36.96761283166666,127.87402661833333,3.0,2.4690155029296874,1.0,0.0,0.138031005859375,0.0,0.026580378948264656,-8.219622040901166,0.0,0.0,0.0,-0.47469706448086735,0.09260758986732265,0.8681332362375163,0.11149536049535733,0.003944444109507185,-0.005235987755982988,-0.001762782544514273,-8.3552658,0.5687857,5.2563644
1789045885.083799,31.605,0.0,0.0,0,2,866,37.38744554561243,-5.834811110606098,-5.142535485602394,0.0,104.0,107.0,1.0,-0.294766969089875,3.0837221185093364,106.0,0.9443842651293151,0.294766969089875,-8.219622040901166,-0.12098719539232122,-0.025082609452216797,1.0,-10.488288444017824,1.1252917448330217,0.007734279755114115,1.018196617179033,0.0,0.0,1.5475235654104598,0.0,0.0,0.0,0.0,0.0,2.05459458897706,0.5,,,0,0,0,0.0,0,170,True,True,False,"A:1,B:1,ESTOP:0,MODE:1",DRIVE_DONE,,,,0,,,False,0,UNKNOWN,0.0,False,-9999.0,-1.0,-1.0,False,36.96761283166666,127.87402661833333,121.99600000000001,2,5.76,36.96761283166666,127.87402661833333,3.0,2.4940353870391845,1.0,0.0,0.18807077407836914,0.0,0.026580378948264656,-8.219622040901166,0.0,0.0,0.0,-0.4747247575919179,0.09265509815267224,0.8681173543137489,0.11146163669581842,0.009040805525330627,-0.004642575810304917,5.235987755982989e-05,-8.2964259,0.55897905,5.22694445
1789045885.133864,31.655,0.0,0.0,0,2,866,37.38596318792297,-5.834625577710605,-5.143783790203031,0.0,104.0,107.0,1.0,-0.29327343172366466,3.0837221185093364,106.0,0.9443842651293151,0.29327343172366466,-8.219622040901166,-0.12098719539232122,0.06018611383176509,1.0,-10.488288444017824,1.1252917448330217,0.007734279755114115,1.018196617179033,0.0,0.0,1.5475235654104598,0.0,0.0,0.0,0.0,0.0,2.05459458897706,0.5,,,0,0,0,0.0,0,170,True,True,False,"A:1,B:1,ESTOP:0,MODE:1",DRIVE_DONE,,,,0,,,False,0,UNKNOWN,0.0,False,-9999.0,-1.0,-1.0,False,36.967612833333334,127.87402660166667,122.001,2,5.3824,36.967612833333334,127.87402660166667,3.0,2.3356011581420897,1.0,0.0,0.031202316284179688,0.0,0.03727945356434111,-8.219622040901166,0.0,0.0,0.0,-0.47467404301557825,0.09260939617817501,0.8681460623360305,0.11149200454384087,0.0041887902047863905,0.003525565089028546,-0.006789330790257942,-8.414105699999999,0.55897905,5.2367511
1789045885.183781,31.705,0.0,0.0,0,2,866,37.38596318792297,-5.834625577710605,-5.140768087509798,0.0,104.0,107.0,1.0,-0.29327343172366466,3.0837221185093364,106.0,0.9443842651293151,0.29327343172366466,-8.219622040901166,-0.12098719539232122,0.5204965328931782,1.0,-10.488288444017824,1.1252917448330217,0.007734279755114115,1.018196617179033,0.0,0.0,1.5475235654104598,0.0,0.0,0.0,0.0,0.0,2.05459458897706,0.5,,,0,0,0,0.0,0,170,True,True,False,"A:1,B:1,ESTOP:0,MODE:1",DRIVE_DONE,,,,0,,,False,0,UNKNOWN,0.0,False,-9999.0,-1.0,-1.0,False,36.967612833333334,127.87402660166667,122.001,2,5.3824,36.967612833333334,127.87402660166667,3.0,2.360594696998596,1.0,0.0,0.08118939399719238,0.0,0.03727945356434111,-8.219622040901166,0.0,0.0,0.0,-0.4747179601972387,0.09263739143073317,0.8681207537686565,0.11147882691893368,0.0007504915783575617,-0.004904375198104067,0.00486946861306418,-8.3356525,0.5197524499999999,5.16810455
1789045885.233808,31.755,0.0,0.0,0,2,866,37.38596318792297,-5.834625577710605,-5.114762644667167,0.0,104.0,107.0,1.0,-0.29327343172366466,3.0837221185093364,106.0,0.9443842651293151,0.29327343172366466,-8.219622040901166,-0.12098719539232122,0.16441554306550793,1.0,-10.488288444017824,1.1252917448330217,0.007734279755114115,1.018196617179033,0.0,0.0,1.5475235654104598,0.0,0.0,0.0,0.0,0.0,2.05459458897706,0.5,,,0,0,0,0.0,0,170,True,True,False,"A:1,B:1,ESTOP:0,MODE:1",DRIVE_DONE,,,,0,,,False,0,UNKNOWN,0.0,False,-9999.0,-1.0,-1.0,False,36.967612833333334,127.87402660166667,122.001,2,5.3824,36.967612833333334,127.87402660166667,3.0,2.385617799758911,1.0,0.0,0.13123559951782227,0.0,0.03727945356434111,-8.219622040901166,0.0,0.0,0.0,-0.47477777187879305,0.09265273312185016,0.8680863414046665,0.11147933549102693,0.003193952531149623,0.002949606435870417,-0.004694935687864747,-8.36507245,0.6276256,5.18771785
1789045885.283800,31.805,0.0,0.0,0,2,866,37.38596318792297,-5.834625577710605,-5.1065161603374065,0.0,104.0,107.0,1.0,-0.29327343172366466,3.0837221185093364,106.0,0.9443842651293151,0.29327343172366466,-8.219622040901166,-0.12098719539232122,0.5253015097915624,1.0,-10.488288444017824,1.1252917448330217,0.007734279755114115,1.018196617179033,0.0,0.0,1.5475235654104598,0.0,0.0,0.0,0.0,0.0,2.05459458897706,0.5,,,0,0,0,0.0,0,170,True,True,False,"A:1,B:1,ESTOP:0,MODE:1",DRIVE_DONE,,,,0,,,False,0,UNKNOWN,0.0,False,-9999.0,-1.0,-1.0,False,36.967612833333334,127.87402660166667,122.001,2,5.3824,36.967612833333334,127.87402660166667,3.0,2.4105935764312743,1.0,0.0,0.18118715286254883,0.0,0.03727945356434111,-8.219622040901166,0.0,0.0,0.0,-0.47475215006665933,0.09268342246201566,0.8680982082975627,0.11147053403645721,0.0033335788713091696,0.0043982297150257105,0.008325220532012952,-8.38468575,0.50013915,5.2563644
1789045885.333883,31.855,0.0,0.0,0,2,866,37.386111423439125,-5.8327702527105405,-5.080328258746135,0.0,104.0,107.0,1.0,-0.2931536388448697,3.0837221185093364,106.0,0.9443842651293151,0.2931536388448697,-8.219622040901166,-0.12098719539232122,0.09404741105739772,1.0,-10.488288444017824,1.1252917448330217,0.007734279755114115,1.018196617179033,0.0,0.0,1.5475235654104598,0.0,0.0,0.0,0.0,0.0,2.05459458897706,0.5,,,0,0,0,0.0,0,170,True,True,False,"A:1,B:1,ESTOP:0,MODE:1",DRIVE_DONE,,,,0,,,False,0,UNKNOWN,0.0,False,-9999.0,-1.0,-1.0,False,36.96761285,127.87402660333333,121.99699999999999,2,5.3824,36.96761285,127.87402660333333,3.0,2.341048069000244,1.0,0.0,0.04209613800048828,0.0,0.0221672595892664,-8.219622040901166,0.0,0.0,0.0,-0.4747464769032402,0.09266773019331243,0.8681040468889659,0.11146227264765708,0.008674286382411817,-0.002897246558310587,0.0035081117965086025,-8.34545915,0.5687857,5.1386845999999995
1789045885.383845,31.905,0.0,0.0,0,2,866,37.386111423439125,-5.8327702527105405,-5.075615040115139,0.0,104.0,107.0,1.0,-0.2931536388448697,3.0837221185093364,106.0,0.9443842651293151,0.2931536388448697,-8.219622040901166,-0.12098719539232122,-0.028544319677498875,1.0,-10.488288444017824,1.1252917448330217,0.007734279755114115,1.018196617179033,0.0,0.0,1.5475235654104598,0.0,0.0,0.0,0.0,0.0,2.05459458897706,0.5,,,0,0,0,0.0,0,170,True,True,False,"A:1,B:1,ESTOP:0,MODE:1",DRIVE_DONE,,,,0,,,False,0,UNKNOWN,0.0,False,-9999.0,-1.0,-1.0,False,36.96761285,127.87402660333333,121.99699999999999,2,5.3824,36.96761285,127.87402660333333,3.0,2.366045899391174,1.0,0.0,0.09209179878234863,0.0,0.0221672595892664,-8.219622040901166,0.0,0.0,0.0,-0.4746831473602039,0.09257903636784662,0.8681403565492585,0.1115228809166007,0.008255407361933179,-0.0012740903539558606,-0.0018849555921538759,-8.34545915,0.5197524499999999,5.2171378
1789045885.433816,31.955,0.0,0.0,0,0,866,37.386111423439125,-5.8327702527105405,-5.077046644282916,0.0,104.0,107.0,1.0,-0.2931536388448697,3.0837221185093364,106.0,0.9443842651293151,0.2931536388448697,-8.219622040901166,-0.12098719539232122,0.08008789221080453,1.0,-10.488288444017824,1.1252917448330217,0.007734279755114115,1.018196617179033,0.0,0.0,1.5475235654104598,0.0,0.0,0.0,0.0,0.0,2.05459458897706,0.5,,,0,0,0,0.0,0,170,True,True,False,"A:1,B:1,ESTOP:0,MODE:1",DRIVE_DONE,,,,0,,"🏁 완전정지 확인 — 리니어 해제, 메뉴로 복귀",False,0,UNKNOWN,0.0,False,-9999.0,-1.0,-1.0,False,36.96761285,127.87402660333333,121.99699999999999,2,5.3824,36.96761285,127.87402660333333,3.0,2.3910940361022948,1.0,0.0,0.14218807220458984,0.0,0.0221672595892664,-8.219622040901166,0.0,0.0,0.0,-0.4746967511493353,0.09260143225953647,0.8681317683836687,0.11151323650039338,0.008970992355250854,-0.005707226654021458,0.003961897402027128,-8.3748791,0.53936575,5.2367511
1789045885.478679,32.000,0.0,0.0,0,0,866,37.386111423439125,-5.8327702527105405,-5.077046644282916,0.0,104.0,107.0,1.0,-0.2931536388448697,3.0837221185093364,106.0,0.9443842651293151,0.2931536388448697,-8.219622040901166,-0.12098719539232122,0.08008789221080453,1.0,-10.488288444017824,1.1252917448330217,0.007734279755114115,1.018196617179033,0.0,0.0,1.5475235654104598,0.0,0.0,0.0,0.0,0.0,2.05459458897706,0.5,,,0,0,0,0.0,0,170,True,True,False,"A:1,B:1,ESTOP:0,MODE:1",IDLE,,,,0,,,False,0,UNKNOWN,0.0,False,-9999.0,-1.0,-1.0,False,36.96761285,127.87402660333333,121.99699999999999,2,5.3824,36.96761285,127.87402660333333,3.0,2.3910940361022948,1.0,0.0,0.14218807220458984,0.0,0.0221672595892664,-8.219622040901166,0.0,0.0,0.0,-0.4747416390772479,0.09262185286297162,0.8681072684011714,0.11149591493653345,0.0091106186954104,-0.006021385919380436,0.0020420352248333657,-8.34545915,0.57859235,5.20733115
