t_rel,t_wall,kind,i,x_m,y_m,cells,ego_y,ego_yaw_deg,target_y,n_ahead,lethal_cells,clusters_all,clusters_rej,lstatus
9.05,1789654166.494,none,-1,,,,,,,,,,,L
9.10,1789654166.543,none,-1,,,,,,,,,,,L
9.15,1789654166.594,none,-1,,,,0.0,0.0,-0.7999999999999992,2.0,5299.0,9.0,7.0,L
9.20,1789654166.643,none,-1,,,,-0.47845989835847635,-0.0063654949397548835,-0.005050724446619791,2.0,5299.0,9.0,7.0,L
9.25,1789654166.695,none,-1,,,,-0.4827867235325203,0.04380718355552296,-0.015140996515372035,2.0,5369.0,9.0,7.0,L
9.30,1789654166.744,none,-1,,,,-0.4827867235325203,0.04380718355552296,-0.015140996515372035,2.0,5369.0,9.0,7.0,L
9.35,1789654166.794,none,-1,,,,-0.4827867235325203,0.056565379560247396,-0.020187536008392373,2.0,5369.0,9.0,7.0,L
9.35,1789654166.794,path,0,0.000,0.000,,-0.4827867235325203,0.056565379560247396,-0.020187536008392373,2.0,5369.0,9.0,7.0,L
9.35,1789654166.794,path,1,0.183,0.002,,-0.4827867235325203,0.056565379560247396,-0.020187536008392373,2.0,5369.0,9.0,7.0,L
9.35,1789654166.794,path,2,0.407,0.012,,-0.4827867235325203,0.056565379560247396,-0.020187536008392373,2.0,5369.0,9.0,7.0,L
9.35,1789654166.794,path,3,0.664,0.036,,-0.4827867235325203,0.056565379560247396,-0.020187536008392373,2.0,5369.0,9.0,7.0,L
9.35,1789654166.794,path,4,0.938,0.069,,-0.4827867235325203,0.056565379560247396,-0.020187536008392373,2.0,5369.0,9.0,7.0,L
9.35,1789654166.794,path,5,1.208,0.099,,-0.4827867235325203,0.056565379560247396,-0.020187536008392373,2.0,5369.0,9.0,7.0,L
9.35,1789654166.794,path,6,1.467,0.119,,-0.4827867235325203,0.056565379560247396,-0.020187536008392373,2.0,5369.0,9.0,7.0,L
9.35,1789654166.794,path,7,1.727,0.126,,-0.4827867235325203,0.056565379560247396,-0.020187536008392373,2.0,5369.0,9.0,7.0,L
9.35,1789654166.794,path,8,1.991,0.118,,-0.4827867235325203,0.056565379560247396,-0.020187536008392373,2.0,5369.0,9.0,7.0,L
9.35,1789654166.794,path,9,2.263,0.094,,-0.4827867235325203,0.056565379560247396,-0.020187536008392373,2.0,5369.0,9.0,7.0,L
9.35,1789654166.794,path,10,2.519,0.058,,-0.4827867235325203,0.056565379560247396,-0.020187536008392373,2.0,5369.0,9.0,7.0,L
9.35,1789654166.794,path,11,2.780,0.013,,-0.4827867235325203,0.056565379560247396,-0.020187536008392373,2.0,5369.0,9.0,7.0,L
9.35,1789654166.794,path,12,3.040,-0.037,,-0.4827867235325203,0.056565379560247396,-0.020187536008392373,2.0,5369.0,9.0,7.0,L
9.35,1789654166.794,path,13,3.299,-0.089,,-0.4827867235325203,0.056565379560247396,-0.020187536008392373,2.0,5369.0,9.0,7.0,L
9.35,1789654166.794,path,14,3.561,-0.139,,-0.4827867235325203,0.056565379560247396,-0.020187536008392373,2.0,5369.0,9.0,7.0,L
9.35,1789654166.794,path,15,3.824,-0.183,,-0.4827867235325203,0.056565379560247396,-0.020187536008392373,2.0,5369.0,9.0,7.0,L
9.35,1789654166.794,path,16,4.098,-0.221,,-0.4827867235325203,0.056565379560247396,-0.020187536008392373,2.0,5369.0,9.0,7.0,L
9.35,1789654166.794,path,17,4.362,-0.253,,-0.4827867235325203,0.056565379560247396,-0.020187536008392373,2.0,5369.0,9.0,7.0,L
9.35,1789654166.794,path,18,4.620,-0.278,,-0.4827867235325203,0.056565379560247396,-0.020187536008392373,2.0,5369.0,9.0,7.0,L
9.35,1789654166.794,path,19,4.886,-0.299,,-0.4827867235325203,0.056565379560247396,-0.020187536008392373,2.0,5369.0,9.0,7.0,L
9.35,1789654166.794,path,20,5.149,-0.316,,-0.4827867235325203,0.056565379560247396,-0.020187536008392373,2.0,5369.0,9.0,7.0,L
9.40,1789654166.843,cone,0,15.139,1.151,245,-0.4874870611464133,0.03969658595123946,-0.025233272974003365,2.0,5130.0,9.0,6.0,L
9.45,1789654166.893,cone,0,15.071,1.130,240,-0.4912431625729685,0.0077885542190126965,-0.03052988477489176,2.0,5345.0,8.0,5.0,L
9.50,1789654166.943,cone,0,15.073,1.149,231,-0.5021612704523322,-0.024178776349434227,-0.0362989247911693,2.0,5156.0,9.0,6.0,L
9.55,1789654166.993,cone,0,15.078,1.144,228,-0.5021612704523322,-0.03926654357600155,-0.042069481974650436,2.0,5217.0,8.0,5.0,L
9.60,1789654167.043,cone,0,15.078,1.144,228,-0.5080623126846555,-0.04150546231394735,-0.047839434214391754,2.0,5237.0,9.0,6.0,L
9.65,1789654167.093,none,-1,,,,-0.5121266261544043,0.02322049849513732,-0.053607715158878994,2.0,5313.0,8.0,6.0,L
9.70,1789654167.144,none,-1,,,,-0.5161923108127475,0.1257918512092188,-0.05937841372670674,2.0,5341.0,9.0,7.0,L
9.75,1789654167.193,none,-1,,,,-0.5124318565563996,0.27755831567874995,-0.0655872052970786,2.0,5341.0,9.0,7.0,L
9.80,1789654167.243,cone,0,14.876,1.180,237,-0.5175325618074342,0.4319448146747324,-0.07199775598754193,2.0,5426.0,8.0,5.0,L
9.85,1789654167.294,cone,0,8.060,1.457,229,-0.5219240925411003,0.6211687332372137,-0.07840839485485239,2.0,5280.0,8.0,4.0,L
9.85,1789654167.294,cone,1,14.888,1.151,224,-0.5219240925411003,0.6211687332372137,-0.07840839485485239,2.0,5280.0,8.0,4.0,L
9.90,1789654167.344,cone,0,14.806,1.051,232,-0.5175214984196466,0.8425788890372337,-0.08481805291734887,2.0,5275.0,8.0,5.0,L
9.95,1789654167.393,none,-1,,,,-0.5175214984196466,1.0522661200089072,-0.09122666589347307,2.0,5240.0,9.0,7.0,L
10.00,1789654167.444,none,-1,,,,-0.5231337696458338,1.2472518060318605,-0.09765298273035548,2.0,5279.0,8.0,6.0,L
10.05,1789654167.493,none,-1,,,,-0.527066717893284,1.4593917463770978,-0.1046088063794833,2.0,5279.0,8.0,6.0,L
10.10,1789654167.544,none,-1,,,,-0.5154670626265045,1.6820293669254083,-0.1115628261511552,2.0,5573.0,8.0,6.0,L
10.15,1789654167.593,cone,0,7.938,1.250,227,-0.5154670626265045,1.92651207312017,-0.11851929731665264,2.0,5430.0,8.0,4.0,L
10.15,1789654167.593,cone,1,14.750,0.600,194,-0.5154670626265045,1.92651207312017,-0.11851929731665264,2.0,5430.0,8.0,4.0,L
10.20,1789654167.643,cone,0,7.900,1.250,228,-0.5205192402802472,2.1124329665550916,-0.12547490526544144,2.0,5501.0,9.0,4.0,L
10.20,1789654167.643,cone,1,14.650,0.500,186,-0.5205192402802472,2.1124329665550916,-0.12547490526544144,2.0,5501.0,9.0,4.0,L
10.25,1789654167.694,cone,0,7.862,1.143,229,-0.5240958803078232,2.267810793478704,-0.13242525947775108,2.0,5639.0,8.0,5.0,L
10.30,1789654167.743,cone,0,7.827,1.021,194,-0.5051252287084471,2.4127344582380585,-0.1395507981201939,2.0,5494.0,8.0,4.0,L
10.30,1789654167.743,cone,1,14.617,0.404,189,-0.5051252287084471,2.4127344582380585,-0.1395507981201939,2.0,5494.0,8.0,4.0,L
10.35,1789654167.793,cone,0,7.794,1.150,224,-0.5051252287084471,2.5624664880647914,-0.14696161253425244,2.0,5662.0,8.0,4.0,L
10.35,1789654167.793,cone,1,14.535,0.551,226,-0.5051252287084471,2.5624664880647914,-0.14696161253425244,2.0,5662.0,8.0,4.0,L
10.35,1789654167.793,path,0,0.000,0.000,,-0.5051252287084471,2.5624664880647914,-0.14696161253425244,2.0,5662.0,8.0,4.0,L
10.35,1789654167.793,path,1,0.286,0.003,,-0.5051252287084471,2.5624664880647914,-0.14696161253425244,2.0,5662.0,8.0,4.0,L
10.35,1789654167.793,path,2,0.567,0.012,,-0.5051252287084471,2.5624664880647914,-0.14696161253425244,2.0,5662.0,8.0,4.0,L
10.35,1789654167.793,path,3,0.842,0.020,,-0.5051252287084471,2.5624664880647914,-0.14696161253425244,2.0,5662.0,8.0,4.0,L
10.35,1789654167.793,path,4,1.108,0.022,,-0.5051252287084471,2.5624664880647914,-0.14696161253425244,2.0,5662.0,8.0,4.0,L
10.35,1789654167.793,path,5,1.368,0.013,,-0.5051252287084471,2.5624664880647914,-0.14696161253425244,2.0,5662.0,8.0,4.0,L
10.35,1789654167.793,path,6,1.623,-0.010,,-0.5051252287084471,2.5624664880647914,-0.14696161253425244,2.0,5662.0,8.0,4.0,L
10.35,1789654167.793,path,7,1.872,-0.045,,-0.5051252287084471,2.5624664880647914,-0.14696161253425244,2.0,5662.0,8.0,4.0,L
10.35,1789654167.793,path,8,2.122,-0.091,,-0.5051252287084471,2.5624664880647914,-0.14696161253425244,2.0,5662.0,8.0,4.0,L
10.35,1789654167.793,path,9,2.375,-0.144,,-0.5051252287084471,2.5624664880647914,-0.14696161253425244,2.0,5662.0,8.0,4.0,L
10.35,1789654167.793,path,10,2.623,-0.201,,-0.5051252287084471,2.5624664880647914,-0.14696161253425244,2.0,5662.0,8.0,4.0,L
10.35,1789654167.793,path,11,2.874,-0.259,,-0.5051252287084471,2.5624664880647914,-0.14696161253425244,2.0,5662.0,8.0,4.0,L
10.35,1789654167.793,path,12,3.127,-0.315,,-0.5051252287084471,2.5624664880647914,-0.14696161253425244,2.0,5662.0,8.0,4.0,L
10.35,1789654167.793,path,13,3.380,-0.367,,-0.5051252287084471,2.5624664880647914,-0.14696161253425244,2.0,5662.0,8.0,4.0,L
10.35,1789654167.793,path,14,3.633,-0.412,,-0.5051252287084471,2.5624664880647914,-0.14696161253425244,2.0,5662.0,8.0,4.0,L
10.35,1789654167.793,path,15,3.892,-0.449,,-0.5051252287084471,2.5624664880647914,-0.14696161253425244,2.0,5662.0,8.0,4.0,L
10.35,1789654167.793,path,16,4.157,-0.478,,-0.5051252287084471,2.5624664880647914,-0.14696161253425244,2.0,5662.0,8.0,4.0,L
10.35,1789654167.793,path,17,4.420,-0.500,,-0.5051252287084471,2.5624664880647914,-0.14696161253425244,2.0,5662.0,8.0,4.0,L
10.35,1789654167.793,path,18,4.681,-0.515,,-0.5051252287084471,2.5624664880647914,-0.14696161253425244,2.0,5662.0,8.0,4.0,L
10.35,1789654167.793,path,19,4.942,-0.525,,-0.5051252287084471,2.5624664880647914,-0.14696161253425244,2.0,5662.0,8.0,4.0,L
10.35,1789654167.793,path,20,5.198,-0.529,,-0.5051252287084471,2.5624664880647914,-0.14696161253425244,2.0,5662.0,8.0,4.0,L
10.40,1789654167.843,cone,0,7.778,0.930,182,-0.5036763464631044,2.6675059694821432,-0.15436985508600665,2.0,5644.0,8.0,5.0,L
10.45,1789654167.893,cone,0,7.726,0.970,181,-0.502601941013717,2.737726972000231,-0.1617770949437042,2.0,5202.0,9.0,6.0,L
10.50,1789654167.944,cone,0,7.686,0.946,176,-0.4995264260580787,2.8095798032349046,-0.16918463586852933,2.0,5275.0,8.0,5.0,L
10.55,1789654167.993,cone,0,7.678,0.930,180,-0.4995264260580787,2.84760836485716,-0.17659020436673256,2.0,5473.0,8.0,5.0,L
10.60,1789654168.043,cone,0,7.650,0.950,171,-0.49682571413947796,2.859799983496482,-0.1842593319359378,2.0,5335.0,8.0,5.0,L
10.65,1789654168.093,cone,0,7.600,0.750,134,-0.494953067900682,2.8755086508203127,-0.19203340589616627,2.0,5440.0,8.0,5.0,L
10.70,1789654168.144,cone,0,7.600,0.750,134,-0.49304374541802914,2.881310717573072,-0.1998069187416805,2.0,5440.0,8.0,5.0,L
10.75,1789654168.193,cone,0,7.490,0.895,189,-0.5034021910439972,2.86507985130081,-0.2075827944336844,2.0,5536.0,8.0,5.0,L
10.80,1789654168.243,cone,0,7.450,0.899,184,-0.5028987007634184,2.843047994712664,-0.21535999584093024,2.0,5373.0,8.0,5.0,L
10.85,1789654168.294,cone,0,7.450,0.899,184,-0.502373970451174,2.7874157561964545,-0.22314664092032396,2.0,5508.0,8.0,5.0,L
10.90,1789654168.343,cone,0,7.400,0.700,138,-0.516163811738544,2.751097534993743,-0.2312015055919857,2.0,5582.0,8.0,5.0,L
10.95,1789654168.393,cone,0,7.350,0.899,184,-0.5158592763993579,2.695248800037385,-0.23925724574300725,2.0,5389.0,8.0,5.0,L
11.00,1789654168.443,cone,0,7.250,0.750,121,-0.5165771272937467,2.665606435737687,-0.24731298277575614,2.0,5168.0,9.0,6.0,L
11.05,1789654168.493,cone,0,7.250,0.750,121,-0.5175724944587691,2.6308097297012076,-0.25536854872665304,2.0,5168.0,9.0,6.0,L
11.10,1789654168.543,cone,0,7.169,1.126,231,-0.5251077171020107,2.57799851115454,-0.2634263533419966,2.0,5616.0,8.0,5.0,L
11.15,1789654168.593,cone,0,7.092,1.148,223,-0.5251077171020107,2.5202945137002546,-0.27155333423719097,2.0,5522.0,8.0,5.0,L
11.20,1789654168.643,none,-1,,,,-0.5304641559795603,2.3773203193542467,-0.2798018946130093,2.0,5577.0,8.0,6.0,L
11.25,1789654168.693,cone,0,13.835,0.551,226,-0.5341842651472604,2.235528860830269,-0.2880494027743291,2.0,5199.0,9.0,6.0,L
11.30,1789654168.743,cone,0,6.950,1.151,223,-0.5334074951604948,2.1236140905654657,-0.2962976267356805,2.0,5346.0,8.0,5.0,L
11.36,1789654168.795,cone,0,13.628,0.672,232,-0.5382896964123335,1.8715005948091572,-0.3127952377929146,2.0,5283.0,8.0,5.0,L
11.36,1789654168.795,path,0,0.000,0.000,,-0.5382896964123335,1.8715005948091572,-0.3127952377929146,2.0,5283.0,8.0,5.0,L
11.36,1789654168.795,path,1,0.267,-0.001,,-0.5382896964123335,1.8715005948091572,-0.3127952377929146,2.0,5283.0,8.0,5.0,L
11.36,1789654168.795,path,2,0.518,-0.006,,-0.5382896964123335,1.8715005948091572,-0.3127952377929146,2.0,5283.0,8.0,5.0,L
11.36,1789654168.795,path,3,0.761,-0.017,,-0.5382896964123335,1.8715005948091572,-0.3127952377929146,2.0,5283.0,8.0,5.0,L
11.36,1789654168.795,path,4,1.002,-0.036,,-0.5382896964123335,1.8715005948091572,-0.3127952377929146,2.0,5283.0,8.0,5.0,L
11.36,1789654168.795,path,5,1.247,-0.061,,-0.5382896964123335,1.8715005948091572,-0.3127952377929146,2.0,5283.0,8.0,5.0,L
11.36,1789654168.795,path,6,1.487,-0.091,,-0.5382896964123335,1.8715005948091572,-0.3127952377929146,2.0,5283.0,8.0,5.0,L
11.36,1789654168.795,path,7,1.721,-0.125,,-0.5382896964123335,1.8715005948091572,-0.3127952377929146,2.0,5283.0,8.0,5.0,L
11.36,1789654168.795,path,8,1.955,-0.162,,-0.5382896964123335,1.8715005948091572,-0.3127952377929146,2.0,5283.0,8.0,5.0,L
11.36,1789654168.795,path,9,2.199,-0.202,,-0.5382896964123335,1.8715005948091572,-0.3127952377929146,2.0,5283.0,8.0,5.0,L
11.36,1789654168.795,path,10,2.442,-0.242,,-0.5382896964123335,1.8715005948091572,-0.3127952377929146,2.0,5283.0,8.0,5.0,L
11.36,1789654168.795,path,11,2.684,-0.280,,-0.5382896964123335,1.8715005948091572,-0.3127952377929146,2.0,5283.0,8.0,5.0,L
11.36,1789654168.795,path,12,2.922,-0.316,,-0.5382896964123335,1.8715005948091572,-0.3127952377929146,2.0,5283.0,8.0,5.0,L
11.36,1789654168.795,path,13,3.163,-0.348,,-0.5382896964123335,1.8715005948091572,-0.3127952377929146,2.0,5283.0,8.0,5.0,L
11.36,1789654168.795,path,14,3.411,-0.375,,-0.5382896964123335,1.8715005948091572,-0.3127952377929146,2.0,5283.0,8.0,5.0,L
11.36,1789654168.795,path,15,3.662,-0.395,,-0.5382896964123335,1.8715005948091572,-0.3127952377929146,2.0,5283.0,8.0,5.0,L
11.36,1789654168.795,path,16,3.908,-0.410,,-0.5382896964123335,1.8715005948091572,-0.3127952377929146,2.0,5283.0,8.0,5.0,L
11.36,1789654168.795,path,17,4.154,-0.421,,-0.5382896964123335,1.8715005948091572,-0.3127952377929146,2.0,5283.0,8.0,5.0,L
11.36,1789654168.795,path,18,4.402,-0.431,,-0.5382896964123335,1.8715005948091572,-0.3127952377929146,2.0,5283.0,8.0,5.0,L
11.36,1789654168.795,path,19,4.651,-0.441,,-0.5382896964123335,1.8715005948091572,-0.3127952377929146,2.0,5283.0,8.0,5.0,L
11.36,1789654168.795,path,20,4.905,-0.451,,-0.5382896964123335,1.8715005948091572,-0.3127952377929146,2.0,5283.0,8.0,5.0,L
11.40,1789654168.843,cone,0,13.628,0.672,232,-0.5382896964123335,1.8715005948091572,-0.3127952377929146,2.0,5283.0,8.0,5.0,L
11.45,1789654168.893,cone,0,13.628,0.672,232,-0.5406588788562741,1.729873945359144,-0.3211187092612159,2.0,5283.0,8.0,5.0,L
11.50,1789654168.944,cone,0,13.525,0.700,212,-0.5605853752957748,1.583215637635993,-0.3294690261649098,2.0,5304.0,8.0,5.0,L
11.55,1789654168.993,cone,0,13.489,0.743,234,-0.5605853752957748,1.464849117904026,-0.33782120825425,2.0,5383.0,9.0,5.0,L
11.60,1789654169.043,cone,0,6.615,1.244,233,-0.5647633299957351,1.3209076128275896,-0.3461730654859533,2.0,5599.0,8.0,4.0,L
11.60,1789654169.043,cone,1,13.450,0.750,225,-0.5647633299957351,1.3209076128275896,-0.3461730654859533,2.0,5599.0,8.0,4.0,L
11.65,1789654169.093,none,-1,,,,-0.5679857880990585,1.1757795926408499,-0.35452559952604046,2.0,5211.0,8.0,6.0,L
11.70,1789654169.144,none,-1,,,,-0.5712521732333239,1.0514461525191776,-0.3628794707832894,2.0,5495.0,8.0,6.0,L
11.75,1789654169.194,none,-1,,,,-0.5776912154845557,0.9292964060193648,-0.3712419092161788,2.0,5510.0,8.0,6.0,L
11.80,1789654169.243,none,-1,,,,-0.5817488675713425,0.799024683199236,-0.3796078896995772,2.0,5673.0,10.0,6.0,L
11.85,1789654169.293,none,-1,,,,-0.5848783510356494,0.6486271871518029,-0.387972735722378,2.0,5522.0,9.0,6.0,L
11.90,1789654169.344,cone,0,13.071,0.999,211,-0.606554091473228,0.5208422909200334,-0.3963358543400883,2.0,5555.0,9.0,5.0,L
11.95,1789654169.393,none,-1,,,,-0.606554091473228,0.3659343367544898,-0.40470177234801136,2.0,5651.0,10.0,6.0,L
12.00,1789654169.444,cone,0,12.933,1.204,189,-0.6131599640490967,0.2001202866093535,-0.4130354387006282,2.0,5708.0,10.0,5.0,L
12.05,1789654169.493,cone,0,12.950,1.250,173,-0.6181480954724943,0.06279838360641148,-0.4213203936272713,2.0,5637.0,10.0,5.0,L
12.10,1789654169.543,cone,0,6.050,1.435,239,-0.6301005222844197,-0.07973241662287185,-0.42960769117260117,2.0,5645.0,9.0,4.0,L
12.10,1789654169.543,cone,1,12.850,1.300,186,-0.6301005222844197,-0.07973241662287185,-0.42960769117260117,2.0,5645.0,9.0,4.0,L
12.15,1789654169.593,cone,0,6.003,1.450,227,-0.6301005222844197,-0.2414072746500582,-0.4378936773527611,2.0,5485.0,10.0,4.0,L
12.15,1789654169.593,cone,1,12.750,1.350,171,-0.6301005222844197,-0.2414072746500582,-0.4378936773527611,2.0,5485.0,10.0,4.0,L
12.20,1789654169.644,cone,0,6.003,1.450,227,-0.6360739951337029,-0.36744977978976323,-0.44618044407043933,2.0,5485.0,10.0,4.0,L
12.20,1789654169.644,cone,1,12.750,1.350,171,-0.6360739951337029,-0.36744977978976323,-0.44618044407043933,2.0,5485.0,10.0,4.0,L
12.25,1789654169.693,cone,0,5.853,1.449,242,-0.6407523228458867,-0.5304444988875763,-0.45612193583357924,2.0,5841.0,9.0,4.0,L
12.25,1789654169.693,cone,1,12.650,1.550,121,-0.6407523228458867,-0.5304444988875763,-0.45612193583357924,2.0,5841.0,9.0,4.0,L
12.30,1789654169.743,cone,0,12.600,1.600,138,-0.6628988512153307,-0.6922585309700731,-0.46830585947065745,2.0,5778.0,9.0,5.0,L
12.35,1789654169.793,cone,0,12.450,1.250,221,-0.6628988512153307,-0.8253567844468747,-0.4804804275525627,2.0,6106.0,9.0,5.0,L
12.35,1789654169.793,path,0,0.000,0.000,,-0.6628988512153307,-0.8253567844468747,-0.4804804275525627,2.0,6106.0,9.0,5.0,L
12.35,1789654169.793,path,1,0.224,0.001,,-0.6628988512153307,-0.8253567844468747,-0.4804804275525627,2.0,6106.0,9.0,5.0,L
12.35,1789654169.793,path,2,0.447,0.002,,-0.6628988512153307,-0.8253567844468747,-0.4804804275525627,2.0,6106.0,9.0,5.0,L
12.35,1789654169.793,path,3,0.691,0.000,,-0.6628988512153307,-0.8253567844468747,-0.4804804275525627,2.0,6106.0,9.0,5.0,L
12.35,1789654169.793,path,4,0.925,-0.005,,-0.6628988512153307,-0.8253567844468747,-0.4804804275525627,2.0,6106.0,9.0,5.0,L
12.35,1789654169.793,path,5,1.149,-0.011,,-0.6628988512153307,-0.8253567844468747,-0.4804804275525627,2.0,6106.0,9.0,5.0,L
12.35,1789654169.793,path,6,1.367,-0.015,,-0.6628988512153307,-0.8253567844468747,-0.4804804275525627,2.0,6106.0,9.0,5.0,L
12.35,1789654169.793,path,7,1.564,-0.019,,-0.6628988512153307,-0.8253567844468747,-0.4804804275525627,2.0,6106.0,9.0,5.0,L
12.35,1789654169.793,path,8,1.771,-0.025,,-0.6628988512153307,-0.8253567844468747,-0.4804804275525627,2.0,6106.0,9.0,5.0,L
12.35,1789654169.793,path,9,1.994,-0.034,,-0.6628988512153307,-0.8253567844468747,-0.4804804275525627,2.0,6106.0,9.0,5.0,L
12.35,1789654169.793,path,10,2.218,-0.041,,-0.6628988512153307,-0.8253567844468747,-0.4804804275525627,2.0,6106.0,9.0,5.0,L
12.35,1789654169.793,path,11,2.435,-0.046,,-0.6628988512153307,-0.8253567844468747,-0.4804804275525627,2.0,6106.0,9.0,5.0,L
12.35,1789654169.793,path,12,2.658,-0.050,,-0.6628988512153307,-0.8253567844468747,-0.4804804275525627,2.0,6106.0,9.0,5.0,L
12.35,1789654169.793,path,13,2.870,-0.055,,-0.6628988512153307,-0.8253567844468747,-0.4804804275525627,2.0,6106.0,9.0,5.0,L
12.35,1789654169.793,path,14,3.098,-0.064,,-0.6628988512153307,-0.8253567844468747,-0.4804804275525627,2.0,6106.0,9.0,5.0,L
12.35,1789654169.793,path,15,3.316,-0.079,,-0.6628988512153307,-0.8253567844468747,-0.4804804275525627,2.0,6106.0,9.0,5.0,L
12.35,1789654169.793,path,16,3.538,-0.100,,-0.6628988512153307,-0.8253567844468747,-0.4804804275525627,2.0,6106.0,9.0,5.0,L
12.35,1789654169.793,path,17,3.762,-0.131,,-0.6628988512153307,-0.8253567844468747,-0.4804804275525627,2.0,6106.0,9.0,5.0,L
12.35,1789654169.793,path,18,3.966,-0.169,,-0.6628988512153307,-0.8253567844468747,-0.4804804275525627,2.0,6106.0,9.0,5.0,L
12.35,1789654169.793,path,19,4.158,-0.210,,-0.6628988512153307,-0.8253567844468747,-0.4804804275525627,2.0,6106.0,9.0,5.0,L
12.35,1789654169.793,path,20,4.369,-0.261,,-0.6628988512153307,-0.8253567844468747,-0.4804804275525627,2.0,6106.0,9.0,5.0,L
12.40,1789654169.843,cone,0,12.405,1.245,232,-0.673693668290499,-0.9946961371764667,-0.49265670492381813,2.0,6253.0,9.0,5.0,L
12.45,1789654169.893,none,-1,,,,-0.6816581747324191,-1.1746618032533709,-0.504755040978348,2.0,5860.0,10.0,6.0,L
12.50,1789654169.943,cone,0,5.529,1.527,237,-0.6951366986196064,-1.3192137777160364,-0.5165433898691867,2.0,5967.0,9.0,5.0,L
12.55,1789654169.994,cone,0,5.455,1.550,241,-0.6951366986196064,-1.477349330310716,-0.528327935189874,2.0,6084.0,9.0,5.0,L
12.60,1789654170.043,none,-1,,,,-0.7108037116372324,-1.6616976064458684,-0.5401154321054479,2.0,5973.0,9.0,6.0,L
12.65,1789654170.093,cone,0,12.127,1.456,231,-0.7221949503065981,-1.8387204433074313,-0.5516776715465707,2.0,5869.0,10.0,5.0,L
12.70,1789654170.143,none,-1,,,,-0.7336859234453211,-2.0251719552058765,-0.562941971555196,2.0,5967.0,9.0,6.0,L
12.75,1789654170.194,cone,0,5.161,1.649,245,-0.7487529606148032,-2.176805932249588,-0.5742031826284532,2.0,5827.0,9.0,4.0,L
12.75,1789654170.194,cone,1,11.934,1.565,244,-0.7487529606148032,-2.176805932249588,-0.5742031826284532,2.0,5827.0,9.0,4.0,L
12.80,1789654170.244,cone,0,11.903,1.550,227,-0.7624763401126505,-2.3609174545313323,-0.5869585954064012,2.0,5850.0,9.0,5.0,L
12.85,1789654170.294,cone,0,5.034,1.644,233,-0.7716296371463094,-2.5443841262203395,-0.6012402944982469,2.0,5676.0,10.0,6.0,L
12.90,1789654170.343,cone,0,4.972,1.657,231,-0.7830736069288217,-2.694710847783704,-0.6153808232487531,2.0,5882.0,9.0,5.0,L
12.95,1789654170.393,none,-1,,,,-0.7830736069288217,-2.8760379395304363,-0.6281025539057101,2.0,6046.0,10.0,7.0,L
13.00,1789654170.443,none,-1,,,,-0.8003478523845934,-3.0436041782651695,-0.6380115049799575,2.0,5945.0,10.0,7.0,L
13.05,1789654170.493,none,-1,,,,-0.8128121629848368,-3.126834497254111,-0.6478242856372401,2.0,5781.0,9.0,6.0,L
13.10,1789654170.544,cone,0,4.682,1.729,253,-0.8256617320275589,-3.194622010071276,-0.6576294775395347,2.0,5870.0,10.0,6.0,L
13.15,1789654170.593,none,-1,,,,-0.8256617320275589,-3.288268114605329,-0.6685232480406044,2.0,6151.0,10.0,7.0,L
13.20,1789654170.643,cone,0,4.539,1.748,245,-0.8390857687629765,-3.390515225158228,-0.6803700146270786,2.0,6121.0,10.0,6.0,L
13.25,1789654170.693,cone,0,4.539,1.748,245,-0.8488635113712191,-3.4229288064011834,-0.6922184532582121,2.0,6121.0,10.0,6.0,L
13.30,1789654170.743,cone,0,4.380,1.772,238,-0.8643535827919422,-3.429968755299186,-0.703578960130169,2.0,5808.0,10.0,6.0,L
13.35,1789654170.793,cone,0,4.294,1.792,245,-0.8643535827919422,-3.466849889336264,-0.7140173439338363,2.0,5991.0,10.0,6.0,L
13.35,1789654170.793,path,0,0.000,0.000,,-0.8643535827919422,-3.466849889336264,-0.7140173439338363,2.0,5991.0,10.0,6.0,L
13.35,1789654170.793,path,1,0.174,0.002,,-0.8643535827919422,-3.466849889336264,-0.7140173439338363,2.0,5991.0,10.0,6.0,L
13.35,1789654170.793,path,2,0.333,0.010,,-0.8643535827919422,-3.466849889336264,-0.7140173439338363,2.0,5991.0,10.0,6.0,L
13.35,1789654170.793,path,3,0.476,0.022,,-0.8643535827919422,-3.466849889336264,-0.7140173439338363,2.0,5991.0,10.0,6.0,L
13.35,1789654170.793,path,4,0.612,0.038,,-0.8643535827919422,-3.466849889336264,-0.7140173439338363,2.0,5991.0,10.0,6.0,L
13.35,1789654170.793,path,5,0.753,0.057,,-0.8643535827919422,-3.466849889336264,-0.7140173439338363,2.0,5991.0,10.0,6.0,L
13.35,1789654170.793,path,6,0.898,0.078,,-0.8643535827919422,-3.466849889336264,-0.7140173439338363,2.0,5991.0,10.0,6.0,L
13.35,1789654170.793,path,7,1.048,0.100,,-0.8643535827919422,-3.466849889336264,-0.7140173439338363,2.0,5991.0,10.0,6.0,L
13.35,1789654170.793,path,8,1.199,0.122,,-0.8643535827919422,-3.466849889336264,-0.7140173439338363,2.0,5991.0,10.0,6.0,L
13.35,1789654170.793,path,9,1.345,0.141,,-0.8643535827919422,-3.466849889336264,-0.7140173439338363,2.0,5991.0,10.0,6.0,L
13.35,1789654170.793,path,10,1.490,0.158,,-0.8643535827919422,-3.466849889336264,-0.7140173439338363,2.0,5991.0,10.0,6.0,L
13.35,1789654170.793,path,11,1.637,0.172,,-0.8643535827919422,-3.466849889336264,-0.7140173439338363,2.0,5991.0,10.0,6.0,L
13.35,1789654170.793,path,12,1.787,0.183,,-0.8643535827919422,-3.466849889336264,-0.7140173439338363,2.0,5991.0,10.0,6.0,L
13.35,1789654170.793,path,13,1.940,0.188,,-0.8643535827919422,-3.466849889336264,-0.7140173439338363,2.0,5991.0,10.0,6.0,L
13.35,1789654170.793,path,14,2.095,0.187,,-0.8643535827919422,-3.466849889336264,-0.7140173439338363,2.0,5991.0,10.0,6.0,L
13.35,1789654170.793,path,15,2.256,0.179,,-0.8643535827919422,-3.466849889336264,-0.7140173439338363,2.0,5991.0,10.0,6.0,L
13.35,1789654170.793,path,16,2.427,0.163,,-0.8643535827919422,-3.466849889336264,-0.7140173439338363,2.0,5991.0,10.0,6.0,L
13.35,1789654170.793,path,17,2.607,0.136,,-0.8643535827919422,-3.466849889336264,-0.7140173439338363,2.0,5991.0,10.0,6.0,L
13.35,1789654170.793,path,18,2.793,0.100,,-0.8643535827919422,-3.466849889336264,-0.7140173439338363,2.0,5991.0,10.0,6.0,L
13.35,1789654170.793,path,19,2.983,0.056,,-0.8643535827919422,-3.466849889336264,-0.7140173439338363,2.0,5991.0,10.0,6.0,L
13.35,1789654170.793,path,20,3.175,0.005,,-0.8643535827919422,-3.466849889336264,-0.7140173439338363,2.0,5991.0,10.0,6.0,L
13.40,1789654170.843,cone,0,4.250,1.748,241,-0.8833448344584316,-3.5103797130832173,-0.7244559344899562,2.0,5873.0,10.0,5.0,L
13.45,1789654170.893,cone,0,4.158,1.766,238,-0.8975291016223449,-3.5276026316905944,-0.7340825111218234,2.0,5933.0,10.0,6.0,L
13.50,1789654170.943,cone,0,4.061,1.766,237,-0.9141234584126797,-3.5128671678647385,-0.7429346969958914,2.0,5996.0,10.0,6.0,L
13.55,1789654170.993,cone,0,4.006,1.750,246,-0.9141234584126797,-3.4315478349058073,-0.751784959171478,2.0,5839.0,10.0,6.0,L
13.60,1789654171.043,cone,0,3.863,1.669,264,-0.932749661393476,-3.2827826890907663,-0.7594397643846995,2.0,5917.0,10.0,5.0,L
13.65,1789654171.093,none,-1,,,,-0.9469352332862051,-3.1156688712929097,-0.7665276508615687,2.0,6007.0,10.0,7.0,L
13.70,1789654171.143,none,-1,,,,-0.9599017934688494,-2.9036101534122203,-0.7736177178447614,2.0,5753.0,10.0,6.0,L
13.75,1789654171.193,none,-1,,,,-0.9598694247585896,-2.704142419919247,-0.7790625817390561,2.0,5608.0,10.0,6.0,L
13.80,1789654171.243,cone,0,3.626,1.648,251,-0.973037081529629,-2.52972940801287,-0.7842092639770223,2.0,5683.0,10.0,5.0,L
13.85,1789654171.294,none,-1,,,,-0.9852095446537095,-2.3620564307657697,-0.7893215014667486,2.0,5778.0,11.0,6.0,L
13.90,1789654171.343,none,-1,,,,-0.9835156330376916,-2.111934339185404,-0.7923444008876279,2.0,5767.0,10.0,7.0,L
13.95,1789654171.394,cone,0,10.231,1.633,238,-0.9835156330376916,-1.8632675362041449,-0.7953674110062993,2.0,6049.0,10.0,6.0,L
14.00,1789654171.443,cone,0,10.186,1.650,225,-0.9960205804407694,-1.6027281022187023,-0.7980062893789722,2.0,5763.0,10.0,6.0,L
14.05,1789654171.494,cone,0,10.091,1.529,237,-1.0046070892519792,-1.3074600270865728,-0.7989663396132912,2.0,5584.0,10.0,6.0,L
14.10,1789654171.544,none,-1,,,,-1.0103986767294908,-0.9307260731078367,-0.7999266962116947,2.0,5743.0,10.0,7.0,L
14.15,1789654171.593,none,-1,,,,-1.0103986767294908,-0.5964379239685097,-0.7999999999999992,2.0,5743.0,10.0,7.0,L
14.20,1789654171.643,none,-1,,,,-1.0220369425020224,-0.29116971174307504,-0.7999999999999992,2.0,5818.0,11.0,6.0,L
14.25,1789654171.693,none,-1,,,,-1.0299291917447455,0.03599821040855176,-0.7999999999999992,2.0,5775.0,12.0,7.0,L
14.30,1789654171.743,cone,0,9.791,1.250,225,-1.012684250057059,0.3701527927111111,-0.7999999999999992,2.0,5664.0,12.0,5.0,L
14.36,1789654171.795,none,-1,,,,-1.0186871588078907,1.0113136268030447,-0.7999999999999992,2.0,5619.0,10.0,6.0,L
14.36,1789654171.795,path,0,0.000,0.000,,-1.0186871588078907,1.0113136268030447,-0.7999999999999992,2.0,5619.0,10.0,6.0,L
14.36,1789654171.795,path,1,0.136,0.002,,-1.0186871588078907,1.0113136268030447,-0.7999999999999992,2.0,5619.0,10.0,6.0,L
14.36,1789654171.795,path,2,0.279,0.009,,-1.0186871588078907,1.0113136268030447,-0.7999999999999992,2.0,5619.0,10.0,6.0,L
14.36,1789654171.795,path,3,0.414,0.020,,-1.0186871588078907,1.0113136268030447,-0.7999999999999992,2.0,5619.0,10.0,6.0,L
14.36,1789654171.795,path,4,0.540,0.032,,-1.0186871588078907,1.0113136268030447,-0.7999999999999992,2.0,5619.0,10.0,6.0,L
14.36,1789654171.795,path,5,0.673,0.045,,-1.0186871588078907,1.0113136268030447,-0.7999999999999992,2.0,5619.0,10.0,6.0,L
14.36,1789654171.795,path,6,0.799,0.055,,-1.0186871588078907,1.0113136268030447,-0.7999999999999992,2.0,5619.0,10.0,6.0,L
14.36,1789654171.795,path,7,0.924,0.062,,-1.0186871588078907,1.0113136268030447,-0.7999999999999992,2.0,5619.0,10.0,6.0,L
14.36,1789654171.795,path,8,1.056,0.063,,-1.0186871588078907,1.0113136268030447,-0.7999999999999992,2.0,5619.0,10.0,6.0,L
14.36,1789654171.795,path,9,1.194,0.059,,-1.0186871588078907,1.0113136268030447,-0.7999999999999992,2.0,5619.0,10.0,6.0,L
14.36,1789654171.795,path,10,1.369,0.046,,-1.0186871588078907,1.0113136268030447,-0.7999999999999992,2.0,5619.0,10.0,6.0,L
14.36,1789654171.795,path,11,1.563,0.021,,-1.0186871588078907,1.0113136268030447,-0.7999999999999992,2.0,5619.0,10.0,6.0,L
14.36,1789654171.795,path,12,1.757,-0.012,,-1.0186871588078907,1.0113136268030447,-0.7999999999999992,2.0,5619.0,10.0,6.0,L
14.36,1789654171.795,path,13,1.941,-0.046,,-1.0186871588078907,1.0113136268030447,-0.7999999999999992,2.0,5619.0,10.0,6.0,L
14.36,1789654171.795,path,14,2.129,-0.080,,-1.0186871588078907,1.0113136268030447,-0.7999999999999992,2.0,5619.0,10.0,6.0,L
14.36,1789654171.795,path,15,2.333,-0.111,,-1.0186871588078907,1.0113136268030447,-0.7999999999999992,2.0,5619.0,10.0,6.0,L
14.36,1789654171.795,path,16,2.539,-0.136,,-1.0186871588078907,1.0113136268030447,-0.7999999999999992,2.0,5619.0,10.0,6.0,L
14.36,1789654171.795,path,17,2.744,-0.153,,-1.0186871588078907,1.0113136268030447,-0.7999999999999992,2.0,5619.0,10.0,6.0,L
14.36,1789654171.795,path,18,2.964,-0.160,,-1.0186871588078907,1.0113136268030447,-0.7999999999999992,2.0,5619.0,10.0,6.0,L
14.36,1789654171.795,path,19,3.209,-0.152,,-1.0186871588078907,1.0113136268030447,-0.7999999999999992,2.0,5619.0,10.0,6.0,L
14.36,1789654171.795,path,20,3.446,-0.133,,-1.0186871588078907,1.0113136268030447,-0.7999999999999992,2.0,5619.0,10.0,6.0,L
14.40,1789654171.843,none,-1,,,,-1.0186871588078907,1.0113136268030447,-0.7999999999999992,2.0,5619.0,10.0,6.0,L
14.45,1789654171.893,cone,0,2.841,1.450,246,-1.0244385769472548,1.3229041571807745,-0.7999999999999992,2.0,5350.0,10.0,4.0,L
14.45,1789654171.893,cone,1,9.550,1.048,223,-1.0244385769472548,1.3229041571807745,-0.7999999999999992,2.0,5350.0,10.0,4.0,L
14.50,1789654171.944,none,-1,,,,-1.0183635472748773,1.6157567778783226,-0.7999999999999992,2.0,5450.0,10.0,5.0,L
14.55,1789654171.993,none,-1,,,,-1.020692928267481,1.9220919528179317,-0.7999999999999992,2.0,5339.0,10.0,5.0,L
14.60,1789654172.043,none,-1,,,,-1.0243243018146542,2.235010518766282,-0.7999999999999992,2.0,5274.0,10.0,6.0,L
14.65,1789654172.093,none,-1,,,,-1.0272268116688403,2.5384457744567483,-0.7999999999999992,2.0,5211.0,10.0,5.0,L
14.70,1789654172.143,none,-1,,,,-1.0299375559596942,2.8481416655980154,-0.7999999999999992,2.0,5167.0,10.0,5.0,L
14.75,1789654172.193,cone,0,9.163,0.795,267,-1.0035202143136355,3.1308576403122843,-0.7999999999999992,2.0,5568.0,11.0,6.0,L
14.80,1789654172.243,cone,0,9.109,0.666,241,-1.0018629028963288,3.4119235996314625,-0.7999999999999992,2.0,5417.0,10.0,6.0,L
14.85,1789654172.293,cone,0,9.105,0.650,244,-0.9993310663096865,3.6960270965219357,-0.7999999999999992,2.0,5263.0,11.0,6.0,L
14.90,1789654172.344,none,-1,,,,-0.9862875148043244,3.9801296648958546,-0.7999999999999992,2.0,5175.0,12.0,6.0,L
14.95,1789654172.394,none,-1,,,,-0.9862875148043244,4.208126015753198,-0.7999999999999992,2.0,5101.0,12.0,6.0,L
15.00,1789654172.443,cone,0,8.906,0.535,240,-0.9820161494151786,4.385326914641472,-0.7999999999999992,2.0,5300.0,12.0,5.0,L
15.05,1789654172.494,none,-1,,,,-0.9785560319393793,4.497278407899294,-0.7999999999999992,2.0,5151.0,11.0,6.0,L
15.10,1789654172.544,cone,0,2.109,1.266,241,-0.9729026020483894,4.606508076558828,-0.7999999999999992,2.0,4925.0,12.0,6.0,L
15.15,1789654172.593,cone,0,2.059,1.268,252,-0.9729026020483894,4.676231736287591,-0.7999999999999992,2.0,5253.0,10.0,6.0,L
15.20,1789654172.643,cone,0,2.000,1.250,246,-0.9685700995639097,4.745476524562201,-0.7999999999999992,2.0,5290.0,12.0,7.0,L
15.25,1789654172.693,none,-1,,,,-0.9654067787389783,4.78620348194045,-0.7999999999999992,2.0,5004.0,11.0,7.0,L
15.30,1789654172.743,cone,0,1.900,1.250,236,-0.9606042912987306,4.866430153244909,-0.7999999999999992,2.0,5215.0,12.0,7.0,L
15.35,1789654172.793,cone,0,1.900,1.250,236,-0.9653706932154591,4.928912762706042,-0.7999999999999992,2.0,5215.0,12.0,7.0,L
15.35,1789654172.793,path,0,0.000,0.000,,-0.9653706932154591,4.928912762706042,-0.7999999999999992,2.0,5215.0,12.0,7.0,L
15.35,1789654172.793,path,1,0.140,-0.000,,-0.9653706932154591,4.928912762706042,-0.7999999999999992,2.0,5215.0,12.0,7.0,L
15.35,1789654172.793,path,2,0.298,-0.004,,-0.9653706932154591,4.928912762706042,-0.7999999999999992,2.0,5215.0,12.0,7.0,L
15.35,1789654172.793,path,3,0.482,-0.016,,-0.9653706932154591,4.928912762706042,-0.7999999999999992,2.0,5215.0,12.0,7.0,L
15.35,1789654172.793,path,4,0.670,-0.036,,-0.9653706932154591,4.928912762706042,-0.7999999999999992,2.0,5215.0,12.0,7.0,L
15.35,1789654172.793,path,5,0.871,-0.065,,-0.9653706932154591,4.928912762706042,-0.7999999999999992,2.0,5215.0,12.0,7.0,L
15.35,1789654172.793,path,6,1.105,-0.112,,-0.9653706932154591,4.928912762706042,-0.7999999999999992,2.0,5215.0,12.0,7.0,L
15.35,1789654172.793,path,7,1.337,-0.164,,-0.9653706932154591,4.928912762706042,-0.7999999999999992,2.0,5215.0,12.0,7.0,L
15.35,1789654172.793,path,8,1.567,-0.218,,-0.9653706932154591,4.928912762706042,-0.7999999999999992,2.0,5215.0,12.0,7.0,L
15.35,1789654172.793,path,9,1.776,-0.266,,-0.9653706932154591,4.928912762706042,-0.7999999999999992,2.0,5215.0,12.0,7.0,L
15.35,1789654172.793,path,10,1.971,-0.307,,-0.9653706932154591,4.928912762706042,-0.7999999999999992,2.0,5215.0,12.0,7.0,L
15.35,1789654172.793,path,11,2.190,-0.341,,-0.9653706932154591,4.928912762706042,-0.7999999999999992,2.0,5215.0,12.0,7.0,L
15.35,1789654172.793,path,12,2.436,-0.362,,-0.9653706932154591,4.928912762706042,-0.7999999999999992,2.0,5215.0,12.0,7.0,L
15.35,1789654172.793,path,13,2.652,-0.363,,-0.9653706932154591,4.928912762706042,-0.7999999999999992,2.0,5215.0,12.0,7.0,L
15.35,1789654172.793,path,14,2.857,-0.353,,-0.9653706932154591,4.928912762706042,-0.7999999999999992,2.0,5215.0,12.0,7.0,L
15.35,1789654172.793,path,15,3.098,-0.334,,-0.9653706932154591,4.928912762706042,-0.7999999999999992,2.0,5215.0,12.0,7.0,L
15.35,1789654172.793,path,16,3.348,-0.312,,-0.9653706932154591,4.928912762706042,-0.7999999999999992,2.0,5215.0,12.0,7.0,L
15.35,1789654172.793,path,17,3.591,-0.296,,-0.9653706932154591,4.928912762706042,-0.7999999999999992,2.0,5215.0,12.0,7.0,L
15.35,1789654172.793,path,18,3.791,-0.288,,-0.9653706932154591,4.928912762706042,-0.7999999999999992,2.0,5215.0,12.0,7.0,L
15.35,1789654172.793,path,19,3.981,-0.280,,-0.9653706932154591,4.928912762706042,-0.7999999999999992,2.0,5215.0,12.0,7.0,L
15.35,1789654172.793,path,20,4.178,-0.269,,-0.9653706932154591,4.928912762706042,-0.7999999999999992,2.0,5215.0,12.0,7.0,L
15.40,1789654172.843,cone,0,1.775,1.304,220,-0.9616616736817063,4.996518251330782,-0.7999999999999992,2.0,4842.0,12.0,5.0,L
15.40,1789654172.843,cone,1,8.500,0.350,236,-0.9616616736817063,4.996518251330782,-0.7999999999999992,2.0,4842.0,12.0,5.0,L
15.45,1789654172.893,cone,0,1.700,1.300,232,-0.9596501575247772,5.060975995748064,-0.7999999999999992,2.0,4762.0,12.0,6.0,L
15.45,1789654172.893,cone,1,8.408,0.357,231,-0.9596501575247772,5.060975995748064,-0.7999999999999992,2.0,4762.0,12.0,6.0,L
15.50,1789654172.943,cone,0,1.652,1.326,227,-0.961595612591746,5.06774465879562,-0.7999999999999992,2.0,4557.0,12.0,5.0,L
15.55,1789654172.993,cone,0,1.600,1.300,232,-0.961595612591746,5.064215090570204,-0.7999999999999992,2.0,4445.0,11.0,5.0,L
15.55,1789654172.993,cone,1,8.330,0.356,230,-0.961595612591746,5.064215090570204,-0.7999999999999992,2.0,4445.0,11.0,5.0,L
15.60,1789654173.043,cone,0,1.521,1.321,223,-0.9608961011746017,5.048021918808945,-0.7999999999999992,2.0,4856.0,12.0,5.0,L
15.60,1789654173.043,cone,1,8.234,0.349,232,-0.9608961011746017,5.048021918808945,-0.7999999999999992,2.0,4856.0,12.0,5.0,L
15.65,1789654173.093,cone,0,1.475,1.304,220,-0.9603189544300009,5.133345676141023,-0.7999999999999992,2.0,4612.0,12.0,3.0,L
15.65,1789654173.093,cone,1,8.180,0.349,245,-0.9603189544300009,5.133345676141023,-0.7999999999999992,2.0,4612.0,12.0,3.0,L
15.70,1789654173.144,cone,0,1.400,1.400,194,-0.9594944529944274,5.191399026857258,-0.7999999999999992,2.0,4569.0,12.0,5.0,L
15.70,1789654173.144,cone,1,8.150,0.350,225,-0.9594944529944274,5.191399026857258,-0.7999999999999992,2.0,4569.0,12.0,5.0,L
15.75,1789654173.193,cone,0,1.366,1.404,207,-0.9616680307822999,5.227839646807151,-0.7999999999999992,2.0,4459.0,11.0,5.0,L
15.75,1789654173.193,cone,1,8.080,0.366,237,-0.9616680307822999,5.227839646807151,-0.7999999999999992,2.0,4459.0,11.0,5.0,L
15.80,1789654173.243,cone,0,1.300,1.400,194,-0.9584907003517419,5.2287390033315235,-0.7999999999999992,2.0,4425.0,11.0,5.0,L
15.80,1789654173.243,cone,1,8.017,0.372,236,-0.9584907003517419,5.2287390033315235,-0.7999999999999992,2.0,4425.0,11.0,5.0,L
15.85,1789654173.293,cone,0,1.224,1.421,195,-0.9564885472538203,5.219081962467587,-0.7999999999999992,2.0,4287.0,11.0,3.0,L
15.85,1789654173.293,cone,1,7.931,0.372,233,-0.9564885472538203,5.219081962467587,-0.7999999999999992,2.0,4287.0,11.0,3.0,L
15.90,1789654173.343,cone,0,1.237,1.343,232,-0.9461659452459816,5.250164921802267,-0.7999999999999992,2.0,4555.0,12.0,5.0,L
15.90,1789654173.343,cone,1,7.885,0.333,235,-0.9461659452459816,5.250164921802267,-0.7999999999999992,2.0,4555.0,12.0,5.0,L
15.95,1789654173.394,cone,0,1.134,1.435,207,-0.9461659452459816,5.267576629993087,-0.7999999999999992,2.0,4515.0,11.0,6.0,L
15.95,1789654173.394,cone,1,7.864,0.356,228,-0.9461659452459816,5.267576629993087,-0.7999999999999992,2.0,4515.0,11.0,6.0,L
16.00,1789654173.443,cone,0,1.101,1.326,219,-0.9425107968616657,5.298889102722384,-0.7999999999999992,2.0,4264.0,12.0,5.0,L
16.00,1789654173.443,cone,1,7.743,0.378,237,-0.9425107968616657,5.298889102722384,-0.7999999999999992,2.0,4264.0,12.0,5.0,L
16.05,1789654173.493,cone,0,1.015,1.373,183,-0.9399106039630909,5.3357393901265775,-0.7999999999999992,2.0,4291.0,10.0,3.0,L
16.05,1789654173.493,cone,1,7.708,0.354,231,-0.9399106039630909,5.3357393901265775,-0.7999999999999992,2.0,4291.0,10.0,3.0,L
16.10,1789654173.543,cone,0,0.940,1.418,188,-0.9417188861072345,5.3655725440386055,-0.7999999999999992,2.0,4194.0,12.0,4.0,L
16.10,1789654173.543,cone,1,7.664,0.356,228,-0.9417188861072345,5.3655725440386055,-0.7999999999999992,2.0,4194.0,12.0,4.0,L
16.15,1789654173.593,cone,0,0.932,1.439,188,-0.9417188861072345,5.39971254363145,-0.7999999999999992,2.0,4108.0,9.0,3.0,L
16.15,1789654173.593,cone,1,7.569,0.326,231,-0.9417188861072345,5.39971254363145,-0.7999999999999992,2.0,4108.0,9.0,3.0,L
16.20,1789654173.643,cone,0,7.550,0.150,173,-0.938077612828716,5.420641516319858,-0.7999999999999992,2.0,4271.0,9.0,4.0,L
16.25,1789654173.694,cone,0,7.550,0.150,173,-0.9354026908128733,5.381708257264541,-0.7999999999999992,2.0,4271.0,9.0,4.0,L
16.30,1789654173.743,cone,0,7.350,0.150,173,-0.9348154052015598,5.3386158036010505,-0.7999999999999992,2.0,4074.0,9.0,3.0,L
16.35,1789654173.794,cone,0,7.317,0.325,226,-0.9348154052015598,5.309306346492354,-0.7999999999999992,2.0,4005.0,9.0,3.0,L
16.35,1789654173.794,path,0,0.000,0.000,,-0.9348154052015598,5.309306346492354,-0.7999999999999992,2.0,4005.0,9.0,3.0,L
16.35,1789654173.794,path,1,0.275,-0.000,,-0.9348154052015598,5.309306346492354,-0.7999999999999992,2.0,4005.0,9.0,3.0,L
16.35,1789654173.794,path,2,0.528,-0.001,,-0.9348154052015598,5.309306346492354,-0.7999999999999992,2.0,4005.0,9.0,3.0,L
16.35,1789654173.794,path,3,0.760,-0.003,,-0.9348154052015598,5.309306346492354,-0.7999999999999992,2.0,4005.0,9.0,3.0,L
16.35,1789654173.794,path,4,0.988,-0.007,,-0.9348154052015598,5.309306346492354,-0.7999999999999992,2.0,4005.0,9.0,3.0,L
16.35,1789654173.794,path,5,1.221,-0.015,,-0.9348154052015598,5.309306346492354,-0.7999999999999992,2.0,4005.0,9.0,3.0,L
16.35,1789654173.794,path,6,1.467,-0.028,,-0.9348154052015598,5.309306346492354,-0.7999999999999992,2.0,4005.0,9.0,3.0,L
16.35,1789654173.794,path,7,1.729,-0.048,,-0.9348154052015598,5.309306346492354,-0.7999999999999992,2.0,4005.0,9.0,3.0,L
16.35,1789654173.794,path,8,1.989,-0.075,,-0.9348154052015598,5.309306346492354,-0.7999999999999992,2.0,4005.0,9.0,3.0,L
16.35,1789654173.794,path,9,2.240,-0.109,,-0.9348154052015598,5.309306346492354,-0.7999999999999992,2.0,4005.0,9.0,3.0,L
16.35,1789654173.794,path,10,2.474,-0.148,,-0.9348154052015598,5.309306346492354,-0.7999999999999992,2.0,4005.0,9.0,3.0,L
16.35,1789654173.794,path,11,2.691,-0.188,,-0.9348154052015598,5.309306346492354,-0.7999999999999992,2.0,4005.0,9.0,3.0,L
16.35,1789654173.794,path,12,2.896,-0.228,,-0.9348154052015598,5.309306346492354,-0.7999999999999992,2.0,4005.0,9.0,3.0,L
16.35,1789654173.794,path,13,3.090,-0.268,,-0.9348154052015598,5.309306346492354,-0.7999999999999992,2.0,4005.0,9.0,3.0,L
16.35,1789654173.794,path,14,3.293,-0.310,,-0.9348154052015598,5.309306346492354,-0.7999999999999992,2.0,4005.0,9.0,3.0,L
16.35,1789654173.794,path,15,3.490,-0.351,,-0.9348154052015598,5.309306346492354,-0.7999999999999992,2.0,4005.0,9.0,3.0,L
16.35,1789654173.794,path,16,3.682,-0.389,,-0.9348154052015598,5.309306346492354,-0.7999999999999992,2.0,4005.0,9.0,3.0,L
16.35,1789654173.794,path,17,3.885,-0.426,,-0.9348154052015598,5.309306346492354,-0.7999999999999992,2.0,4005.0,9.0,3.0,L
16.35,1789654173.794,path,18,4.078,-0.459,,-0.9348154052015598,5.309306346492354,-0.7999999999999992,2.0,4005.0,9.0,3.0,L
16.35,1789654173.794,path,19,4.262,-0.486,,-0.9348154052015598,5.309306346492354,-0.7999999999999992,2.0,4005.0,9.0,3.0,L
16.35,1789654173.794,path,20,4.439,-0.511,,-0.9348154052015598,5.309306346492354,-0.7999999999999992,2.0,4005.0,9.0,3.0,L
16.40,1789654173.843,cone,0,7.217,0.328,236,-0.9345659733725318,5.281799074720508,-0.7999999999999992,2.0,4150.0,10.0,4.0,L
16.45,1789654173.893,cone,0,7.172,0.372,232,-0.9345932568301798,5.2756521734385835,-1.1099999999999999,1.0,4028.0,9.0,4.0,L
16.50,1789654173.943,cone,0,7.100,0.348,244,-0.9281768742133024,5.264026638891626,-0.683850323973133,2.0,4353.0,11.0,5.0,L
16.55,1789654173.993,cone,0,7.009,0.334,241,-0.9281768742133024,5.209066542576526,-0.683850323973133,2.0,4567.0,11.0,5.0,L
16.60,1789654174.045,cone,0,6.950,0.348,223,-0.928551735012009,5.033057339965769,-0.683850323973133,2.0,4118.0,11.0,5.0,L
16.65,1789654174.093,cone,0,6.950,0.348,223,-0.928551735012009,5.033057339965769,-0.683850323973133,2.0,4118.0,11.0,5.0,L
16.71,1789654174.145,cone,0,6.665,0.407,258,-0.9318166925958082,4.921481356517054,-1.1099999999999999,1.0,4506.0,9.0,5.0,L
16.75,1789654174.193,cone,0,6.665,0.407,258,-0.9318166925958082,4.921481356517054,-1.1099999999999999,1.0,4506.0,9.0,5.0,L
16.80,1789654174.243,cone,0,6.619,0.400,264,-0.9317673636492186,4.842553199876027,-0.9348471190324827,1.0,4260.0,11.0,3.0,L
16.85,1789654174.294,none,-1,,,,-0.9293946819038956,4.870034494964061,-0.9409108783043156,1.0,4070.0,10.0,4.0,L
16.90,1789654174.345,none,-1,,,,-0.9293946819038956,4.974624257216404,-0.9444454192336807,1.0,4024.0,9.0,4.0,L
16.95,1789654174.393,none,-1,,,,-0.9293946819038956,4.974624257216404,-0.9444454192336807,1.0,4024.0,9.0,4.0,L
17.00,1789654174.444,cone,0,6.431,0.372,233,-0.9270276401293159,5.0430631969869335,-0.9484216153421074,1.0,4172.0,10.0,3.0,L
17.05,1789654174.495,cone,0,6.297,0.349,245,-0.9345584014037831,5.161994190383074,-0.95664822135626,1.0,4212.0,9.0,3.0,L
17.10,1789654174.543,cone,0,6.297,0.349,245,-0.9345584014037831,5.161994190383074,-0.95664822135626,1.0,4212.0,9.0,3.0,L
17.15,1789654174.593,cone,0,6.228,0.373,234,-0.9345584014037831,5.182303300398256,-0.9613610607754336,1.0,4139.0,11.0,4.0,L
17.20,1789654174.643,cone,0,6.157,0.378,237,-0.9323958739709014,5.040981344763836,-0.9656048899162037,1.0,4049.0,10.0,4.0,L
17.25,1789654174.693,cone,0,6.114,0.355,249,-0.9295007108397131,4.767423742933832,-0.9691521978836093,1.0,3778.0,8.0,3.0,L
17.30,1789654174.743,none,-1,,,,-0.9107693258648873,4.388484882766659,-0.972840897844928,1.0,4123.0,8.0,4.0,L
17.35,1789654174.794,none,-1,,,,-0.9107693258648873,3.9585820631286155,-0.9765427999798518,1.0,3974.0,10.0,4.0,L
17.35,1789654174.794,path,0,0.000,0.000,,-0.9107693258648873,3.9585820631286155,-0.9765427999798518,1.0,3974.0,10.0,4.0,L
17.35,1789654174.794,path,1,0.274,-0.005,,-0.9107693258648873,3.9585820631286155,-0.9765427999798518,1.0,3974.0,10.0,4.0,L
17.35,1789654174.794,path,2,0.534,-0.030,,-0.9107693258648873,3.9585820631286155,-0.9765427999798518,1.0,3974.0,10.0,4.0,L
17.35,1789654174.794,path,3,0.762,-0.067,,-0.9107693258648873,3.9585820631286155,-0.9765427999798518,1.0,3974.0,10.0,4.0,L
17.35,1789654174.794,path,4,0.961,-0.108,,-0.9107693258648873,3.9585820631286155,-0.9765427999798518,1.0,3974.0,10.0,4.0,L
17.35,1789654174.794,path,5,1.152,-0.151,,-0.9107693258648873,3.9585820631286155,-0.9765427999798518,1.0,3974.0,10.0,4.0,L
17.35,1789654174.794,path,6,1.344,-0.194,,-0.9107693258648873,3.9585820631286155,-0.9765427999798518,1.0,3974.0,10.0,4.0,L
17.35,1789654174.794,path,7,1.561,-0.240,,-0.9107693258648873,3.9585820631286155,-0.9765427999798518,1.0,3974.0,10.0,4.0,L
17.35,1789654174.794,path,8,1.781,-0.282,,-0.9107693258648873,3.9585820631286155,-0.9765427999798518,1.0,3974.0,10.0,4.0,L
17.35,1789654174.794,path,9,1.986,-0.315,,-0.9107693258648873,3.9585820631286155,-0.9765427999798518,1.0,3974.0,10.0,4.0,L
17.35,1789654174.794,path,10,2.156,-0.337,,-0.9107693258648873,3.9585820631286155,-0.9765427999798518,1.0,3974.0,10.0,4.0,L
17.35,1789654174.794,path,11,2.306,-0.353,,-0.9107693258648873,3.9585820631286155,-0.9765427999798518,1.0,3974.0,10.0,4.0,L
17.35,1789654174.794,path,12,2.472,-0.369,,-0.9107693258648873,3.9585820631286155,-0.9765427999798518,1.0,3974.0,10.0,4.0,L
17.35,1789654174.794,path,13,2.669,-0.385,,-0.9107693258648873,3.9585820631286155,-0.9765427999798518,1.0,3974.0,10.0,4.0,L
17.35,1789654174.794,path,14,2.869,-0.398,,-0.9107693258648873,3.9585820631286155,-0.9765427999798518,1.0,3974.0,10.0,4.0,L
17.35,1789654174.794,path,15,3.044,-0.405,,-0.9107693258648873,3.9585820631286155,-0.9765427999798518,1.0,3974.0,10.0,4.0,L
17.35,1789654174.794,path,16,3.230,-0.412,,-0.9107693258648873,3.9585820631286155,-0.9765427999798518,1.0,3974.0,10.0,4.0,L
17.35,1789654174.794,path,17,3.428,-0.419,,-0.9107693258648873,3.9585820631286155,-0.9765427999798518,1.0,3974.0,10.0,4.0,L
17.35,1789654174.794,path,18,3.636,-0.425,,-0.9107693258648873,3.9585820631286155,-0.9765427999798518,1.0,3974.0,10.0,4.0,L
17.35,1789654174.794,path,19,3.851,-0.426,,-0.9107693258648873,3.9585820631286155,-0.9765427999798518,1.0,3974.0,10.0,4.0,L
17.35,1789654174.794,path,20,4.047,-0.421,,-0.9107693258648873,3.9585820631286155,-0.9765427999798518,1.0,3974.0,10.0,4.0,L
17.40,1789654174.844,none,-1,,,,-0.9079554532290625,3.467467222265479,-0.9802468580467156,1.0,4202.0,9.0,4.0,L
17.45,1789654174.895,none,-1,,,,-0.9170416978041066,2.406456305019046,-0.9865055033411079,1.0,3910.0,10.0,4.0,L
17.50,1789654174.943,none,-1,,,,-0.9170416978041066,2.406456305019046,-0.9865055033411079,1.0,3910.0,10.0,4.0,L
17.56,1789654174.995,cone,0,5.589,0.665,240,-0.916224144095177,1.2007000487285364,-0.9928428558204893,1.0,3762.0,10.0,3.0,L
17.61,1789654175.045,cone,0,5.538,0.749,229,-0.9158031285103652,0.6316357828053072,-0.996135302652587,1.0,3632.0,10.0,3.0,L
17.65,1789654175.093,cone,0,5.538,0.749,229,-0.9158031285103652,0.6316357828053072,-0.996135302652587,1.0,3632.0,10.0,3.0,L
17.70,1789654175.144,none,-1,,,,-0.9157713455372465,0.056591902135076914,-0.9991933588722799,1.0,3892.0,10.0,4.0,L
17.75,1789654175.194,none,-1,,,,-0.9562562670439345,-0.4968366921425162,-1.0030256527537686,1.0,3968.0,11.0,4.0,L
17.80,1789654175.243,none,-1,,,,-0.9565250755502838,-1.0018954994796259,-1.0068594002579863,1.0,3612.0,10.0,4.0,L
17.85,1789654175.295,none,-1,,,,-1.0132832942119854,-1.907542792397932,-1.014498832779462,1.0,3759.0,11.0,5.0,L
17.90,1789654175.345,cone,0,5.141,1.049,236,-1.0132832942119854,-2.3126849288579785,-1.0182957699607604,1.0,3660.0,10.0,4.0,L
17.95,1789654175.395,cone,0,5.009,1.029,239,-1.0316642670143055,-2.6695079453334154,-1.0220934342881833,1.0,3823.0,10.0,5.0,L
18.00,1789654175.443,cone,0,5.009,1.029,239,-1.0316642670143055,-2.6695079453334154,-1.0220934342881833,1.0,3823.0,10.0,5.0,L
18.05,1789654175.494,none,-1,,,,-1.044824723982587,-2.999773039978895,-1.025889246539767,1.0,3719.0,11.0,5.0,L
18.11,1789654175.545,cone,0,4.841,1.150,246,-1.08906634592063,-3.5101314591986323,-1.0337877993889824,1.0,4072.0,11.0,4.0,L
18.16,1789654175.595,none,-1,,,,-1.1029505229307661,-3.7086034510100796,-1.0387156277178997,1.0,4214.0,11.0,5.0,L
18.20,1789654175.643,none,-1,,,,-1.1029505229307661,-3.7086034510100796,-1.0387156277178997,1.0,4214.0,11.0,5.0,L
18.25,1789654175.693,none,-1,,,,-1.1170382985824792,-3.84477907051583,-1.0430260296969152,1.0,4254.0,11.0,5.0,L
18.30,1789654175.743,cone,0,4.641,1.250,244,-1.1369649980899226,-3.920495784657708,-1.0465596045958017,1.0,4549.0,12.0,4.0,L
18.35,1789654175.794,none,-1,,,,-1.1369649980899226,-3.961660153273202,-1.0500923022983373,1.0,4629.0,12.0,5.0,L
18.35,1789654175.794,path,0,0.000,0.000,,-1.1369649980899226,-3.961660153273202,-1.0500923022983373,1.0,4629.0,12.0,5.0,L
18.35,1789654175.794,path,1,0.126,0.000,,-1.1369649980899226,-3.961660153273202,-1.0500923022983373,1.0,4629.0,12.0,5.0,L
18.35,1789654175.794,path,2,0.254,0.003,,-1.1369649980899226,-3.961660153273202,-1.0500923022983373,1.0,4629.0,12.0,5.0,L
18.35,1789654175.794,path,3,0.379,0.008,,-1.1369649980899226,-3.961660153273202,-1.0500923022983373,1.0,4629.0,12.0,5.0,L
18.35,1789654175.794,path,4,0.506,0.017,,-1.1369649980899226,-3.961660153273202,-1.0500923022983373,1.0,4629.0,12.0,5.0,L
18.35,1789654175.794,path,5,0.636,0.028,,-1.1369649980899226,-3.961660153273202,-1.0500923022983373,1.0,4629.0,12.0,5.0,L
18.35,1789654175.794,path,6,0.764,0.040,,-1.1369649980899226,-3.961660153273202,-1.0500923022983373,1.0,4629.0,12.0,5.0,L
18.35,1789654175.794,path,7,0.889,0.052,,-1.1369649980899226,-3.961660153273202,-1.0500923022983373,1.0,4629.0,12.0,5.0,L
18.35,1789654175.794,path,8,1.018,0.064,,-1.1369649980899226,-3.961660153273202,-1.0500923022983373,1.0,4629.0,12.0,5.0,L
18.35,1789654175.794,path,9,1.146,0.076,,-1.1369649980899226,-3.961660153273202,-1.0500923022983373,1.0,4629.0,12.0,5.0,L
18.35,1789654175.794,path,10,1.269,0.088,,-1.1369649980899226,-3.961660153273202,-1.0500923022983373,1.0,4629.0,12.0,5.0,L
18.35,1789654175.794,path,11,1.391,0.099,,-1.1369649980899226,-3.961660153273202,-1.0500923022983373,1.0,4629.0,12.0,5.0,L
18.35,1789654175.794,path,12,1.514,0.111,,-1.1369649980899226,-3.961660153273202,-1.0500923022983373,1.0,4629.0,12.0,5.0,L
18.35,1789654175.794,path,13,1.638,0.123,,-1.1369649980899226,-3.961660153273202,-1.0500923022983373,1.0,4629.0,12.0,5.0,L
18.35,1789654175.794,path,14,1.764,0.136,,-1.1369649980899226,-3.961660153273202,-1.0500923022983373,1.0,4629.0,12.0,5.0,L
18.35,1789654175.794,path,15,1.892,0.150,,-1.1369649980899226,-3.961660153273202,-1.0500923022983373,1.0,4629.0,12.0,5.0,L
18.35,1789654175.794,path,16,2.020,0.165,,-1.1369649980899226,-3.961660153273202,-1.0500923022983373,1.0,4629.0,12.0,5.0,L
18.35,1789654175.794,path,17,2.151,0.181,,-1.1369649980899226,-3.961660153273202,-1.0500923022983373,1.0,4629.0,12.0,5.0,L
18.35,1789654175.794,path,18,2.295,0.200,,-1.1369649980899226,-3.961660153273202,-1.0500923022983373,1.0,4629.0,12.0,5.0,L
18.35,1789654175.794,path,19,2.465,0.223,,-1.1369649980899226,-3.961660153273202,-1.0500923022983373,1.0,4629.0,12.0,5.0,L
18.35,1789654175.794,path,20,2.656,0.252,,-1.1369649980899226,-3.961660153273202,-1.0500923022983373,1.0,4629.0,12.0,5.0,L
18.41,1789654175.845,cone,0,4.439,1.249,243,-1.1741410116078115,-3.905637153783825,-1.0553947506568893,1.0,4780.0,12.0,4.0,L
18.45,1789654175.894,cone,0,4.439,1.249,243,-1.1741410116078115,-3.905637153783825,-1.0553947506568893,1.0,4780.0,12.0,4.0,L
18.50,1789654175.943,cone,0,4.361,1.249,245,-1.1871881089974792,-3.8258630430304814,-1.057600150741945,1.0,4668.0,11.0,4.0,L
18.55,1789654175.994,cone,0,4.320,1.226,236,-1.1871881089974792,-3.672335634671338,-1.0606816184395305,1.0,4555.0,11.0,4.0,L
18.60,1789654176.044,none,-1,,,,-1.2028921962062504,-3.474637777863808,-1.0650937101488485,1.0,4391.0,10.0,5.0,L
18.65,1789654176.094,none,-1,,,,-1.2135849235769662,-3.2838487962363168,-1.069214564505093,1.0,4324.0,9.0,6.0,L
18.70,1789654176.144,none,-1,,,,-1.2340426143698615,-3.144839542350278,-1.0732423558879929,1.0,4090.0,10.0,6.0,L
18.75,1789654176.193,cone,0,4.031,1.166,241,-1.2203683086633477,-2.9994948470631093,-1.0772703062291387,1.0,4508.0,10.0,5.0,L
18.80,1789654176.243,cone,0,3.966,1.135,240,-1.2325570278711993,-2.8169762524920277,-1.080508377961179,1.0,4356.0,10.0,5.0,L
18.85,1789654176.294,cone,0,3.897,1.192,246,-1.2457557282952043,-2.643139028120972,-1.083176699301417,1.0,4311.0,10.0,5.0,L
18.90,1789654176.343,cone,0,3.852,1.167,240,-1.2358383284743595,-2.398791666274738,-1.0858458949122214,1.0,4273.0,10.0,5.0,L
18.95,1789654176.393,none,-1,,,,-1.2358383284743595,-2.0937347299282196,-1.088379914609438,1.0,4252.0,11.0,6.0,L
19.00,1789654176.443,none,-1,,,,-1.250892771880138,-1.8281462599865654,-1.0906328559873995,1.0,4034.0,11.0,7.0,L
19.05,1789654176.493,cone,0,3.655,1.049,239,-1.2613506167609863,-1.5905849729245747,-1.0931855288972887,1.0,3916.0,9.0,5.0,L
19.10,1789654176.543,none,-1,,,,-1.2555836768271778,-1.3356504132398452,-1.0961803009511901,1.0,3816.0,9.0,6.0,L
19.15,1789654176.593,cone,0,3.539,1.051,245,-1.2555836768271778,-1.0933370188800244,-1.098306017207932,1.0,3798.0,9.0,5.0,L
19.21,1789654176.646,none,-1,,,,-1.2640069766798876,-0.54431259593798,-1.1020849548682674,1.0,3377.0,10.0,5.0,L
19.25,1789654176.694,none,-1,,,,-1.2640069766798876,-0.54431259593798,-1.1020849548682674,1.0,3377.0,10.0,5.0,L
19.30,1789654176.743,none,-1,,,,-1.2516443128233834,-0.28844611324779185,-1.103947796859133,1.0,3705.0,11.0,5.0,L
19.35,1789654176.794,none,-1,,,,-1.2516443128233834,-0.04174799764182321,-1.1054204552733546,1.0,3337.0,11.0,5.0,L
19.35,1789654176.794,path,0,0.000,0.000,,-1.2516443128233834,-0.04174799764182321,-1.1054204552733546,1.0,3337.0,11.0,5.0,L
19.35,1789654176.794,path,1,0.119,0.001,,-1.2516443128233834,-0.04174799764182321,-1.1054204552733546,1.0,3337.0,11.0,5.0,L
19.35,1789654176.794,path,2,0.245,0.002,,-1.2516443128233834,-0.04174799764182321,-1.1054204552733546,1.0,3337.0,11.0,5.0,L
19.35,1789654176.794,path,3,0.369,0.005,,-1.2516443128233834,-0.04174799764182321,-1.1054204552733546,1.0,3337.0,11.0,5.0,L
19.35,1789654176.794,path,4,0.489,0.007,,-1.2516443128233834,-0.04174799764182321,-1.1054204552733546,1.0,3337.0,11.0,5.0,L
19.35,1789654176.794,path,5,0.613,0.006,,-1.2516443128233834,-0.04174799764182321,-1.1054204552733546,1.0,3337.0,11.0,5.0,L
19.35,1789654176.794,path,6,0.740,0.002,,-1.2516443128233834,-0.04174799764182321,-1.1054204552733546,1.0,3337.0,11.0,5.0,L
19.35,1789654176.794,path,7,0.859,-0.006,,-1.2516443128233834,-0.04174799764182321,-1.1054204552733546,1.0,3337.0,11.0,5.0,L
19.35,1789654176.794,path,8,0.981,-0.018,,-1.2516443128233834,-0.04174799764182321,-1.1054204552733546,1.0,3337.0,11.0,5.0,L
19.35,1789654176.794,path,9,1.115,-0.036,,-1.2516443128233834,-0.04174799764182321,-1.1054204552733546,1.0,3337.0,11.0,5.0,L
19.35,1789654176.794,path,10,1.246,-0.060,,-1.2516443128233834,-0.04174799764182321,-1.1054204552733546,1.0,3337.0,11.0,5.0,L
19.35,1789654176.794,path,11,1.368,-0.088,,-1.2516443128233834,-0.04174799764182321,-1.1054204552733546,1.0,3337.0,11.0,5.0,L
19.35,1789654176.794,path,12,1.484,-0.120,,-1.2516443128233834,-0.04174799764182321,-1.1054204552733546,1.0,3337.0,11.0,5.0,L
19.35,1789654176.794,path,13,1.602,-0.156,,-1.2516443128233834,-0.04174799764182321,-1.1054204552733546,1.0,3337.0,11.0,5.0,L
19.35,1789654176.794,path,14,1.716,-0.193,,-1.2516443128233834,-0.04174799764182321,-1.1054204552733546,1.0,3337.0,11.0,5.0,L
19.35,1789654176.794,path,15,1.833,-0.233,,-1.2516443128233834,-0.04174799764182321,-1.1054204552733546,1.0,3337.0,11.0,5.0,L
19.35,1789654176.794,path,16,1.946,-0.273,,-1.2516443128233834,-0.04174799764182321,-1.1054204552733546,1.0,3337.0,11.0,5.0,L
19.35,1789654176.794,path,17,2.057,-0.314,,-1.2516443128233834,-0.04174799764182321,-1.1054204552733546,1.0,3337.0,11.0,5.0,L
19.35,1789654176.794,path,18,2.187,-0.364,,-1.2516443128233834,-0.04174799764182321,-1.1054204552733546,1.0,3337.0,11.0,5.0,L
19.35,1789654176.794,path,19,2.317,-0.415,,-1.2516443128233834,-0.04174799764182321,-1.1054204552733546,1.0,3337.0,11.0,5.0,L
19.35,1789654176.794,path,20,2.445,-0.469,,-1.2516443128233834,-0.04174799764182321,-1.1054204552733546,1.0,3337.0,11.0,5.0,L
19.40,1789654176.844,none,-1,,,,-1.259654044165006,0.22745290355539513,-1.106646134270633,1.0,3337.0,11.0,5.0,L
19.45,1789654176.893,none,-1,,,,-1.2648795616288038,0.49595093216919,-1.1076121653371163,1.0,3100.0,10.0,5.0,L
19.50,1789654176.944,none,-1,,,,-1.2489609983833456,1.0014687112406422,-1.1085650205102995,1.0,2892.0,8.0,4.0,L
19.55,1789654176.993,none,-1,,,,-1.2489609983833456,1.0014687112406422,-1.1085650205102995,1.0,2892.0,8.0,4.0,L
19.60,1789654177.044,none,-1,,,,-1.2488580393756334,1.2248519644946796,-1.1090415534276368,1.0,3109.0,7.0,4.0,L
19.65,1789654177.093,none,-1,,,,-1.2485809016029303,1.4481910427257227,-1.1095813599717714,1.0,3016.0,8.0,5.0,L
19.70,1789654177.143,none,-1,,,,-1.2481064256276024,1.6704760277887323,-1.1099999999999999,1.0,3016.0,8.0,5.0,L
19.75,1789654177.193,none,-1,,,,-1.2617929967049872,1.8721477393086656,-1.1099999999999999,1.0,3163.0,8.0,6.0,L
19.80,1789654177.243,none,-1,,,,-1.2609720270831315,2.077054600401707,-1.1099999999999999,1.0,3239.0,7.0,6.0,L
19.85,1789654177.294,none,-1,,,,-1.260877863074074,2.288988458465078,-1.1099999999999999,1.0,3337.0,8.0,5.0,L
19.90,1789654177.343,none,-1,,,,-1.260877863074074,2.288988458465078,-1.1099999999999999,1.0,3337.0,8.0,5.0,L
19.95,1789654177.393,none,-1,,,,-1.260877863074074,2.288988458465078,-1.1099999999999999,1.0,3337.0,8.0,5.0,L
20.00,1789654177.443,none,-1,,,,-1.260877863074074,2.288988458465078,-1.1099999999999999,1.0,3337.0,8.0,5.0,L
20.05,1789654177.493,none,-1,,,,-1.260877863074074,2.288988458465078,-1.1099999999999999,1.0,3337.0,8.0,5.0,L
20.10,1789654177.543,none,-1,,,,-1.260877863074074,2.288988458465078,-1.1099999999999999,1.0,3337.0,8.0,5.0,L
20.15,1789654177.593,none,-1,,,,-1.260877863074074,2.288988458465078,-1.1099999999999999,1.0,3337.0,8.0,5.0,L
20.20,1789654177.643,none,-1,,,,-1.260877863074074,2.288988458465078,-1.1099999999999999,1.0,3337.0,8.0,5.0,L
20.25,1789654177.693,none,-1,,,,-1.260877863074074,2.288988458465078,-1.1099999999999999,1.0,3337.0,8.0,5.0,L
20.30,1789654177.743,none,-1,,,,-1.260877863074074,2.288988458465078,-1.1099999999999999,1.0,3337.0,8.0,5.0,L
20.35,1789654177.793,none,-1,,,,-1.260877863074074,2.288988458465078,-1.1099999999999999,1.0,3337.0,8.0,5.0,L
20.35,1789654177.793,path,0,0.000,0.000,,-1.260877863074074,2.288988458465078,-1.1099999999999999,1.0,3337.0,8.0,5.0,L
20.40,1789654177.844,none,-1,,,,-1.260877863074074,2.288988458465078,-1.1099999999999999,1.0,3337.0,8.0,5.0,L
20.45,1789654177.893,none,-1,,,,-1.260877863074074,2.288988458465078,-1.1099999999999999,1.0,3337.0,8.0,5.0,L
20.50,1789654177.943,none,-1,,,,-1.260877863074074,2.288988458465078,-1.1099999999999999,1.0,3337.0,8.0,5.0,L
20.55,1789654177.993,none,-1,,,,-1.260877863074074,2.288988458465078,-1.1099999999999999,1.0,3337.0,8.0,5.0,L
20.60,1789654178.043,none,-1,,,,-1.260877863074074,2.288988458465078,-1.1099999999999999,1.0,3337.0,8.0,5.0,L
20.65,1789654178.093,none,-1,,,,-1.260877863074074,2.288988458465078,-1.1099999999999999,1.0,3337.0,8.0,5.0,L
20.70,1789654178.143,none,-1,,,,-1.260877863074074,2.288988458465078,-1.1099999999999999,1.0,3337.0,8.0,5.0,L
20.75,1789654178.193,none,-1,,,,-1.260877863074074,2.288988458465078,-1.1099999999999999,1.0,3337.0,8.0,5.0,L
20.80,1789654178.243,none,-1,,,,-1.260877863074074,2.288988458465078,-1.1099999999999999,1.0,3337.0,8.0,5.0,L
20.85,1789654178.293,none,-1,,,,,,,,,,,L
20.90,1789654178.344,none,-1,,,,,,,,,,,L
20.95,1789654178.394,none,-1,,,,,,,,,,,L
21.00,1789654178.443,none,-1,,,,,,,,,,,L
21.05,1789654178.493,none,-1,,,,,,,,,,,L
21.10,1789654178.543,none,-1,,,,,,,,,,,L
21.15,1789654178.593,none,-1,,,,,,,,,,,L
21.20,1789654178.643,none,-1,,,,,,,,,,,L
21.25,1789654178.693,none,-1,,,,,,,,,,,L
21.30,1789654178.743,none,-1,,,,,,,,,,,L
21.35,1789654178.793,none,-1,,,,,,,,,,,L
21.35,1789654178.793,path,0,0.000,0.000,,,,,,,,,L
21.40,1789654178.844,none,-1,,,,,,,,,,,L
21.45,1789654178.893,none,-1,,,,,,,,,,,L
21.50,1789654178.943,none,-1,,,,,,,,,,,L
21.55,1789654178.993,none,-1,,,,,,,,,,,L
21.60,1789654179.044,none,-1,,,,,,,,,,,L
21.65,1789654179.093,none,-1,,,,,,,,,,,L
21.70,1789654179.143,none,-1,,,,,,,,,,,L
21.75,1789654179.193,none,-1,,,,,,,,,,,L
21.80,1789654179.243,none,-1,,,,,,,,,,,L
21.85,1789654179.294,none,-1,,,,,,,,,,,L
21.90,1789654179.343,none,-1,,,,,,,,,,,L
21.95,1789654179.393,none,-1,,,,,,,,,,,L
22.00,1789654179.443,none,-1,,,,,,,,,,,L
22.05,1789654179.493,none,-1,,,,,,,,,,,L
22.10,1789654179.543,none,-1,,,,,,,,,,,L
22.15,1789654179.594,none,-1,,,,,,,,,,,L
22.20,1789654179.643,none,-1,,,,,,,,,,,L
22.25,1789654179.693,none,-1,,,,,,,,,,,L
22.30,1789654179.743,none,-1,,,,,,,,,,,L
22.35,1789654179.793,none,-1,,,,,,,,,,,L
22.35,1789654179.793,path,0,0.000,0.000,,,,,,,,,L
22.40,1789654179.844,none,-1,,,,,,,,,,,L
22.45,1789654179.893,none,-1,,,,,,,,,,,L
22.50,1789654179.943,none,-1,,,,,,,,,,,L
22.55,1789654179.993,none,-1,,,,,,,,,,,L
22.60,1789654180.043,none,-1,,,,,,,,,,,L
22.65,1789654180.093,none,-1,,,,,,,,,,,L
22.70,1789654180.143,none,-1,,,,,,,,,,,L
22.75,1789654180.193,none,-1,,,,,,,,,,,L
22.80,1789654180.243,none,-1,,,,,,,,,,,L
22.85,1789654180.293,none,-1,,,,,,,,,,,L
22.90,1789654180.344,none,-1,,,,,,,,,,,L
22.95,1789654180.393,none,-1,,,,,,,,,,,L
23.00,1789654180.443,none,-1,,,,,,,,,,,L
23.05,1789654180.493,none,-1,,,,,,,,,,,L
23.10,1789654180.543,none,-1,,,,,,,,,,,L
23.15,1789654180.594,none,-1,,,,,,,,,,,L
23.20,1789654180.643,none,-1,,,,,,,,,,,L
23.25,1789654180.693,none,-1,,,,,,,,,,,L
23.30,1789654180.743,none,-1,,,,,,,,,,,L
23.35,1789654180.794,none,-1,,,,,,,,,,,L
23.35,1789654180.794,path,0,0.000,0.000,,,,,,,,,L
23.40,1789654180.843,none,-1,,,,,,,,,,,L
23.45,1789654180.894,none,-1,,,,,,,,,,,L
23.50,1789654180.943,none,-1,,,,,,,,,,,L
23.55,1789654180.993,none,-1,,,,,,,,,,,L
23.60,1789654181.043,none,-1,,,,,,,,,,,L
23.65,1789654181.093,none,-1,,,,,,,,,,,L
23.70,1789654181.143,none,-1,,,,,,,,,,,L
23.75,1789654181.193,none,-1,,,,,,,,,,,L
23.80,1789654181.243,none,-1,,,,,,,,,,,L
23.85,1789654181.293,none,-1,,,,,,,,,,,L
23.90,1789654181.343,none,-1,,,,,,,,,,,L
23.95,1789654181.393,none,-1,,,,,,,,,,,L
24.00,1789654181.443,none,-1,,,,,,,,,,,L
24.05,1789654181.493,none,-1,,,,,,,,,,,L
24.10,1789654181.543,none,-1,,,,,,,,,,,L
24.15,1789654181.594,none,-1,,,,,,,,,,,L
24.20,1789654181.643,none,-1,,,,,,,,,,,L
24.25,1789654181.693,none,-1,,,,,,,,,,,L
24.30,1789654181.743,none,-1,,,,,,,,,,,L
24.35,1789654181.793,none,-1,,,,,,,,,,,L
24.35,1789654181.793,path,0,0.000,0.000,,,,,,,,,L
24.40,1789654181.843,none,-1,,,,,,,,,,,L
24.45,1789654181.893,none,-1,,,,,,,,,,,L
24.50,1789654181.943,none,-1,,,,,,,,,,,L
24.55,1789654181.993,none,-1,,,,,,,,,,,L
24.60,1789654182.043,none,-1,,,,,,,,,,,L
24.65,1789654182.093,none,-1,,,,,,,,,,,L
24.70,1789654182.144,none,-1,,,,,,,,,,,L
24.75,1789654182.193,none,-1,,,,,,,,,,,L
24.80,1789654182.243,none,-1,,,,,,,,,,,L
24.85,1789654182.294,none,-1,,,,,,,,,,,L
24.90,1789654182.343,none,-1,,,,,,,,,,,L
24.95,1789654182.393,none,-1,,,,,,,,,,,L
25.00,1789654182.443,none,-1,,,,,,,,,,,L
25.05,1789654182.493,none,-1,,,,,,,,,,,L
25.10,1789654182.543,none,-1,,,,,,,,,,,L
25.15,1789654182.593,none,-1,,,,,,,,,,,L
25.20,1789654182.643,none,-1,,,,,,,,,,,L
25.25,1789654182.693,none,-1,,,,,,,,,,,L
25.30,1789654182.743,none,-1,,,,,,,,,,,L
25.35,1789654182.793,none,-1,,,,,,,,,,,L
25.35,1789654182.793,path,0,0.000,0.000,,,,,,,,,L
25.40,1789654182.844,none,-1,,,,,,,,,,,L
25.45,1789654182.893,none,-1,,,,,,,,,,,L
25.50,1789654182.943,none,-1,,,,,,,,,,,L
25.55,1789654182.993,none,-1,,,,,,,,,,,L
25.60,1789654183.043,none,-1,,,,,,,,,,,L
25.65,1789654183.093,none,-1,,,,,,,,,,,L
25.70,1789654183.143,none,-1,,,,,,,,,,,L
25.75,1789654183.193,none,-1,,,,,,,,,,,L
25.80,1789654183.243,none,-1,,,,,,,,,,,L
25.85,1789654183.293,none,-1,,,,,,,,,,,L
25.90,1789654183.344,none,-1,,,,,,,,,,,L
25.95,1789654183.393,none,-1,,,,,,,,,,,L
26.00,1789654183.443,none,-1,,,,,,,,,,,L
26.05,1789654183.493,none,-1,,,,,,,,,,,L
26.10,1789654183.543,none,-1,,,,,,,,,,,L
26.15,1789654183.594,none,-1,,,,,,,,,,,L
26.20,1789654183.643,none,-1,,,,,,,,,,,L
26.25,1789654183.693,none,-1,,,,,,,,,,,L
26.30,1789654183.743,none,-1,,,,,,,,,,,L
26.35,1789654183.793,none,-1,,,,,,,,,,,L
26.35,1789654183.793,path,0,0.000,0.000,,,,,,,,,L
26.40,1789654183.843,none,-1,,,,,,,,,,,L
26.45,1789654183.893,none,-1,,,,,,,,,,,L
26.50,1789654183.943,none,-1,,,,,,,,,,,L
26.55,1789654183.994,none,-1,,,,,,,,,,,L
26.60,1789654184.043,none,-1,,,,,,,,,,,L
26.65,1789654184.094,none,-1,,,,,,,,,,,L
26.70,1789654184.143,none,-1,,,,,,,,,,,L
26.75,1789654184.194,none,-1,,,,,,,,,,,L
26.80,1789654184.244,none,-1,,,,,,,,,,,L
26.85,1789654184.293,none,-1,,,,,,,,,,,L
26.90,1789654184.343,none,-1,,,,,,,,,,,L
26.95,1789654184.394,none,-1,,,,,,,,,,,L
27.00,1789654184.443,none,-1,,,,,,,,,,,L
27.05,1789654184.493,none,-1,,,,,,,,,,,L
27.10,1789654184.544,none,-1,,,,,,,,,,,L
27.15,1789654184.593,none,-1,,,,,,,,,,,L
27.20,1789654184.643,none,-1,,,,,,,,,,,L
27.25,1789654184.693,none,-1,,,,,,,,,,,L
27.30,1789654184.743,none,-1,,,,,,,,,,,L
27.35,1789654184.793,none,-1,,,,,,,,,,,L
27.35,1789654184.793,path,0,0.000,0.000,,,,,,,,,L
27.40,1789654184.844,none,-1,,,,,,,,,,,L
27.45,1789654184.893,none,-1,,,,,,,,,,,L
27.50,1789654184.943,none,-1,,,,,,,,,,,L
27.55,1789654184.993,none,-1,,,,,,,,,,,L
27.60,1789654185.043,none,-1,,,,,,,,,,,L
27.65,1789654185.094,none,-1,,,,,,,,,,,L
27.70,1789654185.143,none,-1,,,,,,,,,,,L
27.75,1789654185.193,none,-1,,,,,,,,,,,L
27.80,1789654185.243,none,-1,,,,,,,,,,,L
27.85,1789654185.293,none,-1,,,,,,,,,,,L
27.90,1789654185.343,none,-1,,,,,,,,,,,L
27.95,1789654185.393,none,-1,,,,,,,,,,,L
28.00,1789654185.443,none,-1,,,,,,,,,,,L
28.05,1789654185.493,none,-1,,,,,,,,,,,L
28.10,1789654185.544,none,-1,,,,,,,,,,,L
28.15,1789654185.593,none,-1,,,,,,,,,,,L
28.20,1789654185.643,none,-1,,,,,,,,,,,L
28.25,1789654185.693,none,-1,,,,,,,,,,,L
28.30,1789654185.743,none,-1,,,,,,,,,,,L
28.35,1789654185.793,none,-1,,,,,,,,,,,L
28.35,1789654185.793,path,0,0.000,0.000,,,,,,,,,L
28.40,1789654185.843,none,-1,,,,,,,,,,,L
28.45,1789654185.893,none,-1,,,,,,,,,,,L
28.50,1789654185.943,none,-1,,,,,,,,,,,L
28.55,1789654185.993,none,-1,,,,,,,,,,,L
28.60,1789654186.043,none,-1,,,,,,,,,,,L
28.65,1789654186.093,none,-1,,,,,,,,,,,L
28.70,1789654186.143,none,-1,,,,,,,,,,,L
28.75,1789654186.193,none,-1,,,,,,,,,,,L
28.80,1789654186.243,none,-1,,,,,,,,,,,L
28.85,1789654186.293,none,-1,,,,,,,,,,,L
28.90,1789654186.343,none,-1,,,,,,,,,,,L
28.95,1789654186.393,none,-1,,,,,,,,,,,L
29.00,1789654186.443,none,-1,,,,,,,,,,,L
29.05,1789654186.493,none,-1,,,,,,,,,,,L
29.10,1789654186.543,none,-1,,,,,,,,,,,L
29.15,1789654186.593,none,-1,,,,,,,,,,,L
29.20,1789654186.643,none,-1,,,,,,,,,,,L
29.25,1789654186.693,none,-1,,,,,,,,,,,L
29.30,1789654186.743,none,-1,,,,,,,,,,,L
29.35,1789654186.793,none,-1,,,,,,,,,,,L
29.35,1789654186.793,path,0,0.000,0.000,,,,,,,,,L
29.40,1789654186.843,none,-1,,,,,,,,,,,L
29.45,1789654186.894,none,-1,,,,,,,,,,,L
29.50,1789654186.943,none,-1,,,,,,,,,,,L
29.55,1789654186.993,none,-1,,,,,,,,,,,L
29.60,1789654187.043,none,-1,,,,,,,,,,,L
29.65,1789654187.093,none,-1,,,,,,,,,,,L
29.70,1789654187.143,none,-1,,,,,,,,,,,L
29.75,1789654187.193,none,-1,,,,,,,,,,,L
29.80,1789654187.243,none,-1,,,,,,,,,,,L
29.85,1789654187.293,none,-1,,,,,,,,,,,L
29.90,1789654187.344,none,-1,,,,,,,,,,,L
29.95,1789654187.394,none,-1,,,,,,,,,,,L
30.00,1789654187.443,none,-1,,,,,,,,,,,L
30.05,1789654187.494,none,-1,,,,,,,,,,,L
30.10,1789654187.544,none,-1,,,,,,,,,,,L
30.15,1789654187.593,none,-1,,,,,,,,,,,L
30.20,1789654187.643,none,-1,,,,,,,,,,,L
30.25,1789654187.693,none,-1,,,,,,,,,,,L
30.30,1789654187.743,none,-1,,,,,,,,,,,L
30.35,1789654187.793,none,-1,,,,,,,,,,,L
30.35,1789654187.793,path,0,0.000,0.000,,,,,,,,,L
30.40,1789654187.844,none,-1,,,,,,,,,,,L
30.45,1789654187.893,none,-1,,,,,,,,,,,L
30.50,1789654187.944,none,-1,,,,,,,,,,,L
30.55,1789654187.993,none,-1,,,,,,,,,,,L
30.60,1789654188.043,none,-1,,,,,,,,,,,L
30.65,1789654188.093,none,-1,,,,,,,,,,,L
30.70,1789654188.143,none,-1,,,,,,,,,,,L
30.75,1789654188.193,none,-1,,,,,,,,,,,L
30.80,1789654188.243,none,-1,,,,,,,,,,,L
30.85,1789654188.293,none,-1,,,,,,,,,,,L
30.90,1789654188.343,none,-1,,,,,,,,,,,L
30.95,1789654188.393,none,-1,,,,,,,,,,,L
31.00,1789654188.443,none,-1,,,,,,,,,,,L
31.05,1789654188.493,none,-1,,,,,,,,,,,L
31.10,1789654188.543,none,-1,,,,,,,,,,,L
31.15,1789654188.594,none,-1,,,,,,,,,,,L
31.20,1789654188.643,none,-1,,,,,,,,,,,L
31.25,1789654188.693,none,-1,,,,,,,,,,,L
31.30,1789654188.743,none,-1,,,,,,,,,,,L
31.35,1789654188.793,none,-1,,,,,,,,,,,L
31.35,1789654188.793,path,0,0.000,0.000,,,,,,,,,L
31.40,1789654188.843,none,-1,,,,,,,,,,,L
31.45,1789654188.893,none,-1,,,,,,,,,,,L
31.50,1789654188.943,none,-1,,,,,,,,,,,L
31.55,1789654188.994,none,-1,,,,,,,,,,,L
31.60,1789654189.044,none,-1,,,,,,,,,,,L
31.65,1789654189.093,none,-1,,,,,,,,,,,L
31.70,1789654189.143,none,-1,,,,,,,,,,,L
31.75,1789654189.193,none,-1,,,,,,,,,,,L
31.80,1789654189.244,none,-1,,,,,,,,,,,L
31.85,1789654189.293,none,-1,,,,,,,,,,,L
31.90,1789654189.343,none,-1,,,,,,,,,,,L
31.95,1789654189.393,none,-1,,,,,,,,,,,L
32.00,1789654189.443,none,-1,,,,,,,,,,,L
32.05,1789654189.493,none,-1,,,,,,,,,,,L
32.10,1789654189.544,none,-1,,,,,,,,,,,L
32.15,1789654189.593,none,-1,,,,,,,,,,,L
32.20,1789654189.643,none,-1,,,,,,,,,,,L
32.25,1789654189.693,none,-1,,,,,,,,,,,L
32.30,1789654189.743,none,-1,,,,,,,,,,,L
32.35,1789654189.793,none,-1,,,,,,,,,,,L
32.35,1789654189.793,path,0,0.000,0.000,,,,,,,,,L
32.40,1789654189.843,none,-1,,,,,,,,,,,L
32.45,1789654189.893,none,-1,,,,,,,,,,,L
32.50,1789654189.943,none,-1,,,,,,,,,,,L
32.55,1789654189.993,none,-1,,,,,,,,,,,L
32.60,1789654190.044,none,-1,,,,,,,,,,,L
32.65,1789654190.093,none,-1,,,,,,,,,,,L
32.70,1789654190.143,none,-1,,,,,,,,,,,L
32.75,1789654190.193,none,-1,,,,,,,,,,,L
32.80,1789654190.244,none,-1,,,,,,,,,,,L
32.85,1789654190.293,none,-1,,,,,,,,,,,L
32.90,1789654190.343,none,-1,,,,,,,,,,,L
32.95,1789654190.393,none,-1,,,,,,,,,,,L
33.00,1789654190.444,none,-1,,,,,,,,,,,L
33.05,1789654190.494,none,-1,,,,,,,,,,,L
33.10,1789654190.543,none,-1,,,,,,,,,,,L
33.15,1789654190.593,none,-1,,,,,,,,,,,L
33.20,1789654190.643,none,-1,,,,,,,,,,,L
33.25,1789654190.693,none,-1,,,,,,,,,,,L
33.30,1789654190.743,none,-1,,,,,,,,,,,L
33.35,1789654190.793,none,-1,,,,,,,,,,,L
33.35,1789654190.793,path,0,0.000,0.000,,,,,,,,,L
33.40,1789654190.843,none,-1,,,,,,,,,,,L
33.45,1789654190.893,none,-1,,,,,,,,,,,L
33.50,1789654190.943,none,-1,,,,,,,,,,,L
33.55,1789654190.994,none,-1,,,,,,,,,,,L
33.60,1789654191.043,none,-1,,,,,,,,,,,L
33.65,1789654191.093,none,-1,,,,,,,,,,,L
33.70,1789654191.144,none,-1,,,,,,,,,,,L
33.75,1789654191.193,none,-1,,,,,,,,,,,L
33.80,1789654191.244,none,-1,,,,,,,,,,,L
33.85,1789654191.293,none,-1,,,,,,,,,,,L
33.90,1789654191.343,none,-1,,,,,,,,,,,L
33.95,1789654191.394,none,-1,,,,,,,,,,,L
34.00,1789654191.443,none,-1,,,,,,,,,,,L
34.05,1789654191.493,none,-1,,,,,,,,,,,L
34.10,1789654191.543,none,-1,,,,,,,,,,,L
34.15,1789654191.593,none,-1,,,,,,,,,,,L
34.20,1789654191.643,none,-1,,,,,,,,,,,L
34.25,1789654191.693,none,-1,,,,,,,,,,,L
34.30,1789654191.743,none,-1,,,,,,,,,,,L
34.35,1789654191.793,none,-1,,,,,,,,,,,L
34.35,1789654191.793,path,0,0.000,0.000,,,,,,,,,L
34.40,1789654191.843,none,-1,,,,,,,,,,,L
34.45,1789654191.893,none,-1,,,,,,,,,,,L
34.50,1789654191.943,none,-1,,,,,,,,,,,L
34.55,1789654191.993,none,-1,,,,,,,,,,,L
34.60,1789654192.043,none,-1,,,,,,,,,,,L
34.65,1789654192.093,none,-1,,,,,,,,,,,L
34.70,1789654192.143,none,-1,,,,,,,,,,,L
34.75,1789654192.193,none,-1,,,,,,,,,,,L
34.80,1789654192.243,none,-1,,,,,,,,,,,L
34.85,1789654192.293,none,-1,,,,,,,,,,,L
34.90,1789654192.343,none,-1,,,,,,,,,,,L
34.95,1789654192.393,none,-1,,,,,,,,,,,L
35.00,1789654192.444,none,-1,,,,,,,,,,,L
35.05,1789654192.493,none,-1,,,,,,,,,,,L
35.10,1789654192.543,none,-1,,,,,,,,,,,L
35.15,1789654192.593,none,-1,,,,,,,,,,,L
35.20,1789654192.643,none,-1,,,,,,,,,,,L
35.25,1789654192.694,none,-1,,,,,,,,,,,L
35.30,1789654192.743,none,-1,,,,,,,,,,,L
35.35,1789654192.793,none,-1,,,,,,,,,,,L
35.35,1789654192.793,path,0,0.000,0.000,,,,,,,,,L
35.40,1789654192.843,none,-1,,,,,,,,,,,L
35.45,1789654192.894,none,-1,,,,,,,,,,,L
35.50,1789654192.943,none,-1,,,,,,,,,,,L
35.55,1789654192.993,none,-1,,,,,,,,,,,L
35.60,1789654193.043,none,-1,,,,,,,,,,,L
35.65,1789654193.093,none,-1,,,,,,,,,,,L
35.70,1789654193.144,none,-1,,,,,,,,,,,L
35.75,1789654193.193,none,-1,,,,,,,,,,,L
35.80,1789654193.243,none,-1,,,,,,,,,,,L
35.85,1789654193.294,none,-1,,,,,,,,,,,L
35.90,1789654193.343,none,-1,,,,,,,,,,,L
35.95,1789654193.393,none,-1,,,,,,,,,,,L
36.00,1789654193.443,none,-1,,,,,,,,,,,L
36.05,1789654193.493,none,-1,,,,,,,,,,,L
36.10,1789654193.543,none,-1,,,,,,,,,,,L
36.15,1789654193.593,none,-1,,,,,,,,,,,L
36.20,1789654193.643,none,-1,,,,,,,,,,,L
36.25,1789654193.693,none,-1,,,,,,,,,,,L
36.30,1789654193.743,none,-1,,,,,,,,,,,L
36.35,1789654193.793,none,-1,,,,,,,,,,,L
36.35,1789654193.793,path,0,0.000,0.000,,,,,,,,,L
36.40,1789654193.843,none,-1,,,,,,,,,,,L
36.45,1789654193.894,none,-1,,,,,,,,,,,L
36.50,1789654193.943,none,-1,,,,,,,,,,,L
36.55,1789654193.993,none,-1,,,,,,,,,,,L
36.60,1789654194.043,none,-1,,,,,,,,,,,L
36.65,1789654194.093,none,-1,,,,,,,,,,,L
36.70,1789654194.143,none,-1,,,,,,,,,,,L
36.75,1789654194.193,none,-1,,,,,,,,,,,L
36.80,1789654194.243,none,-1,,,,,,,,,,,L
36.85,1789654194.293,none,-1,,,,,,,,,,,L
36.90,1789654194.343,none,-1,,,,,,,,,,,L
36.95,1789654194.393,none,-1,,,,,,,,,,,L
37.00,1789654194.443,none,-1,,,,,,,,,,,L
37.05,1789654194.494,none,-1,,,,,,,,,,,L
37.10,1789654194.543,none,-1,,,,,,,,,,,L
37.15,1789654194.593,none,-1,,,,,,,,,,,L
37.20,1789654194.643,none,-1,,,,,,,,,,,L
37.25,1789654194.694,none,-1,,,,,,,,,,,L
37.30,1789654194.743,none,-1,,,,,,,,,,,L
37.35,1789654194.793,none,-1,,,,,,,,,,,L
37.35,1789654194.793,path,0,0.000,0.000,,,,,,,,,L
37.40,1789654194.843,none,-1,,,,,,,,,,,L
37.45,1789654194.893,none,-1,,,,,,,,,,,L
37.50,1789654194.943,none,-1,,,,,,,,,,,L
37.55,1789654194.993,none,-1,,,,,,,,,,,L
37.60,1789654195.043,none,-1,,,,,,,,,,,L
37.65,1789654195.093,none,-1,,,,,,,,,,,L
37.70,1789654195.143,none,-1,,,,,,,,,,,L
37.75,1789654195.193,none,-1,,,,,,,,,,,L
37.80,1789654195.243,none,-1,,,,,,,,,,,L
37.85,1789654195.293,none,-1,,,,,,,,,,,L
37.90,1789654195.343,none,-1,,,,,,,,,,,L
37.95,1789654195.393,none,-1,,,,,,,,,,,L
38.00,1789654195.443,none,-1,,,,,,,,,,,L
38.05,1789654195.493,none,-1,,,,,,,,,,,L
38.10,1789654195.543,none,-1,,,,,,,,,,,L
38.15,1789654195.593,none,-1,,,,,,,,,,,L
38.20,1789654195.643,none,-1,,,,,,,,,,,L
38.25,1789654195.693,none,-1,,,,,,,,,,,L
38.30,1789654195.743,none,-1,,,,,,,,,,,L
38.35,1789654195.793,none,-1,,,,,,,,,,,L
38.35,1789654195.793,path,0,0.000,0.000,,,,,,,,,L
38.40,1789654195.843,none,-1,,,,,,,,,,,L
38.45,1789654195.894,none,-1,,,,,,,,,,,L
38.50,1789654195.944,none,-1,,,,,,,,,,,L
38.55,1789654195.993,none,-1,,,,,,,,,,,L
38.60,1789654196.044,none,-1,,,,,,,,,,,L
38.65,1789654196.094,none,-1,,,,,,,,,,,L
38.70,1789654196.143,none,-1,,,,,,,,,,,L
38.75,1789654196.194,none,-1,,,,,,,,,,,L
38.80,1789654196.243,none,-1,,,,,,,,,,,L
38.85,1789654196.294,none,-1,,,,,,,,,,,L
38.90,1789654196.344,none,-1,,,,,,,,,,,L
38.95,1789654196.394,none,-1,,,,,,,,,,,L
39.00,1789654196.443,none,-1,,,,,,,,,,,L
39.05,1789654196.493,none,-1,,,,,,,,,,,L
39.10,1789654196.543,none,-1,,,,,,,,,,,L
39.15,1789654196.595,none,-1,,,,,,,,,,,L
39.20,1789654196.644,none,-1,,,,,,,,,,,L
39.25,1789654196.694,none,-1,,,,,,,,,,,L
39.30,1789654196.745,none,-1,,,,,,,,,,,L
39.30,1789654196.745,path,0,0.000,0.000,,,,,,,,,L
39.30,1789654196.745,path,1,0.132,-0.000,,,,,,,,,L
39.30,1789654196.745,path,2,0.260,-0.002,,,,,,,,,L
39.30,1789654196.745,path,3,0.424,-0.009,,,,,,,,,L
39.30,1789654196.745,path,4,0.633,-0.024,,,,,,,,,L
39.30,1789654196.745,path,5,0.862,-0.051,,,,,,,,,L
39.30,1789654196.745,path,6,1.056,-0.083,,,,,,,,,L
39.30,1789654196.745,path,7,1.265,-0.124,,,,,,,,,L
39.30,1789654196.745,path,8,1.511,-0.174,,,,,,,,,L
39.30,1789654196.745,path,9,1.756,-0.221,,,,,,,,,L
39.30,1789654196.745,path,10,2.031,-0.272,,,,,,,,,L
39.30,1789654196.745,path,11,2.320,-0.317,,,,,,,,,L
39.30,1789654196.745,path,12,2.619,-0.341,,,,,,,,,L
39.30,1789654196.745,path,13,2.919,-0.335,,,,,,,,,L
39.30,1789654196.745,path,14,3.180,-0.306,,,,,,,,,L
39.30,1789654196.745,path,15,3.394,-0.265,,,,,,,,,L
39.30,1789654196.745,path,16,3.615,-0.211,,,,,,,,,L
39.30,1789654196.745,path,17,3.877,-0.137,,,,,,,,,L
39.30,1789654196.745,path,18,4.157,-0.053,,,,,,,,,L
39.30,1789654196.745,path,19,4.429,0.028,,,,,,,,,L
39.30,1789654196.745,path,20,4.709,0.116,,,,,,,,,L
39.35,1789654196.794,none,-1,,,,,,,,,,,L
39.40,1789654196.843,none,-1,,,,,,,,,,,L
39.45,1789654196.894,none,-1,,,,,,,,,,,L
39.50,1789654196.944,none,-1,,,,,,,,,,,L
39.55,1789654196.993,none,-1,,,,,,,,,,,L
39.60,1789654197.044,none,-1,,,,,,,,,,,L
39.65,1789654197.094,none,-1,,,,,,,,,,,L
39.70,1789654197.145,none,-1,,,,,,,,,,,L
39.75,1789654197.194,none,-1,,,,,,,,,,,L
39.80,1789654197.245,none,-1,,,,,,,,,,,L
39.85,1789654197.295,none,-1,,,,,,,,,,,L
39.90,1789654197.345,none,-1,,,,,,,,,,,L
39.96,1789654197.396,none,-1,,,,,,,,,,,L
40.00,1789654197.444,none,-1,,,,,,,,,,,L
40.05,1789654197.494,none,-1,,,,,,,,,,,L
40.11,1789654197.545,none,-1,,,,,,,,,,,L
40.16,1789654197.595,none,-1,,,,-1.2550697843642626,2.7258585428198647,-1.0448594718733009,2.0,3229.0,8.0,4.0,L
40.20,1789654197.645,cone,0,2.060,0.728,236,-1.2550697843642626,2.7238523141837137,-1.0448594718733009,2.0,3284.0,8.0,3.0,L
40.25,1789654197.694,cone,0,2.050,0.750,225,-1.2516880624488014,2.7228683891382706,-1.0448594718733009,2.0,3281.0,8.0,3.0,L
40.30,1789654197.744,cone,0,2.041,0.750,228,-1.2516880624488014,2.724141438347579,-1.1099999999999999,1.0,3069.0,8.0,3.0,L
40.30,1789654197.744,path,0,0.000,0.000,,-1.2516880624488014,2.724141438347579,-1.1099999999999999,1.0,3069.0,8.0,3.0,L
40.30,1789654197.744,path,1,0.266,-0.002,,-1.2516880624488014,2.724141438347579,-1.1099999999999999,1.0,3069.0,8.0,3.0,L
40.30,1789654197.744,path,2,0.564,-0.016,,-1.2516880624488014,2.724141438347579,-1.1099999999999999,1.0,3069.0,8.0,3.0,L
40.30,1789654197.744,path,3,0.867,-0.054,,-1.2516880624488014,2.724141438347579,-1.1099999999999999,1.0,3069.0,8.0,3.0,L
40.30,1789654197.744,path,4,1.145,-0.105,,-1.2516880624488014,2.724141438347579,-1.1099999999999999,1.0,3069.0,8.0,3.0,L
40.30,1789654197.744,path,5,1.428,-0.161,,-1.2516880624488014,2.724141438347579,-1.1099999999999999,1.0,3069.0,8.0,3.0,L
40.30,1789654197.744,path,6,1.706,-0.222,,-1.2516880624488014,2.724141438347579,-1.1099999999999999,1.0,3069.0,8.0,3.0,L
40.30,1789654197.744,path,7,1.981,-0.282,,-1.2516880624488014,2.724141438347579,-1.1099999999999999,1.0,3069.0,8.0,3.0,L
40.30,1789654197.744,path,8,2.241,-0.331,,-1.2516880624488014,2.724141438347579,-1.1099999999999999,1.0,3069.0,8.0,3.0,L
40.30,1789654197.744,path,9,2.527,-0.365,,-1.2516880624488014,2.724141438347579,-1.1099999999999999,1.0,3069.0,8.0,3.0,L
40.30,1789654197.744,path,10,2.816,-0.387,,-1.2516880624488014,2.724141438347579,-1.1099999999999999,1.0,3069.0,8.0,3.0,L
40.30,1789654197.744,path,11,3.094,-0.398,,-1.2516880624488014,2.724141438347579,-1.1099999999999999,1.0,3069.0,8.0,3.0,L
40.30,1789654197.744,path,12,3.342,-0.396,,-1.2516880624488014,2.724141438347579,-1.1099999999999999,1.0,3069.0,8.0,3.0,L
40.30,1789654197.744,path,13,3.568,-0.382,,-1.2516880624488014,2.724141438347579,-1.1099999999999999,1.0,3069.0,8.0,3.0,L
40.30,1789654197.744,path,14,3.812,-0.348,,-1.2516880624488014,2.724141438347579,-1.1099999999999999,1.0,3069.0,8.0,3.0,L
40.30,1789654197.744,path,15,4.089,-0.286,,-1.2516880624488014,2.724141438347579,-1.1099999999999999,1.0,3069.0,8.0,3.0,L
40.30,1789654197.744,path,16,4.361,-0.207,,-1.2516880624488014,2.724141438347579,-1.1099999999999999,1.0,3069.0,8.0,3.0,L
40.30,1789654197.744,path,17,4.590,-0.133,,-1.2516880624488014,2.724141438347579,-1.1099999999999999,1.0,3069.0,8.0,3.0,L
40.30,1789654197.744,path,18,4.795,-0.055,,-1.2516880624488014,2.724141438347579,-1.1099999999999999,1.0,3069.0,8.0,3.0,L
40.30,1789654197.744,path,19,4.995,0.038,,-1.2516880624488014,2.724141438347579,-1.1099999999999999,1.0,3069.0,8.0,3.0,L
40.30,1789654197.744,path,20,5.186,0.144,,-1.2516880624488014,2.724141438347579,-1.1099999999999999,1.0,3069.0,8.0,3.0,L
40.35,1789654197.794,cone,0,2.060,0.728,236,-1.2516880624488014,2.7218876560462353,-1.1099999999999999,1.0,3167.0,7.0,3.0,L
40.41,1789654197.845,none,-1,,,,-1.2516880624488014,2.7227525917844617,-1.1099999999999999,1.0,3265.0,7.0,4.0,L
40.45,1789654197.895,cone,0,2.061,0.756,245,-1.2558357303689536,2.7151431425376162,-1.1099999999999999,1.0,3166.0,7.0,3.0,L
40.50,1789654197.944,cone,0,2.060,0.728,236,-1.2558357303689536,2.7180726232691224,-1.1099999999999999,1.0,3066.0,8.0,3.0,L
40.55,1789654197.995,cone,0,2.053,0.756,232,-1.2558357303689536,2.7146979583920965,-1.1099999999999999,1.0,3092.0,7.0,3.0,L
40.60,1789654198.044,cone,0,2.071,0.735,240,-1.2558357303689536,2.7103430652875686,-1.1099999999999999,1.0,3140.0,7.0,3.0,L
40.65,1789654198.093,cone,0,2.071,0.735,240,-1.2558357303689536,2.7103430652875686,-1.1099999999999999,1.0,3140.0,7.0,3.0,L
40.70,1789654198.145,cone,0,2.043,0.778,237,-1.2562345999312055,2.710477489670833,-1.1099999999999999,1.0,3075.0,8.0,3.0,L
40.75,1789654198.193,cone,0,2.043,0.778,237,-1.2562345999312055,2.710477489670833,-1.1099999999999999,1.0,3075.0,8.0,3.0,L
40.80,1789654198.245,cone,0,2.022,0.772,236,-1.2562345999312055,2.7003225005412035,-1.1099999999999999,1.0,3179.0,7.0,3.0,L
40.85,1789654198.294,none,-1,,,,-1.252530602629594,2.70771652872359,-1.1099999999999999,1.0,3171.0,7.0,4.0,L
40.90,1789654198.344,none,-1,,,,-1.252530602629594,2.70771652872359,-1.1099999999999999,1.0,3171.0,7.0,4.0,L
40.95,1789654198.394,cone,0,2.041,0.750,244,-1.252530602629594,2.698848050762477,-1.1099999999999999,1.0,3125.0,8.0,3.0,L
41.00,1789654198.443,cone,0,2.060,0.728,236,-1.252530602629594,2.6991095417664974,-1.1099999999999999,1.0,3114.0,7.0,3.0,L
41.05,1789654198.494,cone,0,2.041,0.750,228,-1.2541520951434852,2.7010602700233197,-1.1099999999999999,1.0,3151.0,7.0,3.0,L
41.10,1789654198.543,cone,0,2.041,0.750,228,-1.2541520951434852,2.7010602700233197,-1.1099999999999999,1.0,3151.0,7.0,3.0,L
41.15,1789654198.593,cone,0,2.050,0.750,241,-1.2541520951434852,2.7103285727811905,-1.1099999999999999,1.0,3047.0,8.0,3.0,L
41.20,1789654198.643,none,-1,,,,-1.2541520951434852,2.6923499807801528,-1.1099999999999999,1.0,3106.0,8.0,4.0,L
41.25,1789654198.693,none,-1,,,,-1.2541520951434852,2.6923499807801528,-1.1099999999999999,1.0,3106.0,8.0,4.0,L
41.30,1789654198.743,none,-1,,,,-1.2541520951434852,2.6923499807801528,-1.1099999999999999,1.0,3106.0,8.0,4.0,L
41.35,1789654198.793,none,-1,,,,-1.2541520951434852,2.6923499807801528,-1.1099999999999999,1.0,3106.0,8.0,4.0,L
41.35,1789654198.793,path,0,0.000,0.000,,-1.2541520951434852,2.6923499807801528,-1.1099999999999999,1.0,3106.0,8.0,4.0,L
41.40,1789654198.844,none,-1,,,,-1.2541520951434852,2.6923499807801528,-1.1099999999999999,1.0,3106.0,8.0,4.0,L
41.45,1789654198.893,none,-1,,,,-1.2541520951434852,2.6923499807801528,-1.1099999999999999,1.0,3106.0,8.0,4.0,L
41.50,1789654198.944,none,-1,,,,-1.2541520951434852,2.6923499807801528,-1.1099999999999999,1.0,3106.0,8.0,4.0,L
41.55,1789654198.993,none,-1,,,,-1.2541520951434852,2.6923499807801528,-1.1099999999999999,1.0,3106.0,8.0,4.0,L
41.60,1789654199.044,none,-1,,,,-1.2541520951434852,2.6923499807801528,-1.1099999999999999,1.0,3106.0,8.0,4.0,L
41.65,1789654199.093,none,-1,,,,-1.2541520951434852,2.6923499807801528,-1.1099999999999999,1.0,3106.0,8.0,4.0,L
41.70,1789654199.143,none,-1,,,,-1.2541520951434852,2.6923499807801528,-1.1099999999999999,1.0,3106.0,8.0,4.0,L
41.75,1789654199.194,none,-1,,,,-1.2541520951434852,2.6923499807801528,-1.1099999999999999,1.0,3106.0,8.0,4.0,L
41.80,1789654199.243,none,-1,,,,-1.2541520951434852,2.6923499807801528,-1.1099999999999999,1.0,3106.0,8.0,4.0,L
41.85,1789654199.293,none,-1,,,,-1.2541520951434852,2.6923499807801528,-1.1099999999999999,1.0,3106.0,8.0,4.0,L
41.90,1789654199.343,none,-1,,,,-1.2541520951434852,2.6923499807801528,-1.1099999999999999,1.0,3106.0,8.0,4.0,L
41.95,1789654199.393,none,-1,,,,-1.2541520951434852,2.6923499807801528,-1.1099999999999999,1.0,3106.0,8.0,4.0,L
42.00,1789654199.444,none,-1,,,,-1.2541520951434852,2.6923499807801528,-1.1099999999999999,1.0,3106.0,8.0,4.0,L
42.05,1789654199.494,none,-1,,,,-1.2541520951434852,2.6923499807801528,-1.1099999999999999,1.0,3106.0,8.0,4.0,L
42.10,1789654199.543,none,-1,,,,-1.2541520951434852,2.6923499807801528,-1.1099999999999999,1.0,3106.0,8.0,4.0,L
42.15,1789654199.593,none,-1,,,,-1.2541520951434852,2.6923499807801528,-1.1099999999999999,1.0,3106.0,8.0,4.0,L
42.20,1789654199.643,none,-1,,,,,,,,,,,L
42.25,1789654199.693,none,-1,,,,,,,,,,,L
42.30,1789654199.744,none,-1,,,,,,,,,,,L
42.35,1789654199.793,none,-1,,,,,,,,,,,L
42.35,1789654199.793,path,0,0.000,0.000,,,,,,,,,L
42.40,1789654199.843,none,-1,,,,,,,,,,,L
42.45,1789654199.894,none,-1,,,,,,,,,,,L
42.50,1789654199.944,none,-1,,,,,,,,,,,L
42.55,1789654199.994,none,-1,,,,,,,,,,,L
42.60,1789654200.044,none,-1,,,,,,,,,,,L
42.65,1789654200.094,none,-1,,,,,,,,,,,L
42.70,1789654200.143,none,-1,,,,,,,,,,,L
42.75,1789654200.193,none,-1,,,,,,,,,,,L
42.80,1789654200.244,none,-1,,,,,,,,,,,L
42.85,1789654200.294,none,-1,,,,,,,,,,,L
42.90,1789654200.344,none,-1,,,,,,,,,,,L
42.95,1789654200.393,none,-1,,,,,,,,,,,L
43.00,1789654200.443,none,-1,,,,,,,,,,,L
43.05,1789654200.494,none,-1,,,,,,,,,,,L
43.10,1789654200.544,none,-1,,,,,,,,,,,L
43.15,1789654200.593,none,-1,,,,,,,,,,,L
43.20,1789654200.644,none,-1,,,,,,,,,,,L
43.25,1789654200.693,none,-1,,,,,,,,,,,L
43.30,1789654200.744,none,-1,,,,,,,,,,,L
43.35,1789654200.794,none,-1,,,,,,,,,,,L
43.35,1789654200.794,path,0,0.000,0.000,,,,,,,,,L
43.40,1789654200.843,none,-1,,,,,,,,,,,L
43.45,1789654200.894,none,-1,,,,,,,,,,,L
43.50,1789654200.943,none,-1,,,,,,,,,,,L
43.55,1789654200.994,none,-1,,,,,,,,,,,L
43.60,1789654201.044,none,-1,,,,,,,,,,,L
43.65,1789654201.093,none,-1,,,,,,,,,,,L
43.70,1789654201.143,none,-1,,,,,,,,,,,L
43.75,1789654201.193,none,-1,,,,,,,,,,,L
43.80,1789654201.243,none,-1,,,,,,,,,,,L
43.85,1789654201.293,none,-1,,,,,,,,,,,L
43.90,1789654201.343,none,-1,,,,,,,,,,,L
43.95,1789654201.393,none,-1,,,,,,,,,,,L
44.00,1789654201.443,none,-1,,,,,,,,,,,L
44.05,1789654201.494,none,-1,,,,,,,,,,,L
44.10,1789654201.543,none,-1,,,,,,,,,,,L
44.15,1789654201.594,none,-1,,,,,,,,,,,L
44.20,1789654201.644,none,-1,,,,,,,,,,,L
44.25,1789654201.693,none,-1,,,,,,,,,,,L
44.30,1789654201.743,none,-1,,,,,,,,,,,L
44.35,1789654201.794,none,-1,,,,,,,,,,,L
44.35,1789654201.794,path,0,0.000,0.000,,,,,,,,,L
44.40,1789654201.843,none,-1,,,,,,,,,,,L
44.45,1789654201.893,none,-1,,,,,,,,,,,L
44.50,1789654201.943,none,-1,,,,,,,,,,,L
44.55,1789654201.993,none,-1,,,,,,,,,,,L
44.60,1789654202.044,none,-1,,,,,,,,,,,L
44.65,1789654202.093,none,-1,,,,,,,,,,,L
44.70,1789654202.143,none,-1,,,,,,,,,,,L
44.75,1789654202.194,none,-1,,,,,,,,,,,L
44.80,1789654202.243,none,-1,,,,,,,,,,,L
44.85,1789654202.294,none,-1,,,,,,,,,,,L
44.90,1789654202.343,none,-1,,,,,,,,,,,L
44.95,1789654202.394,none,-1,,,,,,,,,,,L
45.00,1789654202.443,none,-1,,,,,,,,,,,L
45.05,1789654202.493,none,-1,,,,,,,,,,,L
45.10,1789654202.544,none,-1,,,,,,,,,,,L
45.15,1789654202.593,none,-1,,,,,,,,,,,L
45.20,1789654202.643,none,-1,,,,,,,,,,,L
45.25,1789654202.693,none,-1,,,,,,,,,,,L
45.30,1789654202.743,none,-1,,,,,,,,,,,L
45.35,1789654202.793,none,-1,,,,,,,,,,,L
45.35,1789654202.793,path,0,0.000,0.000,,,,,,,,,L
45.40,1789654202.844,none,-1,,,,,,,,,,,L
45.45,1789654202.894,none,-1,,,,,,,,,,,L
45.50,1789654202.944,none,-1,,,,,,,,,,,L
45.55,1789654202.994,none,-1,,,,,,,,,,,L
45.60,1789654203.043,none,-1,,,,,,,,,,,L
45.65,1789654203.093,none,-1,,,,,,,,,,,L
45.70,1789654203.144,none,-1,,,,,,,,,,,L
45.75,1789654203.194,none,-1,,,,,,,,,,,L
45.80,1789654203.243,none,-1,,,,,,,,,,,L
45.85,1789654203.294,none,-1,,,,,,,,,,,L
45.90,1789654203.344,none,-1,,,,,,,,,,,L
45.95,1789654203.393,none,-1,,,,,,,,,,,L
46.00,1789654203.443,none,-1,,,,,,,,,,,L
46.05,1789654203.493,none,-1,,,,,,,,,,,L
46.10,1789654203.543,none,-1,,,,,,,,,,,L
46.15,1789654203.593,none,-1,,,,,,,,,,,L
46.20,1789654203.643,none,-1,,,,,,,,,,,L
46.25,1789654203.693,none,-1,,,,,,,,,,,L
46.30,1789654203.743,none,-1,,,,,,,,,,,L
46.35,1789654203.793,none,-1,,,,,,,,,,,L
46.35,1789654203.793,path,0,0.000,0.000,,,,,,,,,L
46.40,1789654203.844,none,-1,,,,,,,,,,,L
46.45,1789654203.893,none,-1,,,,,,,,,,,L
46.50,1789654203.943,none,-1,,,,,,,,,,,L
46.55,1789654203.993,none,-1,,,,,,,,,,,L
46.60,1789654204.044,none,-1,,,,,,,,,,,L
46.65,1789654204.094,none,-1,,,,,,,,,,,L
46.70,1789654204.144,none,-1,,,,,,,,,,,L
46.75,1789654204.194,none,-1,,,,,,,,,,,L
46.80,1789654204.243,none,-1,,,,,,,,,,,L
46.85,1789654204.294,none,-1,,,,,,,,,,,L
46.90,1789654204.344,none,-1,,,,,,,,,,,L
46.95,1789654204.394,none,-1,,,,,,,,,,,L
47.00,1789654204.444,none,-1,,,,,,,,,,,L
47.05,1789654204.494,none,-1,,,,,,,,,,,L
47.10,1789654204.543,none,-1,,,,,,,,,,,L
47.15,1789654204.593,none,-1,,,,,,,,,,,L
47.20,1789654204.643,none,-1,,,,,,,,,,,L
47.25,1789654204.693,none,-1,,,,,,,,,,,L
47.30,1789654204.744,none,-1,,,,,,,,,,,L
47.35,1789654204.794,none,-1,,,,,,,,,,,L
47.35,1789654204.794,path,0,0.000,0.000,,,,,,,,,L
47.40,1789654204.843,none,-1,,,,,,,,,,,L
47.45,1789654204.893,none,-1,,,,,,,,,,,L
47.50,1789654204.944,none,-1,,,,,,,,,,,L
47.55,1789654204.994,none,-1,,,,,,,,,,,L
47.60,1789654205.043,none,-1,,,,,,,,,,,L
47.65,1789654205.093,none,-1,,,,,,,,,,,L
47.70,1789654205.143,none,-1,,,,,,,,,,,L
47.75,1789654205.194,none,-1,,,,,,,,,,,L
47.80,1789654205.243,none,-1,,,,,,,,,,,L
47.85,1789654205.293,none,-1,,,,,,,,,,,L
47.90,1789654205.344,none,-1,,,,,,,,,,,L
47.95,1789654205.393,none,-1,,,,,,,,,,,L
48.00,1789654205.444,none,-1,,,,,,,,,,,L
48.05,1789654205.493,none,-1,,,,,,,,,,,L
48.10,1789654205.544,none,-1,,,,,,,,,,,L
48.15,1789654205.594,none,-1,,,,,,,,,,,L
48.20,1789654205.644,none,-1,,,,,,,,,,,L
48.25,1789654205.694,none,-1,,,,,,,,,,,L
48.30,1789654205.743,none,-1,,,,,,,,,,,L
48.35,1789654205.794,none,-1,,,,,,,,,,,L
48.35,1789654205.794,path,0,0.000,0.000,,,,,,,,,L
48.40,1789654205.843,none,-1,,,,,,,,,,,L
48.45,1789654205.893,none,-1,,,,,,,,,,,L
48.50,1789654205.943,none,-1,,,,,,,,,,,L
48.55,1789654205.993,none,-1,,,,,,,,,,,L
48.60,1789654206.044,none,-1,,,,,,,,,,,L
48.65,1789654206.093,none,-1,,,,,,,,,,,L
48.70,1789654206.144,none,-1,,,,,,,,,,,L
48.75,1789654206.194,none,-1,,,,,,,,,,,L
48.80,1789654206.244,none,-1,,,,,,,,,,,L
48.85,1789654206.293,none,-1,,,,,,,,,,,L
48.90,1789654206.343,none,-1,,,,,,,,,,,L
48.95,1789654206.394,none,-1,,,,,,,,,,,L
49.00,1789654206.443,none,-1,,,,,,,,,,,L
49.05,1789654206.493,none,-1,,,,,,,,,,,L
49.10,1789654206.543,none,-1,,,,,,,,,,,L
49.15,1789654206.593,none,-1,,,,,,,,,,,L
49.20,1789654206.643,none,-1,,,,,,,,,,,L
49.25,1789654206.693,none,-1,,,,,,,,,,,L
49.30,1789654206.743,none,-1,,,,,,,,,,,L
49.35,1789654206.794,none,-1,,,,,,,,,,,L
49.35,1789654206.794,path,0,0.000,0.000,,,,,,,,,L
49.40,1789654206.843,none,-1,,,,,,,,,,,L
49.45,1789654206.894,none,-1,,,,,,,,,,,L
49.50,1789654206.943,none,-1,,,,,,,,,,,L
49.55,1789654206.994,none,-1,,,,,,,,,,,L
49.60,1789654207.044,none,-1,,,,,,,,,,,L
49.65,1789654207.093,none,-1,,,,,,,,,,,L
49.70,1789654207.143,none,-1,,,,,,,,,,,L
49.75,1789654207.194,none,-1,,,,,,,,,,,L
49.80,1789654207.243,none,-1,,,,,,,,,,,L
49.85,1789654207.294,none,-1,,,,,,,,,,,L
49.90,1789654207.344,none,-1,,,,,,,,,,,L
49.95,1789654207.394,none,-1,,,,,,,,,,,L
50.00,1789654207.443,none,-1,,,,,,,,,,,L
50.05,1789654207.494,none,-1,,,,,,,,,,,L
50.10,1789654207.544,none,-1,,,,,,,,,,,L
50.15,1789654207.594,none,-1,,,,,,,,,,,L
50.20,1789654207.643,none,-1,,,,,,,,,,,L
50.25,1789654207.694,none,-1,,,,,,,,,,,L
50.30,1789654207.743,none,-1,,,,,,,,,,,L
50.35,1789654207.793,none,-1,,,,,,,,,,,L
50.35,1789654207.793,path,0,0.000,0.000,,,,,,,,,L
50.40,1789654207.844,none,-1,,,,,,,,,,,L
50.45,1789654207.894,none,-1,,,,,,,,,,,L
50.50,1789654207.943,none,-1,,,,,,,,,,,L
50.55,1789654207.994,none,-1,,,,,,,,,,,L
50.60,1789654208.043,none,-1,,,,,,,,,,,L
50.65,1789654208.094,none,-1,,,,,,,,,,,L
50.70,1789654208.144,none,-1,,,,,,,,,,,L
50.75,1789654208.194,none,-1,,,,,,,,,,,L
50.80,1789654208.243,none,-1,,,,,,,,,,,L
50.85,1789654208.294,none,-1,,,,,,,,,,,L
50.90,1789654208.344,none,-1,,,,,,,,,,,L
50.95,1789654208.394,none,-1,,,,,,,,,,,L
51.00,1789654208.444,none,-1,,,,,,,,,,,L
51.05,1789654208.493,none,-1,,,,,,,,,,,L
51.10,1789654208.544,none,-1,,,,,,,,,,,L
51.15,1789654208.593,none,-1,,,,,,,,,,,L
51.20,1789654208.643,none,-1,,,,,,,,,,,L
51.25,1789654208.693,none,-1,,,,,,,,,,,L
51.30,1789654208.744,none,-1,,,,,,,,,,,L
51.30,1789654208.744,path,0,0.000,0.000,,,,,,,,,L
51.35,1789654208.794,none,-1,,,,,,,,,,,L
51.40,1789654208.843,none,-1,,,,,,,,,,,L
51.45,1789654208.893,none,-1,,,,,,,,,,,L
51.50,1789654208.944,none,-1,,,,,,,,,,,L
51.55,1789654208.993,none,-1,,,,,,,,,,,L
51.60,1789654209.044,none,-1,,,,,,,,,,,L
51.65,1789654209.093,none,-1,,,,,,,,,,,L
51.70,1789654209.143,none,-1,,,,,,,,,,,L
51.75,1789654209.194,none,-1,,,,,,,,,,,L
51.80,1789654209.244,none,-1,,,,,,,,,,,L
51.85,1789654209.294,none,-1,,,,,,,,,,,L
51.90,1789654209.343,none,-1,,,,,,,,,,,L
51.95,1789654209.393,none,-1,,,,,,,,,,,L
52.00,1789654209.444,none,-1,,,,,,,,,,,L
52.05,1789654209.493,none,-1,,,,,,,,,,,L
52.10,1789654209.544,none,-1,,,,,,,,,,,L
52.15,1789654209.593,none,-1,,,,,,,,,,,L
52.20,1789654209.644,none,-1,,,,,,,,,,,L
52.25,1789654209.693,none,-1,,,,,,,,,,,L
52.30,1789654209.743,none,-1,,,,,,,,,,,L
52.35,1789654209.793,none,-1,,,,,,,,,,,L
52.35,1789654209.793,path,0,0.000,0.000,,,,,,,,,L
52.40,1789654209.843,none,-1,,,,,,,,,,,L
52.45,1789654209.893,none,-1,,,,,,,,,,,L
52.50,1789654209.944,none,-1,,,,,,,,,,,L
52.55,1789654209.994,none,-1,,,,,,,,,,,L
52.60,1789654210.043,none,-1,,,,,,,,,,,L
52.65,1789654210.093,none,-1,,,,,,,,,,,L
52.70,1789654210.144,none,-1,,,,,,,,,,,L
52.75,1789654210.193,none,-1,,,,,,,,,,,L
52.80,1789654210.244,none,-1,,,,,,,,,,,L
52.85,1789654210.294,none,-1,,,,,,,,,,,L
52.90,1789654210.343,none,-1,,,,,,,,,,,L
52.95,1789654210.393,none,-1,,,,,,,,,,,L
53.00,1789654210.443,none,-1,,,,,,,,,,,L
53.05,1789654210.493,none,-1,,,,,,,,,,,L
53.10,1789654210.544,none,-1,,,,,,,,,,,L
53.15,1789654210.593,none,-1,,,,,,,,,,,L
53.20,1789654210.644,none,-1,,,,,,,,,,,L
53.25,1789654210.694,none,-1,,,,,,,,,,,L
53.30,1789654210.744,none,-1,,,,,,,,,,,L
53.35,1789654210.794,none,-1,,,,,,,,,,,L
53.35,1789654210.794,path,0,0.000,0.000,,,,,,,,,L
53.40,1789654210.844,none,-1,,,,,,,,,,,L
53.45,1789654210.894,none,-1,,,,,,,,,,,L
53.50,1789654210.943,none,-1,,,,,,,,,,,L
53.55,1789654210.993,none,-1,,,,,,,,,,,L
53.60,1789654211.044,none,-1,,,,,,,,,,,L
53.65,1789654211.093,none,-1,,,,,,,,,,,L
53.70,1789654211.144,none,-1,,,,,,,,,,,L
53.75,1789654211.193,none,-1,,,,,,,,,,,L
53.80,1789654211.243,none,-1,,,,,,,,,,,L
53.85,1789654211.294,none,-1,,,,,,,,,,,L
53.90,1789654211.343,none,-1,,,,,,,,,,,L
53.95,1789654211.393,none,-1,,,,,,,,,,,L
54.00,1789654211.444,none,-1,,,,,,,,,,,L
54.05,1789654211.494,none,-1,,,,,,,,,,,L
54.10,1789654211.543,none,-1,,,,,,,,,,,L
54.15,1789654211.593,none,-1,,,,,,,,,,,L
54.20,1789654211.644,none,-1,,,,,,,,,,,L
54.25,1789654211.693,none,-1,,,,,,,,,,,L
54.30,1789654211.744,none,-1,,,,,,,,,,,L
54.30,1789654211.744,path,0,0.000,0.000,,,,,,,,,L
54.35,1789654211.793,none,-1,,,,,,,,,,,L
54.40,1789654211.843,none,-1,,,,,,,,,,,L
54.45,1789654211.893,none,-1,,,,,,,,,,,L
54.50,1789654211.944,none,-1,,,,,,,,,,,L
54.55,1789654211.994,none,-1,,,,,,,,,,,L
54.60,1789654212.043,none,-1,,,,,,,,,,,L
54.65,1789654212.094,none,-1,,,,,,,,,,,L
54.70,1789654212.143,none,-1,,,,,,,,,,,L
54.75,1789654212.194,none,-1,,,,,,,,,,,L
54.80,1789654212.243,none,-1,,,,,,,,,,,L
54.85,1789654212.293,none,-1,,,,,,,,,,,L
54.90,1789654212.343,none,-1,,,,,,,,,,,L
54.95,1789654212.393,none,-1,,,,,,,,,,,L
55.00,1789654212.444,none,-1,,,,,,,,,,,L
55.05,1789654212.494,none,-1,,,,,,,,,,,L
55.10,1789654212.544,none,-1,,,,,,,,,,,L
55.15,1789654212.594,none,-1,,,,,,,,,,,L
55.20,1789654212.644,none,-1,,,,,,,,,,,L
55.25,1789654212.693,none,-1,,,,,,,,,,,L
55.30,1789654212.743,none,-1,,,,,,,,,,,L
55.35,1789654212.793,none,-1,,,,,,,,,,,L
55.35,1789654212.793,path,0,0.000,0.000,,,,,,,,,L
55.40,1789654212.844,none,-1,,,,,,,,,,,L
55.45,1789654212.894,none,-1,,,,,,,,,,,L
55.50,1789654212.944,none,-1,,,,,,,,,,,L
55.55,1789654212.994,none,-1,,,,,,,,,,,L
55.60,1789654213.043,none,-1,,,,,,,,,,,L
55.65,1789654213.093,none,-1,,,,,,,,,,,L
55.70,1789654213.143,none,-1,,,,,,,,,,,L
55.75,1789654213.193,none,-1,,,,,,,,,,,L
55.80,1789654213.244,none,-1,,,,,,,,,,,L
55.85,1789654213.293,none,-1,,,,,,,,,,,L
55.90,1789654213.343,none,-1,,,,,,,,,,,L
55.95,1789654213.394,none,-1,,,,,,,,,,,L
56.00,1789654213.444,none,-1,,,,,,,,,,,L
56.05,1789654213.494,none,-1,,,,,,,,,,,L
56.10,1789654213.543,none,-1,,,,,,,,,,,L
56.15,1789654213.593,none,-1,,,,,,,,,,,L
56.20,1789654213.644,none,-1,,,,,,,,,,,L
56.25,1789654213.693,none,-1,,,,,,,,,,,L
56.30,1789654213.743,none,-1,,,,,,,,,,,L
56.35,1789654213.794,none,-1,,,,,,,,,,,L
56.35,1789654213.794,path,0,0.000,0.000,,,,,,,,,L
56.40,1789654213.844,none,-1,,,,,,,,,,,L
56.45,1789654213.894,none,-1,,,,,,,,,,,L
56.50,1789654213.944,none,-1,,,,,,,,,,,L
56.55,1789654213.994,none,-1,,,,,,,,,,,L
56.60,1789654214.043,none,-1,,,,,,,,,,,L
56.65,1789654214.093,none,-1,,,,,,,,,,,L
56.70,1789654214.143,none,-1,,,,,,,,,,,L
56.75,1789654214.193,none,-1,,,,,,,,,,,L
56.80,1789654214.243,none,-1,,,,,,,,,,,L
56.85,1789654214.294,none,-1,,,,,,,,,,,L
56.90,1789654214.344,none,-1,,,,,,,,,,,L
56.95,1789654214.394,none,-1,,,,,,,,,,,L
57.00,1789654214.443,none,-1,,,,,,,,,,,L
57.05,1789654214.493,none,-1,,,,,,,,,,,L
57.10,1789654214.544,none,-1,,,,,,,,,,,L
57.15,1789654214.594,none,-1,,,,,,,,,,,L
57.20,1789654214.644,none,-1,,,,,,,,,,,L
57.25,1789654214.693,none,-1,,,,,,,,,,,L
57.30,1789654214.744,none,-1,,,,,,,,,,,L
57.30,1789654214.744,path,0,0.000,0.000,,,,,,,,,L
57.35,1789654214.793,none,-1,,,,,,,,,,,L
57.40,1789654214.844,none,-1,,,,,,,,,,,L
57.45,1789654214.893,none,-1,,,,,,,,,,,L
57.50,1789654214.943,none,-1,,,,,,,,,,,L
57.55,1789654214.993,none,-1,,,,,,,,,,,L
57.60,1789654215.044,none,-1,,,,,,,,,,,L
57.65,1789654215.093,none,-1,,,,,,,,,,,L
57.70,1789654215.143,none,-1,,,,,,,,,,,L
57.75,1789654215.194,none,-1,,,,,,,,,,,L
57.80,1789654215.243,none,-1,,,,,,,,,,,L
57.85,1789654215.293,none,-1,,,,,,,,,,,L
57.90,1789654215.343,none,-1,,,,,,,,,,,L
57.95,1789654215.394,none,-1,,,,,,,,,,,L
58.00,1789654215.443,none,-1,,,,,,,,,,,L
58.05,1789654215.494,none,-1,,,,,,,,,,,L
58.10,1789654215.544,none,-1,,,,,,,,,,,L
58.15,1789654215.594,none,-1,,,,,,,,,,,L
58.20,1789654215.644,none,-1,,,,,,,,,,,L
58.25,1789654215.693,none,-1,,,,,,,,,,,L
58.30,1789654215.743,none,-1,,,,,,,,,,,L
58.30,1789654215.743,path,0,0.000,0.000,,,,,,,,,L
58.35,1789654215.794,none,-1,,,,,,,,,,,L
58.40,1789654215.844,none,-1,,,,,,,,,,,L
58.45,1789654215.894,none,-1,,,,,,,,,,,L
58.50,1789654215.943,none,-1,,,,,,,,,,,L
58.55,1789654215.994,none,-1,,,,,,,,,,,L
58.60,1789654216.043,none,-1,,,,,,,,,,,L
58.65,1789654216.094,none,-1,,,,,,,,,,,L
58.70,1789654216.143,none,-1,,,,,,,,,,,L
58.75,1789654216.193,none,-1,,,,,,,,,,,L
58.80,1789654216.243,none,-1,,,,,,,,,,,L
58.85,1789654216.294,none,-1,,,,,,,,,,,L
58.90,1789654216.344,none,-1,,,,,,,,,,,L
58.95,1789654216.394,none,-1,,,,,,,,,,,L
59.00,1789654216.443,none,-1,,,,,,,,,,,L
59.05,1789654216.493,none,-1,,,,,,,,,,,L
59.10,1789654216.543,none,-1,,,,,,,,,,,L
59.15,1789654216.594,none,-1,,,,,,,,,,,L
59.20,1789654216.644,none,-1,,,,,,,,,,,L
59.25,1789654216.694,none,-1,,,,,,,,,,,L
59.30,1789654216.743,none,-1,,,,,,,,,,,L
59.35,1789654216.793,none,-1,,,,,,,,,,,L
59.35,1789654216.793,path,0,0.000,0.000,,,,,,,,,L
59.40,1789654216.844,none,-1,,,,,,,,,,,L
59.45,1789654216.893,none,-1,,,,,,,,,,,L
59.50,1789654216.943,none,-1,,,,,,,,,,,L
59.55,1789654216.993,none,-1,,,,,,,,,,,L
59.60,1789654217.043,none,-1,,,,,,,,,,,L
59.65,1789654217.094,none,-1,,,,,,,,,,,L
59.70,1789654217.143,none,-1,,,,,,,,,,,L
59.75,1789654217.194,none,-1,,,,,,,,,,,L
59.80,1789654217.244,none,-1,,,,,,,,,,,L
59.85,1789654217.293,none,-1,,,,,,,,,,,L
59.90,1789654217.344,none,-1,,,,,,,,,,,L
59.95,1789654217.393,none,-1,,,,,,,,,,,L
60.00,1789654217.443,none,-1,,,,,,,,,,,L
60.05,1789654217.493,none,-1,,,,,,,,,,,L
60.10,1789654217.543,none,-1,,,,,,,,,,,L
60.15,1789654217.593,none,-1,,,,,,,,,,,L
60.20,1789654217.643,none,-1,,,,,,,,,,,L
60.25,1789654217.693,none,-1,,,,,,,,,,,L
60.30,1789654217.743,none,-1,,,,,,,,,,,L
60.35,1789654217.793,none,-1,,,,,,,,,,,L
60.35,1789654217.793,path,0,0.000,0.000,,,,,,,,,L
60.40,1789654217.843,none,-1,,,,,,,,,,,L
60.45,1789654217.894,none,-1,,,,,,,,,,,L
60.50,1789654217.944,none,-1,,,,,,,,,,,L
60.55,1789654217.994,none,-1,,,,,,,,,,,L
60.60,1789654218.043,none,-1,,,,,,,,,,,L
60.65,1789654218.093,none,-1,,,,,,,,,,,L
60.70,1789654218.144,none,-1,,,,,,,,,,,L
60.75,1789654218.194,none,-1,,,,,,,,,,,L
60.80,1789654218.243,none,-1,,,,,,,,,,,L
60.85,1789654218.293,none,-1,,,,,,,,,,,L
60.90,1789654218.344,none,-1,,,,,,,,,,,L
60.95,1789654218.393,none,-1,,,,,,,,,,,L
61.00,1789654218.443,none,-1,,,,,,,,,,,L
61.05,1789654218.494,none,-1,,,,,,,,,,,L
61.10,1789654218.543,none,-1,,,,,,,,,,,L
61.15,1789654218.594,none,-1,,,,,,,,,,,L
61.20,1789654218.643,none,-1,,,,,,,,,,,L
61.25,1789654218.693,none,-1,,,,,,,,,,,L
61.30,1789654218.744,none,-1,,,,,,,,,,,L
61.35,1789654218.793,none,-1,,,,,,,,,,,L
61.35,1789654218.793,path,0,0.000,0.000,,,,,,,,,L
61.40,1789654218.843,none,-1,,,,,,,,,,,L
61.45,1789654218.894,none,-1,,,,,,,,,,,L
61.50,1789654218.944,none,-1,,,,,,,,,,,L
61.55,1789654218.993,none,-1,,,,,,,,,,,L
61.60,1789654219.044,none,-1,,,,,,,,,,,L
61.65,1789654219.094,none,-1,,,,,,,,,,,L
61.70,1789654219.144,none,-1,,,,,,,,,,,L
61.75,1789654219.194,none,-1,,,,,,,,,,,L
61.80,1789654219.243,none,-1,,,,,,,,,,,L
61.85,1789654219.294,none,-1,,,,,,,,,,,L
61.90,1789654219.343,none,-1,,,,,,,,,,,L
61.95,1789654219.394,none,-1,,,,,,,,,,,L
62.00,1789654219.443,none,-1,,,,,,,,,,,L
62.05,1789654219.494,none,-1,,,,,,,,,,,L
62.10,1789654219.544,none,-1,,,,,,,,,,,L
62.15,1789654219.594,none,-1,,,,,,,,,,,L
62.20,1789654219.644,none,-1,,,,,,,,,,,L
62.25,1789654219.693,none,-1,,,,,,,,,,,L
62.30,1789654219.743,none,-1,,,,,,,,,,,L
62.35,1789654219.793,none,-1,,,,,,,,,,,L
62.35,1789654219.793,path,0,0.000,0.000,,,,,,,,,L
62.40,1789654219.844,none,-1,,,,,,,,,,,L
62.45,1789654219.893,none,-1,,,,,,,,,,,L
62.50,1789654219.943,none,-1,,,,,,,,,,,L
62.55,1789654219.994,none,-1,,,,,,,,,,,L
62.60,1789654220.044,none,-1,,,,,,,,,,,L
62.65,1789654220.094,none,-1,,,,,,,,,,,L
62.70,1789654220.144,none,-1,,,,,,,,,,,L
62.75,1789654220.194,none,-1,,,,,,,,,,,L
62.80,1789654220.244,none,-1,,,,,,,,,,,L
62.85,1789654220.294,none,-1,,,,,,,,,,,L
62.90,1789654220.343,none,-1,,,,,,,,,,,L
62.95,1789654220.394,none,-1,,,,,,,,,,,L
63.00,1789654220.444,none,-1,,,,,,,,,,,L
63.05,1789654220.493,none,-1,,,,,,,,,,,L
63.10,1789654220.544,none,-1,,,,,,,,,,,L
63.15,1789654220.593,none,-1,,,,,,,,,,,L
63.20,1789654220.643,none,-1,,,,,,,,,,,L
63.25,1789654220.693,none,-1,,,,,,,,,,,L
63.30,1789654220.743,none,-1,,,,,,,,,,,L
63.35,1789654220.793,none,-1,,,,,,,,,,,L
63.35,1789654220.793,path,0,0.000,0.000,,,,,,,,,L
63.40,1789654220.843,none,-1,,,,,,,,,,,L
63.45,1789654220.893,none,-1,,,,,,,,,,,L
63.50,1789654220.943,none,-1,,,,,,,,,,,L
63.55,1789654220.994,none,-1,,,,,,,,,,,L
63.60,1789654221.044,none,-1,,,,,,,,,,,L
63.65,1789654221.094,none,-1,,,,,,,,,,,L
63.70,1789654221.144,none,-1,,,,,,,,,,,L
63.75,1789654221.194,none,-1,,,,,,,,,,,L
63.80,1789654221.243,none,-1,,,,,,,,,,,L
63.85,1789654221.294,none,-1,,,,,,,,,,,L
63.90,1789654221.343,none,-1,,,,,,,,,,,L
63.95,1789654221.393,none,-1,,,,,,,,,,,L
64.00,1789654221.443,none,-1,,,,,,,,,,,L
64.05,1789654221.494,none,-1,,,,,,,,,,,L
64.10,1789654221.544,none,-1,,,,,,,,,,,L
64.15,1789654221.594,none,-1,,,,,,,,,,,L
64.20,1789654221.643,none,-1,,,,,,,,,,,L
64.25,1789654221.694,none,-1,,,,,,,,,,,L
64.30,1789654221.743,none,-1,,,,,,,,,,,L
64.35,1789654221.793,none,-1,,,,,,,,,,,L
64.35,1789654221.793,path,0,0.000,0.000,,,,,,,,,L
64.40,1789654221.843,none,-1,,,,,,,,,,,L
64.45,1789654221.894,none,-1,,,,,,,,,,,L
64.50,1789654221.944,none,-1,,,,,,,,,,,L
64.55,1789654221.993,none,-1,,,,,,,,,,,L
64.60,1789654222.044,none,-1,,,,,,,,,,,L
64.65,1789654222.094,none,-1,,,,,,,,,,,L
64.70,1789654222.144,none,-1,,,,,,,,,,,L
64.75,1789654222.193,none,-1,,,,,,,,,,,L
64.80,1789654222.244,none,-1,,,,,,,,,,,L
64.85,1789654222.294,none,-1,,,,,,,,,,,L
64.90,1789654222.343,none,-1,,,,,,,,,,,L
64.96,1789654222.395,none,-1,,,,,,,,,,,L
65.00,1789654222.444,none,-1,,,,,,,,,,,L
65.05,1789654222.494,none,-1,,,,,,,,,,,L
65.10,1789654222.544,none,-1,,,,,,,,,,,L
65.15,1789654222.594,none,-1,,,,,,,,,,,L
65.20,1789654222.643,none,-1,,,,,,,,,,,L
65.25,1789654222.694,none,-1,,,,,,,,,,,L
65.30,1789654222.743,none,-1,,,,,,,,,,,L
65.35,1789654222.793,none,-1,,,,,,,,,,,L
65.35,1789654222.793,path,0,0.000,0.000,,,,,,,,,L
65.35,1789654222.793,path,1,0.167,-0.001,,,,,,,,,L
65.35,1789654222.793,path,2,0.366,-0.006,,,,,,,,,L
65.35,1789654222.793,path,3,0.610,-0.029,,,,,,,,,L
65.35,1789654222.793,path,4,0.883,-0.076,,,,,,,,,L
65.35,1789654222.793,path,5,1.163,-0.140,,,,,,,,,L
65.35,1789654222.793,path,6,1.449,-0.211,,,,,,,,,L
65.35,1789654222.793,path,7,1.706,-0.270,,,,,,,,,L
65.35,1789654222.793,path,8,1.987,-0.316,,,,,,,,,L
65.35,1789654222.793,path,9,2.285,-0.336,,,,,,,,,L
65.35,1789654222.793,path,10,2.566,-0.336,,,,,,,,,L
65.35,1789654222.793,path,11,2.858,-0.313,,,,,,,,,L
65.35,1789654222.793,path,12,3.152,-0.261,,,,,,,,,L
65.35,1789654222.793,path,13,3.423,-0.186,,,,,,,,,L
65.35,1789654222.793,path,14,3.661,-0.106,,,,,,,,,L
65.35,1789654222.793,path,15,3.885,-0.024,,,,,,,,,L
65.35,1789654222.793,path,16,4.073,0.056,,,,,,,,,L
65.35,1789654222.793,path,17,4.248,0.144,,,,,,,,,L
65.35,1789654222.793,path,18,4.433,0.248,,,,,,,,,L
65.35,1789654222.793,path,19,4.634,0.373,,,,,,,,,L
65.35,1789654222.793,path,20,4.831,0.510,,,,,,,,,L
65.40,1789654222.843,none,-1,,,,,,,,,,,L
65.45,1789654222.894,none,-1,,,,,,,,,,,L
65.50,1789654222.943,none,-1,,,,,,,,,,,L
65.55,1789654222.993,none,-1,,,,,,,,,,,L
65.60,1789654223.044,none,-1,,,,,,,,,,,L
65.65,1789654223.094,none,-1,,,,,,,,,,,L
65.70,1789654223.143,none,-1,,,,,,,,,,,L
65.75,1789654223.193,none,-1,,,,,,,,,,,L
65.80,1789654223.243,none,-1,,,,,,,,,,,L
65.85,1789654223.293,none,-1,,,,,,,,,,,L
65.90,1789654223.343,none,-1,,,,,,,,,,,L
65.95,1789654223.393,none,-1,,,,,,,,,,,L
66.00,1789654223.443,none,-1,,,,,,,,,,,L
66.05,1789654223.493,none,-1,,,,,,,,,,,L
66.10,1789654223.544,none,-1,,,,,,,,,,,L
66.15,1789654223.594,none,-1,,,,,,,,,,,L
66.20,1789654223.643,none,-1,,,,,,,,,,,L
66.25,1789654223.693,none,-1,,,,,,,,,,,L
66.30,1789654223.744,none,-1,,,,,,,,,,,L
66.30,1789654223.744,path,0,0.000,0.000,,,,,,,,,L
66.35,1789654223.793,none,-1,,,,,,,,,,,L
66.40,1789654223.843,none,-1,,,,,,,,,,,L
66.45,1789654223.894,none,-1,,,,,,,,,,,L
66.50,1789654223.944,none,-1,,,,,,,,,,,L
66.55,1789654223.993,none,-1,,,,,,,,,,,L
66.60,1789654224.043,none,-1,,,,,,,,,,,L
66.65,1789654224.094,none,-1,,,,,,,,,,,L
66.70,1789654224.143,none,-1,,,,,,,,,,,L
66.75,1789654224.193,none,-1,,,,,,,,,,,L
66.80,1789654224.243,none,-1,,,,,,,,,,,L
66.85,1789654224.294,none,-1,,,,,,,,,,,L
66.90,1789654224.344,none,-1,,,,,,,,,,,L
66.95,1789654224.394,none,-1,,,,,,,,,,,L
67.00,1789654224.443,none,-1,,,,,,,,,,,L
67.05,1789654224.494,none,-1,,,,,,,,,,,L
67.10,1789654224.543,none,-1,,,,,,,,,,,L
67.15,1789654224.593,none,-1,,,,,,,,,,,L
67.20,1789654224.644,none,-1,,,,,,,,,,,L
67.25,1789654224.693,none,-1,,,,,,,,,,,L
67.30,1789654224.744,none,-1,,,,,,,,,,,L
67.30,1789654224.744,path,0,0.000,0.000,,,,,,,,,L
67.35,1789654224.793,none,-1,,,,,,,,,,,L
67.40,1789654224.844,none,-1,,,,,,,,,,,L
67.45,1789654224.894,none,-1,,,,,,,,,,,L
67.50,1789654224.943,none,-1,,,,,,,,,,,L
67.55,1789654224.993,none,-1,,,,,,,,,,,L
67.60,1789654225.043,none,-1,,,,,,,,,,,L
67.65,1789654225.093,none,-1,,,,,,,,,,,L
67.70,1789654225.144,none,-1,,,,,,,,,,,L
67.75,1789654225.194,none,-1,,,,,,,,,,,L
67.80,1789654225.244,none,-1,,,,,,,,,,,L
67.85,1789654225.293,none,-1,,,,,,,,,,,L
67.90,1789654225.344,none,-1,,,,,,,,,,,L
67.95,1789654225.394,none,-1,,,,,,,,,,,L
68.00,1789654225.443,none,-1,,,,,,,,,,,L
68.05,1789654225.493,none,-1,,,,,,,,,,,L
68.10,1789654225.544,none,-1,,,,,,,,,,,L
68.15,1789654225.593,none,-1,,,,,,,,,,,L
68.20,1789654225.644,none,-1,,,,,,,,,,,L
68.25,1789654225.694,none,-1,,,,,,,,,,,L
68.30,1789654225.744,none,-1,,,,,,,,,,,L
68.30,1789654225.744,path,0,0.000,0.000,,,,,,,,,L
68.35,1789654225.793,none,-1,,,,,,,,,,,L
68.40,1789654225.844,none,-1,,,,,,,,,,,L
68.45,1789654225.894,none,-1,,,,,,,,,,,L
68.50,1789654225.944,none,-1,,,,,,,,,,,L
68.55,1789654225.993,none,-1,,,,,,,,,,,L
68.60,1789654226.043,none,-1,,,,,,,,,,,L
68.65,1789654226.094,none,-1,,,,,,,,,,,L
68.70,1789654226.144,none,-1,,,,,,,,,,,L
68.75,1789654226.194,none,-1,,,,,,,,,,,L
68.80,1789654226.244,none,-1,,,,,,,,,,,L
68.85,1789654226.293,none,-1,,,,,,,,,,,L
68.90,1789654226.344,none,-1,,,,,,,,,,,L
68.95,1789654226.393,none,-1,,,,,,,,,,,L
69.00,1789654226.444,none,-1,,,,,,,,,,,L
69.05,1789654226.494,none,-1,,,,,,,,,,,L
69.10,1789654226.543,none,-1,,,,,,,,,,,L
69.15,1789654226.594,none,-1,,,,,,,,,,,L
69.20,1789654226.643,none,-1,,,,,,,,,,,L
69.25,1789654226.693,none,-1,,,,,,,,,,,L
69.30,1789654226.744,none,-1,,,,,,,,,,,L
69.30,1789654226.744,path,0,0.000,0.000,,,,,,,,,L
69.35,1789654226.793,none,-1,,,,,,,,,,,L
69.40,1789654226.843,none,-1,,,,,,,,,,,L
69.45,1789654226.894,none,-1,,,,,,,,,,,L
69.50,1789654226.944,none,-1,,,,,,,,,,,L
69.55,1789654226.993,none,-1,,,,,,,,,,,L
69.60,1789654227.043,none,-1,,,,,,,,,,,L
69.65,1789654227.094,none,-1,,,,,,,,,,,L
69.70,1789654227.143,none,-1,,,,,,,,,,,L
69.75,1789654227.193,none,-1,,,,,,,,,,,L
69.80,1789654227.243,none,-1,,,,,,,,,,,L
69.85,1789654227.293,none,-1,,,,,,,,,,,L
69.90,1789654227.343,none,-1,,,,,,,,,,,L
69.95,1789654227.394,none,-1,,,,,,,,,,,L
70.00,1789654227.444,none,-1,,,,,,,,,,,L
70.05,1789654227.494,none,-1,,,,,,,,,,,L
70.10,1789654227.543,none,-1,,,,,,,,,,,L
70.15,1789654227.593,none,-1,,,,,,,,,,,L
70.20,1789654227.643,none,-1,,,,,,,,,,,L
70.25,1789654227.693,none,-1,,,,,,,,,,,L
70.30,1789654227.743,none,-1,,,,,,,,,,,L
70.35,1789654227.793,none,-1,,,,,,,,,,,L
70.35,1789654227.793,path,0,0.000,0.000,,,,,,,,,L
70.40,1789654227.844,none,-1,,,,,,,,,,,L
70.45,1789654227.893,none,-1,,,,,,,,,,,L
70.50,1789654227.943,none,-1,,,,,,,,,,,L
70.55,1789654227.994,none,-1,,,,,,,,,,,L
70.60,1789654228.043,none,-1,,,,,,,,,,,L
70.65,1789654228.093,none,-1,,,,,,,,,,,L
70.70,1789654228.144,none,-1,,,,,,,,,,,L
70.75,1789654228.194,none,-1,,,,,,,,,,,L
70.80,1789654228.244,none,-1,,,,,,,,,,,L
70.85,1789654228.293,none,-1,,,,,,,,,,,L
70.90,1789654228.344,none,-1,,,,,,,,,,,L
70.95,1789654228.394,none,-1,,,,,,,,,,,L
71.00,1789654228.443,none,-1,,,,,,,,,,,L
71.05,1789654228.493,none,-1,,,,,,,,,,,L
71.10,1789654228.543,none,-1,,,,,,,,,,,L
71.15,1789654228.593,none,-1,,,,,,,,,,,L
71.20,1789654228.644,none,-1,,,,,,,,,,,L
71.25,1789654228.694,none,-1,,,,,,,,,,,L
71.30,1789654228.744,none,-1,,,,,,,,,,,L
71.30,1789654228.744,path,0,0.000,0.000,,,,,,,,,L
71.35,1789654228.794,none,-1,,,,,,,,,,,L
71.40,1789654228.844,none,-1,,,,,,,,,,,L
71.45,1789654228.894,none,-1,,,,,,,,,,,L
71.50,1789654228.943,none,-1,,,,,,,,,,,L
71.55,1789654228.994,none,-1,,,,,,,,,,,L
71.60,1789654229.043,none,-1,,,,,,,,,,,L
71.65,1789654229.093,none,-1,,,,,,,,,,,L
71.70,1789654229.143,none,-1,,,,,,,,,,,L
71.75,1789654229.193,none,-1,,,,,,,,,,,L
71.80,1789654229.244,none,-1,,,,,,,,,,,L
71.85,1789654229.293,none,-1,,,,,,,,,,,L
71.90,1789654229.343,none,-1,,,,,,,,,,,L
71.95,1789654229.394,none,-1,,,,,,,,,,,L
72.00,1789654229.444,none,-1,,,,,,,,,,,L
72.05,1789654229.493,none,-1,,,,,,,,,,,L
72.10,1789654229.543,none,-1,,,,,,,,,,,L
72.15,1789654229.594,none,-1,,,,,,,,,,,L
72.20,1789654229.643,none,-1,,,,,,,,,,,L
72.25,1789654229.693,none,-1,,,,,,,,,,,L
72.30,1789654229.744,none,-1,,,,,,,,,,,L
72.30,1789654229.744,path,0,0.000,0.000,,,,,,,,,L
72.35,1789654229.793,none,-1,,,,,,,,,,,L
72.40,1789654229.843,none,-1,,,,,,,,,,,L
72.45,1789654229.893,none,-1,,,,,,,,,,,L
72.50,1789654229.943,none,-1,,,,,,,,,,,L
72.55,1789654229.993,none,-1,,,,,,,,,,,L
72.60,1789654230.044,none,-1,,,,,,,,,,,L
72.65,1789654230.093,none,-1,,,,,,,,,,,L
72.70,1789654230.143,none,-1,,,,,,,,,,,L
72.75,1789654230.193,none,-1,,,,,,,,,,,L
72.80,1789654230.244,none,-1,,,,,,,,,,,L
72.85,1789654230.293,none,-1,,,,,,,,,,,L
72.90,1789654230.343,none,-1,,,,,,,,,,,L
72.95,1789654230.394,none,-1,,,,,,,,,,,L
73.00,1789654230.444,none,-1,,,,,,,,,,,L
73.05,1789654230.494,none,-1,,,,,,,,,,,L
73.10,1789654230.544,none,-1,,,,,,,,,,,L
73.15,1789654230.593,none,-1,,,,,,,,,,,L
73.20,1789654230.643,none,-1,,,,,,,,,,,L
73.25,1789654230.694,none,-1,,,,,,,,,,,L
73.30,1789654230.743,none,-1,,,,,,,,,,,L
73.35,1789654230.793,none,-1,,,,,,,,,,,L
73.35,1789654230.793,path,0,0.000,0.000,,,,,,,,,L
73.40,1789654230.844,none,-1,,,,,,,,,,,L
73.45,1789654230.893,none,-1,,,,,,,,,,,L
73.50,1789654230.943,none,-1,,,,,,,,,,,L
73.55,1789654230.993,none,-1,,,,,,,,,,,L
73.60,1789654231.044,none,-1,,,,,,,,,,,L
73.65,1789654231.093,none,-1,,,,,,,,,,,L
73.70,1789654231.143,none,-1,,,,,,,,,,,L
73.75,1789654231.193,none,-1,,,,,,,,,,,L
73.80,1789654231.244,none,-1,,,,,,,,,,,L
73.85,1789654231.293,none,-1,,,,,,,,,,,L
73.90,1789654231.343,none,-1,,,,,,,,,,,L
73.95,1789654231.394,none,-1,,,,,,,,,,,L
74.00,1789654231.443,none,-1,,,,,,,,,,,L
74.05,1789654231.493,none,-1,,,,,,,,,,,L
74.10,1789654231.543,none,-1,,,,,,,,,,,L
74.15,1789654231.594,none,-1,,,,,,,,,,,L
74.20,1789654231.644,none,-1,,,,,,,,,,,L
74.25,1789654231.693,none,-1,,,,,,,,,,,L
74.30,1789654231.744,none,-1,,,,,,,,,,,L
74.30,1789654231.744,path,0,0.000,0.000,,,,,,,,,L
74.35,1789654231.793,none,-1,,,,,,,,,,,L
74.40,1789654231.844,none,-1,,,,,,,,,,,L
74.45,1789654231.894,none,-1,,,,,,,,,,,L
74.50,1789654231.944,none,-1,,,,,,,,,,,L
74.55,1789654231.993,none,-1,,,,,,,,,,,L
74.60,1789654232.043,none,-1,,,,,,,,,,,L
74.65,1789654232.093,none,-1,,,,,,,,,,,L
74.70,1789654232.144,none,-1,,,,,,,,,,,L
74.75,1789654232.193,none,-1,,,,,,,,,,,L
74.80,1789654232.243,none,-1,,,,,,,,,,,L
74.85,1789654232.293,none,-1,,,,,,,,,,,L
74.90,1789654232.343,none,-1,,,,,,,,,,,L
74.95,1789654232.394,none,-1,,,,,,,,,,,L
75.00,1789654232.444,none,-1,,,,,,,,,,,L
75.05,1789654232.494,none,-1,,,,,,,,,,,L
75.10,1789654232.544,none,-1,,,,,,,,,,,L
75.15,1789654232.594,none,-1,,,,,,,,,,,L
75.20,1789654232.644,none,-1,,,,,,,,,,,L
75.25,1789654232.693,none,-1,,,,,,,,,,,L
75.30,1789654232.744,none,-1,,,,,,,,,,,L
75.35,1789654232.793,none,-1,,,,,,,,,,,L
75.35,1789654232.793,path,0,0.000,0.000,,,,,,,,,L
75.40,1789654232.844,none,-1,,,,,,,,,,,L
75.45,1789654232.894,none,-1,,,,,,,,,,,L
75.50,1789654232.943,none,-1,,,,,,,,,,,L
75.55,1789654232.993,none,-1,,,,,,,,,,,L
75.60,1789654233.044,none,-1,,,,,,,,,,,L
75.65,1789654233.094,none,-1,,,,,,,,,,,L
75.70,1789654233.143,none,-1,,,,,,,,,,,L
75.75,1789654233.193,none,-1,,,,,,,,,,,L
75.80,1789654233.244,none,-1,,,,,,,,,,,L
75.85,1789654233.294,none,-1,,,,,,,,,,,L
75.90,1789654233.344,none,-1,,,,,,,,,,,L
75.95,1789654233.394,none,-1,,,,,,,,,,,L
76.00,1789654233.443,none,-1,,,,,,,,,,,L
76.05,1789654233.493,none,-1,,,,,,,,,,,L
76.10,1789654233.543,none,-1,,,,,,,,,,,L
76.15,1789654233.593,none,-1,,,,,,,,,,,L
76.20,1789654233.644,none,-1,,,,,,,,,,,L
76.25,1789654233.694,none,-1,,,,,,,,,,,L
76.30,1789654233.743,none,-1,,,,,,,,,,,L
76.35,1789654233.793,none,-1,,,,,,,,,,,L
76.35,1789654233.793,path,0,0.000,0.000,,,,,,,,,L
76.40,1789654233.843,none,-1,,,,,,,,,,,L
76.45,1789654233.893,none,-1,,,,,,,,,,,L
76.50,1789654233.944,none,-1,,,,,,,,,,,L
76.55,1789654233.993,none,-1,,,,,,,,,,,L
76.60,1789654234.043,none,-1,,,,,,,,,,,L
76.65,1789654234.093,none,-1,,,,,,,,,,,L
76.70,1789654234.143,none,-1,,,,,,,,,,,L
76.75,1789654234.194,none,-1,,,,,,,,,,,L
76.80,1789654234.243,none,-1,,,,,,,,,,,L
76.85,1789654234.294,none,-1,,,,,,,,,,,L
76.90,1789654234.344,none,-1,,,,,,,,,,,L
76.95,1789654234.394,none,-1,,,,,,,,,,,L
77.00,1789654234.444,none,-1,,,,,,,,,,,L
77.05,1789654234.494,none,-1,,,,,,,,,,,L
77.10,1789654234.543,none,-1,,,,,,,,,,,L
77.15,1789654234.593,none,-1,,,,,,,,,,,L
77.20,1789654234.643,none,-1,,,,,,,,,,,L
77.25,1789654234.694,none,-1,,,,,,,,,,,L
