t_rel,t_wall,kind,i,x_m,y_m,cells,ego_y,ego_yaw_deg,target_y,n_ahead,lethal_cells,clusters_all,clusters_rej,lstatus
11.33,1789566527.036,none,-1,,,,,,,,,,,L
11.38,1789566527.086,cone,0,8.546,-0.772,179,0.0,0.0,0.36821229050279336,1.0,3781.0,5.0,0.0,L
11.43,1789566527.136,cone,0,8.527,-0.746,186,-0.5218258373580591,0.0059302432683508354,-0.1271797852377734,1.0,3833.0,5.0,0.0,L
11.48,1789566527.186,cone,0,8.489,-0.810,207,-0.518334417024744,0.07465299551063163,-0.17766000271442572,1.0,3805.0,5.0,0.0,L
11.53,1789566527.236,cone,0,8.477,-0.818,211,-0.5131530308616669,0.14901357881368277,-0.16934990536004602,1.0,3988.0,5.0,0.0,L
11.58,1789566527.286,cone,0,8.432,-0.800,208,-0.5110738620639085,0.18783169567983699,-0.14342802548700462,1.0,4046.0,5.0,0.0,L
11.63,1789566527.336,cone,0,8.363,-0.835,231,-0.5081756395278967,0.2185205978907062,-0.17155704931034976,1.0,3601.0,4.0,0.0,L
11.68,1789566527.386,cone,0,8.363,-0.835,231,-0.5052757710626574,0.21279755739630787,-0.1694927902075256,1.0,3805.0,5.0,0.0,L
11.73,1789566527.436,cone,0,8.363,-0.835,231,-0.4956162702945318,0.21168442824278713,-0.15999581420404008,1.0,3805.0,5.0,0.0,L
11.78,1789566527.486,cone,0,8.270,-0.871,258,-0.4935934835217749,0.2308186181847335,-0.19120160982349876,1.0,3880.0,5.0,0.0,L
11.83,1789566527.536,cone,0,8.191,-0.835,239,-0.49089901629996024,0.2472745494021654,-0.1508966274075978,1.0,3827.0,5.0,0.0,L
11.88,1789566527.586,cone,0,8.127,-0.857,231,-0.48820423480385144,0.27183320867517957,-0.1669982115476083,1.0,3597.0,4.0,0.0,L
11.93,1789566527.636,cone,0,8.127,-0.857,231,-0.4804724178896286,0.26596317234565797,-0.16009938213796504,1.0,3597.0,4.0,0.0,L
11.98,1789566527.686,cone,0,8.064,-0.871,256,-0.4779443762198996,0.23652389276154953,-0.17573976267925007,1.0,3666.0,4.0,0.0,L
12.03,1789566527.736,cone,0,7.983,-0.835,236,-0.4750266562684908,0.23986863639916836,-0.13676967822278785,1.0,3832.0,5.0,0.0,L
12.08,1789566527.786,cone,0,7.919,-0.872,252,-0.4721239099109068,0.30091914098292266,-0.162743219735354,1.0,3968.0,6.0,0.0,L
12.13,1789566527.836,cone,0,7.892,-0.893,259,-0.465399750636601,0.40418708504329115,-0.1625612511230219,1.0,3938.0,6.0,0.0,L
12.18,1789566527.886,cone,0,7.812,-0.923,220,-0.46259353228542344,0.48585060774249794,-0.17949728115809327,1.0,3706.0,5.0,0.0,L
12.23,1789566527.936,cone,0,7.812,-0.923,220,-0.45924153702235876,0.541614379496291,-0.16853415206983402,1.0,3706.0,5.0,0.0,L
12.28,1789566527.986,cone,0,7.778,-0.929,224,-0.4554543554068198,0.5665262776264645,-0.1670779130668778,1.0,3737.0,5.0,0.0,L
12.33,1789566528.036,cone,0,7.621,-0.924,217,-0.4459978298402854,0.6198881820808544,-0.14768696346004906,1.0,3500.0,5.0,0.0,L
12.33,1789566528.036,path,0,0.000,0.000,,-0.4459978298402854,0.6198881820808544,-0.14768696346004906,1.0,3500.0,5.0,0.0,L
12.33,1789566528.036,path,1,0.158,0.000,,-0.4459978298402854,0.6198881820808544,-0.14768696346004906,1.0,3500.0,5.0,0.0,L
12.33,1789566528.036,path,2,0.327,0.002,,-0.4459978298402854,0.6198881820808544,-0.14768696346004906,1.0,3500.0,5.0,0.0,L
12.33,1789566528.036,path,3,0.503,0.005,,-0.4459978298402854,0.6198881820808544,-0.14768696346004906,1.0,3500.0,5.0,0.0,L
12.33,1789566528.036,path,4,0.683,0.007,,-0.4459978298402854,0.6198881820808544,-0.14768696346004906,1.0,3500.0,5.0,0.0,L
12.33,1789566528.036,path,5,0.852,0.008,,-0.4459978298402854,0.6198881820808544,-0.14768696346004906,1.0,3500.0,5.0,0.0,L
12.33,1789566528.036,path,6,1.005,0.011,,-0.4459978298402854,0.6198881820808544,-0.14768696346004906,1.0,3500.0,5.0,0.0,L
12.33,1789566528.036,path,7,1.165,0.014,,-0.4459978298402854,0.6198881820808544,-0.14768696346004906,1.0,3500.0,5.0,0.0,L
12.33,1789566528.036,path,8,1.343,0.018,,-0.4459978298402854,0.6198881820808544,-0.14768696346004906,1.0,3500.0,5.0,0.0,L
12.33,1789566528.036,path,9,1.515,0.022,,-0.4459978298402854,0.6198881820808544,-0.14768696346004906,1.0,3500.0,5.0,0.0,L
12.33,1789566528.036,path,10,1.679,0.027,,-0.4459978298402854,0.6198881820808544,-0.14768696346004906,1.0,3500.0,5.0,0.0,L
12.33,1789566528.036,path,11,1.839,0.032,,-0.4459978298402854,0.6198881820808544,-0.14768696346004906,1.0,3500.0,5.0,0.0,L
12.33,1789566528.036,path,12,1.988,0.038,,-0.4459978298402854,0.6198881820808544,-0.14768696346004906,1.0,3500.0,5.0,0.0,L
12.33,1789566528.036,path,13,2.147,0.043,,-0.4459978298402854,0.6198881820808544,-0.14768696346004906,1.0,3500.0,5.0,0.0,L
12.33,1789566528.036,path,14,2.309,0.046,,-0.4459978298402854,0.6198881820808544,-0.14768696346004906,1.0,3500.0,5.0,0.0,L
12.33,1789566528.036,path,15,2.464,0.047,,-0.4459978298402854,0.6198881820808544,-0.14768696346004906,1.0,3500.0,5.0,0.0,L
12.33,1789566528.036,path,16,2.620,0.047,,-0.4459978298402854,0.6198881820808544,-0.14768696346004906,1.0,3500.0,5.0,0.0,L
12.33,1789566528.036,path,17,2.780,0.047,,-0.4459978298402854,0.6198881820808544,-0.14768696346004906,1.0,3500.0,5.0,0.0,L
12.33,1789566528.036,path,18,2.951,0.046,,-0.4459978298402854,0.6198881820808544,-0.14768696346004906,1.0,3500.0,5.0,0.0,L
12.33,1789566528.036,path,19,3.141,0.042,,-0.4459978298402854,0.6198881820808544,-0.14768696346004906,1.0,3500.0,5.0,0.0,L
12.33,1789566528.036,path,20,3.311,0.035,,-0.4459978298402854,0.6198881820808544,-0.14768696346004906,1.0,3500.0,5.0,0.0,L
12.38,1789566528.086,cone,0,7.596,-0.935,237,-0.44255747118464606,0.6747862885081176,-0.14784003218469977,1.0,3515.0,5.0,0.0,L
12.43,1789566528.136,cone,0,7.547,-0.955,232,-0.4387427301688019,0.7299290445947908,-0.15769420081048113,1.0,3256.0,5.0,0.0,L
12.48,1789566528.186,cone,0,7.457,-1.267,160,-0.434908481225541,0.7726729790098529,-0.4617351886888983,1.0,3178.0,4.0,0.0,L
12.53,1789566528.236,cone,0,7.429,-0.926,245,-0.4284801499453196,0.8016425249785698,-0.11036733418223243,1.0,3235.0,5.0,0.0,L
12.58,1789566528.286,cone,0,7.289,-0.940,289,-0.4265555543275367,0.8173435753796467,-0.12245230578304689,1.0,3098.0,4.0,0.0,L
12.63,1789566528.336,cone,0,7.289,-0.940,289,-0.42422616398295865,0.8495591045603889,-0.11601743494489236,1.0,3098.0,4.0,0.0,L
12.68,1789566528.386,cone,0,7.236,-0.928,293,-0.4218993362511131,0.8868535983387653,-0.09828823523299457,1.0,3408.0,6.0,0.0,L
12.73,1789566528.436,cone,0,7.236,-0.928,293,-0.4131056941262826,0.9786990609647305,-0.07787254117113629,1.0,3408.0,6.0,0.0,L
12.78,1789566528.486,cone,0,7.166,-0.907,262,-0.4114138644520474,1.1272631436286056,-0.037137452190175946,1.0,3498.0,5.0,0.0,L
12.83,1789566528.536,cone,0,7.031,-0.836,272,-0.4090422531996303,1.3045601999200858,0.054848901886638934,1.0,3225.0,4.0,0.0,L
12.88,1789566528.586,cone,0,7.031,-0.836,272,-0.40663012662505177,1.4821098631313498,0.07910508332679411,1.0,3225.0,4.0,0.0,L
12.93,1789566528.636,cone,0,7.031,-0.836,272,-0.39608580899051493,1.6528246957906558,0.11065848914241672,1.0,3225.0,4.0,0.0,L
12.98,1789566528.686,cone,0,7.031,-0.836,272,-0.39207360759658244,1.8273526989718778,0.13615485818310558,1.0,3225.0,4.0,0.0,L
13.03,1789566528.736,cone,0,7.031,-0.836,272,-0.3875430922339544,2.001381508518398,0.16211374338311624,1.0,3225.0,4.0,0.0,L
13.08,1789566528.786,cone,0,7.031,-0.836,272,-0.3829633094126227,2.1789538736820093,0.18856383055563386,1.0,3225.0,4.0,0.0,L
13.13,1789566528.836,cone,0,6.871,-0.956,324,-0.35939941193693165,2.3515123990661353,0.10744604926277024,1.0,3353.0,5.0,0.0,L
13.18,1789566528.886,cone,0,6.871,-0.956,324,-0.3548843984720666,2.53229220502087,0.1337482526454452,1.0,3353.0,5.0,0.0,L
13.23,1789566528.936,cone,0,6.633,-1.078,263,-0.35017426096513193,2.7058629278720296,0.026382644882535944,1.0,3065.0,5.0,0.0,L
13.28,1789566528.986,cone,0,6.560,-1.117,258,-0.3452529191619263,2.893884835032304,0.010698789999616043,1.0,3125.0,4.0,0.0,L
13.33,1789566529.036,cone,0,6.472,-1.157,249,-0.32035693349410116,3.0826160304934787,0.012510085251543401,1.0,3208.0,4.0,0.0,L
13.33,1789566529.036,path,0,0.000,0.000,,-0.32035693349410116,3.0826160304934787,0.012510085251543401,1.0,3208.0,4.0,0.0,L
13.33,1789566529.036,path,1,0.126,0.000,,-0.32035693349410116,3.0826160304934787,0.012510085251543401,1.0,3208.0,4.0,0.0,L
13.33,1789566529.036,path,2,0.251,0.001,,-0.32035693349410116,3.0826160304934787,0.012510085251543401,1.0,3208.0,4.0,0.0,L
13.33,1789566529.036,path,3,0.374,0.002,,-0.32035693349410116,3.0826160304934787,0.012510085251543401,1.0,3208.0,4.0,0.0,L
13.33,1789566529.036,path,4,0.500,0.003,,-0.32035693349410116,3.0826160304934787,0.012510085251543401,1.0,3208.0,4.0,0.0,L
13.33,1789566529.036,path,5,0.625,0.004,,-0.32035693349410116,3.0826160304934787,0.012510085251543401,1.0,3208.0,4.0,0.0,L
13.33,1789566529.036,path,6,0.750,0.005,,-0.32035693349410116,3.0826160304934787,0.012510085251543401,1.0,3208.0,4.0,0.0,L
13.33,1789566529.036,path,7,0.874,0.007,,-0.32035693349410116,3.0826160304934787,0.012510085251543401,1.0,3208.0,4.0,0.0,L
13.33,1789566529.036,path,8,0.998,0.009,,-0.32035693349410116,3.0826160304934787,0.012510085251543401,1.0,3208.0,4.0,0.0,L
13.33,1789566529.036,path,9,1.122,0.010,,-0.32035693349410116,3.0826160304934787,0.012510085251543401,1.0,3208.0,4.0,0.0,L
13.33,1789566529.036,path,10,1.246,0.010,,-0.32035693349410116,3.0826160304934787,0.012510085251543401,1.0,3208.0,4.0,0.0,L
13.33,1789566529.036,path,11,1.371,0.011,,-0.32035693349410116,3.0826160304934787,0.012510085251543401,1.0,3208.0,4.0,0.0,L
13.33,1789566529.036,path,12,1.498,0.011,,-0.32035693349410116,3.0826160304934787,0.012510085251543401,1.0,3208.0,4.0,0.0,L
13.33,1789566529.036,path,13,1.625,0.011,,-0.32035693349410116,3.0826160304934787,0.012510085251543401,1.0,3208.0,4.0,0.0,L
13.33,1789566529.036,path,14,1.751,0.013,,-0.32035693349410116,3.0826160304934787,0.012510085251543401,1.0,3208.0,4.0,0.0,L
13.33,1789566529.036,path,15,1.875,0.015,,-0.32035693349410116,3.0826160304934787,0.012510085251543401,1.0,3208.0,4.0,0.0,L
13.33,1789566529.036,path,16,1.999,0.019,,-0.32035693349410116,3.0826160304934787,0.012510085251543401,1.0,3208.0,4.0,0.0,L
13.33,1789566529.036,path,17,2.125,0.023,,-0.32035693349410116,3.0826160304934787,0.012510085251543401,1.0,3208.0,4.0,0.0,L
13.33,1789566529.036,path,18,2.251,0.027,,-0.32035693349410116,3.0826160304934787,0.012510085251543401,1.0,3208.0,4.0,0.0,L
13.33,1789566529.036,path,19,2.378,0.031,,-0.32035693349410116,3.0826160304934787,0.012510085251543401,1.0,3208.0,4.0,0.0,L
13.33,1789566529.036,path,20,2.506,0.035,,-0.32035693349410116,3.0826160304934787,0.012510085251543401,1.0,3208.0,4.0,0.0,L
13.38,1789566529.086,cone,0,6.400,-1.184,258,-0.30957573287124646,3.267613996889169,-0.3166829323873126,1.0,3236.0,4.0,0.0,L
13.43,1789566529.136,cone,0,6.350,-1.200,262,-0.2980568735374109,3.4628514607449876,-0.31349956340117413,1.0,3157.0,4.0,0.0,L
13.48,1789566529.186,cone,0,6.350,-1.200,262,-0.2864566866102425,3.6475026452443418,-0.31105082161065,1.0,3157.0,4.0,0.0,L
13.53,1789566529.236,cone,0,6.241,-1.185,277,-0.2765354990930546,3.838215286527348,-0.3086024456248043,1.0,3198.0,4.0,0.0,L
13.58,1789566529.286,cone,0,6.139,-1.251,263,-0.270482904199169,4.00409727230601,-0.3056211393433637,1.0,3166.0,4.0,0.0,L
13.63,1789566529.336,cone,0,6.096,-1.313,249,-0.2621260115332783,4.123257442418008,-0.30174743394663783,1.0,3104.0,4.0,0.0,L
13.68,1789566529.386,cone,0,6.023,-1.279,268,-0.24950485776337009,4.185881029429053,-0.29838950765896005,1.0,3119.0,4.0,0.0,L
13.73,1789566529.436,cone,0,5.917,-1.316,266,-0.22711430332737964,4.227351000916356,-0.2958061226165293,1.0,3175.0,5.0,0.0,L
13.78,1789566529.486,cone,0,5.876,-1.322,258,-0.2205978645970274,4.225003765654016,-0.2932224377943121,1.0,3250.0,5.0,0.0,L
13.83,1789566529.536,cone,0,5.876,-1.322,258,-0.2118528770053575,4.187456165295524,-0.2905855025073905,1.0,3250.0,5.0,0.0,L
13.88,1789566529.586,cone,0,5.771,-1.279,281,-0.20313582640413166,4.1055256980296075,-0.28680305236970954,1.0,3157.0,4.0,0.0,L
13.93,1789566529.636,cone,0,5.652,-1.350,284,-0.1806673377036831,3.9604340480453004,-0.2814036703046176,1.0,3306.0,5.0,0.0,L
13.98,1789566529.686,cone,0,5.569,-1.286,279,-0.1678876963767885,3.767642625708038,-0.2770879637156556,1.0,3281.0,5.0,0.0,L
14.03,1789566529.736,cone,0,5.540,-1.294,274,-0.15476644510718063,3.555107096717893,-0.27431068662395575,1.0,2978.0,4.0,0.0,L
14.08,1789566529.786,cone,0,5.493,-1.250,279,-0.14825384780207593,3.2873724035088956,-0.27094940629273256,1.0,3124.0,5.0,0.0,L
14.13,1789566529.836,cone,0,5.444,-1.230,255,-0.1662437634536108,2.9680915389761116,-0.26676122032810123,1.0,3313.0,5.0,0.0,L
14.18,1789566529.886,cone,0,5.404,-1.256,250,-0.1601842000087639,2.6147964777906063,-0.2625628189599328,1.0,3172.0,4.0,0.0,L
14.23,1789566529.936,cone,0,5.353,-1.250,246,-0.15250319338413482,2.2235785196391915,-0.2582972909620191,1.0,3172.0,5.0,0.0,L
14.28,1789566529.986,cone,0,5.290,-1.192,261,-0.1427291532680332,1.772064520152732,-0.25397796610135126,1.0,3264.0,6.0,0.0,L
14.33,1789566530.036,cone,0,5.229,-1.165,242,-0.14524264523464087,1.3259986471352947,-0.24965880295084883,1.0,3084.0,5.0,0.0,L
14.33,1789566530.036,path,0,0.000,0.000,,-0.14524264523464087,1.3259986471352947,-0.24965880295084883,1.0,3084.0,5.0,0.0,L
14.33,1789566530.036,path,1,0.145,-0.001,,-0.14524264523464087,1.3259986471352947,-0.24965880295084883,1.0,3084.0,5.0,0.0,L
14.33,1789566530.036,path,2,0.294,-0.003,,-0.14524264523464087,1.3259986471352947,-0.24965880295084883,1.0,3084.0,5.0,0.0,L
14.33,1789566530.036,path,3,0.446,-0.007,,-0.14524264523464087,1.3259986471352947,-0.24965880295084883,1.0,3084.0,5.0,0.0,L
14.33,1789566530.036,path,4,0.596,-0.012,,-0.14524264523464087,1.3259986471352947,-0.24965880295084883,1.0,3084.0,5.0,0.0,L
14.33,1789566530.036,path,5,0.742,-0.017,,-0.14524264523464087,1.3259986471352947,-0.24965880295084883,1.0,3084.0,5.0,0.0,L
14.33,1789566530.036,path,6,0.889,-0.023,,-0.14524264523464087,1.3259986471352947,-0.24965880295084883,1.0,3084.0,5.0,0.0,L
14.33,1789566530.036,path,7,1.033,-0.027,,-0.14524264523464087,1.3259986471352947,-0.24965880295084883,1.0,3084.0,5.0,0.0,L
14.33,1789566530.036,path,8,1.178,-0.031,,-0.14524264523464087,1.3259986471352947,-0.24965880295084883,1.0,3084.0,5.0,0.0,L
14.33,1789566530.036,path,9,1.325,-0.034,,-0.14524264523464087,1.3259986471352947,-0.24965880295084883,1.0,3084.0,5.0,0.0,L
14.33,1789566530.036,path,10,1.477,-0.035,,-0.14524264523464087,1.3259986471352947,-0.24965880295084883,1.0,3084.0,5.0,0.0,L
14.33,1789566530.036,path,11,1.628,-0.036,,-0.14524264523464087,1.3259986471352947,-0.24965880295084883,1.0,3084.0,5.0,0.0,L
14.33,1789566530.036,path,12,1.779,-0.035,,-0.14524264523464087,1.3259986471352947,-0.24965880295084883,1.0,3084.0,5.0,0.0,L
14.33,1789566530.036,path,13,1.932,-0.032,,-0.14524264523464087,1.3259986471352947,-0.24965880295084883,1.0,3084.0,5.0,0.0,L
14.33,1789566530.036,path,14,2.089,-0.028,,-0.14524264523464087,1.3259986471352947,-0.24965880295084883,1.0,3084.0,5.0,0.0,L
14.33,1789566530.036,path,15,2.241,-0.022,,-0.14524264523464087,1.3259986471352947,-0.24965880295084883,1.0,3084.0,5.0,0.0,L
14.33,1789566530.036,path,16,2.390,-0.014,,-0.14524264523464087,1.3259986471352947,-0.24965880295084883,1.0,3084.0,5.0,0.0,L
14.33,1789566530.036,path,17,2.542,-0.004,,-0.14524264523464087,1.3259986471352947,-0.24965880295084883,1.0,3084.0,5.0,0.0,L
14.33,1789566530.036,path,18,2.692,0.007,,-0.14524264523464087,1.3259986471352947,-0.24965880295084883,1.0,3084.0,5.0,0.0,L
14.33,1789566530.036,path,19,2.842,0.018,,-0.14524264523464087,1.3259986471352947,-0.24965880295084883,1.0,3084.0,5.0,0.0,L
14.33,1789566530.036,path,20,2.985,0.029,,-0.14524264523464087,1.3259986471352947,-0.24965880295084883,1.0,3084.0,5.0,0.0,L
14.38,1789566530.086,cone,0,5.158,-1.101,251,-0.13603377623054877,0.9006430445903517,-0.24533791142136696,1.0,3424.0,6.0,0.0,L
14.43,1789566530.136,cone,0,5.112,-1.044,250,-0.12695557880843683,0.47256080390136995,-0.24094581304132126,1.0,3379.0,5.0,0.0,L
14.48,1789566530.186,cone,0,5.033,-0.977,262,-0.11813725324131513,0.036104579903320895,-0.2365349387559028,1.0,3204.0,4.0,0.0,L
14.53,1789566530.236,cone,0,4.971,-0.938,264,-0.13613630232457394,-0.42040967588111444,-0.23212376920670325,1.0,2993.0,5.0,0.0,L
14.58,1789566530.286,cone,0,4.910,-0.907,246,-0.13312572231693592,-0.8730093146736343,-0.22711419776008457,1.0,2789.0,4.0,0.0,L
14.63,1789566530.336,cone,0,4.855,-0.856,262,-0.1296872688156889,-1.344590437850068,-0.22113898840909532,1.0,2941.0,4.0,0.0,L
14.68,1789566530.386,cone,0,4.816,-0.834,272,-0.1254659633236201,-1.8232640944864114,-0.21577812472124114,1.0,3046.0,5.0,0.0,L
14.73,1789566530.436,cone,0,4.767,-0.791,262,-0.1428790515197974,-2.265534449680241,-0.211308190647884,1.0,3141.0,5.0,0.0,L
14.78,1789566530.486,cone,0,4.712,-0.744,250,-0.14069374975856577,-2.6810232010377324,-0.20620494104206302,1.0,3102.0,5.0,0.0,L
14.83,1789566530.536,cone,0,4.609,-0.709,268,-0.13833983261174718,-3.0905737712328705,-0.20020783611045181,1.0,2843.0,5.0,0.0,L
14.88,1789566530.586,cone,0,4.572,-0.690,262,-0.13638110710604162,-3.5150294052790483,-0.19481522115949143,1.0,2812.0,4.0,0.0,L
14.93,1789566530.636,cone,0,4.522,-0.630,253,-0.17009772925949096,-3.92093535067266,-0.19031625178366024,1.0,2812.0,3.0,0.0,L
14.98,1789566530.686,cone,0,4.443,-0.636,259,-0.1738444687636334,-4.336550183768538,-0.18521594044675874,1.0,2742.0,4.0,0.0,L
15.03,1789566530.736,cone,0,4.363,-0.606,257,-0.17891115721487236,-4.818640239657209,-0.17922266038974816,1.0,2616.0,4.0,0.0,L
15.08,1789566530.786,cone,0,4.310,-0.537,263,-0.18600514673337534,-5.34346471971686,-0.1738477690840723,1.0,2817.0,5.0,0.0,L
15.13,1789566530.836,cone,0,4.242,-0.500,266,-0.19226307305736867,-5.829171206336498,-0.16938184960289202,1.0,2903.0,4.0,0.0,L
15.18,1789566530.886,cone,0,4.192,-0.466,269,-0.19627045909097757,-6.305645197140316,-0.16491921689360883,1.0,2680.0,6.0,0.0,L
15.23,1789566530.936,cone,0,4.123,-0.421,268,-0.2011303673772545,-6.773306146318854,-0.15986734509251074,1.0,2840.0,7.0,0.0,L
15.28,1789566530.986,cone,0,4.087,-0.394,263,-0.20630487975317885,-7.195651500409482,-0.15458178256476743,1.0,2828.0,7.0,0.0,L
15.33,1789566531.036,cone,0,3.991,-0.350,249,-0.22549983921512282,-7.532112666207401,-0.14959515343351554,1.0,2457.0,7.0,0.0,L
15.33,1789566531.036,path,0,0.000,0.000,,-0.22549983921512282,-7.532112666207401,-0.14959515343351554,1.0,2457.0,7.0,0.0,L
15.33,1789566531.036,path,1,0.128,0.001,,-0.22549983921512282,-7.532112666207401,-0.14959515343351554,1.0,2457.0,7.0,0.0,L
15.33,1789566531.036,path,2,0.266,0.007,,-0.22549983921512282,-7.532112666207401,-0.14959515343351554,1.0,2457.0,7.0,0.0,L
15.33,1789566531.036,path,3,0.395,0.018,,-0.22549983921512282,-7.532112666207401,-0.14959515343351554,1.0,2457.0,7.0,0.0,L
15.33,1789566531.036,path,4,0.519,0.033,,-0.22549983921512282,-7.532112666207401,-0.14959515343351554,1.0,2457.0,7.0,0.0,L
15.33,1789566531.036,path,5,0.647,0.053,,-0.22549983921512282,-7.532112666207401,-0.14959515343351554,1.0,2457.0,7.0,0.0,L
15.33,1789566531.036,path,6,0.770,0.076,,-0.22549983921512282,-7.532112666207401,-0.14959515343351554,1.0,2457.0,7.0,0.0,L
15.33,1789566531.036,path,7,0.890,0.104,,-0.22549983921512282,-7.532112666207401,-0.14959515343351554,1.0,2457.0,7.0,0.0,L
15.33,1789566531.036,path,8,1.025,0.141,,-0.22549983921512282,-7.532112666207401,-0.14959515343351554,1.0,2457.0,7.0,0.0,L
15.33,1789566531.036,path,9,1.151,0.180,,-0.22549983921512282,-7.532112666207401,-0.14959515343351554,1.0,2457.0,7.0,0.0,L
15.33,1789566531.036,path,10,1.271,0.222,,-0.22549983921512282,-7.532112666207401,-0.14959515343351554,1.0,2457.0,7.0,0.0,L
15.33,1789566531.036,path,11,1.385,0.265,,-0.22549983921512282,-7.532112666207401,-0.14959515343351554,1.0,2457.0,7.0,0.0,L
15.33,1789566531.036,path,12,1.510,0.316,,-0.22549983921512282,-7.532112666207401,-0.14959515343351554,1.0,2457.0,7.0,0.0,L
15.33,1789566531.036,path,13,1.634,0.372,,-0.22549983921512282,-7.532112666207401,-0.14959515343351554,1.0,2457.0,7.0,0.0,L
15.33,1789566531.036,path,14,1.778,0.444,,-0.22549983921512282,-7.532112666207401,-0.14959515343351554,1.0,2457.0,7.0,0.0,L
15.33,1789566531.036,path,15,1.928,0.528,,-0.22549983921512282,-7.532112666207401,-0.14959515343351554,1.0,2457.0,7.0,0.0,L
15.33,1789566531.036,path,16,2.099,0.631,,-0.22549983921512282,-7.532112666207401,-0.14959515343351554,1.0,2457.0,7.0,0.0,L
15.33,1789566531.036,path,17,2.278,0.744,,-0.22549983921512282,-7.532112666207401,-0.14959515343351554,1.0,2457.0,7.0,0.0,L
15.33,1789566531.036,path,18,2.458,0.861,,-0.22549983921512282,-7.532112666207401,-0.14959515343351554,1.0,2457.0,7.0,0.0,L
15.33,1789566531.036,path,19,2.660,0.991,,-0.22549983921512282,-7.532112666207401,-0.14959515343351554,1.0,2457.0,7.0,0.0,L
15.33,1789566531.036,path,20,2.855,1.114,,-0.22549983921512282,-7.532112666207401,-0.14959515343351554,1.0,2457.0,7.0,0.0,L
15.38,1789566531.086,cone,0,3.933,-0.370,257,-0.23005406534279593,-7.7812825306226046,-0.1443163302110316,1.0,2561.0,7.0,0.0,L
15.43,1789566531.136,cone,0,3.855,-0.350,265,-0.2387318218905914,-7.954719178400235,-0.13940448190486182,1.0,2603.0,7.0,0.0,L
15.48,1789566531.186,cone,0,3.817,-0.321,262,-0.24533816946568895,-8.053623851457651,-0.13422480969286454,1.0,2308.0,6.0,0.0,L
15.53,1789566531.236,cone,0,3.763,-0.294,267,-0.26130010875501664,-8.086923919279462,-0.12933719094567422,1.0,2875.0,6.0,0.0,L
15.58,1789566531.286,cone,0,3.721,-0.322,269,-0.2654984990450676,-8.043980834234375,-0.12366313957297216,1.0,2896.0,5.0,0.0,L
15.63,1789566531.336,cone,0,3.650,-0.300,264,-0.27432413784493254,-7.913189772446665,-0.11804880384143487,1.0,2255.0,7.0,0.0,L
15.68,1789566531.386,cone,0,3.565,-0.295,266,-0.2832034336289663,-7.734692032168822,-0.11299171552808321,1.0,2441.0,6.0,0.0,L
15.73,1789566531.436,cone,0,3.482,-0.279,268,-0.2787167906474819,-7.477998140234488,-0.1088416063070885,1.0,2450.0,6.0,0.0,L
15.78,1789566531.486,cone,0,3.450,-0.300,280,-0.2839445633211592,-7.09205936921916,-0.10530225067471562,1.0,2006.0,5.0,0.0,L
15.83,1789566531.536,cone,0,3.450,-0.300,280,-0.29069098869666793,-6.690375686739742,-0.10257821001722066,1.0,2006.0,5.0,0.0,L
15.88,1789566531.586,cone,0,3.367,-0.322,280,-0.2960280024235358,-6.229863714165374,-0.09985178286487616,1.0,2133.0,6.0,0.0,L
15.93,1789566531.636,cone,0,3.270,-0.341,276,-0.2776690167810613,-5.7079992794239445,-0.09712252833166302,1.0,2367.0,8.0,0.0,L
15.98,1789566531.686,cone,0,3.211,-0.406,264,-0.2821043244534857,-5.1357581224054085,-0.09442546192983144,1.0,2364.0,8.0,0.0,L
16.03,1789566531.736,cone,0,3.140,-0.438,266,-0.2870189646786311,-4.514086767872791,-0.09180004926577554,1.0,2256.0,7.0,0.0,L
16.08,1789566531.786,cone,0,3.081,-0.491,259,-0.2917439345209382,-3.8493254891120268,-0.08864780250534057,1.0,2308.0,7.0,0.0,L
16.13,1789566531.836,cone,0,3.003,-0.501,259,-0.25528844785345034,-3.151833635986237,-0.08470220046345679,1.0,2218.0,6.0,0.0,L
16.18,1789566531.886,cone,0,2.960,-0.549,273,-0.2530656643240786,-2.4085468808065587,-0.0807551211772057,1.0,2294.0,6.0,0.0,L
16.23,1789566531.936,cone,0,2.900,-0.600,260,-0.24931754858554525,-1.6428556859284134,-0.07747580787942998,1.0,2235.0,6.0,0.0,L
16.28,1789566531.986,cone,0,2.900,-0.600,260,-0.2448864535897827,-0.8168841399980117,-0.07496885229954821,1.0,2235.0,6.0,0.0,L
16.33,1789566532.036,cone,0,2.790,-0.678,277,-0.20214913055657976,0.05707045007959423,-0.0724622984184055,1.0,2480.0,8.0,0.0,L
16.33,1789566532.036,path,0,0.000,0.000,,-0.20214913055657976,0.05707045007959423,-0.0724622984184055,1.0,2480.0,8.0,0.0,L
16.33,1789566532.036,path,1,0.121,0.002,,-0.20214913055657976,0.05707045007959423,-0.0724622984184055,1.0,2480.0,8.0,0.0,L
16.33,1789566532.036,path,2,0.241,0.008,,-0.20214913055657976,0.05707045007959423,-0.0724622984184055,1.0,2480.0,8.0,0.0,L
16.33,1789566532.036,path,3,0.360,0.019,,-0.20214913055657976,0.05707045007959423,-0.0724622984184055,1.0,2480.0,8.0,0.0,L
16.33,1789566532.036,path,4,0.481,0.036,,-0.20214913055657976,0.05707045007959423,-0.0724622984184055,1.0,2480.0,8.0,0.0,L
16.33,1789566532.036,path,5,0.610,0.059,,-0.20214913055657976,0.05707045007959423,-0.0724622984184055,1.0,2480.0,8.0,0.0,L
16.33,1789566532.036,path,6,0.744,0.089,,-0.20214913055657976,0.05707045007959423,-0.0724622984184055,1.0,2480.0,8.0,0.0,L
16.33,1789566532.036,path,7,0.895,0.130,,-0.20214913055657976,0.05707045007959423,-0.0724622984184055,1.0,2480.0,8.0,0.0,L
16.33,1789566532.036,path,8,1.049,0.181,,-0.20214913055657976,0.05707045007959423,-0.0724622984184055,1.0,2480.0,8.0,0.0,L
16.33,1789566532.036,path,9,1.223,0.250,,-0.20214913055657976,0.05707045007959423,-0.0724622984184055,1.0,2480.0,8.0,0.0,L
16.33,1789566532.036,path,10,1.431,0.346,,-0.20214913055657976,0.05707045007959423,-0.0724622984184055,1.0,2480.0,8.0,0.0,L
16.33,1789566532.036,path,11,1.623,0.449,,-0.20214913055657976,0.05707045007959423,-0.0724622984184055,1.0,2480.0,8.0,0.0,L
16.33,1789566532.036,path,12,1.770,0.540,,-0.20214913055657976,0.05707045007959423,-0.0724622984184055,1.0,2480.0,8.0,0.0,L
16.33,1789566532.036,path,13,1.888,0.621,,-0.20214913055657976,0.05707045007959423,-0.0724622984184055,1.0,2480.0,8.0,0.0,L
16.33,1789566532.036,path,14,2.027,0.724,,-0.20214913055657976,0.05707045007959423,-0.0724622984184055,1.0,2480.0,8.0,0.0,L
16.33,1789566532.036,path,15,2.170,0.836,,-0.20214913055657976,0.05707045007959423,-0.0724622984184055,1.0,2480.0,8.0,0.0,L
16.33,1789566532.036,path,16,2.312,0.949,,-0.20214913055657976,0.05707045007959423,-0.0724622984184055,1.0,2480.0,8.0,0.0,L
16.33,1789566532.036,path,17,2.457,1.060,,-0.20214913055657976,0.05707045007959423,-0.0724622984184055,1.0,2480.0,8.0,0.0,L
16.33,1789566532.036,path,18,2.608,1.174,,-0.20214913055657976,0.05707045007959423,-0.0724622984184055,1.0,2480.0,8.0,0.0,L
16.33,1789566532.036,path,19,2.776,1.301,,-0.20214913055657976,0.05707045007959423,-0.0724622984184055,1.0,2480.0,8.0,0.0,L
16.33,1789566532.036,path,20,2.929,1.416,,-0.20214913055657976,0.05707045007959423,-0.0724622984184055,1.0,2480.0,8.0,0.0,L
16.38,1789566532.086,cone,0,2.726,-0.694,263,-0.19923828358585696,0.9546396202343851,-0.0699551853756435,1.0,2421.0,8.0,0.0,L
16.43,1789566532.136,cone,0,2.630,-0.777,260,-0.19541014473755133,1.8355760947435338,-0.06744960974087709,1.0,2135.0,6.0,0.0,L
16.48,1789566532.186,cone,0,2.581,-0.822,258,-0.19123336118815246,2.6893153713221505,-0.06454675140108233,1.0,2263.0,6.0,0.0,L
16.53,1789566532.236,cone,0,2.489,-0.907,254,-0.13474599119646127,3.5786317014180673,-0.061012478764337866,1.0,2411.0,7.0,0.0,L
16.58,1789566532.286,cone,0,2.440,-0.900,268,-0.12450371269953542,4.481131069608444,-0.0579502740825538,1.0,2329.0,7.0,0.0,L
16.63,1789566532.336,cone,0,2.374,-0.927,271,-0.10586239029512609,5.373277335643583,-0.05559871656855077,1.0,2128.0,6.0,0.0,L
16.68,1789566532.386,cone,0,2.289,-0.986,272,-0.09279542434015257,6.273679519742695,-0.05325130990422054,1.0,2033.0,6.0,0.0,L
16.73,1789566532.436,cone,0,2.245,-1.020,284,-0.037942151321256314,7.205560251083658,-0.05104241292537562,1.0,2073.0,6.0,0.0,L
16.78,1789566532.486,cone,0,2.160,-1.067,271,-0.024894700001148084,8.121145636572908,-0.048432906588154995,1.0,2108.0,7.0,0.0,L
16.83,1789566532.536,cone,0,2.092,-1.085,273,-0.010875885490931662,9.053478105964361,-0.04517818699315904,1.0,2078.0,6.0,0.0,L
16.88,1789566532.586,cone,0,2.023,-1.120,269,0.010639378021851966,9.967666331367639,-0.04193177127172204,1.0,2057.0,5.0,0.0,L
16.93,1789566532.636,cone,0,1.920,-1.206,266,0.06855713056922287,10.89381124075312,-0.03923080662786786,1.0,1730.0,5.0,0.0,L
16.98,1789566532.686,cone,0,1.864,-1.220,274,0.09427237647967633,11.81474303119107,-0.03726001123134446,1.0,1424.0,5.0,0.0,L
17.03,1789566532.736,cone,0,1.792,-1.264,246,0.11475104454512533,12.707570599232973,-0.03529558116845392,1.0,1192.0,5.0,0.0,L
17.08,1789566532.786,cone,0,1.745,-1.308,268,0.13457965063041968,13.593298179355276,-0.03333752997994037,1.0,1049.0,5.0,0.0,L
17.13,1789566532.836,cone,0,1.644,-1.350,267,0.18507572922332413,14.428508286996713,-0.031001503976049907,1.0,958.0,5.0,0.0,L
17.18,1789566532.886,cone,0,1.554,-1.354,255,0.20441469428828118,15.273058889943496,-0.028183240160133318,1.0,1158.0,6.0,0.0,L
17.23,1789566532.936,cone,0,1.493,-1.367,265,0.23520132670547178,16.049349477043727,-0.025573050803454272,1.0,1176.0,6.0,0.0,L
17.28,1789566532.986,cone,0,1.421,-1.399,266,0.266367544336618,16.807435305659098,-0.023317883368176102,1.0,1051.0,5.0,0.0,L
17.33,1789566533.036,cone,0,1.350,-1.447,252,0.31050441649092336,17.571497926977464,-0.02159175895427652,1.0,1100.0,5.0,0.0,L
17.33,1789566533.036,path,0,0.000,0.000,,0.31050441649092336,17.571497926977464,-0.02159175895427652,1.0,1100.0,5.0,0.0,L
17.33,1789566533.036,path,1,0.210,0.005,,0.31050441649092336,17.571497926977464,-0.02159175895427652,1.0,1100.0,5.0,0.0,L
17.33,1789566533.036,path,2,0.455,0.025,,0.31050441649092336,17.571497926977464,-0.02159175895427652,1.0,1100.0,5.0,0.0,L
17.33,1789566533.036,path,3,0.711,0.056,,0.31050441649092336,17.571497926977464,-0.02159175895427652,1.0,1100.0,5.0,0.0,L
17.33,1789566533.036,path,4,1.007,0.091,,0.31050441649092336,17.571497926977464,-0.02159175895427652,1.0,1100.0,5.0,0.0,L
17.33,1789566533.036,path,5,1.289,0.112,,0.31050441649092336,17.571497926977464,-0.02159175895427652,1.0,1100.0,5.0,0.0,L
17.33,1789566533.036,path,6,1.528,0.111,,0.31050441649092336,17.571497926977464,-0.02159175895427652,1.0,1100.0,5.0,0.0,L
17.33,1789566533.036,path,7,1.778,0.091,,0.31050441649092336,17.571497926977464,-0.02159175895427652,1.0,1100.0,5.0,0.0,L
17.33,1789566533.036,path,8,2.021,0.050,,0.31050441649092336,17.571497926977464,-0.02159175895427652,1.0,1100.0,5.0,0.0,L
17.33,1789566533.036,path,9,2.236,-0.002,,0.31050441649092336,17.571497926977464,-0.02159175895427652,1.0,1100.0,5.0,0.0,L
17.33,1789566533.036,path,10,2.446,-0.069,,0.31050441649092336,17.571497926977464,-0.02159175895427652,1.0,1100.0,5.0,0.0,L
17.33,1789566533.036,path,11,2.672,-0.158,,0.31050441649092336,17.571497926977464,-0.02159175895427652,1.0,1100.0,5.0,0.0,L
17.33,1789566533.036,path,12,2.894,-0.267,,0.31050441649092336,17.571497926977464,-0.02159175895427652,1.0,1100.0,5.0,0.0,L
17.33,1789566533.036,path,13,3.083,-0.374,,0.31050441649092336,17.571497926977464,-0.02159175895427652,1.0,1100.0,5.0,0.0,L
17.33,1789566533.036,path,14,3.237,-0.475,,0.31050441649092336,17.571497926977464,-0.02159175895427652,1.0,1100.0,5.0,0.0,L
17.33,1789566533.036,path,15,3.397,-0.595,,0.31050441649092336,17.571497926977464,-0.02159175895427652,1.0,1100.0,5.0,0.0,L
17.33,1789566533.036,path,16,3.530,-0.703,,0.31050441649092336,17.571497926977464,-0.02159175895427652,1.0,1100.0,5.0,0.0,L
17.33,1789566533.036,path,17,3.656,-0.814,,0.31050441649092336,17.571497926977464,-0.02159175895427652,1.0,1100.0,5.0,0.0,L
17.33,1789566533.036,path,18,3.787,-0.945,,0.31050441649092336,17.571497926977464,-0.02159175895427652,1.0,1100.0,5.0,0.0,L
17.33,1789566533.036,path,19,3.907,-1.080,,0.31050441649092336,17.571497926977464,-0.02159175895427652,1.0,1100.0,5.0,0.0,L
17.33,1789566533.036,path,20,4.005,-1.196,,0.31050441649092336,17.571497926977464,-0.02159175895427652,1.0,1100.0,5.0,0.0,L
17.38,1789566533.086,cone,0,1.269,-1.456,260,0.33094133542552023,18.371093456262983,-0.019872616348652245,1.0,1240.0,6.0,0.0,L
17.38,1789566533.086,cone,1,8.675,-3.626,83,0.33094133542552023,18.371093456262983,-0.019872616348652245,1.0,1240.0,6.0,0.0,L
17.43,1789566533.136,cone,0,1.220,-1.466,264,0.35448062417664244,19.13797373833845,-0.018241650718130685,1.0,1202.0,6.0,0.0,L
17.43,1789566533.136,cone,1,8.639,-3.613,113,0.35448062417664244,19.13797373833845,-0.018241650718130685,1.0,1202.0,6.0,0.0,L
17.48,1789566533.186,cone,0,1.146,-1.454,253,0.37822011881952444,19.83912787337255,-0.016448924668431095,1.0,857.0,5.0,0.0,L
17.48,1789566533.186,cone,1,8.630,-3.519,143,0.37822011881952444,19.83912787337255,-0.016448924668431095,1.0,857.0,5.0,0.0,L
17.53,1789566533.236,cone,0,1.088,-1.484,249,0.43776641948239486,20.637111030141497,-0.014217337066953604,1.0,839.0,4.0,0.0,L
17.53,1789566533.236,cone,1,8.555,-3.640,185,0.43776641948239486,20.637111030141497,-0.014217337066953604,1.0,839.0,4.0,0.0,L
17.58,1789566533.286,cone,0,0.991,-1.543,255,0.46861022531127455,21.502225721324056,-0.012292724326183856,1.0,1469.0,6.0,0.0,L
17.58,1789566533.286,cone,1,8.500,-3.733,206,0.46861022531127455,21.502225721324056,-0.012292724326183856,1.0,1469.0,6.0,0.0,L
17.63,1789566533.336,cone,0,0.903,-1.580,251,0.5069130585122548,22.230698985288235,-0.010821214783011889,1.0,3824.0,5.0,0.0,L
17.63,1789566533.336,cone,1,8.490,-3.761,202,0.5069130585122548,22.230698985288235,-0.010821214783011889,1.0,3824.0,5.0,0.0,L
17.68,1789566533.386,cone,0,8.383,-3.988,212,0.5328450640415139,22.95766680240553,1.05,1.0,3863.0,5.0,0.0,L
17.73,1789566533.436,cone,0,8.298,-4.046,248,0.5867087099405501,23.6356406018188,1.05,1.0,2444.0,6.0,0.0,L
17.78,1789566533.486,cone,0,8.272,-4.068,238,0.617225615229826,24.324317455155377,1.05,1.0,2659.0,6.0,0.0,L
17.83,1789566533.536,cone,0,8.190,-4.210,248,0.6593947699068867,24.996788357630038,1.05,1.0,2675.0,6.0,0.0,L
17.88,1789566533.586,cone,0,8.021,-4.317,266,0.6876667979544274,25.666633849025843,1.05,1.0,2502.0,7.0,0.0,L
17.93,1789566533.636,cone,0,7.912,-4.424,274,0.7444256766791794,26.24928722085212,1.05,1.0,2541.0,7.0,0.0,L
17.98,1789566533.686,cone,0,7.855,-4.510,264,0.7723750617670955,26.61463897915146,1.05,1.0,2562.0,7.0,0.0,L
18.03,1789566533.736,cone,0,7.706,-4.555,257,0.8011470713770988,27.020276812706143,1.05,1.0,1971.0,7.0,0.0,L
18.08,1789566533.786,cone,0,7.644,-4.594,272,0.844407825371755,27.535944726223896,1.05,1.0,1075.0,4.0,0.0,L
18.13,1789566533.836,cone,0,7.534,-4.678,247,0.8979909425018541,27.894871251872598,1.05,1.0,1693.0,6.0,0.0,L
18.18,1789566533.886,cone,0,7.534,-4.678,247,0.9403108176284958,28.116738578565858,1.05,1.0,1693.0,6.0,0.0,L
18.23,1789566533.936,cone,0,7.430,-4.790,258,0.9698713063532411,28.326069980887716,1.05,1.0,1736.0,6.0,0.0,L
18.28,1789566533.986,cone,0,7.201,-4.914,233,0.9995458953185499,28.50520360683474,1.05,1.0,1067.0,4.0,0.0,L
18.33,1789566534.036,cone,0,7.192,-4.902,228,1.0607503769637665,28.619586617431302,1.05,1.0,1132.0,4.0,0.0,L
18.33,1789566534.036,path,0,0.000,0.000,,1.0607503769637665,28.619586617431302,1.05,1.0,1132.0,4.0,0.0,L
18.33,1789566534.036,path,1,0.195,-0.004,,1.0607503769637665,28.619586617431302,1.05,1.0,1132.0,4.0,0.0,L
18.33,1789566534.036,path,2,0.371,-0.019,,1.0607503769637665,28.619586617431302,1.05,1.0,1132.0,4.0,0.0,L
18.33,1789566534.036,path,3,0.565,-0.048,,1.0607503769637665,28.619586617431302,1.05,1.0,1132.0,4.0,0.0,L
18.33,1789566534.036,path,4,0.755,-0.090,,1.0607503769637665,28.619586617431302,1.05,1.0,1132.0,4.0,0.0,L
18.33,1789566534.036,path,5,0.961,-0.149,,1.0607503769637665,28.619586617431302,1.05,1.0,1132.0,4.0,0.0,L
18.33,1789566534.036,path,6,1.146,-0.216,,1.0607503769637665,28.619586617431302,1.05,1.0,1132.0,4.0,0.0,L
18.33,1789566534.036,path,7,1.300,-0.283,,1.0607503769637665,28.619586617431302,1.05,1.0,1132.0,4.0,0.0,L
18.33,1789566534.036,path,8,1.480,-0.375,,1.0607503769637665,28.619586617431302,1.05,1.0,1132.0,4.0,0.0,L
18.33,1789566534.036,path,9,1.691,-0.503,,1.0607503769637665,28.619586617431302,1.05,1.0,1132.0,4.0,0.0,L
18.33,1789566534.036,path,10,1.905,-0.658,,1.0607503769637665,28.619586617431302,1.05,1.0,1132.0,4.0,0.0,L
18.33,1789566534.036,path,11,2.081,-0.807,,1.0607503769637665,28.619586617431302,1.05,1.0,1132.0,4.0,0.0,L
18.33,1789566534.036,path,12,2.217,-0.932,,1.0607503769637665,28.619586617431302,1.05,1.0,1132.0,4.0,0.0,L
18.33,1789566534.036,path,13,2.335,-1.046,,1.0607503769637665,28.619586617431302,1.05,1.0,1132.0,4.0,0.0,L
18.33,1789566534.036,path,14,2.430,-1.142,,1.0607503769637665,28.619586617431302,1.05,1.0,1132.0,4.0,0.0,L
18.33,1789566534.036,path,15,2.516,-1.238,,1.0607503769637665,28.619586617431302,1.05,1.0,1132.0,4.0,0.0,L
18.33,1789566534.036,path,16,2.616,-1.358,,1.0607503769637665,28.619586617431302,1.05,1.0,1132.0,4.0,0.0,L
18.33,1789566534.036,path,17,2.708,-1.472,,1.0607503769637665,28.619586617431302,1.05,1.0,1132.0,4.0,0.0,L
18.33,1789566534.036,path,18,2.784,-1.572,,1.0607503769637665,28.619586617431302,1.05,1.0,1132.0,4.0,0.0,L
18.33,1789566534.036,path,19,2.868,-1.688,,1.0607503769637665,28.619586617431302,1.05,1.0,1132.0,4.0,0.0,L
18.33,1789566534.036,path,20,2.972,-1.836,,1.0607503769637665,28.619586617431302,1.05,1.0,1132.0,4.0,0.0,L
18.38,1789566534.086,cone,0,7.093,-4.893,261,1.1025532318795717,28.657839269784574,1.05,1.0,1240.0,4.0,0.0,L
18.43,1789566534.136,cone,0,7.067,-4.855,258,1.1472033079633839,28.642258912807943,1.05,1.0,1253.0,4.0,0.0,L
18.48,1789566534.186,cone,0,6.965,-4.879,263,1.1764156026308816,28.61835451879069,1.05,1.0,1641.0,4.0,0.0,L
18.53,1789566534.236,cone,0,6.943,-4.846,258,1.2067130574329703,28.408360894567128,1.05,1.0,1836.0,4.0,0.0,L
18.58,1789566534.286,cone,0,6.911,-4.865,247,1.2489951577487803,28.003150199967376,1.05,1.0,1992.0,5.0,0.0,L
18.63,1789566534.336,none,-1,,,,1.3010636987762798,27.58682726864139,1.05,1.0,3127.0,5.0,0.0,L
18.68,1789566534.386,cone,0,6.850,-4.350,121,1.3530191731402699,27.203049405302338,1.05,1.0,3262.0,6.0,0.0,L
18.73,1789566534.436,cone,0,6.750,-4.500,164,1.3493952399052385,26.737303275526656,1.05,1.0,2712.0,6.0,0.0,L
18.78,1789566534.486,cone,0,6.728,-4.641,232,1.3942453683361191,26.097707774841385,1.05,1.0,2889.0,7.0,0.0,L
18.83,1789566534.536,cone,0,6.679,-4.616,262,1.4324548196238147,25.343729092446807,1.05,1.0,2914.0,7.0,0.0,L
18.88,1789566534.586,cone,0,6.693,-4.530,275,1.470395575647872,24.500733218502273,1.05,1.0,2929.0,7.0,0.0,L
18.93,1789566534.636,cone,0,6.700,-4.450,272,1.4665324692491983,23.641420308612958,1.05,1.0,2829.0,7.0,0.0,L
18.98,1789566534.686,cone,0,6.697,-4.331,277,1.495761412538119,22.78797739169037,1.05,1.0,2818.0,7.0,0.0,L
19.03,1789566534.736,cone,0,6.688,-4.266,273,1.5276240785729926,21.898320387330248,1.05,1.0,3002.0,8.0,0.0,L
19.08,1789566534.786,cone,0,6.704,-4.152,274,1.5589145848691752,20.898768783371573,1.05,1.0,3065.0,6.0,0.0,L
19.13,1789566534.836,cone,0,6.700,-4.050,272,1.5342211004625008,19.772197387622978,1.05,1.0,2988.0,7.0,0.0,L
19.18,1789566534.886,cone,0,6.720,-3.948,265,1.5643054648488142,18.62163988494474,1.05,1.0,2976.0,7.0,0.0,L
19.23,1789566534.936,cone,0,6.752,-3.768,271,1.5960667918268183,17.43634213081028,1.05,1.0,3158.0,7.0,0.0,L
19.28,1789566534.986,cone,0,6.741,-3.629,270,1.627307647742914,16.207695386689732,1.05,1.0,3228.0,7.0,0.0,L
19.33,1789566535.036,cone,0,6.741,-3.629,270,1.5871020457078224,14.910991077070756,0.9547574628421991,1.0,3228.0,7.0,0.0,L
19.33,1789566535.036,path,0,0.000,0.000,,1.5871020457078224,14.910991077070756,0.9547574628421991,1.0,3228.0,7.0,0.0,L
19.33,1789566535.036,path,1,0.305,-0.010,,1.5871020457078224,14.910991077070756,0.9547574628421991,1.0,3228.0,7.0,0.0,L
19.33,1789566535.036,path,2,0.595,-0.050,,1.5871020457078224,14.910991077070756,0.9547574628421991,1.0,3228.0,7.0,0.0,L
19.33,1789566535.036,path,3,0.886,-0.120,,1.5871020457078224,14.910991077070756,0.9547574628421991,1.0,3228.0,7.0,0.0,L
19.33,1789566535.036,path,4,1.173,-0.221,,1.5871020457078224,14.910991077070756,0.9547574628421991,1.0,3228.0,7.0,0.0,L
19.33,1789566535.036,path,5,1.449,-0.351,,1.5871020457078224,14.910991077070756,0.9547574628421991,1.0,3228.0,7.0,0.0,L
19.33,1789566535.036,path,6,1.699,-0.499,,1.5871020457078224,14.910991077070756,0.9547574628421991,1.0,3228.0,7.0,0.0,L
19.33,1789566535.036,path,7,1.945,-0.670,,1.5871020457078224,14.910991077070756,0.9547574628421991,1.0,3228.0,7.0,0.0,L
19.33,1789566535.036,path,8,2.169,-0.850,,1.5871020457078224,14.910991077070756,0.9547574628421991,1.0,3228.0,7.0,0.0,L
19.33,1789566535.036,path,9,2.355,-1.017,,1.5871020457078224,14.910991077070756,0.9547574628421991,1.0,3228.0,7.0,0.0,L
19.33,1789566535.036,path,10,2.509,-1.164,,1.5871020457078224,14.910991077070756,0.9547574628421991,1.0,3228.0,7.0,0.0,L
19.33,1789566535.036,path,11,2.657,-1.305,,1.5871020457078224,14.910991077070756,0.9547574628421991,1.0,3228.0,7.0,0.0,L
19.33,1789566535.036,path,12,2.813,-1.447,,1.5871020457078224,14.910991077070756,0.9547574628421991,1.0,3228.0,7.0,0.0,L
19.33,1789566535.036,path,13,2.936,-1.558,,1.5871020457078224,14.910991077070756,0.9547574628421991,1.0,3228.0,7.0,0.0,L
19.33,1789566535.036,path,14,3.033,-1.642,,1.5871020457078224,14.910991077070756,0.9547574628421991,1.0,3228.0,7.0,0.0,L
19.33,1789566535.036,path,15,3.137,-1.729,,1.5871020457078224,14.910991077070756,0.9547574628421991,1.0,3228.0,7.0,0.0,L
19.33,1789566535.036,path,16,3.266,-1.832,,1.5871020457078224,14.910991077070756,0.9547574628421991,1.0,3228.0,7.0,0.0,L
19.33,1789566535.036,path,17,3.396,-1.929,,1.5871020457078224,14.910991077070756,0.9547574628421991,1.0,3228.0,7.0,0.0,L
19.33,1789566535.036,path,18,3.561,-2.040,,1.5871020457078224,14.910991077070756,0.9547574628421991,1.0,3228.0,7.0,0.0,L
19.33,1789566535.036,path,19,3.730,-2.148,,1.5871020457078224,14.910991077070756,0.9547574628421991,1.0,3228.0,7.0,0.0,L
19.33,1789566535.036,path,20,3.911,-2.263,,1.5871020457078224,14.910991077070756,0.9547574628421991,1.0,3228.0,7.0,0.0,L
19.38,1789566535.086,cone,0,6.772,-3.418,282,1.6004495766481008,13.538833972522825,1.0022716819023922,1.0,3976.0,4.0,0.0,L
19.43,1789566535.136,cone,0,6.809,-3.154,258,1.615650330970503,12.288265929504114,1.05,1.0,3977.0,5.0,0.0,L
19.48,1789566535.186,cone,0,6.799,-2.995,277,1.630726460612629,10.968325817845155,1.05,1.0,3961.0,4.0,0.0,L
19.53,1789566535.236,cone,0,6.803,-2.849,275,1.5981224939315157,9.652206112642606,1.05,1.0,3423.0,4.0,0.0,L
19.58,1789566535.286,cone,0,6.798,-2.699,289,1.6070351986024458,8.37140962059801,1.05,1.0,3124.0,6.0,0.0,L
19.63,1789566535.336,cone,0,6.802,-2.551,275,1.6205135044727104,7.1249009095830695,1.05,1.0,3082.0,6.0,0.0,L
19.68,1789566535.386,cone,0,6.808,-2.348,273,1.6331766169846431,5.887099887848221,1.05,1.0,3081.0,6.0,0.0,L
19.73,1789566535.436,cone,0,6.808,-2.196,271,1.5865917811789036,4.662272710472729,1.05,1.0,3055.0,6.0,0.0,L
19.78,1789566535.486,cone,0,6.803,-2.051,255,1.5858806190257508,3.4621641420462903,1.05,1.0,2982.0,6.0,0.0,L
19.83,1789566535.536,cone,0,6.789,-1.903,272,1.5837692133252133,2.287893708994313,1.05,1.0,2985.0,6.0,0.0,L
19.88,1789566535.586,cone,0,6.750,-1.750,271,1.5818581254261617,1.1031773737698554,1.05,1.0,2986.0,6.0,0.0,L
19.93,1789566535.636,cone,0,6.737,-1.621,277,1.5446574327076608,-0.0548079726645327,1.05,1.0,2957.0,6.0,0.0,L
19.98,1789566535.686,cone,0,6.697,-1.486,281,1.541853052609432,-1.2271462633917454,1.05,1.0,2916.0,6.0,0.0,L
20.03,1789566535.736,cone,0,6.688,-1.321,281,1.5367871629746668,-2.400658859221997,1.05,1.0,2949.0,6.0,0.0,L
20.08,1789566535.786,cone,0,6.660,-1.212,274,1.5328185660093474,-3.5692821344904595,1.048513688091339,1.0,2916.0,5.0,0.0,L
20.13,1789566535.836,cone,0,6.595,-1.016,282,1.490603323702573,-4.722014667862883,1.05,1.0,2713.0,5.0,0.0,L
20.18,1789566535.886,cone,0,6.583,-0.921,279,1.4789166592265939,-5.851105106982216,1.05,1.0,2797.0,5.0,0.0,L
20.23,1789566535.936,cone,0,6.521,-0.744,289,1.4645169295736105,-6.9919638948553695,1.05,1.0,2732.0,5.0,0.0,L
20.28,1789566535.986,cone,0,6.490,-0.617,282,1.449407750525623,-8.13173743788251,1.05,1.0,2707.0,5.0,0.0,L
20.33,1789566536.036,cone,0,6.448,-0.499,281,1.4155475708893017,-9.2861621760667,1.05,1.0,2602.0,6.0,0.0,L
20.33,1789566536.036,path,0,0.000,0.000,,1.4155475708893017,-9.2861621760667,1.05,1.0,2602.0,6.0,0.0,L
20.33,1789566536.036,path,1,0.300,-0.009,,1.4155475708893017,-9.2861621760667,1.05,1.0,2602.0,6.0,0.0,L
20.33,1789566536.036,path,2,0.600,-0.039,,1.4155475708893017,-9.2861621760667,1.05,1.0,2602.0,6.0,0.0,L
20.33,1789566536.036,path,3,0.875,-0.074,,1.4155475708893017,-9.2861621760667,1.05,1.0,2602.0,6.0,0.0,L
20.33,1789566536.036,path,4,1.130,-0.102,,1.4155475708893017,-9.2861621760667,1.05,1.0,2602.0,6.0,0.0,L
20.33,1789566536.036,path,5,1.373,-0.121,,1.4155475708893017,-9.2861621760667,1.05,1.0,2602.0,6.0,0.0,L
20.33,1789566536.036,path,6,1.624,-0.128,,1.4155475708893017,-9.2861621760667,1.05,1.0,2602.0,6.0,0.0,L
20.33,1789566536.036,path,7,1.841,-0.121,,1.4155475708893017,-9.2861621760667,1.05,1.0,2602.0,6.0,0.0,L
20.33,1789566536.036,path,8,2.021,-0.105,,1.4155475708893017,-9.2861621760667,1.05,1.0,2602.0,6.0,0.0,L
20.33,1789566536.036,path,9,2.170,-0.083,,1.4155475708893017,-9.2861621760667,1.05,1.0,2602.0,6.0,0.0,L
20.33,1789566536.036,path,10,2.315,-0.058,,1.4155475708893017,-9.2861621760667,1.05,1.0,2602.0,6.0,0.0,L
20.33,1789566536.036,path,11,2.442,-0.032,,1.4155475708893017,-9.2861621760667,1.05,1.0,2602.0,6.0,0.0,L
20.33,1789566536.036,path,12,2.562,-0.007,,1.4155475708893017,-9.2861621760667,1.05,1.0,2602.0,6.0,0.0,L
20.33,1789566536.036,path,13,2.681,0.017,,1.4155475708893017,-9.2861621760667,1.05,1.0,2602.0,6.0,0.0,L
20.33,1789566536.036,path,14,2.808,0.040,,1.4155475708893017,-9.2861621760667,1.05,1.0,2602.0,6.0,0.0,L
20.33,1789566536.036,path,15,2.969,0.064,,1.4155475708893017,-9.2861621760667,1.05,1.0,2602.0,6.0,0.0,L
20.33,1789566536.036,path,16,3.168,0.088,,1.4155475708893017,-9.2861621760667,1.05,1.0,2602.0,6.0,0.0,L
20.33,1789566536.036,path,17,3.358,0.104,,1.4155475708893017,-9.2861621760667,1.05,1.0,2602.0,6.0,0.0,L
20.33,1789566536.036,path,18,3.509,0.117,,1.4155475708893017,-9.2861621760667,1.05,1.0,2602.0,6.0,0.0,L
20.33,1789566536.036,path,19,3.658,0.130,,1.4155475708893017,-9.2861621760667,1.05,1.0,2602.0,6.0,0.0,L
20.33,1789566536.036,path,20,3.830,0.150,,1.4155475708893017,-9.2861621760667,1.05,1.0,2602.0,6.0,0.0,L
20.38,1789566536.086,cone,0,6.404,-0.395,276,1.3982817442557467,-10.430278909837302,1.05,1.0,2617.0,6.0,0.0,L
20.43,1789566536.136,cone,0,6.347,-0.222,280,1.3816313085653513,-11.568516445289287,1.05,1.0,2883.0,6.0,0.0,L
20.48,1789566536.186,cone,0,6.300,-0.101,280,1.370090711203478,-12.701658563994343,1.05,1.0,2887.0,6.0,0.0,L
20.53,1789566536.236,cone,0,6.258,-0.001,277,1.3154964796746433,-13.833975202714813,1.05,1.0,2937.0,7.0,0.0,L
20.58,1789566536.286,cone,0,6.189,0.184,281,1.2997211502867987,-14.949278896822918,1.05,1.0,3018.0,7.0,0.0,L
20.63,1789566536.336,cone,0,6.111,0.307,279,1.274853938256629,-16.025057036609677,1.05,1.0,2934.0,7.0,0.0,L
20.68,1789566536.386,cone,0,6.060,0.400,274,1.2491277810541346,-17.058835672191105,1.05,1.0,2998.0,7.0,0.0,L
20.73,1789566536.436,cone,0,5.994,0.534,267,1.214943793030583,-18.056125869903198,1.05,1.0,2940.0,6.0,0.0,L
20.78,1789566536.486,cone,0,5.917,0.666,271,1.2027172427507595,-19.034575877243785,1.05,1.0,3001.0,6.0,0.0,L
20.83,1789566536.536,cone,0,5.869,0.756,277,1.1842904431330645,-19.95789364175939,1.05,1.0,2867.0,5.0,0.0,L
20.88,1789566536.586,cone,0,5.774,0.873,274,1.1560884767445363,-20.81840336925512,1.05,1.0,2885.0,5.0,0.0,L
20.93,1789566536.636,cone,0,5.727,0.964,273,1.0973009639083746,-21.63283660032061,1.05,1.0,2830.0,5.0,0.0,L
20.98,1789566536.686,cone,0,5.650,1.050,281,1.0771077153291715,-22.384653788743858,1.05,1.0,2611.0,4.0,0.0,L
21.03,1789566536.736,cone,0,5.556,1.139,273,1.0559054843810614,-23.06083622214005,1.05,1.0,2331.0,4.0,0.0,L
21.08,1789566536.786,cone,0,5.480,1.172,274,1.0240241998465387,-23.68663024067686,1.05,1.0,2220.0,5.0,0.0,L
21.13,1789566536.836,cone,0,5.439,1.228,277,0.9727108191821121,-24.211008532371785,1.05,1.0,2021.0,5.0,0.0,L
21.18,1789566536.886,cone,0,5.342,1.335,275,0.951580465433816,-24.660260251933597,1.05,1.0,1970.0,5.0,0.0,L
21.23,1789566536.936,cone,0,5.271,1.373,277,0.9295024478397207,-25.068408896378738,1.05,1.0,1982.0,5.0,0.0,L
21.28,1789566536.986,cone,0,5.236,1.409,272,0.8960843924739214,-25.360759069291383,1.05,1.0,1956.0,5.0,0.0,L
21.33,1789566537.036,cone,0,5.170,1.444,274,0.8687799160115135,-25.60330025733688,1.05,1.0,2019.0,5.0,0.0,L
21.33,1789566537.036,path,0,0.000,0.000,,0.8687799160115135,-25.60330025733688,1.05,1.0,2019.0,5.0,0.0,L
21.33,1789566537.036,path,1,0.203,0.004,,0.8687799160115135,-25.60330025733688,1.05,1.0,2019.0,5.0,0.0,L
21.33,1789566537.036,path,2,0.397,0.021,,0.8687799160115135,-25.60330025733688,1.05,1.0,2019.0,5.0,0.0,L
21.33,1789566537.036,path,3,0.607,0.053,,0.8687799160115135,-25.60330025733688,1.05,1.0,2019.0,5.0,0.0,L
21.33,1789566537.036,path,4,0.822,0.100,,0.8687799160115135,-25.60330025733688,1.05,1.0,2019.0,5.0,0.0,L
21.33,1789566537.036,path,5,1.049,0.162,,0.8687799160115135,-25.60330025733688,1.05,1.0,2019.0,5.0,0.0,L
21.33,1789566537.036,path,6,1.242,0.229,,0.8687799160115135,-25.60330025733688,1.05,1.0,2019.0,5.0,0.0,L
21.33,1789566537.036,path,7,1.415,0.303,,0.8687799160115135,-25.60330025733688,1.05,1.0,2019.0,5.0,0.0,L
21.33,1789566537.036,path,8,1.561,0.376,,0.8687799160115135,-25.60330025733688,1.05,1.0,2019.0,5.0,0.0,L
21.33,1789566537.036,path,9,1.716,0.460,,0.8687799160115135,-25.60330025733688,1.05,1.0,2019.0,5.0,0.0,L
21.33,1789566537.036,path,10,1.882,0.558,,0.8687799160115135,-25.60330025733688,1.05,1.0,2019.0,5.0,0.0,L
21.33,1789566537.036,path,11,2.038,0.659,,0.8687799160115135,-25.60330025733688,1.05,1.0,2019.0,5.0,0.0,L
21.33,1789566537.036,path,12,2.180,0.757,,0.8687799160115135,-25.60330025733688,1.05,1.0,2019.0,5.0,0.0,L
21.33,1789566537.036,path,13,2.318,0.859,,0.8687799160115135,-25.60330025733688,1.05,1.0,2019.0,5.0,0.0,L
21.33,1789566537.036,path,14,2.455,0.969,,0.8687799160115135,-25.60330025733688,1.05,1.0,2019.0,5.0,0.0,L
21.33,1789566537.036,path,15,2.581,1.073,,0.8687799160115135,-25.60330025733688,1.05,1.0,2019.0,5.0,0.0,L
21.33,1789566537.036,path,16,2.687,1.167,,0.8687799160115135,-25.60330025733688,1.05,1.0,2019.0,5.0,0.0,L
21.33,1789566537.036,path,17,2.796,1.271,,0.8687799160115135,-25.60330025733688,1.05,1.0,2019.0,5.0,0.0,L
21.33,1789566537.036,path,18,2.907,1.389,,0.8687799160115135,-25.60330025733688,1.05,1.0,2019.0,5.0,0.0,L
21.33,1789566537.036,path,19,3.012,1.509,,0.8687799160115135,-25.60330025733688,1.05,1.0,2019.0,5.0,0.0,L
21.33,1789566537.036,path,20,3.111,1.624,,0.8687799160115135,-25.60330025733688,1.05,1.0,2019.0,5.0,0.0,L
21.38,1789566537.086,cone,0,5.090,1.481,271,0.8482001986141151,-25.782684890378242,1.05,1.0,1999.0,5.0,0.0,L
21.43,1789566537.136,cone,0,4.937,1.496,310,0.8263204664755053,-25.89908823394664,1.05,1.0,2026.0,5.0,0.0,L
21.48,1789566537.186,cone,0,4.863,1.443,307,0.8043149504542997,-25.9449818974309,1.05,1.0,2024.0,5.0,0.0,L
21.53,1789566537.236,cone,0,4.824,1.439,305,0.7538108481679254,-25.943046824321375,1.05,1.0,2011.0,5.0,0.0,L
21.58,1789566537.286,cone,0,4.731,1.513,310,0.7277056336411721,-25.860860930240044,1.05,1.0,1976.0,5.0,0.0,L
21.63,1789566537.336,cone,0,4.697,1.517,286,0.6958386528708973,-25.716776977395828,1.05,1.0,1964.0,5.0,0.0,L
21.68,1789566537.386,cone,0,4.731,1.507,274,0.664458201504856,-25.48614504965519,1.05,1.0,1935.0,5.0,0.0,L
21.73,1789566537.436,cone,0,4.731,1.507,274,0.6664873775097818,-25.164879723220647,1.05,1.0,1935.0,5.0,0.0,L
21.78,1789566537.486,cone,0,4.634,1.474,288,0.6530571134418368,-24.79276275330284,1.05,1.0,1919.0,6.0,0.0,L
21.83,1789566537.536,cone,0,4.516,1.446,268,0.6356565480902094,-24.34340268348029,1.05,1.0,1758.0,6.0,0.0,L
21.88,1789566537.586,cone,0,4.465,1.435,274,0.6010316890034417,-23.791901396002423,1.05,1.0,1639.0,5.0,0.0,L
21.93,1789566537.636,cone,0,4.426,1.358,278,0.5924182901339011,-23.17796727376211,1.05,1.0,1653.0,6.0,0.0,L
21.98,1789566537.686,cone,0,4.371,1.335,272,0.5583250497024768,-22.47746115853214,1.05,1.0,1619.0,6.0,0.0,L
22.03,1789566537.736,cone,0,4.311,1.285,285,0.5312056238635628,-21.653563956648608,1.05,1.0,1515.0,5.0,0.0,L
22.08,1789566537.786,cone,0,4.255,1.251,279,0.5043950515697585,-20.74565772217907,1.05,1.0,1454.0,5.0,0.0,L
22.13,1789566537.836,cone,0,4.255,1.251,279,0.5523619152569007,-19.79801965732589,1.05,1.0,1454.0,5.0,0.0,L
22.18,1789566537.886,cone,0,4.186,1.110,304,0.5379069385298277,-18.814170914533843,1.05,1.0,1514.0,5.0,0.0,L
22.23,1789566537.936,cone,0,4.099,0.992,285,0.5236307177786593,-17.818582454276058,1.05,1.0,1314.0,5.0,0.0,L
22.28,1789566537.986,cone,0,4.056,0.936,279,0.5098795420025849,-16.787229485984593,1.05,1.0,1178.0,5.0,0.0,L
22.33,1789566538.036,cone,0,4.056,0.936,279,0.5251815692582725,-15.753147514807445,1.05,1.0,1178.0,5.0,0.0,L
22.33,1789566538.036,path,0,0.000,0.000,,0.5251815692582725,-15.753147514807445,1.05,1.0,1178.0,5.0,0.0,L
22.33,1789566538.036,path,1,0.144,0.002,,0.5251815692582725,-15.753147514807445,1.05,1.0,1178.0,5.0,0.0,L
22.33,1789566538.036,path,2,0.293,0.011,,0.5251815692582725,-15.753147514807445,1.05,1.0,1178.0,5.0,0.0,L
22.33,1789566538.036,path,3,0.457,0.030,,0.5251815692582725,-15.753147514807445,1.05,1.0,1178.0,5.0,0.0,L
22.33,1789566538.036,path,4,0.594,0.053,,0.5251815692582725,-15.753147514807445,1.05,1.0,1178.0,5.0,0.0,L
22.33,1789566538.036,path,5,0.711,0.078,,0.5251815692582725,-15.753147514807445,1.05,1.0,1178.0,5.0,0.0,L
22.33,1789566538.036,path,6,0.829,0.108,,0.5251815692582725,-15.753147514807445,1.05,1.0,1178.0,5.0,0.0,L
22.33,1789566538.036,path,7,0.974,0.152,,0.5251815692582725,-15.753147514807445,1.05,1.0,1178.0,5.0,0.0,L
22.33,1789566538.036,path,8,1.121,0.206,,0.5251815692582725,-15.753147514807445,1.05,1.0,1178.0,5.0,0.0,L
22.33,1789566538.036,path,9,1.296,0.280,,0.5251815692582725,-15.753147514807445,1.05,1.0,1178.0,5.0,0.0,L
22.33,1789566538.036,path,10,1.486,0.377,,0.5251815692582725,-15.753147514807445,1.05,1.0,1178.0,5.0,0.0,L
22.33,1789566538.036,path,11,1.684,0.497,,0.5251815692582725,-15.753147514807445,1.05,1.0,1178.0,5.0,0.0,L
22.33,1789566538.036,path,12,1.847,0.612,,0.5251815692582725,-15.753147514807445,1.05,1.0,1178.0,5.0,0.0,L
22.33,1789566538.036,path,13,1.994,0.732,,0.5251815692582725,-15.753147514807445,1.05,1.0,1178.0,5.0,0.0,L
22.33,1789566538.036,path,14,2.161,0.884,,0.5251815692582725,-15.753147514807445,1.05,1.0,1178.0,5.0,0.0,L
22.33,1789566538.036,path,15,2.320,1.046,,0.5251815692582725,-15.753147514807445,1.05,1.0,1178.0,5.0,0.0,L
22.33,1789566538.036,path,16,2.480,1.227,,0.5251815692582725,-15.753147514807445,1.05,1.0,1178.0,5.0,0.0,L
22.33,1789566538.036,path,17,2.603,1.383,,0.5251815692582725,-15.753147514807445,1.05,1.0,1178.0,5.0,0.0,L
22.33,1789566538.036,path,18,2.704,1.528,,0.5251815692582725,-15.753147514807445,1.05,1.0,1178.0,5.0,0.0,L
22.33,1789566538.036,path,19,2.815,1.699,,0.5251815692582725,-15.753147514807445,1.05,1.0,1178.0,5.0,0.0,L
22.33,1789566538.036,path,20,2.927,1.884,,0.5251815692582725,-15.753147514807445,1.05,1.0,1178.0,5.0,0.0,L
22.38,1789566538.086,cone,0,4.025,0.823,305,0.5137933316292356,-14.752225768867637,1.05,1.0,1079.0,4.0,0.0,L
22.43,1789566538.136,cone,0,3.944,0.684,293,0.501122363341111,-13.72206741198981,1.05,1.0,895.0,3.0,0.0,L
22.48,1789566538.186,cone,0,3.882,0.609,289,0.4890300588311838,-12.692138342737266,1.05,1.0,845.0,3.0,0.0,L
22.53,1789566538.236,cone,0,3.839,0.558,281,0.5414571244994675,-11.655145402822138,1.05,1.0,803.0,3.0,0.0,L
22.58,1789566538.286,cone,0,3.784,0.476,287,0.5404236270766317,-10.63304019088418,1.05,1.0,897.0,4.0,0.0,L
22.63,1789566538.336,cone,0,3.722,0.408,285,0.5408092700175593,-9.671558912912994,1.05,1.0,895.0,4.0,0.0,L
22.68,1789566538.386,cone,0,3.667,0.310,287,0.5421890914319731,-8.737917669157204,1.05,1.0,926.0,4.0,0.0,L
22.73,1789566538.436,cone,0,3.607,0.477,331,0.5800212881961978,-7.7359426363917025,1.05,1.0,974.0,4.0,0.0,L
22.78,1789566538.486,cone,0,3.569,0.430,334,0.582149660901206,-6.776580085416239,1.05,1.0,1000.0,4.0,0.0,L
22.83,1789566538.536,cone,0,3.500,0.100,276,0.5852437563268058,-5.854753055017828,1.05,1.0,865.0,4.0,0.0,L
22.88,1789566538.586,cone,0,3.434,0.028,277,0.5877704057690217,-4.972582285626408,1.05,1.0,750.0,3.0,0.0,L
22.93,1789566538.636,cone,0,3.374,-0.056,260,0.6326204799782402,-4.042564409603372,1.05,1.0,753.0,3.0,0.0,L
22.98,1789566538.686,cone,0,3.318,-0.073,273,0.643060982999375,-3.066699329114143,1.05,1.0,746.0,3.0,0.0,L
23.03,1789566538.736,cone,0,3.275,-0.156,277,0.6544252270732461,-2.0670220979050344,1.05,1.0,762.0,3.0,0.0,L
23.08,1789566538.786,cone,0,3.190,-0.207,282,0.6663237583459887,-1.0901590742896925,1.05,1.0,749.0,3.0,0.0,L
23.13,1789566538.836,cone,0,3.110,-0.257,278,0.6991670305595862,-0.08879350264820089,1.05,1.0,699.0,3.0,0.0,L
23.18,1789566538.886,cone,0,3.047,-0.306,285,0.7105828436155667,0.8919816383447459,1.05,1.0,825.0,4.0,0.0,L
23.23,1789566538.936,cone,0,2.982,-0.372,272,0.7252005315988379,1.8316372115475952,1.05,1.0,811.0,4.0,0.0,L
23.28,1789566538.986,cone,0,2.935,-0.431,275,0.7404115816346646,2.707213202900338,1.05,1.0,791.0,4.0,0.0,L
23.33,1789566539.036,cone,0,2.869,-0.467,277,0.7895242294507672,3.543239739901231,1.05,1.0,780.0,4.0,0.0,L
23.33,1789566539.036,path,0,0.000,0.000,,0.7895242294507672,3.543239739901231,1.05,1.0,780.0,4.0,0.0,L
23.33,1789566539.036,path,1,0.120,0.000,,0.7895242294507672,3.543239739901231,1.05,1.0,780.0,4.0,0.0,L
23.33,1789566539.036,path,2,0.239,0.003,,0.7895242294507672,3.543239739901231,1.05,1.0,780.0,4.0,0.0,L
23.33,1789566539.036,path,3,0.359,0.007,,0.7895242294507672,3.543239739901231,1.05,1.0,780.0,4.0,0.0,L
23.33,1789566539.036,path,4,0.481,0.013,,0.7895242294507672,3.543239739901231,1.05,1.0,780.0,4.0,0.0,L
23.33,1789566539.036,path,5,0.600,0.021,,0.7895242294507672,3.543239739901231,1.05,1.0,780.0,4.0,0.0,L
23.33,1789566539.036,path,6,0.732,0.031,,0.7895242294507672,3.543239739901231,1.05,1.0,780.0,4.0,0.0,L
23.33,1789566539.036,path,7,0.854,0.042,,0.7895242294507672,3.543239739901231,1.05,1.0,780.0,4.0,0.0,L
23.33,1789566539.036,path,8,0.978,0.055,,0.7895242294507672,3.543239739901231,1.05,1.0,780.0,4.0,0.0,L
23.33,1789566539.036,path,9,1.135,0.074,,0.7895242294507672,3.543239739901231,1.05,1.0,780.0,4.0,0.0,L
23.33,1789566539.036,path,10,1.315,0.102,,0.7895242294507672,3.543239739901231,1.05,1.0,780.0,4.0,0.0,L
23.33,1789566539.036,path,11,1.521,0.144,,0.7895242294507672,3.543239739901231,1.05,1.0,780.0,4.0,0.0,L
23.33,1789566539.036,path,12,1.734,0.204,,0.7895242294507672,3.543239739901231,1.05,1.0,780.0,4.0,0.0,L
23.33,1789566539.036,path,13,1.924,0.273,,0.7895242294507672,3.543239739901231,1.05,1.0,780.0,4.0,0.0,L
23.33,1789566539.036,path,14,2.109,0.355,,0.7895242294507672,3.543239739901231,1.05,1.0,780.0,4.0,0.0,L
23.33,1789566539.036,path,15,2.250,0.425,,0.7895242294507672,3.543239739901231,1.05,1.0,780.0,4.0,0.0,L
23.33,1789566539.036,path,16,2.359,0.481,,0.7895242294507672,3.543239739901231,1.05,1.0,780.0,4.0,0.0,L
23.33,1789566539.036,path,17,2.465,0.537,,0.7895242294507672,3.543239739901231,1.05,1.0,780.0,4.0,0.0,L
23.33,1789566539.036,path,18,2.582,0.599,,0.7895242294507672,3.543239739901231,1.05,1.0,780.0,4.0,0.0,L
23.33,1789566539.036,path,19,2.702,0.664,,0.7895242294507672,3.543239739901231,1.05,1.0,780.0,4.0,0.0,L
23.33,1789566539.036,path,20,2.834,0.737,,0.7895242294507672,3.543239739901231,1.05,1.0,780.0,4.0,0.0,L
23.38,1789566539.086,cone,0,2.768,-0.550,277,0.8081452222856113,4.320011636560238,1.05,1.0,745.0,4.0,0.0,L
23.43,1789566539.136,cone,0,2.735,-0.534,269,0.8296587750588545,5.016614012579286,1.05,1.0,747.0,4.0,0.0,L
23.48,1789566539.186,cone,0,2.669,-0.596,281,0.8511841774511089,5.644625972344774,1.05,1.0,722.0,4.0,0.0,L
23.53,1789566539.236,cone,0,2.568,-0.653,276,0.8781116897016774,6.207443962069688,1.05,1.0,647.0,3.0,0.0,L
23.58,1789566539.286,cone,0,2.512,-0.670,285,0.8928729562130404,6.673301705967078,1.05,1.0,893.0,4.0,0.0,L
23.63,1789566539.336,cone,0,2.429,-0.740,277,0.915501672467604,7.082669593447089,1.05,1.0,967.0,4.0,0.0,L
23.68,1789566539.386,cone,0,2.362,-0.736,287,0.9384473626237224,7.444844456326866,1.05,1.0,962.0,4.0,0.0,L
23.73,1789566539.436,cone,0,2.298,-0.749,273,0.9702726660470149,7.716395077397855,1.05,1.0,1172.0,5.0,0.0,L
23.78,1789566539.486,cone,0,2.222,-0.757,281,0.9871472022945961,7.9000664441626025,1.05,1.0,1195.0,5.0,0.0,L
23.83,1789566539.536,cone,0,2.168,-0.766,268,1.0126158289487945,8.010905546398762,1.05,1.0,1178.0,5.0,0.0,L
23.88,1789566539.586,cone,0,2.100,-0.800,260,1.038216092533302,8.047100487275014,1.05,1.0,1185.0,5.0,0.0,L
23.93,1789566539.636,cone,0,2.018,-0.806,267,1.0475651133055945,8.022054660338203,1.05,1.0,1310.0,6.0,0.0,L
23.98,1789566539.686,cone,0,1.933,-0.822,271,1.0727272966439572,7.945815936910552,1.05,1.0,1313.0,5.0,0.0,L
24.03,1789566539.736,cone,0,1.905,-0.801,258,1.0962605802744974,7.789100347373365,1.05,1.0,1324.0,5.0,0.0,L
24.08,1789566539.786,cone,0,1.841,-0.830,255,1.1197750345795787,7.546209598141282,1.05,1.0,1195.0,5.0,0.0,L
24.13,1789566539.836,cone,0,1.815,-0.824,245,1.100418796578575,7.25198565608578,1.05,1.0,1281.0,6.0,0.0,L
24.18,1789566539.886,cone,0,1.635,-1.186,157,1.1145669537229064,6.878590058097286,1.05,1.0,1209.0,6.0,0.0,L
24.23,1789566539.936,cone,0,1.565,-1.186,157,1.129246866442037,6.513176820987538,1.05,1.0,1230.0,5.0,0.0,L
24.28,1789566539.986,cone,0,1.500,-1.150,162,1.1446665495185866,6.1799851352417035,1.05,1.0,1219.0,5.0,0.0,L
24.33,1789566540.036,cone,0,1.465,-1.135,162,1.1533431097876112,5.848170322532603,1.05,1.0,1084.0,5.0,0.0,L
24.33,1789566540.036,path,0,0.000,0.000,,1.1533431097876112,5.848170322532603,1.05,1.0,1084.0,5.0,0.0,L
24.33,1789566540.036,path,1,0.263,0.003,,1.1533431097876112,5.848170322532603,1.05,1.0,1084.0,5.0,0.0,L
24.33,1789566540.036,path,2,0.562,0.012,,1.1533431097876112,5.848170322532603,1.05,1.0,1084.0,5.0,0.0,L
24.33,1789566540.036,path,3,0.856,0.016,,1.1533431097876112,5.848170322532603,1.05,1.0,1084.0,5.0,0.0,L
24.33,1789566540.036,path,4,1.133,0.003,,1.1533431097876112,5.848170322532603,1.05,1.0,1084.0,5.0,0.0,L
24.33,1789566540.036,path,5,1.403,-0.035,,1.1533431097876112,5.848170322532603,1.05,1.0,1084.0,5.0,0.0,L
24.33,1789566540.036,path,6,1.692,-0.103,,1.1533431097876112,5.848170322532603,1.05,1.0,1084.0,5.0,0.0,L
24.33,1789566540.036,path,7,1.961,-0.195,,1.1533431097876112,5.848170322532603,1.05,1.0,1084.0,5.0,0.0,L
24.33,1789566540.036,path,8,2.209,-0.303,,1.1533431097876112,5.848170322532603,1.05,1.0,1084.0,5.0,0.0,L
24.33,1789566540.036,path,9,2.459,-0.436,,1.1533431097876112,5.848170322532603,1.05,1.0,1084.0,5.0,0.0,L
24.33,1789566540.036,path,10,2.709,-0.586,,1.1533431097876112,5.848170322532603,1.05,1.0,1084.0,5.0,0.0,L
24.33,1789566540.036,path,11,2.951,-0.743,,1.1533431097876112,5.848170322532603,1.05,1.0,1084.0,5.0,0.0,L
24.33,1789566540.036,path,12,3.201,-0.916,,1.1533431097876112,5.848170322532603,1.05,1.0,1084.0,5.0,0.0,L
24.33,1789566540.036,path,13,3.438,-1.083,,1.1533431097876112,5.848170322532603,1.05,1.0,1084.0,5.0,0.0,L
24.33,1789566540.036,path,14,3.670,-1.235,,1.1533431097876112,5.848170322532603,1.05,1.0,1084.0,5.0,0.0,L
24.33,1789566540.036,path,15,3.879,-1.359,,1.1533431097876112,5.848170322532603,1.05,1.0,1084.0,5.0,0.0,L
24.33,1789566540.036,path,16,4.062,-1.463,,1.1533431097876112,5.848170322532603,1.05,1.0,1084.0,5.0,0.0,L
24.33,1789566540.036,path,17,4.253,-1.567,,1.1533431097876112,5.848170322532603,1.05,1.0,1084.0,5.0,0.0,L
24.33,1789566540.036,path,18,4.454,-1.673,,1.1533431097876112,5.848170322532603,1.05,1.0,1084.0,5.0,0.0,L
24.33,1789566540.036,path,19,4.652,-1.772,,1.1533431097876112,5.848170322532603,1.05,1.0,1084.0,5.0,0.0,L
24.33,1789566540.036,path,20,4.829,-1.851,,1.1533431097876112,5.848170322532603,1.05,1.0,1084.0,5.0,0.0,L
24.38,1789566540.086,cone,0,1.400,-1.100,148,1.1683812974345316,5.493799808957262,1.05,1.0,1164.0,6.0,0.0,L
24.43,1789566540.136,cone,0,1.273,-1.091,155,1.1892405353572368,5.230407967368925,1.05,1.0,1014.0,5.0,0.0,L
24.48,1789566540.186,cone,0,1.257,-1.105,160,1.2098740343987464,5.0354944749725465,1.05,1.0,903.0,4.0,0.0,L
24.53,1789566540.236,cone,0,1.207,-1.105,146,1.177910054400331,4.9144328595735205,1.05,1.0,1184.0,6.0,0.0,L
24.58,1789566540.286,cone,0,1.171,-1.119,155,1.1852043813417024,4.752721767182288,1.05,1.0,1280.0,7.0,0.0,L
24.63,1789566540.336,cone,0,1.115,-1.115,143,1.197961538861479,4.609931441455265,1.05,1.0,1085.0,7.0,0.0,L
24.68,1789566540.386,cone,0,1.032,-1.133,137,1.2105743525375243,4.570495623129051,1.05,1.0,2163.0,9.0,0.0,L
24.73,1789566540.436,cone,0,1.027,-1.132,138,1.2115031784884123,4.742767009134054,1.05,1.0,2888.0,7.0,0.0,L
24.78,1789566540.486,cone,0,0.976,-1.135,124,1.2209759362661443,4.923834606766904,1.05,1.0,3884.0,7.0,0.0,L
24.83,1789566540.536,cone,0,0.976,-1.135,124,1.2301679937738217,5.214870427079235,1.05,1.0,3884.0,7.0,0.0,L
24.88,1789566540.586,none,-1,,,,1.2392851223139356,5.561087271432056,1.05,1.0,2732.0,7.0,0.0,L
24.93,1789566540.636,none,-1,,,,1.255421610233389,5.978266549911567,0.0,0.0,1496.0,7.0,0.0,L
24.98,1789566540.686,none,-1,,,,1.2651429440868156,6.396397763383846,0.0,0.0,768.0,5.0,0.0,L
25.03,1789566540.736,none,-1,,,,1.2766076963126445,6.766741529227608,0.0,0.0,674.0,4.0,0.0,L
25.08,1789566540.786,none,-1,,,,1.288600582856205,7.134479258817602,0.0,0.0,896.0,4.0,0.0,L
25.13,1789566540.836,none,-1,,,,1.3195848319442274,7.525971423294921,1.3195848319442274,0.0,913.0,4.0,0.0,L
25.18,1789566540.886,none,-1,,,,1.3282246587278825,7.811806287504524,1.3282246587278825,0.0,942.0,5.0,0.0,L
25.23,1789566540.936,none,-1,,,,1.3411518729622782,7.944627097964,1.3411518729622782,0.0,1024.0,5.0,0.0,L
25.28,1789566540.986,none,-1,,,,1.3546093122652503,7.978221153335255,1.3546093122652503,0.0,1090.0,5.0,0.0,L
25.33,1789566541.036,none,-1,,,,1.4100284442480528,7.9536847228821435,1.4100284442480528,0.0,1104.0,5.0,0.0,L
25.33,1789566541.036,path,0,0.000,0.000,,1.4100284442480528,7.9536847228821435,1.4100284442480528,0.0,1104.0,5.0,0.0,L
25.33,1789566541.036,path,1,0.304,-0.010,,1.4100284442480528,7.9536847228821435,1.4100284442480528,0.0,1104.0,5.0,0.0,L
25.33,1789566541.036,path,2,0.606,-0.052,,1.4100284442480528,7.9536847228821435,1.4100284442480528,0.0,1104.0,5.0,0.0,L
25.33,1789566541.036,path,3,0.900,-0.123,,1.4100284442480528,7.9536847228821435,1.4100284442480528,0.0,1104.0,5.0,0.0,L
25.33,1789566541.036,path,4,1.187,-0.225,,1.4100284442480528,7.9536847228821435,1.4100284442480528,0.0,1104.0,5.0,0.0,L
25.33,1789566541.036,path,5,1.440,-0.340,,1.4100284442480528,7.9536847228821435,1.4100284442480528,0.0,1104.0,5.0,0.0,L
25.33,1789566541.036,path,6,1.672,-0.461,,1.4100284442480528,7.9536847228821435,1.4100284442480528,0.0,1104.0,5.0,0.0,L
25.33,1789566541.036,path,7,1.923,-0.595,,1.4100284442480528,7.9536847228821435,1.4100284442480528,0.0,1104.0,5.0,0.0,L
25.33,1789566541.036,path,8,2.180,-0.723,,1.4100284442480528,7.9536847228821435,1.4100284442480528,0.0,1104.0,5.0,0.0,L
25.33,1789566541.036,path,9,2.445,-0.834,,1.4100284442480528,7.9536847228821435,1.4100284442480528,0.0,1104.0,5.0,0.0,L
25.33,1789566541.036,path,10,2.736,-0.924,,1.4100284442480528,7.9536847228821435,1.4100284442480528,0.0,1104.0,5.0,0.0,L
25.33,1789566541.036,path,11,3.033,-0.991,,1.4100284442480528,7.9536847228821435,1.4100284442480528,0.0,1104.0,5.0,0.0,L
25.33,1789566541.036,path,12,3.333,-1.041,,1.4100284442480528,7.9536847228821435,1.4100284442480528,0.0,1104.0,5.0,0.0,L
25.33,1789566541.036,path,13,3.633,-1.082,,1.4100284442480528,7.9536847228821435,1.4100284442480528,0.0,1104.0,5.0,0.0,L
25.33,1789566541.036,path,14,3.924,-1.115,,1.4100284442480528,7.9536847228821435,1.4100284442480528,0.0,1104.0,5.0,0.0,L
25.33,1789566541.036,path,15,4.179,-1.139,,1.4100284442480528,7.9536847228821435,1.4100284442480528,0.0,1104.0,5.0,0.0,L
25.33,1789566541.036,path,16,4.403,-1.155,,1.4100284442480528,7.9536847228821435,1.4100284442480528,0.0,1104.0,5.0,0.0,L
25.33,1789566541.036,path,17,4.603,-1.166,,1.4100284442480528,7.9536847228821435,1.4100284442480528,0.0,1104.0,5.0,0.0,L
25.33,1789566541.036,path,18,4.812,-1.174,,1.4100284442480528,7.9536847228821435,1.4100284442480528,0.0,1104.0,5.0,0.0,L
25.33,1789566541.036,path,19,4.995,-1.179,,1.4100284442480528,7.9536847228821435,1.4100284442480528,0.0,1104.0,5.0,0.0,L
25.33,1789566541.036,path,20,5.156,-1.182,,1.4100284442480528,7.9536847228821435,1.4100284442480528,0.0,1104.0,5.0,0.0,L
25.38,1789566541.086,none,-1,,,,1.4316830632359783,7.847655496653369,1.4316830632359783,0.0,1097.0,5.0,0.0,L
25.43,1789566541.136,none,-1,,,,1.4549753934787673,7.677021135525554,1.4549753934787673,0.0,1098.0,5.0,0.0,L
25.48,1789566541.186,none,-1,,,,1.4782593560242019,7.437019291653418,1.4782593560242019,0.0,1257.0,5.0,0.0,L
25.53,1789566541.236,none,-1,,,,1.480236690934308,7.120143231851847,1.480236690934308,0.0,1252.0,5.0,0.0,L
25.58,1789566541.286,none,-1,,,,1.497594937988274,6.75689238936601,1.497594937988274,0.0,1058.0,5.0,0.0,L
25.63,1789566541.336,none,-1,,,,1.520515752804368,6.3931581728016,1.520515752804368,0.0,1545.0,7.0,0.0,L
25.68,1789566541.386,none,-1,,,,1.5395275815561242,6.070667867151207,1.5395275815561242,0.0,1862.0,8.0,0.0,L
25.73,1789566541.436,none,-1,,,,1.5177216835847962,5.689372537039368,1.5177216835847962,0.0,1996.0,8.0,0.0,L
25.78,1789566541.486,none,-1,,,,1.5247414415011538,5.22254177067723,1.5247414415011538,0.0,1713.0,7.0,0.0,L
25.83,1789566541.536,none,-1,,,,1.5318323149809971,4.681890723917203,1.5318323149809971,0.0,1553.0,6.0,0.0,L
25.88,1789566541.586,none,-1,,,,1.538694319785978,4.167833013715164,1.538694319785978,0.0,1169.0,4.0,0.0,L
25.93,1789566541.636,none,-1,,,,1.526045536220673,3.723914528695008,1.526045536220673,0.0,1355.0,5.0,0.0,L
25.98,1789566541.686,none,-1,,,,1.530955373869385,3.301673299785851,1.530955373869385,0.0,1355.0,5.0,0.0,L
26.03,1789566541.736,none,-1,,,,1.5369823744677447,2.8998791637225154,1.5369823744677447,0.0,1345.0,5.0,0.0,L
26.08,1789566541.786,none,-1,,,,1.54279936236286,2.574562545056354,1.54279936236286,0.0,904.0,4.0,0.0,L
26.13,1789566541.836,none,-1,,,,1.5153903529608879,2.335820289791398,1.5153903529608879,0.0,1006.0,5.0,0.0,L
26.18,1789566541.886,none,-1,,,,1.5149538427661424,2.1007760427328503,1.5149538427661424,0.0,1001.0,5.0,0.0,L
26.23,1789566541.936,none,-1,,,,1.514635198424666,1.9771478049053857,1.514635198424666,0.0,1009.0,5.0,0.0,L
26.28,1789566541.986,none,-1,,,,1.5142532250699354,1.9603673464191265,1.5142532250699354,0.0,1018.0,5.0,0.0,L
26.33,1789566542.036,none,-1,,,,1.503195807309072,1.967248801119577,1.503195807309072,0.0,1009.0,5.0,0.0,L
26.33,1789566542.036,path,0,0.000,0.000,,1.503195807309072,1.967248801119577,1.503195807309072,0.0,1009.0,5.0,0.0,L
26.33,1789566542.036,path,1,0.305,-0.010,,1.503195807309072,1.967248801119577,1.503195807309072,0.0,1009.0,5.0,0.0,L
26.33,1789566542.036,path,2,0.602,-0.051,,1.503195807309072,1.967248801119577,1.503195807309072,0.0,1009.0,5.0,0.0,L
26.33,1789566542.036,path,3,0.898,-0.124,,1.503195807309072,1.967248801119577,1.503195807309072,0.0,1009.0,5.0,0.0,L
26.33,1789566542.036,path,4,1.181,-0.222,,1.503195807309072,1.967248801119577,1.503195807309072,0.0,1009.0,5.0,0.0,L
26.33,1789566542.036,path,5,1.456,-0.334,,1.503195807309072,1.967248801119577,1.503195807309072,0.0,1009.0,5.0,0.0,L
26.33,1789566542.036,path,6,1.701,-0.437,,1.503195807309072,1.967248801119577,1.503195807309072,0.0,1009.0,5.0,0.0,L
26.33,1789566542.036,path,7,1.908,-0.518,,1.503195807309072,1.967248801119577,1.503195807309072,0.0,1009.0,5.0,0.0,L
26.33,1789566542.036,path,8,2.083,-0.576,,1.503195807309072,1.967248801119577,1.503195807309072,0.0,1009.0,5.0,0.0,L
26.33,1789566542.036,path,9,2.240,-0.618,,1.503195807309072,1.967248801119577,1.503195807309072,0.0,1009.0,5.0,0.0,L
26.33,1789566542.036,path,10,2.415,-0.654,,1.503195807309072,1.967248801119577,1.503195807309072,0.0,1009.0,5.0,0.0,L
26.33,1789566542.036,path,11,2.564,-0.676,,1.503195807309072,1.967248801119577,1.503195807309072,0.0,1009.0,5.0,0.0,L
26.33,1789566542.036,path,12,2.701,-0.691,,1.503195807309072,1.967248801119577,1.503195807309072,0.0,1009.0,5.0,0.0,L
26.33,1789566542.036,path,13,2.867,-0.704,,1.503195807309072,1.967248801119577,1.503195807309072,0.0,1009.0,5.0,0.0,L
26.33,1789566542.036,path,14,3.049,-0.712,,1.503195807309072,1.967248801119577,1.503195807309072,0.0,1009.0,5.0,0.0,L
26.33,1789566542.036,path,15,3.258,-0.716,,1.503195807309072,1.967248801119577,1.503195807309072,0.0,1009.0,5.0,0.0,L
26.33,1789566542.036,path,16,3.433,-0.711,,1.503195807309072,1.967248801119577,1.503195807309072,0.0,1009.0,5.0,0.0,L
26.33,1789566542.036,path,17,3.568,-0.701,,1.503195807309072,1.967248801119577,1.503195807309072,0.0,1009.0,5.0,0.0,L
26.33,1789566542.036,path,18,3.722,-0.687,,1.503195807309072,1.967248801119577,1.503195807309072,0.0,1009.0,5.0,0.0,L
26.33,1789566542.036,path,19,3.901,-0.666,,1.503195807309072,1.967248801119577,1.503195807309072,0.0,1009.0,5.0,0.0,L
26.33,1789566542.036,path,20,4.078,-0.642,,1.503195807309072,1.967248801119577,1.503195807309072,0.0,1009.0,5.0,0.0,L
26.38,1789566542.086,none,-1,,,,1.503195807309072,1.9446626365824147,1.503195807309072,0.0,1003.0,5.0,0.0,L
26.43,1789566542.136,none,-1,,,,1.503195807309072,1.9198271327918073,1.503195807309072,0.0,1026.0,5.0,0.0,L
26.48,1789566542.186,none,-1,,,,1.503195807309072,1.9432124490211273,1.503195807309072,0.0,1026.0,5.0,0.0,L
26.53,1789566542.236,none,-1,,,,1.501779504235628,1.941958043477687,1.501779504235628,0.0,2021.0,6.0,0.0,L
26.58,1789566542.286,none,-1,,,,1.501779504235628,1.9366924160116976,1.501779504235628,0.0,2007.0,6.0,0.0,L
26.63,1789566542.336,none,-1,,,,1.501779504235628,1.930743335802575,1.501779504235628,0.0,1582.0,6.0,0.0,L
26.68,1789566542.386,none,-1,,,,1.501779504235628,1.9373191132934349,1.501779504235628,0.0,1742.0,7.0,0.0,L
26.73,1789566542.436,none,-1,,,,1.502035989402747,1.9430571757404118,1.502035989402747,0.0,1835.0,6.0,0.0,L
26.78,1789566542.486,none,-1,,,,1.502035989402747,1.939029848995979,1.502035989402747,0.0,1835.0,6.0,0.0,L
26.83,1789566542.536,none,-1,,,,1.502035989402747,1.9368914883726478,1.502035989402747,0.0,1450.0,5.0,0.0,L
26.88,1789566542.586,none,-1,,,,1.502035989402747,1.9447792291462147,1.502035989402747,0.0,1405.0,5.0,0.0,L
26.93,1789566542.636,none,-1,,,,1.503121431277246,1.939626209508102,1.503121431277246,0.0,1777.0,6.0,0.0,L
26.98,1789566542.686,none,-1,,,,1.503121431277246,1.9387809400858007,1.503121431277246,0.0,1781.0,6.0,0.0,L
27.03,1789566542.736,none,-1,,,,1.503121431277246,1.9349154768572572,1.503121431277246,0.0,1542.0,6.0,0.0,L
27.08,1789566542.786,none,-1,,,,1.503121431277246,1.9362271383900802,1.503121431277246,0.0,1693.0,7.0,0.0,L
27.13,1789566542.836,none,-1,,,,1.5032539562932077,1.940609069477586,1.5032539562932077,0.0,1580.0,5.0,0.0,L
27.18,1789566542.886,none,-1,,,,1.5032539562932077,1.9366911109314382,1.5032539562932077,0.0,1551.0,6.0,0.0,L
27.23,1789566542.936,none,-1,,,,1.5032539562932077,1.9316475296659443,1.5032539562932077,0.0,1679.0,7.0,0.0,L
27.28,1789566542.986,none,-1,,,,1.5032539562932077,1.9328588201572037,1.5032539562932077,0.0,1754.0,6.0,0.0,L
27.33,1789566543.036,none,-1,,,,1.501169619088725,1.9403921872978316,1.501169619088725,0.0,1754.0,6.0,0.0,L
27.33,1789566543.036,path,0,0.000,0.000,,1.501169619088725,1.9403921872978316,1.501169619088725,0.0,1754.0,6.0,0.0,L
27.33,1789566543.036,path,1,0.299,-0.010,,1.501169619088725,1.9403921872978316,1.501169619088725,0.0,1754.0,6.0,0.0,L
27.33,1789566543.036,path,2,0.600,-0.051,,1.501169619088725,1.9403921872978316,1.501169619088725,0.0,1754.0,6.0,0.0,L
27.33,1789566543.036,path,3,0.895,-0.123,,1.501169619088725,1.9403921872978316,1.501169619088725,0.0,1754.0,6.0,0.0,L
27.33,1789566543.036,path,4,1.182,-0.219,,1.501169619088725,1.9403921872978316,1.501169619088725,0.0,1754.0,6.0,0.0,L
27.33,1789566543.036,path,5,1.439,-0.317,,1.501169619088725,1.9403921872978316,1.501169619088725,0.0,1754.0,6.0,0.0,L
27.33,1789566543.036,path,6,1.658,-0.399,,1.501169619088725,1.9403921872978316,1.501169619088725,0.0,1754.0,6.0,0.0,L
27.33,1789566543.036,path,7,1.878,-0.473,,1.501169619088725,1.9403921872978316,1.501169619088725,0.0,1754.0,6.0,0.0,L
27.33,1789566543.036,path,8,2.075,-0.526,,1.501169619088725,1.9403921872978316,1.501169619088725,0.0,1754.0,6.0,0.0,L
27.33,1789566543.036,path,9,2.246,-0.561,,1.501169619088725,1.9403921872978316,1.501169619088725,0.0,1754.0,6.0,0.0,L
27.33,1789566543.036,path,10,2.395,-0.583,,1.501169619088725,1.9403921872978316,1.501169619088725,0.0,1754.0,6.0,0.0,L
27.33,1789566543.036,path,11,2.534,-0.597,,1.501169619088725,1.9403921872978316,1.501169619088725,0.0,1754.0,6.0,0.0,L
27.33,1789566543.036,path,12,2.666,-0.604,,1.501169619088725,1.9403921872978316,1.501169619088725,0.0,1754.0,6.0,0.0,L
27.33,1789566543.036,path,13,2.809,-0.606,,1.501169619088725,1.9403921872978316,1.501169619088725,0.0,1754.0,6.0,0.0,L
27.33,1789566543.036,path,14,2.968,-0.602,,1.501169619088725,1.9403921872978316,1.501169619088725,0.0,1754.0,6.0,0.0,L
27.33,1789566543.036,path,15,3.138,-0.593,,1.501169619088725,1.9403921872978316,1.501169619088725,0.0,1754.0,6.0,0.0,L
27.33,1789566543.036,path,16,3.291,-0.583,,1.501169619088725,1.9403921872978316,1.501169619088725,0.0,1754.0,6.0,0.0,L
27.33,1789566543.036,path,17,3.478,-0.567,,1.501169619088725,1.9403921872978316,1.501169619088725,0.0,1754.0,6.0,0.0,L
27.33,1789566543.036,path,18,3.655,-0.551,,1.501169619088725,1.9403921872978316,1.501169619088725,0.0,1754.0,6.0,0.0,L
27.33,1789566543.036,path,19,3.832,-0.537,,1.501169619088725,1.9403921872978316,1.501169619088725,0.0,1754.0,6.0,0.0,L
27.33,1789566543.036,path,20,4.025,-0.526,,1.501169619088725,1.9403921872978316,1.501169619088725,0.0,1754.0,6.0,0.0,L
27.38,1789566543.086,none,-1,,,,1.501169619088725,1.9383090860791803,1.501169619088725,0.0,1592.0,5.0,0.0,L
27.43,1789566543.136,none,-1,,,,1.501169619088725,1.9347588527596005,1.501169619088725,0.0,1556.0,6.0,0.0,L
27.48,1789566543.186,none,-1,,,,1.501169619088725,1.9378660940206223,1.501169619088725,0.0,1707.0,7.0,0.0,L
27.53,1789566543.236,none,-1,,,,1.5015297799649796,1.9396856399430036,1.5015297799649796,0.0,1668.0,7.0,0.0,L
27.58,1789566543.286,none,-1,,,,1.5015297799649796,1.9359309210250957,1.5015297799649796,0.0,1531.0,6.0,0.0,L
27.63,1789566543.336,none,-1,,,,1.5015297799649796,1.9380116381361399,1.5015297799649796,0.0,1607.0,6.0,0.0,L
27.68,1789566543.386,none,-1,,,,1.5015297799649796,1.9427885621119858,1.5015297799649796,0.0,1633.0,6.0,0.0,L
27.73,1789566543.436,none,-1,,,,1.5022771484031088,1.9302069353840916,1.5022771484031088,0.0,1654.0,6.0,0.0,L
27.78,1789566543.486,none,-1,,,,1.5022771484031088,1.8758043557334476,1.5022771484031088,0.0,1644.0,6.0,0.0,L
27.83,1789566543.536,none,-1,,,,1.5022771484031088,1.8124917018779543,1.5022771484031088,0.0,1885.0,6.0,0.0,L
27.88,1789566543.586,none,-1,,,,1.5022771484031088,1.7405070866157792,1.5022771484031088,0.0,1948.0,6.0,0.0,L
27.93,1789566543.636,none,-1,,,,1.5010082447659399,1.6296891219869862,1.5010082447659399,0.0,1931.0,6.0,0.0,L
27.98,1789566543.686,none,-1,,,,1.5010082447659399,1.4812650205692823,1.5010082447659399,0.0,1858.0,6.0,0.0,L
28.03,1789566543.736,none,-1,,,,1.5010082447659399,1.3169346446343477,1.5010082447659399,0.0,2012.0,6.0,0.0,L
28.08,1789566543.786,none,-1,,,,1.5010082447659399,1.142042782393667,1.5010082447659399,0.0,2017.0,6.0,0.0,L
28.13,1789566543.836,none,-1,,,,1.4973633591415145,0.944707919603906,1.4973633591415145,0.0,1953.0,6.0,0.0,L
28.18,1789566543.886,none,-1,,,,1.4973633591415145,0.7395812851089184,1.4973633591415145,0.0,1898.0,6.0,0.0,L
28.23,1789566543.936,none,-1,,,,1.4973633591415145,0.4835919567031604,1.4973633591415145,0.0,1904.0,5.0,0.0,L
28.28,1789566543.986,none,-1,,,,1.4973633591415145,0.205278316704997,1.4973633591415145,0.0,1862.0,5.0,0.0,L
28.33,1789566544.036,none,-1,,,,1.4891918912235584,-0.1366361089925684,1.4891918912235584,0.0,2007.0,5.0,0.0,L
28.33,1789566544.036,path,0,0.000,0.000,,1.4891918912235584,-0.1366361089925684,1.4891918912235584,0.0,2007.0,5.0,0.0,L
28.33,1789566544.036,path,1,0.304,-0.010,,1.4891918912235584,-0.1366361089925684,1.4891918912235584,0.0,2007.0,5.0,0.0,L
28.33,1789566544.036,path,2,0.606,-0.052,,1.4891918912235584,-0.1366361089925684,1.4891918912235584,0.0,2007.0,5.0,0.0,L
28.33,1789566544.036,path,3,0.897,-0.123,,1.4891918912235584,-0.1366361089925684,1.4891918912235584,0.0,2007.0,5.0,0.0,L
28.33,1789566544.036,path,4,1.187,-0.215,,1.4891918912235584,-0.1366361089925684,1.4891918912235584,0.0,2007.0,5.0,0.0,L
28.33,1789566544.036,path,5,1.448,-0.306,,1.4891918912235584,-0.1366361089925684,1.4891918912235584,0.0,2007.0,5.0,0.0,L
28.33,1789566544.036,path,6,1.669,-0.384,,1.4891918912235584,-0.1366361089925684,1.4891918912235584,0.0,2007.0,5.0,0.0,L
28.33,1789566544.036,path,7,1.857,-0.445,,1.4891918912235584,-0.1366361089925684,1.4891918912235584,0.0,2007.0,5.0,0.0,L
28.33,1789566544.036,path,8,2.040,-0.495,,1.4891918912235584,-0.1366361089925684,1.4891918912235584,0.0,2007.0,5.0,0.0,L
28.33,1789566544.036,path,9,2.199,-0.529,,1.4891918912235584,-0.1366361089925684,1.4891918912235584,0.0,2007.0,5.0,0.0,L
28.33,1789566544.036,path,10,2.338,-0.553,,1.4891918912235584,-0.1366361089925684,1.4891918912235584,0.0,2007.0,5.0,0.0,L
28.33,1789566544.036,path,11,2.479,-0.573,,1.4891918912235584,-0.1366361089925684,1.4891918912235584,0.0,2007.0,5.0,0.0,L
28.33,1789566544.036,path,12,2.636,-0.589,,1.4891918912235584,-0.1366361089925684,1.4891918912235584,0.0,2007.0,5.0,0.0,L
28.33,1789566544.036,path,13,2.825,-0.598,,1.4891918912235584,-0.1366361089925684,1.4891918912235584,0.0,2007.0,5.0,0.0,L
28.33,1789566544.036,path,14,2.994,-0.597,,1.4891918912235584,-0.1366361089925684,1.4891918912235584,0.0,2007.0,5.0,0.0,L
28.33,1789566544.036,path,15,3.165,-0.587,,1.4891918912235584,-0.1366361089925684,1.4891918912235584,0.0,2007.0,5.0,0.0,L
28.33,1789566544.036,path,16,3.350,-0.568,,1.4891918912235584,-0.1366361089925684,1.4891918912235584,0.0,2007.0,5.0,0.0,L
28.33,1789566544.036,path,17,3.520,-0.541,,1.4891918912235584,-0.1366361089925684,1.4891918912235584,0.0,2007.0,5.0,0.0,L
28.33,1789566544.036,path,18,3.676,-0.508,,1.4891918912235584,-0.1366361089925684,1.4891918912235584,0.0,2007.0,5.0,0.0,L
28.33,1789566544.036,path,19,3.836,-0.467,,1.4891918912235584,-0.1366361089925684,1.4891918912235584,0.0,2007.0,5.0,0.0,L
28.33,1789566544.036,path,20,3.990,-0.422,,1.4891918912235584,-0.1366361089925684,1.4891918912235584,0.0,2007.0,5.0,0.0,L
28.38,1789566544.086,none,-1,,,,1.4891918912235584,-0.42110971237260497,1.4891918912235584,0.0,2021.0,6.0,0.0,L
28.43,1789566544.136,none,-1,,,,1.4891918912235584,-0.7985590534188437,1.4891918912235584,0.0,1797.0,7.0,0.0,L
28.48,1789566544.186,none,-1,,,,1.4891918912235584,-1.1289833677441086,1.4891918912235584,0.0,2061.0,8.0,0.0,L
28.53,1789566544.236,none,-1,,,,1.4681011993404394,-1.4907621888022238,1.4681011993404394,0.0,2151.0,6.0,0.0,L
28.58,1789566544.286,none,-1,,,,1.4673877143263463,-1.8185342051264326,1.4673877143263463,0.0,2009.0,6.0,0.0,L
28.63,1789566544.336,none,-1,,,,1.466191218775361,-2.0915791240780504,1.466191218775361,0.0,1600.0,6.0,0.0,L
28.68,1789566544.386,none,-1,,,,1.464917217628657,-2.3037058069529586,1.464917217628657,0.0,1331.0,5.0,0.0,L
28.73,1789566544.436,none,-1,,,,1.4520607327657464,-2.4650574934250153,1.4520607327657464,0.0,1267.0,5.0,0.0,L
28.78,1789566544.486,none,-1,,,,1.448036286592749,-2.563665406728729,1.448036286592749,0.0,1018.0,5.0,0.0,L
28.83,1789566544.536,none,-1,,,,1.448036286592749,-2.554182371380588,1.448036286592749,0.0,983.0,5.0,0.0,L
28.88,1789566544.586,none,-1,,,,1.448036286592749,-2.560618096199,1.448036286592749,0.0,992.0,5.0,0.0,L
28.93,1789566544.636,none,-1,,,,1.4378336914070236,-2.594964889803811,1.4378336914070236,0.0,1094.0,6.0,0.0,L
28.98,1789566544.686,none,-1,,,,1.4378336914070236,-2.5774386438661607,1.4378336914070236,0.0,1947.0,7.0,0.0,L
29.03,1789566544.736,none,-1,,,,1.4378336914070236,-2.572437104786794,1.4378336914070236,0.0,1932.0,5.0,0.0,L
29.08,1789566544.786,none,-1,,,,1.4378336914070236,-2.569730211481639,1.4378336914070236,0.0,1927.0,5.0,0.0,L
29.13,1789566544.836,none,-1,,,,1.4388465385915552,-2.5815903789335435,1.4388465385915552,0.0,1455.0,6.0,0.0,L
29.18,1789566544.886,none,-1,,,,1.4388465385915552,-2.5848972469193776,1.4388465385915552,0.0,1294.0,5.0,0.0,L
29.23,1789566544.936,none,-1,,,,1.4388465385915552,-2.5789043873651076,1.4388465385915552,0.0,1495.0,6.0,0.0,L
29.28,1789566544.986,none,-1,,,,1.4388465385915552,-2.5871825576089376,1.4388465385915552,0.0,1530.0,6.0,0.0,L
29.33,1789566545.036,none,-1,,,,1.4363197591180643,-2.6023776733027657,1.4363197591180643,0.0,1495.0,6.0,0.0,L
29.33,1789566545.036,path,0,0.000,0.000,,1.4363197591180643,-2.6023776733027657,1.4363197591180643,0.0,1495.0,6.0,0.0,L
29.33,1789566545.036,path,1,0.304,-0.010,,1.4363197591180643,-2.6023776733027657,1.4363197591180643,0.0,1495.0,6.0,0.0,L
29.33,1789566545.036,path,2,0.605,-0.052,,1.4363197591180643,-2.6023776733027657,1.4363197591180643,0.0,1495.0,6.0,0.0,L
29.33,1789566545.036,path,3,0.900,-0.119,,1.4363197591180643,-2.6023776733027657,1.4363197591180643,0.0,1495.0,6.0,0.0,L
29.33,1789566545.036,path,4,1.177,-0.194,,1.4363197591180643,-2.6023776733027657,1.4363197591180643,0.0,1495.0,6.0,0.0,L
29.33,1789566545.036,path,5,1.418,-0.260,,1.4363197591180643,-2.6023776733027657,1.4363197591180643,0.0,1495.0,6.0,0.0,L
29.33,1789566545.036,path,6,1.632,-0.310,,1.4363197591180643,-2.6023776733027657,1.4363197591180643,0.0,1495.0,6.0,0.0,L
29.33,1789566545.036,path,7,1.809,-0.341,,1.4363197591180643,-2.6023776733027657,1.4363197591180643,0.0,1495.0,6.0,0.0,L
29.33,1789566545.036,path,8,1.950,-0.358,,1.4363197591180643,-2.6023776733027657,1.4363197591180643,0.0,1495.0,6.0,0.0,L
29.33,1789566545.036,path,9,2.110,-0.371,,1.4363197591180643,-2.6023776733027657,1.4363197591180643,0.0,1495.0,6.0,0.0,L
29.33,1789566545.036,path,10,2.301,-0.378,,1.4363197591180643,-2.6023776733027657,1.4363197591180643,0.0,1495.0,6.0,0.0,L
29.33,1789566545.036,path,11,2.493,-0.376,,1.4363197591180643,-2.6023776733027657,1.4363197591180643,0.0,1495.0,6.0,0.0,L
29.33,1789566545.036,path,12,2.661,-0.367,,1.4363197591180643,-2.6023776733027657,1.4363197591180643,0.0,1495.0,6.0,0.0,L
29.33,1789566545.036,path,13,2.810,-0.354,,1.4363197591180643,-2.6023776733027657,1.4363197591180643,0.0,1495.0,6.0,0.0,L
29.33,1789566545.036,path,14,2.953,-0.338,,1.4363197591180643,-2.6023776733027657,1.4363197591180643,0.0,1495.0,6.0,0.0,L
29.33,1789566545.036,path,15,3.118,-0.319,,1.4363197591180643,-2.6023776733027657,1.4363197591180643,0.0,1495.0,6.0,0.0,L
29.33,1789566545.036,path,16,3.293,-0.300,,1.4363197591180643,-2.6023776733027657,1.4363197591180643,0.0,1495.0,6.0,0.0,L
29.33,1789566545.036,path,17,3.481,-0.282,,1.4363197591180643,-2.6023776733027657,1.4363197591180643,0.0,1495.0,6.0,0.0,L
29.33,1789566545.036,path,18,3.647,-0.268,,1.4363197591180643,-2.6023776733027657,1.4363197591180643,0.0,1495.0,6.0,0.0,L
29.33,1789566545.036,path,19,3.817,-0.257,,1.4363197591180643,-2.6023776733027657,1.4363197591180643,0.0,1495.0,6.0,0.0,L
29.33,1789566545.036,path,20,4.010,-0.249,,1.4363197591180643,-2.6023776733027657,1.4363197591180643,0.0,1495.0,6.0,0.0,L
29.38,1789566545.086,none,-1,,,,1.4363197591180643,-2.598592517192843,1.4363197591180643,0.0,1490.0,6.0,0.0,L
29.43,1789566545.136,none,-1,,,,1.4363197591180643,-2.5907326930312222,1.4363197591180643,0.0,1611.0,6.0,0.0,L
29.48,1789566545.186,none,-1,,,,1.4363197591180643,-2.5870947477856583,1.4363197591180643,0.0,1592.0,6.0,0.0,L
29.53,1789566545.236,none,-1,,,,1.4364577134147334,-2.592290480773804,1.4364577134147334,0.0,1644.0,7.0,0.0,L
29.58,1789566545.286,none,-1,,,,1.4364577134147334,-2.598186476738322,1.4364577134147334,0.0,1644.0,7.0,0.0,L
29.63,1789566545.336,none,-1,,,,1.4364577134147334,-2.6021732478483193,1.4364577134147334,0.0,1662.0,7.0,0.0,L
29.68,1789566545.386,none,-1,,,,1.4364577134147334,-2.6061843093794907,1.4364577134147334,0.0,1545.0,6.0,0.0,L
29.73,1789566545.436,none,-1,,,,1.4369396612826923,-2.6102561944074205,1.4369396612826923,0.0,1514.0,6.0,0.0,L
29.78,1789566545.486,none,-1,,,,1.4369396612826923,-2.60977361462584,1.4369396612826923,0.0,1429.0,5.0,0.0,L
29.83,1789566545.536,none,-1,,,,1.4369396612826923,-2.6160143645473197,1.4369396612826923,0.0,1554.0,5.0,0.0,L
29.88,1789566545.586,none,-1,,,,1.4369396612826923,-2.6090090605742393,1.4369396612826923,0.0,1662.0,6.0,0.0,L
29.93,1789566545.636,none,-1,,,,1.4366219226066024,-2.613406333681098,1.4366219226066024,0.0,1539.0,6.0,0.0,L
29.98,1789566545.686,none,-1,,,,1.4366219226066024,-2.6319169202506822,1.4366219226066024,0.0,1573.0,6.0,0.0,L
30.03,1789566545.736,none,-1,,,,1.4366219226066024,-2.660529295877682,1.4366219226066024,0.0,1750.0,6.0,0.0,L
30.08,1789566545.786,none,-1,,,,1.4366219226066024,-2.7326584281805295,1.4366219226066024,0.0,1766.0,6.0,0.0,L
30.13,1789566545.836,none,-1,,,,1.4370375639864064,-2.8116434088030147,1.4370375639864064,0.0,1602.0,6.0,0.0,L
30.18,1789566545.886,none,-1,,,,1.4370375639864064,-2.92432747470535,1.4370375639864064,0.0,1601.0,6.0,0.0,L
30.23,1789566545.936,none,-1,,,,1.4370375639864064,-3.041284147286223,1.4370375639864064,0.0,1908.0,5.0,0.0,L
30.28,1789566545.986,none,-1,,,,1.4370375639864064,-3.1917146890459396,1.4370375639864064,0.0,1898.0,5.0,0.0,L
30.33,1789566546.036,none,-1,,,,1.4339936801372914,-3.369134834155481,1.4339936801372914,0.0,1779.0,7.0,0.0,L
30.33,1789566546.036,path,0,0.000,0.000,,1.4339936801372914,-3.369134834155481,1.4339936801372914,0.0,1779.0,7.0,0.0,L
30.33,1789566546.036,path,1,0.304,-0.010,,1.4339936801372914,-3.369134834155481,1.4339936801372914,0.0,1779.0,7.0,0.0,L
30.33,1789566546.036,path,2,0.606,-0.052,,1.4339936801372914,-3.369134834155481,1.4339936801372914,0.0,1779.0,7.0,0.0,L
30.33,1789566546.036,path,3,0.891,-0.114,,1.4339936801372914,-3.369134834155481,1.4339936801372914,0.0,1779.0,7.0,0.0,L
30.33,1789566546.036,path,4,1.152,-0.181,,1.4339936801372914,-3.369134834155481,1.4339936801372914,0.0,1779.0,7.0,0.0,L
30.33,1789566546.036,path,5,1.379,-0.238,,1.4339936801372914,-3.369134834155481,1.4339936801372914,0.0,1779.0,7.0,0.0,L
30.33,1789566546.036,path,6,1.570,-0.280,,1.4339936801372914,-3.369134834155481,1.4339936801372914,0.0,1779.0,7.0,0.0,L
30.33,1789566546.036,path,7,1.740,-0.308,,1.4339936801372914,-3.369134834155481,1.4339936801372914,0.0,1779.0,7.0,0.0,L
30.33,1789566546.036,path,8,1.911,-0.327,,1.4339936801372914,-3.369134834155481,1.4339936801372914,0.0,1779.0,7.0,0.0,L
30.33,1789566546.036,path,9,2.100,-0.337,,1.4339936801372914,-3.369134834155481,1.4339936801372914,0.0,1779.0,7.0,0.0,L
30.33,1789566546.036,path,10,2.291,-0.337,,1.4339936801372914,-3.369134834155481,1.4339936801372914,0.0,1779.0,7.0,0.0,L
30.33,1789566546.036,path,11,2.469,-0.328,,1.4339936801372914,-3.369134834155481,1.4339936801372914,0.0,1779.0,7.0,0.0,L
30.33,1789566546.036,path,12,2.664,-0.309,,1.4339936801372914,-3.369134834155481,1.4339936801372914,0.0,1779.0,7.0,0.0,L
30.33,1789566546.036,path,13,2.851,-0.282,,1.4339936801372914,-3.369134834155481,1.4339936801372914,0.0,1779.0,7.0,0.0,L
30.33,1789566546.036,path,14,3.019,-0.255,,1.4339936801372914,-3.369134834155481,1.4339936801372914,0.0,1779.0,7.0,0.0,L
30.33,1789566546.036,path,15,3.175,-0.228,,1.4339936801372914,-3.369134834155481,1.4339936801372914,0.0,1779.0,7.0,0.0,L
30.33,1789566546.036,path,16,3.347,-0.199,,1.4339936801372914,-3.369134834155481,1.4339936801372914,0.0,1779.0,7.0,0.0,L
30.33,1789566546.036,path,17,3.528,-0.173,,1.4339936801372914,-3.369134834155481,1.4339936801372914,0.0,1779.0,7.0,0.0,L
30.33,1789566546.036,path,18,3.688,-0.152,,1.4339936801372914,-3.369134834155481,1.4339936801372914,0.0,1779.0,7.0,0.0,L
30.33,1789566546.036,path,19,3.858,-0.136,,1.4339936801372914,-3.369134834155481,1.4339936801372914,0.0,1779.0,7.0,0.0,L
30.33,1789566546.036,path,20,4.045,-0.126,,1.4339936801372914,-3.369134834155481,1.4339936801372914,0.0,1779.0,7.0,0.0,L
30.38,1789566546.086,none,-1,,,,1.4339936801372914,-3.5707672183170764,1.4339936801372914,0.0,1955.0,6.0,0.0,L
30.43,1789566546.136,none,-1,,,,1.4339936801372914,-3.7814092507435246,1.4339936801372914,0.0,1896.0,6.0,0.0,L
30.48,1789566546.186,none,-1,,,,1.4339936801372914,-3.9925913986054553,1.4339936801372914,0.0,1549.0,6.0,0.0,L
30.53,1789566546.236,none,-1,,,,1.4216686211956557,-4.210093471683006,1.4216686211956557,0.0,1889.0,6.0,0.0,L
30.58,1789566546.286,none,-1,,,,1.4216686211956557,-4.453119214122417,1.4216686211956557,0.0,1898.0,6.0,0.0,L
30.63,1789566546.336,none,-1,,,,1.4216686211956557,-4.756753811385854,1.4216686211956557,0.0,1719.0,6.0,0.0,L
30.68,1789566546.386,none,-1,,,,1.4216686211956557,-5.058311691536152,1.4216686211956557,0.0,1788.0,6.0,0.0,L
30.73,1789566546.436,none,-1,,,,1.4091232804411917,-5.364906593088954,1.4091232804411917,0.0,1639.0,6.0,0.0,L
30.78,1789566546.486,none,-1,,,,1.4091232804411917,-5.721338149988443,1.4091232804411917,0.0,1639.0,6.0,0.0,L
30.83,1789566546.536,none,-1,,,,1.4091232804411917,-5.994935712372858,1.4091232804411917,0.0,1638.0,6.0,0.0,L
30.88,1789566546.586,none,-1,,,,1.4091232804411917,-6.403567449528089,1.4091232804411917,0.0,1858.0,6.0,0.0,L
30.93,1789566546.636,none,-1,,,,1.390240521022329,-6.671618776082291,1.390240521022329,0.0,1911.0,6.0,0.0,L
30.98,1789566546.686,none,-1,,,,1.390240521022329,-6.923705546931767,1.390240521022329,0.0,1801.0,7.0,0.0,L
31.03,1789566546.736,none,-1,,,,1.3846472542832065,-7.166033381268203,1.3846472542832065,0.0,1189.0,6.0,0.0,L
31.08,1789566546.786,none,-1,,,,1.3790107594550811,-7.391959738490329,1.3790107594550811,0.0,1105.0,5.0,0.0,L
31.13,1789566546.836,none,-1,,,,1.3603898075246543,-7.521593426400991,1.3603898075246543,0.0,1241.0,6.0,0.0,L
31.18,1789566546.886,none,-1,,,,1.3603898075246543,-7.57199316314185,1.3603898075246543,0.0,1368.0,7.0,0.0,L
31.23,1789566546.936,none,-1,,,,1.3603898075246543,-7.6191009819984075,1.3603898075246543,0.0,1261.0,5.0,0.0,L
31.28,1789566546.986,none,-1,,,,1.3603898075246543,-7.657726385386841,1.3603898075246543,0.0,1250.0,6.0,0.0,L
31.33,1789566547.036,none,-1,,,,1.3477616276114952,-7.661255096259418,1.3477616276114952,0.0,1480.0,5.0,0.0,L
31.33,1789566547.036,path,0,0.000,0.000,,1.3477616276114952,-7.661255096259418,1.3477616276114952,0.0,1480.0,5.0,0.0,L
31.33,1789566547.036,path,1,0.302,-0.010,,1.3477616276114952,-7.661255096259418,1.3477616276114952,0.0,1480.0,5.0,0.0,L
31.33,1789566547.036,path,2,0.593,-0.042,,1.3477616276114952,-7.661255096259418,1.3477616276114952,0.0,1480.0,5.0,0.0,L
31.33,1789566547.036,path,3,0.849,-0.079,,1.3477616276114952,-7.661255096259418,1.3477616276114952,0.0,1480.0,5.0,0.0,L
31.33,1789566547.036,path,4,1.067,-0.111,,1.3477616276114952,-7.661255096259418,1.3477616276114952,0.0,1480.0,5.0,0.0,L
31.33,1789566547.036,path,5,1.265,-0.133,,1.3477616276114952,-7.661255096259418,1.3477616276114952,0.0,1480.0,5.0,0.0,L
31.33,1789566547.036,path,6,1.453,-0.145,,1.3477616276114952,-7.661255096259418,1.3477616276114952,0.0,1480.0,5.0,0.0,L
31.33,1789566547.036,path,7,1.630,-0.147,,1.3477616276114952,-7.661255096259418,1.3477616276114952,0.0,1480.0,5.0,0.0,L
31.33,1789566547.036,path,8,1.818,-0.140,,1.3477616276114952,-7.661255096259418,1.3477616276114952,0.0,1480.0,5.0,0.0,L
31.33,1789566547.036,path,9,2.002,-0.125,,1.3477616276114952,-7.661255096259418,1.3477616276114952,0.0,1480.0,5.0,0.0,L
31.33,1789566547.036,path,10,2.174,-0.104,,1.3477616276114952,-7.661255096259418,1.3477616276114952,0.0,1480.0,5.0,0.0,L
31.33,1789566547.036,path,11,2.360,-0.078,,1.3477616276114952,-7.661255096259418,1.3477616276114952,0.0,1480.0,5.0,0.0,L
31.33,1789566547.036,path,12,2.540,-0.052,,1.3477616276114952,-7.661255096259418,1.3477616276114952,0.0,1480.0,5.0,0.0,L
31.33,1789566547.036,path,13,2.740,-0.026,,1.3477616276114952,-7.661255096259418,1.3477616276114952,0.0,1480.0,5.0,0.0,L
31.33,1789566547.036,path,14,2.937,-0.005,,1.3477616276114952,-7.661255096259418,1.3477616276114952,0.0,1480.0,5.0,0.0,L
31.33,1789566547.036,path,15,3.129,0.011,,1.3477616276114952,-7.661255096259418,1.3477616276114952,0.0,1480.0,5.0,0.0,L
31.33,1789566547.036,path,16,3.311,0.022,,1.3477616276114952,-7.661255096259418,1.3477616276114952,0.0,1480.0,5.0,0.0,L
31.33,1789566547.036,path,17,3.491,0.028,,1.3477616276114952,-7.661255096259418,1.3477616276114952,0.0,1480.0,5.0,0.0,L
31.33,1789566547.036,path,18,3.683,0.027,,1.3477616276114952,-7.661255096259418,1.3477616276114952,0.0,1480.0,5.0,0.0,L
31.33,1789566547.036,path,19,3.864,0.021,,1.3477616276114952,-7.661255096259418,1.3477616276114952,0.0,1480.0,5.0,0.0,L
31.33,1789566547.036,path,20,4.048,0.008,,1.3477616276114952,-7.661255096259418,1.3477616276114952,0.0,1480.0,5.0,0.0,L
31.38,1789566547.086,none,-1,,,,1.3477616276114952,-7.670612638656407,1.3477616276114952,0.0,1462.0,5.0,0.0,L
31.43,1789566547.136,none,-1,,,,1.3477616276114952,-7.664079133028611,1.3477616276114952,0.0,1499.0,5.0,0.0,L
31.48,1789566547.186,none,-1,,,,1.3477616276114952,-7.655069689221467,1.3477616276114952,0.0,1861.0,7.0,0.0,L
31.53,1789566547.236,none,-1,,,,1.3450057513563192,-7.65714499416787,1.3450057513563192,0.0,1882.0,7.0,0.0,L
31.58,1789566547.286,none,-1,,,,1.3450057513563192,-7.665864073455279,1.3450057513563192,0.0,1524.0,5.0,0.0,L
31.63,1789566547.336,none,-1,,,,1.3450057513563192,-7.6593680852839805,1.3450057513563192,0.0,1524.0,5.0,0.0,L
31.68,1789566547.386,none,-1,,,,1.3450057513563192,-7.661756704114584,1.3450057513563192,0.0,1547.0,5.0,0.0,L
31.73,1789566547.436,none,-1,,,,1.3426387634375239,-7.657751294233694,1.3426387634375239,0.0,1523.0,5.0,0.0,L
31.78,1789566547.486,none,-1,,,,1.3426387634375239,-7.664736814426477,1.3426387634375239,0.0,1475.0,5.0,0.0,L
31.83,1789566547.536,none,-1,,,,1.3426387634375239,-7.6609266292931295,1.3426387634375239,0.0,1706.0,7.0,0.0,L
31.88,1789566547.586,none,-1,,,,1.3426387634375239,-7.668620234208434,1.3426387634375239,0.0,1706.0,7.0,0.0,L
31.93,1789566547.636,none,-1,,,,1.3445368111622804,-7.659682503485899,1.3445368111622804,0.0,1752.0,7.0,0.0,L
31.98,1789566547.686,none,-1,,,,1.3445368111622804,-7.659221789460114,1.3445368111622804,0.0,1495.0,5.0,0.0,L
32.03,1789566547.736,none,-1,,,,1.3445368111622804,-7.6577293327875005,1.3445368111622804,0.0,1470.0,5.0,0.0,L
32.08,1789566547.786,none,-1,,,,1.3445368111622804,-7.657775444436756,1.3445368111622804,0.0,1573.0,5.0,0.0,L
32.13,1789566547.836,none,-1,,,,1.3435161499610015,-7.6602723250705385,1.3435161499610015,0.0,1684.0,6.0,0.0,L
32.18,1789566547.886,none,-1,,,,1.3435161499610015,-7.6625203481465665,1.3435161499610015,0.0,1740.0,6.0,0.0,L
32.23,1789566547.936,none,-1,,,,1.3435161499610015,-7.659206593201511,1.3435161499610015,0.0,1678.0,6.0,0.0,L
32.28,1789566547.986,none,-1,,,,1.3435161499610015,-7.6592094084798426,1.3435161499610015,0.0,1563.0,5.0,0.0,L
32.33,1789566548.036,none,-1,,,,1.3438427252454337,-7.666233784565486,1.3438427252454337,0.0,1642.0,6.0,0.0,L
32.33,1789566548.036,path,0,0.000,0.000,,1.3438427252454337,-7.666233784565486,1.3438427252454337,0.0,1642.0,6.0,0.0,L
32.33,1789566548.036,path,1,0.303,-0.010,,1.3438427252454337,-7.666233784565486,1.3438427252454337,0.0,1642.0,6.0,0.0,L
32.33,1789566548.036,path,2,0.593,-0.041,,1.3438427252454337,-7.666233784565486,1.3438427252454337,0.0,1642.0,6.0,0.0,L
32.33,1789566548.036,path,3,0.847,-0.076,,1.3438427252454337,-7.666233784565486,1.3438427252454337,0.0,1642.0,6.0,0.0,L
32.33,1789566548.036,path,4,1.069,-0.105,,1.3438427252454337,-7.666233784565486,1.3438427252454337,0.0,1642.0,6.0,0.0,L
32.33,1789566548.036,path,5,1.275,-0.125,,1.3438427252454337,-7.666233784565486,1.3438427252454337,0.0,1642.0,6.0,0.0,L
32.33,1789566548.036,path,6,1.468,-0.135,,1.3438427252454337,-7.666233784565486,1.3438427252454337,0.0,1642.0,6.0,0.0,L
32.33,1789566548.036,path,7,1.657,-0.134,,1.3438427252454337,-7.666233784565486,1.3438427252454337,0.0,1642.0,6.0,0.0,L
32.33,1789566548.036,path,8,1.838,-0.125,,1.3438427252454337,-7.666233784565486,1.3438427252454337,0.0,1642.0,6.0,0.0,L
32.33,1789566548.036,path,9,2.014,-0.111,,1.3438427252454337,-7.666233784565486,1.3438427252454337,0.0,1642.0,6.0,0.0,L
32.33,1789566548.036,path,10,2.198,-0.092,,1.3438427252454337,-7.666233784565486,1.3438427252454337,0.0,1642.0,6.0,0.0,L
32.33,1789566548.036,path,11,2.394,-0.069,,1.3438427252454337,-7.666233784565486,1.3438427252454337,0.0,1642.0,6.0,0.0,L
32.33,1789566548.036,path,12,2.584,-0.047,,1.3438427252454337,-7.666233784565486,1.3438427252454337,0.0,1642.0,6.0,0.0,L
32.33,1789566548.036,path,13,2.763,-0.027,,1.3438427252454337,-7.666233784565486,1.3438427252454337,0.0,1642.0,6.0,0.0,L
32.33,1789566548.036,path,14,2.940,-0.009,,1.3438427252454337,-7.666233784565486,1.3438427252454337,0.0,1642.0,6.0,0.0,L
32.33,1789566548.036,path,15,3.130,0.005,,1.3438427252454337,-7.666233784565486,1.3438427252454337,0.0,1642.0,6.0,0.0,L
32.33,1789566548.036,path,16,3.318,0.014,,1.3438427252454337,-7.666233784565486,1.3438427252454337,0.0,1642.0,6.0,0.0,L
32.33,1789566548.036,path,17,3.501,0.019,,1.3438427252454337,-7.666233784565486,1.3438427252454337,0.0,1642.0,6.0,0.0,L
32.33,1789566548.036,path,18,3.678,0.021,,1.3438427252454337,-7.666233784565486,1.3438427252454337,0.0,1642.0,6.0,0.0,L
32.33,1789566548.036,path,19,3.865,0.019,,1.3438427252454337,-7.666233784565486,1.3438427252454337,0.0,1642.0,6.0,0.0,L
32.33,1789566548.036,path,20,4.054,0.011,,1.3438427252454337,-7.666233784565486,1.3438427252454337,0.0,1642.0,6.0,0.0,L
32.38,1789566548.086,none,-1,,,,1.3438427252454337,-7.663768716564233,1.3438427252454337,0.0,1642.0,6.0,0.0,L
32.43,1789566548.136,none,-1,,,,1.3438427252454337,-7.664158998890535,1.3438427252454337,0.0,1591.0,6.0,0.0,L
32.48,1789566548.186,none,-1,,,,1.3438427252454337,-7.668641384720226,1.3438427252454337,0.0,1586.0,5.0,0.0,L
32.53,1789566548.236,none,-1,,,,1.3427197248888563,-7.680595910731189,1.3427197248888563,0.0,1675.0,5.0,0.0,L
32.58,1789566548.286,none,-1,,,,1.3427197248888563,-7.685365824590198,1.3427197248888563,0.0,1658.0,6.0,0.0,L
32.63,1789566548.336,none,-1,,,,1.3427197248888563,-7.691219893139846,1.3427197248888563,0.0,1744.0,7.0,0.0,L
32.68,1789566548.386,none,-1,,,,1.3427197248888563,-7.684266175858724,1.3427197248888563,0.0,1759.0,7.0,0.0,L
32.73,1789566548.436,none,-1,,,,1.343658970233664,-7.689068729511165,1.343658970233664,0.0,1438.0,5.0,0.0,L
32.78,1789566548.486,none,-1,,,,1.343658970233664,-7.687721682180585,1.343658970233664,0.0,1491.0,5.0,0.0,L
32.83,1789566548.536,none,-1,,,,1.343658970233664,-7.686701520119276,1.343658970233664,0.0,1481.0,5.0,0.0,L
32.88,1789566548.586,none,-1,,,,1.343658970233664,-7.681886948656929,1.343658970233664,0.0,1482.0,5.0,0.0,L
32.93,1789566548.636,none,-1,,,,1.3443935366589974,-7.681875426761397,1.3443935366589974,0.0,1621.0,6.0,0.0,L
32.98,1789566548.686,none,-1,,,,1.3443935366589974,-7.677509382151765,1.3443935366589974,0.0,1631.0,6.0,0.0,L
33.03,1789566548.736,none,-1,,,,1.3443935366589974,-7.68613083450093,1.3443935366589974,0.0,1775.0,7.0,0.0,L
33.08,1789566548.786,none,-1,,,,1.3443935366589974,-7.715250810350525,1.3443935366589974,0.0,1792.0,6.0,0.0,L
33.13,1789566548.836,none,-1,,,,1.34549652426834,-7.759463228050263,1.34549652426834,0.0,1782.0,6.0,0.0,L
33.18,1789566548.886,none,-1,,,,1.34549652426834,-7.8208582957153086,1.34549652426834,0.0,1793.0,6.0,0.0,L
33.23,1789566548.936,none,-1,,,,1.34549652426834,-7.911852178312262,1.34549652426834,0.0,1927.0,7.0,0.0,L
33.28,1789566548.986,none,-1,,,,1.34549652426834,-8.0642746325571,1.34549652426834,0.0,2012.0,5.0,0.0,L
33.33,1789566549.036,none,-1,,,,1.34055650612134,-8.209682090625211,1.34055650612134,0.0,1942.0,6.0,0.0,L
33.33,1789566549.036,path,0,0.000,0.000,,1.34055650612134,-8.209682090625211,1.34055650612134,0.0,1942.0,6.0,0.0,L
33.33,1789566549.036,path,1,0.302,-0.010,,1.34055650612134,-8.209682090625211,1.34055650612134,0.0,1942.0,6.0,0.0,L
33.33,1789566549.036,path,2,0.587,-0.039,,1.34055650612134,-8.209682090625211,1.34055650612134,0.0,1942.0,6.0,0.0,L
33.33,1789566549.036,path,3,0.834,-0.071,,1.34055650612134,-8.209682090625211,1.34055650612134,0.0,1942.0,6.0,0.0,L
33.33,1789566549.036,path,4,1.046,-0.097,,1.34055650612134,-8.209682090625211,1.34055650612134,0.0,1942.0,6.0,0.0,L
33.33,1789566549.036,path,5,1.225,-0.113,,1.34055650612134,-8.209682090625211,1.34055650612134,0.0,1942.0,6.0,0.0,L
33.33,1789566549.036,path,6,1.370,-0.119,,1.34055650612134,-8.209682090625211,1.34055650612134,0.0,1942.0,6.0,0.0,L
33.33,1789566549.036,path,7,1.518,-0.120,,1.34055650612134,-8.209682090625211,1.34055650612134,0.0,1942.0,6.0,0.0,L
33.33,1789566549.036,path,8,1.665,-0.116,,1.34055650612134,-8.209682090625211,1.34055650612134,0.0,1942.0,6.0,0.0,L
33.33,1789566549.036,path,9,1.811,-0.106,,1.34055650612134,-8.209682090625211,1.34055650612134,0.0,1942.0,6.0,0.0,L
33.33,1789566549.036,path,10,1.960,-0.093,,1.34055650612134,-8.209682090625211,1.34055650612134,0.0,1942.0,6.0,0.0,L
33.33,1789566549.036,path,11,2.121,-0.074,,1.34055650612134,-8.209682090625211,1.34055650612134,0.0,1942.0,6.0,0.0,L
33.33,1789566549.036,path,12,2.275,-0.054,,1.34055650612134,-8.209682090625211,1.34055650612134,0.0,1942.0,6.0,0.0,L
33.33,1789566549.036,path,13,2.436,-0.033,,1.34055650612134,-8.209682090625211,1.34055650612134,0.0,1942.0,6.0,0.0,L
33.33,1789566549.036,path,14,2.601,-0.011,,1.34055650612134,-8.209682090625211,1.34055650612134,0.0,1942.0,6.0,0.0,L
33.33,1789566549.036,path,15,2.776,0.010,,1.34055650612134,-8.209682090625211,1.34055650612134,0.0,1942.0,6.0,0.0,L
33.33,1789566549.036,path,16,2.961,0.028,,1.34055650612134,-8.209682090625211,1.34055650612134,0.0,1942.0,6.0,0.0,L
33.33,1789566549.036,path,17,3.148,0.040,,1.34055650612134,-8.209682090625211,1.34055650612134,0.0,1942.0,6.0,0.0,L
33.33,1789566549.036,path,18,3.322,0.047,,1.34055650612134,-8.209682090625211,1.34055650612134,0.0,1942.0,6.0,0.0,L
33.33,1789566549.036,path,19,3.491,0.048,,1.34055650612134,-8.209682090625211,1.34055650612134,0.0,1942.0,6.0,0.0,L
33.33,1789566549.036,path,20,3.661,0.045,,1.34055650612134,-8.209682090625211,1.34055650612134,0.0,1942.0,6.0,0.0,L
33.38,1789566549.086,none,-1,,,,1.34055650612134,-8.356576819918564,1.34055650612134,0.0,1929.0,6.0,0.0,L
33.43,1789566549.136,none,-1,,,,1.34055650612134,-8.563342727064557,1.34055650612134,0.0,1871.0,7.0,0.0,L
33.48,1789566549.186,none,-1,,,,1.34055650612134,-8.799044311374164,1.34055650612134,0.0,1881.0,7.0,0.0,L
33.53,1789566549.236,none,-1,,,,1.3305586659823838,-9.05090947819958,1.3305586659823838,0.0,1903.0,6.0,0.0,L
33.58,1789566549.286,none,-1,,,,1.3305586659823838,-9.269936769434556,1.3305586659823838,0.0,1668.0,5.0,0.0,L
33.63,1789566549.336,none,-1,,,,1.3305586659823838,-9.528104708735698,1.3305586659823838,0.0,1594.0,5.0,0.0,L
33.68,1789566549.386,none,-1,,,,1.3305586659823838,-9.860229376995104,1.3305586659823838,0.0,1693.0,6.0,0.0,L
33.73,1789566549.436,none,-1,,,,1.3061524030083842,-10.167766078313932,1.3061524030083842,0.0,1663.0,6.0,0.0,L
33.78,1789566549.486,none,-1,,,,1.3061524030083842,-10.463877263245273,1.3061524030083842,0.0,1769.0,7.0,0.0,L
33.83,1789566549.536,none,-1,,,,1.3061524030083842,-10.79382209951364,1.3061524030083842,0.0,1874.0,8.0,0.0,L
33.88,1789566549.586,none,-1,,,,1.3061524030083842,-11.17982892574886,1.3061524030083842,0.0,1768.0,7.0,0.0,L
33.93,1789566549.636,none,-1,,,,1.2772614170134746,-11.560744277782582,1.2772614170134746,0.0,1681.0,6.0,0.0,L
33.98,1789566549.686,none,-1,,,,1.2772614170134746,-11.91946308466322,1.2772614170134746,0.0,1934.0,7.0,0.0,L
34.03,1789566549.736,none,-1,,,,1.2687775238590082,-12.270717342446185,1.2687775238590082,0.0,1785.0,6.0,0.0,L
34.08,1789566549.786,none,-1,,,,1.2602204395553727,-12.696414603273432,1.2602204395553727,0.0,1570.0,5.0,0.0,L
34.13,1789566549.836,none,-1,,,,1.2397598532941478,-13.104213193960852,1.2397598532941478,0.0,1519.0,4.0,0.0,L
34.18,1789566549.886,none,-1,,,,1.2331155688743514,-13.473363746983742,1.2331155688743514,0.0,1568.0,4.0,0.0,L
34.23,1789566549.936,none,-1,,,,1.2155838214521884,-13.872802099201667,1.2155838214521884,0.0,1588.0,4.0,0.0,L
34.28,1789566549.986,none,-1,,,,1.1978904148631815,-14.26421142151689,1.1978904148631815,0.0,1674.0,5.0,0.0,L
34.33,1789566550.036,none,-1,,,,1.1936900119806015,-14.646887304860758,1.1936900119806015,0.0,1637.0,5.0,0.0,L
34.33,1789566550.036,path,0,0.000,0.000,,1.1936900119806015,-14.646887304860758,1.1936900119806015,0.0,1637.0,5.0,0.0,L
34.33,1789566550.036,path,1,0.241,-0.000,,1.1936900119806015,-14.646887304860758,1.1936900119806015,0.0,1637.0,5.0,0.0,L
34.33,1789566550.036,path,2,0.455,-0.001,,1.1936900119806015,-14.646887304860758,1.1936900119806015,0.0,1637.0,5.0,0.0,L
34.33,1789566550.036,path,3,0.642,0.000,,1.1936900119806015,-14.646887304860758,1.1936900119806015,0.0,1637.0,5.0,0.0,L
34.33,1789566550.036,path,4,0.809,0.003,,1.1936900119806015,-14.646887304860758,1.1936900119806015,0.0,1637.0,5.0,0.0,L
34.33,1789566550.036,path,5,0.966,0.007,,1.1936900119806015,-14.646887304860758,1.1936900119806015,0.0,1637.0,5.0,0.0,L
34.33,1789566550.036,path,6,1.118,0.012,,1.1936900119806015,-14.646887304860758,1.1936900119806015,0.0,1637.0,5.0,0.0,L
34.33,1789566550.036,path,7,1.271,0.019,,1.1936900119806015,-14.646887304860758,1.1936900119806015,0.0,1637.0,5.0,0.0,L
34.33,1789566550.036,path,8,1.423,0.026,,1.1936900119806015,-14.646887304860758,1.1936900119806015,0.0,1637.0,5.0,0.0,L
34.33,1789566550.036,path,9,1.571,0.034,,1.1936900119806015,-14.646887304860758,1.1936900119806015,0.0,1637.0,5.0,0.0,L
34.33,1789566550.036,path,10,1.717,0.043,,1.1936900119806015,-14.646887304860758,1.1936900119806015,0.0,1637.0,5.0,0.0,L
34.33,1789566550.036,path,11,1.868,0.054,,1.1936900119806015,-14.646887304860758,1.1936900119806015,0.0,1637.0,5.0,0.0,L
34.33,1789566550.036,path,12,2.020,0.065,,1.1936900119806015,-14.646887304860758,1.1936900119806015,0.0,1637.0,5.0,0.0,L
34.33,1789566550.036,path,13,2.170,0.077,,1.1936900119806015,-14.646887304860758,1.1936900119806015,0.0,1637.0,5.0,0.0,L
34.33,1789566550.036,path,14,2.324,0.089,,1.1936900119806015,-14.646887304860758,1.1936900119806015,0.0,1637.0,5.0,0.0,L
34.33,1789566550.036,path,15,2.480,0.101,,1.1936900119806015,-14.646887304860758,1.1936900119806015,0.0,1637.0,5.0,0.0,L
34.33,1789566550.036,path,16,2.632,0.113,,1.1936900119806015,-14.646887304860758,1.1936900119806015,0.0,1637.0,5.0,0.0,L
34.33,1789566550.036,path,17,2.785,0.124,,1.1936900119806015,-14.646887304860758,1.1936900119806015,0.0,1637.0,5.0,0.0,L
34.33,1789566550.036,path,18,2.937,0.134,,1.1936900119806015,-14.646887304860758,1.1936900119806015,0.0,1637.0,5.0,0.0,L
34.33,1789566550.036,path,19,3.093,0.143,,1.1936900119806015,-14.646887304860758,1.1936900119806015,0.0,1637.0,5.0,0.0,L
34.33,1789566550.036,path,20,3.251,0.151,,1.1936900119806015,-14.646887304860758,1.1936900119806015,0.0,1637.0,5.0,0.0,L
34.38,1789566550.086,none,-1,,,,1.1861368794425529,-14.986702368781037,1.1861368794425529,0.0,1195.0,4.0,0.0,L
34.43,1789566550.136,none,-1,,,,1.1765094193433756,-15.322891604537489,1.1765094193433756,0.0,1544.0,4.0,0.0,L
34.48,1789566550.186,none,-1,,,,1.1572143198451337,-15.618023779334994,1.1572143198451337,0.0,1512.0,4.0,0.0,L
34.53,1789566550.236,none,-1,,,,1.1486539684026387,-15.917457166759686,1.1486539684026387,0.0,1361.0,5.0,0.0,L
34.58,1789566550.286,none,-1,,,,1.1486539684026387,-16.169264763170894,1.1486539684026387,0.0,1326.0,5.0,0.0,L
34.63,1789566550.336,none,-1,,,,1.1198297378443247,-16.353445802596497,1.1198297378443247,0.0,1151.0,5.0,0.0,L
34.68,1789566550.386,none,-1,,,,1.1000448472213595,-16.524490454014952,1.1000448472213595,0.0,1151.0,5.0,0.0,L
34.73,1789566550.436,none,-1,,,,1.0992699348252999,-16.654013153421992,1.0992699348252999,0.0,1077.0,5.0,0.0,L
34.78,1789566550.486,none,-1,,,,1.0816421563468002,-16.772285928920027,1.0816421563468002,0.0,1005.0,5.0,0.0,L
34.83,1789566550.536,none,-1,,,,1.0616369769037834,-16.88401229497747,1.0616369769037834,0.0,1190.0,4.0,0.0,L
34.88,1789566550.586,none,-1,,,,1.0416001893767184,-16.940136644018935,1.0416001893767184,0.0,1197.0,4.0,0.0,L
34.93,1789566550.636,none,-1,,,,1.0501812889162043,-16.95289823940246,1.0501812889162043,0.0,1152.0,4.0,0.0,L
34.98,1789566550.686,none,-1,,,,1.038386811028795,-16.92026078629393,1.038386811028795,0.0,890.0,5.0,0.0,L
35.03,1789566550.736,none,-1,,,,1.0254847740893243,-16.886232153459094,1.0254847740893243,0.0,993.0,4.0,0.0,L
35.08,1789566550.786,none,-1,,,,1.0125856318684419,-16.871277714592196,1.0125856318684419,0.0,994.0,4.0,0.0,L
35.13,1789566550.836,none,-1,,,,1.0167296765111897,-16.858143909562845,1.0167296765111897,0.0,667.0,3.0,0.0,L
35.18,1789566550.886,none,-1,,,,1.0069031280916012,-16.823326261156787,1.0069031280916012,0.0,979.0,5.0,0.0,L
35.23,1789566550.936,none,-1,,,,0.9940120694500326,-16.802618551213225,0.9940120694500326,0.0,984.0,5.0,0.0,L
35.28,1789566550.986,none,-1,,,,0.9811452712751322,-16.790795760506438,0.9811452712751322,0.0,792.0,4.0,0.0,L
35.33,1789566551.036,none,-1,,,,0.9813405244701162,-16.774348085437147,0.9813405244701162,0.0,820.0,4.0,0.0,L
35.33,1789566551.036,path,0,0.000,0.000,,0.9813405244701162,-16.774348085437147,0.9813405244701162,0.0,820.0,4.0,0.0,L
35.33,1789566551.036,path,1,0.149,0.000,,0.9813405244701162,-16.774348085437147,0.9813405244701162,0.0,820.0,4.0,0.0,L
35.33,1789566551.036,path,2,0.292,0.002,,0.9813405244701162,-16.774348085437147,0.9813405244701162,0.0,820.0,4.0,0.0,L
35.33,1789566551.036,path,3,0.433,0.004,,0.9813405244701162,-16.774348085437147,0.9813405244701162,0.0,820.0,4.0,0.0,L
35.33,1789566551.036,path,4,0.578,0.007,,0.9813405244701162,-16.774348085437147,0.9813405244701162,0.0,820.0,4.0,0.0,L
35.33,1789566551.036,path,5,0.726,0.011,,0.9813405244701162,-16.774348085437147,0.9813405244701162,0.0,820.0,4.0,0.0,L
35.33,1789566551.036,path,6,0.871,0.016,,0.9813405244701162,-16.774348085437147,0.9813405244701162,0.0,820.0,4.0,0.0,L
35.33,1789566551.036,path,7,1.011,0.022,,0.9813405244701162,-16.774348085437147,0.9813405244701162,0.0,820.0,4.0,0.0,L
35.33,1789566551.036,path,8,1.149,0.029,,0.9813405244701162,-16.774348085437147,0.9813405244701162,0.0,820.0,4.0,0.0,L
35.33,1789566551.036,path,9,1.291,0.037,,0.9813405244701162,-16.774348085437147,0.9813405244701162,0.0,820.0,4.0,0.0,L
35.33,1789566551.036,path,10,1.430,0.045,,0.9813405244701162,-16.774348085437147,0.9813405244701162,0.0,820.0,4.0,0.0,L
35.33,1789566551.036,path,11,1.567,0.054,,0.9813405244701162,-16.774348085437147,0.9813405244701162,0.0,820.0,4.0,0.0,L
35.33,1789566551.036,path,12,1.703,0.064,,0.9813405244701162,-16.774348085437147,0.9813405244701162,0.0,820.0,4.0,0.0,L
35.33,1789566551.036,path,13,1.844,0.074,,0.9813405244701162,-16.774348085437147,0.9813405244701162,0.0,820.0,4.0,0.0,L
35.33,1789566551.036,path,14,1.985,0.085,,0.9813405244701162,-16.774348085437147,0.9813405244701162,0.0,820.0,4.0,0.0,L
35.33,1789566551.036,path,15,2.134,0.097,,0.9813405244701162,-16.774348085437147,0.9813405244701162,0.0,820.0,4.0,0.0,L
35.33,1789566551.036,path,16,2.290,0.110,,0.9813405244701162,-16.774348085437147,0.9813405244701162,0.0,820.0,4.0,0.0,L
35.33,1789566551.036,path,17,2.437,0.122,,0.9813405244701162,-16.774348085437147,0.9813405244701162,0.0,820.0,4.0,0.0,L
35.33,1789566551.036,path,18,2.585,0.135,,0.9813405244701162,-16.774348085437147,0.9813405244701162,0.0,820.0,4.0,0.0,L
35.33,1789566551.036,path,19,2.741,0.150,,0.9813405244701162,-16.774348085437147,0.9813405244701162,0.0,820.0,4.0,0.0,L
35.33,1789566551.036,path,20,2.902,0.167,,0.9813405244701162,-16.774348085437147,0.9813405244701162,0.0,820.0,4.0,0.0,L
35.38,1789566551.086,none,-1,,,,0.9717806231744753,-16.758510745079857,0.9717806231744753,0.0,704.0,3.0,0.0,L
35.43,1789566551.136,none,-1,,,,0.9617009997795203,-16.736163752948812,0.9617009997795203,0.0,704.0,3.0,0.0,L
35.48,1789566551.186,none,-1,,,,0.9516212682871537,-16.704448036346115,0.9516212682871537,0.0,693.0,3.0,0.0,L
35.53,1789566551.236,none,-1,,,,0.9441268232327968,-16.68118868417293,0.9441268232327968,0.0,679.0,3.0,0.0,L
35.58,1789566551.286,none,-1,,,,0.9380958923738382,-16.66852353851052,0.9380958923738382,0.0,695.0,3.0,0.0,L
35.63,1789566551.336,none,-1,,,,0.9280313839271552,-16.662409602246925,0.9280313839271552,0.0,625.0,3.0,0.0,L
35.68,1789566551.386,none,-1,,,,0.9179618342895144,-16.62746517856388,0.9179618342895144,0.0,199.0,2.0,0.0,L
35.73,1789566551.436,none,-1,,,,0.909151792550325,-16.60785568107828,0.909151792550325,0.0,357.0,2.0,0.0,L
35.78,1789566551.486,none,-1,,,,0.9041069425575815,-16.603910679101272,0.9041069425575815,0.0,357.0,2.0,0.0,L
35.83,1789566551.536,none,-1,,,,0.8961638492375669,-16.597581724605863,0.8961638492375669,0.0,202.0,2.0,0.0,L
35.88,1789566551.586,none,-1,,,,0.888208836998085,-16.57501902037625,0.888208836998085,0.0,197.0,2.0,0.0,L
35.93,1789566551.636,none,-1,,,,0.8846430697371999,-16.5733877662746,0.8846430697371999,0.0,134.0,1.0,0.0,L
35.98,1789566551.686,none,-1,,,,0.8787984255703887,-16.574492791351712,0.8787984255703887,0.0,134.0,1.0,0.0,L
36.03,1789566551.736,none,-1,,,,0.8708160027061885,-16.552349827829367,0.8708160027061885,0.0,185.0,2.0,0.0,L
36.08,1789566551.786,none,-1,,,,0.8628272250554067,-16.574973743294848,0.8628272250554067,0.0,252.0,3.0,0.0,L
36.13,1789566551.836,none,-1,,,,0.8602579196626049,-16.552781744983378,0.8602579196626049,0.0,273.0,3.0,0.0,L
36.18,1789566551.886,none,-1,,,,0.8568771268194754,-16.544165311001986,0.8568771268194754,0.0,286.0,3.0,0.0,L
36.23,1789566551.936,none,-1,,,,0.8568771268194754,-16.559479329684887,0.8568771268194754,0.0,197.0,2.0,0.0,L
36.28,1789566551.986,none,-1,,,,0.8568771268194754,-16.577434853897554,0.8568771268194754,0.0,199.0,2.0,0.0,L
36.33,1789566552.036,none,-1,,,,0.8438268952117821,-16.56733315880774,0.8438268952117821,0.0,193.0,2.0,0.0,L
36.33,1789566552.036,path,0,0.000,0.000,,0.8438268952117821,-16.56733315880774,0.8438268952117821,0.0,193.0,2.0,0.0,L
36.33,1789566552.036,path,1,0.142,0.000,,0.8438268952117821,-16.56733315880774,0.8438268952117821,0.0,193.0,2.0,0.0,L
36.33,1789566552.036,path,2,0.285,0.001,,0.8438268952117821,-16.56733315880774,0.8438268952117821,0.0,193.0,2.0,0.0,L
36.33,1789566552.036,path,3,0.429,0.004,,0.8438268952117821,-16.56733315880774,0.8438268952117821,0.0,193.0,2.0,0.0,L
36.33,1789566552.036,path,4,0.571,0.007,,0.8438268952117821,-16.56733315880774,0.8438268952117821,0.0,193.0,2.0,0.0,L
36.33,1789566552.036,path,5,0.713,0.011,,0.8438268952117821,-16.56733315880774,0.8438268952117821,0.0,193.0,2.0,0.0,L
36.33,1789566552.036,path,6,0.855,0.016,,0.8438268952117821,-16.56733315880774,0.8438268952117821,0.0,193.0,2.0,0.0,L
36.33,1789566552.036,path,7,0.999,0.023,,0.8438268952117821,-16.56733315880774,0.8438268952117821,0.0,193.0,2.0,0.0,L
36.33,1789566552.036,path,8,1.145,0.030,,0.8438268952117821,-16.56733315880774,0.8438268952117821,0.0,193.0,2.0,0.0,L
36.33,1789566552.036,path,9,1.292,0.038,,0.8438268952117821,-16.56733315880774,0.8438268952117821,0.0,193.0,2.0,0.0,L
36.33,1789566552.036,path,10,1.437,0.047,,0.8438268952117821,-16.56733315880774,0.8438268952117821,0.0,193.0,2.0,0.0,L
36.33,1789566552.036,path,11,1.583,0.057,,0.8438268952117821,-16.56733315880774,0.8438268952117821,0.0,193.0,2.0,0.0,L
36.33,1789566552.036,path,12,1.728,0.067,,0.8438268952117821,-16.56733315880774,0.8438268952117821,0.0,193.0,2.0,0.0,L
36.33,1789566552.036,path,13,1.873,0.078,,0.8438268952117821,-16.56733315880774,0.8438268952117821,0.0,193.0,2.0,0.0,L
36.33,1789566552.036,path,14,2.014,0.090,,0.8438268952117821,-16.56733315880774,0.8438268952117821,0.0,193.0,2.0,0.0,L
36.33,1789566552.036,path,15,2.158,0.102,,0.8438268952117821,-16.56733315880774,0.8438268952117821,0.0,193.0,2.0,0.0,L
36.33,1789566552.036,path,16,2.305,0.116,,0.8438268952117821,-16.56733315880774,0.8438268952117821,0.0,193.0,2.0,0.0,L
36.33,1789566552.036,path,17,2.454,0.130,,0.8438268952117821,-16.56733315880774,0.8438268952117821,0.0,193.0,2.0,0.0,L
36.33,1789566552.036,path,18,2.604,0.145,,0.8438268952117821,-16.56733315880774,0.8438268952117821,0.0,193.0,2.0,0.0,L
36.33,1789566552.036,path,19,2.754,0.161,,0.8438268952117821,-16.56733315880774,0.8438268952117821,0.0,193.0,2.0,0.0,L
36.33,1789566552.036,path,20,2.909,0.178,,0.8438268952117821,-16.56733315880774,0.8438268952117821,0.0,193.0,2.0,0.0,L
36.38,1789566552.086,none,-1,,,,0.8438268952117821,-16.55227255925865,0.8438268952117821,0.0,214.0,2.0,0.0,L
36.43,1789566552.136,none,-1,,,,0.8438268952117821,-16.58055104630707,0.8438268952117821,0.0,295.0,3.0,0.0,L
36.48,1789566552.186,none,-1,,,,0.8438268952117821,-16.580668902887577,0.8438268952117821,0.0,303.0,3.0,0.0,L
36.53,1789566552.236,none,-1,,,,0.8395087069547961,-16.579423189569248,0.8395087069547961,0.0,297.0,3.0,0.0,L
36.58,1789566552.286,none,-1,,,,0.8395087069547961,-16.5912117384125,0.8395087069547961,0.0,423.0,4.0,0.0,L
36.63,1789566552.336,none,-1,,,,0.8395087069547961,-16.590753150599785,0.8395087069547961,0.0,578.0,4.0,0.0,L
36.68,1789566552.386,none,-1,,,,0.8395087069547961,-16.593488109673245,0.8395087069547961,0.0,586.0,4.0,0.0,L
36.73,1789566552.436,none,-1,,,,0.8382790829695633,-16.594548009225548,0.8382790829695633,0.0,562.0,4.0,0.0,L
36.78,1789566552.486,none,-1,,,,0.8382790829695633,-16.591947818946828,0.8382790829695633,0.0,314.0,3.0,0.0,L
36.83,1789566552.536,none,-1,,,,0.8382790829695633,-16.595456106764612,0.8382790829695633,0.0,431.0,3.0,0.0,L
36.88,1789566552.586,none,-1,,,,0.8382790829695633,-16.5980103258175,0.8382790829695633,0.0,428.0,3.0,0.0,L
36.93,1789566552.636,none,-1,,,,0.837658563579681,-16.600239345810174,0.837658563579681,0.0,414.0,3.0,0.0,L
36.98,1789566552.686,none,-1,,,,0.837658563579681,-16.603937000840588,0.837658563579681,0.0,444.0,3.0,0.0,L
37.03,1789566552.736,none,-1,,,,0.837658563579681,-16.60611577225943,0.837658563579681,0.0,444.0,3.0,0.0,L
37.08,1789566552.786,none,-1,,,,0.837658563579681,-16.61134059955801,0.837658563579681,0.0,449.0,3.0,0.0,L
37.13,1789566552.836,none,-1,,,,0.837626494223402,-16.61058422936611,0.837626494223402,0.0,527.0,4.0,0.0,L
37.18,1789566552.886,none,-1,,,,0.837626494223402,-16.611938737210505,0.837626494223402,0.0,527.0,4.0,0.0,L
37.23,1789566552.936,none,-1,,,,0.837626494223402,-16.6123034539977,0.837626494223402,0.0,527.0,4.0,0.0,L
37.28,1789566552.986,none,-1,,,,0.837626494223402,-16.612579594566103,0.837626494223402,0.0,527.0,4.0,0.0,L
37.33,1789566553.036,none,-1,,,,0.8368268234027285,-16.60528412591049,0.8368268234027285,0.0,660.0,4.0,0.0,L
37.33,1789566553.036,path,0,0.000,0.000,,0.8368268234027285,-16.60528412591049,0.8368268234027285,0.0,660.0,4.0,0.0,L
37.33,1789566553.036,path,1,0.141,0.000,,0.8368268234027285,-16.60528412591049,0.8368268234027285,0.0,660.0,4.0,0.0,L
37.33,1789566553.036,path,2,0.283,0.002,,0.8368268234027285,-16.60528412591049,0.8368268234027285,0.0,660.0,4.0,0.0,L
37.33,1789566553.036,path,3,0.424,0.004,,0.8368268234027285,-16.60528412591049,0.8368268234027285,0.0,660.0,4.0,0.0,L
37.33,1789566553.036,path,4,0.566,0.007,,0.8368268234027285,-16.60528412591049,0.8368268234027285,0.0,660.0,4.0,0.0,L
37.33,1789566553.036,path,5,0.710,0.011,,0.8368268234027285,-16.60528412591049,0.8368268234027285,0.0,660.0,4.0,0.0,L
37.33,1789566553.036,path,6,0.856,0.016,,0.8368268234027285,-16.60528412591049,0.8368268234027285,0.0,660.0,4.0,0.0,L
37.33,1789566553.036,path,7,1.002,0.022,,0.8368268234027285,-16.60528412591049,0.8368268234027285,0.0,660.0,4.0,0.0,L
37.33,1789566553.036,path,8,1.145,0.029,,0.8368268234027285,-16.60528412591049,0.8368268234027285,0.0,660.0,4.0,0.0,L
37.33,1789566553.036,path,9,1.291,0.037,,0.8368268234027285,-16.60528412591049,0.8368268234027285,0.0,660.0,4.0,0.0,L
37.33,1789566553.036,path,10,1.436,0.046,,0.8368268234027285,-16.60528412591049,0.8368268234027285,0.0,660.0,4.0,0.0,L
37.33,1789566553.036,path,11,1.581,0.056,,0.8368268234027285,-16.60528412591049,0.8368268234027285,0.0,660.0,4.0,0.0,L
37.33,1789566553.036,path,12,1.727,0.067,,0.8368268234027285,-16.60528412591049,0.8368268234027285,0.0,660.0,4.0,0.0,L
37.33,1789566553.036,path,13,1.877,0.080,,0.8368268234027285,-16.60528412591049,0.8368268234027285,0.0,660.0,4.0,0.0,L
37.33,1789566553.036,path,14,2.027,0.093,,0.8368268234027285,-16.60528412591049,0.8368268234027285,0.0,660.0,4.0,0.0,L
37.33,1789566553.036,path,15,2.174,0.106,,0.8368268234027285,-16.60528412591049,0.8368268234027285,0.0,660.0,4.0,0.0,L
37.33,1789566553.036,path,16,2.319,0.120,,0.8368268234027285,-16.60528412591049,0.8368268234027285,0.0,660.0,4.0,0.0,L
37.33,1789566553.036,path,17,2.467,0.134,,0.8368268234027285,-16.60528412591049,0.8368268234027285,0.0,660.0,4.0,0.0,L
37.33,1789566553.036,path,18,2.613,0.149,,0.8368268234027285,-16.60528412591049,0.8368268234027285,0.0,660.0,4.0,0.0,L
37.33,1789566553.036,path,19,2.762,0.164,,0.8368268234027285,-16.60528412591049,0.8368268234027285,0.0,660.0,4.0,0.0,L
37.33,1789566553.036,path,20,2.911,0.180,,0.8368268234027285,-16.60528412591049,0.8368268234027285,0.0,660.0,4.0,0.0,L
37.38,1789566553.086,none,-1,,,,0.8368268234027285,-16.60632176389297,0.8368268234027285,0.0,660.0,4.0,0.0,L
37.43,1789566553.136,none,-1,,,,0.8368268234027285,-16.601486236449773,0.8368268234027285,0.0,705.0,4.0,0.0,L
37.48,1789566553.186,none,-1,,,,0.8368268234027285,-16.58966703493327,0.8368268234027285,0.0,705.0,4.0,0.0,L
37.53,1789566553.236,none,-1,,,,0.8383626561435924,-16.567644883858677,0.8383626561435924,0.0,590.0,3.0,0.0,L
37.58,1789566553.286,none,-1,,,,0.8383626561435924,-16.570704911013653,0.8383626561435924,0.0,474.0,3.0,0.0,L
37.63,1789566553.336,none,-1,,,,0.8383626561435924,-16.572540407987997,0.8383626561435924,0.0,588.0,3.0,0.0,L
37.68,1789566553.386,none,-1,,,,0.8383626561435924,-16.584879572372586,0.8383626561435924,0.0,587.0,3.0,0.0,L
37.73,1789566553.436,none,-1,,,,0.8327819690441959,-16.559025489423476,0.8327819690441959,0.0,516.0,3.0,0.0,L
37.78,1789566553.486,none,-1,,,,0.8327819690441959,-16.53162608242533,0.8327819690441959,0.0,516.0,3.0,0.0,L
37.83,1789566553.536,none,-1,,,,0.8327819690441959,-16.53023972924271,0.8327819690441959,0.0,576.0,3.0,0.0,L
37.88,1789566553.586,none,-1,,,,0.8327819690441959,-16.537517584152397,0.8327819690441959,0.0,574.0,3.0,0.0,L
37.93,1789566553.636,none,-1,,,,0.8238522802008637,-16.545563019036205,0.8238522802008637,0.0,447.0,3.0,0.0,L
37.98,1789566553.686,none,-1,,,,0.8238522802008637,-16.51018042617526,0.8238522802008637,0.0,644.0,3.0,0.0,L
38.03,1789566553.736,none,-1,,,,0.8238522802008637,-16.50822993206324,0.8238522802008637,0.0,653.0,3.0,0.0,L
38.08,1789566553.786,none,-1,,,,0.8238522802008637,-16.479431296073212,0.8238522802008637,0.0,604.0,3.0,0.0,L
38.13,1789566553.836,none,-1,,,,0.8083303395885123,-16.495421302735732,0.8083303395885123,0.0,616.0,3.0,0.0,L
38.18,1789566553.886,none,-1,,,,0.8044494527521968,-16.445428612052847,0.8044494527521968,0.0,616.0,3.0,0.0,L
38.23,1789566553.936,none,-1,,,,0.7999942505822257,-16.400996415339137,0.7999942505822257,0.0,451.0,3.0,0.0,L
38.28,1789566553.986,none,-1,,,,0.7955348112219351,-16.399735864833115,0.7955348112219351,0.0,418.0,3.0,0.0,L
38.33,1789566554.036,none,-1,,,,0.7893486604878506,-16.398467765143028,0.7893486604878506,0.0,324.0,3.0,0.0,L
38.33,1789566554.036,path,0,0.000,0.000,,0.7893486604878506,-16.398467765143028,0.7893486604878506,0.0,324.0,3.0,0.0,L
38.33,1789566554.036,path,1,0.144,0.000,,0.7893486604878506,-16.398467765143028,0.7893486604878506,0.0,324.0,3.0,0.0,L
38.33,1789566554.036,path,2,0.287,0.002,,0.7893486604878506,-16.398467765143028,0.7893486604878506,0.0,324.0,3.0,0.0,L
38.33,1789566554.036,path,3,0.432,0.004,,0.7893486604878506,-16.398467765143028,0.7893486604878506,0.0,324.0,3.0,0.0,L
38.33,1789566554.036,path,4,0.576,0.008,,0.7893486604878506,-16.398467765143028,0.7893486604878506,0.0,324.0,3.0,0.0,L
38.33,1789566554.036,path,5,0.721,0.012,,0.7893486604878506,-16.398467765143028,0.7893486604878506,0.0,324.0,3.0,0.0,L
38.33,1789566554.036,path,6,0.867,0.018,,0.7893486604878506,-16.398467765143028,0.7893486604878506,0.0,324.0,3.0,0.0,L
38.33,1789566554.036,path,7,1.013,0.025,,0.7893486604878506,-16.398467765143028,0.7893486604878506,0.0,324.0,3.0,0.0,L
38.33,1789566554.036,path,8,1.158,0.032,,0.7893486604878506,-16.398467765143028,0.7893486604878506,0.0,324.0,3.0,0.0,L
38.33,1789566554.036,path,9,1.304,0.040,,0.7893486604878506,-16.398467765143028,0.7893486604878506,0.0,324.0,3.0,0.0,L
38.33,1789566554.036,path,10,1.449,0.049,,0.7893486604878506,-16.398467765143028,0.7893486604878506,0.0,324.0,3.0,0.0,L
38.33,1789566554.036,path,11,1.593,0.059,,0.7893486604878506,-16.398467765143028,0.7893486604878506,0.0,324.0,3.0,0.0,L
38.33,1789566554.036,path,12,1.740,0.070,,0.7893486604878506,-16.398467765143028,0.7893486604878506,0.0,324.0,3.0,0.0,L
38.33,1789566554.036,path,13,1.888,0.082,,0.7893486604878506,-16.398467765143028,0.7893486604878506,0.0,324.0,3.0,0.0,L
38.33,1789566554.036,path,14,2.035,0.095,,0.7893486604878506,-16.398467765143028,0.7893486604878506,0.0,324.0,3.0,0.0,L
38.33,1789566554.036,path,15,2.181,0.108,,0.7893486604878506,-16.398467765143028,0.7893486604878506,0.0,324.0,3.0,0.0,L
38.33,1789566554.036,path,16,2.327,0.121,,0.7893486604878506,-16.398467765143028,0.7893486604878506,0.0,324.0,3.0,0.0,L
38.33,1789566554.036,path,17,2.471,0.136,,0.7893486604878506,-16.398467765143028,0.7893486604878506,0.0,324.0,3.0,0.0,L
38.33,1789566554.036,path,18,2.617,0.151,,0.7893486604878506,-16.398467765143028,0.7893486604878506,0.0,324.0,3.0,0.0,L
38.33,1789566554.036,path,19,2.764,0.167,,0.7893486604878506,-16.398467765143028,0.7893486604878506,0.0,324.0,3.0,0.0,L
38.33,1789566554.036,path,20,2.912,0.185,,0.7893486604878506,-16.398467765143028,0.7893486604878506,0.0,324.0,3.0,0.0,L
38.38,1789566554.086,none,-1,,,,0.7801295336463028,-16.38573843355023,0.7801295336463028,0.0,122.0,1.0,0.0,L
38.43,1789566554.136,none,-1,,,,0.7711968831009568,-16.37239470987973,0.7711968831009568,0.0,213.0,2.0,0.0,L
38.48,1789566554.186,none,-1,,,,0.7667238260398139,-16.353732463025633,0.7667238260398139,0.0,220.0,2.0,0.0,L
38.53,1789566554.236,none,-1,,,,0.777029090960583,-16.355932889111767,0.777029090960583,0.0,147.0,1.0,0.0,L
38.58,1789566554.286,none,-1,,,,0.7744640532561049,-16.348226955717507,0.7744640532561049,0.0,137.0,1.0,0.0,L
38.63,1789566554.336,none,-1,,,,0.7705286544334213,-16.355758568368042,0.7705286544334213,0.0,117.0,1.0,0.0,L
38.68,1789566554.386,none,-1,,,,0.7666939432181233,-16.323580729712813,0.7666939432181233,0.0,272.0,3.0,0.0,L
38.73,1789566554.436,none,-1,,,,0.7571243818512879,-16.34854114697339,0.7571243818512879,0.0,281.0,3.0,0.0,L
38.78,1789566554.486,none,-1,,,,0.7540842380412361,-16.301231374128914,0.7540842380412361,0.0,492.0,4.0,0.0,L
38.83,1789566554.536,none,-1,,,,0.7502318983528866,-16.344210512738524,0.7502318983528866,0.0,495.0,4.0,0.0,L
38.88,1789566554.586,none,-1,,,,0.7463798241844375,-16.2944561199425,0.7463798241844375,0.0,369.0,3.0,0.0,L
38.93,1789566554.636,none,-1,,,,0.7356223845290286,-16.277165740023364,0.7356223845290286,0.0,295.0,2.0,0.0,L
38.98,1789566554.686,none,-1,,,,0.7356223845290286,-16.284763156563884,0.7356223845290286,0.0,271.0,2.0,0.0,L
39.03,1789566554.736,none,-1,,,,0.7317954751210567,-16.284667802630718,0.7317954751210567,0.0,362.0,3.0,0.0,L
39.08,1789566554.786,none,-1,,,,0.7279916616036404,-16.284807104408607,0.7279916616036404,0.0,366.0,3.0,0.0,L
39.13,1789566554.836,none,-1,,,,0.7301364688342279,-16.304165995780536,0.7301364688342279,0.0,123.0,1.0,0.0,L
39.18,1789566554.886,none,-1,,,,0.7272952841892816,-16.290832257716946,0.7272952841892816,0.0,280.0,3.0,0.0,L
39.23,1789566554.936,none,-1,,,,0.7272952841892816,-16.321713185233705,0.7272952841892816,0.0,280.0,3.0,0.0,L
39.28,1789566554.986,none,-1,,,,0.7272952841892816,-16.318880358173562,0.7272952841892816,0.0,118.0,1.0,0.0,L
39.33,1789566555.036,none,-1,,,,0.7213678826765791,-16.29581538143275,0.7213678826765791,0.0,366.0,3.0,0.0,L
39.33,1789566555.036,path,0,0.000,0.000,,0.7213678826765791,-16.29581538143275,0.7213678826765791,0.0,366.0,3.0,0.0,L
39.33,1789566555.036,path,1,0.127,0.000,,0.7213678826765791,-16.29581538143275,0.7213678826765791,0.0,366.0,3.0,0.0,L
39.33,1789566555.036,path,2,0.254,0.000,,0.7213678826765791,-16.29581538143275,0.7213678826765791,0.0,366.0,3.0,0.0,L
39.33,1789566555.036,path,3,0.380,0.001,,0.7213678826765791,-16.29581538143275,0.7213678826765791,0.0,366.0,3.0,0.0,L
39.33,1789566555.036,path,4,0.507,0.002,,0.7213678826765791,-16.29581538143275,0.7213678826765791,0.0,366.0,3.0,0.0,L
39.33,1789566555.036,path,5,0.632,0.004,,0.7213678826765791,-16.29581538143275,0.7213678826765791,0.0,366.0,3.0,0.0,L
39.33,1789566555.036,path,6,0.759,0.007,,0.7213678826765791,-16.29581538143275,0.7213678826765791,0.0,366.0,3.0,0.0,L
39.33,1789566555.036,path,7,0.886,0.010,,0.7213678826765791,-16.29581538143275,0.7213678826765791,0.0,366.0,3.0,0.0,L
39.33,1789566555.036,path,8,1.012,0.015,,0.7213678826765791,-16.29581538143275,0.7213678826765791,0.0,366.0,3.0,0.0,L
39.33,1789566555.036,path,9,1.138,0.020,,0.7213678826765791,-16.29581538143275,0.7213678826765791,0.0,366.0,3.0,0.0,L
39.33,1789566555.036,path,10,1.266,0.027,,0.7213678826765791,-16.29581538143275,0.7213678826765791,0.0,366.0,3.0,0.0,L
39.33,1789566555.036,path,11,1.394,0.035,,0.7213678826765791,-16.29581538143275,0.7213678826765791,0.0,366.0,3.0,0.0,L
39.33,1789566555.036,path,12,1.520,0.044,,0.7213678826765791,-16.29581538143275,0.7213678826765791,0.0,366.0,3.0,0.0,L
39.33,1789566555.036,path,13,1.646,0.054,,0.7213678826765791,-16.29581538143275,0.7213678826765791,0.0,366.0,3.0,0.0,L
39.33,1789566555.036,path,14,1.774,0.065,,0.7213678826765791,-16.29581538143275,0.7213678826765791,0.0,366.0,3.0,0.0,L
39.33,1789566555.036,path,15,1.900,0.075,,0.7213678826765791,-16.29581538143275,0.7213678826765791,0.0,366.0,3.0,0.0,L
39.33,1789566555.036,path,16,2.026,0.086,,0.7213678826765791,-16.29581538143275,0.7213678826765791,0.0,366.0,3.0,0.0,L
39.33,1789566555.036,path,17,2.152,0.097,,0.7213678826765791,-16.29581538143275,0.7213678826765791,0.0,366.0,3.0,0.0,L
39.33,1789566555.036,path,18,2.278,0.109,,0.7213678826765791,-16.29581538143275,0.7213678826765791,0.0,366.0,3.0,0.0,L
39.33,1789566555.036,path,19,2.406,0.122,,0.7213678826765791,-16.29581538143275,0.7213678826765791,0.0,366.0,3.0,0.0,L
39.33,1789566555.036,path,20,2.535,0.136,,0.7213678826765791,-16.29581538143275,0.7213678826765791,0.0,366.0,3.0,0.0,L
39.38,1789566555.086,none,-1,,,,0.7213678826765791,-16.291473093847053,0.7213678826765791,0.0,366.0,3.0,0.0,L
39.43,1789566555.136,none,-1,,,,0.7213678826765791,-16.293969675940588,0.7213678826765791,0.0,357.0,3.0,0.0,L
39.48,1789566555.186,none,-1,,,,0.7174079065347112,-16.284720780271808,0.7174079065347112,0.0,114.0,1.0,0.0,L
39.53,1789566555.236,none,-1,,,,0.7206760156636166,-16.27423999705374,0.7206760156636166,0.0,197.0,2.0,0.0,L
39.58,1789566555.286,none,-1,,,,0.7206760156636166,-16.28598389352956,0.7206760156636166,0.0,198.0,2.0,0.0,L
39.63,1789566555.336,none,-1,,,,0.7206760156636166,-16.288407311001954,0.7206760156636166,0.0,123.0,1.0,0.0,L
39.68,1789566555.386,none,-1,,,,0.7206760156636166,-16.283180383360587,0.7206760156636166,0.0,118.0,1.0,0.0,L
39.73,1789566555.436,none,-1,,,,0.7182012949306589,-16.291151808727324,0.7182012949306589,0.0,117.0,1.0,0.0,L
39.78,1789566555.486,none,-1,,,,0.7182012949306589,-16.286991154172338,0.7182012949306589,0.0,117.0,1.0,0.0,L
39.83,1789566555.536,none,-1,,,,0.7182012949306589,-16.293468769012883,0.7182012949306589,0.0,288.0,3.0,0.0,L
39.88,1789566555.586,none,-1,,,,0.7182012949306589,-16.299969995359024,0.7182012949306589,0.0,288.0,3.0,0.0,L
39.93,1789566555.636,none,-1,,,,0.7150180580533365,-16.302367793377815,0.7150180580533365,0.0,125.0,1.0,0.0,L
39.98,1789566555.686,none,-1,,,,0.7150180580533365,-16.2965239466236,0.7150180580533365,0.0,236.0,2.0,0.0,L
40.03,1789566555.736,none,-1,,,,0.7150180580533365,-16.29868598978561,0.7150180580533365,0.0,238.0,2.0,0.0,L
40.08,1789566555.786,none,-1,,,,0.7150180580533365,-16.295724364142767,0.7150180580533365,0.0,272.0,2.0,0.0,L
40.13,1789566555.836,none,-1,,,,0.7165326738161645,-16.301951098358817,0.7165326738161645,0.0,260.0,2.0,0.0,L
40.18,1789566555.886,none,-1,,,,0.7165326738161645,-16.30083983985344,0.7165326738161645,0.0,277.0,2.0,0.0,L
40.23,1789566555.936,none,-1,,,,0.7165326738161645,-16.30582372688483,0.7165326738161645,0.0,277.0,2.0,0.0,L
40.28,1789566555.986,none,-1,,,,0.7165326738161645,-16.31119630512168,0.7165326738161645,0.0,195.0,2.0,0.0,L
40.33,1789566556.036,none,-1,,,,0.7126964175581663,-16.306705839314542,0.7126964175581663,0.0,128.0,1.0,0.0,L
40.33,1789566556.036,path,0,0.000,0.000,,0.7126964175581663,-16.306705839314542,0.7126964175581663,0.0,128.0,1.0,0.0,L
40.33,1789566556.036,path,1,0.127,0.000,,0.7126964175581663,-16.306705839314542,0.7126964175581663,0.0,128.0,1.0,0.0,L
40.33,1789566556.036,path,2,0.255,0.001,,0.7126964175581663,-16.306705839314542,0.7126964175581663,0.0,128.0,1.0,0.0,L
40.33,1789566556.036,path,3,0.381,0.003,,0.7126964175581663,-16.306705839314542,0.7126964175581663,0.0,128.0,1.0,0.0,L
40.33,1789566556.036,path,4,0.506,0.005,,0.7126964175581663,-16.306705839314542,0.7126964175581663,0.0,128.0,1.0,0.0,L
40.33,1789566556.036,path,5,0.632,0.007,,0.7126964175581663,-16.306705839314542,0.7126964175581663,0.0,128.0,1.0,0.0,L
40.33,1789566556.036,path,6,0.758,0.010,,0.7126964175581663,-16.306705839314542,0.7126964175581663,0.0,128.0,1.0,0.0,L
40.33,1789566556.036,path,7,0.884,0.014,,0.7126964175581663,-16.306705839314542,0.7126964175581663,0.0,128.0,1.0,0.0,L
40.33,1789566556.036,path,8,1.012,0.020,,0.7126964175581663,-16.306705839314542,0.7126964175581663,0.0,128.0,1.0,0.0,L
40.33,1789566556.036,path,9,1.140,0.026,,0.7126964175581663,-16.306705839314542,0.7126964175581663,0.0,128.0,1.0,0.0,L
40.33,1789566556.036,path,10,1.269,0.033,,0.7126964175581663,-16.306705839314542,0.7126964175581663,0.0,128.0,1.0,0.0,L
40.33,1789566556.036,path,11,1.394,0.041,,0.7126964175581663,-16.306705839314542,0.7126964175581663,0.0,128.0,1.0,0.0,L
40.33,1789566556.036,path,12,1.520,0.049,,0.7126964175581663,-16.306705839314542,0.7126964175581663,0.0,128.0,1.0,0.0,L
40.33,1789566556.036,path,13,1.647,0.057,,0.7126964175581663,-16.306705839314542,0.7126964175581663,0.0,128.0,1.0,0.0,L
40.33,1789566556.036,path,14,1.775,0.066,,0.7126964175581663,-16.306705839314542,0.7126964175581663,0.0,128.0,1.0,0.0,L
40.33,1789566556.036,path,15,1.902,0.076,,0.7126964175581663,-16.306705839314542,0.7126964175581663,0.0,128.0,1.0,0.0,L
40.33,1789566556.036,path,16,2.029,0.085,,0.7126964175581663,-16.306705839314542,0.7126964175581663,0.0,128.0,1.0,0.0,L
40.33,1789566556.036,path,17,2.156,0.095,,0.7126964175581663,-16.306705839314542,0.7126964175581663,0.0,128.0,1.0,0.0,L
40.33,1789566556.036,path,18,2.283,0.105,,0.7126964175581663,-16.306705839314542,0.7126964175581663,0.0,128.0,1.0,0.0,L
40.33,1789566556.036,path,19,2.411,0.116,,0.7126964175581663,-16.306705839314542,0.7126964175581663,0.0,128.0,1.0,0.0,L
40.33,1789566556.036,path,20,2.540,0.127,,0.7126964175581663,-16.306705839314542,0.7126964175581663,0.0,128.0,1.0,0.0,L
40.38,1789566556.086,none,-1,,,,0.7126964175581663,-16.307183149816474,0.7126964175581663,0.0,210.0,2.0,0.0,L
40.43,1789566556.136,none,-1,,,,0.7126964175581663,-16.301043252294175,0.7126964175581663,0.0,221.0,2.0,0.0,L
40.48,1789566556.186,none,-1,,,,0.7126964175581663,-16.298522143327205,0.7126964175581663,0.0,215.0,2.0,0.0,L
40.53,1789566556.236,none,-1,,,,0.712854585102561,-16.29291347527415,0.712854585102561,0.0,215.0,2.0,0.0,L
40.58,1789566556.286,none,-1,,,,0.712854585102561,-16.295247735521503,0.712854585102561,0.0,268.0,2.0,0.0,L
40.63,1789566556.336,none,-1,,,,0.712854585102561,-16.301009456178686,0.712854585102561,0.0,381.0,3.0,0.0,L
40.68,1789566556.386,none,-1,,,,0.712854585102561,-16.30337315928743,0.712854585102561,0.0,303.0,3.0,0.0,L
40.73,1789566556.436,none,-1,,,,0.7107345848766479,-16.309964320938132,0.7107345848766479,0.0,182.0,2.0,0.0,L
40.78,1789566556.486,none,-1,,,,0.7107345848766479,-16.31068162245343,0.7107345848766479,0.0,195.0,2.0,0.0,L
40.83,1789566556.536,none,-1,,,,0.7107345848766479,-16.310076197452368,0.7107345848766479,0.0,214.0,2.0,0.0,L
40.88,1789566556.586,none,-1,,,,0.7107345848766479,-16.307286891319645,0.7107345848766479,0.0,213.0,2.0,0.0,L
40.93,1789566556.636,none,-1,,,,0.710264244994174,-16.30633827234678,0.710264244994174,0.0,253.0,2.0,0.0,L
40.98,1789566556.686,none,-1,,,,0.710264244994174,-16.30588009160033,0.710264244994174,0.0,246.0,2.0,0.0,L
41.03,1789566556.736,none,-1,,,,0.710264244994174,-16.314354046692497,0.710264244994174,0.0,191.0,2.0,0.0,L
41.08,1789566556.786,none,-1,,,,0.710264244994174,-16.313736966512522,0.710264244994174,0.0,189.0,2.0,0.0,L
41.13,1789566556.836,none,-1,,,,0.7070537211818979,-16.30896501683873,0.7070537211818979,0.0,422.0,4.0,0.0,L
41.18,1789566556.886,none,-1,,,,0.7070537211818979,-16.30566098072039,0.7070537211818979,0.0,453.0,4.0,0.0,L
41.23,1789566556.936,none,-1,,,,0.7070537211818979,-16.294441088502147,0.7070537211818979,0.0,341.0,3.0,0.0,L
41.28,1789566556.986,none,-1,,,,0.7070537211818979,-16.290814296531323,0.7070537211818979,0.0,377.0,3.0,0.0,L
41.33,1789566557.036,none,-1,,,,0.7080448116243889,-16.292069993946203,0.7080448116243889,0.0,387.0,3.0,0.0,L
41.33,1789566557.036,path,0,0.000,0.000,,0.7080448116243889,-16.292069993946203,0.7080448116243889,0.0,387.0,3.0,0.0,L
41.33,1789566557.036,path,1,0.129,0.000,,0.7080448116243889,-16.292069993946203,0.7080448116243889,0.0,387.0,3.0,0.0,L
41.33,1789566557.036,path,2,0.255,0.001,,0.7080448116243889,-16.292069993946203,0.7080448116243889,0.0,387.0,3.0,0.0,L
41.33,1789566557.036,path,3,0.381,0.003,,0.7080448116243889,-16.292069993946203,0.7080448116243889,0.0,387.0,3.0,0.0,L
41.33,1789566557.036,path,4,0.508,0.005,,0.7080448116243889,-16.292069993946203,0.7080448116243889,0.0,387.0,3.0,0.0,L
41.33,1789566557.036,path,5,0.636,0.008,,0.7080448116243889,-16.292069993946203,0.7080448116243889,0.0,387.0,3.0,0.0,L
41.33,1789566557.036,path,6,0.763,0.012,,0.7080448116243889,-16.292069993946203,0.7080448116243889,0.0,387.0,3.0,0.0,L
41.33,1789566557.036,path,7,0.890,0.017,,0.7080448116243889,-16.292069993946203,0.7080448116243889,0.0,387.0,3.0,0.0,L
41.33,1789566557.036,path,8,1.017,0.023,,0.7080448116243889,-16.292069993946203,0.7080448116243889,0.0,387.0,3.0,0.0,L
41.33,1789566557.036,path,9,1.145,0.029,,0.7080448116243889,-16.292069993946203,0.7080448116243889,0.0,387.0,3.0,0.0,L
41.33,1789566557.036,path,10,1.272,0.037,,0.7080448116243889,-16.292069993946203,0.7080448116243889,0.0,387.0,3.0,0.0,L
41.33,1789566557.036,path,11,1.398,0.045,,0.7080448116243889,-16.292069993946203,0.7080448116243889,0.0,387.0,3.0,0.0,L
41.33,1789566557.036,path,12,1.523,0.053,,0.7080448116243889,-16.292069993946203,0.7080448116243889,0.0,387.0,3.0,0.0,L
41.33,1789566557.036,path,13,1.649,0.062,,0.7080448116243889,-16.292069993946203,0.7080448116243889,0.0,387.0,3.0,0.0,L
41.33,1789566557.036,path,14,1.778,0.071,,0.7080448116243889,-16.292069993946203,0.7080448116243889,0.0,387.0,3.0,0.0,L
41.33,1789566557.036,path,15,1.906,0.081,,0.7080448116243889,-16.292069993946203,0.7080448116243889,0.0,387.0,3.0,0.0,L
41.33,1789566557.036,path,16,2.032,0.091,,0.7080448116243889,-16.292069993946203,0.7080448116243889,0.0,387.0,3.0,0.0,L
41.33,1789566557.036,path,17,2.156,0.101,,0.7080448116243889,-16.292069993946203,0.7080448116243889,0.0,387.0,3.0,0.0,L
41.33,1789566557.036,path,18,2.282,0.112,,0.7080448116243889,-16.292069993946203,0.7080448116243889,0.0,387.0,3.0,0.0,L
41.33,1789566557.036,path,19,2.410,0.124,,0.7080448116243889,-16.292069993946203,0.7080448116243889,0.0,387.0,3.0,0.0,L
41.33,1789566557.036,path,20,2.537,0.135,,0.7080448116243889,-16.292069993946203,0.7080448116243889,0.0,387.0,3.0,0.0,L
41.38,1789566557.086,none,-1,,,,0.7080448116243889,-16.294195395649783,0.7080448116243889,0.0,288.0,2.0,0.0,L
41.43,1789566557.136,none,-1,,,,0.7080448116243889,-16.292401486727645,0.7080448116243889,0.0,432.0,3.0,0.0,L
41.48,1789566557.186,none,-1,,,,0.7080448116243889,-16.292430594166337,0.7080448116243889,0.0,455.0,3.0,0.0,L
41.53,1789566557.236,none,-1,,,,0.7076836165991557,-16.292170756923298,0.7076836165991557,0.0,336.0,2.0,0.0,L
41.58,1789566557.286,none,-1,,,,0.7076836165991557,-16.294214618550125,0.7076836165991557,0.0,489.0,4.0,0.0,L
41.63,1789566557.336,none,-1,,,,0.7076836165991557,-16.284986119239836,0.7076836165991557,0.0,565.0,4.0,0.0,L
41.68,1789566557.386,none,-1,,,,0.7076836165991557,-16.281005542326263,0.7076836165991557,0.0,565.0,4.0,0.0,L
41.73,1789566557.436,none,-1,,,,0.70788941906114,-16.28098043105591,0.70788941906114,0.0,523.0,3.0,0.0,L
41.78,1789566557.486,none,-1,,,,0.70788941906114,-16.27668987857008,0.70788941906114,0.0,473.0,3.0,0.0,L
41.83,1789566557.536,none,-1,,,,0.70788941906114,-16.27194607045485,0.70788941906114,0.0,456.0,3.0,0.0,L
41.88,1789566557.586,none,-1,,,,0.70788941906114,-16.27368921409035,0.70788941906114,0.0,502.0,3.0,0.0,L
41.93,1789566557.636,none,-1,,,,0.7050687647577871,-16.275987068700633,0.7050687647577871,0.0,512.0,3.0,0.0,L
41.98,1789566557.686,none,-1,,,,0.7050687647577871,-16.280575994143753,0.7050687647577871,0.0,474.0,3.0,0.0,L
42.03,1789566557.736,none,-1,,,,0.7050687647577871,-16.28322715109718,0.7050687647577871,0.0,519.0,3.0,0.0,L
42.08,1789566557.786,none,-1,,,,0.7050687647577871,-16.28718603985474,0.7050687647577871,0.0,522.0,3.0,0.0,L
42.13,1789566557.836,none,-1,,,,0.704834288811745,-16.28018023136228,0.704834288811745,0.0,525.0,3.0,0.0,L
42.18,1789566557.887,none,-1,,,,0.704834288811745,-16.27872352100663,0.704834288811745,0.0,532.0,3.0,0.0,L
42.23,1789566557.936,none,-1,,,,0.704834288811745,-16.27168068051477,0.704834288811745,0.0,461.0,3.0,0.0,L
42.28,1789566557.986,none,-1,,,,0.704834288811745,-16.27826887020378,0.704834288811745,0.0,485.0,3.0,0.0,L
42.33,1789566558.036,none,-1,,,,0.7074694888565773,-16.272983937049418,0.7074694888565773,0.0,470.0,3.0,0.0,L
42.33,1789566558.036,path,0,0.000,0.000,,0.7074694888565773,-16.272983937049418,0.7074694888565773,0.0,470.0,3.0,0.0,L
42.33,1789566558.036,path,1,0.129,0.000,,0.7074694888565773,-16.272983937049418,0.7074694888565773,0.0,470.0,3.0,0.0,L
42.33,1789566558.036,path,2,0.256,0.001,,0.7074694888565773,-16.272983937049418,0.7074694888565773,0.0,470.0,3.0,0.0,L
42.33,1789566558.036,path,3,0.381,0.003,,0.7074694888565773,-16.272983937049418,0.7074694888565773,0.0,470.0,3.0,0.0,L
42.33,1789566558.036,path,4,0.508,0.005,,0.7074694888565773,-16.272983937049418,0.7074694888565773,0.0,470.0,3.0,0.0,L
42.33,1789566558.036,path,5,0.634,0.007,,0.7074694888565773,-16.272983937049418,0.7074694888565773,0.0,470.0,3.0,0.0,L
42.33,1789566558.036,path,6,0.761,0.011,,0.7074694888565773,-16.272983937049418,0.7074694888565773,0.0,470.0,3.0,0.0,L
42.33,1789566558.036,path,7,0.888,0.015,,0.7074694888565773,-16.272983937049418,0.7074694888565773,0.0,470.0,3.0,0.0,L
42.33,1789566558.036,path,8,1.016,0.021,,0.7074694888565773,-16.272983937049418,0.7074694888565773,0.0,470.0,3.0,0.0,L
42.33,1789566558.036,path,9,1.144,0.027,,0.7074694888565773,-16.272983937049418,0.7074694888565773,0.0,470.0,3.0,0.0,L
42.33,1789566558.036,path,10,1.271,0.034,,0.7074694888565773,-16.272983937049418,0.7074694888565773,0.0,470.0,3.0,0.0,L
42.33,1789566558.036,path,11,1.398,0.042,,0.7074694888565773,-16.272983937049418,0.7074694888565773,0.0,470.0,3.0,0.0,L
42.33,1789566558.036,path,12,1.523,0.051,,0.7074694888565773,-16.272983937049418,0.7074694888565773,0.0,470.0,3.0,0.0,L
42.33,1789566558.036,path,13,1.649,0.061,,0.7074694888565773,-16.272983937049418,0.7074694888565773,0.0,470.0,3.0,0.0,L
42.33,1789566558.036,path,14,1.777,0.071,,0.7074694888565773,-16.272983937049418,0.7074694888565773,0.0,470.0,3.0,0.0,L
42.33,1789566558.036,path,15,1.902,0.081,,0.7074694888565773,-16.272983937049418,0.7074694888565773,0.0,470.0,3.0,0.0,L
42.33,1789566558.036,path,16,2.027,0.091,,0.7074694888565773,-16.272983937049418,0.7074694888565773,0.0,470.0,3.0,0.0,L
42.33,1789566558.036,path,17,2.153,0.101,,0.7074694888565773,-16.272983937049418,0.7074694888565773,0.0,470.0,3.0,0.0,L
42.33,1789566558.036,path,18,2.280,0.111,,0.7074694888565773,-16.272983937049418,0.7074694888565773,0.0,470.0,3.0,0.0,L
42.33,1789566558.036,path,19,2.407,0.121,,0.7074694888565773,-16.272983937049418,0.7074694888565773,0.0,470.0,3.0,0.0,L
42.33,1789566558.036,path,20,2.535,0.132,,0.7074694888565773,-16.272983937049418,0.7074694888565773,0.0,470.0,3.0,0.0,L
42.38,1789566558.086,none,-1,,,,0.7074694888565773,-16.27493787199243,0.7074694888565773,0.0,391.0,2.0,0.0,L
42.43,1789566558.136,none,-1,,,,0.7074694888565773,-16.27806570410055,0.7074694888565773,0.0,391.0,2.0,0.0,L
42.48,1789566558.186,none,-1,,,,0.7074694888565773,-16.27839529021383,0.7074694888565773,0.0,408.0,2.0,0.0,L
42.53,1789566558.236,none,-1,,,,0.7070278224581603,-16.274818745744373,0.7070278224581603,0.0,388.0,2.0,0.0,L
42.58,1789566558.286,none,-1,,,,0.7070278224581603,-16.280260011511743,0.7070278224581603,0.0,388.0,2.0,0.0,L
42.63,1789566558.336,none,-1,,,,0.7070278224581603,-16.282928622275758,0.7070278224581603,0.0,388.0,2.0,0.0,L
42.68,1789566558.386,none,-1,,,,0.7070278224581603,-16.28946397578786,0.7070278224581603,0.0,388.0,2.0,0.0,L
42.73,1789566558.436,none,-1,,,,0.7054873079715954,-16.287364128233467,0.7054873079715954,0.0,388.0,2.0,0.0,L
42.78,1789566558.486,none,-1,,,,0.7054873079715954,-16.283071631023077,0.7054873079715954,0.0,388.0,2.0,0.0,L
42.83,1789566558.536,none,-1,,,,0.7054873079715954,-16.278784238905004,0.7054873079715954,0.0,530.0,3.0,0.0,L
42.88,1789566558.586,none,-1,,,,0.7054873079715954,-16.2771508927712,0.7054873079715954,0.0,530.0,3.0,0.0,L
42.93,1789566558.636,none,-1,,,,0.7018869156500285,-16.271776916042143,0.7018869156500285,0.0,462.0,3.0,0.0,L
42.98,1789566558.686,none,-1,,,,0.7018869156500285,-16.272548778132325,0.7018869156500285,0.0,533.0,3.0,0.0,L
43.03,1789566558.736,none,-1,,,,0.7018869156500285,-16.27527820246224,0.7018869156500285,0.0,540.0,3.0,0.0,L
43.08,1789566558.786,none,-1,,,,0.7018869156500285,-16.273671939778993,0.7018869156500285,0.0,543.0,4.0,0.0,L
43.13,1789566558.836,none,-1,,,,0.7045766881234798,-16.27487874863449,0.7045766881234798,0.0,532.0,4.0,0.0,L
43.18,1789566558.886,none,-1,,,,0.7045766881234798,-16.270371813840864,0.7045766881234798,0.0,589.0,4.0,0.0,L
43.23,1789566558.936,none,-1,,,,0.7045766881234798,-16.271067192437656,0.7045766881234798,0.0,589.0,4.0,0.0,L
43.28,1789566558.986,none,-1,,,,0.7045766881234798,-16.2697645696154,0.7045766881234798,0.0,626.0,4.0,0.0,L
43.33,1789566559.036,none,-1,,,,0.7056468627275722,-16.26463520219711,0.7056468627275722,0.0,535.0,3.0,0.0,L
43.33,1789566559.036,path,0,0.000,0.000,,0.7056468627275722,-16.26463520219711,0.7056468627275722,0.0,535.0,3.0,0.0,L
43.33,1789566559.036,path,1,0.127,0.000,,0.7056468627275722,-16.26463520219711,0.7056468627275722,0.0,535.0,3.0,0.0,L
43.33,1789566559.036,path,2,0.255,0.001,,0.7056468627275722,-16.26463520219711,0.7056468627275722,0.0,535.0,3.0,0.0,L
43.33,1789566559.036,path,3,0.381,0.002,,0.7056468627275722,-16.26463520219711,0.7056468627275722,0.0,535.0,3.0,0.0,L
43.33,1789566559.036,path,4,0.507,0.004,,0.7056468627275722,-16.26463520219711,0.7056468627275722,0.0,535.0,3.0,0.0,L
43.33,1789566559.036,path,5,0.635,0.006,,0.7056468627275722,-16.26463520219711,0.7056468627275722,0.0,535.0,3.0,0.0,L
43.33,1789566559.036,path,6,0.763,0.009,,0.7056468627275722,-16.26463520219711,0.7056468627275722,0.0,535.0,3.0,0.0,L
43.33,1789566559.036,path,7,0.891,0.013,,0.7056468627275722,-16.26463520219711,0.7056468627275722,0.0,535.0,3.0,0.0,L
43.33,1789566559.036,path,8,1.016,0.018,,0.7056468627275722,-16.26463520219711,0.7056468627275722,0.0,535.0,3.0,0.0,L
43.33,1789566559.036,path,9,1.144,0.024,,0.7056468627275722,-16.26463520219711,0.7056468627275722,0.0,535.0,3.0,0.0,L
43.33,1789566559.036,path,10,1.270,0.030,,0.7056468627275722,-16.26463520219711,0.7056468627275722,0.0,535.0,3.0,0.0,L
43.33,1789566559.036,path,11,1.398,0.038,,0.7056468627275722,-16.26463520219711,0.7056468627275722,0.0,535.0,3.0,0.0,L
43.33,1789566559.036,path,12,1.525,0.047,,0.7056468627275722,-16.26463520219711,0.7056468627275722,0.0,535.0,3.0,0.0,L
43.33,1789566559.036,path,13,1.652,0.057,,0.7056468627275722,-16.26463520219711,0.7056468627275722,0.0,535.0,3.0,0.0,L
43.33,1789566559.036,path,14,1.778,0.067,,0.7056468627275722,-16.26463520219711,0.7056468627275722,0.0,535.0,3.0,0.0,L
43.33,1789566559.036,path,15,1.904,0.078,,0.7056468627275722,-16.26463520219711,0.7056468627275722,0.0,535.0,3.0,0.0,L
43.33,1789566559.036,path,16,2.029,0.089,,0.7056468627275722,-16.26463520219711,0.7056468627275722,0.0,535.0,3.0,0.0,L
43.33,1789566559.036,path,17,2.155,0.100,,0.7056468627275722,-16.26463520219711,0.7056468627275722,0.0,535.0,3.0,0.0,L
43.33,1789566559.036,path,18,2.281,0.112,,0.7056468627275722,-16.26463520219711,0.7056468627275722,0.0,535.0,3.0,0.0,L
43.33,1789566559.036,path,19,2.408,0.124,,0.7056468627275722,-16.26463520219711,0.7056468627275722,0.0,535.0,3.0,0.0,L
43.33,1789566559.036,path,20,2.537,0.136,,0.7056468627275722,-16.26463520219711,0.7056468627275722,0.0,535.0,3.0,0.0,L
43.38,1789566559.086,none,-1,,,,0.7056468627275722,-16.260585804173513,0.7056468627275722,0.0,536.0,3.0,0.0,L
43.43,1789566559.136,none,-1,,,,0.7056468627275722,-16.264704196748866,0.7056468627275722,0.0,445.0,3.0,0.0,L
43.48,1789566559.186,none,-1,,,,0.7056468627275722,-16.265751926815312,0.7056468627275722,0.0,536.0,4.0,0.0,L
43.53,1789566559.236,none,-1,,,,0.7015201701045223,-16.257800858219817,0.7015201701045223,0.0,464.0,3.0,0.0,L
43.58,1789566559.286,none,-1,,,,0.7015201701045223,-16.25868313007758,0.7015201701045223,0.0,466.0,3.0,0.0,L
43.63,1789566559.336,none,-1,,,,0.7015201701045223,-16.252607227016348,0.7015201701045223,0.0,456.0,3.0,0.0,L
43.68,1789566559.386,none,-1,,,,0.7015201701045223,-16.251930622053653,0.7015201701045223,0.0,446.0,3.0,0.0,L
43.73,1789566559.436,none,-1,,,,0.7012870811492378,-16.2529811262719,0.7012870811492378,0.0,441.0,3.0,0.0,L
43.78,1789566559.486,none,-1,,,,0.7012870811492378,-16.25322585599381,0.7012870811492378,0.0,632.0,5.0,0.0,L
43.83,1789566559.536,none,-1,,,,0.7012870811492378,-16.250382209603657,0.7012870811492378,0.0,604.0,4.0,0.0,L
43.88,1789566559.586,none,-1,,,,0.7012870811492378,-16.241013722556396,0.7012870811492378,0.0,579.0,4.0,0.0,L
43.93,1789566559.636,none,-1,,,,0.7017042363726538,-16.24164046585282,0.7017042363726538,0.0,458.0,3.0,0.0,L
43.98,1789566559.686,none,-1,,,,0.7017042363726538,-16.237325884674558,0.7017042363726538,0.0,458.0,3.0,0.0,L
44.03,1789566559.736,none,-1,,,,0.7017042363726538,-16.24081042275058,0.7017042363726538,0.0,462.0,3.0,0.0,L
44.08,1789566559.786,none,-1,,,,0.7017042363726538,-16.24717603411754,0.7017042363726538,0.0,444.0,3.0,0.0,L
44.13,1789566559.836,none,-1,,,,0.7002687039926182,-16.24599261286112,0.7002687039926182,0.0,519.0,3.0,0.0,L
44.18,1789566559.886,none,-1,,,,0.7002687039926182,-16.238329875290777,0.7002687039926182,0.0,565.0,3.0,0.0,L
44.23,1789566559.936,none,-1,,,,0.7002687039926182,-16.2337670129892,0.7002687039926182,0.0,644.0,4.0,0.0,L
44.28,1789566559.986,none,-1,,,,0.7002687039926182,-16.2459410923922,0.7002687039926182,0.0,589.0,4.0,0.0,L
44.33,1789566560.036,none,-1,,,,0.6998691227703259,-16.242049339003966,0.6998691227703259,0.0,529.0,3.0,0.0,L
44.33,1789566560.036,path,0,0.000,0.000,,0.6998691227703259,-16.242049339003966,0.6998691227703259,0.0,529.0,3.0,0.0,L
44.33,1789566560.036,path,1,0.129,0.000,,0.6998691227703259,-16.242049339003966,0.6998691227703259,0.0,529.0,3.0,0.0,L
44.33,1789566560.036,path,2,0.256,0.000,,0.6998691227703259,-16.242049339003966,0.6998691227703259,0.0,529.0,3.0,0.0,L
44.33,1789566560.036,path,3,0.383,0.001,,0.6998691227703259,-16.242049339003966,0.6998691227703259,0.0,529.0,3.0,0.0,L
44.33,1789566560.036,path,4,0.512,0.003,,0.6998691227703259,-16.242049339003966,0.6998691227703259,0.0,529.0,3.0,0.0,L
44.33,1789566560.036,path,5,0.639,0.005,,0.6998691227703259,-16.242049339003966,0.6998691227703259,0.0,529.0,3.0,0.0,L
44.33,1789566560.036,path,6,0.765,0.008,,0.6998691227703259,-16.242049339003966,0.6998691227703259,0.0,529.0,3.0,0.0,L
44.33,1789566560.036,path,7,0.890,0.012,,0.6998691227703259,-16.242049339003966,0.6998691227703259,0.0,529.0,3.0,0.0,L
44.33,1789566560.036,path,8,1.016,0.017,,0.6998691227703259,-16.242049339003966,0.6998691227703259,0.0,529.0,3.0,0.0,L
44.33,1789566560.036,path,9,1.142,0.023,,0.6998691227703259,-16.242049339003966,0.6998691227703259,0.0,529.0,3.0,0.0,L
44.33,1789566560.036,path,10,1.269,0.031,,0.6998691227703259,-16.242049339003966,0.6998691227703259,0.0,529.0,3.0,0.0,L
44.33,1789566560.036,path,11,1.395,0.039,,0.6998691227703259,-16.242049339003966,0.6998691227703259,0.0,529.0,3.0,0.0,L
44.33,1789566560.036,path,12,1.522,0.048,,0.6998691227703259,-16.242049339003966,0.6998691227703259,0.0,529.0,3.0,0.0,L
44.33,1789566560.036,path,13,1.649,0.057,,0.6998691227703259,-16.242049339003966,0.6998691227703259,0.0,529.0,3.0,0.0,L
44.33,1789566560.036,path,14,1.774,0.067,,0.6998691227703259,-16.242049339003966,0.6998691227703259,0.0,529.0,3.0,0.0,L
44.33,1789566560.036,path,15,1.901,0.078,,0.6998691227703259,-16.242049339003966,0.6998691227703259,0.0,529.0,3.0,0.0,L
44.33,1789566560.036,path,16,2.028,0.088,,0.6998691227703259,-16.242049339003966,0.6998691227703259,0.0,529.0,3.0,0.0,L
44.33,1789566560.036,path,17,2.154,0.099,,0.6998691227703259,-16.242049339003966,0.6998691227703259,0.0,529.0,3.0,0.0,L
44.33,1789566560.036,path,18,2.281,0.110,,0.6998691227703259,-16.242049339003966,0.6998691227703259,0.0,529.0,3.0,0.0,L
44.33,1789566560.036,path,19,2.408,0.121,,0.6998691227703259,-16.242049339003966,0.6998691227703259,0.0,529.0,3.0,0.0,L
44.33,1789566560.036,path,20,2.535,0.133,,0.6998691227703259,-16.242049339003966,0.6998691227703259,0.0,529.0,3.0,0.0,L
44.38,1789566560.086,none,-1,,,,0.6998691227703259,-16.23351706254367,0.6998691227703259,0.0,529.0,3.0,0.0,L
44.43,1789566560.136,none,-1,,,,0.6998691227703259,-16.232684885096116,0.6998691227703259,0.0,615.0,4.0,0.0,L
44.48,1789566560.186,none,-1,,,,0.6998691227703259,-16.23209915632598,0.6998691227703259,0.0,580.0,4.0,0.0,L
44.53,1789566560.236,none,-1,,,,0.6998691227703259,-16.224806344605955,0.6998691227703259,0.0,581.0,4.0,0.0,L
44.58,1789566560.286,none,-1,,,,0.6840007352746584,-16.20105400528471,0.6840007352746584,0.0,638.0,4.0,0.0,L
44.63,1789566560.336,none,-1,,,,0.6840007352746584,-16.22303785696159,0.6840007352746584,0.0,632.0,4.0,0.0,L
44.68,1789566560.386,none,-1,,,,0.6840007352746584,-16.230688914015317,0.6840007352746584,0.0,531.0,4.0,0.0,L
44.73,1789566560.436,none,-1,,,,0.6749692902166886,-16.245699710533497,0.6749692902166886,0.0,537.0,4.0,0.0,L
44.78,1789566560.486,none,-1,,,,0.6749692902166886,-16.235564333375766,0.6749692902166886,0.0,436.0,3.0,0.0,L
44.83,1789566560.536,none,-1,,,,0.6749692902166886,-16.2153925028385,0.6749692902166886,0.0,605.0,4.0,0.0,L
44.88,1789566560.586,none,-1,,,,0.6749692902166886,-16.22361755433357,0.6749692902166886,0.0,600.0,4.0,0.0,L
44.93,1789566560.636,none,-1,,,,0.6530442331632456,-16.227239879678507,0.6530442331632456,0.0,583.0,4.0,0.0,L
44.98,1789566560.686,none,-1,,,,0.6530442331632456,-16.20097398926598,0.6530442331632456,0.0,433.0,2.0,0.0,L
45.03,1789566560.736,none,-1,,,,0.6530442331632456,-16.189038810565453,0.6530442331632456,0.0,421.0,2.0,0.0,L
45.08,1789566560.786,none,-1,,,,0.6530442331632456,-16.195974234014955,0.6530442331632456,0.0,412.0,2.0,0.0,L
45.13,1789566560.836,none,-1,,,,0.6376776112206306,-16.22597296299772,0.6376776112206306,0.0,407.0,2.0,0.0,L
45.18,1789566560.886,none,-1,,,,0.6280136680314574,-16.201959991510233,0.6280136680314574,0.0,395.0,2.0,0.0,L
45.23,1789566560.936,none,-1,,,,0.6187376628319629,-16.189605785723494,0.6187376628319629,0.0,394.0,2.0,0.0,L
45.28,1789566560.986,none,-1,,,,0.6187376628319629,-16.186234735309032,0.6187376628319629,0.0,406.0,2.0,0.0,L
45.33,1789566561.036,none,-1,,,,0.6102528452943081,-16.196204632554736,0.6102528452943081,0.0,486.0,3.0,0.0,L
45.33,1789566561.036,path,0,0.000,0.000,,0.6102528452943081,-16.196204632554736,0.6102528452943081,0.0,486.0,3.0,0.0,L
45.33,1789566561.036,path,1,0.128,0.000,,0.6102528452943081,-16.196204632554736,0.6102528452943081,0.0,486.0,3.0,0.0,L
45.33,1789566561.036,path,2,0.257,0.001,,0.6102528452943081,-16.196204632554736,0.6102528452943081,0.0,486.0,3.0,0.0,L
45.33,1789566561.036,path,3,0.386,0.003,,0.6102528452943081,-16.196204632554736,0.6102528452943081,0.0,486.0,3.0,0.0,L
45.33,1789566561.036,path,4,0.515,0.005,,0.6102528452943081,-16.196204632554736,0.6102528452943081,0.0,486.0,3.0,0.0,L
45.33,1789566561.036,path,5,0.643,0.008,,0.6102528452943081,-16.196204632554736,0.6102528452943081,0.0,486.0,3.0,0.0,L
45.33,1789566561.036,path,6,0.769,0.012,,0.6102528452943081,-16.196204632554736,0.6102528452943081,0.0,486.0,3.0,0.0,L
45.33,1789566561.036,path,7,0.895,0.016,,0.6102528452943081,-16.196204632554736,0.6102528452943081,0.0,486.0,3.0,0.0,L
45.33,1789566561.036,path,8,1.023,0.022,,0.6102528452943081,-16.196204632554736,0.6102528452943081,0.0,486.0,3.0,0.0,L
45.33,1789566561.036,path,9,1.150,0.028,,0.6102528452943081,-16.196204632554736,0.6102528452943081,0.0,486.0,3.0,0.0,L
45.33,1789566561.036,path,10,1.278,0.036,,0.6102528452943081,-16.196204632554736,0.6102528452943081,0.0,486.0,3.0,0.0,L
45.33,1789566561.036,path,11,1.404,0.044,,0.6102528452943081,-16.196204632554736,0.6102528452943081,0.0,486.0,3.0,0.0,L
45.33,1789566561.036,path,12,1.531,0.053,,0.6102528452943081,-16.196204632554736,0.6102528452943081,0.0,486.0,3.0,0.0,L
45.33,1789566561.036,path,13,1.657,0.062,,0.6102528452943081,-16.196204632554736,0.6102528452943081,0.0,486.0,3.0,0.0,L
45.33,1789566561.036,path,14,1.785,0.072,,0.6102528452943081,-16.196204632554736,0.6102528452943081,0.0,486.0,3.0,0.0,L
45.33,1789566561.036,path,15,1.913,0.083,,0.6102528452943081,-16.196204632554736,0.6102528452943081,0.0,486.0,3.0,0.0,L
45.33,1789566561.036,path,16,2.038,0.094,,0.6102528452943081,-16.196204632554736,0.6102528452943081,0.0,486.0,3.0,0.0,L
45.33,1789566561.036,path,17,2.164,0.105,,0.6102528452943081,-16.196204632554736,0.6102528452943081,0.0,486.0,3.0,0.0,L
45.33,1789566561.036,path,18,2.289,0.117,,0.6102528452943081,-16.196204632554736,0.6102528452943081,0.0,486.0,3.0,0.0,L
45.33,1789566561.036,path,19,2.416,0.129,,0.6102528452943081,-16.196204632554736,0.6102528452943081,0.0,486.0,3.0,0.0,L
45.33,1789566561.036,path,20,2.545,0.142,,0.6102528452943081,-16.196204632554736,0.6102528452943081,0.0,486.0,3.0,0.0,L
45.38,1789566561.086,none,-1,,,,0.6102528452943081,-16.205423355726875,0.6102528452943081,0.0,490.0,3.0,0.0,L
45.43,1789566561.136,none,-1,,,,0.6102528452943081,-16.178975547438526,0.6102528452943081,0.0,405.0,2.0,0.0,L
45.48,1789566561.186,none,-1,,,,0.6102528452943081,-16.169954697538856,0.6102528452943081,0.0,427.0,2.0,0.0,L
45.53,1789566561.236,none,-1,,,,0.6073007216100775,-16.19194775276821,0.6073007216100775,0.0,445.0,2.0,0.0,L
45.58,1789566561.286,none,-1,,,,0.6073007216100775,-16.194729037604496,0.6073007216100775,0.0,440.0,2.0,0.0,L
45.63,1789566561.336,none,-1,,,,0.6073007216100775,-16.178673471040792,0.6073007216100775,0.0,447.0,2.0,0.0,L
45.68,1789566561.386,none,-1,,,,0.6073007216100775,-16.1918884539839,0.6073007216100775,0.0,486.0,2.0,0.0,L
45.73,1789566561.436,none,-1,,,,0.6092372862171086,-16.18170268413278,0.6092372862171086,0.0,486.0,2.0,0.0,L
45.78,1789566561.486,none,-1,,,,0.6092372862171086,-16.178939671419943,0.6092372862171086,0.0,637.0,3.0,0.0,L
45.83,1789566561.536,none,-1,,,,0.6092372862171086,-16.18481263265027,0.6092372862171086,0.0,637.0,3.0,0.0,L
45.88,1789566561.586,none,-1,,,,0.6092372862171086,-16.179578005712095,0.6092372862171086,0.0,645.0,3.0,0.0,L
45.93,1789566561.636,none,-1,,,,0.6078528923297639,-16.18142916323552,0.6078528923297639,0.0,645.0,3.0,0.0,L
45.98,1789566561.686,none,-1,,,,0.6078528923297639,-16.181139660267387,0.6078528923297639,0.0,599.0,3.0,0.0,L
46.03,1789566561.736,none,-1,,,,0.6078528923297639,-16.185299996273383,0.6078528923297639,0.0,599.0,3.0,0.0,L
46.08,1789566561.786,none,-1,,,,0.6078528923297639,-16.179484940136298,0.6078528923297639,0.0,608.0,3.0,0.0,L
46.13,1789566561.836,none,-1,,,,0.6089917736158987,-16.174327755827598,0.6089917736158987,0.0,518.0,2.0,0.0,L
46.18,1789566561.886,none,-1,,,,0.6089917736158987,-16.173651054121308,0.6089917736158987,0.0,526.0,2.0,0.0,L
46.23,1789566561.936,none,-1,,,,0.6089917736158987,-16.178255401214894,0.6089917736158987,0.0,644.0,3.0,0.0,L
46.28,1789566561.986,none,-1,,,,0.6089917736158987,-16.18051498336477,0.6089917736158987,0.0,645.0,3.0,0.0,L
46.33,1789566562.036,none,-1,,,,0.6061828453695246,-16.180242184004786,0.6061828453695246,0.0,540.0,2.0,0.0,L
46.33,1789566562.036,path,0,0.000,0.000,,0.6061828453695246,-16.180242184004786,0.6061828453695246,0.0,540.0,2.0,0.0,L
46.33,1789566562.036,path,1,0.129,0.000,,0.6061828453695246,-16.180242184004786,0.6061828453695246,0.0,540.0,2.0,0.0,L
46.33,1789566562.036,path,2,0.256,0.001,,0.6061828453695246,-16.180242184004786,0.6061828453695246,0.0,540.0,2.0,0.0,L
46.33,1789566562.036,path,3,0.383,0.002,,0.6061828453695246,-16.180242184004786,0.6061828453695246,0.0,540.0,2.0,0.0,L
46.33,1789566562.036,path,4,0.509,0.004,,0.6061828453695246,-16.180242184004786,0.6061828453695246,0.0,540.0,2.0,0.0,L
46.33,1789566562.036,path,5,0.635,0.006,,0.6061828453695246,-16.180242184004786,0.6061828453695246,0.0,540.0,2.0,0.0,L
46.33,1789566562.036,path,6,0.761,0.010,,0.6061828453695246,-16.180242184004786,0.6061828453695246,0.0,540.0,2.0,0.0,L
46.33,1789566562.036,path,7,0.889,0.015,,0.6061828453695246,-16.180242184004786,0.6061828453695246,0.0,540.0,2.0,0.0,L
46.33,1789566562.036,path,8,1.017,0.021,,0.6061828453695246,-16.180242184004786,0.6061828453695246,0.0,540.0,2.0,0.0,L
46.33,1789566562.036,path,9,1.144,0.027,,0.6061828453695246,-16.180242184004786,0.6061828453695246,0.0,540.0,2.0,0.0,L
46.33,1789566562.036,path,10,1.270,0.035,,0.6061828453695246,-16.180242184004786,0.6061828453695246,0.0,540.0,2.0,0.0,L
46.33,1789566562.036,path,11,1.396,0.043,,0.6061828453695246,-16.180242184004786,0.6061828453695246,0.0,540.0,2.0,0.0,L
46.33,1789566562.036,path,12,1.523,0.052,,0.6061828453695246,-16.180242184004786,0.6061828453695246,0.0,540.0,2.0,0.0,L
46.33,1789566562.036,path,13,1.651,0.062,,0.6061828453695246,-16.180242184004786,0.6061828453695246,0.0,540.0,2.0,0.0,L
46.33,1789566562.036,path,14,1.780,0.072,,0.6061828453695246,-16.180242184004786,0.6061828453695246,0.0,540.0,2.0,0.0,L
46.33,1789566562.036,path,15,1.906,0.083,,0.6061828453695246,-16.180242184004786,0.6061828453695246,0.0,540.0,2.0,0.0,L
46.33,1789566562.036,path,16,2.032,0.094,,0.6061828453695246,-16.180242184004786,0.6061828453695246,0.0,540.0,2.0,0.0,L
46.33,1789566562.036,path,17,2.158,0.106,,0.6061828453695246,-16.180242184004786,0.6061828453695246,0.0,540.0,2.0,0.0,L
46.33,1789566562.036,path,18,2.285,0.117,,0.6061828453695246,-16.180242184004786,0.6061828453695246,0.0,540.0,2.0,0.0,L
46.33,1789566562.036,path,19,2.414,0.129,,0.6061828453695246,-16.180242184004786,0.6061828453695246,0.0,540.0,2.0,0.0,L
46.33,1789566562.036,path,20,2.545,0.142,,0.6061828453695246,-16.180242184004786,0.6061828453695246,0.0,540.0,2.0,0.0,L
46.38,1789566562.086,none,-1,,,,0.6061828453695246,-16.182651632728387,0.6061828453695246,0.0,546.0,2.0,0.0,L
46.43,1789566562.136,none,-1,,,,0.6061828453695246,-16.183772684818628,0.6061828453695246,0.0,572.0,2.0,0.0,L
46.48,1789566562.186,none,-1,,,,0.6061828453695246,-16.1838533666201,0.6061828453695246,0.0,585.0,2.0,0.0,L
46.53,1789566562.236,none,-1,,,,0.6069837956499379,-16.18490641860038,0.6069837956499379,0.0,590.0,2.0,0.0,L
46.58,1789566562.286,none,-1,,,,0.6069837956499379,-16.185423433911986,0.6069837956499379,0.0,597.0,2.0,0.0,L
46.63,1789566562.336,none,-1,,,,0.6069837956499379,-16.18544716261545,0.6069837956499379,0.0,663.0,4.0,0.0,L
46.68,1789566562.386,none,-1,,,,0.6069837956499379,-16.190369363095858,0.6069837956499379,0.0,660.0,4.0,0.0,L
46.73,1789566562.436,none,-1,,,,0.6063961517064737,-16.186948961433263,0.6063961517064737,0.0,561.0,3.0,0.0,L
46.78,1789566562.486,none,-1,,,,0.6063961517064737,-16.18139708815957,0.6063961517064737,0.0,635.0,4.0,0.0,L
46.83,1789566562.536,none,-1,,,,0.6063961517064737,-16.177983935608808,0.6063961517064737,0.0,681.0,4.0,0.0,L
46.88,1789566562.586,none,-1,,,,0.6063961517064737,-16.18140784867461,0.6063961517064737,0.0,665.0,4.0,0.0,L
46.93,1789566562.636,none,-1,,,,0.6053296182029693,-16.173678711010584,0.6053296182029693,0.0,665.0,4.0,0.0,L
46.98,1789566562.686,none,-1,,,,0.6053296182029693,-16.17852125293569,0.6053296182029693,0.0,690.0,4.0,0.0,L
47.03,1789566562.736,none,-1,,,,0.6053296182029693,-16.182171788323807,0.6053296182029693,0.0,685.0,4.0,0.0,L
47.08,1789566562.786,none,-1,,,,0.6053296182029693,-16.18306116485968,0.6053296182029693,0.0,579.0,3.0,0.0,L
47.13,1789566562.836,none,-1,,,,0.6070762132823728,-16.18048224461914,0.6070762132823728,0.0,755.0,5.0,0.0,L
47.18,1789566562.886,none,-1,,,,0.6070762132823728,-16.17549881673868,0.6070762132823728,0.0,760.0,5.0,0.0,L
47.23,1789566562.936,none,-1,,,,0.6070762132823728,-16.18012243248476,0.6070762132823728,0.0,756.0,5.0,0.0,L
47.28,1789566562.986,none,-1,,,,0.6070762132823728,-16.17746384353336,0.6070762132823728,0.0,741.0,5.0,0.0,L
47.33,1789566563.036,none,-1,,,,0.6030798620559015,-16.17853628494676,0.6030798620559015,0.0,694.0,4.0,0.0,L
47.33,1789566563.036,path,0,0.000,0.000,,0.6030798620559015,-16.17853628494676,0.6030798620559015,0.0,694.0,4.0,0.0,L
47.33,1789566563.036,path,1,0.128,0.000,,0.6030798620559015,-16.17853628494676,0.6030798620559015,0.0,694.0,4.0,0.0,L
47.33,1789566563.036,path,2,0.255,0.001,,0.6030798620559015,-16.17853628494676,0.6030798620559015,0.0,694.0,4.0,0.0,L
47.33,1789566563.036,path,3,0.381,0.002,,0.6030798620559015,-16.17853628494676,0.6030798620559015,0.0,694.0,4.0,0.0,L
47.33,1789566563.036,path,4,0.507,0.005,,0.6030798620559015,-16.17853628494676,0.6030798620559015,0.0,694.0,4.0,0.0,L
47.33,1789566563.036,path,5,0.633,0.008,,0.6030798620559015,-16.17853628494676,0.6030798620559015,0.0,694.0,4.0,0.0,L
47.33,1789566563.036,path,6,0.760,0.012,,0.6030798620559015,-16.17853628494676,0.6030798620559015,0.0,694.0,4.0,0.0,L
47.33,1789566563.036,path,7,0.887,0.017,,0.6030798620559015,-16.17853628494676,0.6030798620559015,0.0,694.0,4.0,0.0,L
47.33,1789566563.036,path,8,1.015,0.022,,0.6030798620559015,-16.17853628494676,0.6030798620559015,0.0,694.0,4.0,0.0,L
47.33,1789566563.036,path,9,1.141,0.029,,0.6030798620559015,-16.17853628494676,0.6030798620559015,0.0,694.0,4.0,0.0,L
47.33,1789566563.036,path,10,1.268,0.036,,0.6030798620559015,-16.17853628494676,0.6030798620559015,0.0,694.0,4.0,0.0,L
47.33,1789566563.036,path,11,1.397,0.044,,0.6030798620559015,-16.17853628494676,0.6030798620559015,0.0,694.0,4.0,0.0,L
47.33,1789566563.036,path,12,1.526,0.053,,0.6030798620559015,-16.17853628494676,0.6030798620559015,0.0,694.0,4.0,0.0,L
47.33,1789566563.036,path,13,1.652,0.062,,0.6030798620559015,-16.17853628494676,0.6030798620559015,0.0,694.0,4.0,0.0,L
47.33,1789566563.036,path,14,1.779,0.072,,0.6030798620559015,-16.17853628494676,0.6030798620559015,0.0,694.0,4.0,0.0,L
47.33,1789566563.036,path,15,1.906,0.083,,0.6030798620559015,-16.17853628494676,0.6030798620559015,0.0,694.0,4.0,0.0,L
47.33,1789566563.036,path,16,2.033,0.094,,0.6030798620559015,-16.17853628494676,0.6030798620559015,0.0,694.0,4.0,0.0,L
47.33,1789566563.036,path,17,2.161,0.105,,0.6030798620559015,-16.17853628494676,0.6030798620559015,0.0,694.0,4.0,0.0,L
47.33,1789566563.036,path,18,2.289,0.117,,0.6030798620559015,-16.17853628494676,0.6030798620559015,0.0,694.0,4.0,0.0,L
47.33,1789566563.036,path,19,2.416,0.130,,0.6030798620559015,-16.17853628494676,0.6030798620559015,0.0,694.0,4.0,0.0,L
47.33,1789566563.036,path,20,2.545,0.142,,0.6030798620559015,-16.17853628494676,0.6030798620559015,0.0,694.0,4.0,0.0,L
47.38,1789566563.086,none,-1,,,,0.6030798620559015,-16.17476412075937,0.6030798620559015,0.0,733.0,4.0,0.0,L
47.43,1789566563.136,none,-1,,,,0.6030798620559015,-16.178020222010346,0.6030798620559015,0.0,715.0,4.0,0.0,L
47.48,1789566563.186,none,-1,,,,0.6030798620559015,-16.182778073413413,0.6030798620559015,0.0,698.0,4.0,0.0,L
47.53,1789566563.236,none,-1,,,,0.6032086862891302,-16.18930099131555,0.6032086862891302,0.0,676.0,4.0,0.0,L
47.58,1789566563.286,none,-1,,,,0.6032086862891302,-16.186561459297923,0.6032086862891302,0.0,663.0,4.0,0.0,L
47.63,1789566563.336,none,-1,,,,0.6032086862891302,-16.188064671798962,0.6032086862891302,0.0,643.0,4.0,0.0,L
47.68,1789566563.387,none,-1,,,,0.6032086862891302,-16.184452511759932,0.6032086862891302,0.0,731.0,5.0,0.0,L
47.73,1789566563.436,none,-1,,,,0.6040175713261785,-16.184636155424162,0.6040175713261785,0.0,604.0,4.0,0.0,L
47.78,1789566563.486,none,-1,,,,0.6040175713261785,-16.179853228101944,0.6040175713261785,0.0,593.0,4.0,0.0,L
47.83,1789566563.536,none,-1,,,,0.6040175713261785,-16.174944055596118,0.6040175713261785,0.0,660.0,5.0,0.0,L
47.88,1789566563.586,none,-1,,,,0.6040175713261785,-16.179698946899894,0.6040175713261785,0.0,665.0,5.0,0.0,L
47.93,1789566563.636,none,-1,,,,0.605237201068008,-16.179878511044794,0.605237201068008,0.0,700.0,5.0,0.0,L
47.98,1789566563.686,none,-1,,,,0.605237201068008,-16.179192350651494,0.605237201068008,0.0,696.0,5.0,0.0,L
48.03,1789566563.736,none,-1,,,,0.605237201068008,-16.176645650306035,0.605237201068008,0.0,570.0,4.0,0.0,L
48.08,1789566563.786,none,-1,,,,0.605237201068008,-16.18102531544336,0.605237201068008,0.0,520.0,4.0,0.0,L
48.13,1789566563.836,none,-1,,,,0.6092979645483968,-16.17472264060298,0.6092979645483968,0.0,572.0,4.0,0.0,L
48.18,1789566563.886,none,-1,,,,0.6092979645483968,-16.164537174910116,0.6092979645483968,0.0,618.0,4.0,0.0,L
48.23,1789566563.936,none,-1,,,,0.6092979645483968,-16.163161676689615,0.6092979645483968,0.0,594.0,4.0,0.0,L
48.28,1789566563.986,none,-1,,,,0.6092979645483968,-16.146118735362162,0.6092979645483968,0.0,463.0,3.0,0.0,L
48.33,1789566564.036,none,-1,,,,0.6065828537253766,-16.134509115713954,0.6065828537253766,0.0,592.0,4.0,0.0,L
48.33,1789566564.036,path,0,0.000,0.000,,0.6065828537253766,-16.134509115713954,0.6065828537253766,0.0,592.0,4.0,0.0,L
48.33,1789566564.036,path,1,0.129,0.000,,0.6065828537253766,-16.134509115713954,0.6065828537253766,0.0,592.0,4.0,0.0,L
48.33,1789566564.036,path,2,0.254,0.001,,0.6065828537253766,-16.134509115713954,0.6065828537253766,0.0,592.0,4.0,0.0,L
48.33,1789566564.036,path,3,0.380,0.002,,0.6065828537253766,-16.134509115713954,0.6065828537253766,0.0,592.0,4.0,0.0,L
48.33,1789566564.036,path,4,0.505,0.004,,0.6065828537253766,-16.134509115713954,0.6065828537253766,0.0,592.0,4.0,0.0,L
48.33,1789566564.036,path,5,0.631,0.007,,0.6065828537253766,-16.134509115713954,0.6065828537253766,0.0,592.0,4.0,0.0,L
48.33,1789566564.036,path,6,0.758,0.011,,0.6065828537253766,-16.134509115713954,0.6065828537253766,0.0,592.0,4.0,0.0,L
48.33,1789566564.036,path,7,0.885,0.016,,0.6065828537253766,-16.134509115713954,0.6065828537253766,0.0,592.0,4.0,0.0,L
48.33,1789566564.036,path,8,1.012,0.021,,0.6065828537253766,-16.134509115713954,0.6065828537253766,0.0,592.0,4.0,0.0,L
48.33,1789566564.036,path,9,1.138,0.028,,0.6065828537253766,-16.134509115713954,0.6065828537253766,0.0,592.0,4.0,0.0,L
48.33,1789566564.036,path,10,1.265,0.035,,0.6065828537253766,-16.134509115713954,0.6065828537253766,0.0,592.0,4.0,0.0,L
48.33,1789566564.036,path,11,1.392,0.042,,0.6065828537253766,-16.134509115713954,0.6065828537253766,0.0,592.0,4.0,0.0,L
48.33,1789566564.036,path,12,1.520,0.051,,0.6065828537253766,-16.134509115713954,0.6065828537253766,0.0,592.0,4.0,0.0,L
48.33,1789566564.036,path,13,1.648,0.061,,0.6065828537253766,-16.134509115713954,0.6065828537253766,0.0,592.0,4.0,0.0,L
48.33,1789566564.036,path,14,1.777,0.071,,0.6065828537253766,-16.134509115713954,0.6065828537253766,0.0,592.0,4.0,0.0,L
48.33,1789566564.036,path,15,1.905,0.082,,0.6065828537253766,-16.134509115713954,0.6065828537253766,0.0,592.0,4.0,0.0,L
48.33,1789566564.036,path,16,2.033,0.093,,0.6065828537253766,-16.134509115713954,0.6065828537253766,0.0,592.0,4.0,0.0,L
48.33,1789566564.036,path,17,2.159,0.104,,0.6065828537253766,-16.134509115713954,0.6065828537253766,0.0,592.0,4.0,0.0,L
48.33,1789566564.036,path,18,2.287,0.116,,0.6065828537253766,-16.134509115713954,0.6065828537253766,0.0,592.0,4.0,0.0,L
48.33,1789566564.036,path,19,2.415,0.128,,0.6065828537253766,-16.134509115713954,0.6065828537253766,0.0,592.0,4.0,0.0,L
48.33,1789566564.036,path,20,2.546,0.141,,0.6065828537253766,-16.134509115713954,0.6065828537253766,0.0,592.0,4.0,0.0,L
48.38,1789566564.086,none,-1,,,,0.6065828537253766,-16.153097037925413,0.6065828537253766,0.0,562.0,4.0,0.0,L
48.43,1789566564.136,none,-1,,,,0.6065828537253766,-16.149235241543195,0.6065828537253766,0.0,602.0,4.0,0.0,L
48.48,1789566564.186,none,-1,,,,0.6065828537253766,-16.189058588935474,0.6065828537253766,0.0,620.0,4.0,0.0,L
48.53,1789566564.236,none,-1,,,,0.6031932832726737,-16.103937776208657,0.6031932832726737,0.0,620.0,4.0,0.0,L
48.58,1789566564.286,none,-1,,,,0.6031932832726737,-16.144512711170467,0.6031932832726737,0.0,829.0,4.0,0.0,L
48.63,1789566564.336,none,-1,,,,0.6031932832726737,-16.144146474511604,0.6031932832726737,0.0,818.0,4.0,0.0,L
48.68,1789566564.386,none,-1,,,,0.6031932832726737,-16.13923192556309,0.6031932832726737,0.0,524.0,4.0,0.0,L
48.73,1789566564.436,none,-1,,,,0.5877371766806079,-16.087236581819887,0.5877371766806079,0.0,576.0,4.0,0.0,L
48.78,1789566564.486,none,-1,,,,0.5877371766806079,-16.10147080936438,0.5877371766806079,0.0,576.0,4.0,0.0,L
48.83,1789566564.536,none,-1,,,,0.5877371766806079,-16.092739942668604,0.5877371766806079,0.0,572.0,4.0,0.0,L
48.88,1789566564.586,none,-1,,,,0.5877371766806079,-16.096263162586517,0.5877371766806079,0.0,642.0,4.0,0.0,L
48.93,1789566564.636,none,-1,,,,0.575099333929154,-16.084660617016688,0.575099333929154,0.0,604.0,4.0,0.0,L
48.98,1789566564.686,none,-1,,,,0.5702345274732482,-16.053089420886614,0.5702345274732482,0.0,585.0,4.0,0.0,L
49.03,1789566564.736,none,-1,,,,0.5621020761633903,-16.02964843231601,0.5621020761633903,0.0,632.0,4.0,0.0,L
49.08,1789566564.786,none,-1,,,,0.5528106696829499,-16.031068889039783,0.5528106696829499,0.0,636.0,4.0,0.0,L
49.13,1789566564.836,none,-1,,,,0.5476214380536208,-16.019512689358002,0.5476214380536208,0.0,410.0,3.0,0.0,L
49.18,1789566564.886,none,-1,,,,0.5386181874811687,-15.999152800679123,0.5386181874811687,0.0,379.0,3.0,0.0,L
49.23,1789566564.936,none,-1,,,,0.5293204464379845,-15.995200353821874,0.5293204464379845,0.0,248.0,2.0,0.0,L
49.28,1789566564.986,none,-1,,,,0.5200337800912461,-15.975075316242823,0.5200337800912461,0.0,332.0,3.0,0.0,L
49.33,1789566565.036,none,-1,,,,0.5168824204295716,-15.96795872885094,0.5168824204295716,0.0,323.0,3.0,0.0,L
49.33,1789566565.036,path,0,0.000,0.000,,0.5168824204295716,-15.96795872885094,0.5168824204295716,0.0,323.0,3.0,0.0,L
49.33,1789566565.036,path,1,0.129,0.000,,0.5168824204295716,-15.96795872885094,0.5168824204295716,0.0,323.0,3.0,0.0,L
49.33,1789566565.036,path,2,0.257,0.002,,0.5168824204295716,-15.96795872885094,0.5168824204295716,0.0,323.0,3.0,0.0,L
49.33,1789566565.036,path,3,0.385,0.003,,0.5168824204295716,-15.96795872885094,0.5168824204295716,0.0,323.0,3.0,0.0,L
49.33,1789566565.036,path,4,0.512,0.006,,0.5168824204295716,-15.96795872885094,0.5168824204295716,0.0,323.0,3.0,0.0,L
49.33,1789566565.036,path,5,0.641,0.009,,0.5168824204295716,-15.96795872885094,0.5168824204295716,0.0,323.0,3.0,0.0,L
49.33,1789566565.036,path,6,0.768,0.013,,0.5168824204295716,-15.96795872885094,0.5168824204295716,0.0,323.0,3.0,0.0,L
49.33,1789566565.036,path,7,0.896,0.018,,0.5168824204295716,-15.96795872885094,0.5168824204295716,0.0,323.0,3.0,0.0,L
49.33,1789566565.036,path,8,1.024,0.023,,0.5168824204295716,-15.96795872885094,0.5168824204295716,0.0,323.0,3.0,0.0,L
49.33,1789566565.036,path,9,1.152,0.030,,0.5168824204295716,-15.96795872885094,0.5168824204295716,0.0,323.0,3.0,0.0,L
49.33,1789566565.036,path,10,1.280,0.037,,0.5168824204295716,-15.96795872885094,0.5168824204295716,0.0,323.0,3.0,0.0,L
49.33,1789566565.036,path,11,1.406,0.045,,0.5168824204295716,-15.96795872885094,0.5168824204295716,0.0,323.0,3.0,0.0,L
49.33,1789566565.036,path,12,1.533,0.054,,0.5168824204295716,-15.96795872885094,0.5168824204295716,0.0,323.0,3.0,0.0,L
49.33,1789566565.036,path,13,1.662,0.064,,0.5168824204295716,-15.96795872885094,0.5168824204295716,0.0,323.0,3.0,0.0,L
49.33,1789566565.036,path,14,1.788,0.074,,0.5168824204295716,-15.96795872885094,0.5168824204295716,0.0,323.0,3.0,0.0,L
49.33,1789566565.036,path,15,1.915,0.086,,0.5168824204295716,-15.96795872885094,0.5168824204295716,0.0,323.0,3.0,0.0,L
49.33,1789566565.036,path,16,2.042,0.098,,0.5168824204295716,-15.96795872885094,0.5168824204295716,0.0,323.0,3.0,0.0,L
49.33,1789566565.036,path,17,2.168,0.110,,0.5168824204295716,-15.96795872885094,0.5168824204295716,0.0,323.0,3.0,0.0,L
49.33,1789566565.036,path,18,2.295,0.122,,0.5168824204295716,-15.96795872885094,0.5168824204295716,0.0,323.0,3.0,0.0,L
49.33,1789566565.036,path,19,2.423,0.135,,0.5168824204295716,-15.96795872885094,0.5168824204295716,0.0,323.0,3.0,0.0,L
49.33,1789566565.036,path,20,2.552,0.147,,0.5168824204295716,-15.96795872885094,0.5168824204295716,0.0,323.0,3.0,0.0,L
49.38,1789566565.086,none,-1,,,,0.5087731354181098,-15.955233159762575,0.5087731354181098,0.0,148.0,1.0,0.0,L
49.43,1789566565.136,none,-1,,,,0.49887619756804297,-15.94603820635544,0.49887619756804297,0.0,143.0,1.0,0.0,L
49.48,1789566565.186,none,-1,,,,0.4864446356534094,-15.95335649656167,0.4864446356534094,0.0,134.0,1.0,0.0,L
49.53,1789566565.236,none,-1,,,,0.48599272225661716,-15.939021171791984,0.48599272225661716,0.0,134.0,1.0,0.0,L
49.58,1789566565.286,none,-1,,,,0.477603667862577,-15.960299625415429,0.477603667862577,0.0,147.0,1.0,0.0,L
49.63,1789566565.336,none,-1,,,,0.46510971530369044,-15.965570047809628,0.46510971530369044,0.0,230.0,2.0,0.0,L
49.68,1789566565.386,none,-1,,,,0.45885135377747316,-15.954444714191052,0.45885135377747316,0.0,221.0,2.0,0.0,L
49.73,1789566565.436,none,-1,,,,0.4584101021574938,-15.932934311265774,0.4584101021574938,0.0,217.0,2.0,0.0,L
49.78,1789566565.486,none,-1,,,,0.4584101021574938,-15.930490594637272,0.4584101021574938,0.0,134.0,1.0,0.0,L
49.83,1789566565.536,cone,0,1.044,-1.117,133,0.4584101021574938,-15.929062794597602,0.0,0.0,267.0,2.0,0.0,L
49.88,1789566565.586,cone,0,1.094,-1.105,149,0.4584101021574938,-15.949418610159812,0.0,0.0,379.0,3.0,0.0,L
49.93,1789566565.636,cone,0,1.128,-1.091,158,0.450820445046249,-15.943762936528897,0.0,0.0,388.0,3.0,0.0,L
49.98,1789566565.686,cone,0,1.150,-1.055,164,0.450820445046249,-15.943621415524323,0.0,0.0,410.0,3.0,0.0,L
50.03,1789566565.736,cone,0,1.150,-1.055,164,0.450820445046249,-15.965531546443886,0.0,0.0,410.0,3.0,0.0,L
50.08,1789566565.786,cone,0,1.150,-1.055,164,0.450820445046249,-15.943431638882757,0.0,0.0,520.0,4.0,0.0,L
50.13,1789566565.836,cone,0,1.167,-1.025,155,0.4508738668038856,-15.94366042415009,0.0,0.0,499.0,4.0,0.0,L
50.18,1789566565.886,cone,0,1.206,-1.004,162,0.4397633631702364,-15.945771694842062,0.0,0.0,494.0,4.0,0.0,L
50.23,1789566565.936,cone,0,1.204,-0.984,157,0.420972345022917,-15.943117955842032,0.0,0.0,391.0,3.0,0.0,L
50.28,1789566565.986,cone,0,1.204,-0.984,157,0.4147041739815003,-15.93630056646633,0.0,0.0,480.0,4.0,0.0,L
50.33,1789566566.036,cone,0,1.180,-1.009,165,0.45392556492558633,-15.93596272303729,0.0,0.0,503.0,4.0,0.0,L
50.33,1789566566.036,path,0,0.000,0.000,,0.45392556492558633,-15.93596272303729,0.0,0.0,503.0,4.0,0.0,L
50.33,1789566566.036,path,1,0.270,0.008,,0.45392556492558633,-15.93596272303729,0.0,0.0,503.0,4.0,0.0,L
50.33,1789566566.036,path,2,0.552,0.040,,0.45392556492558633,-15.93596272303729,0.0,0.0,503.0,4.0,0.0,L
50.33,1789566566.036,path,3,0.820,0.087,,0.45392556492558633,-15.93596272303729,0.0,0.0,503.0,4.0,0.0,L
50.33,1789566566.036,path,4,1.075,0.139,,0.45392556492558633,-15.93596272303729,0.0,0.0,503.0,4.0,0.0,L
50.33,1789566566.036,path,5,1.317,0.187,,0.45392556492558633,-15.93596272303729,0.0,0.0,503.0,4.0,0.0,L
50.33,1789566566.036,path,6,1.562,0.231,,0.45392556492558633,-15.93596272303729,0.0,0.0,503.0,4.0,0.0,L
50.33,1789566566.036,path,7,1.808,0.268,,0.45392556492558633,-15.93596272303729,0.0,0.0,503.0,4.0,0.0,L
50.33,1789566566.036,path,8,2.058,0.300,,0.45392556492558633,-15.93596272303729,0.0,0.0,503.0,4.0,0.0,L
50.33,1789566566.036,path,9,2.310,0.330,,0.45392556492558633,-15.93596272303729,0.0,0.0,503.0,4.0,0.0,L
50.33,1789566566.036,path,10,2.573,0.361,,0.45392556492558633,-15.93596272303729,0.0,0.0,503.0,4.0,0.0,L
50.33,1789566566.036,path,11,2.843,0.396,,0.45392556492558633,-15.93596272303729,0.0,0.0,503.0,4.0,0.0,L
50.33,1789566566.036,path,12,3.102,0.437,,0.45392556492558633,-15.93596272303729,0.0,0.0,503.0,4.0,0.0,L
50.33,1789566566.036,path,13,3.357,0.485,,0.45392556492558633,-15.93596272303729,0.0,0.0,503.0,4.0,0.0,L
50.33,1789566566.036,path,14,3.608,0.542,,0.45392556492558633,-15.93596272303729,0.0,0.0,503.0,4.0,0.0,L
50.33,1789566566.036,path,15,3.861,0.607,,0.45392556492558633,-15.93596272303729,0.0,0.0,503.0,4.0,0.0,L
50.33,1789566566.036,path,16,4.118,0.680,,0.45392556492558633,-15.93596272303729,0.0,0.0,503.0,4.0,0.0,L
50.33,1789566566.036,path,17,4.380,0.759,,0.45392556492558633,-15.93596272303729,0.0,0.0,503.0,4.0,0.0,L
50.33,1789566566.036,path,18,4.634,0.837,,0.45392556492558633,-15.93596272303729,0.0,0.0,503.0,4.0,0.0,L
50.33,1789566566.036,path,19,4.877,0.912,,0.45392556492558633,-15.93596272303729,0.0,0.0,503.0,4.0,0.0,L
50.33,1789566566.036,path,20,5.113,0.983,,0.45392556492558633,-15.93596272303729,0.0,0.0,503.0,4.0,0.0,L
50.38,1789566566.086,cone,0,1.180,-1.016,167,0.45392556492558633,-15.93264233738107,0.0,0.0,523.0,4.0,0.0,L
50.43,1789566566.136,cone,0,1.158,-1.043,175,0.45392556492558633,-15.931857105228058,0.0,0.0,485.0,4.0,0.0,L
50.48,1789566566.186,cone,0,1.159,-1.051,177,0.45392556492558633,-15.931392595357762,0.0,0.0,515.0,4.0,0.0,L
50.53,1789566566.236,cone,0,1.159,-1.051,177,0.45392556492558633,-15.928727320207615,0.0,0.0,505.0,4.0,0.0,L
50.58,1789566566.286,cone,0,1.144,-1.088,188,0.45332171208898386,-15.927769890210293,0.0,0.0,479.0,4.0,0.0,L
50.63,1789566566.336,cone,0,1.189,-1.084,202,0.45332171208898386,-15.92962930955411,0.0,0.0,414.0,3.0,0.0,L
50.68,1789566566.386,cone,0,1.189,-1.084,202,0.45332171208898386,-15.922284305453983,0.0,0.0,514.0,4.0,0.0,L
50.73,1789566566.436,cone,0,1.175,-1.115,210,0.45332171208898386,-15.917626026801724,0.0,0.0,522.0,4.0,0.0,L
50.78,1789566566.486,cone,0,1.181,-1.130,215,0.45238206757825394,-15.907965304536582,0.0,0.0,519.0,4.0,0.0,L
50.83,1789566566.536,cone,0,1.181,-1.130,215,0.45238206757825394,-15.902377157995288,0.0,0.0,540.0,4.0,0.0,L
50.88,1789566566.586,cone,0,1.192,-1.141,216,0.45238206757825394,-15.89851007467323,0.0,0.0,537.0,4.0,0.0,L
50.93,1789566566.636,cone,0,1.207,-1.127,211,0.4551895542911939,-15.894054801039799,0.0,0.0,536.0,4.0,0.0,L
50.98,1789566566.686,cone,0,1.196,-1.119,209,0.4551895542911939,-15.893491159049354,0.0,0.0,526.0,4.0,0.0,L
51.03,1789566566.736,cone,0,1.192,-1.119,210,0.4551895542911939,-15.887750759212029,0.0,0.0,542.0,4.0,0.0,L
51.08,1789566566.786,cone,0,1.220,-1.173,228,0.4551895542911939,-15.881659394390917,0.0,0.0,556.0,4.0,0.0,L
51.13,1789566566.836,cone,0,1.224,-1.174,227,0.4550149803123939,-15.883021080153403,0.0,0.0,519.0,3.0,0.0,L
51.18,1789566566.886,cone,0,1.196,-1.119,209,0.4550149803123939,-15.879955003553448,0.0,0.0,569.0,4.0,0.0,L
51.23,1789566566.936,cone,0,1.196,-1.119,209,0.4550149803123939,-15.873417387570923,0.0,0.0,570.0,4.0,0.0,L
51.28,1789566566.986,cone,0,1.192,-1.119,210,0.4550149803123939,-15.867082439522907,0.0,0.0,571.0,4.0,0.0,L
51.33,1789566567.036,cone,0,1.192,-1.119,210,0.4497911296035509,-15.861307708290504,0.0,0.0,495.0,3.0,0.0,L
51.33,1789566567.036,path,0,0.000,0.000,,0.4497911296035509,-15.861307708290504,0.0,0.0,495.0,3.0,0.0,L
51.33,1789566567.036,path,1,0.304,0.010,,0.4497911296035509,-15.861307708290504,0.0,0.0,495.0,3.0,0.0,L
51.33,1789566567.036,path,2,0.591,0.049,,0.4497911296035509,-15.861307708290504,0.0,0.0,495.0,3.0,0.0,L
51.33,1789566567.036,path,3,0.845,0.099,,0.4497911296035509,-15.861307708290504,0.0,0.0,495.0,3.0,0.0,L
51.33,1789566567.036,path,4,1.088,0.154,,0.4497911296035509,-15.861307708290504,0.0,0.0,495.0,3.0,0.0,L
51.33,1789566567.036,path,5,1.321,0.205,,0.4497911296035509,-15.861307708290504,0.0,0.0,495.0,3.0,0.0,L
51.33,1789566567.036,path,6,1.566,0.251,,0.4497911296035509,-15.861307708290504,0.0,0.0,495.0,3.0,0.0,L
51.33,1789566567.036,path,7,1.826,0.291,,0.4497911296035509,-15.861307708290504,0.0,0.0,495.0,3.0,0.0,L
51.33,1789566567.036,path,8,2.092,0.324,,0.4497911296035509,-15.861307708290504,0.0,0.0,495.0,3.0,0.0,L
51.33,1789566567.036,path,9,2.363,0.352,,0.4497911296035509,-15.861307708290504,0.0,0.0,495.0,3.0,0.0,L
51.33,1789566567.036,path,10,2.633,0.377,,0.4497911296035509,-15.861307708290504,0.0,0.0,495.0,3.0,0.0,L
51.33,1789566567.036,path,11,2.904,0.405,,0.4497911296035509,-15.861307708290504,0.0,0.0,495.0,3.0,0.0,L
51.33,1789566567.036,path,12,3.164,0.442,,0.4497911296035509,-15.861307708290504,0.0,0.0,495.0,3.0,0.0,L
51.33,1789566567.036,path,13,3.416,0.490,,0.4497911296035509,-15.861307708290504,0.0,0.0,495.0,3.0,0.0,L
51.33,1789566567.036,path,14,3.663,0.551,,0.4497911296035509,-15.861307708290504,0.0,0.0,495.0,3.0,0.0,L
51.33,1789566567.036,path,15,3.919,0.628,,0.4497911296035509,-15.861307708290504,0.0,0.0,495.0,3.0,0.0,L
51.33,1789566567.036,path,16,4.190,0.717,,0.4497911296035509,-15.861307708290504,0.0,0.0,495.0,3.0,0.0,L
51.33,1789566567.036,path,17,4.451,0.805,,0.4497911296035509,-15.861307708290504,0.0,0.0,495.0,3.0,0.0,L
51.33,1789566567.036,path,18,4.693,0.884,,0.4497911296035509,-15.861307708290504,0.0,0.0,495.0,3.0,0.0,L
51.33,1789566567.036,path,19,4.948,0.961,,0.4497911296035509,-15.861307708290504,0.0,0.0,495.0,3.0,0.0,L
51.33,1789566567.036,path,20,5.206,1.031,,0.4497911296035509,-15.861307708290504,0.0,0.0,495.0,3.0,0.0,L
51.38,1789566567.086,cone,0,1.192,-1.119,210,0.4497911296035509,-15.85415400553912,0.0,0.0,495.0,3.0,0.0,L
51.43,1789566567.136,cone,0,1.196,-1.099,205,0.4497911296035509,-15.847392514678198,0.0,0.0,574.0,4.0,0.0,L
51.48,1789566567.186,cone,0,1.187,-1.146,218,0.4497911296035509,-15.841104537981382,0.0,0.0,580.0,4.0,0.0,L
51.53,1789566567.236,cone,0,1.187,-1.146,218,0.4509749855230416,-15.836551345554984,0.0,0.0,565.0,4.0,0.0,L
51.58,1789566567.286,cone,0,1.181,-1.126,212,0.4509749855230416,-15.833947250220412,0.0,0.0,557.0,4.0,0.0,L
51.63,1789566567.336,cone,0,1.181,-1.126,212,0.4509749855230416,-15.829822057377834,0.0,0.0,552.0,4.0,0.0,L
51.68,1789566567.386,cone,0,1.194,-1.131,216,0.4509749855230416,-15.820718719858526,0.0,0.0,566.0,4.0,0.0,L
51.73,1789566567.436,cone,0,1.195,-1.138,218,0.45063633191414765,-15.804806118716575,0.0,0.0,563.0,4.0,0.0,L
51.78,1789566567.486,cone,0,1.182,-1.134,214,0.45063633191414765,-15.803805289925515,0.0,0.0,548.0,4.0,0.0,L
51.83,1789566567.536,cone,0,1.196,-1.119,209,0.45063633191414765,-15.803480809106883,0.0,0.0,500.0,3.0,0.0,L
51.88,1789566567.586,cone,0,1.196,-1.119,209,0.45063633191414765,-15.803534634471719,0.0,0.0,500.0,3.0,0.0,L
51.93,1789566567.636,cone,0,1.192,-1.119,210,0.4487751686873981,-15.803438037022104,0.0,0.0,590.0,4.0,0.0,L
51.98,1789566567.686,cone,0,1.238,-1.109,223,0.4487751686873981,-15.803933583024822,0.0,0.0,579.0,4.0,0.0,L
52.03,1789566567.736,cone,0,1.238,-1.109,223,0.4487751686873981,-15.792342054269099,0.0,0.0,579.0,4.0,0.0,L
52.08,1789566567.786,cone,0,1.238,-1.109,223,0.4487751686873981,-15.791407820721654,0.0,0.0,579.0,4.0,0.0,L
52.13,1789566567.836,cone,0,1.238,-1.109,223,0.44950112718364477,-15.790515179660844,0.0,0.0,579.0,4.0,0.0,L
52.18,1789566567.886,cone,0,1.238,-1.109,223,0.44950112718364477,-15.788817646591516,0.0,0.0,579.0,4.0,0.0,L
52.23,1789566567.936,cone,0,1.242,-1.109,222,0.44950112718364477,-15.794057228665338,0.0,0.0,567.0,4.0,0.0,L
52.28,1789566567.986,cone,0,1.244,-1.089,216,0.44950112718364477,-15.787618801537267,0.2032356837361715,1.0,560.0,4.0,0.0,L
52.33,1789566568.036,cone,0,1.240,-1.076,214,0.44908901910409554,-15.781850494457883,0.44950112718364477,1.0,547.0,4.0,0.0,L
52.33,1789566568.036,path,0,0.000,0.000,,0.44908901910409554,-15.781850494457883,0.44950112718364477,1.0,547.0,4.0,0.0,L
52.33,1789566568.036,path,1,0.301,0.010,,0.44908901910409554,-15.781850494457883,0.44950112718364477,1.0,547.0,4.0,0.0,L
52.33,1789566568.036,path,2,0.594,0.046,,0.44908901910409554,-15.781850494457883,0.44950112718364477,1.0,547.0,4.0,0.0,L
52.33,1789566568.036,path,3,0.868,0.099,,0.44908901910409554,-15.781850494457883,0.44950112718364477,1.0,547.0,4.0,0.0,L
52.33,1789566568.036,path,4,1.139,0.161,,0.44908901910409554,-15.781850494457883,0.44950112718364477,1.0,547.0,4.0,0.0,L
52.33,1789566568.036,path,5,1.410,0.224,,0.44908901910409554,-15.781850494457883,0.44950112718364477,1.0,547.0,4.0,0.0,L
52.33,1789566568.036,path,6,1.674,0.277,,0.44908901910409554,-15.781850494457883,0.44950112718364477,1.0,547.0,4.0,0.0,L
52.33,1789566568.036,path,7,1.935,0.319,,0.44908901910409554,-15.781850494457883,0.44950112718364477,1.0,547.0,4.0,0.0,L
52.33,1789566568.036,path,8,2.204,0.353,,0.44908901910409554,-15.781850494457883,0.44950112718364477,1.0,547.0,4.0,0.0,L
52.33,1789566568.036,path,9,2.465,0.382,,0.44908901910409554,-15.781850494457883,0.44950112718364477,1.0,547.0,4.0,0.0,L
52.33,1789566568.036,path,10,2.708,0.410,,0.44908901910409554,-15.781850494457883,0.44950112718364477,1.0,547.0,4.0,0.0,L
52.33,1789566568.036,path,11,2.949,0.441,,0.44908901910409554,-15.781850494457883,0.44950112718364477,1.0,547.0,4.0,0.0,L
52.33,1789566568.036,path,12,3.200,0.480,,0.44908901910409554,-15.781850494457883,0.44950112718364477,1.0,547.0,4.0,0.0,L
52.33,1789566568.036,path,13,3.464,0.531,,0.44908901910409554,-15.781850494457883,0.44950112718364477,1.0,547.0,4.0,0.0,L
52.33,1789566568.036,path,14,3.729,0.592,,0.44908901910409554,-15.781850494457883,0.44950112718364477,1.0,547.0,4.0,0.0,L
52.33,1789566568.036,path,15,3.984,0.657,,0.44908901910409554,-15.781850494457883,0.44950112718364477,1.0,547.0,4.0,0.0,L
52.33,1789566568.036,path,16,4.230,0.724,,0.44908901910409554,-15.781850494457883,0.44950112718364477,1.0,547.0,4.0,0.0,L
52.33,1789566568.036,path,17,4.487,0.797,,0.44908901910409554,-15.781850494457883,0.44950112718364477,1.0,547.0,4.0,0.0,L
52.33,1789566568.036,path,18,4.744,0.871,,0.44908901910409554,-15.781850494457883,0.44950112718364477,1.0,547.0,4.0,0.0,L
52.33,1789566568.036,path,19,4.999,0.947,,0.44908901910409554,-15.781850494457883,0.44950112718364477,1.0,547.0,4.0,0.0,L
52.33,1789566568.036,path,20,5.259,1.025,,0.44908901910409554,-15.781850494457883,0.44950112718364477,1.0,547.0,4.0,0.0,L
52.38,1789566568.086,cone,0,1.252,-1.062,210,0.44908901910409554,-15.790289458840745,0.44950112718364477,1.0,558.0,4.0,0.0,L
52.43,1789566568.136,cone,0,1.252,-1.062,210,0.44908901910409554,-15.786699446149317,0.44950112718364477,1.0,585.0,4.0,0.0,L
52.48,1789566568.186,cone,0,1.271,-1.076,217,0.44908901910409554,-15.768451093881088,0.44950112718364477,1.0,605.0,4.0,0.0,L
52.53,1789566568.236,cone,0,1.271,-1.076,217,0.44908901910409554,-15.74984374784166,0.44950112718364477,1.0,671.0,4.0,0.0,L
52.58,1789566568.286,cone,0,1.256,-1.067,212,0.44765045663815184,-15.736653443351395,0.44950112718364477,1.0,633.0,4.0,0.0,L
52.63,1789566568.336,cone,0,1.271,-1.076,217,0.44765045663815184,-15.743398389766789,0.44950112718364477,1.0,630.0,4.0,0.0,L
52.68,1789566568.386,cone,0,1.271,-1.076,217,0.44765045663815184,-15.714146568548903,0.44950112718364477,1.0,688.0,4.0,0.0,L
52.73,1789566568.436,cone,0,1.240,-1.080,217,0.44932083021377645,-15.694398158374476,0.44950112718364477,1.0,664.0,4.0,0.0,L
52.78,1789566568.486,cone,0,1.255,-1.082,220,0.44932083021377645,-15.692184654388567,0.44950112718364477,1.0,686.0,5.0,0.0,L
52.83,1789566568.536,cone,0,1.276,-1.058,212,0.44932083021377645,-15.69938661437839,0.44950112718364477,1.0,692.0,5.0,0.0,L
52.88,1789566568.586,cone,0,1.277,-1.055,211,0.44932083021377645,-15.689221819694197,0.44950112718364477,1.0,572.0,4.0,0.0,L
52.93,1789566568.636,cone,0,1.255,-1.082,220,0.441146399540469,-15.639854477621203,0.44950112718364477,1.0,547.0,4.0,0.0,L
52.98,1789566568.686,cone,0,1.255,-1.082,220,0.441146399540469,-15.648743990544963,0.44950112718364477,1.0,601.0,5.0,0.0,L
53.03,1789566568.736,cone,0,1.255,-1.082,220,0.441146399540469,-15.650700720473408,0.44950112718364477,1.0,640.0,5.0,0.0,L
53.08,1789566568.786,cone,0,1.255,-1.082,220,0.441146399540469,-15.623044704071726,0.44808536969759893,1.0,542.0,4.0,0.0,L
53.13,1789566568.836,cone,0,1.261,-1.046,206,0.4149937559653967,-15.594837734158393,0.4409921318108002,1.0,636.0,4.0,0.0,L
53.18,1789566568.886,cone,0,1.227,-1.056,196,0.4108596898635823,-15.592864631276464,0.0,0.0,626.0,4.0,0.0,L
53.23,1789566568.936,cone,0,1.227,-1.056,196,0.40512641331549853,-15.594149229563369,0.0,0.0,540.0,4.0,0.0,L
53.28,1789566568.986,cone,0,1.231,-1.069,200,0.40031271282751557,-15.55885853436325,0.0,0.0,622.0,4.0,0.0,L
53.33,1789566569.036,cone,0,1.223,-1.067,198,0.39104694654351324,-15.573127466178857,0.0,0.0,611.0,4.0,0.0,L
53.33,1789566569.036,path,0,0.000,0.000,,0.39104694654351324,-15.573127466178857,0.0,0.0,611.0,4.0,0.0,L
53.33,1789566569.036,path,1,0.304,0.010,,0.39104694654351324,-15.573127466178857,0.0,0.0,611.0,4.0,0.0,L
53.33,1789566569.036,path,2,0.599,0.050,,0.39104694654351324,-15.573127466178857,0.0,0.0,611.0,4.0,0.0,L
53.33,1789566569.036,path,3,0.881,0.108,,0.39104694654351324,-15.573127466178857,0.0,0.0,611.0,4.0,0.0,L
53.33,1789566569.036,path,4,1.152,0.173,,0.39104694654351324,-15.573127466178857,0.0,0.0,611.0,4.0,0.0,L
53.33,1789566569.036,path,5,1.405,0.235,,0.39104694654351324,-15.573127466178857,0.0,0.0,611.0,4.0,0.0,L
53.33,1789566569.036,path,6,1.657,0.291,,0.39104694654351324,-15.573127466178857,0.0,0.0,611.0,4.0,0.0,L
53.33,1789566569.036,path,7,1.896,0.337,,0.39104694654351324,-15.573127466178857,0.0,0.0,611.0,4.0,0.0,L
53.33,1789566569.036,path,8,2.135,0.373,,0.39104694654351324,-15.573127466178857,0.0,0.0,611.0,4.0,0.0,L
53.33,1789566569.036,path,9,2.395,0.406,,0.39104694654351324,-15.573127466178857,0.0,0.0,611.0,4.0,0.0,L
53.33,1789566569.036,path,10,2.664,0.436,,0.39104694654351324,-15.573127466178857,0.0,0.0,611.0,4.0,0.0,L
53.33,1789566569.036,path,11,2.926,0.466,,0.39104694654351324,-15.573127466178857,0.0,0.0,611.0,4.0,0.0,L
53.33,1789566569.036,path,12,3.173,0.499,,0.39104694654351324,-15.573127466178857,0.0,0.0,611.0,4.0,0.0,L
53.33,1789566569.036,path,13,3.432,0.545,,0.39104694654351324,-15.573127466178857,0.0,0.0,611.0,4.0,0.0,L
53.33,1789566569.036,path,14,3.676,0.603,,0.39104694654351324,-15.573127466178857,0.0,0.0,611.0,4.0,0.0,L
53.33,1789566569.036,path,15,3.914,0.671,,0.39104694654351324,-15.573127466178857,0.0,0.0,611.0,4.0,0.0,L
53.33,1789566569.036,path,16,4.157,0.747,,0.39104694654351324,-15.573127466178857,0.0,0.0,611.0,4.0,0.0,L
53.33,1789566569.036,path,17,4.401,0.825,,0.39104694654351324,-15.573127466178857,0.0,0.0,611.0,4.0,0.0,L
53.33,1789566569.036,path,18,4.651,0.904,,0.39104694654351324,-15.573127466178857,0.0,0.0,611.0,4.0,0.0,L
53.33,1789566569.036,path,19,4.911,0.986,,0.39104694654351324,-15.573127466178857,0.0,0.0,611.0,4.0,0.0,L
53.33,1789566569.036,path,20,5.167,1.064,,0.39104694654351324,-15.573127466178857,0.0,0.0,611.0,4.0,0.0,L
53.38,1789566569.086,cone,0,1.211,-1.046,191,0.38463801943769504,-15.54473356156895,0.0,0.0,428.0,3.0,0.0,L
53.43,1789566569.136,cone,0,1.199,-1.035,174,0.37631320317721834,-15.536910905714443,0.0,0.0,589.0,4.0,0.0,L
53.48,1789566569.186,cone,0,1.193,-1.052,177,0.3679831188341157,-15.5065488770569,0.0,0.0,645.0,4.0,0.0,L
