t_wall,t_rel,cmd_pulse,cmd_steer_deg,drive_pulse_cmd,brake_level,brake_pot,ego_x_m,ego_y_m,ego_heading_deg,ego_pulse,ego_wp_idx,ego_wp_total,ego_fix_ok,cte_m,heading_err_deg,target_idx,target_dist_m,goal_dist_m,gps_course_deg,fuse_corr_deg,gyro_z_dps,brake_latched,head_init_deg,head_sigma_deg,head_resid_m,head_dist_m,ref_pulse,out_pulse,meas_pulse,cte_integral,cte_i_term_deg,goal_phase,cb_state,cb_v0_ms,cb_v_corner_ms,goal_need_m,lidar_zone,rejoin,encoder_sum,encoder_l,encoder_r,speed_kmh,steer_measured_deg,throttle_raw,control_state,vehicle_mode,estop,board_status,drive_state,cone_stop,cone_dist_m,aeb_stop,ld_y,ld_yaw_deg,ld_road_deg,ld_pot_deg,ld_pulse,ld_avg_cost,ld_gps_ref,ld_obs_x,ld_obs_y,lstatus,drive_cmd,drive_event,tl_permit,tl_req,tl_state,tl_near_metric,tl_red_far,sl_bev_y,sl_px,sl_y,sl_wait,fix_lat,fix_lon,fix_alt_m,fix_status,fix_cov_xx,gps_lat,gps_lon,gps_quality,gps_sigma_m,gps_pos_ok,gps_is_raw,gps_raw_age_s,gps_dr_dist_m,gps_kmh,gps_fix_course_deg,gps_mode,gps_reject_n,gps_resid_m,imu_quat_x,imu_quat_y,imu_quat_z,imu_quat_w,imu_gyro_x,imu_gyro_y,imu_gyro_z,imu_acc_x,imu_acc_y,imu_acc_z
1789051708.241253,0.016,0.0,0.0,0,0,187,-20.762662109336162,5.4822993890687926,0.0,0.0,0.0,107.0,1.0,-0.20584562684512356,0.0,0.0,0.0,37.38846036705731,nan,0.0,-0.2625390634222311,0.0,0.0,0.0,0.0,0.0,0.0,0.0,nan,0.0,0.0,0.0,0.0,0.0,nan,nan,,,0,0,0,0.0,-2,169,True,True,False,"A:1,B:1,ESTOP:0,MODE:1",DRIVE_HEADING,,,,,,,,,,,,,0,route_20260910_102050.csv | DRIVE_START,white1 driving 준비 — 경로 폴더 /home/mad1/gold/gold_ws/src/white1/gps_data | prompt 에서 1)매핑 또는 2)주행 선택 — 스위치는 취소·정리만 한다 | 주행모드 최초 인식: 수동조종 | 📶 GPS 품질 ↘ 저하 : RTK_FIXED → RTK_FLOAT (σ=2.52m) | 📶 GPS 품질 ↗ 회복 : RTK_FLOAT → RTK_FIXED (σ=0.01m) | 📶 GPS 품질 ↘ 저하 : RTK_FIXED → RTK_FLOAT (σ=2.52m) | 📶 GPS 품질 ↗ 회복 : RTK_FLOAT → RTK_FIXED (σ=0.01m) | 📁 경로 선택: route_20260910_102050.csv (WP 107개) — 스위치를 자율로 올리면 출발 | ⏸️ 일시정지 지점 없음 (terrain 열에 'S' 가 없다) | 🚦 신호등 구간 없음 (terrain 열에 'T' 가 없다) — ★이 경로에서는 신호등 개입이 전혀 없다★ | 🛞 라이다 구간 1곳 / WP 32개 (49~80) — terrain 열의 'L' | ▶ 주행 시작(prompt) [route_20260910_102050.csv] | 📶 출발 GPS : RTK_FIXED σ=0.055m,False,0,,,,-9999.0,-1.0,-1.0,False,36.967670505,127.87360912833333,121.82000000000001,2,0.00014884000000000002,36.967670505,127.87360912833333,4.0,0.07996857376098633,1.0,0.0,0.13553714752197266,0.0,0.031497408234951875,-5.093132664653092,0.0,0.0,0.0,0.4242137623724543,0.24549324892337787,-0.7242873078645968,0.4849573632940385,0.0009773843811168245,0.003351032163829113,-0.004310963252425994,-8.325845849999999,0.5295591,5.22694445
1789051708.291312,0.066,0.0,0.0,0,0,187,-20.762662109336162,5.4822993890687926,0.0,0.0,0.0,107.0,1.0,-0.20584562684512356,0.0,0.0,0.0,37.38846036705731,nan,0.0,0.15415201470461343,0.0,0.0,0.0,0.0,0.0,0.0,0.0,nan,0.0,0.0,0.0,0.0,0.0,nan,nan,,,0,0,0,0.0,-1,170,True,True,False,"A:1,B:1,ESTOP:0,MODE:1",DRIVE_HEADING,,,,,,,,,,,,,0,,,False,0,,,,-9999.0,-1.0,-1.0,False,36.96767054,127.87360907833333,121.82000000000001,2,0.00014884000000000002,36.96767054,127.87360907833333,4.0,0.0122,1.0,1.0,0.0,0.0,0.027577403205288308,-5.093132664653092,0.0,0.0,0.0,0.4242152139767445,0.24552800732209695,-0.7242943366814657,0.48492799847220697,0.006370451769779303,0.0047298422729046335,0.0029670597283903604,-8.404299049999999,0.5295591,5.0602314
1789051708.341270,0.116,0.0,0.0,0,0,187,-20.76710918623834,5.486195571173443,0.0,0.0,0.0,107.0,1.0,-0.20272268408997227,0.0,0.0,0.0,37.39350693871462,nan,0.0,0.05104971067520419,0.0,0.0,0.0,0.0,0.0,0.0,0.0,nan,0.0,0.0,0.0,0.0,0.0,nan,nan,,,0,0,0,0.0,-1,170,True,True,False,"A:1,B:1,ESTOP:0,MODE:1",DRIVE_HEADING,,,,,,,,,,,,,0,,,False,0,,,,-9999.0,-1.0,-1.0,False,36.96767054,127.87360907833333,121.82000000000001,2,0.00014884000000000002,36.96767054,127.87360907833333,4.0,0.03942549438476563,1.0,0.0,0.05445098876953125,0.0,0.027577403205288308,-5.093132664653092,0.0,0.0,0.0,0.4241767883806488,0.24550301005017822,-0.724315800648073,0.48494220808970784,0.015184364492350668,0.0006283185307179586,0.0011693705988362008,-8.38468575,0.57859235,5.099458
1789051708.391266,0.166,0.0,0.0,0,0,187,-20.76710918623834,5.486195571173443,0.0,0.0,0.0,107.0,1.0,-0.20272268408997227,0.0,0.0,0.0,37.39350693871462,nan,0.0,0.30743361125385377,0.0,0.0,0.0,0.0,0.0,0.0,0.0,nan,0.0,0.0,0.0,0.0,0.0,nan,nan,,,0,0,0,0.0,-1,170,True,True,False,"A:1,B:1,ESTOP:0,MODE:1",DRIVE_HEADING,,,,,,,,,,,,,0,,,False,0,,,,-9999.0,-1.0,-1.0,False,36.96767054,127.87360907833333,121.82000000000001,2,0.00014884000000000002,36.96767054,127.87360907833333,4.0,0.06441402645111084,1.0,0.0,0.10442805290222168,0.0,0.027577403205288308,-5.093132664653092,0.0,0.0,0.0,0.42419564807181953,0.24547835576531443,-0.7243033152502018,0.484956839858202,0.006178465552059927,0.0003665191429188092,0.005654866776461628,-8.404299049999999,0.57859235,5.08965135
1789051708.441299,0.216,0.0,0.0,0,0,187,-20.76710918623834,5.486195571173443,0.0,0.0,0.0,107.0,1.0,-0.20272268408997227,0.0,0.0,0.0,37.39350693871462,nan,0.0,0.055322744031346065,0.0,0.0,0.0,0.0,0.0,0.0,0.0,nan,0.0,0.0,0.0,0.0,0.0,nan,nan,,,0,0,0,0.0,-1,170,True,True,False,"A:1,B:1,ESTOP:0,MODE:1",DRIVE_HEADING,,,,,,,,,,,,,0,,,False,0,,,,-9999.0,-1.0,-1.0,False,36.96767054,127.87360907833333,121.82000000000001,2,0.00014884000000000002,36.96767054,127.87360907833333,4.0,0.08943605632781983,1.0,0.0,0.15447211265563965,0.0,0.027577403205288308,-5.093132664653092,0.0,0.0,0.0,0.424173300852253,0.24546978416561188,-0.7243171804271982,0.48496001695375435,0.0068591439603377154,0.0025656340004316645,0.0012566370614359172,-8.52197885,0.48052585,5.1190713
1789051708.491430,0.266,0.0,0.0,0,0,187,-20.76710918623834,5.486195571173443,0.0,0.0,0.0,107.0,1.0,-0.20272268408997227,0.0,0.0,0.0,37.39350693871462,nan,0.0,0.16000209854328337,0.0,0.0,0.0,0.0,0.0,0.0,0.0,nan,0.0,0.0,0.0,0.0,0.0,nan,nan,,,0,0,0,0.0,-1,170,True,True,False,"A:1,B:1,ESTOP:0,MODE:1",DRIVE_HEADING,,,,,,,,,,,,,0,,,False,0,,,,-9999.0,-1.0,-1.0,False,36.967670571666666,127.87360914333334,121.831,2,0.00014884000000000002,36.967670571666666,127.87360914333334,4.0,0.0122,1.0,1.0,0.0,0.0,0.07103799797756206,-5.093132664653092,0.0,0.0,0.0,0.4241730873188976,0.24548224503362043,-0.7243202213955396,0.48494935430942154,0.014852751934471744,0.0015533430342749533,0.0030892327760299633,-8.36507245,0.53936575,5.1386845999999995
1789051708.541258,0.316,0.0,0.0,0,0,187,-20.761327985127966,5.489720688278079,0.0,0.0,0.0,107.0,1.0,-0.19830619885980488,0.0,0.0,0.0,37.38841232054434,nan,0.0,-0.1267439056538032,0.0,0.0,0.0,0.0,0.0,0.0,0.0,nan,0.0,0.0,0.0,0.0,0.0,nan,nan,,,0,0,0,0.0,-1,170,True,True,False,"A:1,B:1,ESTOP:0,MODE:1",DRIVE_HEADING,,,,,,,,,,,,,0,,,False,0,,,,-9999.0,-1.0,-1.0,False,36.967670571666666,127.87360914333334,121.831,2,0.00014884000000000002,36.967670571666666,127.87360914333334,4.0,0.038923265647888186,1.0,0.0,0.05344653129577637,0.0,0.07103799797756206,-5.093132664653092,0.0,0.0,0.0,0.424191948777466,0.2454575902141649,-0.7243077341114244,0.4849639866062271,0.006318091892219472,-0.004677482395344803,-0.0019198621771937625,-8.38468575,0.7060787999999999,5.099458
1789051708.591264,0.366,0.0,0.0,0,0,187,-20.761327985127966,5.489720688278079,0.0,0.0,0.0,107.0,1.0,-0.19830619885980488,0.0,0.0,0.0,37.38841232054434,nan,0.0,-0.005732417842495584,0.0,0.0,0.0,0.0,0.0,0.0,0.0,nan,0.0,0.0,0.0,0.0,0.0,nan,nan,,,0,0,0,0.0,-1,170,True,True,False,"A:1,B:1,ESTOP:0,MODE:1",DRIVE_HEADING,,,,,,,,,,,,,0,,,False,0,,,,-9999.0,-1.0,-1.0,False,36.967670571666666,127.87360914333334,121.831,2,0.00014884000000000002,36.967670571666666,127.87360914333334,4.0,0.06397021026611328,1.0,0.0,0.10354042053222656,0.0,0.07103799797756206,-5.093132664653092,0.0,0.0,0.0,0.4241981675472385,0.24545081632552054,-0.7242951411671988,0.48498078301752134,0.0019373154697137059,-0.0003141592653589793,0.00019198621771937625,-8.394492399999999,0.6276256,5.099458
1789051708.641257,0.416,0.0,0.0,0,0,187,-20.761327985127966,5.489720688278079,0.0,0.0,0.0,107.0,1.0,-0.19830619885980488,0.0,0.0,0.0,37.38841232054434,nan,0.0,0.006255046993189406,0.0,0.0,0.0,0.0,0.0,0.0,0.0,nan,0.0,0.0,0.0,0.0,0.0,nan,nan,,,0,0,0,0.0,-1,170,True,True,False,"A:1,B:1,ESTOP:0,MODE:1",DRIVE_HEADING,,,,,,,,,,,,,0,,,False,0,,,,-9999.0,-1.0,-1.0,False,36.967670571666666,127.87360914333334,121.831,2,0.00014884000000000002,36.967670571666666,127.87360914333334,4.0,0.08893633098602295,1.0,0.0,0.1534726619720459,0.0,0.07103799797756206,-5.093132664653092,0.0,0.0,0.0,0.4241497844791115,0.24551755064616285,-0.7243052773519061,0.4849741826646141,0.00905825881785057,0.01033234917180643,0.0004014257279586958,-8.3356525,0.48052585,5.08965135
1789051708.691340,0.466,0.0,0.0,0,0,187,-20.762069165664943,5.494173468278235,0.0,0.0,0.0,107.0,1.0,-0.19403269800412135,0.0,0.0,0.0,37.38990320453413,nan,0.0,0.06612253689920303,0.0,0.0,0.0,0.0,0.0,0.0,0.0,nan,0.0,0.0,0.0,0.0,0.0,nan,nan,,,0,0,0,0.0,-1,170,True,True,False,"A:1,B:1,ESTOP:0,MODE:1",DRIVE_HEADING,,,,,,,,,,,,,0,,,False,0,,,,-9999.0,-1.0,-1.0,False,36.96767061166667,127.873609135,121.827,2,0.00014884000000000002,36.96767061166667,127.873609135,4.0,0.0122,1.0,1.0,0.0,0.0,0.08594774926078974,-5.093132664653092,0.0,0.0,0.0,0.4241073905214607,0.2454853301814289,-0.7243278780871191,0.48499381335910213,0.00815068760681352,0.006579891280018622,0.0014486232791552935,-8.306232549999999,0.5982056499999999,5.14849125
1789051708.741315,0.516,0.0,0.0,0,0,187,-20.762069165664943,5.494173468278235,0.0,0.0,0.0,107.0,1.0,-0.19403269800412135,0.0,0.0,0.0,37.38990320453413,nan,0.0,-0.16255170817459536,0.0,0.0,0.0,0.0,0.0,0.0,0.0,nan,0.0,0.0,0.0,0.0,0.0,nan,nan,,,0,0,0,0.0,-1,170,True,True,False,"A:1,B:1,ESTOP:0,MODE:1",DRIVE_HEADING,,,,,,,,,,,,,0,,,False,0,,,,-9999.0,-1.0,-1.0,False,36.96767061166667,127.873609135,121.827,2,0.00014884000000000002,36.96767061166667,127.873609135,4.0,0.041806938362121585,1.0,0.0,0.059213876724243164,0.0,0.08594774926078974,-5.093132664653092,0.0,0.0,0.0,0.42415931331099344,0.245450735545722,-0.7243226851387246,0.4849736705688655,0.005672320068981571,-0.0021991148575128553,-0.002548180707911721,-8.4729456,0.6276256,5.16810455
1789051708.791285,0.566,0.0,0.0,0,0,187,-20.762069165664943,5.494173468278235,0.0,0.0,0.0,107.0,1.0,-0.19403269800412135,0.0,0.0,0.0,37.38990320453413,nan,0.0,-0.3877746047582462,0.0,0.0,0.0,0.0,0.0,0.0,0.0,nan,0.0,0.0,0.0,0.0,0.0,nan,nan,,,0,0,0,0.0,-1,170,True,True,False,"A:1,B:1,ESTOP:0,MODE:1",DRIVE_HEADING,,,,,,,,,,,,,0,,,False,0,,,,-9999.0,-1.0,-1.0,False,36.96767061166667,127.873609135,121.827,2,0.00014884000000000002,36.96767061166667,127.873609135,4.0,0.06678784103393555,1.0,0.0,0.1091756820678711,0.0,0.08594774926078974,-5.093132664653092,0.0,0.0,0.0,0.42410710317063854,0.2454023605838683,-0.7243749374238548,0.48496576837160477,0.0065100781099388496,0.0033335788713091696,-0.006492624817418906,-8.325845849999999,0.6864655000000001,5.1190713
1789051708.841275,0.616,0.0,0.0,0,0,187,-20.762069165664943,5.494173468278235,0.0,0.0,0.0,107.0,1.0,-0.19403269800412135,0.0,0.0,0.0,37.38990320453413,nan,0.0,-0.09159105554872969,0.0,0.0,0.0,0.0,0.0,0.0,0.0,nan,0.0,0.0,0.0,0.0,0.0,nan,nan,,,0,0,0,0.0,-1,170,True,True,False,"A:1,B:1,ESTOP:0,MODE:1",DRIVE_HEADING,,,,,,,,,,,,,0,,,False,0,,,,-9999.0,-1.0,-1.0,False,36.96767061166667,127.873609135,121.827,2,0.00014884000000000002,36.96767061166667,127.873609135,4.0,0.09182906360626221,1.0,0.0,0.15925812721252441,0.0,0.08594774926078974,-5.093132664653092,0.0,0.0,0.0,0.4240801939733769,0.2454228833878065,-0.7244053915912125,0.48493342431997843,0.002373647782712288,0.0017278759594743863,-0.0013264502315156904,-8.404299049999999,0.53936575,5.08965135
1789051708.891268,0.666,0.0,0.0,0,0,187,-20.762069165664943,5.494173468278235,0.0,0.0,0.0,107.0,1.0,-0.19403269800412135,0.0,0.0,0.0,37.38990320453413,nan,0.0,0.45849012656236776,0.0,0.0,0.0,0.0,0.0,0.0,0.0,nan,0.0,0.0,0.0,0.0,0.0,nan,nan,,,0,0,0,0.0,-1,170,True,True,False,"A:1,B:1,ESTOP:0,MODE:1",DRIVE_HEADING,,,,,,,,,,,,,0,,,False,0,,,,-9999.0,-1.0,-1.0,False,36.96767055833333,127.873609155,121.824,2,0.00014884000000000002,36.96767055833333,127.873609155,4.0,0.0122,1.0,1.0,0.0,0.0,0.016400341414218315,-5.093132664653092,0.0,0.0,0.0,0.4241805766732647,0.24541696619220332,-0.7243460387214916,0.4849372817866603,0.007609635538695277,-0.008499753457212385,0.008290313946973065,-8.38468575,0.6668522,4.873905049999999
1789051708.941278,0.716,3.0,0.0,0,0,187,-20.760290334651284,5.488236428278028,0.0,0.0,0.0,107.0,1.0,-0.1996024141410517,0.0,0.0,0.0,37.38713648328966,nan,0.0,-0.23204485369075697,0.0,0.0,0.0,0.0,0.0,0.0,0.0,nan,0.0,0.0,0.0,0.0,0.0,nan,nan,,,0,0,0,0.0,-1,170,True,True,False,"A:1,B:1,ESTOP:0,MODE:1",DRIVE_HEADING,,,,,,,,,,,,,0,,,False,0,,,,-9999.0,-1.0,-1.0,False,36.96767055833333,127.873609155,121.824,2,0.00014884000000000002,36.96767055833333,127.873609155,4.0,0.04014730663299561,1.0,0.0,0.05589461326599121,0.0,0.016400341414218315,-5.093132664653092,0.0,0.0,0.0,0.42413421856768263,0.24537751913341044,-0.7243697712205378,0.4849623411006462,0.015550883635269477,0.004363323129985824,-0.0037699111843077517,-8.404299049999999,0.5982056499999999,5.14849125
1789051708.991280,0.766,3.0,0.0,3,0,187,-20.760290334651284,5.488236428278028,0.0,0.0,0.0,107.0,1.0,-0.1996024141410517,0.0,0.0,0.0,37.38713648328966,nan,0.0,-0.026990763983375455,0.0,0.0,0.0,0.0,0.0,3.0,3.0,nan,0.0,0.0,0.0,0.0,0.0,nan,nan,,,0,0,0,0.0,-1,170,True,True,False,"A:1,B:1,ESTOP:0,MODE:1",DRIVE_HEADING,,,,,,,,,,,,,0,,,False,0,,,,-9999.0,-1.0,-1.0,False,36.96767055833333,127.873609155,121.824,2,0.00014884000000000002,36.96767055833333,127.873609155,4.0,0.06514311046600342,1.0,0.0,0.10588622093200684,0.0,0.016400341414218315,-5.093132664653092,0.0,0.0,0.0,0.4241514635634414,0.2453376072158002,-0.7243879364674941,0.484940317918589,0.002949606435870417,0.0003141592653589793,-0.00019198621771937625,-8.394492399999999,0.5687857,5.12887795
1789051709.041247,0.816,3.0,0.0,3,0,187,-20.760290334651284,5.488236428278028,0.0,0.0,0.0,107.0,1.0,-0.1996024141410517,0.0,0.0,0.0,37.38713648328966,nan,0.0,-0.0738427824554087,0.0,0.0,0.0,0.0,0.0,3.0,3.0,nan,0.0,0.0,0.0,0.0,0.0,nan,nan,,,0,0,0,0.0,-1,170,True,True,False,"A:1,B:1,ESTOP:0,MODE:1",DRIVE_HEADING,,,,,,,,,,,,,0,,,False,0,,,,-9999.0,-1.0,-1.0,False,36.96767055833333,127.873609155,121.824,2,0.00014884000000000002,36.96767055833333,127.873609155,4.0,0.09015655727386475,1.0,0.0,0.1559131145477295,0.0,0.016400341414218315,-5.093132664653092,0.0,0.0,0.0,0.4241518490278401,0.24531376069583935,-0.724375520474068,0.484970589951032,0.009389871375729494,0.010262536001726658,-0.0010122909661567112,-8.404299049999999,0.6668522,5.03081145
1789051709.091343,0.866,3.0,0.0,3,0,187,-20.760290334651284,5.488236428278028,0.0,0.0,0.0,107.0,1.0,-0.1996024141410517,0.0,0.0,0.0,37.38713648328966,nan,0.0,0.5450649031095022,0.0,0.0,0.0,0.0,0.0,3.0,3.0,nan,0.0,0.0,0.0,0.0,0.0,nan,nan,,,0,0,0,0.0,-1,170,True,True,False,"A:1,B:1,ESTOP:0,MODE:1",DRIVE_HEADING,,,,,,,,,,,,,0,,,False,0,,,,-9999.0,-1.0,-1.0,False,36.96767055666667,127.873609145,121.82900000000001,2,0.00014884000000000002,36.96767055666667,127.873609145,4.0,0.0122,1.0,1.0,0.0,0.0,0.05350508252187315,-5.093132664653092,0.0,0.0,0.0,0.4241725941955453,0.24529894485364512,-0.7243639770593417,0.48497718165485176,0.007173303225696694,0.006911503837897545,0.009808750396208134,-8.414105699999999,0.5491724,5.0210048
1789051709.141324,0.916,3.0,0.0,3,0,187,-20.761179749526146,5.488050896173507,0.0,0.0,0.0,107.0,1.0,-0.19992980819150966,0.0,0.0,0.0,37.38798116734937,nan,0.0,-0.11370722669671689,0.0,0.0,0.0,0.0,0.0,3.0,3.0,nan,0.0,0.0,0.0,0.0,0.0,nan,nan,,,0,0,0,0.0,-1,170,True,True,False,"A:1,B:1,ESTOP:0,MODE:1",DRIVE_HEADING,,,,,,,,,,,,,0,,,False,0,,,,-9999.0,-1.0,-1.0,False,36.96767055666667,127.873609145,121.82900000000001,2,0.00014884000000000002,36.96767055666667,127.873609145,4.0,0.0336838981628418,1.0,0.0,0.042967796325683594,0.0,0.05350508252187315,-5.093132664653092,0.0,0.0,0.0,0.4241834676029831,0.24526905480139682,-0.7243757654715843,0.4849651811899435,0.000593411945678072,0.0042935099599060505,-0.0016929693744344998,-8.42391235,0.57859235,5.07003805
1789051709.191266,0.966,3.0,0.0,3,0,187,-20.761179749526146,5.488050896173507,0.0,0.0,0.0,107.0,1.0,-0.19992980819150966,0.0,0.0,0.0,37.38798116734937,nan,0.0,-0.12844981224332347,0.0,0.0,0.0,0.0,0.0,3.0,3.0,nan,0.0,0.0,0.0,0.0,0.0,nan,nan,,,0,0,0,0.0,-1,170,True,True,False,"A:1,B:1,ESTOP:0,MODE:1",DRIVE_HEADING,,,,,,,,,,,,,0,,,False,0,,,,-9999.0,-1.0,-1.0,False,36.96767055666667,127.873609145,121.82900000000001,2,0.00014884000000000002,36.96767055666667,127.873609145,4.0,0.058646442604064944,1.0,0.0,0.09289288520812988,0.0,0.05350508252187315,-5.093132664653092,0.0,0.0,0.0,0.42420168217730275,0.24528178683406282,-0.7243724099129716,0.4849478215667228,0.004084070449666731,0.00466002910282486,-0.001954768762233649,-8.4533323,0.5982056499999999,5.1190713
1789051709.241293,1.016,3.0,0.0,3,0,187,-20.761179749526146,5.488050896173507,0.0,0.0,0.0,107.0,1.0,-0.19992980819150966,0.0,0.0,0.0,37.38798116734937,nan,0.0,-0.1202089126188368,0.0,0.0,0.0,0.0,0.0,3.0,3.0,nan,0.0,0.0,0.0,0.0,0.0,nan,nan,,,0,0,0,0.0,-1,170,True,True,False,"A:1,B:1,ESTOP:0,MODE:1",DRIVE_HEADING,,,,,,,,,,,,,0,,,False,0,,,,-9999.0,-1.0,-1.0,False,36.96767055666667,127.873609145,121.82900000000001,2,0.00014884000000000002,36.96767055666667,127.873609145,4.0,0.08365488262176514,1.0,0.0,0.14290976524353027,0.0,0.05350508252187315,-5.093132664653092,0.0,0.0,0.0,0.42418947412608976,0.2452747418195244,-0.7243662153194823,0.4849713158215922,0.012967796342317869,0.009459684545809267,-0.0018151424220741027,-8.217972699999999,0.6080123,5.2367511
1789051709.291286,1.066,3.0,0.0,3,0,187,-20.761179749526146,5.488050896173507,0.0,0.0,0.0,107.0,1.0,-0.19992980819150966,0.0,0.0,0.0,37.38798116734937,nan,0.0,-0.40140449479359913,0.0,0.0,0.0,0.0,0.0,3.0,3.0,nan,0.0,0.0,0.0,0.0,0.0,nan,nan,,,0,0,0,0.0,-1,170,True,True,False,"A:1,B:1,ESTOP:0,MODE:1",DRIVE_HEADING,,,,,,,,,,,,,0,,,False,0,,,,-9999.0,-1.0,-1.0,False,36.96767057833333,127.873609135,121.827,2,0.00014884000000000002,36.96767057833333,127.873609135,4.0,0.0122,1.0,1.0,0.0,0.0,0.025517346995833984,-5.093132664653092,0.0,0.0,0.0,0.42424632853295613,0.24530002211925364,-0.7243383617294321,0.4849503991149229,0.014817845349431858,0.011658799403322121,-0.0067369709126981125,-8.4533323,0.61781895,5.2367511
1789051709.341270,1.116,3.0,0.0,3,0,187,-20.762069165664943,5.490462818278106,0.0,0.0,0.0,107.0,1.0,-0.1976941716649609,0.0,0.0,0.0,37.38926934468584,nan,0.0,0.20917631419598806,0.0,0.0,0.0,0.0,0.0,3.0,3.0,nan,0.0,0.0,0.0,0.0,0.0,nan,nan,,,0,0,0,0.0,-1,170,True,True,False,"A:1,B:1,ESTOP:0,MODE:1",DRIVE_HEADING,,,,,,,,,,,,,0,,,False,0,,,,-9999.0,-1.0,-1.0,False,36.96767057833333,127.873609135,121.827,2,0.00014884000000000002,36.96767057833333,127.873609135,4.0,0.03912258358001709,1.0,0.0,0.05384516716003418,0.0,0.025517346995833984,-5.093132664653092,0.0,0.0,0.0,0.4243291674761969,0.24535573539066782,-0.7242859088867074,0.4849280801603662,0.004031710572106902,0.005427973973702365,0.003926990816987242,-8.38468575,0.5099457999999999,4.81506515
1789051709.391260,1.166,3.0,0.0,3,0,187,-20.762069165664943,5.490462818278106,0.0,0.0,0.0,107.0,1.0,-0.1976941716649609,0.0,0.0,0.0,37.38926934468584,nan,0.0,0.3764219615675961,0.0,0.0,0.0,0.0,0.0,3.0,3.0,nan,0.0,0.0,0.0,0.0,0.0,nan,nan,,,0,0,0,0.0,-1,170,True,True,False,"A:1,B:1,ESTOP:0,MODE:1",DRIVE_HEADING,,,,,,,,,,,,,0,,,False,0,,,,-9999.0,-1.0,-1.0,False,36.96767057833333,127.873609135,121.827,2,0.00014884000000000002,36.96767057833333,127.873609135,4.0,0.06413138122558594,1.0,0.0,0.10386276245117188,0.0,0.025517346995833984,-5.093132664653092,0.0,0.0,0.0,0.42438543565774145,0.24540108385512194,-0.7242168404399802,0.48495904782512567,0.0013264502315156904,0.0055152404363020815,0.0068591439603377154,-8.502365549999999,0.5491724,5.07003805
1789051709.441258,1.216,3.0,0.0,3,0,187,-20.762069165664943,5.490462818278106,0.0,0.0,0.0,107.0,1.0,-0.1976941716649609,0.0,0.0,0.0,37.38926934468584,nan,0.0,-0.5075608823555391,0.0,0.0,0.0,0.0,0.0,3.0,3.0,nan,0.0,0.0,0.0,0.0,0.0,nan,nan,,,0,0,0,0.0,-1,170,True,True,False,"A:1,B:1,ESTOP:0,MODE:1",DRIVE_HEADING,,,,,,,,,,,,,0,,,False,0,,,,-9999.0,-1.0,-1.0,False,36.96767057833333,127.873609135,121.827,2,0.00014884000000000002,36.96767057833333,127.873609135,4.0,0.08913052291870117,1.0,0.0,0.15386104583740234,0.0,0.025517346995833984,-5.093132664653092,0.0,0.0,0.0,0.42449224366715443,0.2453911639163116,-0.7242048480698673,0.48488849209929036,0.03040363556974122,0.012897983172238095,-0.008587019919812101,-8.669078599999999,0.9414384,4.16782625
1789051709.491262,1.266,3.0,0.0,3,0,187,-20.762069165664943,5.490462818278106,0.0,0.0,0.0,107.0,1.0,-0.1976941716649609,0.0,0.0,0.0,37.38926934468584,nan,0.0,-0.19317376059082803,0.0,0.0,0.0,0.0,0.0,3.0,3.0,nan,0.0,0.0,0.0,0.0,0.0,nan,nan,,,0,0,0,0.3985096216201782,-1,176,True,True,False,"A:1,B:1,ESTOP:0,MODE:1",DRIVE_HEADING,,,,,,,,,,,,,0,,,False,0,,,,-9999.0,-1.0,-1.0,False,36.967670588333334,127.87360919166667,121.82900000000001,2,0.00014884000000000002,36.967670588333334,127.87360919166667,4.0,0.0122,1.0,1.0,0.0,0.0,0.050435843629935105,-5.093132664653092,0.0,0.0,0.0,0.42467951824536343,0.24557387425030258,-0.7241737643441176,0.4846783862565497,0.0017453292519943296,0.014922565104551517,-0.0031066860685499066,-8.9632781,0.196133,7.9237732
1789051709.541262,1.316,3.0,0.0,3,0,188,-20.757029143827612,5.491576013278144,0.0,0.0,0.0,107.0,1.0,-0.195777911256327,0.0,0.0,0.0,37.38449351486851,nan,0.0,-0.42332541306964633,0.0,0.0,0.0,0.0,0.0,3.0,3.0,nan,0.0,0.0,0.0,0.0,0.0,nan,nan,,,0,0,0,0.15629485249519348,-1,175,True,True,False,"A:1,B:1,ESTOP:0,MODE:1",DRIVE_HEADING,,,,,,,,,,,,,0,,,False,0,,,,-9999.0,-1.0,-1.0,False,36.967670588333334,127.87360919166667,121.82900000000001,2,0.00014884000000000002,36.967670588333334,127.87360919166667,4.0,0.0393068811416626,1.0,0.0,0.054213762283325195,0.0,0.050435843629935105,-5.093132664653092,0.0,0.0,0.0,0.4247341816888666,0.24550634737619587,-0.7241920173428036,0.48463742150193906,0.024783675378319478,0.017139133254584316,-0.007138396640656807,-8.63965865,0.7943386499999999,1.6867437999999997
1789051709.591290,1.366,3.0,0.0,3,0,187,-20.757029143827612,5.491576013278144,0.0,0.0,0.0,107.0,1.0,-0.195777911256327,0.0,0.0,0.0,37.38449351486851,nan,0.0,0.4088552377564929,0.0,0.0,0.0,0.0,0.0,3.0,3.0,nan,0.0,0.0,0.0,0.0,0.0,nan,nan,,,0,0,0,0.29473674297332764,-1,173,True,True,False,"A:1,B:1,ESTOP:0,MODE:1",DRIVE_HEADING,,,,,,,,,,,,,0,,,False,0,,,,-9999.0,-1.0,-1.0,False,36.967670588333334,127.87360919166667,121.82900000000001,2,0.00014884000000000002,36.967670588333334,127.87360919166667,4.0,0.06430614204406739,1.0,0.0,0.10421228408813477,0.0,0.050435843629935105,-5.093132664653092,0.0,0.0,0.0,0.42497083324027407,0.24566574079555542,-0.7241071618443683,0.48447595694743395,-0.0065275314024587925,0.00476474885794452,0.007400196028455957,-8.81617835,0.6962721499999999,4.36395925
1789051709.641272,1.416,3.0,0.0,3,0,188,-20.757029143827612,5.491576013278144,0.0,0.0,0.0,107.0,1.0,-0.195777911256327,0.0,0.0,0.0,37.38449351486851,nan,0.0,0.16751952728097994,0.0,0.0,0.0,0.0,0.0,3.0,3.0,nan,0.0,0.0,0.0,0.0,0.0,nan,nan,,,0,0,0,0.33936795592308044,-1,172,True,True,False,"A:1,B:1,ESTOP:0,MODE:1",DRIVE_HEADING,,,,,,,,,,,,,0,,,False,0,,,,-9999.0,-1.0,-1.0,False,36.967670588333334,127.87360919166667,121.82900000000001,2,0.00014884000000000002,36.967670588333334,127.87360919166667,4.0,0.08929598541259766,1.0,0.0,0.1541919708251953,0.0,0.050435843629935105,-5.093132664653092,0.0,0.0,0.0,0.4249585890983322,0.24566787287883682,-0.7241229582800746,0.48446200581516796,0.008587019919812101,0.0057246799465414016,0.003193952531149623,-8.7867584,0.5883989999999999,4.9817782
1789051709.691285,1.466,3.0,0.0,3,0,187,-20.757029143827612,5.491576013278144,0.0,0.0,0.0,107.0,1.0,-0.195777911256327,0.0,0.0,0.0,37.38449351486851,nan,0.0,-0.162155511773582,0.0,0.0,0.0,0.0,0.0,3.0,3.0,nan,0.0,0.0,0.0,0.0,0.0,nan,nan,,,0,0,0,0.28143617510795593,-1,173,True,True,False,"A:1,B:1,ESTOP:0,MODE:1",DRIVE_HEADING,,,,,,,,,,,,,0,,,False,0,,,,-9999.0,-1.0,-1.0,False,36.96767057666667,127.87360931666667,121.83200000000001,2,0.00014884000000000002,36.96767057666667,127.87360931666667,4.0,0.0122,1.0,1.0,0.0,0.0,0.14526213890239847,-5.093132664653092,0.0,0.0,0.0,0.4249826174375564,0.24568957401539693,-0.7240910914820937,0.4844775529705443,0.02368411794956305,-0.00015707963267948965,-0.0025656340004316645,-9.07115125,0.40207265,5.864376699999999
1789051709.741259,1.516,3.0,0.0,3,0,191,-20.745911450940195,5.490277286173585,0.0,0.0,0.0,107.0,1.0,-0.1952554160486129,0.0,0.0,0.0,37.373317386872515,nan,0.0,-0.7995532007500349,0.0,0.0,0.0,0.0,0.0,3.0,3.0,nan,0.0,0.0,0.0,0.0,0.0,nan,nan,,,0,0,0,0.6433862447738647,-1,184,True,True,False,"A:1,B:1,ESTOP:0,MODE:1",DRIVE_HEADING,,,,,,,,,,,,,0,,,False,0,,,,-9999.0,-1.0,-1.0,False,36.96767057666667,127.87360931666667,121.83200000000001,2,0.00014884000000000002,36.96767057666667,127.87360931666667,4.0,0.03892863006591797,1.0,0.0,0.05345726013183594,0.0,0.14526213890239847,-5.093132664653092,0.0,0.0,0.0,0.4250107661863767,0.24561869143234918,-0.7241273899373484,0.48443454685566445,-0.0019024088846738192,0.021345376751890653,-0.013718287920675431,-8.34545915,1.6475172,2.7066354
1789051709.791275,1.566,3.0,0.0,3,0,187,-20.745911450940195,5.490277286173585,0.0,0.0,0.0,107.0,1.0,-0.1952554160486129,0.0,0.0,0.0,37.373317386872515,nan,0.0,-0.3997520943485348,0.0,0.0,0.0,0.0,0.0,3.0,3.0,nan,0.0,0.0,0.0,0.0,0.0,nan,nan,,,0,0,0,0.8415427803993225,-1,189,True,True,False,"A:1,B:1,ESTOP:0,MODE:1",DRIVE_HEADING,,,,,,,,,,,,,0,,,False,0,,,,-9999.0,-1.0,-1.0,False,36.96767057666667,127.87360931666667,121.83200000000001,2,0.00014884000000000002,36.96767057666667,127.87360931666667,4.0,0.06389367790222168,1.0,0.0,0.10338735580444336,0.0,0.14526213890239847,-5.093132664653092,0.0,0.0,0.0,0.42504281819899503,0.24567088918149332,-0.724149743994065,0.48434653418762136,0.020682151636132805,0.0015533430342749533,-0.006754424205218055,-9.03192465,-0.17651969999999997,4.020726499999999
1789051709.841298,1.616,3.0,0.0,3,0,190,-20.745911450940195,5.490277286173585,0.0,0.0,0.0,107.0,1.0,-0.1952554160486129,0.0,0.0,0.0,37.373317386872515,nan,0.0,-0.03767659015983772,0.0,0.0,0.0,0.0,0.0,3.0,3.0,nan,0.0,0.0,0.0,0.0,0.0,nan,nan,,,0,0,0,0.6383152604103088,-1,171,True,True,False,"A:1,B:1,ESTOP:0,MODE:1",DRIVE_HEADING,,,,,,,,,,,,,0,,,False,0,,,,-9999.0,-1.0,-1.0,False,36.96767057666667,127.87360931666667,121.83200000000001,2,0.00014884000000000002,36.96767057666667,127.87360931666667,4.0,0.08891713829040528,1.0,0.0,0.15343427658081055,0.0,0.14526213890239847,-5.093132664653092,0.0,0.0,0.0,0.4249987780478945,0.24554515986772774,-0.7242972609911712,0.48422834576676277,-0.013543754995475998,0.0022165681500327986,-0.0004363323129985824,-8.52197885,1.2748645,6.50180895
1789051709.891266,1.666,3.0,0.0,3,0,187,-20.745911450940195,5.490277286173585,0.0,0.0,0.0,107.0,1.0,-0.1952554160486129,0.0,0.0,0.0,37.373317386872515,nan,0.0,-0.9637452369795177,0.0,0.0,0.0,0.0,0.0,3.0,3.0,nan,0.0,0.0,0.0,0.0,0.0,nan,nan,,,0,0,0,1.1685857772827148,-1,172,True,True,False,"A:1,B:1,ESTOP:0,MODE:1",DRIVE_HEADING,,,,,,,,,,,,,0,,,False,0,,,,-9999.0,-1.0,-1.0,False,36.967670506666664,127.87360962666666,121.824,2,0.00014884000000000002,36.967670506666664,127.87360962666666,4.0,0.0122,1.0,1.0,0.0,0.0,0.35344015047271177,-5.093132664653092,0.0,0.0,0.0,0.425097351701645,0.24547212657065628,-0.7244349079061739,0.4839728720291056,-0.0199142067652553,0.013229595730117017,-0.016632987771505958,-7.89435325,0.97085835,1.34351105
1789051709.941256,1.716,3.0,0.0,3,0,188,-20.718339573388327,5.482484921173313,0.0,0.0,0.0,107.0,1.0,-0.1984705645827052,0.0,0.0,0.0,37.34481971507077,nan,0.0,0.725800253494441,0.0,0.0,0.0,0.0,0.0,3.0,3.0,nan,0.0,0.0,0.0,0.0,0.0,nan,nan,,,0,0,0,0.7380814552307129,-1,171,True,True,False,"A:1,B:1,ESTOP:0,MODE:1",DRIVE_HEADING,,,,,,,,,,,,,0,,,False,0,,,,-9999.0,-1.0,-1.0,False,36.967670506666664,127.87360962666666,121.824,2,0.00014884000000000002,36.967670506666664,127.87360962666666,4.0,0.03689944953918457,1.0,0.0,0.04939889907836914,0.0,0.35344015047271177,-5.093132664653092,0.0,0.0,0.0,0.42518845787669224,0.2454379883327866,-0.7244745647275008,0.48385077682534894,-0.006946410422937432,0.02028072590817411,0.012880529879718152,-8.2571993,0.2353596,7.7080269
1789051709.991307,1.766,3.0,0.0,3,0,187,-20.718339573388327,5.482484921173313,0.0,0.0,0.0,107.0,1.0,-0.1984705645827052,0.0,0.0,0.0,37.34481971507077,nan,0.0,0.5906166529874521,0.0,0.0,0.0,0.0,0.0,3.0,3.0,nan,0.0,0.0,0.0,0.0,0.0,nan,nan,,,0,0,0,1.1169493198394775,-1,186,True,True,False,"A:1,B:1,ESTOP:0,MODE:1",DRIVE_HEADING,,,,,,,,,,,,,0,,,False,0,,,,-9999.0,-1.0,-1.0,False,36.967670506666664,127.87360962666666,121.824,2,0.00014884000000000002,36.967670506666664,127.87360962666666,4.0,0.061895134162902835,1.0,0.0,0.09939026832580566,0.0,0.35344015047271177,-5.093132664653092,0.0,0.0,0.0,0.4251264265395666,0.24536538611331993,-0.7245282090400372,0.48386178094616644,0.029530970943744055,-0.0027401669256310974,0.01054178868204575,-8.97308475,0.83356525,2.9321883499999997
1789051710.041282,1.816,3.0,0.0,3,0,187,-20.718339573388327,5.482484921173313,0.0,0.0,0.0,107.0,1.0,-0.1984705645827052,0.0,0.0,0.0,37.34481971507077,nan,0.0,-0.5383045803185228,0.0,0.0,0.0,0.0,0.0,3.0,3.0,nan,0.0,0.0,0.0,0.0,0.0,nan,nan,,,0,0,0,1.3179341554641724,-1,173,True,True,False,"A:1,B:1,ESTOP:0,MODE:1",DRIVE_HEADING,,,,,,,,,,,,,0,,,False,0,,,,-9999.0,-1.0,-1.0,False,36.967670506666664,127.87360962666666,121.824,2,0.00014884000000000002,36.967670506666664,127.87360962666666,4.0,0.08690548152923584,1.0,0.0,0.14941096305847168,0.0,0.35344015047271177,-5.093132664653092,0.0,0.0,0.0,0.4251687005976789,0.2453102016753741,-0.7245778392825876,0.48377829199608074,0.04899139210348083,-0.03490658503988659,-0.009180431865490174,-8.99269805,0.48052585,4.05014645
1789051710.091300,1.866,3.0,0.0,3,0,187,-20.718339573388327,5.482484921173313,0.0,0.0,0.0,107.0,1.0,-0.1984705645827052,0.0,0.0,0.0,37.34481971507077,nan,0.0,-0.3865299711578858,0.0,0.0,0.0,0.0,0.0,3.0,3.0,nan,0.0,0.0,0.0,0.0,0.0,nan,nan,,,0,0,0,1.2702876329421997,-1,173,True,True,False,"A:1,B:1,ESTOP:0,MODE:1",DRIVE_HEADING,,,,,,,,,,,,,0,,,False,0,,,,-9999.0,-1.0,-1.0,False,36.967670506666664,127.87360962666666,121.824,2,0.00014884000000000002,36.967670506666664,127.87360962666666,4.0,0.11191606731414795,1.0,0.0,0.1994321346282959,0.0,0.35344015047271177,-5.093132664653092,0.0,0.0,0.0,0.42494078759024145,0.24520084455545196,-0.7249055469576713,0.48354298760449205,-0.008325220532012952,0.020525072003453316,-0.006544984694978736,-8.18855275,0.46091255,5.1975245
1789051710.141266,1.916,3.0,0.0,3,0,187,-20.671200554686216,5.474507024859493,0.0,0.0,0.0,107.0,1.0,-0.19931799699512348,0.0,0.0,0.0,37.297010739061164,nan,0.0,-0.08036891121556998,0.0,0.0,0.0,0.0,0.0,3.0,3.0,nan,0.0,0.0,0.0,0.0,0.0,nan,nan,,,0,0,0,1.4810030460357666,-1,176,True,True,False,"A:1,B:1,ESTOP:0,MODE:1",DRIVE_HEADING,,,,,,,,,,,,,0,,,False,0,,,,-9999.0,-1.0,-1.0,False,36.967670435,127.87361015666667,121.828,2,0.00014884000000000002,36.967670435,127.87361015666667,4.0,0.03164684982299805,1.0,0.0,0.038893699645996094,0.0,0.6630921745166758,-5.093132664653092,0.0,0.0,0.0,0.42519658279381684,0.24490748025997627,-0.7250255179103414,0.48328686147257455,0.017994344588061536,-0.013631021458075715,-0.0012042771838760874,-8.482752249999999,0.46091255,3.6873004
1789051710.191259,1.966,3.0,0.0,3,0,188,-20.671200554686216,5.474507024859493,0.0,0.0,0.0,107.0,1.0,-0.19931799699512348,0.0,0.0,0.0,37.297010739061164,nan,0.0,-0.8706241733931388,0.0,0.0,0.0,0.0,0.0,3.0,3.0,nan,0.0,0.0,0.0,0.0,0.0,nan,nan,,,1,1,0,1.6829938888549805,-1,199,True,True,False,"A:1,B:1,ESTOP:0,MODE:1",DRIVE_HEADING,,,,,,,,,,,,,0,,,False,0,,,,-9999.0,-1.0,-1.0,False,36.967670435,127.87361015666667,121.828,2,0.00014884000000000002,36.967670435,127.87361015666667,4.0,0.056623341751098635,1.0,0.0,0.08884668350219727,0.0,0.6630921745166758,-5.093132664653092,0.0,0.0,0.0,0.42524394224249984,0.24450717122437104,-0.724971762878667,0.4835284643477686,0.01075122819228507,0.01117010721276371,-0.015027284859671176,-8.6102387,-0.8825985,3.8442068
1789051710.241262,2.016,3.0,0.0,3,0,188,-20.671200554686216,5.474507024859493,0.0,0.0,0.0,107.0,1.0,-0.19931799699512348,0.0,0.0,0.0,37.297010739061164,nan,0.0,-1.9287589250463526,0.0,0.0,0.0,0.0,0.0,3.0,3.0,nan,0.0,0.0,0.0,0.0,0.0,nan,nan,,,0,0,0,2.596585988998413,-1,173,True,True,False,"A:1,B:1,ESTOP:0,MODE:1",DRIVE_HEADING,,,,,,,,,,,,,0,,,False,0,,,,-9999.0,-1.0,-1.0,False,36.967670435,127.87361015666667,121.828,2,0.00014884000000000002,36.967670435,127.87361015666667,4.0,0.08163035125732422,1.0,0.0,0.13886070251464844,0.0,0.6630921745166758,-5.093132664653092,0.0,0.0,0.0,0.4253226629461035,0.24448322302713266,-0.7250554082031337,0.48334588141214946,0.028815385950426382,-0.0068591439603377154,-0.033562681515850956,-9.11037785,-0.5982056499999999,-0.38245935
1789051710.291273,2.066,3.0,0.0,3,0,187,-20.671200554686216,5.474507024859493,0.0,0.5,0.0,107.0,1.0,-0.19931799699512348,0.0,0.0,0.0,37.297010739061164,nan,0.0,-0.008741407196259855,0.0,0.0,0.0,0.0,0.0,3.0,3.0,nan,0.0,0.0,0.0,0.0,0.0,nan,nan,,,1,1,0,2.3209593296051025,-1,182,True,True,False,"A:1,B:1,ESTOP:0,MODE:1",DRIVE_HEADING,,,,,,,,,,,,,0,,,False,0,,,,-9999.0,-1.0,-1.0,False,36.96767035333333,127.873610915,121.822,2,0.00014884000000000002,36.96767035333333,127.873610915,4.0,0.0122,1.0,1.0,0.0,0.0,1.0482618114598556,-5.093132664653092,0.0,0.0,0.0,0.4254109991442169,0.24439610643684112,-0.7252098034616518,0.4830804963241048,0.03426081321664869,-0.00710349005561692,-5.235987755982989e-05,-7.384407449999999,3.16754795,6.089929649999999
1789051710.341290,2.116,3.0,0.0,3,0,187,-20.603753218088688,5.465415932754662,0.0,0.0,0.0,107.0,1.0,-0.19855402718478166,0.0,0.0,0.0,37.229001739505584,nan,0.0,-0.9069239243818673,0.0,0.0,0.0,0.0,0.0,3.0,3.0,nan,0.0,0.0,0.0,0.0,0.0,nan,nan,,,0,0,0,1.630403995513916,-1,171,True,True,False,"A:1,B:1,ESTOP:0,MODE:1",DRIVE_HEADING,,,,,,,,,,,,,0,,,False,0,,,,-9999.0,-1.0,-1.0,False,36.96767035333333,127.873610915,121.822,2,0.00014884000000000002,36.96767035333333,127.873610915,4.0,0.03798520774841309,1.0,0.0,0.05157041549682617,0.0,1.0482618114598556,-5.093132664653092,0.0,0.0,0.0,0.4256928856364635,0.24456557391226683,-0.7251347325768708,0.48285905478320956,0.05628686837681713,0.056618480934696055,-0.015760323145508796,-11.650300199999998,-3.18716125,12.2190859
1789051710.391284,2.166,3.0,0.0,3,0,187,-20.603753218088688,5.465415932754662,0.0,0.5,0.0,107.0,1.0,-0.19855402718478166,0.0,0.0,0.0,37.229001739505584,nan,0.0,0.7475779234668964,0.0,0.0,0.0,0.0,0.0,3.0,3.0,nan,0.0,0.0,0.0,0.0,0.0,nan,nan,,,1,1,0,1.3339852094650269,-1,172,True,True,False,"A:1,B:1,ESTOP:0,MODE:1",DRIVE_HEADING,,,,,,,,,,,,,0,,,False,0,,,,-9999.0,-1.0,-1.0,False,36.96767035333333,127.873610915,121.822,2,0.00014884000000000002,36.96767035333333,127.873610915,4.0,0.06300676078796387,1.0,0.0,0.10161352157592773,0.0,1.0482618114598556,-5.093132664653092,0.0,0.0,0.0,0.42568627974242007,0.24426809441181457,-0.725307671032685,0.48275570595552914,-0.17207201095412095,-0.07229153761760514,0.013142329267517301,-7.4236340499999995,2.63798885,5.727083599999999
1789051710.441261,2.216,3.0,0.0,3,0,188,-20.603753218088688,5.465415932754662,0.0,0.5,0.0,107.0,1.0,-0.19855402718478166,0.0,0.0,0.0,37.229001739505584,nan,0.0,-1.3367432323800374,0.0,0.0,0.0,0.0,0.0,3.0,3.0,nan,0.0,0.0,0.0,0.0,0.0,nan,nan,,,1,0,1,2.4422099590301514,-1,298,True,True,False,"A:1,B:1,ESTOP:0,MODE:1",DRIVE_HEADING,,,,,,,,,,,,,0,,,False,0,,,,-9999.0,-1.0,-1.0,False,36.96767035333333,127.873610915,121.822,2,0.00014884000000000002,36.96767035333333,127.873610915,4.0,0.08799100131988526,1.0,0.0,0.1515820026397705,0.0,1.0482618114598556,-5.093132664653092,0.0,0.0,0.0,0.4258978706586791,0.24405678377699644,-0.7255365459410351,0.48233184693194797,-0.01567305668290908,-0.004328416544945937,-0.023282692221604357,-6.982334799999999,4.1089863499999995,-2.9125750499999996
1789051710.491299,2.266,3.0,0.0,3,0,187,-20.603753218088688,5.465415932754662,0.0,0.5,0.0,107.0,1.0,-0.19855402718478166,0.0,0.0,0.0,37.229001739505584,nan,0.0,-0.5416577459152774,0.0,0.0,0.0,0.0,0.0,3.0,3.0,nan,0.0,0.0,0.0,0.0,0.0,nan,nan,,,1,0,1,2.5781404972076416,-1,406,True,True,False,"A:1,B:1,ESTOP:0,MODE:1",DRIVE_HEADING,,,,,,,,,,,,,0,,,False,0,,,,-9999.0,-1.0,-1.0,False,36.967670168333335,127.87361183666667,121.818,2,0.00014884000000000002,36.967670168333335,127.87361183666667,4.0,0.0122,1.0,1.0,0.0,0.0,1.4414208130626258,-11.24702679794918,0.0,0.0,0.0,0.42587562222311964,0.2439600736294304,-0.7257009666797171,0.48215302947396044,0.018099064343181197,-0.0006457718232379018,-0.00942477796076938,-8.492558899999999,1.1767979999999998,4.30511935
1789051710.541317,2.316,3.0,0.0,3,0,187,-20.52177876217825,5.444821827231373,0.0,0.5,0.0,107.0,1.0,-0.20706999203575985,0.0,0.0,0.0,37.144714668403765,nan,0.0,0.29475156957655324,0.0,0.0,0.0,0.0,0.0,3.0,3.0,nan,0.0,0.0,0.0,0.0,0.0,nan,nan,,,1,1,0,2.476086139678955,-1,352,True,True,False,"A:1,B:1,ESTOP:0,MODE:1",DRIVE_HEADING,,,,,,,,,,,,,0,,,False,0,,,,-9999.0,-1.0,-1.0,False,36.967670168333335,127.87361183666667,121.818,2,0.00014884000000000002,36.96767012316525,127.87361212117688,4.0,0.04138493747711182,1.0,0.0,0.05836987495422363,0.02579948472976685,1.4414208130626258,-11.24702679794918,0.0,0.0,0.0,0.42588505109803515,0.24389910114909544,-0.7257590889662366,0.48208805885728523,-0.009878563566287904,0.0070685834705770355,0.0051836278784231585,-8.9044382,0.02941995,5.8545700499999995
1789051710.591269,2.366,3.0,0.0,3,0,188,-20.496473985241288,5.439793738879916,0.0,0.5,0.0,107.0,1.0,-0.20838365464124625,0.0,0.0,0.0,37.118923019050975,nan,0.0,-0.4553359335626,0.0,0.0,0.0,0.0,0.0,3.0,3.0,nan,0.0,0.0,0.0,0.0,0.0,nan,nan,,,2,1,1,2.943490982055664,-1,185,True,True,False,"A:1,B:1,ESTOP:0,MODE:1",DRIVE_HEADING,,,,,,,,,,,,,0,,,False,0,,,,-9999.0,-1.0,-1.0,False,36.967670168333335,127.87361183666667,121.818,2,0.00014884000000000002,36.967670084451605,127.87361236497127,4.0,0.06639349670410157,1.0,0.0,0.10838699340820312,0.047907051073343726,1.4414208130626258,-11.24702679794918,0.0,0.0,0.0,0.4260162442682555,0.2436760064650853,-0.7259037421211639,0.4818671193049889,0.03412118687648914,0.007435102613495843,-0.007923794804054257,-7.609960399999999,1.8240368999999999,1.7553903499999999
1789051710.641263,2.416,3.0,0.0,3,0,188,-20.47479053601917,5.435484155760203,0.0,0.5,0.0,107.0,1.0,-0.20951036665036651,0.0,0.0,0.0,37.096822201321615,nan,0.0,-0.7438452616954747,0.0,0.0,0.0,0.0,0.0,3.0,3.0,nan,0.0,0.0,0.0,0.0,0.0,nan,nan,,,1,1,0,2.7638537883758545,-3,172,True,True,False,"A:1,B:1,ESTOP:0,MODE:1",DRIVE_HEADING,,,,,,,,,,,,,0,,,False,0,,,,-9999.0,-1.0,-1.0,False,36.967670168333335,127.87361183666667,121.818,2,0.00014884000000000002,36.967670045581066,127.87361260908538,4.0,0.0914374610900879,1.0,0.0,0.15847492218017578,0.07004591331194396,1.4414208130626258,-11.24702679794918,0.0,0.0,0.0,0.42605442582886904,0.24354029669080898,-0.7261672152911491,0.48150485517353114,0.06709045644666202,0.005148721293383272,-0.012985249634837812,-8.070872949999998,1.6475172,6.36451585
1789051710.691377,2.466,3.0,0.0,3,0,187,-20.45307864951561,5.431157107175495,0.0,0.5,0.0,107.0,1.0,-0.2106502455468004,0.0,0.0,0.0,37.07469039133888,nan,0.0,-0.3860715711720838,0.0,0.0,0.0,0.0,0.0,3.0,3.0,nan,0.0,0.0,0.0,0.0,0.0,nan,nan,,,1,1,0,2.104290246963501,-1,170,True,True,False,"A:1,B:1,ESTOP:0,MODE:1",DRIVE_HEADING,,,,,,,,,,,,,0,,,False,0,,,,-9999.0,-1.0,-1.0,False,36.96767002166666,127.87361287,121.82000000000001,2,0.00014884000000000002,36.96767002166666,127.87361287,4.0,0.0122,1.0,1.0,0.0,0.0,1.6037738941368858,-11.24702679794918,0.0,0.0,0.0,0.42610308334078456,0.24336189291257357,-0.7263672444259756,0.48125022355371494,0.00905825881785057,0.017453292519943295,-0.006754424205218055,-8.89463155,1.7161637499999998,10.306789149999998
1789051710.741298,2.516,3.0,0.0,3,0,187,-20.42987250072284,5.428494968021775,0.0,0.5,0.0,107.0,1.0,-0.20891454313918398,0.0,0.0,0.0,37.051370330501406,nan,0.0,-0.6377934280297396,0.0,0.0,0.0,0.0,0.0,3.0,3.0,nan,0.0,0.0,0.0,0.0,0.0,nan,nan,,,2,1,1,2.0237817764282227,-1,170,True,True,False,"A:1,B:1,ESTOP:0,MODE:1",DRIVE_HEADING,,,,,,,,,,,,,0,,,False,0,,,,-9999.0,-1.0,-1.0,False,36.96767002166666,127.87361287,121.82000000000001,2,0.00014884000000000002,36.96766998077998,127.87361312594984,4.0,0.03846144886016846,1.0,0.0,0.052522897720336914,0.023215120792388917,1.6037738941368858,-11.24702679794918,0.0,0.0,0.0,0.42618613414075945,0.2431758885148251,-0.726468854958894,0.48111731322609175,0.07939502767322205,0.05089380098815465,-0.01117010721276371,-9.581097049999999,-0.55897905,5.609403799999999
1789051710.791293,2.566,3.0,0.0,3,0,187,-20.40710792670373,5.423943483347415,0.0,1.0,0.0,107.0,1.0,-0.20905831579429202,0.0,0.0,0.0,37.02816296267095,nan,0.0,-0.21479342802973955,0.0,0.0,0.0,0.0,0.0,3.0,3.0,nan,0.0,0.0,0.0,0.0,0.0,nan,nan,,,2,1,1,3.164639711380005,-1,282,True,True,False,"A:1,B:1,ESTOP:0,MODE:1",DRIVE_HEADING,,,,,,,,,,,,,0,,,False,0,,,,-9999.0,-1.0,-1.0,False,36.96767002166666,127.87361287,121.82000000000001,2,0.00014884000000000002,36.96766990278912,127.87361361318764,4.0,0.06345963687896729,1.0,0.0,0.10251927375793457,0.06741191606383719,1.6037738941368858,-11.24702679794918,0.0,0.0,0.0,0.4262323467075122,0.24300556406040308,-0.7266394558914294,0.4809047552246701,0.05843362335677015,-0.033510321638291124,-0.003787364476827695,-6.805815099999999,2.22610955,-3.01064155
1789051710.841282,2.616,3.0,0.0,3,0,193,-20.36377224493478,5.4152615803287905,0.0,1.0,0.0,107.0,1.0,-0.20934917859137236,0.0,0.0,0.0,36.983981401443046,nan,0.0,-0.7227934280297396,0.0,0.0,0.0,0.0,0.0,3.0,3.0,nan,0.0,0.0,0.0,0.0,0.0,nan,nan,,,2,1,1,2.27230167388916,-1,170,True,True,False,"A:1,B:1,ESTOP:0,MODE:1",DRIVE_HEADING,,,,,,,,,,,,,0,,,False,0,,,,-9999.0,-1.0,-1.0,False,36.96767002166666,127.87361287,121.82000000000001,2,0.00014884000000000002,36.96766982460953,127.87361410056418,4.0,0.08846700401306153,1.0,0.0,0.15253400802612305,0.11162493719533044,1.6037738941368858,-11.24702679794918,0.0,0.0,0.0,0.4262690993114886,0.24293391739572973,-0.7268329020508947,0.4806159581695261,0.01478293876439197,0.032812189937493394,-0.01265363707695889,-10.2185293,-0.38245935,11.826819899999998
1789051710.891294,2.666,3.0,0.0,3,0,187,-20.32042422336501,5.406558668288123,0.0,1.0,0.0,107.0,1.0,-0.20965832347353863,0.0,0.0,0.0,36.93978413398936,nan,0.0,0.38920657197026043,0.0,0.0,0.0,0.0,0.0,3.0,3.0,nan,0.0,0.0,0.0,0.0,0.0,nan,nan,,,2,1,1,3.1428425312042236,-1,298,True,True,False,"A:1,B:1,ESTOP:0,MODE:1",DRIVE_HEADING,,,,,,,,,,,,,0,,,False,0,,,,-9999.0,-1.0,-1.0,False,36.96767002166666,127.87361287,121.82000000000001,2,0.00014884000000000002,36.967669746369516,127.87361458794486,4.0,0.11347532482147217,1.0,0.0,0.20255064964294434,0.15583964478933615,1.6037738941368858,-11.24702679794918,0.0,0.0,0.0,0.4264158358143586,0.2426193778325539,-0.7270822321253069,0.4802674257063118,-0.02844886680750757,-0.01960004749989632,0.006754424205218055,-6.97252815,2.7066354,-0.8041453
1789051710.941282,2.716,3.0,0.0,3,0,188,-20.31098730412284,5.402149355393773,0.0,1.0,0.0,107.0,1.0,-0.21219450507235899,0.0,0.0,0.0,36.92973348392081,nan,0.0,-0.8047934280297396,0.0,0.0,0.0,0.0,0.0,3.0,3.0,nan,0.0,0.0,0.0,0.0,0.0,nan,nan,,,2,1,1,2.93684458732605,-1,281,True,True,False,"A:1,B:1,ESTOP:0,MODE:1",DRIVE_HEADING,,,,,,,,,,,,,0,,,False,0,,,,-9999.0,-1.0,-1.0,False,36.967669785,127.87361420666667,121.819,2,0.00014884000000000002,36.96766972213964,127.87361459801195,4.0,0.032281043243408206,1.0,0.0,0.040162086486816406,0.0355032844543457,1.8513057414429737,-11.24702679794918,0.0,0.0,0.0,0.4265570264164773,0.24267214116034097,-0.7271582247580184,0.4800002617563407,0.06267477343911637,-0.008866272600131194,-0.01408480706359424,-7.9433865,0.28439285,6.040896399999999
1789051710.991305,2.766,3.0,0.0,3,0,187,-20.27618045081246,5.395151772272643,0.0,1.0,0.0,107.0,1.0,-0.21245203211034316,0.0,0.0,0.0,36.89424320134456,nan,0.0,-0.27979342802973955,0.0,0.0,0.0,0.0,0.0,3.0,3.0,nan,0.0,0.0,0.0,0.0,0.0,nan,nan,,,2,1,1,2.982781171798706,-1,309,True,True,False,"A:1,B:1,ESTOP:0,MODE:1",DRIVE_HEADING,,,,,,,,,,,,,0,,,False,0,,,,-9999.0,-1.0,-1.0,False,36.967669785,127.87361420666667,121.819,2,0.00014884000000000002,36.96766964374173,127.87361508506523,4.0,0.05727517814636231,1.0,0.0,0.09015035629272461,0.07969291334140709,1.8513057414429737,-11.24702679794918,0.0,0.0,0.0,0.42668537544952345,0.24247287092347042,-0.7273290176305904,0.4797280452049366,0.02998475654926258,-0.02530727415391778,-0.004921828490624009,-8.54159215,0.5687857,4.746418599999999
1789051711.041284,2.816,3.0,0.0,3,0,187,-20.23286118124404,5.386424556809243,0.0,1.0,0.0,107.0,1.0,-0.21279050011210515,0.0,0.0,0.0,36.85007027899447,nan,0.0,-0.8877934280297396,0.0,0.0,0.0,0.0,0.0,3.0,3.0,nan,0.0,0.0,0.0,0.0,0.0,nan,nan,,,2,1,1,3.038881301879883,-1,171,True,True,False,"A:1,B:1,ESTOP:0,MODE:1",DRIVE_HEADING,,,,,,,,,,,,,0,,,False,0,,,,-9999.0,-1.0,-1.0,False,36.967669785,127.87361420666667,121.819,2,0.00014884000000000002,36.96766956511407,127.87361557225873,4.0,0.08227908821105957,1.0,0.0,0.14015817642211914,0.12389981952339488,1.8513057414429737,-11.24702679794918,0.0,0.0,0.0,0.4268010563823859,0.24231195972217384,-0.7275305495968669,0.4794007424376392,0.021729349187329404,-0.016545721308906244,-0.015533430342749533,-8.7279185,0.2353596,4.609125499999999
1789051711.091383,2.866,3.0,0.0,3,0,187,-20.189529439161582,5.377671766039238,0.0,1.0,0.0,107.0,1.0,-0.21315170810902734,0.0,0.0,0.0,36.80588074823944,nan,0.0,-0.45579342802973966,0.0,0.0,0.0,0.0,0.0,3.0,3.0,nan,0.0,0.0,0.0,0.0,0.0,nan,nan,,,2,1,1,2.3883426189422607,-1,179,True,True,False,"A:1,B:1,ESTOP:0,MODE:1",DRIVE_HEADING,,,,,,,,,,,,,0,,,False,0,,,,-9999.0,-1.0,-1.0,False,36.967669785,127.87361420666667,121.819,2,0.00014884000000000002,36.9676694863041,127.87361605910627,4.0,0.10726821632385254,1.0,0.0,0.19013643264770508,0.16808058063739845,1.8513057414429737,-11.24702679794918,0.0,0.0,0.0,0.42695821089699093,0.24223674272044415,-0.7276243169945248,0.4791564462073754,-0.05625196179177724,0.052953289505507956,-0.00799360797413403,-9.669356899999999,-0.4216859499999999,9.7674234
1789051711.141256,2.916,3.0,0.0,3,0,187,-20.186172672074584,5.380998651974979,0.0,1.0,0.0,107.0,1.0,-0.20924085851916283,0.0,0.0,0.0,36.803140239076335,nan,0.0,-0.14679342802973955,0.0,0.0,0.0,0.0,0.0,3.0,3.0,nan,0.0,0.0,0.0,0.0,0.0,nan,nan,,,2,1,1,2.2889938354492188,-1,189,True,True,False,"A:1,B:1,ESTOP:0,MODE:1",DRIVE_HEADING,,,,,,,,,,,,,0,,,False,0,,,,-9999.0,-1.0,-1.0,False,36.967669595,127.87361561,121.821,2,0.00014884000000000002,36.967669544115175,127.87361594481182,4.0,0.029345156860351565,1.0,0.0,0.034290313720703125,0.030312637329101562,2.1368941696525368,-10.767526719428858,0.0,0.0,0.0,0.42704872403168576,0.24194157128557253,-0.7278515719754768,0.47887968484746235,0.05366887449882564,-0.03373721444105039,-0.0026005405854715507,-8.6494653,0.5883989999999999,5.8545700499999995
1789051711.191274,2.966,3.0,0.0,3,0,196,-20.156393992471564,5.375334179535389,0.0,1.0,0.0,107.0,1.0,-0.20885664646119467,0.0,0.0,0.0,36.77283178970127,nan,0.0,-0.6087934280297396,0.0,0.0,0.0,0.0,0.0,3.0,3.0,nan,0.0,0.0,0.0,0.0,0.0,nan,nan,,,2,1,1,1.9708679914474487,-1,171,True,True,False,"A:1,B:1,ESTOP:0,MODE:1",DRIVE_HEADING,,,,,,,,,,,,,0,,,False,0,,,,-9999.0,-1.0,-1.0,False,36.967669595,127.87361561,121.821,2,0.00014884000000000002,36.9676694698305,127.87361643276303,4.0,0.05433380813598633,1.0,0.0,0.08426761627197266,0.0744925719146481,2.1368941696525368,-10.767526719428858,0.0,0.0,0.0,0.42741447664383486,0.2416877183817812,-0.7279065883457669,0.4785978589395399,0.01747074581246324,0.040334559013588955,-0.010663961729685353,-9.0613446,0.9120184499999999,7.8845466
1789051711.241271,3.016,3.0,0.0,3,0,187,-20.11299485862016,5.367064847010644,0.0,1.0,0.0,107.0,1.0,-0.208310409263022,0.0,0.0,0.0,36.728658202237284,nan,0.0,-0.5067934280297396,0.0,0.0,0.0,0.0,0.0,3.0,3.0,nan,0.0,0.0,0.0,0.0,0.0,nan,nan,,,2,1,1,2.450470447540283,-1,218,True,True,False,"A:1,B:1,ESTOP:0,MODE:1",DRIVE_HEADING,,,,,,,,,,,,,0,,,False,0,,,,-9999.0,-1.0,-1.0,False,36.967669595,127.87361561,121.821,2,0.00014884000000000002,36.96766939530275,127.87361692101324,4.0,0.07934010238647461,1.0,0.0,0.13428020477294922,0.11870369489912243,2.1368941696525368,-10.767526719428858,0.0,0.0,0.0,0.4275173721353986,0.24136086474212332,-0.7281369287311514,0.4783204391528169,0.05031784233499652,0.0019198621771937625,-0.008883725892651137,-9.16921775,-0.6080123,1.4317708999999998
1789051711.291389,3.066,3.0,0.0,3,0,187,-20.069569131568983,5.358768456105755,0.0,1.0,0.0,107.0,1.0,-0.20778538742737426,0.0,0.0,0.0,36.68445381357948,nan,0.0,0.004206571970260446,0.0,0.0,0.0,0.0,0.0,3.0,3.0,nan,0.0,0.0,0.0,0.0,0.0,nan,nan,,,2,1,1,2.6879236698150635,-1,170,True,True,False,"A:1,B:1,ESTOP:0,MODE:1",DRIVE_HEADING,,,,,,,,,,,,,0,,,False,0,,,,-9999.0,-1.0,-1.0,False,36.967669388333334,127.87361714833334,121.81700000000001,2,0.00014884000000000002,36.967669388333334,127.87361714833334,4.0,0.0122,1.0,1.0,0.0,0.0,2.4579767596249726,-10.767526719428858,0.0,0.0,0.0,0.427558736411182,0.24102206954168373,-0.7283555692110495,0.47812137968466245,0.014905111812031574,0.02014109956801456,3.490658503988659e-05,-8.070872949999998,0.8727918499999999,3.30484105
1789051711.341311,3.116,3.0,0.0,3,0,187,-20.049350931000117,5.357992624347093,0.0,1.0,0.0,107.0,1.0,-0.20451606473344405,0.0,0.0,0.0,36.66439937726118,nan,0.0,-0.07279342802973955,0.0,0.0,0.0,0.0,0.0,3.0,3.0,nan,0.0,0.0,0.0,0.0,0.0,nan,nan,,,2,1,1,2.8608317375183105,-1,171,True,True,False,"A:1,B:1,ESTOP:0,MODE:1",DRIVE_HEADING,,,,,,,,,,,,,0,,,False,0,,,,-9999.0,-1.0,-1.0,False,36.967669388333334,127.87361714833334,121.81700000000001,2,0.00014884000000000002,36.967669311369825,127.87361765184176,4.0,0.03798902244567871,1.0,0.0,0.05157804489135742,0.04559499168395996,2.4579767596249726,-10.767526719428858,0.0,0.0,0.0,0.4280068700131231,0.24089672425074213,-0.7284531411891464,0.4776347020040491,0.03939208121751202,0.025237460983838004,-0.001308996938995747,-9.414383999999998,0.81395195,4.50125235
1789051711.391348,3.166,3.0,0.0,3,0,187,-20.004568115299364,5.349425085677324,0.0,1.0,0.0,107.0,1.0,-0.20398627614893636,0.0,0.0,0.0,36.6188114994393,nan,0.0,-0.7777934280297397,0.0,0.0,0.0,0.0,0.0,3.0,3.0,nan,0.0,0.0,0.0,0.0,0.0,nan,nan,,,2,1,1,2.8072969913482666,-1,171,True,True,False,"A:1,B:1,ESTOP:0,MODE:1",DRIVE_HEADING,,,,,,,,,,,,,0,,,False,0,,,,-9999.0,-1.0,-1.0,False,36.967669388333334,127.87361714833334,121.81700000000001,2,0.00014884000000000002,36.967669236643786,127.87361813972358,4.0,0.06297946186065674,1.0,0.0,0.10155892372131348,0.08977808700058294,2.4579767596249726,-10.767526719428858,0.0,0.0,0.0,0.42803862440962104,0.2406732727504458,-0.7286722628687623,0.4773845882753508,0.014102260356114183,-0.008813912722571364,-0.013613568165555772,-8.24739265,0.8041453,5.3544309
1789051711.441341,3.216,3.0,0.0,3,0,187,-19.961175153244273,5.341106621101334,0.0,1.0,0.0,107.0,1.0,-0.2034894153602604,0.0,0.0,0.0,36.57463560939061,nan,0.0,-0.5427934280297396,0.0,0.0,0.0,0.0,0.0,3.0,3.0,nan,0.0,0.0,0.0,0.0,0.0,nan,nan,,,2,1,1,2.9941205978393555,-1,220,True,True,False,"A:1,B:1,ESTOP:0,MODE:1",DRIVE_HEADING,,,,,,,,,,,,,0,,,False,0,,,,-9999.0,-1.0,-1.0,False,36.967669388333334,127.87361714833334,121.81700000000001,2,0.00014884000000000002,36.96766916162805,127.87361862797012,4.0,0.08799135894775391,1.0,0.0,0.1515827178955078,0.13399911231194286,2.4579767596249726,-10.767526719428858,0.0,0.0,0.0,0.4281481381461109,0.24045880225946675,-0.7289294658538804,0.4770016457287519,0.027192229746071654,0.008813912722571364,-0.009512044423369097,-8.4729456,0.0196133,3.5696205999999995
1789051711.491362,3.266,3.0,0.0,3,0,188,-19.91774975228842,5.33275590778329,0.0,1.0,0.0,107.0,1.0,-0.20301769108668685,0.0,0.0,0.0,36.530422275193516,nan,0.0,-0.7597934280297396,0.0,0.0,0.0,0.0,0.0,3.0,3.0,nan,0.0,0.0,0.0,0.0,0.0,nan,nan,,,2,1,1,2.8653435707092285,-1,269,True,True,False,"A:1,B:1,ESTOP:0,MODE:1",DRIVE_HEADING,,,,,,,,,,,,,0,,,False,0,,,,-9999.0,-1.0,-1.0,False,36.967669085,127.87361905,121.812,2,0.00014884000000000002,36.967669085,127.87361905,4.0,0.0122,1.0,1.0,0.0,0.0,2.927272817568733,-10.512094974059224,0.0,0.0,0.0,0.4284854551988425,0.24010892195796457,-0.72902673488002,0.4767262737771033,0.023422318561763904,0.021537362969610025,-0.01329940890019679,-9.0417313,1.3140911,6.4920023
1789051711.541264,3.316,3.0,0.0,3,0,228,-19.880213763004022,5.324225711718831,0.0,1.0,0.0,107.0,1.0,-0.20501715913639756,0.0,0.0,0.0,36.49198161490422,nan,0.0,-0.8637934280297396,0.0,0.0,0.0,0.0,0.0,3.0,3.0,nan,0.0,0.0,0.0,0.0,0.0,nan,nan,,,2,1,1,2.932368755340576,-1,174,True,True,False,"A:1,B:1,ESTOP:0,MODE:1",DRIVE_HEADING,,,,,,,,,,,,,0,,,False,0,,,,-9999.0,-1.0,-1.0,False,36.967669085,127.87361905,121.812,2,0.00014884000000000002,36.96766901016948,127.87361955364547,4.0,0.037970902633666995,1.0,0.0,0.051541805267333984,0.045562955856323244,2.927272817568733,-10.512094974059224,0.0,0.0,0.0,0.4289506669468082,0.24007316641166457,-0.7291188679836854,0.47618470832771853,0.04190535534038385,-0.009773843811168246,-0.015114551322270894,-8.580818749999999,0.57859235,4.6287388
1789051711.591317,3.366,3.0,0.0,3,0,187,-19.83541875791075,5.315895616682387,0.0,1.0,0.0,107.0,1.0,-0.20777167647121453,0.0,0.0,0.0,36.44642228417759,nan,0.0,-0.9117934280297395,0.0,0.0,0.0,0.0,0.0,3.0,3.0,nan,0.0,0.0,0.0,0.0,0.0,nan,nan,,,2,1,1,2.920616388320923,-1,307,True,True,False,"A:1,B:1,ESTOP:0,MODE:1",DRIVE_HEADING,,,,,,,,,,,,,0,,,False,0,,,,-9999.0,-1.0,-1.0,False,36.967669085,127.87361905,121.812,2,0.00014884000000000002,36.96766893727639,127.87362004210854,4.0,0.06296861381530762,1.0,0.0,0.10153722763061523,0.08975890225510084,2.927272817568733,-10.512094974059224,0.0,0.0,0.0,0.42919108621890995,0.2397954572519944,-0.7293072271577575,0.47581941806425065,0.02223549467040776,0.012374384396639796,-0.01595230936322817,-8.5513988,0.97085835,5.295591
1789051711.641283,3.416,3.0,0.0,3,0,187,-19.791974098371963,5.307781195341629,0.0,1.0,0.0,107.0,1.0,-0.2104783265873171,0.0,0.0,0.0,36.40223031029111,nan,0.0,-0.8467934280297396,0.0,0.0,0.0,0.0,0.0,3.0,3.0,nan,0.0,0.0,0.0,0.0,0.0,nan,nan,,,2,1,1,3.0828628540039062,-1,173,True,True,False,"A:1,B:1,ESTOP:0,MODE:1",DRIVE_HEADING,,,,,,,,,,,,,0,,,False,0,,,,-9999.0,-1.0,-1.0,False,36.967669085,127.87361905,121.812,2,0.00014884000000000002,36.967668864085944,127.87362053048267,4.0,0.08796537132263184,1.0,0.0,0.15153074264526367,0.13395314928276844,2.927272817568733,-10.512094974059224,0.0,0.0,0.0,0.42928191236420477,0.2395757774518417,-0.7295949090113933,0.47540693655008187,0.029199358385865133,0.016859880574265223,-0.014817845349431858,-8.482752249999999,-0.0196133,3.7069137
1789051711.691305,3.466,3.0,0.0,3,0,187,-19.748537349804533,5.299633671799431,0.0,1.0,0.0,107.0,1.0,-0.2132188008093515,0.0,0.0,0.0,36.35804050180029,nan,0.0,-0.6007934280297396,0.0,0.0,0.0,0.0,0.0,3.0,3.0,nan,0.0,0.0,0.0,0.0,0.0,nan,nan,,,2,1,1,3.12286376953125,-2,170,True,True,False,"A:1,B:1,ESTOP:0,MODE:1",DRIVE_HEADING,,,,,,,,,,,,,0,,,False,0,,,,-9999.0,-1.0,-1.0,False,36.96766883833333,127.87362103666666,121.83200000000001,2,0.00014884000000000002,36.96766883833333,127.87362103666666,4.0,0.0122,1.0,1.0,0.0,0.0,3.1538819858634874,-10.512094974059224,0.0,0.0,0.0,0.4297547664699304,0.2395827403588117,-0.7296646215103191,0.4748689201608591,0.012252211349000192,0.026738444140553128,-0.010524335389525807,-8.8848249,0.4707192,4.9425516
1789051711.741272,3.516,0.0,0.0,3,0,187,-19.70351656414783,5.296766904090789,0.0,1.0,0.0,107.0,1.0,-0.21052372966472088,0.0,0.0,0.0,36.31318981828975,nan,0.0,-1.0577934280297396,0.0,0.0,0.0,0.0,0.0,3.0,3.0,nan,0.0,0.0,0.0,0.0,0.0,nan,nan,,,2,1,1,3.5131595134735107,-1,178,True,True,False,"A:1,B:1,ESTOP:0,MODE:1",DRIVE_HEADING,,,,,,,,,,,,,0,,"📍 출발 WP 10/107 (최근접 0.23m) | 🧭 헤딩 확정 -10.1° (±1.1°, 1.08m, 12점, 잔차 0.4cm) | 📐 IMU 축 확정 — z축이 수직에서 62.0° 기울어져 있다 (위 = [-0.880, +0.071, +0.469], 표본 58개). 요레이트는 이 축에 투영해서 적분한다 — ★장착 방향과 무관하다★",False,0,,,,-9999.0,-1.0,-1.0,False,36.96766883833333,127.87362103666666,121.83200000000001,2,0.00014884000000000002,36.96766876389216,127.87362153109754,4.0,0.03751075477600098,1.0,0.0,0.05062150955200195,0.04474941444396972,3.1538819858634874,-10.512094974059224,0.0,0.0,0.0,0.42999342499836873,0.23925297953838484,-0.7299386267194105,0.4743977945386746,0.06475171524898962,-0.0020420352248333657,-0.018500490071139894,-8.7671451,0.6276256,2.59876225
1789051711.791294,3.566,4.0,-1.7196681191932648,0,0,190,-19.65954111875048,5.288480151186486,-10.151499253736375,1.0,10.0,107.0,1.0,-0.213336085523554,0.0,0.0,0.0,36.26844539027223,nan,0.0,-2.695881159145127,0.0,-10.098640653079954,1.0605878881108552,0.004241991155552178,1.0803298041237586,0.0,0.0,nan,0.0,0.0,0.0,0.0,0.0,nan,nan,,,2,1,1,3.7245616912841797,-1,171,True,True,False,"A:1,B:1,ESTOP:0,MODE:1",DRIVE_RUN,,,,,,,,,,,,,0,,,False,0,,,,-9999.0,-1.0,-1.0,False,36.96766883833333,127.87362103666666,121.83200000000001,2,0.00014884000000000002,36.96766869029263,127.87362201936088,4.0,0.0625067970275879,1.0,0.0,0.10061359405517578,0.08894241662978128,3.1538819858634874,-10.512094974059224,0.0,0.0,0.0,0.4301051619982061,0.23861926107879672,-0.7302900747781027,0.47407468245551687,0.056548667764616284,-0.028867745827986208,0.010122909661567111,-8.62004535,0.4903325,3.6676870999999998
1789051711.841276,3.616,4.0,-1.843265387873408,4,0,188,-19.61611422382304,5.280287088981361,-10.286761103801126,1.0,10.0,107.0,1.0,-0.21612296484931176,2.4565310369998596,32.0,7.751586808031872,36.22425746729804,nan,0.0,-1.735248498014077,0.0,-10.098640653079954,1.0605878881108552,0.004241991155552178,1.0803298041237586,4.0,4.0,nan,-0.0106668042761777,-0.00320004128285331,0.0,0.0,0.0,3.3729672667640296,0.5,,,2,1,1,3.792689561843872,-1,171,True,True,False,"A:1,B:1,ESTOP:0,MODE:1",DRIVE_RUN,,,,,,,,,,,,,0,,,False,0,,,,-9999.0,-1.0,-1.0,False,36.96766883833333,127.87362103666666,121.83200000000001,2,0.00014884000000000002,36.967668616574045,127.8736225077866,4.0,0.08751225681304932,1.0,0.0,0.15062451362609863,0.13315206780033229,3.1538819858634874,-10.512094974059224,0.0,0.0,0.0,0.43002487749214535,0.23819886717916922,-0.7305733232755312,0.47392248704885503,0.02295107966372543,-0.013770647798235261,-0.01947787445225672,-8.8063717,1.0198915999999998,4.873905049999999
1789051711.891308,3.666,4.0,-1.934007831186085,4,0,188,-19.572672885906353,5.272080773240099,-10.373134967121814,1.0,10.0,107.0,1.0,-0.21801147148270145,2.608923804924304,32.0,7.707454274307487,36.18005306608117,nan,0.0,-1.7986971221235162,0.0,-10.098640653079954,1.0605878881108552,0.004241991155552178,1.0803298041237586,4.0,4.0,nan,-0.02147295251864329,-0.006441885755592987,0.0,0.0,0.0,3.3729672667640296,0.5,,,2,1,1,3.7899363040924072,-1,266,True,True,False,"A:1,B:1,ESTOP:0,MODE:1",DRIVE_RUN,,,,,,,,,,,,,0,,,False,0,,,,-9999.0,-1.0,-1.0,False,36.96766883833333,127.87362103666666,121.83200000000001,2,0.00014884000000000002,36.967668542280165,127.8736229963025,4.0,0.11252892227172852,1.0,0.0,0.20065784454345703,0.17738148888476582,3.1538819858634874,-10.512094974059224,0.0,0.0,0.0,0.43025482849967506,0.23818337772593381,-0.7308729678538001,0.4732590897049505,0.019669860669976093,0.03914773512223281,-0.03605850234620284,-9.316317499999998,0.04903325,5.38385085
1789051711.941265,3.716,4.0,-2.0912852771782666,4,0,187,-19.51659108727909,5.251125913044056,-10.463327043146677,1.0,10.0,107.0,1.0,-0.23023767609085685,2.7127097088569814,32.0,7.663306356711643,36.12122194988438,nan,0.0,-2.6442634851509066,0.0,-10.098640653079954,1.0605878881108552,0.004241991155552178,1.0803298041237586,4.0,4.0,nan,-0.03237352609277837,-0.00971205782783351,0.0,0.0,0.0,3.3729672667640296,0.5,,,2,1,1,4.012307643890381,-1,175,True,True,False,"A:1,B:1,ESTOP:0,MODE:1",DRIVE_RUN,,,,,,,,,,,,,0,,,False,0,,,,-9999.0,-1.0,-1.0,False,36.96766842833333,127.87362313833333,121.82600000000001,2,0.00014884000000000002,36.96766836329293,127.87362354247716,4.0,0.03293931694030762,1.0,0.0,0.041478633880615234,0.03666711235046387,3.2558527440574485,-11.366776963223092,0.0,0.0,0.0,0.4301574273838984,0.2379127937868556,-0.7313184565616186,0.4727953101621579,0.04230678106834255,-0.0056199601914217415,-0.0182212373908208,-8.159132799999998,0.73549875,3.4029075499999997
1789051711.991276,3.766,4.0,-2.2162585811272253,4,0,187,-19.480645911041375,5.243885648469341,-10.595478938486252,1.0,10.0,107.0,1.0,-0.23195468186836973,2.903044387823082,32.0,7.6049433577469046,36.084569010831146,nan,0.0,-1.9866466507830465,0.0,-10.098640653079954,1.0605878881108552,0.004241991155552178,1.0803298041237586,4.0,4.0,nan,-0.04388540989732121,-0.013165622969196362,0.0,0.0,0.0,3.3729672667640296,0.5,,,2,1,1,3.737112045288086,-1,170,True,True,False,"A:1,B:1,ESTOP:0,MODE:1",DRIVE_RUN,,,,,,,,,,,,,0,,,False,0,,,,-9999.0,-1.0,-1.0,False,36.96766842833333,127.87362313833333,121.82600000000001,2,0.00014884000000000002,36.967668284554456,127.87362402955075,4.0,0.057938697052001956,1.0,0.0,0.0914773941040039,0.08086600882501976,3.2558527440574485,-11.366776963223092,0.0,0.0,0.0,0.429002279971745,0.2371718016151418,-0.7321673548461668,0.4729033144261515,0.03022910264454179,0.015498523757709647,-0.019634954084936207,-7.305954249999999,1.2552512,6.354709199999999
1789051712.041272,3.816,4.0,-2.3243171766138557,4,0,187,-19.437324834045402,5.235120521691363,-10.694850015879382,1.0,10.0,107.0,1.0,-0.23406273358075064,3.0537290532273103,32.0,7.5683584533162795,36.0403883153378,nan,0.0,-2.970257099550355,0.0,-10.098640653079954,1.0605878881108552,0.004241991155552178,1.0803298041237586,4.0,4.0,nan,-0.0554831439907397,-0.016644943197221908,0.0,0.0,0.0,3.3729672667640296,0.5,,,2,1,1,3.743425130844116,-1,170,True,True,False,"A:1,B:1,ESTOP:0,MODE:1",DRIVE_RUN,,,,,,,,,,,,,0,,,False,0,,,,-9999.0,-1.0,-1.0,False,36.96766842833333,127.87362313833333,121.82600000000001,2,0.00014884000000000002,36.96766820521335,127.8736245163381,4.0,0.082931520652771,1.0,0.0,0.141463041305542,0.12505326401829947,3.2558527440574485,-11.366776963223092,0.0,0.0,0.0,0.4296831986896453,0.23759913741821173,-0.7322892946606535,0.47188069211121475,0.03724532623755899,0.02473131550075965,-0.04447098934081552,-8.69849855,-0.65704555,4.81506515
1789051712.091258,3.866,4.0,-2.46975171540797,4,0,187,-19.394029216499185,5.226288310158052,-10.843511443764214,1.0,11.0,107.0,1.0,-0.23624095035129683,3.175970991033093,32.0,7.524262314711219,35.996221345824154,nan,0.0,-2.2080190227561554,0.0,-10.098640653079954,1.0605878881108552,0.004241991155552178,1.0803298041237586,4.0,4.0,nan,-0.06718628066977723,-0.02015588420093317,0.0,0.0,0.0,3.3729672667640296,0.5,,,2,1,1,3.5121853351593018,-1,170,True,True,False,"A:1,B:1,ESTOP:0,MODE:1",DRIVE_RUN,,,,,,,,,,,,,0,,,False,0,,,,-9999.0,-1.0,-1.0,False,36.96766842833333,127.87362313833333,121.82600000000001,2,0.00014884000000000002,36.96766812536794,127.87362500310272,4.0,0.10792958946228028,1.0,0.0,0.19145917892456055,0.16924974395498038,3.2558527440574485,-11.366776963223092,0.0,0.0,0.0,0.42998465357669297,0.23713893726472365,-0.7326921266748998,0.4712118097311454,0.04021238596594935,-0.007138396640656807,-0.005689773361501515,-8.227779349999999,1.2356379,6.56064885
1789051712.141283,3.916,4.0,-2.9857768230792554,4,0,188,-19.327590306929107,5.205299389101833,-11.094875793956021,1.0,11.0,107.0,1.0,-0.24693340048485243,3.3483078225261473,32.0,7.480183879986154,35.927182211244485,-13.675047413837122,-0.14157679850364532,-0.01431238483910891,0.0,-10.098640653079954,1.0605878881108552,0.004241991155552178,1.0803298041237586,4.0,4.0,nan,-0.07899832818734208,-0.023699498456202624,0.0,0.0,0.0,3.3729672667640296,0.5,,,2,1,1,3.3549625873565674,-1,277,True,True,False,"A:1,B:1,ESTOP:0,MODE:1",DRIVE_RUN,,,,,,,,,,,,,0,,,False,0,,,,-9999.0,-1.0,-1.0,False,36.967668016666664,127.87362526333334,121.818,2,0.00014884000000000002,36.96766795959838,127.87362561101797,4.0,0.030056001853942874,1.0,0.0,0.03571200370788574,0.031569411277771,3.35641938281038,-11.366776963223092,0.0,0.0,0.0,0.4300478358740038,0.23674025468090626,-0.7330380898973273,0.4708163861139323,0.0037175513067479217,0.03590142271352336,0.000890117918517108,-7.54131385,0.46091255,5.50153065
1789051712.191266,3.966,4.0,-3.0225740187352015,4,0,188,-19.296666699072613,5.19894657675084,-11.095592890058072,1.0,11.0,107.0,1.0,-0.248139499727032,3.805864689513654,31.0,7.025044275135404,35.895628980106714,-13.675047413837122,-0.14157679850364532,-1.053288250273821,0.0,-10.098640653079954,1.0605878881108552,0.004241991155552178,1.0803298041237586,4.0,4.0,nan,-0.0913449982115847,-0.027403499463475412,0.0,0.0,0.0,3.3729672667640296,0.5,,,2,1,1,3.366786241531372,-1,170,True,True,False,"A:1,B:1,ESTOP:0,MODE:1",DRIVE_RUN,,,,,,,,,,,,,0,,,False,0,,,,-9999.0,-1.0,-1.0,False,36.967668016666664,127.87362526333334,121.818,2,0.00014884000000000002,36.96766787972408,127.87362609722358,4.0,0.05502689094543457,1.0,0.0,0.08565378189086914,0.07571794292079904,3.35641938281038,-11.366776963223092,0.0,0.0,0.0,0.4307519540894074,0.23632651222216383,-0.7328910702302779,0.4706094058194995,0.01761037215262278,0.008395033702092726,-0.007504915783575617,-8.7671451,1.3140911,5.32501095
1789051712.241250,4.016,4.0,-3.111809039990221,4,0,187,-19.2534228219839,5.190055010636978,-11.148430276430304,1.0,11.0,107.0,1.0,-0.24972884442924764,3.8260643882416563,31.0,6.99356496257045,35.85150336732558,-13.675047413837122,-0.14157679850364532,-1.6388286678502817,0.0,-10.098640653079954,1.0605878881108552,0.004241991155552178,1.0803298041237586,4.0,4.0,nan,-0.1037519731979363,-0.03112559195938089,0.0,0.0,0.0,3.3729672667640296,0.5,,,2,1,1,3.2796742916107178,-1,176,True,True,False,"A:1,B:1,ESTOP:0,MODE:1",DRIVE_RUN,,,,,,,,,,,,,0,,,False,0,,,,-9999.0,-1.0,-1.0,False,36.967668016666664,127.87362526333334,121.818,2,0.00014884000000000002,36.96766779949552,127.87362658425725,4.0,0.08004307956695557,1.0,0.0,0.13568615913391113,0.11994655921740535,3.35641938281038,-11.366776963223092,0.0,0.0,0.0,0.4306979358494763,0.23624697411326642,-0.7332766191133198,0.4700979207984918,0.025918139392115794,0.010454522219446033,-0.014014993893514467,-8.28661925,-0.196133,5.2759777
1789051712.291261,4.066,4.0,-3.225160933484819,4,0,188,-19.210105295382323,5.181124008213452,-11.230130943720724,1.0,11.0,107.0,1.0,-0.25134485180167543,3.90650564965142,31.0,6.949544378782607,35.80729853796125,-13.675047413837122,-0.14157679850364532,-2.0484540018379143,0.0,-10.098640653079954,1.0605878881108552,0.004241991155552178,1.0803298041237586,4.0,4.0,nan,-0.1162384154193987,-0.034871524625819605,0.0,0.0,0.0,3.3729672667640296,0.5,,,2,1,1,3.322667360305786,-1,175,True,True,False,"A:1,B:1,ESTOP:0,MODE:1",DRIVE_RUN,,,,,,,,,,,,,0,,,False,0,,,,-9999.0,-1.0,-1.0,False,36.967667665,127.87362722666667,121.82300000000001,2,0.00014884000000000002,36.967667665,127.87362722666667,4.0,0.0122,1.0,1.0,0.0,0.0,3.4632939293280853,-13.153235945932702,0.0,0.0,0.0,0.43103226599094435,0.23596073865483994,-0.7335016546937214,0.4695838988399692,0.032340951039454925,0.024923301718479025,-0.019408061282176946,-9.05153795,0.46091255,5.0504247499999995
1789051712.341290,4.116,4.0,-3.3917864946974206,4,0,187,-19.152968410290217,5.166152035159841,-11.332819230018629,1.0,11.0,107.0,1.0,-0.2566238783441011,4.0164100010927966,31.0,6.905447409956418,35.74845009939097,-13.675047413837122,-0.14157679850364532,-0.8559918291163909,0.0,-10.098640653079954,1.0605878881108552,0.004241991155552178,1.0803298041237586,4.0,4.0,nan,-0.12880565800948246,-0.03864169740284474,0.0,0.0,0.0,3.3729672667640296,0.5,,,2,1,1,3.635305881500244,-2,169,True,True,False,"A:1,B:1,ESTOP:0,MODE:1",DRIVE_RUN,,,,,,,,,,,,,0,,,False,0,,,,-9999.0,-1.0,-1.0,False,36.967667665,127.87362722666667,121.82300000000001,2,0.00014884000000000002,36.96766756834841,127.87362774384027,4.0,0.03891933174133301,1.0,0.0,0.053438663482666016,0.04723977851867676,3.4632939293280853,-13.153235945932702,0.0,0.0,0.0,0.431331664548116,0.23577773093270668,-0.7337232443848772,0.46905442904177486,0.010524335389525807,-0.029199358385865133,-0.00773180858633488,-8.325845849999999,0.24516625,2.8145085499999998
1789051712.391263,4.166,4.0,-3.4898766625536672,4,0,187,-19.106970191828726,5.1553928293941995,-11.375480207380122,1.0,12.0,107.0,1.0,-0.2595977042813635,4.1833551460160825,31.0,6.846887045752954,35.701293777665704,-13.675047413837122,-0.14157679850364532,-1.2712005054490303,0.0,-10.098640653079954,1.0605878881108552,0.004241991155552178,1.0803298041237586,4.0,4.0,nan,-0.1416368519266875,-0.042491055578006254,0.0,0.0,0.0,3.3729672667640296,0.5,,,2,1,1,3.6563374996185303,-2,170,True,True,False,"A:1,B:1,ESTOP:0,MODE:1",DRIVE_RUN,,,,,,,,,,,,,0,,,False,0,,,,-9999.0,-1.0,-1.0,False,36.967667665,127.87362722666667,121.82300000000001,2,0.00014884000000000002,36.96766747789548,127.87362822642868,4.0,0.06385565013885498,1.0,0.0,0.10331130027770996,0.09132718461394396,3.4632939293280853,-13.153235945932702,0.0,0.0,0.0,0.43160003471937225,0.23541976083354893,-0.7339453393170129,0.4686397178367901,0.018046704465621368,0.028256880589788196,-0.017819811662862103,-8.933858149999999,0.67665885,5.16810455
1789051712.441268,4.216,4.0,-3.6026453768362474,4,0,187,-19.064048034316215,5.145323655430256,-11.438925305543876,1.0,12.0,107.0,1.0,-0.26240172489298197,4.267730535737041,31.0,6.799909201453987,35.657286170006344,-13.675047413837122,-0.14157679850364532,-0.39034872133753046,0.0,-10.098640653079954,1.0605878881108552,0.004241991155552178,1.0803298041237586,4.0,4.0,nan,-0.1546167371407557,-0.04638502114222671,0.0,0.0,0.0,3.3729672667640296,0.5,,,2,1,1,3.4638752937316895,-3,170,True,True,False,"A:1,B:1,ESTOP:0,MODE:1",DRIVE_RUN,,,,,,,,,,,,,0,,,False,0,,,,-9999.0,-1.0,-1.0,False,36.967667665,127.87362722666667,121.82300000000001,2,0.00014884000000000002,36.96766738698342,127.87362871034746,4.0,0.08886373252868653,1.0,0.0,0.15332746505737305,0.13554146349409432,3.4632939293280853,-13.153235945932702,0.0,0.0,0.0,0.4317599872619052,0.2351665327158133,-0.7341841321604784,0.4682453153783678,0.00932005820564972,0.03724532623755899,-0.0027925268031909274,-8.9240515,0.93163175,6.61948875
1789051712.491267,4.266,4.0,-3.9391303011391843,4,0,217,-19.021007550968008,5.135203371192706,-11.458518292904131,1.0,12.0,107.0,1.0,-0.2652464033177281,4.370871716674995,31.0,6.756072596917948,35.61315348856014,-13.675047413837122,-0.14157679850364532,-0.005103157925629221,0.0,-10.098640653079954,1.0605878881108552,0.004241991155552178,1.0803298041237586,4.0,4.0,nan,-0.1677368233854048,-0.050321047015621435,0.0,0.0,0.0,3.3729672667640296,0.5,,,2,1,1,3.4806206226348877,-4,170,True,True,False,"A:1,B:1,ESTOP:0,MODE:1",DRIVE_RUN,,,,,,,,,,,,,0,,,False,0,,,,-9999.0,-1.0,-1.0,False,36.96766728833333,127.87362919833333,121.83200000000001,2,0.00014884000000000002,36.96766728833333,127.87362919833333,4.0,0.0122,1.0,1.0,0.0,0.0,3.3540836914956365,-13.153235945932702,0.0,0.0,0.0,0.43193805685677406,0.23512518876261476,-0.7342476592807349,0.46800217466257654,-0.002007128639793479,0.017941984710501707,-0.006771877497737999,-8.9044382,0.35303939999999995,5.10926465
1789051712.541280,4.316,4.0,-4.087077700399428,4,0,187,-18.977605334378286,5.124221693322266,-11.538001585963286,1.0,12.0,107.0,1.0,-0.2701386183451512,4.476525782256465,30.0,6.325258192830467,35.56851872064445,-13.043091610544812,-0.07922866588203448,-2.5804732789687694,0.0,-10.098640653079954,1.0605878881108552,0.004241991155552178,1.0803298041237586,4.0,4.0,nan,-0.1809991435512912,-0.05429974306538736,0.0,0.0,0.0,3.3729672667640296,0.5,,,2,1,1,3.759718418121338,-4,171,True,True,False,"A:1,B:1,ESTOP:0,MODE:1",DRIVE_RUN,,,,,,,,,,,,,0,,,False,0,,,,-9999.0,-1.0,-1.0,False,36.96766728833333,127.87362919833333,121.83200000000001,2,0.00014884000000000002,36.967667197224166,127.87362968281971,4.0,0.037238719177246096,1.0,0.0,0.05007743835449219,0.04426845550537109,3.3540836914956365,-13.153235945932702,0.0,0.0,0.0,0.43209536263638415,0.23493091455593287,-0.7343225988801205,0.4678369200351661,0.049811696851918164,0.022532200643246795,-0.006056292504420323,-8.9044382,0.784532,3.4715540999999996
1789051712.591296,4.366,4.0,-4.27439450446087,4,0,187,-18.934514368188253,5.1140794675060315,-11.667562840308392,1.0,12.0,107.0,1.0,-0.27430105556114515,4.607316402995636,30.0,6.280845443669358,35.524333038278634,-13.043091610544812,-0.07922866588203448,-1.0763986099732608,0.0,-10.098640653079954,1.0605878881108552,0.004241991155552178,1.0803298041237586,4.0,4.0,nan,-0.19450607446854876,-0.05835182234056462,0.0,0.0,0.0,3.3729672667640296,0.5,,,2,1,1,3.958953619003296,-4,170,True,True,False,"A:1,B:1,ESTOP:0,MODE:1",DRIVE_RUN,,,,,,,,,,,,,0,,,False,0,,,,-9999.0,-1.0,-1.0,False,36.96766728833333,127.87362919833333,121.83200000000001,2,0.00014884000000000002,36.96766710598822,127.87363016687188,4.0,0.06225800724029541,1.0,0.0,0.10011601448059082,0.08850255391681322,3.3540836914956365,-13.153235945932702,0.0,0.0,0.0,0.4327106492389652,0.2351364184483873,-0.734173471576245,0.4673988365284435,0.01403244718603441,0.0035953782591083188,-0.014346606451393388,-9.03192465,0.4903325,4.0011132
1789051712.641265,4.416,4.0,-4.3989569363097365,4,0,188,-18.891462021542853,5.103923128366491,-11.721134554956336,1.0,12.0,107.0,1.0,-0.2784827479931631,4.781601918750148,30.0,6.2368474021497455,35.48018323974719,-13.043091610544812,-0.07922866588203448,-0.502977541197421,0.0,-10.098640653079954,1.0605878881108552,0.004241991155552178,1.0803298041237586,4.0,4.0,nan,-0.20822112724660602,-0.062466338173981804,0.0,0.0,0.0,3.3729672667640296,0.5,,,2,1,1,3.910463809967041,-4,171,True,True,False,"A:1,B:1,ESTOP:0,MODE:1",DRIVE_RUN,,,,,,,,,,,,,0,,,False,0,,,,-9999.0,-1.0,-1.0,False,36.96766728833333,127.87362919833333,121.83200000000001,2,0.00014884000000000002,36.96766701461667,127.87363065042862,4.0,0.08725500316619873,1.0,0.0,0.15011000633239746,0.13269723288207874,3.3540836914956365,-13.153235945932702,0.0,0.0,0.0,0.432610637125518,0.2348246463648961,-0.7344214073675687,0.46725862057932643,0.004171336912266448,-0.018832102629018816,-0.00809832772925369,-8.580818749999999,0.8825985,5.4328841
1789051712.691241,4.466,4.0,-4.501091632308948,4,0,187,-18.848453738211635,5.0937516943067065,-11.746258824598272,1.0,12.0,107.0,1.0,-0.2826854114759571,4.880705569879373,30.0,6.192889878474768,35.43607453014136,-13.043091610544812,-0.07922866588203448,-2.2981281206140904,0.0,-10.098640653079954,1.0605878881108552,0.004241991155552178,1.0803298041237586,4.0,4.0,nan,-0.22214526464626416,-0.06664357939387924,0.0,0.0,0.0,3.3729672667640296,0.5,,,2,1,1,3.9370219707489014,-4,293,True,True,False,"A:1,B:1,ESTOP:0,MODE:1",DRIVE_RUN,,,,,,,,,,,,,0,,,False,0,,,,-9999.0,-1.0,-1.0,False,36.967666915,127.87363130666667,121.836,2,0.00014884000000000002,36.967666915,127.87363130666667,4.0,0.0122,1.0,1.0,0.0,0.0,3.2768063582279447,-12.956794384196883,0.0,0.0,0.0,0.4327535704934943,0.2345549803296036,-0.7345973723557915,0.46698502005490317,0.0429700061841004,0.0029845130209103037,-0.0054105206811824215,-8.5513988,0.81395195,4.9131316499999995
1789051712.741261,4.516,4.0,-4.688662908691615,4,0,188,-18.790086913838323,5.082662417275677,-11.86151578756801,1.0,13.0,107.0,1.0,-0.28569986240066414,4.952200983279574,30.0,6.148978289762788,35.37667318882268,-13.043091610544812,-0.07922866588203448,-0.3513955082998458,0.0,-10.098640653079954,1.0605878881108552,0.004241991155552178,1.0803298041237586,4.0,4.0,nan,-0.236279535220062,-0.0708838605660186,0.0,0.0,0.0,3.3729672667640296,0.5,,,2,1,1,4.279063701629639,-4,200,True,True,False,"A:1,B:1,ESTOP:0,MODE:1",DRIVE_RUN,,,,,,,,,,,,,0,,,False,0,,,,-9999.0,-1.0,-1.0,False,36.967666915,127.87363130666667,121.836,2,0.00014884000000000002,36.96766683626408,127.87363173471357,4.0,0.034296753120422366,1.0,0.0,0.04419350624084473,0.03906705951690674,3.2768063582279447,-12.956794384196883,0.0,0.0,0.0,0.4328661156442549,0.23448726708804515,-0.7346940963170159,0.46676250099762456,0.0027052603405912107,-0.011100294042683936,-0.006387905062299246,-8.89463155,0.6276256,3.0204481999999997
1789051712.791269,4.566,4.0,-4.778214745428528,4,0,187,-18.752015761687243,5.073897574456847,-11.879001850788597,1.0,13.0,107.0,1.0,-0.2891833578581088,5.106094946733544,30.0,6.089710842121408,35.33766854649795,-13.043091610544812,-0.07922866588203448,-0.546534173348934,0.0,-10.098640653079954,1.0605878881108552,0.004241991155552178,1.0803298041237586,4.0,4.0,nan,-0.25056452834009524,-0.07516935850202856,0.0,0.0,0.0,3.3729672667640296,0.5,,,2,1,1,4.060146331787109,-4,170,True,True,False,"A:1,B:1,ESTOP:0,MODE:1",DRIVE_RUN,,,,,,,,,,,,,0,,,False,0,,,,-9999.0,-1.0,-1.0,False,36.967666915,127.87363130666667,121.836,2,0.00014884000000000002,36.96766674705973,127.87363221945581,4.0,0.05932080955505371,1.0,0.0,0.09424161911010742,0.08330959119476884,3.2768063582279447,-12.956794384196883,0.0,0.0,0.0,0.4328926009871594,0.2342394616586419,-0.7349119605872325,0.46651932521415596,0.012112585008840646,0.0037175513067479217,0.0017453292519943296,-9.2574776,0.67665885,6.913688249999999
1789051712.841303,4.616,4.0,-5.3935174573206,4,0,188,-18.70890203834123,5.063967391772268,-11.906419094606491,1.0,13.0,107.0,1.0,-0.29282312438104796,5.163593540924422,30.0,6.050874460504436,35.293497110588945,-13.043091610544812,-0.07922866588203448,-0.33269648927187473,0.0,-10.098640653079954,1.0605878881108552,0.004241991155552178,1.0803298041237586,4.0,4.0,nan,-0.2650236962330007,-0.07950710886990021,0.0,0.0,0.0,3.3729672667640296,0.5,,,2,1,1,4.313632965087891,-4,171,True,True,False,"A:1,B:1,ESTOP:0,MODE:1",DRIVE_RUN,,,,,,,,,,,,,0,,,False,0,,,,-9999.0,-1.0,-1.0,False,36.967666915,127.87363130666667,121.836,2,0.00014884000000000002,36.96766665790877,127.87363270320913,4.0,0.08429563255310059,1.0,0.0,0.14419126510620117,0.12746507636807108,3.2768063582279447,-12.956794384196883,0.0,0.0,0.0,0.4330111731456862,0.23409824053892603,-0.7350766317645567,0.4662206378328292,-0.0009599310885968813,0.0009075712110370514,-0.014398966328953218,-8.5121722,2.2163029,3.726527
1789051712.891274,4.666,4.0,-5.509638779004979,4,0,187,-18.665876272256245,5.0540431524554705,-11.923063342407772,1.0,13.0,107.0,1.0,-0.2952189727922946,5.431788639490557,29.0,5.624116844640193,35.24941355171678,-13.043091610544812,-0.07922866588203448,-0.5603853193712726,0.0,-10.098640653079954,1.0605878881108552,0.004241991155552178,1.0803298041237586,4.0,4.0,nan,-0.2796648524520531,-0.08389945573561593,0.0,0.0,0.0,3.3729672667640296,0.5,,,2,1,1,3.979011058807373,-5,182,True,True,False,"A:1,B:1,ESTOP:0,MODE:1",DRIVE_RUN,,,,,,,,,,,,,0,,,False,0,,,,-9999.0,-1.0,-1.0,False,36.96766652,127.87363366333334,121.834,2,0.00014884000000000002,36.96766652,127.87363366333334,4.0,0.0122,1.0,1.0,0.0,0.0,3.621547735511902,-12.956794384196883,0.0,0.0,0.0,0.4327619698099856,0.23479269962375715,-0.7352255057792068,0.46586792263610405,0.014137166941154071,-0.006003932626860493,0.0065100781099388496,-8.237585999999999,1.1571847,7.2373077
1789051712.941264,4.716,4.0,-5.699936749513662,4,0,188,-18.580481343125353,5.038691218333517,-11.96266735645267,1.0,13.0,107.0,1.0,-0.29569343113178337,5.499865530834948,29.0,5.580248660603399,35.1626526424855,-12.154400773551911,-0.011566871557207037,-1.4337404237934954,0.0,-10.098640653079954,1.0605878881108552,0.004241991155552178,1.0803298041237586,4.0,4.0,nan,-0.2944258010916678,-0.08832774032750035,0.0,0.0,0.0,3.3729672667640296,0.5,,,2,1,1,3.6257734298706055,-5,171,True,True,False,"A:1,B:1,ESTOP:0,MODE:1",DRIVE_RUN,,,,,,,,,,,,,0,,,False,0,,,,-9999.0,-1.0,-1.0,False,36.96766652,127.87363366333334,121.834,2,0.00014884000000000002,36.9676664374452,127.87363411106801,4.0,0.035315873336791995,1.0,0.0,0.046231746673583984,0.040868864059448236,3.621547735511902,-12.956794384196883,0.0,0.0,0.0,0.43283185661805407,0.23490900202738194,-0.7351583774997651,0.46585030283877743,0.028029987787028934,0.016318828506146982,-0.0033161255787892262,-9.26728425,-0.3334261,7.521700549999999
1789051712.991281,4.766,4.0,-5.870005815396729,4,0,188,-18.540659129884197,5.029501260196079,-12.034326621017556,1.0,13.0,107.0,1.0,-0.29791546800694046,5.598941434809563,29.0,5.493675299478036,35.121850821489026,-12.154400773551911,-0.011566871557207037,-2.4124491487409547,0.0,-10.098640653079954,1.0605878881108552,0.004241991155552178,1.0803298041237586,4.0,4.0,nan,-0.309210472648257,-0.0927631417944771,0.0,0.0,0.0,3.3729672667640296,0.5,,,2,1,1,4.0033111572265625,-6,170,True,True,False,"A:1,B:1,ESTOP:0,MODE:1",DRIVE_RUN,,,,,,,,,,,,,0,,,False,0,,,,-9999.0,-1.0,-1.0,False,36.96766652,127.87363366333334,121.834,2,0.00014884000000000002,36.967666348019016,127.87363459553707,4.0,0.060329677772521975,1.0,0.0,0.09625935554504395,0.08509326968598094,3.621547735511902,-12.956794384196883,0.0,0.0,0.0,0.4328201543978827,0.2349123114818537,-0.7352373424027433,0.46573487114215184,0.044645522266014946,0.0032637657012293962,-0.006562437987498679,-8.9240515,-1.34351105,2.3732092999999996
1789051713.041257,4.816,4.0,-6.100195976956712,4,0,188,-18.49756970443136,5.019546382557351,-12.155437285040819,1.0,14.0,107.0,1.0,-0.3003305794698961,5.720188160409399,29.0,5.453081888682334,35.07769974945103,-12.154400773551911,-0.011566871557207037,1.3775658164304836,0.0,-10.098640653079954,1.0605878881108552,0.004241991155552178,1.0803298041237586,4.0,4.0,nan,-0.32410624604860405,-0.09723187381458122,0.0,0.0,0.0,3.3729672667640296,0.5,,,2,1,1,4.333845138549805,-5,297,True,True,False,"A:1,B:1,ESTOP:0,MODE:1",DRIVE_RUN,,,,,,,,,,,,,0,,,False,0,,,,-9999.0,-1.0,-1.0,False,36.96766652,127.87363366333334,121.834,2,0.00014884000000000002,36.967666258659136,127.87363507948292,4.0,0.08531689853668213,1.0,0.0,0.14623379707336426,0.12927067547229534,3.621547735511902,-12.956794384196883,0.0,0.0,0.0,0.4327978607453185,0.2348511559998096,-0.7353281423609985,0.4656430707223637,-0.02588323280707591,-0.0065100781099388496,0.0035953782591083188,-7.6688003,0.65704555,2.38301595
1789051713.091533,4.866,4.0,-6.14492189150723,4,0,187,-18.454526813286314,5.009598886274509,-12.086830677541087,1.0,14.0,107.0,1.0,-0.30274640217457177,5.895908087371322,29.0,5.409161473917997,35.03359597509246,-12.154400773551911,-0.011566871557207037,-1.3840480657003937,0.0,-10.098640653079954,1.0605878881108552,0.004241991155552178,1.0803298041237586,4.0,4.0,nan,-0.33912277502209887,-0.10173683250662965,0.0,0.0,0.0,3.3729672667640296,0.5,,,2,1,1,4.0296196937561035,-5,170,True,True,False,"A:1,B:1,ESTOP:0,MODE:1",DRIVE_RUN,,,,,,,,,,,,,0,,,False,0,,,,-9999.0,-1.0,-1.0,False,36.967666058333336,127.87363612833333,121.82600000000001,2,0.00014884000000000002,36.96766616948109,127.87363556411117,4.0,0.11033499450683594,1.0,0.0,0.19626998901367188,0.1735026626115051,3.621547735511902,-12.956794384196883,0.0,0.0,0.0,0.4333177483975383,0.23453118996987754,-0.7350493015326796,0.46576106983229165,0.04621631859280985,0.056182148621697466,0.02658136450787364,-9.05153795,-0.6668522,7.168661149999999
1789051713.141310,4.916,4.0,-6.466074982579983,4,0,187,-18.36124043933498,4.9872987201820695,-12.156062713279141,1.0,14.0,107.0,1.0,-0.30867448090645544,5.882780105632297,29.0,5.3652931128703045,34.93788622976453,-12.154400773551911,-0.011566871557207037,-0.24226305705799367,0.0,-10.098640653079954,1.0605878881108552,0.004241991155552178,1.0803298041237586,4.0,4.0,nan,-0.35426009513082746,-0.10627802853924824,0.0,0.0,0.0,3.3729672667640296,0.5,,,3,1,2,4.513870716094971,-5,171,True,True,False,"A:1,B:1,ESTOP:0,MODE:1",DRIVE_RUN,,,,,,,,,,,,,0,,,False,0,,,,-9999.0,-1.0,-1.0,False,36.967666058333336,127.87363612833333,121.82600000000001,2,0.00014884000000000002,36.9676659853838,127.8736365381847,4.0,0.03332352848052979,1.0,0.0,0.04224705696105957,0.037346398353576664,3.9341147706309325,-12.537016925441181,0.0,0.0,0.0,0.4335952219481003,0.23442970633367266,-0.7350539423108587,0.4655465585581645,-0.00486946861306418,-0.0010995574287564276,-0.01806415775814131,-9.2574776,0.9120184499999999,2.3339827
1789051713.191253,4.966,4.0,-6.580040033750471,4,0,192,-18.32478762621465,4.979178015355333,-12.168146396972986,1.0,14.0,107.0,1.0,-0.3103969381678561,6.083431342492313,29.0,5.270156979164586,34.90058661886609,-12.154400773551911,-0.011566871557207037,-0.6980571565278536,0.0,-10.098640653079954,1.0605878881108552,0.004241991155552178,1.0803298041237586,4.0,4.0,nan,-0.36969381917615024,-0.11090814575284506,0.0,0.0,0.0,3.3729672667640296,0.5,,,2,1,1,3.7852232456207275,-5,421,True,True,False,"A:1,B:1,ESTOP:0,MODE:1",DRIVE_RUN,,,,,,,,,,,,,0,,,False,0,,,,-9999.0,-1.0,-1.0,False,36.967666058333336,127.87363612833333,121.82600000000001,2,0.00014884000000000002,36.9676658989759,127.87363702284335,4.0,0.0583045503616333,1.0,0.0,0.0922091007232666,0.0815128437800106,3.9341147706309325,-12.537016925441181,0.0,0.0,0.0,0.4335873349179727,0.23433725437345826,-0.7351974460529065,0.4653738169780534,0.014590952546672595,0.0011344640137963143,0.0011519173063162576,-9.63993695,0.5099457999999999,10.4146623
1789051713.241265,5.016,4.0,-6.73753086279652,4,0,187,-18.28168133733637,4.969559131784488,-12.203259255915214,1.5,14.0,107.0,1.0,-0.3124495085710445,6.141706234620344,29.0,5.233051336321298,34.856476415770835,-12.154400773551911,-0.011566871557207037,3.004344676704352,0.0,-10.098640653079954,1.0605878881108552,0.004241991155552178,1.0803298041237586,4.0,4.0,nan,-0.38521366608454305,-0.1155640998253629,0.0,0.0,0.0,3.3729672667640296,0.5,,,3,1,2,4.174189567565918,-6,176,True,True,False,"A:1,B:1,ESTOP:0,MODE:1",DRIVE_RUN,,,,,,,,,,,,,0,,,False,0,,,,-9999.0,-1.0,-1.0,False,36.967666058333336,127.87363612833333,121.82600000000001,2,0.00014884000000000002,36.96766576921196,127.87363775064834,4.0,0.0833137056350708,1.0,0.0,0.1422274112701416,0.14783712302328966,3.9341147706309325,-12.537016925441181,0.0,0.0,0.0,0.433402506049152,0.23445466765724046,-0.7352776998028093,0.4653600549431993,-0.061261056745000965,-0.011047934165124106,-0.0015707963267948964,-8.26700595,3.8245934999999998,2.8929617499999996
1789051713.291278,5.066,4.0,-6.065002218261604,4,0,187,-18.216949238479753,4.95511387605616,-12.05292684239248,1.0,14.0,107.0,1.0,-0.3155325291032929,6.232468968788679,29.0,5.189175858227896,34.79023690101774,-12.154400773551911,-0.011566871557207037,-1.7134580628705416,0.0,-10.098640653079954,1.0605878881108552,0.004241991155552178,1.0803298041237586,4.0,4.0,nan,-0.40083614151309527,-0.12025084245392857,0.0,0.0,0.0,3.3729672667640296,0.5,,,2,1,1,4.4748969078063965,-6,171,True,True,False,"A:1,B:1,ESTOP:0,MODE:1",DRIVE_RUN,,,,,,,,,,,,,0,,,False,0,,,,-9999.0,-1.0,-1.0,False,36.96766560333333,127.87363881166667,121.819,2,0.00014884000000000002,36.96766560333333,127.87363881166667,4.0,0.0122,1.0,1.0,0.0,0.0,4.290188434965872,-12.537016925441181,0.0,0.0,0.0,0.43269399928206853,0.23486430502477995,-0.7353912955999276,0.4656332285891726,0.030019663134302467,-0.004223696789826277,-0.0068591439603377154,-8.67888525,-0.26477955,2.9518016499999997
1789051713.341261,5.116,4.0,-6.374936664583453,4,0,187,-18.122580631260124,4.936648351239676,-12.163944104422967,1.5,15.0,107.0,1.0,-0.3174725445933347,5.914030078883584,30.0,5.505867311057882,34.69410708477555,-12.563042964082918,-0.02550580608452151,2.5728768131456,0.0,-10.098640653079954,1.0605878881108552,0.004241991155552178,1.0803298041237586,4.0,4.0,nan,-0.4166127679682599,-0.12498383039047797,0.0,0.0,0.0,3.3729672667640296,0.5,,,3,1,2,3.9958367347717285,-6,170,True,True,False,"A:1,B:1,ESTOP:0,MODE:1",DRIVE_RUN,,,,,,,,,,,,,0,,,False,0,,,,-9999.0,-1.0,-1.0,False,36.96766560333333,127.87363881166667,121.819,2,0.00014884000000000002,36.96766546702967,127.87363957776091,4.0,0.03852224559783936,1.0,0.0,0.05264449119567871,0.06980659532546997,4.290188434965872,-12.537016925441181,0.0,0.0,0.0,0.4324522241606156,0.2350368894441912,-0.7351993515427989,0.4660736507355718,-0.04251622057858186,-0.01706932008450454,0.018465583486100008,-8.6886919,-1.9809433,7.9041599
1789051713.391273,5.166,4.0,-6.420770904931484,4,0,189,-18.05444302670547,4.921475097026996,-12.035729168172168,1.5,15.0,107.0,1.0,-0.32018193928466104,6.112609670206294,30.0,5.410071485076325,34.62438871655691,-12.563042964082918,-0.02550580608452151,1.8197315148310056,0.0,-10.098640653079954,1.0605878881108552,0.004241991155552178,1.0803298041237586,4.0,4.0,nan,-0.43248639519792664,-0.12974591855937798,0.0,0.0,0.0,3.3729672667640296,0.5,,,3,2,1,3.9681265354156494,-7,182,True,True,False,"A:1,B:1,ESTOP:0,MODE:1",DRIVE_RUN,,,,,,,,,,,,,0,,,False,0,,,,-9999.0,-1.0,-1.0,False,36.96766560333333,127.87363881166667,121.819,2,0.00014884000000000002,36.96766533850824,127.87364030480089,4.0,0.06349504203796387,1.0,0.0,0.10259008407592773,0.13603441969395008,4.290188434965872,-12.537016925441181,0.0,0.0,0.0,0.43225790047926776,0.2349329050518728,-0.7349935985990137,0.4666305258077477,-0.017872171540421936,-0.008028514559173916,0.03530801076784529,-7.5118939,0.40207265,4.5993188499999995
1789051713.441258,5.216,4.0,-6.498104994235719,4,0,229,-17.989778969280565,4.9071681570874714,-11.944819905890967,1.5,15.0,107.0,1.0,-0.32247612404283654,6.069207656690581,30.0,5.340719848784888,34.55824039029899,-12.563042964082918,-0.02550580608452151,-0.45784114465128073,0.0,-10.098640653079954,1.0605878881108552,0.004241991155552178,1.0803298041237586,4.0,4.0,nan,-0.44849549216215967,-0.1345486476486479,0.0,0.0,0.0,3.3729672667640296,0.5,,,4,2,2,4.111358165740967,-7,209,True,True,False,"A:1,B:1,ESTOP:0,MODE:1",DRIVE_RUN,,,,,,,,,,,,,0,,,False,0,,,,-9999.0,-1.0,-1.0,False,36.96766560333333,127.87363881166667,121.819,2,0.00014884000000000002,36.967665210643595,127.87364103265553,4.0,0.08848858089447022,1.0,0.0,0.15257716178894043,0.20231719426010555,4.290188434965872,-12.537016925441181,0.0,0.0,0.0,0.43224614392939087,0.23503093729963953,-0.7346161965961028,0.4671860157034896,0.01815142422074103,-0.0020943951023931952,0.01726130630222392,-8.492558899999999,2.2163029,4.26589275
1789051713.491260,5.266,4.0,-6.695693237279622,4,0,187,-17.925042454233836,4.892934329905126,-11.96765168616696,1.5,15.0,107.0,1.0,-0.3246852255143279,6.05984728963349,30.0,5.274924263923383,34.49203320675894,-12.563042964082918,-0.02550580608452151,-1.1931088157114427,0.0,-10.098640653079954,1.0605878881108552,0.004241991155552178,1.0803298041237586,4.0,4.0,nan,-0.4646192983643015,-0.13938578950929045,0.0,0.0,0.0,3.3729672667640296,0.5,,,2,1,1,4.2022705078125,-7,172,True,True,False,"A:1,B:1,ESTOP:0,MODE:1",DRIVE_RUN,,,,,,,,,,,,,0,,,False,0,,,,-9999.0,-1.0,-1.0,False,36.96766519166667,127.87364163666666,121.84,2,0.00014884000000000002,36.96766519166667,127.87364163666666,4.0,0.0122,1.0,1.0,0.0,0.0,4.593222703119533,-11.140363916163453,0.0,0.0,0.0,0.43228672195425105,0.2354225117700462,-0.7342686870024504,0.4674975147117128,0.0385368698840348,0.030002209841782528,0.02326523892908441,-9.934136449999999,0.02941995,5.1975245
1789051713.541281,5.316,4.0,-6.796399842929156,4,0,188,-17.871320771751773,4.890821828088425,-12.027738310372428,1.0,16.0,107.0,1.0,-0.3169811200769967,6.165407226886151,30.0,5.20907493912695,34.438719421654056,-12.563042964082918,-0.02550580608452151,1.855558640680958,0.0,-10.098640653079954,1.0605878881108552,0.004241991155552178,1.0803298041237586,4.0,4.0,nan,-0.48085355964001786,-0.14425606789200535,0.0,0.0,0.0,3.3729672667640296,0.5,,,2,1,1,4.220274448394775,-7,344,True,True,False,"A:1,B:1,ESTOP:0,MODE:1",DRIVE_RUN,,,,,,,,,,,,,0,,,False,0,,,,-9999.0,-1.0,-1.0,False,36.96766519166667,127.87364163666666,121.84,2,0.00014884000000000002,36.96766511355715,127.87364213255086,4.0,0.037626268577575686,1.0,0.0,0.05085253715515137,0.04495364284515381,4.593222703119533,-11.140363916163453,0.0,0.0,0.0,0.43194296583486014,0.23581883903376005,-0.7340258601273972,0.46799656631944336,-0.039514254265151615,0.02138028333693054,-0.008447393579652554,-9.34573745,-1.57887065,5.2759777
1789051713.591265,5.366,4.0,-6.2238930659450675,4,0,187,-17.827216066214017,4.882126716619099,-11.935532489571642,1.0,16.0,107.0,1.0,-0.3175005924094844,6.188492663193421,30.0,5.155415997375641,34.39378082581682,-12.563042964082918,-0.02550580608452151,3.919920610987007,0.0,-10.098640653079954,1.0605878881108552,0.004241991155552178,1.0803298041237586,4.0,4.0,nan,-0.4967026156438677,-0.14901078469316031,0.0,0.0,0.0,3.3729672667640296,0.5,,,4,2,2,4.134983539581299,-7,181,True,True,False,"A:1,B:1,ESTOP:0,MODE:1",DRIVE_RUN,,,,,,,,,,,,,0,,,False,0,,,,-9999.0,-1.0,-1.0,False,36.96766519166667,127.87364163666666,121.84,2,0.00014884000000000002,36.96766503685689,127.87364262040172,4.0,0.06263888092041016,1.0,0.0,0.10087776184082031,0.08917594005979451,4.593222703119533,-11.140363916163453,0.0,0.0,0.0,0.43171662142949624,0.2359740835326407,-0.7337216328677449,0.46860383709944325,-0.06435028952103093,0.014556045961632708,0.022794000031045945,-8.9240515,1.0591182,5.8447634
1789051713.641258,5.416,4.0,-6.130477313228825,4,0,188,-17.783825857010125,4.873588482691532,-11.739825431746482,1.5,16.0,107.0,1.0,-0.31799590029426367,6.003674255565868,31.0,5.497334644176272,34.34957296340243,-12.563042964082918,-0.02550580608452151,-0.4811496598908358,0.0,-10.098640653079954,1.0605878881108552,0.004241991155552178,1.0803298041237586,4.0,4.0,nan,-0.5125776452643419,-0.15377329357930256,0.0,0.0,0.0,3.3729672667640296,0.5,,,3,2,1,4.120016574859619,-7,170,True,True,False,"A:1,B:1,ESTOP:0,MODE:1",DRIVE_RUN,,,,,,,,,,,,,0,,,False,0,,,,-9999.0,-1.0,-1.0,False,36.96766519166667,127.87364163666666,121.84,2,0.00014884000000000002,36.967664922233105,127.8736433522503,4.0,0.08765042037963867,1.0,0.0,0.15090084075927734,0.15550652728979047,4.593222703119533,-11.140363916163453,0.0,0.0,0.0,0.43160737599236887,0.23632702737193437,-0.7334438673595736,0.46896130176717066,0.013212142437597075,0.005044001538263612,0.00603883921190038,-9.01231135,-0.6080123,5.4328841
1789051713.691409,5.466,4.0,-6.29961181847278,4,0,188,-17.718734115461057,4.8608286210014295,-11.763985332309318,2.0,16.0,107.0,1.0,-0.3195163780626086,5.85008123933696,31.0,5.4532958516759615,34.28326287552494,-12.563042964082918,-0.02550580608452151,1.2815628470705445,0.0,-10.098640653079954,1.0605878881108552,0.004241991155552178,1.0803298041237586,4.0,4.0,nan,-0.5284774402790551,-0.1585432320837165,0.0,0.0,0.0,3.3729672667640296,0.5,,,4,2,2,4.510433673858643,-8,182,True,True,False,"A:1,B:1,ESTOP:0,MODE:1",DRIVE_RUN,,,,,,,,,,,,,0,,,False,0,,,,-9999.0,-1.0,-1.0,False,36.96766519166667,127.87364163666666,121.84,2,0.00014884000000000002,36.967664769724315,127.87364432756252,4.0,0.11264801235198975,1.0,0.0,0.2008960247039795,0.24389799349475622,4.593222703119533,-11.140363916163453,0.0,0.0,0.0,0.43194090008755837,0.2370715419725748,-0.7328922286525044,0.46914083599603756,-0.02150245638457014,0.007155849933176751,0.006161012259539983,-9.5320638,1.2062179499999999,3.0890947499999997
1789051713.741308,5.516,4.0,-6.486034917654895,4,0,187,-17.601234951630154,4.8355331478323285,-11.660380579488105,2.0,16.0,107.0,1.0,-0.32462980369410877,5.93819374662243,31.0,5.387241725604528,34.16318512038189,-10.976262945977965,0.03938611931656766,1.6158343116788767,0.0,-10.098640653079954,1.0605878881108552,0.004241991155552178,1.0803298041237586,4.0,4.0,nan,-0.5444532591821855,-0.16333597775465564,0.0,0.0,0.0,3.3729672667640296,0.5,,,4,2,2,4.776619911193848,-7,173,True,True,False,"A:1,B:1,ESTOP:0,MODE:1",DRIVE_RUN,,,,,,,,,,,,,0,,,False,0,,,,-9999.0,-1.0,-1.0,False,36.967664695,127.87364467333333,121.846,2,0.00014884000000000002,36.96766456893819,127.87364548319735,4.0,0.03295362205505371,1.0,0.0,0.04150724411010742,0.07338480758666993,4.650003673106012,-11.140363916163453,0.0,0.0,0.0,0.4317326176050048,0.23730998867259076,-0.7326186991427406,0.4696389654176323,-0.01382300767579509,0.0013264502315156904,0.03389429407372988,-8.149326149999998,0.97085835,3.0694814499999996
1789051713.791276,5.566,4.0,-6.577089463024098,4,0,187,-17.52920439586206,4.821500010952552,-11.579626309710449,2.0,17.0,107.0,1.0,-0.32631184981540434,5.9785755820112625,31.0,5.2677984701497635,34.089821291633235,-10.976262945977965,0.03938611931656766,1.5093001885687904,0.0,-10.098640653079954,1.0605878881108552,0.004241991155552178,1.0803298041237586,4.0,4.0,nan,-0.5606847493668909,-0.16820542481006728,0.0,0.0,0.0,3.3729672667640296,0.5,,,4,2,2,5.13604211807251,-7,171,True,True,False,"A:1,B:1,ESTOP:0,MODE:1",DRIVE_RUN,,,,,,,,,,,,,0,,,False,0,,,,-9999.0,-1.0,-1.0,False,36.967664695,127.87364467333333,121.846,2,0.00014884000000000002,36.96766441779667,127.87364645882846,4.0,0.057950856399536135,1.0,0.0,0.09150171279907227,0.16177501220269144,4.650003673106012,-11.140363916163453,0.0,0.0,0.0,0.43214406228548924,0.23816178785927228,-0.7319706591964542,0.4698397879177311,-0.02659881780039358,-0.009616764178488757,0.0076270888312152205,-8.8652116,0.2353596,2.8635417999999997
1789051713.841286,5.616,4.0,-5.998171640470198,4,0,187,-17.44243025921296,4.804675013838039,-11.50420923166351,2.0,17.0,107.0,1.0,-0.32825349582202884,5.97318534163009,31.0,5.194736956799617,34.001454596720166,-10.976262945977965,0.03938611931656766,1.6445417486668046,0.0,-10.098640653079954,1.0605878881108552,0.004241991155552178,1.0803298041237586,4.0,4.0,nan,-0.5770003418576611,-0.17310010255729832,0.0,0.0,0.0,3.3729672667640296,0.5,,,4,2,2,4.85050106048584,-7,173,True,True,False,"A:1,B:1,ESTOP:0,MODE:1",DRIVE_RUN,,,,,,,,,,,,,0,,,False,0,,,,-9999.0,-1.0,-1.0,False,36.967664695,127.87364467333333,121.846,2,0.00014884000000000002,36.96766426735691,127.87364743466323,4.0,0.08294892520904541,1.0,0.0,0.14149785041809082,0.25016813430147894,4.650003673106012,-11.140363916163453,0.0,0.0,0.0,0.4320790717501512,0.23821236609584379,-0.7315651495205598,0.47050502271655753,-0.015044738152191121,0.027768188399229784,0.02864085302522695,-9.228057649999998,0.784532,7.266727649999999
1789051713.891283,5.666,4.0,-6.101598402663457,4,0,188,-17.355638009106354,4.78792813633698,-11.421760300100289,2.0,17.0,107.0,1.0,-0.3300013087401104,5.714124370559919,32.0,5.492695352825397,33.91308325690591,-10.976262945977965,0.03938611931656766,-0.8545062070453783,0.0,-10.098640653079954,1.0605878881108552,0.004241991155552178,1.0803298041237586,4.0,4.0,nan,-0.5934130166487626,-0.17802390499462875,0.0,0.0,0.0,3.3729672667640296,0.5,,,4,2,2,4.963235378265381,-7,174,True,True,False,"A:1,B:1,ESTOP:0,MODE:1",DRIVE_RUN,,,,,,,,,,,,,0,,,False,0,,,,-9999.0,-1.0,-1.0,False,36.96766424333333,127.87364786166667,121.84200000000001,2,0.00014884000000000002,36.96766424333333,127.87364786166667,4.0,0.0122,1.0,1.0,0.0,0.0,5.0936965142422626,-10.795155046724853,0.0,0.0,0.0,0.43212277932174376,0.23869348563453857,-0.7311741386236855,0.47082874011130355,0.025202554398798118,0.0048345620280242935,0.014678219009272311,-8.6494653,-0.00980665,4.334539299999999
1789051713.941262,5.716,4.0,-6.183263959638694,4,0,259,-17.31765966393624,4.785253843889948,-11.464270023201777,2.0,17.0,107.0,1.0,-0.32618009182943125,5.715482832189954,32.0,5.404662188558829,33.875193964733135,-10.976262945977965,0.03938611931656766,2.0629880076107394,0.0,-10.098640653079954,1.0605878881108552,0.004241991155552178,1.0803298041237586,4.0,4.0,nan,-0.6099130820857681,-0.18297392462573042,0.0,0.0,0.0,3.3729672667640296,0.5,,,4,2,2,5.1460723876953125,-7,171,True,True,False,"A:1,B:1,ESTOP:0,MODE:1",DRIVE_RUN,,,,,,,,,,,,,0,,,False,0,,,,-9999.0,-1.0,-1.0,False,36.96766424333333,127.87364786166667,121.84200000000001,2,0.00014884000000000002,36.96766408734473,127.87364888749535,4.0,0.03846597881317139,1.0,0.0,0.05253195762634277,0.09287650108337403,5.0936965142422626,-10.795155046724853,0.0,0.0,0.0,0.43195571141616,0.23873719163919876,-0.7307801605522024,0.4715709635319849,-0.03255039054969425,0.017348572764823635,0.012950343049797926,-8.9632781,1.9809433,4.079566399999999
1789051713.991273,5.766,4.0,-6.280239491693376,4,0,187,-17.22642087789179,4.767889272191265,-11.36068149497234,2.0,17.0,107.0,1.0,-0.3277806654656561,5.746087358226057,32.0,5.366606252397923,33.78233535923267,-10.976262945977965,0.03938611931656766,1.560796812396154,0.0,-10.098640653079954,1.0605878881108552,0.004241991155552178,1.0803298041237586,4.0,4.0,nan,-0.6262220866772397,-0.1878666260031719,0.0,0.0,0.0,3.3729672667640296,0.5,,,4,2,2,5.462873935699463,-7,188,True,True,False,"A:1,B:1,ESTOP:0,MODE:1",DRIVE_RUN,,,,,,,,,,,,,0,,,False,0,,,,-9999.0,-1.0,-1.0,False,36.96766424333333,127.87364786166667,121.84200000000001,2,0.00014884000000000002,36.96766393977944,127.87364986399332,4.0,0.06346345157623291,1.0,0.0,0.10252690315246582,0.18126753530633835,5.0936965142422626,-10.795155046724853,0.0,0.0,0.0,0.43173779109443633,0.23907380881943968,-0.7304562133548774,0.4721015929317721,-0.014451326206513048,-0.007592182246175334,0.032026791774095946,-8.208166049999999,0.99047165,2.7752819499999997
1789051714.041257,5.816,4.0,-6.399213635789332,4,0,187,-17.139569641186316,4.751462379473569,-11.282716525491736,2.0,18.0,107.0,1.0,-0.3292031235311496,5.731445183383051,32.0,5.274097697477583,33.693959488928876,-10.976262945977965,0.03938611931656766,0.36094783953321413,0.0,-10.098640653079954,1.0605878881108552,0.004241991155552178,1.0803298041237586,4.0,4.0,nan,-0.6426111199505224,-0.19278333598515673,0.0,0.0,0.0,3.3729672667640296,0.5,,,4,2,2,5.318843841552734,-7,386,True,True,False,"A:1,B:1,ESTOP:0,MODE:1",DRIVE_RUN,,,,,,,,,,,,,0,,,False,0,,,,-9999.0,-1.0,-1.0,False,36.96766424333333,127.87364786166667,121.84200000000001,2,0.00014884000000000002,36.967663792730406,127.87365084105697,4.0,0.08847189159393311,1.0,0.0,0.1525437831878662,0.2696973267390083,5.0936965142422626,-10.795155046724853,0.0,0.0,0.0,0.43137018085957923,0.23947325934133296,-0.7301356151222818,0.4727306935831644,-0.006457718232379019,0.022846359908605774,-0.0022514747350726853,-7.54131385,0.21574629999999997,5.3152043
1789051714.091249,5.866,4.0,-5.857205101658861,4,0,187,-17.05266809227029,4.735092955657851,-11.264672592993236,2.0,18.0,107.0,1.0,-0.3306689105166313,5.739968400121433,32.0,5.1860598855952595,33.6055437246926,-10.976262945977965,0.03938611931656766,1.9532974820796087,0.0,-10.098640653079954,1.0605878881108552,0.004241991155552178,1.0803298041237586,4.0,4.0,nan,-0.6590712761270799,-0.197721382838124,0.0,0.0,0.0,3.3729672667640296,0.5,,,4,2,2,5.563542366027832,-6,170,True,True,False,"A:1,B:1,ESTOP:0,MODE:1",DRIVE_RUN,,,,,,,,,,,,,0,,,False,0,,,,-9999.0,-1.0,-1.0,False,36.96766370833333,127.87365119166667,121.84299999999999,2,0.00014884000000000002,36.96766370833333,127.87365119166667,4.0,0.0122,1.0,1.0,0.0,0.0,5.339695560914503,-11.369603667251578,0.0,0.0,0.0,0.4314928514772752,0.2395823365749274,-0.7296663052613839,0.4732877624569531,-0.027611108766550294,-0.008517206749732328,0.022078415037728265,-9.218250999999999,0.8531785499999999,3.8245934999999998
1789051714.141272,5.916,4.0,-5.841093486837936,4,0,188,-17.021484324808835,4.725697916529189,-11.139772151456896,2.0,18.0,107.0,1.0,-0.3346789756629664,5.515824238611108,33.0,5.492990650254951,33.573226995174174,-10.727690041546397,0.026849127572342014,3.1720703968429467,0.0,-10.098640653079954,1.0605878881108552,0.004241991155552178,1.0803298041237586,4.0,4.0,nan,-0.6756047216529115,-0.20268141649587346,0.0,0.0,0.0,3.3729672667640296,0.5,,,4,2,2,5.680611610412598,-7,172,True,True,False,"A:1,B:1,ESTOP:0,MODE:1",DRIVE_RUN,,,,,,,,,,,,,0,,,False,0,,,,-9999.0,-1.0,-1.0,False,36.96766370833333,127.87365119166667,121.84299999999999,2,0.00014884000000000002,36.96766357151918,127.8736520432372,4.0,0.03404844017028809,1.0,0.0,0.04369688034057617,0.07725608444213868,5.339695560914503,-11.369603667251578,0.0,0.0,0.0,0.43081340473032065,0.24001163877428192,-0.729559029411774,0.47385424569302176,-0.06311110575211495,-0.00307177948351002,-1.7453292519943296e-05,-8.139519499999999,0.10787314999999999,3.9814999
1789051714.191282,5.966,4.0,-5.8525124857798385,4,0,190,-16.94574432733688,4.710467834893271,-10.981766244479132,2.0,18.0,107.0,1.0,-0.336938240197471,5.456226307753022,33.0,5.461026184670423,33.49600631347362,-10.727690041546397,0.026849127572342014,2.9661583723267997,0.0,-10.098640653079954,1.0605878881108552,0.004241991155552178,1.0803298041237586,4.0,4.0,nan,-0.6923386704360598,-0.20770160113081793,0.0,0.0,0.0,3.3729672667640296,0.5,,,4,2,2,5.698821544647217,-8,173,True,True,False,"A:1,B:1,ESTOP:0,MODE:1",DRIVE_RUN,,,,,,,,,,,,,0,,,False,0,,,,-9999.0,-1.0,-1.0,False,36.96766370833333,127.87365119166667,121.84299999999999,2,0.00014884000000000002,36.967663415385836,127.87365301784395,4.0,0.059050800514221194,1.0,0.0,0.09370160102844238,0.16566442431563674,5.339695560914503,-11.369603667251578,0.0,0.0,0.0,0.43072924142444696,0.24036032705291965,-0.7292123558550349,0.47428743798384965,-0.04799655442984406,-0.012583823906879116,0.022130774915288098,-7.7668668,1.6082906,4.48163905
1789051714.241280,6.016,4.0,-5.899296789368783,4,0,188,-16.859061298939636,4.693087150292664,-10.8332583333044,2.0,19.0,107.0,1.0,-0.33947477611936877,5.3796748939554515,33.0,5.3841556663487005,33.407637210133686,-10.727690041546397,0.026849127572342014,3.383504606321483,0.0,-10.098640653079954,1.0605878881108552,0.004241991155552178,1.0803298041237586,4.0,4.0,nan,-0.7091855824459333,-0.21275567473378,0.0,0.0,0.0,3.3729672667640296,0.5,,,4,2,2,5.585663318634033,-7,171,True,True,False,"A:1,B:1,ESTOP:0,MODE:1",DRIVE_RUN,,,,,,,,,,,,,0,,,False,0,,,,-9999.0,-1.0,-1.0,False,36.96766370833333,127.87365119166667,121.84299999999999,2,0.00014884000000000002,36.967663260246155,127.87365399196953,4.0,0.08403516025543213,1.0,0.0,0.14367032051086426,0.2540090646770164,5.339695560914503,-11.369603667251578,0.0,0.0,0.0,0.43134890327400155,0.24087775997823155,-0.7283531434197358,0.4747817676183187,-0.05520476424058064,-0.006318091892219472,0.023177972466484696,-8.81617835,-0.2353596,5.815343449999999
1789051714.291346,6.066,4.0,-5.928291386031418,4,0,202,-16.772421066129418,4.675817080040027,-10.664288970368347,2.0,19.0,107.0,1.0,-0.3419334635608996,5.3267546085764765,33.0,5.296197331618128,33.31932900104772,-10.727690041546397,0.026849127572342014,-0.27212784745492646,0.0,-10.098640653079954,1.0605878881108552,0.004241991155552178,1.0803298041237586,4.0,4.0,nan,-0.7261593212519017,-0.21784779637557053,0.0,0.0,0.0,3.3729672667640296,0.5,,,4,2,2,5.355857849121094,-7,170,True,True,False,"A:1,B:1,ESTOP:0,MODE:1",DRIVE_RUN,,,,,,,,,,,,,0,,,False,0,,,,-9999.0,-1.0,-1.0,False,36.967663265,127.87365482333334,121.83699999999999,2,0.00014884000000000002,36.967663265,127.87365482333334,4.0,0.0122,1.0,1.0,0.0,0.0,5.701641235253549,-8.686960610194738,0.0,0.0,0.0,0.43119429745007054,0.24098023657994838,-0.7280248103613306,0.4753734099870972,0.0029670597283903604,0.0021991148575128553,-0.0049741883681838385,-8.77695175,-0.1372931,6.58026215
1789051714.341285,6.116,4.0,-5.333068269349596,4,0,199,-16.698478286138666,4.676346275482327,-10.579019459227482,2.0,19.0,107.0,1.0,-0.32919364582257904,5.255434144094093,33.0,5.208307266301751,33.246517880849474,-8.686960610194738,0.09886641800868007,0.5084208761546021,0.0,-10.098640653079954,1.0605878881108552,0.004241991155552178,1.0803298041237586,4.0,4.0,nan,-0.7432559944299467,-0.222976798328984,0.0,0.0,0.0,3.3729672667640296,0.5,,,4,2,2,5.489782810211182,-7,192,True,True,False,"A:1,B:1,ESTOP:0,MODE:1",DRIVE_RUN,,,,,,,,,,,,,0,,,False,0,,,,-9999.0,-1.0,-1.0,False,36.967663265,127.87365482333334,121.83699999999999,2,0.00014884000000000002,36.967663132708964,127.87365591522543,4.0,0.0399785062789917,1.0,0.0,0.0555570125579834,0.09822479820251465,5.701641235253549,-8.686960610194738,0.0,0.0,0.0,0.43080944115078146,0.24114922815730672,-0.7278291277731437,0.47593595781309844,0.01085594794740473,-0.007661995416255106,0.04036946559862885,-9.11037785,-0.06864655,4.4522191
1789051714.391295,6.166,4.0,-5.459774009445795,4,0,187,-16.60136371870157,4.661619704827893,-10.55364729010725,2.0,19.0,107.0,1.0,-0.32767111504227786,4.9525297174113385,34.0,5.523792973263311,33.14830880365354,-8.686960610194738,0.09886641800868007,2.791235822825187,0.0,-10.098640653079954,1.0605878881108552,0.004241991155552178,1.0803298041237586,4.0,4.0,nan,-0.7597156767210757,-0.2279147030163227,0.0,0.0,0.0,3.3729672667640296,0.5,,,4,2,2,5.5191850662231445,-8,223,True,True,False,"A:1,B:1,ESTOP:0,MODE:1",DRIVE_RUN,,,,,,,,,,,,,0,,,False,0,,,,-9999.0,-1.0,-1.0,False,36.967663265,127.87365482333334,121.83699999999999,2,0.00014884000000000002,36.96766301464848,127.87365689798958,4.0,0.06497597904205323,1.0,0.0,0.10555195808410645,0.18661582518307646,5.701641235253549,-8.686960610194738,0.0,0.0,0.0,0.43040819533383856,0.24168024166994542,-0.7275127550481022,0.47651299816284676,-0.051871185369271475,0.006841690667817772,0.005393067388662479,-7.63938035,0.06864655,4.26589275
1789051714.441376,6.216,4.0,-5.460452890896953,4,0,188,-16.513955158550925,4.648477271860015,-10.413275739885762,2.0,20.0,107.0,1.0,-0.32618998865850635,4.981375190715597,34.0,5.4257048783363695,33.05993403335527,-8.686960610194738,0.09886641800868007,1.5626116515779562,0.0,-10.098640653079954,1.0605878881108552,0.004241991155552178,1.0803298041237586,4.0,4.0,nan,-0.7760992324731896,-0.23282976974195685,0.0,0.0,0.0,3.3729672667640296,0.5,,,4,2,2,5.290771484375,-7,170,True,True,False,"A:1,B:1,ESTOP:0,MODE:1",DRIVE_RUN,,,,,,,,,,,,,0,,,False,0,,,,-9999.0,-1.0,-1.0,False,36.967663265,127.87365482333334,121.83699999999999,2,0.00014884000000000002,36.96766289685332,127.87365788236112,4.0,0.09001219482421875,1.0,0.0,0.1556243896484375,0.27514383867720527,5.701641235253549,-8.686960610194738,0.0,0.0,0.0,0.43047205990894477,0.24206215222950475,-0.726981190656415,0.47707239338233687,-0.022270401255447644,-0.007330382858376184,0.017383479349863524,-8.8063717,1.7553903499999999,6.61948875
1789051714.491335,6.266,4.0,-5.524117464996245,4,0,187,-16.4264036346728,4.635364374598327,-10.33340129882194,2.0,20.0,107.0,1.0,-0.3244858749574368,4.8903065000091175,34.0,5.337435195969499,32.97142336554558,-8.686960610194738,0.09886641800868007,-0.6464827950280426,0.0,-10.098640653079954,1.0605878881108552,0.004241991155552178,1.0803298041237586,4.0,4.0,nan,-0.7924087319061149,-0.23772261957183446,0.0,0.0,0.0,3.3729672667640296,0.5,,,4,2,2,5.584501266479492,-7,171,True,True,False,"A:1,B:1,ESTOP:0,MODE:1",DRIVE_RUN,,,,,,,,,,,,,0,,,False,0,,,,-9999.0,-1.0,-1.0,False,36.967662706666665,127.87365851833333,121.84899999999999,2,0.00014884000000000002,36.967662706666665,127.87365851833333,4.0,0.0122,1.0,1.0,0.0,0.0,6.1117483986975065,-10.709493385663329,0.0,0.0,0.0,0.4300199300653703,0.2424422268495997,-0.726625568048693,0.47782832716855045,0.021746802479849347,-0.0005585053606381855,0.016755160819145562,-8.5513988,-0.0980665,3.12832135
1789051714.541276,6.316,4.0,-5.823367567185668,4,0,189,-16.36983928448781,4.614192893121477,-10.384328867858954,2.0,20.0,107.0,1.0,-0.3352649026704651,4.860923289542343,34.0,5.249030103108363,32.91211134380914,-10.709493385663329,-0.01880460434206981,2.678520623870607,0.0,-10.098640653079954,1.0605878881108552,0.004241991155552178,1.0803298041237586,4.0,4.0,nan,-0.8086330256539868,-0.242589907696196,0.0,0.0,0.0,3.3729672667640296,0.5,,,5,2,3,5.832683086395264,-7,174,True,True,False,"A:1,B:1,ESTOP:0,MODE:1",DRIVE_RUN,,,,,,,,,,,,,0,,,False,0,,,,-9999.0,-1.0,-1.0,False,36.967662706666665,127.87365851833333,121.84899999999999,2,0.00014884000000000002,36.96766254716661,127.87365957808831,4.0,0.03932500095367432,1.0,0.0,0.05425000190734863,0.09591400337219237,6.1117483986975065,-10.709493385663329,0.0,0.0,0.0,0.42976770973959266,0.24281630644747537,-0.7262564612765978,0.47842607521160946,-0.038641589639154456,0.0026005405854715507,0.026668630970473357,-8.5513988,0.8727918499999999,3.3832942499999996
1789051714.591292,6.366,4.0,-5.2407747322651375,4,0,188,-16.27558304112083,4.596437428322765,-10.249874834677058,2.0,20.0,107.0,1.0,-0.33598196412119,5.084934917745344,34.0,5.190728177466124,32.81621296024988,-10.709493385663329,-0.01880460434206981,1.3676692451714183,0.0,-10.098640653079954,1.0605878881108552,0.004241991155552178,1.0803298041237586,4.0,4.0,nan,-0.82539627078751,-0.24761888123625297,0.0,0.0,0.0,3.3729672667640296,0.5,,,4,2,2,5.589663505554199,-7,170,True,True,False,"A:1,B:1,ESTOP:0,MODE:1",DRIVE_RUN,,,,,,,,,,,,,0,,,False,0,,,,-9999.0,-1.0,-1.0,False,36.967662706666665,127.87365851833333,121.84899999999999,2,0.00014884000000000002,36.9676624006046,127.87366055685303,4.0,0.06437266082763672,1.0,0.0,0.10434532165527344,0.18448250900887309,6.1117483986975065,-10.709493385663329,0.0,0.0,0.0,0.42949032705427276,0.24310765091905503,-0.7259838000242735,0.4789407595243365,-0.022968532956245378,-0.002129301687433082,0.008028514559173916,-8.62004535,-0.02941995,6.6096821
1789051714.641297,6.416,4.0,-5.34438139959817,4,0,188,-16.1885301966155,4.5801222201389065,-10.181930664374221,2.0,20.0,107.0,1.0,-0.33656223168551314,4.777105372453868,35.0,5.494230219118164,32.727657493045676,-10.709493385663329,-0.01880460434206981,1.288280920564702,0.0,-10.098640653079954,1.0605878881108552,0.004241991155552178,1.0803298041237586,4.0,4.0,nan,-0.8421953689935695,-0.25265861069807083,0.0,0.0,0.0,3.3729672667640296,0.5,,,4,2,2,5.688350200653076,-7,177,True,True,False,"A:1,B:1,ESTOP:0,MODE:1",DRIVE_RUN,,,,,,,,,,,,,0,,,False,0,,,,-9999.0,-1.0,-1.0,False,36.967662706666665,127.87365851833333,121.84899999999999,2,0.00014884000000000002,36.96766225495117,127.87366153278327,4.0,0.08934498043060303,1.0,0.0,0.15428996086120605,0.27278459626226914,6.1117483986975065,-10.709493385663329,0.0,0.0,0.0,0.42953322498523117,0.24309775555219437,-0.7253937838654758,0.47980052960433445,-0.01642354826126664,0.0069638637154573755,0.015969762655748117,-8.394492399999999,1.7455836999999998,4.2756994
1789051714.691327,6.466,4.0,-5.456164619387845,4,0,188,-16.101729454127277,4.563908154406669,-10.117302596151717,2.0,21.0,107.0,1.0,-0.3370877830295858,4.79329615627352,35.0,5.406023996567874,32.6393675630752,-10.709493385663329,-0.01880460434206981,1.3554056970280974,0.0,-10.098640653079954,1.0605878881108552,0.004241991155552178,1.0803298041237586,4.0,4.0,nan,-0.8590234805778452,-0.25770704417335355,0.0,0.0,0.0,3.3729672667640296,0.5,,,4,2,2,5.546825885772705,-8,173,True,True,False,"A:1,B:1,ESTOP:0,MODE:1",DRIVE_RUN,,,,,,,,,,,,,0,,,False,0,,,,-9999.0,-1.0,-1.0,False,36.967662286666666,127.87366248166667,121.85400000000001,2,0.00014884000000000002,36.967662286666666,127.87366248166667,4.0,0.0122,1.0,1.0,0.0,0.0,6.1383538767320145,-7.5552771985575236,0.0,0.0,0.0,0.4293397464312898,0.24360239376163684,-0.7250176522660399,0.480286018733167,-0.01387536755335492,-0.013421581947836395,0.026354471705114377,-8.580818749999999,-1.0591182,5.923216599999999
1789051714.741282,6.516,4.0,-5.21590090375866,4,0,188,-16.01733430038636,4.5674387070747064,-9.921472146596727,2.0,21.0,107.0,1.0,-0.3230526862557023,4.814759872162382,35.0,5.318090187341704,32.55675618275192,-7.5552771985575236,0.1281012698797099,3.6153236147198817,0.0,-10.098640653079954,1.0605878881108552,0.004241991155552178,1.0803298041237586,4.0,4.0,nan,-0.8758778697293245,-0.2627633609187973,0.0,0.0,0.0,3.3729672667640296,0.5,,,4,2,2,5.753806114196777,-7,171,True,True,False,"A:1,B:1,ESTOP:0,MODE:1",DRIVE_RUN,,,,,,,,,,,,,0,,,False,0,,,,-9999.0,-1.0,-1.0,False,36.967662286666666,127.87366248166667,121.85400000000001,2,0.00014884000000000002,36.96766218009179,127.87366348791176,4.0,0.03773164958953858,1.0,0.0,0.05106329917907715,0.0902799129486084,6.1383538767320145,-7.5552771985575236,0.0,0.0,0.0,0.42906899522651554,0.24405151176536427,-0.72464360020456,0.4808641280267455,-0.07068583470577035,-0.006562437987498679,0.0027925268031909274,-8.629852,0.40207265,3.7069137
1789051714.791279,6.566,4.0,-4.597029296183406,4,0,188,-15.927837309521923,4.555574846439706,-9.740384627053743,2.0,21.0,107.0,1.0,-0.3246191692600173,4.495077283724044,35.0,5.234394698835251,32.46653748030706,-7.5552771985575236,0.1281012698797099,2.174816512336707,0.0,-10.098640653079954,1.0605878881108552,0.004241991155552178,1.0803298041237586,4.0,4.0,nan,-0.8920305040421096,-0.26760915121263285,0.0,0.0,0.0,3.3729672667640296,0.5,,,4,2,2,5.690435409545898,-7,171,True,True,False,"A:1,B:1,ESTOP:0,MODE:1",DRIVE_RUN,,,,,,,,,,,,,0,,,False,0,,,,-9999.0,-1.0,-1.0,False,36.967662286666666,127.87366248166667,121.85400000000001,2,0.00014884000000000002,36.96766207633579,127.8736644727187,4.0,0.06271708221435547,1.0,0.0,0.10103416442871094,0.17862839223836421,6.1383538767320145,-7.5552771985575236,0.0,0.0,0.0,0.42882488308020644,0.24460110674174038,-0.7242664212415724,0.48137061532034553,-0.03061307507998054,-0.007661995416255106,0.024556782575560217,-8.42391235,-0.7256921,5.4034641500000005
1789051714.841281,6.616,4.0,-4.595642637221955,4,0,188,-15.840247059928602,4.544024781227823,-9.632212717919202,2.0,21.0,107.0,1.0,-0.32609164262030693,4.105197258389461,36.0,5.532403804644382,32.37825147778966,-7.5552771985575236,0.1281012698797099,-0.4319305426125616,0.0,-10.098640653079954,1.0605878881108552,0.004241991155552178,1.0803298041237586,4.0,4.0,nan,-0.9082614625051104,-0.2724784387515331,0.0,0.0,0.0,3.3729672667640296,0.5,,,4,2,2,5.790055751800537,-7,170,True,True,False,"A:1,B:1,ESTOP:0,MODE:1",DRIVE_RUN,,,,,,,,,,,,,0,,,False,0,,,,-9999.0,-1.0,-1.0,False,36.967662286666666,127.87366248166667,121.85400000000001,2,0.00014884000000000002,36.967661973149156,127.87366545763845,4.0,0.08770299167633057,1.0,0.0,0.15100598335266113,0.2669785341172102,6.1383538767320145,-7.5552771985575236,0.0,0.0,0.0,0.42889055551525695,0.24481071139031652,-0.7236749190365295,0.4820946157507404,0.011484266478122689,0.005864306286700947,0.0045029494701453706,-9.1201845,1.7063570999999997,4.618932149999999
1789051714.891251,6.666,4.0,-4.724878734476211,4,0,188,-15.752646777216471,4.532538097437771,-9.6538543298104,2.0,22.0,107.0,1.0,-0.32750000345585606,4.027476600323479,36.0,5.444103474714216,32.28996657955828,-7.5552771985575236,0.1281012698797099,2.7962457751894605,0.0,-10.098640653079954,1.0605878881108552,0.004241991155552178,1.0803298041237586,4.0,4.0,nan,-0.9245660446361258,-0.2773698133908377,0.0,0.0,0.0,3.3729672667640296,0.5,,,4,2,2,5.581026077270508,-7,171,True,True,False,"A:1,B:1,ESTOP:0,MODE:1",DRIVE_RUN,,,,,,,,,,,,,0,,,False,0,,,,-9999.0,-1.0,-1.0,False,36.96766173333334,127.87366658166667,121.86099999999999,2,0.00014884000000000002,36.96766173333334,127.87366658166667,4.0,0.0122,1.0,1.0,0.0,0.0,6.470635317682496,-9.587643015731365,0.0,0.0,0.0,0.42846244865835353,0.2451470486029698,-0.7231867390517797,0.4830360184402338,-0.03139847324337799,0.010000736613927507,0.04351105825221863,-8.71811185,1.4808041499999998,6.4331624
1789051714.941282,6.716,4.0,-4.858066075308004,4,0,187,-15.652673972920804,4.505841922609362,-9.511180282266054,2.0,22.0,107.0,1.0,-0.3397066933666466,4.079888278140966,36.0,5.355800903478725,32.186930401803714,-9.587643015731365,0.0033105657039513405,2.518453170991671,0.0,-10.098640653079954,1.0605878881108552,0.004241991155552178,1.0803298041237586,4.0,4.0,nan,-0.9409410448089186,-0.28228231344267557,0.0,0.0,0.0,3.3729672667640296,0.5,,,4,2,2,5.521005630493164,-8,184,True,True,False,"A:1,B:1,ESTOP:0,MODE:1",DRIVE_RUN,,,,,,,,,,,,,0,,,False,0,,,,-9999.0,-1.0,-1.0,False,36.96766173333334,127.87366658166667,121.86099999999999,2,0.00014884000000000002,36.96766159928533,127.87366757591887,4.0,0.037562133979797366,1.0,0.0,0.05072426795959473,0.08968050575256349,6.470635317682496,-9.587643015731365,0.0,0.0,0.0,0.42924452218241516,0.2452374566693114,-0.7221728145508386,0.48381210810238906,-0.04401720373529699,0.02939134460358451,0.006544984694978736,-8.46313895,1.4906107999999998,5.32501095
1789051714.991269,6.766,4.0,-4.8867198236392735,4,0,187,-15.564243647432953,4.49091976658923,-9.385083614457983,2.0,22.0,107.0,1.0,-0.3413066401006616,4.121079800236076,36.0,5.253734840919496,32.09724998521387,-9.587643015731365,0.0033105657039513405,1.6933077884488166,0.0,-10.098640653079954,1.0605878881108552,0.004241991155552178,1.0803298041237586,4.0,4.0,nan,-0.9579263794772509,-0.28737791384317524,0.0,0.0,0.0,3.3729672667640296,1.5288839325103731,,,4,2,2,5.573444843292236,-7,171,True,True,False,"A:1,B:1,ESTOP:0,MODE:1",DRIVE_RUN,,,,,,,,,,,,,0,,,False,0,,,,-9999.0,-1.0,-1.0,False,36.96766173333334,127.87366658166667,121.86099999999999,2,0.00014884000000000002,36.967661467903206,127.87366855579079,4.0,0.06255364627838135,1.0,0.0,0.1007072925567627,0.17805047508747313,6.470635317682496,-9.587643015731365,0.0,0.0,0.0,0.4286925821840281,0.24589712230618402,-0.7218989799017935,0.4843749973302479,-0.015969762655748117,0.022671826983406338,0.02949606435870417,-9.12999115,1.57887065,5.03081145
1789051715.041270,6.816,4.0,-4.435684523586375,4,0,206,-15.477092327196612,4.4762943755621265,-9.300510756751208,2.0,23.0,107.0,1.0,-0.3428034073564428,4.067645583642354,36.0,5.164297956613378,32.008880236118316,-9.587643015731365,0.0033105657039513405,3.823487643051184,0.0,-10.098640653079954,1.0605878881108552,0.004241991155552178,1.0803298041237586,4.0,4.0,nan,-0.974991711482284,-0.2924975134446852,0.0,0.0,0.0,3.3729672667640296,1.5288839325103731,,,4,2,2,5.559558868408203,-7,170,True,True,False,"A:1,B:1,ESTOP:0,MODE:1",DRIVE_RUN,,,,,,,,,,,,,0,,,False,0,,,,-9999.0,-1.0,-1.0,False,36.96766173333334,127.87366658166667,121.86099999999999,2,0.00014884000000000002,36.967661337608114,127.87366953651943,4.0,0.08756077499389649,1.0,0.0,0.15072154998779297,0.26647557022600066,6.470635317682496,-9.587643015731365,0.0,0.0,0.0,0.42837239758964357,0.24621199390448056,-0.721371773531832,0.48528291479550334,-0.05897467542488839,0.008639379797371931,0.0301941960595019,-8.81617835,0.16671305,5.20733115
1789051715.091240,6.866,4.0,-4.382292239958354,4,0,195,-15.389864808089804,4.4617899922623705,-9.10864101337205,2.0,23.0,107.0,1.0,-0.3441318106680826,3.845006850830902,37.0,5.477301334304584,31.920455675449958,-9.587643015731365,0.0033105657039513405,3.0544443057302844,0.0,-10.098640653079954,1.0605878881108552,0.004241991155552178,1.0803298041237586,4.0,4.0,nan,-0.9921318818501061,-0.2976395645550318,0.0,0.0,0.0,3.3729672667640296,1.5288839325103731,,,4,2,2,5.700893878936768,-7,170,True,True,False,"A:1,B:1,ESTOP:0,MODE:1",DRIVE_RUN,,,,,,,,,,,,,0,,,False,0,,,,-9999.0,-1.0,-1.0,False,36.967661308333334,127.87367087666667,121.863,2,0.00014884000000000002,36.967661308333334,127.87367087666667,4.0,0.0122,1.0,1.0,0.0,0.0,6.672736218169191,-7.060071272117997,0.0,0.0,0.0,0.42785746146156356,0.24685845054843478,-0.7209999253040268,0.4859609097201961,-0.04836307357276287,-0.0009250245035569946,0.02295107966372543,-8.63965865,-0.61781895,4.0991797
1789051715.141289,6.916,4.0,-4.127020953398135,4,0,187,-15.270670044651999,4.458531138667086,-8.853085557303245,2.0,23.0,107.0,1.0,-0.3287487921886339,3.718477289200989,37.0,5.389093460350547,31.802408656909982,-7.060071272117997,0.1024284870627028,2.5651897060174003,0.0,-10.098640653079954,1.0605878881108552,0.004241991155552178,1.0803298041237586,4.0,4.0,nan,-1.0093384723835104,-0.3028015417150531,0.0,0.0,0.0,3.3729672667640296,1.5288839325103731,,,4,2,2,5.7289323806762695,-7,305,True,True,False,"A:1,B:1,ESTOP:0,MODE:1",DRIVE_RUN,,,,,,,,,,,,,0,,,False,0,,,,-9999.0,-1.0,-1.0,False,36.967661308333334,127.87367087666667,121.863,2,0.00014884000000000002,36.967661222998416,127.87367174428358,4.0,0.03418803424835205,1.0,0.0,0.0439760684967041,0.07774968910217286,6.672736218169191,-7.060071272117997,0.0,0.0,0.0,0.4275494612412272,0.24698534825266927,-0.7205112679037953,0.48689137265360244,-0.032114058236695664,0.01075122819228507,0.0334579617607313,-7.4726672999999995,0.63743225,4.16782625
1789051715.191265,6.966,4.0,-4.080687959709433,4,0,187,-15.193502856884134,4.449031699070846,-8.725388244505325,2.0,23.0,107.0,1.0,-0.3260888609023374,3.3764648270156727,37.0,5.270125635219285,31.724743742329164,-7.060071272117997,0.1024284870627028,0.08119826934715133,0.0,-10.098640653079954,1.0605878881108552,0.004241991155552178,1.0803298041237586,4.0,4.0,nan,-1.0257759119929422,-0.30773277359788265,0.0,0.0,0.0,3.3729672667640296,1.6385913950736546,,,4,2,2,5.735807418823242,-7,172,True,True,False,"A:1,B:1,ESTOP:0,MODE:1",DRIVE_RUN,,,,,,,,,,,,,0,,,False,0,,,,-9999.0,-1.0,-1.0,False,36.967661308333334,127.87367087666667,121.863,2,0.00014884000000000002,36.96766112737836,127.87367273045618,4.0,0.05917537422180176,1.0,0.0,0.09395074844360352,0.16610486207465885,6.672736218169191,-7.060071272117997,0.0,0.0,0.0,0.4276263271856482,0.24735757320018692,-0.7198228854878888,0.48765250825369183,0.019757127132575807,0.004049163864626845,0.03939208121751202,-8.3748791,1.3533177,4.85429175
1789051715.241271,7.016,4.0,-3.70008927916946,4,0,197,-15.105791144367583,4.4383873235368965,-8.721314647972378,2.0,24.0,107.0,1.0,-0.3229142221879912,3.271843743732166,37.0,5.192404496939996,31.636492607561937,-7.060071272117997,0.1024284870627028,0.6223066365456792,0.0,-10.098640653079954,1.0605878881108552,0.004241991155552178,1.0803298041237586,4.0,4.0,nan,-1.042080355038059,-0.3126241065114177,0.0,0.0,0.0,3.3729672667640296,1.6385913950736546,,,4,2,2,6.0524821281433105,-7,174,True,True,False,"A:1,B:1,ESTOP:0,MODE:1",DRIVE_RUN,,,,,,,,,,,,,0,,,False,0,,,,-9999.0,-1.0,-1.0,False,36.967661308333334,127.87367087666667,121.863,2,0.00014884000000000002,36.9676610327452,127.87367371673494,4.0,0.08416164131164551,1.0,0.0,0.14392328262329102,0.25445618103843587,6.672736218169191,-7.060071272117997,0.0,0.0,0.0,0.4272808816393956,0.24791209233722508,-0.7193851517724924,0.4883192050981698,-0.007976154681614086,-0.0158824961931484,0.010524335389525807,-8.6886919,0.25497289999999995,3.0204481999999997
1789051715.291289,7.066,4.0,-3.748133835584052,4,0,189,-15.018069988990028,4.427852807763099,-8.690307803897213,2.0,24.0,107.0,1.0,-0.31895010997520995,3.0669024162347194,38.0,5.499290599613971,31.548251282226946,-7.060071272117997,0.1024284870627028,1.827179296716375,0.0,-10.098640653079954,1.0605878881108552,0.004241991155552178,1.0803298041237586,4.0,4.0,nan,-1.0582260661474587,-0.3174678198442376,0.0,0.0,0.0,3.3729672667640296,1.6385913950736546,,,4,2,2,6.196157455444336,-6,269,True,True,False,"A:1,B:1,ESTOP:0,MODE:1",DRIVE_RUN,,,,,,,,,,,,,0,,,False,0,,,,-9999.0,-1.0,-1.0,False,36.96766077833333,127.87367532666667,121.868,2,0.00014884000000000002,36.96766077833333,127.87367532666667,4.0,0.0122,1.0,1.0,0.0,0.0,7.10010787213804,-8.478495091201623,0.0,0.0,0.0,0.4266750032958595,0.24834680513619217,-0.7189915879590117,0.4892069116287128,-0.029042278753185644,0.014311699866353502,0.011222467090323538,-8.42391235,0.12748644999999997,3.97169325
1789051715.341265,7.116,4.0,-3.8958144294812285,4,0,188,-14.874880176343325,4.39953180841086,-8.588474169062124,2.0,24.0,107.0,1.0,-0.31971883409111124,3.0553818788102034,38.0,5.410958639080771,31.402336181508087,-8.478495091201623,0.01059063563477878,0.7914272789494762,0.0,-10.098640653079954,1.0605878881108552,0.004241991155552178,1.0803298041237586,4.0,4.0,nan,-1.0741735716462193,-0.32225207149386575,0.0,0.0,0.0,3.3729672667640296,1.6385913950736546,,,5,2,3,6.539910793304443,-6,192,True,True,False,"A:1,B:1,ESTOP:0,MODE:1",DRIVE_RUN,,,,,,,,,,,,,0,,,False,0,,,,-9999.0,-1.0,-1.0,False,36.96766077833333,127.87367532666667,121.868,2,0.00014884000000000002,36.96766065520462,127.87367636231123,4.0,0.03853655071258545,1.0,0.0,0.0526731014251709,0.09312604331970215,7.10010787213804,-8.478495091201623,0.0,0.0,0.0,0.42656383410150805,0.24876891514636548,-0.7183594157111757,0.49001742025423944,-0.008255407361933179,0.026895523773232618,0.009773843811168246,-8.502365549999999,0.1569064,2.7262487
1789051715.391268,7.166,4.0,-3.9779221520146653,4,0,187,-14.782768350970406,4.3858251826290005,-8.548744531131263,2.0,24.0,107.0,1.0,-0.3157826946320435,3.1072352704043547,38.0,5.2656988753279,31.30923208872836,-8.478495091201623,0.01059063563477878,1.6654722217863054,0.0,-10.098640653079954,1.0605878881108552,0.004241991155552178,1.0803298041237586,4.0,4.0,nan,-1.0901595133507749,-0.32704785400523245,0.0,0.0,0.0,3.3729672667640296,1.8785674288272554,,,4,2,2,6.5401129722595215,-5,174,True,True,False,"A:1,B:1,ESTOP:0,MODE:1",DRIVE_RUN,,,,,,,,,,,,,0,,,False,0,,,,-9999.0,-1.0,-1.0,False,36.96766077833333,127.87367532666667,121.868,2,0.00014884000000000002,36.96766053849239,127.87367734642005,4.0,0.06356120319366455,1.0,0.0,0.1027224063873291,0.1816132115517904,7.10010787213804,-8.478495091201623,0.0,0.0,0.0,0.4263899306047505,0.24921177775859768,-0.7180376543967256,0.4904151749015561,-0.02923426497090502,0.019198621771937627,0.004101523742186674,-8.325845849999999,-0.14709974999999997,4.85429175
1789051715.441282,7.216,4.0,-3.50526189669739,4,0,187,-14.695240193465105,4.372832836703495,-8.46527245969753,2.5,25.0,107.0,1.0,-0.3120107941067745,3.1211765813229375,38.0,5.172701243737031,31.22076659684168,-8.478495091201623,0.01059063563477878,0.061496739955881355,0.0,-10.098640653079954,1.0605878881108552,0.004241991155552178,1.0803298041237586,4.0,4.0,nan,-1.105948648082377,-0.3317845944247131,0.0,0.0,0.0,3.3729672667640296,1.8785674288272554,,,5,2,3,6.482362747192383,-6,172,True,True,False,"A:1,B:1,ESTOP:0,MODE:1",DRIVE_RUN,,,,,,,,,,,,,0,,,False,0,,,,-9999.0,-1.0,-1.0,False,36.96766077833333,127.87367532666667,121.868,2,0.00014884000000000002,36.96766039297285,127.87367857496596,4.0,0.08855283470153809,1.0,0.0,0.15270566940307617,0.29207621821082386,7.10010787213804,-8.478495091201623,0.0,0.0,0.0,0.4263513956533654,0.24947643906211503,-0.7176638911622868,0.4908610119974082,-8.726646259971648e-05,-0.007330382858376184,0.003159045946109736,-9.208444349999999,-0.6668522,5.8055368
1789051715.491266,7.266,4.0,-3.6267009604746194,4,0,188,-14.585971423997538,4.35663367605809,-8.462211158626161,2.5,25.0,107.0,1.0,-0.30939370300448854,2.820264970144196,39.0,5.487049532906274,31.11033126994764,-8.478495091201623,0.01059063563477878,1.6743751699984433,0.0,-10.098640653079954,1.0605878881108552,0.004241991155552178,1.0803298041237586,4.0,4.0,nan,-1.1215491877877157,-0.33646475633631473,0.0,0.0,0.0,3.3729672667640296,1.8785674288272554,,,5,3,2,6.475825786590576,-5,183,True,True,False,"A:1,B:1,ESTOP:0,MODE:1",DRIVE_RUN,,,,,,,,,,,,,0,,,False,0,,,,-9999.0,-1.0,-1.0,False,36.96766031333333,127.87367987333333,121.86599999999999,2,0.00014884000000000002,36.96766031333333,127.87367987333333,4.0,0.0122,1.0,1.0,0.0,0.0,7.494090337829004,-7.2944690885318595,0.0,0.0,0.0,0.42608789569078664,0.24936247482099808,-0.7172688722671082,0.4917243396188717,-0.01806415775814131,0.015969762655748117,0.02588323280707591,-7.32556755,1.14737805,4.26589275
1789051715.541274,7.316,4.0,-3.5269338945113757,4,0,187,-14.470492626697869,4.3477682452594,-8.319955276453953,2.5,25.0,107.0,1.0,-0.2990403213204671,2.87445361155829,39.0,5.376719928331112,30.99501488341607,-7.2944690885318595,0.0583871035047153,1.5277993307977435,0.0,-10.098640653079954,1.0605878881108552,0.004241991155552178,1.0803298041237586,4.0,4.0,nan,-1.1370188729379402,-0.3411056618813821,0.0,0.0,0.0,3.3729672667640296,1.8785674288272554,,,5,3,2,6.517354965209961,-5,173,True,True,False,"A:1,B:1,ESTOP:0,MODE:1",DRIVE_RUN,,,,,,,,,,,,,0,,,False,0,,,,-9999.0,-1.0,-1.0,False,36.96766031333333,127.87367987333333,121.86599999999999,2,0.00014884000000000002,36.967660172447346,127.87368125063453,4.0,0.04014098854064942,1.0,0.0,0.05588197708129883,0.12349916934967041,7.494090337829004,-7.2944690885318595,0.0,0.0,0.0,0.42652435838486336,0.2497801320877057,-0.7165881763750991,0.4921262468087216,-0.02738421596379103,0.04066617157146788,-0.0008203047484373349,-7.9041599,0.46091255,4.32473265
1789051715.591260,7.366,4.0,-3.2697009437511886,4,0,189,-14.34799333209323,4.332084888890933,-8.243840760108895,2.5,26.0,107.0,1.0,-0.29425001215841795,2.705832215301455,39.0,5.260927187783582,30.87162830415225,-7.2944690885318595,0.0583871035047153,2.26478386979323,0.0,-10.098640653079954,1.0605878881108552,0.004241991155552178,1.0803298041237586,4.0,4.0,nan,-1.1519708890039635,-0.34559126670118906,0.0,0.0,0.0,3.3729672667640296,2.1093983858821743,,,5,2,3,6.821783542633057,-6,170,True,True,False,"A:1,B:1,ESTOP:0,MODE:1",DRIVE_RUN,,,,,,,,,,,,,0,,,False,0,,,,-9999.0,-1.0,-1.0,False,36.96766031333333,127.87367987333333,121.86599999999999,2,0.00014884000000000002,36.96766004659505,127.87368248222604,4.0,0.06512558670043946,1.0,0.0,0.1058511734008789,0.23393109273213272,7.494090337829004,-7.2944690885318595,0.0,0.0,0.0,0.42659108262452994,0.2498676079340811,-0.7161225589710551,0.492701438259804,-0.042882739721500675,-0.015481070465189704,0.006073745796940267,-8.99269805,1.08853815,3.2361945
1789051715.641300,7.416,4.0,-3.250341004723144,4,0,189,-14.238453682321056,4.3180750754188955,-8.130624893174286,2.5,26.0,107.0,1.0,-0.2910297524613614,2.573106738726732,40.0,5.5342877815386595,30.761298434714607,-7.2944690885318595,0.0583871035047153,0.7969820624478036,0.0,-10.098640653079954,1.0605878881108552,0.004241991155552178,1.0803298041237586,4.0,4.0,nan,-1.1666833896118844,-0.35000501688356533,0.0,0.0,0.0,3.3729672667640296,2.1093983858821743,,,6,3,3,6.756439208984375,-6,283,True,True,False,"A:1,B:1,ESTOP:0,MODE:1",DRIVE_RUN,,,,,,,,,,,,,0,,,False,0,,,,-9999.0,-1.0,-1.0,False,36.96766031333333,127.87367987333333,121.86599999999999,2,0.00014884000000000002,36.9676599212898,127.8736837165266,4.0,0.09016251773834229,1.0,0.0,0.15592503547668457,0.34459429816075954,7.494090337829004,-7.2944690885318595,0.0,0.0,0.0,0.42617571023637774,0.24918776626310996,-0.7158841821875064,0.4937505026256135,0.002617993877991494,0.05057964172279567,0.026773350725593014,-8.031646349999999,-0.7453053999999999,5.16810455
1789051715.691262,7.466,4.0,-3.3048936817592045,4,0,188,-14.128673086025179,4.304126158923891,-8.090808890722542,2.5,26.0,107.0,1.0,-0.28883740163747246,2.4928225794364343,40.0,5.423900765613186,30.650742173678783,-7.2944690885318595,0.0583871035047153,0.9727113203306894,0.0,-10.098640653079954,1.0605878881108552,0.004241991155552178,1.0803298041237586,4.0,4.0,nan,-1.1812348772349526,-0.35437046317048576,0.0,0.0,0.0,3.3729672667640296,2.1093983858821743,,,4,2,2,6.7074055671691895,-6,195,True,True,False,"A:1,B:1,ESTOP:0,MODE:1",DRIVE_RUN,,,,,,,,,,,,,0,,,False,0,,,,-9999.0,-1.0,-1.0,False,36.96765980833333,127.87368463833333,121.86699999999999,2,0.00014884000000000002,36.96765980833333,127.87368463833333,4.0,0.0122,1.0,1.0,0.0,0.0,7.473199562502665,-7.555961388759226,0.0,0.0,0.0,0.42657705760220954,0.24919858515564114,-0.7152323612060566,0.49434274402227957,3.490658503988659e-05,0.01895427567665842,0.03328342883553186,-8.24739265,0.7649187,5.10926465
1789051715.741245,7.516,4.0,-3.3273918662915185,4,0,188,-14.046686172767929,4.291551902107784,-8.01534982663253,2.5,26.0,107.0,1.0,-0.2893339448738221,2.486399322756564,40.0,5.313281767688914,30.567810469687423,-7.555961388759226,0.02674237509816635,-0.9470421745718096,0.0,-10.098640653079954,1.0605878881108552,0.004241991155552178,1.0803298041237586,4.0,4.0,nan,-1.1956767473168262,-0.35870302419504785,0.0,0.0,0.0,3.3729672667640296,2.1093983858821743,,,5,2,3,6.631309986114502,-6,170,True,True,False,"A:1,B:1,ESTOP:0,MODE:1",DRIVE_RUN,,,,,,,,,,,,,0,,,False,0,,,,-9999.0,-1.0,-1.0,False,36.96765980833333,127.87368463833333,121.86699999999999,2,0.00014884000000000002,36.96765967740183,127.87368587822654,4.0,0.037366749954223635,1.0,0.0,0.050333499908447266,0.11123703479766844,7.473199562502665,-7.555961388759226,0.0,0.0,0.0,0.42751388553816627,0.24824630194354663,-0.7142481195582168,0.49543443052634567,0.028728119487826664,-0.0005759586531581288,0.018675022996339326,-9.5320638,-0.9414384,6.2174160999999994
1789051715.791284,7.566,4.0,-2.9805512227378235,4,0,188,-13.936408157242806,4.276976673769167,-8.062599832015394,2.5,27.0,107.0,1.0,-0.28768876222223244,2.4603149082234164,40.0,5.230460707700336,30.456658677271832,-7.555961388759226,0.02674237509816635,-0.6003642622035653,0.0,-10.098640653079954,1.0605878881108552,0.004241991155552178,1.0803298041237586,4.0,4.0,nan,-1.2101434445605173,-0.3630430333681552,0.0,0.0,0.0,3.3729672667640296,2.096927350687136,,,6,3,3,6.798459529876709,-6,377,True,True,False,"A:1,B:1,ESTOP:0,MODE:1",DRIVE_RUN,,,,,,,,,,,,,0,,,False,0,,,,-9999.0,-1.0,-1.0,False,36.96765980833333,127.87368463833333,121.86699999999999,2,0.00014884000000000002,36.96765954780201,127.87368711079253,4.0,0.06238293857574463,1.0,0.0,0.10036587715148926,0.22180857990671193,7.473199562502665,-7.555961388759226,0.0,0.0,0.0,0.42721446767416066,0.2481899505047019,-0.7139832340430694,0.4961022964911135,0.01499237827463129,0.014695672301792254,0.003473205211468716,-10.032202949999999,0.5491724,4.8052585
1789051715.841276,7.616,4.0,-3.0984922712945595,4,0,187,-13.826781835631854,4.262549687924922,-8.092728089615605,2.5,27.0,107.0,1.0,-0.2831065630983395,2.2329288726045577,41.0,5.520850532705436,30.346174916701095,-7.555961388759226,0.02674237509816635,2.658985670187763,0.0,-10.098640653079954,1.0605878881108552,0.004241991155552178,1.0803298041237586,4.0,4.0,nan,-1.2245278826716288,-0.36735836480148865,0.0,0.0,0.0,3.3729672667640296,2.096927350687136,,,5,2,3,7.298582553863525,-6,188,True,True,False,"A:1,B:1,ESTOP:0,MODE:1",DRIVE_RUN,,,,,,,,,,,,,0,,,False,0,,,,-9999.0,-1.0,-1.0,False,36.96765980833333,127.87368463833333,121.86699999999999,2,0.00014884000000000002,36.96765941895145,127.87368834223287,4.0,0.08737421245574951,1.0,0.0,0.15034842491149902,0.3322699799488079,7.473199562502665,-7.555961388759226,0.0,0.0,0.0,0.4278088863781717,0.24945299415557287,-0.7133852411884141,0.49581675858852975,-0.04005530633326986,0.012723450247038663,0.021746802479849347,-9.18883105,-0.73549875,2.2751428
1789051715.891270,7.666,4.0,-3.055343469089999,4,0,187,-13.717255631603937,4.248206109345662,-7.959941858453959,3.0,27.0,107.0,1.0,-0.27776484866616785,2.2971303285511766,41.0,5.4103267580791705,30.235804643458916,-7.555961388759226,0.02674237509816635,4.181697357763042,0.0,-10.098640653079954,1.0605878881108552,0.004241991155552178,1.0803298041237586,4.0,4.0,nan,-1.2386832108265458,-0.3716049632479637,0.0,0.0,0.0,3.3729672667640296,2.096927350687136,,,6,3,3,7.490497589111328,-5,173,True,True,False,"A:1,B:1,ESTOP:0,MODE:1",DRIVE_RUN,,,,,,,,,,,,,0,,,False,0,,,,-9999.0,-1.0,-1.0,False,36.96765936,127.87368948333334,121.887,2,0.00014884000000000002,36.96765936,127.87368948333334,4.0,0.0122,1.0,1.0,0.0,0.0,7.606523743544506,-6.606414149933867,0.0,0.0,0.0,0.42726191794787655,0.2493420750644991,-0.7131164244165935,0.4967300557660314,-0.06379178416039274,-0.02071705822117269,0.03895574890451344,-8.119906199999999,0.0392266,3.5402006499999996
1789051715.941334,7.716,4.0,-2.7771080258666903,4,0,188,-13.615764394783355,4.24164366395639,-7.682056194920591,3.0,28.0,107.0,1.0,-0.266193165752418,2.1990499184449885,41.0,5.299912960270566,30.134678023408746,-6.606414149933867,0.06767638542600452,3.1102592519929484,0.0,-10.098640653079954,1.0605878881108552,0.004241991155552178,1.0803298041237586,4.0,4.0,nan,-1.2525714532598542,-0.37577143597795626,0.0,0.0,0.0,3.3729672667640296,2.096927350687136,,,6,3,3,7.060678958892822,-6,171,True,True,False,"A:1,B:1,ESTOP:0,MODE:1",DRIVE_RUN,,,,,,,,,,,,,0,,,False,0,,,,-9999.0,-1.0,-1.0,False,36.96765936,127.87368948333334,121.887,2,0.00014884000000000002,36.96765922811047,127.8736909142704,4.0,0.0363541862487793,1.0,0.0,0.048308372497558594,0.1281138038635254,7.606523743544506,-6.606414149933867,0.0,0.0,0.0,0.42725252279140746,0.2494716532228699,-0.712684652448333,0.4972924312426493,-0.05190609195431137,-0.0028623399732707008,0.018675022996339326,-8.404299049999999,1.06892485,7.61976705
1789051715.991272,7.766,4.0,-2.422723032338446,4,0,187,-13.48849464415322,4.226961788788139,-7.526928983297239,3.0,28.0,107.0,1.0,-0.2590157109026603,1.8808443558263344,41.0,5.198276876774567,30.006768998547045,-6.606414149933867,0.06767638542600452,0.21381185350700704,0.0,-10.098640653079954,1.0605878881108552,0.004241991155552178,1.0803298041237586,4.0,4.0,nan,-1.265881111547475,-0.3797643334642425,0.0,0.0,0.0,3.3729672667640296,2.1769619139622938,,,6,3,3,7.223345756530762,-4,171,True,True,False,"A:1,B:1,ESTOP:0,MODE:1",DRIVE_RUN,,,,,,,,,,,,,0,,,False,0,,,,-9999.0,-1.0,-1.0,False,36.96765936,127.87368948333334,121.887,2,0.00014884000000000002,36.9676590923455,127.87369239396075,4.0,0.06132984371185303,1.0,0.0,0.09825968742370605,0.2605846823762987,7.606523743544506,-6.606414149933867,0.0,0.0,0.0,0.42814575423502044,0.24992046514561156,-0.7118367341944742,0.49751325417849107,-0.0009075712110370514,0.023422318561763904,0.0026005405854715507,-9.18883105,1.9221034,4.069759749999999
1789051716.041264,7.816,4.0,-2.475622389226753,4,0,187,-13.356888700405255,4.211848501368767,-7.516266183128721,3.0,28.0,107.0,1.0,-0.25289230599879575,1.613849213861065,42.0,5.476428004852318,29.874515607665423,-6.606414149933867,0.06767638542600452,-1.83370584205721,0.0,-10.098640653079954,1.0605878881108552,0.004241991155552178,1.0803298041237586,4.0,4.0,nan,-1.278831897092608,-0.3836495691277824,0.0,0.0,0.0,3.3729672667640296,2.1769619139622938,,,6,3,3,7.238589286804199,-5,172,True,True,False,"A:1,B:1,ESTOP:0,MODE:1",DRIVE_RUN,,,,,,,,,,,,,0,,,False,0,,,,-9999.0,-1.0,-1.0,False,36.96765936,127.87368948333334,121.887,2,0.00014884000000000002,36.96765895690634,127.87369387383383,4.0,0.08630776615142823,1.0,0.0,0.14821553230285645,0.39306757020558025,7.606523743544506,-6.606414149933867,0.0,0.0,0.0,0.4278925849747728,0.25035705621429644,-0.7116337850143762,0.49780180408816405,0.03806563098599633,-0.037594392087957854,0.008848819307611252,-8.659271949999999,-0.16671305,5.0210048
1789051716.091306,7.866,4.0,-2.637120388401004,4,0,268,-13.225266504976553,4.196771483204947,-7.60794176962375,3.0,28.0,107.0,1.0,-0.24673049998479574,1.6189994814599387,42.0,5.343965532085196,29.742254349546243,-6.606414149933867,0.06767638542600452,0.8672566724462296,0.0,-10.098640653079954,1.0605878881108552,0.004241991155552178,1.0803298041237586,4.0,4.0,nan,-1.2914765123925478,-0.3874429537177643,0.0,0.0,0.0,3.3729672667640296,2.1769619139622938,,,6,3,3,7.27497673034668,-5,171,True,True,False,"A:1,B:1,ESTOP:0,MODE:1",DRIVE_RUN,,,,,,,,,,,,,0,,,False,0,,,,-9999.0,-1.0,-1.0,False,36.96765936,127.87368948333334,121.887,2,0.00014884000000000002,36.96765882154766,127.87369535447692,4.0,0.1112983247756958,1.0,0.0,0.1981966495513916,0.5256174815519933,7.606523743544506,-6.606414149933867,0.0,0.0,0.0,0.42758989275883247,0.2503747506938628,-0.7113187923846497,0.49850270152319104,-0.017191493132144145,0.024486969405480445,-0.0038048177693476384,-8.070872949999998,0.50013915,4.44241245
1789051716.141314,7.916,4.0,-2.281907400760227,4,0,190,-13.16557194938005,4.190807762909476,-7.506427857722599,3.0,29.0,107.0,1.0,-0.24307303171368566,1.7268770296800284,42.0,5.211491037068367,29.68242036659002,-6.4425704685899206,0.05826856505169076,3.4999668102668595,0.0,-10.098640653079954,1.0605878881108552,0.004241991155552178,1.0803298041237586,4.0,4.0,nan,-1.3038130373917876,-0.3911439112175363,0.0,0.0,0.0,3.3729672667640296,2.1769619139622938,,,6,3,3,7.345723628997803,-4,258,True,True,False,"A:1,B:1,ESTOP:0,MODE:1",DRIVE_RUN,,,,,,,,,,,,,0,,,False,0,,,,-9999.0,-1.0,-1.0,False,36.96765890333333,127.873694545,121.88999999999999,2,0.00014884000000000002,36.9676588314041,127.87369534596861,4.0,0.02571583003997803,1.0,0.0,0.027031660079956055,0.07168796253204346,7.54308254919555,-6.4425704685899206,0.0,0.0,0.0,0.4292379817364583,0.2504984304771207,-0.7098881680810283,0.49906320259249015,-0.04750786223928565,0.01827359726838063,0.03820525732615587,-9.9831697,0.3334261,5.36423755
1789051716.191281,7.966,4.0,-2.1353129606875254,4,0,228,-13.094332565319904,4.18280063778682,-7.325850503837756,3.0,29.0,107.0,1.0,-0.23920744001022168,1.4687974411351938,43.0,5.559891595870283,29.61086279700177,-6.4425704685899206,0.05826856505169076,-1.7576549330781004,0.0,-10.098640653079954,1.0605878881108552,0.004241991155552178,1.0803298041237586,4.0,4.0,nan,-1.315966688977472,-0.39479000669324155,0.0,0.0,0.0,3.3729672667640296,2.138746565385717,,,6,3,3,7.5201096534729,-3,187,True,True,False,"A:1,B:1,ESTOP:0,MODE:1",DRIVE_RUN,,,,,,,,,,,,,0,,,False,0,,,,-9999.0,-1.0,-1.0,False,36.96765890333333,127.873694545,121.88999999999999,2,0.00014884000000000002,36.967658698508814,127.8736968275693,4.0,0.050716521453857424,1.0,0.0,0.07703304290771484,0.20429162939413928,7.54308254919555,-6.4425704685899206,0.0,0.0,0.0,0.42859305663057723,0.2500037445735207,-0.7100618831979156,0.4996180956858009,0.02150245638457014,-0.0636521578202332,-0.015428710587629874,-8.73772515,0.2353596,4.01091985
1789051716.241273,8.016,4.0,-2.271322911269609,4,0,187,-12.962556713270667,4.1680068020353085,-7.412680494009805,3.0,29.0,107.0,1.0,-0.23198220160965186,1.2931229964426443,43.0,5.488205192313282,29.478503041831363,-6.4425704685899206,0.05826856505169076,-1.800214043004357,0.0,-10.098640653079954,1.0605878881108552,0.004241991155552178,1.0803298041237586,4.0,4.0,nan,-1.327927060977983,-0.39837811829339487,0.0,0.0,0.0,3.3729672667640296,2.138746565385717,,,6,3,3,7.168479919433594,-3,170,True,True,False,"A:1,B:1,ESTOP:0,MODE:1",DRIVE_RUN,,,,,,,,,,,,,0,,,False,0,,,,-9999.0,-1.0,-1.0,False,36.96765890333333,127.873694545,121.88999999999999,2,0.00014884000000000002,36.96765856512817,127.87369830977414,4.0,0.07572841854095459,1.0,0.0,0.12705683708190918,0.3369547275867738,7.54308254919555,-6.4425704685899206,0.0,0.0,0.0,0.4285163825451982,0.24958829071035324,-0.7105039848691085,0.4992629392572405,0.03984586682303054,0.04370304446993801,0.0010471975511965976,-6.854848349999999,0.4707192,6.2958693
1789051716.291255,8.066,4.0,-2.4181330560956624,4,0,187,-12.83072712753788,4.15315893653049,-7.502859787677494,3.0,30.0,107.0,1.0,-0.22480135207441984,1.389182658021922,43.0,5.355604400317349,29.34608326247596,-6.4425704685899206,0.05826856505169076,-1.6175508868376542,0.0,-10.098640653079954,1.0605878881108552,0.004241991155552178,1.0803298041237586,4.0,4.0,nan,-1.3395261710584656,-0.40185785131753965,0.0,0.0,0.0,3.3729672667640296,2.138746565385717,,,6,3,3,7.247417449951172,-3,172,True,True,False,"A:1,B:1,ESTOP:0,MODE:1",DRIVE_RUN,,,,,,,,,,,,,0,,,False,0,,,,-9999.0,-1.0,-1.0,False,36.967658381666666,127.873699705,121.88499999999999,2,0.00014884000000000002,36.967658381666666,127.873699705,4.0,0.0122,1.0,1.0,0.0,0.0,8.21552472877906,-7.211583785121124,0.0,0.0,0.0,0.4298164322888114,0.24965263188626372,-0.7103514004111019,0.4983294952747287,0.014189526818713898,0.031241393610698498,-0.038397243543875255,-9.738003449999999,1.6475172,4.93274495
1789051716.341270,8.116,4.0,-2.3779169803198164,4,0,188,-12.706633585774204,4.132736095548769,-7.569277581390395,3.0,30.0,107.0,1.0,-0.22656844228909287,1.4895879545859207,43.0,5.22294465601511,29.22032640159364,-7.211583785121124,0.01456380012781864,0.010355538527895935,0.0,-10.098640653079954,1.0605878881108552,0.004241991155552178,1.0803298041237586,4.0,4.0,nan,-1.3507662386621866,-0.405229871598656,0.0,0.0,0.0,3.3729672667640296,2.138746565385717,,,6,3,3,7.2399678230285645,-3,240,True,True,False,"A:1,B:1,ESTOP:0,MODE:1",DRIVE_RUN,,,,,,,,,,,,,0,,,False,0,,,,-9999.0,-1.0,-1.0,False,36.967658381666666,127.873699705,121.88499999999999,2,0.00014884000000000002,36.9676582411725,127.87370109534423,4.0,0.03570008487701416,1.0,0.0,0.04700016975402832,0.12464445018768311,8.21552472877906,-7.211583785121124,0.0,0.0,0.0,0.4303213004628249,0.2503324951398764,-0.7103574410804949,0.4975434917136369,-0.0016929693744344998,-0.03546509040052478,0.002530727415391778,-7.060788,2.1378497,3.8245934999999998
1789051716.391352,8.166,4.0,-2.4462982262170225,4,0,188,-12.582974224762395,4.117096356570892,-7.568761024620471,3.0,30.0,107.0,1.0,-0.22534181977502582,1.522212242545669,44.0,5.5072193750954135,29.09582080024368,-7.211583785121124,0.01456380012781864,0.14354318009540562,0.0,-10.098640653079954,1.0605878881108552,0.004241991155552178,1.0803298041237586,4.0,4.0,nan,-1.3620946607766413,-0.4086283982329924,0.0,0.0,0.0,3.3729672667640296,2.5559618005975446,,,6,3,3,6.9510931968688965,-3,171,True,True,False,"A:1,B:1,ESTOP:0,MODE:1",DRIVE_RUN,,,,,,,,,,,,,0,,,False,0,,,,-9999.0,-1.0,-1.0,False,36.967658381666666,127.873699705,121.88499999999999,2,0.00014884000000000002,36.967658092014446,127.87370257465415,4.0,0.06070304126739502,1.0,0.0,0.09700608253479004,0.2572601285131784,8.21552472877906,-7.211583785121124,0.0,0.0,0.0,0.43118422376148086,0.2496270779133392,-0.7099481542989766,0.49773497502097763,0.0029670597283903604,0.015376350710070043,0.008482300164692442,-7.6688003,1.9809433,6.089929649999999
1789051716.441313,8.216,4.0,-2.515914887075107,4,0,187,-12.451402117827694,4.1004921578632505,-7.561559744990831,3.0,30.0,107.0,1.0,-0.22400074151092936,1.5485815994750705,44.0,5.382601110898813,28.963355875410098,-7.211583785121124,0.01456380012781864,-0.7910721609450067,0.0,-10.098640653079954,1.0605878881108552,0.004241991155552178,1.0803298041237586,4.0,4.0,nan,-1.3733617517653927,-0.4120085255296178,0.0,0.0,0.0,3.3729672667640296,2.5559618005975446,,,6,3,3,7.390000343322754,-3,278,True,True,False,"A:1,B:1,ESTOP:0,MODE:1",DRIVE_RUN,,,,,,,,,,,,,0,,,False,0,,,,-9999.0,-1.0,-1.0,False,36.967658381666666,127.873699705,121.88499999999999,2,0.00014884000000000002,36.96765794334189,127.87370405488609,4.0,0.08572006435394287,1.0,0.0,0.14704012870788574,0.389950402514122,8.21552472877906,-7.211583785121124,0.0,0.0,0.0,0.431932348230289,0.24983884530660025,-0.7096568329493702,0.49739539340086625,0.02350958502436362,0.025132741228718343,0.010768681484805013,-9.26728425,0.7453053999999999,2.44185585
1789051716.491264,8.266,4.0,-2.4384076712090863,4,0,188,-12.319748004239592,4.08394200472837,-7.60131248357024,3.0,31.0,107.0,1.0,-0.22045168195949227,1.5709941074214206,44.0,5.250013895692969,28.8308208946115,-7.211583785121124,0.01456380012781864,-0.5811236437929486,0.0,-10.098640653079954,1.0605878881108552,0.004241991155552178,1.0803298041237586,4.0,4.0,nan,-1.3845617888409392,-0.41536853665228174,0.0,0.0,0.0,3.3619721955391824,2.5559618005975446,,,6,3,3,7.470607757568359,-3,179,True,True,False,"A:1,B:1,ESTOP:0,MODE:1",DRIVE_RUN,,,,,,,,,,,,,0,,,False,0,,,,-9999.0,-1.0,-1.0,False,36.967657771666666,127.87370503666666,121.898,2,0.00014884000000000002,36.967657771666666,127.87370503666666,4.0,0.0122,1.0,1.0,0.0,0.0,8.976933367187401,-8.14917469781632,0.0,0.0,0.0,0.43192591485194953,0.24971469621404863,-0.7097822489896664,0.4972843588865458,-0.00788888821901437,0.006126105674500096,-0.03743731245527837,-10.4146623,-0.7158854499999999,5.599597149999999
1789051716.541252,8.316,4.0,-2.629993177116278,4,0,188,-12.232426924846346,4.064831206083205,-7.657632342433061,3.0,31.0,107.0,1.0,-0.22497908207585002,1.564978684196319,45.0,5.518747256820628,28.741511735941554,-8.14917469781632,-0.027393110712304748,-0.8783134658336956,0.0,-10.098640653079954,1.0605878881108552,0.004241991155552178,1.0803298041237586,4.0,4.0,nan,-1.3955843729389137,-0.4186753118816741,0.0,0.0,0.0,3.3619721955391824,2.5559618005975446,,,6,3,3,7.322996616363525,-3,183,True,True,False,"A:1,B:1,ESTOP:0,MODE:1",DRIVE_RUN,,,,,,,,,,,,,0,,,False,0,,,,-9999.0,-1.0,-1.0,False,36.967657771666666,127.87370503666666,121.898,2,0.00014884000000000002,36.96765760368612,127.87370649787512,4.0,0.03695500106811524,1.0,0.0,0.04951000213623047,0.1313005256652832,8.976933367187401,-8.14917469781632,0.0,0.0,0.0,0.43165350243955714,0.2487069393933721,-0.7103002201911236,0.49728634540442185,-0.0009250245035569946,-0.047804568212124685,-0.027209683038591597,-7.4236340499999995,0.8727918499999999,5.14849125
1789051716.591255,8.366,4.0,-2.781363945612397,4,0,187,-12.10246478969037,4.046131697347352,-7.701436569719277,3.0,31.0,107.0,1.0,-0.22210575192570114,1.7249416366162287,45.0,5.429909546229574,28.61027263144091,-8.14917469781632,-0.027393110712304748,0.10177135291424315,0.0,-10.098640653079954,1.0605878881108552,0.004241991155552178,1.0803298041237586,4.0,4.0,nan,-1.4068333270427062,-0.42204999811281185,0.0,0.0,0.0,3.3619721955391824,3.060775955994874,,,6,3,3,7.151700019836426,-3,211,True,True,False,"A:1,B:1,ESTOP:0,MODE:1",DRIVE_RUN,,,,,,,,,,,,,0,,,False,0,,,,-9999.0,-1.0,-1.0,False,36.967657771666666,127.87370503666666,121.898,2,0.00014884000000000002,36.967657433594646,127.87370797267985,4.0,0.06194198341369629,1.0,0.0,0.09948396682739258,0.2638314731832199,8.976933367187401,-8.14917469781632,0.0,0.0,0.0,0.43146058341700416,0.2485200638831817,-0.7108331535307135,0.49678543723275426,0.002478367537831948,-0.0024434609527920616,0.008726646259971648,-6.6489087,-1.34351105,5.2171378
1789051716.641319,8.416,4.0,-2.8935539395062606,4,0,188,-11.971293380596169,4.027197200947959,-7.696352398743215,3.0,32.0,107.0,1.0,-0.21918538018644984,1.82461158305009,45.0,5.2987132239536034,28.477802403845143,-8.14917469781632,-0.027393110712304748,-1.3656175981888539,0.0,-10.098640653079954,1.0605878881108552,0.004241991155552178,1.0803298041237586,4.0,4.0,nan,-1.4179386146389914,-0.42538158439169743,0.0,0.0,0.0,3.335023084452703,3.060775955994874,,,6,3,3,7.291070461273193,-3,334,True,True,False,"A:1,B:1,ESTOP:0,MODE:1",DRIVE_RUN,,,,,,,,,,,,,0,,,False,0,,,,-9999.0,-1.0,-1.0,False,36.967657771666666,127.87370503666666,121.898,2,0.00014884000000000002,36.96765726285794,127.87370944872542,4.0,0.08695149631500244,1.0,0.0,0.14950299263000488,0.39648191132152405,8.976933367187401,-8.14917469781632,0.0,0.0,0.0,0.4318440780285411,0.24822929715639996,-0.7108721468287837,0.49654173960298176,0.013404128655316452,-0.0022514747350726853,-0.025394540616517497,-8.63965865,0.8041453,4.0011132
1789051716.691313,8.466,4.0,-2.667212289751613,4,0,189,-11.840011609722918,4.008190877912763,-7.764681726237427,3.0,32.0,107.0,1.0,-0.21615130812337408,1.879462935187981,45.0,5.166295330645236,28.345211621852737,-8.14917469781632,-0.027393110712304748,-2.7989883611647066,0.0,-10.098640653079954,1.0605878881108552,0.004241991155552178,1.0803298041237586,4.0,4.0,nan,-1.428897883648314,-0.42866936509449416,0.0,0.0,0.0,3.335023084452703,3.060775955994874,,,6,3,3,7.214089870452881,-3,170,True,True,False,"A:1,B:1,ESTOP:0,MODE:1",DRIVE_RUN,,,,,,,,,,,,,0,,,False,0,,,,-9999.0,-1.0,-1.0,False,36.967657771666666,127.87370503666666,121.898,2,0.00014884000000000002,36.967657090821646,127.87371092245829,4.0,0.11192655773162842,1.0,0.0,0.19945311546325684,0.5289494881946148,8.976933367187401,-8.14917469781632,0.0,0.0,0.0,0.43207486669551504,0.24779611905562296,-0.7110222941864249,0.49634231143526086,0.03998549316319009,-0.015969762655748117,-0.02675589743307307,-8.11009955,0.9512450499999999,5.0798447
1789051716.741263,8.516,4.0,-2.746704797959662,4,0,188,-11.747991985905935,4.004533148722419,-7.871761834480253,3.0,32.0,107.0,1.0,-0.20449410619188707,1.742852137364078,46.0,5.435976093489919,28.253948988352228,-7.095166124799582,0.03347578007189185,0.027423120266449757,0.0,-10.098640653079954,1.0605878881108552,0.004241991155552178,1.0803298041237586,4.0,4.0,nan,-1.4397054490544827,-0.4319116347163448,0.0,0.0,0.0,3.335023084452703,3.060775955994874,,,6,3,3,7.2573394775390625,-3,172,True,True,False,"A:1,B:1,ESTOP:0,MODE:1",DRIVE_RUN,,,,,,,,,,,,,0,,,False,0,,,,-9999.0,-1.0,-1.0,False,36.96765723,127.87371048333333,121.90299999999999,2,0.00014884000000000002,36.96765711631511,127.8737116211109,4.0,0.03142774314880371,1.0,0.0,0.03845548629760742,0.10198394966125489,8.52276136573569,-7.095166124799582,0.0,0.0,0.0,0.43213945208061233,0.24797069779221698,-0.7114393906845529,0.49560066623674076,-0.015376350710070043,0.014172073526193957,-0.0300720230118623,-7.2471143499999995,-1.0002783,4.18743955
1789051716.791275,8.566,4.0,-2.8078177738886256,4,0,187,-11.646796292560445,3.9918778045638312,-7.870398277141305,3.0,33.0,107.0,1.0,-0.20018773457223346,1.785432707482714,46.0,5.344083897589641,28.152092270472433,-7.095166124799582,0.03347578007189185,-4.043611950054791,0.0,-10.098640653079954,1.0605878881108552,0.004241991155552178,1.0803298041237586,4.0,4.0,nan,-1.449930154364077,-0.43497904630922307,0.0,0.0,0.0,3.3178482634061086,2.7555186896986057,,,6,3,3,7.3855299949646,-3,183,True,True,False,"A:1,B:1,ESTOP:0,MODE:1",DRIVE_RUN,,,,,,,,,,,,,0,,,False,0,,,,-9999.0,-1.0,-1.0,False,36.96765723,127.87371048333333,121.90299999999999,2,0.00014884000000000002,36.9676569678907,127.87371310038594,4.0,0.056428196144104006,1.0,0.0,0.08845639228820801,0.23458634471804563,8.52276136573569,-7.095166124799582,0.0,0.0,0.0,0.43230581738166285,0.24734582557451892,-0.7117125898727625,0.495375526490194,0.07871434926494426,-0.035273104182805395,0.002548180707911721,-8.79656505,0.3334261,4.2756994
1789051716.841248,8.616,4.0,-2.7999270928537783,4,0,187,-11.515227287323096,3.975355274563499,-8.074035394947316,3.0,33.0,107.0,1.0,-0.19849718798333746,1.8043392065454276,46.0,5.242117139166732,28.019653271609652,-7.095166124799582,0.03347578007189185,-0.6769805871680866,0.0,-10.098640653079954,1.0605878881108552,0.004241991155552178,1.0803298041237586,4.0,4.0,nan,-1.4599395410926888,-0.4379818623278066,0.0,0.0,0.0,3.3178482634061086,2.7555186896986057,,,6,3,3,7.339980125427246,-3,173,True,True,False,"A:1,B:1,ESTOP:0,MODE:1",DRIVE_RUN,,,,,,,,,,,,,0,,,False,0,,,,-9999.0,-1.0,-1.0,False,36.96765723,127.87371048333333,121.90299999999999,2,0.00014884000000000002,36.967656819209786,127.87371458006487,4.0,0.08143604011535645,1.0,0.0,0.1384720802307129,0.3672279422431031,8.52276136573569,-7.095166124799582,0.0,0.0,0.0,0.4318677363899334,0.24730109634273575,-0.712211690788543,0.4950625551556498,0.006021385919380436,-0.027768188399229784,-0.00973893722612836,-7.521700549999999,-0.8727918499999999,5.0210048
1789051716.891248,8.666,4.0,-2.90968776518117,4,0,187,-11.38362235977915,3.958804191244892,-8.107691190539413,3.0,33.0,107.0,1.0,-0.19797369851187172,1.8865399356445238,47.0,5.523393025385389,27.887175482266464,-7.095166124799582,0.03347578007189185,-1.620673355868918,0.0,-10.098640653079954,1.0605878881108552,0.004241991155552178,1.0803298041237586,4.0,4.0,nan,-1.4698644004918555,-0.4409593201475566,0.0,0.0,0.0,3.3178482634061086,2.7555186896986057,,,6,3,3,7.139461517333984,-3,171,True,True,False,"A:1,B:1,ESTOP:0,MODE:1",DRIVE_RUN,,,,,,,,,,,,,0,,,False,0,,,,-9999.0,-1.0,-1.0,False,36.967656573333336,127.87371608,121.911,2,0.00014884000000000002,36.967656573333336,127.87371608,4.0,0.0122,1.0,1.0,0.0,0.0,8.83950852774229,-8.354328475077427,0.0,0.0,0.0,0.43250196039435534,0.24666988048854327,-0.712209475985186,0.49482692593644717,0.03885102914939378,0.006335545184739416,0.011554079648202462,-8.669078599999999,1.4808041499999998,6.0997363
1789051716.941273,8.716,4.0,-3.207058440225196,4,0,188,-11.250215814995052,3.9314333500476457,-8.200931838519722,3.0,34.0,107.0,1.0,-0.2079481320932711,1.944322118315206,47.0,5.3907713236475,27.75104154620461,-8.354328475077427,-0.012331864226901246,-1.616429047566401,0.0,-10.098640653079954,1.0605878881108552,0.004241991155552178,1.0803298041237586,4.0,4.0,nan,-1.479763085417449,-0.4439289256252347,0.0,0.0,0.0,3.2966439153779543,2.7555186896986057,,,5,2,3,7.376167297363281,-3,180,True,True,False,"A:1,B:1,ESTOP:0,MODE:1",DRIVE_RUN,,,,,,,,,,,,,0,,,False,0,,,,-9999.0,-1.0,-1.0,False,36.967656573333336,127.87371608,121.911,2,0.00014884000000000002,36.967656414753634,127.87371743036407,4.0,0.035087229919433596,1.0,0.0,0.04577445983886719,0.1213938674926758,8.83950852774229,-8.354328475077427,0.0,0.0,0.0,0.43283309488463184,0.24613595331183685,-0.7125324267488746,0.4943380880442292,0.02768092193663007,-0.01815142422074103,-0.0055152404363020815,-8.60043205,0.7060787999999999,3.34406765
1789051716.991299,8.766,4.0,-3.0792555279566045,4,0,249,-11.130112350292876,3.9137803383420775,-8.281882318370805,3.0,34.0,107.0,1.0,-0.20719354888023706,2.1780938511503463,47.0,5.255213065714725,27.629698444367836,-8.354328475077427,-0.012331864226901246,-2.4525518465755223,0.0,-10.098640653079954,1.0605878881108552,0.004241991155552178,1.0803298041237586,4.0,4.0,nan,-1.4901604920221125,-0.44704814760663375,0.0,0.0,0.0,3.2966439153779543,2.9671184079073463,,,6,3,3,7.235530853271484,-3,175,True,True,False,"A:1,B:1,ESTOP:0,MODE:1",DRIVE_RUN,,,,,,,,,,,,,0,,,False,0,,,,-9999.0,-1.0,-1.0,False,36.967656573333336,127.87371608,121.911,2,0.00014884000000000002,36.96765624074718,127.87371890507838,4.0,0.06008458347320557,1.0,0.0,0.09576916694641113,0.25397981590713625,8.83950852774229,-8.354328475077427,0.0,0.0,0.0,0.4329638005883181,0.24563153761879458,-0.7129603473484236,0.49385730552049256,0.036791540632040466,0.00019198621771937625,-0.022322761133007473,-8.09048625,0.34323275000000003,5.6780503499999995
1789051717.041261,8.816,4.0,-3.3155836442747697,4,0,187,-10.998948983619309,3.894410028720266,-8.404721467434172,3.0,34.0,107.0,1.0,-0.20587476375900002,2.1619440430678045,48.0,5.549528254677745,27.497165828552113,-8.354328475077427,-0.012331864226901246,-2.431264440564137,0.0,-10.098640653079954,1.0605878881108552,0.004241991155552178,1.0803298041237586,4.0,4.0,nan,-1.5005201694661243,-0.4501560508398373,0.0,0.0,0.0,3.2966439153779543,2.9671184079073463,,,6,3,3,7.411592960357666,-3,170,True,True,False,"A:1,B:1,ESTOP:0,MODE:1",DRIVE_RUN,,,,,,,,,,,,,0,,,False,0,,,,-9999.0,-1.0,-1.0,False,36.967656573333336,127.87371608,121.911,2,0.00014884000000000002,36.96765606584302,127.87372038070436,4.0,0.08509981842041016,1.0,0.0,0.1457996368408203,0.38666057997285697,8.83950852774229,-8.354328475077427,0.0,0.0,0.0,0.4331050281390864,0.245320610920479,-0.7134805970078124,0.49313615782217757,0.04752531553180559,0.016720254234105676,-0.003909537524467298,-8.3748791,-0.32361945,3.9422733
1789051717.091264,8.866,4.0,-3.5660364893592797,4,0,189,-10.867704531701213,3.8749397868348425,-8.526358769833166,3.0,35.0,107.0,1.0,-0.2046420450228559,2.340593228698181,48.0,5.417049900015937,27.36453646741423,-8.354328475077427,-0.012331864226901246,-0.9697533075892039,0.0,-10.098640653079954,1.0605878881108552,0.004241991155552178,1.0803298041237586,4.0,4.0,nan,-1.5108139076540743,-0.45324417229622227,0.0,0.0,0.0,3.2628446832437428,2.9671184079073463,,,6,3,3,7.238613605499268,-3,194,True,True,False,"A:1,B:1,ESTOP:0,MODE:1",DRIVE_RUN,,,,,,,,,,,,,0,,,False,0,,,,-9999.0,-1.0,-1.0,False,36.967656573333336,127.87371608,121.911,2,0.00014884000000000002,36.96765589090369,127.87372185469954,4.0,0.11008811206817627,1.0,0.0,0.19577622413635254,0.5191984550371085,8.83950852774229,-8.354328475077427,0.0,0.0,0.0,0.43320623987803764,0.24489146072943752,-0.713675997295548,0.4929777855813988,0.017034413499464655,-0.0033859387488689996,-0.003682644721708035,-7.9629998,2.0103632499999997,5.295591
1789051717.141339,8.916,4.0,-3.7202642311116794,4,0,188,-10.750067869399292,3.858333550581899,-8.564201597644058,3.0,35.0,107.0,1.0,-0.20282446251257003,2.5218242655505625,48.0,5.2844858480057,27.245806356850238,-8.315266359494862,0.010554620516914782,-1.4082599608415907,0.0,-10.098640653079954,1.0605878881108552,0.004241991155552178,1.0803298041237586,4.0,4.0,nan,-1.5210460099052172,-0.45631380297156515,0.0,0.0,0.0,3.2628446832437428,2.9671184079073463,,,6,3,3,7.106396198272705,-3,177,True,True,False,"A:1,B:1,ESTOP:0,MODE:1",DRIVE_RUN,,,,,,,,,,,,,0,,,False,0,,,,-9999.0,-1.0,-1.0,False,36.967655916666665,127.87372170333333,121.911,2,0.00014884000000000002,36.96765578084439,127.87372286472613,4.0,0.031882645797729495,1.0,0.0,0.039365291595458984,0.10439675331115723,9.096440878880808,-8.315266359494862,0.0,0.0,0.0,0.4328950648739709,0.24461568497706168,-0.7141742224143187,0.4926664282350349,0.023544491609403504,0.01598721594826806,-0.010733774899765127,-8.3748791,1.63771055,5.42307745
1789051717.191288,8.966,4.0,-3.5253189069324984,4,0,188,-10.64677180115096,3.8432138839688683,-8.63443590669479,3.0,35.0,107.0,1.0,-0.20179593355929537,2.606356458521153,48.0,5.165759168894012,27.14145677494285,-8.315266359494862,0.010554620516914782,-2.3332813560400796,0.0,-10.098640653079954,1.0605878881108552,0.004241991155552178,1.0803298041237586,4.0,4.0,nan,-1.5311872330308458,-0.4593561699092537,0.0,0.0,0.0,3.2628446832437428,3.143133762685548,,,6,3,3,7.367493629455566,-3,171,True,True,False,"A:1,B:1,ESTOP:0,MODE:1",DRIVE_RUN,,,,,,,,,,,,,0,,,False,0,,,,-9999.0,-1.0,-1.0,False,36.967655916666665,127.87372170333333,121.911,2,0.00014884000000000002,36.96765560708268,127.87372433847962,4.0,0.05686331005096436,1.0,0.0,0.08932662010192871,0.23689415642441483,9.096440878880808,-8.315266359494862,0.0,0.0,0.0,0.43349088058224544,0.24493327438112072,-0.7141685914017328,0.49199244974718553,0.026249751949994717,0.005340707511102648,-0.03844960342143508,-8.9828914,-0.5099457999999999,3.77556025
1789051717.241280,9.016,4.0,-3.770864675564546,4,0,188,-10.515693891674298,3.823870819396725,-8.751130459606685,3.0,35.0,107.0,1.0,-0.20064580273785995,2.5537921078326162,49.0,5.4655477015347405,27.0090151175572,-8.315266359494862,0.010554620516914782,0.4500410433616952,0.0,-10.098640653079954,1.0605878881108552,0.004241991155552178,1.0803298041237586,4.0,4.0,nan,-1.5412770297088105,-0.4623831089126431,0.0,0.0,0.0,3.2628446832437428,3.143133762685548,,,6,3,3,7.4231462478637695,-3,174,True,True,False,"A:1,B:1,ESTOP:0,MODE:1",DRIVE_RUN,,,,,,,,,,,,,0,,,False,0,,,,-9999.0,-1.0,-1.0,False,36.967655916666665,127.87372170333333,121.911,2,0.00014884000000000002,36.9676554322183,127.87372581269717,4.0,0.08185506076812744,1.0,0.0,0.13931012153625488,0.3694503204688067,9.096440878880808,-8.315266359494862,0.0,0.0,0.0,0.43337366525897936,0.2446727613772543,-0.7145560081868866,0.4916627068062508,-0.00895353906273091,-0.024504422698000385,0.0035953782591083188,-7.9433865,0.3334261,4.2756994
1789051717.291273,9.066,4.0,-3.8884850651136604,4,0,188,-10.384574707124836,3.804405005375666,-8.72866415918088,3.0,36.0,107.0,1.0,-0.20051772656626785,2.7279568686462103,49.0,5.333160972180599,26.876511909228295,-8.315266359494862,0.010554620516914782,-2.409811056015782,0.0,-10.098640653079954,1.0605878881108552,0.004241991155552178,1.0803298041237586,4.0,4.0,nan,-1.5513093198457035,-0.465392795953711,0.0,0.0,0.0,3.1584162094845496,3.143133762685548,,,6,3,3,7.4695258140563965,-3,172,True,True,False,"A:1,B:1,ESTOP:0,MODE:1",DRIVE_RUN,,,,,,,,,,,,,0,,,False,0,,,,-9999.0,-1.0,-1.0,False,36.96765525,127.873727475,121.912,2,0.00014884000000000002,36.96765525,127.873727475,4.0,0.0122,1.0,1.0,0.0,0.0,9.278899396275508,-8.226178702447447,0.0,0.0,0.0,0.4339855601700073,0.24431225594744793,-0.7145779256009116,0.49127023459771285,0.04159119607502487,0.030211649352021846,-0.01630137521362704,-9.738003449999999,2.3437893499999998,4.8052585
1789051717.341288,9.116,0.0,-2.146758286142951,4,1,187,-10.236726928698817,3.7841205569070864,-8.824780103801118,3.0,36.0,107.0,1.0,-0.1996977818055581,2.7671843043703652,49.0,5.200726079749719,26.72739555389824,-8.226178702447447,0.025124272836671936,0.1405534587659846,0.0,-10.098640653079954,1.0605878881108552,0.004241991155552178,1.0803298041237586,4.0,4.0,nan,-1.5613352061740169,-0.468400561852205,0.0,0.0,0.0,3.1584162094845496,3.143133762685548,,,6,3,3,7.458906173706055,-3,172,True,True,False,"A:1,B:1,ESTOP:0,MODE:1",DRIVE_RUN,,,,,,,,,,,,,0,,"🔻 라이다 인계 서행 — L 구간 4.9m 앞, 2펄스로 내린다 (지금 9.3km/h)",False,0,,,,-9999.0,-1.0,-1.0,False,36.96765525,127.873727475,121.912,2,0.00014884000000000002,36.96765508355867,127.87372890756838,4.0,0.03647506446838379,1.0,0.0,0.04855012893676758,0.12875494194030765,9.278899396275508,-8.226178702447447,0.0,0.0,0.0,0.4337429306082171,0.24402402732242356,-0.7150964753325307,0.49087307443343414,-0.022689280275926284,-0.021223203704251046,-0.034191000046568915,-8.3748791,0.08825984999999999,5.0504247499999995
1789051717.391254,9.166,1.0,-2.6110335825326234,0,0,188,-10.109312085874075,3.76559239260103,-8.817773314641272,3.0,37.0,107.0,1.0,-0.2000277177982299,2.693697838138053,50.0,5.461565257314613,26.598705029007704,-8.226178702447447,0.025124272836671936,-2.839647447157383,0.0,-10.098640653079954,1.0605878881108552,0.004241991155552178,1.0803298041237586,0.0,0.0,nan,-1.5713200952642947,-0.4713960285792884,0.0,0.0,0.0,3.012015237024235,3.2705089345390634,,,6,3,3,7.465851306915283,-3,170,True,True,False,"A:1,B:1,ESTOP:0,MODE:1",DRIVE_RUN,,,,,,,,,,,,,0,,🛞 인계 서행 해제 — 9.3km/h ≤ 해제선 10.9km/h. 2펄스로 인계 대기,False,0,,,,-9999.0,-1.0,-1.0,False,36.96765525,127.873727475,121.912,2,0.00014884000000000002,36.96765491082221,127.87373037987244,4.0,0.06142854900360108,1.0,0.0,0.09845709800720215,0.2611081602262384,9.278899396275508,-8.226178702447447,0.0,0.0,0.0,0.43257824220261193,0.24365514283682424,-0.7160215214087283,0.4907355872785213,0.04431390970813603,0.0009424777960769379,-0.02272418686096617,-8.63965865,0.0588399,5.14849125
1789051717.441264,9.216,0.0,-2.379993161765805,0,1,187,-9.978363090219537,3.7463634582498653,-8.959642488467722,3.0,37.0,107.0,1.0,-0.19995852028122987,2.7384101008698867,50.0,5.332902508541688,26.466412854971303,-8.226178702447447,0.025124272836671936,-2.072511089061137,0.0,-10.098640653079954,1.0605878881108552,0.004241991155552178,1.0803298041237586,2.0,1.0,2.9160588926070106,-1.5813214811542062,-0.4743964443462618,0.0,0.0,0.0,3.012015237024235,3.2705089345390634,,,6,3,3,7.812327861785889,-3,181,True,True,False,"A:1,B:1,ESTOP:0,MODE:1",DRIVE_RUN,,,,,,,,,,,,,0,,"🔻 라이다 인계 서행 — L 구간 4.9m 앞, 2펄스로 내린다 (지금 9.3km/h)",False,0,,,,-9999.0,-1.0,-1.0,False,36.96765525,127.873727475,121.912,2,0.00014884000000000002,36.96765473666351,127.87373185655635,4.0,0.08645904273986817,1.0,0.0,0.14851808547973633,0.3938698074381717,9.278899396275508,-8.226178702447447,0.0,0.0,0.0,0.43290769289390846,0.2436298463989574,-0.716321457141034,0.490019384735175,0.037960911230876665,0.009791297103688189,-0.007452555906015787,-9.326124149999998,0.8041453,3.0204481999999997
1789051717.491272,9.266,1.0,-2.6421193013351987,0,0,220,-9.847024544634284,3.7269762004591103,-9.063453735151768,3.0,37.0,107.0,1.0,-0.19954963480882631,2.938146443125497,50.0,5.200656144288645,26.333710005081446,-8.226178702447447,0.025124272836671936,-1.8243941826752001,0.0,-10.098640653079954,1.0605878881108552,0.004241991155552178,1.0803298041237586,0.0,0.0,2.9160588926070106,-1.5913194071682677,-0.47739582215048026,0.0,0.0,0.0,3.012015237024235,3.2705089345390634,,,6,3,3,7.630572319030762,-3,257,True,True,False,"A:1,B:1,ESTOP:0,MODE:1",DRIVE_RUN,,,,,,,,,,,,,0,,🛞 인계 서행 해제 — 9.3km/h ≤ 해제선 10.9km/h. 2펄스로 인계 대기,False,0,,,,-9999.0,-1.0,-1.0,False,36.96765442833333,127.87373344166667,121.916,2,0.00014884000000000002,36.96765442833333,127.87373344166667,4.0,0.0122,1.0,1.0,0.0,0.0,9.678484493063763,-9.77928040821725,0.0,0.0,0.0,0.43259549604955644,0.24371405539497049,-0.7170309786735519,0.48921485221017524,0.02515019452123829,-0.01567305668290908,-0.01837831702350029,-8.5317855,-1.6671305,7.01175475
1789051717.541268,9.316,0.0,-2.483401583705549,0,1,225,-9.706042385931154,3.6926530419181303,-9.190538635754592,3.0,38.0,107.0,1.0,-0.21247211410714523,2.8427240517580445,51.0,5.472192300996406,26.188893801650984,-9.77928040821725,-0.03579133365327465,-4.864410802592994,0.0,-10.098640653079954,1.0605878881108552,0.004241991155552178,1.0803298041237586,2.0,1.0,2.9160588926070106,-1.601296888908709,-0.48038906667261266,0.0,0.0,0.0,2.7647250532237844,3.2705089345390634,,,6,3,3,7.446372985839844,-3,166,True,True,False,"A:1,B:1,ESTOP:0,MODE:1",DRIVE_RUN,,,,,,,,,,,,,0,,"🔻 라이다 인계 서행 — L 구간 4.5m 앞, 2펄스로 내린다 (지금 9.7km/h)",False,0,,,,-9999.0,-1.0,-1.0,False,36.96765442833333,127.87373344166667,121.916,2,0.00014884000000000002,36.967654240751266,127.87373479709784,4.0,0.03526735515594483,1.0,0.0,0.04613471031188965,0.12234925174713135,9.678484493063763,-9.77928040821725,0.0,0.0,0.0,0.43259217263497296,0.24306431289916186,-0.7177296088184136,0.4885160801807643,0.07822565707438585,0.0113271868454432,-0.03600614246864302,-7.3746008,-0.30400615,5.923216599999999
1789051717.591289,9.366,1.0,-3.22168354208591,0,0,405,-9.58548824612079,3.6717715017140744,-9.433786778312935,3.0,38.0,107.0,1.0,-0.21447225712571552,3.1724428030678156,51.0,5.328354368471112,26.06654582745744,-9.77928040821725,-0.03579133365327465,-3.939828960713681,0.0,-10.098640653079954,1.0605878881108552,0.004241991155552178,1.0803298041237586,0.0,0.0,2.9160588926070106,-1.6119204946140662,-0.4835761483842198,0.0,0.0,0.0,2.7647250532237844,3.5563634025631523,,,6,3,3,7.445460796356201,-3,166,True,True,False,"A:1,B:1,ESTOP:0,MODE:1",DRIVE_RUN,,,,,,,,,,,,,0,,🛞 인계 서행 해제 — 9.7km/h ≤ 해제선 10.9km/h. 2펄스로 인계 대기,False,0,,,,-9999.0,-1.0,-1.0,False,36.96765442833333,127.87373344166667,121.916,2,0.00014884000000000002,36.967654035979216,127.87373626747156,4.0,0.0602954647064209,1.0,0.0,0.0961909294128418,0.25509830904069203,9.678484493063763,-9.77928040821725,0.0,0.0,0.0,0.4331701923104109,0.242753562365746,-0.7180007143446554,0.4877594352271067,0.07579964941411373,0.03103195410045918,-0.00916297857297023,-7.992419749999999,-0.7551120499999999,5.295591
1789051717.641267,9.416,0.0,-2.7374784686208544,0,1,615,-9.454710938388496,3.648976381381256,-9.63069537758173,3.0,38.0,107.0,1.0,-0.21641735272177504,3.505132425327071,51.0,5.206281692129143,25.933797561068427,-9.77928040821725,-0.03579133365327465,-2.473990161326552,0.0,-10.098640653079954,1.0605878881108552,0.004241991155552178,1.0803298041237586,2.0,1.0,3.0416356043569337,-1.622644107470352,-0.48679323224110554,0.0,0.0,0.0,2.7647250532237844,3.5563634025631523,,,6,3,3,7.057548999786377,-3,169,True,True,False,"A:1,B:1,ESTOP:0,MODE:1",DRIVE_RUN,,,,,,,,,,,,,0,,"🔻 라이다 인계 서행 — L 구간 4.1m 앞, 2펄스로 내린다 (지금 9.7km/h)",False,0,,,,-9999.0,-1.0,-1.0,False,36.96765442833333,127.87373344166667,121.916,2,0.00014884000000000002,36.96765383025438,127.87373773686467,4.0,0.08531081886291504,1.0,0.0,0.14622163772583008,0.3877796608785914,9.678484493063763,-9.77928040821725,0.0,0.0,0.0,0.43330396653376496,0.24248687860584575,-0.7185222662868026,0.48700466028589184,0.03438298626428829,-0.005148721293383272,-0.026825710603152843,-7.5903471,0.18632634999999997,7.4236340499999995
1789051717.691242,9.466,1.0,-3.4484487504297254,0,0,714,-9.324020847251115,3.6260751971655774,-9.754030833178916,3.0,39.0,107.0,1.0,-0.21848090833809503,3.696568483667047,52.0,5.4870809732961385,25.80111658643747,-9.77928040821725,-0.03579133365327465,-2.3075913210349337,0.0,-10.098640653079954,1.0605878881108552,0.004241991155552178,1.0803298041237586,0.0,0.0,3.0416356043569337,-1.6334649751064407,-0.4900394925319322,0.0,0.0,0.0,2.554631966382296,3.5563634025631523,,,6,3,3,6.963789939880371,-3,170,True,True,False,"A:1,B:1,ESTOP:0,MODE:1",DRIVE_RUN,,,,,,,,,,,,,0,,🛞 인계 서행 해제 — 9.7km/h ≤ 해제선 10.9km/h. 2펄스로 인계 대기,False,0,,,,-9999.0,-1.0,-1.0,False,36.96765362166666,127.87373928833334,121.92699999999999,2,0.00014884000000000002,36.96765362166666,127.87373928833334,4.0,0.0122,1.0,1.0,0.0,0.0,9.538061974956772,-9.79744618749309,0.0,0.0,0.0,0.43383618173706606,0.2418895365352344,-0.7189366662444205,0.48621568203826115,0.04686209041604775,0.023858650874762483,-0.0016406094968746698,-8.52197885,1.9024900999999999,4.93274495
1789051717.741265,9.516,0.0,-3.121139901511582,0,1,716,-9.186030829245441,3.6028553190337456,-9.871824783393095,3.0,39.0,107.0,1.0,-0.2226836238146105,3.919061926915823,52.0,5.354731576412521,25.661192808486852,-9.79744618749309,-0.0021707677157081664,-0.6688713149483931,0.0,-10.098640653079954,1.0605878881108552,0.004241991155552178,1.0803298041237586,2.0,1.0,3.0416356043569337,-1.6443890205233456,-0.4933167061570036,0.0,0.0,0.0,2.554631966382296,3.5563634025631523,,,6,3,3,6.559947490692139,-3,170,True,True,False,"A:1,B:1,ESTOP:0,MODE:1",DRIVE_RUN,,,,,,,,,,,,,0,,"🔻 라이다 인계 서행 — L 구간 4.1m 앞, 2펄스로 내린다 (지금 9.5km/h)",False,0,,,,-9999.0,-1.0,-1.0,False,36.96765362166666,127.87373928833334,121.92699999999999,2,0.00014884000000000002,36.96765343462505,127.87374064007223,4.0,0.035204412651062014,1.0,0.0,0.04600882530212402,0.12201540470123293,9.538061974956772,-9.79744618749309,0.0,0.0,0.0,0.4338497225566453,0.2417059767239177,-0.7194363392408193,0.48555534476846995,0.0010122909661567112,-0.01244419756671957,-0.021170843826691217,-8.0218397,0.6472389,7.5707338
1789051717.791263,9.566,1.0,-3.4612238420097228,0,0,715,-9.065805086381735,3.5820339417841933,-9.905233711963604,3.0,39.0,107.0,1.0,-0.22885372071936966,4.136514843034802,52.0,5.21510378129436,25.5391787518269,-9.79744618749309,-0.0021707677157081664,-0.5293237973769871,0.0,-10.098640653079954,1.0605878881108552,0.004241991155552178,1.0803298041237586,0.0,0.0,3.0416356043569337,-1.6555232017140762,-0.4966569605142228,0.0,0.0,0.0,2.554631966382296,3.454828176792312,,,6,3,3,6.177752494812012,-3,170,True,True,False,"A:1,B:1,ESTOP:0,MODE:1",DRIVE_RUN,,,,,,,,,,,,,0,,🛞 인계 서행 해제 — 9.5km/h ≤ 해제선 10.9km/h. 2펄스로 인계 대기,False,0,,,,-9999.0,-1.0,-1.0,False,36.96765362166666,127.87373928833334,121.92699999999999,2,0.00014884000000000002,36.967653229678994,127.87374210806259,4.0,0.060193779182434085,1.0,0.0,0.09598755836486816,0.2545589328351277,9.538061974956772,-9.79744618749309,0.0,0.0,0.0,0.43361456577789764,0.24107350896861038,-0.7201541516349484,0.485015432230516,-0.010559241974565694,0.007539822368615503,-0.04073598474154765,-6.943108199999999,2.28494945,5.825150099999999
1789051717.841283,9.616,0.0,-3.0704158828677897,0,1,715,-8.935239758302783,3.5592194513244664,-9.931665802422856,3.0,39.0,107.0,1.0,-0.23575542221921872,4.021531831287357,53.0,5.489031043242424,25.406635837088178,-9.79744618749309,-0.0021707677157081664,-1.181790835876726,0.0,-10.098640653079954,1.0605878881108552,0.004241991155552178,1.0803298041237586,2.0,1.0,2.997505334681575,-1.6669658877500446,-0.5000897663250133,0.0,0.0,0.0,2.554631966382296,3.454828176792312,,,6,3,3,5.933860778808594,-3,171,True,True,False,"A:1,B:1,ESTOP:0,MODE:1",DRIVE_RUN,,,,,,,,,,,,,0,,"🔻 라이다 인계 서행 — L 구간 3.7m 앞, 2펄스로 내린다 (지금 9.5km/h)",False,0,,,,-9999.0,-1.0,-1.0,False,36.96765362166666,127.87373928833334,121.92699999999999,2,0.00014884000000000002,36.96765302303936,127.87374357689369,4.0,0.08520317287445069,1.0,0.0,0.14600634574890137,0.38720857828766897,9.538061974956772,-9.79744618749309,0.0,0.0,0.0,0.43404468770781784,0.24086474355389656,-0.7205984824101564,0.4840735600438408,0.02012364627549462,0.033510321638291124,-0.011397000015522973,-7.7276402,0.48052585,6.354709199999999
1789051717.891263,9.666,1.0,-3.817504686791665,0,0,715,-8.804599653280636,3.536216432556181,-9.992922874405792,3.0,40.0,107.0,1.0,-0.2391281720370818,4.14754348543286,53.0,5.356822917643714,25.273986258659395,-9.79744618749309,-0.0021707677157081664,-3.6097992400833805,0.0,-10.098640653079954,1.0605878881108552,0.004241991155552178,1.0803298041237586,0.0,0.0,2.997505334681575,-1.6787536588610055,-0.5036260976583016,0.0,0.0,0.0,2.554631966382296,3.454828176792312,,,6,3,3,5.869258403778076,-3,171,True,True,False,"A:1,B:1,ESTOP:0,MODE:1",DRIVE_RUN,,,,,,,,,,,,,0,,🛞 인계 서행 해제 — 9.5km/h ≤ 해제선 10.9km/h. 2펄스로 인계 대기,False,0,,,,-9999.0,-1.0,-1.0,False,36.96765362166666,127.87373928833334,121.92699999999999,2,0.00014884000000000002,36.967652815404534,127.87374504503565,4.0,0.11020481796264649,1.0,0.0,0.19600963592529297,0.5198170573916523,9.538061974956772,-9.79744618749309,0.0,0.0,0.0,0.4347631905338231,0.24064927587088245,-0.7208588938772609,0.4831473370491889,0.05797983775125163,-0.005759586531581287,-0.024713862208239706,-8.580818749999999,0.8629851999999999,5.32501095
1789051717.941251,9.716,0.0,-3.1057298259602732,0,1,715,-8.675506371299244,3.51268653194032,-10.17190377345375,3.0,40.0,107.0,1.0,-0.24018135702574722,4.31539570146708,53.0,5.224538727583509,25.142767185089458,-10.016277065246909,-0.0011677095420552063,-1.548282299975795,0.0,-10.098640653079954,1.0605878881108552,0.004241991155552178,1.0803298041237586,2.0,1.0,2.997505334681575,-1.6907100674628595,-0.5072130202388578,0.0,0.0,0.0,2.554631966382296,3.454828176792312,,,6,3,3,5.5161895751953125,-3,170,True,True,False,"A:1,B:1,ESTOP:0,MODE:1",DRIVE_RUN,,,,,,,,,,,,,0,,"🔻 라이다 인계 서행 — L 구간 3.3m 앞, 2펄스로 내린다 (지금 9.3km/h)",False,0,,,,-9999.0,-1.0,-1.0,False,36.96765281166667,127.87374502833333,121.91999999999999,2,0.00014884000000000002,36.96765264768788,127.87374618920296,4.0,0.031968238067626956,1.0,0.0,0.039536476135253906,0.10485073471069337,9.262816455208577,-10.016277065246909,0.0,0.0,0.0,0.43494890513527806,0.24018941960354898,-0.7211196603788607,0.48281976766409407,0.025237460983838004,-0.0113271868454432,-0.008604473212332044,-7.95319315,2.61837555,6.07031635
1789051717.991280,9.766,1.0,-3.8327174481940283,0,0,715,-8.572256834830833,3.494432496574705,-10.250111833185883,3.0,41.0,107.0,1.0,-0.2404667553877914,4.307911162560882,54.0,5.504191866075712,25.03791652802709,-10.016277065246909,-0.0011677095420552063,-0.08767809480350562,0.0,-10.098640653079954,1.0605878881108552,0.004241991155552178,1.0803298041237586,0.0,0.0,2.997505334681575,-1.7027191353141469,-0.5108157405942441,0.0,0.0,0.0,2.554631966382296,3.2592019454622676,,,6,3,3,5.572819709777832,-3,171,True,True,False,"A:1,B:1,ESTOP:0,MODE:1",DRIVE_RUN,,,,,,,,,,,,,0,,🛞 인계 서행 해제 — 9.3km/h ≤ 해제선 10.9km/h. 2펄스로 인계 대기,False,0,,,,-9999.0,-1.0,-1.0,False,36.96765281166667,127.87374502833333,121.91999999999999,2,0.00014884000000000002,36.96765243918189,127.87374765784466,4.0,0.05698132724761963,1.0,0.0,0.08956265449523926,0.23752013756224577,9.262816455208577,-10.016277065246909,0.0,0.0,0.0,0.434882524718822,0.24070567087518915,-0.7216270246921075,0.48186347333733937,-0.013613568165555772,-0.005969026041820607,-0.027977627909469102,-7.8257067,-1.569064,5.4721107
1789051718.041286,9.816,0.0,-3.387028283733083,0,1,715,-8.441633575539035,3.4712217162092047,-10.254454239132968,3.0,41.0,107.0,1.0,-0.2425418814489538,4.466867154883567,54.0,5.399623006676489,24.90524711172815,-10.016277065246909,-0.0011677095420552063,-1.5265295920171713,0.0,-10.098640653079954,1.0605878881108552,0.004241991155552178,1.0803298041237586,2.0,1.0,2.911004542805964,-1.7147424730835363,-0.5144227419250609,0.0,0.0,0.0,2.554631966382296,3.2592019454622676,,,6,3,3,5.318896293640137,-3,170,True,True,False,"A:1,B:1,ESTOP:0,MODE:1",DRIVE_RUN,,,,,,,,,,,,,0,,"🔻 라이다 인계 서행 — L 구간 3.3m 앞, 2펄스로 내린다 (지금 9.3km/h)",False,0,,,,-9999.0,-1.0,-1.0,False,36.96765281166667,127.87374502833333,121.91999999999999,2,0.00014884000000000002,36.9676522298587,127.873749123524,4.0,0.08194852085113526,1.0,0.0,0.1394970417022705,0.36994604810331144,9.262816455208577,-10.016277065246909,0.0,0.0,0.0,0.43542379297376543,0.24039443302058658,-0.721686206025818,0.481441229141326,0.022671826983406338,-0.00874409955249159,-0.013002702927357754,-8.26700595,0.980665,6.52142225
1789051718.091309,9.866,1.0,-3.839774628774296,0,0,715,-8.311273793682494,3.447919965299145,-10.33105142698733,3.0,41.0,107.0,1.0,-0.24850310103453607,4.579227581341381,54.0,5.267335109385302,24.77282114616882,-10.016277065246909,-0.0011677095420552063,-1.1114409120194082,0.0,-10.098640653079954,1.0605878881108552,0.004241991155552178,1.0803298041237586,0.0,0.0,2.911004542805964,-1.726869567155984,-0.5180608701467951,0.0,0.0,0.0,2.554631966382296,3.2592019454622676,,,6,3,3,5.247073650360107,-3,170,True,True,False,"A:1,B:1,ESTOP:0,MODE:1",DRIVE_RUN,,,,,,,,,,,,,0,,🛞 인계 서행 해제 — 9.3km/h ≤ 해제선 10.9km/h. 2펄스로 인계 대기,False,0,,,,-9999.0,-1.0,-1.0,False,36.96765281166667,127.87374502833333,121.91999999999999,2,0.00014884000000000002,36.967652018491506,127.87375059362685,4.0,0.10699629993438721,1.0,0.0,0.18959259986877441,0.5027992591065946,9.262816455208577,-10.016277065246909,0.0,0.0,0.0,0.4355086139626447,0.2401694229748958,-0.7220212111732549,0.48097428834413575,0.0049741883681838385,0.009494591130849153,-0.03354522822333101,-8.0806796,0.8433718999999998,5.0798447
1789051718.141323,9.916,0.0,-3.424185254354408,0,1,715,-8.19537027365919,3.4243730690559877,-10.391109330439122,3.0,41.0,107.0,1.0,-0.2566078893712384,4.580511170195094,55.0,5.5437395494267605,24.654584794209505,-10.422163481694076,-0.004555602735337061,-2.1031442283552435,0.0,-10.098640653079954,1.0605878881108552,0.004241991155552178,1.0803298041237586,2.0,1.0,2.911004542805964,-1.7392947222077106,-0.5217884166623131,0.0,0.0,0.0,2.554631966382296,3.2592019454622676,,,6,3,3,4.959306716918945,-3,171,True,True,False,"A:1,B:1,ESTOP:0,MODE:1",DRIVE_RUN,,,,,,,,,,,,,0,,"🔻 라이다 인계 서행 — L 구간 2.9m 앞, 2펄스로 내린다 (지금 8.7km/h)",False,0,,,,-9999.0,-1.0,-1.0,False,36.96765201833333,127.87375042666666,121.92599999999999,2,0.00014884000000000002,36.96765188555682,127.87375132707092,4.0,0.027553679656982424,1.0,0.0,0.030707359313964844,0.08143591690063476,8.725134380071413,-10.422163481694076,0.0,0.0,0.0,0.43547662966406586,0.23970676575663435,-0.722383812300236,0.48068950393522997,0.020594885173533087,0.0004886921905584122,-0.03975860036043083,-7.75706015,1.0198915999999998,6.4527757
1789051718.191435,9.966,1.0,-4.217042867856279,0,0,715,-8.115286929195321,3.4095924552017114,-10.49684759738642,3.0,42.0,107.0,1.0,-0.2607317292038848,4.765329552022125,55.0,5.426072830195075,24.573150561921683,-10.422163481694076,-0.004555602735337061,-1.0315520523495627,0.0,-10.098640653079954,1.0605878881108552,0.004241991155552178,1.0803298041237586,0.0,0.0,2.911004542805964,-1.7521251166762726,-0.5256375350028818,0.0,0.0,0.0,2.554631966382296,2.8900250088708392,,,6,3,3,4.983116149902344,-3,170,True,True,False,"A:1,B:1,ESTOP:0,MODE:1",DRIVE_RUN,,,,,,,,,,,,,0,,🛞 인계 서행 해제 — 8.7km/h ≤ 해제선 10.9km/h. 2펄스로 인계 대기,False,0,,,,-9999.0,-1.0,-1.0,False,36.96765201833333,127.87375042666666,121.92599999999999,2,0.00014884000000000002,36.96765166832442,127.8737527932238,4.0,0.052558424186706545,1.0,0.0,0.08071684837341309,0.21406106369543504,8.725134380071413,-10.422163481694076,0.0,0.0,0.0,0.4354354688948527,0.23933970580645036,-0.7227619021291677,0.4803412229690776,0.013997540600994524,-0.017383479349863524,-0.009546951008408983,-8.7867584,0.2745862,5.2563644
1789051718.241322,10.016,0.0,-3.7616411012066036,0,1,715,-7.984885029221102,3.385410255338932,-10.548801440812781,3.0,42.0,107.0,1.0,-0.2668577236067244,4.944591727318833,55.0,5.344930662789722,24.440528942911115,-10.422163481694076,-0.004555602735337061,-1.2135889161700995,0.0,-10.098640653079954,1.0605878881108552,0.004241991155552178,1.0803298041237586,2.0,1.0,2.7420284035422418,-1.7651617031364668,-0.52954851094094,0.0,0.0,0.0,2.554631966382296,2.8900250088708392,,,6,3,3,4.789120197296143,-3,171,True,True,False,"A:1,B:1,ESTOP:0,MODE:1",DRIVE_RUN,,,,,,,,,,,,,0,,"🔻 라이다 인계 서행 — L 구간 2.9m 앞, 2펄스로 내린다 (지금 8.7km/h)",False,0,,,,-9999.0,-1.0,-1.0,False,36.96765201833333,127.87375042666666,121.92599999999999,2,0.00014884000000000002,36.96765144911457,127.87375426040542,4.0,0.07758772583007813,1.0,0.0,0.13077545166015625,0.3468163427478462,8.725134380071413,-10.422163481694076,0.0,0.0,0.0,0.4354880218789569,0.23873493440913127,-0.7230555754142601,0.48015252655273416,-0.003944444109507185,-0.013473941825396225,-0.05057964172279567,-7.84532,1.65732385,5.28578435
1789051718.291272,10.066,1.0,-4.270701019277969,0,0,715,-7.854391631702938,3.3610079262320625,-10.60873374733444,3.0,42.0,107.0,1.0,-0.27289408058801273,5.122417333037514,55.0,5.212813425854582,24.307778738586574,-10.422163481694076,-0.004555602735337061,-1.4678106712205887,0.0,-10.098640653079954,1.0605878881108552,0.004241991155552178,1.0803298041237586,0.0,0.0,2.7420284035422418,-1.778504589316803,-0.5335513767950408,0.0,0.0,0.0,2.554631966382296,2.8900250088708392,,,6,3,3,4.290041923522949,-3,170,True,True,False,"A:1,B:1,ESTOP:0,MODE:1",DRIVE_RUN,,,,,,,,,,,,,0,,🛞 인계 서행 해제 — 8.7km/h ≤ 해제선 10.9km/h. 2펄스로 인계 대기,False,0,,,,-9999.0,-1.0,-1.0,False,36.967651255,127.87375555666667,121.941,2,0.00014884000000000002,36.967651255,127.87375555666667,4.0,0.0122,1.0,1.0,0.0,0.0,8.766203489421011,-10.549671723770297,0.0,0.0,0.0,0.4351043483262099,0.23813774133221127,-0.723749058913275,0.47975193792517984,0.04665265090580843,-0.02303834612632515,0.03635520831904189,-7.3157609,1.3533177,7.7080269
1789051718.341304,10.116,0.0,-3.79747122861436,0,1,715,-7.739100155941867,3.3393991911717715,-10.679447572860937,3.0,43.0,107.0,1.0,-0.2782759237318018,5.1388754262122935,56.0,5.487742063259324,24.19048480523012,-10.549671723770297,0.002953101178206907,0.8877534937056474,0.0,-10.098640653079954,1.0605878881108552,0.004241991155552178,1.0803298041237586,2.0,1.0,2.7420284035422418,-1.7921492933462035,-0.5376447880038611,0.0,0.0,0.0,2.554631966382296,2.8900250088708392,,,6,3,3,4.093372821807861,-3,172,True,True,False,"A:1,B:1,ESTOP:0,MODE:1",DRIVE_RUN,,,,,,,,,,,,,0,,"🔻 라이다 인계 서행 — L 구간 2.4m 앞, 2펄스로 내린다 (지금 8.8km/h)",False,0,,,,-9999.0,-1.0,-1.0,False,36.967651255,127.87375555666667,121.941,2,0.00014884000000000002,36.96765104325528,127.87375697611247,4.0,0.03641367168426514,1.0,0.0,0.04842734336853027,0.12842931461334228,8.766203489421011,-10.549671723770297,0.0,0.0,0.0,0.43620659594663996,0.23582414901799767,-0.72342653764294,0.4803798715876113,-0.024486969405480445,0.03804817769347639,-0.018797196043978927,-7.433440699999999,1.9809433,4.81506515
1789051718.391290,10.166,1.0,-4.632571643487251,0,0,715,-7.612852455034385,3.3158278768148595,-10.634972526196378,3.0,43.0,107.0,1.0,-0.2846212383378204,5.321819708634574,56.0,5.370926083235274,24.062060316955563,-10.549671723770297,0.002953101178206907,-1.1162423812901534,0.0,-10.098640653079954,1.0605878881108552,0.004241991155552178,1.0803298041237586,0.0,0.0,2.7420284035422418,-1.8060630895327936,-0.541818926859838,0.0,0.0,0.0,2.554631966382296,2.917618119108395,,,6,3,3,3.6495237350463867,-3,170,True,True,False,"A:1,B:1,ESTOP:0,MODE:1",DRIVE_RUN,,,,,,,,,,,,,0,,🛞 인계 서행 해제 — 8.8km/h ≤ 해제선 10.9km/h. 2펄스로 인계 대기,False,0,,,,-9999.0,-1.0,-1.0,False,36.967651255,127.87375555666667,121.941,2,0.00014884000000000002,36.9676508258452,127.87375844158059,4.0,0.06140780658721924,1.0,0.0,0.09841561317443848,0.2609981741377211,8.766203489421011,-10.549671723770297,0.0,0.0,0.0,0.4367851890302568,0.23587180106933997,-0.7234499223495109,0.4797951666665634,0.05291838292046807,-0.0010471975511965976,0.05784021141109208,-8.325845849999999,1.63771055,7.7080269
1789051718.441289,10.216,0.0,-3.8256340276816956,0,1,715,-7.482511459048955,3.2916258971013894,-10.690448466153214,3.0,43.0,107.0,1.0,-0.29162838320842377,5.404987038814249,56.0,5.243042031086788,23.929495379074122,-10.549671723770297,0.002953101178206907,-1.5874706580561206,0.0,-10.098640653079954,1.0605878881108552,0.004241991155552178,1.0803298041237586,2.0,1.0,2.7549351003837246,-1.8202941514496846,-0.5460882454349054,0.0,0.0,0.0,2.554631966382296,2.917618119108395,,,5,2,3,3.5080697536468506,-3,170,True,True,False,"A:1,B:1,ESTOP:0,MODE:1",DRIVE_RUN,,,,,,,,,,,,,0,,"🔻 라이다 인계 서행 — L 구간 2.4m 앞, 2펄스로 내린다 (지금 8.8km/h)",False,0,,,,-9999.0,-1.0,-1.0,False,36.967651255,127.87375555666667,121.941,2,0.00014884000000000002,36.96765060916138,127.87375990852576,4.0,0.08642351837158203,1.0,0.0,0.14844703674316406,0.3936814388102876,8.766203489421011,-10.549671723770297,0.0,0.0,0.0,0.437051594549656,0.23525418869968545,-0.7236103520221933,0.4796138330440161,0.014189526818713898,-0.038728856101754174,-0.026616271092913524,-7.521700549999999,1.34351105,4.97197155
1789051718.491277,10.266,1.0,-4.752088951130862,0,0,715,-7.352039092151085,3.2675047650657154,-10.769788995382129,2.5,43.0,107.0,1.0,-0.2985382474425297,5.495095554254849,57.0,5.514655323610808,23.796815279642278,-10.549671723770297,0.002953101178206907,-2.7846361180355164,0.0,-10.098640653079954,1.0605878881108552,0.004241991155552178,1.0803298041237586,0.0,0.0,2.7549351003837246,-1.8348755706101059,-0.5504626711830317,0.0,0.0,0.0,2.554631966382296,2.917618119108395,,,5,3,2,3.2836837768554688,-3,170,True,True,False,"A:1,B:1,ESTOP:0,MODE:1",DRIVE_RUN,,,,,,,,,,,,,0,,🛞 인계 서행 해제 — 8.8km/h ≤ 해제선 10.9km/h. 2펄스로 인계 대기,False,0,,,,-9999.0,-1.0,-1.0,False,36.96765040333333,127.87376057,121.936,2,0.00014884000000000002,36.96765040333333,127.87376057,4.0,0.0122,1.0,1.0,0.0,0.0,8.655711381072601,-12.003625341617674,0.0,0.0,0.0,0.4356642624546923,0.2347040025377167,-0.7246711493787312,0.47954395718296056,0.05995205980600522,0.004084070449666731,0.008185594191853406,-7.84532,-0.0196133,7.266727649999999
1789051718.541276,10.316,0.0,-4.302866248676716,0,1,715,-7.293206551838918,3.2445920911826986,-10.970511321390944,2.5,44.0,107.0,1.0,-0.3135873527767482,5.7043820384810635,57.0,5.382548601463689,23.7348852752338,-12.003625341617674,-0.06169181731177673,-1.481355573669318,0.0,-10.098640653079954,1.0605878881108552,0.004241991155552178,1.0803298041237586,2.0,1.0,2.7549351003837246,-1.8498024829822324,-0.5549407448946697,0.0,0.0,0.0,2.554631966382296,2.917618119108395,,,5,3,2,3.259899139404297,-3,170,True,True,False,"A:1,B:1,ESTOP:0,MODE:1",DRIVE_RUN,,,,,,,,,,,,,0,,"🔻 라이다 인계 서행 — L 구간 2.0m 앞, 2펄스로 내린다 (지금 8.7km/h)",False,0,,,,-9999.0,-1.0,-1.0,False,36.96765040333333,127.87376057,121.936,2,0.00014884000000000002,36.9676502045072,127.87376173921425,4.0,0.036254527282714846,1.0,0.0,0.04810905456542969,0.10632101058959961,8.655711381072601,-12.003625341617674,0.0,0.0,0.0,0.4353720119998467,0.2340013578216199,-0.7251184794624514,0.4794765546373524,0.02658136450787364,0.02087413785385218,-0.008499753457212385,-7.8257067,0.20593965,5.42307745
1789051718.591296,10.366,1.0,-5.321788224332734,0,0,715,-7.189214832532797,3.222458867757784,-11.044201830323857,2.5,44.0,107.0,1.0,-0.322667767935262,6.094894048567444,57.0,5.321951998942424,23.628627510488286,-12.003625341617674,-0.06169181731177673,-2.2372533054789985,0.0,-10.098640653079954,1.0605878881108552,0.004241991155552178,1.0803298041237586,0.0,0.0,2.7549351003837246,-1.8654818506210697,-0.559644555186321,0.0,0.0,0.0,2.554631966382296,2.8436094094904885,,,5,2,3,3.24617075920105,-3,170,True,True,False,"A:1,B:1,ESTOP:0,MODE:1",DRIVE_RUN,,,,,,,,,,,,,0,,🛞 인계 서행 해제 — 8.7km/h ≤ 해제선 10.9km/h. 2펄스로 인계 대기,False,0,,,,-9999.0,-1.0,-1.0,False,36.96765040333333,127.87376057,121.936,2,0.00014884000000000002,36.96764999774992,127.87376295417103,4.0,0.06125092716217041,1.0,0.0,0.09810185432434082,0.21680509744432327,8.655711381072601,-12.003625341617674,0.0,0.0,0.0,0.4358708443199801,0.2338005293009245,-0.725040912750106,0.47923855688883,0.0471238898038469,0.019285888234537342,0.0021642082724729686,-9.0025047,0.5295591,5.815343449999999
1789051718.641278,10.416,0.0,-4.269561169051355,0,1,715,-7.081154701243974,3.1994427528569003,-11.156664467015702,2.5,44.0,107.0,1.0,-0.3323278494402058,6.313728680723485,57.0,5.216472138626942,23.518210329312762,-12.003625341617674,-0.06169181731177673,-0.472663994015347,0.0,-10.098640653079954,1.0605878881108552,0.004241991155552178,1.0803298041237586,2.0,1.0,2.7202109934231933,-1.881615239017833,-0.5644845717053498,0.0,0.0,0.0,2.554631966382296,2.8436094094904885,,,5,2,3,3.012263774871826,-3,169,True,True,False,"A:1,B:1,ESTOP:0,MODE:1",DRIVE_RUN,,,,,,,,,,,,,0,,"🔻 라이다 인계 서행 — L 구간 2.0m 앞, 2펄스로 내린다 (지금 8.7km/h)",False,0,,,,-9999.0,-1.0,-1.0,False,36.96765040333333,127.87376057,121.936,2,0.00014884000000000002,36.967649791434404,127.87376416839753,4.0,0.08623063774108887,1.0,0.0,0.14806127548217773,0.3272154161079841,8.655711381072601,-12.003625341617674,0.0,0.0,0.0,0.43567766309684286,0.23312921684677004,-0.7251682097049201,0.47954854787002177,0.012479104151759455,-0.030316369107141507,0.010367255756846317,-7.44324735,1.0002783,6.38412915
1789051718.691262,10.466,1.0,-5.241577717796788,0,0,715,-6.973159522328866,3.176475814301725,-11.180190023434761,2.5,44.0,107.0,1.0,-0.34194704662395653,6.244967023844062,58.0,5.522722646294265,23.407866294768763,-12.003625341617674,-0.06169181731177673,-2.754662712689099,0.0,-10.098640653079954,1.0605878881108552,0.004241991155552178,1.0803298041237586,0.0,0.0,2.7202109934231933,-1.898231631489843,-0.5694694894469529,0.0,0.0,0.0,2.554631966382296,2.8436094094904885,,,5,3,2,2.845215082168579,-4,171,True,True,False,"A:1,B:1,ESTOP:0,MODE:1",DRIVE_RUN,,,,,,,,,,,,,0,,🛞 인계 서행 해제 — 8.7km/h ≤ 해제선 10.9km/h. 2펄스로 인계 대기,False,0,,,,-9999.0,-1.0,-1.0,False,36.96764966833334,127.873765175,121.93700000000001,2,0.00014884000000000002,36.96764966833334,127.873765175,4.0,0.0122,1.0,1.0,0.0,0.0,7.897498801004877,-11.297108184666776,0.0,0.0,0.0,0.43601644232353365,0.23290512462151564,-0.7252584130283902,0.4792129999072501,0.03563962332572421,0.030909781052819576,-0.04040437218366873,-7.46286065,1.26505785,5.3740442
1789051718.741281,10.516,0.0,-4.63785542496464,0,1,715,-6.88363074475431,3.1627722661940787,-11.32423720763316,2.5,45.0,107.0,1.0,-0.34462508693398114,6.4128232320566845,58.0,5.413174781227864,23.317318727948535,-11.297108184666776,-0.005845908061600369,-0.9756687123913479,0.0,-10.098640653079954,1.0605878881108552,0.004241991155552178,1.0803298041237586,2.0,1.0,2.7202109934231933,-1.915328983821041,-0.5745986951463122,0.0,0.0,0.0,2.554631966382296,2.8436094094904885,,,4,2,2,2.780259847640991,-4,171,True,True,False,"A:1,B:1,ESTOP:0,MODE:1",DRIVE_RUN,,,,,,,,,,,,,0,,"🔻 라이다 인계 서행 — L 구간 1.6m 앞, 2펄스로 내린다 (지금 7.9km/h)",False,0,,,,-9999.0,-1.0,-1.0,False,36.96764966833334,127.873765175,121.93700000000001,2,0.00014884000000000002,36.9676494725827,127.87376640082135,4.0,0.037354471397399905,1.0,0.0,0.050308942794799805,0.11118276357650757,7.897498801004877,-11.297108184666776,0.0,0.0,0.0,0.4364160149507843,0.23302503930726393,-0.7252502644498884,0.4788031399914706,0.017016960206944712,-0.004014257279586958,-0.003839724354387525,-8.237585999999999,0.21574629999999997,6.63910205
1789051718.791271,10.566,2.0,-5.7084455022876694,0,0,715,-6.774604302027845,3.14098140495709,-11.373046649894604,2.5,45.0,107.0,1.0,-0.3484751946155246,6.623773855889765,58.0,5.32282046448442,23.206163914591855,-11.297108184666776,-0.005845908061600369,-1.0536227716722477,0.0,-10.098640653079954,1.0605878881108552,0.004241991155552178,1.0803298041237586,0.0,0.0,2.7202109934231933,-1.93256023816774,-0.5797680714503219,0.0,0.0,0.0,2.554631966382296,2.355298317291268,,,5,3,2,2.5752546787261963,-4,172,True,True,False,"A:1,B:1,ESTOP:0,MODE:1",DRIVE_RUN,,,,,,,,,,,,,0,,🛞 인계 서행 해제 — 7.9km/h ≤ 해제선 10.9km/h. 2펄스로 인계 대기,False,0,,,,-9999.0,-1.0,-1.0,False,36.96764966833334,127.873765175,121.93700000000001,2,0.00014884000000000002,36.96764927750676,127.87376761747119,4.0,0.0623246452331543,1.0,0.0,0.1002492904663086,0.2215509150279278,7.897498801004877,-11.297108184666776,0.0,0.0,0.0,0.43649212455965186,0.23283167988413506,-0.7253587762426106,0.4786634305726262,0.0058468529941810045,-0.0058468529941810045,-0.027419122548830915,-7.433440699999999,1.6475172,5.1779112
1789051718.841282,10.616,0.0,-4.600069708565902,0,1,715,-6.666393588009254,3.1192656505190923,-11.425877957777573,2.0,45.0,107.0,1.0,-0.35226315715462014,6.813099596266148,58.0,5.212390696722835,23.095825738332888,-11.297108184666776,-0.005845908061600369,0.18379710281921177,0.0,-10.098640653079954,1.0605878881108552,0.004241991155552178,1.0803298041237586,2.0,2.0,2.4819292272171203,-1.9499839978985163,-0.5849951993695549,0.0,0.0,0.0,2.554631966382296,2.355298317291268,,,4,2,2,2.4509263038635254,-4,172,True,True,False,"A:1,B:1,ESTOP:0,MODE:1",DRIVE_RUN,,,,,,,,,,,,,0,,"🔻 라이다 인계 서행 — L 구간 1.2m 앞, 2펄스로 내린다 (지금 7.9km/h)",False,0,,,,-9999.0,-1.0,-1.0,False,36.96764966833334,127.873765175,121.93700000000001,2,0.00014884000000000002,36.967649120706184,127.87376859290602,4.0,0.08735156269073487,1.0,0.0,0.15030312538146973,0.31004607032243137,7.897498801004877,-11.297108184666776,0.0,0.0,0.0,0.4361335305390761,0.23339937146902826,-0.7257326104552165,0.4781468969461585,0.002007128639793479,0.01911135530933791,0.007609635538695277,-7.345180849999999,0.6668522,6.2174160999999994
1789051718.891272,10.666,2.0,-5.574307230648908,0,0,715,-6.5796369088352105,3.1018106904316505,-11.416691967617425,2.0,46.0,107.0,1.0,-0.3553441224622057,6.775972772973144,59.0,5.516748695409951,23.007355850486274,-11.297108184666776,-0.005845908061600369,0.8608289999182375,0.0,-10.098640653079954,1.0605878881108552,0.004241991155552178,1.0803298041237586,0.0,0.0,2.4819292272171203,-1.9675971557562473,-0.5902791467268742,0.0,0.0,0.0,2.554631966382296,2.355298317291268,,,4,2,2,2.6398026943206787,-4,170,True,True,False,"A:1,B:1,ESTOP:0,MODE:1",DRIVE_RUN,,,,,,,,,,,,,0,,🛞 인계 서행 해제 — 엔코더 2.0펄스 도달. 2펄스로 인계 대기,False,0,,,,-9999.0,-1.0,-1.0,False,36.967648991666664,127.87376966833334,121.936,2,0.00014884000000000002,36.967648991666664,127.87376966833334,4.0,0.0122,1.0,1.0,0.0,0.0,7.394851164188424,-10.674066849972276,0.0,0.0,0.0,0.4352162534910077,0.23360073870833883,-0.7262929185186822,0.47803358049595657,-0.023387411976724018,0.05944591432292687,-0.020996310901491785,-8.73772515,-0.30400615,5.0013914999999995
1789051718.941318,10.716,0.0,-4.800693114581603,0,1,715,-6.483986743214677,3.0874460767282548,-11.336610838768422,2.0,46.0,107.0,1.0,-0.35401324588392263,6.87617166852998,59.0,5.428872433668224,22.91066470723607,-10.674066849972276,0.037131255882258074,-0.2148432973673586,0.0,-10.098640653079954,1.0605878881108552,0.004241991155552178,1.0803298041237586,2.0,2.0,2.4819292272171203,-1.9853643618793575,-0.5956093085638072,0.0,0.0,0.0,2.554631966382296,2.355298317291268,,,4,2,2,2.4273571968078613,-4,170,True,True,False,"A:1,B:1,ESTOP:0,MODE:1",DRIVE_RUN,,,,,,,,,,,,,0,,"🔻 라이다 인계 서행 — L 구간 1.2m 앞, 2펄스로 내린다 (지금 7.4km/h)",False,0,,,,-9999.0,-1.0,-1.0,False,36.967648991666664,127.87376966833334,121.936,2,0.00014884000000000002,36.96764885338104,127.87377058216342,4.0,0.03559434623718262,1.0,0.0,0.046788692474365234,0.08272240829467772,7.394851164188424,-10.674066849972276,0.0,0.0,0.0,0.4352751490932654,0.23364201002071144,-0.7264045630501286,0.47779008624632363,-0.016667894356545847,-0.010140362954087054,-0.037803831598197175,-9.24767095,2.0593964999999996,5.687856999999999
1789051718.991247,10.766,2.0,-5.82067990273322,0,0,715,-6.40270928571711,3.0720521917948846,-11.347385519764657,2.0,46.0,107.0,1.0,-0.35789369243293456,6.868591197623142,59.0,5.332389564001405,22.827948770293045,-10.674066849972276,0.037131255882258074,-0.8132076206790436,0.0,-10.098640653079954,1.0605878881108552,0.004241991155552178,1.0803298041237586,0.0,0.0,2.4819292272171203,-2.0030650241735537,-0.6009195072520661,0.0,0.0,0.0,2.554631966382296,2.0503869448522343,,,4,2,2,2.164438247680664,-5,172,True,True,False,"A:1,B:1,ESTOP:0,MODE:1",DRIVE_RUN,,,,,,,,,,,,,0,,🛞 인계 서행 해제 — 엔코더 2.0펄스 도달. 2펄스로 인계 대기,False,0,,,,-9999.0,-1.0,-1.0,False,36.967648991666664,127.87376966833334,121.936,2,0.00014884000000000002,36.967648704555906,127.87377155765739,4.0,0.06057441444396973,1.0,0.0,0.09674882888793945,0.17105188166793267,7.394851164188424,-10.674066849972276,0.0,0.0,0.0,0.4338094965630469,0.23359839586504239,-0.72738069911209,0.47765932284443274,0.004642575810304917,0.018779742751458987,-0.024486969405480445,-7.54131385,2.157463,4.8444851
1789051719.041266,10.816,0.0,-5.103960920492162,0,1,715,-6.315947346044139,3.05548505331535,-11.388069903613712,2.0,46.0,107.0,1.0,-0.3621694977867504,6.9777519039746725,59.0,5.250167627145361,22.739627972672018,-10.674066849972276,0.037131255882258074,-0.4663770431845192,0.0,-10.098640653079954,1.0605878881108552,0.004241991155552178,1.0803298041237586,2.0,2.0,2.3239632822716607,-2.0209597087952003,-0.6062879126385601,0.0,0.0,0.0,2.554631966382296,2.0503869448522343,,,4,2,2,2.453153610229492,-5,172,True,True,False,"A:1,B:1,ESTOP:0,MODE:1",DRIVE_RUN,,,,,,,,,,,,,0,,"🔻 라이다 인계 서행 — L 구간 1.2m 앞, 2펄스로 내린다 (지금 7.4km/h)",False,0,,,,-9999.0,-1.0,-1.0,False,36.967648991666664,127.87376966833334,121.936,2,0.00014884000000000002,36.96764855588485,127.87377253461146,4.0,0.08558964939117432,1.0,0.0,0.14677929878234863,0.2595057505055593,7.394851164188424,-10.674066849972276,0.0,0.0,0.0,0.4338180604387426,0.23364992361372453,-0.7274913207308285,0.47745783258187635,0.032323497746934986,0.0009250245035569946,0.04307472593922005,-8.482752249999999,-1.2160246,5.658437049999999
1789051719.091302,10.866,2.0,-5.61225494025211,0,0,715,-6.2290555433336,3.038935067075678,-11.411358489051423,2.0,46.0,107.0,1.0,-0.36641016545873345,7.12840786450422,59.0,5.162405129835787,22.651182331792885,-10.674066849972276,0.037131255882258074,1.6581278910737143,0.0,-10.098640653079954,1.0605878881108552,0.004241991155552178,1.0803298041237586,0.0,0.0,2.3239632822716607,-2.0390681836845377,-0.6117204551053613,0.0,0.0,0.0,2.554631966382296,2.0503869448522343,,,4,2,2,2.3494343757629395,-6,170,True,True,False,"A:1,B:1,ESTOP:0,MODE:1",DRIVE_RUN,,,,,,,,,,,,,0,,🛞 인계 서행 해제 — 엔코더 2.0펄스 도달. 2펄스로 인계 대기,False,0,,,,-9999.0,-1.0,-1.0,False,36.967648991666664,127.87376966833334,121.936,2,0.00014884000000000002,36.96764840781862,127.87377351085557,4.0,0.11058378429412842,1.0,0.0,0.19676756858825684,0.3478850049996812,7.394851164188424,-10.674066849972276,0.0,0.0,0.0,0.4339298800633422,0.2332218060516199,-0.727237352662349,0.47795217466069995,-0.04468042885105484,-0.0243473430653209,-0.018517943363659837,-7.217694399999999,0.9022117999999999,5.727083599999999
1789051719.141292,10.916,0.0,-4.934727433016047,0,1,715,-6.116954641064246,3.0106356280533513,-11.349167246513929,2.0,47.0,107.0,1.0,-0.37876087620303145,6.961029649765343,60.0,5.488711599773284,22.535871825451775,-11.819959311152067,-0.020430041105032617,0.33313742432731075,0.0,-10.098640653079954,1.0605878881108552,0.004241991155552178,1.0803298041237586,2.0,2.0,2.3239632822716607,-2.0573886919574744,-0.6172166075872423,0.0,0.0,0.0,2.554631966382296,2.0503869448522343,,,4,2,2,2.311601400375366,-6,170,True,True,False,"A:1,B:1,ESTOP:0,MODE:1",DRIVE_RUN,,,,,,,,,,,,,0,,"🔻 라이다 인계 서행 — L 구간 0.8m 앞, 2펄스로 내린다 (지금 6.9km/h)",False,0,,,,-9999.0,-1.0,-1.0,False,36.967648301666664,127.873773795,121.935,2,0.00014884000000000002,36.9676481711833,127.87377457623612,4.0,0.03227532119750977,1.0,0.0,0.04015064239501953,0.07098633575439453,6.859817140365744,-11.819959311152067,0.0,0.0,0.0,0.4337253278521601,0.23353654841507052,-0.7272365284901763,0.4779854099901677,-0.0005585053606381855,0.0019896753472735357,0.01096066770252439,-8.070872949999998,0.73549875,5.962443199999999
1789051719.191277,10.966,2.0,-5.951556265169715,0,0,715,-6.047470295698727,2.996110286353798,-11.332470201550223,2.0,47.0,107.0,1.0,-0.3834483432865209,7.106877824170831,60.0,5.374788225045299,22.464921734113364,-11.819959311152067,-0.020430041105032617,-0.158182124024144,0.0,-10.098640653079954,1.0605878881108552,0.004241991155552178,1.0803298041237586,0.0,0.0,2.3239632822716607,-2.076326735767626,-0.6228980207302878,0.0,0.0,0.0,2.554631966382296,1.742306232130179,,,4,2,2,2.3627161979675293,-6,170,True,True,False,"A:1,B:1,ESTOP:0,MODE:1",DRIVE_RUN,,,,,,,,,,,,,0,,🛞 인계 서행 해제 — 엔코더 2.0펄스 도달. 2펄스로 인계 대기,False,0,,,,-9999.0,-1.0,-1.0,False,36.967648301666664,127.873773795,121.935,2,0.00014884000000000002,36.967648008057886,127.87377554780748,4.0,0.057247163963317874,1.0,0.0,0.09009432792663574,0.15928675002783138,6.859817140365744,-11.819959311152067,0.0,0.0,0.0,0.4333934500022949,0.23375375146596233,-0.727485666761999,0.47780111534669695,-0.024137903555081577,-0.0022689280275926286,-0.05091125428067459,-9.0025047,0.53936575,5.099458
1789051719.241280,11.016,0.0,-5.207422160992805,0,1,715,-5.961057238836571,2.977951248374021,-11.340374472873378,2.0,47.0,107.0,1.0,-0.389401870653921,7.1911261393945844,60.0,5.304427987235899,22.376669734212506,-11.819959311152067,-0.020430041105032617,-0.49744084848143033,0.0,-10.098640653079954,1.0605878881108552,0.004241991155552178,1.0803298041237586,2.0,2.0,2.1558193401526538,-2.0954991529319518,-0.6286497458795856,0.0,0.0,0.0,2.554631966382296,1.742306232130179,,,4,2,2,2.0735528469085693,-6,170,True,True,False,"A:1,B:1,ESTOP:0,MODE:1",DRIVE_RUN,,,,,,,,,,,,,0,,"🔻 라이다 인계 서행 — L 구간 0.8m 앞, 2펄스로 내린다 (지금 6.9km/h)",False,0,,,,-9999.0,-1.0,-1.0,False,36.967648301666664,127.873773795,121.935,2,0.00014884000000000002,36.967647843218906,127.87377652027259,4.0,0.0822521469116211,1.0,0.0,0.1401042938232422,0.247704206675648,6.859817140365744,-11.819959311152067,0.0,0.0,0.0,0.4323505833706656,0.23342047046299907,-0.7282517452592607,0.47774182625631423,-0.008517206749732328,-0.054942964852781495,-0.026197392072434884,-8.44352565,2.3437893499999998,5.3936575
1789051719.291276,11.066,2.0,-5.769896908347067,0,0,715,-5.874564691816297,2.959601457079887,-11.36517995745993,2.0,47.0,107.0,1.0,-0.39553322916012096,7.329406675304037,60.0,5.216942672818164,22.288306838386962,-11.819959311152067,-0.020430041105032617,-0.8085350701872764,0.0,-10.098640653079954,1.0605878881108552,0.004241991155552178,1.0803298041237586,0.0,0.0,2.1558193401526538,-2.1149692464646477,-0.6344907739393942,0.0,0.0,0.0,2.554631966382296,1.742306232130179,,,4,2,2,1.9202841520309448,-6,172,True,True,False,"A:1,B:1,ESTOP:0,MODE:1",DRIVE_RUN,,,,,,,,,,,,,0,,🛞 인계 서행 해제 — 엔코더 2.0펄스 도달. 2펄스로 인계 대기,False,0,,,,-9999.0,-1.0,-1.0,False,36.967647711666665,127.87377770833334,121.935,2,0.00014884000000000002,36.967647711666665,127.87377770833334,4.0,0.0122,1.0,1.0,0.0,0.0,6.604990556516116,-10.68605632185365,0.0,0.0,0.0,0.4316187274640504,0.23321479022721853,-0.7289953769681558,0.4773697477643975,0.03724532623755899,0.04293509959906051,0.033178709080412205,-6.2370294,1.26505785,4.97197155
1789051719.341253,11.116,0.0,-5.025483338997514,0,1,715,-5.768896735128905,2.9449571285878644,-11.371728755166743,2.0,47.0,107.0,1.0,-0.3953259785585423,7.214874295571705,61.0,5.542226476204612,22.181698739345318,-10.68605632185365,0.03395618178031441,0.6303746336794599,0.0,-10.098640653079954,1.0605878881108552,0.004241991155552178,1.0803298041237586,2.0,2.0,2.1558193401526538,-2.1347459079226536,-0.640423772376796,0.0,0.0,0.0,2.554631966382296,1.742306232130179,,,4,2,2,1.5852248668670654,-6,171,True,True,False,"A:1,B:1,ESTOP:0,MODE:1",DRIVE_RUN,,,,,,,,,,,,,0,,"🔻 라이다 인계 서행 — L 구간 0.4m 앞, 2펄스로 내린다 (지금 6.6km/h)",False,0,,,,-9999.0,-1.0,-1.0,False,36.967647711666665,127.87377770833334,121.935,2,0.00014884000000000002,36.96764756731369,127.87377867313137,4.0,0.03688955516815186,1.0,0.0,0.04937911033630371,0.08730226707458497,6.604990556516116,-10.68605632185365,0.0,0.0,0.0,0.4329407311605665,0.2313677904963496,-0.728375361380477,0.4780173655390052,0.021746802479849347,0.05267403682518886,0.05614724203665758,-7.46286065,2.52030905,5.638823749999999
1789051719.391268,11.166,2.0,-6.067609552026067,0,0,715,-5.683086109036707,2.928887829025619,-11.340254389983585,2.0,48.0,107.0,1.0,-0.3992939711840032,7.29476805620731,61.0,5.43578021795646,22.094401916876386,-10.68605632185365,0.03395618178031441,0.8790899058640734,0.0,-10.098640653079954,1.0605878881108552,0.004241991155552178,1.0803298041237586,0.0,0.0,2.1558193401526538,-2.1545122068505806,-0.6463536620551742,0.0,0.0,0.0,2.554631966382296,1.6015465514189229,,,4,2,2,1.0770350694656372,-6,172,True,True,False,"A:1,B:1,ESTOP:0,MODE:1",DRIVE_RUN,,,,,,,,,,,,,0,,🛞 인계 서행 해제 — 엔코더 2.0펄스 도달. 2펄스로 인계 대기,False,0,,,,-9999.0,-1.0,-1.0,False,36.967647711666665,127.87377770833334,121.935,2,0.00014884000000000002,36.96764742263751,127.87377965034972,4.0,0.06188810081481934,1.0,0.0,0.09937620162963867,0.17569704518258555,6.604990556516116,-10.68605632185365,0.0,0.0,0.0,0.43394375691503123,0.23082045217180835,-0.7277055584757395,0.47839246948210046,-0.006562437987498679,-0.0016406094968746698,0.0205599785884932,-8.8848249,3.7167203499999997,4.8640984
1789051719.441272,11.216,0.0,-5.263092343407631,0,1,715,-5.596170800920459,2.9127825504947498,-11.296399492507618,2.0,48.0,107.0,1.0,-0.4028506191379243,7.369634390496851,61.0,5.349053484098713,22.00601088999329,-10.68605632185365,0.03395618178031441,-2.1141527679926755,0.0,-10.098640653079954,1.0605878881108552,0.004241991155552178,1.0803298041237586,2.0,2.0,2.075735561444411,-2.174476905409781,-0.6523430716229343,0.0,0.0,0.0,2.554631966382296,1.6015465514189229,,,4,2,2,1.0880402326583862,-6,171,True,True,False,"A:1,B:1,ESTOP:0,MODE:1",DRIVE_RUN,,,,,,,,,,,,,0,,"🔻 라이다 인계 서행 — L 구간 0.4m 앞, 2펄스로 내린다 (지금 6.6km/h)",False,0,,,,-9999.0,-1.0,-1.0,False,36.967647711666665,127.87377770833334,121.935,2,0.00014884000000000002,36.96764727929297,127.87378062723938,4.0,0.08687091083526612,1.0,0.0,0.14934182167053223,0.26403607270677515,6.604990556516116,-10.68605632185365,0.0,0.0,0.0,0.43151078652472685,0.23024885225448002,-0.7291577847966076,0.4786573221197082,0.06216862795603802,-0.03377212102609028,0.04305727264670011,-7.178467799999999,0.5883989999999999,5.1386845999999995
1789051719.491270,11.266,2.0,-6.459086866774333,0,0,715,-5.509284726364927,2.896825508921445,-11.402258750139566,2.0,48.0,107.0,1.0,-0.4062064404158918,7.435205843337823,61.0,5.261241186058258,21.9176743293949,-10.68605632185365,0.03395618178031441,0.07799286373900109,0.0,-10.098640653079954,1.0605878881108552,0.004241991155552178,1.0803298041237586,0.0,0.0,2.075735561444411,-2.194619436366677,-0.658385830910003,0.0,0.0,0.0,2.554631966382296,1.6015465514189229,,,4,2,2,0.9143285751342773,-6,171,True,True,False,"A:1,B:1,ESTOP:0,MODE:1",DRIVE_RUN,,,,,,,,,,,,,0,,🛞 인계 서행 해제 — 엔코더 2.0펄스 도달. 2펄스로 인계 대기,False,0,,,,-9999.0,-1.0,-1.0,False,36.96764716166667,127.87378147166666,121.941,2,0.00014884000000000002,36.96764716166667,127.87378147166666,4.0,0.0122,1.0,1.0,0.0,0.0,6.472878978530911,-10.365835570105144,0.0,0.0,0.0,0.4314429286143142,0.22889091637349865,-0.7292915557024113,0.47916570675660913,0.010681415022205296,-0.020978857608971842,0.02605776573227534,-8.835791649999999,1.8436502,5.8447634
1789051719.541285,11.316,0.0,0.0,0,0,715,-5.434180061164035,2.8837314091225332,-11.346526683131543,2.0,48.0,107.0,1.0,-0.40841519612593796,7.652588733029443,61.0,5.173487593193029,21.841436825165626,-10.365835570105144,0.05182115900172164,2.889524167346338,0.0,-10.098640653079954,1.0605878881108552,0.004241991155552178,1.0803298041237586,2.0,2.0,2.075735561444411,-2.2149297583874716,-0.6644789275162415,0.0,0.0,0.0,2.554631966382296,1.6015465514189229,,,4,2,2,0.6232092976570129,-6,171,True,True,False,"A:1,B:1,ESTOP:0,MODE:1",DRIVE_RUN,,,,,,,,,,,,,L,,🛞 라이다 구간 진입 — WP 49/107 에서 조종권 이양 (CTE -0.41m). 이제 /cmd_vel_raw 는 mppi 가 낸다,False,0,,,,-9999.0,-1.0,-1.0,False,36.96764716166667,127.87378147166666,121.941,2,0.00014884000000000002,36.96764700763101,127.87378252475752,4.0,0.03912878246307373,1.0,0.0,0.05385756492614746,0.09522017478942872,6.472878978530911,-10.365835570105144,0.0,0.0,0.0,0.4303508398767404,0.22868121227530047,-0.7293741726471716,0.48012120766004207,-0.060231312486324316,-0.0004014257279586958,-0.005532693728822024,-7.1588544999999995,3.36368095,6.923494899999999
1789051719.591270,11.366,2.0,-1.0400816098486374,0,0,715,-5.340516535223846,2.866584237812624,-11.201693065015661,2.0,49.0,107.0,1.0,-0.41197876505758446,7.652588733029443,61.0,5.173487593193029,21.7462191308558,-10.365835570105144,0.05182115900172164,-0.3807423402782343,0.0,-10.098640653079954,1.0605878881108552,0.004241991155552178,1.0803298041237586,0.0,0.0,2.075735561444411,0.0,0.0,0.0,0.0,0.0,2.554631966382296,1.6015465514189229,,,4,2,2,0.43724796175956726,-6,171,True,True,False,"A:1,B:1,ESTOP:0,MODE:1",DRIVE_RUN,,,,0.0,0.0,0.7000830929355674,-1.0400816098486374,2.0,26.427358617331855,1.0,4.300000000000001,1.5265566588595902e-15,L,,,False,0,,,,-9999.0,-1.0,-1.0,False,36.96764716166667,127.87378147166666,121.941,2,0.00014884000000000002,36.96764686403446,127.87378350177714,4.0,0.06411624164581299,1.0,0.0,0.10383248329162598,0.18357581380841015,6.472878978530911,-10.365835570105144,0.0,0.0,0.0,0.4309971823884005,0.22999619494106655,-0.7290102472959666,0.47946557584811467,-0.0021991148575128553,0.0641757565958315,-0.028152160834668535,-9.296704199999999,0.97085835,3.6088471999999996
1789051719.641261,11.416,2.0,-3.120186674605865,0,0,715,-5.253618901979537,2.8505991428157,-11.220757124360546,2.0,49.0,107.0,1.0,-0.41512494910504427,7.652588733029443,61.0,5.173487593193029,21.6578663748188,-10.365835570105144,0.05182115900172164,-1.0016445817574091,0.0,-10.098640653079954,1.0605878881108552,0.004241991155552178,1.0803298041237586,0.0,0.0,2.075735561444411,0.0,0.0,0.0,0.0,0.0,2.554631966382296,1.6015465514189229,,,4,2,2,0.42942044138908386,-6,170,True,True,False,"A:1,B:1,ESTOP:0,MODE:1",DRIVE_RUN,,,,-0.4062064404158918,-2.974616504062624,2.1000830929355674,-3.120186674605865,2.0,38.63463776596746,1.0,4.100000000000001,0.6000000000000015,L,,,False,0,,,,-9999.0,-1.0,-1.0,False,36.96764716166667,127.87378147166666,121.941,2,0.00014884000000000002,36.967646719046776,127.87378447892799,4.0,0.08911490650177002,1.0,0.0,0.15382981300354004,0.27197095595583576,6.472878978530911,-10.365835570105144,0.0,0.0,0.0,0.43027535871907585,0.23006178552580794,-0.7297261952963352,0.4789930797184679,-0.007801621756414653,-0.0797790001086608,-0.0398284135305106,-7.89435325,0.7551120499999999,4.6875786999999995
1789051719.691298,11.466,2.0,-3.0682571168148156,0,0,715,-5.1667095975562,2.834459188048006,-11.270340191369371,2.0,49.0,107.0,1.0,-0.41763735028983767,7.652588733029443,61.0,5.173487593193029,21.569475373236084,-10.365835570105144,0.05182115900172164,0.23687710919767,0.0,-10.098640653079954,1.0605878881108552,0.004241991155552178,1.0803298041237586,0.0,0.0,2.075735561444411,0.0,0.0,0.0,0.0,0.0,2.554631966382296,1.6015465514189229,,,4,2,2,0.7061874866485596,-6,169,True,True,False,"A:1,B:1,ESTOP:0,MODE:1",DRIVE_RUN,,,,-0.40841519612593796,-2.8168875995091867,2.065135854740759,-3.0682571168148156,2.0,32.19957261536369,1.0,4.100000000000001,0.10000000000000153,L,,,False,0,,,,-9999.0,-1.0,-1.0,False,36.967646555,127.87378495166666,121.94200000000001,2,0.00014884000000000002,36.967646555,127.87378495166666,4.0,0.0122,1.0,1.0,0.0,0.0,5.868326122130086,-12.308534653891865,0.0,0.0,0.0,0.4291185937486988,0.22973187471739803,-0.7304368688733661,0.4791059160858294,0.014329153158873445,0.044174283367976484,0.028885199120506154,-5.570177199999999,0.4118793,6.3350959
1789051719.741298,11.516,2.0,-4.822635034365263,0,0,715,-5.1246634900661565,2.8161975846569813,-11.310413694577818,2.0,49.0,107.0,1.0,-0.42918041102906224,7.652588733029443,61.0,5.173487593193029,21.52490787683008,-12.308534653891865,-0.051909723126124165,0.12308528036381088,0.0,-10.098640653079954,1.0605878881108552,0.004241991155552178,1.0803298041237586,0.0,0.0,2.075735561444411,0.0,0.0,0.0,0.0,0.0,2.554631966382296,1.6015465514189229,,,4,2,2,0.764320969581604,-5,170,True,True,False,"A:1,B:1,ESTOP:0,MODE:1",DRIVE_RUN,,,,-0.41197876505758446,-2.8359516588540714,3.245631519688861,-4.822635034365263,2.0,34.985148425013314,1.0,3.900000000000002,1.5265566588595902e-15,L,,,False,0,,,,-9999.0,-1.0,-1.0,False,36.967646555,127.87378495166666,121.94200000000001,2,0.00014884000000000002,36.96764639824811,127.87378585235756,4.0,0.03538644523620606,1.0,0.0,0.04637289047241211,0.08198727035522461,5.868326122130086,-12.308534653891865,0.0,0.0,0.0,0.43030040380648465,0.2300569854482119,-0.7296421683346371,0.479100878853699,0.011466813185602746,0.07117452689632876,0.015166911199830723,-9.18883105,1.8044235999999998,6.71755525
1789051719.791270,11.566,2.0,-6.904054495896915,0,0,715,-5.044554652026272,2.798748043522516,-11.304165852616308,2.0,49.0,107.0,1.0,-0.43403780857530644,7.652588733029443,61.0,5.173487593193029,21.44299048094158,-12.308534653891865,-0.051909723126124165,-0.6143833539159049,0.0,-10.098640653079954,1.0605878881108552,0.004241991155552178,1.0803298041237586,0.0,0.0,2.075735561444411,0.0,0.0,0.0,0.0,0.0,2.554631966382296,1.6015465514189229,,,4,2,2,0.9338115453720093,-5,171,True,True,False,"A:1,B:1,ESTOP:0,MODE:1",DRIVE_RUN,,,,-0.41512494910504427,-2.8855347258628967,4.645631519688862,-6.904054495896915,2.0,31.524282698383338,1.0,3.900000000000002,1.5265566588595902e-15,L,,,False,0,,,,-9999.0,-1.0,-1.0,False,36.967646555,127.87378495166666,121.94200000000001,2,0.00014884000000000002,36.967646229202906,127.87378682280321,4.0,0.06036961288452149,1.0,0.0,0.09633922576904297,0.1703277504000224,5.868326122130086,-12.308534653891865,0.0,0.0,0.0,0.43026693794657184,0.23018460480196587,-0.7296773600566763,0.47901603317943664,-0.00301941960595019,-0.04569271981721155,-0.021642082724729686,-8.1983594,1.0296982499999998,6.24683605
1789051719.841292,11.616,2.0,-8.98673722120039,0,0,715,-4.958241717802892,2.779930017831893,-11.334833136952199,2.0,50.0,107.0,1.0,-0.4392882761580408,7.652588733029443,61.0,5.173487593193029,21.35472658304035,-12.308534653891865,-0.051909723126124165,-0.11507765604784263,0.0,-10.098640653079954,1.0605878881108552,0.004241991155552178,1.0803298041237586,0.0,0.0,2.075735561444411,0.0,0.0,0.0,0.0,0.0,2.554631966382296,1.6015465514189229,,,4,2,2,1.105962872505188,-4,171,True,True,False,"A:1,B:1,ESTOP:0,MODE:1",DRIVE_RUN,,,,-0.41763735028983767,-2.9256082290713437,6.045631519688862,-8.98673722120039,2.0,27.91634841607653,1.0,3.900000000000002,1.5265566588595902e-15,L,,,False,0,,,,-9999.0,-1.0,-1.0,False,36.967646555,127.87378495166666,121.94200000000001,2,0.00014884000000000002,36.96764605952161,127.87378779353583,4.0,0.08536410541534424,1.0,0.0,0.14632821083068848,0.25870825679314746,5.868326122130086,-12.308534653891865,0.0,0.0,0.0,0.42972949632434987,0.23017385205020344,-0.7300676241898088,0.47890899128231,-6.981317007977319e-05,0.017924531417981764,-0.007225663103256524,-7.384407449999999,-0.44129925,5.2171378
1789051719.891263,11.666,2.0,-11.071073967213389,0,0,714,-4.8719032609329815,2.7610411826961734,-11.340562513337716,2.0,50.0,107.0,1.0,-0.44454581897192524,7.652588733029443,61.0,5.173487593193029,21.266426006209503,-12.308534653891865,-0.051909723126124165,-1.1779884695792073,0.0,-10.098640653079954,1.0605878881108552,0.004241991155552178,1.0803298041237586,0.0,0.0,2.075735561444411,0.0,0.0,0.0,0.0,0.0,2.554631966382296,1.6015465514189229,,,4,2,2,1.1067489385604858,-5,171,True,True,False,"A:1,B:1,ESTOP:0,MODE:1",DRIVE_RUN,,,,-0.42918041102906224,-2.9193603871098333,7.445631519688862,-11.071073967213389,2.0,27.72015832803936,1.0,3.800000000000002,0.10000000000000153,L,,,False,0,,,,-9999.0,-1.0,-1.0,False,36.96764608833333,127.87378816833333,121.941,2,0.00014884000000000002,36.96764608833333,127.87378816833333,4.0,0.0122,1.0,1.0,0.0,0.0,5.4219284264288286,-12.308534653891865,0.0,0.0,0.0,0.42999091868302647,0.23018721360177308,-0.7299708055064404,0.478815496462528,0.03289945640009311,0.008604473212332044,0.016510814723866358,-8.070872949999998,-0.1569064,4.3541526
1789051719.941317,11.716,2.0,-13.157463534723842,0,0,715,-4.838568192085545,2.764248488610029,-11.399204898927337,2.0,50.0,107.0,1.0,-0.4358834756308049,7.652588733029443,61.0,5.173487593193029,21.234140338091198,-12.308534653891865,-0.051909723126124165,-1.9330371992174538,0.0,-10.098640653079954,1.0605878881108552,0.004241991155552178,1.0803298041237586,0.0,0.0,2.075735561444411,0.0,0.0,0.0,0.0,0.0,2.554631966382296,1.6015465514189229,,,4,2,2,0.8656461834907532,-4,170,True,True,False,"A:1,B:1,ESTOP:0,MODE:1",DRIVE_RUN,,,,-0.43403780857530644,-2.932568258639663,8.845631519688862,-13.157463534723842,2.0,27.206517067730843,1.0,3.800000000000002,0.10000000000000153,L,,,False,0,,,,-9999.0,-1.0,-1.0,False,36.96764608833333,127.87378816833333,121.941,2,0.00014884000000000002,36.96764591690928,127.87378914793258,4.0,0.03742408962249756,1.0,0.0,0.05044817924499512,0.08919238090515137,5.4219284264288286,-12.308534653891865,0.0,0.0,0.0,0.43085806687231987,0.23020064122740486,-0.7294910438847623,0.47876070001772203,0.03820525732615587,0.012147491593880533,-0.0021642082724729686,-8.433719,1.7946169499999998,4.05014645
1789051719.991244,11.766,2.0,-15.246314794324054,2,0,715,-4.751441122976767,2.745165650053721,-11.495990780460687,2.0,50.0,107.0,1.0,-0.44033233753821877,7.652588733029443,61.0,5.173487593193029,21.145028617427215,-12.308534653891865,-0.051909723126124165,-0.6163177327720583,0.0,-10.098640653079954,1.0605878881108552,0.004241991155552178,1.0803298041237586,0.0,0.0,2.075735561444411,0.0,0.0,0.0,0.0,0.0,2.554631966382296,1.6015465514189229,,,3,1,2,1.2806013822555542,-5,169,True,True,False,"A:1,B:1,ESTOP:0,MODE:1",DRIVE_RUN,,,,-0.4392882761580408,-2.9382976350251795,10.245631519688862,-15.246314794324054,2.0,29.76342912461899,1.0,3.700000000000002,1.5265566588595902e-15,L,,,False,0,,,,-9999.0,-1.0,-1.0,False,36.96764608833333,127.87378816833333,121.941,2,0.00014884000000000002,36.967645746628264,127.87379011901015,4.0,0.06243109912872315,1.0,0.0,0.10046219825744629,0.17761716244844944,5.4219284264288286,-12.308534653891865,0.0,0.0,0.0,0.43059840289360946,0.23062869015802118,-0.7296224465321626,0.4785880360162487,0.0033335788713091696,-0.011920598791121272,-0.01494001839707146,-7.001948099999999,-1.2748645,5.93302325
1789051720.041284,11.816,2.0,-15.091602732143594,2,0,698,-4.665071985340164,2.726210054461415,-11.52668364759333,2.0,50.0,107.0,1.0,-0.4447807286169672,7.652588733029443,61.0,5.173487593193029,21.0566861017962,-12.308534653891865,-0.051909723126124165,-1.8461527218374514,0.0,-10.098640653079954,1.0605878881108552,0.004241991155552178,1.0803298041237586,0.0,0.0,2.075735561444411,0.0,0.0,0.0,0.0,0.0,2.554631966382296,1.6015465514189229,,,4,2,2,1.4163293838500977,-6,170,True,True,False,"A:1,B:1,ESTOP:0,MODE:1",DRIVE_RUN,,,,-0.44454581897192524,-2.996940020614801,10.142002351460134,-15.091602732143594,2.0,28.890197974122497,1.0,3.600000000000002,1.5265566588595902e-15,L,,,False,0,,,,-9999.0,-1.0,-1.0,False,36.96764608833333,127.87378816833333,121.941,2,0.00014884000000000002,36.96764557534293,127.87379108969937,4.0,0.08743536682128907,1.0,0.0,0.15047073364257812,0.2660321835656798,5.4219284264288286,-12.308534653891865,0.0,0.0,0.0,0.43076435851090833,0.23094394030768522,-0.7295684007195689,0.4783690129422437,0.021205750411731106,0.0579274778736918,-0.037803831598197175,-7.7864801,0.5099457999999999,5.638823749999999
1789051720.091290,11.866,2.0,-13.3928000165022,2,0,542,-4.578737388528814,2.707142658062305,-11.619393499251174,1.5,51.0,107.0,1.0,-0.4493450867262786,7.652588733029443,61.0,5.173487593193029,20.968359102556924,-12.308534653891865,-0.051909723126124165,0.5309611830079144,0.0,-10.098640653079954,1.0605878881108552,0.004241991155552178,1.0803298041237586,0.0,0.0,2.075735561444411,0.0,0.0,0.0,0.0,0.0,2.554631966382296,1.6015465514189229,,,2,1,1,1.4673179388046265,-7,164,True,True,False,"A:1,B:1,ESTOP:0,MODE:1",DRIVE_RUN,,,,-0.4358834756308049,-3.093725902148151,9.648033736212636,-13.3928000165022,2.0,25.90250321481922,1.0,3.5000000000000018,0.6000000000000015,L,,,False,0,,,,-9999.0,-1.0,-1.0,False,36.96764608833333,127.87378816833333,121.941,2,0.00014884000000000002,36.96764544651788,127.87379181838085,4.0,0.11246466846466065,1.0,0.0,0.2005293369293213,0.33240983771569316,5.4219284264288286,-12.308534653891865,0.0,0.0,0.0,0.43043019006109856,0.2332917886933622,-0.7295820731196652,0.4775089437849619,0.00476474885794452,0.04459316238845512,0.02181661564992912,-8.7671451,0.1569064,5.18771785
1789051720.141299,11.916,2.0,-13.080209882303379,2,0,333,-4.574708279879762,2.702837236249205,-11.594167458286279,1.0,51.0,107.0,1.0,-0.45292688017069627,7.652588733029443,61.0,5.173487593193029,20.96365062861301,-11.647053693940812,-0.0013830097344822434,4.554887258953693,0.0,-10.098640653079954,1.0605878881108552,0.004241991155552178,1.0803298041237586,0.0,0.0,2.075735561444411,0.0,0.0,0.0,0.0,0.0,2.554631966382296,1.6015465514189229,,,2,1,1,1.75333571434021,-9,168,True,True,False,"A:1,B:1,ESTOP:0,MODE:1",DRIVE_RUN,,,,-0.44033233753821877,-3.1244187692807937,9.931952559354361,-13.080209882303379,2.0,24.54346803748093,1.0,3.3000000000000016,0.10000000000000153,L,,,False,0,,,,-9999.0,-1.0,-1.0,False,36.967645536666666,127.873791135,121.945,2,0.00014884000000000002,36.96764547779199,127.87379149300958,4.0,0.030587675285339358,1.0,0.0,0.03677535057067871,0.03250940990447998,4.935807925177402,-11.647053693940812,0.0,0.0,0.0,0.4304961601440964,0.2342918940641011,-0.7287844650041652,0.478177339535906,-0.07983135998622064,0.02569124658935653,0.01567305668290908,-9.218250999999999,-1.4317708999999998,5.619210449999999
1789051720.191299,11.966,2.0,-11.737645104799274,2,0,185,-4.542866356002687,2.696283337318392,-11.365599061493612,1.0,51.0,107.0,1.0,-0.454138324777047,7.652588733029443,61.0,5.173487593193029,20.931156394399867,-11.647053693940812,-0.0013830097344822434,5.1123009360913585,0.0,-10.098640653079954,1.0605878881108552,0.004241991155552178,1.0803298041237586,0.0,0.0,2.075735561444411,0.0,0.0,0.0,0.0,0.0,2.554631966382296,1.6015465514189229,,,4,2,2,1.7632352113723755,-11,167,True,True,False,"A:1,B:1,ESTOP:0,MODE:1",DRIVE_RUN,,,,-0.4447807286169672,-3.260379470075293,8.913288424621754,-11.737645104799274,2.0,23.60560105458249,1.0,3.3000000000000016,0.10000000000000153,L,,,False,0,,,,-9999.0,-1.0,-1.0,False,36.967645536666666,127.873791135,121.945,2,0.00014884000000000002,36.96764539844471,127.87379197983647,4.0,0.055582525444030764,1.0,0.0,0.08676505088806152,0.07670027613112841,4.935807925177402,-11.647053693940812,0.0,0.0,0.0,0.4299417868192763,0.23457628003266023,-0.7277960200420707,0.4800385213747005,-0.07246607054280456,-0.02986258350162298,0.0586954227445693,-9.11037785,0.25497289999999995,4.85429175
1789051720.241319,12.016,2.0,-11.171851133664973,2,0,185,-4.499567220924392,2.6874504384299303,-11.110403548891185,2.0,51.0,107.0,1.0,-0.4557075575024542,7.652588733029443,61.0,5.173487593193029,20.886983894886175,-11.647053693940812,-0.0013830097344822434,4.112516063316924,0.0,-10.098640653079954,1.0605878881108552,0.004241991155552178,1.0803298041237586,0.0,0.0,2.075735561444411,0.0,0.0,0.0,0.0,0.0,2.554631966382296,1.6015465514189229,,,4,2,2,1.8302675485610962,-12,171,True,True,False,"A:1,B:1,ESTOP:0,MODE:1",DRIVE_RUN,,,,-0.4493450867262786,-3.2351534291103974,7.513288424621754,-11.171851133664973,2.0,23.122504204361963,1.0,3.4000000000000017,1.5265566588595902e-15,L,,,False,0,,,,-9999.0,-1.0,-1.0,False,36.967645536666666,127.873791135,121.945,2,0.00014884000000000002,36.96764524242156,127.87379295450954,4.0,0.08058583946228028,1.0,0.0,0.13677167892456055,0.16511162451945227,4.935807925177402,-11.647053693940812,0.0,0.0,0.0,0.4291905141614161,0.23444176689259377,-0.7270323311779551,0.4819300259499155,-0.040805797911627424,-0.03267256359733385,0.08133234314293576,-7.992419749999999,0.06864655,4.54047895
1789051720.291273,12.066,2.0,-9.087424425689651,2,0,184,-4.41287829374087,2.6700820210226834,-10.905757461561507,2.0,51.0,107.0,1.0,-0.4609384655333728,7.652588733029443,61.0,5.173487593193029,20.798600781168975,-11.647053693940812,-0.0013830097344822434,5.322026075991228,0.0,-10.098640653079954,1.0605878881108552,0.004241991155552178,1.0803298041237586,0.0,0.0,2.075735561444411,0.0,0.0,0.0,0.0,0.0,2.554631966382296,1.6015465514189229,,,3,1,2,1.8806331157684326,-13,172,True,True,False,"A:1,B:1,ESTOP:0,MODE:1",DRIVE_RUN,,,,-0.45292688017069627,-3.0065850323177297,6.113288424621754,-9.087424425689651,2.0,21.889515021630988,1.0,3.4000000000000017,1.5265566588595902e-15,L,,,False,0,,,,-9999.0,-1.0,-1.0,False,36.96764520833333,127.873794055,121.952,2,0.00014884000000000002,36.96764520833333,127.873794055,4.0,0.0122,1.0,1.0,0.0,0.0,4.7807838570126755,-11.647053693940812,0.0,0.0,0.0,0.42876658533862516,0.23471562044415023,-0.726111542176767,0.4835595321511617,-0.09543460349904993,0.015934856070708228,0.01642354826126664,-6.40374245,1.3827376499999997,5.6290170999999996
1789051720.341276,12.116,2.0,-6.538327574768371,2,0,184,-4.314998973372517,2.6662873365163318,-10.639161552276875,1.5,51.0,107.0,1.0,-0.4523133172425034,7.652588733029443,61.0,5.173487593193029,20.701523519901436,-11.647053693940812,-0.0013830097344822434,4.2341977565520805,0.0,-10.098640653079954,1.0605878881108552,0.004241991155552178,1.0803298041237586,0.0,0.0,2.075735561444411,0.0,0.0,0.0,0.0,0.0,2.554631966382296,1.6015465514189229,,,3,1,2,1.9312422275543213,-14,170,True,True,False,"A:1,B:1,ESTOP:0,MODE:1",DRIVE_RUN,,,,-0.454138324777047,-2.7513895197153033,4.713288424621753,-6.538327574768371,2.0,27.566570362722246,1.0,3.2000000000000015,1.5265566588595902e-15,L,,,False,0,,,,-9999.0,-1.0,-1.0,False,36.96764520833333,127.873794055,121.952,2,0.00014884000000000002,36.967645095433056,127.8737947775169,4.0,0.036890508842468264,1.0,0.0,0.04938101768493652,0.06547922945022583,4.7807838570126755,-11.647053693940812,0.0,0.0,0.0,0.4289533024015521,0.2358417026637662,-0.7246295087876653,0.48506683110433874,-0.042655846918741414,0.04469788214357478,0.07059856824317062,-8.5513988,0.6472389,5.5113373
1789051720.391261,12.166,2.0,-4.595749786510794,2,0,184,-4.25073720508272,2.653719335502165,-10.427830433131334,1.5,51.0,107.0,1.0,-0.4566461420903558,7.652588733029443,61.0,5.173487593193029,20.636057777355248,-11.647053693940812,-0.0013830097344822434,5.956925770499405,0.0,-10.098640653079954,1.0605878881108552,0.004241991155552178,1.0803298041237586,0.0,0.0,2.075735561444411,0.0,0.0,0.0,0.0,0.0,2.554631966382296,1.6015465514189229,,,2,1,1,2.022092580795288,-14,172,True,True,False,"A:1,B:1,ESTOP:0,MODE:1",DRIVE_RUN,,,,-0.4557075575024542,-2.5467434323856253,3.313288424621753,-4.595749786510794,2.0,26.071966621322154,1.0,3.2000000000000015,1.5265566588595902e-15,L,,,False,0,,,,-9999.0,-1.0,-1.0,False,36.96764520833333,127.873794055,121.952,2,0.00014884000000000002,36.967644982784485,127.87379551262919,4.0,0.06199372024536133,1.0,0.0,0.09958744049072266,0.13205272705562923,4.7807838570126755,-11.647053693940812,0.0,0.0,0.0,0.42872175185583167,0.23718377465859083,-0.7230411665087157,0.4869835603571082,-0.0771959128157092,0.006667157742618339,0.07567747636647414,-8.95347145,-0.43149259999999995,4.5502856
1789051720.441284,12.216,2.0,-2.518713723378177,2,0,184,-4.185355184349291,2.6411793538997976,-10.129133703829694,1.0,52.0,107.0,1.0,-0.46080937423810336,7.652588733029443,61.0,5.173487593193029,20.569493358345277,-11.647053693940812,-0.0013830097344822434,4.724772070054474,0.0,-10.098640653079954,1.0605878881108552,0.004241991155552178,1.0803298041237586,0.0,0.0,2.075735561444411,0.0,0.0,0.0,0.0,0.0,2.554631966382296,1.6015465514189229,,,2,1,1,2.036118507385254,-13,171,True,True,False,"A:1,B:1,ESTOP:0,MODE:1",DRIVE_RUN,,,,-0.4609384655333728,-2.280147523100993,1.9132884246217527,-2.518713723378177,2.0,26.209166186573142,1.0,3.1000000000000014,1.5265566588595902e-15,L,,,False,0,,,,-9999.0,-1.0,-1.0,False,36.96764520833333,127.873794055,121.952,2,0.00014884000000000002,36.96764490978481,127.87379599959426,4.0,0.08691859455108643,1.0,0.0,0.14943718910217285,0.1761193428389056,4.7807838570126755,-11.647053693940812,0.0,0.0,0.0,0.42881491530454124,0.23787084560042912,-0.7212458220038215,0.48922356184849464,-0.04473278872861467,0.042341687653382434,0.08531169383748283,-8.306232549999999,0.81395195,5.24655775
1789051720.491264,12.266,2.0,-0.6756992115782855,2,0,186,-4.14204375876365,2.6330530671797376,-9.893616268625522,1.0,52.0,107.0,1.0,-0.4633880508649855,7.652588733029443,61.0,5.173487593193029,20.52542975026115,-11.647053693940812,-0.0013830097344822434,5.463908709593339,0.0,-10.098640653079954,1.0605878881108552,0.004241991155552178,1.0803298041237586,0.0,0.0,2.075735561444411,0.0,0.0,0.0,0.0,0.0,2.554631966382296,1.6015465514189229,,,2,1,1,2.059999704360962,-13,170,True,True,False,"A:1,B:1,ESTOP:0,MODE:1",DRIVE_RUN,,,,-0.4523133172425034,-2.068816403955452,0.5132884246217526,-0.6756992115782855,2.0,23.492700850696973,1.0,3.1000000000000014,1.5265566588595902e-15,L,,,False,0,,,,-9999.0,-1.0,-1.0,False,36.967645026666666,127.87379674,121.95500000000001,2,0.00014884000000000002,36.967645026666666,127.87379674,4.0,0.0122,1.0,1.0,0.0,0.0,4.707980071431135,-6.497057150935749,0.0,0.0,0.0,0.4289693531465856,0.23906067297932115,-0.7196345115966947,0.49087825213046554,-0.0765501409924713,0.040858157789187256,0.05333726194094671,-9.1201845,0.6472389,5.4328841
1789051720.541285,12.316,2.0,1.1672807075517053,2,0,184,-4.076190929695839,2.6460642959930563,-9.450391219711435,1.0,52.0,107.0,1.0,-0.4421459941238396,7.652588733029443,61.0,5.173487593193029,20.462807291095004,-6.497057150935749,0.16982795588448882,4.253788001286182,0.0,-10.098640653079954,1.0605878881108552,0.004241991155552178,1.0803298041237586,0.0,0.0,2.075735561444411,0.0,0.0,0.0,0.0,0.0,2.554631966382296,1.6015465514189229,,,3,2,1,2.079031229019165,-12,284,True,True,False,"A:1,B:1,ESTOP:0,MODE:1",DRIVE_RUN,,,,-0.4566461420903558,-1.7942747657686482,-0.8867115753782475,1.1672807075517053,2.0,29.60568759393575,1.0,3.0000000000000013,1.5265566588595902e-15,L,,,False,0,,,,-9999.0,-1.0,-1.0,False,36.967645026666666,127.87379674,121.95500000000001,2,0.00014884000000000002,36.967644979148496,127.8737972644563,4.0,0.03875255794525147,1.0,0.0,0.05310511589050293,0.046944922447204586,4.707980071431135,-6.497057150935749,0.0,0.0,0.0,0.4280432652162737,0.240195207787206,-0.7189542670642769,0.4921280190449636,-0.07620107514207242,-0.018011797880581482,0.017941984710501707,-9.326124149999998,0.7453053999999999,5.658437049999999
1789051720.591294,12.366,3.0,3.171650165647475,2,0,183,-4.0295449772296275,2.640774597423791,-9.238108709502058,1.5,52.0,107.0,1.0,-0.44054460552766844,7.652588733029443,61.0,5.173487593193029,20.41594984745598,-6.497057150935749,0.16982795588448882,4.740662135065456,0.0,-10.098640653079954,1.0605878881108552,0.004241991155552178,1.0803298041237586,0.0,0.0,2.075735561444411,0.0,0.0,0.0,0.0,0.0,2.554631966382296,1.6015465514189229,,,3,1,2,1.9433807134628296,-11,171,True,True,False,"A:1,B:1,ESTOP:0,MODE:1",DRIVE_RUN,,,,-0.46080937423810336,-1.5587573305644753,-2.2867115753782477,3.171650165647475,3.0,28.503690290144252,1.0,2.9000000000000012,1.5265566588595902e-15,L,,,False,0,,,,-9999.0,-1.0,-1.0,False,36.967645026666666,127.87379674,121.95500000000001,2,0.00014884000000000002,36.967644913002076,127.87379800542047,4.0,0.06375730247497559,1.0,0.0,0.10311460494995117,0.11325746758691206,4.707980071431135,-6.497057150935749,0.0,0.0,0.0,0.4269299199719192,0.2409775299914837,-0.7183524650113997,0.49358931257070365,-0.06946410422937431,-0.0060911990894602095,0.04687954370856769,-7.433440699999999,0.980665,3.44213415
1789051720.641279,12.416,3.0,5.1138369211270165,3,0,183,-3.9636424805582897,2.6334112116430592,-8.998790439178208,1.5,52.0,107.0,1.0,-0.4374490871964806,7.652588733029443,61.0,5.173487593193029,20.349768313103233,-6.497057150935749,0.16982795588448882,3.156991431179823,0.0,-10.098640653079954,1.0605878881108552,0.004241991155552178,1.0803298041237586,0.0,0.0,2.075735561444411,0.0,0.0,0.0,0.0,0.0,2.554631966382296,1.6015465514189229,,,2,1,1,2.2076339721679688,-8,172,True,True,False,"A:1,B:1,ESTOP:0,MODE:1",DRIVE_RUN,,,,-0.4633880508649855,-1.1155322816503883,-3.686711575378248,5.1138369211270165,3.0,28.709289735864477,1.0,2.9000000000000012,1.5265566588595902e-15,L,,,False,0,,,,-9999.0,-1.0,-1.0,False,36.967645026666666,127.87379674,121.95500000000001,2,0.00014884000000000002,36.967644848213574,127.87379874616136,4.0,0.08874833793640137,1.0,0.0,0.15309667587280273,0.17953351578052748,4.707980071431135,-6.497057150935749,0.0,0.0,0.0,0.42651975641004364,0.24207403789677917,-0.717540791570251,0.49458696909745137,-0.039426987802551904,0.0060911990894602095,0.04246386070102204,-8.237585999999999,-0.980665,4.8052585
1789051720.691298,12.466,3.0,6.696958439063632,3,0,185,-3.8977598428391764,2.626198988627374,-8.841942842438698,1.0,52.0,107.0,1.0,-0.43420741226591686,7.652588733029443,61.0,5.173487593193029,20.283633430590214,-6.497057150935749,0.16982795588448882,0.8218407294033263,0.0,-10.098640653079954,1.0605878881108552,0.004241991155552178,1.0803298041237586,0.0,0.0,2.075735561444411,0.0,0.0,0.0,0.0,0.0,2.554631966382296,1.6015465514189229,,,2,1,1,2.252397060394287,-6,198,True,True,False,"A:1,B:1,ESTOP:0,MODE:1",DRIVE_RUN,,,,-0.4421459941238396,-0.9032497714410112,-5.086711575378248,6.696958439063632,3.0,31.256297346682036,1.0,2.800000000000001,1.5265566588595902e-15,L,,,False,0,,,,-9999.0,-1.0,-1.0,False,36.96764481333334,127.87379948333333,121.96000000000001,2,0.00014884000000000002,36.96764481333334,127.87379948333333,4.0,0.0122,1.0,1.0,0.0,0.0,4.34810715935547,-6.497057150935749,0.0,0.0,0.0,0.4264083798218005,0.24191331253989437,-0.7169742943300212,0.49558218703227275,-0.004363323129985824,-0.004345869837465881,0.022968532956245378,-8.77695175,0.8727918499999999,6.07031635
1789051720.741286,12.516,3.0,8.540748772416771,3,0,184,-3.8321946298439427,2.6223161383651443,-8.801038165803561,1.0,52.0,107.0,1.0,-0.42772775308086347,7.652588733029443,61.0,5.173487593193029,20.218390940910695,-6.497057150935749,0.16982795588448882,-1.3920288758016324,0.0,-10.098640653079954,1.0605878881108552,0.004241991155552178,1.0803298041237586,0.0,0.0,2.075735561444411,0.0,0.0,0.0,0.0,0.0,2.554631966382296,1.6015465514189229,,,2,1,1,2.1676647663116455,-4,170,True,True,False,"A:1,B:1,ESTOP:0,MODE:1",DRIVE_RUN,,,,-0.44054460552766844,-0.6639315011171619,-6.486711575378249,8.540748772416771,3.0,29.59115030793591,1.0,2.800000000000001,1.5265566588595902e-15,L,,,False,0,,,,-9999.0,-1.0,-1.0,False,36.96764481333334,127.87379948333333,121.96000000000001,2,0.00014884000000000002,36.967644772677914,127.8737999578476,4.0,0.03620791645050049,1.0,0.0,0.04801583290100098,0.04244599628448487,4.34810715935547,-6.497057150935749,0.0,0.0,0.0,0.4263405106414545,0.24160423841009218,-0.7170352548928903,0.49570314121352,0.027419122548830915,-0.0020943951023931952,-0.00010471975511965978,-8.159132799999998,0.784532,3.85401345
1789051720.791301,12.566,3.0,10.384983781742608,3,0,185,-3.7899905986876163,2.6177903974745416,-8.870752716187951,1.0,53.0,107.0,1.0,-0.42555796324450396,7.652588733029443,61.0,5.173487593193029,20.1760432803646,-6.497057150935749,0.16982795588448882,-1.8150545616179672,0.0,-10.098640653079954,1.0605878881108552,0.004241991155552178,1.0803298041237586,0.0,0.0,2.075735561444411,0.0,0.0,0.0,0.0,0.0,2.554631966382296,1.6015465514189229,,,2,1,1,2.182748794555664,-1,176,True,True,False,"A:1,B:1,ESTOP:0,MODE:1",DRIVE_RUN,,,,-0.4374490871964806,-0.5070839043776516,-7.886711575378249,10.384983781742608,3.0,77.1336813881172,1.0,2.700000000000001,1.5265566588595902e-15,L,,,False,0,,,,-9999.0,-1.0,-1.0,False,36.96764481333334,127.87379948333333,121.96000000000001,2,0.00014884000000000002,36.967644730200014,127.87380045205077,4.0,0.06121289939880371,1.0,0.0,0.09802579879760742,0.08665480488963594,4.34810715935547,-6.497057150935749,0.0,0.0,0.0,0.42678668109105633,0.24104422695387662,-0.7171305613289101,0.4954539004827506,0.029740410453983374,0.010943214410004447,-0.013473941825396225,-7.75706015,0.7060787999999999,4.8640984
1789051720.841280,12.616,3.0,12.229763904591355,3,0,184,-3.746035405326385,2.613061779242252,-8.961188157299517,1.0,53.0,107.0,1.0,-0.42331304671816056,7.652588733029443,61.0,5.173487593193029,20.131936308809948,-6.497057150935749,0.16982795588448882,-3.8354053820391996,0.0,-10.098640653079954,1.0605878881108552,0.004241991155552178,1.0803298041237586,0.0,0.0,2.075735561444411,0.0,0.0,0.0,0.0,0.0,2.554631966382296,1.6015465514189229,,,2,1,1,2.1373183727264404,1,170,True,True,False,"A:1,B:1,ESTOP:0,MODE:1",DRIVE_RUN,,,,-0.43420741226591686,-0.466179227742515,-9.286711575378249,12.229763904591355,3.0,36.60522587460918,1.0,2.700000000000001,1.5265566588595902e-15,L,,,False,0,,,,-9999.0,-1.0,-1.0,False,36.96764481333334,127.87379948333333,121.96000000000001,2,0.00014884000000000002,36.967644687349086,127.87380094562668,4.0,0.08618903369903565,1.0,0.0,0.1479780673980713,0.13081258797457937,4.34810715935547,-6.497057150935749,0.0,0.0,0.0,0.4271409344075909,0.24068420728851883,-0.7174418332853579,0.4948726607597677,0.06150540284028017,0.013037609512397642,-0.029356438018544623,-8.2571993,1.34351105,5.609403799999999
1789051720.891260,12.666,3.0,14.075192260752702,3,0,184,-3.702136002071516,2.6082916357417822,-9.153622121075557,1.0,53.0,107.0,1.0,-0.42111791485719363,7.652588733029443,61.0,5.173487593193029,20.087877479045943,-6.497057150935749,0.16982795588448882,-5.6565391725180625,0.0,-10.098640653079954,1.0605878881108552,0.004241991155552178,1.0803298041237586,0.0,0.0,2.075735561444411,0.0,0.0,0.0,0.0,0.0,2.554631966382296,1.6015465514189229,,,2,1,1,2.4985527992248535,3,402,True,True,False,"A:1,B:1,ESTOP:0,MODE:1",DRIVE_RUN,,,,-0.42772775308086347,-0.5759769690494068,-10.686711575378249,14.075192260752702,3.0,112.40321023102788,1.0,2.600000000000001,1.5265566588595902e-15,L,,,False,0,,,,-9999.0,-1.0,-1.0,False,36.96764481333334,127.87379948333333,121.96000000000001,2,0.00014884000000000002,36.96764464395557,127.87380143992455,4.0,0.11120498390197754,1.0,0.0,0.19800996780395508,0.17504072050908726,4.34810715935547,-6.497057150935749,0.0,0.0,0.0,0.4274814276907819,0.24045082832765455,-0.7182243445583724,0.4935552846639289,0.10328858513302443,0.012915436464758038,-0.01869247628885927,-8.85540495,-1.26505785,5.697663649999999
1789051720.941298,12.716,3.0,15.921375194834091,3,0,184,-3.6122125455165977,2.5900334857369343,-9.323053218121373,1.0,53.0,107.0,1.0,-0.4243318010303653,7.652588733029443,61.0,5.173487593193029,19.996148065982133,-6.885791201412182,0.11339154598316839,-7.091963678385757,0.0,-10.098640653079954,1.0605878881108552,0.004241991155552178,1.0803298041237586,0.0,0.0,2.075735561444411,0.0,0.0,0.0,0.0,0.0,2.554631966382296,1.6015465514189229,,,3,2,1,2.3237876892089844,5,182,True,True,False,"A:1,B:1,ESTOP:0,MODE:1",DRIVE_RUN,,,,-0.42555796324450396,-0.666412410160973,-12.08671157537825,15.921375194834091,3.0,239.35146436557548,1.0,2.500000000000001,1.5265566588595902e-15,L,,,False,0,,,,-9999.0,-1.0,-1.0,False,36.967644523333334,127.87380195666667,121.953,2,0.00014884000000000002,36.9676444854728,127.87380234595925,4.0,0.031928422164916995,1.0,0.0,0.039456844329833984,0.03487985038757324,4.067673641132975,-6.885791201412182,0.0,0.0,0.0,0.42835847319410025,0.23892001183157885,-0.7192748901362489,0.492005974362817,0.11128219310715846,-0.04623377188532979,-0.04808382089244378,-8.757338449999999,1.0296982499999998,3.138128
1789051720.991294,12.766,3.0,17.76842285343671,3,0,184,-3.577588262611834,2.5858188707370746,-9.676759982808477,1.0,53.0,107.0,1.0,-0.4226780357098153,7.652588733029443,61.0,5.173487593193029,19.961319209509455,-6.885791201412182,0.11339154598316839,-6.8007847383246105,0.0,-10.098640653079954,1.0605878881108552,0.004241991155552178,1.0803298041237586,0.0,0.0,2.075735561444411,0.0,0.0,0.0,0.0,0.0,2.554631966382296,1.6015465514189229,,,2,1,1,2.591728687286377,7,169,True,True,False,"A:1,B:1,ESTOP:0,MODE:1",DRIVE_RUN,,,,-0.42331304671816056,-0.8588463739370128,-13.48671157537825,17.76842285343671,3.0,292.47217493873046,1.0,2.400000000000001,1.5265566588595902e-15,L,,,False,0,,,,-9999.0,-1.0,-1.0,False,36.967644523333334,127.87380195666667,121.953,2,0.00014884000000000002,36.96764443652157,127.87380283927128,4.0,0.05693578929901123,1.0,0.0,0.08947157859802246,0.07909281766731649,4.067673641132975,-6.885791201412182,0.0,0.0,0.0,0.4299315697802369,0.23828298708623347,-0.7202718616772045,0.4894777917818306,0.10239846721450731,-0.009965830028887622,-0.05944591432292687,-7.384407449999999,0.7060787999999999,8.1787461
1789051721.041273,12.816,3.0,20.690441327359228,3,0,184,-3.5337123293724857,2.5803696440770176,-10.01675187386843,1.5,53.0,107.0,1.0,-0.42068930654725684,7.652588733029443,61.0,5.173487593193029,19.91716537290003,-6.885791201412182,0.11339154598316839,-8.172822866425197,0.0,-10.098640653079954,1.0605878881108552,0.004241991155552178,1.0803298041237586,0.0,0.0,2.075735561444411,0.0,0.0,0.0,0.0,0.0,2.554631966382296,1.6015465514189229,,,3,2,1,2.392906427383423,9,170,True,True,False,"A:1,B:1,ESTOP:0,MODE:1",DRIVE_RUN,,,,-0.42111791485719363,-1.0282774709828288,-14.88671157537825,20.690441327359228,3.0,277.61613794418025,1.0,2.400000000000001,1.5265566588595902e-15,L,,,False,0,,,,-9999.0,-1.0,-1.0,False,36.967644523333334,127.87380195666667,121.953,2,0.00014884000000000002,36.9676443610638,127.87380357935278,4.0,0.08195758075714112,1.0,0.0,0.13951516151428223,0.14545025355313426,4.067673641132975,-6.885791201412182,0.0,0.0,0.0,0.4312545457480315,0.23669671226081423,-0.721654696254944,0.48704074013347654,0.1239532834766373,0.022287854547967587,-0.07496189137315645,-8.24739265,1.4808041499999998,3.8834334
1789051721.091317,12.866,3.0,21.46557570168325,3,0,192,-3.467888338253627,2.571969723565336,-10.428219977613793,1.0,53.0,107.0,1.0,-0.4179273962612711,7.652588733029443,61.0,5.173487593193029,19.850885693606717,-6.885791201412182,0.11339154598316839,-13.99808112454813,0.0,-10.098640653079954,1.0605878881108552,0.004241991155552178,1.0803298041237586,0.0,0.0,2.075735561444411,0.0,0.0,0.0,0.0,0.0,2.554631966382296,1.6015465514189229,,,2,1,1,2.480788469314575,11,169,True,True,False,"A:1,B:1,ESTOP:0,MODE:1",DRIVE_RUN,,,,-0.4243318010303653,-1.3819842356699326,-16.28671157537825,21.46557570168325,3.0,252.63221494591699,1.0,2.400000000000001,1.5265566588595902e-15,L,,,False,0,,,,-9999.0,-1.0,-1.0,False,36.967644523333334,127.87380195666667,121.953,2,0.00014884000000000002,36.967644309262475,127.87380407202224,4.0,0.1069556495666504,1.0,0.0,0.18951129913330078,0.18964615938845064,4.067673641132975,-6.885791201412182,0.0,0.0,0.0,0.4322278796807053,0.2351517065499783,-0.7235314724853863,0.48413318751814916,0.23268729587588402,-0.016057029118347832,-0.08182103533349416,-9.7281968,-0.38245935,4.246279449999999
1789051721.141284,12.916,3.0,23.93238340380684,3,0,184,-3.3775551075384573,2.5327039475852797,-11.128961054416266,1.5,54.0,107.0,1.0,-0.4414821685659695,7.652588733029443,61.0,5.173487593193029,19.75509673222532,-6.885791201412182,0.11339154598316839,-9.287416796916787,0.0,-10.098640653079954,1.0605878881108552,0.004241991155552178,1.0803298041237586,0.0,0.0,2.075735561444411,0.0,0.0,0.0,0.0,0.0,2.554631966382296,1.6015465514189229,,,3,2,1,2.6613688468933105,12,171,True,True,False,"A:1,B:1,ESTOP:0,MODE:1",DRIVE_RUN,,,,-0.4226780357098153,-1.721976126729885,-17.206613090760598,23.93238340380684,3.0,282.42932061620803,1.0,2.400000000000001,1.5265566588595902e-15,L,,,False,0,,,,-9999.0,-1.0,-1.0,False,36.96764400833333,127.873804595,121.964,2,0.00014884000000000002,36.96764396422709,127.8738050035457,4.0,0.026026131820678713,1.0,0.0,0.027652263641357422,0.03666690158843995,3.9685282799684924,-6.885791201412182,0.0,0.0,0.0,0.433079098229377,0.2331402311254001,-0.7257092693803113,0.4810760684581178,0.1285958592869422,-0.012391837689159739,-0.1024333737995472,-7.8845466,-0.17651969999999997,5.1582979
1789051721.191308,12.966,3.0,24.53247031336251,3,0,184,-3.341218422270241,2.5277940637544347,-11.591901018308874,1.0,54.0,107.0,1.0,-0.4402265418415087,7.652588733029443,61.0,5.173487593193029,19.718459311067633,-6.885791201412182,0.11339154598316839,-11.405071682789139,0.0,-10.098640653079954,1.0605878881108552,0.004241991155552178,1.0803298041237586,0.0,0.0,2.075735561444411,0.0,0.0,0.0,0.0,0.0,2.554631966382296,1.6015465514189229,,,2,1,1,2.4117255210876465,15,171,True,True,False,"A:1,B:1,ESTOP:0,MODE:1",DRIVE_RUN,,,,-0.42068930654725684,-2.133444230475249,-18.606613090760597,24.53247031336251,3.0,294.0514020944591,1.0,2.400000000000001,1.5265566588595902e-15,L,,,False,0,,,,-9999.0,-1.0,-1.0,False,36.96764400833333,127.873804595,121.964,2,0.00014884000000000002,36.96764390940556,127.87380549633218,4.0,0.051055552673339846,1.0,0.0,0.07771110534667969,0.0809187539842225,3.9685282799684924,-6.885791201412182,0.0,0.0,0.0,0.4344207170913423,0.23081209500691247,-0.728061942794357,0.4774203858392207,0.16985544280408815,-0.005567600313861911,-0.10484192816729937,-7.2373077,1.4808041499999998,2.4712758
1789051721.241271,13.016,3.0,24.675252844976452,3,0,184,-3.2973892318880194,2.5216913585073786,-12.160498077392162,1.0,54.0,107.0,1.0,-0.43888987151500636,7.652588733029443,61.0,5.173487593193029,19.674236190479522,-6.885791201412182,0.11339154598316839,-15.240303346503651,0.0,-10.098640653079954,1.0605878881108552,0.004241991155552178,1.0803298041237586,0.0,0.0,2.075735561444411,0.0,0.0,0.0,0.0,0.0,2.554631966382296,1.6015465514189229,,,2,1,1,2.2702107429504395,16,324,True,True,False,"A:1,B:1,ESTOP:0,MODE:1",DRIVE_RUN,,,,-0.4179273962612711,-2.8198245248979954,-18.714549075759123,24.675252844976452,3.0,406.70292736470964,1.0,2.2000000000000006,1.5265566588595902e-15,L,,,False,0,,,,-9999.0,-1.0,-1.0,False,36.96764400833333,127.873804595,121.964,2,0.00014884000000000002,36.967643852456504,127.87380598759842,4.0,0.07602811069488526,1.0,0.0,0.1276562213897705,0.1250694189456285,3.9685282799684924,-6.885791201412182,0.0,0.0,0.0,0.43584622071235113,0.22838531297518905,-0.7306290532392163,0.47334913887188146,0.23630012742751227,0.005759586531581287,-0.12458160200735524,-8.99269805,1.61809725,5.18771785
1789051721.291258,13.066,3.0,25.735990279707913,3,0,184,-3.2536952547817037,2.5153518186758648,-12.923199263010673,1.0,54.0,107.0,1.0,-0.4381895441725986,7.652588733029443,61.0,5.173487593193029,19.63010521493908,-6.885791201412182,0.11339154598316839,-13.276888854955812,0.0,-10.098640653079954,1.0605878881108552,0.004241991155552178,1.0803298041237586,0.0,0.0,2.075735561444411,0.0,0.0,0.0,0.0,0.0,2.554631966382296,1.6015465514189229,,,3,2,1,2.519007444381714,18,181,True,True,False,"A:1,B:1,ESTOP:0,MODE:1",DRIVE_RUN,,,,-0.4414821685659695,-3.282764488790605,-19.516201792053803,25.735990279707913,3.0,417.06470245968706,1.0,2.2000000000000006,1.5265566588595902e-15,L,,,False,0,,,,-9999.0,-1.0,-1.0,False,36.967643251666665,127.87380709666667,121.96700000000001,2,0.00014884000000000002,36.967643251666665,127.87380709666667,4.0,0.0122,1.0,1.0,0.0,0.0,4.429272239278385,-17.20534910056125,0.0,0.0,0.0,0.4373714783335501,0.2255332734393255,-0.7334413884583749,0.46893993454206745,0.19387117331153014,-0.020821777976292352,-0.12709487613022707,-8.6886919,1.24544455,9.208444349999999
1789051721.341290,13.116,3.0,26.21141606679469,3,0,184,-3.1550530129244136,2.44847219970109,-13.58742292750415,1.5,54.0,107.0,1.0,-0.49042764076963347,7.652588733029443,61.0,5.173487593193029,19.52140569111849,-6.885791201412182,0.0,-14.782158077629248,0.0,-10.098640653079954,1.0605878881108552,0.004241991155552178,1.0803298041237586,0.0,0.0,2.075735561444411,0.0,0.0,0.0,0.0,0.0,2.554631966382296,1.6015465514189229,,,3,2,1,2.6518094539642334,20,171,True,True,False,"A:1,B:1,ESTOP:0,MODE:1",DRIVE_RUN,,,,-0.4402265418415087,-3.8513615478738927,-18.834064687870615,26.21141606679469,3.0,413.14725934487785,1.0,2.2000000000000006,1.5265566588595902e-15,L,,,False,0,,,,-9999.0,-1.0,-1.0,False,36.967643251666665,127.87380709666667,121.96700000000001,2,0.00014884000000000002,36.967643071769515,127.87380781571466,4.0,0.03746974678039551,1.0,0.0,0.050539493560791016,0.06701536846160888,4.429272239278385,-17.20534910056125,0.0,0.0,0.0,0.4390769034927599,0.22246120725861462,-0.7364676987752686,0.4640450546497716,0.22471114119426994,-0.01832595714594046,-0.1256113462660319,-8.580818749999999,1.16699135,6.943108199999999
1789051721.391270,13.166,3.0,27.276947757482695,3,0,184,-3.091099775045436,2.428446140610073,-14.328278199715356,1.5,54.0,107.0,1.0,-0.5011962003090905,7.652588733029443,61.0,5.173487593193029,19.45496968173775,-6.885791201412182,0.0,-15.28820106386125,0.0,-10.098640653079954,1.0605878881108552,0.004241991155552178,1.0803298041237586,0.0,0.0,2.075735561444411,0.0,0.0,0.0,0.0,0.0,2.554631966382296,1.6015465514189229,,,2,1,1,2.805025815963745,21,347,True,True,False,"A:1,B:1,ESTOP:0,MODE:1",DRIVE_RUN,,,,-0.43888987151500636,-4.614062733492403,-19.59388693992627,27.276947757482695,3.0,384.2830573900584,1.0,2.0000000000000004,1.5265566588595902e-15,L,,,False,0,,,,-9999.0,-1.0,-1.0,False,36.967643251666665,127.87380709666667,121.96700000000001,2,0.00014884000000000002,36.96764288988547,127.87380852540205,4.0,0.06246543140411377,1.0,0.0,0.10053086280822754,0.13330312217851684,4.429272239278385,-17.20534910056125,0.0,0.0,0.0,0.4409597828717502,0.21919227415250928,-0.7396285474016278,0.4587579195066917,0.22120302939776132,-0.02139773662945048,-0.15055210127703086,-7.61976705,0.97085835,6.1683828499999995
1789051721.441284,13.216,3.0,28.910649500401018,3,0,184,-3.027979082534168,2.4081989010724407,-15.09133887717556,1.5,54.0,107.0,1.0,-0.5123015993478603,7.652588733029443,61.0,5.173487593193029,19.38932035775919,-6.885791201412182,0.0,-17.711348984206236,0.0,-10.098640653079954,1.0605878881108552,0.004241991155552178,1.0803298041237586,0.0,0.0,2.075735561444411,0.0,0.0,0.0,0.0,0.0,2.554631966382296,1.6015465514189229,,,3,2,1,2.639390707015991,23,173,True,True,False,"A:1,B:1,ESTOP:0,MODE:1",DRIVE_RUN,,,,-0.4381895441725986,-5.27828639798588,-20.757435642782625,28.910649500401018,3.0,320.2403600812418,1.0,2.0000000000000004,1.5265566588595902e-15,L,,,False,0,,,,-9999.0,-1.0,-1.0,False,36.967643251666665,127.87380709666667,121.96700000000001,2,0.00014884000000000002,36.96764270375395,127.87380923304411,4.0,0.08745098323822022,1.0,0.0,0.15050196647644043,0.19956206867253257,4.429272239278385,-17.20534910056125,0.0,0.0,0.0,0.4428098958615572,0.21572217164775592,-0.7430227008649666,0.45310109996112735,0.26591836483385606,-0.03389429407372988,-0.15489797111449674,-7.6884136,1.85345685,4.295312699999999
1789051721.491274,13.266,3.0,26.787694073819267,3,0,184,-2.965040305710001,2.3874788355426357,-15.9788859350179,1.0,55.0,107.0,1.0,-0.5239008193182371,7.652588733029443,61.0,5.173487593193029,19.32377435556329,-6.885791201412182,0.0,-19.32746050051031,0.0,-10.098640653079954,1.0605878881108552,0.004241991155552178,1.0803298041237586,0.0,0.0,2.075735561444411,0.0,0.0,0.0,0.0,0.0,2.554631966382296,1.6015465514189229,,,2,1,1,2.5147438049316406,24,170,True,True,False,"A:1,B:1,ESTOP:0,MODE:1",DRIVE_RUN,,,,-0.49042764076963347,-6.019141670197086,-20.310650910196948,26.787694073819267,3.0,318.34273215797333,1.0,1.8000000000000005,0.20000000000000154,L,,,False,0,,,,-9999.0,-1.0,-1.0,False,36.96764235,127.87380946833333,121.96700000000001,2,0.00014884000000000002,36.96764235,127.87380946833333,4.0,0.0122,1.0,1.0,0.0,0.0,4.485258785635833,-17.20534910056125,0.0,0.0,0.0,0.4446823383149367,0.21222559603807917,-0.7465746732084194,0.4470393402160307,0.2935992867704861,-0.0026354471705114374,-0.1678483141642947,-8.5121722,1.36312435,4.57970555
1789051721.541318,13.316,3.0,27.996562756898697,3,0,184,-2.9441133192671827,2.3480991255027948,-16.957805692338155,1.0,55.0,107.0,1.0,-0.5599205012056631,7.652588733029443,61.0,5.173487593193029,19.296495047536407,-6.885791201412182,0.0,-19.662175663510276,0.0,-10.098640653079954,1.0605878881108552,0.004241991155552178,1.0803298041237586,0.0,0.0,2.075735561444411,0.0,0.0,0.0,0.0,0.0,2.554631966382296,1.6015465514189229,,,2,1,1,2.2013041973114014,25,296,True,True,False,"A:1,B:1,ESTOP:0,MODE:1",DRIVE_RUN,,,,-0.5011962003090905,-6.7822023476572895,-21.22333219181074,27.996562756898697,3.0,342.32021385630316,1.0,1.8000000000000005,0.20000000000000154,L,,,False,0,,,,-9999.0,-1.0,-1.0,False,36.96764235,127.87380946833333,121.96700000000001,2,0.00014884000000000002,36.96764222103282,127.87380993281268,4.0,0.03693700046539307,1.0,0.0,0.04947400093078613,0.04373501682281494,4.485258785635833,-17.20534910056125,0.0,0.0,0.0,0.44504673180313065,0.20775666690366346,-0.7510455440970859,0.4412495490766476,0.2979102500229121,-0.027838001569309555,-0.16837191293989298,-8.2571993,1.5102240999999998,3.12832135
1789051721.591277,13.366,3.0,28.78271786534634,3,0,184,-2.9028018097388086,2.333742564690985,-17.93049718416819,1.0,55.0,107.0,1.0,-0.5682827354187042,7.652588733029443,61.0,5.173487593193029,19.253359795616777,-6.885791201412182,0.0,-20.68210007337492,0.0,-10.098640653079954,1.0605878881108552,0.004241991155552178,1.0803298041237586,0.0,0.0,2.075735561444411,0.0,0.0,0.0,0.0,0.0,2.554631966382296,1.6015465514189229,,,3,2,1,2.1204442977905273,26,174,True,True,False,"A:1,B:1,ESTOP:0,MODE:1",DRIVE_RUN,,,,-0.5123015993478603,-7.7247417552248105,-21.816575056508505,28.78271786534634,3.0,315.0975293511304,1.0,1.7000000000000004,0.30000000000000154,L,,,False,0,,,,-9999.0,-1.0,-1.0,False,36.96764235,127.87380946833333,121.96700000000001,2,0.00014884000000000002,36.967642087281234,127.87381040124174,4.0,0.06196153373718262,1.0,0.0,0.09952306747436523,0.08797754689543232,4.485258785635833,-17.20534910056125,0.0,0.0,0.0,0.4470229672533119,0.20368435015917813,-0.7548139619954483,0.4346711803478714,0.310563887099871,-0.019792033717615697,-0.18380062352752286,-7.992419749999999,1.5984839499999999,4.8640984
1789051721.641330,13.416,3.0,29.29389052817563,3,0,184,-2.861139005810973,2.3188534064639152,-18.961366467663055,1.0,55.0,107.0,1.0,-0.5772311308817492,7.652588733029443,61.0,5.173487593193029,19.209791810968763,-6.885791201412182,0.0,-22.30217016900379,0.0,-10.098640653079954,1.0605878881108552,0.004241991155552178,1.0803298041237586,0.0,0.0,2.075735561444411,0.0,0.0,0.0,0.0,0.0,2.554631966382296,1.6015465514189229,,,2,1,1,2.1883585453033447,27,170,True,True,False,"A:1,B:1,ESTOP:0,MODE:1",DRIVE_RUN,,,,-0.5239008193182371,-8.703661512545068,-22.202182918562052,29.29389052817563,3.0,309.3807541801618,1.0,1.7000000000000004,0.30000000000000154,L,,,False,0,,,,-9999.0,-1.0,-1.0,False,36.96764235,127.87380946833333,121.96700000000001,2,0.00014884000000000002,36.96764195006804,127.87381086776901,4.0,0.08697045059204102,1.0,0.0,0.14954090118408203,0.13219048906243897,4.485258785635833,-17.20534910056125,0.0,0.0,0.0,0.448892773715286,0.19949407339630654,-0.7587941300818273,0.427701836025179,0.33627258698174745,-0.02054252529597326,-0.1957212223186441,-7.7472535,0.6668522,5.10926465
1789051721.691283,13.466,3.0,29.60247637707403,3,0,184,-2.819645350559264,2.3035789038092913,-20.07774473582458,1.5,55.0,107.0,1.0,-0.5868134343248709,7.652588733029443,61.0,5.173487593193029,19.166329392411782,-6.885791201412182,0.0,-22.678967266809124,0.0,-10.098640653079954,1.0605878881108552,0.004241991155552178,1.0803298041237586,0.0,0.0,2.075735561444411,0.0,0.0,0.0,0.0,0.0,2.554631966382296,1.6015465514189229,,,3,2,1,2.0455241203308105,27,171,True,True,False,"A:1,B:1,ESTOP:0,MODE:1",DRIVE_RUN,,,,-0.5599205012056631,-9.676353004375102,-21.249616659122132,29.60247637707403,3.0,293.92114748669337,1.0,1.7000000000000004,0.10000000000000153,L,,,False,0,,,,-9999.0,-1.0,-1.0,False,36.96764235,127.87380946833333,121.96700000000001,2,0.00014884000000000002,36.967641738960616,127.87381156484098,4.0,0.11197161884307862,1.0,0.0,0.19954323768615723,0.19848577617477103,4.485258785635833,-17.20534910056125,0.0,0.0,0.0,0.45100242366768256,0.19536958264356524,-0.7626252094424529,0.42051198549673946,0.34822809235790864,-0.016982053621904827,-0.1878497873921497,-7.67860695,1.6671305,4.18743955
1789051721.741298,13.516,3.0,27.635796772884305,3,0,184,-2.736434815169692,2.212660411571678,-21.219705320905746,1.5,55.0,107.0,1.0,-0.6657742617447808,7.652588733029443,61.0,5.173487593193029,19.06926475536498,-6.885791201412182,0.0,-20.552574392557357,0.0,-10.098640653079954,1.0605878881108552,0.004241991155552178,1.0803298041237586,0.0,0.0,2.075735561444411,0.0,0.0,0.0,0.0,0.0,2.554631966382296,1.6015465514189229,,,3,2,1,2.070159912109375,27,296,True,True,False,"A:1,B:1,ESTOP:0,MODE:1",DRIVE_RUN,,,,-0.5682827354187042,-10.707222287869968,-19.849616659122134,27.635796772884305,3.0,318.4478146778407,1.0,1.7000000000000004,0.10000000000000153,L,,,False,0,,,,-9999.0,-1.0,-1.0,False,36.96764113333333,127.87381180333334,121.989,2,0.00014884000000000002,36.9676408884087,127.87381234218333,4.0,0.03299141139984131,1.0,0.0,0.04158282279968262,0.05513882303237915,4.2289675541791505,-29.39299309937397,0.0,0.0,0.0,0.4528561623510149,0.19127328024944643,-0.7663892579707466,0.41350131045787075,0.2969677722268352,-0.02707005669843205,-0.20338321773489923,-7.63938035,0.9512450499999999,4.8837117
1789051721.791276,13.566,3.0,25.713793907773287,3,0,184,-2.6885086655609416,2.1853955266850233,-22.241712627936153,1.5,55.0,107.0,1.0,-0.6863779108726858,7.652588733029443,61.0,5.173487593193029,19.01754597954195,-6.885791201412182,0.0,-21.22197092567844,0.0,-10.098640653079954,1.0605878881108552,0.004241991155552178,1.0803298041237586,0.0,0.0,2.075735561444411,0.0,0.0,0.0,0.0,0.0,2.554631966382296,1.6015465514189229,,,3,2,1,2.2381186485290527,27,173,True,True,False,"A:1,B:1,ESTOP:0,MODE:1",DRIVE_RUN,,,,-0.5772311308817492,-11.823600556031494,-18.478973873562,25.713793907773287,3.0,290.6892845205862,1.0,1.5000000000000002,0.4000000000000016,L,,,False,0,,,,-9999.0,-1.0,-1.0,False,36.96764113333333,127.87381180333334,121.989,2,0.00014884000000000002,36.96764058964926,127.8738129859732,4.0,0.05796027393341065,1.0,0.0,0.09152054786682129,0.12135503703009147,4.2289675541791505,-29.39299309937397,0.0,0.0,0.0,0.45471175177561285,0.18709675774132928,-0.7700705121068311,0.4064768534902804,0.31904618726456346,-0.00809832772925369,-0.1897521962768235,-8.54159215,0.77472535,6.28606265
1789051721.841278,13.616,3.0,26.15142907656154,3,0,184,-2.631249000524968,2.1521377773281247,-23.300437157277486,1.5,55.0,107.0,1.0,-0.7116710145786104,7.652588733029443,61.0,5.173487593193029,18.95567055396265,-6.885791201412182,0.0,-22.334158325458766,0.0,-10.098640653079954,1.0605878881108552,0.004241991155552178,1.0803298041237586,0.0,0.0,2.075735561444411,0.0,0.0,0.0,0.0,0.0,2.554631966382296,1.6015465514189229,,,3,2,1,1.9913573265075684,28,234,True,True,False,"A:1,B:1,ESTOP:0,MODE:1",DRIVE_RUN,,,,-0.5868134343248709,-12.965561141112659,-18.791267432722645,26.15142907656154,3.0,295.65676388303945,1.0,1.5000000000000002,0.4000000000000016,L,,,False,0,,,,-9999.0,-1.0,-1.0,False,36.96764113333333,127.87381180333334,121.989,2,0.00014884000000000002,36.967640285520524,127.8738136269663,4.0,0.08296239585876465,1.0,0.0,0.1415247917175293,0.1876566091212332,4.2289675541791505,-29.39299309937397,0.0,0.0,0.0,0.45667519625541725,0.18283949550662632,-0.7738312219709053,0.3990021602835928,0.33457961760731303,-0.03659955441432109,-0.19764108449583787,-8.0022264,0.73549875,3.0400614999999998
1789051721.891608,13.666,3.0,28.115398106930662,3,0,184,-2.5742380855495495,2.1182823216500752,-24.41758064859482,1.5,56.0,107.0,1.0,-0.7375897445942925,7.652588733029443,61.0,5.173487593193029,18.89397480895577,-6.885791201412182,0.0,-22.769422864622335,0.0,-10.098640653079954,1.0605878881108552,0.004241991155552178,1.0803298041237586,0.0,0.0,2.075735561444411,0.0,0.0,0.0,0.0,0.0,2.554631966382296,1.6015465514189229,,,3,2,1,2.069863796234131,29,379,True,True,False,"A:1,B:1,ESTOP:0,MODE:1",DRIVE_RUN,,,,-0.6657742617447808,-13.987568448143065,-20.191267432722643,28.115398106930662,3.0,306.7217182703027,1.0,1.3,0.5000000000000016,L,,,False,0,,,,-9999.0,-1.0,-1.0,False,36.96763969333333,127.873813895,121.97900000000001,2,0.00014884000000000002,36.967639976533775,127.87381426410153,4.0,0.10795855731964112,1.0,0.0,0.19151711463928223,0.25393800010502243,4.2289675541791505,-29.39299309937397,0.0,0.0,0.0,0.4585090168720022,0.17823421332666112,-0.7776720434412979,0.391443788425276,0.3471110816366323,-0.04743804906920587,-0.18867009214058703,-9.11037785,1.2552512,6.1978028
1789051721.941289,13.716,3.0,29.456414327146966,3,0,185,-2.550398754439745,2.0523603450126107,-25.57490441951441,1.5,56.0,107.0,1.0,-0.7997270126469418,7.652588733029443,61.0,5.173487593193029,18.860027858894846,-6.885791201412182,0.0,-22.789119967919287,0.0,-10.098640653079954,1.0605878881108552,0.004241991155552178,1.0803298041237586,0.0,0.0,2.075735561444411,0.0,0.0,0.0,0.0,0.0,2.554631966382296,1.6015465514189229,,,2,1,1,2.1927714347839355,29,200,True,True,False,"A:1,B:1,ESTOP:0,MODE:1",DRIVE_RUN,,,,-0.6863779108726858,-15.046292977484395,-21.145732963101242,29.456414327146966,3.0,244.29465370365608,1.0,1.3,0.5000000000000016,L,,,False,0,,,,-9999.0,-1.0,-1.0,False,36.96763969333333,127.873813895,121.97900000000001,2,0.00014884000000000002,36.967639427963206,127.87381443147761,4.0,0.033361198616027835,1.0,0.0,0.042322397232055664,0.05611949872970581,4.353299769736045,-29.39299309937397,0.0,0.0,0.0,0.46050929886972475,0.17348027842296884,-0.7813948354353565,0.38374195731996225,0.34599407091535594,-0.03289945640009311,-0.19371409367885065,-8.34545915,0.45110589999999995,5.658437049999999
1789051721.991296,13.766,3.0,28.637366487312587,3,0,184,-2.502683607462313,2.022819477728605,-26.695771842252952,1.5,56.0,107.0,1.0,-0.8226144048498883,7.652588733029443,61.0,5.173487593193029,18.808295416273268,-6.885791201412182,0.0,-22.06699853466953,0.0,-10.098640653079954,1.0605878881108552,0.004241991155552178,1.0803298041237586,0.0,0.0,2.075735561444411,0.0,0.0,0.0,0.0,0.0,2.554631966382296,1.6015465514189229,,,3,2,1,2.415717124938965,28,169,True,True,False,"A:1,B:1,ESTOP:0,MODE:1",DRIVE_RUN,,,,-0.7116710145786104,-16.273897661289055,-20.562924188072603,28.637366487312587,3.0,247.08272078490123,1.0,1.3,0.5000000000000016,L,,,False,0,,,,-9999.0,-1.0,-1.0,False,36.96763969333333,127.873813895,121.97900000000001,2,0.00014884000000000002,36.967639110044146,127.87381506161142,4.0,0.058355095100402835,1.0,0.0,0.09231019020080566,0.12240211289373303,4.353299769736045,-29.39299309937397,0.0,0.0,0.0,0.462264857398596,0.16881016743507005,-0.7850753235566499,0.37612639541412246,0.332712115307679,-0.035028758087526195,-0.191445165651258,-7.521700549999999,0.9610517,6.129156249999999
1789051722.041291,13.816,3.0,27.217029192232978,3,0,184,-2.4466385337405843,1.987428889859636,-27.799510044250184,1.0,56.0,107.0,1.0,-0.8512415386985411,7.652588733029443,61.0,5.173487593193029,18.747457469503175,-6.885791201412182,0.0,-21.88415707013168,0.0,-10.098640653079954,1.0605878881108552,0.004241991155552178,1.0803298041237586,0.0,0.0,2.075735561444411,0.0,0.0,0.0,0.0,0.0,2.554631966382296,1.6015465514189229,,,2,1,1,2.518956184387207,28,272,True,True,False,"A:1,B:1,ESTOP:0,MODE:1",DRIVE_RUN,,,,-0.7375897445942925,-17.431221432208645,-20.634855084239774,27.217029192232978,3.0,191.17124102990277,1.0,1.3,0.4000000000000016,L,,,False,0,,,,-9999.0,-1.0,-1.0,False,36.96763969333333,127.873813895,121.97900000000001,2,0.00014884000000000002,36.96763889458105,127.87381547936239,4.0,0.08336901874542237,1.0,0.0,0.14233803749084473,0.16662351447868276,4.353299769736045,-29.39299309937397,0.0,0.0,0.0,0.46422383522201216,0.16407516347563197,-0.78856205946307,0.3684364937374856,0.321332568584676,-0.019634954084936207,-0.2083399528105631,-8.4729456,0.4707192,5.6290170999999996
1789051722.091283,13.866,3.0,29.861866283083195,3,0,184,-2.4094831179180383,1.9634436476999384,-28.89317944250658,1.5,56.0,107.0,1.0,-0.8708724943377922,7.652588733029443,61.0,5.173487593193029,18.707065101993827,-6.885791201412182,0.0,-23.48884195652382,0.0,-10.098640653079954,1.0605878881108552,0.004241991155552178,1.0803298041237586,0.0,0.0,2.075735561444411,0.0,0.0,0.0,0.0,0.0,2.554631966382296,1.6015465514189229,,,3,2,1,2.3472206592559814,28,181,True,True,False,"A:1,B:1,ESTOP:0,MODE:1",DRIVE_RUN,,,,-0.7997270126469418,-18.552088854947186,-21.434064936587376,29.861866283083195,3.0,163.54373359255143,1.0,0.9999999999999999,0.7000000000000015,L,,,False,0,,,,-9999.0,-1.0,-1.0,False,36.96763969333333,127.873813895,121.97900000000001,2,0.00014884000000000002,36.967638566635344,127.87381610130946,4.0,0.10836053104400635,1.0,0.0,0.1923210620880127,0.23289109462973273,4.353299769736045,-29.39299309937397,0.0,0.0,0.0,0.4667101650926777,0.157487585113033,-0.7915919137538876,0.3616096298688522,0.3576354170261581,-0.045273840796732905,-0.19601792829148315,-8.4729456,1.6965504499999997,4.18743955
1789051722.141266,13.916,3.0,28.90067901360203,3,0,184,-2.3664379959270985,1.874991290034892,-30.074766245286952,1.5,56.0,107.0,1.0,-0.9538914202017217,7.652588733029443,61.0,5.173487593193029,18.651186682003935,-6.885791201412182,0.0,-24.097617366995312,0.0,-10.098640653079954,1.0605878881108552,0.004241991155552178,1.0803298041237586,0.0,0.0,2.075735561444411,0.0,0.0,0.0,0.0,0.0,2.554631966382296,1.6015465514189229,,,3,2,1,2.522024631500244,28,170,True,True,False,"A:1,B:1,ESTOP:0,MODE:1",DRIVE_RUN,,,,-0.8226144048498883,-19.655827056944418,-20.75033997083859,28.90067901360203,3.0,163.10069580359442,1.0,0.9999999999999999,0.6000000000000015,L,,,False,0,,,,-9999.0,-1.0,-1.0,False,36.9676381,127.87381596333333,121.96700000000001,2,0.00014884000000000002,36.967637786089526,127.87381639028884,4.0,0.03165912837982178,1.0,0.0,0.038918256759643555,0.05160560846328736,4.47904735742341,-42.384424359641216,0.0,0.0,0.0,0.46830225102917555,0.15265785566631945,-0.7951864457603823,0.3536482677228021,0.36185911381598435,-0.03721041965251911,-0.21197023765471132,-8.60043205,0.81395195,6.266449349999999
1789051722.191288,13.966,3.0,29.967450066168425,3,0,184,-2.3284639140109253,1.8400469356607851,-31.2775891401229,1.5,56.0,107.0,1.0,-0.9843186768592749,7.652588733029443,61.0,5.173487593193029,18.608466987465704,-6.885791201412182,0.0,-25.12997081175199,0.0,-10.098640653079954,1.0605878881108552,0.004241991155552178,1.0803298041237586,0.0,0.0,2.075735561444411,0.0,0.0,0.0,0.0,0.0,2.554631966382296,1.6015465514189229,,,3,2,1,2.5530965328216553,28,331,True,True,False,"A:1,B:1,ESTOP:0,MODE:1",DRIVE_RUN,,,,-0.8512415386985411,-20.749496455200813,-21.509130112876605,29.967450066168425,3.0,149.94146253847717,1.0,0.9999999999999999,0.5000000000000016,L,,,False,0,,,,-9999.0,-1.0,-1.0,False,36.9676381,127.87381596333333,121.96700000000001,2,0.00014884000000000002,36.96763737889825,127.8738169339325,4.0,0.05665040225982666,1.0,0.0,0.08890080451965332,0.11788122416392684,4.47904735742341,-42.384424359641216,0.0,0.0,0.0,0.46943785794015097,0.14749162287939477,-0.7989904404876338,0.345671223451334,0.3852988856702682,-0.0445058959258554,-0.20528562661957306,-8.041452999999999,0.7060787999999999,4.99158485
1789051722.241300,14.016,3.0,28.969241582894274,3,0,221,-2.2801114074101285,1.7947186105283621,-32.527699594658685,1.5,56.0,107.0,1.0,-1.0238900245359452,7.652588733029443,61.0,5.173487593193029,18.554016415999488,-6.885791201412182,0.0,-24.136586809045504,0.0,-10.098640653079954,1.0605878881108552,0.004241991155552178,1.0803298041237586,0.0,0.0,2.075735561444411,0.0,0.0,0.0,0.0,0.0,2.554631966382296,1.6015465514189229,,,3,2,1,2.4789340496063232,28,262,True,True,False,"A:1,B:1,ESTOP:0,MODE:1",DRIVE_RUN,,,,-0.8708724943377922,-21.931083257981186,-20.799132335426588,28.969241582894274,3.0,167.56296986943005,1.0,0.8999999999999999,0.6000000000000015,L,,,False,0,,,,-9999.0,-1.0,-1.0,False,36.9676381,127.87381596333333,121.96700000000001,2,0.00014884000000000002,36.96763696717322,127.87381747235787,4.0,0.08164549083709717,1.0,0.0,0.13889098167419434,0.1841638030860664,4.47904735742341,-42.384424359641216,0.0,0.0,0.0,0.4705833788515896,0.14271272364000234,-0.8025143538025019,0.33786842705530573,0.3669729285243277,-0.0060911990894602095,-0.20856684561332237,-8.26700595,1.8142302499999998,4.658158749999999
1789051722.291290,14.066,3.0,27.003739243169225,3,0,184,-2.232223024189646,1.7488855895375681,-33.74364884219804,1.5,57.0,107.0,1.0,-1.0640153028318424,7.652588733029443,61.0,5.173487593193029,18.500030256752243,-6.885791201412182,0.0,-24.08224599808526,0.0,-10.098640653079954,1.0605878881108552,0.004241991155552178,1.0803298041237586,0.0,0.0,2.075735561444411,0.0,0.0,0.0,0.0,0.0,2.554631966382296,1.6015465514189229,,,3,2,1,2.453817129135132,28,170,True,True,False,"A:1,B:1,ESTOP:0,MODE:1",DRIVE_RUN,,,,-0.9538914202017217,-23.133906152817136,-19.39913233542659,27.003739243169225,3.0,126.73132309684895,1.0,0.7999999999999999,0.6000000000000015,L,,,False,0,,,,-9999.0,-1.0,-1.0,False,36.96763646,127.87381785666666,121.97200000000001,2,0.00014884000000000002,36.96763646,127.87381785666666,4.0,0.0122,1.0,1.0,0.0,0.0,4.649826061866858,-42.384424359641216,0.0,0.0,0.0,0.4724051227981057,0.13818421538584394,-0.8056282624353956,0.3296992953247405,0.3578448565363974,-0.024242623310201238,-0.22090632342492228,-8.2964259,2.06920315,4.903325
1789051722.341262,14.116,3.0,25.0416756007511,3,0,184,-2.1980420072040463,1.6924273250569914,-34.944648016830456,1.5,57.0,107.0,1.0,-1.1162473598943856,7.652588733029443,61.0,5.173487593193029,18.458202956041113,-6.885791201412182,0.0,-25.20431194859778,0.0,-10.098640653079954,1.0605878881108552,0.004241991155552178,1.0803298041237586,0.0,0.0,2.075735561444411,0.0,0.0,0.0,0.0,0.0,2.554631966382296,1.6015465514189229,,,3,2,1,2.1757500171661377,28,170,True,True,False,"A:1,B:1,ESTOP:0,MODE:1",DRIVE_RUN,,,,-0.9843186768592749,-24.384016607352915,-17.99913233542659,25.0416756007511,3.0,141.92385874913222,1.0,0.7999999999999999,0.6000000000000015,L,,,False,0,,,,-9999.0,-1.0,-1.0,False,36.96763646,127.87381785666666,121.97200000000001,2,0.00014884000000000002,36.96763602382835,127.87381841467847,4.0,0.03838074417114258,1.0,0.0,0.052361488342285156,0.06943133354187012,4.649826061866858,-42.384424359641216,0.0,0.0,0.0,0.4736451968991029,0.13541156707399588,-0.8091939954020353,0.32020151898806737,0.3812497218056414,-0.01710422666954443,-0.2198242192886858,-8.56120545,-0.08825984999999999,3.26561445
1789051722.391287,14.166,3.0,23.0827326106624,3,0,184,-2.14841157601647,1.643872918695167,-36.20382282493523,1.5,57.0,107.0,1.0,-1.1588796336745997,7.652588733029443,61.0,5.173487593193029,18.40230306979352,-6.885791201412182,0.0,-22.740921838191706,0.0,-10.098640653079954,1.0605878881108552,0.004241991155552178,1.0803298041237586,0.0,0.0,2.075735561444411,0.0,0.0,0.0,0.0,0.0,2.554631966382296,1.6015465514189229,,,3,2,1,2.1145684719085693,28,340,True,True,False,"A:1,B:1,ESTOP:0,MODE:1",DRIVE_RUN,,,,-1.0238900245359452,-25.77387732564759,-16.599132335426592,23.0827326106624,3.0,121.4260145540662,1.0,0.7999999999999999,0.6000000000000015,L,,,False,0,,,,-9999.0,-1.0,-1.0,False,36.96763646,127.87381785666666,121.97200000000001,2,0.00014884000000000002,36.96763560225532,127.87381894187081,4.0,0.06339574069976807,1.0,0.0,0.10239148139953613,0.13576890566491426,4.649826061866858,-42.384424359641216,0.0,0.0,0.0,0.474087276025472,0.12629055499624006,-0.8126283956767478,0.3145266935719835,0.32524210610914334,-0.07094763409356951,-0.22506020704466878,-8.28661925,1.9809433,4.618932149999999
1789051722.441279,14.216,3.0,21.126609521025554,3,0,184,-2.101522275549391,1.5969436239802104,-37.3427112642857,1.5,57.0,107.0,1.0,-1.1978855525834415,7.652588733029443,61.0,5.173487593193029,18.349431989286984,-6.885791201412182,0.0,-23.556264089244454,0.0,-10.098640653079954,1.0605878881108552,0.004241991155552178,1.0803298041237586,0.0,0.0,2.075735561444411,0.0,0.0,0.0,0.0,0.0,2.554631966382296,1.6015465514189229,,,3,2,1,2.306528329849243,28,179,True,True,False,"A:1,B:1,ESTOP:0,MODE:1",DRIVE_RUN,,,,-1.0640153028318424,-26.974876500280004,-15.199132335426592,21.126609521025554,3.0,85.06382103871547,1.0,0.7999999999999999,0.5000000000000016,L,,,False,0,,,,-9999.0,-1.0,-1.0,False,36.96763646,127.87381785666666,121.97200000000001,2,0.00014884000000000002,36.967635176634154,127.87381946221996,4.0,0.08837032527923584,1.0,0.0,0.15234065055847168,0.2019949710910047,4.649826061866858,-42.384424359641216,0.0,0.0,0.0,0.473877701118388,0.12135584604128614,-0.816492404998516,0.3066803475837584,0.34819318577286873,0.02816961412718848,-0.2274338548273811,-7.77667345,0.3334261,6.001669799999999
1789051722.491290,14.266,3.0,20.849557207636106,3,0,184,-2.055241619358453,1.5495636924261753,-38.51918667775661,1.5,57.0,107.0,1.0,-1.2373848842784934,7.652588733029443,61.0,5.173487593193029,18.297191647657254,-6.885791201412182,0.0,-25.504208327314718,0.0,-10.098640653079954,1.0605878881108552,0.004241991155552178,1.0803298041237586,0.0,0.0,2.075735561444411,0.0,0.0,0.0,0.0,0.0,2.554631966382296,1.6015465514189229,,,3,2,1,2.2171785831451416,28,201,True,True,False,"A:1,B:1,ESTOP:0,MODE:1",DRIVE_RUN,,,,-1.1162473598943856,-28.23405130838478,-15.000694233684202,20.849557207636106,3.0,100.23500414722122,1.0,0.7999999999999999,0.5000000000000016,L,,,False,0,,,,-9999.0,-1.0,-1.0,False,36.96763457666667,127.87381961,121.987,2,0.00014884000000000002,36.96763457666667,127.87381961,4.0,0.0122,1.0,1.0,0.0,0.0,4.775401253198422,-50.41117763094222,0.0,0.0,0.0,0.47601116435292684,0.11663403992956725,-0.8193158263069674,0.29754234808512575,0.3732561138315073,-0.03733259270015871,-0.24289747200005085,-9.5320638,2.0790097999999997,5.10926465
1789051722.541316,14.316,3.0,18.99085067558536,3,0,184,-2.0420978343126674,1.4827756174510625,-39.79147715297387,1.5,57.0,107.0,1.0,-1.3012692095248506,7.652588733029443,61.0,5.173487593193029,18.275357471509263,-6.885791201412182,0.0,-23.36425021165699,0.0,-10.098640653079954,1.0605878881108552,0.004241991155552178,1.0803298041237586,0.0,0.0,2.075735561444411,0.0,0.0,0.0,0.0,0.0,2.554631966382296,1.6015465514189229,,,3,2,1,2.1247432231903076,27,180,True,True,False,"A:1,B:1,ESTOP:0,MODE:1",DRIVE_RUN,,,,-1.1588796336745997,-29.37293974773525,-13.668498097776919,18.99085067558536,3.0,118.42739786662837,1.0,0.7999999999999999,0.5000000000000016,L,,,False,0,,,,-9999.0,-1.0,-1.0,False,36.96763457666667,127.87381961,121.987,2,0.00014884000000000002,36.967634067329904,127.87382013099403,4.0,0.03981149406433106,1.0,0.0,0.05522298812866211,0.07322568225860596,4.775401253198422,-50.41117763094222,0.0,0.0,0.0,0.47690601539503363,0.11179839114173153,-0.8226860453438519,0.28852979571379817,0.347512507364591,-0.052796209872828466,-0.20923007072908023,-7.8060934,0.08825984999999999,4.2168595
1789051722.591278,14.366,3.0,17.03972212771195,3,0,184,-1.9957598207355316,1.4260765081551727,-40.96513647043025,1.5,57.0,107.0,1.0,-1.3499623710494573,7.652588733029443,61.0,5.173487593193029,18.22210643842753,-6.885791201412182,0.0,-23.70651590516045,0.0,-10.098640653079954,1.0605878881108552,0.004241991155552178,1.0803298041237586,0.0,0.0,2.075735561444411,0.0,0.0,0.0,0.0,0.0,2.554631966382296,1.6015465514189229,,,3,2,1,2.1622314453125,26,171,True,True,False,"A:1,B:1,ESTOP:0,MODE:1",DRIVE_RUN,,,,-1.1978855525834415,-30.54941516120616,-12.268498097776918,17.03972212771195,3.0,76.27011939880367,1.0,0.7999999999999999,0.5000000000000016,L,,,False,0,,,,-9999.0,-1.0,-1.0,False,36.96763457666667,127.87381961,121.987,2,0.00014884000000000002,36.9676336016052,127.87382059666457,4.0,0.06483292789459229,1.0,0.0,0.10526585578918457,0.13958037291486858,4.775401253198422,-50.41117763094222,0.0,0.0,0.0,0.4779593835948674,0.10617061220726809,-0.8255605088234297,0.28059307726376326,0.3533942669438119,-0.03598868917612307,-0.21348867410394637,-8.669078599999999,2.3339827,5.2563644
1789051722.641281,14.416,3.0,15.090572088922896,3,0,186,-1.954342364354288,1.3742322713398787,-42.147267713555294,1.5,58.0,107.0,1.0,-1.3946362465465436,7.652588733029443,61.0,5.173487593193029,18.174482103778953,-6.885791201412182,0.0,-21.02857069699255,0.0,-10.098640653079954,1.0605878881108552,0.004241991155552178,1.0803298041237586,0.0,0.0,2.075735561444411,0.0,0.0,0.0,0.0,0.0,2.554631966382296,1.6015465514189229,,,3,2,1,2.132498025894165,25,170,True,True,False,"A:1,B:1,ESTOP:0,MODE:1",DRIVE_RUN,,,,-1.2373848842784934,-31.821705636423417,-10.868498097776918,15.090572088922896,3.0,86.99520005323265,1.0,0.7999999999999999,0.5000000000000016,L,,,False,0,,,,-9999.0,-1.0,-1.0,False,36.96763457666667,127.87381961,121.987,2,0.00014884000000000002,36.96763313282819,127.87382105587062,4.0,0.08982038707733155,1.0,0.0,0.15524077415466309,0.2058414971803971,4.775401253198422,-50.41117763094222,0.0,0.0,0.0,0.4786157952958206,0.10187644123453994,-0.8283999147978395,0.27258336775685127,0.31483994376725716,-0.03993313328563026,-0.18559831265707702,-8.89463155,1.10815145,5.16810455
1789051722.691328,14.466,3.0,13.143151518652651,3,0,184,-1.9134998696360346,1.322048253280107,-43.19743181799413,1.5,58.0,107.0,1.0,-1.4397362193903416,7.652588733029443,61.0,5.173487593193029,18.12750465091403,-6.885791201412182,0.0,-21.657608134958142,0.0,-10.098640653079954,1.0605878881108552,0.004241991155552178,1.0803298041237586,0.0,0.0,2.075735561444411,0.0,0.0,0.0,0.0,0.0,2.554631966382296,1.6015465514189229,,,3,2,1,2.0200700759887695,24,170,True,True,False,"A:1,B:1,ESTOP:0,MODE:1",DRIVE_RUN,,,,-1.3012692095248506,-32.99536495387981,-9.468498097776918,13.143151518652651,3.0,113.59176264019675,1.0,0.7999999999999999,0.5000000000000016,L,,,False,0,,,,-9999.0,-1.0,-1.0,False,36.96763257333333,127.87382104333334,121.983,2,0.00014884000000000002,36.96763257333333,127.87382104333334,4.0,0.0122,1.0,1.0,0.0,0.0,4.639217931177093,-50.41117763094222,0.0,0.0,0.0,0.47948777605559045,0.09745912181600021,-0.8310019659841209,0.26462978804103615,0.3180164430058868,-0.04558800006209189,-0.20217894055102312,-8.2571993,1.0493115499999999,4.18743955
1789051722.741304,14.516,3.0,11.19722010594577,3,0,184,-1.9146149551119547,1.2597655706356392,-44.283068541695314,1.5,58.0,107.0,1.0,-1.5014171693410487,7.652588733029443,61.0,5.173487593193029,18.121101152912022,-6.885791201412182,0.0,-20.423762331629433,0.0,-10.098640653079954,1.0605878881108552,0.004241991155552178,1.0803298041237586,0.0,0.0,2.075735561444411,0.0,0.0,0.0,0.0,0.0,2.554631966382296,1.6015465514189229,,,3,2,1,2.2533936500549316,24,235,True,True,False,"A:1,B:1,ESTOP:0,MODE:1",DRIVE_RUN,,,,-1.3499623710494573,-34.01855565439553,-8.068498097776917,11.19722010594577,3.0,139.7206127983222,1.0,0.7999999999999999,0.5000000000000016,L,,,False,0,,,,-9999.0,-1.0,-1.0,False,36.96763257333333,127.87382104333334,121.983,2,0.00014884000000000002,36.9676320912725,127.87382150661917,4.0,0.0377119800567627,1.0,0.0,0.05102396011352539,0.06765777111053467,4.639217931177093,-50.41117763094222,0.0,0.0,0.0,0.4800703832329813,0.09309368117052925,-0.8335182845909938,0.25712499474214046,0.305624605316727,-0.03792600464583678,-0.18069393745897294,-8.52197885,1.9417167,6.40374245
1789051722.791292,14.566,3.0,9.252544959601154,3,0,184,-1.8734095984579129,1.2061028040725812,-45.30035042207112,1.5,58.0,107.0,1.0,-1.5479202831317955,7.652588733029443,61.0,5.173487593193029,18.07387288128206,-6.885791201412182,0.0,-18.144698851171697,0.0,-10.098640653079954,1.0605878881108552,0.004241991155552178,1.0803298041237586,0.0,0.0,2.075735561444411,0.0,0.0,0.0,0.0,0.0,2.554631966382296,1.6015465514189229,,,3,2,1,2.3051183223724365,22,170,True,True,False,"A:1,B:1,ESTOP:0,MODE:1",DRIVE_RUN,,,,-1.3946362465465436,-35.068719758834334,-6.668498097776917,9.252544959601154,3.0,168.89722883293047,1.0,0.7999999999999999,0.5000000000000016,L,,,False,0,,,,-9999.0,-1.0,-1.0,False,36.96763257333333,127.87382104333334,121.983,2,0.00014884000000000002,36.96763161604763,127.87382195510465,4.0,0.06269502849578858,1.0,0.0,0.10099005699157715,0.13391153015606333,4.639217931177093,-50.41117763094222,0.0,0.0,0.0,0.48077744147682766,0.08910456597375581,-0.8357276745453346,0.24994535820589184,0.26724481506537173,-0.048799405885761454,-0.16626006454497982,-7.972806449999999,1.6965504499999997,4.795451849999999
1789051722.841289,14.616,3.0,7.308899378083834,3,0,184,-1.8335206077203947,1.1532010140126248,-46.20822475235417,1.5,58.0,107.0,1.0,-1.5938792470632699,7.652588733029443,61.0,5.173487593193029,18.02816908468755,-6.885791201412182,0.0,-17.584765813045358,0.0,-10.098640653079954,1.0605878881108552,0.004241991155552178,1.0803298041237586,0.0,0.0,2.075735561444411,0.0,0.0,0.0,0.0,0.0,2.554631966382296,1.6015465514189229,,,3,2,1,2.8241045475006104,21,169,True,True,False,"A:1,B:1,ESTOP:0,MODE:1",DRIVE_RUN,,,,-1.4397362193903416,-36.15435648253555,-5.2684980977769165,7.308899378083834,3.0,209.92591020348442,1.0,0.5,0.8000000000000015,L,,,False,0,,,,-9999.0,-1.0,-1.0,False,36.96763257333333,127.87382104333334,121.983,2,0.00014884000000000002,36.96763113764228,127.87382239901392,4.0,0.08769309730529785,1.0,0.0,0.1509861946105957,0.20020291933992806,4.639217931177093,-50.41117763094222,0.0,0.0,0.0,0.4820292996373711,0.08332078755488237,-0.8372052898617591,0.24452546550375434,0.2629163985204258,-0.015899949485668342,-0.15856316254368485,-7.972806449999999,1.3827376499999997,8.414105699999999
1789051722.891275,14.666,3.0,5.366061684997937,3,0,183,-1.7940386319722577,1.0999451735632926,-47.0867578586398,1.5,58.0,107.0,1.0,-1.6408301069965385,7.652588733029443,61.0,5.173487593193029,17.982958469441282,-6.885791201412182,0.0,-17.670568953429903,0.0,-10.098640653079954,1.0605878881108552,0.004241991155552178,1.0803298041237586,0.0,0.0,2.075735561444411,0.0,0.0,0.0,0.0,0.0,2.554631966382296,1.6015465514189229,,,3,2,1,2.9030489921569824,18,172,True,True,False,"A:1,B:1,ESTOP:0,MODE:1",DRIVE_RUN,,,,-1.5014171693410487,-37.171638362911324,-3.868498097776916,5.366061684997937,3.0,275.87634878039387,1.0,0.5,0.8000000000000015,L,,,False,0,,,,-9999.0,-1.0,-1.0,False,36.96763062,127.87382240166667,121.99000000000001,2,0.00014884000000000002,36.96763062,127.87382240166667,4.0,0.0122,1.0,1.0,0.0,0.0,4.464454242979946,-60.588942734960796,0.0,0.0,0.0,0.4827469593040496,0.08018420891519042,-0.8389572804193066,0.23806836739638493,0.2707354735693604,-0.011239920382843483,-0.14779448105887982,-9.561483749999999,0.0392266,6.864654999999999
1789051722.941393,14.716,3.0,3.4238141171207723,3,0,184,-1.7938026918964778,1.0423214988204104,-47.97131764673864,1.5,58.0,107.0,1.0,-1.6979216409251243,7.652588733029443,61.0,5.173487593193029,17.976423783158538,-6.885791201412182,0.0,-17.276905380155675,0.0,-10.098640653079954,1.0605878881108552,0.004241991155552178,1.0803298041237586,0.0,0.0,2.075735561444411,0.0,0.0,0.0,0.0,0.0,2.554631966382296,1.6015465514189229,,,3,2,1,2.838836908340454,17,185,True,True,False,"A:1,B:1,ESTOP:0,MODE:1",DRIVE_RUN,,,,-1.5479202831317955,-38.079512693194374,-2.4684980977769158,3.4238141171207723,3.0,352.92270739619784,1.0,0.5,0.8000000000000015,L,,,False,0,,,,-9999.0,-1.0,-1.0,False,36.96763062,127.87382240166667,121.99000000000001,2,0.00014884000000000002,36.96763012598655,127.8738227475255,4.0,0.03596019954681397,1.0,0.0,0.04752039909362793,0.06301204919815064,4.464454242979946,-60.588942734960796,0.0,0.0,0.0,0.48335065627545937,0.07656447497439747,-0.8405065133529576,0.23250553813023922,0.26647687019449423,-0.02139773662945048,-0.13959143357450648,-8.52197885,0.38245935,4.97197155
1789051722.991278,14.766,3.0,1.4819417529498404,3,0,185,-1.7630414744537934,0.9873281732532773,-48.83520328327171,1.5,58.0,107.0,1.0,-1.7483888348434367,7.652588733029443,61.0,5.173487593193029,17.939989642496947,-6.885791201412182,0.0,-16.14239947002626,0.0,-10.098640653079954,1.0605878881108552,0.004241991155552178,1.0803298041237586,0.0,0.0,2.075735561444411,0.0,0.0,0.0,0.0,0.0,2.554631966382296,1.6015465514189229,,,3,2,1,2.5833353996276855,15,170,True,True,False,"A:1,B:1,ESTOP:0,MODE:1",DRIVE_RUN,,,,-1.5938792470632699,-38.95804579948003,-1.0684980977769156,1.4819417529498404,3.0,439.827503209604,1.0,0.5,0.8000000000000015,L,,,False,0,,,,-9999.0,-1.0,-1.0,False,36.96763062,127.87382240166667,121.99000000000001,2,0.00014884000000000002,36.96762960438351,127.87382310758792,4.0,0.06096410961151123,1.0,0.0,0.09752821922302246,0.12932184021531035,4.464454242979946,-60.588942734960796,0.0,0.0,0.0,0.4840129144941923,0.07325026781941088,-0.8417734605745277,0.22755952614559144,0.2618342943841893,-0.017592918860102842,-0.10667452388189343,-8.139519499999999,1.4121575999999998,2.9223817
1789051723.041287,14.816,3.0,-0.4597685295609373,3,0,183,-1.7310169662678165,0.92926358826083,-49.637057536654765,1.5,58.0,107.0,1.0,-1.801734342431991,7.652588733029443,61.0,5.173487593193029,17.902133267743164,-6.885791201412182,0.0,-10.475528716093994,0.0,-10.098640653079954,1.0605878881108552,0.004241991155552178,1.0803298041237586,0.0,0.0,2.075735561444411,0.0,0.0,0.0,0.0,0.0,2.554631966382296,1.6015465514189229,,,3,2,1,2.5140745639801025,13,204,True,True,False,"A:1,B:1,ESTOP:0,MODE:1",DRIVE_RUN,,,,-1.6408301069965385,-39.84260558757888,0.3315019022230845,-0.4597685295609373,3.0,563.9982956739836,1.0,0.5,0.8000000000000015,L,,,False,0,,,,-9999.0,-1.0,-1.0,False,36.96763062,127.87382240166667,121.99000000000001,2,0.00014884000000000002,36.967629081210745,127.87382346338048,4.0,0.08595705242156983,1.0,0.0,0.14751410484313965,0.19560126755745427,4.464454242979946,-60.588942734960796,0.0,0.0,0.0,0.48502289889851163,0.0706995323550905,-0.8427448693835157,0.22256560560117258,0.12777555453850487,-0.03344050846821135,-0.144967047670649,-9.03192465,0.99047165,4.99158485
1789051723.091279,14.866,3.0,-2.401529076882694,3,0,184,-1.6993722276808092,0.8710242624024349,-50.16177505332061,1.5,58.0,107.0,1.0,-1.8553030457634798,7.652588733029443,61.0,5.173487593193029,17.864803446187814,-6.885791201412182,0.0,-12.613659346586148,0.0,-10.098640653079954,1.0605878881108552,0.004241991155552178,1.0803298041237586,0.0,0.0,2.075735561444411,0.0,0.0,0.0,0.0,0.0,2.554631966382296,1.6015465514189229,,,4,2,2,2.6221442222595215,10,170,True,True,False,"A:1,B:1,ESTOP:0,MODE:1",DRIVE_RUN,,,,-1.6979216409251243,-40.706491224111915,1.7315019022230846,-2.401529076882694,3.0,720.9361479059008,1.0,0.5,0.8000000000000015,L,,,False,0,,,,-9999.0,-1.0,-1.0,False,36.967628500000004,127.87382390833334,121.987,2,0.00014884000000000002,36.967628500000004,127.87382390833334,4.0,0.0122,1.0,1.0,0.0,0.0,4.67213543501315,-60.588942734960796,0.0,0.0,0.0,0.48513562218396744,0.06826609074942483,-0.8439207888911573,0.21858835975251031,0.2101900018176771,-0.004433136300065597,-0.0742986662573986,-8.09048625,1.2748645,5.5113373
1789051723.141273,14.916,3.0,-1.5609687731028783,3,0,183,-1.6597974335762862,0.8063241785864785,-50.79643611775106,1.5,58.0,107.0,1.0,-1.9142327973895203,7.652588733029443,61.0,5.173487593193029,17.8191304149197,-6.885791201412182,0.0,-7.129036433636971,0.0,-10.098640653079954,1.0605878881108552,0.004241991155552178,1.0803298041237586,0.0,0.0,2.075735561444411,0.0,0.0,0.0,0.0,0.0,2.554631966382296,1.6015465514189229,,,3,2,1,2.501722574234009,9,171,True,True,False,"A:1,B:1,ESTOP:0,MODE:1",DRIVE_RUN,,,,-1.7483888348434367,-41.50834547749497,1.125476236445005,-1.5609687731028783,3.0,988.1975867689654,1.0,0.3,0.9000000000000015,L,,,False,0,,,,-9999.0,-1.0,-1.0,False,36.967628500000004,127.87382390833334,121.987,2,0.00014884000000000002,36.96762797147424,127.87382426259175,4.0,0.03736627311706543,1.0,0.0,0.05033254623413086,0.06674095630645753,4.67213543501315,-60.588942734960796,0.0,0.0,0.0,0.48593339125988533,0.06636395131788846,-0.8444343757627483,0.215395334801666,0.08641125126623925,-0.041852995462824026,-0.09679596031560553,-9.01231135,1.3337044,4.38357255
1789051723.191304,14.966,3.0,-1.0868455113772997,3,0,184,-1.6282891431300228,0.7474889601070022,-51.15155333912551,2.0,58.0,107.0,1.0,-1.9684101668871687,7.652588733029443,61.0,5.173487593193029,17.78223656284072,-6.885791201412182,0.0,-6.1717723815601575,0.0,-10.098640653079954,1.0605878881108552,0.004241991155552178,1.0803298041237586,0.0,0.0,2.075735561444411,0.0,0.0,0.0,0.0,0.0,2.554631966382296,1.6015465514189229,,,4,2,2,2.324296236038208,6,208,True,True,False,"A:1,B:1,ESTOP:0,MODE:1",DRIVE_RUN,,,,-1.801734342431991,-42.033062994160844,0.7315595536892533,-1.0868455113772997,3.0,1578.1610299172085,1.0,0.3,0.9000000000000015,L,,,False,0,,,,-9999.0,-1.0,-1.0,False,36.967628500000004,127.87382390833334,121.987,2,0.00014884000000000002,36.967627271563025,127.873824727261,4.0,0.062308671188354495,1.0,0.0,0.10021734237670898,0.15493697661452016,4.67213543501315,-60.588942734960796,0.0,0.0,0.0,0.48544169724712194,0.06556272999695276,-0.8455357412007474,0.2124080915626403,0.08845328649107262,-0.014817845349431858,-0.06147049625524028,-8.18855275,0.5982056499999999,3.8049801999999997
1789051723.241266,15.016,3.0,-0.7064462148720917,3,0,184,-1.5869607436335624,0.6695751996341386,-51.45935737295795,2.0,59.0,107.0,1.0,-2.040207930172875,7.652588733029443,61.0,5.173487593193029,17.734043113272946,-6.885791201412182,0.0,-5.421911104719478,0.0,-10.098640653079954,1.0605878881108552,0.004241991155552178,1.0803298041237586,0.0,0.0,2.075735561444411,0.0,0.0,0.0,0.0,0.0,2.554631966382296,1.6015465514189229,,,4,2,2,2.2770614624023438,4,188,True,True,False,"A:1,B:1,ESTOP:0,MODE:1",DRIVE_RUN,,,,-1.8553030457634798,-42.66772405859126,0.47551370989801467,-0.7064462148720917,3.0,1919.792371969325,1.0,4.000000000000002,2.900000000000003,L,,,False,0,,,,-9999.0,-1.0,-1.0,False,36.967628500000004,127.87382390833334,121.987,2,0.00014884000000000002,36.967626569154135,127.87382519059068,4.0,0.08730483264923096,1.0,0.0,0.15020966529846191,0.24332286499943476,4.67213543501315,-60.588942734960796,0.0,0.0,0.0,0.4854565265674352,0.06464290826314337,-0.8461900448306422,0.21003729015077252,0.08285077959217083,-0.007016223593017205,-0.045273840796732905,-8.0218397,-0.4216859499999999,5.30539765
1789051723.291265,15.066,3.0,-0.45918911491035586,3,0,184,-1.5457514864750295,0.5913833996525203,-51.72995627886988,2.0,59.0,107.0,1.0,-2.112296993255158,7.652588733029443,61.0,5.173487593193029,17.686253512708433,-6.885791201412182,0.0,-3.7911898590055815,0.0,-10.098640653079954,1.0605878881108552,0.004241991155552178,1.0803298041237586,0.0,0.0,2.075735561444411,0.0,0.0,0.0,0.0,0.0,2.554631966382296,1.6015465514189229,,,3,2,1,2.5879170894622803,2,170,True,True,False,"A:1,B:1,ESTOP:0,MODE:1",DRIVE_RUN,,,,-1.9142327973895203,-43.022841279965746,0.30908391143370956,-0.45918911491035586,3.0,2242.1839890186557,1.0,3.900000000000002,2.900000000000003,L,,,False,0,,,,-9999.0,-1.0,-1.0,False,36.96762656333333,127.87382557333333,121.99099999999999,2,0.00014884000000000002,36.96762656333333,127.87382557333333,4.0,0.0122,1.0,1.0,0.0,0.0,4.891090433196128,-58.00815515738266,0.0,0.0,0.0,0.48534915689531993,0.06375660367112958,-0.8466935273429234,0.20852185052152888,0.05777039824101231,-0.02204350845268838,-0.029373891311064566,-8.54159215,1.1571847,7.345180849999999
1789051723.341293,15.116,3.0,-0.2786395063047173,3,0,184,-1.5117097640125823,0.590735430980342,-52.23353219399948,1.5,59.0,107.0,1.0,-2.1084597290113383,7.652588733029443,61.0,5.173487593193029,17.652277858799817,-58.00815515738266,-0.31390994392563987,-3.8168144510447215,0.0,-10.098640653079954,1.0605878881108552,0.004241991155552178,1.0803298041237586,0.0,0.0,2.075735561444411,0.0,0.0,0.0,0.0,0.0,2.554631966382296,1.6015465514189229,,,3,2,1,2.6628360748291016,0,171,True,True,False,"A:1,B:1,ESTOP:0,MODE:1",DRIVE_RUN,,,,-1.9684101668871687,-43.44052738606683,0.20090454243191122,-0.2786395063047173,3.0,2594.5673541203355,1.0,3.900000000000002,2.900000000000003,L,,,False,0,,,,-9999.0,-1.0,-1.0,False,36.96762656333333,127.87382557333333,121.99099999999999,2,0.00014884000000000002,36.967626001646565,127.873826011564,4.0,0.03998291702270508,1.0,0.0,0.055565834045410156,0.07368029594421387,4.891090433196128,-58.00815515738266,0.0,0.0,0.0,0.4853437871234465,0.06335168053268415,-0.8470470844313014,0.20721778309495392,0.05642649471697667,-0.01541125729510993,-0.03385938748868999,-8.81617835,0.17651969999999997,6.22722275
1789051723.391278,15.166,3.0,-0.18111563986826765,3,0,184,-1.472732851774692,0.5282087459581201,-52.42479406431019,1.5,59.0,107.0,1.0,-2.1653136577479395,7.652588733029443,61.0,5.173487593193029,17.608276725313488,-58.00815515738266,-0.31390994392563987,-2.893763581139326,0.0,-10.098640653079954,1.0605878881108552,0.004241991155552178,1.0803298041237586,0.0,0.0,2.075735561444411,0.0,0.0,0.0,0.0,0.0,2.554631966382296,1.6015465514189229,,,4,2,2,2.7513513565063477,-1,174,True,True,False,"A:1,B:1,ESTOP:0,MODE:1",DRIVE_RUN,,,,-2.040207930172875,-43.71112629197876,0.1305879525807423,-0.18111563986826765,3.0,3083.554484353619,1.0,3.800000000000002,2.900000000000003,L,,,False,0,,,,-9999.0,-1.0,-1.0,False,36.96762656333333,127.87382557333333,121.99099999999999,2,0.00014884000000000002,36.96762549569855,127.87382640534271,4.0,0.06499171466827393,1.0,0.0,0.10558342933654785,0.14000360628247482,4.891090433196128,-58.00815515738266,0.0,0.0,0.0,0.48530180642560256,0.06296735375997399,-0.84731115778679,0.20635181348978487,0.05375614096142535,-0.004014257279586958,-0.006265732014659643,-8.34545915,0.17651969999999997,5.93302325
1789051723.441270,15.216,2.0,-0.12610463890106105,3,0,184,-1.4377095659667325,0.47188687045720196,-52.569400693995604,2.0,59.0,107.0,1.0,-2.2161781746686104,7.652588733029443,61.0,5.173487593193029,17.568897723144133,-58.00815515738266,-0.31390994392563987,-3.484581870297302,0.0,-10.098640653079954,1.0605878881108552,0.004241991155552178,1.0803298041237586,0.0,0.0,2.075735561444411,0.0,0.0,0.0,0.0,0.0,2.554631966382296,1.6015465514189229,,,4,2,2,2.6452324390411377,-2,184,True,True,False,"A:1,B:1,ESTOP:0,MODE:1",DRIVE_RUN,,,,-2.112296993255158,-44.21470220710835,0.0848821691774825,-0.12610463890106105,2.0,3648.743992671515,1.0,3.800000000000002,2.900000000000003,L,,,False,0,,,,-9999.0,-1.0,-1.0,False,36.96762656333333,127.87382557333333,121.99099999999999,2,0.00014884000000000002,36.96762482132839,127.87382692951867,4.0,0.08998298854827881,1.0,0.0,0.15556597709655762,0.2283727140570999,4.891090433196128,-58.00815515738266,0.0,0.0,0.0,0.4853129378412116,0.06254650940594608,-0.8474807942697894,0.20575614175258783,0.058503436526849924,-0.0182212373908208,-0.017174039839624202,-8.69849855,1.14737805,4.511059
1789051723.491307,15.266,0.0,-0.12610463890106105,2,0,184,-1.391088547153177,0.39681632806709166,-52.74389630464037,2.0,59.0,107.0,1.0,-2.2838606648419457,7.652588733029443,61.0,5.173487593193029,17.516723662228095,-58.00815515738266,-0.31390994392563987,-2.83771777541741,0.0,-10.098640653079954,1.0605878881108552,0.004241991155552178,1.0803298041237586,0.0,0.0,2.075735561444411,0.0,0.0,0.0,0.0,0.0,2.554631966382296,1.6015465514189229,,,4,2,2,2.568958044052124,-2,171,False,True,False,"A:1,B:1,ESTOP:0,MODE:1",DRIVE_RUN,,,,,,,,,,,,,L,,,False,0,,,,-9999.0,-1.0,-1.0,False,36.967624545,127.87382740833333,121.995,2,0.00014884000000000002,36.967624545,127.87382740833333,4.0,0.0122,1.0,1.0,0.0,0.0,4.888425631410144,-58.00815515738266,0.0,0.0,0.0,0.48965573747742114,0.06194158788598288,-0.8452586374112022,0.20478851121916913,0.04900884539600077,0.00012217304763960306,-0.013718287920675431,-8.67888525,0.04903325,4.922938299999999
1789051723.541277,15.316,0.0,-0.12610463890106105,0,0,184,-1.3485020327286839,0.3660555920603467,-52.885772586193355,2.0,59.0,107.0,1.0,-2.308256549866372,7.652588733029443,61.0,5.173487593193029,17.47200685469443,-58.00815515738266,-0.31390994392563987,-1.7155055178982306,0.0,-10.098640653079954,1.0605878881108552,0.004241991155552178,1.0803298041237586,0.0,0.0,2.075735561444411,0.0,0.0,0.0,0.0,0.0,2.554631966382296,1.6015465514189229,,,4,2,2,2.7887072563171387,-2,233,False,True,False,"A:1,B:1,ESTOP:0,MODE:1",DRIVE_RUN,,,,,,,,,,,,,L,,,False,0,,,,-9999.0,-1.0,-1.0,False,36.967624545,127.87382740833333,121.995,2,0.00014884000000000002,36.96762382756806,127.87382796507573,4.0,0.038775088500976565,1.0,0.0,0.053150177001953125,0.09396951293945312,4.888425631410144,-58.00815515738266,0.0,0.0,0.0,0.4887422570759328,0.06238297233380928,-0.8460790542285882,0.20344435334208694,0.028571039855147175,0.006073745796940267,-0.011222467090323538,-8.34545915,-0.46091255,6.7077486
1789051723.591291,15.366,0.0,-0.12610463890106105,0,0,184,-1.298984503830211,0.28619143405918696,-52.97146393356704,2.0,59.0,107.0,1.0,-2.3802723292055,7.652588733029443,61.0,5.173487593193029,17.417021973980468,-58.00815515738266,-0.31390994392563987,-2.172837298738953,0.0,-10.098640653079954,1.0605878881108552,0.004241991155552178,1.0803298041237586,0.0,0.0,2.075735561444411,0.0,0.0,0.0,0.0,0.0,2.554631966382296,1.6015465514189229,,,4,2,2,2.748744249343872,-2,173,False,True,False,"A:1,B:1,ESTOP:0,MODE:1",DRIVE_RUN,,,,,,,,,,,,,L,,,False,0,,,,-9999.0,-1.0,-1.0,False,36.967624545,127.87382740833333,121.995,2,0.00014884000000000002,36.967623152434534,127.87382848837649,4.0,0.0637751838684082,1.0,0.0,0.1031503677368164,0.1823698438154112,4.888425631410144,-58.00815515738266,0.0,0.0,0.0,0.48870638754166984,0.06157213132178514,-0.8463403056851854,0.20268948269007692,0.03700098014227979,-0.015184364492350668,-0.009180431865490174,-8.031646349999999,1.3140911,4.48163905
1789051723.641290,15.416,0.0,-0.12610463890106105,0,0,184,-1.2524413270030759,0.21103591353259615,-53.080101032491996,2.0,60.0,107.0,1.0,-2.448049998145062,7.652588733029443,61.0,5.173487593193029,17.36563908277292,-58.00815515738266,-0.31390994392563987,-3.446351340104291,0.0,-10.098640653079954,1.0605878881108552,0.004241991155552178,1.0803298041237586,0.0,0.0,2.075735561444411,0.0,0.0,0.0,0.0,0.0,2.554631966382296,1.6015465514189229,,,3,2,1,2.9600257873535156,-2,171,False,True,False,"A:1,B:1,ESTOP:0,MODE:1",DRIVE_RUN,,,,,,,,,,,,,L,,,False,0,,,,-9999.0,-1.0,-1.0,False,36.967624545,127.87382740833333,121.995,2,0.00014884000000000002,36.967622476750556,127.87382901067139,4.0,0.08877670974731446,1.0,0.0,0.1531534194946289,0.2707751725869991,4.888425631410144,-58.00815515738266,0.0,0.0,0.0,0.4890624968603502,0.06114707471089084,-0.8463724454476479,0.2018231726189758,0.046582837735728654,-0.006998770300497262,-0.0398284135305106,-8.01203305,0.6276256,6.2174160999999994
1789051723.691269,15.466,0.0,-0.12610463890106105,0,0,184,-1.205987612783972,0.13581911715311754,-53.253328028490245,2.0,60.0,107.0,1.0,-2.515901035750826,7.652588733029443,61.0,5.173487593193029,17.31464069918459,-58.00815515738266,-0.31390994392563987,-2.0014842537948434,0.0,-10.098640653079954,1.0605878881108552,0.004241991155552178,1.0803298041237586,0.0,0.0,2.075735561444411,0.0,0.0,0.0,0.0,0.0,2.554631966382296,1.6015465514189229,,,4,2,2,2.9164178371429443,-2,170,False,True,False,"A:1,B:1,ESTOP:0,MODE:1",DRIVE_RUN,,,,,,,,,,,,,L,,,False,0,,,,-9999.0,-1.0,-1.0,False,36.96762246666667,127.87382935833334,121.99600000000001,2,0.00014884000000000002,36.96762246666667,127.87382935833334,4.0,0.0122,1.0,1.0,0.0,0.0,5.018176936144015,-53.56559274713174,0.0,0.0,0.0,0.48922152520427153,0.06041962209310796,-0.8465253166011077,0.20101407138886207,0.035028758087526195,0.0030543261909900766,-0.009285151620609835,-8.34545915,0.73549875,4.7268053
1789051723.741299,15.516,0.0,-0.12610463890106105,0,0,184,-1.1750660221682974,0.13469658393109057,-53.3684126894006,1.5,60.0,107.0,1.0,-2.5126174548491274,7.652588733029443,61.0,5.173487593193029,17.283707126246647,-53.56559274713174,-0.015613235932075043,-3.943607264514306,0.0,-10.098640653079954,1.0605878881108552,0.004241991155552178,1.0803298041237586,0.0,0.0,2.075735561444411,0.0,0.0,0.0,0.0,0.0,2.554631966382296,1.6015465514189229,,,3,2,1,2.83473801612854,-2,171,False,True,False,"A:1,B:1,ESTOP:0,MODE:1",DRIVE_RUN,,,,,,,,,,,,,L,,,False,0,,,,-9999.0,-1.0,-1.0,False,36.96762246666667,127.87382935833334,121.99600000000001,2,0.00014884000000000002,36.967621997025944,127.87382979204047,4.0,0.03669882030487061,1.0,0.0,0.04899764060974121,0.06497087144851685,5.018176936144015,-53.56559274713174,0.0,0.0,0.0,0.48917549001718286,0.05973448939713122,-0.8468058128353826,0.20014756079233184,0.07436847942747839,0.012601277199399059,-0.009180431865490174,-8.139519499999999,0.8433718999999998,4.334539299999999
1789051723.791292,15.566,0.0,-0.12610463890106105,0,0,184,-1.1364914407753801,0.0824164176204123,-53.5655054232611,2.0,60.0,107.0,1.0,-2.558884515993675,7.652588733029443,61.0,5.173487593193029,17.242159638017522,-53.56559274713174,-0.015613235932075043,-2.1894867902030057,0.0,-10.098640653079954,1.0605878881108552,0.004241991155552178,1.0803298041237586,0.0,0.0,2.075735561444411,0.0,0.0,0.0,0.0,0.0,2.554631966382296,1.6015465514189229,,,4,2,2,2.8521361351013184,-2,170,False,True,False,"A:1,B:1,ESTOP:0,MODE:1",DRIVE_RUN,,,,,,,,,,,,,L,,,False,0,,,,-9999.0,-1.0,-1.0,False,36.96762246666667,127.87382935833334,121.99600000000001,2,0.00014884000000000002,36.967621357672016,127.87383038183594,4.0,0.06170320720672608,1.0,0.0,0.09900641441345215,0.15338637851405276,5.018176936144015,-53.56559274713174,0.0,0.0,0.0,0.4889421598624692,0.05874699835456641,-0.8471375012309983,0.19960563243919918,0.03612831551628262,-0.013386675362796507,-0.011711159280881952,-8.09048625,1.0493115499999999,4.9425516
1789051723.841375,15.616,0.0,-0.12610463890106105,0,0,184,-1.0840341208537887,0.011243863916268164,-53.6747442299058,1.5,60.0,107.0,1.0,-2.6222143435229355,7.652588733029443,61.0,5.173487593193029,17.185888372596317,-53.56559274713174,-0.015613235932075043,-2.8014078188816045,0.0,-10.098640653079954,1.0605878881108552,0.004241991155552178,1.0803298041237586,0.0,0.0,2.075735561444411,0.0,0.0,0.0,0.0,0.0,2.554631966382296,1.6015465514189229,,,3,2,1,3.0337073802948,-2,170,False,True,False,"A:1,B:1,ESTOP:0,MODE:1",DRIVE_RUN,,,,,,,,,,,,,L,,,False,0,,,,-9999.0,-1.0,-1.0,False,36.96762246666667,127.87382935833334,121.99600000000001,2,0.00014884000000000002,36.967620878203306,127.87383082360269,4.0,0.08669448108673096,1.0,0.0,0.14898896217346191,0.21966322206614192,5.018176936144015,-53.56559274713174,0.0,0.0,0.0,0.48804403546397496,0.05845491234647786,-0.8478971411108511,0.19866172446309144,0.050405108797596236,0.011519173063162575,-0.011484266478122689,-8.0022264,0.8433718999999998,6.0212831
1789051723.891274,15.666,0.0,-0.12610463890106105,0,0,184,-1.0447427048466136,-0.04213034873985734,-53.815229925840114,2.0,60.0,107.0,1.0,-2.6699409931469327,7.652588733029443,61.0,5.173487593193029,17.143914723103826,-53.56559274713174,-0.015613235932075043,-3.2387025653561157,0.0,-10.098640653079954,1.0605878881108552,0.004241991155552178,1.0803298041237586,0.0,0.0,2.075735561444411,0.0,0.0,0.0,0.0,0.0,2.554631966382296,1.6015465514189229,,,4,2,2,3.133885383605957,-2,170,False,True,False,"A:1,B:1,ESTOP:0,MODE:1",DRIVE_RUN,,,,,,,,,,,,,L,,,False,0,,,,-9999.0,-1.0,-1.0,False,36.96762042666667,127.87383129166666,121.99799999999999,2,0.00014884000000000002,36.96762042666667,127.87383129166666,4.0,0.0122,1.0,1.0,0.0,0.0,5.175038417121933,-53.56559274713174,0.0,0.0,0.0,0.4878543650059244,0.058046497311014814,-0.8482480644861276,0.1977471713833781,0.051242866838553516,0.008761552845011534,-0.025761059759436305,-8.01203305,0.4903325,5.530950599999999
1789051723.941289,15.716,0.0,-0.12610463890106105,0,0,184,-1.0031123726818625,-0.09239517709350277,-53.977337092885165,1.5,60.0,107.0,1.0,-2.714276976135644,7.652588733029443,61.0,5.173487593193029,17.099904139227263,-53.56559274713174,-0.015613235932075043,-3.1879835992750887,0.0,-10.098640653079954,1.0605878881108552,0.004241991155552178,1.0803298041237586,0.0,0.0,2.075735561444411,0.0,0.0,0.0,0.0,0.0,2.554631966382296,1.6015465514189229,,,3,2,1,3.162273406982422,-2,170,False,True,False,"A:1,B:1,ESTOP:0,MODE:1",DRIVE_RUN,,,,,,,,,,,,,L,,,False,0,,,,-9999.0,-1.0,-1.0,False,36.96762042666667,127.87383129166666,121.99799999999999,2,0.00014884000000000002,36.96761991017729,127.87383176702214,4.0,0.03911054344177246,1.0,0.0,0.05382108688354492,0.07136676120758058,5.175038417121933,-53.56559274713174,0.0,0.0,0.0,0.48791083064887253,0.057582320374275714,-0.848469799420806,0.1967899824347226,0.060178952608764484,0.019617500792416268,-0.008761552845011534,-8.11009955,0.34323275000000003,5.1190713
1789051723.991287,15.766,0.0,-0.12610463890106105,0,0,184,-0.9608335228724738,-0.1498905117934493,-54.13632416044422,1.5,61.0,107.0,1.0,-2.7656947985193088,7.652588733029443,61.0,5.173487593193029,17.055064584015096,-53.56559274713174,-0.015613235932075043,-2.9314284494527967,0.0,-10.098640653079954,1.0605878881108552,0.004241991155552178,1.0803298041237586,0.0,0.0,2.075735561444411,0.0,0.0,0.0,0.0,0.0,2.554631966382296,1.6015465514189229,,,3,1,2,3.3477017879486084,-2,170,False,True,False,"A:1,B:1,ESTOP:0,MODE:1",DRIVE_RUN,,,,,,,,,,,,,L,,,False,0,,,,-9999.0,-1.0,-1.0,False,36.96762042666667,127.87383129166666,121.99799999999999,2,0.00014884000000000002,36.96761943013613,127.8738322086907,4.0,0.06411922187805176,1.0,0.0,0.10383844375610352,0.13768977601904478,5.175038417121933,-53.56559274713174,0.0,0.0,0.0,0.4877766419192273,0.056977599962858755,-0.8487624457976323,0.19603522975244958,0.05981243346584567,-0.0015184364492350666,0.0033161255787892262,-8.6102387,1.2160246,6.40374245
1789051724.041267,15.816,0.0,-0.12610463890106105,0,0,184,-0.9215508393946341,-0.20332844915349393,-54.28272351201207,1.5,61.0,107.0,1.0,-2.813485767899729,7.652588733029443,61.0,5.173487593193029,17.01356435088854,-53.56559274713174,-0.015613235932075043,-1.4533749645985212,0.0,-10.098640653079954,1.0605878881108552,0.004241991155552178,1.0803298041237586,0.0,0.0,2.075735561444411,0.0,0.0,0.0,0.0,0.0,2.554631966382296,1.6015465514189229,,,4,2,2,3.4394729137420654,-2,170,False,True,False,"A:1,B:1,ESTOP:0,MODE:1",DRIVE_RUN,,,,,,,,,,,,,L,,,False,0,,,,-9999.0,-1.0,-1.0,False,36.96762042666667,127.87383129166666,121.99799999999999,2,0.00014884000000000002,36.96761895037243,127.87383264999147,4.0,0.08911121101379395,1.0,0.0,0.1538224220275879,0.20396853030444162,5.175038417121933,-53.56559274713174,0.0,0.0,0.0,0.4875714165936768,0.05642573220464234,-0.8490882362967027,0.195293157710556,0.024783675378319478,0.0035081117965086025,-0.008185594191853406,-8.041452999999999,0.40207265,5.4917240000000005
1789051724.091274,15.866,0.0,-0.12610463890106105,0,0,184,-0.8823008678275959,-0.25673549982622595,-54.35566108393658,1.5,61.0,107.0,1.0,-2.861250434115228,7.652588733029443,61.0,5.173487593193029,16.97225566541093,-53.56559274713174,-0.015613235932075043,-2.672781864681485,0.0,-10.098640653079954,1.0605878881108552,0.004241991155552178,1.0803298041237586,0.0,0.0,2.075735561444411,0.0,0.0,0.0,0.0,0.0,2.554631966382296,1.6015465514189229,,,3,1,2,3.628647804260254,-2,170,False,True,False,"A:1,B:1,ESTOP:0,MODE:1",DRIVE_RUN,,,,,,,,,,,,,L,,,False,0,,,,-9999.0,-1.0,-1.0,False,36.96762042666667,127.87383129166666,121.99799999999999,2,0.00014884000000000002,36.96761847016949,127.87383309116822,4.0,0.11411559791564942,1.0,0.0,0.20383119583129883,0.2702801518855112,5.175038417121933,-53.56559274713174,0.0,0.0,0.0,0.4874122128675216,0.055852693443280615,-0.8493876176300545,0.1945520146373639,0.04616395871525002,0.011431906600562858,-0.014643312424232424,-7.8257067,0.7256921,5.97224985
1789051724.141257,15.916,0.0,-0.12610463890106105,0,0,184,-0.8409422918746468,-0.31688948390897786,-54.446456659309376,2.0,61.0,107.0,1.0,-2.9154250455358097,7.652588733029443,61.0,5.173487593193029,16.928766700207586,-53.5026549552524,0.04265030643420858,-3.065327006074528,0.0,-10.098640653079954,1.0605878881108552,0.004241991155552178,1.0803298041237586,0.0,0.0,2.075735561444411,0.0,0.0,0.0,0.0,0.0,2.554631966382296,1.6015465514189229,,,4,2,2,3.546776294708252,-2,170,False,True,False,"A:1,B:1,ESTOP:0,MODE:1",DRIVE_RUN,,,,,,,,,,,,,L,,,False,0,,,,-9999.0,-1.0,-1.0,False,36.96761841,127.873833115,122.00899999999999,2,0.00014884000000000002,36.96761789474944,127.87383359171176,4.0,0.03237176151275635,1.0,0.0,0.040343523025512695,0.07132734870910644,4.94882165966999,-53.5026549552524,0.0,0.0,0.0,0.4875600088133403,0.05540248684719083,-0.8495314960184849,0.19368025074766218,0.04810127418496372,-0.014852751934471744,-0.0216071761396898,-8.36507245,0.50013915,4.54047895
1789051724.191273,15.966,0.0,-0.12610463890106105,0,0,184,-0.7985428120754234,-0.3742469141258501,-54.59944441687048,1.5,62.0,107.0,1.0,-2.9666902600827916,7.652588733029443,61.0,5.173487593193029,16.884526873243455,-53.5026549552524,0.04265030643420858,-4.106741684606852,0.0,-10.098640653079954,1.0605878881108552,0.004241991155552178,1.0803298041237586,0.0,0.0,2.075735561444411,0.0,0.0,0.0,0.0,0.0,2.554631966382296,1.6015465514189229,,,2,1,1,3.571667432785034,-2,170,False,True,False,"A:1,B:1,ESTOP:0,MODE:1",DRIVE_RUN,,,,,,,,,,,,,L,,,False,0,,,,-9999.0,-1.0,-1.0,False,36.96761841,127.873833115,122.00899999999999,2,0.00014884000000000002,36.96761741591744,127.87383403381095,4.0,0.057348134231567385,1.0,0.0,0.09029626846313477,0.13756467228767538,4.94882165966999,-53.5026549552524,0.0,0.0,0.0,0.48742553589690085,0.0549078409431997,-0.8498104893423458,0.19293420682268347,0.06948155752189426,-0.0017278759594743863,-0.02223549467040776,-8.28661925,0.73549875,5.18771785
1789051724.241271,16.016,0.0,-0.12610463890106105,0,0,184,-0.7592218275646627,-0.4275502485222662,-54.804756827188186,1.0,62.0,107.0,1.0,-3.014342751188791,7.652588733029443,61.0,5.173487593193029,16.84366220173513,-53.5026549552524,0.04265030643420858,-3.057332601540738,0.0,-10.098640653079954,1.0605878881108552,0.004241991155552178,1.0803298041237586,0.0,0.0,2.075735561444411,0.0,0.0,0.0,0.0,0.0,2.554631966382296,1.6015465514189229,,,2,1,1,3.77726674079895,-2,170,False,True,False,"A:1,B:1,ESTOP:0,MODE:1",DRIVE_RUN,,,,,,,,,,,,,L,,,False,0,,,,-9999.0,-1.0,-1.0,False,36.96761841,127.873833115,122.00899999999999,2,0.00014884000000000002,36.96761709622252,127.87383432843846,4.0,0.08234536857604981,1.0,0.0,0.1402907371520996,0.18175975017454485,4.94882165966999,-53.5026549552524,0.0,0.0,0.0,0.48752279292545986,0.054486478520817686,-0.849944666094172,0.19221554207354352,0.05443681936970314,0.008185594191853406,-0.012932889757277981,-8.24739265,0.29419949999999995,6.32528925
1789051724.291251,16.066,0.0,-0.12610463890106105,0,0,184,-0.7330172019665212,-0.46313852416198553,-54.95742941745826,1.0,62.0,107.0,1.0,-3.0461627710749926,7.652588733029443,61.0,5.173487593193029,16.816516870810826,-53.5026549552524,0.04265030643420858,-1.442039631663855,0.0,-10.098640653079954,1.0605878881108552,0.004241991155552178,1.0803298041237586,0.0,0.0,2.075735561444411,0.0,0.0,0.0,0.0,0.0,2.554631966382296,1.6015465514189229,,,4,2,2,3.912478446960449,-2,170,False,True,False,"A:1,B:1,ESTOP:0,MODE:1",DRIVE_RUN,,,,,,,,,,,,,L,,,False,0,,,,-9999.0,-1.0,-1.0,False,36.96761646,127.87383483,121.99600000000001,2,0.00014884000000000002,36.96761646,127.87383483,4.0,0.0122,1.0,1.0,0.0,0.0,4.861495695189527,-53.5026549552524,0.0,0.0,0.0,0.4875071706416301,0.0539666144071872,-0.8501189394625569,0.1916302477937038,0.019757127132575807,0.01699950691442477,-0.019250981649497456,-8.482752249999999,0.980665,6.03108975
1789051724.341269,16.116,0.0,-0.12610463890106105,0,0,184,-0.688407544144829,-0.5339624907241938,-55.030045668603464,2.0,62.0,107.0,1.0,-3.1104793747661614,7.652588733029443,61.0,5.173487593193029,16.77024927167405,-53.5026549552524,0.04265030643420858,-0.7177351503382198,0.0,-10.098640653079954,1.0605878881108552,0.004241991155552178,1.0803298041237586,0.0,0.0,2.075735561444411,0.0,0.0,0.0,0.0,0.0,2.554631966382296,1.6015465514189229,,,4,2,2,3.9258580207824707,-2,170,False,True,False,"A:1,B:1,ESTOP:0,MODE:1",DRIVE_RUN,,,,,,,,,,,,,L,,,False,0,,,,-9999.0,-1.0,-1.0,False,36.96761646,127.87383483,121.99600000000001,2,0.00014884000000000002,36.96761579120495,127.87383544521386,4.0,0.0383298418045044,1.0,0.0,0.05225968360900879,0.09239512062072754,4.861495695189527,-53.5026549552524,0.0,0.0,0.0,0.4875221155138028,0.05350892353733748,-0.8502892963919562,0.19096359450977543,0.0019024088846738192,-0.011466813185602746,-0.021467549799530253,-7.8060934,0.9120184499999999,4.8248717999999995
1789051724.391263,16.166,0.0,-0.12610463890106105,0,0,184,-0.633689474883467,-0.6084124154821161,-55.065707367262036,2.0,63.0,107.0,1.0,-3.177056063155117,7.652588733029443,61.0,5.173487593193029,16.714103212280598,-53.5026549552524,0.04265030643420858,-1.9514328200181636,0.0,-10.098640653079954,1.0605878881108552,0.004241991155552178,1.0803298041237586,0.0,0.0,2.075735561444411,0.0,0.0,0.0,0.0,0.0,2.554631966382296,1.6015465514189229,,,3,2,1,3.934406280517578,-2,170,False,True,False,"A:1,B:1,ESTOP:0,MODE:1",DRIVE_RUN,,,,,,,,,,,,,L,,,False,0,,,,-9999.0,-1.0,-1.0,False,36.96761646,127.87383483,121.99600000000001,2,0.00014884000000000002,36.96761515099823,127.8738360328855,4.0,0.0633242151260376,1.0,0.0,0.1022484302520752,0.18077520169354036,4.861495695189527,-53.5026549552524,0.0,0.0,0.0,0.48766250760315816,0.05312961383041813,-0.8503944108085536,0.19024160659015496,0.02975786374650332,0.0070685834705770355,-0.017924531417981764,-7.521700549999999,0.9120184499999999,4.618932149999999
1789051724.441263,16.216,0.0,-0.12610463890106105,0,0,184,-0.5814210513639166,-0.6796799017123494,-55.163537598570514,1.5,63.0,107.0,1.0,-3.2408014687364948,7.652588733029443,61.0,5.173487593193029,16.660770591197753,-53.5026549552524,0.04265030643420858,-3.953181925230981,0.0,-10.098640653079954,1.0605878881108552,0.004241991155552178,1.0803298041237586,0.0,0.0,2.075735561444411,0.0,0.0,0.0,0.0,0.0,2.554631966382296,1.6015465514189229,,,3,2,1,3.9703993797302246,-2,170,False,True,False,"A:1,B:1,ESTOP:0,MODE:1",DRIVE_RUN,,,,,,,,,,,,,L,,,False,0,,,,-9999.0,-1.0,-1.0,False,36.96761646,127.87383483,121.99600000000001,2,0.00014884000000000002,36.96761467037199,127.8738364733396,4.0,0.08832860202789307,1.0,0.0,0.15225720405578613,0.24708679428202118,4.861495695189527,-53.5026549552524,0.0,0.0,0.0,0.48920656611227453,0.052419176624410826,-0.8497004569675785,0.18957399353219265,0.0715584993317675,0.005672320068981571,-0.013753194505715317,-8.3748791,0.5883989999999999,5.26617105
1789051724.491291,16.266,0.0,-0.12610463890106105,0,0,184,-0.5422463850650506,-0.7331829701255164,-55.3608656846115,1.5,63.0,107.0,1.0,-3.2886660353485535,7.652588733029443,61.0,5.173487593193029,16.6209933675102,-53.5026549552524,0.04265030643420858,-2.510940672067997,0.0,-10.098640653079954,1.0605878881108552,0.004241991155552178,1.0803298041237586,0.0,0.0,2.075735561444411,0.0,0.0,0.0,0.0,0.0,2.554631966382296,1.6015465514189229,,,3,1,2,4.320361137390137,-2,170,False,True,False,"A:1,B:1,ESTOP:0,MODE:1",DRIVE_RUN,,,,,,,,,,,,,L,,,False,0,,,,-9999.0,-1.0,-1.0,False,36.96761455666667,127.87383644833334,121.995,2,0.00014884000000000002,36.96761455666667,127.87383644833334,4.0,0.0122,1.0,1.0,0.0,0.0,4.877339775196771,-55.34950653956408,0.0,0.0,0.0,0.4892372363653348,0.051921606478187374,-0.8498479661843968,0.18896959466162333,0.03830997708127553,0.02204350845268838,-0.024975661596038857,-8.590625399999999,0.43149259999999995,7.4236340499999995
1789051724.541262,16.316,0.0,-0.12610463890106105,0,0,184,-0.5444704802796618,-0.7458405883302006,-55.48633374229075,1.5,64.0,107.0,1.0,-3.301506467980703,7.652588733029443,61.0,5.173487593193029,16.62309923801548,-55.34950653956408,0.0005679572523703769,-1.4997065822495084,0.0,-10.098640653079954,1.0605878881108552,0.004241991155552178,1.0803298041237586,0.0,0.0,2.075735561444411,0.0,0.0,0.0,0.0,0.0,2.554631966382296,1.6015465514189229,,,2,1,1,4.308045387268066,-2,170,False,True,False,"A:1,B:1,ESTOP:0,MODE:1",DRIVE_RUN,,,,,,,,,,,,,L,,,False,0,,,,-9999.0,-1.0,-1.0,False,36.96761455666667,127.87383644833334,121.995,2,0.00014884000000000002,36.96761401317045,127.87383691818668,4.0,0.03992665023803711,1.0,0.0,0.05545330047607422,0.07353107643127442,4.877339775196771,-55.34950653956408,0.0,0.0,0.0,0.4891950438839582,0.051900527388500234,-0.8500883557286325,0.18800088231377463,0.024504422698000385,0.005480333851262195,-0.010733774899765127,-7.972806449999999,0.50013915,4.697385349999999
1789051724.591271,16.366,0.0,-0.12610463890106105,0,0,184,-0.5026809984313397,-0.8063423108413367,-55.561189921485266,1.5,64.0,107.0,1.0,-3.355963348075103,7.652588733029443,61.0,5.173487593193029,16.58087887880266,-55.34950653956408,0.0005679572523703769,-3.2719291500271437,0.0,-10.098640653079954,1.0605878881108552,0.004241991155552178,1.0803298041237586,0.0,0.0,2.075735561444411,0.0,0.0,0.0,0.0,0.0,2.554631966382296,1.6015465514189229,,,3,1,2,4.135159492492676,-2,170,False,True,False,"A:1,B:1,ESTOP:0,MODE:1",DRIVE_RUN,,,,,,,,,,,,,L,,,False,0,,,,-9999.0,-1.0,-1.0,False,36.96761455666667,127.87383644833334,121.995,2,0.00014884000000000002,36.96761352326491,127.873837341154,4.0,0.06490874500274658,1.0,0.0,0.10541749000549316,0.13978358515576644,4.877339775196771,-55.34950653956408,0.0,0.0,0.0,0.489340602538367,0.051483762020045745,-0.8501788951807946,0.18732603434871198,0.057403879098093503,-0.00916297857297023,-0.012705996954518718,-8.208166049999999,-0.1176798,3.7069137
1789051724.641292,16.416,0.0,-0.12610463890106105,0,0,184,-0.4650616323876219,-0.8608783459082567,-55.724458585715354,1.5,64.0,107.0,1.0,-3.4050571201395505,7.652588733029443,61.0,5.173487593193029,16.54305886525427,-55.34950653956408,0.0005679572523703769,-1.538696819917451,0.0,-10.098640653079954,1.0605878881108552,0.004241991155552178,1.0803298041237586,0.0,0.0,2.075735561444411,0.0,0.0,0.0,0.0,0.0,2.554631966382296,1.6015465514189229,,,3,1,2,4.6851348876953125,-2,170,False,True,False,"A:1,B:1,ESTOP:0,MODE:1",DRIVE_RUN,,,,,,,,,,,,,L,,,False,0,,,,-9999.0,-1.0,-1.0,False,36.96761455666667,127.87383644833334,121.995,2,0.00014884000000000002,36.967613032415834,127.8738377644436,4.0,0.08992958278656006,1.0,0.0,0.15545916557312012,0.20613883005780217,4.877339775196771,-55.34950653956408,0.0,0.0,0.0,0.48931017142799715,0.050985607587530915,-0.8503143981882425,0.18692631754196964,0.025761059759436305,0.00020943951023931956,-0.009023352232810684,-8.325845849999999,0.36284605,8.52197885
1789051724.691274,16.466,0.0,-0.12610463890106105,0,0,184,-0.4274136015540942,-0.9155194150117701,-55.80129246851534,1.5,64.0,107.0,1.0,-3.454251224075069,7.652588733029443,61.0,5.173487593193029,16.505389597495316,-55.34950653956408,0.0005679572523703769,-2.0050687930219384,0.0,-10.098640653079954,1.0605878881108552,0.004241991155552178,1.0803298041237586,0.0,0.0,2.075735561444411,0.0,0.0,0.0,0.0,0.0,2.554631966382296,1.6015465514189229,,,3,2,1,4.345131874084473,-2,170,False,True,False,"A:1,B:1,ESTOP:0,MODE:1",DRIVE_RUN,,,,,,,,,,,,,L,,,False,0,,,,-9999.0,-1.0,-1.0,False,36.96761269666667,127.873838085,122.00399999999999,2,0.00014884000000000002,36.96761269666667,127.873838085,4.0,0.0122,1.0,1.0,0.0,0.0,4.572499254915512,-55.34950653956408,0.0,0.0,0.0,0.48949130208991853,0.050592194272099114,-0.8503938288757503,0.18619621603859532,0.034173546754048975,-0.0037699111843077517,-0.009983283321407565,-7.7080269,0.7551120499999999,2.4124358999999997
1789051724.741274,16.516,0.0,-0.0,0,2,184,-0.39890282100265706,-0.9528948409360388,-55.901647158235676,1.5,64.0,107.0,1.0,-3.487536703006936,7.652588733029443,61.0,5.173487593193029,16.47696859723569,-55.34950653956408,0.0005679572523703769,-2.4661888539393697,0.0,-10.098640653079954,1.0605878881108552,0.004241991155552178,1.0803298041237586,0.0,0.0,2.075735561444411,0.0,0.0,0.0,0.0,0.0,2.554631966382296,1.6015465514189229,,,2,1,1,4.684328556060791,-2,170,True,True,False,"A:1,B:1,ESTOP:0,MODE:1",DRIVE_RUN,,,,,,,,,,,,,L,,,False,0,,,,-9999.0,-1.0,-1.0,False,36.96761269666667,127.873838085,122.00399999999999,2,0.00014884000000000002,36.96761219283784,127.87383851880453,4.0,0.03786957473754883,1.0,0.0,0.051339149475097656,0.0680757122039795,4.572499254915512,-55.34950653956408,0.0,0.0,0.0,0.4885301684826352,0.050279176476855994,-0.8510910299242246,0.18561879667118836,0.039653880605311165,0.014468779499032991,-0.019634954084936207,-8.659271949999999,-0.0196133,7.28634095
1789051724.791297,16.566,0.0,-0.0,0,2,184,-0.36031957659684877,-1.0089808096633064,-56.025211080945525,1.5,65.0,107.0,1.0,-3.538139390876597,7.652588733029443,61.0,5.173487593193029,16.438680038686147,-55.34950653956408,0.0005679572523703769,-2.3124218058128836,0.0,-10.098640653079954,1.0605878881108552,0.004241991155552178,1.0803298041237586,0.0,0.0,2.075735561444411,0.0,0.0,0.0,0.0,0.0,2.554631966382296,1.6015465514189229,,,3,2,1,4.544607639312744,-2,170,True,True,False,"A:1,B:1,ESTOP:0,MODE:1",DRIVE_RUN,,,,,,,,,,,,,L,,,False,0,,,,-9999.0,-1.0,-1.0,False,36.96761269666667,127.873838085,122.00399999999999,2,0.00014884000000000002,36.96761170113285,127.87383894158434,4.0,0.06291032047271729,1.0,0.0,0.10142064094543457,0.1344837628686476,4.572499254915512,-55.34950653956408,0.0,0.0,0.0,0.48857681788154533,0.04978890806579375,-0.8512336045843318,0.1849732631726127,0.04213224814314312,-0.008988445647770798,-0.005689773361501515,-8.18855275,0.35303939999999995,3.93246665
1789051724.841286,16.616,0.0,-0.0,0,2,187,-0.3227168881800784,-1.0637171585298606,-56.140666112350615,1.0,65.0,107.0,1.0,-3.587582087325216,7.652588733029443,61.0,5.173487593193029,16.40155119736625,-55.34950653956408,0.0005679572523703769,-1.6040276230722632,0.0,-10.098640653079954,1.0605878881108552,0.004241991155552178,1.0803298041237586,0.0,0.0,2.075735561444411,0.0,0.0,0.0,0.0,0.0,2.554631966382296,1.6015465514189229,,,2,1,1,4.7854084968566895,-3,170,True,True,False,"A:1,B:1,ESTOP:0,MODE:1",DRIVE_RUN,,,,,,,,,,,,,L,,,False,0,,,,-9999.0,-1.0,-1.0,False,36.96761269666667,127.873838085,122.00399999999999,2,0.00014884000000000002,36.967611374121724,127.87383922242415,4.0,0.08788109035491944,1.0,0.0,0.15136218070983887,0.17863207118103788,4.572499254915512,-55.34950653956408,0.0,0.0,0.0,0.48863932775591423,0.04923618659477744,-0.8513363860586037,0.18448241941314691,0.024172810140121466,0.013037609512397642,-0.016388641676226754,-7.982613099999999,0.44129925,6.3154826
1789051724.891304,16.666,0.0,-0.0,0,2,225,-0.2977385617293316,-1.10011987092575,-56.22092975310608,1.0,65.0,107.0,1.0,-3.6204680292329834,7.652588733029443,61.0,5.173487593193029,16.37699049270918,-55.34950653956408,0.0005679572523703769,-2.371690686392493,0.0,-10.098640653079954,1.0605878881108552,0.004241991155552178,1.0803298041237586,0.0,0.0,2.075735561444411,0.0,0.0,0.0,0.0,0.0,2.554631966382296,1.6015465514189229,,,2,1,1,4.824342727661133,-3,164,True,True,False,"A:1,B:1,ESTOP:0,MODE:1",DRIVE_RUN,,,,,,,,,,,,,L,,,False,0,,,,-9999.0,-1.0,-1.0,False,36.96761095833333,127.87383951333334,121.98599999999999,2,0.00014884000000000002,36.96761095833333,127.87383951333334,4.0,0.0122,1.0,1.0,0.0,0.0,4.315627132151795,-55.762601459865664,0.0,0.0,0.0,0.48879059021326365,0.048873027319648946,-0.8514026731227249,0.18387135263292298,0.04305727264670011,0.029967303256742638,-0.012095131716320703,-8.62004535,0.14709974999999997,5.2759777
1789051724.941304,16.716,0.0,-0.0,0,2,255,-0.2718646498713429,-1.1464052230188355,-56.31703994557924,1.0,65.0,107.0,1.0,-3.663039210657806,7.652588733029443,61.0,5.173487593193029,16.351765779862934,-55.762601459865664,0.022916414662020657,-0.3828079563437252,0.0,-10.098640653079954,1.0605878881108552,0.004241991155552178,1.0803298041237586,0.0,0.0,2.075735561444411,0.0,0.0,0.0,0.0,0.0,2.554631966382296,1.6015465514189229,,,2,1,1,5.168675899505615,-2,166,True,True,False,"A:1,B:1,ESTOP:0,MODE:1",DRIVE_RUN,,,,,,,,,,,,,L,,,False,0,,,,-9999.0,-1.0,-1.0,False,36.96761095833333,127.87383951333334,121.98599999999999,2,0.00014884000000000002,36.9676106211185,127.87383980048702,4.0,0.03788042278289795,1.0,0.0,0.0513608455657959,0.045402987480163574,4.315627132151795,-55.762601459865664,0.0,0.0,0.0,0.4885576181907934,0.048321786246066534,-0.851683548253031,0.1833346457079385,0.004886921905584123,-0.0006108652381980154,-0.005061454830783556,-8.01203305,1.7848102999999997,7.32556755
1789051724.991293,16.766,0.0,-0.0,0,2,450,-0.24632475820838373,-1.1839438060159797,-56.33610128659659,1.0,66.0,107.0,1.0,-3.696979319585138,7.652588733029443,61.0,5.173487593193029,16.32685094880252,-55.762601459865664,0.022916414662020657,-2.401244736866032,0.0,-10.098640653079954,1.0605878881108552,0.004241991155552178,1.0803298041237586,0.0,0.0,2.075735561444411,0.0,0.0,0.0,0.0,0.0,2.554631966382296,1.6015465514189229,,,2,1,1,5.411747932434082,-3,166,True,True,False,"A:1,B:1,ESTOP:0,MODE:1",DRIVE_RUN,,,,,,,,,,,,,L,,,False,0,,,,-9999.0,-1.0,-1.0,False,36.96761095833333,127.87383951333334,121.98599999999999,2,0.00014884000000000002,36.96761029315861,127.87384007961363,4.0,0.0628519079208374,1.0,0.0,0.1013038158416748,0.08955257254155317,4.315627132151795,-55.762601459865664,0.0,0.0,0.0,0.4887070436326019,0.047883726969301876,-0.8517482712480675,0.1827497103180736,0.04623377188532979,0.012269664641520135,-0.004537856055185257,-8.91424485,0.0,6.786201799999999
1789051725.041289,16.816,0.0,-0.0,0,2,664,-0.22149880674773026,-1.2204521346042632,-56.45667236264708,1.0,66.0,107.0,1.0,-3.7299896068197045,7.652588733029443,61.0,5.173487593193029,16.302717666663252,-55.762601459865664,0.022916414662020657,-0.20599978527893617,0.0,-10.098640653079954,1.0605878881108552,0.004241991155552178,1.0803298041237586,0.0,0.0,2.075735561444411,0.0,0.0,0.0,0.0,0.0,2.554631966382296,1.6015465514189229,,,2,1,1,6.497243404388428,-2,167,True,True,False,"A:1,B:1,ESTOP:0,MODE:1",DRIVE_RUN,,,,,,,,,,,,,L,,,False,0,,,,-9999.0,-1.0,-1.0,False,36.96761095833333,127.87383951333334,121.98599999999999,2,0.00014884000000000002,36.96760996492041,127.87384035847634,4.0,0.08783042640686035,1.0,0.0,0.1512608528137207,0.13371457967233555,4.315627132151795,-55.762601459865664,0.0,0.0,0.0,0.4893136987329362,0.04674069192767921,-0.8514522152745518,0.18280190659419668,-0.025411993909037436,-0.17441075215179336,-0.028850292535466268,-7.090207949999999,0.36284605,11.277647499999999
1789051725.091302,16.866,0.0,-0.0,0,2,863,-0.19669632656653221,-1.2569914432146205,-56.467013843567,1.0,66.0,107.0,1.0,-3.763033636741226,7.652588733029443,61.0,5.173487593193029,16.278692500609203,-55.762601459865664,0.022916414662020657,-2.763657484794494,0.0,-10.098640653079954,1.0605878881108552,0.004241991155552178,1.0803298041237586,0.0,0.0,2.075735561444411,0.0,0.0,0.0,0.0,0.0,2.554631966382296,1.6015465514189229,,,2,1,1,7.715024471282959,-2,166,True,True,False,"A:1,B:1,ESTOP:0,MODE:1",DRIVE_RUN,,,,,,,,,,,,,L,,,False,0,,,,-9999.0,-1.0,-1.0,False,36.96761095833333,127.87383951333334,121.98599999999999,2,0.00014884000000000002,36.96760963608261,127.87384063700469,4.0,0.1128307601928711,1.0,0.0,0.2012615203857422,0.177915100278848,4.315627132151795,-55.762601459865664,0.0,0.0,0.0,0.4836253260178443,0.046274680088097514,-0.8547850545481775,0.18250399595062916,0.03787364476827695,-0.02933898472602468,-0.027366762671271087,-1.65732385,-0.16671305,8.97308475
1789051725.141294,16.916,0.0,-0.0,0,2,864,-0.14378882826334619,-1.3337930322059317,-56.60426357330172,1.0,66.0,107.0,1.0,-3.8323887566468278,7.652588733029443,61.0,5.173487593193029,16.227694935310577,-55.762601459865664,0.022916414662020657,-0.4457736092563811,0.0,-10.098640653079954,1.0605878881108552,0.004241991155552178,1.0803298041237586,0.0,0.0,2.075735561444411,0.0,0.0,0.0,0.0,0.0,2.554631966382296,1.6015465514189229,,,2,1,1,8.495576858520508,-2,171,True,True,False,"A:1,B:1,ESTOP:0,MODE:1",DRIVE_RUN,,,,,,,,,,,,,L,,,False,0,,,,-9999.0,-1.0,-1.0,False,36.967609275,127.87384095333333,121.98400000000001,2,0.00014884000000000002,36.967609036668016,127.87384115484946,4.0,0.030309560012817385,1.0,0.0,0.036219120025634766,0.03201770210266113,3.975585191256336,-55.762601459865664,0.0,0.0,0.0,0.484343389347414,0.046200349822088205,-0.8545291567437804,0.1818156460443915,0.011239920382843483,0.07541567697867498,-0.0070685834705770355,-4.34434595,0.4707192,7.89435325
1789051725.191317,16.966,0.0,-0.0,0,2,864,-0.12586567265604104,-1.3603240274446418,-56.626496116293254,1.0,66.0,107.0,1.0,-3.8563928882762344,7.652588733029443,61.0,5.173487593193029,16.21051882417853,-55.762601459865664,0.022916414662020657,-0.369549590810565,0.0,-10.098640653079954,1.0605878881108552,0.004241991155552178,1.0803298041237586,0.0,0.0,2.075735561444411,0.0,0.0,0.0,0.0,0.0,2.554631966382296,1.6015465514189229,,,2,1,1,9.360305786132812,-2,170,True,True,False,"A:1,B:1,ESTOP:0,MODE:1",DRIVE_RUN,,,,,,,,,,,,,L,,,False,0,,,,-9999.0,-1.0,-1.0,False,36.967609275,127.87384095333333,121.98400000000001,2,0.00014884000000000002,36.96760870744697,127.87384143303633,4.0,0.055320265007019045,1.0,0.0,0.08624053001403809,0.07623662771125793,3.975585191256336,-55.762601459865664,0.0,0.0,0.0,0.48511427566021503,0.04613708054711159,-0.8541197980096465,0.1816999724744472,0.0019024088846738192,-0.022898719786165606,-0.006771877497737999,-8.757338449999999,1.10815145,11.179580999999999
1789051725.241283,17.016,0.0,-0.0,0,2,864,-0.10112330271223363,-1.3969727465427408,-56.644900448996964,1.0,67.0,107.0,1.0,-3.8895531539167223,7.652588733029443,61.0,5.173487593193029,16.18688256722493,-55.762601459865664,0.022916414662020657,-1.3107247549093566,0.0,-10.098640653079954,1.0605878881108552,0.004241991155552178,1.0803298041237586,0.0,0.0,2.075735561444411,0.0,0.0,0.0,0.0,0.0,2.554631966382296,1.6015465514189229,,,2,1,1,10.144713401794434,-2,170,True,True,False,"A:1,B:1,ESTOP:0,MODE:1",DRIVE_RUN,,,,,,,,,,,,,L,,,False,0,,,,-9999.0,-1.0,-1.0,False,36.967609275,127.87384095333333,121.98400000000001,2,0.00014884000000000002,36.967608378375104,127.8738417110678,4.0,0.08031881065368653,1.0,0.0,0.13623762130737305,0.12043405599181356,3.975585191256336,-55.762601459865664,0.0,0.0,0.0,0.48432811367352846,0.04626365591478648,-0.8545131734334205,0.18191533436075463,0.02949606435870417,0.011030480872604163,0.00481710873550435,-4.6875786999999995,0.26477955,8.0806796
1789051725.291282,17.066,0.0,-0.0,0,2,864,-0.07639475516541734,-1.433604859172041,-56.71066256256185,1.0,67.0,107.0,1.0,-3.922537138575342,7.652588733029443,61.0,5.173487593193029,16.163345979434855,-55.762601459865664,0.022916414662020657,-1.6285092640728016,0.0,-10.098640653079954,1.0605878881108552,0.004241991155552178,1.0803298041237586,0.0,0.0,2.075735561444411,0.0,0.0,0.0,0.0,0.0,2.554631966382296,1.6015465514189229,,,0,0,0,9.949036598205566,-2,170,True,True,False,"A:1,B:1,ESTOP:0,MODE:1",DRIVE_RUN,,,,,,,,,,,,,L,,,False,0,,,,-9999.0,-1.0,-1.0,False,36.967608485,127.87384142833334,121.99699999999999,2,0.00014884000000000002,36.967608485,127.87384142833334,4.0,0.0122,1.0,1.0,0.0,0.0,2.919763473576791,-58.258494622150415,0.0,0.0,0.0,0.48648325868169284,0.046238986422755535,-0.8533629800506874,0.1815698748031931,0.04972443038931845,0.17359044740335602,0.006178465552059927,-8.070872949999998,0.53936575,3.6676870999999998
1789051725.341301,17.116,0.0,-0.0,0,2,864,-0.10154159453281039,-1.4217354300902514,-56.86952381351412,0.0,67.0,107.0,1.0,-3.9141637986324453,7.652588733029443,61.0,5.173487593193029,16.188088031013095,-58.258494622150415,-0.07739160297942789,0.493159971060233,0.0,-10.098640653079954,1.0605878881108552,0.004241991155552178,1.0803298041237586,0.0,0.0,2.075735561444411,0.0,0.0,0.0,0.0,0.0,2.554631966382296,1.6015465514189229,,,0,0,0,9.253206253051758,-2,170,True,True,False,"A:1,B:1,ESTOP:0,MODE:1",DRIVE_RUN,,,,,,,,,,,,,L,,,False,0,,,,-9999.0,-1.0,-1.0,False,36.967608485,127.87384142833334,121.99699999999999,2,0.00014884000000000002,36.967608485,127.87384142833334,4.0,0.038253071022033694,1.0,0.0,0.05210614204406738,0.0,2.919763473576791,-58.258494622150415,0.0,0.0,0.0,0.48920797787155346,0.046409590626080285,-0.8518412617947327,0.18135095530132497,0.0053058009260627615,-0.00022689280275926284,0.02829178717482808,-12.464252149999998,1.0296982499999998,2.9714149499999998
1789051725.391294,17.166,0.0,-0.0,0,2,864,-0.10154159453281039,-1.4217354300902514,-56.844785179626115,0.0,67.0,107.0,1.0,-3.9141637986324453,7.652588733029443,61.0,5.173487593193029,16.188088031013095,-58.258494622150415,-0.07739160297942789,0.9658576977705595,0.0,-10.098640653079954,1.0605878881108552,0.004241991155552178,1.0803298041237586,0.0,0.0,2.075735561444411,0.0,0.0,0.0,0.0,0.0,2.554631966382296,1.6015465514189229,,,0,0,0,9.406988143920898,-2,171,True,True,False,"A:1,B:1,ESTOP:0,MODE:1",DRIVE_RUN,,,,,,,,,,,,,L,,,False,0,,,,-9999.0,-1.0,-1.0,False,36.967608485,127.87384142833334,121.99699999999999,2,0.00014884000000000002,36.967608485,127.87384142833334,4.0,0.06326091499328614,1.0,0.0,0.10212182998657227,0.0,2.919763473576791,-58.258494622150415,0.0,0.0,0.0,0.48815878642192534,0.04639996794173207,-0.8523705164474951,0.18169354667986937,-0.023701571242082997,-0.05883504908472885,0.0004537856055185257,-7.972806449999999,0.65704555,5.8545700499999995
1789051725.441298,17.216,0.0,-0.0,0,2,864,-0.10154159453281039,-1.4217354300902514,-56.79669982164961,0.0,67.0,107.0,1.0,-3.9141637986324453,7.652588733029443,61.0,5.173487593193029,16.188088031013095,-58.258494622150415,-0.07739160297942789,0.38021229057280465,0.0,-10.098640653079954,1.0605878881108552,0.004241991155552178,1.0803298041237586,0.0,0.0,2.075735561444411,0.0,0.0,0.0,0.0,0.0,2.554631966382296,1.6015465514189229,,,0,0,0,9.815604209899902,-2,170,True,True,False,"A:1,B:1,ESTOP:0,MODE:1",DRIVE_RUN,,,,,,,,,,,,,L,,,False,0,,,,-9999.0,-1.0,-1.0,False,36.967608485,127.87384142833334,121.99699999999999,2,0.00014884000000000002,36.967608485,127.87384142833334,4.0,0.08824968547821045,1.0,0.0,0.1520993709564209,0.0,2.919763473576791,-58.258494622150415,0.0,0.0,0.0,0.4872647402460291,0.04639719493125352,-0.8528676655945787,0.1817611570130836,-0.005166174585903215,-0.002722713633111154,0.004921828490624009,-6.3939357999999995,0.26477955,6.5508422
1789051725.491352,17.266,0.0,-0.0,0,2,864,-0.10154159453281039,-1.4217354300902514,-56.777247217440106,0.0,67.0,107.0,1.0,-3.9141637986324453,7.652588733029443,61.0,5.173487593193029,16.188088031013095,-58.258494622150415,-0.07739160297942789,-0.08871669294114777,0.0,-10.098640653079954,1.0605878881108552,0.004241991155552178,1.0803298041237586,0.0,0.0,2.075735561444411,0.0,0.0,0.0,0.0,0.0,2.554631966382296,1.6015465514189229,,,0,0,0,9.942527770996094,-2,170,True,True,False,"A:1,B:1,ESTOP:0,MODE:1",DRIVE_RUN,,,,,,,,,,,,,L,,,False,0,,,,-9999.0,-1.0,-1.0,False,36.967608553333335,127.87384152666667,121.994,2,0.00014884000000000002,36.967608553333335,127.87384152666667,4.0,0.0122,1.0,1.0,0.0,0.0,0.8992296670674934,-58.258494622150415,0.0,0.0,0.0,0.4876710124679975,0.04628914108095987,-0.852592932232688,0.18198788674879565,0.013910274138394808,0.04021238596594935,0.016720254234105676,-7.84532,0.32361945,5.530950599999999
1789051725.541315,17.316,0.0,-0.0,0,2,864,-0.09279567633027407,-1.4141285979854719,-56.78166090201867,0.0,67.0,107.0,1.0,-3.9054948063027743,7.652588733029443,61.0,5.173487593193029,16.179100720444772,-58.258494622150415,-0.07739160297942789,-0.42017734986573485,0.0,-10.098640653079954,1.0605878881108552,0.004241991155552178,1.0803298041237586,0.0,0.0,2.075735561444411,0.0,0.0,0.0,0.0,0.0,2.554631966382296,1.6015465514189229,,,0,0,0,9.542854309082031,-2,170,True,True,False,"A:1,B:1,ESTOP:0,MODE:1",DRIVE_RUN,,,,,,,,,,,,,L,,,False,0,,,,-9999.0,-1.0,-1.0,False,36.967608553333335,127.87384152666667,121.994,2,0.00014884000000000002,36.967608553333335,127.87384152666667,4.0,0.03986036987304688,1.0,0.0,0.05532073974609375,0.0,0.8992296670674934,-58.258494622150415,0.0,0.0,0.0,0.4885081732420379,0.046064712206711766,-0.8521359311291157,0.1819399951735596,0.013962634015954637,0.00932005820564972,0.00916297857297023,-10.228335949999998,0.8825985,3.5696205999999995
1789051725.591289,17.366,0.0,-0.0,0,2,864,-0.09279567633027407,-1.4141285979854719,-56.80276311545316,0.0,67.0,107.0,1.0,-3.9054948063027743,7.652588733029443,61.0,5.173487593193029,16.179100720444772,-58.258494622150415,-0.07739160297942789,0.5039203532337256,0.0,-10.098640653079954,1.0605878881108552,0.004241991155552178,1.0803298041237586,0.0,0.0,2.075735561444411,0.0,0.0,0.0,0.0,0.0,2.554631966382296,1.6015465514189229,,,0,0,0,9.558978080749512,-2,170,True,True,False,"A:1,B:1,ESTOP:0,MODE:1",DRIVE_RUN,,,,,,,,,,,,,L,,,False,0,,,,-9999.0,-1.0,-1.0,False,36.967608553333335,127.87384152666667,121.994,2,0.00014884000000000002,36.967608553333335,127.87384152666667,4.0,0.06485164375305176,1.0,0.0,0.10530328750610352,0.0,0.8992296670674934,-58.258494622150415,0.0,0.0,0.0,0.4889461618406747,0.04585073251177413,-0.8518600587713129,0.1821093117321074,-0.012060225131280817,-0.016406094968746697,-0.0013264502315156904,-7.89435325,1.1964112999999998,5.01119815
1789051725.641294,17.416,0.0,-0.0,0,2,864,-0.09279567633027407,-1.4141285979854719,-56.7777452953346,0.0,67.0,107.0,1.0,-3.9054948063027743,7.652588733029443,61.0,5.173487593193029,16.179100720444772,-58.258494622150415,-0.07739160297942789,-0.2632187654715315,0.0,-10.098640653079954,1.0605878881108552,0.004241991155552178,1.0803298041237586,0.0,0.0,2.075735561444411,0.0,0.0,0.0,0.0,0.0,2.554631966382296,1.6015465514189229,,,0,0,0,9.648774147033691,-2,170,True,True,False,"A:1,B:1,ESTOP:0,MODE:1",DRIVE_RUN,,,,,,,,,,,,,L,,,False,0,,,,-9999.0,-1.0,-1.0,False,36.967608553333335,127.87384152666667,121.994,2,0.00014884000000000002,36.967608553333335,127.87384152666667,4.0,0.0898602029800415,1.0,0.0,0.155320405960083,0.0,0.8992296670674934,-58.258494622150415,0.0,0.0,0.0,0.487628841419528,0.046753743966128844,-0.8526021523692412,0.18193891891603534,0.015323990832510213,0.007138396640656807,0.01790707812546182,-8.129712849999999,0.43149259999999995,5.4917240000000005
1789051725.691258,17.466,0.0,-0.0,0,2,864,-0.09279567633027407,-1.4141285979854719,-56.790930068429674,0.0,67.0,107.0,1.0,-3.9054948063027743,7.652588733029443,61.0,5.173487593193029,16.179100720444772,-58.258494622150415,-0.07739160297942789,-0.5029486165026563,0.0,-10.098640653079954,1.0605878881108552,0.004241991155552178,1.0803298041237586,0.0,0.0,2.075735561444411,0.0,0.0,0.0,0.0,0.0,2.554631966382296,1.6015465514189229,,,0,0,0,9.749454498291016,-2,170,True,True,False,"A:1,B:1,ESTOP:0,MODE:1",DRIVE_RUN,,,,,,,,,,,,,L,,,False,0,,,,-9999.0,-1.0,-1.0,False,36.967608585,127.87384147166667,122.00399999999999,2,0.00014884000000000002,36.967608585,127.87384147166667,4.0,0.0122,1.0,1.0,0.0,0.0,0.10572523114681748,-58.258494622150415,0.0,0.0,0.0,0.4870612378963321,0.04709018239761717,-0.85294681054898,0.18175699060826797,0.005497787143782138,0.007766715171374766,-0.00958185759344887,-7.5118939,0.50013915,5.22694445
1789051725.741315,17.516,0.0,-0.0,0,2,864,-0.09768746130185123,-1.4106034808808352,-56.816137431419605,0.0,67.0,107.0,1.0,-3.902628455727012,7.652588733029443,61.0,5.173487593193029,16.183877214433227,-58.258494622150415,-0.07739160297942789,-0.4517966090170531,0.0,-10.098640653079954,1.0605878881108552,0.004241991155552178,1.0803298041237586,0.0,0.0,2.075735561444411,0.0,0.0,0.0,0.0,0.0,2.554631966382296,1.6015465514189229,,,0,0,0,9.654398918151855,-2,170,True,True,False,"A:1,B:1,ESTOP:0,MODE:1",DRIVE_RUN,,,,,,,,,,,,,L,,,False,0,,,,-9999.0,-1.0,-1.0,False,36.967608585,127.87384147166667,122.00399999999999,2,0.00014884000000000002,36.967608585,127.87384147166667,4.0,0.037696125221252444,1.0,0.0,0.05099225044250488,0.0,0.10572523114681748,-58.258494622150415,0.0,0.0,0.0,0.4868969340383721,0.04773933253312479,-0.8530699235093706,0.1814498204932738,0.017994344588061536,0.035203291012725624,0.011554079648202462,-9.404577349999999,0.6962721499999999,5.099458
1789051725.791378,17.566,0.0,-0.0,0,2,864,-0.09768746130185123,-1.4106034808808352,-56.83872347024243,0.0,67.0,107.0,1.0,-3.902628455727012,7.652588733029443,61.0,5.173487593193029,16.183877214433227,-58.258494622150415,-0.07739160297942789,-0.6605220405315508,0.0,-10.098640653079954,1.0605878881108552,0.004241991155552178,1.0803298041237586,0.0,0.0,2.075735561444411,0.0,0.0,0.0,0.0,0.0,2.554631966382296,1.6015465514189229,,,0,0,0,9.653651237487793,-2,170,True,True,False,"A:1,B:1,ESTOP:0,MODE:1",DRIVE_RUN,,,,,,,,,,,,,L,,,False,0,,,,-9999.0,-1.0,-1.0,False,36.967608585,127.87384147166667,122.00399999999999,2,0.00014884000000000002,36.967608585,127.87384147166667,4.0,0.06268656463623047,1.0,0.0,0.10097312927246094,0.0,0.10572523114681748,-58.258494622150415,0.0,0.0,0.0,0.48686444029250014,0.04778313759181478,-0.8530609934067556,0.18156742568101678,0.010349802464326374,-0.016632987771505958,-0.0027052603405912107,-8.306232549999999,0.45110589999999995,5.01119815
1789051725.841321,17.616,0.0,-0.0,0,2,864,-0.09768746130185123,-1.4106034808808352,-56.87174607619687,0.0,67.0,107.0,1.0,-3.902628455727012,7.652588733029443,61.0,5.173487593193029,16.183877214433227,-58.258494622150415,-0.07739160297942789,0.01505480040559477,0.0,-10.098640653079954,1.0605878881108552,0.004241991155552178,1.0803298041237586,0.0,0.0,2.075735561444411,0.0,0.0,0.0,0.0,0.0,2.554631966382296,1.6015465514189229,,,0,0,0,9.642865180969238,-2,170,True,True,False,"A:1,B:1,ESTOP:0,MODE:1",DRIVE_RUN,,,,,,,,,,,,,L,,,False,0,,,,-9999.0,-1.0,-1.0,False,36.967608585,127.87384147166667,122.00399999999999,2,0.00014884000000000002,36.967608585,127.87384147166667,4.0,0.08770263404846192,1.0,0.0,0.15100526809692383,0.0,0.10572523114681748,-58.258494622150415,0.0,0.0,0.0,0.486907098970366,0.04787562961671876,-0.8530598696738009,0.18143389929443365,0.00015707963267948965,0.014678219009272311,-0.0014660765716752368,-8.38468575,0.5099457999999999,5.0013914999999995
1789051725.891288,17.666,0.0,-0.0,0,2,864,-0.09768746130185123,-1.4106034808808352,-56.87099065206506,0.0,67.0,107.0,1.0,-3.902628455727012,7.652588733029443,61.0,5.173487593193029,16.183877214433227,-58.258494622150415,-0.07739160297942789,1.1492535900274394,0.0,-10.098640653079954,1.0605878881108552,0.004241991155552178,1.0803298041237586,0.0,0.0,2.075735561444411,0.0,0.0,0.0,0.0,0.0,2.554631966382296,1.6015465514189229,,,0,0,0,9.724072456359863,-2,170,True,True,False,"A:1,B:1,ESTOP:0,MODE:1",DRIVE_RUN,,,,,,,,,,,,,L,,,False,0,,,,-9999.0,-1.0,-1.0,False,36.96760856666667,127.87384147333333,122.00899999999999,2,0.00014884000000000002,36.96760856666667,127.87384147333333,4.0,0.0122,1.0,1.0,0.0,0.0,0.044091987993409736,-58.258494622150415,0.0,0.0,0.0,0.4865567856136403,0.04804809663341238,-0.8532293040736562,0.1815313456492088,-0.020839231268812295,-0.02181661564992912,0.006981317007977318,-8.1002929,0.5197524499999999,5.4524974
1789051725.941278,17.716,0.0,-0.0,0,2,864,-0.09753922570003018,-1.41264433798542,-56.813836829205144,0.0,67.0,107.0,1.0,-3.904633271736881,7.652588733029443,61.0,5.173487593193029,16.183794248862714,-58.258494622150415,-0.07739160297942789,-0.729149456915518,0.0,-10.098640653079954,1.0605878881108552,0.004241991155552178,1.0803298041237586,0.0,0.0,2.075735561444411,0.0,0.0,0.0,0.0,0.0,2.554631966382296,1.6015465514189229,,,0,0,0,9.77503776550293,-2,170,True,True,False,"A:1,B:1,ESTOP:0,MODE:1",DRIVE_RUN,,,,,,,,,,,,,L,,,False,0,,,,-9999.0,-1.0,-1.0,False,36.96760856666667,127.87384147333333,122.00899999999999,2,0.00014884000000000002,36.96760856666667,127.87384147333333,4.0,0.036948682975769045,1.0,0.0,0.049497365951538086,0.0,0.044091987993409736,-58.258494622150415,0.0,0.0,0.0,0.486567672635083,0.04806518406926254,-0.8532057423629779,0.18160836771940433,0.016650441064025905,0.015428710587629874,0.001710422666954443,-8.26700595,0.73549875,5.4132708
1789051725.991267,17.766,0.0,-0.0,0,2,864,-0.09753922570003018,-1.41264433798542,-56.850448639668755,0.0,67.0,107.0,1.0,-3.904633271736881,7.652588733029443,61.0,5.173487593193029,16.183794248862714,-58.258494622150415,-0.07739160297942789,-0.07423941468379604,0.0,-10.098640653079954,1.0605878881108552,0.004241991155552178,1.0803298041237586,0.0,0.0,2.075735561444411,0.0,0.0,0.0,0.0,0.0,2.554631966382296,1.6015465514189229,,,0,0,0,9.782737731933594,-2,170,True,True,False,"A:1,B:1,ESTOP:0,MODE:1",DRIVE_RUN,,,,,,,,,,,,,L,,,False,0,,,,-9999.0,-1.0,-1.0,False,36.96760856666667,127.87384147333333,122.00899999999999,2,0.00014884000000000002,36.96760856666667,127.87384147333333,4.0,0.06193006248474121,1.0,0.0,0.09946012496948242,0.0,0.044091987993409736,-58.258494622150415,0.0,0.0,0.0,0.48670818550012096,0.04809857429461721,-0.8531309830794344,0.18157421355446668,-0.00019198621771937625,0.0037524578917878084,-0.0037524578917878084,-8.4533323,0.6276256,5.1975245
1789051726.041287,17.816,0.0,-0.0,0,2,864,-0.09753922570003018,-1.41264433798542,-56.85415278343828,0.0,67.0,107.0,1.0,-3.904633271736881,7.652588733029443,61.0,5.173487593193029,16.183794248862714,-58.258494622150415,-0.07739160297942789,0.45934581119017787,0.0,-10.098640653079954,1.0605878881108552,0.004241991155552178,1.0803298041237586,0.0,0.0,2.075735561444411,0.0,0.0,0.0,0.0,0.0,2.554631966382296,1.6015465514189229,,,0,0,0,9.698286056518555,-2,170,True,True,False,"A:1,B:1,ESTOP:0,MODE:1",DRIVE_RUN,,,,,,,,,,,,,L,,,False,0,,,,-9999.0,-1.0,-1.0,False,36.96760856666667,127.87384147333333,122.00899999999999,2,0.00014884000000000002,36.96760856666667,127.87384147333333,4.0,0.08693766803741455,1.0,0.0,0.1494753360748291,0.0,0.044091987993409736,-58.258494622150415,0.0,0.0,0.0,0.48652491191821834,0.04827290086014244,-0.853207740264269,0.1816584407030302,-0.0022689280275926286,0.017505652397503124,0.010140362954087054,-8.67888525,0.5197524499999999,4.6875786999999995
1789051726.091290,17.866,0.0,-0.0,0,2,864,-0.09753922570003018,-1.41264433798542,-56.83118869076279,0.0,67.0,107.0,1.0,-3.904633271736881,7.652588733029443,61.0,5.173487593193029,16.183794248862714,-58.258494622150415,-0.07739160297942789,-0.4653855392712022,0.0,-10.098640653079954,1.0605878881108552,0.004241991155552178,1.0803298041237586,0.0,0.0,2.075735561444411,0.0,0.0,0.0,0.0,0.0,2.554631966382296,1.6015465514189229,,,0,0,0,9.736348152160645,-2,170,True,True,False,"A:1,B:1,ESTOP:0,MODE:1",DRIVE_RUN,,,,,,,,,,,,,L,,,False,0,,,,-9999.0,-1.0,-1.0,False,36.96760856666667,127.87384147333333,122.00899999999999,2,0.00014884000000000002,36.96760856666667,127.87384147333333,4.0,0.11194217414855957,1.0,0.0,0.19948434829711914,0.0,0.044091987993409736,-58.258494622150415,0.0,0.0,0.0,0.48648228029675505,0.04836414924128994,-0.853231618767006,0.18163618791879044,0.008045967851693859,-0.004171336912266448,-0.0016406094968746698,-8.1983594,0.73549875,5.28578435
1789051726.141259,17.916,0.0,-0.0,0,2,864,-0.09590863028819267,-1.413757532985459,-56.85438071976996,0.0,67.0,107.0,1.0,-3.9055273919772215,7.652588733029443,61.0,5.173487593193029,16.182200161713624,-58.258494622150415,-0.07739160297942789,-0.1005757884908651,0.0,-10.098640653079954,1.0605878881108552,0.004241991155552178,1.0803298041237586,0.0,0.0,2.075735561444411,0.0,0.0,0.0,0.0,0.0,2.554631966382296,1.6015465514189229,,,0,0,0,9.781506538391113,-2,170,True,True,False,"A:1,B:1,ESTOP:0,MODE:1",DRIVE_RUN,,,,,,,,,,,,,L,,,False,0,,,,-9999.0,-1.0,-1.0,False,36.96760855666667,127.87384149166667,122.005,2,0.00014884000000000002,36.96760855666667,127.87384149166667,4.0,0.030069710922241213,1.0,0.0,0.03573942184448242,0.0,0.0313952822623866,-58.258494622150415,0.0,0.0,0.0,0.4856398969057265,0.048978578649029145,-0.8537201148830319,0.18143030290174525,0.004921828490624009,0.0027401669256310974,0.005009094953223725,-8.217972699999999,0.50013915,5.295591
1789051726.191300,17.966,0.0,-0.0,0,2,864,-0.09590863028819267,-1.413757532985459,-56.85940796973394,0.0,67.0,107.0,1.0,-3.9055273919772215,7.652588733029443,61.0,5.173487593193029,16.182200161713624,-58.258494622150415,-0.07739160297942789,-0.25608147546425525,0.0,-10.098640653079954,1.0605878881108552,0.004241991155552178,1.0803298041237586,0.0,0.0,2.075735561444411,0.0,0.0,0.0,0.0,0.0,2.554631966382296,1.6015465514189229,,,0,0,0,9.793688774108887,-2,170,True,True,False,"A:1,B:1,ESTOP:0,MODE:1",DRIVE_RUN,,,,,,,,,,,,,L,,,False,0,,,,-9999.0,-1.0,-1.0,False,36.96760855666667,127.87384149166667,122.005,2,0.00014884000000000002,36.96760855666667,127.87384149166667,4.0,0.055126430702209475,1.0,0.0,0.08585286140441895,0.0,0.0313952822623866,-58.258494622150415,0.0,0.0,0.0,0.4856885228501088,0.04920700012397104,-0.8536863941303221,0.18139699663237877,0.00476474885794452,0.0008552113334772215,-0.0008028514559173916,-8.38468575,0.61781895,5.20733115
1789051726.241280,18.016,0.0,-0.0,0,2,864,-0.09590863028819267,-1.413757532985459,-56.87217161316326,0.0,67.0,107.0,1.0,-3.9055273919772215,7.652588733029443,61.0,5.173487593193029,16.182200161713624,-58.258494622150415,-0.07739160297942789,-0.15339888766571227,0.0,-10.098640653079954,1.0605878881108552,0.004241991155552178,1.0803298041237586,0.0,0.0,2.075735561444411,0.0,0.0,0.0,0.0,0.0,2.554631966382296,1.6015465514189229,,,0,0,0,9.775988578796387,-2,170,True,True,False,"A:1,B:1,ESTOP:0,MODE:1",DRIVE_RUN,,,,,,,,,,,,,L,,,False,0,,,,-9999.0,-1.0,-1.0,False,36.96760855666667,127.87384149166667,122.005,2,0.00014884000000000002,36.96760855666667,127.87384149166667,4.0,0.08006918640136719,1.0,0.0,0.13573837280273438,0.0,0.0313952822623866,-58.258494622150415,0.0,0.0,0.0,0.48571879605815943,0.04925353638104743,-0.8536608573342378,0.18142348515323845,0.005497787143782138,0.005096361415823442,0.003735004599267865,-8.502365549999999,0.63743225,5.0798447
1789051726.291297,18.066,0.0,-0.0,0,2,864,-0.09590863028819267,-1.413757532985459,-56.879861884900436,0.0,67.0,107.0,1.0,-3.9055273919772215,7.652588733029443,61.0,5.173487593193029,16.182200161713624,-58.258494622150415,-0.07739160297942789,0.1891294321050936,0.0,-10.098640653079954,1.0605878881108552,0.004241991155552178,1.0803298041237586,0.0,0.0,2.075735561444411,0.0,0.0,0.0,0.0,0.0,2.554631966382296,1.6015465514189229,,,0,0,0,9.815197944641113,-2,170,True,True,False,"A:1,B:1,ESTOP:0,MODE:1",DRIVE_RUN,,,,,,,,,,,,,L,,,False,0,,,,-9999.0,-1.0,-1.0,False,36.967608561666665,127.87384144666666,122.005,2,0.00014884000000000002,36.967608561666665,127.87384144666666,4.0,0.0122,1.0,1.0,0.0,0.0,0.022120594197447486,-58.258494622150415,0.0,0.0,0.0,0.48543167539787463,0.04999066389974141,-0.853844509037001,0.18112585798454686,-6.981317007977319e-05,-0.0033335788713091696,0.007330382858376184,-8.227779349999999,0.5687857,5.28578435
1789051726.341288,18.116,0.0,-0.0,0,2,864,-0.09991100038490824,-1.4132009358809259,-56.87041196064929,0.0,67.0,107.0,1.0,-3.9054904354362314,7.652588733029443,61.0,5.173487593193029,16.18618263087034,-58.258494622150415,-0.07739160297942789,0.1072859749031583,0.0,-10.098640653079954,1.0605878881108552,0.004241991155552178,1.0803298041237586,0.0,0.0,2.075735561444411,0.0,0.0,0.0,0.0,0.0,2.554631966382296,1.6015465514189229,,,0,0,0,9.82762336730957,-2,170,True,True,False,"A:1,B:1,ESTOP:0,MODE:1",DRIVE_RUN,,,,,,,,,,,,,L,,,False,0,,,,-9999.0,-1.0,-1.0,False,36.967608561666665,127.87384144666666,122.005,2,0.00014884000000000002,36.967608561666665,127.87384144666666,4.0,0.0387038013458252,1.0,0.0,0.05300760269165039,0.0,0.022120594197447486,-58.258494622150415,0.0,0.0,0.0,0.4853888115898237,0.05004437498670061,-0.8538577823595401,0.18116332305314284,-0.0018675022996339325,0.002478367537831948,3.490658503988659e-05,-8.24739265,0.65704555,5.14849125
1789051726.391320,18.166,0.0,-0.0,0,2,864,-0.09991100038490824,-1.4132009358809259,-56.86504485333326,0.0,67.0,107.0,1.0,-3.9054904354362314,7.652588733029443,61.0,5.173487593193029,16.18618263087034,-58.258494622150415,-0.07739160297942789,-0.2860615690800557,0.0,-10.098640653079954,1.0605878881108552,0.004241991155552178,1.0803298041237586,0.0,0.0,2.075735561444411,0.0,0.0,0.0,0.0,0.0,2.554631966382296,1.6015465514189229,,,0,0,0,9.815082550048828,-2,170,True,True,False,"A:1,B:1,ESTOP:0,MODE:1",DRIVE_RUN,,,,,,,,,,,,,L,,,False,0,,,,-9999.0,-1.0,-1.0,False,36.967608561666665,127.87384144666666,122.005,2,0.00014884000000000002,36.967608561666665,127.87384144666666,4.0,0.0636986515045166,1.0,0.0,0.1029973030090332,0.0,0.022120594197447486,-58.258494622150415,0.0,0.0,0.0,0.48540233912155245,0.05030438946378639,-0.8538489479429592,0.18109669150126112,0.00973893722612836,-0.0018675022996339325,0.007819075048934596,-8.6102387,0.5883989999999999,5.16810455
1789051726.441293,18.216,0.0,-0.0,0,2,864,-0.09991100038490824,-1.4132009358809259,-56.87935330613581,0.0,67.0,107.0,1.0,-3.9054904354362314,7.652588733029443,61.0,5.173487593193029,16.18618263087034,-58.258494622150415,-0.07739160297942789,-0.5055294546289542,0.0,-10.098640653079954,1.0605878881108552,0.004241991155552178,1.0803298041237586,0.0,0.0,2.075735561444411,0.0,0.0,0.0,0.0,0.0,2.554631966382296,1.6015465514189229,,,0,0,0,9.819819450378418,-2,170,True,True,False,"A:1,B:1,ESTOP:0,MODE:1",DRIVE_RUN,,,,,,,,,,,,,L,,,False,0,,,,-9999.0,-1.0,-1.0,False,36.967608561666665,127.87384144666666,122.005,2,0.00014884000000000002,36.967608561666665,127.87384144666666,4.0,0.08868992538452149,1.0,0.0,0.15297985076904297,0.0,0.022120594197447486,-58.258494622150415,0.0,0.0,0.0,0.48582533110797027,0.0509889616274682,-0.8536386924702623,0.18076187696426602,0.014887658519511631,0.008272860654453122,0.00773180858633488,-8.36507245,0.50013915,5.099458
1789051726.491259,18.266,0.0,-0.0,0,2,864,-0.09991100038490824,-1.4132009358809259,-56.9045626208806,0.0,67.0,107.0,1.0,-3.9054904354362314,7.652588733029443,61.0,5.173487593193029,16.18618263087034,-58.258494622150415,-0.07739160297942789,-0.16723727858743584,0.0,-10.098640653079954,1.0605878881108552,0.004241991155552178,1.0803298041237586,0.0,0.0,2.075735561444411,0.0,0.0,0.0,0.0,0.0,2.554631966382296,1.6015465514189229,,,0,0,0,9.845497131347656,-2,170,True,True,False,"A:1,B:1,ESTOP:0,MODE:1",DRIVE_RUN,,,,,,,,,,,,,L,,,False,0,,,,-9999.0,-1.0,-1.0,False,36.96760855833333,127.87384147833333,122.00299999999999,2,0.00014884000000000002,36.96760855833333,127.87384147833333,4.0,0.0122,1.0,1.0,0.0,0.0,0.01127937509398717,-58.258494622150415,0.0,0.0,0.0,0.4852730681368303,0.051362888464809395,-0.8539618266540563,0.1806131270071093,0.006021385919380436,0.007382742735936014,0.0038048177693476384,-8.36507245,0.7256921,5.3348176
1789051726.541303,18.316,0.0,-0.0,0,2,864,-0.0970945176306317,-1.4135720008809387,-56.912952068587714,0.0,67.0,107.0,1.0,-3.905495998812246,7.652588733029443,61.0,5.173487593193029,16.183379488428447,-58.258494622150415,-0.07739160297942789,-0.20652606191850148,0.0,-10.098640653079954,1.0605878881108552,0.004241991155552178,1.0803298041237586,0.0,0.0,2.075735561444411,0.0,0.0,0.0,0.0,0.0,2.554631966382296,1.6015465514189229,,,0,0,0,9.850509643554688,-2,170,True,True,False,"A:1,B:1,ESTOP:0,MODE:1",DRIVE_RUN,,,,,,,,,,,,,L,,,False,0,,,,-9999.0,-1.0,-1.0,False,36.96760855833333,127.87384147833333,122.00299999999999,2,0.00014884000000000002,36.96760855833333,127.87384147833333,4.0,0.03854108066558838,1.0,0.0,0.05268216133117676,0.0,0.01127937509398717,-58.258494622150415,0.0,0.0,0.0,0.4851640023971556,0.051554445639046265,-0.8540190235849331,0.18058110994193427,0.009407324668249437,0.0038746309394274117,0.009215338450530061,-8.28661925,0.65704555,5.12887795
1789051726.591302,18.366,0.0,-0.0,0,2,864,-0.0970945176306317,-1.4135720008809387,-56.923256007034496,0.0,67.0,107.0,1.0,-3.905495998812246,7.652588733029443,61.0,5.173487593193029,16.183379488428447,-58.258494622150415,-0.07739160297942789,-0.3915455740902114,0.0,-10.098640653079954,1.0605878881108552,0.004241991155552178,1.0803298041237586,0.0,0.0,2.075735561444411,0.0,0.0,0.0,0.0,0.0,2.554631966382296,1.6015465514189229,,,0,0,0,9.829644203186035,-2,170,True,True,False,"A:1,B:1,ESTOP:0,MODE:1",DRIVE_RUN,,,,,,,,,,,,,L,,,False,0,,,,-9999.0,-1.0,-1.0,False,36.96760855833333,127.87384147833333,122.00299999999999,2,0.00014884000000000002,36.96760855833333,127.87384147833333,4.0,0.0635453483581543,1.0,0.0,0.1026906967163086,0.0,0.01127937509398717,-58.258494622150415,0.0,0.0,0.0,0.48514518751296637,0.05172708190383678,-0.8540330415107414,0.18051598277890743,0.006946410422937432,0.0030019663134302466,-0.002181661564992912,-8.54159215,0.6472389,5.099458
1789051726.641291,18.416,0.0,-0.0,0,2,864,-0.0970945176306317,-1.4135720008809387,-56.942806568471184,0.0,67.0,107.0,1.0,-3.905495998812246,7.652588733029443,61.0,5.173487593193029,16.183379488428447,-58.258494622150415,-0.07739160297942789,-0.08317894040073262,0.0,-10.098640653079954,1.0605878881108552,0.004241991155552178,1.0803298041237586,0.0,0.0,2.075735561444411,0.0,0.0,0.0,0.0,0.0,2.554631966382296,1.6015465514189229,,,0,0,0,0.0,-2,170,True,True,False,"A:1,B:1,ESTOP:0,MODE:1",DRIVE_RUN,,,,,,,,,,,,,L,,,False,0,,,,-9999.0,-1.0,-1.0,False,36.96760855833333,127.87384147833333,122.00299999999999,2,0.00014884000000000002,36.96760855833333,127.87384147833333,4.0,0.08851790637969971,1.0,0.0,0.15263581275939941,0.0,0.01127937509398717,-58.258494622150415,0.0,0.0,0.0,0.48520357056641655,0.05199086452567657,-0.8540053993591257,0.18041403210652304,0.008936085770210968,0.00012217304763960306,0.01345648853287628,-8.227779349999999,0.55897905,5.08965135
1789051726.691297,18.466,0.0,-0.0,0,2,864,-0.0970945176306317,-1.4135720008809387,-56.946976517954596,0.0,67.0,107.0,1.0,-3.905495998812246,7.652588733029443,61.0,5.173487593193029,16.183379488428447,-58.258494622150415,-0.07739160297942789,-0.26553800551645657,0.0,-10.098640653079954,1.0605878881108552,0.004241991155552178,1.0803298041237586,0.0,0.0,2.075735561444411,0.0,0.0,0.0,0.0,0.0,2.554631966382296,1.6015465514189229,,,0,0,0,0.0,-2,170,True,True,False,"A:1,B:1,ESTOP:0,MODE:1",DRIVE_RUN,,,,,,,,,,,,,L,,,False,0,,,,-9999.0,-1.0,-1.0,False,36.96760867166667,127.87384152333334,122.01499999999999,2,0.00014884000000000002,36.96760867166667,127.87384152333334,4.0,0.0122,1.0,1.0,0.0,0.0,0.12597712605445682,-58.258494622150415,0.0,0.0,0.0,0.4850697828329534,0.05217600464041516,-0.8540832895127117,0.180351614623491,0.001762782544514273,0.006649704450098395,-0.007801621756414653,-8.4729456,0.7158854499999999,5.3348176
1789051726.741268,18.516,0.0,-0.0,0,2,864,-0.09309214753391616,-1.4009557916714706,-56.96026663719013,0.0,67.0,107.0,1.0,-3.8924696605445437,7.652588733029443,61.0,5.173487593193029,16.17897944105142,-58.258494622150415,-0.07739160297942789,-0.2927873158392907,0.0,-10.098640653079954,1.0605878881108552,0.004241991155552178,1.0803298041237586,0.0,0.0,2.075735561444411,0.0,0.0,0.0,0.0,0.0,2.554631966382296,1.6015465514189229,,,0,0,0,0.0,-2,170,True,True,False,"A:1,B:1,ESTOP:0,MODE:1",DRIVE_RUN,,,,,,,,,,,,,L,,,False,0,,,,-9999.0,-1.0,-1.0,False,36.96760867166667,127.87384152333334,122.01499999999999,2,0.00014884000000000002,36.96760867166667,127.87384152333334,4.0,0.038442613792419436,1.0,0.0,0.05248522758483887,0.0,0.12597712605445682,-58.258494622150415,0.0,0.0,0.0,0.48508891638341123,0.052147054868415685,-0.8540654853929369,0.1803928339237595,0.011152653920243767,0.005288347633542819,0.008988445647770798,-8.482752249999999,0.5197524499999999,5.18771785
1789051726.791265,18.566,0.0,-0.0,0,2,864,-0.09309214753391616,-1.4009557916714706,-56.97487520460321,0.0,67.0,107.0,1.0,-3.8924696605445437,7.652588733029443,61.0,5.173487593193029,16.17897944105142,-58.258494622150415,-0.07739160297942789,-0.5276046375649424,0.0,-10.098640653079954,1.0605878881108552,0.004241991155552178,1.0803298041237586,0.0,0.0,2.075735561444411,0.0,0.0,0.0,0.0,0.0,2.554631966382296,1.6015465514189229,,,0,0,0,0.0,-2,170,True,True,False,"A:1,B:1,ESTOP:0,MODE:1",DRIVE_RUN,,,,,,,,,,,,,L,,,False,0,,,,-9999.0,-1.0,-1.0,False,36.96760867166667,127.87384152333334,122.01499999999999,2,0.00014884000000000002,36.96760867166667,127.87384152333334,4.0,0.06344878883361817,1.0,0.0,0.10249757766723633,0.0,0.12597712605445682,-58.258494622150415,0.0,0.0,0.0,0.4849507815504366,0.05251365860037854,-0.8541475477227188,0.18026930369114258,0.008272860654453122,0.002495820830351891,-0.00476474885794452,-8.34545915,0.6080123,5.20733115
1789051726.841288,18.616,0.0,-0.0,0,2,864,-0.09309214753391616,-1.4009557916714706,-57.001422461436675,0.0,67.0,107.0,1.0,-3.8924696605445437,7.652588733029443,61.0,5.173487593193029,16.17897944105142,-58.258494622150415,-0.07739160297942789,0.10837994233770776,0.0,-10.098640653079954,1.0605878881108552,0.004241991155552178,1.0803298041237586,0.0,0.0,2.075735561444411,0.0,0.0,0.0,0.0,0.0,2.554631966382296,1.6015465514189229,,,0,0,0,0.0,-2,170,True,True,False,"A:1,B:1,ESTOP:0,MODE:1",DRIVE_RUN,,,,,,,,,,,,,L,,,False,0,,,,-9999.0,-1.0,-1.0,False,36.96760867166667,127.87384152333334,122.01499999999999,2,0.00014884000000000002,36.96760867166667,127.87384152333334,4.0,0.08843326778411865,1.0,0.0,0.1524665355682373,0.0,0.12597712605445682,-58.258494622150415,0.0,0.0,0.0,0.48460907230016226,0.05294621719594861,-0.8543477152294443,0.18011309394723074,-0.0028797932657906437,-0.0013788101090755204,-0.0014311699866353504,-8.28661925,0.63743225,5.08965135
1789051726.891320,18.666,0.0,-0.0,0,2,864,-0.09309214753391616,-1.4009557916714706,-56.996048456565376,0.0,67.0,107.0,1.0,-3.8924696605445437,7.652588733029443,61.0,5.173487593193029,16.17897944105142,-58.258494622150415,-0.07739160297942789,-0.42338757748921046,0.0,-10.098640653079954,1.0605878881108552,0.004241991155552178,1.0803298041237586,0.0,0.0,2.075735561444411,0.0,0.0,0.0,0.0,0.0,2.554631966382296,1.6015465514189229,,,0,0,0,0.0,-2,170,True,True,False,"A:1,B:1,ESTOP:0,MODE:1",DRIVE_RUN,,,,,,,,,,,,,L,,,False,0,,,,-9999.0,-1.0,-1.0,False,36.96760867166667,127.87384152333334,122.01499999999999,2,0.00014884000000000002,36.96760867166667,127.87384152333334,4.0,0.11341548175811768,1.0,0.0,0.20243096351623535,0.0,0.12597712605445682,-58.258494622150415,0.0,0.0,0.0,0.4846319388278124,0.05298492400062642,-0.8543301578586984,0.18012346618299044,0.012042771838760872,0.00788888821901437,0.005340707511102648,-8.46313895,0.67665885,5.16810455
1789051726.941274,18.716,0.0,-0.0,0,2,864,-0.09086860971479449,-1.3961319474622746,-57.0172630379233,0.0,67.0,107.0,1.0,-3.8873998007707633,7.652588733029443,61.0,5.173487593193029,16.176606728957765,-58.258494622150415,-0.07739160297942789,0.3240673171717972,0.0,-10.098640653079954,1.0605878881108552,0.004241991155552178,1.0803298041237586,0.0,0.0,2.075735561444411,0.0,0.0,0.0,0.0,0.0,2.554631966382296,1.6015465514189229,,,0,0,0,0.0,-2,170,True,True,False,"A:1,B:1,ESTOP:0,MODE:1",DRIVE_RUN,,,,,,,,,,,,,L,,,False,0,,,,-9999.0,-1.0,-1.0,False,36.967608715,127.87384154833333,122.02699999999999,2,0.00014884000000000002,36.967608715,127.87384154833333,4.0,0.03288459987640381,1.0,0.0,0.04136919975280762,0.0,0.16210738770626268,-58.258494622150415,0.0,0.0,0.0,0.48465871924574616,0.05315243651662252,-0.8543092044027991,0.180101437040563,-0.0003316125578789226,0.0035779249665883754,0.010611601852125523,-8.38468575,0.65704555,5.18771785
1789051726.991308,18.766,0.0,-0.0,0,2,864,-0.09086860971479449,-1.3961319474622746,-57.00100158523813,0.0,67.0,107.0,1.0,-3.8873998007707633,7.652588733029443,61.0,5.173487593193029,16.176606728957765,-58.258494622150415,-0.07739160297942789,0.001065118518582842,0.0,-10.098640653079954,1.0605878881108552,0.004241991155552178,1.0803298041237586,0.0,0.0,2.075735561444411,0.0,0.0,0.0,0.0,0.0,2.554631966382296,1.6015465514189229,,,0,0,0,0.0,-2,170,True,True,False,"A:1,B:1,ESTOP:0,MODE:1",DRIVE_RUN,,,,,,,,,,,,,L,,,False,0,,,,-9999.0,-1.0,-1.0,False,36.967608715,127.87384154833333,122.02699999999999,2,0.00014884000000000002,36.967608715,127.87384154833333,4.0,0.05788469524383545,1.0,0.0,0.0913693904876709,0.0,0.16210738770626268,-58.258494622150415,0.0,0.0,0.0,0.48409850424638173,0.053549532243611475,-0.8546261033047432,0.17998696989798124,-0.00020943951023931956,0.012583823906879116,-0.002548180707911721,-8.2571993,0.5491724,5.34462425
1789051727.041327,18.816,0.0,-0.0,0,2,864,-0.09086860971479449,-1.3961319474622746,-57.000948311079014,0.0,67.0,107.0,1.0,-3.8873998007707633,7.652588733029443,61.0,5.173487593193029,16.176606728957765,-58.258494622150415,-0.07739160297942789,0.19041953600307385,0.0,-10.098640653079954,1.0605878881108552,0.004241991155552178,1.0803298041237586,0.0,0.0,2.075735561444411,0.0,0.0,0.0,0.0,0.0,2.554631966382296,1.6015465514189229,,,0,0,0,0.0,-2,170,True,True,False,"A:1,B:1,ESTOP:0,MODE:1",DRIVE_RUN,,,,,,,,,,,,,L,,,False,0,,,,-9999.0,-1.0,-1.0,False,36.967608715,127.87384154833333,122.02699999999999,2,0.00014884000000000002,36.967608715,127.87384154833333,4.0,0.08288407535552979,1.0,0.0,0.14136815071105957,0.0,0.16210738770626268,-58.258494622150415,0.0,0.0,0.0,0.48408108521080123,0.053779368656334633,-0.8546372118628054,0.17991253026798737,-0.0003665191429188092,0.0005061454830783556,0.006056292504420323,-8.325845849999999,0.65704555,5.26617105
1789051727.091293,18.866,0.0,-0.0,0,2,864,-0.09086860971479449,-1.3961319474622746,-56.99142076042327,0.0,67.0,107.0,1.0,-3.8873998007707633,7.652588733029443,61.0,5.173487593193029,16.176606728957765,-58.258494622150415,-0.07739160297942789,-0.28680918186865484,0.0,-10.098640653079954,1.0605878881108552,0.004241991155552178,1.0803298041237586,0.0,0.0,2.075735561444411,0.0,0.0,0.0,0.0,0.0,2.554631966382296,1.6015465514189229,,,0,0,0,0.0,-2,170,True,True,False,"A:1,B:1,ESTOP:0,MODE:1",DRIVE_RUN,,,,,,,,,,,,,L,,,False,0,,,,-9999.0,-1.0,-1.0,False,36.967608715,127.87384154833333,122.02699999999999,2,0.00014884000000000002,36.967608715,127.87384154833333,4.0,0.10800457210540772,1.0,0.0,0.19160914421081543,0.0,0.16210738770626268,-58.258494622150415,0.0,0.0,0.0,0.48415824470976543,0.05400675555352143,-0.8546002068959107,0.17981254352132317,0.005497787143782138,0.00932005820564972,-0.0020594885173533086,-8.502365549999999,0.5687857,5.20733115
1789051727.141275,18.916,0.0,-0.0,0,2,864,-0.09279567633027407,-1.394833219566743,-57.005703082298595,0.0,67.0,107.0,1.0,-3.886359839104386,7.652588733029443,61.0,5.173487593193029,16.178492664174335,-58.258494622150415,-0.07739160297942789,-0.21412797710348996,0.0,-10.098640653079954,1.0605878881108552,0.004241991155552178,1.0803298041237586,0.0,0.0,2.075735561444411,0.0,0.0,0.0,0.0,0.0,2.554631966382296,1.6015465514189229,,,0,0,0,0.0,-2,170,True,True,False,"A:1,B:1,ESTOP:0,MODE:1",DRIVE_RUN,,,,,,,,,,,,,L,,,False,0,,,,-9999.0,-1.0,-1.0,False,36.96760872666667,127.87384152666667,122.02099999999999,2,0.00014884000000000002,36.96760872666667,127.87384152666667,4.0,0.02739405841827393,1.0,0.0,0.03038811683654785,0.0,0.05228284740151985,-58.258494622150415,0.0,0.0,0.0,0.48404143553458345,0.05411857792719378,-0.8546596062104564,0.17981108342075444,0.0006457718232379018,0.0045553093477052,-0.0077492618788548235,-8.26700595,0.61781895,5.2367511
1789051727.191408,18.966,0.0,-0.0,0,2,864,-0.09279567633027407,-1.394833219566743,-57.01643198491418,0.0,67.0,107.0,1.0,-3.886359839104386,7.652588733029443,61.0,5.173487593193029,16.178492664174335,-58.258494622150415,-0.07739160297942789,-0.5601022679937645,0.0,-10.098640653079954,1.0605878881108552,0.004241991155552178,1.0803298041237586,0.0,0.0,2.075735561444411,0.0,0.0,0.0,0.0,0.0,2.554631966382296,1.6015465514189229,,,0,0,0,0.0,-2,170,True,True,False,"A:1,B:1,ESTOP:0,MODE:1",DRIVE_RUN,,,,,,,,,,,,,L,,,False,0,,,,-9999.0,-1.0,-1.0,False,36.96760872666667,127.87384152666667,122.02099999999999,2,0.00014884000000000002,36.96760872666667,127.87384152666667,4.0,0.05244600982666016,1.0,0.0,0.08049201965332031,0.0,0.05228284740151985,-58.258494622150415,0.0,0.0,0.0,0.4837501929399789,0.054646436868546255,-0.8548425772341476,0.17956526923596788,0.008988445647770798,0.0045553093477052,-0.005009094953223725,-8.306232549999999,0.6472389,5.16810455
1789051727.241337,19.016,0.0,-0.0,0,2,864,-0.09279567633027407,-1.394833219566743,-57.044349603700695,0.0,67.0,107.0,1.0,-3.886359839104386,7.652588733029443,61.0,5.173487593193029,16.178492664174335,-58.258494622150415,-0.07739160297942789,-0.012279321628258079,0.0,-10.098640653079954,1.0605878881108552,0.004241991155552178,1.0803298041237586,0.0,0.0,2.075735561444411,0.0,0.0,0.0,0.0,0.0,2.554631966382296,1.6015465514189229,,,0,0,0,0.0,-2,170,True,True,False,"A:1,B:1,ESTOP:0,MODE:1",DRIVE_RUN,,,,,,,,,,,,,L,,,False,0,,,,-9999.0,-1.0,-1.0,False,36.96760872666667,127.87384152666667,122.02099999999999,2,0.00014884000000000002,36.96760872666667,127.87384152666667,4.0,0.07738995761871338,1.0,0.0,0.13037991523742676,0.0,0.05228284740151985,-58.258494622150415,0.0,0.0,0.0,0.48368726678792806,0.05476313522745223,-0.8548736404103632,0.17955134613479365,0.0011693705988362008,0.004223696789826277,0.0007504915783575617,-8.44352565,0.5491724,5.2367511
1789051727.291279,19.066,0.0,-0.0,0,2,864,-0.09279567633027407,-1.394833219566743,-57.044967322403394,0.0,67.0,107.0,1.0,-3.886359839104386,7.652588733029443,61.0,5.173487593193029,16.178492664174335,-58.258494622150415,-0.07739160297942789,0.03910955954374578,0.0,-10.098640653079954,1.0605878881108552,0.004241991155552178,1.0803298041237586,0.0,0.0,2.075735561444411,0.0,0.0,0.0,0.0,0.0,2.554631966382296,1.6015465514189229,,,0,0,0,0.0,-2,170,True,True,False,"A:1,B:1,ESTOP:0,MODE:1",DRIVE_RUN,,,,,,,,,,,,,L,,,False,0,,,,-9999.0,-1.0,-1.0,False,36.967608696666666,127.873841535,122.018,2,0.00014884000000000002,36.967608696666666,127.873841535,4.0,0.0122,1.0,1.0,0.0,0.0,0.021580317337760977,-58.258494622150415,0.0,0.0,0.0,0.48375275900473697,0.054848109894353375,-0.8548328991501422,0.1795429406211354,0.003926990816987242,-0.002286381320112572,0.008831366015091307,-8.414105699999999,0.63743225,5.18771785
1789051727.341279,19.116,0.0,-0.0,0,2,864,-0.09205449705723352,-1.3981728045668596,-57.04301552944712,0.0,67.0,107.0,1.0,-3.8895762878329894,7.652588733029443,61.0,5.173487593193029,16.177855439340927,-58.258494622150415,-0.07739160297942789,-0.02051038406955053,0.0,-10.098640653079954,1.0605878881108552,0.004241991155552178,1.0803298041237586,0.0,0.0,2.075735561444411,0.0,0.0,0.0,0.0,0.0,2.554631966382296,1.6015465514189229,,,0,0,0,0.0,-2,170,True,True,False,"A:1,B:1,ESTOP:0,MODE:1",DRIVE_RUN,,,,,,,,,,,,,L,,,False,0,,,,-9999.0,-1.0,-1.0,False,36.967608696666666,127.873841535,122.018,2,0.00014884000000000002,36.967608696666666,127.873841535,4.0,0.036034466934204104,1.0,0.0,0.0476689338684082,0.0,0.021580317337760977,-58.258494622150415,0.0,0.0,0.0,0.4837089982641963,0.054976855975665054,-0.8548569280091132,0.17950705540479706,0.0009773843811168245,0.006387905062299246,-0.0002443460952792061,-8.325845849999999,0.63743225,5.2367511
1789051727.391362,19.166,0.0,-0.0,0,2,864,-0.09205449705723352,-1.3981728045668596,-57.04403801583747,0.0,67.0,107.0,1.0,-3.8895762878329894,7.652588733029443,61.0,5.173487593193029,16.177855439340927,-58.258494622150415,-0.07739160297942789,-0.18759098655174164,0.0,-10.098640653079954,1.0605878881108552,0.004241991155552178,1.0803298041237586,0.0,0.0,2.075735561444411,0.0,0.0,0.0,0.0,0.0,2.554631966382296,1.6015465514189229,,,0,0,0,0.0,-2,170,True,True,False,"A:1,B:1,ESTOP:0,MODE:1",DRIVE_RUN,,,,,,,,,,,,,L,,,False,0,,,,-9999.0,-1.0,-1.0,False,36.967608696666666,127.873841535,122.018,2,0.00014884000000000002,36.967608696666666,127.873841535,4.0,0.06104719848632813,1.0,0.0,0.09769439697265625,0.0,0.021580317337760977,-58.258494622150415,0.0,0.0,0.0,0.4836835999183626,0.054994657111848325,-0.8548619981437706,0.17954589103848556,0.005427973973702365,-0.0005410520681182421,0.0029321531433504737,-8.3748791,0.50013915,5.18771785
1789051727.441345,19.216,0.0,-0.0,0,2,864,-0.09205449705723352,-1.3981728045668596,-57.05342574092731,0.0,67.0,107.0,1.0,-3.8895762878329894,7.652588733029443,61.0,5.173487593193029,16.177855439340927,-58.258494622150415,-0.07739160297942789,0.4771177796704113,0.0,-10.098640653079954,1.0605878881108552,0.004241991155552178,1.0803298041237586,0.0,0.0,2.075735561444411,0.0,0.0,0.0,0.0,0.0,2.554631966382296,1.6015465514189229,,,0,0,0,0.0,-2,170,True,True,False,"A:1,B:1,ESTOP:0,MODE:1",DRIVE_RUN,,,,,,,,,,,,,L,,,False,0,,,,-9999.0,-1.0,-1.0,False,36.967608696666666,127.873841535,122.018,2,0.00014884000000000002,36.967608696666666,127.873841535,4.0,0.08603406162261963,1.0,0.0,0.14766812324523926,0.0,0.021580317337760977,-58.258494622150415,0.0,0.0,0.0,0.4836991942119592,0.055066299913429304,-0.8548434870621114,0.17957005529885858,-0.009145525280450288,-0.009564404300928926,0.0017278759594743863,-8.414105699999999,0.6276256,5.22694445
1789051727.491275,19.266,0.0,-0.0,0,2,864,-0.09205449705723352,-1.3981728045668596,-57.02964006075402,0.0,67.0,107.0,1.0,-3.8895762878329894,7.652588733029443,61.0,5.173487593193029,16.177855439340927,-58.258494622150415,-0.07739160297942789,-0.3765063100997793,0.0,-10.098640653079954,1.0605878881108552,0.004241991155552178,1.0803298041237586,0.0,0.0,2.075735561444411,0.0,0.0,0.0,0.0,0.0,2.554631966382296,1.6015465514189229,,,0,0,0,0.0,-2,170,True,True,False,"A:1,B:1,ESTOP:0,MODE:1",DRIVE_RUN,,,,,,,,,,,,,L,,,False,0,,,,-9999.0,-1.0,-1.0,False,36.96760871666667,127.87384151666667,122.023,2,0.00014884000000000002,36.96760871666667,127.87384151666667,4.0,0.0122,1.0,1.0,0.0,0.0,0.013412691522480345,-58.258494622150415,0.0,0.0,0.0,0.48363635026233265,0.05523372063303976,-0.8548791200905727,0.17951826325789186,0.007661995416255106,0.0024260076602721182,-0.00034906585039886593,-8.394492399999999,0.53936575,5.1386845999999995
1789051727.541337,19.316,0.0,-0.0,0,2,864,-0.09368509120513568,-1.3959464145667817,-57.04849587877962,0.0,67.0,107.0,1.0,-3.88757822692421,7.652588733029443,61.0,5.173487593193029,16.179416107253918,-58.258494622150415,-0.07739160297942789,0.035832598381812575,0.0,-10.098640653079954,1.0605878881108552,0.004241991155552178,1.0803298041237586,0.0,0.0,2.075735561444411,0.0,0.0,0.0,0.0,0.0,2.554631966382296,1.6015465514189229,,,0,0,0,0.0,-2,170,True,True,False,"A:1,B:1,ESTOP:0,MODE:1",DRIVE_RUN,,,,,,,,,,,,,L,,,False,0,,,,-9999.0,-1.0,-1.0,False,36.96760871666667,127.87384151666667,122.023,2,0.00014884000000000002,36.96760871666667,127.87384151666667,4.0,0.03617525310516358,1.0,0.0,0.04795050621032715,0.0,0.013412691522480345,-58.258494622150415,0.0,0.0,0.0,0.48363429189567364,0.05533134890731804,-0.8548769304256598,0.17950417086148265,0.00017453292519943296,0.001413716694115407,0.0010995574287564276,-8.3356525,0.61781895,5.26617105
1789051727.591274,19.366,0.0,-0.0,0,2,864,-0.09368509120513568,-1.3959464145667817,-57.04670331082187,0.0,67.0,107.0,1.0,-3.88757822692421,7.652588733029443,61.0,5.173487593193029,16.179416107253918,-58.258494622150415,-0.07739160297942789,-0.2051309474391383,0.0,-10.098640653079954,1.0605878881108552,0.004241991155552178,1.0803298041237586,0.0,0.0,2.075735561444411,0.0,0.0,0.0,0.0,0.0,2.554631966382296,1.6015465514189229,,,0,0,0,0.0,-2,170,True,True,False,"A:1,B:1,ESTOP:0,MODE:1",DRIVE_RUN,,,,,,,,,,,,,L,,,False,0,,,,-9999.0,-1.0,-1.0,False,36.96760871666667,127.87384151666667,122.023,2,0.00014884000000000002,36.96760871666667,127.87384151666667,4.0,0.0612032434463501,1.0,0.0,0.0980064868927002,0.0,0.013412691522480345,-58.258494622150415,0.0,0.0,0.0,0.4836158240164137,0.05554287763716853,-0.8548855704874463,0.17944744321684047,0.0031764992386296795,0.0025830872929516074,-0.0024260076602721182,-8.433719,0.5197524499999999,5.3152043
1789051727.641322,19.416,0.0,-0.0,0,2,864,-0.09368509120513568,-1.3959464145667817,-57.05698122078411,0.0,67.0,107.0,1.0,-3.88757822692421,7.652588733029443,61.0,5.173487593193029,16.179416107253918,-58.258494622150415,-0.07739160297942789,-0.5070440639725597,0.0,-10.098640653079954,1.0605878881108552,0.004241991155552178,1.0803298041237586,0.0,0.0,2.075735561444411,0.0,0.0,0.0,0.0,0.0,2.554631966382296,1.6015465514189229,,,0,0,0,0.0,-2,170,True,True,False,"A:1,B:1,ESTOP:0,MODE:1",DRIVE_RUN,,,,,,,,,,,,,L,,,False,0,,,,-9999.0,-1.0,-1.0,False,36.96760871666667,127.87384151666667,122.023,2,0.00014884000000000002,36.96760871666667,127.87384151666667,4.0,0.08617711277008057,1.0,0.0,0.14795422554016113,0.0,0.013412691522480345,-58.258494622150415,0.0,0.0,0.0,0.48360724892685036,0.0556092512274101,-0.854885203749169,0.17945174385910015,0.007766715171374766,0.002897246558310587,-0.005131268000863329,-8.3356525,0.6962721499999999,5.3544309
1789051727.691309,19.466,0.0,-0.0,0,2,864,-0.09368509120513568,-1.3959464145667817,-57.08223378749537,0.0,67.0,107.0,1.0,-3.88757822692421,7.652588733029443,61.0,5.173487593193029,16.179416107253918,-58.258494622150415,-0.07739160297942789,0.14558293267778308,0.0,-10.098640653079954,1.0605878881108552,0.004241991155552178,1.0803298041237586,0.0,0.0,2.075735561444411,0.0,0.0,0.0,0.0,0.0,2.554631966382296,1.6015465514189229,,,0,0,0,0.0,-2,170,True,True,False,"A:1,B:1,ESTOP:0,MODE:1",DRIVE_RUN,,,,,,,,,,,,,L,,,False,0,,,,-9999.0,-1.0,-1.0,False,36.96760872,127.87384152333334,122.02099999999999,2,0.00014884000000000002,36.96760872,127.87384152333334,4.0,0.0122,1.0,1.0,0.0,0.0,0.025367850837088708,-58.258494622150415,0.0,0.0,0.0,0.48353021176789557,0.055747535984341026,-0.8549249017517045,0.17942730813398167,0.0003316125578789226,-0.002548180707911721,0.00603883921190038,-8.2964259,0.67665885,5.18771785
1789051727.741270,19.516,0.0,-0.0,0,2,864,-0.09309214753391616,-1.3955753495667689,-57.07495273877123,0.0,67.0,107.0,1.0,-3.8871339484920475,7.652588733029443,61.0,5.173487593193029,16.178811954903683,-58.258494622150415,-0.07739160297942789,-0.10977693691249857,0.0,-10.098640653079954,1.0605878881108552,0.004241991155552178,1.0803298041237586,0.0,0.0,2.075735561444411,0.0,0.0,0.0,0.0,0.0,2.554631966382296,1.6015465514189229,,,0,0,0,0.0,-2,170,True,True,False,"A:1,B:1,ESTOP:0,MODE:1",DRIVE_RUN,,,,,,,,,,,,,L,,,False,0,,,,-9999.0,-1.0,-1.0,False,36.96760872,127.87384152333334,122.02099999999999,2,0.00014884000000000002,36.96760872,127.87384152333334,4.0,0.03755665035247803,1.0,0.0,0.050713300704956055,0.0,0.025367850837088708,-58.258494622150415,0.0,0.0,0.0,0.48360036987198435,0.05579454772117648,-0.854876067465676,0.1794562898833304,0.002478367537831948,-0.003351032163829113,0.0006806784082777885,-8.44352565,0.5491724,5.26617105
1789051727.791272,19.566,0.0,-0.0,0,2,864,-0.09309214753391616,-1.3955753495667689,-57.08042969790324,0.0,67.0,107.0,1.0,-3.8871339484920475,7.652588733029443,61.0,5.173487593193029,16.178811954903683,-58.258494622150415,-0.07739160297942789,0.08862751388546095,0.0,-10.098640653079954,1.0605878881108552,0.004241991155552178,1.0803298041237586,0.0,0.0,2.075735561444411,0.0,0.0,0.0,0.0,0.0,2.554631966382296,1.6015465514189229,,,0,0,0,0.0,-2,170,True,True,False,"A:1,B:1,ESTOP:0,MODE:1",DRIVE_RUN,,,,,,,,,,,,,L,,,False,0,,,,-9999.0,-1.0,-1.0,False,36.96760872,127.87384152333334,122.02099999999999,2,0.00014884000000000002,36.96760872,127.87384152333334,4.0,0.06256842823028565,1.0,0.0,0.10073685646057129,0.0,0.025367850837088708,-58.258494622150415,0.0,0.0,0.0,0.4835423846103455,0.056010144145759354,-0.8549032469975548,0.17941589759870677,0.0034557519189487725,0.00047123889803846896,0.00932005820564972,-8.404299049999999,0.50013915,5.18771785
1789051727.841269,19.616,0.0,-0.0,0,2,864,-0.09309214753391616,-1.3955753495667689,-57.07599433278078,0.0,67.0,107.0,1.0,-3.8871339484920475,7.652588733029443,61.0,5.173487593193029,16.178811954903683,-58.258494622150415,-0.07739160297942789,0.25764602269065895,0.0,-10.098640653079954,1.0605878881108552,0.004241991155552178,1.0803298041237586,0.0,0.0,2.075735561444411,0.0,0.0,0.0,0.0,0.0,2.554631966382296,1.6015465514189229,,,0,0,0,0.0,-2,170,True,True,False,"A:1,B:1,ESTOP:0,MODE:1",DRIVE_RUN,,,,,,,,,,,,,L,,,False,0,,,,-9999.0,-1.0,-1.0,False,36.96760872,127.87384152333334,122.02099999999999,2,0.00014884000000000002,36.96760872,127.87384152333334,4.0,0.087547900390625,1.0,0.0,0.15069580078125,0.0,0.025367850837088708,-58.258494622150415,0.0,0.0,0.0,0.4834841126780841,0.05608395340241214,-0.8549303172266012,0.17942088965743347,0.00034906585039886593,0.00486946861306418,0.009128071987930343,-8.3356525,0.6864655000000001,5.32501095
1789051727.891248,19.666,0.0,-0.0,0,2,864,-0.09309214753391616,-1.3955753495667689,-57.063066096087994,0.0,67.0,107.0,1.0,-3.8871339484920475,7.652588733029443,61.0,5.173487593193029,16.178811954903683,-58.258494622150415,-0.07739160297942789,0.24608769543383097,0.0,-10.098640653079954,1.0605878881108552,0.004241991155552178,1.0803298041237586,0.0,0.0,2.075735561444411,0.0,0.0,0.0,0.0,0.0,2.554631966382296,1.6015465514189229,,,0,0,0,0.0,-2,170,True,True,False,"A:1,B:1,ESTOP:0,MODE:1",DRIVE_RUN,,,,,,,,,,,,,L,,,False,0,,,,-9999.0,-1.0,-1.0,False,36.967608711666664,127.873841525,122.01499999999999,2,0.00014884000000000002,36.967608711666664,127.873841525,4.0,0.0122,1.0,1.0,0.0,0.0,0.0082464482756932,-58.258494622150415,0.0,0.0,0.0,0.4834869186409157,0.05611889397210405,-0.854916486331569,0.17946829982184767,0.0029845130209103037,-0.002949606435870417,0.014852751934471744,-8.433719,0.5982056499999999,5.2563644
1789051727.941255,19.716,0.0,-0.0,0,2,864,-0.09294391193209511,-1.3965030124622875,-57.050754799768995,0.0,67.0,107.0,1.0,-3.8880348247805134,7.652588733029443,61.0,5.173487593193029,16.17869254004154,-58.258494622150415,-0.07739160297942789,-0.06417869413527535,0.0,-10.098640653079954,1.0605878881108552,0.004241991155552178,1.0803298041237586,0.0,0.0,2.075735561444411,0.0,0.0,0.0,0.0,0.0,2.554631966382296,1.6015465514189229,,,0,0,0,0.0,-2,170,True,True,False,"A:1,B:1,ESTOP:0,MODE:1",DRIVE_RUN,,,,,,,,,,,,,L,,,False,0,,,,-9999.0,-1.0,-1.0,False,36.967608711666664,127.873841525,122.01499999999999,2,0.00014884000000000002,36.967608711666664,127.873841525,4.0,0.033866407585144045,1.0,0.0,0.043332815170288086,0.0,0.0082464482756932,-58.258494622150415,0.0,0.0,0.0,0.4834941961526436,0.05615630682425669,-0.8549077115872821,0.17947879027663818,-0.0016057029118347831,0.0010471975511965976,-0.005916666164260778,-8.3552658,0.55897905,5.3152043
1789051727.991325,19.766,0.0,-0.0,0,2,864,-0.09294391193209511,-1.3965030124622875,-57.0539468998831,0.0,67.0,107.0,1.0,-3.8880348247805134,7.652588733029443,61.0,5.173487593193029,16.17869254004154,-58.258494622150415,-0.07739160297942789,-0.31543243122425135,0.0,-10.098640653079954,1.0605878881108552,0.004241991155552178,1.0803298041237586,0.0,0.0,2.075735561444411,0.0,0.0,0.0,0.0,0.0,2.554631966382296,1.6015465514189229,,,0,0,0,0.0,-2,170,True,True,False,"A:1,B:1,ESTOP:0,MODE:1",DRIVE_RUN,,,,,,,,,,,,,L,,,False,0,,,,-9999.0,-1.0,-1.0,False,36.967608711666664,127.873841525,122.01499999999999,2,0.00014884000000000002,36.967608711666664,127.873841525,4.0,0.05889308662414551,1.0,0.0,0.09338617324829102,0.0,0.0082464482756932,-58.258494622150415,0.0,0.0,0.0,0.4834258493655815,0.05626871865002017,-0.8549386719126144,0.1794802126557304,0.008080874436733746,0.00968657734856853,0.0015707963267948964,-8.36507245,0.50013915,5.2367511
1789051728.041253,19.816,0.0,-0.0,0,2,864,-0.09294391193209511,-1.3965030124622875,-57.069765584703305,0.0,67.0,107.0,1.0,-3.8880348247805134,7.652588733029443,61.0,5.173487593193029,16.17869254004154,-58.258494622150415,-0.07739160297942789,-0.21131035105967355,0.0,-10.098640653079954,1.0605878881108552,0.004241991155552178,1.0803298041237586,0.0,0.0,2.075735561444411,0.0,0.0,0.0,0.0,0.0,2.554631966382296,1.6015465514189229,,,0,0,0,0.0,-2,170,True,True,False,"A:1,B:1,ESTOP:0,MODE:1",DRIVE_RUN,,,,,,,,,,,,,L,,,False,0,,,,-9999.0,-1.0,-1.0,False,36.967608711666664,127.873841525,122.01499999999999,2,0.00014884000000000002,36.967608711666664,127.873841525,4.0,0.08386194915771485,1.0,0.0,0.1433238983154297,0.0,0.0082464482756932,-58.258494622150415,0.0,0.0,0.0,0.4834096453341617,0.05642309144106923,-0.8549402721493539,0.17946777038599868,0.005672320068981571,0.008325220532012952,0.001117010721276371,-8.28661925,0.6080123,5.22694445
1789051728.091339,19.866,0.0,-0.0,0,2,864,-0.09294391193209511,-1.3965030124622875,-57.08035769298584,0.0,67.0,107.0,1.0,-3.8880348247805134,7.652588733029443,61.0,5.173487593193029,16.17869254004154,-58.258494622150415,-0.07739160297942789,-0.17573412552832818,0.0,-10.098640653079954,1.0605878881108552,0.004241991155552178,1.0803298041237586,0.0,0.0,2.075735561444411,0.0,0.0,0.0,0.0,0.0,2.554631966382296,1.6015465514189229,,,0,0,0,0.0,-2,170,True,True,False,"A:1,B:1,ESTOP:0,MODE:1",DRIVE_RUN,,,,,,,,,,,,,L,,,False,0,,,,-9999.0,-1.0,-1.0,False,36.967608711666664,127.873841525,122.01499999999999,2,0.00014884000000000002,36.967608711666664,127.873841525,4.0,0.10886085243225098,1.0,0.0,0.19332170486450195,0.0,0.0082464482756932,-58.258494622150415,0.0,0.0,0.0,0.48337120595211774,0.05647466111149138,-0.8549624443969639,0.179449459680173,0.0075223690760955605,0.0077492618788548235,0.005986479334340551,-8.38468575,0.6080123,5.14849125
1789051728.141258,19.916,0.0,-0.0,0,2,864,-0.09205449705723352,-1.3970596095668206,-57.089165507615974,0.0,67.0,107.0,1.0,-3.88847234732719,7.652588733029443,61.0,5.173487593193029,16.177820829449313,-58.258494622150415,-0.07739160297942789,-0.020560353934805778,0.0,-10.098640653079954,1.0605878881108552,0.004241991155552178,1.0803298041237586,0.0,0.0,2.075735561444411,0.0,0.0,0.0,0.0,0.0,2.554631966382296,1.6015465514189229,,,0,0,0,0.0,-2,170,True,True,False,"A:1,B:1,ESTOP:0,MODE:1",DRIVE_RUN,,,,,,,,,,,,,L,,,False,0,,,,-9999.0,-1.0,-1.0,False,36.96760870666667,127.873841535,122.017,2,0.00014884000000000002,36.96760870666667,127.873841535,4.0,0.028254511070251467,1.0,0.0,0.03210902214050293,0.0,0.015564458007861206,-58.258494622150415,0.0,0.0,0.0,0.4833773925974957,0.05655055386300805,-0.8549498748226452,0.179468779246355,0.002478367537831948,0.0017278759594743863,0.0032114058236695662,-8.38468575,0.61781895,5.30539765
1789051728.191287,19.966,0.0,-0.0,0,2,864,-0.09205449705723352,-1.3970596095668206,-57.09019112236683,0.0,67.0,107.0,1.0,-3.88847234732719,7.652588733029443,61.0,5.173487593193029,16.177820829449313,-58.258494622150415,-0.07739160297942789,-0.09546615976642922,0.0,-10.098640653079954,1.0605878881108552,0.004241991155552178,1.0803298041237586,0.0,0.0,2.075735561444411,0.0,0.0,0.0,0.0,0.0,2.554631966382296,1.6015465514189229,,,0,0,0,0.0,-2,170,True,True,False,"A:1,B:1,ESTOP:0,MODE:1",DRIVE_RUN,,,,,,,,,,,,,L,,,False,0,,,,-9999.0,-1.0,-1.0,False,36.96760870666667,127.873841535,122.017,2,0.00014884000000000002,36.96760870666667,127.873841535,4.0,0.05310964794158936,1.0,0.0,0.08181929588317871,0.0,0.015564458007861206,-58.258494622150415,0.0,0.0,0.0,0.48328598162820813,0.056800649039610906,-0.8549961662126434,0.17941544524376968,-0.0004886921905584122,0.005044001538263612,-0.005654866776461628,-8.404299049999999,0.5197524499999999,5.2759777
1789051728.241303,20.016,0.0,-0.0,0,2,864,-0.09205449705723352,-1.3970596095668206,-57.094939297762565,0.0,67.0,107.0,1.0,-3.88847234732719,7.652588733029443,61.0,5.173487593193029,16.177820829449313,-58.258494622150415,-0.07739160297942789,-0.08376876744399016,0.0,-10.098640653079954,1.0605878881108552,0.004241991155552178,1.0803298041237586,0.0,0.0,2.075735561444411,0.0,0.0,0.0,0.0,0.0,2.554631966382296,1.6015465514189229,,,0,0,0,0.0,-2,170,True,True,False,"A:1,B:1,ESTOP:0,MODE:1",DRIVE_RUN,,,,,,,,,,,,,L,,,False,0,,,,-9999.0,-1.0,-1.0,False,36.96760870666667,127.873841535,122.017,2,0.00014884000000000002,36.96760870666667,127.873841535,4.0,0.0781257173538208,1.0,0.0,0.1318514347076416,0.0,0.015564458007861206,-58.258494622150415,0.0,0.0,0.0,0.4832393494466794,0.05686372682698328,-0.8550149107566019,0.17943174217951607,0.00773180858633488,0.005881759579220891,0.01007054978400728,-8.394492399999999,0.5883989999999999,5.38385085
1789051728.291256,20.066,0.0,-0.0,0,2,865,-0.09205449705723352,-1.3970596095668206,-57.099125515244964,0.0,67.0,107.0,1.0,-3.88847234732719,7.652588733029443,61.0,5.173487593193029,16.177820829449313,-58.258494622150415,-0.07739160297942789,-0.2953780860414029,0.0,-10.098640653079954,1.0605878881108552,0.004241991155552178,1.0803298041237586,0.0,0.0,2.075735561444411,0.0,0.0,0.0,0.0,0.0,2.554631966382296,1.6015465514189229,,,0,0,0,0.0,-2,170,True,True,False,"A:1,B:1,ESTOP:0,MODE:1",DRIVE_RUN,,,,,,,,,,,,,L,,,False,0,,,,-9999.0,-1.0,-1.0,False,36.967608698333336,127.873841545,122.01499999999999,2,0.00014884000000000002,36.967608698333336,127.873841545,4.0,0.0122,1.0,1.0,0.0,0.0,0.02095609033821907,-58.258494622150415,0.0,0.0,0.0,0.48313186044104434,0.057011443932054255,-0.8550611771093773,0.17945384946521398,0.00710349005561692,0.0016580627893946131,0.0016406094968746698,-8.36507245,0.55897905,5.1779112
1789051728.341287,20.116,0.0,-0.0,0,2,864,-0.09116508091843657,-1.3979872716713668,-57.113964617815014,0.0,67.0,107.0,1.0,-3.889277849879827,7.652588733029443,61.0,5.173487593193029,16.176960680188017,-58.258494622150415,-0.07739160297942789,-0.1398229385716547,0.0,-10.098640653079954,1.0605878881108552,0.004241991155552178,1.0803298041237586,0.0,0.0,2.075735561444411,0.0,0.0,0.0,0.0,0.0,2.554631966382296,1.6015465514189229,,,0,0,0,0.0,-2,170,True,True,False,"A:1,B:1,ESTOP:0,MODE:1",DRIVE_RUN,,,,,,,,,,,,,L,,,False,0,,,,-9999.0,-1.0,-1.0,False,36.967608698333336,127.873841545,122.01499999999999,2,0.00014884000000000002,36.967608698333336,127.873841545,4.0,0.03486979217529297,1.0,0.0,0.04533958435058594,0.0,0.02095609033821907,-58.258494622150415,0.0,0.0,0.0,0.4831477048649787,0.05702287544009861,-0.8550438072757269,0.17949031895808695,0.006667157742618339,-0.0010821041362364843,0.007016223593017205,-8.325845849999999,0.61781895,5.295591
1789051728.391287,20.166,0.0,-0.0,0,2,864,-0.09116508091843657,-1.3979872716713668,-57.12092785552096,0.0,67.0,107.0,1.0,-3.889277849879827,7.652588733029443,61.0,5.173487593193029,16.176960680188017,-58.258494622150415,-0.07739160297942789,-0.1137058618635007,0.0,-10.098640653079954,1.0605878881108552,0.004241991155552178,1.0803298041237586,0.0,0.0,2.075735561444411,0.0,0.0,0.0,0.0,0.0,2.554631966382296,1.6015465514189229,,,0,0,0,0.0,-2,170,True,True,False,"A:1,B:1,ESTOP:0,MODE:1",DRIVE_RUN,,,,,,,,,,,,,L,,,False,0,,,,-9999.0,-1.0,-1.0,False,36.967608698333336,127.873841545,122.01499999999999,2,0.00014884000000000002,36.967608698333336,127.873841545,4.0,0.05986643047332764,1.0,0.0,0.09533286094665527,0.0,0.02095609033821907,-58.258494622150415,0.0,0.0,0.0,0.48315448097472957,0.05709973041408758,-0.8550285448335081,0.1795203493216622,0.0072954762733362976,0.003926990816987242,0.008395033702092726,-8.316039199999999,0.55897905,5.2563644
1789051728.441291,20.216,0.0,-0.0,0,2,864,-0.09116508091843657,-1.3979872716713668,-57.126634153124485,0.0,67.0,107.0,1.0,-3.889277849879827,7.652588733029443,61.0,5.173487593193029,16.176960680188017,-58.258494622150415,-0.07739160297942789,-0.03812419077238408,0.0,-10.098640653079954,1.0605878881108552,0.004241991155552178,1.0803298041237586,0.0,0.0,2.075735561444411,0.0,0.0,0.0,0.0,0.0,2.554631966382296,1.6015465514189229,,,0,0,0,0.0,-2,170,True,True,False,"A:1,B:1,ESTOP:0,MODE:1",DRIVE_RUN,,,,,,,,,,,,,L,,,False,0,,,,-9999.0,-1.0,-1.0,False,36.967608698333336,127.873841545,122.01499999999999,2,0.00014884000000000002,36.967608698333336,127.873841545,4.0,0.08486771793365479,1.0,0.0,0.14533543586730957,0.0,0.02095609033821907,-58.258494622150415,0.0,0.0,0.0,0.48311911610809904,0.05720173813597961,-0.8550460885442807,0.1794994910028382,0.006544984694978736,0.0062482787221397,0.009442231253289324,-8.2768126,0.53936575,5.2759777
1789051728.491296,20.266,0.0,-0.0,0,2,864,-0.09116508091843657,-1.3979872716713668,-57.12853634327939,0.0,67.0,107.0,1.0,-3.889277849879827,7.652588733029443,61.0,5.173487593193029,16.176960680188017,-58.258494622150415,-0.07739160297942789,0.028327536139164354,0.0,-10.098640653079954,1.0605878881108552,0.004241991155552178,1.0803298041237586,0.0,0.0,2.075735561444411,0.0,0.0,0.0,0.0,0.0,2.554631966382296,1.6015465514189229,,,0,0,0,0.0,-2,170,True,True,False,"A:1,B:1,ESTOP:0,MODE:1",DRIVE_RUN,,,,,,,,,,,,,L,,,False,0,,,,-9999.0,-1.0,-1.0,False,36.967608698333336,127.87384156333333,122.013,2,0.00014884000000000002,36.967608698333336,127.87384156333333,4.0,0.0122,1.0,1.0,0.0,0.0,0.02560881760212711,-58.258494622150415,0.0,0.0,0.0,0.4831419574214053,0.057265049795134276,-0.8550318046660527,0.17948586590728188,0.0026005405854715507,-0.002373647782712288,0.005829399701661061,-8.46313895,0.6276256,5.16810455
1789051728.541321,20.316,0.0,-0.0,0,2,864,-0.08953448677053444,-1.3979872716713668,-57.127117536451266,0.0,67.0,107.0,1.0,-3.889068029777008,7.652588733029443,61.0,5.173487593193029,16.175330875646143,-58.258494622150415,-0.07739160297942789,-0.1270706235133067,0.0,-10.098640653079954,1.0605878881108552,0.004241991155552178,1.0803298041237586,0.0,0.0,2.075735561444411,0.0,0.0,0.0,0.0,0.0,2.554631966382296,1.6015465514189229,,,0,0,0,0.0,-2,170,True,True,False,"A:1,B:1,ESTOP:0,MODE:1",DRIVE_RUN,,,,,,,,,,,,,L,,,False,0,,,,-9999.0,-1.0,-1.0,False,36.967608698333336,127.87384156333333,122.013,2,0.00014884000000000002,36.967608698333336,127.87384156333333,4.0,0.03938472480773926,1.0,0.0,0.054369449615478516,0.0,0.02560881760212711,-58.258494622150415,0.0,0.0,0.0,0.483122261604905,0.0572977259966745,-0.8550282410056445,0.17954542049343755,0.0038048177693476384,0.0033161255787892262,0.0014311699866353504,-8.36507245,0.67665885,5.32501095
1789051728.591348,20.366,0.0,-0.0,0,2,864,-0.08953448677053444,-1.3979872716713668,-57.13346948617587,0.0,67.0,107.0,1.0,-3.889068029777008,7.652588733029443,61.0,5.173487593193029,16.175330875646143,-58.258494622150415,-0.07739160297942789,-0.0004009021458131704,0.0,-10.098640653079954,1.0605878881108552,0.004241991155552178,1.0803298041237586,0.0,0.0,2.075735561444411,0.0,0.0,0.0,0.0,0.0,2.554631966382296,1.6015465514189229,,,0,0,0,0.0,-2,170,True,True,False,"A:1,B:1,ESTOP:0,MODE:1",DRIVE_RUN,,,,,,,,,,,,,L,,,False,0,,,,-9999.0,-1.0,-1.0,False,36.967608698333336,127.87384156333333,122.013,2,0.00014884000000000002,36.967608698333336,127.87384156333333,4.0,0.06438338966369629,1.0,0.0,0.10436677932739258,0.0,0.02560881760212711,-58.258494622150415,0.0,0.0,0.0,0.48300366665413474,0.05741170332969825,-0.8550932877341446,0.17951830990585857,0.004171336912266448,0.001186823891356144,0.007155849933176751,-8.44352565,0.5883989999999999,5.1582979
1789051728.641296,20.416,0.0,-0.0,0,2,864,-0.08953448677053444,-1.3979872716713668,-57.133489531168465,0.0,67.0,107.0,1.0,-3.889068029777008,7.652588733029443,61.0,5.173487593193029,16.175330875646143,-58.258494622150415,-0.07739160297942789,0.02696148936939579,0.0,-10.098640653079954,1.0605878881108552,0.004241991155552178,1.0803298041237586,0.0,0.0,2.075735561444411,0.0,0.0,0.0,0.0,0.0,2.554631966382296,1.6015465514189229,,,0,0,0,0.0,-2,170,True,True,False,"A:1,B:1,ESTOP:0,MODE:1",DRIVE_RUN,,,,,,,,,,,,,L,,,False,0,,,,-9999.0,-1.0,-1.0,False,36.967608698333336,127.87384156333333,122.013,2,0.00014884000000000002,36.967608698333336,127.87384156333333,4.0,0.0893702527999878,1.0,0.0,0.15434050559997559,0.0,0.02560881760212711,-58.258494622150415,0.0,0.0,0.0,0.48308306389023586,0.057473802353213185,-0.8550459931573745,0.17951006938610786,0.0020594885173533086,0.006387905062299246,0.003420845333908886,-8.325845849999999,0.6276256,5.26617105
1789051728.691276,20.466,0.0,-0.0,0,2,864,-0.08953448677053444,-1.3979872716713668,-57.13214586124781,0.0,67.0,107.0,1.0,-3.889068029777008,7.652588733029443,61.0,5.173487593193029,16.175330875646143,-58.258494622150415,-0.07739160297942789,-0.162092762304771,0.0,-10.098640653079954,1.0605878881108552,0.004241991155552178,1.0803298041237586,0.0,0.0,2.075735561444411,0.0,0.0,0.0,0.0,0.0,2.554631966382296,1.6015465514189229,,,0,0,0,0.0,-2,170,True,True,False,"A:1,B:1,ESTOP:0,MODE:1",DRIVE_RUN,,,,,,,,,,,,,L,,,False,0,,,,-9999.0,-1.0,-1.0,False,36.96760871,127.87384153666666,122.018,2,0.00014884000000000002,36.96760871,127.87384153666666,4.0,0.0122,1.0,1.0,0.0,0.0,0.013648480717732605,-58.258494622150415,0.0,0.0,0.0,0.48306995245607587,0.05756776462979343,-0.8550397133792003,0.1795451532457179,0.00445058959258554,0.0010471975511965976,0.0016755160819145565,-8.46313895,0.6864655000000001,5.12887795
1789051728.741283,20.516,0.0,-0.0,0,2,864,-0.09190626145541249,-1.3966885445668076,-57.140295011740704,0.0,67.0,107.0,1.0,-3.88808529263336,7.652588733029443,61.0,5.173487593193029,16.17766114562068,-58.258494622150415,-0.07739160297942789,-0.25492625009495723,0.0,-10.098640653079954,1.0605878881108552,0.004241991155552178,1.0803298041237586,0.0,0.0,2.075735561444411,0.0,0.0,0.0,0.0,0.0,2.554631966382296,1.6015465514189229,,,0,0,0,0.0,-2,170,True,True,False,"A:1,B:1,ESTOP:0,MODE:1",DRIVE_RUN,,,,,,,,,,,,,L,,,False,0,,,,-9999.0,-1.0,-1.0,False,36.96760871,127.87384153666666,122.018,2,0.00014884000000000002,36.96760871,127.87384153666666,4.0,0.03767383308410645,1.0,0.0,0.05094766616821289,0.0,0.013648480717732605,-58.258494622150415,0.0,0.0,0.0,0.48290736000020107,0.05772905851973767,-0.855127001756888,0.17951503649091916,0.007382742735936014,0.010925761117484502,0.0021991148575128553,-8.2964259,0.6080123,5.1975245
1789051728.791285,20.566,0.0,-0.0,0,2,864,-0.09190626145541249,-1.3966885445668076,-57.15303207365817,0.0,67.0,107.0,1.0,-3.88808529263336,7.652588733029443,61.0,5.173487593193029,16.17766114562068,-58.258494622150415,-0.07739160297942789,-0.1865553234098063,0.0,-10.098640653079954,1.0605878881108552,0.004241991155552178,1.0803298041237586,0.0,0.0,2.075735561444411,0.0,0.0,0.0,0.0,0.0,2.554631966382296,1.6015465514189229,,,0,0,0,0.0,-2,170,True,True,False,"A:1,B:1,ESTOP:0,MODE:1",DRIVE_RUN,,,,,,,,,,,,,L,,,False,0,,,,-9999.0,-1.0,-1.0,False,36.96760871,127.87384153666666,122.018,2,0.00014884000000000002,36.96760871,127.87384153666666,4.0,0.06264949054718018,1.0,0.0,0.10089898109436035,0.0,0.013648480717732605,-58.258494622150415,0.0,0.0,0.0,0.48293818717412207,0.057765403694932854,-0.8551067876694243,0.1795167044779184,0.007504915783575617,0.008185594191853406,0.005375614096142535,-8.34545915,0.6276256,5.18771785
1789051728.841291,20.616,0.0,-0.0,0,2,864,-0.09190626145541249,-1.3966885445668076,-57.162329140936976,0.0,67.0,107.0,1.0,-3.88808529263336,7.652588733029443,61.0,5.173487593193029,16.17766114562068,-58.258494622150415,-0.07739160297942789,-0.5093933970425721,0.0,-10.098640653079954,1.0605878881108552,0.004241991155552178,1.0803298041237586,0.0,0.0,2.075735561444411,0.0,0.0,0.0,0.0,0.0,2.554631966382296,1.6015465514189229,,,0,0,0,0.0,-2,170,True,True,False,"A:1,B:1,ESTOP:0,MODE:1",DRIVE_RUN,,,,,,,,,,,,,L,,,False,0,,,,-9999.0,-1.0,-1.0,False,36.96760871,127.87384153666666,122.018,2,0.00014884000000000002,36.96760871,127.87384153666666,4.0,0.08765983791351319,1.0,0.0,0.15091967582702637,0.0,0.013648480717732605,-58.258494622150415,0.0,0.0,0.0,0.4829177141432933,0.057852050983403104,-0.8551086204802085,0.17953514626408085,0.01265363707695889,0.011641346110802179,0.0024609142453120045,-8.3552658,0.5982056499999999,5.295591
1789051728.891287,20.666,0.0,-0.0,0,2,864,-0.09190626145541249,-1.3966885445668076,-57.18779611462463,0.0,67.0,107.0,1.0,-3.88808529263336,7.652588733029443,61.0,5.173487593193029,16.17766114562068,-58.258494622150415,-0.07739160297942789,-0.7486533005385029,0.0,-10.098640653079954,1.0605878881108552,0.004241991155552178,1.0803298041237586,0.0,0.0,2.075735561444411,0.0,0.0,0.0,0.0,0.0,2.554631966382296,1.6015465514189229,,,0,0,0,0.0,-2,170,True,True,False,"A:1,B:1,ESTOP:0,MODE:1",DRIVE_RUN,,,,,,,,,,,,,L,,,False,0,,,,-9999.0,-1.0,-1.0,False,36.9676087,127.87384155,122.01400000000001,2,0.00014884000000000002,36.9676087,127.87384155,4.0,0.0122,1.0,1.0,0.0,0.0,0.010611216668411493,-58.258494622150415,0.0,0.0,0.0,0.4829296003720568,0.05792715494505511,-0.8550998325461246,0.1795208126765439,0.015271630954950384,0.0005585053606381855,0.00010471975511965978,-8.36507245,0.5883989999999999,5.14849125
1789051728.941297,20.716,0.0,-0.0,0,2,864,-0.09072037411297346,-1.3978017395668465,-57.225546461236945,0.0,67.0,107.0,1.0,-3.8890366366120324,7.652588733029443,61.0,5.173487593193029,16.17651041674628,-58.258494622150415,-0.07739160297942789,-0.11903404918030319,0.0,-10.098640653079954,1.0605878881108552,0.004241991155552178,1.0803298041237586,0.0,0.0,2.075735561444411,0.0,0.0,0.0,0.0,0.0,2.554631966382296,1.6015465514189229,,,0,0,0,0.0,-2,170,True,True,False,"A:1,B:1,ESTOP:0,MODE:1",DRIVE_RUN,,,,,,,,,,,,,L,,,False,0,,,,-9999.0,-1.0,-1.0,False,36.9676087,127.87384155,122.01400000000001,2,0.00014884000000000002,36.9676087,127.87384155,4.0,0.03576553077697754,1.0,0.0,0.04713106155395508,0.0,0.010611216668411493,-58.258494622150415,0.0,0.0,0.0,0.4829412030983329,0.05795672168614842,-0.8550825233347292,0.17956249900477936,0.000593411945678072,-0.002234021442552742,-0.0035953782591083188,-8.325845849999999,0.55897905,5.30539765
1789051728.991272,20.766,0.0,-0.0,0,2,864,-0.09072037411297346,-1.3978017395668465,-57.23146872803375,0.0,67.0,107.0,1.0,-3.8890366366120324,7.652588733029443,61.0,5.173487593193029,16.17651041674628,-58.258494622150415,-0.07739160297942789,-0.6553773838337811,0.0,-10.098640653079954,1.0605878881108552,0.004241991155552178,1.0803298041237586,0.0,0.0,2.075735561444411,0.0,0.0,0.0,0.0,0.0,2.554631966382296,1.6015465514189229,,,0,0,0,0.0,-2,170,True,True,False,"A:1,B:1,ESTOP:0,MODE:1",DRIVE_RUN,,,,,,,,,,,,,L,,,False,0,,,,-9999.0,-1.0,-1.0,False,36.9676087,127.87384155,122.01400000000001,2,0.00014884000000000002,36.9676087,127.87384155,4.0,0.06075585098266602,1.0,0.0,0.09711170196533203,0.0,0.010611216668411493,-58.258494622150415,0.0,0.0,0.0,0.48292427025187284,0.05804910060632108,-0.8550903817333965,0.1795407758352619,0.013404128655316452,-0.011152653920243767,0.0017976891295541594,-8.42391235,0.5099457999999999,5.1582979
1789051729.041263,20.816,0.0,-0.0,0,2,864,-0.09072037411297346,-1.3978017395668465,-57.264474603512014,0.0,67.0,107.0,1.0,-3.8890366366120324,7.652588733029443,61.0,5.173487593193029,16.17651041674628,-58.258494622150415,-0.07739160297942789,-0.5349181835149177,0.0,-10.098640653079954,1.0605878881108552,0.004241991155552178,1.0803298041237586,0.0,0.0,2.075735561444411,0.0,0.0,0.0,0.0,0.0,2.554631966382296,1.6015465514189229,,,0,0,0,0.0,-2,170,True,True,False,"A:1,B:1,ESTOP:0,MODE:1",DRIVE_RUN,,,,,,,,,,,,,L,,,False,0,,,,-9999.0,-1.0,-1.0,False,36.9676087,127.87384155,122.01400000000001,2,0.00014884000000000002,36.9676087,127.87384155,4.0,0.08575666160583496,1.0,0.0,0.14711332321166992,0.0,0.010611216668411493,-58.258494622150415,0.0,0.0,0.0,0.48291209755520753,0.05812427541020773,-0.8550955500780242,0.17952458015444384,0.011135200627723822,0.011362093430483085,-0.0014486232791552935,-8.34545915,0.6668522,5.2563644
1789051729.091246,20.866,0.0,-0.0,0,2,864,-0.09072037411297346,-1.3978017395668465,-57.29087129790264,0.0,67.0,107.0,1.0,-3.8890366366120324,7.652588733029443,61.0,5.173487593193029,16.17651041674628,-58.258494622150415,-0.07739160297942789,-0.007524937519959089,0.0,-10.098640653079954,1.0605878881108552,0.004241991155552178,1.0803298041237586,0.0,0.0,2.075735561444411,0.0,0.0,0.0,0.0,0.0,2.554631966382296,1.6015465514189229,,,0,0,0,0.0,-2,170,True,True,False,"A:1,B:1,ESTOP:0,MODE:1",DRIVE_RUN,,,,,,,,,,,,,L,,,False,0,,,,-9999.0,-1.0,-1.0,False,36.96760871,127.873841565,122.01400000000001,2,0.00014884000000000002,36.96760871,127.873841565,4.0,0.0122,1.0,1.0,0.0,0.0,0.022301390622466666,-58.258494622150415,0.0,0.0,0.0,0.48287700345549817,0.05820664940235758,-0.8551052476741294,0.1795460968647205,0.005654866776461628,0.004031710572106902,0.009005898940290741,-8.28661925,0.6472389,5.1582979
1789051729.141273,20.916,0.0,-0.0,0,2,864,-0.08938624990477805,-1.3966885445668076,-57.291249566353514,0.0,67.0,107.0,1.0,-3.8877610248912373,7.652588733029443,61.0,5.173487593193029,16.175142348042446,-58.258494622150415,-0.07739160297942789,-0.20664862840943699,0.0,-10.098640653079954,1.0605878881108552,0.004241991155552178,1.0803298041237586,0.0,0.0,2.075735561444411,0.0,0.0,0.0,0.0,0.0,2.554631966382296,1.6015465514189229,,,0,0,0,0.0,-2,170,True,True,False,"A:1,B:1,ESTOP:0,MODE:1",DRIVE_RUN,,,,,,,,,,,,,L,,,False,0,,,,-9999.0,-1.0,-1.0,False,36.96760871,127.873841565,122.01400000000001,2,0.00014884000000000002,36.96760871,127.873841565,4.0,0.034269334983825686,1.0,0.0,0.04413866996765137,0.0,0.022301390622466666,-58.258494622150415,0.0,0.0,0.0,0.48279274586586324,0.05826240254448047,-0.8551447009063261,0.17956669374044587,0.0045204027626653135,0.0011344640137963143,-0.00010471975511965978,-8.316039199999999,0.63743225,5.24655775
1789051729.191310,20.966,0.0,-0.0,0,2,864,-0.08938624990477805,-1.3966885445668076,-57.30152636336331,0.0,67.0,107.0,1.0,-3.8877610248912373,7.652588733029443,61.0,5.173487593193029,16.175142348042446,-58.258494622150415,-0.07739160297942789,-0.15787298039879044,0.0,-10.098640653079954,1.0605878881108552,0.004241991155552178,1.0803298041237586,0.0,0.0,2.075735561444411,0.0,0.0,0.0,0.0,0.0,2.554631966382296,1.6015465514189229,,,0,0,0,0.0,-2,170,True,True,False,"A:1,B:1,ESTOP:0,MODE:1",DRIVE_RUN,,,,,,,,,,,,,L,,,False,0,,,,-9999.0,-1.0,-1.0,False,36.96760871,127.873841565,122.01400000000001,2,0.00014884000000000002,36.96760871,127.873841565,4.0,0.05926406593322754,1.0,0.0,0.09412813186645508,0.0,0.022301390622466666,-58.258494622150415,0.0,0.0,0.0,0.4828006160798081,0.05826550220639185,-0.8551381198569709,0.1795758679028997,0.008674286382411817,0.009250245035569947,0.008255407361933179,-8.46313895,0.5491724,5.10926465
1789051729.241284,21.016,0.0,-0.0,0,2,864,-0.08938624990477805,-1.3966885445668076,-57.30947804550655,0.0,67.0,107.0,1.0,-3.8877610248912373,7.652588733029443,61.0,5.173487593193029,16.175142348042446,-58.258494622150415,-0.07739160297942789,-0.0976630070102699,0.0,-10.098640653079954,1.0605878881108552,0.004241991155552178,1.0803298041237586,0.0,0.0,2.075735561444411,0.0,0.0,0.0,0.0,0.0,2.554631966382296,1.6015465514189229,,,0,0,0,0.0,-2,170,True,True,False,"A:1,B:1,ESTOP:0,MODE:1",DRIVE_RUN,,,,,,,,,,,,,L,,,False,0,,,,-9999.0,-1.0,-1.0,False,36.96760871,127.873841565,122.01400000000001,2,0.00014884000000000002,36.96760871,127.873841565,4.0,0.08428240032196045,1.0,0.0,0.1441648006439209,0.0,0.022301390622466666,-58.258494622150415,0.0,0.0,0.0,0.48278283426947005,0.058311390813665945,-0.855140081853674,0.17959943497518416,0.005427973973702365,0.0036302848441482054,0.005253441048502932,-8.306232549999999,0.5295591,5.24655775
1789051729.291304,21.066,0.0,-0.0,0,2,864,-0.08938624990477805,-1.3966885445668076,-57.31434170192685,0.0,67.0,107.0,1.0,-3.8877610248912373,7.652588733029443,61.0,5.173487593193029,16.175142348042446,-58.258494622150415,-0.07739160297942789,-0.3394172807658425,0.0,-10.098640653079954,1.0605878881108552,0.004241991155552178,1.0803298041237586,0.0,0.0,2.075735561444411,0.0,0.0,0.0,0.0,0.0,2.554631966382296,1.6015465514189229,,,0,0,0,0.0,-2,170,True,True,False,"A:1,B:1,ESTOP:0,MODE:1",DRIVE_RUN,,,,,,,,,,,,,L,,,False,0,,,,-9999.0,-1.0,-1.0,False,36.96760870166667,127.87384157333334,122.01400000000001,2,0.00014884000000000002,36.96760870166667,127.87384157333334,4.0,0.0122,1.0,1.0,0.0,0.0,0.019045485853503775,-58.258494622150415,0.0,0.0,0.0,0.4827488430224097,0.058360472049807044,-0.8551494430536669,0.1796302867215102,0.007155849933176751,0.0075223690760955605,-0.001117010721276371,-8.44352565,0.5883989999999999,5.18771785
1789051729.341267,21.116,0.0,-0.0,0,2,864,-0.08864507063173749,-1.3976162066713538,-57.33136167027564,0.0,67.0,107.0,1.0,-3.888585602131744,7.652588733029443,61.0,5.173487593193029,16.174430346955738,-58.258494622150415,-0.07739160297942789,-0.21398073418189317,0.0,-10.098640653079954,1.0605878881108552,0.004241991155552178,1.0803298041237586,0.0,0.0,2.075735561444411,0.0,0.0,0.0,0.0,0.0,2.554631966382296,1.6015465514189229,,,0,0,0,0.0,-2,170,True,True,False,"A:1,B:1,ESTOP:0,MODE:1",DRIVE_RUN,,,,,,,,,,,,,L,,,False,0,,,,-9999.0,-1.0,-1.0,False,36.96760870166667,127.87384157333334,122.01400000000001,2,0.00014884000000000002,36.96760870166667,127.87384157333334,4.0,0.03883707733154297,1.0,0.0,0.05327415466308594,0.0,0.019045485853503775,-58.258494622150415,0.0,0.0,0.0,0.48268184371130574,0.05840980581256996,-0.8551804224044617,0.17964681314323155,0.00307177948351002,-0.005602506898901798,-0.002129301687433082,-8.2768126,0.67665885,5.2563644
1789051729.391342,21.166,0.0,-0.0,0,2,864,-0.08864507063173749,-1.3976162066713538,-57.342004935219364,0.0,67.0,107.0,1.0,-3.888585602131744,7.652588733029443,61.0,5.173487593193029,16.174430346955738,-58.258494622150415,-0.07739160297942789,0.09221528331210861,0.0,-10.098640653079954,1.0605878881108552,0.004241991155552178,1.0803298041237586,0.0,0.0,2.075735561444411,0.0,0.0,0.0,0.0,0.0,2.554631966382296,1.6015465514189229,,,0,0,0,0.0,-2,170,True,True,False,"A:1,B:1,ESTOP:0,MODE:1",DRIVE_RUN,,,,,,,,,,,,,L,,,False,0,,,,-9999.0,-1.0,-1.0,False,36.96760870166667,127.87384157333334,122.01400000000001,2,0.00014884000000000002,36.96760870166667,127.87384157333334,4.0,0.06384361000061035,1.0,0.0,0.1032872200012207,0.0,0.019045485853503775,-58.258494622150415,0.0,0.0,0.0,0.48271637033037124,0.058432153294262004,-0.8551585675665314,0.17965081016801968,0.0020420352248333657,-0.0009773843811168245,0.0066322511575784525,-8.404299049999999,0.5883989999999999,5.099458
1789051729.441302,21.216,0.0,-0.0,0,2,864,-0.08864507063173749,-1.3976162066713538,-57.3373639449253,0.0,67.0,107.0,1.0,-3.888585602131744,7.652588733029443,61.0,5.173487593193029,16.174430346955738,-58.258494622150415,-0.07739160297942789,-0.20355409292759982,0.0,-10.098640653079954,1.0605878881108552,0.004241991155552178,1.0803298041237586,0.0,0.0,2.075735561444411,0.0,0.0,0.0,0.0,0.0,2.554631966382296,1.6015465514189229,,,0,0,0,0.0,-2,170,True,True,False,"A:1,B:1,ESTOP:0,MODE:1",DRIVE_RUN,,,,,,,,,,,,,L,,,False,0,,,,-9999.0,-1.0,-1.0,False,36.96760870166667,127.87384157333334,122.01400000000001,2,0.00014884000000000002,36.96760870166667,127.87384157333334,4.0,0.08883488388061524,1.0,0.0,0.15326976776123047,0.0,0.019045485853503775,-58.258494622150415,0.0,0.0,0.0,0.4826727066936991,0.05856027094812146,-0.8551843199154263,0.17960381914160561,0.0045029494701453706,0.009128071987930343,-0.001308996938995747,-8.3748791,0.5883989999999999,5.3348176
1789051729.491281,21.266,0.0,-0.0,0,2,864,-0.08864507063173749,-1.3976162066713538,-57.34748612031268,0.0,67.0,107.0,1.0,-3.888585602131744,7.652588733029443,61.0,5.173487593193029,16.174430346955738,-58.258494622150415,-0.07739160297942789,-0.5462152149271976,0.0,-10.098640653079954,1.0605878881108552,0.004241991155552178,1.0803298041237586,0.0,0.0,2.075735561444411,0.0,0.0,0.0,0.0,0.0,2.554631966382296,1.6015465514189229,,,0,0,0,0.0,-2,170,True,True,False,"A:1,B:1,ESTOP:0,MODE:1",DRIVE_RUN,,,,,,,,,,,,,L,,,False,0,,,,-9999.0,-1.0,-1.0,False,36.967608721666664,127.873841575,122.017,2,0.00014884000000000002,36.967608721666664,127.873841575,4.0,0.0122,1.0,1.0,0.0,0.0,0.014538209578321524,-58.258494622150415,0.0,0.0,0.0,0.48264126649239464,0.058623542516468265,-0.8551965575353595,0.17960939875493084,0.013543754995475998,-0.002076941809873252,0.004572762640225144,-8.414105699999999,0.57859235,5.24655775
1789051729.541286,21.316,0.0,-0.0,0,2,864,-0.08849683502991644,-1.3953898174622485,-57.37482472377454,0.0,67.0,107.0,1.0,-3.886358647379312,7.652588733029443,61.0,5.173487593193029,16.17421310115318,-58.258494622150415,-0.07739160297942789,-0.37650806329192904,0.0,-10.098640653079954,1.0605878881108552,0.004241991155552178,1.0803298041237586,0.0,0.0,2.075735561444411,0.0,0.0,0.0,0.0,0.0,2.554631966382296,1.6015465514189229,,,0,0,0,0.0,-2,170,True,True,False,"A:1,B:1,ESTOP:0,MODE:1",DRIVE_RUN,,,,,,,,,,,,,L,,,False,0,,,,-9999.0,-1.0,-1.0,False,36.967608721666664,127.873841575,122.017,2,0.00014884000000000002,36.967608721666664,127.873841575,4.0,0.03937041969299317,1.0,0.0,0.05434083938598633,0.0,0.014538209578321524,-58.258494622150415,0.0,0.0,0.0,0.4826819657084858,0.058706196762001596,-0.8551744610127513,0.1795782383059923,0.007696902001294993,0.008412486994612669,-0.001710422666954443,-8.36507245,0.5883989999999999,5.1975245
1789051729.591297,21.366,0.0,-0.0,0,2,864,-0.08849683502991644,-1.3953898174622485,-57.39370791862308,0.0,67.0,107.0,1.0,-3.886358647379312,7.652588733029443,61.0,5.173487593193029,16.17421310115318,-58.258494622150415,-0.07739160297942789,-0.09230458114220576,0.0,-10.098640653079954,1.0605878881108552,0.004241991155552178,1.0803298041237586,0.0,0.0,2.075735561444411,0.0,0.0,0.0,0.0,0.0,2.554631966382296,1.6015465514189229,,,0,0,0,0.0,-2,170,True,True,False,"A:1,B:1,ESTOP:0,MODE:1",DRIVE_RUN,,,,,,,,,,,,,L,,,False,0,,,,-9999.0,-1.0,-1.0,False,36.967608721666664,127.873841575,122.017,2,0.00014884000000000002,36.967608721666664,127.873841575,4.0,0.06437480659484864,1.0,0.0,0.10434961318969727,0.0,0.014538209578321524,-58.258494622150415,0.0,0.0,0.0,0.48270492704742907,0.05880467707018793,-0.8551550460468317,0.17957675400632533,-0.0006632251157578452,0.011466813185602746,-0.0072954762733362976,-8.433719,0.50013915,5.1386845999999995
1789051729.641292,21.416,0.0,-0.0,0,2,864,-0.08849683502991644,-1.3953898174622485,-57.398318147660916,0.0,67.0,107.0,1.0,-3.886358647379312,7.652588733029443,61.0,5.173487593193029,16.17421310115318,-58.258494622150415,-0.07739160297942789,-0.5967227853850448,0.0,-10.098640653079954,1.0605878881108552,0.004241991155552178,1.0803298041237586,0.0,0.0,2.075735561444411,0.0,0.0,0.0,0.0,0.0,2.554631966382296,1.6015465514189229,,,0,0,0,0.0,-2,170,True,True,False,"A:1,B:1,ESTOP:0,MODE:1",DRIVE_RUN,,,,,,,,,,,,,L,,,False,0,,,,-9999.0,-1.0,-1.0,False,36.967608721666664,127.873841575,122.017,2,0.00014884000000000002,36.967608721666664,127.873841575,4.0,0.0893627426147461,1.0,0.0,0.1543254852294922,0.0,0.014538209578321524,-58.258494622150415,0.0,0.0,0.0,0.48264210570731386,0.0588659408166471,-0.855185199093766,0.17958194246955003,0.010978120995044333,0.004677482395344803,-0.0032288591161895096,-8.28661925,0.6276256,5.2563644
1789051729.691328,21.466,0.0,-0.0,0,2,864,-0.08849683502991644,-1.3953898174622485,-57.42811669924937,0.0,67.0,107.0,1.0,-3.886358647379312,7.652588733029443,61.0,5.173487593193029,16.17421310115318,-58.258494622150415,-0.07739160297942789,0.3691080317150008,0.0,-10.098640653079954,1.0605878881108552,0.004241991155552178,1.0803298041237586,0.0,0.0,2.075735561444411,0.0,0.0,0.0,0.0,0.0,2.554631966382296,1.6015465514189229,,,0,0,0,0.0,-2,170,True,True,False,"A:1,B:1,ESTOP:0,MODE:1",DRIVE_RUN,,,,,,,,,,,,,L,,,False,0,,,,-9999.0,-1.0,-1.0,False,36.96760874333334,127.87384149333333,122.005,2,0.00014884000000000002,36.96760874333334,127.87384149333333,4.0,0.0122,1.0,1.0,0.0,0.0,0.07589785612066755,-58.258494622150415,0.0,0.0,0.0,0.4827059037181055,0.058891589211961796,-0.8551516769626584,0.1795616903009374,-0.0057246799465414016,0.008883725892651137,0.0007504915783575617,-8.3356525,0.6472389,5.12887795
1789051729.741285,21.516,0.0,-0.0,0,2,864,-0.09576039468637164,-1.392977894566678,-57.40962523435695,0.0,67.0,107.0,1.0,-3.884901429579203,7.652588733029443,61.0,5.173487593193029,16.181398720589677,-58.258494622150415,-0.07739160297942789,-0.31814365282943086,0.0,-10.098640653079954,1.0605878881108552,0.004241991155552178,1.0803298041237586,0.0,0.0,2.075735561444411,0.0,0.0,0.0,0.0,0.0,2.554631966382296,1.6015465514189229,,,0,0,0,0.0,-2,170,True,True,False,"A:1,B:1,ESTOP:0,MODE:1",DRIVE_RUN,,,,,,,,,,,,,L,,,False,0,,,,-9999.0,-1.0,-1.0,False,36.96760874333334,127.87384149333333,122.005,2,0.00014884000000000002,36.96760874333334,127.87384149333333,4.0,0.03738224716186524,1.0,0.0,0.05036449432373047,0.0,0.07589785612066755,-58.258494622150415,0.0,0.0,0.0,0.48269020706399235,0.05892581310748225,-0.8551556856538529,0.17957356667402607,0.006562437987498679,0.005288347633542819,-0.001239183768915974,-8.325845849999999,0.6080123,5.18771785
1789051729.791285,21.566,0.0,-0.0,0,2,864,-0.09576039468637164,-1.392977894566678,-57.42551935539464,0.0,67.0,107.0,1.0,-3.884901429579203,7.652588733029443,61.0,5.173487593193029,16.181398720589677,-58.258494622150415,-0.07739160297942789,-0.6935063110799392,0.0,-10.098640653079954,1.0605878881108552,0.004241991155552178,1.0803298041237586,0.0,0.0,2.075735561444411,0.0,0.0,0.0,0.0,0.0,2.554631966382296,1.6015465514189229,,,0,0,0,0.0,-2,170,True,True,False,"A:1,B:1,ESTOP:0,MODE:1",DRIVE_RUN,,,,,,,,,,,,,L,,,False,0,,,,-9999.0,-1.0,-1.0,False,36.96760874333334,127.87384149333333,122.005,2,0.00014884000000000002,36.96760874333334,127.87384149333333,4.0,0.06237936229705811,1.0,0.0,0.10035872459411621,0.0,0.07589785612066755,-58.258494622150415,0.0,0.0,0.0,0.48269233751729335,0.05892448664628824,-0.8551493923973456,0.1795982429146053,0.01420698011123384,0.0029670597283903604,-0.0005585053606381855,-8.38468575,0.5491724,5.22694445
1789051729.841276,21.616,0.0,-0.0,0,2,864,-0.09576039468637164,-1.392977894566678,-57.460234982008274,0.0,67.0,107.0,1.0,-3.884901429579203,7.652588733029443,61.0,5.173487593193029,16.181398720589677,-58.258494622150415,-0.07739160297942789,-0.6221273957495042,0.0,-10.098640653079954,1.0605878881108552,0.004241991155552178,1.0803298041237586,0.0,0.0,2.075735561444411,0.0,0.0,0.0,0.0,0.0,2.554631966382296,1.6015465514189229,,,0,0,0,0.0,-2,170,True,True,False,"A:1,B:1,ESTOP:0,MODE:1",DRIVE_RUN,,,,,,,,,,,,,L,,,False,0,,,,-9999.0,-1.0,-1.0,False,36.96760874333334,127.87384149333333,122.005,2,0.00014884000000000002,36.96760874333334,127.87384149333333,4.0,0.08741164417266846,1.0,0.0,0.15042328834533691,0.0,0.07589785612066755,-58.258494622150415,0.0,0.0,0.0,0.48267708817527455,0.0590094320593341,-0.8551575964699434,0.17957227146311414,0.014468779499032991,0.001780235837034216,0.002722713633111154,-8.325845849999999,0.5197524499999999,5.1975245
1789051729.891301,21.666,0.0,-0.0,0,2,864,-0.09576039468637164,-1.392977894566678,-57.49135556149645,0.0,67.0,107.0,1.0,-3.884901429579203,7.652588733029443,61.0,5.173487593193029,16.181398720589677,-58.258494622150415,-0.07739160297942789,-0.5550216401016216,0.0,-10.098640653079954,1.0605878881108552,0.004241991155552178,1.0803298041237586,0.0,0.0,2.075735561444411,0.0,0.0,0.0,0.0,0.0,2.554631966382296,1.6015465514189229,,,0,0,0,0.0,-2,170,True,True,False,"A:1,B:1,ESTOP:0,MODE:1",DRIVE_RUN,,,,,,,,,,,,,L,,,False,0,,,,-9999.0,-1.0,-1.0,False,36.967608733333336,127.87384150833333,121.999,2,0.00014884000000000002,36.967608733333336,127.87384150833333,4.0,0.0122,1.0,1.0,0.0,0.0,0.05424918763487199,-58.258494622150415,0.0,0.0,0.0,0.48269644114798427,0.059061748430991455,-0.8551412850956864,0.17958072864381264,0.010821041362364843,-0.003543018381548489,-0.0008552113334772215,-8.38468575,0.65704555,5.2563644
1789051729.941282,21.716,0.0,-0.0,0,2,864,-0.09442627174211156,-1.394091089566717,-57.5189114340166,0.0,67.0,107.0,1.0,-3.8858336990326454,7.652588733029443,61.0,5.173487593193029,16.18009955479767,-58.258494622150415,-0.07739160297942789,0.06925742755312021,0.0,-10.098640653079954,1.0605878881108552,0.004241991155552178,1.0803298041237586,0.0,0.0,2.075735561444411,0.0,0.0,0.0,0.0,0.0,2.554631966382296,1.6015465514189229,,,0,0,0,0.0,-2,170,True,True,False,"A:1,B:1,ESTOP:0,MODE:1",DRIVE_RUN,,,,,,,,,,,,,L,,,False,0,,,,-9999.0,-1.0,-1.0,False,36.967608733333336,127.87384150833333,121.999,2,0.00014884000000000002,36.967608733333336,127.87384150833333,4.0,0.03798258514404297,1.0,0.0,0.05156517028808594,0.0,0.05424918763487199,-58.258494622150415,0.0,0.0,0.0,0.482662944936336,0.059101475241260415,-0.8551563607920407,0.179585900912636,0.005829399701661061,0.009215338450530061,0.011065387457644049,-8.404299049999999,0.5982056499999999,5.1582979
1789051729.991281,21.766,0.0,-0.0,0,2,864,-0.09442627174211156,-1.394091089566717,-57.515438658586916,0.0,67.0,107.0,1.0,-3.8858336990326454,7.652588733029443,61.0,5.173487593193029,16.18009955479767,-58.258494622150415,-0.07739160297942789,-0.37470513807148015,0.0,-10.098640653079954,1.0605878881108552,0.004241991155552178,1.0803298041237586,0.0,0.0,2.075735561444411,0.0,0.0,0.0,0.0,0.0,2.554631966382296,1.6015465514189229,,,0,0,0,0.0,-2,170,True,True,False,"A:1,B:1,ESTOP:0,MODE:1",DRIVE_RUN,,,,,,,,,,,,,L,,,False,0,,,,-9999.0,-1.0,-1.0,False,36.967608733333336,127.87384150833333,121.999,2,0.00014884000000000002,36.967608733333336,127.87384150833333,4.0,0.062942506980896,1.0,0.0,0.10148501396179199,0.0,0.05424918763487199,-58.258494622150415,0.0,0.0,0.0,0.48266090135223594,0.059123496778893114,-0.8551459049005024,0.17963392710282913,0.008779006137531478,0.008429940287132611,0.00017453292519943296,-8.42391235,0.53936575,5.2171378
1789051730.041271,21.816,0.0,-0.0,0,2,864,-0.09442627174211156,-1.394091089566717,-57.53416424926317,0.0,67.0,107.0,1.0,-3.8858336990326454,7.652588733029443,61.0,5.173487593193029,16.18009955479767,-58.258494622150415,-0.07739160297942789,-0.6254636085008731,0.0,-10.098640653079954,1.0605878881108552,0.004241991155552178,1.0803298041237586,0.0,0.0,2.075735561444411,0.0,0.0,0.0,0.0,0.0,2.554631966382296,1.6015465514189229,,,0,0,0,0.0,-2,170,True,True,False,"A:1,B:1,ESTOP:0,MODE:1",DRIVE_RUN,,,,,,,,,,,,,L,,,False,0,,,,-9999.0,-1.0,-1.0,False,36.967608733333336,127.87384150833333,121.999,2,0.00014884000000000002,36.967608733333336,127.87384150833333,4.0,0.08795464248657227,1.0,0.0,0.15150928497314453,0.0,0.05424918763487199,-58.258494622150415,0.0,0.0,0.0,0.4826535114439243,0.05920635522537791,-0.8551516861221289,0.17959896746433646,0.01603957582582789,0.008813912722571364,0.004363323129985824,-8.28661925,0.57859235,5.1582979
1789051730.091293,21.866,0.0,-0.0,0,2,864,-0.09442627174211156,-1.394091089566717,-57.56537611066227,0.0,67.0,107.0,1.0,-3.8858336990326454,7.652588733029443,61.0,5.173487593193029,16.18009955479767,-58.258494622150415,-0.07739160297942789,0.034956866454735155,0.0,-10.098640653079954,1.0605878881108552,0.004241991155552178,1.0803298041237586,0.0,0.0,2.075735561444411,0.0,0.0,0.0,0.0,0.0,2.554631966382296,1.6015465514189229,,,0,0,0,0.0,-2,170,True,True,False,"A:1,B:1,ESTOP:0,MODE:1",DRIVE_RUN,,,,,,,,,,,,,L,,,False,0,,,,-9999.0,-1.0,-1.0,False,36.967608733333336,127.87384150833333,121.999,2,0.00014884000000000002,36.967608733333336,127.87384150833333,4.0,0.11299145431518555,1.0,0.0,0.2015829086303711,0.0,0.05424918763487199,-58.258494622150415,0.0,0.0,0.0,0.48261532853456945,0.05923842503911701,-0.8551659949380442,0.17962286815430661,0.0045029494701453706,0.004537856055185257,0.0079412480965742,-8.325845849999999,0.6962721499999999,5.1779112
1789051730.141275,21.916,0.0,-0.0,0,2,864,-0.09753922570003018,-1.394091089566717,-57.56358192992906,0.0,67.0,107.0,1.0,-3.886234264875692,7.652588733029443,61.0,5.173487593193029,16.183211025587685,-58.258494622150415,-0.07739160297942789,-0.5158936748586996,0.0,-10.098640653079954,1.0605878881108552,0.004241991155552178,1.0803298041237586,0.0,0.0,2.075735561444411,0.0,0.0,0.0,0.0,0.0,2.554631966382296,1.6015465514189229,,,0,0,0,0.0,-2,170,True,True,False,"A:1,B:1,ESTOP:0,MODE:1",DRIVE_RUN,,,,,,,,,,,,,L,,,False,0,,,,-9999.0,-1.0,-1.0,False,36.967608733333336,127.87384147333333,122.005,2,0.00014884000000000002,36.967608733333336,127.87384147333333,4.0,0.0318223258972168,1.0,0.0,0.039244651794433594,0.0,0.018375374122824164,-58.258494622150415,0.0,0.0,0.0,0.48261896212383,0.05931461813294834,-0.8551620275885096,0.1796068485469556,0.011885692206081384,-0.0033335788713091696,0.0024609142453120045,-8.414105699999999,0.6276256,5.18771785
1789051730.191314,21.966,0.0,-0.0,0,2,864,-0.09753922570003018,-1.394091089566717,-57.589305249862846,0.0,67.0,107.0,1.0,-3.886234264875692,7.652588733029443,61.0,5.173487593193029,16.183211025587685,-58.258494622150415,-0.07739160297942789,-0.004222842617493609,0.0,-10.098640653079954,1.0605878881108552,0.004241991155552178,1.0803298041237586,0.0,0.0,2.075735561444411,0.0,0.0,0.0,0.0,0.0,2.554631966382296,1.6015465514189229,,,0,0,0,0.0,-2,170,True,True,False,"A:1,B:1,ESTOP:0,MODE:1",DRIVE_RUN,,,,,,,,,,,,,L,,,False,0,,,,-9999.0,-1.0,-1.0,False,36.967608733333336,127.87384147333333,122.005,2,0.00014884000000000002,36.967608733333336,127.87384147333333,4.0,0.05682254047393799,1.0,0.0,0.08924508094787598,0.0,0.018375374122824164,-58.258494622150415,0.0,0.0,0.0,0.48262681844959215,0.05931770120943189,-0.8551554492874378,0.17961604045979118,0.0038746309394274117,-0.0030543261909900766,0.0064228116473391324,-8.2964259,0.5295591,5.18771785
1789051730.241275,22.016,0.0,-0.0,0,2,864,-0.09753922570003018,-1.394091089566717,-57.58951634245895,0.0,67.0,107.0,1.0,-3.886234264875692,7.652588733029443,61.0,5.173487593193029,16.183211025587685,-58.258494622150415,-0.07739160297942789,-0.28643041906729266,0.0,-10.098640653079954,1.0605878881108552,0.004241991155552178,1.0803298041237586,0.0,0.0,2.075735561444411,0.0,0.0,0.0,0.0,0.0,2.554631966382296,1.6015465514189229,,,0,0,0,0.0,-2,170,True,True,False,"A:1,B:1,ESTOP:0,MODE:1",DRIVE_RUN,,,,,,,,,,,,,L,,,False,0,,,,-9999.0,-1.0,-1.0,False,36.967608733333336,127.87384147333333,122.005,2,0.00014884000000000002,36.967608733333336,127.87384147333333,4.0,0.0818244239807129,1.0,0.0,0.13924884796142578,0.0,0.018375374122824164,-58.258494622150415,0.0,0.0,0.0,0.48262370912382324,0.05930774723296013,-0.8551510251806956,0.17964874238947445,0.007801621756414653,-0.0012915436464758037,0.0030019663134302466,-8.394492399999999,0.57859235,5.1779112
1789051730.291292,22.066,0.0,-0.0,0,2,864,-0.09753922570003018,-1.394091089566717,-57.60390805221712,0.0,67.0,107.0,1.0,-3.886234264875692,7.652588733029443,61.0,5.173487593193029,16.183211025587685,-58.258494622150415,-0.07739160297942789,0.31785603869862195,0.0,-10.098640653079954,1.0605878881108552,0.004241991155552178,1.0803298041237586,0.0,0.0,2.075735561444411,0.0,0.0,0.0,0.0,0.0,2.554631966382296,1.6015465514189229,,,0,0,0,0.0,-2,170,True,True,False,"A:1,B:1,ESTOP:0,MODE:1",DRIVE_RUN,,,,,,,,,,,,,L,,,False,0,,,,-9999.0,-1.0,-1.0,False,36.967608735,127.87384148666666,122.00200000000001,2,0.00014884000000000002,36.967608735,127.87384148666666,4.0,0.0122,1.0,1.0,0.0,0.0,0.017648366403624785,-58.258494622150415,0.0,0.0,0.0,0.4826279122594262,0.059329968073399714,-0.8551418431023478,0.1796738193840065,-0.002408554367752175,-0.0037175513067479217,0.006719517620178169,-8.316039199999999,0.67665885,5.2563644
1789051730.341323,22.116,0.0,-0.0,0,2,864,-0.09635333835759116,-1.3939055574621968,-57.58808483403547,0.0,67.0,107.0,1.0,-3.885897678656464,7.652588733029443,61.0,5.173487593193029,16.182019977863302,-58.258494622150415,-0.07739160297942789,-0.31796177335962256,0.0,-10.098640653079954,1.0605878881108552,0.004241991155552178,1.0803298041237586,0.0,0.0,2.075735561444411,0.0,0.0,0.0,0.0,0.0,2.554631966382296,1.6015465514189229,,,0,0,0,0.0,-2,170,True,True,False,"A:1,B:1,ESTOP:0,MODE:1",DRIVE_RUN,,,,,,,,,,,,,L,,,False,0,,,,-9999.0,-1.0,-1.0,False,36.967608735,127.87384148666666,122.00200000000001,2,0.00014884000000000002,36.967608735,127.87384148666666,4.0,0.04050004692077637,1.0,0.0,0.056600093841552734,0.0,0.017648366403624785,-58.258494622150415,0.0,0.0,0.0,0.4826289641012817,0.05936194122034801,-0.855135810543893,0.17968914399738986,0.008272860654453122,-0.00020943951023931956,0.002548180707911721,-8.394492399999999,0.53936575,5.1386845999999995
1789051730.391412,22.166,0.0,-0.0,0,2,864,-0.09635333835759116,-1.3939055574621968,-57.60397350735056,0.0,67.0,107.0,1.0,-3.885897678656464,7.652588733029443,61.0,5.173487593193029,16.182019977863302,-58.258494622150415,-0.07739160297942789,-0.22994666541190234,0.0,-10.098640653079954,1.0605878881108552,0.004241991155552178,1.0803298041237586,0.0,0.0,2.075735561444411,0.0,0.0,0.0,0.0,0.0,2.554631966382296,1.6015465514189229,,,0,0,0,0.0,-2,170,True,True,False,"A:1,B:1,ESTOP:0,MODE:1",DRIVE_RUN,,,,,,,,,,,,,L,,,False,0,,,,-9999.0,-1.0,-1.0,False,36.967608735,127.87384148666666,122.00200000000001,2,0.00014884000000000002,36.967608735,127.87384148666666,4.0,0.06550109596252442,1.0,0.0,0.10660219192504883,0.0,0.017648366403624785,-58.258494622150415,0.0,0.0,0.0,0.48259705120881136,0.05939938689259955,-0.8551472026513198,0.17970826580590446,0.0045204027626653135,0.011728612573401895,-0.0030543261909900766,-8.34545915,0.57859235,5.16810455
1789051730.441262,22.216,0.0,-0.0,0,2,864,-0.09635333835759116,-1.3939055574621968,-57.61546951389107,0.0,67.0,107.0,1.0,-3.885897678656464,7.652588733029443,61.0,5.173487593193029,16.182019977863302,-58.258494622150415,-0.07739160297942789,-0.45822198167223666,0.0,-10.098640653079954,1.0605878881108552,0.004241991155552178,1.0803298041237586,0.0,0.0,2.075735561444411,0.0,0.0,0.0,0.0,0.0,2.554631966382296,1.6015465514189229,,,0,0,0,0.0,-2,170,True,True,False,"A:1,B:1,ESTOP:0,MODE:1",DRIVE_RUN,,,,,,,,,,,,,L,,,False,0,,,,-9999.0,-1.0,-1.0,False,36.967608735,127.87384148666666,122.00200000000001,2,0.00014884000000000002,36.967608735,127.87384148666666,4.0,0.0905069133758545,1.0,0.0,0.15661382675170898,0.0,0.017648366403624785,-58.258494622150415,0.0,0.0,0.0,0.4826085502168595,0.05941338520155386,-0.855142429705344,0.1796954697094876,0.008866272600131194,0.002181661564992912,-0.0019722220547535923,-8.414105699999999,0.55897905,5.1582979
1789051730.491270,22.266,0.0,-0.0,0,2,864,-0.09635333835759116,-1.3939055574621968,-57.63832214310588,0.0,67.0,107.0,1.0,-3.885897678656464,7.652588733029443,61.0,5.173487593193029,16.182019977863302,-58.258494622150415,-0.07739160297942789,0.12268140403421783,0.0,-10.098640653079954,1.0605878881108552,0.004241991155552178,1.0803298041237586,0.0,0.0,2.075735561444411,0.0,0.0,0.0,0.0,0.0,2.554631966382296,1.6015465514189229,,,0,0,0,0.0,-2,170,True,True,False,"A:1,B:1,ESTOP:0,MODE:1",DRIVE_RUN,,,,,,,,,,,,,L,,,False,0,,,,-9999.0,-1.0,-1.0,False,36.96760872666667,127.87384149333333,122.007,2,0.00014884000000000002,36.96760872666667,127.87384149333333,4.0,0.0122,1.0,1.0,0.0,0.0,0.01788086830135823,-58.258494622150415,0.0,0.0,0.0,0.4826326027701485,0.05947335013577987,-0.8551268431309167,0.17968520674749938,0.0002443460952792061,0.001710422666954443,0.003543018381548489,-8.404299049999999,0.57859235,5.22694445
1789051730.541263,22.316,0.0,-0.0,0,2,864,-0.09576039468637164,-1.394833219566743,-57.632188108003604,0.0,67.0,107.0,1.0,-3.8867413304222014,7.652588733029443,61.0,5.173487593193029,16.181455965493104,-58.258494622150415,-0.07739160297942789,-0.062028901640464235,0.0,-10.098640653079954,1.0605878881108552,0.004241991155552178,1.0803298041237586,0.0,0.0,2.075735561444411,0.0,0.0,0.0,0.0,0.0,2.554631966382296,1.6015465514189229,,,0,0,0,0.0,-2,170,True,True,False,"A:1,B:1,ESTOP:0,MODE:1",DRIVE_RUN,,,,,,,,,,,,,L,,,False,0,,,,-9999.0,-1.0,-1.0,False,36.96760872666667,127.87384149333333,122.007,2,0.00014884000000000002,36.96760872666667,127.87384149333333,4.0,0.03781914920806885,1.0,0.0,0.051238298416137695,0.0,0.01788086830135823,-58.258494622150415,0.0,0.0,0.0,0.4826216231810418,0.05949036495617812,-0.8551281986712047,0.17970261309401647,0.0005410520681182421,0.008342673824532895,-0.003787364476827695,-8.414105699999999,0.5883989999999999,5.18771785
1789051730.591294,22.366,0.0,-0.0,0,2,864,-0.09576039468637164,-1.394833219566743,-57.63531146719258,0.0,67.0,107.0,1.0,-3.8867413304222014,7.652588733029443,61.0,5.173487593193029,16.181455965493104,-58.258494622150415,-0.07739160297942789,-0.4178868112763754,0.0,-10.098640653079954,1.0605878881108552,0.004241991155552178,1.0803298041237586,0.0,0.0,2.075735561444411,0.0,0.0,0.0,0.0,0.0,2.554631966382296,1.6015465514189229,,,0,0,0,0.0,-2,170,True,True,False,"A:1,B:1,ESTOP:0,MODE:1",DRIVE_RUN,,,,,,,,,,,,,L,,,False,0,,,,-9999.0,-1.0,-1.0,False,36.96760872666667,127.87384149333333,122.007,2,0.00014884000000000002,36.96760872666667,127.87384149333333,4.0,0.06282007904052735,1.0,0.0,0.10124015808105469,0.0,0.01788086830135823,-58.258494622150415,0.0,0.0,0.0,0.4826566784674413,0.05954365610093408,-0.8551028782672743,0.17971129994503313,0.008063421144213804,0.0032288591161895096,-0.0021642082724729686,-8.3748791,0.7158854499999999,5.12887795
1789051730.641284,22.416,0.0,-0.0,0,2,864,-0.09576039468637164,-1.394833219566743,-57.65613166163706,0.0,67.0,107.0,1.0,-3.8867413304222014,7.652588733029443,61.0,5.173487593193029,16.181455965493104,-58.258494622150415,-0.07739160297942789,-0.5807246879039555,0.0,-10.098640653079954,1.0605878881108552,0.004241991155552178,1.0803298041237586,0.0,0.0,2.075735561444411,0.0,0.0,0.0,0.0,0.0,2.554631966382296,1.6015465514189229,,,0,0,0,0.0,-2,170,True,True,False,"A:1,B:1,ESTOP:0,MODE:1",DRIVE_RUN,,,,,,,,,,,,,L,,,False,0,,,,-9999.0,-1.0,-1.0,False,36.96760872666667,127.87384149333333,122.007,2,0.00014884000000000002,36.96760872666667,127.87384149333333,4.0,0.08786022872924805,1.0,0.0,0.1513204574584961,0.0,0.01788086830135823,-58.258494622150415,0.0,0.0,0.0,0.48259649124378967,0.059619124041338054,-0.8551358143711567,0.1796911952976695,0.012007865253720986,-0.0003839724354387525,-0.0003141592653589793,-8.46313895,0.5883989999999999,5.24655775
1789051730.691315,22.466,0.0,-0.0,0,2,864,-0.09576039468637164,-1.394833219566743,-57.68506471895272,0.0,67.0,107.0,1.0,-3.8867413304222014,7.652588733029443,61.0,5.173487593193029,16.181455965493104,-58.258494622150415,-0.07739160297942789,-0.18962610611872313,0.0,-10.098640653079954,1.0605878881108552,0.004241991155552178,1.0803298041237586,0.0,0.0,2.075735561444411,0.0,0.0,0.0,0.0,0.0,2.554631966382296,1.6015465514189229,,,0,0,0,0.0,-2,170,True,True,False,"A:1,B:1,ESTOP:0,MODE:1",DRIVE_RUN,,,,,,,,,,,,,L,,,False,0,,,,-9999.0,-1.0,-1.0,False,36.96760873,127.87384155333334,121.99699999999999,2,0.00014884000000000002,36.96760873,127.87384155333334,4.0,0.0122,1.0,1.0,0.0,0.0,0.05273719360817329,-58.258494622150415,0.0,0.0,0.0,0.48260330011204344,0.05966067548821942,-0.8551252867518854,0.17970921645469387,0.005986479334340551,0.004258603374866164,0.0022165681500327986,-8.38468575,0.63743225,5.1582979
1789051730.741269,22.516,0.0,-0.0,0,2,864,-0.09042390164539602,-1.39446215456673,-57.694573412710966,0.0,67.0,107.0,1.0,-3.885686665881534,7.652588733029443,61.0,5.173487593193029,16.176110553729757,-58.258494622150415,-0.07739160297942789,-0.161211810058044,0.0,-10.098640653079954,1.0605878881108552,0.004241991155552178,1.0803298041237586,0.0,0.0,2.075735561444411,0.0,0.0,0.0,0.0,0.0,2.554631966382296,1.6015465514189229,,,0,0,0,0.0,-2,170,True,True,False,"A:1,B:1,ESTOP:0,MODE:1",DRIVE_RUN,,,,,,,,,,,,,L,,,False,0,,,,-9999.0,-1.0,-1.0,False,36.96760873,127.87384155333334,121.99699999999999,2,0.00014884000000000002,36.96760873,127.87384155333334,4.0,0.03725314350128174,1.0,0.0,0.05010628700256348,0.0,0.05273719360817329,-58.258494622150415,0.0,0.0,0.0,0.4825912702314436,0.05968094311901207,-0.8551276873491639,0.17972336869115718,0.002827433388230814,-0.0062482787221397,-0.001064650843716541,-8.36507245,0.6276256,5.14849125
1789051730.791311,22.566,0.0,-0.0,0,2,864,-0.09042390164539602,-1.39446215456673,-57.70264068337167,0.0,67.0,107.0,1.0,-3.885686665881534,7.652588733029443,61.0,5.173487593193029,16.176110553729757,-58.258494622150415,-0.07739160297942789,0.09645370617955568,0.0,-10.098640653079954,1.0605878881108552,0.004241991155552178,1.0803298041237586,0.0,0.0,2.075735561444411,0.0,0.0,0.0,0.0,0.0,2.554631966382296,1.6015465514189229,,,0,0,0,0.0,-2,170,True,True,False,"A:1,B:1,ESTOP:0,MODE:1",DRIVE_RUN,,,,,,,,,,,,,L,,,False,0,,,,-9999.0,-1.0,-1.0,False,36.96760873,127.87384155333334,121.99699999999999,2,0.00014884000000000002,36.96760873,127.87384155333334,4.0,0.06223905296325684,1.0,0.0,0.10007810592651367,0.0,0.05273719360817329,-58.258494622150415,0.0,0.0,0.0,0.4825912740060912,0.05971616294880245,-0.8551226880873314,0.17973544573663386,0.003351032163829113,0.001762782544514273,0.008290313946973065,-8.414105699999999,0.5883989999999999,5.1386845999999995
1789051730.841285,22.616,0.0,-0.0,0,2,864,-0.09042390164539602,-1.39446215456673,-57.69781588699725,0.0,67.0,107.0,1.0,-3.885686665881534,7.652588733029443,61.0,5.173487593193029,16.176110553729757,-58.258494622150415,-0.07739160297942789,-0.288367089061112,0.0,-10.098640653079954,1.0605878881108552,0.004241991155552178,1.0803298041237586,0.0,0.0,2.075735561444411,0.0,0.0,0.0,0.0,0.0,2.554631966382296,1.6015465514189229,,,0,0,0,0.0,-2,170,True,True,False,"A:1,B:1,ESTOP:0,MODE:1",DRIVE_RUN,,,,,,,,,,,,,L,,,False,0,,,,-9999.0,-1.0,-1.0,False,36.96760873,127.87384155333334,121.99699999999999,2,0.00014884000000000002,36.96760873,127.87384155333334,4.0,0.08722818107604981,1.0,0.0,0.1500563621520996,0.0,0.05273719360817329,-58.258494622150415,0.0,0.0,0.0,0.48257296558681567,0.05973106054658333,-0.8551280029198309,0.1797543654909899,0.005044001538263612,0.006056292504420323,-0.003525565089028546,-8.306232549999999,0.53936575,5.2367511
1789051730.891273,22.666,0.0,-0.0,0,2,864,-0.09042390164539602,-1.39446215456673,-57.71221167702039,0.0,67.0,107.0,1.0,-3.885686665881534,7.652588733029443,61.0,5.173487593193029,16.176110553729757,-58.258494622150415,-0.07739160297942789,-0.2820410688477246,0.0,-10.098640653079954,1.0605878881108552,0.004241991155552178,1.0803298041237586,0.0,0.0,2.075735561444411,0.0,0.0,0.0,0.0,0.0,2.554631966382296,1.6015465514189229,,,0,0,0,0.0,-2,170,True,True,False,"A:1,B:1,ESTOP:0,MODE:1",DRIVE_RUN,,,,,,,,,,,,,L,,,False,0,,,,-9999.0,-1.0,-1.0,False,36.96760873,127.87384155333334,121.99699999999999,2,0.00014884000000000002,36.96760873,127.87384155333334,4.0,0.11223781318664551,1.0,0.0,0.20007562637329102,0.0,0.05273719360817329,-58.258494622150415,0.0,0.0,0.0,0.4825347709563262,0.05972792685413912,-0.8551472950885691,0.17976616276300741,0.00736528944341607,0.009930923443847734,0.0004537856055185257,-8.404299049999999,0.5883989999999999,5.14849125
1789051730.941274,22.716,0.0,-0.0,0,2,864,-0.08997919357599755,-1.3927923624621579,-57.726283188314795,0.0,67.0,107.0,1.0,-3.883973531776702,7.652588733029443,61.0,5.173487593193029,16.17561454790352,-58.258494622150415,-0.07739160297942789,-0.19691298784528427,0.0,-10.098640653079954,1.0605878881108552,0.004241991155552178,1.0803298041237586,0.0,0.0,2.075735561444411,0.0,0.0,0.0,0.0,0.0,2.554631966382296,1.6015465514189229,,,0,0,0,0.0,-2,170,True,True,False,"A:1,B:1,ESTOP:0,MODE:1",DRIVE_RUN,,,,,,,,,,,,,L,,,False,0,,,,-9999.0,-1.0,-1.0,False,36.967608745,127.87384155833334,121.995,2,0.00014884000000000002,36.967608745,127.87384155833334,4.0,0.03224861831665039,1.0,0.0,0.04009723663330078,0.0,0.05367921478505216,-58.258494622150415,0.0,0.0,0.0,0.4825237769551303,0.059764655161607914,-0.8551561990586285,0.1797411079246177,0.0063006385996995295,0.0015882496193148398,0.0028797932657906437,-8.433719,0.65704555,5.2367511
1789051730.991283,22.766,0.0,-0.0,0,2,864,-0.08997919357599755,-1.3927923624621579,-57.73612563587291,0.0,67.0,107.0,1.0,-3.883973531776702,7.652588733029443,61.0,5.173487593193029,16.17561454790352,-58.258494622150415,-0.07739160297942789,-0.11560121075137697,0.0,-10.098640653079954,1.0605878881108552,0.004241991155552178,1.0803298041237586,0.0,0.0,2.075735561444411,0.0,0.0,0.0,0.0,0.0,2.554631966382296,1.6015465514189229,,,0,0,0,0.0,-2,170,True,True,False,"A:1,B:1,ESTOP:0,MODE:1",DRIVE_RUN,,,,,,,,,,,,,L,,,False,0,,,,-9999.0,-1.0,-1.0,False,36.967608745,127.87384155833334,121.995,2,0.00014884000000000002,36.967608745,127.87384155833334,4.0,0.057227732849121096,1.0,0.0,0.09005546569824219,0.0,0.05367921478505216,-58.258494622150415,0.0,0.0,0.0,0.48251226882958737,0.05981076527553696,-0.8551593460409251,0.1797416915046028,0.006003932626860493,0.0014660765716752368,0.005358160803622592,-8.404299049999999,0.6080123,5.16810455
1789051731.041273,22.816,0.0,-0.0,0,2,864,-0.08997919357599755,-1.3927923624621579,-57.74191555790674,0.0,67.0,107.0,1.0,-3.883973531776702,7.652588733029443,61.0,5.173487593193029,16.17561454790352,-58.258494622150415,-0.07739160297942789,-0.19403271193809932,0.0,-10.098640653079954,1.0605878881108552,0.004241991155552178,1.0803298041237586,0.0,0.0,2.075735561444411,0.0,0.0,0.0,0.0,0.0,2.554631966382296,1.6015465514189229,,,0,0,0,0.0,-2,170,True,True,False,"A:1,B:1,ESTOP:0,MODE:1",DRIVE_RUN,,,,,,,,,,,,,L,,,False,0,,,,-9999.0,-1.0,-1.0,False,36.967608745,127.87384155833334,121.995,2,0.00014884000000000002,36.967608745,127.87384155833334,4.0,0.08224630565643311,1.0,0.0,0.1400926113128662,0.0,0.05367921478505216,-58.258494622150415,0.0,0.0,0.0,0.4825216924334623,0.05984159921071246,-0.8551482848774029,0.1797587555761554,0.001762782544514273,0.012810716709638379,-0.007260569688296411,-8.414105699999999,0.5982056499999999,5.22694445
1789051731.091295,22.866,0.0,-0.0,0,2,864,-0.08997919357599755,-1.3927923624621579,-57.75162361453093,0.0,67.0,107.0,1.0,-3.883973531776702,7.652588733029443,61.0,5.173487593193029,16.17561454790352,-58.258494622150415,-0.07739160297942789,-0.3404134760732237,0.0,-10.098640653079954,1.0605878881108552,0.004241991155552178,1.0803298041237586,0.0,0.0,2.075735561444411,0.0,0.0,0.0,0.0,0.0,2.554631966382296,1.6015465514189229,,,0,0,0,0.0,-2,170,True,True,False,"A:1,B:1,ESTOP:0,MODE:1",DRIVE_RUN,,,,,,,,,,,,,L,,,False,0,,,,-9999.0,-1.0,-1.0,False,36.967608745,127.87384155833334,121.995,2,0.00014884000000000002,36.967608745,127.87384155833334,4.0,0.10722530097961426,1.0,0.0,0.19005060195922852,0.0,0.05367921478505216,-58.258494622150415,0.0,0.0,0.0,0.48253634769853,0.059856175060478745,-0.8551319899312051,0.1797920778376788,0.0059515727493006645,-0.007138396640656807,-0.001832595714594046,-8.414105699999999,0.6864655000000001,5.22694445
1789051731.141324,22.916,0.0,-0.0,0,2,864,-0.09190626145541249,-1.3937200245667039,-57.76870936314202,0.0,67.0,107.0,1.0,-3.885141451284562,7.652588733029443,61.0,5.173487593193029,16.17756929388164,-58.258494622150415,-0.07739160297942789,-0.16671786394894367,0.0,-10.098640653079954,1.0605878881108552,0.004241991155552178,1.0803298041237586,0.0,0.0,2.075735561444411,0.0,0.0,0.0,0.0,0.0,2.554631966382296,1.6015465514189229,,,0,0,0,0.0,-2,170,True,True,False,"A:1,B:1,ESTOP:0,MODE:1",DRIVE_RUN,,,,,,,,,,,,,L,,,False,0,,,,-9999.0,-1.0,-1.0,False,36.96760873666667,127.87384153666666,121.993,2,0.00014884000000000002,36.96760873666667,127.87384153666666,4.0,0.02923000068664551,1.0,0.0,0.034060001373291016,0.0,0.01434493862110884,-58.258494622150415,0.0,0.0,0.0,0.4824636169002075,0.05989605823079262,-0.8551673615380564,0.1798057405535833,0.0047298422729046335,0.009721483933608416,-0.0002443460952792061,-8.306232549999999,0.6080123,5.22694445
1789051731.191300,22.966,0.0,-0.0,0,2,864,-0.09190626145541249,-1.3937200245667039,-57.777046838335195,0.0,67.0,107.0,1.0,-3.885141451284562,7.652588733029443,61.0,5.173487593193029,16.17756929388164,-58.258494622150415,-0.07739160297942789,-0.6896428327300012,0.0,-10.098640653079954,1.0605878881108552,0.004241991155552178,1.0803298041237586,0.0,0.0,2.075735561444411,0.0,0.0,0.0,0.0,0.0,2.554631966382296,1.6015465514189229,,,0,0,0,0.0,-2,170,True,True,False,"A:1,B:1,ESTOP:0,MODE:1",DRIVE_RUN,,,,,,,,,,,,,L,,,False,0,,,,-9999.0,-1.0,-1.0,False,36.96760873666667,127.87384153666666,121.993,2,0.00014884000000000002,36.96760873666667,127.87384153666666,4.0,0.05423879833221436,1.0,0.0,0.08407759666442871,0.0,0.01434493862110884,-58.258494622150415,0.0,0.0,0.0,0.48246466631752805,0.05992802637034492,-0.8551613071313867,0.17982106716347107,0.013247049022636962,-0.0015009831567151233,-0.0020594885173533086,-8.325845849999999,0.5295591,5.16810455
1789051731.241297,23.016,0.0,-0.0,0,2,864,-0.09190626145541249,-1.3937200245667039,-57.81132193769365,0.0,67.0,107.0,1.0,-3.885141451284562,7.652588733029443,61.0,5.173487593193029,16.17756929388164,-58.258494622150415,-0.07739160297942789,-0.30104098523173217,0.0,-10.098640653079954,1.0605878881108552,0.004241991155552178,1.0803298041237586,0.0,0.0,2.075735561444411,0.0,0.0,0.0,0.0,0.0,2.554631966382296,1.6015465514189229,,,0,0,0,0.0,-2,170,True,True,False,"A:1,B:1,ESTOP:0,MODE:1",DRIVE_RUN,,,,,,,,,,,,,L,,,False,0,,,,-9999.0,-1.0,-1.0,False,36.96760873666667,127.87384153666666,121.993,2,0.00014884000000000002,36.96760873666667,127.87384153666666,4.0,0.0792464038848877,1.0,0.0,0.1340928077697754,0.0,0.01434493862110884,-58.258494622150415,0.0,0.0,0.0,0.4824829828053446,0.059953513578823135,-0.8551468019004559,0.1798324072914383,0.011222467090323538,0.009197885158010117,0.006946410422937432,-8.42391235,0.57859235,5.1386845999999995
1789051731.291315,23.066,0.0,-0.0,0,2,864,-0.09190626145541249,-1.3937200245667039,-57.8263532299827,0.0,67.0,107.0,1.0,-3.885141451284562,7.652588733029443,61.0,5.173487593193029,16.17756929388164,-58.258494622150415,-0.07739160297942789,0.06443321971288025,0.0,-10.098640653079954,1.0605878881108552,0.004241991155552178,1.0803298041237586,0.0,0.0,2.075735561444411,0.0,0.0,0.0,0.0,0.0,2.554631966382296,1.6015465514189229,,,0,0,0,0.0,-2,170,True,True,False,"A:1,B:1,ESTOP:0,MODE:1",DRIVE_RUN,,,,,,,,,,,,,L,,,False,0,,,,-9999.0,-1.0,-1.0,False,36.967608735,127.87384156,121.993,2,0.00014884000000000002,36.967608735,127.87384156,4.0,0.0122,1.0,1.0,0.0,0.0,0.010335129847818342,-58.258494622150415,0.0,0.0,0.0,0.4825028716277152,0.06000158726274437,-0.8551319917543844,0.17983343703310375,0.0015009831567151233,0.00017453292519943296,0.003682644721708035,-8.433719,0.6668522,5.14849125
1789051731.341289,23.116,0.0,-0.0,0,2,864,-0.0898309579741765,-1.3939055574621968,-57.82312442870381,0.0,67.0,107.0,1.0,-3.88505839775727,7.652588733029443,61.0,5.173487593193029,16.17550070387297,-58.258494622150415,-0.07739160297942789,-0.8164224907665809,0.0,-10.098640653079954,1.0605878881108552,0.004241991155552178,1.0803298041237586,0.0,0.0,2.075735561444411,0.0,0.0,0.0,0.0,0.0,2.554631966382296,1.6015465514189229,,,0,0,0,0.0,-2,170,True,True,False,"A:1,B:1,ESTOP:0,MODE:1",DRIVE_RUN,,,,,,,,,,,,,L,,,False,0,,,,-9999.0,-1.0,-1.0,False,36.967608735,127.87384156,121.993,2,0.00014884000000000002,36.967608735,127.87384156,4.0,0.03664911003112793,1.0,0.0,0.04889822006225586,0.0,0.010335129847818342,-58.258494622150415,0.0,0.0,0.0,0.4824840350420743,0.06001553081772537,-0.8551399176508001,0.17984163375138568,0.017400932642383467,0.005235987755982988,-8.726646259971648e-05,-8.34545915,0.5197524499999999,5.24655775
1789051731.391294,23.166,0.0,-0.0,0,2,864,-0.0898309579741765,-1.3939055574621968,-57.864028240685414,0.0,67.0,107.0,1.0,-3.88505839775727,7.652588733029443,61.0,5.173487593193029,16.17550070387297,-58.258494622150415,-0.07739160297942789,-0.21763782698473816,0.0,-10.098640653079954,1.0605878881108552,0.004241991155552178,1.0803298041237586,0.0,0.0,2.075735561444411,0.0,0.0,0.0,0.0,0.0,2.554631966382296,1.6015465514189229,,,0,0,0,0.0,-2,170,True,True,False,"A:1,B:1,ESTOP:0,MODE:1",DRIVE_RUN,,,,,,,,,,,,,L,,,False,0,,,,-9999.0,-1.0,-1.0,False,36.967608735,127.87384156,121.993,2,0.00014884000000000002,36.967608735,127.87384156,4.0,0.06167054386138916,1.0,0.0,0.09894108772277832,0.0,0.010335129847818342,-58.258494622150415,0.0,0.0,0.0,0.48252747303946214,0.060062487675810336,-0.8551137338672733,0.17983391640042293,0.007696902001294993,0.014538592669112765,0.002548180707911721,-8.5121722,0.61781895,5.18771785
1789051731.441272,23.216,0.0,-0.0,0,2,864,-0.0898309579741765,-1.3939055574621968,-57.874937207663436,0.0,67.0,107.0,1.0,-3.88505839775727,7.652588733029443,61.0,5.173487593193029,16.17550070387297,-58.258494622150415,-0.07739160297942789,0.04196479217168181,0.0,-10.098640653079954,1.0605878881108552,0.004241991155552178,1.0803298041237586,0.0,0.0,2.075735561444411,0.0,0.0,0.0,0.0,0.0,2.554631966382296,1.6015465514189229,,,0,0,0,0.0,-2,170,True,True,False,"A:1,B:1,ESTOP:0,MODE:1",DRIVE_RUN,,,,,,,,,,,,,L,,,False,0,,,,-9999.0,-1.0,-1.0,False,36.967608735,127.87384156,121.993,2,0.00014884000000000002,36.967608735,127.87384156,4.0,0.08665883750915528,1.0,0.0,0.14891767501831055,0.0,0.010335129847818342,-58.258494622150415,0.0,0.0,0.0,0.4825122938490066,0.0600676359321356,-0.8551159086333031,0.1798625814346464,-0.0004537856055185257,0.006213372137099813,-0.0018151424220741027,-8.3356525,0.67665885,5.20733115
1789051731.491269,23.266,0.0,-0.0,0,2,864,-0.0898309579741765,-1.3939055574621968,-57.87284820484268,0.0,67.0,107.0,1.0,-3.88505839775727,7.652588733029443,61.0,5.173487593193029,16.17550070387297,-58.258494622150415,-0.07739160297942789,-0.31812072507570927,0.0,-10.098640653079954,1.0605878881108552,0.004241991155552178,1.0803298041237586,0.0,0.0,2.075735561444411,0.0,0.0,0.0,0.0,0.0,2.554631966382296,1.6015465514189229,,,0,0,0,0.0,-2,170,True,True,False,"A:1,B:1,ESTOP:0,MODE:1",DRIVE_RUN,,,,,,,,,,,,,L,,,False,0,,,,-9999.0,-1.0,-1.0,False,36.96760874666667,127.87384154,121.99699999999999,2,0.00014884000000000002,36.96760874666667,127.87384154,4.0,0.0122,1.0,1.0,0.0,0.0,0.010683105545348506,-58.258494622150415,0.0,0.0,0.0,0.4825112546916083,0.0601009346059053,-0.8551161218015353,0.17985323180451424,0.009442231253289324,-0.004101523742186674,0.004904375198104067,-8.36507245,0.61781895,5.14849125
1789051731.541270,23.316,0.0,-0.0,0,2,864,-0.09160978898783505,-1.3926068295666651,-57.88876780234182,0.0,67.0,107.0,1.0,-3.883999361565662,7.652588733029443,61.0,5.173487593193029,16.177238657801272,-58.258494622150415,-0.07739160297942789,-0.08277267531679694,0.0,-10.098640653079954,1.0605878881108552,0.004241991155552178,1.0803298041237586,0.0,0.0,2.075735561444411,0.0,0.0,0.0,0.0,0.0,2.554631966382296,1.6015465514189229,,,0,0,0,0.0,-2,170,True,True,False,"A:1,B:1,ESTOP:0,MODE:1",DRIVE_RUN,,,,,,,,,,,,,L,,,False,0,,,,-9999.0,-1.0,-1.0,False,36.96760874666667,127.87384154,121.99699999999999,2,0.00014884000000000002,36.96760874666667,127.87384154,4.0,0.035140993309021,1.0,0.0,0.04588198661804199,0.0,0.010683105545348506,-58.258494622150415,0.0,0.0,0.0,0.4825065360500466,0.060098444130555595,-0.8551111962282684,0.17989013804856363,0.005969026041820607,0.008604473212332044,0.0052010811709431014,-8.44352565,0.53936575,5.16810455
1789051731.591375,23.366,0.0,-0.0,0,2,864,-0.09160978898783505,-1.3926068295666651,-57.892897788430645,0.0,67.0,107.0,1.0,-3.883999361565662,7.652588733029443,61.0,5.173487593193029,16.177238657801272,-58.258494622150415,-0.07739160297942789,0.14296796357030545,0.0,-10.098640653079954,1.0605878881108552,0.004241991155552178,1.0803298041237586,0.0,0.0,2.075735561444411,0.0,0.0,0.0,0.0,0.0,2.554631966382296,1.6015465514189229,,,0,0,0,0.0,-2,170,True,True,False,"A:1,B:1,ESTOP:0,MODE:1",DRIVE_RUN,,,,,,,,,,,,,L,,,False,0,,,,-9999.0,-1.0,-1.0,False,36.96760874666667,127.87384154,121.99699999999999,2,0.00014884000000000002,36.96760874666667,127.87384154,4.0,0.06012571067810059,1.0,0.0,0.09585142135620117,0.0,0.010683105545348506,-58.258494622150415,0.0,0.0,0.0,0.4824856224922808,0.06017898675088284,-0.8551195421796839,0.17987963259991704,0.0032288591161895096,0.001413716694115407,0.009564404300928926,-8.316039199999999,0.6962721499999999,5.1582979
1789051731.641334,23.416,0.0,-0.0,0,2,864,-0.09160978898783505,-1.3926068295666651,-57.88575116955275,0.0,67.0,107.0,1.0,-3.883999361565662,7.652588733029443,61.0,5.173487593193029,16.177238657801272,-58.258494622150415,-0.07739160297942789,-0.20490227170115066,0.0,-10.098640653079954,1.0605878881108552,0.004241991155552178,1.0803298041237586,0.0,0.0,2.075735561444411,0.0,0.0,0.0,0.0,0.0,2.554631966382296,1.6015465514189229,,,0,0,0,0.0,-2,170,True,True,False,"A:1,B:1,ESTOP:0,MODE:1",DRIVE_RUN,,,,,,,,,,,,,L,,,False,0,,,,-9999.0,-1.0,-1.0,False,36.96760874666667,127.87384154,121.99699999999999,2,0.00014884000000000002,36.96760874666667,127.87384154,4.0,0.08513772697448731,1.0,0.0,0.1458754539489746,0.0,0.010683105545348506,-58.258494622150415,0.0,0.0,0.0,0.4824950381160402,0.060174598465967684,-0.8551134882953838,0.17988462421274606,0.007086036763096978,0.0019024088846738192,0.0037699111843077517,-8.414105699999999,0.61781895,5.12887795
1789051731.691288,23.466,0.0,-0.0,0,2,864,-0.09160978898783505,-1.3926068295666651,-57.8960908029712,0.0,67.0,107.0,1.0,-3.883999361565662,7.652588733029443,61.0,5.173487593193029,16.177238657801272,-58.258494622150415,-0.07739160297942789,0.017614109696868198,0.0,-10.098640653079954,1.0605878881108552,0.004241991155552178,1.0803298041237586,0.0,0.0,2.075735561444411,0.0,0.0,0.0,0.0,0.0,2.554631966382296,1.6015465514189229,,,0,0,0,0.0,-2,170,True,True,False,"A:1,B:1,ESTOP:0,MODE:1",DRIVE_RUN,,,,,,,,,,,,,L,,,False,0,,,,-9999.0,-1.0,-1.0,False,36.96760876,127.87384154,121.99699999999999,2,0.00014884000000000002,36.96760876,127.87384154,4.0,0.0122,1.0,1.0,0.0,0.0,0.02983330647436593,-58.258494622150415,0.0,0.0,0.0,0.4824918925801716,0.060194692365437216,-0.8551082533686655,0.17991122151279165,0.005497787143782138,-0.0003141592653589793,0.009407324668249437,-8.3748791,0.53936575,5.295591
1789051731.741287,23.516,0.0,-0.0,0,2,864,-0.09160978898783505,-1.3911225703575858,-57.89521543593017,0.0,67.0,107.0,1.0,-3.8825274416756606,7.652588733029443,61.0,5.173487593193029,16.17719303722926,-58.258494622150415,-0.07739160297942789,-0.3307088461473942,0.0,-10.098640653079954,1.0605878881108552,0.004241991155552178,1.0803298041237586,0.0,0.0,2.075735561444411,0.0,0.0,0.0,0.0,0.0,2.554631966382296,1.6015465514189229,,,0,0,0,0.0,-2,170,True,True,False,"A:1,B:1,ESTOP:0,MODE:1",DRIVE_RUN,,,,,,,,,,,,,L,,,False,0,,,,-9999.0,-1.0,-1.0,False,36.96760876,127.87384154,121.99699999999999,2,0.00014884000000000002,36.96760876,127.87384154,4.0,0.037366511535644534,1.0,0.0,0.05033302307128906,0.0,0.02983330647436593,-58.258494622150415,0.0,0.0,0.0,0.48249607997083804,0.060246947824585145,-0.8550982152962022,0.1799302094920309,0.010489428804485921,0.00022689280275926284,0.005707226654021458,-8.306232549999999,0.67665885,5.10926465
1789051731.791290,23.566,0.0,-0.0,0,2,865,-0.09160978898783505,-1.3911225703575858,-57.91171609088238,0.0,67.0,107.0,1.0,-3.8825274416756606,7.652588733029443,61.0,5.173487593193029,16.17719303722926,-58.258494622150415,-0.07739160297942789,-0.18085185020751435,0.0,-10.098640653079954,1.0605878881108552,0.004241991155552178,1.0803298041237586,0.0,0.0,2.075735561444411,0.0,0.0,0.0,0.0,0.0,2.554631966382296,1.6015465514189229,,,0,0,0,0.0,-2,170,True,True,False,"A:1,B:1,ESTOP:0,MODE:1",DRIVE_RUN,,,,,,,,,,,,,L,,,False,0,,,,-9999.0,-1.0,-1.0,False,36.96760876,127.87384154,121.99699999999999,2,0.00014884000000000002,36.96760876,127.87384154,4.0,0.062369587135314944,1.0,0.0,0.10033917427062988,0.0,0.02983330647436593,-58.258494622150415,0.0,0.0,0.0,0.48243068723541793,0.060319015949646275,-0.8551287637432469,0.17993622688990443,0.00788888821901437,0.0064228116473391324,0.005445427266222308,-8.433719,0.73549875,5.24655775
1789051731.841283,23.616,0.0,-0.0,0,2,864,-0.09160978898783505,-1.3911225703575858,-57.92077605150085,0.0,67.0,107.0,1.0,-3.8825274416756606,7.652588733029443,61.0,5.173487593193029,16.17719303722926,-58.258494622150415,-0.07739160297942789,-0.03160664992178605,0.0,-10.098640653079954,1.0605878881108552,0.004241991155552178,1.0803298041237586,0.0,0.0,2.075735561444411,0.0,0.0,0.0,0.0,0.0,2.554631966382296,1.6015465514189229,,,0,0,0,0.0,-2,170,True,True,False,"A:1,B:1,ESTOP:0,MODE:1",DRIVE_RUN,,,,,,,,,,,,,L,,,False,0,,,,-9999.0,-1.0,-1.0,False,36.96760876,127.87384154,121.99699999999999,2,0.00014884000000000002,36.96760876,127.87384154,4.0,0.08739602775573731,1.0,0.0,0.1503920555114746,0.0,0.02983330647436593,-58.258494622150415,0.0,0.0,0.0,0.4823836222116158,0.06041140842567045,-0.8551489661762204,0.17993540063525404,-0.0019722220547535923,0.004118977034706617,-0.007155849933176751,-8.3748791,0.55897905,5.1386845999999995
1789051731.891294,23.666,0.0,-0.0,0,2,864,-0.09160978898783505,-1.3911225703575858,-57.922350353999775,0.0,67.0,107.0,1.0,-3.8825274416756606,7.652588733029443,61.0,5.173487593193029,16.17719303722926,-58.258494622150415,-0.07739160297942789,-0.12435028976213103,0.0,-10.098640653079954,1.0605878881108552,0.004241991155552178,1.0803298041237586,0.0,0.0,2.075735561444411,0.0,0.0,0.0,0.0,0.0,2.554631966382296,1.6015465514189229,,,0,0,0,0.0,-2,170,True,True,False,"A:1,B:1,ESTOP:0,MODE:1",DRIVE_RUN,,,,,,,,,,,,,L,,,False,0,,,,-9999.0,-1.0,-1.0,False,36.96760876,127.87384154,121.99699999999999,2,0.00014884000000000002,36.96760876,127.87384154,4.0,0.1123737117767334,1.0,0.0,0.2003474235534668,0.0,0.02983330647436593,-58.258494622150415,0.0,0.0,0.0,0.48238205196065703,0.06041887100589745,-0.8551484389546674,0.1799396102196352,0.0047298422729046335,0.0054105206811824215,0.001762782544514273,-8.414105699999999,0.63743225,5.16810455
1789051731.941287,23.716,0.0,-0.0,0,2,864,-0.09101684531661554,-1.3952042845667558,-57.928607708690066,0.0,67.0,107.0,1.0,-3.886498924482297,7.652588733029443,61.0,5.173487593193029,16.176726161479014,-58.258494622150415,-0.07739160297942789,-0.1448858703036423,0.0,-10.098640653079954,1.0605878881108552,0.004241991155552178,1.0803298041237586,0.0,0.0,2.075735561444411,0.0,0.0,0.0,0.0,0.0,2.554631966382296,1.6015465514189229,,,0,0,0,0.0,-2,170,True,True,False,"A:1,B:1,ESTOP:0,MODE:1",DRIVE_RUN,,,,,,,,,,,,,L,,,False,0,,,,-9999.0,-1.0,-1.0,False,36.967608723333335,127.87384154666667,121.99199999999999,2,0.00014884000000000002,36.967608723333335,127.87384154666667,4.0,0.032151462745666506,1.0,0.0,0.03990292549133301,0.0,0.023626175452498586,-58.258494622150415,0.0,0.0,0.0,0.48237262968346317,0.06046364639061527,-0.8551452742577615,0.17996486743814405,0.003787364476827695,-0.0016580627893946131,0.000296705972839036,-8.433719,0.65704555,5.2171378
1789051731.991309,23.766,0.0,-0.0,0,2,864,-0.09101684531661554,-1.3952042845667558,-57.9358462956218,0.0,67.0,107.0,1.0,-3.886498924482297,7.652588733029443,61.0,5.173487593193029,16.176726161479014,-58.258494622150415,-0.07739160297942789,-0.07124779298507825,0.0,-10.098640653079954,1.0605878881108552,0.004241991155552178,1.0803298041237586,0.0,0.0,2.075735561444411,0.0,0.0,0.0,0.0,0.0,2.554631966382296,1.6015465514189229,,,0,0,0,0.0,-2,170,True,True,False,"A:1,B:1,ESTOP:0,MODE:1",DRIVE_RUN,,,,,,,,,,,,,L,,,False,0,,,,-9999.0,-1.0,-1.0,False,36.967608723333335,127.87384154666667,121.99199999999999,2,0.00014884000000000002,36.967608723333335,127.87384154666667,4.0,0.057130100440979006,1.0,0.0,0.08986020088195801,0.0,0.023626175452498586,-58.258494622150415,0.0,0.0,0.0,0.48237679065695166,0.06049101598013887,-0.8551318847936422,0.1800081343452653,-0.0003141592653589793,0.0051836278784231585,-0.005707226654021458,-8.3748791,0.6276256,5.14849125
1789051732.041300,23.816,0.0,-0.0,0,2,865,-0.09101684531661554,-1.3952042845667558,-57.93939344471627,0.0,67.0,107.0,1.0,-3.886498924482297,7.652588733029443,61.0,5.173487593193029,16.176726161479014,-58.258494622150415,-0.07739160297942789,-0.4208986384984304,0.0,-10.098640653079954,1.0605878881108552,0.004241991155552178,1.0803298041237586,0.0,0.0,2.075735561444411,0.0,0.0,0.0,0.0,0.0,2.554631966382296,1.6015465514189229,,,0,0,0,0.0,-2,170,True,True,False,"A:1,B:1,ESTOP:0,MODE:1",DRIVE_RUN,,,,,,,,,,,,,L,,,False,0,,,,-9999.0,-1.0,-1.0,False,36.967608723333335,127.87384154666667,121.99199999999999,2,0.00014884000000000002,36.967608723333335,127.87384154666667,4.0,0.08216369361877442,1.0,0.0,0.13992738723754883,0.0,0.023626175452498586,-58.258494622150415,0.0,0.0,0.0,0.48237627559544255,0.060490059366270506,-0.8551344985552336,0.1799974189848957,0.008674286382411817,0.005777039824101231,-0.0019722220547535923,-8.433719,0.55897905,5.1190713
1789051732.091291,23.866,0.0,-0.0,0,2,864,-0.09101684531661554,-1.3952042845667558,-57.960462540934515,0.0,67.0,107.0,1.0,-3.886498924482297,7.652588733029443,61.0,5.173487593193029,16.176726161479014,-58.258494622150415,-0.07739160297942789,-0.43258459565090696,0.0,-10.098640653079954,1.0605878881108552,0.004241991155552178,1.0803298041237586,0.0,0.0,2.075735561444411,0.0,0.0,0.0,0.0,0.0,2.554631966382296,1.6015465514189229,,,0,0,0,0.0,-2,170,True,True,False,"A:1,B:1,ESTOP:0,MODE:1",DRIVE_RUN,,,,,,,,,,,,,L,,,False,0,,,,-9999.0,-1.0,-1.0,False,36.967608723333335,127.87384154666667,121.99199999999999,2,0.00014884000000000002,36.967608723333335,127.87384154666667,4.0,0.10714364261627198,1.0,0.0,0.18988728523254395,0.0,0.023626175452498586,-58.258494622150415,0.0,0.0,0.0,0.48236477899152636,0.060536174209757536,-0.8551375997476791,0.1799979919284658,0.011257373675363426,-0.0016755160819145565,0.003543018381548489,-8.325845849999999,0.65704555,5.24655775
1789051732.141301,23.916,0.0,-0.0,0,2,864,-0.09131331778419297,-1.3911225703575858,-57.98208710896061,0.0,67.0,107.0,1.0,-3.882489292625199,7.652588733029443,61.0,5.173487593193029,16.176896705684506,-58.258494622150415,-0.07739160297942789,-0.07517082501599845,0.0,-10.098640653079954,1.0605878881108552,0.004241991155552178,1.0803298041237586,0.0,0.0,2.075735561444411,0.0,0.0,0.0,0.0,0.0,2.554631966382296,1.6015465514189229,,,0,0,0,0.0,-2,170,True,True,False,"A:1,B:1,ESTOP:0,MODE:1",DRIVE_RUN,,,,,,,,,,,,,L,,,False,0,,,,-9999.0,-1.0,-1.0,False,36.96760876,127.87384154333333,121.99199999999999,2,0.00014884000000000002,36.96760876,127.87384154333333,4.0,0.0327610990524292,1.0,0.0,0.0411221981048584,0.0,0.0026083060673650843,-58.258494622150415,0.0,0.0,0.0,0.4823234129264743,0.06055316715076731,-0.8551516576973868,0.18003633418946402,0.005375614096142535,-0.0043982297150257105,0.006213372137099813,-8.36507245,0.61781895,5.18771785
1789051732.191299,23.966,0.0,-0.0,0,2,865,-0.09131331778419297,-1.3911225703575858,-57.985834642444516,0.0,67.0,107.0,1.0,-3.882489292625199,7.652588733029443,61.0,5.173487593193029,16.176896705684506,-58.258494622150415,-0.07739160297942789,-0.24151783811932145,0.0,-10.098640653079954,1.0605878881108552,0.004241991155552178,1.0803298041237586,0.0,0.0,2.075735561444411,0.0,0.0,0.0,0.0,0.0,2.554631966382296,1.6015465514189229,,,0,0,0,0.0,-2,170,True,True,False,"A:1,B:1,ESTOP:0,MODE:1",DRIVE_RUN,,,,,,,,,,,,,L,,,False,0,,,,-9999.0,-1.0,-1.0,False,36.96760876,127.87384154333333,121.99199999999999,2,0.00014884000000000002,36.96760876,127.87384154333333,4.0,0.05777144641876221,1.0,0.0,0.09114289283752441,0.0,0.0026083060673650843,-58.258494622150415,0.0,0.0,0.0,0.4823092715207969,0.06058511456845515,-0.8551519375415102,0.18006213987622877,0.006440264939859076,0.00027925268031909274,0.0012915436464758037,-8.44352565,0.57859235,5.3348176
1789051732.241281,24.016,0.0,-0.0,0,2,865,-0.09131331778419297,-1.3911225703575858,-57.997988431739756,0.0,67.0,107.0,1.0,-3.882489292625199,7.652588733029443,61.0,5.173487593193029,16.176896705684506,-58.258494622150415,-0.07739160297942789,-0.4974296253590619,0.0,-10.098640653079954,1.0605878881108552,0.004241991155552178,1.0803298041237586,0.0,0.0,2.075735561444411,0.0,0.0,0.0,0.0,0.0,2.554631966382296,1.6015465514189229,,,0,0,0,0.0,-2,170,True,True,False,"A:1,B:1,ESTOP:0,MODE:1",DRIVE_RUN,,,,,,,,,,,,,L,,,False,0,,,,-9999.0,-1.0,-1.0,False,36.96760876,127.87384154333333,121.99199999999999,2,0.00014884000000000002,36.96760876,127.87384154333333,4.0,0.0827944299697876,1.0,0.0,0.1411888599395752,0.0,0.0026083060673650843,-58.258494622150415,0.0,0.0,0.0,0.48231084284387227,0.06061286785127723,-0.8551474282048803,0.18007000627715913,0.015114551322270894,0.0024434609527920616,0.00767944870877505,-8.433719,0.6080123,5.20733115
1789051732.291258,24.066,0.0,-0.0,0,2,864,-0.09131331778419297,-1.3911225703575858,-58.02274402054262,0.0,67.0,107.0,1.0,-3.882489292625199,7.652588733029443,61.0,5.173487593193029,16.176896705684506,-58.258494622150415,-0.07739160297942789,-0.19415229975596765,0.0,-10.098640653079954,1.0605878881108552,0.004241991155552178,1.0803298041237586,0.0,0.0,2.075735561444411,0.0,0.0,0.0,0.0,0.0,2.554631966382296,1.6015465514189229,,,0,0,0,0.0,-2,170,True,True,False,"A:1,B:1,ESTOP:0,MODE:1",DRIVE_RUN,,,,,,,,,,,,,L,,,False,0,,,,-9999.0,-1.0,-1.0,False,36.96760875166667,127.87384152666667,121.99600000000001,2,0.00014884000000000002,36.96760875166667,127.87384152666667,4.0,0.0122,1.0,1.0,0.0,0.0,0.033490081776769064,-58.258494622150415,0.0,0.0,0.0,0.4822245240772376,0.06067023190369378,-0.8551929773212626,0.18006555161837118,0.006492624817418906,-0.004572762640225144,0.003839724354387525,-8.316039199999999,0.5982056499999999,5.22694445
1789051732.341259,24.116,0.0,-0.0,0,2,864,-0.09279567633027407,-1.392050232462132,-58.03248041835111,0.0,67.0,107.0,1.0,-3.8835999882320875,7.652588733029443,61.0,5.173487593193029,16.178406860815212,-58.258494622150415,-0.07739160297942789,-0.23171196138046532,0.0,-10.098640653079954,1.0605878881108552,0.004241991155552178,1.0803298041237586,0.0,0.0,2.075735561444411,0.0,0.0,0.0,0.0,0.0,2.554631966382296,1.6015465514189229,,,0,0,0,0.0,-2,170,True,True,False,"A:1,B:1,ESTOP:0,MODE:1",DRIVE_RUN,,,,,,,,,,,,,L,,,False,0,,,,-9999.0,-1.0,-1.0,False,36.96760875166667,127.87384152666667,121.99600000000001,2,0.00014884000000000002,36.96760875166667,127.87384152666667,4.0,0.0374985954284668,1.0,0.0,0.050597190856933594,0.0,0.033490081776769064,-58.258494622150415,0.0,0.0,0.0,0.4822287100559199,0.06068726821543654,-0.8551879528598423,0.1800724630745727,0.004049163864626845,-0.0004188790204786391,-0.0027925268031909274,-8.3748791,0.6080123,5.10926465
1789051732.391267,24.166,0.0,-0.0,0,2,864,-0.09279567633027407,-1.392050232462132,-58.04404854812928,0.0,67.0,107.0,1.0,-3.8835999882320875,7.652588733029443,61.0,5.173487593193029,16.178406860815212,-58.258494622150415,-0.07739160297942789,-0.32340328646399946,0.0,-10.098640653079954,1.0605878881108552,0.004241991155552178,1.0803298041237586,0.0,0.0,2.075735561444411,0.0,0.0,0.0,0.0,0.0,2.554631966382296,1.6015465514189229,,,0,0,0,0.0,-2,170,True,True,False,"A:1,B:1,ESTOP:0,MODE:1",DRIVE_RUN,,,,,,,,,,,,,L,,,False,0,,,,-9999.0,-1.0,-1.0,False,36.96760875166667,127.87384152666667,121.99600000000001,2,0.00014884000000000002,36.96760875166667,127.87384152666667,4.0,0.06252467842102051,1.0,0.0,0.10064935684204102,0.0,0.033490081776769064,-58.258494622150415,0.0,0.0,0.0,0.4822286753823961,0.060697591878283504,-0.8551795826185326,0.18010882391351465,0.010454522219446033,-0.001361356816555577,0.005934119456780721,-8.3748791,0.5982056499999999,5.28578435
1789051732.441299,24.216,0.0,-0.0,0,2,864,-0.09279567633027407,-1.392050232462132,-58.06021036965339,0.0,67.0,107.0,1.0,-3.8835999882320875,7.652588733029443,61.0,5.173487593193029,16.178406860815212,-58.258494622150415,-0.07739160297942789,-0.5884532434695122,0.0,-10.098640653079954,1.0605878881108552,0.004241991155552178,1.0803298041237586,0.0,0.0,2.075735561444411,0.0,0.0,0.0,0.0,0.0,2.554631966382296,1.6015465514189229,,,0,0,0,0.0,-2,170,True,True,False,"A:1,B:1,ESTOP:0,MODE:1",DRIVE_RUN,,,,,,,,,,,,,L,,,False,0,,,,-9999.0,-1.0,-1.0,False,36.96760875166667,127.87384152666667,121.99600000000001,2,0.00014884000000000002,36.96760875166667,127.87384152666667,4.0,0.08752179355621338,1.0,0.0,0.15064358711242676,0.0,0.033490081776769064,-58.258494622150415,0.0,0.0,0.0,0.4822224247632767,0.06075233622245212,-0.8551807899021124,0.1801013694599212,0.010454522219446033,-0.0046251225177849735,-0.003473205211468716,-8.44352565,0.5099457999999999,5.16810455
1789051732.491420,24.266,0.0,-0.0,0,2,864,-0.09279567633027407,-1.392050232462132,-58.0896466126913,0.0,67.0,107.0,1.0,-3.8835999882320875,7.652588733029443,61.0,5.173487593193029,16.178406860815212,-58.258494622150415,-0.07739160297942789,-0.33759053359841634,0.0,-10.098640653079954,1.0605878881108552,0.004241991155552178,1.0803298041237586,0.0,0.0,2.075735561444411,0.0,0.0,0.0,0.0,0.0,2.554631966382296,1.6015465514189229,,,0,0,0,0.0,-2,170,True,True,False,"A:1,B:1,ESTOP:0,MODE:1",DRIVE_RUN,,,,,,,,,,,,,L,,,False,0,,,,-9999.0,-1.0,-1.0,False,36.96760873833333,127.873841545,121.994,2,0.00014884000000000002,36.96760875166667,127.87384152666667,4.0,0.11250972957611084,1.0,0.0,0.20061945915222168,0.0,0.033490081776769064,-58.258494622150415,0.0,0.0,0.0,0.4821428466808338,0.06076108872487077,-0.8552183233288555,0.1801332421682664,0.005427973973702365,0.001780235837034216,-0.004572762640225144,-8.306232549999999,0.6080123,5.08965135
1789051732.541275,24.316,0.0,-0.0,0,2,864,-0.09116508091843657,-1.3935344924621837,-58.10652209888087,0.0,67.0,107.0,1.0,-3.8848620886410274,7.652588733029443,61.0,5.173487593193029,16.176822743235313,-58.258494622150415,-0.07739160297942789,-0.014086119466018468,0.0,-10.098640653079954,1.0605878881108552,0.004241991155552178,1.0803298041237586,0.0,0.0,2.075735561444411,0.0,0.0,0.0,0.0,0.0,2.554631966382296,1.6015465514189229,,,0,0,0,0.0,-2,170,True,True,False,"A:1,B:1,ESTOP:0,MODE:1",DRIVE_RUN,,,,,,,,,,,,,L,,,False,0,,,,-9999.0,-1.0,-1.0,False,36.96760873833333,127.873841545,121.994,2,0.00014884000000000002,36.96760873833333,127.873841545,4.0,0.033382775497436526,1.0,0.0,0.04236555099487305,0.0,0.02181447443130786,-58.258494622150415,0.0,0.0,0.0,0.48218312913295047,0.060762825403249614,-0.8551927581031292,0.18014620594543018,0.0026354471705114374,0.002617993877991494,0.0020943951023931952,-8.46313895,0.65704555,5.2367511
1789051732.591321,24.366,0.0,-0.0,0,2,864,-0.09116508091843657,-1.3935344924621837,-58.1072269919012,0.0,67.0,107.0,1.0,-3.8848620886410274,7.652588733029443,61.0,5.173487593193029,16.176822743235313,-58.258494622150415,-0.07739160297942789,-0.45106265258392586,0.0,-10.098640653079954,1.0605878881108552,0.004241991155552178,1.0803298041237586,0.0,0.0,2.075735561444411,0.0,0.0,0.0,0.0,0.0,2.554631966382296,1.6015465514189229,,,0,0,0,0.0,-2,170,True,True,False,"A:1,B:1,ESTOP:0,MODE:1",DRIVE_RUN,,,,,,,,,,,,,L,,,False,0,,,,-9999.0,-1.0,-1.0,False,36.96760873833333,127.873841545,121.994,2,0.00014884000000000002,36.96760873833333,127.873841545,4.0,0.05845046253204346,1.0,0.0,0.09250092506408691,0.0,0.02181447443130786,-58.258494622150415,0.0,0.0,0.0,0.4821512580167569,0.06085527617871368,-0.8552065467741263,0.1801348442382679,0.0048345620280242935,0.008691739674931762,-0.010995574287564275,-8.3748791,0.5883989999999999,5.1386845999999995
1789051732.641296,24.416,0.0,-0.0,0,2,865,-0.09116508091843657,-1.3935344924621837,-58.129823872500765,0.0,67.0,107.0,1.0,-3.8848620886410274,7.652588733029443,61.0,5.173487593193029,16.176822743235313,-58.258494622150415,-0.07739160297942789,-0.4782308389492896,0.0,-10.098640653079954,1.0605878881108552,0.004241991155552178,1.0803298041237586,0.0,0.0,2.075735561444411,0.0,0.0,0.0,0.0,0.0,2.554631966382296,1.6015465514189229,,,0,0,0,0.0,-2,170,True,True,False,"A:1,B:1,ESTOP:0,MODE:1",DRIVE_RUN,,,,,,,,,,,,,L,,,False,0,,,,-9999.0,-1.0,-1.0,False,36.96760873833333,127.873841545,121.994,2,0.00014884000000000002,36.96760873833333,127.873841545,4.0,0.0833885690689087,1.0,0.0,0.14237713813781738,0.0,0.02181447443130786,-58.258494622150415,0.0,0.0,0.0,0.48212716622888424,0.060860620211735765,-0.8552163407438931,0.1801510228007991,0.008552113334772215,-0.0023387411976724015,-0.0033859387488689996,-8.52197885,0.7060787999999999,5.1779112
1789051732.691280,24.466,0.0,-0.0,0,2,864,-0.09116508091843657,-1.3935344924621837,-58.15369514289607,0.0,67.0,107.0,1.0,-3.8848620886410274,7.652588733029443,61.0,5.173487593193029,16.176822743235313,-58.258494622150415,-0.07739160297942789,-0.38162720238377484,0.0,-10.098640653079954,1.0605878881108552,0.004241991155552178,1.0803298041237586,0.0,0.0,2.075735561444411,0.0,0.0,0.0,0.0,0.0,2.554631966382296,1.6015465514189229,,,0,0,0,0.0,-2,170,True,True,False,"A:1,B:1,ESTOP:0,MODE:1",DRIVE_RUN,,,,,,,,,,,,,L,,,False,0,,,,-9999.0,-1.0,-1.0,False,36.967608721666664,127.87384153833334,121.98599999999999,2,0.00014884000000000002,36.967608721666664,127.87384153833334,4.0,0.0122,1.0,1.0,0.0,0.0,0.03096816564459644,-58.258494622150415,0.0,0.0,0.0,0.48211456835769173,0.060855048991619885,-0.8552180037810654,0.18017872237929194,0.01096066770252439,-0.005864306286700947,0.005235987755982988,-8.316039199999999,0.6864655000000001,5.18771785
1789051732.741277,24.516,0.0,-0.0,0,2,864,-0.0917580245896561,-1.3953898174622485,-58.17273617757006,0.0,67.0,107.0,1.0,-3.8867782877475885,7.652588733029443,61.0,5.173487593193029,16.177472727702092,-58.258494622150415,-0.07739160297942789,-0.38035291513347413,0.0,-10.098640653079954,1.0605878881108552,0.004241991155552178,1.0803298041237586,0.0,0.0,2.075735561444411,0.0,0.0,0.0,0.0,0.0,2.554631966382296,1.6015465514189229,,,0,0,0,0.0,-2,170,True,True,False,"A:1,B:1,ESTOP:0,MODE:1",DRIVE_RUN,,,,,,,,,,,,,L,,,False,0,,,,-9999.0,-1.0,-1.0,False,36.967608721666664,127.87384153833334,121.98599999999999,2,0.00014884000000000002,36.967608721666664,127.87384153833334,4.0,0.03426432819366455,1.0,0.0,0.0441286563873291,0.0,0.03096816564459644,-58.258494622150415,0.0,0.0,0.0,0.48207687873757277,0.06084775884954042,-0.8552388711598606,0.18018298056929505,0.00932005820564972,0.016667894356545847,-0.0012566370614359172,-8.433719,0.6276256,5.099458
1789051732.791275,24.566,0.0,-0.0,0,2,864,-0.0917580245896561,-1.3953898174622485,-58.19191857656736,0.0,67.0,107.0,1.0,-3.8867782877475885,7.652588733029443,61.0,5.173487593193029,16.177472727702092,-58.258494622150415,-0.07739160297942789,-0.24655178265373912,0.0,-10.098640653079954,1.0605878881108552,0.004241991155552178,1.0803298041237586,0.0,0.0,2.075735561444411,0.0,0.0,0.0,0.0,0.0,2.554631966382296,1.6015465514189229,,,0,0,0,0.0,-2,170,True,True,False,"A:1,B:1,ESTOP:0,MODE:1",DRIVE_RUN,,,,,,,,,,,,,L,,,False,0,,,,-9999.0,-1.0,-1.0,False,36.967608721666664,127.87384153833334,121.98599999999999,2,0.00014884000000000002,36.967608721666664,127.87384153833334,4.0,0.0592503568649292,1.0,0.0,0.0941007137298584,0.0,0.03096816564459644,-58.258494622150415,0.0,0.0,0.0,0.48213243896059793,0.06096973044535029,-0.8552034856622309,0.1801610429102171,0.00153588974175501,-1.7453292519943296e-05,-0.008360127117052838,-8.44352565,0.57859235,5.1779112
1789051732.841285,24.616,0.0,-0.0,0,2,864,-0.0917580245896561,-1.3953898174622485,-58.20418043507982,0.0,67.0,107.0,1.0,-3.8867782877475885,7.652588733029443,61.0,5.173487593193029,16.177472727702092,-58.258494622150415,-0.07739160297942789,-0.2829561480073438,0.0,-10.098640653079954,1.0605878881108552,0.004241991155552178,1.0803298041237586,0.0,0.0,2.075735561444411,0.0,0.0,0.0,0.0,0.0,2.554631966382296,1.6015465514189229,,,0,0,0,0.0,-2,170,True,True,False,"A:1,B:1,ESTOP:0,MODE:1",DRIVE_RUN,,,,,,,,,,,,,L,,,False,0,,,,-9999.0,-1.0,-1.0,False,36.967608721666664,127.87384153833334,121.98599999999999,2,0.00014884000000000002,36.967608721666664,127.87384153833334,4.0,0.08429897041320801,1.0,0.0,0.14419794082641602,0.0,0.03096816564459644,-58.258494622150415,0.0,0.0,0.0,0.4821246572155693,0.061061998562135934,-0.8552032618740855,0.1801516808589138,0.01043706892692609,-0.002181661564992912,0.0072954762733362976,-8.414105699999999,0.57859235,5.08965135
1789051732.891551,24.666,0.0,-0.0,0,2,864,-0.0917580245896561,-1.3953898174622485,-58.218306371298894,0.0,67.0,107.0,1.0,-3.8867782877475885,7.652588733029443,61.0,5.173487593193029,16.177472727702092,-58.258494622150415,-0.07739160297942789,-0.14285965336036488,0.0,-10.098640653079954,1.0605878881108552,0.004241991155552178,1.0803298041237586,0.0,0.0,2.075735561444411,0.0,0.0,0.0,0.0,0.0,2.554631966382296,1.6015465514189229,,,0,0,0,0.0,-2,170,True,True,False,"A:1,B:1,ESTOP:0,MODE:1",DRIVE_RUN,,,,,,,,,,,,,L,,,False,0,,,,-9999.0,-1.0,-1.0,False,36.967608741666666,127.87384152333334,121.993,2,0.00014884000000000002,36.967608741666666,127.87384152333334,4.0,0.0122,1.0,1.0,0.0,0.0,0.01770470153987914,-58.258494622150415,0.0,0.0,0.0,0.482068066861282,0.06100857493983252,-0.855233788082,0.18017630371208654,0.005654866776461628,0.003420845333908886,0.002670353755551324,-8.3748791,0.77472535,5.3544309
1789051732.941291,24.716,0.0,-0.0,0,2,864,-0.09309214753391616,-1.3931634274621707,-58.22543170386993,0.0,67.0,107.0,1.0,-3.884742077788348,7.652588733029443,61.0,5.173487593193029,16.178737455192238,-58.258494622150415,-0.07739160297942789,0.036265791189609584,0.0,-10.098640653079954,1.0605878881108552,0.004241991155552178,1.0803298041237586,0.0,0.0,2.075735561444411,0.0,0.0,0.0,0.0,0.0,2.554631966382296,1.6015465514189229,,,0,0,0,0.0,-2,170,True,True,False,"A:1,B:1,ESTOP:0,MODE:1",DRIVE_RUN,,,,,,,,,,,,,L,,,False,0,,,,-9999.0,-1.0,-1.0,False,36.967608741666666,127.87384152333334,121.993,2,0.00014884000000000002,36.967608741666666,127.87384152333334,4.0,0.033855559539794924,1.0,0.0,0.043311119079589844,0.0,0.01770470153987914,-58.258494622150415,0.0,0.0,0.0,0.48205863252046677,0.061088571158828375,-0.855225534102389,0.18021361520582663,0.001413716694115407,0.004799655442984407,0.0011693705988362008,-8.38468575,0.57859235,5.3348176
1789051732.991263,24.766,0.0,-0.0,0,2,864,-0.09309214753391616,-1.3931634274621707,-58.22361683374152,0.0,67.0,107.0,1.0,-3.884742077788348,7.652588733029443,61.0,5.173487593193029,16.178737455192238,-58.258494622150415,-0.07739160297942789,0.11523525006157079,0.0,-10.098640653079954,1.0605878881108552,0.004241991155552178,1.0803298041237586,0.0,0.0,2.075735561444411,0.0,0.0,0.0,0.0,0.0,2.554631966382296,1.6015465514189229,,,0,0,0,0.0,-2,170,True,True,False,"A:1,B:1,ESTOP:0,MODE:1",DRIVE_RUN,,,,,,,,,,,,,L,,,False,0,,,,-9999.0,-1.0,-1.0,False,36.967608741666666,127.87384152333334,121.993,2,0.00014884000000000002,36.967608741666666,127.87384152333334,4.0,0.05885672779083252,1.0,0.0,0.09331345558166504,0.0,0.01770470153987914,-58.258494622150415,0.0,0.0,0.0,0.482049785963642,0.06115404593440121,-0.8552272145865846,0.18020709738723398,0.005602506898901798,-0.00778416846389471,0.013892820845874863,-8.24739265,0.5197524499999999,5.099458
1789051733.041288,24.816,0.0,-0.0,0,2,864,-0.09309214753391616,-1.3931634274621707,-58.217854087661195,0.0,67.0,107.0,1.0,-3.884742077788348,7.652588733029443,61.0,5.173487593193029,16.178737455192238,-58.258494622150415,-0.07739160297942789,-0.5617841654266024,0.0,-10.098640653079954,1.0605878881108552,0.004241991155552178,1.0803298041237586,0.0,0.0,2.075735561444411,0.0,0.0,0.0,0.0,0.0,2.554631966382296,1.6015465514189229,,,0,0,0,0.0,-2,170,True,True,False,"A:1,B:1,ESTOP:0,MODE:1",DRIVE_RUN,,,,,,,,,,,,,L,,,False,0,,,,-9999.0,-1.0,-1.0,False,36.967608741666666,127.87384152333334,121.993,2,0.00014884000000000002,36.967608741666666,127.87384152333334,4.0,0.08385753841400147,1.0,0.0,0.14331507682800293,0.0,0.01770470153987914,-58.258494622150415,0.0,0.0,0.0,0.48204714413539135,0.061099491041534275,-0.8552336583646568,0.18020208829418197,0.011676252695842066,5.235987755982989e-05,-0.0011344640137963143,-8.629852,0.77472535,5.32501095
1789051733.091270,24.866,0.0,-0.0,0,2,864,-0.09309214753391616,-1.3931634274621707,-58.245986129874964,0.0,67.0,107.0,1.0,-3.884742077788348,7.652588733029443,61.0,5.173487593193029,16.178737455192238,-58.258494622150415,-0.07739160297942789,0.11468376948569868,0.0,-10.098640653079954,1.0605878881108552,0.004241991155552178,1.0803298041237586,0.0,0.0,2.075735561444411,0.0,0.0,0.0,0.0,0.0,2.554631966382296,1.6015465514189229,,,0,0,0,0.0,-2,170,True,True,False,"A:1,B:1,ESTOP:0,MODE:1",DRIVE_RUN,,,,,,,,,,,,,L,,,False,0,,,,-9999.0,-1.0,-1.0,False,36.967608741666666,127.87384152333334,121.993,2,0.00014884000000000002,36.967608741666666,127.87384152333334,4.0,0.1088496467590332,1.0,0.0,0.1932992935180664,0.0,0.01770470153987914,-58.258494622150415,0.0,0.0,0.0,0.48196693585680184,0.06105751371675895,-0.8552671716980299,0.18027178862813117,0.0038048177693476384,-3.490658503988659e-05,0.009285151620609835,-8.129712849999999,0.61781895,5.30539765
1789051733.141291,24.916,0.0,-0.0,0,2,864,-0.09279567633027407,-1.392050232462132,-58.24021776844252,0.0,67.0,107.0,1.0,-3.8835999882320875,7.652588733029443,61.0,5.173487593193029,16.178406860815212,-58.258494622150415,-0.07739160297942789,0.2626389926660495,0.0,-10.098640653079954,1.0605878881108552,0.004241991155552178,1.0803298041237586,0.0,0.0,2.075735561444411,0.0,0.0,0.0,0.0,0.0,2.554631966382296,1.6015465514189229,,,0,0,0,0.0,-2,170,True,True,False,"A:1,B:1,ESTOP:0,MODE:1",DRIVE_RUN,,,,,,,,,,,,,L,,,False,0,,,,-9999.0,-1.0,-1.0,False,36.96760875166667,127.87384152666667,121.99099999999999,2,0.00014884000000000002,36.96760875166667,127.87384152666667,4.0,0.03222692222595215,1.0,0.0,0.0400538444519043,0.0,0.031156407752677556,-58.258494622150415,0.0,0.0,0.0,0.48203189585562084,0.06110979751425747,-0.8552316481056573,0.1802489170677129,-0.006894050545377602,0.011571532940722405,-0.007033676885537149,-8.4533323,0.6080123,5.18771785
1789051733.191283,24.966,0.0,-0.0,0,2,864,-0.09279567633027407,-1.392050232462132,-58.227136113599215,0.0,67.0,107.0,1.0,-3.8835999882320875,7.652588733029443,61.0,5.173487593193029,16.178406860815212,-58.258494622150415,-0.07739160297942789,0.5407677919570901,0.0,-10.098640653079954,1.0605878881108552,0.004241991155552178,1.0803298041237586,0.0,0.0,2.075735561444411,0.0,0.0,0.0,0.0,0.0,2.554631966382296,1.6015465514189229,,,0,0,0,0.1190674901008606,-2,170,True,True,False,"A:1,B:1,ESTOP:0,MODE:1",DRIVE_RUN,,,,,,,,,,,,,L,,,False,0,,,,-9999.0,-1.0,-1.0,False,36.96760875166667,127.87384152666667,121.99099999999999,2,0.00014884000000000002,36.96760875166667,127.87384152666667,4.0,0.05723488540649414,1.0,0.0,0.09006977081298828,0.0,0.031156407752677556,-58.258494622150415,0.0,0.0,0.0,0.48205439208035655,0.06115228391582406,-0.8552120758302867,0.18026720889271075,-0.008011061266653973,0.007801621756414653,0.001832595714594046,-8.38468575,0.43149259999999995,5.952636549999999
1789051733.241289,25.016,0.0,-0.0,0,2,864,-0.09279567633027407,-1.392050232462132,-58.200110384837856,0.0,67.0,107.0,1.0,-3.8835999882320875,7.652588733029443,61.0,5.173487593193029,16.178406860815212,-58.258494622150415,-0.07739160297942789,-0.1787837853588428,0.0,-10.098640653079954,1.0605878881108552,0.004241991155552178,1.0803298041237586,0.0,0.0,2.075735561444411,0.0,0.0,0.0,0.0,0.0,2.554631966382296,1.6015465514189229,,,0,0,0,0.14529606699943542,-2,170,True,True,False,"A:1,B:1,ESTOP:0,MODE:1",DRIVE_RUN,,,,,,,,,,,,,L,,,False,0,,,,-9999.0,-1.0,-1.0,False,36.96760875166667,127.87384152666667,121.99099999999999,2,0.00014884000000000002,36.96760875166667,127.87384152666667,4.0,0.08222449035644532,1.0,0.0,0.14004898071289062,0.0,0.031156407752677556,-58.258494622150415,0.0,0.0,0.0,0.4821213773064514,0.06113793367151889,-0.8551762121279737,0.18026307669891348,-0.003298672286269283,-0.0036477381366681488,-0.014364059743913332,-8.36507245,0.6668522,5.38385085
1789051733.291257,25.066,0.0,-0.0,0,2,864,-0.09279567633027407,-1.392050232462132,-58.20899730686966,0.0,67.0,107.0,1.0,-3.8835999882320875,7.652588733029443,61.0,5.173487593193029,16.178406860815212,-58.258494622150415,-0.07739160297942789,-0.030760267386893997,0.0,-10.098640653079954,1.0605878881108552,0.004241991155552178,1.0803298041237586,0.0,0.0,2.075735561444411,0.0,0.0,0.0,0.0,0.0,2.554631966382296,1.6015465514189229,,,0,0,0,0.12438411265611649,-2,170,True,True,False,"A:1,B:1,ESTOP:0,MODE:1",DRIVE_RUN,,,,,,,,,,,,,L,,,False,0,,,,-9999.0,-1.0,-1.0,False,36.967608711666664,127.87384151,121.989,2,0.00014884000000000002,36.967608711666664,127.87384151,4.0,0.0122,1.0,1.0,0.0,0.0,0.03241186269205407,-58.258494622150415,0.0,0.0,0.0,0.4820343362029754,0.06106473740053854,-0.8552119463721983,0.18035111130746126,0.002897246558310587,0.011641346110802179,0.0004363323129985824,-8.2768126,0.5982056499999999,5.0013914999999995
1789051733.341272,25.116,0.0,-0.0,0,2,864,-0.09427803487635518,-1.3965030124622875,-58.210544442043386,0.0,67.0,107.0,1.0,-3.8882064958328715,7.652588733029443,61.0,5.173487593193029,16.18002602100478,-58.258494622150415,-0.07739160297942789,0.09609100172278695,0.0,-10.098640653079954,1.0605878881108552,0.004241991155552178,1.0803298041237586,0.0,0.0,2.075735561444411,0.0,0.0,0.0,0.0,0.0,2.554631966382296,1.6015465514189229,,,0,0,0,0.10913293808698654,-2,170,True,True,False,"A:1,B:1,ESTOP:0,MODE:1",DRIVE_RUN,,,,,,,,,,,,,L,,,False,0,,,,-9999.0,-1.0,-1.0,False,36.967608711666664,127.87384151,121.989,2,0.00014884000000000002,36.967608711666664,127.87384151,4.0,0.03703987808227539,1.0,0.0,0.04967975616455078,0.0,0.03241186269205407,-58.258494622150415,0.0,0.0,0.0,0.4821050343394663,0.06116181681894387,-0.8551668650452157,0.18034300917054044,0.0008028514559173916,-0.003403392041388943,0.003525565089028546,-8.44352565,0.55897905,5.12887795
1789051733.391282,25.166,0.0,-0.0,0,2,864,-0.09427803487635518,-1.3965030124622875,-58.20574363084967,0.0,67.0,107.0,1.0,-3.8882064958328715,7.652588733029443,61.0,5.173487593193029,16.18002602100478,-58.258494622150415,-0.07739160297942789,-0.10845706963361773,0.0,-10.098640653079954,1.0605878881108552,0.004241991155552178,1.0803298041237586,0.0,0.0,2.075735561444411,0.0,0.0,0.0,0.0,0.0,2.554631966382296,1.6015465514189229,,,0,0,0,0.10240370780229568,-2,170,True,True,False,"A:1,B:1,ESTOP:0,MODE:1",DRIVE_RUN,,,,,,,,,,,,,L,,,False,0,,,,-9999.0,-1.0,-1.0,False,36.967608711666664,127.87384151,121.989,2,0.00014884000000000002,36.967608711666664,127.87384151,4.0,0.06203961582183838,1.0,0.0,0.09967923164367676,0.0,0.03241186269205407,-58.258494622150415,0.0,0.0,0.0,0.48206320849252166,0.06119761483843137,-0.8551910217860876,0.18032812096966463,0.006981317007977318,0.0016057029118347831,0.0067369709126981125,-8.306232549999999,0.55897905,5.099458
1789051733.441305,25.216,0.0,-0.0,0,2,864,-0.09427803487635518,-1.3965030124622875,-58.211156782342044,0.0,67.0,107.0,1.0,-3.8882064958328715,7.652588733029443,61.0,5.173487593193029,16.18002602100478,-58.258494622150415,-0.07739160297942789,-0.3749179324580252,0.0,-10.098640653079954,1.0605878881108552,0.004241991155552178,1.0803298041237586,0.0,0.0,2.075735561444411,0.0,0.0,0.0,0.0,0.0,2.554631966382296,1.6015465514189229,,,0,0,0,0.08400718867778778,-2,170,True,True,False,"A:1,B:1,ESTOP:0,MODE:1",DRIVE_RUN,,,,,,,,,,,,,L,,,False,0,,,,-9999.0,-1.0,-1.0,False,36.967608711666664,127.87384151,121.989,2,0.00014884000000000002,36.967608711666664,127.87384151,4.0,0.08707058639526367,1.0,0.0,0.14974117279052734,0.0,0.03241186269205407,-58.258494622150415,0.0,0.0,0.0,0.4820762215922723,0.06115433538556517,-0.8551801163450771,0.1803597306687069,0.008395033702092726,0.00153588974175501,-0.0005410520681182421,-8.44352565,0.7158854499999999,5.14849125
1789051733.491336,25.266,0.0,-0.0,0,2,864,-0.09427803487635518,-1.3965030124622875,-58.229959422086935,0.0,67.0,107.0,1.0,-3.8882064958328715,7.652588733029443,61.0,5.173487593193029,16.18002602100478,-58.258494622150415,-0.07739160297942789,0.02968699450521236,0.0,-10.098640653079954,1.0605878881108552,0.004241991155552178,1.0803298041237586,0.0,0.0,2.075735561444411,0.0,0.0,0.0,0.0,0.0,2.554631966382296,1.6015465514189229,,,0,0,0,0.0742817372083664,-2,170,True,True,False,"A:1,B:1,ESTOP:0,MODE:1",DRIVE_RUN,,,,,,,,,,,,,L,,,False,0,,,,-9999.0,-1.0,-1.0,False,36.967608715,127.87384151666667,121.987,2,0.00014884000000000002,36.967608715,127.87384151666667,4.0,0.0122,1.0,1.0,0.0,0.0,0.03853612405185503,-58.258494622150415,0.0,0.0,0.0,0.4821248879641622,0.06118497042608736,-0.8551486697819675,0.18036835745117408,0.00022689280275926284,0.010524335389525807,-0.002181661564992912,-8.44352565,0.5687857,5.16810455
1789051733.541304,25.316,0.0,-0.0,0,2,864,-0.09368509120513568,-1.3961319474622746,-58.22847742365036,0.0,67.0,107.0,1.0,-3.8877622174007085,7.652588733029443,61.0,5.173487593193029,16.179421856933775,-58.258494622150415,-0.07739160297942789,-0.018829104966319878,0.0,-10.098640653079954,1.0605878881108552,0.004241991155552178,1.0803298041237586,0.0,0.0,2.075735561444411,0.0,0.0,0.0,0.0,0.0,2.554631966382296,1.6015465514189229,,,0,0,0,0.07686450332403183,-2,170,True,True,False,"A:1,B:1,ESTOP:0,MODE:1",DRIVE_RUN,,,,,,,,,,,,,L,,,False,0,,,,-9999.0,-1.0,-1.0,False,36.967608715,127.87384151666667,121.987,2,0.00014884000000000002,36.967608715,127.87384151666667,4.0,0.03710067481994629,1.0,0.0,0.04980134963989258,0.0,0.03853612405185503,-58.258494622150415,0.0,0.0,0.0,0.4820966244713969,0.06123855171053653,-0.8551575577144868,0.18038358002178262,-0.0021118483949131386,0.0004537856055185257,-0.006841690667817772,-8.394492399999999,0.5197524499999999,5.1975245
1789051733.591327,25.366,0.0,-0.0,0,2,864,-0.09368509120513568,-1.3961319474622746,-58.229416584015325,0.0,67.0,107.0,1.0,-3.8877622174007085,7.652588733029443,61.0,5.173487593193029,16.179421856933775,-58.258494622150415,-0.07739160297942789,0.17138509535747282,0.0,-10.098640653079954,1.0605878881108552,0.004241991155552178,1.0803298041237586,0.0,0.0,2.075735561444411,0.0,0.0,0.0,0.0,0.0,2.554631966382296,1.6015465514189229,,,0,0,0,0.08453388512134552,-2,170,True,True,False,"A:1,B:1,ESTOP:0,MODE:1",DRIVE_RUN,,,,,,,,,,,,,L,,,False,0,,,,-9999.0,-1.0,-1.0,False,36.967608715,127.87384151666667,121.987,2,0.00014884000000000002,36.967608715,127.87384151666667,4.0,0.06207335205078125,1.0,0.0,0.0997467041015625,0.0,0.03853612405185503,-58.258494622150415,0.0,0.0,0.0,0.4820898774647413,0.061292347520527625,-0.8551613416575033,0.18036540110562346,-0.0010471975511965976,0.0019024088846738192,0.0020245819323134223,-8.325845849999999,0.6080123,5.22694445
1789051733.641288,25.416,0.0,-0.0,0,2,864,-0.09368509120513568,-1.3961319474622746,-58.220811501979895,0.0,67.0,107.0,1.0,-3.8877622174007085,7.652588733029443,61.0,5.173487593193029,16.179421856933775,-58.258494622150415,-0.07739160297942789,0.23457720148951616,0.0,-10.098640653079954,1.0605878881108552,0.004241991155552178,1.0803298041237586,0.0,0.0,2.075735561444411,0.0,0.0,0.0,0.0,0.0,2.554631966382296,1.6015465514189229,,,0,0,0,0.06974514573812485,-2,170,True,True,False,"A:1,B:1,ESTOP:0,MODE:1",DRIVE_RUN,,,,,,,,,,,,,L,,,False,0,,,,-9999.0,-1.0,-1.0,False,36.967608715,127.87384151666667,121.987,2,0.00014884000000000002,36.967608715,127.87384151666667,4.0,0.08710575313568115,1.0,0.0,0.1498115062713623,0.0,0.03853612405185503,-58.258494622150415,0.0,0.0,0.0,0.48210869983531535,0.06124832618400996,-0.8551543168856011,0.18036335102974754,-0.0003839724354387525,-0.007260569688296411,0.007033676885537149,-8.3748791,0.73549875,5.12887795
1789051733.691268,25.466,0.0,-0.0,0,2,864,-0.09368509120513568,-1.3961319474622746,-58.209140258480886,0.0,67.0,107.0,1.0,-3.8877622174007085,7.652588733029443,61.0,5.173487593193029,16.179421856933775,-58.258494622150415,-0.07739160297942789,-0.175069400089383,0.0,-10.098640653079954,1.0605878881108552,0.004241991155552178,1.0803298041237586,0.0,0.0,2.075735561444411,0.0,0.0,0.0,0.0,0.0,2.554631966382296,1.6015465514189229,,,0,0,0,0.07624851912260056,-2,170,True,True,False,"A:1,B:1,ESTOP:0,MODE:1",DRIVE_RUN,,,,,,,,,,,,,L,,,False,0,,,,-9999.0,-1.0,-1.0,False,36.9676087,127.873841505,121.99099999999999,2,0.00014884000000000002,36.9676087,127.873841505,4.0,0.0122,1.0,1.0,0.0,0.0,0.012339357773651,-58.258494622150415,0.0,0.0,0.0,0.4820898774647413,0.061292347520527625,-0.8551613416575033,0.18036540110562346,0.006492624817418906,0.0064053583548191895,0.0026005405854715507,-8.433719,0.5982056499999999,5.2759777
1789051733.741287,25.516,0.0,-0.0,0,2,864,-0.09472274294575365,-1.3978017395668465,-58.21790553250011,0.0,67.0,107.0,1.0,-3.8895516497691034,7.652588733029443,61.0,5.173487593193029,16.180510849449615,-58.258494622150415,-0.07739160297942789,0.1666151312450494,0.0,-10.098640653079954,1.0605878881108552,0.004241991155552178,1.0803298041237586,0.0,0.0,2.075735561444411,0.0,0.0,0.0,0.0,0.0,2.554631966382296,1.6015465514189229,,,0,0,0,0.08720485121011734,-2,170,True,True,False,"A:1,B:1,ESTOP:0,MODE:1",DRIVE_RUN,,,,,,,,,,,,,L,,,False,0,,,,-9999.0,-1.0,-1.0,False,36.9676087,127.873841505,121.99099999999999,2,0.00014884000000000002,36.9676087,127.873841505,4.0,0.036803486061096194,1.0,0.0,0.04920697212219238,0.0,0.012339357773651,-58.258494622150415,0.0,0.0,0.0,0.4820831046725566,0.0613513014616008,-0.8551609317871701,0.18036540339858864,0.005550147021341968,-0.007714355293814937,0.015707963267948967,-8.38468575,0.6864655000000001,5.26617105
1789051733.791283,25.566,0.0,-0.0,0,2,864,-0.09472274294575365,-1.3978017395668465,-58.20957081146841,0.0,67.0,107.0,1.0,-3.8895516497691034,7.652588733029443,61.0,5.173487593193029,16.180510849449615,-58.258494622150415,-0.07739160297942789,-0.06297208915659912,0.0,-10.098640653079954,1.0605878881108552,0.004241991155552178,1.0803298041237586,0.0,0.0,2.075735561444411,0.0,0.0,0.0,0.0,0.0,2.554631966382296,1.6015465514189229,,,0,0,0,0.09362654387950897,-2,170,True,True,False,"A:1,B:1,ESTOP:0,MODE:1",DRIVE_RUN,,,,,,,,,,,,,L,,,False,0,,,,-9999.0,-1.0,-1.0,False,36.9676087,127.873841505,121.99099999999999,2,0.00014884000000000002,36.9676087,127.873841505,4.0,0.061806680870056155,1.0,0.0,0.0992133617401123,0.0,0.012339357773651,-58.258494622150415,0.0,0.0,0.0,0.48211343193570855,0.061361629168485345,-0.855139836182734,0.18038084650629865,0.003892084231947355,-0.0015184364492350666,0.0031066860685499066,-8.3552658,0.5883989999999999,5.22694445
1789051733.841291,25.616,0.0,-0.0,0,2,864,-0.09472274294575365,-1.3978017395668465,-58.212719487992075,0.0,67.0,107.0,1.0,-3.8895516497691034,7.652588733029443,61.0,5.173487593193029,16.180510849449615,-58.258494622150415,-0.07739160297942789,0.1807624096711505,0.0,-10.098640653079954,1.0605878881108552,0.004241991155552178,1.0803298041237586,0.0,0.0,2.075735561444411,0.0,0.0,0.0,0.0,0.0,2.554631966382296,1.6015465514189229,,,0,0,0,0.08467242121696472,-2,170,True,True,False,"A:1,B:1,ESTOP:0,MODE:1",DRIVE_RUN,,,,,,,,,,,,,L,,,False,0,,,,-9999.0,-1.0,-1.0,False,36.9676087,127.873841505,121.99099999999999,2,0.00014884000000000002,36.9676087,127.873841505,4.0,0.0868157169342041,1.0,0.0,0.1492314338684082,0.0,0.012339357773651,-58.258494622150415,0.0,0.0,0.0,0.4821626320133543,0.06138804291153251,-0.8551099512800592,0.18038202709599852,0.00020943951023931956,0.006318091892219472,0.004084070449666731,-8.46313895,0.6080123,5.18771785
1789051733.891355,25.666,0.0,-0.0,0,2,864,-0.09472274294575365,-1.3978017395668465,-58.20368426363477,0.0,67.0,107.0,1.0,-3.8895516497691034,7.652588733029443,61.0,5.173487593193029,16.180510849449615,-58.258494622150415,-0.07739160297942789,-0.11936855636052868,0.0,-10.098640653079954,1.0605878881108552,0.004241991155552178,1.0803298041237586,0.0,0.0,2.075735561444411,0.0,0.0,0.0,0.0,0.0,2.554631966382296,1.6015465514189229,,,0,0,0,0.08441035449504852,-2,170,True,True,False,"A:1,B:1,ESTOP:0,MODE:1",DRIVE_RUN,,,,,,,,,,,,,L,,,False,0,,,,-9999.0,-1.0,-1.0,False,36.96760869333333,127.87384151,121.994,2,0.00014884000000000002,36.96760869333333,127.87384151,4.0,0.0122,1.0,1.0,0.0,0.0,0.022499241577262616,-58.258494622150415,0.0,0.0,0.0,0.4821224218783317,0.06148163595559567,-0.8551286664444127,0.1803689069307559,0.0007853981633974482,0.0022689280275926286,-0.005393067388662479,-8.3552658,0.5491724,5.18771785
1789051733.941299,25.716,0.0,-0.0,0,2,864,-0.09427803487635518,-1.3985438695668724,-58.20964875832479,0.0,67.0,107.0,1.0,-3.8902303863679704,7.652588733029443,61.0,5.173487593193029,16.18008945205512,-58.258494622150415,-0.07739160297942789,-0.15030909811375492,0.0,-10.098640653079954,1.0605878881108552,0.004241991155552178,1.0803298041237586,0.0,0.0,2.075735561444411,0.0,0.0,0.0,0.0,0.0,2.554631966382296,1.6015465514189229,,,0,0,0,0.0955318734049797,-2,170,True,True,False,"A:1,B:1,ESTOP:0,MODE:1",DRIVE_RUN,,,,,,,,,,,,,L,,,False,0,,,,-9999.0,-1.0,-1.0,False,36.96760869333333,127.87384151,121.994,2,0.00014884000000000002,36.96760869333333,127.87384151,4.0,0.038417937469482424,1.0,0.0,0.052435874938964844,0.0,0.022499241577262616,-58.258494622150415,0.0,0.0,0.0,0.4821051827067461,0.06151819491555643,-0.8551362115972472,0.1803667489221182,0.005881759579220891,0.0061959188445798695,0.002408554367752175,-8.404299049999999,0.65704555,5.2759777
1789051733.991299,25.766,0.0,-0.0,0,2,864,-0.09427803487635518,-1.3985438695668724,-58.21719355614161,0.0,67.0,107.0,1.0,-3.8902303863679704,7.652588733029443,61.0,5.173487593193029,16.18008945205512,-58.258494622150415,-0.07739160297942789,-0.08429975954689774,0.0,-10.098640653079954,1.0605878881108552,0.004241991155552178,1.0803298041237586,0.0,0.0,2.075735561444411,0.0,0.0,0.0,0.0,0.0,2.554631966382296,1.6015465514189229,,,0,0,0,0.0,-2,170,True,True,False,"A:1,B:1,ESTOP:0,MODE:1",DRIVE_RUN,,,,,,,,,,,,,L,,,False,0,,,,-9999.0,-1.0,-1.0,False,36.96760869333333,127.87384151,121.994,2,0.00014884000000000002,36.96760869333333,127.87384151,4.0,0.06338489265441895,1.0,0.0,0.10236978530883789,0.0,0.022499241577262616,-58.258494622150415,0.0,0.0,0.0,0.482128746216986,0.061552253075839974,-0.8551197621333204,0.18037013228796628,0.0026878070480712674,-0.0009075712110370514,-5.235987755982989e-05,-8.394492399999999,0.5982056499999999,5.07003805
1789051734.041266,25.816,0.0,-0.0,0,2,864,-0.09427803487635518,-1.3985438695668724,-58.2214076155623,0.0,67.0,107.0,1.0,-3.8902303863679704,7.652588733029443,61.0,5.173487593193029,16.18008945205512,-58.258494622150415,-0.07739160297942789,-0.2511355160168109,0.0,-10.098640653079954,1.0605878881108552,0.004241991155552178,1.0803298041237586,0.0,0.0,2.075735561444411,0.0,0.0,0.0,0.0,0.0,2.554631966382296,1.6015465514189229,,,0,0,0,0.0,-2,170,True,True,False,"A:1,B:1,ESTOP:0,MODE:1",DRIVE_RUN,,,,,,,,,,,,,L,,,False,0,,,,-9999.0,-1.0,-1.0,False,36.96760869333333,127.87384151,121.994,2,0.00014884000000000002,36.96760869333333,127.87384151,4.0,0.08843159885406494,1.0,0.0,0.15246319770812988,0.0,0.022499241577262616,-58.258494622150415,0.0,0.0,0.0,0.482114120474145,0.06157809439689729,-0.8551268037342984,0.18036702211061495,0.005131268000863329,-0.006178465552059927,-0.000890117918517108,-8.492558899999999,0.5883989999999999,5.2171378
1789051734.091299,25.866,0.0,-0.0,0,2,865,-0.09427803487635518,-1.3985438695668724,-58.23395677521572,0.0,67.0,107.0,1.0,-3.8902303863679704,7.652588733029443,61.0,5.173487593193029,16.18008945205512,-58.258494622150415,-0.07739160297942789,0.042551735912323446,0.0,-10.098640653079954,1.0605878881108552,0.004241991155552178,1.0803298041237586,0.0,0.0,2.075735561444411,0.0,0.0,0.0,0.0,0.0,2.554631966382296,1.6015465514189229,,,0,0,0,0.0,-2,170,True,True,False,"A:1,B:1,ESTOP:0,MODE:1",DRIVE_RUN,,,,,,,,,,,,,L,,,False,0,,,,-9999.0,-1.0,-1.0,False,36.96760869333333,127.87384151,121.994,2,0.00014884000000000002,36.96760869333333,127.87384151,4.0,0.11338508338928223,1.0,0.0,0.20237016677856445,0.0,0.022499241577262616,-58.258494622150415,0.0,0.0,0.0,0.4821116264938247,0.0616789558702281,-0.8551246000046079,0.18034967277263464,-0.002286381320112572,0.008342673824532895,-0.0060911990894602095,-8.11009955,0.44129925,5.1975245
1789051734.141303,25.916,0.0,-0.0,0,2,864,-0.09620510275577011,-1.3963174795667948,-58.231823661356316,0.0,67.0,107.0,1.0,-3.8882704748349326,7.652588733029443,61.0,5.173487593193029,16.181946408729228,-58.258494622150415,-0.07739160297942789,0.044832696636004,0.0,-10.098640653079954,1.0605878881108552,0.004241991155552178,1.0803298041237586,0.0,0.0,2.075735561444411,0.0,0.0,0.0,0.0,0.0,2.554631966382296,1.6015465514189229,,,0,0,0,0.0,-2,170,True,True,False,"A:1,B:1,ESTOP:0,MODE:1",DRIVE_RUN,,,,,,,,,,,,,L,,,False,0,,,,-9999.0,-1.0,-1.0,False,36.967608713333334,127.87384148833333,121.99099999999999,2,0.00014884000000000002,36.967608713333334,127.87384148833333,4.0,0.027814986419677737,1.0,0.0,0.03122997283935547,0.0,0.018067249713146643,-58.258494622150415,0.0,0.0,0.0,0.4821513885099835,0.06167970115761987,-0.8551016432368893,0.18035196909535858,-0.0017976891295541594,0.010471975511965976,-0.0054105206811824215,-8.571012099999999,0.65704555,5.18771785
1789051734.191295,25.966,0.0,-0.0,0,2,864,-0.09620510275577011,-1.3963174795667948,-58.229585363614035,0.0,67.0,107.0,1.0,-3.8882704748349326,7.652588733029443,61.0,5.173487593193029,16.181946408729228,-58.258494622150415,-0.07739160297942789,-0.5003556557162806,0.0,-10.098640653079954,1.0605878881108552,0.004241991155552178,1.0803298041237586,0.0,0.0,2.075735561444411,0.0,0.0,0.0,0.0,0.0,2.554631966382296,1.6015465514189229,,,0,0,0,0.0,-2,170,True,True,False,"A:1,B:1,ESTOP:0,MODE:1",DRIVE_RUN,,,,,,,,,,,,,L,,,False,0,,,,-9999.0,-1.0,-1.0,False,36.967608713333334,127.87384148833333,121.99099999999999,2,0.00014884000000000002,36.967608713333334,127.87384148833333,4.0,0.05281853885650635,1.0,0.0,0.0812370777130127,0.0,0.018067249713146643,-58.258494622150415,0.0,0.0,0.0,0.48221367918531827,0.06168254850147324,-0.8550683477797987,0.18034231739125342,0.0066322511575784525,0.004171336912266448,-0.00895353906273091,-8.38468575,0.7158854499999999,5.0210048
1789051734.241268,26.016,0.0,-0.0,0,2,865,-0.09620510275577011,-1.3963174795667948,-58.25456244325822,0.0,67.0,107.0,1.0,-3.8882704748349326,7.652588733029443,61.0,5.173487593193029,16.181946408729228,-58.258494622150415,-0.07739160297942789,-0.15904451066543107,0.0,-10.098640653079954,1.0605878881108552,0.004241991155552178,1.0803298041237586,0.0,0.0,2.075735561444411,0.0,0.0,0.0,0.0,0.0,2.554631966382296,1.6015465514189229,,,0,0,0,0.0,-2,170,True,True,False,"A:1,B:1,ESTOP:0,MODE:1",DRIVE_RUN,,,,,,,,,,,,,L,,,False,0,,,,-9999.0,-1.0,-1.0,False,36.967608713333334,127.87384148833333,121.99099999999999,2,0.00014884000000000002,36.967608713333334,127.87384148833333,4.0,0.07778310985565186,1.0,0.0,0.1311662197113037,0.0,0.018067249713146643,-58.258494622150415,0.0,0.0,0.0,0.4821244772649466,0.06165116732763599,-0.8551011874694002,0.1804358090223871,0.003351032163829113,-0.0008552113334772215,-0.0016580627893946131,-8.4533323,0.67665885,5.26617105
1789051734.291283,26.066,0.0,-0.0,0,2,864,-0.09620510275577011,-1.3963174795667948,-58.26250434719444,0.0,67.0,107.0,1.0,-3.8882704748349326,7.652588733029443,61.0,5.173487593193029,16.181946408729228,-58.258494622150415,-0.07739160297942789,-0.0757684408685863,0.0,-10.098640653079954,1.0605878881108552,0.004241991155552178,1.0803298041237586,0.0,0.0,2.075735561444411,0.0,0.0,0.0,0.0,0.0,2.554631966382296,1.6015465514189229,,,0,0,0,0.0,-2,170,True,True,False,"A:1,B:1,ESTOP:0,MODE:1",DRIVE_RUN,,,,,,,,,,,,,L,,,False,0,,,,-9999.0,-1.0,-1.0,False,36.967608688333335,127.87384147,121.99099999999999,2,0.00014884000000000002,36.967608688333335,127.87384147,4.0,0.0122,1.0,1.0,0.0,0.0,0.031944933689231916,-58.258494622150415,0.0,0.0,0.0,0.48209050285286553,0.061725236901681246,-0.8551136484498967,0.18044220798695904,0.0065100781099388496,0.0079412480965742,0.006021385919380436,-8.316039199999999,0.45110589999999995,5.2759777
1789051734.341259,26.116,0.0,-0.0,0,2,864,-0.09783569690367226,-1.3991004666714055,-58.26629598112446,0.0,67.0,107.0,1.0,-3.89124014581005,7.652588733029443,61.0,5.173487593193029,16.18366272890333,-58.258494622150415,-0.07739160297942789,-0.2778434372305376,0.0,-10.098640653079954,1.0605878881108552,0.004241991155552178,1.0803298041237586,0.0,0.0,2.075735561444411,0.0,0.0,0.0,0.0,0.0,2.554631966382296,1.6015465514189229,,,0,0,0,0.0,-2,170,True,True,False,"A:1,B:1,ESTOP:0,MODE:1",DRIVE_RUN,,,,,,,,,,,,,L,,,False,0,,,,-9999.0,-1.0,-1.0,False,36.967608688333335,127.87384147,121.99099999999999,2,0.00014884000000000002,36.967608688333335,127.87384147,4.0,0.03550625057220459,1.0,0.0,0.04661250114440918,0.0,0.031944933689231916,-58.258494622150415,0.0,0.0,0.0,0.4820765005986961,0.061771763476158106,-0.855125537343522,0.18040735071086683,0.004607669225265031,0.005026548245743669,-0.004642575810304917,-8.394492399999999,0.6472389,5.14849125
1789051734.391249,26.166,0.0,-0.0,0,2,865,-0.09783569690367226,-1.3991004666714055,-58.28014547922122,0.0,67.0,107.0,1.0,-3.89124014581005,7.652588733029443,61.0,5.173487593193029,16.18366272890333,-58.258494622150415,-0.07739160297942789,-0.6034883558337347,0.0,-10.098640653079954,1.0605878881108552,0.004241991155552178,1.0803298041237586,0.0,0.0,2.075735561444411,0.0,0.0,0.0,0.0,0.0,2.554631966382296,1.6015465514189229,,,0,0,0,0.0,-2,170,True,True,False,"A:1,B:1,ESTOP:0,MODE:1",DRIVE_RUN,,,,,,,,,,,,,L,,,False,0,,,,-9999.0,-1.0,-1.0,False,36.967608688333335,127.87384147,121.99099999999999,2,0.00014884000000000002,36.967608688333335,127.87384147,4.0,0.060471775245666506,1.0,0.0,0.09654355049133301,0.0,0.031944933689231916,-58.258494622150415,0.0,0.0,0.0,0.4821105044397692,0.061798147082328204,-0.8551019986517437,0.18041901903018848,0.012269664641520135,-0.0028797932657906437,-0.0012217304763960308,-8.4533323,0.6080123,5.14849125
1789051734.441282,26.216,0.0,-0.0,0,2,864,-0.09783569690367226,-1.3991004666714055,-58.310248358466694,0.0,67.0,107.0,1.0,-3.89124014581005,7.652588733029443,61.0,5.173487593193029,16.18366272890333,-58.258494622150415,-0.07739160297942789,0.04639742890132143,0.0,-10.098640653079954,1.0605878881108552,0.004241991155552178,1.0803298041237586,0.0,0.0,2.075735561444411,0.0,0.0,0.0,0.0,0.0,2.554631966382296,1.6015465514189229,,,0,0,0,0.0,-2,170,True,True,False,"A:1,B:1,ESTOP:0,MODE:1",DRIVE_RUN,,,,,,,,,,,,,L,,,False,0,,,,-9999.0,-1.0,-1.0,False,36.967608688333335,127.87384147,121.99099999999999,2,0.00014884000000000002,36.967608688333335,127.87384147,4.0,0.0854574462890625,1.0,0.0,0.146514892578125,0.0,0.031944933689231916,-58.258494622150415,0.0,0.0,0.0,0.4820596812921529,0.06178438774668155,-0.8551271791505737,0.18044018560525324,0.004537856055185257,0.0018500490071139892,0.00773180858633488,-8.306232549999999,0.63743225,5.3740442
1789051734.491273,26.266,0.0,-0.0,0,2,864,-0.09783569690367226,-1.3991004666714055,-58.3079255246156,0.0,67.0,107.0,1.0,-3.89124014581005,7.652588733029443,61.0,5.173487593193029,16.18366272890333,-58.258494622150415,-0.07739160297942789,-0.3011627836717229,0.0,-10.098640653079954,1.0605878881108552,0.004241991155552178,1.0803298041237586,0.0,0.0,2.075735561444411,0.0,0.0,0.0,0.0,0.0,2.554631966382296,1.6015465514189229,,,0,0,0,0.0,-2,170,True,True,False,"A:1,B:1,ESTOP:0,MODE:1",DRIVE_RUN,,,,,,,,,,,,,L,,,False,0,,,,-9999.0,-1.0,-1.0,False,36.96760869333333,127.873841515,121.98599999999999,2,0.00014884000000000002,36.96760869333333,127.873841515,4.0,0.0122,1.0,1.0,0.0,0.0,0.030692310701947043,-58.258494622150415,0.0,0.0,0.0,0.48204294505587353,0.061821903111911235,-0.8551320976885454,0.18044873765219177,0.009564404300928926,0.0027925268031909274,0.0040666171571467884,-8.2768126,0.5491724,5.18771785
1789051734.541291,26.316,0.0,-0.0,0,2,864,-0.09383332807089206,-1.3985438695668724,-58.32300475946269,0.0,67.0,107.0,1.0,-3.890173162792278,7.652588733029443,61.0,5.173487593193029,16.179644960973764,-58.258494622150415,-0.07739160297942789,0.29676931245033267,0.0,-10.098640653079954,1.0605878881108552,0.004241991155552178,1.0803298041237586,0.0,0.0,2.075735561444411,0.0,0.0,0.0,0.0,0.0,2.554631966382296,1.6015465514189229,,,0,0,0,0.0,-2,170,True,True,False,"A:1,B:1,ESTOP:0,MODE:1",DRIVE_RUN,,,,,,,,,,,,,L,,,False,0,,,,-9999.0,-1.0,-1.0,False,36.96760869333333,127.873841515,121.98599999999999,2,0.00014884000000000002,36.96760869333333,127.873841515,4.0,0.03707015724182129,1.0,0.0,0.04974031448364258,0.0,0.030692310701947043,-58.258494622150415,0.0,0.0,0.0,0.48205023280533504,0.061829162016366804,-0.8551239429554077,0.1804654259437872,-0.0012217304763960308,0.0032812189937493396,0.006021385919380436,-8.414105699999999,0.61781895,5.16810455
1789051734.591302,26.366,0.0,-0.0,0,2,864,-0.09383332807089206,-1.3985438695668724,-58.30809519889685,0.0,67.0,107.0,1.0,-3.890173162792278,7.652588733029443,61.0,5.173487593193029,16.179644960973764,-58.258494622150415,-0.07739160297942789,0.20139693759124322,0.0,-10.098640653079954,1.0605878881108552,0.004241991155552178,1.0803298041237586,0.0,0.0,2.075735561444411,0.0,0.0,0.0,0.0,0.0,2.554631966382296,1.6015465514189229,,,0,0,0,0.0,-2,170,True,True,False,"A:1,B:1,ESTOP:0,MODE:1",DRIVE_RUN,,,,,,,,,,,,,L,,,False,0,,,,-9999.0,-1.0,-1.0,False,36.96760869333333,127.873841515,121.98599999999999,2,0.00014884000000000002,36.96760869333333,127.873841515,4.0,0.06203437061309815,1.0,0.0,0.09966874122619629,0.0,0.030692310701947043,-58.258494622150415,0.0,0.0,0.0,0.482061745995968,0.06184828951716144,-0.8551149236767331,0.1804708548116707,-0.00307177948351002,0.0016406094968746698,-0.0007330382858376184,-8.404299049999999,0.53936575,5.1975245
1789051734.641253,26.416,0.0,-0.0,0,2,864,-0.09383332807089206,-1.3985438695668724,-58.298091720799135,0.0,67.0,107.0,1.0,-3.890173162792278,7.652588733029443,61.0,5.173487593193029,16.179644960973764,-58.258494622150415,-0.07739160297942789,0.18666920277403928,0.0,-10.098640653079954,1.0605878881108552,0.004241991155552178,1.0803298041237586,0.0,0.0,2.075735561444411,0.0,0.0,0.0,0.0,0.0,2.554631966382296,1.6015465514189229,,,0,0,0,0.0,-2,170,True,True,False,"A:1,B:1,ESTOP:0,MODE:1",DRIVE_RUN,,,,,,,,,,,,,L,,,False,0,,,,-9999.0,-1.0,-1.0,False,36.96760869333333,127.873841515,121.98599999999999,2,0.00014884000000000002,36.96760869333333,127.873841515,4.0,0.08705699653625489,1.0,0.0,0.14971399307250977,0.0,0.030692310701947043,-58.258494622150415,0.0,0.0,0.0,0.4820564363846961,0.06188004106032846,-0.8551075436543105,0.18050911734300565,0.002007128639793479,0.012339477811599909,0.0066322511575784525,-8.217972699999999,0.7256921,5.2759777
1789051734.691287,26.466,0.0,-0.0,0,2,864,-0.09383332807089206,-1.3985438695668724,-58.28870397296609,0.0,67.0,107.0,1.0,-3.890173162792278,7.652588733029443,61.0,5.173487593193029,16.179644960973764,-58.258494622150415,-0.07739160297942789,0.07503857648120087,0.0,-10.098640653079954,1.0605878881108552,0.004241991155552178,1.0803298041237586,0.0,0.0,2.075735561444411,0.0,0.0,0.0,0.0,0.0,2.554631966382296,1.6015465514189229,,,0,0,0,0.0,-2,170,True,True,False,"A:1,B:1,ESTOP:0,MODE:1",DRIVE_RUN,,,,,,,,,,,,,L,,,False,0,,,,-9999.0,-1.0,-1.0,False,36.967608705,127.87384149666667,121.99199999999999,2,0.00014884000000000002,36.967608705,127.87384149666667,4.0,0.0122,1.0,1.0,0.0,0.0,0.027358709446836566,-58.258494622150415,0.0,0.0,0.0,0.4820695689746316,0.061886547960119484,-0.8551032487513537,0.180492160009994,-0.0032114058236695662,0.0017278759594743863,-0.005689773361501515,-8.34545915,0.61781895,5.20733115
1789051734.741309,26.516,0.0,-0.0,0,2,864,-0.0954639222187942,-1.3972451416713407,-58.284965716131495,0.0,67.0,107.0,1.0,-3.8890950519127996,7.652588733029443,61.0,5.173487593193029,16.18123437215951,-58.258494622150415,-0.07739160297942789,0.026742242864036155,0.0,-10.098640653079954,1.0605878881108552,0.004241991155552178,1.0803298041237586,0.0,0.0,2.075735561444411,0.0,0.0,0.0,0.0,0.0,2.554631966382296,1.6015465514189229,,,0,0,0,0.0,-2,170,True,True,False,"A:1,B:1,ESTOP:0,MODE:1",DRIVE_RUN,,,,,,,,,,,,,L,,,False,0,,,,-9999.0,-1.0,-1.0,False,36.967608705,127.87384149666667,121.99199999999999,2,0.00014884000000000002,36.967608705,127.87384149666667,4.0,0.03736412734985352,1.0,0.0,0.05032825469970703,0.0,0.027358709446836566,-58.258494622150415,0.0,0.0,0.0,0.482061157381928,0.061892860219373166,-0.8551040686487276,0.1805085764661982,0.0006981317007977319,0.001780235837034216,-0.00015707963267948965,-8.3356525,0.7060787999999999,5.2563644
1789051734.791317,26.566,0.0,-0.0,0,2,864,-0.0954639222187942,-1.3972451416713407,-58.28362456935196,0.0,67.0,107.0,1.0,-3.8890950519127996,7.652588733029443,61.0,5.173487593193029,16.18123437215951,-58.258494622150415,-0.07739160297942789,-0.522507481576435,0.0,-10.098640653079954,1.0605878881108552,0.004241991155552178,1.0803298041237586,0.0,0.0,2.075735561444411,0.0,0.0,0.0,0.0,0.0,2.554631966382296,1.6015465514189229,,,0,0,0,0.0,-2,170,True,True,False,"A:1,B:1,ESTOP:0,MODE:1",DRIVE_RUN,,,,,,,,,,,,,L,,,False,0,,,,-9999.0,-1.0,-1.0,False,36.967608705,127.87384149666667,121.99199999999999,2,0.00014884000000000002,36.967608705,127.87384149666667,4.0,0.06236481876373291,1.0,0.0,0.10032963752746582,0.0,0.027358709446836566,-58.258494622150415,0.0,0.0,0.0,0.48207892031514904,0.06192250254077724,-0.8550879266807199,0.1805274381132561,0.011780972450961725,0.003892084231947355,-0.00015707963267948965,-8.404299049999999,0.6276256,5.20733115
1789051734.841332,26.616,0.0,-0.0,0,2,864,-0.0954639222187942,-1.3972451416713407,-58.30976823111291,0.0,67.0,107.0,1.0,-3.8890950519127996,7.652588733029443,61.0,5.173487593193029,16.18123437215951,-58.258494622150415,-0.07739160297942789,-0.2812287200090712,0.0,-10.098640653079954,1.0605878881108552,0.004241991155552178,1.0803298041237586,0.0,0.0,2.075735561444411,0.0,0.0,0.0,0.0,0.0,2.554631966382296,1.6015465514189229,,,0,0,0,0.0,-2,170,True,True,False,"A:1,B:1,ESTOP:0,MODE:1",DRIVE_RUN,,,,,,,,,,,,,L,,,False,0,,,,-9999.0,-1.0,-1.0,False,36.967608705,127.87384149666667,121.99199999999999,2,0.00014884000000000002,36.967608705,127.87384149666667,4.0,0.08740294189453125,1.0,0.0,0.1504058837890625,0.0,0.027358709446836566,-58.258494622150415,0.0,0.0,0.0,0.4820753168483791,0.06196652064402552,-0.8550885432071049,0.18051903633899533,0.008185594191853406,0.002356194490192345,0.002286381320112572,-8.38468575,0.63743225,5.12887795
1789051734.891254,26.666,0.0,-0.0,0,2,864,-0.0954639222187942,-1.3972451416713407,-58.32381852337812,0.0,67.0,107.0,1.0,-3.8890950519127996,7.652588733029443,61.0,5.173487593193029,16.18123437215951,-58.258494622150415,-0.07739160297942789,0.006170335064456113,0.0,-10.098640653079954,1.0605878881108552,0.004241991155552178,1.0803298041237586,0.0,0.0,2.075735561444411,0.0,0.0,0.0,0.0,0.0,2.554631966382296,1.6015465514189229,,,0,0,0,0.0,-2,170,True,True,False,"A:1,B:1,ESTOP:0,MODE:1",DRIVE_RUN,,,,,,,,,,,,,L,,,False,0,,,,-9999.0,-1.0,-1.0,False,36.96760869333333,127.87384151833334,121.99099999999999,2,0.00014884000000000002,36.96760869333333,127.87384151833334,4.0,0.0122,1.0,1.0,0.0,0.0,0.002646345412914178,-58.258494622150415,0.0,0.0,0.0,0.48202399556585096,0.061951815075671664,-0.8551163364539949,0.18052947525836405,0.0024260076602721182,-0.0004537856055185257,0.0026005405854715507,-8.46313895,0.5982056499999999,5.1386845999999995
1789051734.941345,26.716,0.0,-0.0,0,2,864,-0.09353685560331462,-1.3985438695668724,-58.323510327623836,0.0,67.0,107.0,1.0,-3.890135013579177,7.652588733029443,61.0,5.173487593193029,16.179348632329457,-58.258494622150415,-0.07739160297942789,-0.3021114476889108,0.0,-10.098640653079954,1.0605878881108552,0.004241991155552178,1.0803298041237586,0.0,0.0,2.075735561444411,0.0,0.0,0.0,0.0,0.0,2.554631966382296,1.6015465514189229,,,0,0,0,0.0,-2,171,True,True,False,"A:1,B:1,ESTOP:0,MODE:1",DRIVE_RUN,,,,,,,,,,,,,L,,,False,0,,,,-9999.0,-1.0,-1.0,False,36.96760869333333,127.87384151833334,121.99099999999999,2,0.00014884000000000002,36.96760869333333,127.87384151833334,4.0,0.0353773853302002,1.0,0.0,0.04635477066040039,0.0,0.002646345412914178,-58.258494622150415,0.0,0.0,0.0,0.4820318679193238,0.06194970936606727,-0.8551139415568101,0.18052052175540573,0.01090830782496456,-0.0040666171571467884,0.00757472895365539,-8.36507245,0.6668522,5.1779112
1789051734.991275,26.766,0.0,-0.0,0,2,864,-0.09353685560331462,-1.3985438695668724,-58.3385707954597,0.0,67.0,107.0,1.0,-3.890135013579177,7.652588733029443,61.0,5.173487593193029,16.179348632329457,-58.258494622150415,-0.07739160297942789,-0.5998612203628433,0.0,-10.098640653079954,1.0605878881108552,0.004241991155552178,1.0803298041237586,0.0,0.0,2.075735561444411,0.0,0.0,0.0,0.0,0.0,2.554631966382296,1.6015465514189229,,,0,0,0,0.0,-2,170,True,True,False,"A:1,B:1,ESTOP:0,MODE:1",DRIVE_RUN,,,,,,,,,,,,,L,,,False,0,,,,-9999.0,-1.0,-1.0,False,36.96760869333333,127.87384151833334,121.99099999999999,2,0.00014884000000000002,36.96760869333333,127.87384151833334,4.0,0.06037140102386475,1.0,0.0,0.09634280204772949,0.0,0.002646345412914178,-58.258494622150415,0.0,0.0,0.0,0.4820041115840227,0.061969050323474294,-0.8551252649441927,0.18053435814887897,0.011920598791121272,0.004590215932745087,-0.0029670597283903604,-8.325845849999999,0.63743225,5.18771785
1789051735.041272,26.816,0.0,-0.0,0,2,865,-0.09353685560331462,-1.3985438695668724,-58.36862747091085,0.0,67.0,107.0,1.0,-3.890135013579177,7.652588733029443,61.0,5.173487593193029,16.179348632329457,-58.258494622150415,-0.07739160297942789,-0.12212240538180727,0.0,-10.098640653079954,1.0605878881108552,0.004241991155552178,1.0803298041237586,0.0,0.0,2.075735561444411,0.0,0.0,0.0,0.0,0.0,2.554631966382296,1.6015465514189229,,,0,0,0,0.0,-2,170,True,True,False,"A:1,B:1,ESTOP:0,MODE:1",DRIVE_RUN,,,,,,,,,,,,,L,,,False,0,,,,-9999.0,-1.0,-1.0,False,36.96760869333333,127.87384151833334,121.99099999999999,2,0.00014884000000000002,36.96760869333333,127.87384151833334,4.0,0.08537304611206055,1.0,0.0,0.1463460922241211,0.0,0.002646345412914178,-58.258494622150415,0.0,0.0,0.0,0.48198579839744793,0.06201403056046754,-0.8551296339289279,0.18054711111894836,0.0032812189937493396,0.0002443460952792061,-0.0007504915783575617,-8.4729456,0.65704555,5.1190713
1789051735.091250,26.866,0.0,-0.0,0,2,864,-0.09353685560331462,-1.3985438695668724,-58.37474668766936,0.0,67.0,107.0,1.0,-3.890135013579177,7.652588733029443,61.0,5.173487593193029,16.179348632329457,-58.258494622150415,-0.07739160297942789,-0.8034568684426646,0.0,-10.098640653079954,1.0605878881108552,0.004241991155552178,1.0803298041237586,0.0,0.0,2.075735561444411,0.0,0.0,0.0,0.0,0.0,2.554631966382296,1.6015465514189229,,,0,0,0,0.0,-2,170,True,True,False,"A:1,B:1,ESTOP:0,MODE:1",DRIVE_RUN,,,,,,,,,,,,,L,,,False,0,,,,-9999.0,-1.0,-1.0,False,36.96760869333333,127.87384151833334,121.99099999999999,2,0.00014884000000000002,36.96760869333333,127.87384151833334,4.0,0.11036503524780274,1.0,0.0,0.19633007049560547,0.0,0.002646345412914178,-58.258494622150415,0.0,0.0,0.0,0.48198844802624596,0.06206856710841311,-0.8551231225891978,0.1805521369567782,0.011397000015522973,-1.7453292519943296e-05,-0.010890854532444616,-8.306232549999999,0.67665885,5.2563644
1789051735.141273,26.916,0.0,-0.0,0,2,864,-0.09664980956123323,-1.3952042845667558,-58.41477180075603,0.0,67.0,107.0,1.0,-3.887223757904826,7.652588733029443,61.0,5.173487593193029,16.18235642921152,-58.258494622150415,-0.07739160297942789,0.052143669845149655,0.0,-10.098640653079954,1.0605878881108552,0.004241991155552178,1.0803298041237586,0.0,0.0,2.075735561444411,0.0,0.0,0.0,0.0,0.0,2.554631966382296,1.6015465514189229,,,0,0,0,0.0,-2,170,True,True,False,"A:1,B:1,ESTOP:0,MODE:1",DRIVE_RUN,,,,,,,,,,,,,L,,,False,0,,,,-9999.0,-1.0,-1.0,False,36.967608723333335,127.87384148333334,121.99799999999999,2,0.00014884000000000002,36.967608723333335,127.87384148333334,4.0,0.03225100250244141,1.0,0.0,0.04010200500488281,0.0,0.0207134559425259,-58.258494622150415,0.0,0.0,0.0,0.4819654129539079,0.06210073067130441,-0.8551309645409688,0.18056542706036416,0.0016580627893946131,0.007661995416255106,0.0015009831567151233,-8.34545915,0.5099457999999999,5.18771785
1789051735.191305,26.966,0.0,-0.0,0,2,864,-0.09664980956123323,-1.3952042845667558,-58.41214981321474,0.0,67.0,107.0,1.0,-3.887223757904826,7.652588733029443,61.0,5.173487593193029,16.18235642921152,-58.258494622150415,-0.07739160297942789,0.06811344615875112,0.0,-10.098640653079954,1.0605878881108552,0.004241991155552178,1.0803298041237586,0.0,0.0,2.075735561444411,0.0,0.0,0.0,0.0,0.0,2.554631966382296,1.6015465514189229,,,0,0,0,0.0,-2,170,True,True,False,"A:1,B:1,ESTOP:0,MODE:1",DRIVE_RUN,,,,,,,,,,,,,L,,,False,0,,,,-9999.0,-1.0,-1.0,False,36.967608723333335,127.87384148333334,121.99799999999999,2,0.00014884000000000002,36.967608723333335,127.87384148333334,4.0,0.0572516939163208,1.0,0.0,0.0901033878326416,0.0,0.0207134559425259,-58.258494622150415,0.0,0.0,0.0,0.48194301852292093,0.062153585837712376,-0.8551436437689652,0.18054696670414244,-0.0009075712110370514,-0.000296705972839036,-0.0015009831567151233,-8.36507245,0.61781895,5.16810455
1789051735.241284,27.016,0.0,-0.0,0,2,865,-0.09664980956123323,-1.3952042845667558,-58.408754634878846,0.0,67.0,107.0,1.0,-3.887223757904826,7.652588733029443,61.0,5.173487593193029,16.18235642921152,-58.258494622150415,-0.07739160297942789,-0.24430051947551581,0.0,-10.098640653079954,1.0605878881108552,0.004241991155552178,1.0803298041237586,0.0,0.0,2.075735561444411,0.0,0.0,0.0,0.0,0.0,2.554631966382296,1.6015465514189229,,,0,0,0,0.0,-2,170,True,True,False,"A:1,B:1,ESTOP:0,MODE:1",DRIVE_RUN,,,,,,,,,,,,,L,,,False,0,,,,-9999.0,-1.0,-1.0,False,36.967608723333335,127.87384148333334,121.99799999999999,2,0.00014884000000000002,36.967608723333335,127.87384148333334,4.0,0.08225548477172852,1.0,0.0,0.14011096954345703,0.0,0.0207134559425259,-58.258494622150415,0.0,0.0,0.0,0.4819513329207029,0.062157582237261935,-0.8551344549927666,0.1805669170988963,0.0073129295658562405,0.0008203047484373349,0.0021118483949131386,-8.3356525,0.65704555,5.18771785
1789051735.291257,27.066,0.0,-0.0,0,2,864,-0.09664980956123323,-1.3952042845667558,-58.42089853110275,0.0,67.0,107.0,1.0,-3.887223757904826,7.652588733029443,61.0,5.173487593193029,16.18235642921152,-58.258494622150415,-0.07739160297942789,-0.16493266479151059,0.0,-10.098640653079954,1.0605878881108552,0.004241991155552178,1.0803298041237586,0.0,0.0,2.075735561444411,0.0,0.0,0.0,0.0,0.0,2.554631966382296,1.6015465514189229,,,0,0,0,0.0,-2,170,True,True,False,"A:1,B:1,ESTOP:0,MODE:1",DRIVE_RUN,,,,,,,,,,,,,L,,,False,0,,,,-9999.0,-1.0,-1.0,False,36.96760871666667,127.87384150666666,121.999,2,0.00014884000000000002,36.96760871666667,127.87384150666666,4.0,0.0122,1.0,1.0,0.0,0.0,0.025350450936593213,-58.258494622150415,0.0,0.0,0.0,0.48195404005377546,0.06220696191943444,-0.8551321160494634,0.1805537628114263,0.0072082098107365804,0.0046251225177849735,0.004276056667386108,-8.38468575,0.7060787999999999,5.1779112
1789051735.341290,27.116,0.0,-0.0,0,2,864,-0.09457450734393262,-1.3959464145667817,-58.42923740826291,0.0,67.0,107.0,1.0,-3.8876926744008746,7.652588733029443,61.0,5.173487593193029,16.18030509638046,-58.258494622150415,-0.07739160297942789,-0.48249327536534425,0.0,-10.098640653079954,1.0605878881108552,0.004241991155552178,1.0803298041237586,0.0,0.0,2.075735561444411,0.0,0.0,0.0,0.0,0.0,2.554631966382296,1.6015465514189229,,,0,0,0,0.0,-2,170,True,True,False,"A:1,B:1,ESTOP:0,MODE:1",DRIVE_RUN,,,,,,,,,,,,,L,,,False,0,,,,-9999.0,-1.0,-1.0,False,36.96760871666667,127.87384150666666,121.999,2,0.00014884000000000002,36.96760871666667,127.87384150666666,4.0,0.03681659908294678,1.0,0.0,0.049233198165893555,0.0,0.025350450936593213,-58.258494622150415,0.0,0.0,0.0,0.4819948347088905,0.06220442569395294,-0.8551081275136915,0.18055935034791967,0.007696902001294993,0.0006806784082777885,-0.006056292504420323,-8.36507245,0.6080123,5.16810455
1789051735.391314,27.166,0.0,-0.0,0,2,864,-0.09457450734393262,-1.3959464145667817,-58.45324471295574,0.0,67.0,107.0,1.0,-3.8876926744008746,7.652588733029443,61.0,5.173487593193029,16.18030509638046,-58.258494622150415,-0.07739160297942789,-0.1821418154835009,0.0,-10.098640653079954,1.0605878881108552,0.004241991155552178,1.0803298041237586,0.0,0.0,2.075735561444411,0.0,0.0,0.0,0.0,0.0,2.554631966382296,1.6015465514189229,,,0,0,0,0.0,-2,170,True,True,False,"A:1,B:1,ESTOP:0,MODE:1",DRIVE_RUN,,,,,,,,,,,,,L,,,False,0,,,,-9999.0,-1.0,-1.0,False,36.96760871666667,127.87384150666666,121.999,2,0.00014884000000000002,36.96760871666667,127.87384150666666,4.0,0.06180334300994873,1.0,0.0,0.09920668601989746,0.0,0.025350450936593213,-58.258494622150415,0.0,0.0,0.0,0.4820376899575822,0.0622305844413889,-0.8550769612511391,0.18058352681781092,0.0055152404363020815,0.002617993877991494,0.0007155849933176752,-8.36507245,0.6864655000000001,5.1386845999999995
1789051735.441306,27.216,0.0,-0.0,0,2,864,-0.09457450734393262,-1.3959464145667817,-58.46235995913136,0.0,67.0,107.0,1.0,-3.8876926744008746,7.652588733029443,61.0,5.173487593193029,16.18030509638046,-58.258494622150415,-0.07739160297942789,0.05161727220925271,0.0,-10.098640653079954,1.0605878881108552,0.004241991155552178,1.0803298041237586,0.0,0.0,2.075735561444411,0.0,0.0,0.0,0.0,0.0,2.554631966382296,1.6015465514189229,,,0,0,0,0.0,-2,170,True,True,False,"A:1,B:1,ESTOP:0,MODE:1",DRIVE_RUN,,,,,,,,,,,,,L,,,False,0,,,,-9999.0,-1.0,-1.0,False,36.96760871666667,127.87384150666666,121.999,2,0.00014884000000000002,36.96760871666667,127.87384150666666,4.0,0.0867760202407837,1.0,0.0,0.14915204048156738,0.0,0.025350450936593213,-58.258494622150415,0.0,0.0,0.0,0.4820063450977582,0.062258748081191966,-0.8550939865642,0.18057686926793085,0.007435102613495843,0.004782202150464463,0.012688543661998775,-8.306232549999999,0.5491724,5.2171378
1789051735.491284,27.266,0.0,-0.0,0,2,864,-0.09457450734393262,-1.3959464145667817,-58.459782605339456,0.0,67.0,107.0,1.0,-3.8876926744008746,7.652588733029443,61.0,5.173487593193029,16.18030509638046,-58.258494622150415,-0.07739160297942789,-0.39872402396562,0.0,-10.098640653079954,1.0605878881108552,0.004241991155552178,1.0803298041237586,0.0,0.0,2.075735561444411,0.0,0.0,0.0,0.0,0.0,2.554631966382296,1.6015465514189229,,,0,0,0,0.0,-2,170,True,True,False,"A:1,B:1,ESTOP:0,MODE:1",DRIVE_RUN,,,,,,,,,,,,,L,,,False,0,,,,-9999.0,-1.0,-1.0,False,36.96760871666667,127.87384150333334,121.99799999999999,2,0.00014884000000000002,36.96760871666667,127.87384150333334,4.0,0.0122,1.0,1.0,0.0,0.0,0.017579951956323964,-58.258494622150415,0.0,0.0,0.0,0.48192366746196635,0.06230744094325645,-0.8551336980008636,0.18059269112142534,0.009756390518648303,-0.0022165681500327986,0.0013264502315156904,-8.44352565,0.5687857,5.099458
1789051735.541307,27.316,0.0,-0.0,0,2,864,-0.0948709785475747,-1.3959464145667817,-58.47971726651366,0.0,67.0,107.0,1.0,-3.8877308234513364,7.652588733029443,61.0,5.173487593193029,16.180601425257525,-58.258494622150415,-0.07739160297942789,0.09345630822759762,0.0,-10.098640653079954,1.0605878881108552,0.004241991155552178,1.0803298041237586,0.0,0.0,2.075735561444411,0.0,0.0,0.0,0.0,0.0,2.554631966382296,1.6015465514189229,,,0,0,0,0.0,-2,170,True,True,False,"A:1,B:1,ESTOP:0,MODE:1",DRIVE_RUN,,,,,,,,,,,,,L,,,False,0,,,,-9999.0,-1.0,-1.0,False,36.96760871666667,127.87384150333334,121.99799999999999,2,0.00014884000000000002,36.96760871666667,127.87384150333334,4.0,0.034922363471984866,1.0,0.0,0.04544472694396973,0.0,0.017579951956323964,-58.258494622150415,0.0,0.0,0.0,0.4819437120911077,0.06238033905708416,-0.8551219799452763,0.18056951871630278,-0.0023038346126325153,0.0077492618788548235,-0.0045029494701453706,-8.325845849999999,0.5491724,5.1386845999999995
1789051735.591286,27.366,0.0,0.0,0,0,864,-0.0948709785475747,-1.3959464145667817,-58.47505024880587,0.0,67.0,107.0,1.0,-3.8877308234513364,7.652588733029443,61.0,5.173487593193029,16.180601425257525,-58.258494622150415,-0.07739160297942789,-0.0566712591999411,1.0,-10.098640653079954,1.0605878881108552,0.004241991155552178,1.0803298041237586,0.0,0.0,2.075735561444411,0.0,0.0,0.0,0.0,0.0,2.554631966382296,1.6015465514189229,,,0,0,0,0.0,-2,170,True,True,False,"A:1,B:1,ESTOP:0,MODE:1",DRIVE_DONE,,,,,,,,,,,,,0,STOP,🛑 정지 명령 — 리니어 2단 체결,False,0,,,,-9999.0,-1.0,-1.0,False,36.96760871666667,127.87384150333334,121.99799999999999,2,0.00014884000000000002,36.96760871666667,127.87384150333334,4.0,0.05988776893615723,1.0,0.0,0.09537553787231445,0.0,0.017579951956323964,-58.258494622150415,0.0,0.0,0.0,0.48189759118994635,0.062379432898081885,-0.8551436926836498,0.18059009612936378,0.0033684854563490563,0.004031710572106902,0.001117010721276371,-8.3552658,0.6962721499999999,5.1779112
1789051735.641302,27.416,0.0,0.0,0,0,865,-0.0948709785475747,-1.3959464145667817,-58.477872702626115,0.0,67.0,107.0,1.0,-3.8877308234513364,7.652588733029443,61.0,5.173487593193029,16.180601425257525,-58.258494622150415,-0.07739160297942789,-0.21537687760027882,1.0,-10.098640653079954,1.0605878881108552,0.004241991155552178,1.0803298041237586,0.0,0.0,2.075735561444411,0.0,0.0,0.0,0.0,0.0,2.554631966382296,1.6015465514189229,,,0,0,0,0.0,-2,171,True,True,False,"A:1,B:1,ESTOP:0,MODE:1",DRIVE_DONE,,,,,,,,,,,,,0,,,False,0,,,,-9999.0,-1.0,-1.0,False,36.96760871666667,127.87384150333334,121.99799999999999,2,0.00014884000000000002,36.96760871666667,127.87384150333334,4.0,0.08492565364837647,1.0,0.0,0.14545130729675293,0.0,0.017579951956323964,-58.258494622150415,0.0,0.0,0.0,0.4818540740755963,0.06240301000792561,-0.8551597979092741,0.18062180288788524,0.010524335389525807,0.005986479334340551,0.008325220532012952,-8.34545915,0.53936575,5.1582979
1789051735.691263,27.466,0.0,0.0,0,0,865,-0.0948709785475747,-1.3959464145667817,-58.48871203957901,0.0,67.0,107.0,1.0,-3.8877308234513364,7.652588733029443,61.0,5.173487593193029,16.180601425257525,-58.258494622150415,-0.07739160297942789,-0.19622104882138316,1.0,-10.098640653079954,1.0605878881108552,0.004241991155552178,1.0803298041237586,0.0,0.0,2.075735561444411,0.0,0.0,0.0,0.0,0.0,2.554631966382296,1.6015465514189229,,,0,0,0,0.0,-2,170,True,True,False,"A:1,B:1,ESTOP:0,MODE:1",DRIVE_DONE,,,,,,,,,,,,,0,,,False,0,,,,-9999.0,-1.0,-1.0,False,36.96760871833333,127.873841525,122.0,2,0.00014884000000000002,36.96760871833333,127.873841525,4.0,0.0122,1.0,1.0,0.0,0.0,0.014888955020352373,-58.258494622150415,0.0,0.0,0.0,0.4818970446019583,0.06241884106642736,-0.8551369979618124,0.18060963817216855,0.0040666171571467884,0.0005759586531581288,-0.0022689280275926286,-8.42391235,0.5687857,5.1386845999999995
1789051735.741261,27.516,0.0,0.0,0,0,865,-0.09294391193209511,-1.3957608824622614,-58.49848869734694,0.0,67.0,107.0,1.0,-3.887298864443314,7.652588733029443,61.0,5.173487593193029,16.178669536066835,-58.258494622150415,-0.07739160297942789,-0.20558278884242584,1.0,-10.098640653079954,1.0605878881108552,0.004241991155552178,1.0803298041237586,0.0,0.0,2.075735561444411,0.0,0.0,0.0,0.0,0.0,2.554631966382296,1.6015465514189229,,,0,0,0,0.0,-2,171,True,True,False,"A:1,B:1,ESTOP:0,MODE:1",DRIVE_DONE,,,,,,,,,,,,,0,,,False,0,,,,-9999.0,-1.0,-1.0,False,36.96760871833333,127.873841525,122.0,2,0.00014884000000000002,36.96760871833333,127.873841525,4.0,0.03835594863891602,1.0,0.0,0.05231189727783203,0.0,0.014888955020352373,-58.258494622150415,0.0,0.0,0.0,0.48190323049026135,0.0624345012156231,-0.855125689350114,0.180641260277099,0.0035081117965086025,-0.0036477381366681488,-0.0030368728984701333,-8.414105699999999,0.57859235,5.18771785
1789051735.791262,27.566,0.0,0.0,0,0,864,-0.09294391193209511,-1.3957608824622614,-58.508755524282265,0.0,67.0,107.0,1.0,-3.887298864443314,7.652588733029443,61.0,5.173487593193029,16.178669536066835,-58.258494622150415,-0.07739160297942789,-0.5051205587604783,1.0,-10.098640653079954,1.0605878881108552,0.004241991155552178,1.0803298041237586,0.0,0.0,2.075735561444411,0.0,0.0,0.0,0.0,0.0,2.554631966382296,1.6015465514189229,,,0,0,0,0.0,-2,171,True,True,False,"A:1,B:1,ESTOP:0,MODE:1",DRIVE_DONE,,,,,,,,,,,,,0,,,False,0,,,,-9999.0,-1.0,-1.0,False,36.96760871833333,127.873841525,122.0,2,0.00014884000000000002,36.96760871833333,127.873841525,4.0,0.06334257335662842,1.0,0.0,0.10228514671325684,0.0,0.014888955020352373,-58.258494622150415,0.0,0.0,0.0,0.4818875872428477,0.06246361584935466,-0.8551337285467348,0.180634869994833,0.011763519158441782,-0.0008028514559173916,0.0008377580409572782,-8.46313895,0.5982056499999999,5.26617105
1789051735.841282,27.616,0.0,0.0,0,2,865,-0.09294391193209511,-1.3957608824622614,-58.534061024916014,0.0,67.0,107.0,1.0,-3.887298864443314,7.652588733029443,61.0,5.173487593193029,16.178669536066835,-58.258494622150415,-0.07739160297942789,-0.13610945505623695,1.0,-10.098640653079954,1.0605878881108552,0.004241991155552178,1.0803298041237586,0.0,0.0,2.075735561444411,0.0,0.0,0.0,0.0,0.0,2.554631966382296,1.6015465514189229,,,0,0,0,0.0,-2,171,True,True,False,"A:1,B:1,ESTOP:0,MODE:1",DRIVE_DONE,,,,,,,,,,,,,0,,,False,0,,,,-9999.0,-1.0,-1.0,False,36.96760871833333,127.873841525,122.0,2,0.00014884000000000002,36.96760871833333,127.873841525,4.0,0.08834445686340332,1.0,0.0,0.15228891372680664,0.0,0.014888955020352373,-58.258494622150415,0.0,0.0,0.0,0.48187976486331324,0.06249577489970952,-0.855135186164603,0.1806377139973607,0.0010471975511965976,-0.010314895879286487,-0.004101523742186674,-8.34545915,0.61781895,4.99158485
1789051735.891254,27.666,0.0,0.0,0,2,864,-0.09294391193209511,-1.3957608824622614,-58.54088839561906,0.0,67.0,107.0,1.0,-3.887298864443314,7.652588733029443,61.0,5.173487593193029,16.178669536066835,-58.258494622150415,-0.07739160297942789,-0.05702732619102463,1.0,-10.098640653079954,1.0605878881108552,0.004241991155552178,1.0803298041237586,0.0,0.0,2.075735561444411,0.0,0.0,0.0,0.0,0.0,2.554631966382296,1.6015465514189229,,,0,0,0,0.0,-2,171,True,True,False,"A:1,B:1,ESTOP:0,MODE:1",DRIVE_DONE,,,,,,,,,,,,,0,,,False,0,,,,-9999.0,-1.0,-1.0,False,36.96760872,127.87384151833334,121.99699999999999,2,0.00014884000000000002,36.96760872,127.87384151833334,4.0,0.0122,1.0,1.0,0.0,0.0,0.012592305817913603,-58.258494622150415,0.0,0.0,0.0,0.48191049647627326,0.06251215462320053,-0.8551072892966551,0.18068211782598556,0.0015707963267948964,-0.00027925268031909274,-0.001710422666954443,-8.26700595,0.65704555,5.16810455
1789051735.941269,27.716,0.0,0.0,0,2,865,-0.09353685560331462,-1.3955753495667689,-58.54373487811105,0.0,67.0,107.0,1.0,-3.88719117223038,7.652588733029443,61.0,5.173487593193029,16.179256449761205,-58.258494622150415,-0.07739160297942789,0.5117103148236006,1.0,-10.098640653079954,1.0605878881108552,0.004241991155552178,1.0803298041237586,0.0,0.0,2.075735561444411,0.0,0.0,0.0,0.0,0.0,2.554631966382296,1.6015465514189229,,,0,0,0,0.0,-2,171,True,True,False,"A:1,B:1,ESTOP:0,MODE:1",DRIVE_DONE,,,,,,,,,,,,,0,,,False,0,,,,-9999.0,-1.0,-1.0,False,36.96760872,127.87384151833334,121.99699999999999,2,0.00014884000000000002,36.96760872,127.87384151833334,4.0,0.03701460571289063,1.0,0.0,0.04962921142578125,0.0,0.012592305817913603,-58.258494622150415,0.0,0.0,0.0,0.4819074597583934,0.06255197178106192,-0.8551094421842782,0.18066624738120343,-0.00486946861306418,-0.0020943951023931952,0.00767944870877505,-8.3748791,0.61781895,5.2563644
1789051735.991274,27.766,0.0,0.0,0,2,864,-0.09353685560331462,-1.3955753495667689,-58.5182759020624,0.0,67.0,107.0,1.0,-3.88719117223038,7.652588733029443,61.0,5.173487593193029,16.179256449761205,-58.258494622150415,-0.07739160297942789,-0.377797818981572,1.0,-10.098640653079954,1.0605878881108552,0.004241991155552178,1.0803298041237586,0.0,0.0,2.075735561444411,0.0,0.0,0.0,0.0,0.0,2.554631966382296,1.6015465514189229,,,0,0,0,0.0,-2,171,True,True,False,"A:1,B:1,ESTOP:0,MODE:1",DRIVE_DONE,,,,,,,,,,,,,0,,,False,0,,,,-9999.0,-1.0,-1.0,False,36.96760872,127.87384151833334,121.99699999999999,2,0.00014884000000000002,36.96760872,127.87384151833334,4.0,0.06193971843719483,1.0,0.0,0.09947943687438965,0.0,0.012592305817913603,-58.258494622150415,0.0,0.0,0.0,0.48193945950436834,0.06257967714489164,-0.8550921229248493,0.18065326648846616,0.009285151620609835,0.0026005405854715507,0.0004014257279586958,-8.414105699999999,0.65704555,5.1975245
1789051736.041286,27.816,0.0,0.0,0,2,865,-0.09353685560331462,-1.3955753495667689,-58.537205497639135,0.0,67.0,107.0,1.0,-3.88719117223038,7.652588733029443,61.0,5.173487593193029,16.179256449761205,-58.258494622150415,-0.07739160297942789,-0.040556420139712765,1.0,-10.098640653079954,1.0605878881108552,0.004241991155552178,1.0803298041237586,0.0,0.0,2.075735561444411,0.0,0.0,0.0,0.0,0.0,2.554631966382296,1.6015465514189229,,,0,0,0,0.0,-2,171,True,True,False,"A:1,B:1,ESTOP:0,MODE:1",DRIVE_DONE,,,,,,,,,,,,,0,,,False,0,,,,-9999.0,-1.0,-1.0,False,36.96760872,127.87384151833334,121.99699999999999,2,0.00014884000000000002,36.96760872,127.87384151833334,4.0,0.08698725910186768,1.0,0.0,0.14957451820373535,0.0,0.012592305817913603,-58.258494622150415,0.0,0.0,0.0,0.48189915091594543,0.06261838064189822,-0.8551083750981255,0.18067045577326782,0.002548180707911721,-0.0007853981633974482,0.0008203047484373349,-8.36507245,0.6472389,5.14849125
1789051736.091275,27.866,0.0,0.0,0,2,865,-0.09353685560331462,-1.3955753495667689,-58.5392425123155,0.0,67.0,107.0,1.0,-3.88719117223038,7.652588733029443,61.0,5.173487593193029,16.179256449761205,-58.258494622150415,-0.07739160297942789,0.05115193184703219,1.0,-10.098640653079954,1.0605878881108552,0.004241991155552178,1.0803298041237586,0.0,0.0,2.075735561444411,0.0,0.0,0.0,0.0,0.0,2.554631966382296,1.6015465514189229,,,0,0,0,0.0,-2,171,True,True,False,"A:1,B:1,ESTOP:0,MODE:1",DRIVE_DONE,,,,,,,,,,,,,0,,,False,0,,,,-9999.0,-1.0,-1.0,False,36.96760872,127.87384151833334,121.99699999999999,2,0.00014884000000000002,36.96760872,127.87384151833334,4.0,0.11194133968353272,1.0,0.0,0.19948267936706543,0.0,0.012592305817913603,-58.258494622150415,0.0,0.0,0.0,0.48192169626762105,0.06265565612498344,-0.8550929020404826,0.1806706293288211,-0.000296705972839036,-0.0028623399732707008,-0.0007853981633974482,-8.414105699999999,0.6080123,5.0504247499999995
1789051736.141275,27.916,0.0,0.0,0,2,864,-0.09383332807089206,-1.3952042845667558,-58.53668869878925,0.0,67.0,107.0,1.0,-3.8868613412748814,7.652588733029443,61.0,5.173487593193029,16.17954129574229,-58.258494622150415,-0.07739160297942789,-0.15716055053087566,1.0,-10.098640653079954,1.0605878881108552,0.004241991155552178,1.0803298041237586,0.0,0.0,2.075735561444411,0.0,0.0,0.0,0.0,0.0,2.554631966382296,1.6015465514189229,,,0,0,0,0.0,-2,171,True,True,False,"A:1,B:1,ESTOP:0,MODE:1",DRIVE_DONE,,,,,,,,,,,,,0,,,False,0,,,,-9999.0,-1.0,-1.0,False,36.967608723333335,127.873841515,121.995,2,0.00014884000000000002,36.967608723333335,127.873841515,4.0,0.029287459564208987,1.0,0.0,0.03417491912841797,0.0,0.009033071845774229,-58.258494622150415,0.0,0.0,0.0,0.48190030302833076,0.06267521471666906,-0.8551054510012264,0.180661515186306,0.004904375198104067,0.003944444109507185,0.00017453292519943296,-8.3748791,0.6080123,5.0504247499999995
1789051736.191288,27.966,0.0,0.0,0,2,864,-0.09383332807089206,-1.3952042845667558,-58.54455619873056,0.0,67.0,107.0,1.0,-3.8868613412748814,7.652588733029443,61.0,5.173487593193029,16.17954129574229,-58.258494622150415,-0.07739160297942789,0.025557544120734917,1.0,-10.098640653079954,1.0605878881108552,0.004241991155552178,1.0803298041237586,0.0,0.0,2.075735561444411,0.0,0.0,0.0,0.0,0.0,2.554631966382296,1.6015465514189229,,,0,0,0,0.0,-2,171,True,True,False,"A:1,B:1,ESTOP:0,MODE:1",DRIVE_DONE,,,,,,,,,,,,,0,,,False,0,,,,-9999.0,-1.0,-1.0,False,36.967608723333335,127.873841515,121.995,2,0.00014884000000000002,36.967608723333335,127.873841515,4.0,0.05433094711303711,1.0,0.0,0.08426189422607422,0.0,0.009033071845774229,-58.258494622150415,0.0,0.0,0.0,0.48188618000925343,0.06270202212906711,-0.8551098424821041,0.1806690987060227,0.0016057029118347831,0.008866272600131194,3.490658503988659e-05,-8.433719,0.6080123,5.2171378
1789051736.241282,28.016,0.0,0.0,0,2,864,-0.09383332807089206,-1.3952042845667558,-58.54327729295973,0.0,67.0,107.0,1.0,-3.8868613412748814,7.652588733029443,61.0,5.173487593193029,16.17954129574229,-58.258494622150415,-0.07739160297942789,-0.23474212212510479,1.0,-10.098640653079954,1.0605878881108552,0.004241991155552178,1.0803298041237586,0.0,0.0,2.075735561444411,0.0,0.0,0.0,0.0,0.0,2.554631966382296,1.6015465514189229,,,0,0,0,0.0,-2,171,True,True,False,"A:1,B:1,ESTOP:0,MODE:1",DRIVE_DONE,,,,,,,,,,,,,0,,,False,0,,,,-9999.0,-1.0,-1.0,False,36.967608723333335,127.873841515,121.995,2,0.00014884000000000002,36.967608723333335,127.873841515,4.0,0.07931411476135254,1.0,0.0,0.13422822952270508,0.0,0.009033071845774229,-58.258494622150415,0.0,0.0,0.0,0.4818736990611359,0.06271621487371662,-0.8551189627890796,0.1806542942295597,0.008307767239493008,-0.008813912722571364,0.005602506898901798,-8.394492399999999,0.65704555,5.08965135
1789051736.291433,28.066,0.0,0.0,0,2,864,-0.09383332807089206,-1.3952042845667558,-58.55497968840501,0.0,67.0,107.0,1.0,-3.8868613412748814,7.652588733029443,61.0,5.173487593193029,16.17954129574229,-58.258494622150415,-0.07739160297942789,-0.0137423153173038,1.0,-10.098640653079954,1.0605878881108552,0.004241991155552178,1.0803298041237586,0.0,0.0,2.075735561444411,0.0,0.0,0.0,0.0,0.0,2.554631966382296,1.6015465514189229,,,0,0,0,0.0,-2,171,True,True,False,"A:1,B:1,ESTOP:0,MODE:1",DRIVE_DONE,,,,,,,,,,,,,0,,,False,0,,,,-9999.0,-1.0,-1.0,False,36.967608721666664,127.87384152,121.993,2,0.00014884000000000002,36.967608721666664,127.87384152,4.0,0.0122,1.0,1.0,0.0,0.0,0.0021017503971666133,-58.258494622150415,0.0,0.0,0.0,0.4818789747299187,0.06276001983936608,-0.8551119122101392,0.1806583826433854,0.001117010721276371,-0.0004537856055185257,-0.0009424777960769379,-8.414105699999999,0.6472389,5.18771785
1789051736.341275,28.116,0.0,0.0,0,2,865,-0.0933886200014936,-1.3953898174622485,-58.555665571580434,0.0,67.0,107.0,1.0,-3.8869881080130475,7.652588733029443,61.0,5.173487593193029,16.179102541844447,-58.258494622150415,-0.07739160297942789,-0.11915383942351232,1.0,-10.098640653079954,1.0605878881108552,0.004241991155552178,1.0803298041237586,0.0,0.0,2.075735561444411,0.0,0.0,0.0,0.0,0.0,2.554631966382296,1.6015465514189229,,,0,0,0,0.0,-2,170,True,True,False,"A:1,B:1,ESTOP:0,MODE:1",DRIVE_DONE,,,,,,,,,,,,,0,,,False,0,,,,-9999.0,-1.0,-1.0,False,36.967608721666664,127.87384152,121.993,2,0.00014884000000000002,36.967608721666664,127.87384152,4.0,0.03354394645690918,1.0,0.0,0.04268789291381836,0.0,0.0021017503971666133,-58.258494622150415,0.0,0.0,0.0,0.4819187319301117,0.06279590687839318,-0.8550838181317337,0.18067283654011027,-0.0014486232791552935,0.00710349005561692,-0.010838494654884786,-8.46313895,0.63743225,5.08965135
1789051736.391284,28.166,0.0,0.0,0,2,864,-0.0933886200014936,-1.3953898174622485,-58.561625104421694,0.0,67.0,107.0,1.0,-3.8869881080130475,7.652588733029443,61.0,5.173487593193029,16.179102541844447,-58.258494622150415,-0.07739160297942789,-0.25440503869571107,1.0,-10.098640653079954,1.0605878881108552,0.004241991155552178,1.0803298041237586,0.0,0.0,2.075735561444411,0.0,0.0,0.0,0.0,0.0,2.554631966382296,1.6015465514189229,,,0,0,0,0.0,-2,171,True,True,False,"A:1,B:1,ESTOP:0,MODE:1",DRIVE_DONE,,,,,,,,,,,,,0,,,False,0,,,,-9999.0,-1.0,-1.0,False,36.967608721666664,127.87384152,121.993,2,0.00014884000000000002,36.967608721666664,127.87384152,4.0,0.05854785652160645,1.0,0.0,0.09269571304321289,0.0,0.0021017503971666133,-58.258494622150415,0.0,0.0,0.0,0.48193963828641645,0.06281059436695348,-0.8550687412547583,0.18068331968566287,0.011885692206081384,0.0031066860685499066,0.00973893722612836,-8.3552658,0.6276256,5.14849125
1789051736.441293,28.216,0.0,0.0,0,2,865,-0.0933886200014936,-1.3953898174622485,-58.57433849022317,0.0,67.0,107.0,1.0,-3.8869881080130475,7.652588733029443,61.0,5.173487593193029,16.179102541844447,-58.258494622150415,-0.07739160297942789,-0.511818015012384,1.0,-10.098640653079954,1.0605878881108552,0.004241991155552178,1.0803298041237586,0.0,0.0,2.075735561444411,0.0,0.0,0.0,0.0,0.0,2.554631966382296,1.6015465514189229,,,0,0,0,0.0,-2,171,True,True,False,"A:1,B:1,ESTOP:0,MODE:1",DRIVE_DONE,,,,,,,,,,,,,0,,,False,0,,,,-9999.0,-1.0,-1.0,False,36.967608721666664,127.87384152,121.993,2,0.00014884000000000002,36.967608721666664,127.87384152,4.0,0.08354652137756348,1.0,0.0,0.14269304275512695,0.0,0.0021017503971666133,-58.258494622150415,0.0,0.0,0.0,0.4820165428461487,0.0628227013063632,-0.8550233018010834,0.18068899800594304,0.010821041362364843,0.0016929693744344998,-0.0016580627893946131,-8.433719,0.6276256,5.0210048
1789051736.491276,28.266,0.0,0.0,0,2,864,-0.0933886200014936,-1.3953898174622485,-58.59995657857243,0.0,67.0,107.0,1.0,-3.8869881080130475,7.652588733029443,61.0,5.173487593193029,16.179102541844447,-58.258494622150415,-0.07739160297942789,-0.04659309945990853,1.0,-10.098640653079954,1.0605878881108552,0.004241991155552178,1.0803298041237586,0.0,0.0,2.075735561444411,0.0,0.0,0.0,0.0,0.0,2.554631966382296,1.6015465514189229,,,0,0,0,0.0,-2,170,True,True,False,"A:1,B:1,ESTOP:0,MODE:1",DRIVE_DONE,,,,,,,,,,,,,0,,,False,0,,,,-9999.0,-1.0,-1.0,False,36.967608725,127.873841515,121.993,2,0.00014884000000000002,36.967608725,127.873841515,4.0,0.0122,1.0,1.0,0.0,0.0,0.0017169237601299188,-58.258494622150415,0.0,0.0,0.0,0.48204642514506857,0.0628268648094841,-0.8550089776789661,0.18067561305123564,0.0005585053606381855,-0.0008028514559173916,-0.0032288591161895096,-8.3748791,0.65704555,5.12887795
1789051736.541269,28.316,0.0,0.0,0,2,865,-0.09383332807089206,-1.3950187524622355,-58.60228244327044,0.0,67.0,107.0,1.0,-3.8866773515827795,7.652588733029443,61.0,5.173487593193029,16.17953555676697,-58.258494622150415,-0.07739160297942789,-0.4181219678428836,1.0,-10.098640653079954,1.0605878881108552,0.004241991155552178,1.0803298041237586,0.0,0.0,2.075735561444411,0.0,0.0,0.0,0.0,0.0,2.554631966382296,1.6015465514189229,,,0,0,0,0.0,-2,171,True,True,False,"A:1,B:1,ESTOP:0,MODE:1",DRIVE_DONE,,,,,,,,,,,,,0,,,False,0,,,,-9999.0,-1.0,-1.0,False,36.967608725,127.873841515,121.993,2,0.00014884000000000002,36.967608725,127.873841515,4.0,0.03475666255950928,1.0,0.0,0.045113325119018555,0.0,0.0017169237601299188,-58.258494622150415,0.0,0.0,0.0,0.48203175625116595,0.06285787274321374,-0.855011787795609,0.1806906653100012,0.008674286382411817,0.0013439035240356337,-0.002181661564992912,-8.3552658,0.5687857,5.0013914999999995
1789051736.591266,28.366,0.0,0.0,0,2,865,-0.09383332807089206,-1.3950187524622355,-58.62326478307975,0.0,67.0,107.0,1.0,-3.8866773515827795,7.652588733029443,61.0,5.173487593193029,16.17953555676697,-58.258494622150415,-0.07739160297942789,-0.022848122916276928,1.0,-10.098640653079954,1.0605878881108552,0.004241991155552178,1.0803298041237586,0.0,0.0,2.075735561444411,0.0,0.0,0.0,0.0,0.0,2.554631966382296,1.6015465514189229,,,0,0,0,0.0,-2,171,True,True,False,"A:1,B:1,ESTOP:0,MODE:1",DRIVE_DONE,,,,,,,,,,,,,0,,,False,0,,,,-9999.0,-1.0,-1.0,False,36.967608725,127.873841515,121.993,2,0.00014884000000000002,36.967608725,127.873841515,4.0,0.05975377769470215,1.0,0.0,0.0951075553894043,0.0,0.0017169237601299188,-58.258494622150415,0.0,0.0,0.0,0.48200413476975584,0.06286692103939548,-0.8550314595929137,0.18066811398333993,-0.003420845333908886,-0.0064228116473391324,-0.008988445647770798,-8.306232549999999,0.5687857,5.1582979
1789051736.641271,28.416,0.0,0.0,0,2,865,-0.09383332807089206,-1.3950187524622355,-58.624402541489374,0.0,67.0,107.0,1.0,-3.8866773515827795,7.652588733029443,61.0,5.173487593193029,16.17953555676697,-58.258494622150415,-0.07739160297942789,-0.16378526501552343,1.0,-10.098640653079954,1.0605878881108552,0.004241991155552178,1.0803298041237586,0.0,0.0,2.075735561444411,0.0,0.0,0.0,0.0,0.0,2.554631966382296,1.6015465514189229,,,0,0,0,0.0,-2,171,True,True,False,"A:1,B:1,ESTOP:0,MODE:1",DRIVE_DONE,,,,,,,,,,,,,0,,,False,0,,,,-9999.0,-1.0,-1.0,False,36.967608725,127.873841515,121.993,2,0.00014884000000000002,36.967608725,127.873841515,4.0,0.08476901264190674,1.0,0.0,0.14513802528381348,0.0,0.0017169237601299188,-58.258494622150415,0.0,0.0,0.0,0.48200303612698936,0.06291052645083894,-0.8550231633397892,0.18069512715749297,0.0065100781099388496,0.0005061454830783556,0.0033335788713091696,-8.42391235,0.55897905,5.0504247499999995
1789051736.691269,28.466,0.0,0.0,0,2,864,-0.09383332807089206,-1.3950187524622355,-58.63262858151231,0.0,67.0,107.0,1.0,-3.8866773515827795,7.652588733029443,61.0,5.173487593193029,16.17953555676697,-58.258494622150415,-0.07739160297942789,0.1531459616588421,1.0,-10.098640653079954,1.0605878881108552,0.004241991155552178,1.0803298041237586,0.0,0.0,2.075735561444411,0.0,0.0,0.0,0.0,0.0,2.554631966382296,1.6015465514189229,,,0,0,0,0.0,-2,171,True,True,False,"A:1,B:1,ESTOP:0,MODE:1",DRIVE_DONE,,,,,,,,,,,,,0,,,False,0,,,,-9999.0,-1.0,-1.0,False,36.967608711666664,127.87384151166667,121.99099999999999,2,0.00014884000000000002,36.967608711666664,127.87384151166667,4.0,0.0122,1.0,1.0,0.0,0.0,0.012144932683057936,-58.258494622150415,0.0,0.0,0.0,0.4820313436923372,0.06292214714168975,-0.8550082883622279,0.18068595387891315,0.003961897402027128,0.0026005405854715507,0.010035643198967395,-8.394492399999999,0.6276256,5.1975245
1789051736.741279,28.516,0.0,0.0,0,2,865,-0.09412979927453415,-1.3965030124622875,-58.624968260166,0.0,67.0,107.0,1.0,-3.88818742130764,7.652588733029443,61.0,5.173487593193029,16.179877856728822,-58.258494622150415,-0.07739160297942789,0.051503893305722484,1.0,-10.098640653079954,1.0605878881108552,0.004241991155552178,1.0803298041237586,0.0,0.0,2.075735561444411,0.0,0.0,0.0,0.0,0.0,2.554631966382296,1.6015465514189229,,,0,0,0,0.0,-2,171,True,True,False,"A:1,B:1,ESTOP:0,MODE:1",DRIVE_DONE,,,,,,,,,,,,,0,,,False,0,,,,-9999.0,-1.0,-1.0,False,36.967608711666664,127.87384151166667,121.99099999999999,2,0.00014884000000000002,36.967608711666664,127.87384151166667,4.0,0.035340430450439456,1.0,0.0,0.046280860900878906,0.0,0.012144932683057936,-58.258494622150415,0.0,0.0,0.0,0.48205169723060004,0.06294104129725422,-0.8549916300442616,0.18070389888370408,-0.00010471975511965978,-0.00010471975511965978,-0.0009599310885968813,-8.325845849999999,0.57859235,5.0602314
1789051736.791295,28.566,0.0,0.0,0,2,864,-0.09412979927453415,-1.3965030124622875,-58.62240004270413,0.0,67.0,107.0,1.0,-3.88818742130764,7.652588733029443,61.0,5.173487593193029,16.179877856728822,-58.258494622150415,-0.07739160297942789,0.21637169748410784,1.0,-10.098640653079954,1.0605878881108552,0.004241991155552178,1.0803298041237586,0.0,0.0,2.075735561444411,0.0,0.0,0.0,0.0,0.0,2.554631966382296,1.6015465514189229,,,0,0,0,0.0,-2,170,True,True,False,"A:1,B:1,ESTOP:0,MODE:1",DRIVE_DONE,,,,,,,,,,,,,0,,,False,0,,,,-9999.0,-1.0,-1.0,False,36.967608711666664,127.87384151166667,121.99099999999999,2,0.00014884000000000002,36.967608711666664,127.87384151166667,4.0,0.06034088344573975,1.0,0.0,0.09628176689147949,0.0,0.012144932683057936,-58.258494622150415,0.0,0.0,0.0,0.4820919927759014,0.06300790857245309,-0.8549599491783603,0.18072299040139062,-0.000767944870877505,-0.0007853981633974482,0.004049163864626845,-8.433719,0.5883989999999999,5.14849125
1789051736.841296,28.616,0.0,0.0,0,2,864,-0.09412979927453415,-1.3965030124622875,-58.61154520246336,0.0,67.0,107.0,1.0,-3.88818742130764,7.652588733029443,61.0,5.173487593193029,16.179877856728822,-58.258494622150415,-0.07739160297942789,-0.7118412996775112,1.0,-10.098640653079954,1.0605878881108552,0.004241991155552178,1.0803298041237586,0.0,0.0,2.075735561444411,0.0,0.0,0.0,0.0,0.0,2.554631966382296,1.6015465514189229,,,0,0,0,0.0,-2,171,True,True,False,"A:1,B:1,ESTOP:0,MODE:1",DRIVE_DONE,,,,,,,,,,,,,0,,,False,0,,,,-9999.0,-1.0,-1.0,False,36.967608711666664,127.87384151166667,121.99099999999999,2,0.00014884000000000002,36.967608711666664,127.87384151166667,4.0,0.08535349578857422,1.0,0.0,0.14630699157714844,0.0,0.012144932683057936,-58.258494622150415,0.0,0.0,0.0,0.4820517643018663,0.06304145286793457,-0.8549803680969339,0.18072200176677228,0.011693705988362009,-0.005131268000863329,-0.006492624817418906,-8.394492399999999,0.5687857,5.1779112
1789051736.891275,28.666,0.0,0.0,0,2,864,-0.09412979927453415,-1.3965030124622875,-58.64689793367438,0.0,67.0,107.0,1.0,-3.88818742130764,7.652588733029443,61.0,5.173487593193029,16.179877856728822,-58.258494622150415,-0.07739160297942789,-0.3392464717683507,1.0,-10.098640653079954,1.0605878881108552,0.004241991155552178,1.0803298041237586,0.0,0.0,2.075735561444411,0.0,0.0,0.0,0.0,0.0,2.554631966382296,1.6015465514189229,,,0,0,0,0.0,-2,170,True,True,False,"A:1,B:1,ESTOP:0,MODE:1",DRIVE_DONE,,,,,,,,,,,,,0,,,False,0,,,,-9999.0,-1.0,-1.0,False,36.967608711666664,127.87384151166667,121.99099999999999,2,0.00014884000000000002,36.967608711666664,127.87384151166667,4.0,0.11036098213195801,1.0,0.0,0.19632196426391602,0.0,0.012144932683057936,-58.258494622150415,0.0,0.0,0.0,0.4820595749065765,0.06304449590423378,-0.854973787410576,0.18073123863318996,0.006440264939859076,0.0030019663134302466,-0.0037524578917878084,-8.394492399999999,0.6864655000000001,5.1975245
1789051736.941290,28.716,0.0,0.0,0,2,865,-0.09324038439967255,-1.3972451416713407,-58.663884020588824,0.0,67.0,107.0,1.0,-3.8888089335464175,7.652588733029443,61.0,5.173487593193029,16.17901190737471,-58.258494622150415,-0.07739160297942789,-0.027386206935924737,1.0,-10.098640653079954,1.0605878881108552,0.004241991155552178,1.0803298041237586,0.0,0.0,2.075735561444411,0.0,0.0,0.0,0.0,0.0,2.554631966382296,1.6015465514189229,,,0,0,0,0.0,-2,171,True,True,False,"A:1,B:1,ESTOP:0,MODE:1",DRIVE_DONE,,,,,,,,,,,,,0,,,False,0,,,,-9999.0,-1.0,-1.0,False,36.967608705,127.87384152166666,121.993,2,0.00014884000000000002,36.967608705,127.87384152166666,4.0,0.03241622657775879,1.0,0.0,0.04043245315551758,0.0,0.02049055640387165,-58.258494622150415,0.0,0.0,0.0,0.4821186462890935,0.06306733655631451,-0.8549351873959127,0.18074829822817148,-0.0006632251157578452,0.004031710572106902,-0.0056374134839416844,-8.44352565,0.5982056499999999,5.0013914999999995
1789051736.991264,28.766,0.0,0.0,0,2,864,-0.09324038439967255,-1.3972451416713407,-58.665256568202494,0.0,67.0,107.0,1.0,-3.8888089335464175,7.652588733029443,61.0,5.173487593193029,16.17901190737471,-58.258494622150415,-0.07739160297942789,0.22804346120897098,1.0,-10.098640653079954,1.0605878881108552,0.004241991155552178,1.0803298041237586,0.0,0.0,2.075735561444411,0.0,0.0,0.0,0.0,0.0,2.554631966382296,1.6015465514189229,,,0,0,0,0.0,-2,170,True,True,False,"A:1,B:1,ESTOP:0,MODE:1",DRIVE_DONE,,,,,,,,,,,,,0,,,False,0,,,,-9999.0,-1.0,-1.0,False,36.967608705,127.87384152166666,121.993,2,0.00014884000000000002,36.967608705,127.87384152166666,4.0,0.05738401622772217,1.0,0.0,0.09036803245544434,0.0,0.02049055640387165,-58.258494622150415,0.0,0.0,0.0,0.48209561616650976,0.06309950485197544,-0.8549429931214287,0.1807615774246327,0.0008028514559173916,0.0015184364492350666,0.007016223593017205,-8.36507245,0.6472389,5.12887795
1789051737.041324,28.816,0.0,0.0,0,2,864,-0.09324038439967255,-1.3972451416713407,-58.653914158424,0.0,67.0,107.0,1.0,-3.8888089335464175,7.652588733029443,61.0,5.173487593193029,16.17901190737471,-58.258494622150415,-0.07739160297942789,-0.29964875676097197,1.0,-10.098640653079954,1.0605878881108552,0.004241991155552178,1.0803298041237586,0.0,0.0,2.075735561444411,0.0,0.0,0.0,0.0,0.0,2.554631966382296,1.6015465514189229,,,0,0,0,0.0,-2,170,True,True,False,"A:1,B:1,ESTOP:0,MODE:1",DRIVE_DONE,,,,,,,,,,,,,0,,,False,0,,,,-9999.0,-1.0,-1.0,False,36.967608705,127.87384152166666,121.993,2,0.00014884000000000002,36.967608705,127.87384152166666,4.0,0.08237648220062256,1.0,0.0,0.14035296440124512,0.0,0.02049055640387165,-58.258494622150415,0.0,0.0,0.0,0.48208410091453446,0.06311558954875843,-0.8549468954432617,0.18076821615888705,0.00890117918517108,0.006614797865058509,0.001780235837034216,-8.433719,0.6080123,5.16810455
1789051737.091295,28.866,0.0,0.0,0,2,865,-0.09324038439967255,-1.3972451416713407,-58.66899581467669,0.0,67.0,107.0,1.0,-3.8888089335464175,7.652588733029443,61.0,5.173487593193029,16.17901190737471,-58.258494622150415,-0.07739160297942789,0.23509912987224368,1.0,-10.098640653079954,1.0605878881108552,0.004241991155552178,1.0803298041237586,0.0,0.0,2.075735561444411,0.0,0.0,0.0,0.0,0.0,2.554631966382296,1.6015465514189229,,,0,0,0,0.0,-2,171,True,True,False,"A:1,B:1,ESTOP:0,MODE:1",DRIVE_DONE,,,,,,,,,,,,,0,,,False,0,,,,-9999.0,-1.0,-1.0,False,36.967608705,127.87384152166666,121.993,2,0.00014884000000000002,36.967608705,127.87384152166666,4.0,0.1073833724975586,1.0,0.0,0.1903667449951172,0.0,0.02049055640387165,-58.258494622150415,0.0,0.0,0.0,0.48209513461203823,0.06316892569446406,-0.8549352882919729,0.18077505592069176,-0.001117010721276371,0.0035081117965086025,0.0033684854563490563,-8.3748791,0.7256921,5.1190713
1789051737.141351,28.916,0.0,0.0,0,2,864,-0.09353685560331462,-1.3952042845667558,-58.657239355989475,0.0,67.0,107.0,1.0,-3.8868231920617795,7.652588733029443,61.0,5.173487593193029,16.179244965199317,-58.258494622150415,-0.07739160297942789,0.15956645562806707,1.0,-10.098640653079954,1.0605878881108552,0.004241991155552178,1.0803298041237586,0.0,0.0,2.075735561444411,0.0,0.0,0.0,0.0,0.0,2.554631966382296,1.6015465514189229,,,0,0,0,0.0,-2,171,True,True,False,"A:1,B:1,ESTOP:0,MODE:1",DRIVE_DONE,,,,,,,,,,,,,0,,,False,0,,,,-9999.0,-1.0,-1.0,False,36.967608723333335,127.87384151833334,121.993,2,0.00014884000000000002,36.967608723333335,127.87384151833334,4.0,0.029412271690368655,1.0,0.0,0.034424543380737305,0.0,0.012477255506709212,-58.258494622150415,0.0,0.0,0.0,0.48205641028032975,0.06320017088463944,-0.8549520707630188,0.18078803169961433,-0.002478367537831948,-0.00034906585039886593,-0.0013962634015954637,-8.433719,0.6276256,5.10926465
1789051737.191288,28.966,0.0,0.0,0,2,864,-0.09353685560331462,-1.3952042845667558,-58.64926967671573,0.0,67.0,107.0,1.0,-3.8868231920617795,7.652588733029443,61.0,5.173487593193029,16.179244965199317,-58.258494622150415,-0.07739160297942789,-0.289139108138962,1.0,-10.098640653079954,1.0605878881108552,0.004241991155552178,1.0803298041237586,0.0,0.0,2.075735561444411,0.0,0.0,0.0,0.0,0.0,2.554631966382296,1.6015465514189229,,,0,0,0,0.0,-2,170,True,True,False,"A:1,B:1,ESTOP:0,MODE:1",DRIVE_DONE,,,,,,,,,,,,,0,,,False,0,,,,-9999.0,-1.0,-1.0,False,36.967608723333335,127.87384151833334,121.993,2,0.00014884000000000002,36.967608723333335,127.87384151833334,4.0,0.05438399524688721,1.0,0.0,0.08436799049377441,0.0,0.012477255506709212,-58.258494622150415,0.0,0.0,0.0,0.4821034144514298,0.06320810930022336,-0.8549209460078867,0.1808071037596259,0.005270894341022875,-0.0012217304763960308,-0.003438298626428829,-8.38468575,0.6080123,5.22694445
1789051737.241353,29.016,0.0,0.0,0,2,865,-0.09353685560331462,-1.3952042845667558,-58.663777906820144,0.0,67.0,107.0,1.0,-3.8868231920617795,7.652588733029443,61.0,5.173487593193029,16.179244965199317,-58.258494622150415,-0.07739160297942789,0.05103204737285734,1.0,-10.098640653079954,1.0605878881108552,0.004241991155552178,1.0803298041237586,0.0,0.0,2.075735561444411,0.0,0.0,0.0,0.0,0.0,2.554631966382296,1.6015465514189229,,,0,0,0,0.0,-2,170,True,True,False,"A:1,B:1,ESTOP:0,MODE:1",DRIVE_DONE,,,,,,,,,,,,,0,,,False,0,,,,-9999.0,-1.0,-1.0,False,36.967608723333335,127.87384151833334,121.993,2,0.00014884000000000002,36.967608723333335,127.87384151833334,4.0,0.07937836856842041,1.0,0.0,0.13435673713684082,0.0,0.012477255506709212,-58.258494622150415,0.0,0.0,0.0,0.4820881911510727,0.06324332218020522,-0.8549221648083606,0.1808296166884283,-0.007330382858376184,-0.0005759586531581288,-0.014521139376592822,-8.36507245,0.6276256,5.1190713
1789051737.291281,29.066,0.0,0.0,0,2,865,-0.09353685560331462,-1.3952042845667558,-58.66122300963109,0.0,67.0,107.0,1.0,-3.8868231920617795,7.652588733029443,61.0,5.173487593193029,16.179244965199317,-58.258494622150415,-0.07739160297942789,0.0643630970569639,1.0,-10.098640653079954,1.0605878881108552,0.004241991155552178,1.0803298041237586,0.0,0.0,2.075735561444411,0.0,0.0,0.0,0.0,0.0,2.554631966382296,1.6015465514189229,,,0,0,0,0.0,-2,170,True,True,False,"A:1,B:1,ESTOP:0,MODE:1",DRIVE_DONE,,,,,,,,,,,,,0,,,False,0,,,,-9999.0,-1.0,-1.0,False,36.967608715,127.87384151,121.993,2,0.00014884000000000002,36.967608715,127.87384151,4.0,0.0122,1.0,1.0,0.0,0.0,0.014012685304930526,-58.258494622150415,0.0,0.0,0.0,0.4820959938485416,0.06328155140245324,-0.8549104231016739,0.18085095089438258,-0.0004886921905584122,-0.007539822368615503,-0.00012217304763960306,-8.316039199999999,0.6668522,5.20733115
1789051737.341369,29.116,0.0,0.0,0,2,864,-0.09427803487635518,-1.3961319474622746,-58.65803729793444,0.0,67.0,107.0,1.0,-3.8878385156642716,7.652588733029443,61.0,5.173487593193029,16.18001451571454,-58.258494622150415,-0.07739160297942789,-0.31239585468573816,1.0,-10.098640653079954,1.0605878881108552,0.004241991155552178,1.0803298041237586,0.0,0.0,2.075735561444411,0.0,0.0,0.0,0.0,0.0,2.554631966382296,1.6015465514189229,,,0,0,0,0.0,-2,170,True,True,False,"A:1,B:1,ESTOP:0,MODE:1",DRIVE_DONE,,,,,,,,,,,,,0,,,False,0,,,,-9999.0,-1.0,-1.0,False,36.967608715,127.87384151,121.993,2,0.00014884000000000002,36.967608715,127.87384151,4.0,0.0368884822845459,1.0,0.0,0.0493769645690918,0.0,0.014012685304930526,-58.258494622150415,0.0,0.0,0.0,0.4821073536411783,0.06327578933066932,-0.8548981580032574,0.1808806609129848,0.009145525280450288,0.0018849555921538759,0.002478367537831948,-8.46313895,0.6864655000000001,5.1975245
1789051737.391263,29.166,0.0,0.0,0,2,865,-0.09427803487635518,-1.3961319474622746,-58.67369118805945,0.0,67.0,107.0,1.0,-3.8878385156642716,7.652588733029443,61.0,5.173487593193029,16.18001451571454,-58.258494622150415,-0.07739160297942789,-0.16898171282979718,1.0,-10.098640653079954,1.0605878881108552,0.004241991155552178,1.0803298041237586,0.0,0.0,2.075735561444411,0.0,0.0,0.0,0.0,0.0,2.554631966382296,1.6015465514189229,,,0,0,0,0.0,-2,171,True,True,False,"A:1,B:1,ESTOP:0,MODE:1",DRIVE_DONE,,,,,,,,,,,,,0,,,False,0,,,,-9999.0,-1.0,-1.0,False,36.967608715,127.87384151,121.993,2,0.00014884000000000002,36.967608715,127.87384151,4.0,0.06190371723175049,1.0,0.0,0.09940743446350098,0.0,0.014012685304930526,-58.258494622150415,0.0,0.0,0.0,0.4821242233501014,0.06329832579320588,-0.8548913551249216,0.1808599627986076,0.00942477796076938,-0.001780235837034216,0.008883725892651137,-8.3552658,0.6080123,5.1582979
1789051737.441287,29.216,0.0,0.0,0,2,865,-0.09427803487635518,-1.3961319474622746,-58.68214916937521,0.0,67.0,107.0,1.0,-3.8878385156642716,7.652588733029443,61.0,5.173487593193029,16.18001451571454,-58.258494622150415,-0.07739160297942789,-0.05762688569566792,1.0,-10.098640653079954,1.0605878881108552,0.004241991155552178,1.0803298041237586,0.0,0.0,2.075735561444411,0.0,0.0,0.0,0.0,0.0,2.554631966382296,1.6015465514189229,,,0,0,0,0.0,-2,171,True,True,False,"A:1,B:1,ESTOP:0,MODE:1",DRIVE_DONE,,,,,,,,,,,,,0,,,False,0,,,,-9999.0,-1.0,-1.0,False,36.967608715,127.87384151,121.993,2,0.00014884000000000002,36.967608715,127.87384151,4.0,0.08690536231994629,1.0,0.0,0.14941072463989258,0.0,0.014012685304930526,-58.258494622150415,0.0,0.0,0.0,0.48212949978518627,0.06334210552117503,-0.8548842658117313,0.18086407927658732,0.0012217304763960308,0.0015707963267948964,-0.0028797932657906437,-8.433719,0.7060787999999999,5.0602314
1789051737.491290,29.266,0.0,0.0,0,2,865,-0.09427803487635518,-1.3961319474622746,-58.685051463375444,0.0,67.0,107.0,1.0,-3.8878385156642716,7.652588733029443,61.0,5.173487593193029,16.18001451571454,-58.258494622150415,-0.07739160297942789,0.07354934438854202,1.0,-10.098640653079954,1.0605878881108552,0.004241991155552178,1.0803298041237586,0.0,0.0,2.075735561444411,0.0,0.0,0.0,0.0,0.0,2.554631966382296,1.6015465514189229,,,0,0,0,0.0,-2,171,True,True,False,"A:1,B:1,ESTOP:0,MODE:1",DRIVE_DONE,,,,,,,,,,,,,0,,,False,0,,,,-9999.0,-1.0,-1.0,False,36.967608711666664,127.87384153333333,121.993,2,0.00014884000000000002,36.967608711666664,127.87384153333333,4.0,0.0122,1.0,1.0,0.0,0.0,0.01732100066727362,-58.258494622150415,0.0,0.0,0.0,0.4821283941834574,0.06335052025871926,-0.8548811090078432,0.1808789997942012,0.0015707963267948964,0.00895353906273091,0.00153588974175501,-8.38468575,0.6472389,5.1975245
1789051737.541260,29.316,0.0,0.0,0,2,864,-0.09220273265905457,-1.3965030124622875,-58.681400408171584,0.0,67.0,107.0,1.0,-3.88793945199172,7.652588733029443,61.0,5.173487593193029,16.177951717470286,-58.258494622150415,-0.07739160297942789,-0.381371447161844,1.0,-10.098640653079954,1.0605878881108552,0.004241991155552178,1.0803298041237586,0.0,0.0,2.075735561444411,0.0,0.0,0.0,0.0,0.0,2.554631966382296,1.6015465514189229,,,0,0,0,0.0,-2,170,True,True,False,"A:1,B:1,ESTOP:0,MODE:1",DRIVE_DONE,,,,,,,,,,,,,0,,,False,0,,,,-9999.0,-1.0,-1.0,False,36.967608711666664,127.87384153333333,121.993,2,0.00014884000000000002,36.967608711666664,127.87384153333333,4.0,0.03590834350585938,1.0,0.0,0.04741668701171875,0.0,0.01732100066727362,-58.258494622150415,0.0,0.0,0.0,0.48212003505968837,0.06335168351184967,-0.8548861128589618,0.18087722363844988,0.008587019919812101,0.005166174585903215,-0.0016755160819145565,-8.3748791,0.6962721499999999,5.0798447
1789051737.591256,29.366,0.0,0.0,0,0,864,-0.09220273265905457,-1.3965030124622875,-58.700533883535996,0.0,67.0,107.0,1.0,-3.88793945199172,7.652588733029443,61.0,5.173487593193029,16.177951717470286,-58.258494622150415,-0.07739160297942789,0.2909198312051905,1.0,-10.098640653079954,1.0605878881108552,0.004241991155552178,1.0803298041237586,0.0,0.0,2.075735561444411,0.0,0.0,0.0,0.0,0.0,2.554631966382296,1.6015465514189229,,,0,0,0,0.0,-2,171,True,True,False,"A:1,B:1,ESTOP:0,MODE:1",DRIVE_DONE,,,,,,,,,,,,,0,,"🏁 완전정지 확인 — 리니어 해제, 메뉴로 복귀",False,0,,,,-9999.0,-1.0,-1.0,False,36.967608711666664,127.87384153333333,121.993,2,0.00014884000000000002,36.967608711666664,127.87384153333333,4.0,0.06090831966400147,1.0,0.0,0.09741663932800293,0.0,0.01732100066727362,-58.258494622150415,0.0,0.0,0.0,0.4820803652127098,0.06338102007316124,-0.8549080978377513,0.18086877016860445,-0.0009424777960769379,-0.0011519173063162576,0.006440264939859076,-8.325845849999999,0.6276256,5.1190713
1789051737.625286,29.400,0.0,0.0,0,0,864,-0.09220273265905457,-1.3965030124622875,-58.700533883535996,0.0,67.0,107.0,1.0,-3.88793945199172,7.652588733029443,61.0,5.173487593193029,16.177951717470286,-58.258494622150415,-0.07739160297942789,0.2909198312051905,1.0,-10.098640653079954,1.0605878881108552,0.004241991155552178,1.0803298041237586,0.0,0.0,2.075735561444411,0.0,0.0,0.0,0.0,0.0,2.554631966382296,1.6015465514189229,,,0,0,0,0.0,-2,170,True,True,False,"A:1,B:1,ESTOP:0,MODE:1",IDLE,,,,,,,,,,,,,0,,,False,0,,,,-9999.0,-1.0,-1.0,False,36.967608711666664,127.87384153333333,121.993,2,0.00014884000000000002,36.967608711666664,127.87384153333333,4.0,0.06090831966400147,1.0,0.0,0.09741663932800293,0.0,0.01732100066727362,-58.258494622150415,0.0,0.0,0.0,0.48207815250404296,0.0633978478138083,-0.8549017838058058,0.1808986119806254,0.0,0.006283185307179586,-0.007400196028455957,-8.325845849999999,0.6864655000000001,5.1779112
